timestamp,cpu_util,runqueue
15:29:43.784534,0.0,1.84
15:29:43.884835,94.73684210526316,1.84
15:29:43.985177,75.0,1.84
15:29:44.085514,70.0,1.84
15:29:44.185836,70.0,1.84
15:29:44.286246,75.0,1.84
15:29:44.386537,66.66666666666667,1.84
15:29:44.487621,78.94736842105263,1.84
15:29:44.587887,71.42857142857143,1.84
15:29:44.688202,63.1578947368421,1.84
15:29:44.788648,84.21052631578947,1.84
15:29:44.889214,100.0,1.84
15:29:44.989682,63.1578947368421,1.77
15:29:45.090542,75.0,1.77
15:29:45.190802,70.0,1.77
15:29:45.291198,65.0,1.77
15:29:45.391566,70.0,1.77
15:29:45.492053,63.1578947368421,1.77
15:29:45.592384,70.0,1.77
15:29:45.693516,80.0,1.77
15:29:45.793782,75.0,1.77
15:29:45.894132,95.23809523809523,1.77
15:29:45.994435,68.42105263157895,1.77
15:29:46.094706,75.0,1.77
15:29:46.195006,75.0,1.77
15:29:46.295297,61.904761904761905,1.77
15:29:46.395944,85.0,1.77
15:29:46.499545,70.0,1.77
15:29:46.599791,75.0,1.77
15:29:46.700155,78.94736842105263,1.77
15:29:46.800429,68.42105263157895,1.77
15:29:46.900739,86.95652173913044,1.77
15:29:47.001021,94.44444444444444,1.77
15:29:47.101415,73.6842105263158,1.77
15:29:47.201763,61.904761904761905,1.77
15:29:47.302985,73.6842105263158,1.77
15:29:47.403266,71.42857142857143,1.77
15:29:47.504536,80.0,1.77
15:29:47.604811,66.66666666666667,1.77
15:29:47.705121,70.0,1.77
15:29:47.807543,80.0,1.77
15:29:47.911459,95.45454545454545,1.77
15:29:48.011761,100.0,1.77
15:29:48.112074,71.42857142857143,1.77
15:29:48.212491,66.66666666666667,1.77
15:29:48.312777,61.904761904761905,1.77
15:29:48.413607,66.66666666666667,1.77
15:29:48.513867,78.94736842105263,1.77
15:29:48.614199,73.6842105263158,1.77
15:29:48.714461,65.0,1.77
15:29:48.814876,68.18181818181819,1.77
15:29:48.915464,94.44444444444444,1.77
15:29:49.016109,66.66666666666667,1.77
15:29:49.119695,71.42857142857143,1.77
15:29:49.219960,73.6842105263158,1.77
15:29:49.320298,73.6842105263158,1.77
15:29:49.420736,78.26086956521739,1.77
15:29:49.521180,66.66666666666667,1.77
15:29:49.621496,77.77777777777779,1.77
15:29:49.721908,71.42857142857143,1.77
15:29:49.822972,70.0,1.77
15:29:49.923254,100.0,1.95
15:29:50.023691,84.21052631578947,1.95
15:29:50.123965,71.42857142857143,1.95
15:29:50.225641,76.19047619047619,1.95
15:29:50.325905,80.0,1.95
15:29:50.426274,75.0,1.95
15:29:50.528297,75.0,1.95
15:29:50.628513,73.6842105263158,1.95
15:29:50.728946,75.0,1.95
15:29:50.830544,90.47619047619048,1.95
15:29:50.930834,95.23809523809523,1.95
15:29:51.031130,78.94736842105263,1.95
15:29:51.134514,80.0,1.95
15:29:51.234919,75.0,1.95
15:29:51.335598,70.0,1.95
15:29:51.437696,61.904761904761905,1.95
15:29:51.538102,85.0,1.95
15:29:51.638416,73.6842105263158,1.95
15:29:51.738854,66.66666666666667,1.95
15:29:51.839172,78.94736842105263,1.95
15:29:51.940525,100.0,1.95
15:29:52.042528,71.42857142857143,1.95
15:29:52.142830,68.42105263157895,1.95
15:29:52.243163,60.0,1.95
15:29:52.347535,72.72727272727273,1.95
15:29:52.447796,70.0,1.95
15:29:52.548179,75.0,1.95
15:29:52.648588,63.1578947368421,1.95
15:29:52.748922,66.66666666666667,1.95
15:29:52.849540,85.71428571428572,1.95
15:29:52.949834,100.0,1.95
15:29:53.050170,71.42857142857143,1.95
15:29:53.150536,71.42857142857143,1.95
15:29:53.250923,72.22222222222221,1.95
15:29:53.351287,76.19047619047619,1.95
15:29:53.452551,76.19047619047619,1.95
15:29:53.552823,72.22222222222221,1.95
15:29:53.653072,75.0,1.95
15:29:53.753398,75.0,1.95
15:29:53.854794,80.95238095238095,1.95
15:29:53.955079,95.0,1.95
15:29:54.056619,70.0,1.95
15:29:54.157543,70.0,1.95
15:29:54.266279,75.0,1.95
15:29:54.367537,82.6086956521739,1.95
15:29:54.467861,73.6842105263158,1.95
15:29:54.568192,76.19047619047619,1.95
15:29:54.668474,84.21052631578947,1.95
15:29:54.768798,80.0,1.95
15:29:54.871334,70.0,1.95
15:29:54.972158,85.0,2.36
15:29:55.072463,68.42105263157895,2.36
15:29:55.172755,70.0,2.36
15:29:55.274923,76.19047619047619,2.36
15:29:55.375291,78.94736842105263,2.36
15:29:55.477629,76.19047619047619,2.36
15:29:55.578048,75.0,2.36
15:29:55.678380,63.1578947368421,2.36
15:29:55.781614,81.81818181818181,2.36
15:29:55.881893,100.0,2.36
15:29:55.982343,95.0,2.36
15:29:56.082730,75.0,2.36
15:29:56.183098,65.0,2.36
15:29:56.283466,73.6842105263158,2.36
15:29:56.383827,80.95238095238095,2.36
15:29:56.484221,75.0,2.36
15:29:56.584736,75.0,2.36
15:29:56.685001,68.42105263157895,2.36
15:29:56.785278,80.0,2.36
15:29:56.885577,85.71428571428572,2.36
15:29:56.985913,95.0,2.36
15:29:57.086261,70.0,2.36
15:29:57.186550,75.0,2.36
15:29:57.286822,73.6842105263158,2.36
15:29:57.387547,75.0,2.36
15:29:57.487876,70.0,2.36
15:29:57.588316,78.94736842105263,2.36
15:29:57.688658,66.66666666666667,2.36
15:29:57.788941,65.0,2.36
15:29:57.891196,90.47619047619048,2.36
15:29:57.991976,73.6842105263158,2.36
15:29:58.092432,65.0,2.36
15:29:58.192798,70.0,2.36
15:29:58.293055,65.0,2.36
15:29:58.393777,75.0,2.36
15:29:58.494096,66.66666666666667,2.36
15:29:58.595676,63.1578947368421,2.36
15:29:58.696111,65.0,2.36
15:29:58.796542,63.1578947368421,2.36
15:29:58.896914,85.71428571428572,2.36
15:29:58.997350,85.71428571428572,2.36
15:29:59.098594,63.1578947368421,2.36
15:29:59.198886,70.0,2.36
15:29:59.299247,71.42857142857143,2.36
15:29:59.408461,84.21052631578947,2.36
15:29:59.508752,68.18181818181819,2.36
15:29:59.609052,71.42857142857143,2.36
15:29:59.709680,65.0,2.36
15:29:59.809943,75.0,2.36
15:29:59.911590,94.73684210526316,2.49
15:30:00.011939,68.42105263157895,2.49
15:30:00.114126,68.18181818181819,2.49
15:30:00.214429,68.42105263157895,2.49
15:30:00.314681,71.42857142857143,2.49
15:30:00.414981,78.94736842105263,2.49
15:30:00.515253,70.0,2.49
15:30:00.615579,75.0,2.49
15:30:00.715839,70.0,2.49
15:30:00.816088,84.21052631578947,2.49
15:30:00.916470,95.23809523809523,2.49
15:30:01.016824,80.0,2.49
15:30:01.117455,63.1578947368421,2.49
15:30:01.217800,61.904761904761905,2.49
15:30:01.318111,75.0,2.49
15:30:01.420643,80.95238095238095,2.49
15:30:01.521022,80.0,2.49
15:30:01.621324,73.6842105263158,2.49
15:30:01.721639,65.0,2.49
15:30:01.821894,75.0,2.49
15:30:01.922174,95.23809523809523,2.49
15:30:02.022482,68.42105263157895,2.49
15:30:02.122756,70.0,2.49
15:30:02.223018,73.6842105263158,2.49
15:30:02.323335,75.0,2.49
15:30:02.423836,80.95238095238095,2.49
15:30:02.524159,68.42105263157895,2.49
15:30:02.624559,80.95238095238095,2.49
15:30:02.725639,75.0,2.49
15:30:02.826187,89.47368421052632,2.49
15:30:02.927073,100.0,2.49
15:30:03.033730,95.23809523809523,2.49
15:30:03.134016,84.21052631578947,2.49
15:30:03.234271,81.81818181818181,2.49
15:30:03.334628,60.0,2.49
15:30:03.438680,80.0,2.49
15:30:03.541609,100.0,2.49
15:30:03.641937,85.0,2.49
15:30:03.742262,80.0,2.49
15:30:03.842533,84.21052631578947,2.49
15:30:03.943111,100.0,2.49
15:30:04.044526,85.0,2.49
15:30:04.146104,66.66666666666667,2.49
15:30:04.246354,85.0,2.49
15:30:04.346639,75.0,2.49
15:30:04.446913,78.94736842105263,2.49
15:30:04.547207,60.0,2.49
15:30:04.647620,70.0,2.49
15:30:04.748527,65.0,2.49
15:30:04.849634,76.19047619047619,2.49
15:30:04.949921,95.0,2.53
15:30:05.055706,60.0,2.53
15:30:05.155961,70.0,2.53
15:30:05.256240,73.6842105263158,2.53
15:30:05.356565,70.0,2.53
15:30:05.456861,66.66666666666667,2.53
15:30:05.557195,65.0,2.53
15:30:05.663530,61.904761904761905,2.53
15:30:05.765535,75.0,2.53
15:30:05.865994,89.47368421052632,2.53
15:30:05.966663,95.23809523809523,2.53
15:30:06.066924,84.21052631578947,2.53
15:30:06.167231,71.42857142857143,2.53
15:30:06.267523,65.0,2.53
15:30:06.369701,80.0,2.53
15:30:06.470049,70.0,2.53
15:30:06.570319,73.6842105263158,2.53
15:30:06.670661,80.0,2.53
15:30:06.770916,70.0,2.53
15:30:06.871209,86.36363636363636,2.53
15:30:06.977571,100.0,2.53
15:30:07.077847,85.71428571428572,2.53
15:30:07.178291,73.6842105263158,2.53
15:30:07.278601,71.42857142857143,2.53
15:30:07.379142,85.0,2.53
15:30:07.479481,75.0,2.53
15:30:07.579985,65.0,2.53
15:30:07.680297,68.42105263157895,2.53
15:30:07.781646,71.42857142857143,2.53
15:30:07.881940,80.0,2.53
15:30:07.982249,89.47368421052632,2.53
15:30:08.082570,73.6842105263158,2.53
15:30:08.182868,70.0,2.53
15:30:08.283138,61.904761904761905,2.53
15:30:08.383460,73.6842105263158,2.53
15:30:08.483765,75.0,2.53
15:30:08.588540,71.42857142857143,2.53
15:30:08.688959,63.1578947368421,2.53
15:30:08.789545,61.904761904761905,2.53
15:30:08.890553,85.0,2.53
15:30:08.990912,90.0,2.53
15:30:09.091574,84.21052631578947,2.53
15:30:09.192075,57.14285714285714,2.53
15:30:09.292440,68.42105263157895,2.53
15:30:09.393633,75.0,2.53
15:30:09.494054,70.0,2.53
15:30:09.594401,80.95238095238095,2.53
15:30:09.694699,55.00000000000001,2.53
15:30:09.796681,70.0,2.53
15:30:09.896996,84.21052631578947,2.53
15:30:09.997388,95.0,2.57
15:30:10.097721,61.904761904761905,2.57
15:30:10.198058,80.0,2.57
15:30:10.298316,70.0,2.57
15:30:10.398816,73.6842105263158,2.57
15:30:10.500510,76.19047619047619,2.57
15:30:10.600935,75.0,2.57
15:30:10.701185,78.94736842105263,2.57
15:30:10.801458,90.0,2.57
15:30:10.901758,90.0,2.57
15:30:11.003608,100.0,2.57
15:30:11.105937,61.904761904761905,2.57
15:30:11.206226,72.22222222222221,2.57
15:30:11.306541,71.42857142857143,2.57
15:30:11.407019,70.0,2.57
15:30:11.507517,70.0,2.57
15:30:11.609521,71.42857142857143,2.57
15:30:11.709820,73.6842105263158,2.57
15:30:11.811524,76.19047619047619,2.57
15:30:11.914541,95.23809523809523,2.57
15:30:12.014817,94.73684210526316,2.57
15:30:12.115104,76.19047619047619,2.57
15:30:12.220565,80.0,2.57
15:30:12.320846,85.0,2.57
15:30:12.421167,80.0,2.57
15:30:12.521505,80.95238095238095,2.57
15:30:12.621780,75.0,2.57
15:30:12.722116,60.0,2.57
15:30:12.822529,63.1578947368421,2.57
15:30:12.922857,85.71428571428572,2.57
15:30:13.023125,94.73684210526316,2.57
15:30:13.123567,57.89473684210527,2.57
15:30:13.223984,71.42857142857143,2.57
15:30:13.324279,70.0,2.57
15:30:13.424520,78.94736842105263,2.57
15:30:13.525770,66.66666666666667,2.57
15:30:13.626019,65.0,2.57
15:30:13.726488,68.42105263157895,2.57
15:30:13.827539,65.0,2.57
15:30:13.927810,85.71428571428572,2.57
15:30:14.028144,78.94736842105263,2.57
15:30:14.130650,65.0,2.57
15:30:14.230961,60.0,2.57
15:30:14.331340,60.0,2.57
15:30:14.432529,66.66666666666667,2.57
15:30:14.532871,63.1578947368421,2.57
15:30:14.633196,72.72727272727273,2.57
15:30:14.733568,68.42105263157895,2.57
15:30:14.833830,75.0,2.57
15:30:14.934157,80.95238095238095,2.6
15:30:15.034545,89.47368421052632,2.6
15:30:15.135010,76.19047619047619,2.6
15:30:15.235263,73.6842105263158,2.6
15:30:15.336511,75.0,2.6
15:30:15.436847,80.95238095238095,2.6
15:30:15.537914,73.6842105263158,2.6
15:30:15.638415,75.0,2.6
15:30:15.740516,85.0,2.6
15:30:15.840777,90.47619047619048,2.6
15:30:15.944546,95.0,2.6
15:30:16.044814,95.0,2.6
15:30:16.145107,85.0,2.6
15:30:16.247564,80.0,2.6
15:30:16.347889,75.0,2.6
15:30:16.448408,80.0,2.6
15:30:16.548732,68.42105263157895,2.6
15:30:16.649637,77.27272727272727,2.6
15:30:16.749922,78.94736842105263,2.6
15:30:16.855527,76.19047619047619,2.6
15:30:16.955818,100.0,2.6
15:30:17.056088,85.0,2.6
15:30:17.156493,60.0,2.6
15:30:17.256763,75.0,2.6
15:30:17.359504,60.0,2.6
15:30:17.459816,75.0,2.6
15:30:17.560107,70.0,2.6
15:30:17.660498,57.89473684210527,2.6
15:30:17.760958,65.0,2.6
15:30:17.861293,80.95238095238095,2.6
15:30:17.961565,100.0,2.6
15:30:18.061840,77.77777777777779,2.6
15:30:18.165534,76.19047619047619,2.6
15:30:18.265959,65.0,2.6
15:30:18.366318,68.42105263157895,2.6
15:30:18.466676,71.42857142857143,2.6
15:30:18.567346,84.21052631578947,2.6
15:30:18.667653,75.0,2.6
15:30:18.767924,80.0,2.6
15:30:18.868339,75.0,2.6
15:30:18.968650,85.0,2.6
15:30:19.070527,100.0,2.6
15:30:19.175198,75.0,2.6
15:30:19.275473,70.0,2.6
15:30:19.375878,66.66666666666667,2.6
15:30:19.476337,73.6842105263158,2.6
15:30:19.576643,60.0,2.6
15:30:19.677586,75.0,2.6
15:30:19.777840,71.42857142857143,2.6
15:30:19.878082,68.42105263157895,2.6
15:30:19.978439,80.95238095238095,2.47
15:30:20.083048,90.47619047619048,2.47
15:30:20.183530,73.6842105263158,2.47
15:30:20.284052,73.6842105263158,2.47
15:30:20.384502,75.0,2.47
15:30:20.484797,75.0,2.47
15:30:20.585160,61.904761904761905,2.47
15:30:20.686593,70.0,2.47
15:30:20.786849,75.0,2.47
15:30:20.887257,75.0,2.47
15:30:20.988602,95.0,2.47
15:30:21.088893,95.0,2.47
15:30:21.189288,60.0,2.47
15:30:21.289634,63.1578947368421,2.47
15:30:21.389894,85.0,2.47
15:30:21.490173,80.95238095238095,2.47
15:30:21.591572,73.6842105263158,2.47
15:30:21.692544,65.0,2.47
15:30:21.792863,66.66666666666667,2.47
15:30:21.893579,90.0,2.47
15:30:21.993865,100.0,2.47
15:30:22.094180,75.0,2.47
15:30:22.194513,76.19047619047619,2.47
15:30:22.294772,78.94736842105263,2.47
15:30:22.395091,70.0,2.47
15:30:22.495395,75.0,2.47
15:30:22.595767,75.0,2.47
15:30:22.696160,65.0,2.47
15:30:22.796686,65.0,2.47
15:30:22.897007,80.0,2.47
15:30:22.998683,95.0,2.47
15:30:23.099005,77.77777777777779,2.47
15:30:23.200712,76.19047619047619,2.47
15:30:23.300979,76.19047619047619,2.47
15:30:23.401237,75.0,2.47
15:30:23.501550,78.94736842105263,2.47
15:30:23.601826,66.66666666666667,2.47
15:30:23.702103,63.1578947368421,2.47
15:30:23.802440,73.6842105263158,2.47
15:30:23.902729,76.19047619047619,2.47
15:30:24.003019,85.0,2.47
15:30:24.103339,94.73684210526316,2.47
15:30:24.204554,61.904761904761905,2.47
15:30:24.304838,68.42105263157895,2.47
15:30:24.405121,66.66666666666667,2.47
15:30:24.505503,65.0,2.47
15:30:24.605801,70.0,2.47
15:30:24.707665,66.66666666666667,2.47
15:30:24.807935,78.94736842105263,2.47
15:30:24.908259,68.42105263157895,2.47
15:30:25.008641,90.47619047619048,2.36
15:30:25.108944,84.21052631578947,2.36
15:30:25.209331,60.0,2.36
15:30:25.309675,61.904761904761905,2.36
15:30:25.409958,73.6842105263158,2.36
15:30:25.510290,75.0,2.36
15:30:25.611920,61.904761904761905,2.36
15:30:25.712421,70.0,2.36
15:30:25.812819,73.6842105263158,2.36
15:30:25.913173,65.0,2.36
15:30:26.013632,90.47619047619048,2.36
15:30:26.115670,90.0,2.36
15:30:26.216108,63.1578947368421,2.36
15:30:26.316456,75.0,2.36
15:30:26.416716,70.0,2.36
15:30:26.518776,80.95238095238095,2.36
15:30:26.621995,65.0,2.36
15:30:26.722266,70.0,2.36
15:30:26.822535,71.42857142857143,2.36
15:30:26.922855,73.6842105263158,2.36
15:30:27.023179,90.0,2.36
15:30:27.123619,85.0,2.36
15:30:27.227054,65.0,2.36
15:30:27.327307,66.66666666666667,2.36
15:30:27.431093,70.0,2.36
15:30:27.531414,73.6842105263158,2.36
15:30:27.631720,63.63636363636363,2.36
15:30:27.732039,68.42105263157895,2.36
15:30:27.832311,65.0,2.36
15:30:27.932679,68.42105263157895,2.36
15:30:28.033522,90.0,2.36
15:30:28.135740,95.0,2.36
15:30:28.236048,60.0,2.36
15:30:28.336529,65.0,2.36
15:30:28.438541,66.66666666666667,2.36
15:30:28.538861,71.42857142857143,2.36
15:30:28.639189,68.42105263157895,2.36
15:30:28.740649,78.94736842105263,2.36
15:30:28.840918,65.0,2.36
15:30:28.941264,66.66666666666667,2.36
15:30:29.041634,90.0,2.36
15:30:29.142030,94.73684210526316,2.36
15:30:29.242592,55.00000000000001,2.36
15:30:29.342897,66.66666666666667,2.36
15:30:29.443131,65.0,2.36
15:30:29.545639,70.0,2.36
15:30:29.645944,70.0,2.36
15:30:29.746240,73.6842105263158,2.36
15:30:29.846505,65.0,2.36
15:30:29.946958,72.72727272727273,2.25
15:30:30.048889,94.73684210526316,2.25
15:30:30.149169,80.0,2.25
15:30:30.249518,66.66666666666667,2.25
15:30:30.349860,68.42105263157895,2.25
15:30:30.451649,75.0,2.25
15:30:30.551924,75.0,2.25
15:30:30.652439,66.66666666666667,2.25
15:30:30.752726,73.6842105263158,2.25
15:30:30.853011,85.0,2.25
15:30:30.953273,71.42857142857143,2.25
15:30:31.053545,94.73684210526316,2.25
15:30:31.153994,95.0,2.25
15:30:31.254348,63.1578947368421,2.25
15:30:31.354884,68.42105263157895,2.25
15:30:31.455202,76.19047619047619,2.25
15:30:31.556656,80.95238095238095,2.25
15:30:31.657074,68.42105263157895,2.25
15:30:31.757349,73.6842105263158,2.25
15:30:31.857664,80.95238095238095,2.25
15:30:31.960382,70.0,2.25
15:30:32.060709,95.0,2.25
15:30:32.162633,70.0,2.25
15:30:32.262915,65.0,2.25
15:30:32.363229,65.0,2.25
15:30:32.463504,65.0,2.25
15:30:32.563957,71.42857142857143,2.25
15:30:32.664327,60.0,2.25
15:30:32.765549,68.42105263157895,2.25
15:30:32.867324,95.0,2.25
15:30:32.969184,95.0,2.25
15:30:33.069598,95.23809523809523,2.25
15:30:33.169924,65.0,2.25
15:30:33.270212,75.0,2.25
15:30:33.370577,63.1578947368421,2.25
15:30:33.470837,70.0,2.25
15:30:33.571160,80.0,2.25
15:30:33.671445,70.0,2.25
15:30:33.772535,70.0,2.25
15:30:33.872791,80.0,2.25
15:30:33.974494,80.95238095238095,2.25
15:30:34.074766,95.0,2.25
15:30:34.175029,94.73684210526316,2.25
15:30:34.275292,75.0,2.25
15:30:34.375546,65.0,2.25
15:30:34.475808,70.0,2.25
15:30:34.576136,76.19047619047619,2.25
15:30:34.676529,75.0,2.25
15:30:34.776844,68.42105263157895,2.25
15:30:34.877306,75.0,2.25
15:30:34.978602,70.0,2.15
15:30:35.078878,95.23809523809523,2.15
15:30:35.182599,95.0,2.15
15:30:35.286540,100.0,2.15
15:30:35.387778,70.0,2.15
15:30:35.488246,75.0,2.15
15:30:35.588543,75.0,2.15
15:30:35.688798,78.94736842105263,2.15
15:30:35.789131,70.0,2.15
15:30:35.889670,70.0,2.15
15:30:35.990595,70.0,2.15
15:30:36.092540,90.47619047619048,2.15
15:30:36.192819,90.0,2.15
15:30:36.293290,68.42105263157895,2.15
15:30:36.394572,66.66666666666667,2.15
15:30:36.494855,65.0,2.15
15:30:36.595169,70.0,2.15
15:30:36.695938,70.0,2.15
15:30:36.796213,63.1578947368421,2.15
15:30:36.896541,80.95238095238095,2.15
15:30:36.997619,75.0,2.15
15:30:37.097913,94.73684210526316,2.15
15:30:37.198253,80.0,2.15
15:30:37.298706,63.1578947368421,2.15
15:30:37.399158,57.14285714285714,2.15
15:30:37.500464,65.0,2.15
15:30:37.600720,65.0,2.15
15:30:37.701022,80.0,2.15
15:30:37.805056,71.42857142857143,2.15
15:30:37.905459,73.6842105263158,2.15
15:30:38.005766,75.0,2.15
15:30:38.106173,95.0,2.15
15:30:38.209590,100.0,2.15
15:30:38.309856,65.0,2.15
15:30:38.412739,71.42857142857143,2.15
15:30:38.513010,80.0,2.15
15:30:38.613325,70.0,2.15
15:30:38.713627,80.0,2.15
15:30:38.816101,73.6842105263158,2.15
15:30:38.916413,76.19047619047619,2.15
15:30:39.016753,71.42857142857143,2.15
15:30:39.120050,100.0,2.15
15:30:39.220526,95.0,2.15
15:30:39.320797,70.0,2.15
15:30:39.421077,75.0,2.15
15:30:39.521352,71.42857142857143,2.15
15:30:39.621770,75.0,2.15
15:30:39.722103,68.42105263157895,2.15
15:30:39.823761,75.0,2.15
15:30:39.924050,70.0,2.13
15:30:40.024574,71.42857142857143,2.13
15:30:40.124869,100.0,2.13
15:30:40.225256,71.42857142857143,2.13
15:30:40.325623,65.0,2.13
15:30:40.425935,68.42105263157895,2.13
15:30:40.527685,77.27272727272727,2.13
15:30:40.627969,68.42105263157895,2.13
15:30:40.728464,71.42857142857143,2.13
15:30:40.828762,85.0,2.13
15:30:40.929162,75.0,2.13
15:30:41.032541,72.72727272727273,2.13
15:30:41.132850,100.0,2.13
15:30:41.233159,89.47368421052632,2.13
15:30:41.333535,61.904761904761905,2.13
15:30:41.433827,71.42857142857143,2.13
15:30:41.535728,75.0,2.13
15:30:41.636302,68.42105263157895,2.13
15:30:41.736725,73.6842105263158,2.13
15:30:41.838532,70.0,2.13
15:30:41.940528,72.72727272727273,2.13
15:30:42.040809,70.0,2.13
15:30:42.141230,94.73684210526316,2.13
15:30:42.241583,70.0,2.13
15:30:42.341955,70.0,2.13
15:30:42.442269,70.0,2.13
15:30:42.543531,66.66666666666667,2.13
15:30:42.643804,68.42105263157895,2.13
15:30:42.744089,76.19047619047619,2.13
15:30:42.847538,66.66666666666667,2.13
15:30:42.947858,65.0,2.13
15:30:43.048170,73.6842105263158,2.13
15:30:43.152112,95.23809523809523,2.13
15:30:43.252429,78.94736842105263,2.13
15:30:43.352821,66.66666666666667,2.13
15:30:43.453134,73.6842105263158,2.13
15:30:43.554710,71.42857142857143,2.13
15:30:43.655534,84.21052631578947,2.13
15:30:43.755851,71.42857142857143,2.13
15:30:43.856273,63.1578947368421,2.13
15:30:43.956866,57.14285714285714,2.13
15:30:44.057282,70.0,2.13
15:30:44.157544,95.0,2.13
15:30:44.257812,73.6842105263158,2.13
15:30:44.358118,65.0,2.13
15:30:44.459623,71.42857142857143,2.13
15:30:44.559906,73.6842105263158,2.13
15:30:44.660329,66.66666666666667,2.13
15:30:44.760645,73.6842105263158,2.13
15:30:44.860912,70.0,2.13
15:30:44.962568,72.72727272727273,2.04
15:30:45.066544,75.0,2.04
15:30:45.166850,100.0,2.04
15:30:45.267347,70.0,2.04
15:30:45.367812,75.0,2.04
15:30:45.468091,71.42857142857143,2.04
15:30:45.569021,68.42105263157895,2.04
15:30:45.669629,70.0,2.04
15:30:45.769899,71.42857142857143,2.04
15:30:45.870631,84.21052631578947,2.04
15:30:45.970949,60.0,2.04
15:30:46.072535,71.42857142857143,2.04
15:30:46.172863,100.0,2.04
15:30:46.273178,70.0,2.04
15:30:46.373611,70.0,2.04
15:30:46.473897,70.0,2.04
15:30:46.574646,80.95238095238095,2.04
15:30:46.675142,63.1578947368421,2.04
15:30:46.775496,61.904761904761905,2.04
15:30:46.876536,78.94736842105263,2.04
15:30:46.981507,66.66666666666667,2.04
15:30:47.081817,75.0,2.04
15:30:47.182114,95.0,2.04
15:30:47.282477,70.0,2.04
15:30:47.382782,80.0,2.04
15:30:47.483161,70.0,2.04
15:30:47.585504,66.66666666666667,2.04
15:30:47.687653,66.66666666666667,2.04
15:30:47.788018,70.0,2.04
15:30:47.888386,100.0,2.04
15:30:47.988705,90.47619047619048,2.04
15:30:48.089560,73.6842105263158,2.04
15:30:48.190598,90.0,2.04
15:30:48.290933,73.6842105263158,2.04
15:30:48.391244,71.42857142857143,2.04
15:30:48.491516,63.1578947368421,2.04
15:30:48.594540,80.0,2.04
15:30:48.694795,80.95238095238095,2.04
15:30:48.795037,85.0,2.04
15:30:48.895323,84.21052631578947,2.04
15:30:48.997526,71.42857142857143,2.04
15:30:49.097783,85.71428571428572,2.04
15:30:49.199980,100.0,2.04
15:30:49.300244,75.0,2.04
15:30:49.400517,78.94736842105263,2.04
15:30:49.504523,71.42857142857143,2.04
15:30:49.605215,65.0,2.04
15:30:49.709781,80.95238095238095,2.04
15:30:49.810020,76.19047619047619,2.04
15:30:49.910547,80.0,2.04
15:30:50.011054,73.6842105263158,2.36
15:30:50.113526,75.0,2.36
15:30:50.213835,95.23809523809523,2.36
15:30:50.314158,85.0,2.36
15:30:50.414448,68.42105263157895,2.36
15:30:50.515525,71.42857142857143,2.36
15:30:50.616553,70.0,2.36
15:30:50.716897,68.42105263157895,2.36
15:30:50.817210,70.0,2.36
15:30:50.917549,76.19047619047619,2.36
15:30:51.018683,73.6842105263158,2.36
15:30:51.119141,75.0,2.36
15:30:51.219473,89.47368421052632,2.36
15:30:51.321161,71.42857142857143,2.36
15:30:51.421505,66.66666666666667,2.36
15:30:51.521953,65.0,2.36
15:30:51.622222,84.21052631578947,2.36
15:30:51.723650,80.0,2.36
15:30:51.823933,80.0,2.36
15:30:51.924210,90.0,2.36
15:30:52.024564,85.0,2.36
15:30:52.124904,70.0,2.36
15:30:52.225209,94.73684210526316,2.36
15:30:52.326725,80.95238095238095,2.36
15:30:52.426981,73.6842105263158,2.36
15:30:52.527290,66.66666666666667,2.36
15:30:52.628603,85.0,2.36
15:30:52.729548,75.0,2.36
15:30:52.829833,75.0,2.36
15:30:52.930525,80.0,2.36
15:30:53.030807,75.0,2.36
15:30:53.131075,85.0,2.36
15:30:53.234341,95.0,2.36
15:30:53.335020,85.0,2.36
15:30:53.435275,65.0,2.36
15:30:53.537263,66.66666666666667,2.36
15:30:53.637547,85.0,2.36
15:30:53.737833,78.94736842105263,2.36
15:30:53.838153,76.19047619047619,2.36
15:30:53.938446,72.22222222222221,2.36
15:30:54.038711,72.72727272727273,2.36
15:30:54.139113,77.77777777777779,2.36
15:30:54.241469,100.0,2.36
15:30:54.343666,71.42857142857143,2.36
15:30:54.444064,63.1578947368421,2.36
15:30:54.544523,80.0,2.36
15:30:54.645577,60.0,2.36
15:30:54.745881,70.0,2.36
15:30:54.846228,68.42105263157895,2.36
15:30:54.946525,70.0,2.17
15:30:55.046829,85.71428571428572,2.17
15:30:55.147145,80.0,2.17
15:30:55.247511,100.0,2.17
15:30:55.348542,72.72727272727273,2.17
15:30:55.448898,73.6842105263158,2.17
15:30:55.549258,70.0,2.17
15:30:55.649529,73.6842105263158,2.17
15:30:55.751586,80.0,2.17
15:30:55.851878,85.71428571428572,2.17
15:30:55.953529,70.0,2.17
15:30:56.053819,70.0,2.17
15:30:56.155322,70.0,2.17
15:30:56.255657,95.0,2.17
15:30:56.357557,75.0,2.17
15:30:56.457824,68.42105263157895,2.17
15:30:56.558102,72.72727272727273,2.17
15:30:56.658447,70.0,2.17
15:30:56.758802,68.42105263157895,2.17
15:30:56.861779,70.0,2.17
15:30:56.962105,65.0,2.17
15:30:57.063645,65.0,2.17
15:30:57.165528,80.95238095238095,2.17
15:30:57.265789,94.73684210526316,2.17
15:30:57.366309,66.66666666666667,2.17
15:30:57.467635,71.42857142857143,2.17
15:30:57.568061,68.42105263157895,2.17
15:30:57.668522,75.0,2.17
15:30:57.768832,75.0,2.17
15:30:57.869152,80.0,2.17
15:30:57.971545,73.6842105263158,2.17
15:30:58.071788,80.95238095238095,2.17
15:30:58.174139,85.71428571428572,2.17
15:30:58.274420,100.0,2.17
15:30:58.374745,75.0,2.17
15:30:58.475086,68.42105263157895,2.17
15:30:58.575430,76.19047619047619,2.17
15:30:58.675705,78.94736842105263,2.17
15:30:58.776059,77.27272727272727,2.17
15:30:58.879326,78.94736842105263,2.17
15:30:58.979630,70.0,2.17
15:30:59.079925,75.0,2.17
15:30:59.180236,85.0,2.17
15:30:59.284050,90.47619047619048,2.17
15:30:59.384345,80.0,2.17
15:30:59.484683,75.0,2.17
15:30:59.586503,70.0,2.17
15:30:59.690817,85.71428571428572,2.17
15:30:59.791101,75.0,2.17
15:30:59.891540,73.6842105263158,2.17
15:30:59.992525,61.904761904761905,2.08
15:31:00.092818,65.0,2.08
15:31:00.193086,88.88888888888889,2.08
15:31:00.293573,80.95238095238095,2.08
15:31:00.395658,75.0,2.08
15:31:00.495970,65.0,2.08
15:31:00.596319,70.0,2.08
15:31:00.696816,63.1578947368421,2.08
15:31:00.797539,80.95238095238095,2.08
15:31:00.897836,73.6842105263158,2.08
15:31:00.998172,76.19047619047619,2.08
15:31:01.098562,68.42105263157895,2.08
15:31:01.206584,86.36363636363636,2.08
15:31:01.306880,89.47368421052632,2.08
15:31:01.407432,55.00000000000001,2.08
15:31:01.507834,61.904761904761905,2.08
15:31:01.608355,70.0,2.08
15:31:01.708649,80.0,2.08
15:31:01.809031,68.42105263157895,2.08
15:31:01.909439,81.81818181818181,2.08
15:31:02.011651,68.42105263157895,2.08
15:31:02.113512,70.0,2.08
15:31:02.213773,85.0,2.08
15:31:02.314089,85.0,2.08
15:31:02.414484,70.0,2.08
15:31:02.514840,70.0,2.08
15:31:02.615627,65.0,2.08
15:31:02.716030,80.0,2.08
15:31:02.816684,76.19047619047619,2.08
15:31:02.917177,100.0,2.08
15:31:03.017681,65.0,2.08
15:31:03.118018,71.42857142857143,2.08
15:31:03.219638,95.0,2.08
15:31:03.320078,72.22222222222221,2.08
15:31:03.420551,60.0,2.08
15:31:03.521263,72.72727272727273,2.08
15:31:03.621543,70.0,2.08
15:31:03.721875,73.6842105263158,2.08
15:31:03.822405,70.0,2.08
15:31:03.923018,60.0,2.08
15:31:04.023531,80.0,2.08
15:31:04.123883,70.0,2.08
15:31:04.224317,80.95238095238095,2.08
15:31:04.324708,94.73684210526316,2.08
15:31:04.425681,60.0,2.08
15:31:04.527694,80.95238095238095,2.08
15:31:04.628001,73.6842105263158,2.08
15:31:04.728287,76.19047619047619,2.08
15:31:04.828617,65.0,2.08
15:31:04.930124,60.0,1.99
15:31:05.030612,70.0,1.99
15:31:05.130888,80.0,1.99
15:31:05.232218,80.0,1.99
15:31:05.332706,80.95238095238095,1.99
15:31:05.433007,73.6842105263158,1.99
15:31:05.533292,66.66666666666667,1.99
15:31:05.633648,68.42105263157895,1.99
15:31:05.733965,85.71428571428572,1.99
15:31:05.835278,80.0,1.99
15:31:05.935632,65.0,1.99
15:31:06.036099,70.0,1.99
15:31:06.137893,71.42857142857143,1.99
15:31:06.238198,84.21052631578947,1.99
15:31:06.338536,90.0,1.99
15:31:06.438806,66.66666666666667,1.99
15:31:06.539057,77.77777777777779,1.99
15:31:06.639349,66.66666666666667,1.99
15:31:06.739685,76.19047619047619,1.99
15:31:06.841543,73.6842105263158,1.99
15:31:06.941852,80.0,1.99
15:31:07.042112,72.22222222222221,1.99
15:31:07.142507,71.42857142857143,1.99
15:31:07.242792,90.9090909090909,1.99
15:31:07.343335,100.0,1.99
15:31:07.443637,65.0,1.99
15:31:07.543932,70.0,1.99
15:31:07.646709,61.904761904761905,1.99
15:31:07.746986,85.0,1.99
15:31:07.848528,80.0,1.99
15:31:07.948816,70.0,1.99
15:31:08.049185,65.0,1.99
15:31:08.150537,71.42857142857143,1.99
15:31:08.250864,94.73684210526316,1.99
15:31:08.351157,100.0,1.99
15:31:08.451478,78.94736842105263,1.99
15:31:08.551881,76.19047619047619,1.99
15:31:08.652165,73.6842105263158,1.99
15:31:08.752603,80.0,1.99
15:31:08.852993,71.42857142857143,1.99
15:31:08.953566,68.42105263157895,1.99
15:31:09.054545,71.42857142857143,1.99
15:31:09.154941,75.0,1.99
15:31:09.257767,78.94736842105263,1.99
15:31:09.358079,95.23809523809523,1.99
15:31:09.458393,68.42105263157895,1.99
15:31:09.558670,71.42857142857143,1.99
15:31:09.658927,63.1578947368421,1.99
15:31:09.759239,80.0,1.99
15:31:09.864101,72.72727272727273,1.99
15:31:09.964478,70.0,2.07
15:31:10.066533,75.0,2.07
15:31:10.166794,70.0,2.07
15:31:10.268045,75.0,2.07
15:31:10.368539,100.0,2.07
15:31:10.469572,95.23809523809523,2.07
15:31:10.569960,90.0,2.07
15:31:10.670408,65.0,2.07
15:31:10.771576,75.0,2.07
15:31:10.871840,95.0,2.07
15:31:10.972220,60.0,2.07
15:31:11.072650,78.94736842105263,2.07
15:31:11.173115,71.42857142857143,2.07
15:31:11.273460,85.0,2.07
15:31:11.373763,94.73684210526316,2.07
15:31:11.474264,80.95238095238095,2.07
15:31:11.574683,61.111111111111114,2.07
15:31:11.675004,71.42857142857143,2.07
15:31:11.775495,80.0,2.07
15:31:11.876514,85.0,2.07
15:31:11.976789,75.0,2.07
15:31:12.078529,80.95238095238095,2.07
15:31:12.178768,63.1578947368421,2.07
15:31:12.279096,80.95238095238095,2.07
15:31:12.379428,94.73684210526316,2.07
15:31:12.479708,84.21052631578947,2.07
15:31:12.582614,80.95238095238095,2.07
15:31:12.682836,75.0,2.07
15:31:12.784456,85.0,2.07
15:31:12.884708,71.42857142857143,2.07
15:31:12.984984,80.0,2.07
15:31:13.085744,70.0,2.07
15:31:13.186030,73.6842105263158,2.07
15:31:13.286369,80.0,2.07
15:31:13.387603,100.0,2.07
15:31:13.487903,80.95238095238095,2.07
15:31:13.588210,65.0,2.07
15:31:13.688520,80.0,2.07
15:31:13.792378,80.0,2.07
15:31:13.892621,76.19047619047619,2.07
15:31:13.992888,75.0,2.07
15:31:14.093249,75.0,2.07
15:31:14.193655,68.42105263157895,2.07
15:31:14.296492,80.95238095238095,2.07
15:31:14.397672,100.0,2.07
15:31:14.497942,75.0,2.07
15:31:14.598290,76.19047619047619,2.07
15:31:14.698531,78.94736842105263,2.07
15:31:14.799699,75.0,2.07
15:31:14.899964,65.0,2.07
15:31:15.000356,65.0,1.99
15:31:15.101531,70.0,1.99
15:31:15.201801,70.0,1.99
15:31:15.302596,75.0,1.99
15:31:15.402944,94.73684210526316,1.99
15:31:15.503493,68.18181818181819,1.99
15:31:15.603863,75.0,1.99
15:31:15.706520,75.0,1.99
15:31:15.806861,70.0,1.99
15:31:15.908435,75.0,1.99
15:31:16.008736,71.42857142857143,1.99
15:31:16.109042,66.66666666666667,1.99
15:31:16.210688,71.42857142857143,1.99
15:31:16.310972,75.0,1.99
15:31:16.411254,95.0,1.99
15:31:16.511562,73.6842105263158,1.99
15:31:16.611848,71.42857142857143,1.99
15:31:16.712263,68.42105263157895,1.99
15:31:16.812553,76.19047619047619,1.99
15:31:16.913443,85.0,1.99
15:31:17.013752,70.0,1.99
15:31:17.114223,63.1578947368421,1.99
15:31:17.214614,65.0,1.99
15:31:17.314939,71.42857142857143,1.99
15:31:17.418933,100.0,1.99
15:31:17.519235,65.0,1.99
15:31:17.619546,75.0,1.99
15:31:17.719819,66.66666666666667,1.99
15:31:17.820167,78.94736842105263,1.99
15:31:17.920486,95.0,1.99
15:31:18.020899,68.42105263157895,1.99
15:31:18.121181,70.0,1.99
15:31:18.222660,76.19047619047619,1.99
15:31:18.323053,76.19047619047619,1.99
15:31:18.424567,94.73684210526316,1.99
15:31:18.524894,65.0,1.99
15:31:18.625222,70.0,1.99
15:31:18.725598,63.1578947368421,1.99
15:31:18.825964,75.0,1.99
15:31:18.927645,71.42857142857143,1.99
15:31:19.027986,65.0,1.99
15:31:19.130633,76.19047619047619,1.99
15:31:19.230884,68.42105263157895,1.99
15:31:19.331158,76.19047619047619,1.99
15:31:19.431460,100.0,1.99
15:31:19.531785,73.6842105263158,1.99
15:31:19.632093,61.904761904761905,1.99
15:31:19.733051,75.0,1.99
15:31:19.833352,80.0,1.99
15:31:19.939530,72.72727272727273,1.91
15:31:20.039770,84.21052631578947,1.91
15:31:20.140097,73.6842105263158,1.91
15:31:20.241525,76.19047619047619,1.91
15:31:20.341804,80.0,1.91
15:31:20.443606,100.0,1.91
15:31:20.543875,78.94736842105263,1.91
15:31:20.645531,70.0,1.91
15:31:20.745770,77.27272727272727,1.91
15:31:20.846091,89.47368421052632,1.91
15:31:20.946456,70.0,1.91
15:31:21.047535,78.94736842105263,1.91
15:31:21.147834,76.19047619047619,1.91
15:31:21.249638,66.66666666666667,1.91
15:31:21.350639,85.0,1.91
15:31:21.453537,100.0,1.91
15:31:21.553826,89.47368421052632,1.91
15:31:21.654350,61.904761904761905,1.91
15:31:21.754823,73.6842105263158,1.91
15:31:21.858041,85.71428571428572,1.91
15:31:21.958394,75.0,1.91
15:31:22.061543,66.66666666666667,1.91
15:31:22.161805,75.0,1.91
15:31:22.262074,78.94736842105263,1.91
15:31:22.362340,80.0,1.91
15:31:22.464560,95.0,1.91
15:31:22.565602,75.0,1.91
15:31:22.665876,75.0,1.91
15:31:22.766109,68.42105263157895,1.91
15:31:22.867241,77.27272727272727,1.91
15:31:22.971819,75.0,1.91
15:31:23.072089,75.0,1.91
15:31:23.172376,80.0,1.91
15:31:23.272650,70.0,1.91
15:31:23.373537,75.0,1.91
15:31:23.473830,100.0,1.91
15:31:23.574207,73.6842105263158,1.91
15:31:23.674576,78.94736842105263,1.91
15:31:23.775622,76.19047619047619,1.91
15:31:23.875923,76.19047619047619,1.91
15:31:23.976232,68.42105263157895,1.91
15:31:24.076581,85.0,1.91
15:31:24.176832,73.6842105263158,1.91
15:31:24.277166,76.19047619047619,1.91
15:31:24.377545,75.0,1.91
15:31:24.484029,100.0,1.91
15:31:24.584307,70.0,1.91
15:31:24.684525,63.1578947368421,1.91
15:31:24.784773,66.66666666666667,1.91
15:31:24.885069,84.21052631578947,1.91
15:31:24.985417,70.0,1.83
15:31:25.086414,71.42857142857143,1.83
15:31:25.186698,71.42857142857143,1.83
15:31:25.287543,71.42857142857143,1.83
15:31:25.393539,80.95238095238095,1.83
15:31:25.493893,100.0,1.83
15:31:25.594422,50.0,1.83
15:31:25.695562,65.0,1.83
15:31:25.795808,71.42857142857143,1.83
15:31:25.896241,78.94736842105263,1.83
15:31:25.997536,70.0,1.83
15:31:26.097799,71.42857142857143,1.83
15:31:26.198177,70.0,1.83
15:31:26.298560,63.1578947368421,1.83
15:31:26.398823,86.36363636363636,1.83
15:31:26.500502,95.0,1.83
15:31:26.601307,68.42105263157895,1.83
15:31:26.701524,75.0,1.83
15:31:26.801815,70.0,1.83
15:31:26.902148,89.47368421052632,1.83
15:31:27.003023,75.0,1.83
15:31:27.103542,61.904761904761905,1.83
15:31:27.203902,65.0,1.83
15:31:27.304258,66.66666666666667,1.83
15:31:27.406642,85.0,1.83
15:31:27.506932,83.33333333333334,1.83
15:31:27.607282,71.42857142857143,1.83
15:31:27.707674,65.0,1.83
15:31:27.808016,73.6842105263158,1.83
15:31:27.908335,76.19047619047619,1.83
15:31:28.008828,65.0,1.83
15:31:28.109199,60.0,1.83
15:31:28.209521,60.0,1.83
15:31:28.310553,70.0,1.83
15:31:28.410830,76.19047619047619,1.83
15:31:28.511118,100.0,1.83
15:31:28.611403,80.0,1.83
15:31:28.711716,75.0,1.83
15:31:28.812025,70.0,1.83
15:31:28.912282,78.94736842105263,1.83
15:31:29.012612,75.0,1.83
15:31:29.112925,68.42105263157895,1.83
15:31:29.213344,71.42857142857143,1.83
15:31:29.314596,66.66666666666667,1.83
15:31:29.416563,80.0,1.83
15:31:29.516841,100.0,1.83
15:31:29.617101,85.0,1.83
15:31:29.717523,57.89473684210527,1.83
15:31:29.819533,71.42857142857143,1.83
15:31:29.919794,90.0,1.83
15:31:30.020055,70.0,2.01
15:31:30.120532,78.94736842105263,2.01
15:31:30.221565,75.0,2.01
15:31:30.321858,75.0,2.01
15:31:30.423620,86.36363636363636,2.01
15:31:30.524763,100.0,2.01
15:31:30.625060,70.0,2.01
15:31:30.725435,65.0,2.01
15:31:30.825812,85.71428571428572,2.01
15:31:30.926104,73.6842105263158,2.01
15:31:31.027629,71.42857142857143,2.01
15:31:31.127894,57.89473684210527,2.01
15:31:31.228254,80.0,2.01
15:31:31.329788,76.19047619047619,2.01
15:31:31.430059,75.0,2.01
15:31:31.531557,95.23809523809523,2.01
15:31:31.631823,73.6842105263158,2.01
15:31:31.732317,65.0,2.01
15:31:31.832915,65.0,2.01
15:31:31.933280,78.94736842105263,2.01
15:31:32.033523,71.42857142857143,2.01
15:31:32.133819,75.0,2.01
15:31:32.237528,70.0,2.01
15:31:32.337797,77.27272727272727,2.01
15:31:32.438081,73.6842105263158,2.01
15:31:32.540527,100.0,2.01
15:31:32.640786,90.0,2.01
15:31:32.741050,75.0,2.01
15:31:32.841381,84.21052631578947,2.01
15:31:32.941694,95.0,2.01
15:31:33.043646,75.0,2.01
15:31:33.144094,65.0,2.01
15:31:33.244575,70.0,2.01
15:31:33.344966,75.0,2.01
15:31:33.449349,76.19047619047619,2.01
15:31:33.549628,100.0,2.01
15:31:33.650067,94.73684210526316,2.01
15:31:33.750554,70.0,2.01
15:31:33.850856,71.42857142857143,2.01
15:31:33.951139,73.6842105263158,2.01
15:31:34.053649,66.66666666666667,2.01
15:31:34.154027,78.94736842105263,2.01
15:31:34.254468,66.66666666666667,2.01
15:31:34.356609,65.0,2.01
15:31:34.456911,84.21052631578947,2.01
15:31:34.557284,90.0,2.01
15:31:34.657685,71.42857142857143,2.01
15:31:34.757982,70.0,2.01
15:31:34.858238,70.0,2.01
15:31:34.960643,70.0,1.93
15:31:35.060987,80.0,1.93
15:31:35.161312,75.0,1.93
15:31:35.263529,75.0,1.93
15:31:35.363859,85.71428571428572,1.93
15:31:35.464578,75.0,1.93
15:31:35.564835,94.44444444444444,1.93
15:31:35.668956,77.27272727272727,1.93
15:31:35.770543,80.0,1.93
15:31:35.870808,94.73684210526316,1.93
15:31:35.971578,70.0,1.93
15:31:36.071849,75.0,1.93
15:31:36.172206,70.0,1.93
15:31:36.272622,70.0,1.93
15:31:36.373542,80.95238095238095,1.93
15:31:36.474779,75.0,1.93
15:31:36.575246,94.73684210526316,1.93
15:31:36.675561,95.0,1.93
15:31:36.776531,75.0,1.93
15:31:36.876770,80.0,1.93
15:31:36.977070,70.0,1.93
15:31:37.077471,78.94736842105263,1.93
15:31:37.178544,71.42857142857143,1.93
15:31:37.278835,68.42105263157895,1.93
15:31:37.379101,68.42105263157895,1.93
15:31:37.479375,72.72727272727273,1.93
15:31:37.579709,100.0,1.93
15:31:37.681531,78.94736842105263,1.93
15:31:37.781812,71.42857142857143,1.93
15:31:37.882119,75.0,1.93
15:31:37.984528,80.0,1.93
15:31:38.084807,78.94736842105263,1.93
15:31:38.187686,80.95238095238095,1.93
15:31:38.287932,65.0,1.93
15:31:38.388196,78.94736842105263,1.93
15:31:38.489471,72.72727272727273,1.93
15:31:38.589749,100.0,1.93
15:31:38.690089,95.0,1.93
15:31:38.790437,65.0,1.93
15:31:38.891498,63.1578947368421,1.93
15:31:38.993786,70.0,1.93
15:31:39.094055,68.18181818181819,1.93
15:31:39.194404,63.1578947368421,1.93
15:31:39.300520,61.904761904761905,1.93
15:31:39.400810,73.6842105263158,1.93
15:31:39.501077,66.66666666666667,1.93
15:31:39.603704,90.47619047619048,1.93
15:31:39.709611,60.0,1.93
15:31:39.809912,65.0,1.93
15:31:39.910209,66.66666666666667,1.93
15:31:40.010602,70.0,1.93
15:31:40.110953,78.94736842105263,1.93
15:31:40.211256,75.0,1.93
15:31:40.312749,75.0,1.93
15:31:40.417953,80.0,1.93
15:31:40.520599,80.95238095238095,1.93
15:31:40.621102,100.0,1.93
15:31:40.721407,85.71428571428572,1.93
15:31:40.821682,80.95238095238095,1.93
15:31:40.922002,78.94736842105263,1.93
15:31:41.027080,70.0,1.93
15:31:41.128813,85.71428571428572,1.93
15:31:41.229085,75.0,1.93
15:31:41.329392,75.0,1.93
15:31:41.429678,75.0,1.93
15:31:41.529934,65.0,1.93
15:31:41.630240,95.0,1.93
15:31:41.730651,73.6842105263158,1.93
15:31:41.831009,65.0,1.93
15:31:41.931335,71.42857142857143,1.93
15:31:42.032554,70.0,1.93
15:31:42.132861,70.0,1.93
15:31:42.233125,63.1578947368421,1.93
15:31:42.333396,70.0,1.93
15:31:42.437077,71.42857142857143,1.93
15:31:42.537318,65.0,1.93
15:31:42.638565,95.0,1.93
15:31:42.740564,100.0,1.93
15:31:42.841077,90.0,1.93
15:31:42.941623,63.1578947368421,1.93
15:31:43.041961,60.0,1.93
15:31:43.142225,70.0,1.93
15:31:43.242588,70.0,1.93
15:31:43.343629,73.6842105263158,1.93
15:31:43.443997,76.19047619047619,1.93
15:31:43.544320,63.1578947368421,1.93
15:31:43.644596,94.73684210526316,1.93
15:31:43.745013,72.72727272727273,1.93
15:31:43.845397,68.42105263157895,1.93
15:31:43.945730,66.66666666666667,1.93
15:31:44.046413,73.6842105263158,1.93
15:31:44.146777,70.0,1.93
15:31:44.247101,70.0,1.93
15:31:44.347491,76.19047619047619,1.93
15:31:44.448622,73.6842105263158,1.93
15:31:44.548881,70.0,1.93
15:31:44.649213,80.95238095238095,1.93
15:31:44.749578,94.44444444444444,1.93
15:31:44.850027,61.904761904761905,1.93
15:31:44.951525,63.1578947368421,1.86
15:31:45.051770,66.66666666666667,1.86
15:31:45.152063,78.94736842105263,1.86
15:31:45.252397,66.66666666666667,1.86
15:31:45.352799,72.22222222222221,1.86
15:31:45.455522,71.42857142857143,1.86
15:31:45.556266,65.0,1.86
15:31:45.656600,95.23809523809523,1.86
15:31:45.756922,84.21052631578947,1.86
15:31:45.857437,73.6842105263158,1.86
15:31:45.959529,68.18181818181819,1.86
15:31:46.059793,70.0,1.86
15:31:46.160047,84.21052631578947,1.86
15:31:46.266526,71.42857142857143,1.86
15:31:46.366818,80.95238095238095,1.86
15:31:46.467115,80.95238095238095,1.86
15:31:46.567541,75.0,1.86
15:31:46.668873,89.47368421052632,1.86
15:31:46.769422,94.73684210526316,1.86
15:31:46.877277,86.95652173913044,1.86
15:31:46.978521,75.0,1.86
15:31:47.078814,78.94736842105263,1.86
15:31:47.179101,71.42857142857143,1.86
15:31:47.281511,78.94736842105263,1.86
15:31:47.381774,75.0,1.86
15:31:47.482079,75.0,1.86
15:31:47.586531,80.95238095238095,1.86
15:31:47.686818,95.0,1.86
15:31:47.787341,78.94736842105263,1.86
15:31:47.891889,95.23809523809523,1.86
15:31:47.992196,95.0,1.86
15:31:48.092615,57.14285714285714,1.86
15:31:48.193522,68.42105263157895,1.86
15:31:48.293762,60.0,1.86
15:31:48.394673,80.95238095238095,1.86
15:31:48.494999,84.21052631578947,1.86
15:31:48.595273,70.0,1.86
15:31:48.695565,95.0,1.86
15:31:48.798552,90.47619047619048,1.86
15:31:48.898841,63.1578947368421,1.86
15:31:48.999160,70.0,1.86
15:31:49.099449,60.0,1.86
15:31:49.199724,75.0,1.86
15:31:49.300004,65.0,1.86
15:31:49.401617,73.6842105263158,1.86
15:31:49.502017,72.72727272727273,1.86
15:31:49.602356,68.42105263157895,1.86
15:31:49.702745,95.0,1.86
15:31:49.803055,84.21052631578947,1.86
15:31:49.903402,80.95238095238095,1.86
15:31:50.005536,76.19047619047619,1.87
15:31:50.107536,70.0,1.87
15:31:50.207812,73.6842105263158,1.87
15:31:50.308077,80.0,1.87
15:31:50.408376,61.904761904761905,1.87
15:31:50.508667,78.94736842105263,1.87
15:31:50.609528,80.95238095238095,1.87
15:31:50.709826,94.73684210526316,1.87
15:31:50.810088,95.23809523809523,1.87
15:31:50.910540,80.0,1.87
15:31:51.011525,75.0,1.87
15:31:51.111760,73.6842105263158,1.87
15:31:51.212002,80.95238095238095,1.87
15:31:51.312347,78.94736842105263,1.87
15:31:51.412609,70.0,1.87
15:31:51.513503,80.0,1.87
15:31:51.613750,70.0,1.87
15:31:51.714028,84.21052631578947,1.87
15:31:51.814409,90.0,1.87
15:31:51.916624,77.27272727272727,1.87
15:31:52.016927,57.89473684210527,1.87
15:31:52.117195,71.42857142857143,1.87
15:31:52.217589,80.0,1.87
15:31:52.321577,65.0,1.87
15:31:52.422009,76.19047619047619,1.87
15:31:52.522529,65.0,1.87
15:31:52.623521,70.0,1.87
15:31:52.723830,95.0,1.87
15:31:52.824219,94.73684210526316,1.87
15:31:52.925542,75.0,1.87
15:31:53.025955,85.0,1.87
15:31:53.126213,65.0,1.87
15:31:53.227540,80.0,1.87
15:31:53.327919,68.42105263157895,1.87
15:31:53.428223,77.27272727272727,1.87
15:31:53.528750,61.111111111111114,1.87
15:31:53.629186,68.18181818181819,1.87
15:31:53.732534,94.73684210526316,1.87
15:31:53.834531,95.0,1.87
15:31:53.934952,60.0,1.87
15:31:54.036510,76.19047619047619,1.87
15:31:54.136784,70.0,1.87
15:31:54.237071,78.94736842105263,1.87
15:31:54.337449,71.42857142857143,1.87
15:31:54.437879,75.0,1.87
15:31:54.538169,72.22222222222221,1.87
15:31:54.638472,71.42857142857143,1.87
15:31:54.738780,75.0,1.87
15:31:54.839123,88.88888888888889,1.87
15:31:54.939617,61.904761904761905,1.72
15:31:55.040686,76.19047619047619,1.72
15:31:55.140990,73.6842105263158,1.72
15:31:55.241330,73.6842105263158,1.72
15:31:55.341745,68.18181818181819,1.72
15:31:55.442033,68.42105263157895,1.72
15:31:55.542518,75.0,1.72
15:31:55.644610,66.66666666666667,1.72
15:31:55.746323,80.0,1.72
15:31:55.846694,89.47368421052632,1.72
15:31:55.947548,61.904761904761905,1.72
15:31:56.048536,75.0,1.72
15:31:56.148834,68.42105263157895,1.72
15:31:56.249097,75.0,1.72
15:31:56.351257,66.66666666666667,1.72
15:31:56.451628,63.1578947368421,1.72
15:31:56.552002,65.0,1.72
15:31:56.652625,71.42857142857143,1.72
15:31:56.753623,90.0,1.72
15:31:56.855446,80.0,1.72
15:31:56.955768,75.0,1.72
15:31:57.057546,71.42857142857143,1.72
15:31:57.157795,68.42105263157895,1.72
15:31:57.258080,75.0,1.72
15:31:57.358426,70.0,1.72
15:31:57.458773,63.1578947368421,1.72
15:31:57.559587,60.0,1.72
15:31:57.659846,70.0,1.72
15:31:57.761568,86.36363636363636,1.72
15:31:57.861838,89.47368421052632,1.72
15:31:57.962309,75.0,1.72
15:31:58.063409,71.42857142857143,1.72
15:31:58.164141,57.89473684210527,1.72
15:31:58.264460,85.71428571428572,1.72
15:31:58.364804,68.42105263157895,1.72
15:31:58.465237,75.0,1.72
15:31:58.565633,60.0,1.72
15:31:58.666015,70.0,1.72
15:31:58.766448,85.71428571428572,1.72
15:31:58.867547,95.0,1.72
15:31:58.967811,100.0,1.72
15:31:59.068101,75.0,1.72
15:31:59.168449,65.0,1.72
15:31:59.268713,76.19047619047619,1.72
15:31:59.370428,80.0,1.72
15:31:59.470697,80.0,1.72
15:31:59.570968,70.0,1.72
15:31:59.671249,73.6842105263158,1.72
15:31:59.771510,65.0,1.72
15:31:59.876597,81.81818181818181,1.72
15:31:59.979531,100.0,1.82
15:32:00.079929,70.0,1.82
15:32:00.180272,63.1578947368421,1.82
15:32:00.280544,76.19047619047619,1.82
15:32:00.381544,75.0,1.82
15:32:00.482557,70.0,1.82
15:32:00.582849,73.6842105263158,1.82
15:32:00.683111,71.42857142857143,1.82
15:32:00.783461,73.6842105263158,1.82
15:32:00.886232,90.47619047619048,1.82
15:32:00.990229,95.0,1.82
15:32:01.090544,65.0,1.82
15:32:01.190933,63.1578947368421,1.82
15:32:01.291326,61.904761904761905,1.82
15:32:01.391657,70.0,1.82
15:32:01.492547,76.19047619047619,1.82
15:32:01.592817,73.6842105263158,1.82
15:32:01.693151,60.0,1.82
15:32:01.793556,65.0,1.82
15:32:01.893841,85.0,1.82
15:32:01.994231,85.0,1.82
15:32:02.094639,70.0,1.82
15:32:02.196551,76.19047619047619,1.82
15:32:02.296853,68.42105263157895,1.82
15:32:02.397261,66.66666666666667,1.82
15:32:02.498562,78.94736842105263,1.82
15:32:02.599067,65.0,1.82
15:32:02.699337,68.42105263157895,1.82
15:32:02.799714,75.0,1.82
15:32:02.901605,90.47619047619048,1.82
15:32:03.001959,95.23809523809523,1.82
15:32:03.102252,100.0,1.82
15:32:03.202612,73.6842105263158,1.82
15:32:03.303079,55.00000000000001,1.82
15:32:03.405499,69.56521739130434,1.82
15:32:03.505801,73.6842105263158,1.82
15:32:03.606079,73.6842105263158,1.82
15:32:03.706353,66.66666666666667,1.82
15:32:03.806784,78.94736842105263,1.82
15:32:03.908608,85.0,1.82
15:32:04.008872,95.23809523809523,1.82
15:32:04.109136,76.19047619047619,1.82
15:32:04.209563,77.77777777777779,1.82
15:32:04.309845,76.19047619047619,1.82
15:32:04.410295,73.6842105263158,1.82
15:32:04.510951,65.0,1.82
15:32:04.611267,75.0,1.82
15:32:04.713274,86.36363636363636,1.82
15:32:04.813525,73.6842105263158,1.82
15:32:04.914587,89.47368421052632,1.82
15:32:05.014869,95.0,2.24
15:32:05.115216,85.0,2.24
15:32:05.215487,73.6842105263158,2.24
15:32:05.317497,76.19047619047619,2.24
15:32:05.420899,81.81818181818181,2.24
15:32:05.521172,84.21052631578947,2.24
15:32:05.621504,78.94736842105263,2.24
15:32:05.722524,76.19047619047619,2.24
15:32:05.822794,90.0,2.24
15:32:05.923056,90.47619047619048,2.24
15:32:06.024559,89.47368421052632,2.24
15:32:06.124854,70.0,2.24
15:32:06.225099,76.19047619047619,2.24
15:32:06.325624,57.89473684210527,2.24
15:32:06.426520,70.0,2.24
15:32:06.526792,71.42857142857143,2.24
15:32:06.628538,72.22222222222221,2.24
15:32:06.728797,71.42857142857143,2.24
15:32:06.829052,66.66666666666667,2.24
15:32:06.929336,78.94736842105263,2.24
15:32:07.034565,95.23809523809523,2.24
15:32:07.134834,66.66666666666667,2.24
15:32:07.235147,68.42105263157895,2.24
15:32:07.335526,60.0,2.24
15:32:07.435925,80.0,2.24
15:32:07.537688,65.0,2.24
15:32:07.638010,75.0,2.24
15:32:07.738348,71.42857142857143,2.24
15:32:07.840538,65.0,2.24
15:32:07.940809,68.42105263157895,2.24
15:32:08.041159,95.0,2.24
15:32:08.141513,68.42105263157895,2.24
15:32:08.241877,66.66666666666667,2.24
15:32:08.342159,73.6842105263158,2.24
15:32:08.443661,71.42857142857143,2.24
15:32:08.543940,80.0,2.24
15:32:08.644351,65.0,2.24
15:32:08.744723,65.0,2.24
15:32:08.846519,61.904761904761905,2.24
15:32:08.946831,84.21052631578947,2.24
15:32:09.047121,95.0,2.24
15:32:09.147453,65.0,2.24
15:32:09.247713,70.0,2.24
15:32:09.347966,70.0,2.24
15:32:09.448600,70.0,2.24
15:32:09.548904,75.0,2.24
15:32:09.650539,65.0,2.24
15:32:09.750783,63.1578947368421,2.24
15:32:09.852190,71.42857142857143,2.24
15:32:09.952661,75.0,2.3
15:32:10.052945,95.0,2.3
15:32:10.156595,61.904761904761905,2.3
15:32:10.256893,68.42105263157895,2.3
15:32:10.357248,66.66666666666667,2.3
15:32:10.457579,70.0,2.3
15:32:10.559536,70.0,2.3
15:32:10.659808,70.0,2.3
15:32:10.760259,63.1578947368421,2.3
15:32:10.860640,85.0,2.3
15:32:10.961531,76.19047619047619,2.3
15:32:11.064396,100.0,2.3
15:32:11.164716,75.0,2.3
15:32:11.265035,68.42105263157895,2.3
15:32:11.365645,61.904761904761905,2.3
15:32:11.466410,84.21052631578947,2.3
15:32:11.568533,71.42857142857143,2.3
15:32:11.668871,75.0,2.3
15:32:11.770675,75.0,2.3
15:32:11.872528,77.27272727272727,2.3
15:32:11.972812,68.42105263157895,2.3
15:32:12.073138,100.0,2.3
15:32:12.173532,65.0,2.3
15:32:12.273828,66.66666666666667,2.3
15:32:12.374113,63.1578947368421,2.3
15:32:12.476658,76.19047619047619,2.3
15:32:12.576990,80.0,2.3
15:32:12.677277,70.0,2.3
15:32:12.777633,60.0,2.3
15:32:12.877985,75.0,2.3
15:32:12.978280,73.6842105263158,2.3
15:32:13.080632,95.23809523809523,2.3
15:32:13.180909,70.0,2.3
15:32:13.281177,70.0,2.3
15:32:13.381494,68.42105263157895,2.3
15:32:13.481827,65.0,2.3
15:32:13.582773,71.42857142857143,2.3
15:32:13.683089,73.6842105263158,2.3
15:32:13.784649,68.18181818181819,2.3
15:32:13.884907,73.6842105263158,2.3
15:32:13.986384,73.6842105263158,2.3
15:32:14.088040,90.0,2.3
15:32:14.188519,100.0,2.3
15:32:14.288865,100.0,2.3
15:32:14.392525,71.42857142857143,2.3
15:32:14.492783,70.0,2.3
15:32:14.593054,76.19047619047619,2.3
15:32:14.693372,70.0,2.3
15:32:14.793758,70.0,2.3
15:32:14.894111,78.94736842105263,2.3
15:32:14.995245,71.42857142857143,2.19
15:32:15.095531,94.73684210526316,2.19
15:32:15.196075,70.0,2.19
15:32:15.299592,61.904761904761905,2.19
15:32:15.399965,65.0,2.19
15:32:15.501610,75.0,2.19
15:32:15.601892,78.94736842105263,2.19
15:32:15.702176,70.0,2.19
15:32:15.804818,76.19047619047619,2.19
15:32:15.905073,80.95238095238095,2.19
15:32:16.007397,84.21052631578947,2.19
15:32:16.107662,95.0,2.19
15:32:16.207984,95.23809523809523,2.19
15:32:16.308324,73.6842105263158,2.19
15:32:16.409535,75.0,2.19
15:32:16.509826,80.0,2.19
15:32:16.613524,71.42857142857143,2.19
15:32:16.713791,80.0,2.19
15:32:16.814175,78.94736842105263,2.19
15:32:16.918458,81.81818181818181,2.19
15:32:17.019371,75.0,2.19
15:32:17.120590,80.95238095238095,2.19
15:32:17.221050,78.94736842105263,2.19
15:32:17.321425,65.0,2.19
15:32:17.421689,63.1578947368421,2.19
15:32:17.521935,65.0,2.19
15:32:17.622568,80.95238095238095,2.19
15:32:17.722894,63.1578947368421,2.19
15:32:17.823338,60.0,2.19
15:32:17.925645,95.45454545454545,2.19
15:32:18.025954,88.88888888888889,2.19
15:32:18.126235,90.47619047619048,2.19
15:32:18.226534,80.0,2.19
15:32:18.326857,75.0,2.19
15:32:18.427214,68.42105263157895,2.19
15:32:18.527543,61.904761904761905,2.19
15:32:18.627853,73.6842105263158,2.19
15:32:18.728182,76.19047619047619,2.19
15:32:18.833129,70.0,2.19
15:32:18.933779,77.27272727272727,2.19
15:32:19.035516,75.0,2.19
15:32:19.136555,94.73684210526316,2.19
15:32:19.237039,80.0,2.19
15:32:19.337703,80.0,2.19
15:32:19.437969,78.94736842105263,2.19
15:32:19.540618,76.19047619047619,2.19
15:32:19.640898,80.95238095238095,2.19
15:32:19.741190,78.94736842105263,2.19
15:32:19.841534,80.0,2.19
15:32:19.941829,68.42105263157895,2.18
15:32:20.042538,72.72727272727273,2.18
15:32:20.142831,94.73684210526316,2.18
15:32:20.243578,100.0,2.18
15:32:20.343862,70.0,2.18
15:32:20.444834,84.21052631578947,2.18
15:32:20.545685,70.0,2.18
15:32:20.645950,76.19047619047619,2.18
15:32:20.748635,76.19047619047619,2.18
15:32:20.848886,95.0,2.18
15:32:20.949255,68.42105263157895,2.18
15:32:21.050537,71.42857142857143,2.18
15:32:21.150827,84.21052631578947,2.18
15:32:21.251186,85.71428571428572,2.18
15:32:21.353657,65.0,2.18
15:32:21.453973,75.0,2.18
15:32:21.554320,68.42105263157895,2.18
15:32:21.655278,66.66666666666667,2.18
15:32:21.755651,65.0,2.18
15:32:21.858159,71.42857142857143,2.18
15:32:21.958430,73.6842105263158,2.18
15:32:22.058690,75.0,2.18
15:32:22.158976,85.0,2.18
15:32:22.259303,89.47368421052632,2.18
15:32:22.359692,71.42857142857143,2.18
15:32:22.460052,78.94736842105263,2.18
15:32:22.560451,61.904761904761905,2.18
15:32:22.660968,71.42857142857143,2.18
15:32:22.761479,63.1578947368421,2.18
15:32:22.861822,60.0,2.18
15:32:22.962253,70.0,2.18
15:32:23.063533,70.0,2.18
15:32:23.163824,89.47368421052632,2.18
15:32:23.264137,84.21052631578947,2.18
15:32:23.364600,57.14285714285714,2.18
15:32:23.465119,60.0,2.18
15:32:23.565503,73.6842105263158,2.18
15:32:23.665861,80.0,2.18
15:32:23.766176,75.0,2.18
15:32:23.866475,75.0,2.18
15:32:23.967624,78.94736842105263,2.18
15:32:24.067908,80.0,2.18
15:32:24.168172,85.71428571428572,2.18
15:32:24.268847,90.0,2.18
15:32:24.369244,84.21052631578947,2.18
15:32:24.469582,80.0,2.18
15:32:24.570656,72.72727272727273,2.18
15:32:24.674531,90.47619047619048,2.18
15:32:24.774829,63.1578947368421,2.18
15:32:24.875119,70.0,2.18
15:32:24.975424,70.0,2.0
15:32:25.075759,80.0,2.0
15:32:25.176156,73.6842105263158,2.0
15:32:25.281561,95.23809523809523,2.0
15:32:25.381959,65.0,2.0
15:32:25.482315,70.0,2.0
15:32:25.582663,63.1578947368421,2.0
15:32:25.682965,80.95238095238095,2.0
15:32:25.784095,75.0,2.0
15:32:25.885588,70.0,2.0
15:32:25.985882,70.0,2.0
15:32:26.086142,70.0,2.0
15:32:26.195849,95.45454545454545,2.0
15:32:26.296151,100.0,2.0
15:32:26.396498,100.0,2.0
15:32:26.496855,80.0,2.0
15:32:26.597527,66.66666666666667,2.0
15:32:26.697774,70.0,2.0
15:32:26.800466,70.0,2.0
15:32:26.900914,90.0,2.0
15:32:27.001224,75.0,2.0
15:32:27.101581,70.0,2.0
15:32:27.201998,78.94736842105263,2.0
15:32:27.302309,95.0,2.0
15:32:27.402640,75.0,2.0
15:32:27.503047,76.19047619047619,2.0
15:32:27.603559,80.0,2.0
15:32:27.705068,70.0,2.0
15:32:27.805388,70.0,2.0
15:32:27.905660,78.94736842105263,2.0
15:32:28.006021,70.0,2.0
15:32:28.106303,80.0,2.0
15:32:28.206619,71.42857142857143,2.0
15:32:28.308676,95.23809523809523,2.0
15:32:28.408994,83.33333333333334,2.0
15:32:28.510795,71.42857142857143,2.0
15:32:28.614266,76.19047619047619,2.0
15:32:28.717518,75.0,2.0
15:32:28.817792,65.0,2.0
15:32:28.918049,70.0,2.0
15:32:29.018344,70.0,2.0
15:32:29.118647,94.73684210526316,2.0
15:32:29.228565,86.95652173913044,2.0
15:32:29.329538,100.0,2.0
15:32:29.429946,100.0,2.0
15:32:29.530901,100.0,2.0
15:32:29.631971,100.0,2.0
15:32:29.732253,100.0,2.0
15:32:29.832558,100.0,2.0
15:32:29.933728,100.0,2.0
15:32:30.034006,100.0,2.48
15:32:30.134920,95.0,2.48
15:32:30.246026,95.45454545454545,2.48
15:32:30.346546,65.0,2.48
15:32:30.464585,86.95652173913044,2.48
15:32:30.564871,100.0,2.48
15:32:30.665188,100.0,2.48
15:32:30.771320,100.0,2.48
15:32:30.872199,100.0,2.48
15:32:30.973547,100.0,2.48
15:32:31.073807,100.0,2.48
15:32:31.174076,100.0,2.48
15:32:31.274353,100.0,2.48
15:32:31.375576,95.0,2.48
15:32:31.475926,100.0,2.48
15:32:31.579503,100.0,2.48
15:32:31.686628,100.0,2.48
15:32:31.797692,95.65217391304348,2.48
15:32:31.899182,100.0,2.48
15:32:32.000717,100.0,2.48
15:32:32.100978,100.0,2.48
15:32:32.201641,100.0,2.48
15:32:32.301947,100.0,2.48
15:32:32.402375,100.0,2.48
15:32:32.502694,100.0,2.48
15:32:32.603616,95.0,2.48
15:32:32.705116,65.0,2.48
15:32:32.805755,73.6842105263158,2.48
15:32:32.907683,71.42857142857143,2.48
15:32:33.008019,100.0,2.48
15:32:33.108418,80.0,2.48
15:32:33.208780,75.0,2.48
15:32:33.309100,85.0,2.48
15:32:33.409504,90.0,2.48
15:32:33.509908,68.42105263157895,2.48
15:32:33.610519,70.0,2.48
15:32:33.710780,71.42857142857143,2.48
15:32:33.811648,57.89473684210527,2.48
15:32:33.912577,68.18181818181819,2.48
15:32:34.012945,68.42105263157895,2.48
15:32:34.113552,66.66666666666667,2.48
15:32:34.214979,100.0,2.48
15:32:34.315282,95.0,2.48
15:32:34.416728,100.0,2.48
15:32:34.517111,70.0,2.48
15:32:34.617536,63.1578947368421,2.48
15:32:34.718564,71.42857142857143,2.48
15:32:34.818860,94.73684210526316,2.48
15:32:34.919248,65.0,2.48
15:32:35.019564,71.42857142857143,2.37
15:32:35.120449,66.66666666666667,2.37
15:32:35.221535,68.42105263157895,2.37
15:32:35.321830,80.0,2.37
15:32:35.422315,95.0,2.37
15:32:35.523684,76.19047619047619,2.37
15:32:35.624055,75.0,2.37
15:32:35.724489,60.0,2.37
15:32:35.825574,90.0,2.37
15:32:35.925951,95.0,2.37
15:32:36.026244,70.0,2.37
15:32:36.126635,73.6842105263158,2.37
15:32:36.227551,61.904761904761905,2.37
15:32:36.328532,76.19047619047619,2.37
15:32:36.428872,100.0,2.37
15:32:36.529251,73.6842105263158,2.37
15:32:36.629553,70.0,2.37
15:32:36.729891,70.0,2.37
15:32:36.831542,66.66666666666667,2.37
15:32:36.931801,75.0,2.37
15:32:37.032045,65.0,2.37
15:32:37.132309,78.94736842105263,2.37
15:32:37.232756,61.904761904761905,2.37
15:32:37.333093,85.71428571428572,2.37
15:32:37.433483,94.73684210526316,2.37
15:32:37.533770,80.0,2.37
15:32:37.635547,80.0,2.37
15:32:37.735842,84.21052631578947,2.37
15:32:37.836154,76.19047619047619,2.37
15:32:37.936432,75.0,2.37
15:32:38.036680,75.0,2.37
15:32:38.137598,70.0,2.37
15:32:38.237873,75.0,2.37
15:32:38.338146,75.0,2.37
15:32:38.439489,95.0,2.37
15:32:38.541517,65.0,2.37
15:32:38.641778,70.0,2.37
15:32:38.745555,66.66666666666667,2.37
15:32:38.845858,68.42105263157895,2.37
15:32:38.946140,70.0,2.37
15:32:39.046407,73.6842105263158,2.37
15:32:39.146648,76.19047619047619,2.37
15:32:39.246909,75.0,2.37
15:32:39.347563,65.0,2.37
15:32:39.449485,94.73684210526316,2.37
15:32:39.549768,70.0,2.37
15:32:39.650024,71.42857142857143,2.37
15:32:39.750302,70.0,2.37
15:32:39.850713,63.1578947368421,2.37
15:32:39.951546,68.18181818181819,2.42
15:32:40.053722,70.0,2.42
15:32:40.154161,60.0,2.42
15:32:40.254589,73.6842105263158,2.42
15:32:40.354886,68.42105263157895,2.42
15:32:40.455392,90.47619047619048,2.42
15:32:40.555751,85.0,2.42
15:32:40.657537,78.94736842105263,2.42
15:32:40.757808,75.0,2.42
15:32:40.858097,90.0,2.42
15:32:40.959137,70.0,2.42
15:32:41.059442,71.42857142857143,2.42
15:32:41.159723,65.0,2.42
15:32:41.261570,75.0,2.42
15:32:41.362546,84.21052631578947,2.42
15:32:41.463051,89.47368421052632,2.42
15:32:41.563420,80.0,2.42
15:32:41.663730,71.42857142857143,2.42
15:32:41.764021,78.94736842105263,2.42
15:32:41.864276,85.0,2.42
15:32:41.964529,75.0,2.42
15:32:42.064786,80.0,2.42
15:32:42.165110,70.0,2.42
15:32:42.265498,70.0,2.42
15:32:42.366497,80.0,2.42
15:32:42.466836,95.23809523809523,2.42
15:32:42.567124,94.44444444444444,2.42
15:32:42.667433,66.66666666666667,2.42
15:32:42.767677,70.0,2.42
15:32:42.868007,70.0,2.42
15:32:42.969560,70.0,2.42
15:32:43.069940,75.0,2.42
15:32:43.170238,65.0,2.42
15:32:43.270544,63.1578947368421,2.42
15:32:43.370830,66.66666666666667,2.42
15:32:43.472529,94.73684210526316,2.42
15:32:43.572888,80.95238095238095,2.42
15:32:43.673233,78.94736842105263,2.42
15:32:43.773672,60.0,2.42
15:32:43.873948,80.95238095238095,2.42
15:32:43.975637,100.0,2.42
15:32:44.075911,85.0,2.42
15:32:44.176193,70.0,2.42
15:32:44.276449,80.0,2.42
15:32:44.378521,75.0,2.42
15:32:44.478787,90.0,2.42
15:32:44.579050,80.95238095238095,2.42
15:32:44.679313,78.94736842105263,2.42
15:32:44.779524,75.0,2.42
15:32:44.879802,80.0,2.42
15:32:44.981512,70.0,2.3
15:32:45.081775,80.0,2.3
15:32:45.183544,85.0,2.3
15:32:45.283801,70.0,2.3
15:32:45.384098,71.42857142857143,2.3
15:32:45.484588,89.47368421052632,2.3
15:32:45.585023,78.94736842105263,2.3
15:32:45.685383,75.0,2.3
15:32:45.786591,76.19047619047619,2.3
15:32:45.887412,84.21052631578947,2.3
15:32:45.989641,71.42857142857143,2.3
15:32:46.090075,65.0,2.3
15:32:46.196538,72.72727272727273,2.3
15:32:46.296789,63.1578947368421,2.3
15:32:46.397028,70.0,2.3
15:32:46.497300,76.19047619047619,2.3
15:32:46.597599,100.0,2.3
15:32:46.697889,65.0,2.3
15:32:46.798194,70.0,2.3
15:32:46.898484,80.0,2.3
15:32:46.998877,75.0,2.3
15:32:47.099141,65.0,2.3
15:32:47.199474,70.0,2.3
15:32:47.300659,75.0,2.3
15:32:47.400933,65.0,2.3
15:32:47.501215,90.0,2.3
15:32:47.602583,90.0,2.3
15:32:47.702859,76.19047619047619,2.3
15:32:47.803121,63.1578947368421,2.3
15:32:47.903415,80.95238095238095,2.3
15:32:48.003692,95.0,2.3
15:32:48.103984,73.6842105263158,2.3
15:32:48.204262,70.0,2.3
15:32:48.305613,70.0,2.3
15:32:48.405940,75.0,2.3
15:32:48.506213,75.0,2.3
15:32:48.606640,73.6842105263158,2.3
15:32:48.707541,70.0,2.3
15:32:48.807801,76.19047619047619,2.3
15:32:48.908149,65.0,2.3
15:32:49.008493,70.0,2.3
15:32:49.108725,65.0,2.3
15:32:49.208982,78.94736842105263,2.3
15:32:49.309272,71.42857142857143,2.3
15:32:49.411597,65.0,2.3
15:32:49.511933,75.0,2.3
15:32:49.617576,90.47619047619048,2.3
15:32:49.717874,70.0,2.3
15:32:49.818290,65.0,2.3
15:32:49.918582,70.0,2.3
15:32:50.018859,70.0,2.28
15:32:50.120662,73.6842105263158,2.28
15:32:50.221057,70.0,2.28
15:32:50.321350,60.0,2.28
15:32:50.421686,61.904761904761905,2.28
15:32:50.522093,89.47368421052632,2.28
15:32:50.622424,90.47619047619048,2.28
15:32:50.722749,60.0,2.28
15:32:50.823042,89.47368421052632,2.28
15:32:50.923646,70.0,2.28
15:32:51.027540,71.42857142857143,2.28
15:32:51.127918,65.0,2.28
15:32:51.228338,57.14285714285714,2.28
15:32:51.329625,60.0,2.28
15:32:51.430104,63.1578947368421,2.28
15:32:51.530426,76.19047619047619,2.28
15:32:51.630868,95.0,2.28
15:32:51.731310,68.42105263157895,2.28
15:32:51.831651,71.42857142857143,2.28
15:32:51.932757,61.111111111111114,2.28
15:32:52.033165,80.95238095238095,2.28
15:32:52.133564,70.0,2.28
15:32:52.235495,61.904761904761905,2.28
15:32:52.336641,73.6842105263158,2.28
15:32:52.436977,70.0,2.28
15:32:52.539532,72.72727272727273,2.28
15:32:52.639833,100.0,2.28
15:32:52.740265,70.0,2.28
15:32:52.840730,70.0,2.28
15:32:52.942586,81.81818181818181,2.28
15:32:53.043164,63.1578947368421,2.28
15:32:53.143484,65.0,2.28
15:32:53.243745,66.66666666666667,2.28
15:32:53.344638,70.0,2.28
15:32:53.444994,78.94736842105263,2.28
15:32:53.545249,73.6842105263158,2.28
15:32:53.648567,95.45454545454545,2.28
15:32:53.748862,73.6842105263158,2.28
15:32:53.850795,78.94736842105263,2.28
15:32:53.951630,71.42857142857143,2.28
15:32:54.051892,71.42857142857143,2.28
15:32:54.152145,83.33333333333334,2.28
15:32:54.252480,68.18181818181819,2.28
15:32:54.353032,84.21052631578947,2.28
15:32:54.453405,65.0,2.28
15:32:54.553711,80.0,2.28
15:32:54.654626,94.73684210526316,2.28
15:32:54.755024,66.66666666666667,2.28
15:32:54.859324,75.0,2.28
15:32:54.960596,80.0,2.34
15:32:55.060991,78.94736842105263,2.34
15:32:55.161271,68.18181818181819,2.34
15:32:55.261517,66.66666666666667,2.34
15:32:55.363615,68.42105263157895,2.34
15:32:55.464703,70.0,2.34
15:32:55.565755,80.0,2.34
15:32:55.666033,94.73684210526316,2.34
15:32:55.766293,75.0,2.34
15:32:55.866804,85.0,2.34
15:32:55.968520,68.18181818181819,2.34
15:32:56.068837,72.22222222222221,2.34
15:32:56.169192,75.0,2.34
15:32:56.269549,66.66666666666667,2.34
15:32:56.369910,68.42105263157895,2.34
15:32:56.470553,60.0,2.34
15:32:56.571644,80.95238095238095,2.34
15:32:56.671949,90.0,2.34
15:32:56.774659,100.0,2.34
15:32:56.881642,81.81818181818181,2.34
15:32:56.981908,84.21052631578947,2.34
15:32:57.082190,84.21052631578947,2.34
15:32:57.182525,76.19047619047619,2.34
15:32:57.282828,75.0,2.34
15:32:57.383078,73.6842105263158,2.34
15:32:57.483489,71.42857142857143,2.34
15:32:57.585638,76.19047619047619,2.34
15:32:57.685902,100.0,2.34
15:32:57.786245,95.0,2.34
15:32:57.887561,70.0,2.34
15:32:57.988650,80.0,2.34
15:32:58.089589,75.0,2.34
15:32:58.196567,81.81818181818181,2.34
15:32:58.296890,100.0,2.34
15:32:58.397195,63.1578947368421,2.34
15:32:58.497478,70.0,2.34
15:32:58.597737,76.19047619047619,2.34
15:32:58.700547,90.47619047619048,2.34
15:32:58.800950,80.0,2.34
15:32:58.901316,65.0,2.34
15:32:59.001653,57.89473684210527,2.34
15:32:59.102624,75.0,2.34
15:32:59.202892,70.0,2.34
15:32:59.303213,70.0,2.34
15:32:59.403502,65.0,2.34
15:32:59.505600,80.0,2.34
15:32:59.605860,76.19047619047619,2.34
15:32:59.706143,78.94736842105263,2.34
15:32:59.806695,85.71428571428572,2.34
15:32:59.907189,78.94736842105263,2.34
15:33:00.007748,65.0,2.31
15:33:00.108137,70.0,2.31
15:33:00.211327,71.42857142857143,2.31
15:33:00.311735,70.0,2.31
15:33:00.412109,65.0,2.31
15:33:00.512500,57.89473684210527,2.31
15:33:00.612809,66.66666666666667,2.31
15:33:00.713195,94.73684210526316,2.31
15:33:00.813628,90.0,2.31
15:33:00.914003,75.0,2.31
15:33:01.014679,76.19047619047619,2.31
15:33:01.114996,65.0,2.31
15:33:01.215493,63.1578947368421,2.31
15:33:01.316580,66.66666666666667,2.31
15:33:01.416819,63.1578947368421,2.31
15:33:01.517073,73.6842105263158,2.31
15:33:01.617510,71.42857142857143,2.31
15:33:01.717796,76.19047619047619,2.31
15:33:01.818131,84.21052631578947,2.31
15:33:01.918528,100.0,2.31
15:33:02.018953,80.0,2.31
15:33:02.119280,85.0,2.31
15:33:02.220270,90.0,2.31
15:33:02.320661,100.0,2.31
15:33:02.420936,94.73684210526316,2.31
15:33:02.521221,95.0,2.31
15:33:02.621548,90.0,2.31
15:33:02.723655,95.0,2.31
15:33:02.823949,95.0,2.31
15:33:02.924279,100.0,2.31
15:33:03.024647,95.23809523809523,2.31
15:33:03.128834,89.47368421052632,2.31
15:33:03.229255,85.0,2.31
15:33:03.329663,60.0,2.31
15:33:03.430630,70.0,2.31
15:33:03.530858,80.0,2.31
15:33:03.631140,66.66666666666667,2.31
15:33:03.731484,88.23529411764706,2.31
15:33:03.832557,90.47619047619048,2.31
15:33:03.933575,95.0,2.31
15:33:04.033970,70.0,2.31
15:33:04.137255,80.0,2.31
15:33:04.237518,70.0,2.31
15:33:04.337779,75.0,2.31
15:33:04.441593,77.27272727272727,2.31
15:33:04.542033,68.42105263157895,2.31
15:33:04.642484,60.0,2.31
15:33:04.742829,84.21052631578947,2.31
15:33:04.843245,90.0,2.31
15:33:04.943553,60.0,2.31
15:33:05.043844,65.0,2.2
15:33:05.144988,65.0,2.2
15:33:05.245266,78.94736842105263,2.2
15:33:05.345553,71.42857142857143,2.2
15:33:05.445961,65.0,2.2
15:33:05.546282,55.00000000000001,2.2
15:33:05.647636,70.0,2.2
15:33:05.747931,75.0,2.2
15:33:05.848230,100.0,2.2
15:33:05.948569,71.42857142857143,2.2
15:33:06.049584,65.0,2.2
15:33:06.149890,68.42105263157895,2.2
15:33:06.250183,73.6842105263158,2.2
15:33:06.352564,68.18181818181819,2.2
15:33:06.453503,73.6842105263158,2.2
15:33:06.553870,70.0,2.2
15:33:06.654216,60.0,2.2
15:33:06.756502,70.0,2.2
15:33:06.856772,95.23809523809523,2.2
15:33:06.957068,100.0,2.2
15:33:07.057390,68.42105263157895,2.2
15:33:07.158518,59.09090909090908,2.2
15:33:07.258913,63.1578947368421,2.2
15:33:07.359157,66.66666666666667,2.2
15:33:07.459637,57.89473684210527,2.2
15:33:07.560081,65.0,2.2
15:33:07.660350,65.0,2.2
15:33:07.762538,80.95238095238095,2.2
15:33:07.863534,95.23809523809523,2.2
15:33:07.963793,94.73684210526316,2.2
15:33:08.064243,68.42105263157895,2.2
15:33:08.164514,57.14285714285714,2.2
15:33:08.265523,70.0,2.2
15:33:08.365772,80.0,2.2
15:33:08.466164,65.0,2.2
15:33:08.566509,75.0,2.2
15:33:08.666754,70.0,2.2
15:33:08.767158,70.0,2.2
15:33:08.869548,90.0,2.2
15:33:08.970095,85.71428571428572,2.2
15:33:09.070950,52.63157894736843,2.2
15:33:09.172755,61.904761904761905,2.2
15:33:09.273045,68.42105263157895,2.2
15:33:09.373551,66.66666666666667,2.2
15:33:09.474694,70.0,2.2
15:33:09.574987,70.0,2.2
15:33:09.675280,61.111111111111114,2.2
15:33:09.775646,80.0,2.2
15:33:09.875945,89.47368421052632,2.2
15:33:09.980393,95.0,2.35
15:33:10.080840,71.42857142857143,2.35
15:33:10.181150,75.0,2.35
15:33:10.281557,66.66666666666667,2.35
15:33:10.381835,80.0,2.35
15:33:10.482567,73.6842105263158,2.35
15:33:10.582841,80.0,2.35
15:33:10.683520,78.94736842105263,2.35
15:33:10.784509,76.19047619047619,2.35
15:33:10.884783,95.0,2.35
15:33:10.985259,95.0,2.35
15:33:11.088300,60.0,2.35
15:33:11.188522,80.0,2.35
15:33:11.288801,70.0,2.35
15:33:11.389073,73.6842105263158,2.35
15:33:11.489340,70.0,2.35
15:33:11.589601,70.0,2.35
15:33:11.689862,80.95238095238095,2.35
15:33:11.790777,80.0,2.35
15:33:11.896919,90.0,2.35
15:33:11.997235,90.0,2.35
15:33:12.097647,76.19047619047619,2.35
15:33:12.197941,75.0,2.35
15:33:12.300459,68.42105263157895,2.35
15:33:12.400725,65.0,2.35
15:33:12.501003,65.0,2.35
15:33:12.601327,66.66666666666667,2.35
15:33:12.701692,63.1578947368421,2.35
15:33:12.805823,75.0,2.35
15:33:12.906118,86.36363636363636,2.35
15:33:13.006434,94.44444444444444,2.35
15:33:13.106771,61.904761904761905,2.35
15:33:13.208533,73.6842105263158,2.35
15:33:13.308880,70.0,2.35
15:33:13.409345,66.66666666666667,2.35
15:33:13.509695,70.0,2.35
15:33:13.610621,75.0,2.35
15:33:13.711028,75.0,2.35
15:33:13.812529,70.0,2.35
15:33:13.912798,85.0,2.35
15:33:14.014818,95.0,2.35
15:33:14.115123,85.0,2.35
15:33:14.215431,80.0,2.35
15:33:14.318226,76.19047619047619,2.35
15:33:14.418590,80.0,2.35
15:33:14.518898,65.0,2.35
15:33:14.619253,84.21052631578947,2.35
15:33:14.719574,75.0,2.35
15:33:14.819856,73.6842105263158,2.35
15:33:14.921002,85.0,2.35
15:33:15.021431,95.23809523809523,2.48
15:33:15.122015,71.42857142857143,2.48
15:33:15.222544,63.1578947368421,2.48
15:33:15.322823,75.0,2.48
15:33:15.423142,70.0,2.48
15:33:15.523531,75.0,2.48
15:33:15.623870,70.0,2.48
15:33:15.724170,65.0,2.48
15:33:15.826536,80.0,2.48
15:33:15.926833,84.21052631578947,2.48
15:33:16.027122,95.23809523809523,2.48
15:33:16.130557,66.66666666666667,2.48
15:33:16.230826,66.66666666666667,2.48
15:33:16.331209,66.66666666666667,2.48
15:33:16.431664,65.0,2.48
15:33:16.532627,68.42105263157895,2.48
15:33:16.633623,70.0,2.48
15:33:16.733923,71.42857142857143,2.48
15:33:16.834450,70.0,2.48
15:33:16.934708,76.19047619047619,2.48
15:33:17.036619,90.0,2.48
15:33:17.136962,73.6842105263158,2.48
15:33:17.237261,70.0,2.48
15:33:17.340533,71.42857142857143,2.48
15:33:17.440820,73.6842105263158,2.48
15:33:17.542628,75.0,2.48
15:33:17.642896,71.42857142857143,2.48
15:33:17.743293,70.0,2.48
15:33:17.843527,63.1578947368421,2.48
15:33:17.949526,90.9090909090909,2.48
15:33:18.049799,94.73684210526316,2.48
15:33:18.150475,95.0,2.48
15:33:18.250769,75.0,2.48
15:33:18.351033,85.0,2.48
15:33:18.454547,76.19047619047619,2.48
15:33:18.554841,68.42105263157895,2.48
15:33:18.655304,57.89473684210527,2.48
15:33:18.755660,80.0,2.48
15:33:18.855941,70.0,2.48
15:33:18.958626,80.0,2.48
15:33:19.060543,100.0,2.48
15:33:19.160841,85.0,2.48
15:33:19.261116,78.94736842105263,2.48
15:33:19.361391,71.42857142857143,2.48
15:33:19.461696,73.6842105263158,2.48
15:33:19.562065,55.00000000000001,2.48
15:33:19.662467,60.0,2.48
15:33:19.763578,65.0,2.48
15:33:19.863871,75.0,2.48
15:33:19.965612,71.42857142857143,2.36
15:33:20.065861,94.73684210526316,2.36
15:33:20.166134,90.47619047619048,2.36
15:33:20.266618,63.1578947368421,2.36
15:33:20.367535,85.0,2.36
15:33:20.467945,63.63636363636363,2.36
15:33:20.568522,68.42105263157895,2.36
15:33:20.669544,70.0,2.36
15:33:20.771819,63.1578947368421,2.36
15:33:20.872088,80.0,2.36
15:33:20.972394,73.6842105263158,2.36
15:33:21.073415,81.81818181818181,2.36
15:33:21.173887,90.0,2.36
15:33:21.274276,68.42105263157895,2.36
15:33:21.374856,63.1578947368421,2.36
15:33:21.475405,65.0,2.36
15:33:21.575737,71.42857142857143,2.36
15:33:21.676161,73.6842105263158,2.36
15:33:21.776662,60.0,2.36
15:33:21.878088,80.0,2.36
15:33:21.978423,75.0,2.36
15:33:22.079591,90.0,2.36
15:33:22.179899,95.45454545454545,2.36
15:33:22.281564,73.6842105263158,2.36
15:33:22.381844,71.42857142857143,2.36
15:33:22.482108,84.21052631578947,2.36
15:33:22.582420,65.0,2.36
15:33:22.682712,75.0,2.36
15:33:22.783129,68.42105263157895,2.36
15:33:22.883481,80.0,2.36
15:33:22.984634,75.0,2.36
15:33:23.084933,84.21052631578947,2.36
15:33:23.185530,95.0,2.36
15:33:23.289989,72.72727272727273,2.36
15:33:23.390267,70.0,2.36
15:33:23.490531,70.0,2.36
15:33:23.590828,70.0,2.36
15:33:23.691101,73.6842105263158,2.36
15:33:23.791463,75.0,2.36
15:33:23.891717,72.72727272727273,2.36
15:33:23.993525,68.42105263157895,2.36
15:33:24.093878,89.47368421052632,2.36
15:33:24.194165,95.0,2.36
15:33:24.294468,90.0,2.36
15:33:24.396527,80.95238095238095,2.36
15:33:24.498548,71.42857142857143,2.36
15:33:24.599610,73.6842105263158,2.36
15:33:24.700005,80.0,2.36
15:33:24.800610,63.1578947368421,2.36
15:33:24.901528,71.42857142857143,2.36
15:33:25.005839,85.71428571428572,2.25
15:33:25.106183,80.0,2.25
15:33:25.207088,94.73684210526316,2.25
15:33:25.307379,71.42857142857143,2.25
15:33:25.407729,70.0,2.25
15:33:25.508522,70.0,2.25
15:33:25.610619,65.0,2.25
15:33:25.710877,75.0,2.25
15:33:25.817526,77.27272727272727,2.25
15:33:25.919552,84.21052631578947,2.25
15:33:26.019825,80.95238095238095,2.25
15:33:26.120075,89.47368421052632,2.25
15:33:26.220435,94.73684210526316,2.25
15:33:26.320784,90.47619047619048,2.25
15:33:26.421378,78.94736842105263,2.25
15:33:26.522543,76.19047619047619,2.25
15:33:26.622815,73.6842105263158,2.25
15:33:26.723202,75.0,2.25
15:33:26.828086,95.45454545454545,2.25
15:33:26.930242,100.0,2.25
15:33:27.030601,95.23809523809523,2.25
15:33:27.131056,100.0,2.25
15:33:27.231483,95.0,2.25
15:33:27.331746,100.0,2.25
15:33:27.433517,94.73684210526316,2.25
15:33:27.533815,94.73684210526316,2.25
15:33:27.634104,100.0,2.25
15:33:27.734469,95.0,2.25
15:33:27.835298,72.72727272727273,2.25
15:33:27.935560,77.77777777777779,2.25
15:33:28.036623,68.18181818181819,2.25
15:33:28.136980,72.22222222222221,2.25
15:33:28.237297,95.23809523809523,2.25
15:33:28.337528,75.0,2.25
15:33:28.437780,73.6842105263158,2.25
15:33:28.538326,90.0,2.25
15:33:28.638740,95.23809523809523,2.25
15:33:28.739086,100.0,2.25
15:33:28.840451,100.0,2.25
15:33:28.941221,95.23809523809523,2.25
15:33:29.041578,89.47368421052632,2.25
15:33:29.145989,100.0,2.25
15:33:29.246317,94.73684210526316,2.25
15:33:29.346697,100.0,2.25
15:33:29.447121,60.0,2.25
15:33:29.548628,70.0,2.25
15:33:29.648929,60.0,2.25
15:33:29.750522,76.19047619047619,2.25
15:33:29.850760,63.1578947368421,2.25
15:33:29.951048,66.66666666666667,2.25
15:33:30.051387,68.42105263157895,2.31
15:33:30.151801,65.0,2.31
15:33:30.252136,81.81818181818181,2.31
15:33:30.354683,80.0,2.31
15:33:30.454966,73.6842105263158,2.31
15:33:30.555238,73.6842105263158,2.31
15:33:30.655615,76.19047619047619,2.31
15:33:30.756108,66.66666666666667,2.31
15:33:30.856553,85.0,2.31
15:33:30.956844,57.89473684210527,2.31
15:33:31.057771,60.0,2.31
15:33:31.158211,66.66666666666667,2.31
15:33:31.258525,78.94736842105263,2.31
15:33:31.362690,90.47619047619048,2.31
15:33:31.463056,63.1578947368421,2.31
15:33:31.563434,75.0,2.31
15:33:31.665665,66.66666666666667,2.31
15:33:31.765982,78.94736842105263,2.31
15:33:31.866267,70.0,2.31
15:33:31.967574,70.0,2.31
15:33:32.067916,70.0,2.31
15:33:32.168253,57.89473684210527,2.31
15:33:32.270588,90.47619047619048,2.31
15:33:32.370914,85.71428571428572,2.31
15:33:32.471210,75.0,2.31
15:33:32.571538,80.0,2.31
15:33:32.671891,75.0,2.31
15:33:32.773540,66.66666666666667,2.31
15:33:32.873800,84.21052631578947,2.31
15:33:32.975549,95.23809523809523,2.31
15:33:33.075918,94.44444444444444,2.31
15:33:33.178425,72.72727272727273,2.31
15:33:33.278715,75.0,2.31
15:33:33.378982,100.0,2.31
15:33:33.479333,80.0,2.31
15:33:33.580523,70.0,2.31
15:33:33.680784,70.0,2.31
15:33:33.781029,75.0,2.31
15:33:33.881286,68.42105263157895,2.31
15:33:33.981684,60.0,2.31
15:33:34.081963,75.0,2.31
15:33:34.182194,70.0,2.31
15:33:34.283540,78.26086956521739,2.31
15:33:34.383821,100.0,2.31
15:33:34.484185,76.19047619047619,2.31
15:33:34.585555,65.0,2.31
15:33:34.685847,84.21052631578947,2.31
15:33:34.786109,70.0,2.31
15:33:34.886501,70.0,2.31
15:33:34.992557,77.27272727272727,2.21
15:33:35.092839,75.0,2.21
15:33:35.193084,78.94736842105263,2.21
15:33:35.294766,75.0,2.21
15:33:35.396587,100.0,2.21
15:33:35.496956,75.0,2.21
15:33:35.597330,65.0,2.21
15:33:35.698230,84.21052631578947,2.21
15:33:35.798596,76.19047619047619,2.21
15:33:35.898905,75.0,2.21
15:33:36.000506,72.72727272727273,2.21
15:33:36.100778,66.66666666666667,2.21
15:33:36.201096,70.0,2.21
15:33:36.302561,71.42857142857143,2.21
15:33:36.404347,100.0,2.21
15:33:36.504646,85.71428571428572,2.21
15:33:36.605454,57.89473684210527,2.21
15:33:36.706537,72.72727272727273,2.21
15:33:36.806804,73.6842105263158,2.21
15:33:36.907199,80.95238095238095,2.21
15:33:37.007568,66.66666666666667,2.21
15:33:37.107909,68.42105263157895,2.21
15:33:37.208348,71.42857142857143,2.21
15:33:37.308774,78.94736842105263,2.21
15:33:37.411604,100.0,2.21
15:33:37.511889,80.0,2.21
15:33:37.612174,65.0,2.21
15:33:37.712453,80.0,2.21
15:33:37.812737,70.0,2.21
15:33:37.913540,73.6842105263158,2.21
15:33:38.013785,72.72727272727273,2.21
15:33:38.114071,85.0,2.21
15:33:38.214322,73.6842105263158,2.21
15:33:38.316606,70.0,2.21
15:33:38.416870,100.0,2.21
15:33:38.517281,94.73684210526316,2.21
15:33:38.617816,80.0,2.21
15:33:38.718614,66.66666666666667,2.21
15:33:38.819029,70.0,2.21
15:33:38.919423,65.0,2.21
15:33:39.019762,61.904761904761905,2.21
15:33:39.121416,63.1578947368421,2.21
15:33:39.223495,66.66666666666667,2.21
15:33:39.323713,68.42105263157895,2.21
15:33:39.423995,94.73684210526316,2.21
15:33:39.524303,72.72727272727273,2.21
15:33:39.624566,63.1578947368421,2.21
15:33:39.724862,75.0,2.21
15:33:39.825117,75.0,2.21
15:33:39.925536,65.0,2.21
15:33:40.025795,70.0,2.19
15:33:40.127513,70.0,2.19
15:33:40.227772,68.42105263157895,2.19
15:33:40.328200,65.0,2.19
15:33:40.429541,95.23809523809523,2.19
15:33:40.529959,85.0,2.19
15:33:40.630339,57.14285714285714,2.19
15:33:40.730746,73.6842105263158,2.19
15:33:40.831800,80.0,2.19
15:33:40.932069,71.42857142857143,2.19
15:33:41.032349,68.42105263157895,2.19
15:33:41.132646,65.0,2.19
15:33:41.233237,65.0,2.19
15:33:41.333483,65.0,2.19
15:33:41.433779,90.0,2.19
15:33:41.534167,89.47368421052632,2.19
15:33:41.634712,55.00000000000001,2.19
15:33:41.735068,65.0,2.19
15:33:41.836677,71.42857142857143,2.19
15:33:41.937007,68.42105263157895,2.19
15:33:42.037605,72.72727272727273,2.19
15:33:42.137965,73.6842105263158,2.19
15:33:42.239650,75.0,2.19
15:33:42.340071,63.1578947368421,2.19
15:33:42.440561,80.95238095238095,2.19
15:33:42.541602,90.0,2.19
15:33:42.642736,75.0,2.19
15:33:42.743080,65.0,2.19
15:33:42.843413,70.0,2.19
15:33:42.943697,75.0,2.19
15:33:43.044728,60.0,2.19
15:33:43.145030,65.0,2.19
15:33:43.247614,75.0,2.19
15:33:43.347844,75.0,2.19
15:33:43.448110,90.47619047619048,2.19
15:33:43.548552,94.73684210526316,2.19
15:33:43.648847,70.0,2.19
15:33:43.749303,70.0,2.19
15:33:43.850530,71.42857142857143,2.19
15:33:43.950875,70.0,2.19
15:33:44.051149,70.0,2.19
15:33:44.152531,70.0,2.19
15:33:44.252789,65.0,2.19
15:33:44.353072,63.1578947368421,2.19
15:33:44.455586,85.71428571428572,2.19
15:33:44.557493,100.0,2.19
15:33:44.657785,71.42857142857143,2.19
15:33:44.758125,73.6842105263158,2.19
15:33:44.858482,71.42857142857143,2.19
15:33:44.959545,66.66666666666667,2.09
15:33:45.060738,75.0,2.09
15:33:45.161002,78.94736842105263,2.09
15:33:45.261541,60.0,2.09
15:33:45.362749,70.0,2.09
15:33:45.465752,90.9090909090909,2.09
15:33:45.566141,94.73684210526316,2.09
15:33:45.668569,65.0,2.09
15:33:45.770848,71.42857142857143,2.09
15:33:45.871304,85.0,2.09
15:33:45.971709,68.42105263157895,2.09
15:33:46.072027,61.904761904761905,2.09
15:33:46.174601,75.0,2.09
15:33:46.274894,73.6842105263158,2.09
15:33:46.375171,60.0,2.09
15:33:46.475542,66.66666666666667,2.09
15:33:46.575864,100.0,2.09
15:33:46.678341,55.00000000000001,2.09
15:33:46.778647,80.0,2.09
15:33:46.878933,73.6842105263158,2.09
15:33:46.979233,70.0,2.09
15:33:47.079588,68.18181818181819,2.09
15:33:47.179938,68.42105263157895,2.09
15:33:47.280564,76.19047619047619,2.09
15:33:47.380817,73.6842105263158,2.09
15:33:47.481167,85.0,2.09
15:33:47.581531,100.0,2.09
15:33:47.681815,78.94736842105263,2.09
15:33:47.782106,70.0,2.09
15:33:47.882459,70.0,2.09
15:33:47.982754,94.73684210526316,2.09
15:33:48.083035,95.23809523809523,2.09
15:33:48.183958,75.0,2.09
15:33:48.284209,75.0,2.09
15:33:48.384490,75.0,2.09
15:33:48.484743,73.6842105263158,2.09
15:33:48.586514,95.45454545454545,2.09
15:33:48.686803,88.88888888888889,2.09
15:33:48.787134,70.0,2.09
15:33:48.887501,80.0,2.09
15:33:48.988539,80.0,2.09
15:33:49.089397,78.94736842105263,2.09
15:33:49.190524,72.72727272727273,2.09
15:33:49.290802,89.47368421052632,2.09
15:33:49.392568,71.42857142857143,2.09
15:33:49.492917,75.0,2.09
15:33:49.593178,95.0,2.09
15:33:49.693520,95.0,2.09
15:33:49.793878,65.0,2.09
15:33:49.894262,60.0,2.09
15:33:49.995545,75.0,2.17
15:33:50.095862,63.1578947368421,2.17
15:33:50.196342,70.0,2.17
15:33:50.296672,75.0,2.17
15:33:50.397526,65.0,2.17
15:33:50.497764,75.0,2.17
15:33:50.599552,95.45454545454545,2.17
15:33:50.699933,72.22222222222221,2.17
15:33:50.800211,70.0,2.17
15:33:50.900648,80.0,2.17
15:33:51.001396,55.00000000000001,2.17
15:33:51.102194,75.0,2.17
15:33:51.204744,71.42857142857143,2.17
15:33:51.304997,73.6842105263158,2.17
15:33:51.405453,57.89473684210527,2.17
15:33:51.506515,61.904761904761905,2.17
15:33:51.609622,90.9090909090909,2.17
15:33:51.710057,85.0,2.17
15:33:51.810534,55.00000000000001,2.17
15:33:51.912609,75.0,2.17
15:33:52.012849,70.0,2.17
15:33:52.113199,73.6842105263158,2.17
15:33:52.213511,71.42857142857143,2.17
15:33:52.313786,65.0,2.17
15:33:52.414110,70.0,2.17
15:33:52.514412,78.94736842105263,2.17
15:33:52.614730,89.47368421052632,2.17
15:33:52.715623,80.0,2.17
15:33:52.815889,75.0,2.17
15:33:52.916246,70.0,2.17
15:33:53.016784,57.89473684210527,2.17
15:33:53.117110,76.19047619047619,2.17
15:33:53.217672,71.42857142857143,2.17
15:33:53.317957,66.66666666666667,2.17
15:33:53.418409,71.42857142857143,2.17
15:33:53.519174,65.0,2.17
15:33:53.620457,89.47368421052632,2.17
15:33:53.720747,90.47619047619048,2.17
15:33:53.821174,61.904761904761905,2.17
15:33:53.921669,63.1578947368421,2.17
15:33:54.022050,65.0,2.17
15:33:54.122516,65.0,2.17
15:33:54.222879,63.1578947368421,2.17
15:33:54.323169,71.42857142857143,2.17
15:33:54.424622,70.0,2.17
15:33:54.524876,63.1578947368421,2.17
15:33:54.625183,90.47619047619048,2.17
15:33:54.725554,100.0,2.17
15:33:54.827521,65.0,2.17
15:33:54.927838,63.1578947368421,2.17
15:33:55.028291,75.0,2.07
15:33:55.128873,50.0,2.07
15:33:55.229554,66.66666666666667,2.07
15:33:55.330105,65.0,2.07
15:33:55.430437,65.0,2.07
15:33:55.531517,65.0,2.07
15:33:55.631803,90.0,2.07
15:33:55.732142,95.23809523809523,2.07
15:33:55.836532,78.94736842105263,2.07
15:33:55.936802,70.0,2.07
15:33:56.037201,61.904761904761905,2.07
15:33:56.137559,65.0,2.07
15:33:56.237899,70.0,2.07
15:33:56.338159,65.0,2.07
15:33:56.439625,66.66666666666667,2.07
15:33:56.539855,57.89473684210527,2.07
15:33:56.640207,85.0,2.07
15:33:56.740682,85.71428571428572,2.07
15:33:56.841070,77.77777777777779,2.07
15:33:56.941516,76.19047619047619,2.07
15:33:57.045542,85.0,2.07
15:33:57.147293,70.0,2.07
15:33:57.247554,76.19047619047619,2.07
15:33:57.347911,76.19047619047619,2.07
15:33:57.448273,78.94736842105263,2.07
15:33:57.548590,66.66666666666667,2.07
15:33:57.648921,78.94736842105263,2.07
15:33:57.749205,95.0,2.07
15:33:57.850210,70.0,2.07
15:33:57.950501,75.0,2.07
15:33:58.055353,71.42857142857143,2.07
15:33:58.158531,80.95238095238095,2.07
15:33:58.258808,73.6842105263158,2.07
15:33:58.359124,75.0,2.07
15:33:58.459451,78.94736842105263,2.07
15:33:58.560135,70.0,2.07
15:33:58.662648,86.36363636363636,2.07
15:33:58.763667,100.0,2.07
15:33:58.863922,85.0,2.07
15:33:58.964255,71.42857142857143,2.07
15:33:59.064536,68.42105263157895,2.07
15:33:59.166730,66.66666666666667,2.07
15:33:59.267201,60.0,2.07
15:33:59.367645,57.89473684210527,2.07
15:33:59.468253,60.0,2.07
15:33:59.569520,61.904761904761905,2.07
15:33:59.669775,75.0,2.07
15:33:59.770116,100.0,2.07
15:33:59.870415,100.0,2.07
15:33:59.970780,95.0,2.39
15:34:00.071275,61.904761904761905,2.39
15:34:00.171576,65.0,2.39
15:34:00.271955,60.0,2.39
15:34:00.372443,60.0,2.39
15:34:00.473551,70.0,2.39
15:34:00.574681,90.0,2.39
15:34:00.674961,95.0,2.39
15:34:00.775241,100.0,2.39
15:34:00.875539,100.0,2.39
15:34:00.976215,100.0,2.39
15:34:01.077126,95.0,2.39
15:34:01.177612,95.0,2.39
15:34:01.277889,100.0,2.39
15:34:01.381826,95.0,2.39
15:34:01.482288,95.23809523809523,2.39
15:34:01.583518,100.0,2.39
15:34:01.683826,95.0,2.39
15:34:01.784123,100.0,2.39
15:34:01.884487,95.23809523809523,2.39
15:34:01.984812,100.0,2.39
15:34:02.086513,100.0,2.39
15:34:02.187963,100.0,2.39
15:34:02.288322,95.0,2.39
15:34:02.388676,94.73684210526316,2.39
15:34:02.489645,95.0,2.39
15:34:02.590016,95.0,2.39
15:34:02.690447,68.18181818181819,2.39
15:34:02.790774,95.0,2.39
15:34:02.891302,94.44444444444444,2.39
15:34:02.995705,95.23809523809523,2.39
15:34:03.096420,100.0,2.39
15:34:03.196752,95.0,2.39
15:34:03.297171,95.0,2.39
15:34:03.398408,100.0,2.39
15:34:03.498720,100.0,2.39
15:34:03.599083,85.0,2.39
15:34:03.699406,70.0,2.39
15:34:03.799788,90.0,2.39
15:34:03.900592,90.47619047619048,2.39
15:34:04.001656,70.0,2.39
15:34:04.102006,68.42105263157895,2.39
15:34:04.202664,65.0,2.39
15:34:04.302999,75.0,2.39
15:34:04.404626,70.0,2.39
15:34:04.504875,66.66666666666667,2.39
15:34:04.605174,63.1578947368421,2.39
15:34:04.706615,66.66666666666667,2.39
15:34:04.806963,100.0,2.39
15:34:04.907264,90.0,2.39
15:34:05.007539,75.0,2.52
15:34:05.108314,70.0,2.52
15:34:05.208512,80.0,2.52
15:34:05.309752,75.0,2.52
15:34:05.411258,80.95238095238095,2.52
15:34:05.511522,78.94736842105263,2.52
15:34:05.614525,76.19047619047619,2.52
15:34:05.714802,73.6842105263158,2.52
15:34:05.815119,90.47619047619048,2.52
15:34:05.915416,100.0,2.52
15:34:06.017597,81.81818181818181,2.52
15:34:06.117933,73.6842105263158,2.52
15:34:06.218215,80.95238095238095,2.52
15:34:06.319617,70.0,2.52
15:34:06.419894,78.94736842105263,2.52
15:34:06.520309,65.0,2.52
15:34:06.620629,76.19047619047619,2.52
15:34:06.720981,68.42105263157895,2.52
15:34:06.823604,86.36363636363636,2.52
15:34:06.923878,100.0,2.52
15:34:07.024160,70.0,2.52
15:34:07.124496,63.1578947368421,2.52
15:34:07.224904,70.0,2.52
15:34:07.326572,57.14285714285714,2.52
15:34:07.426889,73.6842105263158,2.52
15:34:07.527154,65.0,2.52
15:34:07.627522,70.0,2.52
15:34:07.727943,70.0,2.52
15:34:07.828863,75.0,2.52
15:34:07.929230,90.47619047619048,2.52
15:34:08.029632,60.0,2.52
15:34:08.129939,75.0,2.52
15:34:08.230280,65.0,2.52
15:34:08.330613,66.66666666666667,2.52
15:34:08.432650,75.0,2.52
15:34:08.532896,75.0,2.52
15:34:08.633200,63.1578947368421,2.52
15:34:08.733538,71.42857142857143,2.52
15:34:08.836547,84.21052631578947,2.52
15:34:08.937577,90.0,2.52
15:34:09.037861,85.71428571428572,2.52
15:34:09.139537,73.6842105263158,2.52
15:34:09.239986,60.0,2.52
15:34:09.340525,75.0,2.52
15:34:09.440840,84.21052631578947,2.52
15:34:09.541211,76.19047619047619,2.52
15:34:09.643548,65.0,2.52
15:34:09.746554,66.66666666666667,2.52
15:34:09.848621,85.0,2.52
15:34:09.948976,94.73684210526316,2.52
15:34:10.049354,75.0,2.64
15:34:10.151532,76.19047619047619,2.64
15:34:10.251935,63.1578947368421,2.64
15:34:10.352194,65.0,2.64
15:34:10.453625,75.0,2.64
15:34:10.553892,75.0,2.64
15:34:10.654264,61.904761904761905,2.64
15:34:10.754606,65.0,2.64
15:34:10.856580,95.0,2.64
15:34:10.957624,95.0,2.64
15:34:11.057913,73.6842105263158,2.64
15:34:11.158212,75.0,2.64
15:34:11.258636,65.0,2.64
15:34:11.358940,70.0,2.64
15:34:11.459251,71.42857142857143,2.64
15:34:11.561724,75.0,2.64
15:34:11.663595,76.19047619047619,2.64
15:34:11.763870,68.42105263157895,2.64
15:34:11.864214,75.0,2.64
15:34:11.964521,94.73684210526316,2.64
15:34:12.069390,75.0,2.64
15:34:12.169630,75.0,2.64
15:34:12.269881,76.19047619047619,2.64
15:34:12.371516,80.0,2.64
15:34:12.471760,80.0,2.64
15:34:12.572008,80.0,2.64
15:34:12.672309,71.42857142857143,2.64
15:34:12.772614,73.6842105263158,2.64
15:34:12.872888,73.6842105263158,2.64
15:34:12.973777,90.47619047619048,2.64
15:34:13.074090,100.0,2.64
15:34:13.174459,66.66666666666667,2.64
15:34:13.276610,66.66666666666667,2.64
15:34:13.376942,75.0,2.64
15:34:13.477222,80.0,2.64
15:34:13.577669,75.0,2.64
15:34:13.678561,70.0,2.64
15:34:13.778953,60.0,2.64
15:34:13.879232,68.42105263157895,2.64
15:34:13.985582,95.45454545454545,2.64
15:34:14.085897,78.94736842105263,2.64
15:34:14.186665,63.1578947368421,2.64
15:34:14.287532,68.18181818181819,2.64
15:34:14.389630,61.904761904761905,2.64
15:34:14.489935,70.0,2.64
15:34:14.590512,70.0,2.64
15:34:14.690767,70.0,2.64
15:34:14.791090,70.0,2.64
15:34:14.895391,80.0,2.64
15:34:14.995644,89.47368421052632,2.75
15:34:15.096026,85.71428571428572,2.75
15:34:15.196595,80.0,2.75
15:34:15.296893,78.94736842105263,2.75
15:34:15.397183,70.0,2.75
15:34:15.497475,75.0,2.75
15:34:15.599600,76.19047619047619,2.75
15:34:15.699868,80.0,2.75
15:34:15.800122,84.21052631578947,2.75
15:34:15.901706,86.36363636363636,2.75
15:34:16.005686,85.0,2.75
15:34:16.106035,100.0,2.75
15:34:16.206342,66.66666666666667,2.75
15:34:16.307138,63.1578947368421,2.75
15:34:16.407462,80.0,2.75
15:34:16.507723,75.0,2.75
15:34:16.607972,63.1578947368421,2.75
15:34:16.708329,66.66666666666667,2.75
15:34:16.809504,73.6842105263158,2.75
15:34:16.909740,80.95238095238095,2.75
15:34:17.010598,90.0,2.75
15:34:17.111136,94.73684210526316,2.75
15:34:17.211451,70.0,2.75
15:34:17.311752,71.42857142857143,2.75
15:34:17.412060,65.0,2.75
15:34:17.512441,65.0,2.75
15:34:17.612749,70.0,2.75
15:34:17.713049,70.0,2.75
15:34:17.813503,68.42105263157895,2.75
15:34:17.914536,57.14285714285714,2.75
15:34:18.015210,100.0,2.75
15:34:18.115583,90.0,2.75
15:34:18.215973,78.94736842105263,2.75
15:34:18.317539,65.0,2.75
15:34:18.417795,66.66666666666667,2.75
15:34:18.518039,68.42105263157895,2.75
15:34:18.618346,65.0,2.75
15:34:18.720506,65.0,2.75
15:34:18.820767,65.0,2.75
15:34:18.921085,70.0,2.75
15:34:19.021765,85.0,2.75
15:34:19.122017,95.0,2.75
15:34:19.224578,76.19047619047619,2.75
15:34:19.324858,68.42105263157895,2.75
15:34:19.425220,68.42105263157895,2.75
15:34:19.525527,66.66666666666667,2.75
15:34:19.625843,57.89473684210527,2.75
15:34:19.727627,76.19047619047619,2.75
15:34:19.827918,75.0,2.75
15:34:19.928191,68.42105263157895,2.75
15:34:20.029562,77.27272727272727,2.61
15:34:20.130096,95.0,2.61
15:34:20.230435,75.0,2.61
15:34:20.333528,70.0,2.61
15:34:20.433812,75.0,2.61
15:34:20.534096,73.6842105263158,2.61
15:34:20.634447,65.0,2.61
15:34:20.734786,71.42857142857143,2.61
15:34:20.839519,85.0,2.61
15:34:20.939785,72.72727272727273,2.61
15:34:21.040035,73.6842105263158,2.61
15:34:21.140294,95.23809523809523,2.61
15:34:21.240522,100.0,2.61
15:34:21.340854,84.21052631578947,2.61
15:34:21.441236,65.0,2.61
15:34:21.544510,72.72727272727273,2.61
15:34:21.644734,68.42105263157895,2.61
15:34:21.749510,80.0,2.61
15:34:21.850476,65.0,2.61
15:34:21.950754,71.42857142857143,2.61
15:34:22.051285,78.94736842105263,2.61
15:34:22.152061,95.23809523809523,2.61
15:34:22.252488,66.66666666666667,2.61
15:34:22.353531,76.19047619047619,2.61
15:34:22.454662,70.0,2.61
15:34:22.557524,65.0,2.61
15:34:22.658514,81.81818181818181,2.61
15:34:22.758792,78.94736842105263,2.61
15:34:22.859034,68.42105263157895,2.61
15:34:22.959472,71.42857142857143,2.61
15:34:23.059750,84.21052631578947,2.61
15:34:23.160563,90.0,2.61
15:34:23.261626,85.0,2.61
15:34:23.361966,75.0,2.61
15:34:23.464349,80.0,2.61
15:34:23.564693,71.42857142857143,2.61
15:34:23.665113,73.6842105263158,2.61
15:34:23.765455,66.66666666666667,2.61
15:34:23.866513,68.42105263157895,2.61
15:34:23.966808,70.0,2.61
15:34:24.067071,65.0,2.61
15:34:24.169526,100.0,2.61
15:34:24.269843,78.94736842105263,2.61
15:34:24.370169,61.904761904761905,2.61
15:34:24.471705,75.0,2.61
15:34:24.572024,68.42105263157895,2.61
15:34:24.672302,70.0,2.61
15:34:24.773601,60.0,2.61
15:34:24.874032,57.14285714285714,2.61
15:34:24.974525,63.1578947368421,2.4
15:34:25.075535,65.0,2.4
15:34:25.176591,95.0,2.4
15:34:25.276875,85.0,2.4
15:34:25.377199,65.0,2.4
15:34:25.477544,63.1578947368421,2.4
15:34:25.577855,70.0,2.4
15:34:25.683289,76.19047619047619,2.4
15:34:25.783615,61.904761904761905,2.4
15:34:25.885529,94.73684210526316,2.4
15:34:25.985801,70.0,2.4
15:34:26.086240,65.0,2.4
15:34:26.186564,100.0,2.4
15:34:26.286922,75.0,2.4
15:34:26.387189,75.0,2.4
15:34:26.489819,71.42857142857143,2.4
15:34:26.590190,73.6842105263158,2.4
15:34:26.690758,76.19047619047619,2.4
15:34:26.791673,75.0,2.4
15:34:26.892121,71.42857142857143,2.4
15:34:26.992388,68.42105263157895,2.4
15:34:27.093604,70.0,2.4
15:34:27.193986,100.0,2.4
15:34:27.299823,95.45454545454545,2.4
15:34:27.400121,78.94736842105263,2.4
15:34:27.500444,75.0,2.4
15:34:27.600791,75.0,2.4
15:34:27.701127,76.19047619047619,2.4
15:34:27.802632,78.94736842105263,2.4
15:34:27.902908,80.95238095238095,2.4
15:34:28.003151,70.0,2.4
15:34:28.103421,75.0,2.4
15:34:28.204402,90.0,2.4
15:34:28.304687,100.0,2.4
15:34:28.404983,75.0,2.4
15:34:28.505252,76.19047619047619,2.4
15:34:28.608388,80.0,2.4
15:34:28.710517,70.0,2.4
15:34:28.810773,80.95238095238095,2.4
15:34:28.913340,76.19047619047619,2.4
15:34:29.013581,68.42105263157895,2.4
15:34:29.113868,75.0,2.4
15:34:29.215642,80.0,2.4
15:34:29.315970,94.73684210526316,2.4
15:34:29.416262,65.0,2.4
15:34:29.516649,66.66666666666667,2.4
15:34:29.617127,66.66666666666667,2.4
15:34:29.717534,61.904761904761905,2.4
15:34:29.819537,76.19047619047619,2.4
15:34:29.919785,73.6842105263158,2.4
15:34:30.020033,85.0,2.28
15:34:30.120282,57.89473684210527,2.28
15:34:30.220543,90.47619047619048,2.28
15:34:30.320824,95.0,2.28
15:34:30.421174,84.21052631578947,2.28
15:34:30.521468,71.42857142857143,2.28
15:34:30.624562,85.0,2.28
15:34:30.724856,70.0,2.28
15:34:30.826657,76.19047619047619,2.28
15:34:30.926951,73.6842105263158,2.28
15:34:31.027212,80.0,2.28
15:34:31.127606,80.95238095238095,2.28
15:34:31.227986,80.0,2.28
15:34:31.329724,94.44444444444444,2.28
15:34:31.430101,76.19047619047619,2.28
15:34:31.530517,70.0,2.28
15:34:31.631526,70.0,2.28
15:34:31.732046,60.0,2.28
15:34:31.833543,65.0,2.28
15:34:31.933851,85.71428571428572,2.28
15:34:32.034169,78.94736842105263,2.28
15:34:32.134490,61.904761904761905,2.28
15:34:32.235762,84.21052631578947,2.28
15:34:32.336046,95.23809523809523,2.28
15:34:32.436332,72.22222222222221,2.28
15:34:32.536901,76.19047619047619,2.28
15:34:32.638517,76.19047619047619,2.28
15:34:32.742746,71.42857142857143,2.28
15:34:32.843063,68.42105263157895,2.28
15:34:32.944624,80.95238095238095,2.28
15:34:33.044888,100.0,2.28
15:34:33.146574,95.0,2.28
15:34:33.248553,100.0,2.28
15:34:33.348846,100.0,2.28
15:34:33.449269,70.0,2.28
15:34:33.550564,65.0,2.28
15:34:33.650961,73.6842105263158,2.28
15:34:33.753758,70.0,2.28
15:34:33.854043,68.18181818181819,2.28
15:34:33.954423,85.0,2.28
15:34:34.054839,57.89473684210527,2.28
15:34:34.165630,59.09090909090908,2.28
15:34:34.265916,80.95238095238095,2.28
15:34:34.366257,100.0,2.28
15:34:34.466567,85.71428571428572,2.28
15:34:34.566823,70.0,2.28
15:34:34.667124,75.0,2.28
15:34:34.767544,65.0,2.28
15:34:34.868566,68.42105263157895,2.28
15:34:34.969651,71.42857142857143,2.26
15:34:35.070136,71.42857142857143,2.26
15:34:35.170527,63.1578947368421,2.26
15:34:35.270778,75.0,2.26
15:34:35.371066,95.0,2.26
15:34:35.471390,95.0,2.26
15:34:35.571842,68.42105263157895,2.26
15:34:35.672201,66.66666666666667,2.26
15:34:35.772571,68.42105263157895,2.26
15:34:35.873545,80.0,2.26
15:34:35.973970,71.42857142857143,2.26
15:34:36.074286,70.0,2.26
15:34:36.174626,76.19047619047619,2.26
15:34:36.274958,63.1578947368421,2.26
15:34:36.375314,80.0,2.26
15:34:36.477667,85.71428571428572,2.26
15:34:36.577962,85.71428571428572,2.26
15:34:36.678335,63.1578947368421,2.26
15:34:36.781530,71.42857142857143,2.26
15:34:36.888526,80.95238095238095,2.26
15:34:36.988818,80.0,2.26
15:34:37.089178,75.0,2.26
15:34:37.189553,75.0,2.26
15:34:37.291661,80.0,2.26
15:34:37.391975,90.47619047619048,2.26
15:34:37.492342,100.0,2.26
15:34:37.594224,71.42857142857143,2.26
15:34:37.695505,71.42857142857143,2.26
15:34:37.795752,75.0,2.26
15:34:37.896500,73.6842105263158,2.26
15:34:37.996845,80.95238095238095,2.26
15:34:38.097222,73.6842105263158,2.26
15:34:38.200547,77.27272727272727,2.26
15:34:38.300938,70.0,2.26
15:34:38.402335,100.0,2.26
15:34:38.502831,80.0,2.26
15:34:38.603103,71.42857142857143,2.26
15:34:38.703543,75.0,2.26
15:34:38.804520,65.0,2.26
15:34:38.904769,75.0,2.26
15:34:39.005268,80.0,2.26
15:34:39.105799,55.00000000000001,2.26
15:34:39.206526,76.19047619047619,2.26
15:34:39.306769,73.6842105263158,2.26
15:34:39.407746,85.0,2.26
15:34:39.508554,94.73684210526316,2.26
15:34:39.610411,80.95238095238095,2.26
15:34:39.710701,73.6842105263158,2.26
15:34:39.810969,66.66666666666667,2.26
15:34:39.911412,80.95238095238095,2.26
15:34:40.011663,77.77777777777779,2.08
15:34:40.112019,72.72727272727273,2.08
15:34:40.212379,78.94736842105263,2.08
15:34:40.312697,75.0,2.08
15:34:40.414512,85.0,2.08
15:34:40.518556,95.0,2.08
15:34:40.622565,85.71428571428572,2.08
15:34:40.722844,66.66666666666667,2.08
15:34:40.823093,80.0,2.08
15:34:40.923437,80.0,2.08
15:34:41.023699,78.94736842105263,2.08
15:34:41.124706,61.904761904761905,2.08
15:34:41.225004,73.6842105263158,2.08
15:34:41.325443,75.0,2.08
15:34:41.425699,80.0,2.08
15:34:41.527642,100.0,2.08
15:34:41.627971,75.0,2.08
15:34:41.728274,65.0,2.08
15:34:41.829510,75.0,2.08
15:34:41.929753,80.95238095238095,2.08
15:34:42.030062,63.1578947368421,2.08
15:34:42.130461,65.0,2.08
15:34:42.230992,60.0,2.08
15:34:42.331350,60.0,2.08
15:34:42.431725,75.0,2.08
15:34:42.532632,100.0,2.08
15:34:42.633002,81.81818181818181,2.08
15:34:42.737554,75.0,2.08
15:34:42.837811,75.0,2.08
15:34:42.939546,76.19047619047619,2.08
15:34:43.039819,73.6842105263158,2.08
15:34:43.140066,80.0,2.08
15:34:43.240543,66.66666666666667,2.08
15:34:43.342523,75.0,2.08
15:34:43.442802,75.0,2.08
15:34:43.543081,100.0,2.08
15:34:43.643661,90.0,2.08
15:34:43.744002,65.0,2.08
15:34:43.846132,80.0,2.08
15:34:43.946434,75.0,2.08
15:34:44.048741,72.72727272727273,2.08
15:34:44.149040,78.94736842105263,2.08
15:34:44.251655,75.0,2.08
15:34:44.351947,70.0,2.08
15:34:44.452200,80.0,2.08
15:34:44.552477,100.0,2.08
15:34:44.652823,85.71428571428572,2.08
15:34:44.753227,72.22222222222221,2.08
15:34:44.853657,76.19047619047619,2.08
15:34:44.954525,71.42857142857143,2.08
15:34:45.054834,65.0,2.07
15:34:45.155150,75.0,2.07
15:34:45.257613,75.0,2.07
15:34:45.359562,60.0,2.07
15:34:45.459841,66.66666666666667,2.07
15:34:45.560128,100.0,2.07
15:34:45.660457,90.0,2.07
15:34:45.760758,80.0,2.07
15:34:45.861628,80.0,2.07
15:34:45.962525,70.0,2.07
15:34:46.062792,66.66666666666667,2.07
15:34:46.163023,73.6842105263158,2.07
15:34:46.263417,75.0,2.07
15:34:46.363757,71.42857142857143,2.07
15:34:46.464071,63.1578947368421,2.07
15:34:46.569548,85.0,2.07
15:34:46.669819,95.0,2.07
15:34:46.774531,86.36363636363636,2.07
15:34:46.878412,85.0,2.07
15:34:46.978690,71.42857142857143,2.07
15:34:47.078948,80.0,2.07
15:34:47.179575,73.6842105263158,2.07
15:34:47.281523,68.42105263157895,2.07
15:34:47.381850,71.42857142857143,2.07
15:34:47.482114,75.0,2.07
15:34:47.583543,84.21052631578947,2.07
15:34:47.686812,95.23809523809523,2.07
15:34:47.787166,80.0,2.07
15:34:47.887481,75.0,2.07
