timestamp_ms,pid,scheduling_delay_ms,service_time_ms,total_latency_ms
2863401.79,14483,2.657,6.551,9.208
2863470.71,14484,0.428,6.141,6.569
2863475.63,14485,1.059,7.253,8.312
2863475.99,14483,0.095,4.844,4.938
2863580.27,14483,0.072,4.105,4.177
2863586.1,14484,2.155,21.935,24.091
2863588.35,14485,2.045,14.237,16.282
2863620.38,14483,0.102,4.531,4.632
2863622.82,14484,2.096,4.658,6.754
2863655.55,14485,0.154,4.514,4.668
2863771.31,14483,0.14,4.189,4.33
2863844.71,14484,0.215,9.757,9.972
2863908.99,14485,0.206,4.28,4.487
2863980.34,14483,2.095,8.192,10.287
2864073.86,14484,0.136,4.142,4.278
2864092.2,14485,0.512,3.969,4.481
2864126.06,14483,0.243,6.048,6.291
2864194.06,14484,0.23,4.666,4.895
2864348.27,14485,2.375,5.794,8.169
2864418.99,14483,0.19,4.178,4.369
2864443.41,14484,2.036,10.293,12.329
2864444.59,14485,2.028,5.431,7.459
2864484.77,14483,0.287,4.068,4.355
2864495.81,14484,0.173,4.016,4.189
2864581.06,14485,0.252,5.773,6.025
2864752.66,14483,1.315,4.296,5.611
2864806.16,14484,0.225,4.639,4.864
2864823.98,14485,0.11,4.438,4.548
2864939.35,14483,0.116,4.137,4.254
2865084.23,14484,0.371,6.135,6.505
2865160.6,14485,1.105,4.238,5.343
2865168.83,14483,0.105,4.2,4.305
2865222.21,14484,0.097,6.081,6.178
2865223.31,14485,0.08,3.941,4.021
2865251.86,14483,0.128,4.322,4.451
2865268.01,14484,0.093,6.269,6.362
2865335.4,14485,0.25,8.247,8.496
2865355.49,14483,0.112,6.033,6.145
2865389.08,14484,0.122,4.182,4.304
2865431.81,14485,0.13,5.91,6.039
2865440.74,14483,0.095,4.316,4.411
2865457.51,14485,0.06,6.258,6.318
2865457.86,14484,0.112,8.051,8.164
2865461.52,14483,0.065,4.383,4.448
2865483.48,14485,0.079,3.991,4.07
2865530.98,14484,0.102,4.349,4.451
2865567.05,14483,0.109,6.945,7.054
2865595.45,14485,0.16,4.07,4.229
2865691.32,14484,0.157,4.449,4.606
2865729.67,14483,0.121,3.802,3.923
2865808.9,14485,0.105,5.323,5.428
2865862.78,14484,0.131,4.447,4.578
2865877.08,14483,0.091,6.861,6.952
2865927.41,14485,0.202,4.228,4.429
2865934.15,14484,0.156,4.112,4.268
2865982.11,14483,1.769,3.959,5.729
2865995.39,14485,0.092,3.889,3.981
2866055.22,14484,1.48,4.046,5.526
2866119.04,14483,0.125,6.197,6.322
2866159.29,14485,0.108,4.095,4.203
2866289.61,14484,0.147,6.1,6.247
2866392.1,14485,0.07,3.953,4.023
2866398.05,14483,0.135,10.077,10.212
2866398.12,14484,0.053,5.992,6.046
2866449.37,14485,0.097,4.712,4.809
2866641.2,14483,0.176,4.232,4.408
2866701.39,14484,0.18,4.064,4.244
2866705.85,14485,0.137,4.032,4.169
2866791.96,14483,0.117,6.364,6.48
2866868.76,14484,0.19,3.929,4.119
2866923.04,14485,2.66,8.605,11.265
2866954.7,14483,0.164,4.139,4.303
2867002.4,14484,0.133,8.125,8.258
2867028.96,14485,0.115,5.722,5.836
2867036.13,14483,0.152,3.998,4.149
2867048.85,14484,0.086,4.086,4.171
2867181.92,14485,0.173,5.995,6.168
2867242.65,14483,0.139,4.116,4.255
2867605.36,14484,2.412,3.878,6.29
2867752.42,14485,0.232,4.312,4.544
2868083.87,14483,0.138,4.011,4.149
2868092.97,14484,0.145,5.4,5.545
2868121.39,14485,2.757,4.179,6.935
2868148.83,14483,0.138,4.245,4.383
2868156.76,14484,0.128,4.125,4.253
2868184.33,14485,0.232,7.042,7.274
2868204.79,14483,1.152,11.696,12.847
2868208.52,14485,5.301,6.392,11.693
2868213.23,14484,5.582,11.165,16.747
2868217.43,14483,1.058,8.247,9.306
2868227.25,14485,2.213,4.132,6.345
2868230.86,14484,0.062,5.587,5.649
2868236.07,14483,0.057,3.87,3.928
2868246.88,14485,0.073,3.861,3.934
2868260.14,14484,0.078,4.01,4.088
2868263.8,14483,0.08,4.354,4.434
2868267.04,14484,0.053,4.037,4.091
2868338.5,14485,0.144,5.844,5.987
2868338.75,14483,0.087,6.365,6.452
2868376.96,14484,0.573,11.659,12.232
2868389.67,14485,0.112,4.15,4.262
2868405.03,14483,0.084,4.027,4.111
2868423.12,14484,0.115,9.195,9.311
2868430.35,14485,0.093,4.201,4.293
2868464.07,14483,0.095,5.499,5.594
2868484.1,14484,0.924,4.321,5.245
2868498.13,14485,0.098,4.741,4.839
2868511.26,14483,0.108,4.309,4.417
2868556.41,14484,0.119,4.394,4.513
2868580.49,14485,0.095,4.262,4.357
2868597.73,14483,0.095,4.304,4.399
2868602.79,14484,0.116,4.697,4.814
2868607.79,14485,0.065,4.288,4.352
2868626.85,14483,0.091,7.257,7.347
2868635.77,14484,0.367,4.341,4.708
2868643.65,14485,0.066,7.446,7.512
2868667.26,14483,0.083,4.222,4.305
2868678.74,14484,0.092,4.714,4.806
2868689.67,14485,0.081,4.465,4.547
2868702.96,14483,0.072,7.534,7.606
2868769.84,14484,0.219,4.159,4.378
2868780.55,14485,0.891,4.211,5.102
2868796.88,14483,0.14,4.1,4.24
2868821.85,14484,2.034,6.173,8.207
2868849.01,14485,0.096,4.341,4.437
2868849.72,14483,0.121,4.315,4.436
2868856.19,14484,0.087,4.279,4.366
2868868.39,14485,0.295,5.105,5.4
2868880.45,14483,1.335,5.167,6.503
2868890.09,14484,0.125,6.98,7.105
2868913.42,14485,0.092,4.077,4.169
2868920.55,14483,0.069,4.304,4.373
2868944.69,14484,0.883,4.466,5.349
2868969.5,14485,0.26,11.502,11.762
2868973.59,14483,0.208,4.394,4.602
2869038.85,14484,0.189,5.009,5.198
2869057.36,14485,2.184,7.168,9.352
2869061.56,14483,0.066,3.94,4.006
2869066.8,14484,0.064,3.957,4.021
2869076.17,14485,0.078,3.989,4.067
2869079.68,14483,0.068,3.962,4.029
2869108.73,14485,0.135,4.382,4.517
2869148.79,14484,0.099,4.631,4.73
2869154.64,14483,0.085,4.161,4.245
2869157.96,14485,0.062,3.844,3.906
2869162.21,14484,0.063,4.576,4.639
2869175.75,14485,0.075,4.079,4.153
2869196.86,14483,0.078,4.03,4.109
2869215.23,14484,0.149,4.028,4.177
2869219.21,14485,0.064,4.969,5.033
2869221.07,14483,0.081,4.567,4.648
2869247.14,14484,0.078,3.932,4.01
2869274.06,14485,0.146,6.164,6.31
2869322.25,14483,0.136,7.355,7.491
2869377.77,14484,0.13,4.052,4.183
2869397.4,14485,0.142,4.071,4.213
2869445.06,14483,2.488,9.737,12.225
2869460.34,14484,0.084,9.184,9.268
2869514.43,14485,0.156,8.027,8.182
2869536.51,14483,0.106,11.314,11.42
2869539.96,14484,0.116,8.704,8.82
2869563.94,14485,0.16,4.213,4.372
2869623.7,14483,0.636,4.372,5.008
2869628.85,14484,0.085,8.739,8.823
2869649.8,14485,0.108,4.405,4.512
2869661.11,14483,0.107,4.231,4.338
2869676.1,14484,0.643,8.159,8.802
2869689.05,14485,0.219,4.078,4.297
2869694.18,14483,1.551,4.622,6.174
2869705.94,14484,0.088,9.43,9.518
2869711.81,14485,0.503,5.52,6.023
2869736.31,14483,0.145,3.961,4.106
2869741.5,14484,0.085,4.358,4.442
2869746.61,14485,1.177,4.192,5.369
2869752.65,14483,0.145,4.196,4.341
2869755.6,14484,0.078,4.107,4.185
2869757.13,14485,0.082,4.072,4.153
2869773.36,14483,0.16,4.062,4.222
2869802.22,14484,0.706,6.003,6.709
2869803.15,14485,0.09,5.0,5.09
2869844.03,14483,0.158,4.146,4.304
2869869.34,14484,0.106,6.241,6.347
2869875.36,14485,0.124,4.033,4.157
2869887.36,14483,2.426,6.181,8.607
2869909.55,14484,0.131,4.265,4.396
2869912.65,14485,0.175,4.398,4.573
2869932.29,14483,0.152,8.102,8.254
2869932.79,14484,0.274,6.549,6.823
2869951.59,14485,0.103,4.62,4.724
2869958.7,14483,0.083,4.332,4.415
2870023.35,14484,0.432,3.992,4.424
2870030.42,14485,0.104,4.237,4.34
2870034.7,14485,1.187,4.043,5.23
2870036.22,14483,1.058,6.097,7.155
2870073.74,14484,0.188,4.324,4.512
2870096.02,14485,0.097,4.089,4.186
2870100.56,14483,0.475,5.79,6.265
2870102.81,14484,0.1,4.589,4.689
2870176.53,14485,0.091,4.045,4.136
2870189.68,14483,0.103,6.107,6.21
2870215.45,14484,0.088,4.046,4.134
2870227.28,14485,0.11,4.269,4.38
2870245.04,14483,2.443,4.098,6.541
2870257.9,14484,0.076,4.123,4.198
2870274.74,14485,0.121,3.855,3.976
2870323.22,14483,0.099,4.027,4.126
2870332.94,14484,0.087,4.031,4.118
2870378.46,14485,0.276,4.75,5.026
2870419.05,14483,0.116,4.14,4.255
2870434.59,14484,0.094,6.076,6.17
2870439.41,14485,0.062,4.563,4.625
2870446.14,14483,0.134,4.004,4.139
2870493.04,14484,0.095,6.514,6.609
2870514.87,14485,0.131,3.988,4.119
2870543.63,14483,0.273,4.275,4.547
2870571.3,14484,0.102,8.11,8.212
2870579.28,14485,0.084,5.942,6.026
2870601.5,14483,0.103,4.537,4.64
2870629.37,14484,0.114,4.315,4.429
2870631.49,14485,0.13,4.934,5.064
2870671.43,14483,0.127,6.168,6.296
2870705.66,14484,0.411,6.792,7.203
2870731.12,14485,0.29,4.274,4.565
2870738.62,14483,0.204,4.121,4.325
2870741.86,14484,0.117,4.48,4.598
2870751.96,14485,0.132,5.489,5.621
2870763.31,14483,0.149,4.176,4.325
2870794.14,14484,3.317,3.899,7.216
2870817.69,14485,0.098,4.016,4.114
2870822.21,14483,0.945,4.087,5.032
2870828.08,14485,0.081,6.223,6.304
2870849.32,14483,0.122,5.989,6.111
2870856.76,14484,1.034,4.499,5.533
2870858.23,14485,0.07,4.47,4.541
2870898.7,14483,0.091,4.114,4.204
2870907.28,14484,0.136,6.123,6.259
2870911.61,14485,0.114,7.936,8.051
2870912.48,14483,2.214,6.229,8.443
2870913.24,14484,1.714,4.115,5.829
2870940.87,14484,0.088,4.188,4.276
2870941.12,14485,0.327,9.872,10.199
2870944.21,14483,1.805,8.539,10.344
2870949.6,14484,0.086,4.112,4.199
2870960.14,14485,0.104,4.459,4.563
2870973.84,14483,0.082,5.017,5.099
2870977.53,14484,0.063,4.137,4.2
2870997.1,14483,0.093,3.996,4.089
2871002.2,14485,0.081,4.094,4.175
2871026.26,14484,0.104,4.045,4.15
2871063.26,14483,0.109,3.889,3.998
2871110.57,14485,0.111,4.064,4.175
2871115.34,14484,0.968,4.394,5.362
2871156.75,14483,0.085,4.123,4.208
2871168.64,14485,0.083,8.1,8.183
2871169.06,14484,0.966,6.97,7.936
2871177.31,14483,0.067,4.188,4.254
2871196.57,14485,0.087,4.128,4.215
2871232.74,14484,0.079,4.086,4.166
2871248.71,14483,0.098,8.672,8.77
2871257.97,14485,0.102,5.705,5.807
2871272.13,14484,0.068,8.024,8.092
2871273.31,14483,0.064,7.195,7.259
2871276.33,14485,1.709,5.957,7.666
2871288.93,14484,0.199,4.338,4.537
2871317.12,14483,0.126,5.084,5.21
2871324.52,14485,0.11,7.316,7.426
2871343.03,14483,0.254,12.984,13.238
2871345.19,14484,0.99,6.982,7.972
2871366.51,14485,0.095,5.139,5.234
2871377.21,14484,0.085,4.205,4.29
2871390.38,14483,0.088,4.462,4.55
2871421.03,14485,0.137,4.266,4.403
2871437.84,14484,0.099,4.184,4.284
2871441.2,14483,0.066,6.261,6.326
2871465.45,14485,0.156,4.147,4.303
2871472.84,14484,0.102,4.305,4.408
2871509.66,14483,0.186,4.467,4.654
2871538.34,14485,0.173,6.083,6.255
2871565.88,14484,1.27,6.547,7.817
2871568.91,14483,0.096,5.899,5.995
2871569.07,14485,0.071,4.29,4.361
2871587.59,14484,1.941,4.318,6.259
2871593.47,14483,0.191,4.657,4.848
2871676.07,14485,0.148,6.882,7.03
2871703.77,14484,0.117,4.272,4.39
2871731.92,14483,0.143,5.01,5.153
2871759.17,14485,0.186,9.283,9.468
2871827.85,14484,0.195,4.121,4.316
2871884.35,14483,0.144,3.981,4.125
2871927.19,14485,0.132,4.196,4.328
2871996.16,14484,2.044,4.023,6.067
2872068.89,14483,0.781,4.463,5.244
2872133.28,14485,0.117,3.899,4.016
2872144.81,14484,0.126,4.118,4.245
2872193.9,14483,0.437,5.757,6.193
2872287.24,14485,0.103,4.945,5.048
2872320.52,14484,0.107,4.178,4.285
2872532.21,14483,1.506,4.066,5.572
2872552.64,14485,0.102,4.203,4.305
2872587.48,14484,1.565,4.265,5.829
2872596.52,14483,0.102,3.887,3.989
2872663.05,14485,0.127,6.15,6.278
2872683.31,14484,0.111,6.667,6.778
2872714.4,14483,0.183,5.033,5.216
2872756.69,14485,0.201,5.094,5.294
2872788.45,14484,1.093,4.221,5.314
2872800.87,14483,0.124,4.317,4.441
2872836.91,14485,0.118,3.98,4.098
2872845.17,14484,0.094,3.991,4.085
2872854.1,14483,0.177,6.073,6.25
2872860.44,14485,0.676,4.154,4.83
2872913.27,14484,0.122,3.966,4.088
2873006.31,14483,1.346,4.174,5.521
2873201.69,14485,0.139,5.202,5.34
2873203.99,14484,0.106,4.706,4.812
2873310.82,14483,0.115,4.3,4.415
2873422.04,14485,0.189,8.218,8.408
2873429.34,14484,2.291,4.173,6.464
2873452.16,14483,0.932,3.961,4.893
2873464.64,14485,0.101,3.973,4.074
2873485.96,14484,0.115,4.016,4.131
2873587.97,14483,1.095,6.732,7.827
2873613.89,14485,0.107,4.072,4.178
2873621.37,14484,0.109,5.428,5.537
2873704.54,14483,0.139,7.234,7.373
2873774.73,14485,1.029,4.155,5.184
2873822.57,14484,0.236,4.191,4.428
2873834.4,14483,0.095,4.194,4.289
2873849.14,14485,0.105,4.049,4.154
2873874.71,14484,0.088,3.94,4.029
2873876.03,14483,0.1,4.079,4.179
2873901.44,14485,0.101,4.232,4.334
2873909.37,14484,0.067,4.187,4.254
2873949.31,14483,0.14,4.092,4.232
2873999.55,14485,1.255,4.391,5.646
2874018.73,14484,0.128,4.146,4.274
2874057.64,14483,0.261,4.306,4.567
2874089.63,14485,0.146,6.149,6.295
2874094.15,14484,0.795,4.136,4.931
2874153.21,14483,0.123,4.19,4.312
2874170.69,14485,0.097,4.194,4.291
2874185.3,14484,2.065,4.006,6.071
2874220.08,14483,0.175,4.372,4.547
2874257.98,14485,2.192,4.904,7.096
2874283.94,14484,0.089,7.632,7.721
2874286.16,14483,0.078,7.539,7.618
2874341.44,14485,0.193,8.091,8.285
2874342.32,14484,0.251,7.044,7.296
2874367.96,14483,0.281,4.626,4.908
2874372.69,14485,0.077,3.968,4.045
2874381.82,14484,0.1,4.371,4.47
2874386.0,14483,0.075,4.094,4.169
2874393.73,14484,0.153,3.967,4.12
2874402.72,14485,0.083,5.254,5.337
2874403.21,14483,0.102,4.062,4.164
2874417.5,14484,0.998,12.194,13.192
2874418.24,14485,0.065,6.034,6.099
2874436.54,14483,0.08,3.905,3.985
2874444.68,14484,0.102,4.295,4.398
2874506.9,14485,0.324,6.367,6.691
2874512.79,14483,1.039,4.462,5.5
2874543.07,14484,1.861,3.895,5.755
2874554.69,14485,0.223,4.283,4.506
2874562.9,14483,0.247,4.03,4.277
2874593.2,14484,1.508,5.082,6.59
2874610.51,14485,0.185,4.471,4.656
2874673.83,14483,0.168,4.088,4.256
2874698.72,14484,0.155,6.322,6.477
2874709.09,14485,0.147,7.507,7.654
2874712.1,14483,0.113,7.576,7.689
2874725.04,14484,0.091,6.251,6.342
2874735.36,14485,3.028,9.923,12.951
2874759.37,14483,0.226,4.309,4.534
2874776.05,14484,0.108,5.478,5.586
2874779.16,14485,0.222,4.484,4.706
2874812.11,14483,0.088,4.193,4.281
2874827.04,14484,0.406,3.944,4.35
2874837.17,14485,0.081,4.158,4.239
2874849.84,14483,0.064,4.091,4.155
2874866.62,14484,0.089,4.099,4.188
2874875.88,14485,0.136,4.653,4.79
2874882.2,14483,0.123,5.972,6.095
2874930.27,14484,0.091,6.063,6.154
2874935.92,14485,0.074,3.923,3.997
2874959.07,14483,0.14,6.248,6.388
2874969.15,14484,0.107,4.21,4.317
2874990.46,14485,0.082,4.378,4.46
2875016.22,14483,0.09,3.821,3.911
2875025.01,14484,0.076,4.026,4.102
2875049.78,14485,2.527,4.361,6.888
2875079.81,14483,0.101,4.81,4.911
2875118.51,14484,0.143,4.138,4.281
2875130.13,14485,0.151,4.304,4.455
2875195.46,14484,0.064,4.227,4.291
2875197.68,14483,0.116,8.936,9.053
2875202.2,14485,0.39,4.059,4.449
2875207.36,14484,0.062,3.929,3.991
2875224.91,14483,0.106,4.628,4.733
2875231.49,14485,0.15,4.051,4.201
2875239.24,14484,0.082,4.205,4.287
2875346.57,14485,0.075,4.32,4.395
2875346.68,14483,0.122,3.964,4.086
2875354.35,14484,0.083,6.63,6.712
2875356.4,14485,0.064,4.439,4.503
2875394.72,14483,0.09,4.3,4.39
2875421.83,14484,0.117,8.015,8.132
2875423.38,14485,0.077,7.145,7.222
2875436.54,14483,0.088,7.981,8.07
2875450.62,14484,0.103,4.16,4.263
2875458.76,14485,0.081,4.312,4.392
2875461.13,14483,0.07,3.973,4.042
2875502.46,14484,2.664,5.312,7.976
2875512.93,14485,0.083,3.982,4.064
2875539.29,14483,2.097,6.099,8.195
2875541.15,14484,1.459,6.024,7.483
2875561.93,14485,0.098,4.291,4.389
2875566.11,14483,0.081,4.01,4.091
2875632.84,14485,0.562,6.205,6.767
2875654.66,14484,1.8,4.158,5.958
2875675.25,14483,0.083,3.995,4.078
2875697.28,14485,0.117,4.242,4.359
2875701.64,14484,0.282,4.569,4.851
2875719.14,14483,0.103,6.468,6.571
2875720.17,14485,0.068,5.265,5.333
2875748.79,14484,0.196,6.061,6.258
2875810.39,14483,0.292,4.553,4.845
2875818.08,14485,0.1,4.154,4.254
2875836.71,14484,0.113,3.952,4.065
2875848.04,14483,0.143,4.946,5.09
2875865.67,14485,0.126,5.029,5.155
2875872.23,14484,0.13,3.893,4.023
2875884.33,14483,0.169,4.038,4.208
2875905.24,14485,0.104,6.513,6.617
2875935.82,14484,0.133,3.872,4.005
2875975.34,14483,0.17,4.017,4.186
2875985.68,14485,0.135,4.123,4.258
2875991.47,14484,0.594,5.757,6.351
2875993.93,14485,0.069,4.167,4.235
2876037.78,14483,0.124,6.973,7.096
2876049.89,14484,0.166,4.282,4.448
2876075.54,14485,0.101,5.981,6.082
2876086.42,14483,0.548,8.148,8.695
2876086.77,14484,0.101,6.613,6.715
2876100.29,14485,0.104,4.198,4.302
2876112.63,14483,0.1,3.953,4.054
2876131.14,14484,0.141,4.033,4.174
2876140.14,14485,0.123,4.098,4.222
2876158.42,14483,0.142,5.931,6.073
2876161.32,14484,0.084,4.114,4.198
2876176.91,14483,0.104,4.14,4.244
2876210.49,14485,0.145,5.909,6.054
2876221.86,14484,0.139,4.125,4.264
2876246.09,14483,0.374,6.429,6.802
2876301.96,14485,0.184,5.082,5.266
2876333.5,14484,0.952,4.072,5.024
2876524.04,14483,0.139,4.124,4.263
2876583.8,14485,1.115,8.366,9.481
2876597.03,14484,1.548,5.19,6.738
2876645.06,14483,0.144,3.999,4.143
2876704.82,14485,0.184,3.889,4.073
2876727.38,14484,0.259,3.959,4.218
2876778.15,14483,1.769,4.001,5.769
2876794.28,14485,1.813,3.975,5.788
2876873.35,14484,0.17,4.203,4.373
2876953.36,14483,0.119,5.168,5.286
2876974.07,14485,0.118,3.809,3.927
2877079.86,14484,0.156,6.236,6.392
2877095.71,14483,0.328,6.243,6.571
2877168.09,14485,0.204,6.332,6.537
2877202.18,14484,0.104,3.872,3.977
2877257.92,14483,0.165,4.983,5.148
2877291.17,14485,0.136,3.886,4.022
2877402.06,14484,0.174,4.265,4.439
2877477.65,14483,0.163,6.121,6.285
2877528.93,14485,0.113,4.65,4.763
2877532.4,14484,0.161,4.171,4.332
2877564.05,14483,2.01,5.855,7.866
2877634.53,14485,0.188,4.265,4.453
2877637.07,14484,0.098,3.993,4.091
2877654.19,14483,3.597,8.09,11.687
2877660.68,14485,0.076,8.411,8.486
2877669.08,14484,0.079,3.981,4.059
2877707.34,14483,0.103,4.301,4.404
2877714.3,14485,0.095,4.391,4.486
2877715.21,14484,0.071,3.976,4.046
2877748.35,14483,0.24,12.256,12.496
2877748.5,14485,2.113,6.878,8.991
2877758.31,14484,0.473,4.148,4.621
2877777.05,14483,0.077,6.137,6.214
2877782.1,14485,0.118,4.699,4.816
2877788.43,14484,0.105,4.223,4.327
2877804.06,14483,0.161,6.162,6.323
2877806.87,14485,0.086,6.707,6.793
2877825.06,14484,1.453,5.875,7.329
2877844.5,14483,0.191,4.901,5.092
2877857.39,14485,0.741,4.045,4.787
2877866.32,14484,0.143,3.989,4.132
2877913.63,14483,0.817,4.404,5.221
2877934.22,14485,0.142,4.08,4.222
2877951.72,14484,0.125,3.944,4.07
2877973.25,14483,2.092,4.046,6.138
2878018.71,14485,0.11,4.085,4.194
2878026.45,14484,0.101,3.993,4.094
2878047.14,14483,1.967,3.951,5.917
2878066.83,14485,0.123,4.033,4.157
2878079.64,14484,0.165,4.04,4.205
2878094.27,14485,1.05,6.156,7.206
2878094.63,14483,1.267,8.515,9.782
2878097.53,14484,0.054,4.145,4.199
2878102.13,14485,0.107,4.912,5.019
2878109.2,14483,0.108,4.99,5.098
2878118.45,14484,0.093,5.906,6.0
2878124.14,14485,0.122,6.203,6.326
2878128.61,14483,0.195,4.246,4.441
2878150.71,14484,0.162,4.299,4.461
2878165.62,14485,0.097,4.107,4.204
2878181.98,14483,0.101,4.027,4.129
2878213.04,14484,0.166,5.956,6.122
2878243.77,14485,0.181,4.079,4.26
2878248.65,14483,0.206,4.282,4.488
2878259.48,14484,0.15,4.164,4.315
2878263.88,14485,0.088,4.184,4.272
2878294.32,14483,7.037,8.211,15.248
2878307.07,14484,0.08,4.093,4.173
2878319.3,14485,0.094,4.315,4.409
2878321.3,14483,0.07,4.151,4.221
2878360.64,14484,0.107,4.297,4.404
2878362.36,14485,0.089,4.086,4.175
2878372.2,14485,0.235,4.077,4.312
2878374.95,14483,0.135,8.001,8.136
2878375.07,14484,0.049,9.869,9.917
2878383.93,14485,0.064,4.072,4.137
2878394.87,14484,3.14,5.7,8.841
2878411.32,14483,0.081,4.131,4.212
2878426.21,14485,0.104,4.262,4.366
2878429.49,14484,0.119,4.028,4.146
2878459.33,14483,0.127,4.12,4.247
2878502.41,14485,0.121,5.553,5.673
2878518.36,14484,0.203,4.092,4.295
2878523.93,14483,0.143,5.684,5.827
2878560.95,14484,0.246,6.141,6.388
2878606.4,14485,2.14,4.171,6.311
2878619.76,14483,2.275,6.611,8.886
2878641.07,14484,0.115,4.186,4.301
2878650.07,14485,2.239,4.15,6.389
2878715.8,14483,0.581,6.147,6.728
2878718.1,14484,0.908,4.877,5.785
2878743.95,14485,0.114,4.031,4.144
2878785.21,14483,0.135,10.805,10.94
2878844.58,14484,0.198,4.723,4.921
2878852.29,14485,0.092,7.028,7.12
2878868.62,14483,0.149,3.945,4.094
2878877.17,14484,0.094,4.991,5.084
2878894.05,14485,0.166,4.256,4.422
2878911.37,14483,0.167,4.726,4.893
2878918.47,14484,0.121,3.897,4.018
2878925.8,14485,0.399,5.735,6.134
2878932.39,14483,0.206,4.908,5.114
2878943.06,14484,2.371,3.957,6.328
2878951.06,14485,0.836,5.946,6.782
2878982.51,14483,0.174,4.943,5.117
2879007.19,14484,0.178,3.881,4.059
2879028.18,14485,0.103,4.082,4.184
2879058.65,14483,0.243,5.284,5.527
2879071.16,14484,0.157,4.097,4.255
2879084.2,14485,0.111,4.074,4.184
2879133.21,14483,0.203,4.817,5.02
2879176.4,14484,0.183,4.084,4.267
2879211.85,14485,0.143,4.251,4.395
2879225.71,14483,0.127,5.79,5.917
2879255.08,14484,0.345,4.429,4.774
2879292.85,14485,0.262,6.926,7.188
2879425.14,14483,0.695,7.939,8.634
2879504.89,14484,7.054,5.513,12.567
2879581.98,14485,0.394,4.249,4.643
2879597.32,14483,4.735,6.783,11.517
2879631.82,14484,0.255,4.384,4.638
2879662.34,14485,1.326,6.125,7.451
2879729.61,14483,0.658,5.776,6.435
2879765.02,14484,0.592,6.442,7.034
2879789.1,14485,0.192,6.902,7.093
2879824.47,14483,1.179,4.181,5.36
2879830.09,14484,0.106,6.305,6.411
2879830.71,14485,0.092,4.328,4.421
2879849.61,14483,0.166,6.259,6.425
2879855.96,14484,1.525,6.105,7.63
2879861.37,14484,0.076,4.191,4.267
2879863.59,14485,0.208,8.078,8.286
2879956.14,14483,1.088,7.963,9.051
2879962.29,14484,1.948,4.108,6.056
2879968.73,14485,0.134,6.2,6.334
2879981.83,14483,0.084,4.085,4.169
2879985.93,14484,0.059,4.016,4.076
2879986.65,14483,0.049,4.363,4.412
2879994.52,14485,0.079,4.002,4.081
2880020.41,14484,0.131,4.315,4.446
2880026.39,14483,0.074,4.088,4.161
2880033.06,14485,0.083,3.958,4.041
2880055.46,14484,0.136,8.165,8.301
2880059.82,14483,0.083,4.601,4.684
2880066.07,14484,0.481,4.094,4.575
2880073.6,14485,0.072,6.167,6.238
2880076.12,14483,1.35,4.802,6.151
2880089.1,14484,0.129,5.736,5.865
2880126.09,14485,0.479,4.73,5.209
2880130.67,14483,0.116,4.295,4.41
2880134.61,14484,0.117,4.276,4.393
2880143.35,14483,0.214,4.18,4.394
2880144.02,14485,0.775,7.924,8.699
2880147.02,14484,0.214,6.512,6.726
2880159.84,14483,0.498,4.788,5.286
2880161.97,14485,0.327,4.924,5.252
2880180.35,14484,0.161,6.661,6.823
2880213.73,14483,0.734,4.087,4.822
2880232.31,14485,1.414,4.048,5.462
2880235.7,14484,0.206,4.835,5.041
2880258.37,14483,0.463,4.221,4.684
2880319.36,14485,0.669,4.437,5.107
2880373.05,14484,0.717,5.187,5.904
2880375.93,14483,0.15,4.284,4.434
2880387.08,14485,0.112,4.676,4.788
2880429.68,14484,0.155,6.169,6.324
2880430.69,14483,0.068,4.556,4.624
2880437.33,14485,0.228,7.271,7.498
2880441.06,14484,0.085,4.68,4.765
2880444.63,14485,0.947,4.36,5.307
2880448.71,14483,0.074,4.147,4.221
2880469.87,14485,0.649,4.462,5.112
2880484.76,14484,0.107,7.604,7.711
2880485.74,14483,0.076,6.056,6.132
2880502.82,14485,1.047,5.933,6.979
2880507.01,14484,0.071,3.945,4.016
2880550.15,14483,0.099,5.784,5.883
2880553.26,14485,0.067,4.993,5.06
2880556.32,14484,0.559,6.081,6.64
2880563.36,14483,0.914,4.182,5.097
2880573.05,14485,0.599,6.887,7.485
2880577.24,14484,0.098,4.004,4.102
2880615.09,14483,0.081,3.946,4.026
2880664.17,14485,0.128,7.986,8.114
2880672.92,14483,1.635,6.772,8.406
2880674.04,14484,0.125,7.93,8.055
2880676.19,14485,0.978,5.258,6.237
2880677.29,14483,4.428,4.202,8.63
2880688.09,14484,0.081,7.563,7.644
2880688.96,14483,0.047,5.253,5.299
2880692.95,14485,1.017,7.637,8.654
2880694.32,14484,0.075,4.28,4.355
2880714.81,14483,0.093,4.128,4.221
2880767.12,14485,2.043,3.884,5.927
2880770.05,14484,0.103,4.355,4.458
2880786.33,14483,0.128,4.112,4.241
2880842.46,14485,0.341,5.355,5.695
2880849.45,14484,0.119,4.205,4.324
2880890.42,14483,0.154,7.467,7.621
2880929.41,14485,2.031,7.304,9.335
2881001.3,14484,0.104,4.114,4.219
2881038.22,14483,0.113,4.132,4.245
2881051.86,14485,0.146,4.112,4.258
2881115.37,14484,3.284,4.21,7.494
2881170.53,14483,0.104,4.177,4.282
2881230.36,14485,0.128,4.065,4.194
2881319.24,14484,0.257,4.557,4.814
2881365.87,14483,0.172,3.849,4.02
2881406.47,14485,0.125,3.974,4.099
2881493.46,14484,0.777,4.159,4.936
2881534.24,14483,2.099,4.024,6.123
2881708.68,14485,0.135,4.121,4.256
2881735.37,14484,0.168,5.987,6.155
2881825.04,14483,0.163,3.82,3.983
2881845.45,14485,0.155,10.955,11.109
2881850.01,14484,0.073,8.649,8.722
2881990.19,14483,0.134,4.78,4.914
2882013.51,14485,0.12,4.098,4.219
2882034.9,14484,0.103,3.945,4.048
2882066.43,14483,0.157,4.102,4.259
2882124.36,14485,0.138,4.034,4.172
2882275.61,14484,0.229,4.273,4.502
2882334.76,14483,1.152,4.176,5.327
2882471.07,14485,0.16,4.16,4.32
2882487.98,14484,0.097,4.4,4.497
2882493.46,14483,0.119,3.987,4.106
2882584.42,14485,1.105,7.221,8.327
2882650.92,14484,0.126,4.47,4.597
2882806.67,14483,0.205,5.938,6.144
2882826.23,14485,2.043,8.063,10.106
2882882.98,14484,0.269,4.073,4.342
2882941.28,14483,1.848,4.077,5.925
2882968.59,14485,0.158,4.091,4.249
2882982.81,14484,1.054,7.63,8.683
2882989.71,14483,0.179,3.986,4.164
2883028.9,14485,0.228,3.992,4.219
2883061.11,14484,1.04,7.965,9.005
2883083.0,14483,0.142,4.836,4.978
2883097.72,14485,0.097,4.02,4.117
2883114.8,14484,0.126,6.089,6.216
2883154.78,14483,0.147,4.105,4.252
2883213.69,14485,0.118,7.055,7.174
2883282.27,14484,0.149,3.86,4.009
2883363.08,14483,0.174,5.909,6.083
2883369.98,14484,0.065,3.851,3.916
2883371.06,14485,0.08,6.936,7.016
2883380.43,14483,0.125,4.132,4.257
2883392.08,14484,2.258,3.918,6.176
2883414.38,14485,0.223,4.08,4.303
2883423.17,14483,0.134,5.378,5.512
2883437.56,14484,0.121,11.351,11.472
2883448.18,14485,0.081,7.946,8.026
2883502.13,14483,0.208,6.084,6.292
2883502.31,14484,0.085,4.013,4.098
2883516.05,14485,1.002,3.945,4.947
2883520.55,14483,0.06,4.238,4.298
2883559.81,14484,0.098,5.471,5.569
2883566.86,14485,0.177,7.685,7.862
2883581.91,14483,0.093,3.903,3.997
2883615.99,14484,0.294,4.047,4.341
2883647.1,14485,0.119,6.065,6.184
2883647.59,14483,0.173,6.256,6.428
2883649.99,14484,0.072,4.424,4.495
2883678.46,14485,0.113,4.24,4.352
2883712.8,14483,0.129,4.455,4.585
2883737.23,14484,0.137,3.863,4.001
2883760.85,14483,1.824,4.745,6.569
2883760.93,14485,2.958,8.127,11.085
2883770.54,14483,0.101,4.197,4.298
2883772.03,14484,0.107,6.044,6.151
2883793.81,14484,1.539,4.26,5.799
2883798.88,14485,1.549,11.76,13.309
2883800.68,14483,2.498,11.276,13.774
2883801.03,14484,5.365,6.022,11.387
2883809.59,14485,8.787,9.586,18.373
2883811.97,14483,0.086,8.306,8.393
2883816.11,14484,0.115,4.118,4.234
2883853.9,14483,0.175,4.072,4.247
2883883.83,14485,0.133,4.573,4.706
2883897.04,14484,0.103,3.875,3.977
2883906.16,14483,1.836,4.095,5.931
2883956.3,14485,0.176,4.661,4.838
2883959.68,14484,0.083,4.337,4.419
2884002.14,14483,0.127,3.883,4.011
2884014.82,14485,0.094,4.053,4.147
2884019.37,14484,0.201,4.145,4.346
2884027.4,14483,0.06,4.321,4.382
2884036.59,14485,0.075,4.208,4.283
2884053.46,14484,0.127,3.967,4.094
2884078.87,14483,0.182,4.558,4.74
2884087.55,14485,0.136,4.296,4.433
2884126.37,14484,0.102,4.013,4.116
2884178.22,14483,0.15,5.499,5.65
2884212.32,14485,0.1,4.142,4.243
2884226.06,14484,0.076,8.208,8.284
2884231.73,14485,0.081,5.397,5.477
2884231.88,14483,0.072,5.924,5.997
2884238.74,14484,0.074,6.626,6.7
2884248.99,14485,0.187,4.759,4.946
2884259.07,14483,0.955,4.485,5.44
2884263.62,14484,0.109,4.211,4.32
2884322.86,14485,0.169,8.357,8.526
2884332.57,14483,0.12,4.585,4.704
2884346.26,14484,0.125,6.697,6.822
2884361.66,14485,0.127,5.252,5.379
2884366.61,14483,0.11,4.469,4.579
2884380.87,14484,0.121,4.609,4.73
2884390.04,14485,0.075,9.609,9.684
2884392.38,14484,0.1,6.204,6.305
2884396.39,14483,0.075,9.497,9.573
2884404.03,14484,1.668,4.224,5.892
2884406.2,14485,0.085,9.182,9.267
2884419.71,14483,0.088,6.951,7.039
2884457.12,14484,0.433,4.39,4.823
2884458.62,14485,0.153,4.682,4.835
2884516.38,14483,2.342,4.045,6.387
2884522.79,14484,0.123,3.93,4.053
2884540.4,14485,0.154,4.181,4.335
2884548.03,14483,0.107,6.773,6.88
2884557.2,14484,0.924,4.54,5.464
2884575.21,14485,1.06,7.065,8.124
2884607.02,14483,0.171,3.951,4.121
2884623.3,14484,0.11,3.946,4.056
2884674.53,14485,0.308,8.297,8.605
2884675.75,14483,0.099,6.383,6.483
2884691.09,14484,0.118,3.916,4.034
2884697.96,14485,0.074,4.137,4.212
2884766.52,14483,0.26,4.218,4.478
2884818.07,14484,0.144,3.891,4.035
2884832.03,14485,0.099,6.051,6.15
2884985.36,14483,0.14,4.092,4.232
2885062.32,14484,0.176,4.556,4.732
2885113.56,14485,0.195,4.174,4.368
2885174.06,14483,1.184,4.771,5.955
2885213.33,14484,1.453,4.146,5.599
2885232.98,14485,0.131,7.756,7.886
2885315.17,14483,0.161,4.132,4.293
2885341.4,14484,0.184,4.148,4.332
2885352.46,14485,0.211,3.86,4.071
2885448.45,14483,0.142,4.149,4.291
2885529.65,14484,1.918,4.13,6.048
2885678.31,14485,0.129,7.973,8.102
2885698.91,14483,0.11,4.096,4.206
2885855.74,14484,0.176,3.909,4.085
2885865.95,14485,0.103,3.837,3.941
2885877.45,14483,0.113,4.259,4.372
2886141.31,14484,0.16,4.722,4.882
2886174.11,14485,0.125,3.934,4.059
2886222.2,14483,0.126,7.489,7.615
2886241.84,14484,0.101,4.244,4.345
2886268.13,14485,0.122,4.242,4.364
2886272.56,14483,0.278,4.156,4.435
2886298.96,14484,0.106,4.241,4.348
2886439.45,14485,0.229,4.103,4.332
2886526.18,14483,2.138,6.469,8.607
2886574.16,14484,0.768,7.946,8.714
2886613.13,14485,4.068,3.961,8.03
2886670.42,14483,0.152,4.071,4.224
2886917.14,14484,0.891,3.977,4.868
2886931.9,14485,0.13,4.16,4.289
2887089.09,14483,0.135,4.035,4.17
2887121.74,14484,0.188,4.242,4.43
2887169.91,14485,0.145,5.939,6.085
2887207.28,14483,2.65,4.1,6.75
2887228.98,14484,0.091,4.204,4.296
2887236.25,14485,0.149,6.543,6.691
2887272.32,14483,1.322,4.027,5.349
2887311.9,14484,0.284,3.954,4.238
2887333.29,14485,1.671,4.019,5.69
2887570.53,14483,0.263,8.388,8.651
2887601.36,14484,0.152,6.473,6.625
2887625.92,14485,0.087,3.936,4.023
2887697.48,14483,0.113,3.933,4.045
2887718.45,14484,0.131,4.234,4.364
2887754.15,14485,0.093,3.989,4.082
2887787.7,14483,0.186,4.108,4.294
2887820.83,14484,0.121,4.237,4.358
2887863.42,14485,0.187,4.283,4.47
2887877.39,14483,0.146,6.16,6.307
2888023.19,14484,0.182,3.951,4.133
2888081.68,14485,0.169,5.513,5.682
2888087.41,14483,0.107,4.261,4.368
2888186.24,14484,0.173,4.241,4.414
2888263.41,14485,0.165,4.279,4.444
2888289.4,14483,0.115,3.89,4.005
2888305.41,14484,0.089,4.161,4.25
2888347.71,14485,0.131,4.005,4.136
2888382.66,14483,1.338,4.321,5.659
2888421.97,14484,0.11,4.215,4.325
2888426.26,14485,0.091,3.98,4.071
2888485.94,14483,0.133,4.002,4.135
2888576.05,14484,1.118,5.933,7.052
2888927.6,14485,1.513,4.274,5.786
2889014.39,14483,0.143,4.08,4.223
2889026.95,14484,0.112,4.128,4.24
2889112.35,14485,2.283,4.101,6.384
2889165.87,14483,0.135,4.063,4.198
2889183.82,14484,0.185,4.286,4.471
2889188.1,14485,0.829,3.927,4.756
2889201.95,14484,0.928,3.852,4.78
2889217.18,14483,0.097,4.048,4.145
2889225.08,14485,0.067,3.955,4.022
2889237.05,14484,0.071,5.041,5.111
2889375.33,14483,0.202,3.875,4.078
2889435.29,14485,2.445,4.441,6.886
2889457.06,14484,0.135,7.042,7.177
2889481.5,14483,0.21,4.161,4.371
2889535.87,14485,0.101,3.881,3.981
2889540.81,14484,0.065,7.128,7.193
2889603.96,14485,0.203,4.289,4.492
2889628.59,14483,0.114,4.274,4.388
2889756.98,14484,0.148,4.606,4.754
2889778.51,14485,0.145,5.547,5.692
2889827.03,14483,0.179,4.419,4.598
2889846.23,14484,0.107,5.003,5.109
2889867.81,14485,0.105,4.252,4.356
2889870.79,14483,0.088,4.544,4.632
2889900.84,14484,0.121,4.416,4.538
2889958.98,14485,0.125,4.153,4.278
2889991.56,14483,0.089,7.031,7.121
2890014.29,14484,0.198,5.307,5.505
2890037.97,14485,0.1,3.948,4.048
2890073.35,14483,0.096,7.022,7.118
2890136.56,14484,0.125,4.187,4.312
2890204.09,14485,0.135,4.003,4.138
2890250.34,14483,0.154,4.282,4.435
2890280.21,14484,0.114,4.103,4.217
2890309.87,14485,0.101,6.1,6.2
2890315.33,14483,0.073,4.232,4.305
2890411.06,14484,0.142,3.893,4.034
2890482.77,14485,0.244,3.904,4.147
2890540.98,14483,0.099,4.098,4.197
2890674.64,14484,1.629,7.334,8.963
2890733.75,14485,0.131,3.943,4.073
2890828.82,14483,0.267,4.699,4.966
2890858.24,14484,2.067,7.108,9.175
2890975.25,14485,0.21,4.248,4.457
2890976.5,14483,0.069,4.288,4.357
2891004.29,14484,0.104,9.292,9.396
2891008.25,14485,0.09,8.432,8.521
2891061.45,14483,0.156,4.148,4.304
2891132.29,14484,0.331,4.038,4.369
2891144.55,14485,0.193,4.082,4.274
2891148.35,14483,0.102,4.155,4.257
2891162.4,14485,1.342,8.041,9.383
2891166.76,14483,0.057,4.078,4.135
2891172.91,14484,0.09,10.221,10.311
2891179.34,14485,0.063,9.234,9.298
2891203.32,14483,0.081,4.15,4.231
2891209.23,14483,3.38,4.067,7.447
2891211.65,14484,3.243,8.128,11.371
2891211.7,14485,4.057,5.939,9.996
2891215.22,14483,0.063,4.053,4.116
2891222.4,14484,0.111,4.169,4.28
2891233.34,14485,0.168,3.992,4.16
2891241.35,14483,0.194,4.179,4.373
2891286.34,14484,0.23,5.949,6.179
2891288.57,14485,2.018,4.334,6.352
2891327.45,14483,0.086,4.016,4.101
2891350.57,14484,0.127,4.105,4.232
2891391.19,14485,0.163,3.997,4.16
2891419.28,14483,0.136,4.363,4.499
2891432.17,14484,1.586,4.04,5.626
2891439.04,14485,0.062,4.312,4.374
2891453.07,14483,1.565,3.906,5.471
2891508.33,14484,0.091,4.172,4.263
2891531.05,14485,0.083,4.21,4.292
2891543.25,14483,0.093,8.08,8.173
2891561.89,14484,0.227,4.582,4.81
2891592.9,14485,0.184,7.776,7.96
2891597.28,14483,0.125,5.016,5.141
2891641.27,14485,0.102,4.236,4.338
2891675.88,14484,0.116,4.39,4.506
2891679.7,14483,0.108,4.746,4.855
2891693.73,14484,1.053,6.611,7.664
2891693.8,14485,0.083,7.014,7.096
2891722.08,14483,0.121,6.054,6.175
2891749.81,14484,0.144,4.013,4.157
2891757.26,14485,1.196,4.039,5.235
2891780.3,14483,0.098,8.089,8.187
2891804.28,14484,0.107,4.221,4.328
2891859.28,14485,0.215,9.352,9.567
2891864.59,14483,0.132,10.572,10.705
2891866.17,14484,0.128,8.375,8.503
2891906.15,14485,0.204,4.263,4.467
2891912.26,14483,0.099,4.061,4.16
2891932.07,14484,0.138,3.961,4.099
2891951.43,14485,0.196,8.057,8.252
2891957.82,14483,0.197,4.499,4.696
2891978.86,14484,0.099,6.247,6.346
2891997.2,14485,2.272,4.097,6.369
2892001.76,14483,0.12,4.35,4.47
2892008.54,14484,0.116,3.956,4.072
2892025.67,14485,0.081,8.92,9.001
2892041.06,14483,0.168,3.992,4.16
2892042.69,14484,4.276,4.943,9.219
2892046.03,14485,0.234,6.473,6.707
2892060.46,14483,0.253,4.459,4.712
2892063.39,14484,0.08,7.056,7.136
2892066.77,14485,0.085,5.905,5.99
2892074.9,14483,0.107,4.489,4.596
2892081.11,14484,0.084,4.388,4.472
2892092.5,14485,0.111,4.518,4.629
2892097.16,14483,0.214,5.142,5.356
2892111.75,14483,0.058,4.178,4.236
2892115.7,14484,0.957,11.676,12.632
2892118.05,14485,0.079,10.877,10.956
2892123.76,14483,0.088,4.432,4.52
2892167.22,14484,0.435,4.088,4.522
2892206.4,14485,0.164,8.425,8.589
2892210.21,14483,0.125,4.73,4.855
2892226.23,14485,0.743,6.102,6.846
2892233.27,14484,0.125,4.163,4.289
2892241.52,14483,0.096,4.168,4.264
2892318.71,14485,0.452,7.907,8.359
2892320.76,14484,0.071,7.851,7.923
2892345.39,14483,0.16,3.851,4.011
2892404.23,14485,0.845,6.689,7.534
2892407.4,14484,0.579,5.014,5.594
2892416.85,14483,0.142,4.343,4.484
2892472.7,14485,0.201,4.065,4.267
2892478.95,14484,0.147,4.066,4.213
2892494.4,14483,0.093,4.17,4.263
2892526.77,14485,2.041,6.882,8.923
2892537.52,14484,0.085,4.047,4.132
2892541.97,14483,0.078,4.284,4.362
2892547.92,14485,0.108,4.054,4.162
2892555.6,14484,0.081,3.972,4.054
2892578.83,14483,0.129,4.154,4.283
2892635.24,14485,0.129,4.289,4.419
2892659.35,14484,0.204,4.066,4.27
2892674.76,14483,0.09,6.08,6.17
2892684.4,14485,0.079,4.21,4.289
2892737.69,14484,0.116,4.237,4.353
2892745.84,14483,2.082,8.512,10.594
2892754.34,14485,0.097,4.27,4.367
2892763.1,14484,0.113,3.993,4.106
2892772.09,14483,0.108,7.966,8.074
2892786.72,14485,0.174,6.001,6.175
2892793.12,14484,0.167,5.959,6.126
2892799.52,14483,0.102,6.506,6.608
2892807.22,14484,0.247,4.316,4.563
2892829.81,14485,0.305,3.814,4.119
2892854.42,14483,0.128,4.091,4.219
2892870.02,14484,0.212,4.054,4.267
2892894.54,14485,0.128,5.194,5.322
2892910.46,14483,0.934,9.168,10.102
2892922.76,14484,0.097,4.034,4.131
2892934.48,14485,0.082,4.011,4.092
2892940.85,14483,0.066,4.124,4.19
2892959.33,14484,0.085,6.585,6.67
2892960.56,14485,0.072,5.257,5.329
2892967.54,14483,0.086,4.063,4.149
2893016.38,14484,2.342,4.089,6.431
2893034.31,14485,0.098,3.895,3.993
2893039.22,14483,0.192,4.33,4.522
2893045.08,14484,0.118,4.075,4.193
2893062.24,14485,0.116,3.89,4.007
2893066.71,14483,0.075,4.014,4.09
2893080.39,14484,0.075,8.182,8.257
2893119.37,14485,0.108,5.19,5.298
2893232.21,14483,0.169,4.252,4.421
2893353.4,14484,0.157,4.367,4.524
2893372.95,14485,0.126,4.565,4.691
2893534.96,14483,0.152,4.103,4.255
2893555.68,14484,0.141,3.962,4.102
2893598.37,14485,0.253,7.928,8.181
2893645.7,14483,0.146,4.363,4.509
2893675.25,14484,0.126,8.035,8.161
2893720.91,14485,0.151,4.03,4.182
2893725.92,14483,0.119,5.103,5.222
2893757.98,14485,0.811,4.232,5.043
2893758.43,14484,0.082,4.364,4.446
2893769.45,14483,0.067,4.088,4.155
2893785.3,14485,0.086,4.139,4.224
2893788.26,14484,0.068,4.129,4.197
2893811.12,14485,0.184,4.238,4.422
2893815.04,14483,0.074,4.011,4.086
2893829.65,14484,2.08,6.479,8.559
2893834.42,14485,0.135,5.198,5.333
2893848.62,14484,0.106,4.082,4.188
2893852.77,14483,0.098,3.887,3.985
2893875.69,14485,0.256,4.413,4.669
2893905.36,14484,1.023,10.133,11.156
2893910.01,14483,0.077,7.552,7.63
2893934.69,14485,0.104,5.843,5.947
2893975.89,14484,0.116,7.192,7.308
2894004.57,14483,1.377,4.443,5.82
2894008.88,14485,0.084,4.09,4.174
2894015.1,14484,0.08,3.963,4.043
2894043.73,14483,0.095,3.858,3.953
2894048.47,14485,0.069,4.222,4.291
2894065.77,14484,0.095,4.088,4.183
2894077.53,14483,0.101,6.603,6.704
2894091.46,14485,2.402,4.154,6.556
2894102.55,14484,0.096,4.005,4.101
2894111.28,14483,0.131,4.183,4.314
2894128.06,14485,0.098,4.274,4.371
2894128.82,14484,0.094,4.571,4.665
2894135.23,14483,0.081,6.813,6.894
2894137.63,14485,0.074,4.182,4.256
2894143.92,14484,0.069,4.15,4.219
2894149.53,14483,0.07,4.28,4.349
2894163.29,14484,0.075,3.966,4.041
2894163.61,14485,0.08,6.216,6.296
2894177.01,14483,0.084,5.866,5.949
2894181.21,14484,0.327,4.027,4.354
2894186.4,14485,0.253,4.847,5.1
2894221.55,14483,0.184,4.539,4.723
2894270.76,14484,0.143,4.475,4.618
2894273.1,14485,0.11,4.042,4.152
2894285.48,14483,0.103,4.086,4.188
2894331.12,14484,2.595,8.407,11.002
2894333.6,14485,0.161,5.606,5.767
2894339.28,14483,0.103,5.285,5.388
2894363.13,14485,1.939,5.557,7.496
2894363.66,14484,3.324,6.285,9.609
2894404.15,14483,1.221,5.775,6.995
2894424.25,14485,0.208,7.949,8.157
2894440.52,14484,0.41,8.029,8.438
2894544.34,14483,0.672,5.453,6.126
2894555.62,14485,0.132,7.746,7.878
2894569.53,14484,0.22,6.829,7.049
2894569.77,14483,0.111,6.697,6.809
2894598.89,14485,0.121,4.785,4.906
2894628.75,14484,0.227,7.315,7.542
2894654.13,14483,0.219,5.026,5.245
2894665.61,14485,0.107,6.206,6.313
2894685.34,14484,0.932,9.146,10.078
2894687.53,14483,0.265,5.688,5.953
2894701.18,14485,0.464,6.453,6.917
2894727.53,14484,0.225,4.593,4.817
2894758.66,14483,0.35,4.912,5.262
2894767.5,14485,0.122,4.885,5.007
2894787.9,14484,0.141,4.867,5.008
2894790.53,14483,0.075,7.004,7.079
2894794.11,14485,0.26,6.372,6.632
2894805.99,14484,0.137,4.882,5.018
2894812.92,14483,0.151,4.448,4.599
2894840.38,14485,0.202,6.014,6.216
2894852.91,14484,0.577,7.16,7.736
2894864.25,14483,0.175,4.508,4.682
2894878.98,14485,1.675,4.745,6.42
2894880.93,14484,0.171,4.407,4.578
2894889.19,14483,1.702,5.981,7.683
2894904.55,14485,0.453,5.062,5.515
2894916.25,14484,0.152,4.005,4.157
2894938.38,14483,2.148,4.972,7.12
2894963.87,14485,0.173,4.031,4.204
2894990.86,14484,0.323,4.156,4.479
2895030.96,14483,6.094,5.733,11.827
2895035.1,14485,4.55,8.818,13.368
2895157.86,14484,0.169,4.242,4.41
2895177.48,14483,0.173,6.468,6.641
2895189.04,14485,0.665,9.604,10.269
2895195.37,14484,3.97,11.231,15.201
2895212.33,14483,0.117,7.237,7.354
2895214.18,14485,0.263,4.528,4.791
2895240.21,14484,0.157,4.096,4.253
2895279.38,14483,0.118,4.527,4.645
2895300.15,14485,1.837,4.074,5.911
2895373.52,14484,0.19,6.033,6.223
2895409.04,14483,1.015,4.011,5.026
2895411.82,14485,1.46,4.134,5.594
2895437.31,14484,0.111,4.378,4.489
2895445.18,14483,0.137,4.32,4.457
2895539.1,14485,0.21,5.15,5.36
2895634.51,14484,2.463,10.25,12.713
2895634.83,14483,1.83,8.618,10.448
2895665.34,14485,0.116,3.994,4.11
2895725.3,14484,0.137,4.188,4.325
2895748.59,14483,0.091,4.35,4.44
2895800.51,14485,0.126,4.083,4.209
2895808.85,14484,0.105,4.083,4.189
2895831.57,14483,0.113,4.161,4.274
2895979.13,14485,0.103,4.813,4.916
2896007.9,14484,0.13,4.208,4.338
2896029.74,14483,0.132,4.269,4.401
2896042.44,14484,0.102,4.083,4.186
2896045.04,14485,0.362,7.961,8.323
2896115.11,14483,0.121,4.12,4.241
2896123.11,14484,0.11,4.109,4.219
2896197.34,14485,0.152,3.878,4.03
2896282.23,14483,0.21,5.539,5.748
2896298.48,14484,0.113,6.072,6.185
2896303.59,14485,0.088,4.261,4.349
2896318.38,14483,0.087,4.08,4.167
2896348.44,14484,0.098,3.978,4.077
2896374.04,14485,0.204,5.56,5.763
2896378.71,14483,0.078,4.338,4.416
2896444.43,14484,0.34,4.205,4.545
2896494.3,14485,0.869,8.191,9.059
2896560.03,14483,0.246,4.09,4.336
2896676.11,14484,0.509,3.98,4.49
2896713.05,14485,0.161,4.222,4.384
2896713.79,14483,0.094,4.042,4.136
2896731.61,14484,0.104,4.579,4.683
2896776.08,14485,0.094,4.618,4.712
2896804.25,14483,0.177,4.942,5.119
2896872.25,14484,0.265,3.998,4.263
2896888.73,14485,0.122,5.365,5.487
2896905.2,14483,1.945,3.909,5.854
2897029.66,14484,0.215,4.432,4.648
2897036.45,14485,0.115,3.962,4.078
2897144.86,14483,0.157,4.009,4.166
2897164.41,14484,0.125,3.824,3.949
2897187.19,14485,0.336,4.195,4.532
2897216.23,14483,0.96,4.013,4.973
2897262.32,14484,0.112,3.975,4.087
2897281.93,14485,0.143,4.26,4.403
2897310.53,14483,0.148,6.329,6.477
2897313.46,14484,0.089,4.957,5.047
2897452.35,14483,1.314,4.008,5.322
2897476.41,14485,0.149,4.214,4.363
2897502.65,14484,0.155,5.995,6.15
2897510.19,14483,1.095,4.066,5.162
2897515.28,14485,0.087,4.075,4.162
2897521.06,14484,0.081,4.242,4.323
2897565.54,14483,0.182,4.377,4.559
2897675.44,14484,1.532,7.167,8.699
2897675.57,14485,0.21,7.751,7.96
2897687.89,14483,0.177,4.781,4.958
2897847.11,14484,0.159,4.049,4.208
2897858.35,14485,0.165,4.768,4.934
2897917.32,14483,0.289,4.462,4.75
2897994.59,14484,2.434,5.162,7.595
2898005.61,14485,0.124,4.188,4.312
2898008.17,14483,0.123,4.254,4.377
2898058.23,14484,0.267,3.885,4.152
2898062.55,14485,0.097,4.029,4.127
2898083.08,14483,0.108,4.178,4.285
2898113.22,14484,0.174,3.936,4.11
2898149.6,14485,0.138,4.225,4.363
2898163.65,14483,0.103,4.479,4.582
2898205.46,14484,0.411,5.686,6.098
2898233.97,14485,0.14,4.074,4.214
2898272.13,14483,0.13,3.98,4.11
2898293.6,14484,0.127,4.219,4.347
2898303.49,14485,0.077,6.202,6.278
2898345.58,14483,1.316,4.248,5.564
2898424.46,14484,0.141,4.037,4.178
2898458.35,14485,0.13,4.228,4.358
2898525.64,14483,1.984,7.326,9.311
2898574.28,14484,0.134,4.383,4.517
2898651.83,14485,2.121,5.544,7.665
2898690.85,14483,0.121,4.448,4.569
2898762.24,14484,0.144,4.575,4.719
2898770.85,14485,0.186,4.467,4.653
2898795.93,14483,0.104,4.15,4.253
2898809.11,14484,0.107,4.309,4.416
2898931.1,14485,0.176,5.734,5.91
2898989.3,14483,2.045,5.831,7.876
2899003.78,14484,1.477,9.021,10.498
2899003.97,14485,2.948,8.619,11.567
2899028.16,14483,0.303,4.291,4.595
2899037.33,14484,0.517,6.695,7.212
2899064.85,14485,0.973,9.693,10.666
2899067.08,14483,2.798,9.849,12.648
2899092.49,14484,0.332,4.188,4.52
2899100.62,14483,0.106,5.195,5.302
2899146.09,14485,0.197,6.104,6.301
2899154.71,14484,1.861,8.525,10.386
2899155.92,14483,0.411,7.218,7.629
2899160.85,14485,0.185,7.773,7.958
2899178.39,14484,0.571,4.764,5.336
2899193.3,14483,0.217,4.414,4.631
2899213.16,14485,0.182,5.913,6.096
2899226.08,14484,0.151,6.315,6.467
2899254.24,14483,0.359,6.16,6.519
2899270.52,14485,0.238,4.256,4.493
2899274.7,14484,0.124,4.469,4.593
2899278.66,14485,0.059,4.425,4.484
2899282.52,14483,0.344,4.583,4.928
2899348.8,14484,0.175,6.316,6.491
2899353.58,14485,0.334,5.051,5.386
2899359.27,14483,2.715,5.459,8.175
2899368.37,14484,0.606,5.712,6.318
2899386.06,14485,0.299,4.202,4.501
2899393.55,14483,0.09,7.22,7.309
2899406.45,14484,0.886,6.788,7.674
2899411.49,14485,0.72,4.465,5.185
2899432.97,14483,0.214,4.523,4.737
2899441.56,14484,0.144,4.209,4.352
2899492.13,14485,0.148,6.375,6.522
2899494.91,14483,0.12,6.536,6.656
2899495.75,14484,0.061,5.628,5.688
2899568.61,14485,0.22,6.236,6.456
2899591.52,14483,0.183,3.97,4.153
2899616.36,14484,0.149,5.688,5.837
2899623.13,14485,0.185,4.101,4.285
2899631.05,14483,0.113,4.118,4.231
2899638.98,14484,0.169,4.025,4.194
2899645.69,14485,0.095,5.752,5.847
2899649.98,14483,0.271,6.943,7.214
2899651.22,14484,0.161,7.984,8.145
2899656.86,14485,0.081,8.353,8.435
2899671.88,14483,0.766,9.186,9.952
2899679.3,14484,0.164,7.031,7.195
2899704.92,14485,0.261,4.139,4.4
2899730.5,14483,0.146,7.089,7.235
2899739.35,14484,0.099,4.065,4.165
2899785.16,14485,0.108,3.963,4.071
2899801.84,14483,0.125,4.298,4.424
2899830.87,14484,0.097,5.967,6.064
2899852.13,14485,0.1,4.837,4.937
2899856.57,14483,0.097,4.228,4.325
2899876.97,14485,0.089,4.059,4.148
2899893.56,14484,0.103,4.07,4.173
2899899.77,14485,0.084,4.179,4.263
2899901.87,14483,0.077,8.09,8.167
2899923.06,14484,0.108,4.089,4.197
2899930.82,14485,0.114,4.629,4.743
2899941.34,14483,0.245,6.841,7.086
2899952.05,14484,0.123,4.064,4.187
2899956.07,14485,0.078,4.207,4.285
2899958.93,14484,1.966,4.533,6.499
2899969.88,14485,0.14,9.808,9.949
2899972.08,14483,2.695,11.261,13.957
2899984.96,14484,0.116,8.285,8.401
2899992.64,14485,0.097,12.323,12.42
2899995.61,14483,0.127,9.857,9.984
2900043.08,14484,0.138,5.954,6.093
2900083.34,14485,0.167,6.048,6.215
2900091.45,14483,0.105,9.208,9.313
2900094.81,14484,0.102,8.002,8.104
2900097.65,14485,0.091,5.189,5.28
2900114.47,14483,0.086,4.188,4.273
2900158.23,14484,0.146,4.334,4.481
2900163.58,14485,0.139,4.258,4.396
2900218.85,14483,0.139,4.153,4.292
2900226.6,14485,0.062,4.274,4.336
2900229.53,14484,0.11,9.41,9.52
2900285.65,14483,0.143,5.328,5.47
2900313.99,14485,4.784,5.159,9.943
2900421.47,14484,0.132,4.37,4.502
2900503.38,14483,0.153,4.906,5.059
2900508.96,14485,0.112,4.741,4.853
2900610.81,14484,0.181,5.26,5.44
2900629.49,14483,2.319,4.354,6.673
2900639.21,14485,0.116,4.775,4.892
2900688.56,14484,0.149,4.503,4.652
2900699.48,14483,0.147,4.797,4.944
2900710.53,14485,0.24,5.052,5.292
2900742.71,14484,0.123,4.846,4.969
2900752.06,14483,0.154,6.152,6.306
2900753.05,14485,0.137,6.724,6.861
2900815.35,14484,0.16,7.226,7.386
2900829.8,14483,0.198,4.942,5.139
2900850.96,14485,0.138,4.419,4.558
2900899.51,14483,1.545,5.052,6.597
2900900.07,14484,1.72,6.707,8.427
2900914.16,14485,1.789,5.037,6.826
2900963.84,14483,0.147,4.663,4.81
2900977.97,14484,0.27,4.147,4.417
2900992.69,14485,0.109,4.361,4.47
2900999.52,14483,0.271,4.387,4.657
2901033.83,14484,0.12,7.096,7.215
2901053.41,14485,0.107,4.214,4.322
2901074.57,14483,0.165,4.325,4.49
2901091.72,14484,0.151,4.084,4.235
2901102.99,14485,0.126,4.568,4.695
2901112.39,14483,1.606,4.212,5.818
2901129.22,14484,3.742,6.165,9.907
2901136.3,14485,0.123,4.381,4.504
2901153.46,14483,2.308,4.309,6.617
2901161.06,14484,0.09,4.74,4.831
2901171.95,14485,1.621,7.548,9.169
2901172.7,14483,0.086,7.308,7.394
2901201.38,14484,5.646,8.062,13.708
2901201.72,14485,4.062,7.537,11.599
2901218.72,14483,0.116,4.866,4.983
2901250.79,14484,0.183,4.413,4.596
2901264.3,14485,0.133,5.521,5.654
2901271.91,14483,0.104,5.559,5.663
2901324.1,14484,0.664,4.25,4.915
2901385.7,14485,15.006,10.854,25.86
2901398.66,14483,0.153,4.458,4.611
2901412.25,14484,0.152,4.017,4.169
2901429.41,14485,0.111,4.385,4.496
2901462.61,14483,0.11,4.653,4.763
2901498.52,14484,0.148,8.2,8.348
2901505.96,14485,0.1,4.306,4.406
2901522.47,14483,1.616,4.513,6.129
2901524.63,14484,0.554,4.51,5.064
2901536.71,14485,0.099,4.125,4.224
2901545.17,14483,0.103,3.961,4.064
2901608.55,14484,1.102,3.954,5.056
2901629.31,14485,3.453,8.118,11.571
2901648.22,14483,0.193,5.365,5.558
2901677.92,14484,0.133,5.481,5.614
2901681.83,14485,0.091,4.57,4.661
2901705.89,14484,0.117,4.185,4.303
2901710.57,14483,0.455,4.372,4.826
2901733.29,14485,0.102,4.046,4.148
2901751.06,14484,1.371,5.957,7.328
2901794.7,14483,0.131,5.036,5.167
2901797.2,14485,2.138,4.01,6.148
2901808.04,14484,0.096,4.446,4.543
2901820.58,14483,0.075,8.09,8.166
2901837.2,14485,0.437,4.082,4.518
2901865.23,14484,0.145,4.136,4.281
2901887.71,14483,0.173,7.405,7.579
2901929.4,14485,1.658,5.682,7.34
2901936.63,14484,0.143,6.0,6.143
2901974.08,14483,0.124,4.057,4.181
2901982.07,14485,3.973,6.328,10.301
2902013.83,14484,0.105,4.366,4.471
2902029.82,14483,0.098,4.434,4.532
2902088.61,14485,0.131,4.167,4.298
2902091.92,14484,0.1,4.439,4.539
2902096.0,14485,0.106,4.042,4.148
2902110.54,14483,0.077,4.258,4.335
2902120.46,14484,0.078,4.816,4.893
2902124.79,14485,0.079,4.054,4.133
2902149.75,14483,0.163,5.658,5.821
2902163.89,14484,0.185,6.105,6.29
2902188.52,14485,0.744,7.8,8.545
2902305.68,14483,0.273,7.274,7.547
2902448.05,14484,0.291,7.303,7.594
2902586.23,14485,0.148,4.15,4.298
2902670.44,14483,0.161,12.189,12.35
2902677.06,14484,0.119,8.756,8.875
2902726.29,14485,0.245,4.314,4.559
2902737.73,14483,0.163,4.682,4.845
2902819.35,14484,0.186,4.115,4.301
2902995.05,14485,1.087,9.801,10.888
2902996.23,14483,0.129,9.457,9.585
2903168.36,14484,0.134,4.009,4.143
2903183.1,14485,2.219,5.973,8.192
2903194.05,14483,0.122,7.356,7.478
2903296.75,14484,0.528,11.156,11.684
2903315.87,14485,2.094,6.648,8.741
2903424.87,14483,0.453,8.158,8.611
2903425.54,14484,0.081,6.381,6.462
2903459.85,14485,0.115,8.263,8.378
2903553.72,14483,0.157,4.443,4.599
2903573.0,14484,0.774,6.697,7.472
2903640.36,14485,0.153,4.191,4.344
2903649.43,14483,0.157,4.09,4.247
2903750.03,14484,0.246,4.035,4.281
2903776.89,14485,0.989,6.61,7.6
2903783.47,14483,0.123,4.076,4.199
2903817.62,14484,0.234,4.034,4.267
2903869.27,14485,0.14,6.019,6.159
2903898.65,14483,0.138,4.205,4.344
2903908.45,14484,0.166,4.202,4.369
2904029.06,14485,0.113,6.104,6.217
2904030.13,14483,0.438,5.889,6.327
2904191.97,14484,0.347,4.108,4.455
2904202.3,14485,0.103,4.635,4.737
2904247.21,14483,0.131,4.249,4.381
2904256.4,14484,0.203,4.542,4.745
2904302.01,14485,0.165,6.814,6.978
2904312.06,14483,0.14,5.583,5.723
2904333.15,14484,0.119,8.091,8.21
2904333.47,14485,0.424,8.344,8.768
2904355.07,14483,0.169,4.32,4.489
2904371.83,14484,0.226,7.42,7.646
2904418.33,14485,0.13,4.188,4.318
2904438.59,14483,2.091,4.333,6.423
2904439.26,14484,0.124,4.408,4.532
2904538.56,14485,0.151,5.943,6.094
2904711.26,14483,3.048,6.104,9.152
2904742.29,14484,0.217,4.106,4.323
2904930.21,14485,1.785,4.105,5.891
2905028.92,14483,0.176,4.244,4.419
2905099.59,14484,0.197,8.978,9.175
2905107.12,14485,1.827,4.042,5.869
2905178.93,14483,0.175,4.719,4.894
2905248.12,14484,0.128,4.322,4.45
2905375.95,14485,0.627,3.978,4.605
2905388.21,14483,0.113,6.153,6.266
2905506.73,14484,0.129,4.221,4.35
2905608.99,14485,0.146,4.266,4.412
2905620.28,14483,0.117,8.078,8.194
2905740.84,14484,0.131,5.041,5.172
2905813.57,14485,0.326,6.825,7.151
2905827.2,14483,0.14,5.428,5.568
2905833.49,14484,0.115,4.152,4.266
2905838.19,14485,0.081,4.283,4.363
2905852.55,14483,0.097,4.357,4.455
2905883.6,14484,0.107,4.409,4.516
2905887.86,14485,0.107,4.359,4.466
2905912.29,14484,0.715,4.11,4.824
2905945.56,14483,0.146,4.11,4.257
2905958.91,14485,0.121,5.068,5.189
2905971.43,14484,0.148,4.152,4.3
2906016.31,14483,0.168,4.746,4.914
2906046.13,14485,0.946,3.85,4.796
2906090.36,14484,0.144,4.949,5.093
2906095.14,14483,0.105,3.984,4.088
2906105.17,14485,0.07,8.068,8.137
2906110.76,14484,0.087,4.025,4.112
2906124.11,14483,0.072,3.955,4.027
2906128.47,14485,0.074,4.061,4.136
2906131.79,14484,0.071,4.258,4.328
2906139.03,14483,0.064,3.92,3.984
2906169.03,14485,0.125,8.827,8.952
2906169.25,14484,1.96,6.667,8.627
2906183.2,14483,0.112,4.006,4.118
2906214.33,14485,0.084,5.183,5.268
2906229.78,14484,0.08,4.432,4.512
2906246.53,14483,0.506,8.133,8.64
2906250.9,14485,2.74,8.672,11.412
2906251.56,14484,2.069,7.304,9.373
2906271.98,14483,0.094,4.049,4.143
2906280.0,14485,0.125,4.327,4.451
2906283.44,14484,0.112,4.255,4.367
2906322.05,14483,1.255,7.556,8.811
2906337.1,14485,2.021,4.723,6.744
2906339.82,14484,0.086,4.546,4.632
2906348.18,14483,0.119,4.364,4.483
2906351.51,14485,0.084,4.077,4.161
2906364.93,14483,0.178,3.941,4.119
2906379.68,14484,0.103,4.187,4.29
2906396.86,14485,0.234,5.977,6.21
2906406.18,14483,2.82,8.034,10.854
2906423.29,14484,1.031,7.172,8.204
2906491.85,14485,0.127,5.04,5.166
2906495.5,14483,0.102,7.444,7.546
2906519.25,14483,0.093,4.063,4.156
2906519.43,14484,2.058,6.852,8.91
2906519.56,14485,0.078,6.08,6.158
2906534.48,14483,0.101,4.093,4.194
2906558.21,14484,0.223,4.119,4.341
2906602.26,14485,0.189,5.961,6.15
2906617.65,14483,0.147,4.118,4.265
2906627.21,14484,0.131,4.043,4.174
2906661.88,14485,0.154,4.137,4.291
2906697.28,14483,0.185,6.003,6.188
2906703.48,14485,0.083,4.072,4.155
2906704.49,14484,0.207,7.06,7.267
2906725.3,14483,1.655,8.189,9.844
2906730.09,14485,0.091,4.782,4.873
2906752.82,14483,0.118,12.647,12.765
2906754.59,14484,0.109,13.487,13.595
2906778.02,14485,0.146,4.597,4.743
2906799.67,14484,0.127,6.438,6.565
2906800.08,14483,0.119,9.026,9.144
2906805.33,14485,0.082,4.549,4.631
2906838.71,14484,0.357,9.195,9.552
2906846.71,14483,0.114,5.951,6.065
2906908.65,14485,0.144,5.023,5.167
2906922.19,14484,0.121,4.959,5.08
2906931.15,14483,0.102,5.073,5.174
2906953.14,14485,0.162,4.179,4.341
2907001.53,14484,1.791,6.084,7.875
2907007.39,14483,0.283,3.859,4.142
2907049.54,14485,0.132,4.793,4.926
2907114.01,14484,0.153,4.621,4.774
2907124.44,14483,0.16,4.082,4.242
2907140.88,14485,0.119,4.776,4.895
2907172.95,14484,0.106,4.122,4.228
2907201.06,14483,0.099,4.917,5.016
2907240.23,14485,0.331,4.159,4.491
2907249.67,14484,0.182,4.026,4.208
2907289.77,14483,0.093,4.292,4.385
2907337.02,14485,0.509,6.135,6.644
2907372.72,14484,0.2,3.985,4.185
2907408.99,14483,0.191,4.244,4.435
2907475.63,14485,0.22,5.07,5.29
2907543.05,14484,0.406,4.884,5.29
2907551.05,14483,0.452,5.39,5.842
2907574.21,14485,0.152,4.102,4.254
2907598.99,14484,0.165,4.365,4.53
2907605.23,14483,0.083,4.089,4.172
2907611.71,14485,0.076,4.1,4.176
2907617.52,14484,0.063,4.168,4.231
2907646.09,14483,0.119,4.089,4.209
2907654.16,14485,0.075,4.274,4.349
2907671.58,14484,0.092,4.408,4.5
2907676.66,14483,0.096,4.892,4.987
2907682.66,14485,0.118,4.207,4.325
2907692.65,14484,0.083,4.982,5.065
2907698.19,14483,0.4,4.855,5.255
2907707.6,14485,0.118,4.467,4.585
2907715.11,14484,0.084,4.259,4.343
2907761.56,14483,0.161,4.314,4.474
2907766.05,14485,0.105,4.167,4.272
2907779.25,14484,0.125,5.172,5.297
2907823.75,14483,0.245,4.21,4.455
2907830.55,14485,0.093,4.382,4.475
2907855.33,14484,0.607,14.272,14.879
2907861.63,14483,2.047,9.919,11.966
2907887.7,14485,0.112,8.777,8.889
2907889.17,14484,0.063,8.401,8.464
2907910.9,14483,0.119,4.493,4.611
2907933.41,14485,0.129,8.054,8.183
2907942.12,14484,0.15,6.111,6.261
2907953.7,14483,0.313,4.223,4.536
2907966.78,14485,0.084,4.011,4.094
2907971.54,14484,0.2,4.345,4.545
2907987.06,14483,0.123,7.16,7.283
2908023.97,14485,0.09,7.759,7.849
2908057.3,14484,0.111,5.023,5.135
2908068.56,14483,0.106,4.716,4.822
2908087.6,14485,0.24,8.412,8.652
2908088.34,14484,0.104,6.935,7.039
2908099.71,14483,3.129,4.492,7.621
2908123.74,14485,0.141,8.232,8.373
2908138.58,14484,0.109,5.206,5.316
2908143.45,14483,0.084,4.231,4.315
2908149.04,14485,0.076,4.146,4.221
2908161.89,14484,0.079,4.283,4.362
2908174.06,14483,0.138,7.613,7.751
2908191.1,14485,0.133,6.287,6.42
2908205.41,14484,0.116,10.071,10.186
2908218.62,14483,0.167,4.563,4.73
2908221.69,14485,0.098,4.07,4.168
2908233.79,14483,0.342,4.312,4.655
2908241.59,14484,1.589,4.408,5.996
2908257.14,14485,0.2,5.056,5.256
2908258.94,14483,0.148,4.23,4.378
2908282.49,14484,0.283,4.026,4.309
2908299.47,14485,0.118,5.447,5.564
2908302.66,14483,0.165,4.052,4.217
2908320.74,14485,0.224,6.583,6.806
2908324.95,14484,0.413,4.022,4.435
2908367.08,14483,0.173,8.157,8.33
2908413.21,14485,0.244,5.569,5.813
2908426.31,14484,2.916,4.646,7.562
2908434.71,14483,0.127,9.268,9.394
2908448.04,14484,0.59,5.055,5.645
2908452.78,14485,0.109,3.997,4.105
2908464.04,14483,0.131,4.746,4.877
2908469.71,14484,0.198,4.917,5.115
2908475.88,14485,0.104,4.562,4.667
2908490.3,14483,0.166,6.188,6.353
2908518.44,14484,0.417,6.711,7.128
2908535.03,14485,0.241,5.007,5.248
2908544.42,14483,1.752,5.207,6.959
2908558.94,14484,1.46,7.732,9.191
2908561.92,14485,0.873,5.969,6.842
2908611.07,14483,2.994,7.306,10.3
2908653.21,14484,0.209,6.843,7.052
2908657.05,14485,0.114,6.312,6.426
2908692.52,14483,0.114,5.023,5.136
2908705.69,14484,0.135,6.733,6.868
2908708.66,14485,0.081,5.114,5.195
2908742.44,14483,3.64,8.308,11.948
2908744.51,14484,4.924,8.339,13.263
2908754.55,14485,0.131,6.344,6.475
2908790.59,14483,0.1,4.283,4.382
2908813.39,14484,0.148,4.498,4.647
2908842.22,14485,0.115,4.214,4.329
2908867.36,14483,0.096,4.135,4.231
2908881.82,14484,0.126,4.36,4.486
2908889.63,14485,0.069,7.323,7.391
2908890.81,14483,0.075,5.153,5.228
2908924.26,14484,0.125,4.004,4.129
2908949.48,14485,0.167,7.544,7.711
2908950.47,14483,0.097,6.201,6.298
2909022.32,14484,0.173,4.849,5.021
2909037.02,14485,0.196,4.419,4.615
2909051.04,14483,0.102,5.057,5.158
2909059.41,14484,0.081,5.014,5.096
2909071.4,14485,0.151,5.003,5.154
2909075.78,14483,0.191,4.05,4.241
2909124.85,14484,0.147,18.429,18.576
2909140.81,14485,4.231,4.242,8.473
2909147.92,14483,0.718,6.493,7.211
2909173.57,14484,2.043,7.449,9.492
2909177.11,14485,1.223,7.021,8.245
2909195.89,14483,0.087,9.447,9.533
2909199.78,14484,4.254,4.499,8.753
2909213.38,14485,0.084,4.021,4.105
2909230.4,14483,0.092,4.313,4.405
2909265.75,14484,3.162,4.321,7.483
2909342.61,14485,0.184,4.382,4.566
2909370.29,14483,0.302,5.617,5.92
2909385.67,14484,0.108,4.241,4.349
2909399.1,14485,0.104,4.736,4.84
2909442.08,14483,0.16,8.812,8.972
2909450.3,14484,2.061,4.147,6.208
2909485.44,14485,0.153,4.054,4.208
2909544.62,14483,1.028,6.305,7.333
2909556.15,14484,2.152,4.02,6.171
2909584.1,14485,0.172,4.999,5.171
2909603.15,14483,0.482,4.37,4.852
2909617.64,14484,0.168,4.152,4.319
2909630.61,14485,0.204,4.232,4.436
2909653.42,14483,0.185,5.784,5.97
2909661.5,14484,0.176,6.22,6.395
2909690.94,14485,0.215,4.778,4.993
2909709.46,14483,0.147,7.175,7.322
2909740.03,14484,0.305,10.356,10.661
2909771.79,14485,4.054,10.489,14.544
2909847.52,14483,0.174,5.085,5.26
2909882.32,14484,0.775,7.183,7.958
2909885.34,14485,0.231,6.65,6.882
2909889.27,14483,0.209,5.194,5.403
2909914.73,14484,0.451,5.952,6.403
2909942.47,14485,4.968,7.254,12.222
2909969.94,14483,0.264,4.771,5.035
2909995.76,14484,0.171,6.407,6.578
2910001.07,14485,0.135,5.643,5.778
2910003.89,14483,0.096,4.962,5.057
2910009.42,14485,0.072,4.423,4.495
2910024.36,14484,0.083,8.062,8.145
2910033.12,14483,0.155,8.922,9.077
2910057.47,14485,0.275,12.213,12.488
2910064.71,14484,0.327,9.169,9.497
2910092.63,14485,0.358,5.883,6.24
2910107.87,14483,0.147,5.689,5.836
2910144.18,14484,0.163,13.539,13.703
2910145.05,14485,0.112,11.86,11.972
2910163.29,14483,0.13,16.578,16.708
2910166.06,14484,3.19,11.27,14.46
2910177.88,14485,0.277,4.726,5.003
2910182.96,14483,0.147,4.597,4.744
2910191.03,14484,0.134,5.348,5.481
2910195.89,14485,0.134,4.51,4.644
2910229.79,14483,0.176,8.367,8.543
2910240.89,14484,0.173,10.693,10.866
2910266.08,14485,1.829,5.121,6.95
2910288.09,14483,1.082,4.639,5.721
2910291.07,14484,0.131,5.428,5.559
2910302.14,14485,0.147,6.476,6.623
2910344.55,14483,0.839,7.11,7.95
2910360.61,14484,0.446,12.035,12.482
2910369.07,14485,2.521,8.279,10.8
2910377.62,14483,0.276,10.033,10.309
2910378.46,14485,0.13,8.049,8.178
2910402.48,14484,0.212,8.862,9.074
2910424.46,14483,0.165,9.118,9.282
2910458.7,14485,0.264,5.064,5.329
2910499.48,14484,1.275,11.421,12.696
2910507.81,14483,0.198,15.095,15.293
2910513.93,14485,0.379,12.334,12.713
2910529.03,14484,1.021,8.002,9.023
2910549.51,14483,0.174,8.904,9.078
2910554.13,14485,0.128,13.896,14.025
2910571.12,14484,0.433,5.08,5.513
2910606.68,14483,0.433,5.221,5.655
2910627.23,14484,1.313,5.581,6.894
2910630.84,14485,0.618,10.217,10.835
2910653.59,14483,0.238,6.36,6.598
2910656.37,14484,0.56,6.59,7.151
2910663.9,14485,2.163,4.828,6.991
2910673.33,14483,0.357,5.393,5.75
2910681.59,14484,0.132,5.212,5.345
2910690.31,14485,0.356,5.06,5.417
2910707.54,14484,0.1,6.809,6.909
2910710.77,14483,0.4,10.742,11.142
2910716.49,14484,1.815,8.648,10.463
2910723.24,14485,0.104,12.966,13.07
2910727.33,14483,2.812,12.192,15.005
2910734.51,14484,0.127,7.796,7.922
2910753.25,14485,0.137,10.127,10.264
2910754.25,14483,1.931,10.008,11.938
2910761.08,14484,0.34,6.213,6.553
2910763.18,14483,0.103,4.492,4.595
2910788.97,14485,0.245,8.576,8.821
2910795.05,14484,0.164,4.084,4.249
2910810.3,14483,2.378,6.13,8.508
2910821.03,14485,0.133,7.476,7.609
2910825.86,14484,0.142,4.105,4.247
2910840.98,14483,2.265,10.952,13.218
2910844.5,14485,0.13,4.463,4.593
2910885.51,14483,0.428,5.36,5.789
2910908.31,14484,0.306,4.768,5.074
2910926.78,14485,0.171,4.6,4.771
2910934.95,14483,2.079,8.569,10.648
2910941.12,14484,0.138,4.611,4.75
2910960.53,14485,0.179,4.328,4.508
2910976.28,14483,0.182,4.225,4.407
2911050.24,14484,0.174,8.846,9.02
2911051.42,14485,0.079,7.19,7.268
2911054.77,14483,0.093,6.286,6.379
2911075.87,14484,0.442,5.834,6.276
2911082.01,14485,0.144,4.36,4.504
2911094.03,14483,0.143,3.936,4.078
2911124.66,14484,0.229,7.325,7.555
2911148.92,14485,1.445,4.667,6.112
2911170.16,14483,0.194,10.358,10.553
2911188.91,14484,0.161,12.954,13.115
2911190.1,14485,0.103,11.356,11.459
2911193.7,14483,0.214,7.911,8.125
2911210.36,14485,0.072,8.155,8.227
2911210.47,14484,0.147,7.941,8.088
2911213.72,14483,0.083,4.186,4.269
2911221.29,14484,0.08,6.109,6.19
2911267.49,14485,0.159,4.153,4.312
2911275.64,14483,3.951,4.019,7.97
2911276.18,14484,2.613,4.495,7.108
2911284.3,14485,0.109,4.618,4.727
2911295.28,14483,0.389,4.149,4.538
2911310.62,14484,0.113,4.331,4.444
2911334.71,14485,0.109,4.233,4.341
2911344.9,14483,2.697,4.76,7.457
2911367.78,14485,0.067,5.641,5.708
2911369.63,14484,0.109,10.46,10.568
2911386.94,14483,0.238,4.387,4.626
2911426.11,14485,0.3,5.428,5.728
2911465.65,14484,1.545,4.6,6.145
2911572.46,14483,0.376,4.761,5.137
2911655.85,14485,0.167,6.115,6.282
2911740.39,14484,0.324,5.114,5.438
2911802.97,14483,0.179,5.012,5.192
2911859.6,14485,0.281,4.551,4.833
2911890.17,14484,0.15,4.69,4.84
2911900.77,14483,0.995,6.554,7.549
2911941.08,14485,0.162,6.063,6.225
2912044.83,14484,0.238,4.22,4.458
2912082.92,14483,0.128,4.234,4.362
2912089.52,14485,0.11,4.833,4.942
2912120.5,14484,0.107,5.31,5.417
2912214.32,14483,0.338,6.445,6.783
2912239.83,14485,0.22,5.424,5.645
2912374.96,14484,1.11,4.443,5.553
2912421.97,14483,1.79,8.347,10.136
2912431.1,14485,0.159,4.995,5.153
2912442.97,14484,0.177,4.4,4.576
2912457.99,14483,0.235,5.318,5.553
2912534.79,14485,0.321,4.809,5.13
2912545.66,14484,0.187,4.305,4.491
2912551.21,14483,0.142,5.074,5.216
2912558.05,14485,0.354,8.585,8.939
2912561.24,14484,0.32,7.682,8.002
2912563.25,14483,1.374,4.929,6.303
2912565.02,14485,0.061,4.983,5.044
2912575.34,14484,0.192,4.345,4.537
2912580.68,14483,0.145,6.401,6.546
2912592.8,14485,0.361,4.321,4.682
2912602.61,14484,2.002,4.093,6.095
2912611.48,14483,1.202,7.253,8.455
2912634.16,14485,0.299,4.276,4.574
2912643.94,14484,0.185,4.846,5.031
2912666.65,14483,0.171,4.838,5.009
2912677.39,14485,0.652,6.423,7.075
2912692.5,14484,0.694,4.171,4.866
2912703.18,14483,1.476,4.92,6.396
2912712.68,14485,0.17,4.322,4.492
2912726.08,14484,0.175,3.994,4.169
2912745.18,14483,0.183,3.991,4.174
2912815.99,14485,2.106,5.303,7.409
2912867.36,14484,0.6,4.307,4.907
2912871.03,14483,0.557,5.848,6.405
2912884.35,14485,0.3,6.258,6.559
2912899.11,14484,0.255,4.13,4.385
2912904.88,14483,0.107,7.427,7.534
2912944.02,14485,1.47,5.019,6.489
2912960.1,14484,0.671,4.227,4.898
2912978.43,14483,0.466,4.305,4.771
2913024.34,14485,0.175,3.855,4.03
2913027.11,14484,0.127,4.704,4.832
2913038.38,14483,0.426,4.757,5.183
2913043.68,14485,0.128,6.115,6.243
2913095.79,14484,1.957,5.578,7.535
2913147.43,14483,0.182,4.45,4.633
2913162.6,14485,0.228,4.118,4.346
2913193.84,14484,1.336,4.745,6.081
2913214.04,14483,0.202,18.126,18.328
2913214.66,14485,5.09,10.806,15.896
2913241.71,14484,1.718,10.372,12.091
2913241.83,14485,1.652,4.077,5.728
2913243.16,14483,0.389,7.745,8.134
2913250.07,14484,0.082,6.151,6.233
2913305.81,14485,0.452,4.812,5.264
2913307.1,14483,0.122,4.699,4.82
2913310.53,14484,0.077,4.731,4.807
2913359.62,14485,1.531,4.309,5.84
2913365.08,14483,0.124,5.051,5.174
2913370.76,14484,0.164,4.508,4.672
2913373.6,14485,0.077,4.77,4.847
2913398.49,14483,0.517,5.2,5.717
2913447.49,14484,0.231,5.581,5.812
2913449.97,14485,0.137,5.01,5.147
2913460.27,14483,0.156,4.301,4.457
2913506.66,14484,0.163,4.017,4.18
2913511.45,14485,4.37,4.257,8.627
2913530.49,14483,0.269,4.743,5.012
2913533.55,14484,0.117,5.736,5.853
2913535.49,14485,0.092,4.677,4.769
2913569.04,14483,1.899,4.567,6.466
2913582.66,14484,1.346,6.123,7.469
2913593.08,14485,0.19,4.154,4.344
2913625.09,14483,0.212,4.142,4.354
2913669.09,14484,0.224,6.161,6.385
2913670.88,14485,0.273,4.406,4.68
2913677.17,14483,0.1,4.788,4.889
2913683.04,14484,0.093,5.812,5.905
2913706.18,14485,0.185,4.171,4.356
2913754.39,14483,0.244,4.45,4.695
2913778.02,14484,1.801,4.805,6.606
2913782.96,14485,0.21,4.594,4.804
2913801.36,14484,0.284,7.896,8.18
2913803.65,14483,0.118,4.41,4.529
2913815.57,14485,0.275,6.988,7.263
2913845.94,14484,1.025,3.926,4.95
2913847.88,14483,0.457,5.747,6.203
2913867.14,14485,0.183,4.057,4.24
2913890.4,14484,0.164,5.877,6.041
2913912.93,14483,0.177,4.165,4.342
2913930.79,14485,0.162,4.648,4.81
2913935.68,14483,0.107,4.065,4.171
2913936.15,14484,0.569,6.863,7.433
2913958.86,14485,0.543,4.196,4.74
2913966.89,14483,0.117,5.17,5.287
2913987.79,14484,0.156,6.356,6.512
2914009.65,14485,0.282,4.55,4.832
2914032.78,14483,0.183,4.294,4.477
2914042.27,14484,0.415,5.102,5.517
2914061.81,14485,0.175,4.479,4.655
2914076.89,14483,0.343,4.356,4.7
2914092.11,14484,1.262,4.678,5.94
2914095.93,14485,0.158,4.296,4.454
2914099.91,14484,0.093,4.67,4.763
2914124.57,14483,0.158,5.786,5.943
2914128.48,14485,0.158,5.308,5.466
2914137.7,14484,0.152,5.189,5.342
2914161.19,14483,0.252,6.376,6.628
2914199.28,14485,0.153,4.024,4.177
2914203.41,14484,0.12,3.845,3.965
2914217.85,14483,0.171,4.094,4.266
2914234.47,14485,0.126,4.694,4.82
2914241.07,14484,0.122,4.283,4.404
2914246.57,14483,0.154,4.568,4.722
2914271.78,14485,5.765,6.096,11.861
2914331.33,14484,0.769,6.739,7.507
2914334.77,14483,1.756,4.596,6.352
2914361.31,14485,0.215,4.283,4.498
2914397.41,14484,0.903,6.114,7.016
2914398.85,14483,0.1,6.021,6.122
2914406.76,14485,0.143,4.8,4.943
2914454.15,14484,0.22,7.532,7.752
2914544.32,14483,1.075,4.713,5.788
2914562.32,14485,0.192,4.05,4.243
2914612.35,14484,0.204,4.488,4.692
2914645.8,14483,0.202,4.329,4.531
2914674.56,14485,0.231,4.25,4.481
2914694.29,14484,0.444,4.965,5.41
2914729.26,14483,0.203,4.338,4.541
2914741.79,14485,0.133,4.137,4.27
2914758.89,14484,0.891,4.515,5.406
2914831.08,14483,2.031,6.367,8.398
2914913.74,14485,0.211,4.146,4.357
2914955.16,14484,0.401,6.799,7.199
2914959.34,14483,0.199,5.414,5.613
2914973.95,14485,0.217,4.34,4.557
2915094.69,14484,1.377,5.938,7.315
2915101.9,14483,0.674,4.419,5.093
2915120.55,14485,1.945,8.27,10.216
2915204.94,14484,0.342,4.27,4.612
2915226.05,14483,0.104,6.667,6.771
2915236.38,14485,1.169,4.173,5.342
2915307.92,14484,0.423,6.144,6.567
2915320.97,14483,0.232,5.609,5.841
2915324.09,14485,0.146,5.267,5.413
2915591.07,14484,0.19,4.342,4.532
2915636.23,14483,2.055,5.975,8.03
2915670.06,14485,0.423,5.884,6.306
2915672.18,14484,3.792,5.826,9.619
2915683.47,14483,0.639,4.241,4.88
2915700.64,14485,0.4,4.838,5.238
2915713.26,14484,3.06,4.343,7.403
2915720.91,14485,0.074,4.803,4.877
2915721.69,14483,0.12,6.065,6.185
2915770.87,14484,2.281,5.915,8.195
2915788.4,14485,0.191,6.862,7.053
2915795.91,14483,0.174,8.168,8.343
2915798.78,14484,0.08,9.473,9.553
2915807.21,14483,0.435,5.929,6.364
2915808.38,14485,1.115,7.162,8.277
2915812.37,14484,0.23,5.559,5.789
2915826.21,14483,0.115,6.969,7.084
2915826.96,14485,0.202,6.012,6.214
2915837.43,14484,0.106,6.194,6.3
2915843.21,14483,0.093,5.216,5.309
2915887.92,14485,0.27,8.503,8.773
2915889.7,14484,0.121,6.702,6.823
2915890.01,14483,0.06,5.832,5.892
2915901.69,14485,0.393,4.879,5.271
2915981.44,14484,0.275,6.277,6.552
2916025.3,14483,0.233,4.55,4.783
2916030.13,14485,0.262,4.631,4.893
2916057.62,14483,0.165,4.81,4.975
2916105.94,14484,0.181,6.984,7.165
2916125.57,14485,0.185,4.94,5.125
2916130.84,14483,0.108,4.306,4.414
2916147.82,14484,0.25,4.27,4.52
2916153.29,14485,0.328,4.643,4.971
2916161.82,14483,0.097,3.986,4.083
2916168.04,14484,1.03,4.894,5.924
2916182.04,14485,0.151,5.67,5.821
2916189.87,14483,0.125,4.294,4.419
2916221.55,14485,0.174,5.4,5.574
2916223.0,14484,0.286,8.412,8.698
2916238.4,14483,0.223,5.41,5.633
2916247.12,14485,0.168,4.492,4.66
2916257.0,14484,0.174,4.313,4.487
2916263.84,14483,0.164,4.169,4.332
2916286.88,14484,0.145,6.645,6.79
2916289.74,14485,0.263,10.38,10.642
2916348.94,14483,2.164,10.635,12.798
2916349.87,14484,0.558,7.673,8.232
2916362.16,14485,0.353,7.161,7.515
2916376.26,14483,0.158,4.75,4.908
2916401.95,14484,0.178,6.19,6.368
2916418.63,14485,1.659,5.917,7.577
2916421.43,14483,0.547,6.5,7.047
2916427.38,14484,0.267,4.548,4.815
2916450.74,14485,0.174,5.681,5.856
2916470.8,14483,0.189,5.948,6.137
2916494.58,14484,0.579,5.065,5.643
2916500.4,14485,0.197,3.91,4.107
2916518.0,14483,0.136,6.442,6.578
2916541.8,14484,0.122,4.883,5.004
2916545.94,14485,3.02,5.103,8.123
2916548.05,14484,1.396,4.359,5.755
2916563.16,14483,0.752,4.175,4.927
2916568.03,14485,2.892,5.749,8.641
2916592.85,14484,0.837,4.596,5.433
2916607.27,14483,1.115,4.386,5.501
2916614.34,14485,2.558,6.753,9.311
2916627.41,14484,0.68,5.319,5.999
2916644.75,14483,0.169,4.836,5.005
2916657.89,14485,2.078,4.737,6.814
2916676.25,14484,0.165,4.649,4.814
2916691.08,14483,0.18,4.923,5.103
2916711.27,14485,0.144,5.075,5.22
2916724.41,14483,0.123,9.267,9.39
2916724.52,14484,0.357,10.636,10.993
2916730.85,14485,0.166,4.978,5.143
2916781.99,14483,0.239,7.1,7.338
2916821.67,14484,0.164,6.142,6.306
2916828.85,14485,0.173,7.345,7.518
2916837.9,14484,3.039,6.504,9.543
2916858.26,14483,0.169,6.795,6.965
2916865.69,14485,0.128,4.665,4.793
2916888.35,14484,0.258,10.962,11.221
2916889.97,14483,0.737,10.805,11.542
2916921.84,14485,0.164,4.334,4.498
2916925.68,14484,0.114,4.123,4.237
2916965.19,14485,0.131,4.396,4.527
2916966.68,14483,0.109,4.142,4.251
2916971.65,14484,0.088,4.334,4.421
2916995.88,14485,0.39,3.828,4.218
2917007.29,14483,0.098,4.347,4.445
2917020.98,14484,0.159,4.71,4.868
2917025.49,14485,0.087,4.348,4.435
2917032.52,14484,0.084,4.158,4.243
2917093.54,14483,0.165,4.059,4.224
2917118.29,14485,0.135,4.039,4.174
2917124.29,14484,0.181,5.711,5.893
2917130.98,14483,0.114,4.742,4.856
2917140.99,14485,1.498,5.848,7.346
2917165.35,14484,0.124,5.089,5.213
2917176.92,14483,0.109,4.25,4.359
2917195.81,14485,0.825,5.632,6.457
2917207.69,14484,0.292,4.864,5.156
2917223.27,14483,0.159,5.909,6.068
2917247.34,14485,0.182,4.751,4.933
2917306.41,14484,0.156,4.071,4.227
2917318.85,14483,0.151,4.669,4.821
2917324.18,14485,0.106,4.099,4.205
2917331.72,14484,0.133,4.267,4.4
2917340.18,14483,0.764,3.944,4.708
2917352.04,14485,1.699,4.261,5.96
2917402.44,14484,0.138,5.111,5.249
2917412.21,14483,2.381,3.953,6.333
2917431.26,14485,0.145,6.37,6.516
2917444.48,14484,0.107,6.655,6.762
2917468.99,14483,0.122,4.102,4.224
2917484.39,14485,0.126,4.808,4.934
2917528.44,14484,0.15,4.189,4.339
2917547.05,14483,0.122,3.945,4.067
2917582.91,14485,0.144,4.587,4.731
2917665.3,14484,0.133,8.07,8.203
2917665.79,14483,0.116,4.721,4.837
2917685.52,14485,0.155,6.194,6.349
2917688.42,14484,0.062,5.19,5.252
2917756.11,14483,0.287,10.639,10.926
2917859.21,14485,0.173,4.89,5.063
2917904.47,14484,0.13,4.116,4.245
2918019.01,14483,0.162,6.253,6.415
2918034.53,14485,0.186,4.089,4.275
2918103.33,14484,0.25,4.789,5.039
2918183.49,14483,1.082,5.025,6.107
2918305.89,14485,2.259,8.066,10.325
2918309.58,14484,3.906,6.183,10.088
2918435.93,14483,0.137,4.228,4.365
2918459.65,14485,0.204,5.155,5.359
2918549.66,14484,1.814,5.246,7.06
2918570.66,14483,0.142,4.375,4.517
2918588.62,14485,0.122,5.258,5.38
2918667.31,14484,0.131,4.145,4.276
2918716.5,14483,0.23,4.199,4.429
2918800.86,14485,0.169,8.167,8.336
2918896.84,14484,0.209,8.486,8.695
2918934.64,14483,0.224,4.97,5.194
2918939.7,14485,0.107,4.262,4.369
2918963.17,14484,0.098,3.98,4.078
2918978.98,14483,0.092,4.429,4.52
2919126.24,14485,0.19,4.915,5.105
2919288.77,14484,0.16,3.981,4.141
2919396.48,14483,0.142,4.077,4.219
2919430.93,14485,0.299,8.27,8.569
2919474.14,14484,0.109,4.805,4.914
2919559.95,14483,0.114,4.3,4.414
2919572.06,14485,0.111,3.911,4.021
2919580.29,14484,0.071,4.026,4.097
2919593.67,14483,0.123,4.163,4.286
2919606.25,14485,0.092,3.824,3.915
2919656.59,14484,0.13,4.067,4.196
2919667.04,14483,0.142,3.927,4.069
2919675.05,14485,2.034,3.898,5.932
2919681.17,14484,0.075,4.211,4.285
2919689.48,14483,0.097,4.254,4.35
2919704.21,14485,0.091,4.308,4.4
2919707.56,14484,0.07,4.278,4.348
2919729.74,14483,0.166,4.301,4.468
2919734.09,14485,0.121,4.179,4.3
2919767.13,14484,0.087,3.946,4.033
2919776.39,14483,0.067,3.913,3.98
2919800.25,14485,1.699,8.075,9.774
2919800.31,14484,0.062,4.042,4.104
2919809.06,14483,0.095,4.155,4.25
2919817.22,14485,0.24,5.987,6.227
2919831.49,14484,0.095,5.32,5.415
2919834.02,14483,0.949,3.866,4.814
2919848.6,14485,0.609,6.415,7.024
2919850.58,14484,1.615,4.829,6.444
2919857.33,14483,0.159,4.339,4.498
2919863.3,14485,2.261,6.15,8.411
2919865.54,14484,1.238,4.427,5.665
2919872.39,14483,0.189,4.142,4.332
2919880.1,14485,0.092,5.998,6.09
2919881.2,14484,0.651,4.78,5.431
2919894.56,14483,0.18,3.931,4.111
2919919.17,14485,0.126,4.103,4.229
2919929.5,14484,0.12,4.064,4.184
2919945.71,14483,0.149,4.568,4.717
2919972.8,14485,0.167,4.02,4.187
2920000.49,14484,0.135,3.981,4.116
2920051.95,14483,0.189,4.0,4.189
2920059.89,14485,0.112,6.384,6.496
2920068.66,14484,0.096,4.05,4.147
2920087.27,14483,1.88,4.053,5.933
2920087.9,14485,0.214,4.426,4.64
2920102.08,14484,0.08,4.426,4.506
2920136.36,14483,0.183,4.188,4.371
2920163.45,14485,0.477,6.015,6.492
2920216.35,14484,1.687,4.059,5.746
2920222.05,14483,0.103,4.057,4.16
2920226.64,14485,0.091,4.069,4.161
2920233.98,14484,1.422,3.839,5.261
2920252.13,14483,0.092,4.477,4.57
2920257.97,14485,0.088,4.036,4.125
2920324.48,14484,0.128,3.984,4.112
2920336.4,14483,2.068,4.274,6.341
2920339.6,14485,0.105,4.356,4.461
2920349.64,14484,0.086,4.265,4.351
2920355.07,14483,0.081,4.049,4.13
2920389.75,14485,0.638,4.4,5.038
2920402.1,14484,0.099,5.767,5.866
2920416.57,14483,0.098,3.963,4.061
2920424.67,14485,0.086,6.503,6.59
2920426.69,14484,0.06,5.925,5.985
2920436.46,14483,0.106,4.168,4.274
2920461.21,14485,0.655,3.823,4.479
2920503.28,14484,0.095,4.077,4.172
2920519.92,14483,0.092,4.088,4.179
2920547.03,14485,0.106,3.999,4.105
2920564.63,14484,0.968,4.301,5.269
2920587.34,14483,0.096,4.029,4.125
2920589.39,14485,0.076,4.267,4.343
2920612.07,14484,0.205,4.077,4.283
2920630.04,14483,0.089,4.222,4.311
2920633.11,14485,0.087,4.271,4.358
2920683.96,14484,0.091,7.588,7.679
2920684.76,14483,0.095,5.127,5.221
2920690.88,14485,0.086,4.449,4.536
2920696.31,14484,0.099,6.225,6.324
2920700.31,14483,0.146,7.233,7.379
2920703.86,14485,0.074,3.934,4.008
2920708.17,14483,0.052,4.162,4.214
2920726.05,14484,0.085,3.91,3.995
2920740.7,14485,0.117,4.832,4.949
2920746.14,14483,1.14,3.949,5.089
2920783.49,14484,0.097,4.055,4.152
2920799.05,14485,0.103,5.113,5.216
2920806.61,14483,1.756,4.61,6.367
2920895.61,14484,0.403,4.026,4.429
2920912.14,14485,0.1,3.956,4.056
2920917.53,14483,0.114,4.858,4.972
2920961.77,14484,0.129,4.002,4.131
2920982.59,14485,0.196,3.981,4.177
2920990.02,14483,0.168,4.546,4.714
2920991.13,14484,0.102,3.993,4.095
2921037.56,14485,0.192,4.173,4.364
2921054.96,14483,0.176,4.545,4.721
2921062.21,14484,0.116,4.054,4.17
2921076.16,14485,0.103,3.966,4.069
2921084.46,14483,0.144,5.984,6.127
2921089.98,14484,0.093,5.086,5.179
2921108.68,14485,0.169,4.01,4.18
2921148.59,14483,0.196,4.464,4.66
2921157.54,14484,0.116,4.056,4.172
2921168.78,14485,0.12,4.285,4.405
2921204.18,14483,0.11,4.362,4.471
2921234.67,14484,0.111,5.1,5.211
2921248.42,14485,0.169,4.315,4.483
2921294.12,14483,0.188,4.415,4.603
2921311.04,14484,1.652,4.079,5.731
2921324.47,14485,0.09,4.094,4.185
2921348.05,14483,1.269,3.961,5.229
2921353.66,14484,0.075,4.304,4.379
2921364.01,14485,0.09,4.019,4.108
2921382.36,14483,0.122,6.165,6.286
2921393.14,14484,2.104,3.926,6.03
2921416.04,14485,0.132,3.968,4.1
2921458.37,14483,0.159,4.817,4.976
2921485.39,14484,0.136,3.898,4.034
2921498.52,14485,0.162,4.302,4.464
2921503.55,14483,0.59,4.311,4.9
2921534.44,14484,0.113,4.019,4.132
2921591.05,14485,0.116,4.044,4.16
2921593.12,14483,3.346,4.056,7.401
2921641.83,14484,0.121,4.217,4.338
2921676.85,14485,0.514,4.254,4.768
2921741.35,14483,0.087,4.013,4.099
2921766.58,14484,0.097,5.993,6.089
2921830.55,14485,0.149,4.701,4.85
2921930.22,14483,0.196,4.243,4.439
2921939.71,14484,0.155,4.157,4.313
2922026.59,14485,0.195,4.305,4.5
2922085.73,14483,0.135,4.167,4.302
2922140.13,14484,0.208,4.5,4.708
2922159.46,14485,0.123,4.167,4.29
2922178.35,14483,1.548,3.95,5.497
2922236.42,14484,0.11,4.191,4.301
2922249.93,14485,0.099,4.53,4.629
2922254.66,14483,0.098,4.679,4.777
2922290.24,14484,0.1,4.984,5.084
2922336.37,14485,0.094,4.04,4.134
2922340.99,14483,0.083,4.137,4.22
2922477.51,14484,0.106,3.888,3.994
2922501.12,14485,0.084,4.244,4.328
2922622.77,14483,0.181,4.296,4.477
2922668.09,14484,0.36,11.102,11.462
2922673.7,14485,0.348,9.326,9.674
2922692.26,14483,0.097,4.173,4.27
2922704.44,14484,0.079,4.335,4.415
2922739.19,14485,0.161,4.326,4.487
2922764.18,14483,0.21,6.567,6.777
2922826.28,14484,0.13,4.361,4.491
2922840.64,14485,2.35,4.306,6.656
2922934.16,14483,0.128,6.339,6.467
2922936.3,14484,0.087,5.128,5.215
2923040.51,14485,0.157,4.096,4.254
2923082.68,14483,0.212,4.589,4.801
2923106.24,14484,0.164,3.943,4.107
2923120.11,14485,0.122,4.27,4.392
2923144.55,14483,0.155,5.115,5.27
2923254.81,14484,0.158,4.257,4.415
2923291.06,14485,0.117,5.1,5.218
2923314.83,14483,0.103,4.013,4.117
2923320.44,14484,0.084,4.684,4.768
2923329.26,14485,0.148,4.1,4.248
2923408.06,14483,0.106,4.383,4.489
2923413.66,14484,0.108,4.261,4.369
2923425.44,14485,0.127,5.294,5.421
2923439.62,14483,1.664,4.442,6.106
2923452.3,14484,0.1,3.961,4.061
2923489.93,14485,0.15,4.008,4.158
2923503.0,14483,0.073,3.96,4.032
2923517.74,14484,0.102,4.698,4.799
2923522.24,14485,0.246,4.138,4.384
2923552.22,14483,0.161,3.891,4.052
2923559.67,14484,0.184,4.389,4.573
2923611.46,14485,0.096,4.539,4.635
2923633.25,14483,0.096,7.647,7.742
2923633.98,14484,0.061,6.603,6.665
2923640.51,14485,0.09,4.106,4.196
2923646.1,14484,1.492,4.019,5.511
2923657.5,14483,0.1,3.98,4.08
2923674.31,14485,0.132,4.064,4.196
2923676.37,14484,0.055,4.106,4.161
2923749.11,14483,0.165,5.697,5.862
2923770.8,14485,0.101,4.192,4.293
2923788.21,14484,0.093,4.105,4.197
2923803.07,14483,0.081,4.293,4.374
2923808.27,14485,0.09,4.247,4.337
2923809.19,14484,0.054,4.23,4.285
2923822.45,14483,2.284,6.299,8.583
2923840.63,14485,0.107,4.344,4.451
2923854.29,14484,1.033,6.181,7.215
2923874.31,14483,0.108,3.843,3.951
2923881.06,14485,0.082,4.019,4.101
2923883.22,14484,1.881,4.298,6.179
2923893.39,14483,0.085,4.172,4.257
2923912.05,14485,0.089,4.261,4.35
2923931.45,14484,0.094,4.255,4.349
2924002.91,14483,0.116,4.094,4.21
2924012.28,14485,0.119,4.275,4.394
2924018.32,14484,0.081,4.407,4.488
2924044.21,14483,0.092,6.26,6.352
2924058.89,14485,0.116,6.115,6.23
2924061.54,14484,1.909,5.461,7.37
2924075.58,14483,0.093,4.416,4.508
2924094.31,14485,0.153,4.151,4.304
2924104.22,14484,0.08,4.411,4.49
2924110.45,14483,0.08,4.569,4.648
2924130.41,14485,0.108,4.161,4.268
2924143.32,14484,0.296,5.9,6.196
2924160.88,14483,0.176,4.157,4.332
2924185.39,14485,0.203,5.698,5.901
2924187.96,14484,0.079,5.24,5.319
2924204.06,14483,0.187,4.195,4.382
2924225.4,14485,0.108,6.092,6.2
2924248.03,14484,0.269,4.131,4.4
2924253.72,14483,0.288,4.046,4.334
2924262.85,14485,0.119,4.116,4.235
2924285.71,14484,0.103,5.949,6.053
2924290.69,14483,1.304,3.991,5.294
2924295.34,14485,0.061,4.178,4.239
2924322.59,14484,0.1,5.262,5.362
2924390.32,14483,2.459,4.137,6.596
2924399.51,14485,0.117,4.091,4.208
2924432.14,14484,2.159,3.868,6.027
2924440.16,14483,1.257,3.928,5.185
2924451.1,14485,1.68,4.095,5.776
2924461.63,14484,0.114,3.936,4.05
2924507.35,14483,1.351,3.923,5.274
2924520.7,14485,0.092,3.899,3.991
2924529.38,14484,0.104,4.281,4.385
2924541.34,14483,0.145,6.179,6.324
2924547.14,14485,0.102,3.972,4.074
2924558.06,14484,0.076,4.048,4.125
2924574.29,14483,0.08,3.976,4.057
2924604.87,14485,0.135,3.968,4.103
2924610.92,14484,0.081,4.156,4.237
2924640.77,14483,0.19,5.142,5.332
2924648.35,14485,0.117,5.652,5.769
2924652.24,14484,0.063,4.116,4.179
2924669.29,14483,0.081,4.107,4.188
2924679.04,14485,0.077,4.091,4.169
2924687.93,14484,0.078,4.653,4.732
2924721.97,14483,0.103,4.284,4.386
2924727.95,14485,0.082,4.047,4.129
2924742.3,14484,0.643,4.081,4.724
2924766.73,14483,0.173,6.086,6.258
2924769.48,14485,0.069,4.903,4.972
2924801.58,14484,0.09,4.151,4.24
2924804.73,14483,0.087,4.142,4.229
2924813.58,14484,0.098,6.168,6.265
2924821.44,14485,1.935,4.379,6.313
2924825.81,14483,1.84,4.267,6.108
2924829.95,14484,0.091,4.086,4.177
2924865.48,14485,1.312,6.314,7.626
2924869.79,14483,0.107,6.606,6.713
2924895.78,14484,0.086,4.215,4.3
2924900.41,14485,0.111,4.188,4.299
2924908.16,14483,0.084,4.305,4.389
2924965.15,14484,0.11,3.993,4.103
2924981.63,14485,0.108,4.397,4.506
2924989.68,14483,0.115,4.274,4.388
2924995.39,14484,0.106,4.038,4.145
2925060.62,14485,0.143,4.232,4.376
2925072.3,14483,0.102,4.225,4.327
2925075.48,14484,0.091,4.212,4.303
2925080.47,14485,0.841,4.408,5.249
2925088.15,14483,0.084,4.332,4.416
2925114.22,14484,1.974,4.04,6.015
2925139.11,14485,1.838,4.717,6.554
2925157.29,14483,0.134,6.72,6.855
2925173.15,14484,0.176,5.189,5.365
2925192.88,14485,1.611,4.179,5.79
2925198.64,14483,0.141,4.139,4.28
2925200.69,14484,0.089,4.264,4.353
2925216.15,14485,0.114,4.156,4.269
2925224.41,14483,0.076,4.088,4.165
2925233.49,14484,0.101,4.085,4.185
2925238.25,14485,1.643,4.51,6.153
2925255.49,14483,0.159,4.09,4.249
2925331.05,14484,0.127,5.443,5.57
2925397.36,14485,0.187,3.995,4.183
2925403.19,14483,0.119,4.115,4.233
2925426.12,14484,0.08,3.855,3.935
2925435.63,14485,0.123,4.113,4.237
2925449.27,14483,0.145,4.222,4.366
2925459.74,14484,0.093,6.435,6.528
2925499.55,14485,2.211,6.227,8.438
2925530.62,14483,0.094,4.218,4.312
2925553.12,14484,0.632,3.991,4.623
2925574.27,14485,1.65,4.005,5.655
2925582.31,14483,0.097,4.123,4.22
2925639.9,14484,0.101,4.331,4.432
2925666.97,14485,0.098,3.911,4.009
2925693.42,14483,0.12,8.432,8.552
2925694.29,14484,0.095,7.837,7.932
2925753.04,14485,0.165,4.291,4.456
2925839.48,14483,0.136,4.215,4.351
2925843.57,14484,0.081,3.919,4.0
2925897.59,14485,0.179,4.277,4.456
2925984.52,14483,0.124,4.309,4.433
2926085.59,14484,0.17,4.273,4.443
2926090.42,14485,0.112,4.327,4.439
2926114.01,14483,0.233,6.519,6.751
2926120.22,14484,0.164,4.296,4.46
2926208.81,14485,0.172,4.151,4.323
2926255.68,14483,0.157,4.254,4.411
2926260.68,14484,0.076,4.193,4.269
2926288.82,14485,0.122,4.119,4.242
2926290.87,14483,0.078,4.392,4.469
2926323.35,14484,0.143,4.673,4.817
2926365.13,14485,1.446,3.949,5.395
2926537.55,14483,0.119,4.099,4.219
2926694.48,14484,0.161,4.029,4.189
2926742.8,14485,0.146,4.148,4.294
2926788.43,14483,0.129,4.125,4.254
2926794.93,14484,0.093,4.11,4.203
2926812.06,14485,0.251,4.002,4.253
2926868.21,14483,2.048,4.056,6.104
2926931.51,14484,0.133,4.395,4.528
2927045.26,14485,0.214,4.095,4.309
2927049.69,14483,2.628,4.37,6.998
2927111.03,14485,0.184,4.204,4.388
2927163.65,14484,2.055,4.447,6.502
2927268.39,14483,0.142,3.862,4.004
2927275.23,14485,0.106,4.068,4.174
2927317.92,14484,0.122,4.043,4.165
2927334.73,14483,0.094,3.98,4.074
2927388.39,14485,0.212,6.817,7.029
2927452.79,14484,0.169,4.288,4.457
2927475.59,14483,0.132,5.427,5.559
2927492.62,14485,2.303,4.382,6.685
2927500.43,14484,0.078,4.072,4.15
2927504.81,14483,0.068,3.939,4.007
2927512.21,14485,0.072,3.98,4.052
2927516.33,14484,0.064,4.03,4.093
2927545.83,14483,0.108,4.169,4.276
2927553.23,14485,0.099,3.989,4.088
2927561.61,14484,0.084,4.238,4.322
2927569.47,14483,0.078,4.514,4.592
2927571.07,14485,0.054,3.92,3.974
2927597.3,14484,0.083,4.099,4.182
2927603.74,14483,0.067,4.016,4.083
2927611.37,14485,0.076,4.035,4.112
2927617.44,14484,0.478,8.316,8.794
2927618.12,14483,0.135,4.786,4.92
2927655.1,14485,0.097,5.982,6.079
2927677.15,14484,0.929,4.893,5.822
2927694.2,14483,1.263,4.006,5.269
2927714.19,14485,0.139,4.16,4.299
2927743.25,14484,0.079,4.215,4.294
2927761.88,14483,1.039,4.307,5.347
2927784.37,14485,0.082,3.926,4.009
2927790.54,14484,1.595,4.415,6.009
2927797.44,14483,0.068,4.082,4.15
2927881.88,14485,0.196,4.02,4.215
2927890.66,14484,0.098,4.235,4.333
2927949.34,14483,1.6,8.579,10.179
2927952.93,14485,0.082,6.766,6.848
2927996.22,14484,0.192,4.597,4.789
2928007.31,14483,1.351,4.12,5.471
2928054.23,14485,0.132,4.294,4.426
2928072.45,14484,0.138,3.973,4.111
2928079.08,14483,0.106,4.085,4.19
2928086.74,14485,0.145,4.524,4.669
2928105.71,14484,0.173,7.146,7.319
2928126.55,14483,0.149,4.154,4.303
2928130.95,14485,0.082,4.004,4.087
2928171.34,14484,0.174,4.481,4.655
2928201.14,14483,0.084,4.281,4.365
2928227.05,14485,0.078,3.895,3.973
2928249.54,14484,0.251,4.221,4.472
2928268.78,14483,0.12,5.85,5.97
2928272.09,14485,0.059,5.045,5.104
2928278.23,14484,0.142,6.092,6.234
2928281.79,14485,0.096,4.402,4.498
2928316.95,14483,0.25,3.935,4.184
2928377.58,14484,0.182,4.019,4.201
2928378.45,14485,0.08,4.358,4.439
2928402.05,14483,0.097,6.171,6.268
2928402.27,14484,0.682,6.137,6.819
2928408.76,14485,0.073,4.147,4.22
2928451.5,14483,0.206,4.131,4.337
2928491.43,14484,0.108,4.07,4.178
2928523.23,14485,0.093,4.004,4.097
2928532.35,14483,0.998,4.196,5.194
2928564.1,14484,1.371,3.955,5.327
2928568.21,14485,0.071,4.119,4.19
2928609.98,14484,0.122,4.091,4.213
2928616.66,14485,0.08,4.894,4.974
2928617.36,14483,0.093,8.209,8.302
2928639.88,14484,0.105,5.024,5.129
2928647.99,14485,0.081,4.189,4.27
2928659.3,14484,0.062,8.067,8.129
2928659.6,14483,3.44,6.559,9.998
2928671.09,14485,0.077,4.24,4.317
2928675.6,14484,0.197,4.136,4.334
2928689.07,14483,0.11,4.103,4.214
2928702.86,14485,0.114,3.931,4.045
2928739.87,14484,0.149,5.948,6.098
2928758.06,14483,0.183,4.057,4.241
2928758.13,14485,1.927,4.006,5.933
2928764.02,14484,0.143,3.981,4.124
2928775.48,14483,0.097,4.178,4.275
2928786.83,14485,0.146,4.102,4.247
2928801.09,14484,0.206,6.347,6.554
2928805.63,14483,0.115,4.215,4.331
2928834.04,14485,1.162,4.133,5.295
2928858.98,14484,0.09,8.121,8.211
2928861.17,14483,1.617,6.257,7.874
2928921.15,14485,0.136,4.489,4.624
2928948.28,14484,0.122,6.572,6.694
2928950.32,14483,0.076,4.544,4.619
2929128.61,14485,0.156,4.664,4.82
2929332.35,14484,1.978,8.195,10.173
2929333.3,14483,4.335,6.588,10.924
2929353.92,14485,0.153,4.346,4.499
2929369.71,14484,0.14,4.531,4.671
2929405.64,14483,0.218,4.863,5.08
2929406.12,14485,0.107,5.025,5.132
2929443.44,14484,0.108,4.212,4.32
2929455.13,14483,0.087,3.984,4.071
2929474.58,14485,0.148,4.118,4.266
2929483.57,14484,0.078,3.996,4.074
2929488.32,14483,0.155,4.354,4.509
2929496.72,14485,0.089,4.176,4.265
2929539.65,14484,0.072,5.948,6.02
2929580.48,14483,0.245,6.477,6.722
2929608.05,14484,0.063,3.983,4.046
2929610.18,14485,0.225,10.095,10.32
2929622.77,14483,0.084,3.883,3.966
2929650.92,14484,0.169,4.332,4.501
2929655.15,14485,0.095,3.989,4.084
2929664.8,14483,0.104,4.202,4.306
2929672.23,14484,1.769,4.075,5.844
2929674.43,14485,0.091,6.13,6.221
2929690.46,14483,0.083,4.317,4.4
2929781.17,14484,0.108,4.254,4.362
2929793.85,14485,0.112,3.926,4.038
2929805.6,14483,0.093,7.306,7.399
2929806.59,14484,1.293,6.439,7.733
2929820.45,14485,0.09,4.505,4.594
2929847.65,14483,0.104,4.326,4.43
2929855.68,14484,0.146,3.895,4.041
2929860.82,14485,0.084,5.174,5.259
2929869.3,14483,0.136,7.087,7.223
2929899.16,14484,0.131,4.877,5.009
2929921.18,14485,0.098,4.411,4.509
2929923.8,14483,0.097,4.426,4.523
2929934.09,14484,0.15,4.203,4.352
2929938.49,14485,0.062,4.032,4.094
2929947.17,14483,0.18,6.019,6.198
2929950.52,14484,0.065,5.098,5.163
2929956.43,14485,0.077,4.083,4.159
2929974.7,14483,0.087,4.715,4.802
2929996.56,14484,0.093,4.943,5.035
2930031.61,14485,0.194,5.952,6.147
2930051.5,14483,0.086,4.374,4.459
2930071.81,14484,0.091,4.442,4.533
2930089.62,14485,0.128,4.14,4.267
2930103.49,14483,0.09,4.656,4.746
2930108.49,14484,0.07,4.803,4.872
2930132.53,14485,0.091,4.196,4.287
2930136.75,14483,0.073,6.362,6.434
2930139.17,14484,0.701,5.047,5.748
2930145.64,14485,0.115,3.87,3.985
2930202.29,14483,0.144,4.529,4.674
2930241.46,14484,0.168,4.291,4.459
2930248.25,14485,0.106,4.324,4.431
2930267.98,14483,0.158,7.723,7.881
2930268.1,14484,0.074,7.637,7.712
2930276.08,14485,0.199,4.118,4.317
2930290.07,14483,0.098,4.925,5.023
2930293.08,14484,1.242,4.222,5.464
2930296.03,14485,0.08,4.174,4.254
2930299.48,14483,0.058,4.225,4.283
2930369.79,14485,0.168,5.588,5.755
2930374.51,14484,0.122,4.309,4.43
2930404.71,14483,0.18,4.741,4.921
2930431.65,14485,0.128,4.194,4.322
2930437.11,14484,0.126,4.071,4.197
2930451.39,14483,0.141,4.317,4.458
2930453.32,14485,0.089,4.198,4.287
2930462.08,14484,0.222,4.02,4.242
2930466.55,14483,0.073,4.226,4.299
2930500.13,14485,0.085,3.991,4.076
2930519.44,14484,0.079,6.603,6.682
2930546.49,14483,0.085,4.012,4.097
2930590.04,14485,0.114,5.19,5.304
2930592.38,14484,0.077,4.053,4.13
2930597.48,14483,0.069,3.947,4.016
2930627.36,14485,0.22,6.094,6.313
2930643.58,14484,0.086,3.906,3.992
2930697.4,14483,0.157,4.02,4.177
2930735.45,14485,1.618,8.135,9.753
2930735.64,14484,0.119,6.413,6.532
2930769.67,14483,0.131,3.922,4.053
2930775.9,14485,0.091,4.263,4.354
2930777.87,14484,0.095,4.28,4.375
2930783.6,14483,0.116,3.947,4.063
2930793.17,14485,0.145,4.23,4.375
2930834.11,14484,0.093,6.022,6.115
2930838.11,14483,1.593,7.047,8.639
2930866.42,14485,0.135,6.363,6.498
2930888.16,14483,0.077,3.995,4.072
2930888.46,14484,4.137,8.404,12.542
2930889.38,14485,0.097,4.209,4.306
2930903.55,14483,0.11,5.997,6.107
2930950.47,14484,0.124,4.183,4.307
2930981.48,14485,0.174,7.224,7.398
2930984.06,14483,0.173,4.113,4.286
2931016.38,14484,0.093,4.229,4.321
2931072.55,14485,0.117,4.31,4.427
2931076.5,14483,0.088,4.778,4.866
2931084.03,14485,0.127,4.666,4.793
2931084.74,14484,0.08,4.163,4.243
2931099.7,14483,0.117,4.324,4.441
2931103.54,14485,0.085,4.845,4.93
2931123.15,14483,0.091,8.748,8.84
2931123.62,14484,0.11,5.363,5.473
2931130.35,14485,0.111,6.131,6.242
2931143.17,14483,0.084,3.946,4.029
2931179.72,14484,0.094,3.998,4.092
2931212.85,14483,0.119,4.179,4.298
2931213.62,14485,1.217,6.196,7.413
2931247.17,14484,0.282,6.524,6.805
2931249.84,14483,0.115,4.479,4.594
2931258.8,14485,0.153,4.136,4.29
2931271.45,14484,1.113,4.078,5.191
2931288.19,14483,0.088,4.209,4.297
2931335.25,14485,0.167,4.895,5.062
2931370.95,14484,0.18,8.676,8.857
2931371.19,14483,0.087,6.125,6.212
2931414.59,14485,0.173,4.222,4.396
2931433.04,14484,0.153,4.291,4.444
2931462.95,14483,0.118,4.082,4.2
2931487.15,14485,0.103,4.349,4.452
2931637.98,14484,0.196,8.42,8.616
2931640.28,14483,0.131,8.66,8.791
2931668.24,14485,0.163,4.366,4.53
2931671.47,14484,0.863,4.352,5.214
2931699.76,14483,0.108,4.316,4.424
2931771.04,14485,0.116,4.205,4.321
2931839.02,14484,0.138,5.985,6.123
2931874.31,14483,0.751,4.063,4.814
2931882.28,14485,0.085,4.076,4.161
2931897.19,14484,0.166,7.047,7.213
2932015.37,14483,0.207,3.949,4.157
2932023.09,14485,0.15,3.927,4.077
2932062.99,14484,0.116,4.3,4.415
2932115.05,14483,0.138,4.273,4.411
2932155.14,14485,2.12,3.863,5.983
2932371.18,14484,0.169,4.27,4.439
2932374.3,14483,0.18,4.022,4.202
2932432.21,14485,0.553,3.844,4.397
2932449.95,14484,0.115,4.118,4.233
2932476.53,14483,0.318,4.173,4.491
2932491.38,14485,0.183,4.495,4.678
2932536.85,14484,0.12,3.928,4.048
2932544.58,14483,0.12,3.908,4.028
2932580.27,14485,0.108,4.273,4.381
2932617.9,14484,0.543,3.865,4.408
2932662.41,14483,0.12,4.046,4.166
2932668.32,14485,4.956,4.186,9.141
2932701.02,14484,0.091,4.099,4.19
2932713.32,14483,0.079,3.908,3.986
2932769.53,14485,1.214,4.253,5.467
2932808.34,14484,0.092,4.013,4.105
2932813.65,14483,0.139,3.984,4.124
2932969.55,14485,0.148,6.426,6.574
2932971.54,14484,0.135,4.652,4.787
2933015.95,14483,0.36,4.527,4.887
2933266.08,14485,0.143,4.037,4.18
2933303.95,14484,0.154,3.864,4.018
2933428.85,14483,0.308,6.75,7.058
2933451.24,14485,1.409,4.116,5.525
2933456.96,14484,0.095,3.92,4.015
2933481.22,14483,2.519,3.859,6.378
2933523.21,14485,0.175,6.467,6.641
2933661.26,14484,0.144,3.97,4.115
2933669.46,14483,1.6,4.413,6.013
2933669.69,14485,0.078,4.397,4.475
2933736.93,14484,0.109,3.891,4.0
2933747.59,14483,0.839,4.267,5.107
2933764.1,14485,0.095,3.9,3.995
2933781.19,14484,0.122,4.129,4.252
2933803.11,14483,0.152,3.972,4.124
2933819.06,14485,0.115,4.097,4.212
2933831.04,14484,0.092,4.133,4.225
2933831.38,14483,0.078,4.246,4.324
2933872.86,14485,0.101,4.1,4.201
2933873.28,14484,0.058,3.971,4.03
2933883.36,14483,0.096,3.985,4.08
2933892.0,14485,0.095,4.146,4.241
2933907.35,14484,0.115,4.159,4.274
2933932.98,14483,0.1,4.18,4.28
2933951.1,14485,0.099,4.275,4.374
2933986.43,14484,0.09,4.335,4.425
2934030.68,14483,0.108,4.496,4.604
2934062.5,14485,0.158,4.013,4.171
2934077.0,14484,0.231,4.203,4.434
2934094.93,14483,0.134,4.029,4.163
2934103.27,14485,0.092,4.415,4.507
2934121.63,14484,0.077,4.306,4.383
2934150.17,14483,0.154,7.988,8.142
2934151.08,14485,1.674,6.694,8.368
2934172.71,14484,0.282,4.229,4.511
2934186.09,14483,2.682,4.448,7.13
2934216.96,14485,0.153,4.217,4.37
2934221.89,14484,0.107,4.272,4.379
2934248.53,14483,1.413,4.359,5.772
2934252.97,14485,0.093,4.24,4.333
2934271.16,14484,0.103,4.096,4.199
2934275.44,14483,0.719,4.0,4.719
2934277.89,14485,0.055,4.634,4.689
2934301.29,14484,0.191,4.274,4.465
2934323.24,14485,0.096,4.091,4.187
2934328.05,14483,0.111,10.036,10.146
2934328.53,14484,0.063,8.785,8.848
2934334.84,14485,0.086,3.98,4.066
2934380.24,14483,0.117,4.04,4.157
2934446.97,14484,0.123,3.937,4.06
2934460.28,14485,2.033,4.177,6.21
2934460.51,14483,1.231,4.343,5.574
2934467.42,14484,0.09,4.097,4.188
2934476.0,14485,0.07,3.907,3.977
2934485.23,14483,0.08,3.903,3.983
2934582.67,14484,0.183,3.805,3.988
2934587.19,14485,0.115,3.936,4.051
2934588.09,14483,0.114,4.031,4.145
2934593.72,14484,0.089,3.916,4.005
2934601.55,14485,0.161,4.521,4.682
2934605.47,14483,0.109,4.049,4.158
2934616.99,14484,0.114,4.138,4.252
2934618.78,14485,0.059,4.217,4.276
2934624.4,14483,0.136,3.945,4.082
2934637.17,14484,2.346,4.001,6.347
2934649.94,14485,0.075,3.997,4.072
2934661.03,14483,0.07,6.238,6.308
2934666.6,14484,0.077,4.143,4.22
2934687.45,14485,0.091,4.112,4.203
2934704.13,14483,0.104,4.315,4.419
2934705.27,14484,0.125,3.849,3.975
2934716.35,14485,0.094,4.08,4.174
2934736.18,14483,0.076,4.799,4.876
2934745.03,14484,0.373,6.195,6.567
2934746.95,14485,1.342,4.078,5.419
2934753.33,14483,0.064,4.218,4.282
2934771.66,14484,0.079,4.104,4.183
2934801.28,14485,0.159,5.019,5.179
2934805.25,14483,0.087,4.316,4.403
2934809.64,14484,0.058,4.289,4.347
2934842.81,14483,0.088,6.704,6.792
2934845.15,14485,0.086,4.59,4.676
2934849.2,14484,0.983,4.092,5.075
2934866.55,14483,0.074,4.041,4.115
2934874.95,14485,0.1,4.12,4.22
2934909.92,14484,0.144,6.244,6.388
2934917.06,14483,1.073,4.082,5.155
2934919.4,14485,0.084,4.138,4.223
2934926.77,14484,0.101,5.078,5.179
2935051.55,14483,0.361,4.246,4.607
2935098.51,14485,0.12,4.315,4.435
2935172.88,14484,0.178,4.062,4.24
2935177.46,14483,0.133,4.164,4.297
2935200.69,14485,0.72,5.679,6.399
2935211.57,14484,0.205,4.324,4.53
2935216.13,14483,2.542,4.344,6.886
2935224.44,14484,0.073,4.051,4.123
2935228.42,14485,1.345,4.305,5.65
2935310.31,14484,0.146,4.4,4.546
2935390.8,14483,0.12,4.621,4.741
2935527.58,14485,0.15,5.312,5.461
2935545.88,14484,0.134,4.884,5.019
2935615.76,14483,0.179,4.121,4.3
2935620.6,14485,0.11,4.193,4.303
2935627.54,14484,0.737,4.009,4.746
2935724.07,14483,0.111,4.311,4.422
2935728.29,14485,0.072,5.97,6.042
2935751.24,14484,0.09,4.168,4.258
2935761.64,14483,0.069,3.949,4.018
2935899.38,14485,1.777,4.262,6.039
2935908.05,14484,0.156,8.083,8.239
2935908.65,14483,0.106,8.891,8.997
2935919.1,14485,0.157,4.291,4.448
2935931.05,14484,0.085,4.556,4.641
2935947.81,14483,0.108,6.059,6.167
2935986.2,14485,0.15,3.964,4.114
2935989.36,14484,0.09,4.485,4.575
2936060.27,14483,0.154,4.009,4.163
2936081.85,14485,0.12,5.16,5.28
2936082.14,14484,0.082,4.168,4.25
2936122.45,14483,0.479,4.144,4.624
2936180.62,14485,0.287,5.569,5.856
2936198.38,14484,0.135,4.909,5.044
2936203.07,14483,0.118,4.333,4.451
2936206.05,14485,0.071,4.004,4.075
2936345.06,14484,0.116,4.453,4.569
2936373.35,14483,0.112,4.142,4.254
2936514.12,14485,0.121,4.011,4.132
2936516.91,14484,0.093,4.357,4.449
2936528.91,14483,0.12,4.681,4.8
2936535.79,14485,0.105,7.484,7.589
2936651.35,14483,0.209,4.133,4.342
2936662.65,14484,0.098,4.108,4.205
2936757.67,14485,0.169,3.984,4.153
2936795.56,14483,0.156,3.891,4.047
2936827.78,14484,0.128,4.283,4.411
2936900.64,14485,0.117,4.148,4.265
2936905.98,14483,1.235,6.281,7.516
2936911.56,14485,0.067,5.381,5.448
2936914.43,14484,0.092,4.254,4.346
2936973.94,14483,0.144,4.422,4.566
2937091.05,14485,0.204,8.186,8.391
2937091.43,14484,0.109,6.706,6.814
2937157.46,14483,0.117,3.972,4.088
2937206.44,14485,0.156,5.341,5.496
2937224.15,14484,0.321,8.189,8.51
2937226.98,14483,1.357,5.117,6.474
2937261.57,14484,0.162,5.875,6.037
2937435.18,14485,0.175,3.98,4.155
2937478.25,14483,0.349,9.17,9.519
2937566.29,14484,0.215,6.835,7.05
2937585.59,14485,0.234,3.978,4.213
2937595.27,14483,1.822,4.132,5.954
2937642.55,14484,0.349,4.069,4.418
2937710.53,14485,0.308,4.129,4.437
2937736.21,14483,0.22,3.883,4.103
2937757.26,14484,1.228,3.825,5.053
2937780.82,14485,0.168,4.232,4.4
2937800.39,14483,0.169,4.416,4.585
2937801.47,14484,0.068,4.142,4.21
2937813.86,14485,0.122,5.122,5.243
2937823.56,14483,1.438,4.107,5.545
2937889.05,14484,0.166,4.038,4.204
2937932.17,14485,0.849,8.036,8.884
2937934.51,14483,0.135,4.602,4.737
2938016.56,14484,0.116,5.25,5.366
2938034.95,14485,0.117,4.478,4.595
2938057.03,14483,1.62,3.911,5.53
2938144.86,14484,0.162,4.071,4.233
2938201.55,14485,0.194,4.92,5.114
2938217.89,14483,0.268,4.236,4.504
2938262.42,14484,0.196,3.967,4.163
2938272.78,14485,0.26,4.295,4.555
2938279.23,14483,0.097,4.328,4.425
2938402.64,14484,0.161,5.332,5.493
2938483.41,14485,0.128,4.263,4.391
2938517.36,14483,0.172,4.622,4.794
2938551.74,14484,2.244,4.17,6.414
2938556.84,14485,0.096,3.939,4.035
2938695.23,14483,0.331,7.731,8.062
2938760.62,14484,0.135,4.092,4.227
2938833.7,14485,0.176,4.175,4.351
2938887.44,14483,1.718,4.211,5.929
2938971.38,14484,0.158,4.164,4.322
2939016.29,14485,0.122,4.194,4.316
2939243.04,14483,0.122,3.83,3.952
2939276.24,14484,0.133,4.142,4.275
2939280.86,14485,1.918,4.094,6.012
2939288.33,14483,0.094,4.115,4.209
2939352.28,14484,0.125,5.608,5.733
2939357.34,14485,0.086,4.133,4.219
2939376.55,14483,0.086,4.088,4.175
2939381.49,14484,0.073,4.728,4.802
2939383.99,14485,0.084,4.072,4.156
2939388.61,14483,0.077,3.966,4.043
2939392.18,14484,0.094,4.31,4.404
2939404.48,14485,0.079,4.174,4.253
2939429.35,14483,0.104,4.126,4.231
2939434.58,14484,0.089,4.018,4.108
2939440.91,14485,0.151,4.098,4.249
2939445.37,14483,0.196,4.213,4.409
2939451.99,14484,0.127,4.108,4.236
2939468.41,14485,0.072,4.268,4.34
2939478.03,14483,1.196,4.086,5.282
2939484.27,14484,1.765,3.996,5.761
2939492.47,14485,0.073,3.986,4.058
2939502.92,14483,0.101,4.097,4.198
2939527.04,14484,0.196,4.504,4.7
2939559.38,14485,0.108,4.017,4.125
2939588.42,14483,0.262,8.061,8.323
2939588.64,14484,0.051,6.449,6.5
2939594.76,14485,0.071,4.105,4.176
2939666.97,14483,0.145,4.16,4.305
2939672.5,14484,0.072,4.067,4.138
2939688.96,14485,0.092,3.981,4.073
2939739.76,14483,0.143,7.835,7.978
2939740.02,14484,0.062,6.457,6.519
2939787.11,14485,0.113,4.087,4.201
2939810.03,14483,0.381,4.3,4.681
2939851.65,14484,0.141,3.964,4.104
2939877.72,14485,0.111,4.356,4.467
2939893.33,14483,1.676,3.907,5.582
2939913.27,14484,1.979,4.0,5.979
2939919.94,14485,0.081,4.012,4.093
2939926.12,14483,0.858,3.901,4.759
2939943.08,14484,2.039,3.927,5.966
2939968.43,14485,0.116,4.317,4.433
2939972.61,14483,0.094,4.217,4.311
2939996.87,14485,0.085,3.955,4.04
2940001.47,14484,0.071,4.294,4.365
2940033.92,14483,0.276,4.166,4.442
2940049.55,14485,0.097,3.985,4.082
2940067.85,14484,0.287,7.857,8.144
2940069.14,14483,0.288,7.226,7.514
2940075.83,14485,0.081,4.07,4.15
2940079.49,14484,0.066,4.244,4.311
2940102.42,14485,0.076,4.074,4.15
2940109.28,14483,0.105,4.092,4.197
2940152.2,14484,0.109,4.267,4.376
2940197.3,14485,1.678,4.197,5.876
2940208.64,14484,0.059,6.274,6.332
2940209.27,14485,0.059,4.113,4.172
2940211.05,14483,0.086,9.368,9.454
2940213.85,14484,0.145,5.082,5.227
2940223.22,14485,0.165,4.022,4.187
2940269.2,14483,0.154,4.508,4.662
2940273.74,14484,0.525,3.855,4.38
2940281.27,14485,0.158,4.402,4.561
2940281.99,14483,0.067,4.337,4.404
2940321.38,14484,0.176,3.895,4.071
2940348.14,14485,0.191,4.275,4.467
2940357.73,14483,0.119,4.093,4.212
2940363.84,14484,0.267,3.931,4.198
2940408.19,14485,0.349,4.924,5.274
2940441.34,14483,0.2,4.249,4.449
2940490.17,14484,0.206,6.039,6.246
2940518.17,14484,0.753,3.858,4.61
2940521.12,14485,0.082,8.354,8.436
2940522.63,14484,4.519,4.311,8.829
2940523.24,14483,1.179,9.009,10.188
2940525.82,14485,0.092,4.568,4.661
2940531.11,14484,0.063,4.311,4.374
2940548.03,14483,0.108,6.209,6.316
2940548.69,14485,0.069,5.695,5.764
2940577.13,14484,1.369,4.779,6.148
2940585.68,14483,0.21,4.074,4.284
2940589.33,14485,2.353,4.217,6.57
2940617.57,14484,0.093,4.674,4.767
2940622.07,14483,0.083,4.016,4.099
2940635.78,14485,0.09,4.061,4.152
2940648.48,14484,0.187,4.01,4.197
2940694.08,14483,1.133,3.875,5.009
2940701.98,14485,0.083,4.036,4.119
2940707.66,14484,1.467,4.012,5.478
2940715.25,14483,0.071,4.072,4.143
2940808.88,14485,0.157,4.297,4.455
2940869.95,14483,0.089,4.201,4.29
2940871.67,14484,0.181,6.132,6.313
2940889.62,14485,0.093,3.984,4.077
2941169.55,14483,0.178,4.066,4.244
2941214.17,14484,0.177,4.041,4.218
2941314.82,14485,0.112,4.306,4.418
2941412.43,14483,0.267,4.18,4.447
2941609.5,14485,0.159,8.12,8.279
2941610.72,14484,0.311,9.813,10.124
2941665.36,14483,0.135,4.185,4.32
2941737.88,14485,3.138,4.118,7.256
2941761.2,14484,0.139,3.934,4.074
2941789.84,14483,0.303,4.664,4.967
2941797.38,14485,0.094,4.026,4.12
2941848.56,14484,2.053,4.234,6.286
2941942.13,14483,0.151,4.107,4.258
2941978.0,14485,0.186,4.311,4.497
2941983.27,14484,0.099,3.989,4.088
2942042.47,14483,0.188,4.01,4.198
2942082.26,14485,0.177,4.001,4.178
2942103.35,14484,1.792,3.982,5.773
2942139.65,14483,0.144,3.891,4.035
2942171.72,14485,0.178,4.855,5.033
2942180.53,14484,0.133,3.995,4.128
2942199.51,14483,0.214,4.777,4.991
2942217.26,14485,0.582,4.312,4.894
2942296.3,14484,0.165,4.013,4.178
2942338.34,14483,0.166,4.12,4.286
2942447.61,14485,0.162,4.079,4.241
2942502.64,14484,0.334,4.261,4.595
2942544.32,14483,0.173,6.123,6.296
2942614.29,14485,0.134,3.962,4.096
2942674.56,14484,0.929,4.14,5.069
2942695.34,14483,0.152,6.171,6.324
2942726.38,14485,0.193,4.011,4.204
2942738.65,14484,0.13,4.036,4.166
2942833.41,14483,2.373,6.175,8.548
2942904.19,14485,0.163,4.311,4.474
2942917.23,14484,1.222,3.881,5.103
2942922.19,14483,0.087,4.034,4.121
2942927.84,14485,0.099,3.968,4.067
2943043.3,14484,0.169,4.147,4.316
2943053.37,14483,0.098,3.886,3.983
2943089.81,14485,0.153,4.198,4.352
2943115.29,14484,0.134,4.088,4.222
2943143.0,14483,0.112,3.793,3.905
2943216.05,14485,0.529,4.59,5.119
2943246.53,14484,0.191,4.258,4.449
2943287.6,14483,0.19,3.792,3.982
2943315.31,14485,0.109,4.112,4.221
2943341.38,14484,0.148,4.402,4.549
2943415.1,14483,0.18,3.912,4.091
2943421.98,14485,0.154,4.013,4.167
2943521.44,14484,0.123,4.018,4.141
2943773.58,14483,0.169,3.852,4.02
2943830.23,14485,1.673,4.077,5.751
2943845.93,14484,0.114,4.102,4.216
2943861.77,14483,0.974,4.157,5.131
2943880.37,14485,0.176,4.627,4.803
2943893.09,14484,1.966,3.947,5.912
2943981.84,14483,1.674,9.661,11.335
2943982.33,14485,2.033,6.221,8.254
2944013.34,14484,0.125,4.063,4.188
2944018.44,14483,0.093,4.392,4.485
2944040.36,14485,0.108,4.064,4.172
2944097.06,14484,0.116,4.1,4.217
2944115.39,14483,0.117,6.659,6.775
2944117.99,14485,0.081,4.805,4.885
2944123.27,14484,0.154,4.094,4.248
2944136.47,14483,0.079,4.547,4.627
2944142.11,14485,0.076,4.405,4.482
2944147.67,14484,0.07,4.002,4.072
2944221.08,14483,0.122,4.227,4.349
2944271.15,14485,0.634,5.499,6.133
2944282.73,14484,1.25,4.118,5.368
2944286.32,14483,0.179,4.924,5.103
2944304.55,14485,0.124,4.357,4.481
2944308.58,14484,0.082,5.263,5.345
2944329.33,14483,0.082,4.048,4.13
2944426.03,14485,0.216,4.83,5.046
2944437.58,14484,0.311,5.906,6.218
2944438.89,14483,0.164,5.29,5.453
2944467.72,14485,0.209,4.615,4.824
2944476.07,14484,0.115,3.941,4.056
2944491.24,14483,0.075,3.979,4.053
2944551.08,14485,0.196,4.914,5.109
2944589.1,14484,0.175,4.073,4.248
2944603.67,14483,0.103,4.259,4.362
2944616.44,14485,0.198,4.07,4.268
2944624.14,14484,0.277,6.245,6.522
2944647.28,14483,0.195,6.25,6.446
2944657.76,14485,2.05,5.654,7.703
2944660.25,14484,0.058,4.87,4.927
2944694.18,14483,0.189,3.961,4.151
2944726.89,14485,0.118,4.372,4.49
2944735.14,14484,0.157,4.081,4.238
2944745.13,14483,0.094,6.358,6.452
2944765.97,14484,1.478,8.459,9.937
2944767.03,14483,0.068,4.0,4.069
2944767.13,14485,0.071,4.0,4.072
2944772.29,14484,1.101,6.237,7.338
2944776.35,14483,0.157,6.228,6.385
2944800.94,14485,0.114,4.184,4.298
2944808.9,14484,0.134,4.249,4.383
2944818.63,14483,1.141,4.173,5.314
2944846.35,14485,0.09,3.87,3.96
2944855.66,14484,0.092,6.04,6.132
2944918.01,14483,0.113,6.637,6.75
2944924.04,14485,0.118,5.563,5.681
2944942.63,14483,0.12,4.286,4.406
2944993.09,14484,0.155,4.079,4.234
2944995.54,14485,0.114,3.861,3.976
2945011.72,14484,0.274,5.024,5.298
2945028.31,14483,0.201,4.2,4.401
2945036.6,14485,0.122,4.135,4.256
2945065.9,14484,0.149,4.221,4.37
2945071.9,14483,0.113,5.035,5.147
2945092.86,14485,0.111,4.189,4.3
2945097.97,14484,0.075,4.346,4.421
2945109.92,14483,0.08,4.29,4.37
2945115.36,14485,0.086,3.972,4.058
2945134.32,14484,0.156,6.239,6.395
2945136.73,14483,0.068,4.785,4.853
2945184.91,14485,0.114,3.938,4.052
2945190.57,14484,0.115,5.228,5.343
2945208.78,14483,0.167,4.485,4.652
2945219.14,14485,0.112,4.291,4.403
2945258.74,14484,0.085,4.149,4.234
2945292.22,14483,0.192,4.339,4.531
2945309.65,14485,0.997,4.423,5.42
2945318.86,14484,1.877,4.368,6.245
2945337.04,14483,0.101,4.099,4.2
2945341.03,14485,0.628,4.143,4.771
2945365.25,14484,0.138,4.196,4.334
2945584.82,14483,0.588,6.993,7.581
2945645.31,14485,0.159,4.039,4.198
2945666.57,14484,0.143,3.958,4.101
2945762.18,14483,0.129,4.159,4.288
2945795.35,14485,0.246,6.803,7.049
2945798.33,14484,0.159,7.815,7.975
2945830.13,14483,0.078,3.997,4.075
2945839.5,14484,0.074,4.017,4.091
2945840.18,14485,0.071,6.014,6.084
2945855.8,14483,0.071,4.084,4.155
2945899.22,14483,0.065,4.1,4.165
2945900.16,14485,0.084,7.317,7.401
2945900.76,14484,1.264,8.706,9.97
2945905.61,14483,0.056,5.982,6.038
2945928.27,14485,0.081,4.143,4.224
2945936.91,14484,0.083,3.903,3.987
2945971.85,14483,0.099,4.324,4.424
2945981.15,14485,0.509,4.847,5.357
2946014.81,14484,0.139,3.855,3.993
2946064.98,14483,0.119,3.751,3.869
2946093.57,14485,0.252,6.108,6.36
2946108.45,14484,0.128,4.084,4.212
2946138.43,14483,0.135,4.176,4.311
2946157.34,14485,0.091,4.145,4.236
2946177.4,14484,0.128,4.269,4.397
2946230.52,14483,0.196,4.143,4.339
2946255.06,14484,0.156,7.724,7.88
2946255.32,14485,4.014,7.921,11.935
2946265.58,14483,1.686,8.284,9.97
2946266.03,14484,1.436,6.798,8.234
2946272.36,14485,0.165,5.948,6.112
2946276.62,14483,0.142,4.293,4.435
2946312.12,14485,1.031,4.046,5.077
2946316.91,14484,0.094,4.303,4.397
2946339.08,14483,0.216,4.995,5.212
2946360.21,14485,0.169,3.935,4.105
2946433.25,14484,0.136,4.278,4.414
2946437.65,14483,0.102,4.94,5.042
2946442.68,14484,0.105,4.107,4.212
2946465.84,14485,0.229,6.557,6.786
2946469.56,14483,0.08,4.949,5.029
2946486.28,14483,0.049,3.972,4.021
2946488.45,14484,0.114,8.324,8.438
2946489.29,14485,1.035,6.79,7.825
2946493.08,14483,0.062,4.107,4.169
2946523.41,14484,0.142,4.166,4.308
2946529.39,14485,0.07,4.147,4.217
2946531.17,14483,0.078,3.867,3.946
2946545.22,14483,0.764,4.031,4.795
2946547.15,14484,0.093,5.877,5.97
2946547.47,14485,1.301,5.858,7.159
2946554.66,14483,0.153,3.806,3.959
2946563.71,14484,0.119,4.289,4.408
2946584.12,14485,0.202,4.381,4.583
2946612.13,14483,0.205,4.278,4.484
2946624.23,14484,2.626,4.059,6.685
2946636.81,14485,0.215,4.315,4.53
2946664.04,14483,2.02,3.876,5.896
2946666.18,14484,2.068,4.043,6.111
2946675.49,14485,0.088,3.854,3.942
2946687.5,14483,0.071,4.06,4.13
2946746.02,14484,0.138,4.011,4.149
2946750.44,14485,0.141,4.058,4.199
2946756.94,14483,0.095,3.93,4.026
2946771.83,14484,0.102,4.031,4.133
2946791.62,14485,0.12,3.914,4.033
2946803.62,14483,1.381,4.238,5.619
2946836.5,14484,0.123,5.154,5.278
2946846.38,14485,0.078,5.187,5.265
2946872.75,14483,0.102,4.117,4.219
2946877.12,14484,0.071,3.899,3.97
2946889.19,14485,2.452,3.981,6.433
2946895.18,14483,0.091,4.068,4.159
2946926.19,14484,1.913,4.098,6.011
2946931.17,14485,0.058,4.004,4.062
2946935.39,14483,0.071,3.993,4.065
2946945.63,14484,0.076,4.019,4.095
2946951.11,14485,0.064,4.088,4.152
2946976.0,14483,0.083,4.194,4.278
2946989.26,14484,0.124,5.696,5.82
2947011.2,14485,0.107,6.015,6.122
2947012.12,14483,0.085,3.922,4.007
2947020.08,14484,0.804,3.903,4.707
2947022.57,14485,0.066,4.689,4.756
2947031.04,14483,0.079,4.163,4.242
2947037.84,14484,0.073,6.161,6.234
2947041.37,14485,1.619,6.283,7.902
2947049.4,14483,0.087,4.196,4.283
2947053.18,14484,0.158,4.805,4.963
2947102.7,14485,0.146,4.86,5.006
2947119.87,14483,0.206,4.381,4.587
2947127.8,14484,0.125,4.499,4.624
2947143.7,14485,0.195,4.198,4.393
2947159.24,14483,0.109,4.022,4.132
2947198.55,14484,0.112,4.179,4.291
2947207.5,14485,0.101,4.426,4.527
2947214.29,14483,0.203,4.845,5.048
2947228.43,14484,0.183,4.7,4.883
2947245.38,14485,0.108,4.158,4.266
2947253.58,14483,0.085,4.4,4.485
2947283.64,14484,0.095,4.312,4.407
2947295.96,14485,0.089,4.115,4.204
2947297.15,14483,0.066,4.084,4.15
2947308.05,14484,0.139,4.769,4.908
2947320.85,14483,0.069,4.265,4.334
2947321.25,14485,0.092,6.34,6.431
2947384.55,14484,0.219,4.457,4.676
2947386.35,14483,0.084,4.518,4.603
2947390.89,14485,0.082,4.228,4.31
2947399.26,14484,0.074,4.33,4.404
2947407.39,14483,0.102,3.98,4.083
2947461.23,14485,0.118,4.092,4.21
2947492.53,14484,0.116,4.17,4.286
2947564.3,14483,0.135,4.053,4.189
2947570.78,14485,0.097,6.218,6.315
2947585.55,14483,0.111,5.071,5.182
2947616.38,14484,0.238,4.084,4.322
2947624.44,14485,0.153,5.565,5.718
2947659.77,14483,0.098,4.049,4.147
2947755.16,14484,0.157,3.823,3.98
2947790.86,14485,0.132,4.214,4.346
2947823.47,14483,0.998,4.019,5.017
2947925.05,14484,0.189,6.314,6.502
2947927.87,14485,0.181,4.198,4.379
2947935.35,14484,1.636,4.059,5.694
2947936.38,14483,0.091,3.999,4.09
2947952.38,14485,0.114,4.173,4.287
2948067.69,14484,0.473,3.879,4.353
2948131.95,14483,0.144,4.725,4.868
2948138.97,14485,1.466,4.286,5.752
2948166.84,14484,0.11,3.998,4.109
2948178.4,14483,0.179,4.526,4.705
2948187.58,14485,0.244,4.35,4.594
2948199.74,14484,0.103,4.116,4.219
2948229.03,14483,0.13,4.022,4.152
2948305.1,14485,0.232,4.583,4.815
2948324.28,14484,0.143,3.905,4.048
2948331.42,14483,0.178,4.307,4.485
2948335.79,14485,0.076,4.123,4.199
2948487.25,14483,0.183,6.953,7.136
2948487.58,14484,0.213,10.724,10.938
2948540.34,14485,0.113,4.455,4.568
2948560.67,14483,0.205,4.692,4.897
2948583.06,14484,0.169,9.613,9.782
2948592.05,14485,0.351,9.987,10.338
2948778.46,14483,0.214,4.478,4.693
2948816.28,14484,0.16,5.994,6.154
2948834.94,14485,0.104,3.913,4.017
2948860.3,14483,0.139,4.098,4.237
2949013.46,14484,2.128,6.182,8.311
2949094.76,14485,0.127,4.075,4.202
2949104.09,14483,0.109,4.361,4.469
2949107.18,14484,0.104,4.236,4.341
2949126.26,14483,0.105,3.941,4.046
2949168.57,14485,0.088,4.277,4.365
2949239.61,14484,0.14,4.042,4.182
2949353.73,14483,1.905,3.996,5.902
2949416.11,14485,0.14,4.186,4.326
2949517.91,14484,0.168,3.892,4.06
2949543.36,14483,0.153,3.95,4.103
2949688.23,14485,1.113,4.024,5.137
2949716.55,14484,0.129,3.928,4.056
2949727.41,14483,0.117,4.17,4.288
2949756.05,14485,0.186,7.643,7.829
2949789.08,14484,0.093,3.931,4.024
2949803.17,14483,0.078,5.015,5.093
2949809.42,14485,0.08,4.107,4.187
2949878.07,14484,1.733,3.878,5.611
2949923.19,14483,0.174,4.999,5.174
2949944.12,14485,0.23,6.508,6.738
2950029.61,14484,0.153,4.027,4.18
2950130.61,14483,0.185,4.056,4.241
2950206.33,14485,0.117,3.895,4.012
2950277.27,14484,1.753,6.194,7.948
2950327.77,14483,0.223,4.061,4.285
2950354.55,14485,0.222,5.856,6.078
2950366.65,14484,0.095,4.192,4.287
2950410.41,14483,0.101,4.156,4.256
2950414.77,14485,0.133,3.946,4.079
2950549.87,14484,0.429,9.448,9.877
2950556.03,14483,1.342,4.899,6.241
2950592.29,14485,0.211,4.387,4.598
2950688.62,14484,0.112,3.97,4.081
2950698.17,14483,0.143,4.067,4.21
2950708.16,14485,0.093,3.967,4.06
2950721.01,14484,0.076,4.158,4.234
2950729.46,14483,1.635,6.356,7.991
2950731.84,14485,0.066,4.524,4.59
2950738.44,14484,0.058,4.136,4.194
2950753.21,14483,0.089,4.028,4.117
2950789.27,14485,0.246,3.943,4.189
2950801.99,14484,0.109,4.35,4.46
2950823.26,14484,0.081,4.099,4.18
2950824.08,14483,0.18,7.884,8.065
2950826.05,14485,0.064,7.734,7.798
2950846.04,14484,0.096,3.831,3.927
2950878.05,14483,0.125,3.744,3.868
2950926.05,14485,1.468,4.124,5.592
2950926.38,14484,4.436,4.143,8.579
2950930.18,14483,0.071,4.04,4.11
2950963.44,14485,0.232,4.127,4.359
2951004.67,14484,0.136,4.468,4.604
2951004.81,14483,0.115,4.184,4.298
2951006.98,14485,0.066,4.191,4.257
2951028.46,14483,0.129,4.03,4.159
2951059.22,14484,1.803,4.035,5.837
2951088.1,14485,0.162,4.135,4.297
2951092.78,14483,0.083,4.041,4.124
2951103.98,14484,0.131,7.752,7.883
2951104.65,14485,0.06,7.169,7.229
2951112.41,14483,0.136,4.147,4.283
2951120.04,14484,0.079,6.109,6.189
2951122.04,14485,1.046,6.5,7.546
2951142.01,14483,0.37,4.42,4.79
2951195.35,14484,0.127,4.152,4.279
2951215.43,14485,0.116,6.2,6.316
2951226.28,14483,0.108,3.934,4.042
2951245.61,14484,0.086,4.353,4.439
2951254.08,14485,0.088,4.039,4.127
2951265.09,14483,0.172,4.707,4.879
2951285.67,14484,0.088,4.152,4.24
2951292.26,14485,0.078,4.11,4.188
2951297.21,14483,0.067,5.712,5.779
2951351.05,14484,0.235,4.875,5.111
2951357.36,14485,0.1,5.66,5.76
2951414.32,14483,0.154,3.885,4.039
2951440.1,14484,0.193,5.386,5.578
2951469.27,14485,1.162,4.023,5.186
2951487.13,14483,0.089,3.852,3.941
2951504.89,14484,0.286,5.216,5.502
2951520.23,14485,0.172,4.274,4.446
2951524.79,14483,0.122,4.239,4.361
2951550.11,14484,0.087,7.499,7.585
2951551.2,14485,0.065,6.64,6.704
2951568.82,14483,0.146,4.011,4.157
2951571.15,14484,0.072,4.249,4.32
2951581.98,14485,0.193,4.488,4.681
2951610.07,14483,0.125,4.692,4.816
2951626.06,14484,0.125,5.872,5.996
2951627.06,14485,0.075,4.802,4.878
2951641.14,14483,0.087,7.894,7.981
2951643.57,14484,0.055,6.343,6.398
2951673.15,14485,0.075,6.598,6.673
2951675.4,14483,0.07,4.249,4.318
2951724.1,14484,0.102,4.516,4.619
2951756.27,14485,0.081,4.265,4.346
2951770.1,14483,0.113,4.287,4.4
2951773.11,14484,0.087,5.024,5.112
2951804.05,14485,0.104,6.13,6.235
2951806.43,14483,0.067,6.183,6.251
2951810.18,14484,0.128,4.059,4.187
2951841.98,14484,0.053,4.14,4.193
2951842.76,14483,0.088,7.588,7.676
2951843.77,14485,0.059,6.035,6.093
2951872.95,14484,0.1,3.899,3.999
2951884.16,14483,0.949,4.066,5.015
2951986.44,14485,0.365,6.369,6.733
2951997.05,14484,0.083,4.62,4.702
2952006.55,14483,0.905,5.834,6.739
2952008.98,14485,0.083,4.67,4.753
2952014.49,14484,0.067,6.269,6.336
2952025.95,14483,0.119,4.61,4.729
2952042.28,14485,0.127,5.677,5.804
2952046.05,14484,0.097,4.053,4.15
2952057.2,14483,0.088,4.047,4.135
2952073.26,14485,0.109,4.044,4.154
2952090.23,14484,0.075,4.375,4.449
2952094.62,14483,2.926,4.201,7.127
2952114.65,14485,0.078,4.226,4.305
2952128.27,14484,0.089,6.166,6.256
2952144.1,14483,0.189,4.124,4.313
2952160.87,14485,0.088,4.135,4.223
2952165.64,14484,0.073,4.262,4.335
2952170.7,14483,0.068,3.981,4.048
2952177.22,14485,0.066,4.108,4.174
2952178.97,14484,0.056,4.211,4.267
2952192.02,14483,0.084,6.597,6.681
2952192.68,14485,0.128,5.129,5.257
2952213.45,14484,0.094,4.529,4.623
2952233.73,14483,0.098,4.052,4.15
2952313.9,14485,0.11,4.136,4.246
2952333.97,14484,0.135,6.3,6.435
2952477.17,14483,0.193,4.053,4.246
2952492.51,14485,2.45,4.169,6.619
2952521.58,14484,0.777,4.776,5.552
2952563.32,14483,0.146,4.201,4.346
2952665.75,14485,0.135,4.01,4.145
2952721.93,14484,0.12,3.967,4.087
2952741.6,14483,0.351,6.023,6.375
2952843.31,14485,0.151,4.124,4.275
2952853.08,14484,1.6,3.875,5.475
2952915.8,14483,0.425,7.129,7.554
2953079.36,14485,1.605,4.132,5.737
2953180.14,14484,0.249,4.305,4.554
2953184.26,14483,0.111,4.112,4.224
2953185.46,14484,0.081,4.384,4.465
2953190.01,14485,0.067,4.021,4.088
2953198.87,14483,0.091,3.975,4.066
2953208.7,14484,0.135,4.359,4.494
2953226.34,14485,0.153,4.241,4.394
2953255.85,14483,0.137,4.237,4.373
2953285.37,14484,0.146,4.076,4.222
2953301.32,14485,0.265,4.501,4.766
2953310.38,14483,0.117,4.302,4.419
2953310.85,14484,0.077,4.107,4.184
2953315.72,14485,0.1,4.222,4.322
2953341.89,14483,0.117,3.982,4.099
2953349.04,14484,0.102,4.203,4.305
2953362.73,14483,0.172,4.169,4.341
2953364.43,14485,0.211,6.597,6.808
2953366.3,14484,0.084,4.97,5.054
2953375.28,14483,0.166,4.041,4.207
2953405.04,14485,0.134,3.946,4.08
2953409.31,14484,0.074,4.559,4.633
2953431.15,14485,0.127,4.053,4.18
2953479.33,14483,1.599,6.148,7.747
2953492.06,14484,0.134,6.056,6.19
2953494.05,14485,2.655,4.177,6.832
2953494.27,14483,0.716,4.037,4.753
2953533.51,14485,0.123,4.915,5.038
2953536.21,14484,0.15,8.284,8.434
2953556.45,14483,0.089,4.315,4.404
2953599.53,14485,0.093,4.021,4.114
2953612.89,14484,0.107,4.511,4.618
2953649.26,14483,0.095,4.145,4.24
2953667.1,14485,0.107,4.455,4.562
2953684.75,14484,0.082,5.454,5.536
2953761.17,14483,0.097,4.005,4.103
2953770.78,14485,0.138,8.068,8.206
2953771.31,14484,0.122,6.278,6.401
2953777.19,14483,0.075,3.987,4.062
2953786.43,14485,0.105,8.032,8.136
2953786.64,14484,0.056,6.479,6.535
2953819.39,14483,0.081,6.135,6.216
2953841.55,14485,0.092,5.879,5.971
2953843.9,14484,0.086,4.6,4.685
2953868.59,14483,0.145,4.303,4.448
2953884.15,14485,0.084,4.101,4.185
2953977.89,14484,0.072,3.898,3.97
2953990.23,14483,0.084,5.044,5.128
2954056.86,14485,0.146,4.07,4.215
2954076.42,14484,0.124,4.163,4.287
2954089.14,14483,0.12,3.993,4.113
2954102.03,14485,1.683,4.033,5.716
2954107.47,14484,0.073,4.332,4.405
2954114.29,14483,3.024,4.206,7.23
2954168.85,14485,0.116,4.11,4.226
2954172.33,14484,0.11,5.871,5.981
2954204.85,14483,0.11,4.018,4.128
2954210.89,14485,1.753,3.798,5.551
2954219.5,14484,0.082,4.726,4.808
2954234.25,14483,0.734,4.046,4.78
2954249.51,14485,0.091,4.248,4.338
2954257.09,14484,0.09,3.912,4.002
2954267.95,14483,0.103,4.062,4.165
2954279.17,14485,0.133,4.053,4.185
2954304.64,14484,0.221,4.304,4.526
2954313.41,14483,0.427,8.14,8.568
2954313.61,14484,2.427,3.958,6.385
2954313.68,14485,2.044,4.545,6.589
2954334.08,14483,2.124,4.127,6.251
2954334.96,14484,1.722,5.625,7.347
2954337.75,14485,0.304,5.254,5.558
2954348.13,14483,0.972,3.912,4.884
2954361.57,14484,0.172,4.074,4.246
2954391.06,14485,0.182,7.217,7.399
2954392.31,14483,0.095,6.078,6.173
2954426.75,14484,0.141,3.891,4.032
2954443.24,14485,0.215,3.98,4.195
2954448.73,14483,0.17,4.09,4.259
2954484.05,14484,1.125,3.895,5.02
2954508.05,14485,2.089,3.911,6.001
2954518.38,14483,0.075,3.941,4.016
2954576.89,14484,0.231,6.388,6.619
2954586.59,14485,0.089,4.216,4.305
2954591.68,14483,0.072,3.987,4.059
2954602.1,14484,1.189,4.022,5.211
2954622.16,14485,0.121,4.055,4.176
2954632.89,14483,0.079,3.987,4.066
2954644.22,14484,0.132,3.868,4.0
2954667.48,14485,1.035,4.085,5.12
2954677.58,14483,0.162,6.058,6.22
2954684.37,14484,0.108,6.594,6.703
2954685.27,14483,0.79,4.086,4.876
2954688.52,14485,2.494,7.416,9.909
2954690.93,14484,1.131,4.758,5.889
2954735.13,14483,0.127,3.977,4.104
2954736.53,14485,0.119,4.015,4.133
2954759.16,14484,0.125,5.451,5.576
2954763.39,14483,0.092,4.291,4.384
2954768.04,14485,0.064,3.964,4.028
2954780.45,14484,0.084,3.882,3.967
2954807.0,14483,0.841,3.823,4.663
2954813.26,14485,0.192,4.042,4.233
2954823.58,14484,0.166,3.97,4.136
2954832.66,14483,0.13,4.106,4.236
2954868.33,14485,0.089,5.025,5.114
2954900.42,14484,0.069,3.969,4.037
2954909.03,14483,2.043,3.97,6.013
2954915.84,14485,0.08,4.192,4.272
2954917.77,14484,0.077,4.129,4.205
2954931.92,14483,0.091,4.156,4.247
2954936.12,14485,0.063,4.142,4.205
2954945.34,14484,0.089,3.949,4.038
2954951.22,14483,1.49,4.057,5.547
2954962.1,14485,0.07,3.987,4.057
2954977.68,14484,0.064,4.082,4.146
2954995.76,14483,0.155,4.839,4.994
2955020.75,14485,0.095,4.237,4.332
2955032.96,14484,0.078,4.241,4.32
2955044.4,14483,0.111,5.423,5.534
2955047.04,14485,0.976,4.402,5.379
2955071.16,14484,0.125,4.854,4.979
2955085.04,14483,1.693,4.039,5.732
2955120.16,14485,0.153,4.192,4.345
2955135.21,14484,0.095,4.515,4.609
2955154.95,14483,0.423,4.236,4.659
2955186.13,14485,0.28,4.251,4.531
2955187.79,14484,0.101,4.505,4.606
2955194.99,14483,0.104,6.146,6.25
2955203.36,14485,0.236,3.986,4.222
2955278.37,14484,0.171,4.148,4.319
2955280.7,14483,0.158,4.266,4.424
2955302.89,14485,0.236,4.199,4.435
2955317.26,14484,0.171,3.978,4.148
2955363.05,14483,0.149,3.986,4.135
2955364.89,14485,0.107,4.088,4.196
2955369.66,14484,0.111,4.402,4.513
2955384.37,14483,0.195,5.257,5.452
2955385.27,14485,0.1,4.052,4.152
2955415.71,14484,0.126,8.283,8.41
2955461.26,14483,2.002,3.971,5.974
2955517.77,14485,0.16,4.166,4.325
2955548.17,14484,0.102,4.162,4.264
2955605.32,14483,0.138,3.997,4.135
2955609.87,14485,0.092,4.205,4.297
2955634.98,14484,0.098,3.81,3.907
2955716.82,14483,0.133,3.94,4.073
2955824.38,14485,0.159,4.139,4.298
2955830.21,14484,0.132,3.993,4.125
2956008.28,14483,0.482,9.653,10.135
2956019.31,14485,0.165,7.648,7.812
2956058.05,14484,0.109,4.911,5.02
2956077.94,14483,0.464,5.434,5.898
2956088.2,14485,0.098,3.987,4.085
2956098.9,14484,0.088,3.997,4.084
2956109.78,14483,0.114,4.186,4.299
2956147.48,14485,0.101,4.242,4.344
2956168.23,14484,0.094,5.577,5.671
2956216.09,14483,0.12,4.093,4.213
2956297.81,14485,0.152,4.593,4.746
2956358.33,14484,1.455,4.119,5.574
2956374.85,14483,0.157,6.199,6.355
2956379.18,14485,0.091,4.068,4.158
2956388.61,14484,0.088,4.101,4.19
2956411.82,14483,0.191,4.227,4.418
2956427.56,14485,0.124,4.716,4.84
2956434.17,14484,0.434,6.744,7.178
2956485.92,14483,0.151,6.5,6.652
2956507.68,14485,0.149,4.095,4.244
2956546.02,14484,0.191,3.845,4.037
2956559.31,14483,0.103,4.16,4.263
2956614.53,14485,0.116,4.039,4.155
2956647.92,14484,0.176,4.507,4.682
2956666.97,14483,0.085,4.945,5.03
2956706.16,14485,0.142,4.213,4.355
2956816.09,14484,0.196,5.175,5.37
2956819.77,14483,0.845,4.452,5.297
2956969.02,14484,0.305,4.022,4.327
2957016.82,14485,2.023,4.643,6.666
2957027.68,14483,0.112,4.125,4.237
2957037.01,14484,1.002,3.935,4.937
2957041.26,14485,0.131,4.099,4.23
2957062.35,14483,0.096,4.002,4.098
2957167.55,14484,0.356,4.531,4.887
2957197.41,14485,0.352,8.642,8.993
2957199.51,14483,0.187,9.328,9.515
2957215.57,14484,0.141,5.757,5.898
2957371.96,14485,0.181,4.46,4.641
2957460.75,14483,0.129,4.14,4.269
2957542.48,14484,0.178,4.18,4.358
2957553.46,14485,0.105,3.93,4.035
2957584.05,14483,0.19,4.024,4.214
2957658.75,14484,0.368,4.018,4.385
2957702.48,14485,0.165,4.171,4.336
2957719.8,14483,0.117,4.223,4.34
2957854.97,14484,0.185,3.982,4.166
2957938.18,14485,0.121,4.26,4.381
2957979.17,14483,0.135,5.369,5.504
2957987.19,14484,0.311,4.236,4.546
2958018.4,14485,0.079,4.159,4.238
2958050.79,14483,0.255,3.989,4.243
2958110.73,14484,2.436,4.034,6.47
2958132.56,14485,0.11,4.184,4.293
2958145.27,14483,0.09,4.009,4.099
2958149.6,14484,2.82,4.331,7.151
2958150.18,14483,2.827,4.436,7.263
2958170.06,14485,0.088,4.086,4.174
2958174.42,14484,0.067,4.15,4.217
2958206.27,14483,0.126,4.057,4.184
2958218.17,14485,0.175,7.806,7.982
2958218.96,14484,0.06,5.393,5.453
2958236.02,14483,0.14,4.412,4.553
2958239.17,14485,0.086,4.19,4.276
2958249.91,14483,0.15,4.633,4.783
2958287.1,14484,0.104,4.426,4.53
2958306.77,14485,0.101,3.873,3.975
2958309.62,14483,1.839,4.491,6.33
2958327.69,14484,0.085,4.051,4.135
2958342.47,14485,0.086,4.09,4.176
2958345.95,14483,1.699,4.827,6.525
2958381.24,14484,0.119,4.35,4.468
2958394.25,14485,0.087,4.056,4.143
2958438.88,14483,1.294,4.786,6.081
2958445.07,14484,0.149,8.532,8.681
2958445.76,14485,2.284,5.352,7.636
2958454.35,14483,0.499,4.525,5.024
2958484.08,14484,0.124,4.025,4.149
2958496.33,14485,0.133,5.143,5.276
2958499.29,14483,0.084,6.113,6.197
2958501.12,14484,0.085,4.355,4.44
2958631.61,14485,1.013,4.332,5.346
2958654.18,14483,0.185,3.919,4.104
2958668.0,14484,0.1,4.068,4.169
2958687.15,14485,0.152,4.882,5.034
2958706.0,14483,1.439,3.901,5.339
2958719.23,14484,0.094,5.94,6.034
2958722.03,14485,0.055,4.642,4.696
2958740.4,14483,0.079,4.144,4.223
2958746.2,14484,0.085,4.017,4.102
2958772.62,14485,0.187,4.851,5.038
2958788.62,14483,2.258,4.427,6.685
2958799.48,14484,0.076,4.243,4.319
2958814.32,14485,0.08,8.184,8.264
2958814.58,14483,0.675,6.386,7.061
2958814.88,14484,0.059,3.873,3.932
2958858.62,14485,0.166,4.49,4.655
2958879.1,14483,0.829,4.517,5.346
2958885.58,14484,0.082,4.461,4.543
2958894.04,14485,2.026,3.829,5.855
2958916.17,14483,0.076,4.006,4.082
2958921.21,14484,0.06,4.061,4.121
2958953.46,14485,0.101,3.949,4.049
2958974.86,14483,0.082,4.146,4.228
2958993.42,14484,0.068,4.252,4.32
2959003.65,14485,0.077,3.986,4.063
2959016.69,14483,0.078,5.966,6.044
2959135.62,14484,0.161,4.296,4.456
2959141.66,14485,0.148,4.148,4.296
2959160.89,14483,0.112,3.996,4.108
2959165.66,14484,0.214,4.625,4.839
2959177.63,14485,0.41,5.533,5.943
2959181.37,14483,4.164,4.242,8.406
2959190.04,14484,0.07,5.215,5.285
2959196.63,14485,0.132,4.606,4.738
2959212.78,14483,0.113,4.214,4.326
2959214.77,14484,0.084,4.067,4.151
2959226.92,14485,0.081,4.471,4.551
2959231.6,14483,0.087,4.108,4.195
2959238.98,14484,0.119,4.403,4.523
2959267.25,14485,0.093,4.09,4.183
2959297.88,14483,0.362,3.988,4.35
2959377.2,14484,0.126,4.471,4.597
2959447.29,14485,0.223,5.61,5.833
2959483.47,14483,0.484,5.485,5.969
2959640.33,14484,0.32,4.231,4.551
2959698.67,14485,0.123,8.076,8.199
2959699.2,14483,0.075,6.001,6.076
2959705.98,14484,0.171,4.019,4.189
2959717.69,14485,0.164,3.987,4.152
2959740.15,14483,0.168,5.89,6.058
2959751.29,14484,0.296,4.013,4.308
2959757.14,14485,0.088,4.044,4.132
2959764.78,14483,0.079,3.932,4.01
2959775.37,14484,0.078,4.036,4.114
2959798.33,14485,0.237,3.982,4.219
2959813.58,14483,0.152,4.103,4.256
2959826.59,14484,0.682,3.974,4.657
2959873.86,14485,0.131,6.145,6.276
2959876.06,14483,0.063,4.866,4.929
2959882.4,14484,0.121,4.104,4.225
2959901.62,14485,0.263,4.176,4.439
2959918.62,14483,0.103,3.827,3.93
2959948.37,14484,0.891,3.952,4.843
2959952.68,14485,1.991,7.455,9.446
2959953.49,14483,0.044,6.396,6.44
2959971.64,14484,0.15,6.031,6.181
2959997.04,14485,0.121,3.961,4.082
2960020.42,14483,0.075,5.964,6.04
2960044.21,14484,2.468,3.994,6.462
2960050.39,14485,0.129,4.044,4.172
2960059.18,14483,0.089,4.215,4.304
2960080.36,14484,0.071,4.043,4.114
2960086.63,14485,0.06,6.091,6.152
2960090.25,14483,0.067,4.053,4.12
2960102.34,14485,0.09,4.103,4.193
2960122.48,14484,1.569,6.22,7.789
2960132.87,14483,0.116,3.997,4.113
2960143.73,14485,0.103,4.09,4.193
2960173.41,14484,0.089,5.753,5.842
2960206.15,14483,0.117,4.311,4.428
2960219.03,14485,0.083,4.052,4.135
2960226.78,14484,0.094,3.952,4.046
2960248.01,14483,0.074,4.194,4.268
2960296.21,14485,0.097,4.046,4.143
2960302.17,14484,0.091,4.011,4.102
2960313.44,14483,0.076,4.102,4.177
2960327.41,14485,0.109,4.093,4.201
2960361.21,14484,0.176,4.213,4.389
2960368.13,14483,0.215,4.493,4.708
2960371.78,14485,2.051,5.349,7.4
2960376.92,14484,0.43,4.641,5.071
2960404.44,14483,0.117,3.992,4.109
2960424.87,14485,0.323,5.302,5.625
2960437.41,14484,0.094,8.254,8.348
2960437.5,14483,0.059,5.986,6.045
2960442.36,14485,0.313,5.028,5.341
2960455.41,14484,0.089,4.268,4.357
2960485.07,14483,0.125,4.007,4.132
2960514.29,14485,0.104,4.247,4.351
2960534.51,14484,0.09,4.196,4.286
2960548.79,14483,0.09,3.965,4.055
2960581.17,14485,0.11,4.178,4.288
2960599.28,14484,0.154,5.855,6.01
2960620.68,14483,0.08,4.039,4.119
2960630.27,14484,0.053,5.983,6.036
2960630.38,14485,1.211,8.137,9.348
2960663.49,14483,0.32,4.437,4.757
2960675.6,14484,0.187,8.077,8.264
2960676.14,14485,2.62,5.863,8.483
2960685.39,14483,0.136,4.036,4.172
2960777.42,14484,0.169,4.136,4.305
2960795.54,14485,0.1,3.876,3.976
2960804.31,14483,0.131,4.113,4.244
2960860.88,14484,0.099,4.08,4.178
2960863.3,14485,0.082,4.373,4.455
2960876.55,14483,0.086,8.565,8.651
2960876.71,14484,0.071,5.679,5.75
2960903.14,14485,0.083,3.986,4.068
2960930.82,14483,0.135,4.406,4.541
2960936.96,14484,0.1,4.005,4.106
2960944.47,14485,0.083,3.992,4.075
2960949.49,14483,2.687,4.297,6.984
2960956.06,14484,0.585,4.121,4.706
2960959.1,14485,0.069,5.252,5.32
2960975.04,14483,1.709,3.95,5.659
2960978.34,14484,1.143,4.173,5.315
2960989.74,14485,0.068,3.942,4.01
2961001.94,14483,0.09,4.64,4.731
2961029.21,14484,1.002,6.045,7.046
2961034.5,14485,0.072,4.125,4.197
2961140.77,14483,0.141,6.972,7.113
2961163.54,14484,0.117,4.101,4.218
2961211.28,14485,1.276,4.147,5.422
2961323.17,14483,0.126,4.004,4.13
2961329.56,14484,2.136,4.308,6.444
2961369.76,14485,0.552,4.0,4.552
2961373.05,14483,0.089,4.048,4.137
2961378.42,14484,1.11,4.171,5.281
2961390.89,14485,0.168,4.018,4.187
2961445.77,14483,0.178,5.599,5.777
2961518.79,14484,0.135,4.152,4.287
2961575.04,14485,0.183,4.476,4.659
2961590.62,14483,0.135,4.178,4.312
2961602.04,14484,0.086,5.654,5.74
2961603.24,14485,0.07,5.704,5.774
2961603.47,14483,0.088,4.64,4.728
2961611.71,14484,0.083,4.249,4.332
2961624.19,14485,1.846,4.093,5.939
2961635.49,14483,0.084,5.081,5.165
2961668.13,14485,0.434,4.034,4.468
2961668.38,14484,0.103,8.38,8.483
2961679.36,14483,0.182,5.413,5.595
2961705.41,14485,0.245,3.875,4.12
2961713.18,14484,0.377,4.111,4.488
2961735.48,14483,0.151,4.425,4.576
2961742.18,14485,0.099,3.961,4.06
2961771.06,14484,0.247,3.971,4.218
2961781.59,14483,0.197,3.964,4.161
2961786.57,14485,0.163,8.012,8.175
2961787.59,14484,0.083,6.871,6.954
2961791.38,14483,0.657,4.018,4.674
2961823.16,14485,0.098,4.134,4.232
2961863.58,14484,0.103,4.218,4.322
2961887.03,14483,0.14,4.671,4.811
2961893.07,14485,0.085,7.921,8.007
2961893.3,14484,0.086,6.167,6.252
2961896.73,14483,0.05,5.634,5.685
2961900.62,14485,0.064,4.161,4.225
2961909.87,14483,0.071,4.438,4.509
2961919.48,14484,0.074,4.305,4.379
2961959.41,14485,0.145,4.157,4.302
2961961.2,14483,0.09,4.494,4.584
2961964.77,14484,0.101,4.312,4.412
2961990.76,14483,0.1,4.228,4.328
2962002.49,14485,0.113,4.493,4.606
2962029.27,14484,1.705,5.06,6.765
2962051.31,14483,0.12,4.049,4.169
2962073.66,14485,0.704,4.189,4.893
2962079.36,14484,0.1,4.422,4.522
2962085.47,14483,0.072,7.029,7.102
2962086.26,14485,0.068,6.475,6.542
2962097.09,14484,0.91,4.011,4.921
2962101.72,14483,0.08,6.039,6.118
2962106.49,14485,0.089,3.978,4.068
2962110.58,14484,0.068,4.003,4.072
2962115.07,14484,0.05,3.955,4.005
2962116.58,14485,0.085,6.298,6.382
2962144.31,14483,0.167,4.113,4.28
2962158.25,14484,0.107,5.944,6.051
2962186.19,14485,0.101,4.226,4.327
2962194.36,14483,0.093,4.082,4.175
2962201.51,14484,0.164,4.238,4.401
2962240.26,14485,0.14,4.23,4.37
2962246.32,14483,0.138,4.006,4.144
2962258.56,14484,0.217,4.338,4.555
2962262.72,14485,0.141,3.99,4.131
2962282.2,14483,0.086,4.044,4.13
2962309.76,14484,0.124,4.074,4.198
2962311.33,14485,0.064,4.2,4.264
2962385.28,14484,0.151,6.009,6.161
2962387.55,14483,0.107,4.077,4.184
2962407.88,14485,0.168,4.547,4.716
2962415.14,14484,5.348,4.96,10.308
2962421.85,14483,0.112,4.141,4.253
2962455.52,14485,0.245,4.548,4.793
2962467.15,14484,0.133,4.41,4.543
2962494.44,14483,0.221,6.594,6.815
2962500.7,14485,2.038,4.601,6.638
2962504.86,14484,0.071,3.987,4.058
2962519.15,14483,0.068,3.98,4.048
2962559.52,14485,0.127,4.145,4.272
2962565.94,14484,0.169,4.055,4.223
2962593.22,14483,0.092,3.866,3.958
2962607.01,14485,0.085,3.893,3.978
2962621.41,14484,0.074,4.274,4.348
2962632.02,14483,0.078,4.024,4.102
2962640.22,14485,0.059,4.092,4.151
2962644.48,14484,0.047,7.06,7.107
2962645.73,14483,3.356,4.601,7.957
2962650.13,14485,0.06,4.318,4.378
2962657.13,14484,0.083,4.116,4.199
2962670.44,14483,0.089,4.087,4.176
2962680.31,14485,0.886,5.1,5.986
2962742.26,14484,0.239,4.224,4.463
2962822.24,14483,0.188,4.96,5.147
2962829.76,14485,0.143,4.19,4.333
2962834.12,14484,1.274,4.202,5.476
2962859.51,14483,0.151,4.605,4.756
2962875.38,14485,0.086,4.096,4.182
2962957.26,14484,0.205,14.651,14.856
2962963.03,14483,3.81,15.186,18.996
2962966.52,14485,0.104,8.741,8.845
2962969.77,14484,0.617,8.198,8.815
2962969.84,14483,0.057,4.961,5.018
2962988.97,14485,0.174,4.191,4.365
2962997.84,14484,0.1,5.871,5.971
2963005.93,14483,0.063,5.719,5.782
2963010.37,14485,3.054,4.406,7.46
2963012.39,14483,0.077,4.245,4.322
2963042.83,14484,0.252,3.975,4.227
2963047.19,14485,2.662,4.472,7.134
2963050.08,14483,0.126,4.498,4.624
2963167.87,14484,0.332,4.193,4.525
2963238.62,14485,0.175,3.985,4.16
2963252.68,14483,0.109,4.606,4.714
2963264.68,14484,0.169,4.148,4.316
2963326.07,14485,0.115,3.861,3.976
2963334.3,14483,0.544,4.336,4.88
2963347.22,14484,1.969,4.177,6.146
2963391.79,14485,0.11,5.871,5.98
2963419.57,14483,0.204,4.783,4.986
2963466.52,14484,4.055,4.307,8.362
2963534.45,14485,0.177,6.64,6.817
2963535.77,14483,0.135,5.607,5.742
2963549.61,14484,0.093,4.121,4.214
2963570.26,14485,2.924,4.121,7.045
2963757.41,14483,0.173,3.961,4.134
2963773.25,14484,0.15,4.01,4.16
2963784.12,14485,0.144,3.87,4.014
2963834.99,14483,0.504,8.673,9.177
2963883.32,14484,1.605,4.097,5.703
2963889.46,14485,0.091,3.999,4.089
2963970.19,14483,0.123,4.96,5.084
2964101.12,14484,0.166,4.451,4.617
2964165.27,14485,1.115,6.044,7.159
2964235.77,14483,0.178,4.18,4.357
2964286.49,14484,1.585,4.264,5.85
2964294.03,14485,0.095,4.436,4.531
2964428.68,14483,0.147,3.931,4.078
2964561.04,14484,0.407,4.357,4.764
2964571.13,14485,0.091,4.311,4.401
2964586.53,14483,0.922,4.246,5.168
2964597.09,14484,0.078,4.111,4.19
2964630.91,14485,0.291,4.488,4.778
2964669.24,14483,1.925,4.087,6.012
2964682.39,14484,0.075,7.981,8.056
2964682.49,14485,1.144,5.946,7.089
2964684.67,14483,0.074,3.918,3.992
2964714.88,14484,0.18,4.172,4.352
2964739.64,14485,1.095,4.44,5.535
2964739.68,14483,0.064,4.075,4.14
2964752.02,14484,0.135,6.112,6.248
2964752.16,14485,1.478,4.203,5.682
2964771.86,14483,0.091,3.995,4.087
2964787.3,14484,0.091,4.115,4.206
2964803.3,14485,0.13,4.001,4.131
2964830.8,14483,0.158,3.96,4.118
2964839.44,14484,0.116,4.044,4.16
2964859.52,14485,0.084,4.218,4.301
2964887.09,14483,0.099,3.951,4.05
2964895.13,14484,0.798,4.015,4.812
2964960.25,14485,0.167,4.227,4.394
2964971.86,14483,0.09,3.986,4.076
2965031.85,14484,0.092,4.275,4.368
2965034.9,14485,0.085,4.055,4.141
2965037.28,14484,0.128,5.007,5.136
2965038.7,14483,0.076,4.211,4.287
2965044.32,14485,0.12,5.42,5.54
2965047.25,14484,0.28,6.319,6.599
2965060.05,14483,0.106,4.099,4.205
2965090.22,14485,2.243,4.119,6.362
2965100.22,14484,1.025,4.133,5.157
2965120.25,14483,0.079,4.13,4.21
2965124.32,14485,0.078,4.181,4.259
2965128.24,14483,0.065,4.1,4.166
2965130.96,14484,0.087,4.109,4.196
2965153.43,14485,2.113,4.197,6.31
2965154.25,14483,1.43,4.012,5.443
2965252.96,14484,0.173,5.714,5.887
2965305.97,14485,0.127,3.96,4.087
2965356.08,14483,0.135,3.799,3.934
2965367.06,14484,0.218,6.227,6.445
2965375.15,14485,2.032,3.981,6.013
2965386.67,14483,0.153,4.196,4.349
2965391.29,14484,0.101,6.729,6.83
2965409.48,14485,0.136,4.419,4.555
2965420.16,14483,0.146,4.851,4.997
2965426.76,14484,3.248,7.148,10.395
2965434.31,14485,0.432,4.872,5.305
2965439.79,14484,2.121,4.484,6.604
2965439.88,14483,0.383,6.22,6.603
2965482.89,14485,0.183,3.978,4.161
2965520.21,14484,2.209,4.087,6.296
2965540.51,14483,0.11,4.16,4.27
2965549.62,14485,0.077,4.141,4.218
2965555.21,14484,0.101,6.389,6.49
2965573.79,14483,0.135,4.004,4.14
2965605.06,14485,0.873,3.909,4.782
2965672.86,14484,0.169,4.851,5.02
2965675.62,14483,0.16,4.658,4.818
2965684.12,14485,0.094,4.246,4.34
2965689.01,14484,0.069,5.807,5.876
2965714.62,14483,0.084,4.064,4.148
2965830.2,14485,0.131,4.917,5.048
2965945.14,14484,2.012,4.061,6.073
2965997.59,14483,0.249,4.624,4.873
2966004.26,14485,0.108,4.422,4.529
2966109.47,14484,0.337,7.373,7.711
2966111.11,14483,0.247,6.771,7.018
2966126.93,14485,0.303,8.767,9.07
2966143.27,14484,2.083,4.14,6.223
2966212.8,14483,0.126,4.192,4.317
2966249.89,14485,0.117,4.53,4.647
2966350.6,14484,0.135,4.687,4.822
2966379.72,14483,2.061,4.525,6.586
2966453.73,14485,0.242,5.603,5.845
2966456.35,14484,0.147,5.127,5.274
2966512.35,14483,0.119,4.099,4.218
2966555.18,14485,0.114,4.003,4.116
2966602.84,14484,0.116,3.936,4.052
2966611.28,14483,0.171,4.1,4.271
2966674.28,14485,1.265,4.115,5.38
2966704.35,14484,0.127,3.984,4.111
2966770.19,14485,0.06,4.181,4.242
2966770.62,14483,0.113,6.37,6.483
2966788.75,14484,0.125,4.338,4.464
2966801.43,14485,0.122,4.072,4.195
2966804.39,14483,0.083,4.09,4.173
2966840.64,14484,0.09,4.283,4.373
2966846.24,14485,0.086,4.002,4.089
2966860.12,14483,0.091,3.893,3.984
2966891.83,14484,0.099,4.354,4.454
2966903.29,14485,0.09,4.004,4.094
2966917.33,14483,0.151,4.249,4.4
2966923.52,14484,0.17,4.015,4.185
2966931.41,14485,0.105,4.253,4.358
2966935.87,14483,0.659,3.99,4.65
2966945.18,14484,0.1,4.19,4.29
2966949.99,14485,0.063,4.032,4.095
2966966.9,14483,0.24,4.186,4.426
2967003.25,14484,0.146,4.22,4.366
2967009.48,14485,0.079,4.528,4.607
2967012.61,14483,0.061,4.137,4.198
2967032.93,14484,0.153,3.937,4.091
2967034.75,14485,0.147,4.097,4.244
2967053.89,14483,0.078,4.176,4.254
2967065.6,14484,0.193,4.029,4.221
2967078.45,14485,0.212,6.117,6.329
2967082.54,14483,1.535,3.9,5.435
2967093.99,14484,0.094,5.133,5.227
2967096.46,14485,0.066,4.211,4.277
2967103.74,14483,0.1,4.025,4.124
2967107.83,14484,1.827,3.904,5.731
2967108.35,14485,0.175,4.313,4.488
2967160.15,14483,0.143,4.585,4.729
2967165.68,14484,1.13,8.237,9.367
2967207.05,14485,1.107,8.057,9.164
2967211.11,14483,1.63,6.402,8.032
2967212.97,14484,0.185,4.045,4.229
2967228.45,14485,0.097,4.327,4.424
2967242.83,14483,0.135,4.326,4.461
2967256.7,14484,0.093,4.128,4.22
2967265.48,14485,0.082,4.504,4.585
2967283.87,14483,0.1,4.036,4.136
2967338.27,14484,0.092,4.286,4.378
2967343.18,14485,0.09,4.029,4.12
2967363.8,14483,0.094,4.087,4.181
2967374.45,14484,0.081,3.937,4.018
2967384.57,14485,0.087,4.414,4.501
2967395.48,14483,0.078,4.194,4.272
2967423.2,14484,0.101,4.011,4.111
2967459.62,14483,0.179,6.223,6.402
2967461.05,14485,0.809,8.088,8.897
2967463.29,14484,2.332,4.88,7.212
2967464.21,14483,0.714,4.425,5.139
2967501.57,14485,0.564,4.965,5.529
2967507.15,14484,0.183,4.261,4.444
2967522.43,14483,0.197,4.22,4.417
2967536.78,14485,0.238,4.121,4.359
2967556.93,14484,2.068,3.8,5.868
2967566.97,14483,0.101,6.141,6.243
2967584.27,14485,0.231,5.899,6.13
2967598.19,14484,0.087,4.072,4.159
2967613.37,14483,0.189,3.893,4.082
2967625.43,14485,1.403,3.997,5.4
2967636.01,14484,0.092,3.995,4.087
2967649.05,14483,0.11,6.062,6.172
2967682.29,14485,0.116,3.993,4.109
2967698.38,14484,0.119,4.121,4.24
2967713.31,14483,0.216,6.327,6.542
2967713.74,14485,0.092,5.338,5.43
2967729.28,14484,0.081,6.374,6.456
2967762.35,14483,0.235,3.995,4.229
2967770.46,14485,0.082,4.14,4.221
2967815.09,14484,2.297,3.867,6.163
2967827.0,14483,0.083,4.181,4.264
2967843.49,14485,0.16,4.204,4.364
2967846.58,14484,0.093,4.168,4.261
2967881.04,14483,0.189,4.19,4.379
2967892.72,14485,0.14,3.935,4.074
2967896.82,14484,1.208,4.019,5.227
2967909.27,14485,0.131,6.121,6.253
2967932.33,14483,2.038,4.193,6.231
2967940.72,14484,0.11,4.397,4.507
2967971.26,14485,0.267,4.119,4.386
2968001.86,14483,0.131,4.633,4.764
2968010.5,14484,0.093,4.123,4.216
2968015.06,14485,0.112,4.399,4.511
2968023.2,14483,2.051,3.961,6.011
2968035.14,14484,0.103,3.835,3.938
2968052.09,14485,0.078,4.395,4.473
2968117.36,14483,0.139,3.876,4.015
2968121.48,14484,0.084,4.001,4.084
2968131.07,14483,1.241,3.939,5.18
2968145.29,14485,0.079,4.999,5.079
2968153.03,14484,0.06,3.874,3.934
2968161.19,14483,2.527,4.044,6.571
2968193.2,14485,0.154,3.941,4.095
2968212.84,14484,0.14,4.395,4.535
2968218.16,14483,0.1,4.333,4.433
2968233.7,14484,0.13,4.166,4.296
2968251.1,14485,0.298,4.198,4.496
2968259.38,14483,0.078,4.019,4.097
2968267.77,14484,0.325,4.137,4.462
2968317.77,14485,0.124,4.129,4.253
2968365.03,14483,0.132,3.991,4.123
2968372.04,14484,0.103,4.311,4.414
2968386.93,14485,0.1,4.184,4.283
2968409.87,14483,0.439,4.19,4.628
2968441.5,14484,0.173,4.072,4.245
2968445.67,14485,0.158,4.186,4.344
2968479.98,14483,0.158,7.305,7.463
2968486.24,14484,0.127,4.013,4.139
2968546.92,14485,0.163,4.93,5.093
2968552.65,14483,0.11,4.173,4.283
2968558.04,14484,0.094,3.891,3.985
2968566.11,14485,1.469,3.969,5.438
2968577.04,14483,0.089,3.891,3.979
2968584.04,14484,0.783,3.908,4.691
2968680.94,14485,0.14,4.386,4.526
2968697.8,14483,0.12,4.107,4.227
2968709.37,14484,0.114,5.093,5.207
2968728.48,14485,0.131,4.458,4.588
2968747.54,14483,0.102,7.899,8.0
2968748.03,14484,0.063,5.762,5.825
2968752.14,14485,0.064,4.383,4.447
2968775.88,14483,0.07,4.102,4.172
2968793.89,14484,0.099,4.044,4.143
2968809.59,14485,0.117,4.431,4.548
2968815.63,14483,0.079,4.184,4.263
2968863.37,14484,0.115,4.022,4.137
2968918.47,14485,0.184,4.165,4.349
2968926.7,14483,0.113,6.082,6.195
2968929.32,14484,1.042,4.768,5.811
2968977.71,14485,0.203,4.025,4.228
2968997.16,14483,0.321,4.056,4.377
2969005.72,14484,0.161,5.374,5.535
2969014.36,14485,0.337,8.036,8.373
2969016.04,14483,0.062,7.371,7.433
2969026.01,14484,0.088,6.179,6.267
2969033.72,14485,0.062,10.452,10.514
2969033.99,14483,0.061,7.167,7.228
2969037.03,14484,0.163,4.202,4.364
2969043.3,14485,0.079,4.093,4.171
2969094.65,14483,0.102,4.002,4.103
2969100.96,14484,0.165,3.939,4.104
2969148.18,14485,0.096,6.46,6.556
2969189.04,14483,0.519,7.923,8.443
2969193.68,14484,0.706,6.266,6.973
2969207.6,14485,0.108,4.952,5.06
2969236.18,14483,0.884,4.039,4.923
2969246.52,14484,0.436,6.009,6.445
2969248.94,14485,1.151,6.513,7.663
2969256.44,14483,0.08,4.111,4.19
2969289.98,14484,0.1,4.608,4.708
2969307.11,14485,0.193,4.089,4.282
2969330.29,14483,0.104,4.115,4.22
2969350.97,14484,0.101,4.758,4.859
2969363.89,14485,0.433,4.264,4.697
2969369.31,14483,0.08,4.625,4.705
2969380.11,14484,0.097,4.039,4.136
2969448.87,14485,0.135,7.738,7.873
2969450.13,14483,1.136,7.005,8.142
2969455.08,14484,0.101,5.481,5.583
2969464.73,14485,0.147,6.093,6.241
2969477.34,14483,1.842,4.253,6.094
2969482.0,14484,0.621,4.078,4.699
2969516.2,14485,0.101,4.299,4.401
2969577.92,14483,0.196,4.816,5.012
2969584.36,14484,0.129,5.8,5.929
2969614.21,14485,0.119,4.062,4.181
2969625.74,14483,0.116,3.947,4.062
2969632.05,14484,0.157,6.092,6.25
2969637.08,14485,0.068,6.245,6.313
2969637.76,14483,1.481,5.635,7.115
2969657.76,14484,0.176,3.985,4.161
2969661.73,14485,0.088,4.831,4.918
2969682.76,14483,0.111,4.222,4.332
2969686.02,14484,0.07,4.149,4.22
2969694.05,14485,0.065,5.818,5.883
2969696.79,14484,0.061,4.206,4.267
2969697.08,14483,0.086,4.272,4.358
2969723.16,14485,0.09,4.066,4.155
2969742.89,14484,0.084,4.272,4.356
2969752.08,14483,1.066,8.004,9.07
2969752.41,14485,0.055,5.305,5.36
2969761.86,14484,0.072,4.191,4.262
2969789.09,14483,0.187,7.018,7.205
2969791.49,14485,0.052,7.28,7.332
2969847.26,14484,0.117,4.137,4.254
2969851.46,14483,0.145,4.283,4.428
2969858.27,14485,0.249,4.08,4.329
2969899.76,14484,0.104,4.33,4.433
2969938.67,14483,0.175,4.227,4.402
2969987.33,14485,0.108,4.037,4.145
2969989.72,14484,0.096,4.415,4.511
2970013.5,14483,0.137,6.563,6.701
2970016.03,14485,0.076,4.893,4.968
2970017.49,14484,0.049,4.34,4.389
2970079.04,14483,0.225,4.519,4.744
2970083.41,14485,0.145,4.421,4.566
2970085.92,14483,0.126,4.296,4.422
2970119.66,14484,0.114,4.321,4.436
2970122.25,14485,0.071,4.126,4.196
2970151.21,14483,0.088,4.281,4.369
2970173.25,14484,0.086,3.912,3.998
2970203.01,14485,0.14,5.769,5.909
2970236.28,14483,0.11,3.956,4.066
2970251.23,14484,0.092,4.469,4.561
2970282.33,14485,0.108,6.079,6.188
2970302.43,14483,0.113,4.497,4.61
2970303.95,14484,0.114,4.423,4.537
2970329.79,14485,0.175,4.253,4.429
2970371.8,14483,0.145,4.552,4.697
2970376.01,14484,0.089,4.248,4.337
2970381.96,14483,0.069,6.705,6.774
2970408.74,14485,0.123,5.2,5.323
2970421.05,14484,0.098,4.768,4.866
2970424.14,14483,0.1,3.89,3.99
2970442.68,14484,0.091,4.854,4.945
2970453.13,14485,0.179,4.674,4.853
2970460.45,14483,0.259,5.87,6.129
2970494.13,14484,0.572,4.147,4.719
2970520.8,14485,0.101,4.509,4.609
2970527.05,14483,1.965,3.853,5.818
2970533.93,14484,0.376,4.11,4.486
2970543.31,14485,1.873,4.144,6.017
2970550.44,14483,0.07,4.024,4.094
2970560.09,14484,0.092,4.24,4.332
2970566.6,14485,0.114,4.084,4.198
2970571.78,14483,0.065,3.942,4.008
2970578.19,14484,0.079,4.159,4.238
2970623.93,14485,0.733,4.858,5.591
2970634.89,14483,0.201,4.065,4.266
2970640.43,14484,0.831,5.669,6.5
2970671.68,14483,0.15,4.261,4.411
2970685.72,14485,0.112,5.068,5.18
2970688.46,14484,1.428,4.218,5.646
2970713.08,14483,0.169,4.669,4.837
2970759.08,14485,0.096,4.218,4.314
2970785.66,14484,0.168,4.14,4.308
2970802.26,14483,0.135,8.185,8.32
2970802.5,14485,0.104,6.308,6.411
2970811.16,14484,0.067,4.084,4.151
2970856.96,14483,0.076,3.985,4.061
2970893.28,14485,0.115,3.972,4.087
2970909.28,14484,1.922,4.14,6.061
2970923.28,14483,0.089,4.12,4.209
2970932.09,14485,0.071,4.175,4.246
2970942.37,14484,2.207,4.07,6.277
2970987.93,14483,0.094,4.118,4.212
2971002.02,14485,0.073,4.078,4.151
2971013.6,14484,0.09,3.951,4.041
2971048.52,14483,0.086,4.069,4.155
2971051.65,14485,0.083,4.47,4.553
2971064.68,14484,0.442,6.081,6.523
2971069.53,14483,2.103,7.489,9.592
2971081.69,14485,1.303,8.293,9.596
2971082.76,14484,0.058,8.463,8.521
2971150.56,14483,0.242,7.058,7.3
2971164.46,14485,0.177,4.91,5.088
2971176.44,14484,0.089,4.059,4.147
2971205.56,14483,0.149,4.303,4.453
2971258.15,14485,0.139,4.21,4.349
2971278.48,14484,0.102,4.047,4.149
2971288.6,14483,0.162,4.492,4.654
2971292.37,14485,0.077,4.274,4.351
2971305.29,14483,0.093,4.053,4.146
2971358.08,14484,0.09,3.908,3.999
2971397.52,14485,0.092,4.199,4.292
2971402.42,14483,0.101,5.193,5.294
2971473.87,14484,0.102,4.074,4.177
2971484.94,14485,0.118,4.001,4.119
2971495.77,14483,0.144,5.986,6.13
2971500.44,14484,0.117,4.382,4.499
2971531.27,14485,0.278,6.608,6.886
2971548.05,14483,0.185,4.255,4.44
2971548.71,14484,0.074,4.394,4.468
2971566.54,14485,0.12,3.943,4.062
2971570.77,14483,0.068,4.003,4.071
2971574.97,14484,0.057,3.969,4.026
2971581.87,14485,0.157,3.856,4.012
2971597.56,14483,0.081,3.955,4.036
2971607.76,14484,0.132,6.391,6.524
2971607.89,14485,0.056,5.894,5.95
2971627.1,14483,0.173,5.841,6.014
2971730.37,14484,0.103,4.015,4.118
2971738.59,14485,0.958,4.312,5.27
2971745.76,14483,0.157,4.036,4.193
2971803.75,14484,0.099,4.239,4.338
2971874.66,14485,0.125,4.149,4.274
2971938.35,14483,0.124,4.741,4.865
2971994.23,14484,0.111,3.875,3.986
2972000.53,14485,1.16,4.084,5.245
2972004.8,14483,1.361,4.377,5.738
2972032.75,14484,1.678,4.502,6.18
2972061.31,14485,0.148,4.42,4.568
2972075.03,14483,0.108,4.039,4.147
2972196.6,14484,0.133,5.387,5.52
2972355.56,14485,0.167,4.204,4.371
2972368.53,14483,0.098,4.485,4.583
2972387.18,14484,0.111,3.932,4.043
2972539.15,14485,0.278,4.172,4.45
2972556.13,14483,0.105,5.94,6.045
2972620.9,14484,0.19,5.638,5.829
2972759.79,14485,0.828,4.233,5.06
2972793.45,14483,0.136,3.935,4.071
2972862.33,14484,0.236,4.222,4.458
2972934.04,14485,0.143,3.995,4.138
2972991.23,14483,0.155,4.021,4.176
2973011.28,14484,0.15,4.514,4.664
2973050.44,14485,0.099,4.226,4.325
2973110.26,14483,0.115,4.438,4.552
2973198.77,14484,0.19,4.469,4.659
2973242.04,14485,0.162,5.732,5.894
2973420.08,14483,0.151,4.184,4.336
2973452.91,14484,1.85,5.658,7.508
2973487.51,14485,0.178,4.327,4.505
2973492.41,14483,0.078,4.579,4.657
2973552.16,14484,0.118,4.125,4.242
2973628.75,14485,0.116,6.429,6.545
2973633.05,14483,1.903,4.158,6.061
2973641.3,14484,0.082,3.991,4.073
2973669.97,14485,0.184,4.075,4.259
2973691.19,14483,0.107,4.024,4.131
2973710.51,14484,0.101,6.192,6.293
2973724.1,14485,0.571,4.004,4.575
2973770.85,14483,0.107,4.088,4.195
2973805.15,14484,2.183,4.003,6.186
2973813.93,14485,0.127,5.927,6.054
2973814.04,14483,0.095,4.775,4.871
2973822.3,14484,0.08,4.046,4.126
2973834.45,14485,0.191,4.058,4.248
2973851.27,14483,0.092,4.141,4.232
2973851.7,14484,0.067,4.103,4.169
2973878.45,14485,2.736,6.471,9.207
2973891.19,14483,0.092,4.055,4.147
2973944.34,14484,0.099,3.93,4.028
2973996.22,14485,1.657,5.986,7.643
2974024.69,14483,0.194,4.793,4.987
2974030.38,14484,0.095,4.467,4.562
2974033.17,14485,0.124,4.182,4.306
2974040.38,14483,1.286,4.283,5.569
2974102.25,14484,0.117,4.138,4.255
2974108.44,14485,1.863,4.273,6.137
2974138.15,14483,0.113,3.824,3.937
2974142.13,14484,0.09,3.838,3.928
2974151.89,14485,0.744,7.634,8.378
2974152.73,14483,2.5,6.639,9.139
2974164.45,14484,0.103,4.106,4.209
2974193.7,14485,0.771,8.161,8.932
2974195.86,14483,0.132,7.233,7.365
2974212.76,14484,0.157,8.029,8.186
2974217.3,14485,0.109,4.018,4.127
2974223.41,14483,0.1,4.021,4.121
2974240.75,14484,1.713,4.276,5.988
2974278.76,14485,0.144,3.918,4.062
2974291.05,14483,0.098,4.404,4.501
2974346.17,14484,1.467,4.301,5.769
2974347.53,14485,0.088,4.195,4.283
2974365.47,14483,0.106,4.485,4.591
2974371.6,14485,0.09,4.802,4.892
2974377.49,14484,0.998,5.378,6.375
2974396.53,14483,0.088,8.741,8.828
2974396.86,14485,1.767,6.688,8.454
2974426.15,14484,0.09,4.235,4.325
2974448.11,14483,0.088,4.063,4.151
2974470.13,14485,0.092,3.985,4.077
2974486.47,14484,0.081,4.172,4.253
2974487.8,14483,0.088,4.476,4.564
2974494.61,14485,0.074,4.377,4.451
2974504.1,14484,0.095,4.206,4.301
2974508.83,14483,0.071,4.066,4.137
2974513.35,14485,0.076,4.292,4.368
2974518.42,14484,0.064,4.463,4.527
2974532.69,14483,0.1,4.495,4.594
2974542.81,14485,0.127,4.359,4.486
2974612.42,14484,0.175,6.048,6.223
2974622.93,14485,0.179,5.179,5.359
2974623.59,14483,1.611,8.433,10.044
2974626.71,14484,0.093,4.267,4.36
2974635.17,14485,1.873,4.061,5.934
2974644.23,14483,0.094,5.585,5.68
2974670.68,14484,0.231,4.469,4.7
2974675.04,14485,0.102,4.005,4.107
2974784.06,14484,0.139,4.076,4.215
2974834.34,14483,1.531,4.247,5.777
2974897.45,14485,0.166,6.143,6.309
2974918.85,14484,0.097,4.668,4.765
2975018.82,14483,0.221,4.055,4.276
2975044.64,14485,0.15,4.245,4.395
2975052.32,14484,0.126,5.096,5.222
2975082.87,14483,0.292,4.323,4.615
2975102.07,14485,0.08,4.319,4.399
2975155.81,14484,0.234,4.007,4.24
2975165.47,14483,0.083,4.037,4.121
2975172.28,14485,0.282,4.012,4.294
2975245.03,14484,1.39,6.277,7.667
2975252.06,14483,0.123,7.814,7.937
2975458.32,14485,0.207,8.051,8.258
2975458.59,14484,0.069,4.413,4.483
2975470.79,14483,0.104,4.271,4.375
2975531.1,14485,0.174,5.092,5.267
2975540.23,14484,0.176,4.702,4.878
2975558.72,14483,0.124,4.289,4.414
2975565.91,14485,0.145,4.312,4.457
2975638.81,14484,0.103,4.285,4.387
2975754.71,14483,0.179,4.863,5.042
2975800.05,14485,0.265,4.65,4.915
2975858.22,14484,1.344,4.02,5.364
2975918.4,14483,0.144,4.476,4.62
2975948.21,14485,0.122,4.018,4.14
2975956.7,14484,0.117,4.19,4.307
2976024.57,14483,0.174,4.616,4.79
2976034.78,14485,0.18,3.882,4.063
2976039.84,14484,0.285,4.253,4.538
2976070.65,14483,0.159,4.285,4.444
2976099.33,14485,0.336,10.356,10.693
2976115.69,14484,0.176,7.948,8.124
2976116.09,14483,0.798,6.883,7.681
2976119.69,14485,0.081,4.446,4.527
2976123.7,14484,0.071,3.941,4.012
2976147.65,14485,0.1,4.138,4.237
2976179.45,14483,0.17,3.936,4.106
2976222.09,14484,0.147,6.821,6.968
2976238.29,14485,0.086,6.135,6.221
2976239.31,14483,1.048,4.149,5.197
2976244.74,14484,0.089,4.53,4.62
2976248.92,14485,0.092,4.658,4.75
2976258.51,14483,0.085,9.177,9.262
2976258.78,14484,0.052,6.678,6.73
2976275.19,14485,0.106,3.989,4.095
2976289.64,14483,0.15,6.381,6.531
2976296.61,14484,0.118,4.006,4.124
2976299.42,14485,0.069,4.805,4.874
2976345.04,14483,0.485,4.219,4.705
2976360.17,14484,0.104,4.189,4.293
2976397.19,14485,0.097,4.601,4.698
2976417.89,14483,0.102,4.318,4.42
2976426.79,14484,0.15,4.291,4.441
2976447.46,14485,0.085,3.82,3.905
2976480.61,14483,0.096,4.277,4.373
2976485.34,14484,0.105,4.435,4.54
2976486.07,14485,0.059,4.167,4.226
2976526.84,14483,0.214,6.429,6.643
2976529.2,14484,1.057,6.033,7.09
2976571.97,14485,0.314,5.71,6.024
2976584.48,14483,1.601,5.942,7.543
2976597.05,14484,0.129,6.513,6.642
2976603.86,14485,0.095,6.294,6.389
2976624.42,14483,0.138,4.193,4.331
2976635.05,14484,0.088,5.445,5.533
2976639.27,14485,0.099,7.305,7.404
2976646.23,14483,1.309,4.061,5.37
2976660.07,14484,0.093,7.276,7.369
2976666.39,14485,1.691,6.039,7.73
2976670.93,14483,0.072,4.198,4.27
2976688.3,14484,0.088,4.404,4.491
2976693.23,14485,0.082,4.097,4.179
2976723.73,14483,0.098,3.97,4.069
2976757.54,14484,0.093,4.33,4.423
2976785.54,14485,0.134,4.241,4.375
2976806.09,14483,0.08,4.105,4.185
2976819.35,14484,0.088,4.544,4.632
2976848.21,14485,0.091,4.17,4.262
2976854.0,14483,1.572,3.826,5.398
2976882.23,14484,0.256,5.021,5.278
2976910.42,14485,0.177,4.937,5.113
2976926.36,14483,0.153,6.142,6.295
2976929.91,14484,0.101,4.695,4.795
2976947.45,14485,0.144,7.28,7.424
2976957.56,14483,2.249,4.399,6.647
2976964.17,14484,0.107,5.343,5.45
2976970.61,14483,1.874,4.149,6.023
2976974.09,14485,0.078,5.698,5.776
2976999.84,14484,0.415,4.734,5.149
2977004.58,14483,0.19,4.715,4.905
2977009.45,14485,0.102,6.37,6.471
2977013.35,14484,2.004,4.864,6.868
2977043.68,14483,0.197,4.198,4.395
2977053.37,14485,0.127,5.543,5.67
2977072.3,14484,0.179,8.412,8.59
2977085.04,14483,2.309,3.876,6.185
2977121.53,14485,0.162,4.084,4.246
2977128.73,14484,0.108,4.034,4.141
2977135.55,14483,0.11,4.309,4.419
2977139.68,14485,0.087,4.158,4.246
2977229.21,14483,0.18,3.997,4.178
2977257.94,14484,0.341,8.102,8.443
2977290.7,14485,0.154,4.21,4.364
2977312.62,14483,0.174,4.354,4.528
2977425.34,14484,0.216,4.033,4.25
2977433.98,14485,0.095,3.953,4.048
2977483.14,14483,0.159,5.031,5.19
2977522.39,14484,0.2,4.08,4.28
2977535.33,14485,0.197,4.75,4.947
2977625.71,14483,0.645,11.973,12.617
2977738.02,14484,0.124,3.997,4.121
2977747.18,14485,0.098,3.974,4.071
2977763.97,14483,0.112,3.97,4.081
2977786.96,14484,0.177,3.9,4.077
2977878.51,14485,0.12,4.266,4.386
2978044.16,14483,0.263,6.417,6.681
2978045.78,14484,0.18,6.138,6.318
2978271.59,14485,0.298,5.211,5.509
2978288.52,14483,2.085,4.134,6.219
2978372.48,14484,0.136,4.065,4.201
2978389.8,14485,0.191,3.874,4.065
2978408.57,14483,1.434,4.049,5.483
2978418.35,14484,0.103,4.004,4.107
2978438.9,14485,0.101,4.171,4.272
2978443.65,14483,0.066,3.996,4.062
2978455.36,14484,0.071,4.16,4.23
2978465.2,14485,0.147,3.956,4.102
2978503.05,14483,0.113,4.032,4.145
2978504.3,14484,0.092,4.283,4.375
2978542.89,14485,0.243,4.461,4.704
2978549.32,14483,3.057,4.171,7.228
2978554.22,14484,0.131,4.095,4.226
2978567.48,14485,0.154,5.555,5.71
2978577.83,14483,0.159,5.483,5.642
2978582.04,14484,0.093,4.167,4.26
2978584.52,14485,0.352,4.077,4.429
2978605.9,14483,0.154,4.276,4.43
2978637.42,14484,0.216,3.969,4.185
2978688.76,14485,0.141,3.87,4.011
2978693.14,14483,1.006,4.058,5.064
2978704.33,14484,0.222,3.982,4.204
2978744.92,14485,0.242,7.37,7.612
2978746.23,14483,0.126,6.718,6.844
2978754.07,14484,0.498,5.239,5.737
2978859.89,14485,0.461,8.148,8.609
2978914.74,14483,0.25,4.107,4.357
2978928.16,14484,0.201,4.948,5.149
2978960.86,14485,0.149,5.355,5.504
2978985.76,14483,0.093,4.023,4.116
2978998.36,14484,1.08,4.222,5.302
2979002.84,14485,0.103,4.198,4.301
2979009.83,14483,0.064,4.098,4.162
2979016.27,14484,0.106,3.994,4.1
2979020.76,14485,0.175,4.134,4.309
2979071.47,14483,0.149,8.92,9.069
2979072.4,14484,3.609,6.239,9.848
2979076.27,14485,5.215,4.676,9.891
2979097.41,14484,2.11,4.319,6.43
2979101.45,14483,1.296,4.361,5.657
2979105.3,14484,2.108,3.963,6.072
2979115.8,14483,0.071,4.013,4.083
2979151.04,14485,0.189,5.413,5.602
2979157.95,14484,0.088,5.016,5.104
2979159.78,14483,0.164,4.791,4.955
2979175.1,14485,0.204,7.641,7.845
2979198.24,14484,2.361,5.145,7.506
2979229.91,14483,0.168,4.256,4.424
2979241.55,14485,0.142,4.304,4.446
2979249.99,14484,0.084,4.348,4.432
2979281.2,14483,0.164,8.77,8.934
2979291.73,14485,1.992,5.814,7.805
2979291.77,14484,0.073,4.101,4.174
2979298.11,14483,0.068,3.934,4.002
2979308.67,14484,0.079,4.281,4.359
2979312.52,14485,0.193,4.157,4.351
2979344.86,14484,0.134,4.021,4.155
2979357.45,14483,0.112,5.105,5.216
2979405.61,14485,0.144,4.01,4.154
2979468.69,14483,0.067,4.452,4.519
2979468.88,14484,0.192,8.014,8.206
2979486.98,14485,0.118,4.052,4.17
2979497.62,14483,0.084,4.149,4.233
2979507.07,14484,0.066,4.041,4.107
2979537.46,14485,0.095,4.263,4.358
2979570.21,14483,0.082,4.02,4.102
2979579.47,14484,0.094,4.379,4.472
2979595.54,14485,0.094,4.303,4.397
2979617.21,14483,0.148,4.098,4.246
2979661.65,14484,0.161,4.086,4.247
2979671.22,14485,2.023,4.052,6.075
2979677.92,14483,0.084,3.957,4.041
2979700.85,14484,0.106,4.01,4.116
2979754.45,14485,2.036,4.351,6.386
2979758.48,14483,0.081,3.952,4.033
2979763.88,14485,0.08,3.936,4.017
2979768.55,14484,0.062,4.013,4.075
2979791.72,14483,0.093,4.533,4.627
2979804.53,14485,0.162,3.978,4.139
2979816.01,14484,0.13,4.484,4.614
2979817.27,14483,0.128,4.314,4.442
2979824.96,14485,0.09,4.566,4.657
2979831.2,14484,0.095,6.211,6.305
2979832.16,14485,0.077,5.02,5.097
2979867.24,14483,0.094,4.069,4.163
2979869.75,14484,0.089,4.143,4.231
2979892.27,14485,0.136,4.024,4.159
2979912.33,14483,0.118,5.226,5.344
2979940.44,14484,0.744,11.681,12.425
2979952.31,14485,1.396,3.865,5.261
2979958.58,14483,1.431,4.47,5.901
2979992.4,14483,1.243,4.098,5.34
2979994.37,14484,0.099,8.168,8.267
2979994.54,14485,1.325,6.333,7.658
2979999.56,14483,0.069,4.004,4.073
2980016.16,14484,0.201,3.986,4.186
2980030.72,14485,0.192,5.173,5.364
2980060.04,14483,0.258,9.388,9.646
2980078.26,14484,2.253,4.167,6.42
2980082.74,14485,0.233,4.176,4.409
2980085.2,14483,0.081,4.002,4.083
2980088.17,14484,0.079,4.05,4.129
2980113.69,14485,0.096,3.961,4.057
2980131.61,14483,0.12,4.477,4.597
2980142.68,14484,0.193,4.377,4.57
2980173.18,14485,0.443,9.993,10.436
2980229.54,14483,1.337,3.991,5.328
2980248.59,14484,0.227,4.337,4.563
2980266.88,14485,0.17,4.015,4.185
2980296.65,14483,3.371,6.165,9.536
2980319.39,14484,0.971,4.187,5.157
2980383.62,14485,0.143,4.289,4.432
2980402.66,14484,0.236,4.181,4.417
2980402.82,14483,0.106,4.323,4.429
2980408.06,14485,0.065,4.417,4.483
2980464.15,14484,0.193,4.462,4.655
2980467.16,14483,0.134,4.887,5.021
2980486.38,14485,0.096,4.495,4.592
2980491.14,14484,0.074,4.208,4.282
2980502.37,14483,0.142,4.304,4.446
2980521.59,14485,0.08,4.348,4.428
2980544.42,14484,0.084,4.027,4.111
2980549.0,14483,2.082,4.845,6.927
2980612.58,14484,0.177,6.692,6.869
2980677.8,14485,0.138,3.959,4.097
2980715.18,14483,2.355,3.8,6.154
2980747.14,14484,2.351,5.979,8.329
2980749.5,14485,0.061,4.166,4.228
2980754.05,14483,0.106,4.007,4.113
2980831.78,14484,0.659,4.344,5.003
2980845.3,14485,0.114,3.958,4.072
2980890.34,14483,0.084,4.137,4.222
2980951.92,14484,0.083,5.079,5.162
2981101.45,14485,0.139,4.041,4.18
2981112.51,14483,0.105,4.397,4.502
2981166.78,14484,0.114,4.363,4.477
2981205.92,14485,1.459,5.517,6.975
2981215.05,14483,0.155,5.907,6.062
2981515.05,14484,1.069,4.396,5.465
2981659.46,14485,0.155,3.992,4.147
2981683.59,14483,0.341,4.003,4.344
2981808.75,14484,0.192,4.299,4.492
2981811.78,14485,0.114,4.532,4.646
2981856.21,14483,0.189,3.973,4.162
2981927.58,14484,0.121,4.187,4.308
2981966.06,14485,1.446,3.898,5.344
2982025.06,14483,0.136,3.863,3.998
2982052.71,14484,0.114,3.989,4.103
2982176.28,14485,0.137,4.652,4.79
2982242.73,14483,1.202,4.146,5.348
2982318.18,14484,0.174,5.02,5.194
2982340.4,14485,0.111,4.066,4.177
2982360.52,14483,0.102,4.251,4.353
2982403.25,14484,0.116,4.079,4.195
2982405.18,14485,0.145,4.203,4.347
2982410.77,14483,0.082,4.297,4.379
2982419.23,14484,0.141,4.821,4.962
2982460.57,14485,0.176,4.318,4.495
2982513.93,14483,0.118,4.118,4.236
2982607.42,14484,0.165,4.042,4.207
2982691.12,14485,0.144,4.281,4.425
2982709.32,14483,0.106,4.296,4.402
2982729.05,14484,1.838,4.142,5.98
2982836.96,14485,0.128,3.896,4.024
2983010.43,14483,0.131,4.588,4.719
2983024.88,14484,1.095,5.837,6.932
2983041.43,14483,0.077,4.511,4.588
2983041.84,14485,0.117,5.493,5.61
2983064.92,14484,0.159,4.014,4.173
2983132.05,14483,0.112,3.925,4.037
2983152.44,14485,0.112,4.098,4.21
2983159.95,14484,0.088,4.201,4.289
2983161.96,14483,0.094,4.356,4.45
2983166.99,14485,0.076,3.855,3.931
2983175.38,14484,1.424,4.037,5.461
2983232.3,14483,3.353,4.056,7.409
2983235.18,14485,0.081,4.219,4.3
2983239.66,14483,0.086,4.124,4.21
2983288.19,14484,0.103,4.01,4.113
2983295.91,14485,0.107,3.948,4.055
2983337.15,14483,1.046,5.995,7.041
2983340.04,14484,0.096,4.276,4.372
2983354.53,14485,0.088,4.142,4.229
2983370.97,14483,0.083,4.135,4.219
2983399.88,14484,0.098,4.352,4.45
2983407.09,14485,0.095,4.269,4.364
2983416.23,14483,0.101,4.259,4.36
2983420.2,14484,0.085,5.717,5.802
2983457.86,14485,0.087,4.036,4.123
2983463.28,14483,0.171,4.235,4.405
2983469.7,14484,0.069,4.018,4.087
2983505.75,14485,0.097,4.657,4.754
2983523.64,14483,0.084,3.909,3.993
2983559.45,14484,0.148,4.835,4.983
2983576.38,14485,0.158,4.223,4.38
2983592.09,14483,0.111,3.993,4.105
2983602.96,14484,0.117,3.897,4.015
2983645.05,14485,0.222,4.218,4.44
2983660.4,14483,2.488,6.236,8.724
2983660.73,14484,0.153,5.582,5.735
2983674.0,14485,0.158,4.867,5.026
2983684.99,14483,1.761,4.131,5.892
2983702.79,14484,0.108,3.856,3.964
2983722.59,14483,0.108,4.313,4.421
2983723.15,14485,0.17,8.729,8.898
2983777.81,14484,0.096,3.918,4.013
2983780.87,14483,0.061,4.106,4.167
2983785.44,14485,0.075,4.221,4.295
2983793.71,14484,0.092,4.125,4.217
2983799.58,14483,0.102,4.428,4.53
2983866.45,14484,0.085,5.304,5.389
2983866.66,14485,0.119,7.718,7.837
2983872.09,14483,3.474,3.973,7.447
2983944.04,14484,0.349,3.983,4.332
2983946.9,14485,2.642,4.241,6.883
2983949.13,14483,0.083,4.342,4.425
2983958.61,14484,0.061,5.351,5.412
2983970.65,14485,0.078,4.186,4.264
2983977.94,14483,0.067,4.105,4.171
2983999.41,14484,0.1,4.212,4.312
2984003.93,14485,0.098,3.85,3.948
2984013.6,14483,0.646,4.257,4.902
2984020.78,14484,1.408,4.311,5.719
2984065.14,14485,0.305,4.116,4.421
2984093.44,14483,0.099,4.22,4.318
2984121.75,14484,0.084,4.553,4.638
2984150.08,14485,0.088,4.502,4.59
2984209.04,14483,0.157,3.903,4.06
2984307.21,14484,0.099,6.04,6.14
2984371.45,14485,1.719,4.531,6.25
2984388.29,14483,0.775,4.168,4.944
2984392.11,14484,0.119,4.913,5.032
2984416.5,14485,0.381,4.529,4.91
2984421.23,14483,0.4,4.466,4.866
2984461.11,14485,0.201,4.19,4.391
2984461.4,14484,0.873,4.478,5.35
2984486.68,14483,0.199,4.062,4.26
2984499.67,14485,0.497,4.009,4.506
2984508.28,14484,0.091,4.197,4.288
2984512.76,14483,1.517,4.01,5.528
2984522.48,14484,0.1,4.368,4.468
2984556.04,14485,2.202,4.107,6.309
2984561.35,14483,0.745,4.074,4.819
2984589.95,14484,0.22,4.55,4.77
2984625.48,14485,0.15,4.04,4.191
2984632.47,14483,0.094,4.561,4.655
2984670.57,14484,1.468,4.004,5.472
2984679.6,14485,0.313,4.237,4.55
2984720.53,14483,0.19,4.105,4.295
2984722.12,14484,0.123,4.523,4.645
2984739.85,14485,0.126,4.064,4.19
2984742.03,14483,0.103,4.287,4.39
2984747.91,14485,0.133,4.203,4.336
2984748.1,14484,0.275,6.925,7.2
2984778.51,14483,0.11,4.275,4.386
2984848.25,14485,0.106,4.345,4.451
2984867.34,14484,0.105,3.889,3.995
2984871.8,14483,1.782,4.553,6.335
2984907.06,14484,0.091,4.954,5.045
2984919.04,14485,0.085,4.251,4.336
2984929.09,14483,0.088,3.979,4.067
2984933.27,14484,0.113,3.908,4.021
2984977.95,14485,0.125,4.949,5.074
2985021.9,14483,0.121,4.086,4.207
2985034.58,14484,0.172,4.445,4.617
2985044.19,14485,1.813,4.099,5.912
2985131.3,14483,0.833,4.147,4.98
2985134.14,14484,0.076,4.171,4.247
2985157.34,14485,0.361,4.176,4.537
2985212.78,14483,0.102,3.816,3.918
2985220.84,14484,0.075,5.395,5.471
2985224.38,14485,0.117,4.008,4.125
2985239.27,14483,0.139,4.171,4.31
2985242.45,14484,0.06,4.122,4.182
2985253.81,14485,0.096,4.18,4.276
2985300.96,14483,0.087,3.984,4.071
2985309.57,14484,0.077,5.913,5.991
2985335.71,14483,0.132,5.723,5.855
2985336.21,14485,0.092,8.646,8.738
2985343.63,14484,0.09,6.162,6.252
2985350.48,14483,1.394,4.396,5.789
2985370.58,14485,0.926,4.295,5.221
2985377.68,14484,0.079,4.487,4.566
2985391.37,14483,0.087,4.327,4.414
2985416.35,14485,0.112,4.246,4.358
2985468.52,14484,0.135,4.285,4.419
2985637.85,14483,0.609,4.266,4.875
2985658.03,14485,0.251,4.385,4.636
2985665.93,14484,0.132,4.13,4.262
2985670.97,14483,0.165,4.545,4.711
2985711.78,14485,0.115,6.147,6.262
2985716.03,14484,0.078,4.81,4.888
2985731.88,14483,0.103,6.115,6.218
2985837.29,14485,0.264,3.886,4.15
2985844.26,14484,0.182,4.103,4.285
2985963.5,14483,0.152,4.058,4.21
2985985.03,14485,0.121,4.119,4.24
2986004.15,14484,2.182,3.88,6.062
2986013.58,14483,0.16,3.909,4.069
2986032.66,14485,0.083,6.166,6.249
2986053.83,14484,0.125,4.261,4.385
2986067.59,14483,1.241,4.078,5.319
2986100.59,14485,2.295,4.38,6.674
2986173.11,14484,1.379,3.925,5.304
2986300.79,14483,0.145,4.366,4.511
2986322.4,14485,0.119,3.843,3.962
2986326.99,14484,0.176,4.15,4.326
2986489.5,14483,0.138,4.103,4.24
2986524.19,14485,0.129,4.034,4.163
2986545.63,14484,0.152,4.093,4.245
2986574.39,14483,0.094,3.983,4.078
2986607.05,14485,0.108,6.147,6.255
2986624.99,14484,0.151,5.648,5.799
2986716.84,14483,0.173,4.016,4.189
2986822.79,14485,0.157,4.022,4.179
2986987.65,14484,0.184,4.908,5.092
2987092.85,14483,0.164,4.128,4.291
2987164.11,14485,0.123,4.571,4.693
2987170.93,14484,0.108,4.102,4.21
2987216.48,14483,0.716,3.904,4.62
2987379.51,14485,0.134,5.288,5.422
2987409.73,14484,0.104,4.242,4.347
2987664.91,14483,0.191,3.931,4.122
2987689.0,14485,0.14,4.545,4.685
2987969.68,14484,0.293,4.283,4.576
2987985.33,14483,0.134,3.85,3.984
2988052.91,14485,0.185,4.225,4.411
2988090.23,14484,1.543,4.086,5.629
2988101.47,14483,0.114,4.09,4.205
2988143.36,14485,0.145,6.165,6.31
2988198.37,14484,1.179,4.064,5.243
2988239.2,14483,0.158,4.313,4.471
2988292.36,14485,0.111,7.557,7.668
2988293.44,14484,0.07,5.738,5.807
2988410.52,14483,2.189,6.141,8.331
2988461.25,14485,0.262,5.36,5.622
2988470.11,14484,0.15,5.211,5.361
2988513.48,14483,0.193,4.382,4.575
2988533.68,14485,0.117,4.645,4.761
2988633.86,14484,0.526,4.888,5.414
2988648.87,14483,0.149,4.308,4.457
2988682.1,14485,0.805,4.127,4.932
2988758.67,14484,0.119,4.005,4.125
2988839.47,14483,0.192,4.252,4.443
2988998.33,14485,1.793,4.189,5.982
2989001.93,14484,0.144,4.274,4.418
2989124.06,14483,0.107,3.956,4.063
2989131.7,14485,0.101,4.069,4.17
2989156.7,14484,0.089,4.249,4.337
2989200.67,14483,0.167,4.367,4.534
2989204.73,14485,0.129,3.951,4.08
2989278.45,14484,0.108,4.763,4.871
2989385.4,14483,0.135,6.445,6.58
2989514.92,14485,0.168,4.237,4.405
2989631.53,14484,0.181,4.211,4.392
2989704.31,14483,0.216,3.908,4.123
2989714.52,14485,0.12,4.095,4.215
2989793.65,14484,0.276,4.456,4.732
2989935.29,14483,0.229,4.147,4.375
2989979.4,14485,0.112,4.149,4.261
2990087.81,14484,0.185,4.638,4.823
2990157.39,14483,0.111,4.391,4.502
2990160.94,14485,0.098,4.28,4.379
2990178.37,14483,0.104,3.986,4.089
2990289.83,14484,0.173,4.235,4.408
2990294.92,14485,0.095,4.054,4.148
2990326.46,14483,0.114,4.443,4.557
2990347.29,14484,0.127,4.069,4.196
2990357.64,14485,0.116,4.213,4.329
2990384.82,14483,0.142,5.838,5.98
2990398.33,14484,0.126,6.119,6.244
2990403.56,14485,0.096,3.972,4.068
2990419.97,14483,1.163,4.447,5.61
2990458.68,14485,0.083,7.42,7.503
2990458.78,14484,0.249,9.173,9.422
2990472.33,14483,0.109,3.889,3.998
2990481.81,14485,0.087,4.731,4.817
2990579.27,14484,0.132,4.486,4.618
2990582.86,14483,0.208,4.374,4.582
2990616.52,14485,0.117,5.848,5.965
2990622.87,14484,0.41,4.362,4.772
2990626.98,14483,0.083,4.005,4.088
2990651.94,14484,0.084,4.22,4.305
2990684.96,14485,0.092,4.193,4.285
2990742.84,14483,0.202,5.353,5.556
2990756.97,14484,1.353,5.122,6.475
2990800.23,14485,0.236,5.073,5.309
2990801.4,14483,0.083,4.096,4.179
2990824.24,14484,1.539,3.966,5.506
2990858.31,14485,0.173,4.069,4.243
2990870.07,14483,0.14,6.308,6.448
2990886.29,14484,0.116,4.254,4.37
2990919.45,14485,0.151,7.029,7.179
2990920.92,14483,0.065,4.642,4.706
2990927.33,14484,0.07,4.951,5.021
2990956.82,14485,0.074,4.075,4.15
2990971.22,14483,0.118,4.14,4.258
2990986.44,14484,0.077,6.057,6.134
2991018.75,14483,0.083,4.08,4.162
2991019.4,14485,1.082,6.17,7.252
2991035.87,14484,0.076,5.745,5.821
2991037.62,14483,0.073,4.163,4.236
2991050.21,14485,2.483,4.101,6.584
2991052.3,14484,0.055,4.171,4.226
2991065.61,14483,0.137,4.015,4.152
2991103.63,14485,0.117,3.926,4.043
2991133.51,14484,0.962,6.279,7.242
2991165.04,14483,0.106,5.139,5.245
2991209.33,14485,0.098,4.285,4.383
2991213.68,14484,0.076,4.103,4.179
2991231.95,14483,0.102,4.322,4.424
2991236.1,14485,0.072,4.167,4.239
2991240.95,14484,0.063,4.513,4.576
2991258.94,14483,0.121,4.604,4.725
2991288.72,14485,0.102,4.102,4.205
2991308.03,14484,0.143,4.05,4.193
2991312.03,14483,0.072,3.958,4.029
2991330.76,14484,2.218,5.547,7.765
2991354.3,14485,0.094,5.16,5.254
2991370.68,14483,0.105,4.416,4.521
2991385.39,14484,0.103,4.163,4.266
2991396.8,14485,0.105,4.62,4.725
2991436.31,14483,0.099,4.13,4.229
2991440.8,14484,0.073,4.08,4.154
2991445.48,14485,0.102,4.19,4.291
2991458.06,14483,0.104,3.93,4.035
2991462.99,14484,0.064,4.331,4.395
2991477.69,14485,0.113,3.89,4.003
2991485.06,14483,0.084,4.583,4.667
2991526.74,14484,0.179,3.807,3.986
2991537.9,14485,0.096,4.098,4.194
2991543.43,14484,0.18,4.187,4.368
2991545.94,14483,0.066,9.399,9.465
2991548.57,14485,2.298,5.293,7.59
2991566.5,14484,0.085,4.348,4.433
2991567.52,14483,0.059,4.193,4.252
2991653.31,14485,1.532,4.045,5.577
2991663.06,14484,0.088,4.3,4.388
2991677.98,14483,0.232,6.277,6.509
2991686.55,14485,0.139,6.134,6.273
2991708.42,14484,0.196,4.978,5.174
2991717.94,14483,0.188,7.984,8.172
2991744.22,14485,0.219,3.92,4.139
2991750.56,14484,0.086,4.268,4.353
2991774.66,14483,0.101,4.683,4.785
2991785.03,14485,0.15,6.002,6.152
2991793.18,14484,0.086,4.014,4.101
2991824.97,14483,0.089,4.179,4.267
2991838.78,14485,0.104,6.016,6.121
2991839.43,14484,0.083,4.287,4.369
2991859.43,14483,0.082,4.211,4.293
2991873.6,14485,0.104,4.291,4.395
2991911.51,14484,0.251,4.623,4.874
2991921.67,14483,0.104,4.409,4.513
2991932.89,14485,0.093,4.049,4.142
2991947.06,14484,0.078,4.048,4.127
2991984.95,14483,0.404,7.104,7.508
2992006.58,14485,0.252,3.881,4.133
2992033.31,14484,0.119,4.015,4.134
2992069.41,14483,0.205,6.026,6.231
2992071.75,14485,1.056,4.609,5.664
2992074.36,14484,0.065,4.097,4.161
2992133.79,14483,0.096,4.114,4.21
2992138.25,14485,0.086,4.046,4.132
2992149.33,14484,0.917,4.179,5.095
2992165.85,14483,0.08,4.262,4.341
2992240.85,14485,0.189,11.701,11.889
2992248.19,14484,1.161,14.921,16.081
2992251.0,14483,0.084,8.768,8.852
2992253.85,14485,0.061,8.356,8.416
2992330.95,14484,0.3,8.135,8.435
2992430.67,14483,2.251,8.105,10.355
2992430.88,14485,0.112,4.513,4.625
2992505.29,14484,0.132,4.077,4.209
2992511.75,14483,0.087,5.268,5.355
2992546.31,14485,0.137,4.322,4.458
2992615.94,14484,0.129,4.213,4.342
2992699.86,14483,0.268,4.44,4.708
2992772.96,14485,0.294,4.097,4.391
2992829.44,14484,0.397,6.922,7.319
2992844.41,14483,0.136,4.16,4.296
2992905.8,14484,0.211,7.037,7.249
2992906.33,14485,0.294,8.081,8.375
2993048.85,14483,1.06,4.55,5.61
2993062.35,14484,0.108,4.123,4.231
2993210.88,14485,0.129,4.936,5.064
2993334.43,14483,0.266,3.964,4.23
2993390.09,14484,0.124,4.265,4.39
2993426.34,14485,3.251,5.95,9.201
2993495.82,14483,1.304,4.499,5.803
2993510.02,14484,0.113,3.942,4.055
2993547.09,14485,0.158,3.928,4.086
2993621.19,14483,0.302,4.809,5.111
2993889.47,14484,0.136,4.202,4.338
2993902.76,14485,0.103,4.143,4.247
2993924.2,14483,0.131,4.258,4.389
2993925.58,14484,0.09,4.113,4.203
2993932.64,14485,0.142,4.131,4.273
2994009.49,14483,0.156,4.119,4.275
2994019.44,14484,0.981,4.168,5.149
2994065.56,14485,0.114,4.047,4.161
2994146.91,14483,0.206,4.104,4.31
2994179.25,14484,0.098,4.315,4.414
2994225.08,14485,0.131,7.232,7.363
2994225.26,14483,1.84,6.091,7.93
2994348.56,14484,1.885,4.391,6.275
2994361.77,14483,0.106,4.485,4.59
2994460.42,14485,0.16,4.292,4.452
2994489.03,14484,0.145,3.917,4.063
2994501.99,14483,0.173,4.485,4.658
2994564.41,14485,0.17,8.554,8.723
2994564.72,14484,0.111,5.32,5.43
2994575.44,14483,0.169,4.191,4.36
2994586.05,14485,0.079,4.035,4.114
2994590.11,14484,0.057,4.115,4.172
2994599.75,14483,0.086,4.562,4.648
2994604.04,14485,0.062,3.935,3.998
2994618.2,14484,0.074,4.067,4.141
2994624.35,14483,0.078,6.195,6.273
2994642.58,14484,0.079,8.119,8.198
2994642.85,14485,0.087,6.529,6.616
2994650.1,14483,0.083,6.036,6.119
2994658.64,14484,0.082,4.142,4.224
2994693.36,14485,0.117,3.932,4.049
2994747.43,14483,0.193,4.054,4.247
2994768.76,14484,0.111,4.133,4.245
2994772.9,14485,0.147,3.888,4.035
2994778.18,14483,0.128,4.174,4.302
2994792.31,14484,1.405,8.114,9.519
2994792.59,14485,0.087,4.399,4.486
2994810.74,14483,0.191,4.207,4.398
2994821.73,14484,1.413,4.413,5.826
2994842.01,14485,0.119,3.879,3.999
2994882.81,14483,1.078,4.185,5.263
2994894.86,14484,0.098,4.289,4.388
2994931.78,14485,0.092,4.141,4.233
2994951.29,14483,0.1,4.055,4.155
2994966.32,14484,0.095,4.024,4.119
2994977.93,14485,0.136,4.097,4.234
2994983.09,14483,2.259,5.259,7.518
2994989.23,14484,0.072,4.314,4.386
2994993.55,14485,0.057,3.996,4.052
2995013.94,14483,0.148,4.115,4.263
2995018.56,14484,0.092,4.297,4.389
2995019.97,14485,0.085,4.505,4.59
2995043.2,14483,0.175,4.057,4.232
2995082.33,14484,0.252,3.846,4.098
2995094.18,14485,0.077,3.835,3.912
2995111.52,14483,1.731,4.436,6.166
2995149.89,14484,0.172,3.984,4.155
2995179.3,14485,2.024,4.134,6.158
2995184.44,14483,0.077,4.447,4.524
2995212.31,14484,0.078,4.161,4.239
2995219.96,14485,0.093,3.993,4.086
2995224.37,14483,1.471,4.038,5.509
2995241.14,14484,0.128,4.002,4.129
2995245.52,14485,0.08,4.007,4.087
2995254.43,14483,0.102,4.145,4.247
2995265.15,14484,0.089,4.311,4.4
2995269.14,14485,0.703,4.025,4.728
2995274.46,14483,0.076,4.06,4.136
2995297.1,14484,0.089,4.106,4.195
2995299.21,14485,1.222,4.026,5.248
2995314.49,14483,0.15,4.159,4.309
2995354.65,14484,0.154,4.247,4.401
2995370.03,14485,0.135,6.138,6.273
2995370.85,14483,0.889,5.653,6.542
2995376.25,14484,0.129,4.131,4.26
2995388.65,14485,0.078,3.999,4.077
2995398.92,14483,0.055,8.087,8.142
2995403.05,14484,1.636,6.098,7.735
2995404.62,14485,0.071,5.2,5.271
2995430.29,14484,1.049,6.169,7.218
2995430.43,14483,0.095,8.098,8.193
2995439.07,14485,1.533,4.873,6.407
2995469.07,14483,1.705,6.499,8.203
2995473.08,14484,1.418,6.287,7.705
2995510.41,14483,0.118,4.008,4.126
2995515.37,14485,0.129,4.567,4.696
2995530.56,14484,0.118,4.555,4.673
2995561.33,14483,0.1,4.167,4.266
2995571.53,14485,0.09,9.044,9.134
2995573.23,14484,0.115,9.143,9.259
2995582.32,14483,0.1,6.227,6.327
2995596.92,14485,0.118,4.646,4.764
2995612.05,14484,0.149,6.618,6.768
2995612.99,14483,0.158,6.685,6.843
2995628.44,14485,0.12,4.698,4.818
2995677.52,14484,0.285,6.368,6.652
2995692.24,14483,0.138,5.952,6.09
2995715.85,14485,0.281,5.447,5.727
2995724.46,14484,0.222,4.106,4.328
2995736.16,14483,0.164,4.171,4.335
2995748.85,14485,0.174,6.145,6.319
2995751.67,14484,1.359,5.12,6.479
2995755.96,14483,1.23,4.139,5.37
2995758.23,14485,0.101,4.293,4.394
2995769.02,14484,0.163,4.312,4.475
2995813.48,14483,0.202,3.961,4.163
2995827.55,14485,2.113,4.416,6.529
2995837.18,14484,0.09,3.824,3.914
2995861.26,14483,0.107,4.127,4.235
2995862.61,14485,0.07,4.139,4.209
2995875.87,14484,0.182,4.308,4.49
2995882.46,14483,0.127,3.938,4.065
2995890.34,14485,0.105,4.393,4.498
2995896.8,14484,0.151,3.962,4.113
2995916.59,14483,0.079,5.867,5.946
2995937.44,14485,0.124,5.983,6.107
2995948.08,14483,0.592,5.892,6.484
2995948.19,14484,4.143,6.125,10.267
2995956.19,14485,0.103,4.089,4.193
2995982.87,14483,0.188,4.06,4.249
2996020.51,14484,0.106,4.185,4.29
2996035.98,14485,0.095,3.943,4.038
2996051.28,14483,0.328,4.075,4.403
2996088.83,14484,0.207,3.953,4.16
2996140.87,14485,0.158,4.717,4.875
2996163.24,14483,0.13,4.171,4.301
2996174.37,14484,0.095,4.11,4.204
2996176.27,14485,0.075,3.879,3.954
2996180.76,14483,0.066,4.094,4.161
2996192.37,14484,0.263,4.039,4.302
2996202.19,14485,0.103,4.15,4.252
2996215.56,14483,0.138,4.08,4.218
2996256.3,14484,0.736,5.89,6.626
2996262.08,14485,0.096,3.922,4.018
2996289.88,14484,0.088,6.173,6.262
2996290.01,14483,0.309,8.398,8.707
2996291.26,14485,0.117,6.049,6.166
2996309.72,14484,0.078,4.058,4.136
2996335.09,14483,0.106,4.499,4.606
2996350.56,14485,0.094,4.999,5.094
2996365.48,14484,0.302,3.958,4.26
2996397.94,14483,0.259,4.289,4.548
2996433.07,14485,0.183,6.541,6.724
2996438.17,14484,0.775,4.006,4.781
2996449.15,14483,0.701,4.509,5.21
2996474.08,14485,2.987,6.753,9.739
2996474.84,14484,3.176,3.961,7.137
2996493.66,14483,0.101,3.896,3.997
2996522.81,14485,0.133,3.844,3.978
2996532.99,14484,0.143,6.469,6.612
2996566.67,14483,0.355,4.081,4.436
2996581.3,14485,0.108,4.18,4.287
2996630.92,14484,0.167,4.343,4.511
2996645.9,14483,0.265,4.168,4.433
2996651.25,14485,0.126,3.81,3.936
2996763.7,14484,0.347,4.064,4.411
2996787.53,14483,0.127,4.139,4.267
2996861.35,14485,0.15,3.955,4.105
2996867.75,14484,0.087,4.154,4.241
2996872.46,14483,0.077,3.959,4.036
2996912.03,14485,0.245,4.354,4.6
2997012.23,14484,0.192,4.194,4.386
2997124.44,14483,0.164,3.889,4.053
2997190.54,14485,0.133,4.139,4.272
2997194.82,14484,4.095,3.919,8.014
2997289.25,14483,0.307,4.152,4.459
2997347.23,14485,0.131,4.031,4.162
2997385.17,14484,0.147,4.109,4.255
2997393.68,14483,0.083,6.268,6.351
2997395.63,14484,0.843,4.473,5.316
2997396.03,14485,3.174,4.831,8.005
2997520.97,14483,0.446,4.385,4.832
2997524.38,14484,0.958,4.028,4.986
2997591.37,14485,0.358,5.187,5.545
2997816.85,14483,1.178,3.881,5.059
2997853.21,14484,0.168,4.404,4.572
2997875.12,14485,0.098,3.938,4.036
2997908.86,14483,0.163,3.965,4.128
2998039.34,14484,0.169,5.91,6.079
2998159.62,14485,1.017,4.1,5.117
2998202.37,14483,0.174,4.119,4.293
2998214.99,14484,0.18,5.337,5.517
2998235.96,14485,0.125,4.72,4.845
2998296.69,14483,0.163,3.927,4.09
2998301.28,14484,0.121,4.338,4.458
2998302.5,14485,0.064,4.211,4.275
2998434.95,14483,2.134,3.805,5.939
2998674.7,14484,0.231,4.068,4.299
2998759.26,14485,1.21,4.816,6.026
2998765.29,14483,0.111,4.512,4.623
2998850.94,14484,0.123,3.881,4.004
2998985.03,14485,0.138,4.21,4.349
2999005.08,14483,0.109,3.903,4.013
2999011.61,14484,0.095,4.107,4.203
2999031.01,14485,0.195,3.877,4.072
2999045.08,14483,0.16,4.599,4.758
2999067.89,14484,0.159,5.006,5.165
2999074.81,14485,0.084,3.851,3.935
2999083.46,14483,0.075,5.849,5.924
2999118.69,14484,0.263,4.263,4.527
2999125.48,14485,0.15,6.096,6.246
2999126.79,14483,0.062,4.311,4.373
2999158.39,14484,2.173,4.16,6.333
2999224.85,14485,0.21,3.939,4.15
2999284.86,14483,0.108,4.49,4.598
2999289.18,14484,0.092,3.944,4.036
2999374.76,14483,0.069,4.35,4.42
2999375.86,14485,0.131,5.423,5.554
2999420.02,14484,0.189,4.236,4.425
2999504.43,14483,0.141,6.289,6.431
2999505.43,14485,0.11,5.238,5.348
2999513.53,14484,0.147,4.063,4.21
2999528.03,14483,0.091,4.117,4.208
2999532.9,14485,0.116,4.146,4.262
2999546.07,14484,0.114,3.879,3.993
2999570.83,14483,0.102,4.291,4.393
2999575.97,14485,0.196,4.548,4.744
2999598.14,14484,0.18,4.493,4.674
2999606.95,14483,0.253,4.176,4.429
2999625.35,14485,0.09,4.171,4.261
2999631.85,14484,0.08,4.161,4.241
2999635.41,14483,0.08,5.103,5.183
2999640.55,14485,0.07,4.13,4.201
2999669.72,14484,0.088,4.226,4.315
2999678.99,14483,0.089,4.105,4.194
2999687.8,14485,0.105,4.287,4.391
2999693.27,14484,0.083,4.007,4.09
2999710.99,14483,0.089,4.469,4.558
2999728.01,14485,0.834,4.226,5.06
2999761.64,14484,0.086,4.075,4.161
2999821.45,14483,0.397,5.25,5.646
2999830.79,14485,0.254,4.611,4.865
2999844.05,14484,0.122,4.195,4.316
2999845.58,14483,0.113,4.641,4.755
2999892.62,14485,0.193,4.34,4.534
2999906.23,14484,0.752,6.071,6.823
2999912.57,14483,0.099,4.043,4.143
2999918.91,14485,0.191,4.417,4.608
2999924.25,14484,0.069,4.151,4.22
2999937.68,14483,0.088,4.04,4.128
2999946.4,14485,0.105,4.056,4.161
2999951.5,14484,0.069,4.344,4.413
2999951.99,14483,0.058,4.639,4.697
2999964.93,14485,0.096,4.085,4.18
2999986.06,14484,1.334,3.873,5.207
3000002.71,14483,0.099,4.221,4.32
3000005.58,14485,0.09,4.365,4.455
3000027.03,14484,0.092,3.959,4.051
3000049.5,14483,0.082,5.956,6.038
3000053.86,14485,0.198,4.084,4.282
3000064.66,14484,0.091,4.001,4.092
3000073.7,14483,0.149,3.978,4.127
3000089.07,14485,0.145,4.224,4.369
3000099.33,14484,0.127,4.12,4.247
3000123.41,14483,0.08,3.832,3.912
3000131.23,14485,0.083,5.826,5.909
3000141.72,14484,0.082,5.015,5.098
3000152.28,14483,0.084,4.132,4.216
3000220.95,14485,0.119,4.162,4.281
3000268.04,14484,0.122,3.995,4.117
3000326.55,14483,0.188,4.031,4.219
3000370.57,14485,0.109,4.041,4.15
3000376.19,14484,0.068,6.244,6.312
3000386.08,14483,0.086,4.121,4.207
3000408.62,14485,0.103,4.74,4.843
3000450.84,14484,0.156,5.805,5.961
3000460.42,14483,0.091,4.272,4.362
3000464.96,14485,0.108,4.112,4.22
3000475.47,14484,2.017,6.141,8.159
3000500.94,14483,0.154,5.688,5.842
3000568.11,14485,1.89,3.955,5.845
3000568.58,14484,1.145,4.391,5.536
3000573.46,14483,0.079,4.409,4.488
3000597.45,14485,0.263,4.039,4.302
3000605.66,14484,0.091,4.595,4.686
3000620.2,14483,0.102,4.456,4.558
3000626.25,14485,0.068,4.101,4.169
3000661.96,14484,0.099,3.959,4.058
3000681.58,14483,0.104,4.389,4.493
3000687.57,14485,0.088,4.295,4.382
3000720.78,14483,0.082,5.281,5.363
3000721.02,14484,0.128,9.094,9.222
3000726.08,14485,0.991,3.911,4.902
3000735.66,14483,0.08,4.582,4.662
3000757.93,14484,0.08,4.14,4.22
3000772.05,14485,0.074,6.462,6.536
3000778.81,14483,0.139,6.428,6.566
3000781.18,14484,0.115,4.983,5.098
3000800.12,14485,0.154,3.979,4.133
3000824.56,14483,0.262,4.132,4.394
3000846.15,14484,0.134,3.996,4.13
3000851.86,14485,0.082,4.111,4.193
3000899.29,14483,0.11,4.368,4.478
3000900.57,14484,0.084,4.516,4.599
3000938.92,14485,0.086,3.873,3.959
3000951.61,14483,0.087,4.333,4.419
3000957.46,14484,0.088,4.931,5.019
3000958.63,14485,0.087,4.216,4.304
3000968.97,14483,0.081,3.93,4.011
3000984.56,14484,0.127,6.547,6.674
3000992.35,14485,2.239,6.106,8.345
3001022.72,14483,0.094,3.804,3.898
3001036.49,14484,0.102,4.043,4.145
3001060.04,14485,0.206,4.786,4.993
3001062.13,14483,0.085,5.131,5.216
3001123.72,14484,0.427,4.17,4.597
3001125.77,14485,0.076,4.1,4.176
3001150.72,14483,0.766,8.398,9.165
3001151.06,14484,0.06,6.745,6.805
3001156.94,14485,0.615,5.626,6.241
3001185.03,14483,0.067,4.033,4.1
3001208.04,14484,0.087,3.92,4.008
3001235.81,14485,1.715,4.04,5.755
3001238.29,14483,0.065,4.009,4.074
3001250.59,14485,0.078,4.067,4.145
3001306.45,14484,2.2,4.188,6.388
3001339.51,14483,0.118,3.859,3.977
3001434.01,14485,0.113,3.957,4.07
3001439.43,14484,0.947,4.325,5.272
3001449.07,14483,0.083,4.357,4.441
3001462.75,14485,0.337,4.051,4.388
3001475.0,14484,0.181,4.117,4.298
3001525.19,14483,0.148,5.938,6.086
3001549.99,14485,0.109,4.641,4.75
3001576.26,14484,0.106,4.262,4.368
3001593.19,14483,0.109,4.058,4.168
3001611.27,14485,0.121,4.645,4.766
3001629.4,14484,0.098,4.023,4.12
3001640.41,14483,1.533,4.234,5.767
3001651.1,14485,0.082,4.455,4.537
3001730.49,14484,0.136,4.381,4.517
3001774.39,14483,0.208,3.909,4.117
3001797.59,14485,0.148,6.246,6.394
3001833.29,14484,0.173,4.393,4.566
3001837.9,14483,0.113,4.753,4.866
3001840.39,14485,0.1,4.409,4.51
3001852.31,14484,0.106,4.347,4.453
3001855.17,14483,0.101,4.211,4.313
3001859.34,14485,0.127,4.129,4.257
3001864.48,14483,0.066,7.38,7.446
3001923.71,14484,0.104,3.976,4.08
3001949.52,14485,0.085,4.495,4.58
3001970.43,14483,1.061,6.169,7.23
3002006.84,14484,0.218,4.235,4.452
3002041.59,14485,0.217,4.301,4.519
3002047.74,14483,0.065,3.963,4.027
3002076.34,14484,3.466,4.08,7.546
3002097.9,14485,0.086,4.011,4.098
3002106.09,14483,0.18,3.894,4.074
3002124.95,14484,0.135,3.965,4.1
3002128.92,14485,0.071,4.281,4.352
3002141.54,14483,0.123,4.402,4.526
3002165.82,14484,0.078,5.06,5.138
3002175.04,14485,0.08,6.061,6.141
3002186.05,14483,1.617,3.874,5.492
3002195.55,14484,0.096,3.997,4.093
3002200.23,14485,0.116,4.2,4.316
3002224.19,14483,0.229,6.7,6.929
3002258.62,14484,0.088,6.315,6.404
3002269.06,14485,0.135,4.171,4.306
3002274.85,14483,0.082,3.951,4.033
3002281.73,14484,0.083,4.39,4.473
3002319.26,14485,1.852,4.096,5.948
3002330.66,14483,0.109,4.228,4.337
3002339.35,14484,0.204,4.139,4.343
3002353.49,14485,0.09,4.884,4.975
3002422.12,14483,2.114,3.92,6.033
3002449.42,14484,0.221,4.169,4.389
3002477.31,14485,1.621,4.153,5.774
3002488.73,14483,0.103,4.107,4.211
3002498.0,14484,0.08,4.053,4.133
3002504.1,14485,0.097,3.925,4.022
3002510.52,14483,0.078,5.688,5.765
3002519.66,14484,0.089,5.625,5.713
3002529.45,14485,0.093,4.174,4.268
3002536.8,14483,0.088,4.209,4.297
3002541.47,14484,0.08,4.491,4.571
3002557.87,14485,0.091,3.993,4.084
3002588.65,14483,0.098,4.338,4.436
3002594.69,14484,0.085,4.189,4.274
3002612.96,14485,0.076,5.767,5.843
3002621.78,14483,0.094,5.703,5.797
3002633.45,14484,0.095,4.421,4.516
3002670.89,14485,0.085,4.418,4.502
3002696.07,14483,0.088,4.087,4.175
3002707.19,14484,0.104,4.149,4.253
3002722.33,14485,0.21,4.655,4.865
3002748.09,14483,0.091,4.038,4.129
3002767.69,14484,0.096,4.102,4.199
3002792.38,14485,0.099,4.583,4.682
3002802.37,14483,0.117,4.173,4.29
3002803.87,14484,0.075,3.98,4.056
3002808.74,14483,0.069,4.438,4.507
3002824.78,14484,0.102,4.53,4.632
3002863.68,14485,0.101,3.989,4.09
3003089.02,14483,0.263,4.196,4.46
3003093.06,14484,0.115,4.139,4.254
3003099.5,14483,0.124,4.002,4.126
3003104.19,14485,0.937,4.015,4.952
3003122.59,14484,0.184,4.446,4.63
3003171.69,14483,0.151,7.003,7.154
3003173.87,14485,1.355,4.745,6.1
3003184.08,14484,1.585,3.817,5.402
3003200.96,14483,0.114,4.999,5.113
3003235.34,14485,1.012,4.144,5.156
3003279.95,14484,0.159,4.144,4.303
3003299.9,14483,1.556,4.568,6.123
3003321.77,14485,0.139,4.648,4.788
3003340.97,14484,0.148,4.975,5.123
3003363.58,14483,0.168,4.286,4.454
3003364.77,14485,0.111,4.19,4.302
3003372.41,14484,0.082,6.13,6.212
3003374.64,14483,0.058,4.535,4.593
3003382.86,14485,0.083,3.832,3.915
3003398.24,14484,0.087,4.129,4.216
3003420.85,14483,0.162,4.225,4.387
3003450.5,14485,0.17,3.984,4.154
3003463.2,14484,1.175,4.056,5.231
3003480.22,14483,0.102,4.059,4.161
3003506.4,14485,0.125,3.928,4.053
3003525.99,14484,0.319,4.217,4.536
3003553.37,14483,0.155,4.625,4.78
3003571.78,14485,0.123,4.613,4.736
3003591.17,14484,0.092,8.012,8.104
3003591.36,14483,1.021,4.29,5.31
3003594.89,14485,0.065,4.664,4.729
3003610.76,14484,0.081,4.177,4.257
3003643.84,14483,0.112,4.029,4.141
3003654.93,14485,0.126,4.275,4.401
3003667.62,14484,1.103,8.887,9.99
3003667.67,14483,0.07,5.836,5.906
3003707.61,14485,0.205,6.266,6.471
3003714.82,14484,0.094,4.06,4.154
3003740.71,14483,0.103,4.133,4.236
3003753.65,14485,0.109,4.376,4.485
3003756.54,14484,0.09,4.212,4.301
3003787.06,14483,0.141,4.259,4.4
3003791.47,14485,0.294,4.186,4.48
3003827.25,14484,0.17,7.021,7.191
3003830.23,14483,0.081,6.016,6.097
3003872.3,14485,1.844,4.125,5.969
3003881.87,14484,0.109,4.67,4.779
3003890.13,14483,0.1,4.103,4.203
3003898.78,14485,0.092,4.128,4.22
3003907.38,14484,0.072,4.141,4.212
3003912.88,14483,0.078,3.96,4.038
3003934.28,14485,0.172,6.869,7.04
3003956.99,14484,0.084,7.841,7.925
3003957.87,14483,0.088,6.729,6.817
3003962.52,14485,0.883,4.436,5.319
3003962.52,14484,0.067,4.393,4.46
3003970.34,14483,0.061,6.225,6.286
3003972.76,14484,0.065,4.656,4.722
3003987.36,14485,0.083,4.079,4.162
3004020.88,14483,0.082,4.182,4.264
3004041.76,14484,0.246,6.228,6.474
3004067.18,14485,0.614,4.024,4.638
3004071.24,14483,0.066,4.084,4.149
3004075.93,14485,0.063,4.303,4.366
3004106.53,14484,0.115,3.989,4.104
3004107.22,14483,0.063,3.974,4.037
3004164.73,14485,0.133,4.358,4.491
3004198.34,14484,0.176,4.157,4.333
3004225.5,14483,0.295,4.024,4.319
3004243.62,14485,0.097,6.035,6.132
3004261.54,14484,0.093,4.032,4.125
3004280.02,14483,0.122,4.258,4.38
3004292.84,14485,0.17,6.833,7.003
3004293.17,14484,0.091,4.172,4.263
3004294.62,14483,0.047,4.864,4.911
3004313.03,14485,0.086,4.309,4.395
3004324.12,14484,0.09,3.968,4.058
3004331.21,14483,1.01,6.05,7.06
3004333.67,14485,0.083,4.315,4.398
3004339.77,14484,0.084,4.219,4.303
3004373.35,14483,0.13,5.702,5.832
3004419.5,14485,0.155,4.095,4.25
3004423.91,14484,0.331,4.011,4.342
3004445.29,14483,0.146,3.976,4.122
3004460.23,14485,0.08,4.461,4.54
3004468.21,14484,0.064,4.084,4.148
3004483.5,14483,0.088,4.029,4.117
3004497.93,14485,0.077,4.168,4.245
3004528.02,14484,0.074,4.176,4.25
3004536.13,14483,0.118,4.337,4.455
3004543.74,14485,0.44,4.006,4.446
3004555.07,14484,2.079,3.919,5.998
3004609.09,14483,0.253,4.418,4.67
3004621.46,14484,0.289,4.065,4.354
3004624.41,14485,0.448,6.992,7.44
3004626.24,14483,0.091,4.426,4.517
3004649.21,14484,0.089,3.986,4.075
3004658.98,14485,0.091,4.317,4.408
3004670.82,14483,0.108,4.085,4.192
3004701.83,14484,0.091,4.241,4.332
3004708.47,14485,0.075,4.058,4.134
3004725.47,14483,0.33,4.232,4.562
3004733.48,14484,0.087,3.934,4.021
3004735.62,14485,0.077,4.36,4.437
3004744.75,14483,0.239,4.383,4.623
3004758.39,14485,0.17,4.141,4.311
3004758.65,14484,1.89,4.502,6.392
3004797.32,14483,0.115,4.084,4.199
3004808.97,14485,0.201,4.03,4.23
3004839.37,14484,2.234,4.217,6.451
3004875.44,14483,0.182,4.97,5.151
3004903.86,14485,0.209,4.174,4.383
3004930.15,14484,0.167,4.395,4.562
3004937.85,14483,0.177,4.647,4.824
3004941.16,14485,0.067,4.341,4.408
3004962.44,14484,2.081,4.284,6.365
3004980.81,14483,0.084,4.806,4.89
3005012.49,14485,0.259,4.018,4.277
3005022.19,14484,0.144,4.243,4.387
3005088.04,14483,0.108,4.117,4.225
3005146.74,14485,0.513,7.955,8.468
3005227.5,14484,0.646,9.766,10.412
3005240.11,14483,0.225,6.453,6.678
3005245.39,14485,0.326,4.998,5.324
3005248.93,14484,0.091,6.862,6.954
3005260.35,14483,0.075,4.204,4.28
3005283.01,14485,0.122,4.145,4.267
3005324.18,14484,0.145,5.834,5.979
3005328.64,14483,0.131,4.306,4.437
3005346.27,14485,0.888,4.01,4.898
3005357.21,14484,0.073,3.93,4.003
3005388.75,14483,0.107,4.105,4.213
3005412.66,14485,0.143,5.338,5.481
3005446.25,14484,0.156,4.036,4.192
3005450.77,14483,0.079,4.204,4.284
3005515.06,14485,0.222,4.161,4.382
3005531.26,14484,0.086,6.088,6.173
3005565.98,14483,0.18,6.174,6.354
3005604.95,14485,0.148,4.057,4.205
3005613.64,14484,0.183,4.092,4.276
3005620.98,14483,0.123,4.833,4.956
3005640.87,14485,1.419,4.511,5.93
3005649.28,14484,0.087,4.337,4.424
3005657.04,14483,0.085,4.057,4.142
3005684.19,14485,0.084,4.092,4.176
3005689.22,14484,0.08,5.603,5.683
3005707.08,14483,0.091,4.189,4.28
3005718.66,14485,0.159,4.311,4.47
3005756.24,14484,0.106,3.932,4.038
3005760.48,14483,0.069,4.289,4.358
3005775.85,14484,0.09,4.163,4.254
3005812.44,14485,0.12,4.1,4.219
3005852.53,14483,0.188,4.567,4.755
3005867.47,14484,0.171,4.314,4.485
3005879.57,14485,0.213,4.282,4.494
3005891.87,14483,0.125,4.303,4.428
3005912.76,14484,0.248,4.18,4.428
3005962.15,14485,1.838,4.033,5.871
3005968.99,14483,0.083,4.019,4.102
3005979.63,14484,0.068,4.167,4.235
3005997.72,14485,0.721,4.306,5.026
3006050.84,14483,0.101,4.168,4.269
3006070.24,14484,0.096,4.197,4.293
3006073.52,14483,0.08,4.121,4.201
3006077.54,14485,0.231,9.008,9.239
3006079.45,14484,0.577,8.333,8.909
3006081.59,14483,0.077,4.038,4.115
3006130.66,14485,0.095,4.353,4.448
3006136.14,14484,0.09,3.987,4.076
3006140.43,14483,0.062,3.871,3.933
3006180.09,14485,0.096,6.298,6.395
3006181.08,14484,0.08,4.909,4.989
3006190.83,14483,0.128,4.087,4.215
3006192.82,14485,0.091,4.449,4.54
3006222.17,14484,0.086,3.847,3.933
3006231.62,14483,0.091,4.283,4.373
3006235.18,14485,2.367,4.079,6.446
3006289.1,14483,0.151,4.99,5.14
3006292.86,14484,0.103,4.164,4.267
3006297.18,14483,0.058,3.944,4.001
3006299.15,14485,0.067,4.089,4.156
3006348.93,14484,0.121,5.761,5.882
3006394.38,14483,0.153,4.226,4.379
3006419.81,14485,0.423,4.146,4.569
3006579.72,14484,0.143,4.138,4.281
3006597.28,14483,0.134,4.225,4.359
3006680.49,14485,0.178,10.09,10.268
3006690.48,14484,0.104,4.475,4.579
3006722.5,14483,0.163,4.155,4.318
3006744.65,14485,0.298,4.17,4.468
3006745.41,14484,0.075,4.114,4.189
3006784.95,14483,0.122,4.071,4.193
3006791.41,14485,0.374,4.349,4.724
3006808.77,14484,0.102,4.105,4.207
3006827.58,14483,0.094,4.048,4.142
3006832.88,14485,0.087,4.173,4.259
3006847.59,14484,0.123,4.018,4.142
3006872.59,14483,0.165,4.083,4.248
3006889.32,14485,0.963,4.145,5.108
3006932.95,14484,0.108,4.124,4.232
3006943.81,14483,0.087,4.07,4.157
3006965.19,14485,2.016,4.265,6.281
3006974.71,14484,1.416,6.203,7.619
3006977.65,14485,0.262,4.085,4.346
3006982.19,14483,1.661,7.883,9.543
3007027.81,14484,0.282,6.427,6.709
3007035.29,14485,0.525,5.906,6.431
3007067.06,14483,0.971,6.173,7.144
3007067.26,14485,0.389,4.016,4.405
3007070.56,14484,2.633,7.405,10.038
3007072.42,14483,1.967,5.092,7.059
3007119.82,14485,0.11,4.85,4.96
3007124.12,14484,0.065,4.009,4.075
3007145.77,14483,0.064,4.111,4.175
3007191.23,14485,0.174,6.664,6.838
3007196.33,14483,0.07,6.877,6.947
3007197.93,14484,0.184,8.663,8.846
3007210.06,14485,0.077,6.084,6.161
3007210.37,14483,0.068,4.423,4.491
3007217.86,14484,0.067,3.927,3.994
3007222.24,14485,0.059,4.163,4.222
3007232.85,14483,0.204,3.945,4.149
3007252.56,14484,0.095,4.442,4.537
3007263.38,14485,0.1,4.072,4.171
3007297.94,14483,0.177,6.321,6.498
3007301.3,14484,0.121,6.461,6.582
3007305.04,14485,0.878,4.061,4.939
3007314.25,14484,0.183,7.135,7.318
3007318.16,14485,1.885,4.194,6.079
3007320.03,14483,0.06,8.243,8.303
3007350.73,14484,0.104,4.316,4.42
3007363.37,14485,0.133,4.013,4.146
3007372.39,14484,0.074,4.073,4.147
3007372.57,14483,0.146,5.196,5.342
3007380.34,14485,0.076,5.346,5.421
3007387.35,14484,0.153,3.932,4.085
3007396.48,14483,0.166,4.168,4.334
3007457.21,14485,0.116,5.378,5.494
3007457.88,14484,0.733,4.463,5.196
3007497.79,14483,0.169,4.184,4.353
3007558.15,14485,0.128,4.174,4.301
3007573.33,14484,0.138,6.353,6.492
3007601.89,14483,0.187,8.165,8.352
3007602.89,14485,0.088,6.283,6.371
3007617.04,14484,0.092,4.074,4.166
3007669.64,14483,0.179,4.64,4.818
3007678.44,14485,0.5,4.919,5.419
3007691.58,14484,0.175,4.08,4.254
3007702.33,14483,0.296,4.576,4.871
3007707.38,14485,0.076,5.159,5.235
3007711.74,14483,1.932,4.172,6.104
3007768.8,14485,0.238,4.4,4.638
3007779.09,14484,0.176,4.145,4.321
3007800.25,14483,0.179,4.42,4.598
3007804.19,14485,0.106,4.79,4.896
3007809.43,14484,0.133,4.097,4.23
3007820.68,14483,0.099,4.234,4.333
3007825.01,14485,0.06,4.149,4.209
3007832.25,14483,0.071,4.254,4.325
3007836.55,14484,0.119,4.08,4.199
3007847.49,14485,0.077,4.257,4.334
3007862.92,14484,0.54,7.324,7.864
3007864.5,14483,2.255,7.315,9.569
3007909.38,14485,0.199,5.254,5.453
3007929.65,14484,1.143,4.326,5.469
3007949.21,14483,0.133,4.138,4.271
3007964.77,14485,0.148,3.967,4.115
3007968.55,14484,0.772,4.256,5.027
3007989.62,14483,0.131,4.239,4.37
3008012.37,14485,0.096,5.474,5.569
3008075.99,14484,0.234,4.162,4.396
3008090.96,14483,0.188,4.44,4.629
3008092.24,14485,0.132,4.002,4.134
3008102.5,14484,0.194,4.238,4.432
3008115.83,14483,0.11,6.085,6.195
3008162.17,14485,0.349,4.661,5.01
3008202.18,14484,0.202,3.969,4.17
3008218.46,14483,0.147,3.961,4.108
3008234.28,14485,0.136,5.655,5.791
3008240.61,14484,0.533,3.911,4.444
3008274.68,14483,0.173,4.212,4.386
3008289.09,14485,0.174,3.991,4.165
3008298.4,14484,0.096,3.975,4.071
3008314.97,14483,0.13,3.884,4.014
3008323.08,14485,0.185,4.031,4.216
3008334.81,14484,0.174,5.988,6.161
3008347.51,14483,0.159,4.175,4.334
3008351.1,14485,1.989,3.965,5.954
3008410.93,14484,0.302,4.884,5.186
3008411.66,14483,0.083,3.813,3.896
3008452.1,14485,2.363,5.98,8.343
3008460.97,14484,0.257,4.049,4.306
3008461.01,14483,0.07,3.969,4.038
3008465.48,14485,0.089,4.229,4.318
3008476.14,14483,0.104,3.842,3.946
3008491.78,14484,0.156,4.093,4.248
3008560.03,14485,0.26,5.162,5.423
3008584.08,14483,0.18,4.021,4.201
3008636.45,14484,1.445,4.385,5.83
3008646.14,14485,1.638,3.924,5.562
3008649.8,14483,0.122,4.237,4.36
3008711.02,14485,0.223,3.968,4.19
3008729.29,14484,0.185,4.184,4.37
3008744.72,14483,0.138,4.785,4.923
3008764.63,14485,1.869,4.422,6.291
3008839.29,14484,0.185,4.931,5.116
3008879.29,14483,0.186,3.88,4.067
3008938.55,14485,0.313,6.856,7.17
3008955.7,14484,1.876,4.467,6.343
3008956.39,14483,0.117,4.186,4.303
3008983.36,14485,0.099,4.161,4.26
3009012.19,14484,0.24,5.164,5.404
3009014.14,14483,0.14,5.147,5.287
3009023.16,14485,0.296,4.114,4.41
3009035.95,14484,0.291,5.692,5.983
3009094.62,14483,0.133,4.363,4.496
3009110.24,14485,0.13,4.039,4.169
3009116.75,14484,0.167,4.007,4.174
3009172.06,14483,0.151,6.165,6.317
3009199.5,14485,0.506,4.335,4.84
3009259.21,14484,0.127,3.974,4.101
3009285.06,14485,0.122,4.108,4.23
3009286.88,14483,0.251,6.02,6.271
3009300.23,14484,2.282,4.022,6.303
3009308.0,14485,0.103,3.84,3.944
3009312.98,14483,0.076,4.645,4.721
3009329.05,14484,0.109,3.997,4.106
3009370.34,14485,0.154,3.867,4.021
3009404.4,14483,0.189,5.008,5.197
3009535.98,14484,0.965,3.974,4.939
3009597.31,14485,0.168,5.3,5.467
3009666.03,14483,0.283,4.45,4.733
3009716.79,14484,0.242,4.623,4.865
3009734.8,14485,0.14,4.364,4.505
3009836.78,14483,0.389,6.071,6.459
3009840.67,14484,0.09,6.521,6.611
3009873.88,14485,0.275,4.17,4.446
3009905.07,14483,0.317,7.298,7.616
3009905.72,14484,0.12,5.853,5.973
3009915.53,14485,1.755,3.914,5.669
3009940.84,14483,0.161,4.005,4.166
3010082.4,14484,1.15,4.149,5.299
3010120.36,14485,0.189,3.952,4.141
3010202.65,14483,0.206,4.083,4.289
3010296.7,14484,0.143,3.967,4.11
3010441.93,14485,0.193,4.723,4.915
3010482.79,14483,0.121,4.1,4.221
3010506.98,14484,0.098,4.217,4.315
3010522.09,14485,0.088,4.046,4.134
3010557.65,14483,0.089,4.101,4.19
3010629.34,14484,0.254,4.377,4.631
3010634.97,14485,0.1,4.055,4.156
3010685.04,14483,0.112,4.065,4.177
3010690.8,14484,0.089,4.136,4.225
3010708.39,14485,0.137,4.041,4.178
3010727.07,14483,0.082,5.164,5.246
3010730.08,14484,0.073,4.384,4.457
3010737.22,14485,0.075,6.101,6.176
3010739.82,14483,0.061,4.647,4.708
3010747.16,14484,0.082,4.184,4.266
3010852.4,14485,0.149,4.096,4.245
3010860.23,14483,0.122,4.176,4.297
3010868.02,14484,0.088,4.264,4.352
3010898.2,14485,0.145,5.925,6.07
3010922.79,14483,0.197,5.312,5.508
3010928.89,14484,0.121,4.744,4.865
3010954.09,14485,0.113,3.828,3.94
3010976.26,14483,0.103,4.021,4.125
3010984.02,14484,0.091,4.094,4.185
3011015.57,14485,0.094,4.274,4.368
3011126.37,14483,0.472,4.16,4.632
3011169.66,14484,0.202,3.996,4.198
3011209.08,14485,1.611,8.307,9.917
3011243.89,14483,0.101,4.01,4.111
3011248.51,14484,0.181,4.203,4.384
3011292.77,14485,0.187,6.962,7.15
3011299.6,14483,0.204,5.113,5.316
3011325.43,14484,4.027,4.334,8.361
3011329.81,14485,0.096,4.1,4.196
3011339.26,14483,0.084,8.011,8.095
3011339.69,14484,0.048,5.531,5.579
3011358.02,14485,0.08,4.247,4.328
3011365.49,14483,1.123,8.877,9.999
3011365.55,14484,0.194,4.969,5.163
3011372.91,14485,0.093,4.078,4.171
3011390.48,14483,0.135,4.105,4.24
3011419.09,14484,0.128,4.833,4.962
3011445.86,14485,0.084,5.893,5.977
3011465.65,14483,0.092,4.458,4.551
3011472.14,14484,0.152,4.236,4.388
3011492.53,14485,0.119,4.406,4.525
3011499.23,14483,0.166,4.236,4.402
3011532.09,14484,0.12,6.049,6.169
3011538.03,14485,3.151,4.168,7.319
3011550.05,14483,2.826,4.255,7.081
3011563.34,14484,0.19,4.31,4.499
3011609.22,14485,0.13,4.35,4.48
3011615.11,14483,3.111,3.966,7.077
3011624.26,14484,0.084,8.359,8.443
3011625.05,14485,0.896,4.428,5.325
3011654.99,14483,0.204,4.387,4.591
3011715.83,14484,0.203,4.502,4.705
3011752.61,14485,0.245,4.143,4.387
3011772.37,14483,0.198,4.181,4.379
3011773.42,14484,0.092,4.112,4.203
3011780.7,14485,0.386,4.132,4.517
3011786.29,14483,0.268,4.181,4.449
3011815.21,14484,0.086,4.594,4.68
3011821.89,14485,0.112,4.106,4.218
3011835.79,14483,0.161,4.055,4.215
3011907.37,14484,0.4,4.218,4.619
3011930.67,14485,0.307,5.241,5.548
3011950.38,14483,2.417,4.211,6.628
3011962.49,14484,0.091,6.267,6.358
3011964.9,14485,1.42,6.808,8.227
3011965.97,14483,0.078,3.946,4.025
3012004.17,14484,0.34,4.113,4.453
3012014.67,14485,0.138,4.179,4.318
3012021.16,14483,0.156,4.089,4.244
3012023.5,14484,0.114,4.064,4.178
3012046.88,14483,0.061,3.972,4.033
3012048.04,14485,0.136,4.13,4.266
3012053.28,14484,0.074,4.082,4.156
3012057.74,14483,0.058,3.98,4.038
3012064.55,14485,0.225,6.409,6.634
3012067.08,14484,1.997,4.958,6.955
3012092.68,14483,0.081,4.081,4.162
3012100.8,14484,0.784,7.971,8.754
3012101.26,14485,3.663,8.573,12.237
3012141.4,14483,0.153,4.177,4.33
3012164.25,14484,2.518,4.079,6.597
3012174.78,14485,0.091,4.088,4.179
3012204.27,14483,0.126,4.107,4.233
3012301.54,14484,0.179,4.093,4.272
3012410.81,14485,0.18,4.102,4.281
3012463.23,14483,0.13,4.976,5.106
3012535.63,14484,0.186,5.421,5.607
3012572.42,14485,1.004,4.235,5.239
3012576.65,14483,2.254,4.095,6.349
3012598.77,14485,0.085,5.116,5.201
3012623.21,14484,0.141,3.93,4.071
3012792.69,14483,0.14,4.422,4.562
3012809.49,14485,0.109,4.236,4.345
3012826.83,14484,0.101,4.038,4.14
3012877.45,14483,0.473,5.493,5.966
3012965.31,14485,0.135,6.982,7.117
3013031.89,14484,0.117,4.606,4.723
3013066.03,14483,1.188,4.728,5.916
3013092.33,14485,0.092,4.142,4.234
3013157.19,14484,0.153,5.737,5.89
3013209.16,14483,0.135,4.281,4.416
3013246.65,14485,0.111,3.917,4.029
3013346.29,14484,1.487,3.978,5.465
3013352.34,14483,0.079,4.192,4.27
3013397.95,14485,0.14,3.985,4.125
3013423.68,14484,0.087,4.237,4.325
3013433.75,14483,0.085,9.815,9.9
3013436.22,14485,0.771,9.016,9.787
3013442.95,14484,0.082,3.992,4.075
3013445.95,14483,0.067,3.93,3.996
3013469.39,14484,0.075,4.245,4.32
3013582.66,14485,0.257,7.224,7.481
3013619.28,14483,0.081,4.2,4.281
3013645.13,14484,1.532,3.917,5.449
3013649.09,14485,0.104,3.881,3.985
3013685.25,14483,0.109,3.99,4.099
3013720.4,14484,0.168,4.345,4.514
3013735.57,14485,0.193,4.266,4.459
3013742.2,14483,2.139,3.937,6.076
3013751.39,14484,0.139,4.942,5.08
3013767.13,14485,0.075,4.043,4.118
3013779.52,14483,0.091,3.969,4.06
3013784.91,14484,0.068,6.129,6.197
3013798.19,14485,0.114,4.213,4.327
3013813.76,14483,0.079,3.981,4.061
3013832.13,14484,0.161,4.622,4.783
3013836.49,14485,1.242,4.188,5.43
3013877.27,14483,0.12,4.39,4.51
3013899.47,14484,0.109,4.222,4.331
3013904.78,14485,0.072,4.354,4.426
3013911.69,14483,0.087,4.338,4.424
3013916.28,14484,0.102,5.878,5.981
3013957.13,14485,0.25,5.693,5.943
3014054.21,14483,0.21,5.038,5.248
3014091.45,14484,0.11,4.075,4.185
3014097.83,14485,0.086,4.109,4.195
3014104.41,14483,0.15,4.199,4.349
3014112.92,14484,0.103,4.162,4.265
3014114.79,14485,0.128,4.123,4.251
3014120.79,14483,0.078,7.535,7.613
3014121.04,14484,0.076,5.057,5.133
3014132.24,14485,0.14,5.801,5.941
3014134.08,14483,0.09,4.217,4.307
3014141.04,14484,0.078,6.102,6.18
3014148.93,14485,0.09,6.385,6.475
3014158.02,14483,3.645,3.935,7.579
3014194.13,14484,0.108,4.208,4.316
3014198.69,14485,0.056,4.206,4.261
3014217.2,14483,0.166,4.178,4.344
3014218.18,14484,0.067,4.125,4.192
3014254.79,14483,0.073,4.016,4.089
3014254.81,14485,1.71,4.284,5.994
3014274.68,14484,0.084,4.036,4.12
3014276.2,14483,0.055,4.021,4.076
3014302.56,14485,0.14,4.304,4.443
3014311.72,14484,0.166,5.79,5.956
3014397.81,14483,0.135,4.147,4.282
3014444.32,14485,0.167,5.267,5.434
3014449.42,14484,0.102,4.05,4.152
3014458.0,14483,0.074,6.022,6.096
3014458.57,14485,0.059,5.717,5.776
3014462.88,14484,0.75,4.145,4.895
3014474.94,14483,0.06,4.411,4.471
3014501.4,14485,0.087,4.257,4.344
3014534.18,14483,0.123,5.408,5.531
3014535.29,14484,0.114,7.872,7.986
3014537.14,14485,0.079,5.888,5.967
3014560.7,14483,0.096,5.927,6.022
3014576.33,14484,0.087,4.081,4.168
3014584.42,14485,0.088,4.097,4.185
3014653.56,14483,1.695,7.739,9.434
3014658.75,14484,0.115,4.043,4.159
3014741.94,14485,0.438,4.525,4.963
3014747.12,14483,0.104,3.919,4.023
3014752.11,14484,0.095,4.758,4.853
3014759.57,14485,0.108,4.484,4.592
3014790.13,14483,0.127,4.123,4.25
3014801.58,14484,0.119,4.197,4.316
3014804.52,14485,0.079,4.259,4.338
3014855.55,14483,2.184,4.29,6.474
3014862.71,14484,0.233,4.196,4.429
3014870.13,14485,0.09,4.051,4.141
3014876.1,14483,0.08,3.87,3.95
3014883.99,14484,0.079,3.851,3.93
3014897.02,14485,0.171,3.875,4.046
3014902.3,14483,0.075,5.145,5.221
3014904.69,14484,0.065,4.129,4.194
3014912.52,14485,0.065,3.994,4.059
3014925.22,14483,0.124,4.843,4.968
3014931.35,14484,2.353,6.203,8.556
3015007.23,14483,0.266,4.456,4.722
3015010.19,14485,0.123,5.751,5.874
3015023.92,14484,0.103,4.109,4.212
3015028.21,14483,1.828,4.206,6.034
3015040.02,14484,0.092,3.972,4.065
3015042.55,14485,0.069,4.188,4.257
3015050.05,14483,0.07,6.046,6.115
3015061.94,14484,0.068,4.284,4.352
3015080.96,14485,0.768,3.969,4.736
3015105.29,14483,0.163,4.096,4.259
3015144.26,14484,0.082,4.084,4.166
3015152.72,14485,0.252,3.988,4.24
3015205.99,14483,0.182,3.918,4.1
3015212.77,14484,0.089,4.681,4.77
3015262.06,14485,0.121,6.051,6.172
3015264.53,14483,1.285,4.714,5.999
3015286.78,14484,0.101,4.374,4.475
3015288.78,14485,0.152,4.061,4.213
3015300.7,14483,0.157,6.482,6.639
3015345.39,14484,0.097,4.184,4.282
3015349.32,14485,1.843,4.27,6.113
3015357.53,14483,0.107,4.091,4.199
3015486.27,14484,0.141,5.848,5.989
3015496.73,14485,0.099,4.082,4.181
3015501.23,14483,0.1,4.148,4.248
3015531.72,14484,0.097,4.345,4.442
3015539.21,14485,1.703,4.018,5.721
3015544.91,14483,0.088,3.984,4.072
3015565.31,14484,0.096,4.278,4.374
3015601.95,14485,0.144,4.618,4.762
3015612.14,14483,0.178,7.57,7.748
3015626.63,14484,0.119,5.191,5.31
3015647.34,14485,2.074,4.136,6.209
3015688.37,14483,0.165,3.845,4.009
3015738.23,14484,0.262,4.019,4.28
3015768.38,14485,0.661,4.389,5.05
3015782.49,14483,2.11,4.27,6.379
3015785.11,14484,0.18,6.799,6.979
3015786.93,14485,0.08,5.357,5.437
3015838.1,14483,0.474,3.928,4.402
3015862.85,14484,0.104,4.224,4.328
3015891.73,14485,0.12,3.904,4.024
3015969.13,14483,0.135,4.257,4.391
3016037.37,14484,0.164,3.968,4.133
3016105.31,14485,0.168,4.099,4.268
3016125.16,14483,1.53,4.061,5.591
3016129.77,14484,0.079,6.107,6.186
3016133.22,14485,0.285,6.085,6.369
3016146.46,14483,0.147,4.02,4.168
3016149.24,14484,0.146,4.06,4.206
3016171.4,14485,0.096,4.095,4.191
3016198.96,14483,0.563,4.186,4.749
3016213.99,14484,0.084,4.213,4.298
3016242.88,14485,0.131,4.05,4.181
3016379.39,14483,0.113,4.089,4.202
3016417.71,14484,0.118,4.114,4.232
3016517.06,14485,0.279,6.963,7.242
3016568.63,14483,0.15,4.217,4.367
3016669.48,14484,0.203,4.749,4.951
3016759.98,14485,0.168,4.162,4.33
3016791.05,14483,0.138,6.222,6.36
3016791.39,14484,0.973,6.306,7.279
3016800.59,14485,0.099,4.737,4.836
3016843.23,14483,0.158,4.203,4.362
3016925.09,14484,0.243,4.011,4.254
3016979.43,14485,0.14,4.057,4.197
3017019.19,14483,0.158,4.289,4.447
3017051.07,14484,0.203,4.717,4.92
3017068.28,14485,2.089,4.008,6.096
3017100.85,14483,0.146,4.144,4.29
3017109.11,14484,0.105,4.03,4.135
3017176.81,14485,0.093,4.258,4.351
3017229.04,14483,0.104,4.125,4.229
3017269.83,14484,0.187,4.04,4.227
3017377.52,14485,1.54,4.161,5.701
3017394.14,14483,0.147,6.312,6.46
3017520.33,14484,0.148,4.069,4.217
3017566.06,14485,0.124,4.011,4.136
3017574.67,14483,0.103,3.821,3.924
3017603.05,14484,2.157,4.185,6.342
3017620.66,14485,0.102,4.137,4.239
3017625.42,14483,0.102,3.926,4.027
3017679.54,14484,0.13,4.27,4.4
3017836.87,14485,0.154,3.942,4.095
3017878.24,14483,0.174,4.068,4.243
3017915.05,14484,0.365,4.669,5.034
3017937.56,14485,1.796,5.269,7.065
3017939.31,14483,0.088,4.763,4.851
3017948.11,14484,0.143,5.456,5.599
3017979.2,14485,0.295,4.179,4.474
3018029.1,14483,1.568,3.901,5.469
3018033.69,14484,0.112,4.126,4.238
3018058.09,14485,0.096,4.163,4.259
3018060.15,14483,0.063,4.062,4.124
3018112.05,14484,0.24,10.321,10.561
3018113.66,14485,1.954,7.48,9.435
3018115.89,14483,0.08,4.506,4.586
3018128.42,14484,0.083,3.851,3.934
3018162.31,14485,0.114,4.118,4.233
3018165.85,14483,0.078,3.992,4.07
3018170.79,14485,0.091,4.499,4.59
3018215.92,14484,0.366,8.86,9.226
3018222.07,14483,0.119,6.03,6.149
3018225.36,14485,0.886,4.305,5.19
3018233.52,14484,0.142,4.312,4.454
3018250.36,14483,0.104,4.061,4.165
3018262.46,14485,0.095,4.3,4.394
3018289.25,14484,0.158,3.978,4.136
3018299.33,14483,0.108,4.526,4.634
3018303.23,14485,0.084,6.632,6.716
3018311.59,14484,0.086,4.345,4.43
3018332.95,14483,0.141,6.177,6.318
3018340.07,14485,0.076,4.166,4.241
3018344.39,14484,0.069,4.127,4.197
3018364.92,14483,0.092,4.035,4.127
3018380.35,14485,0.082,4.168,4.25
3018413.72,14484,0.094,4.032,4.126
3018428.94,14483,1.776,3.794,5.57
3018436.19,14485,0.082,4.26,4.342
3018477.08,14484,0.101,3.891,3.992
3018571.49,14483,2.154,4.228,6.382
3018606.35,14485,0.264,5.922,6.187
3018614.05,14484,0.159,5.784,5.943
3018616.76,14483,0.109,4.229,4.338
3018628.75,14485,0.109,4.122,4.231
3018643.11,14484,0.101,3.89,3.992
3018644.08,14483,0.072,4.07,4.142
3018647.27,14485,0.055,4.011,4.066
3018664.9,14484,0.133,3.914,4.047
3018676.37,14483,0.119,4.076,4.195
3018686.41,14485,0.185,4.358,4.543
3018699.51,14484,0.158,4.163,4.321
3018716.08,14483,0.121,5.823,5.944
3018723.24,14485,0.865,6.081,6.945
3018725.49,14484,0.072,4.352,4.425
3018729.53,14483,0.067,4.305,4.372
3018746.92,14485,0.849,4.105,4.955
3018759.71,14484,0.339,5.893,6.232
3018768.27,14483,1.768,3.905,5.672
3018779.39,14485,0.195,4.907,5.102
3018816.82,14484,0.144,4.139,4.283
3018831.9,14483,0.245,4.146,4.391
3018861.17,14485,0.143,4.189,4.332
3018873.04,14484,0.111,4.087,4.198
3018879.3,14483,0.088,4.039,4.127
3018884.67,14485,0.062,6.248,6.31
3018906.19,14484,0.15,7.349,7.499
3018909.14,14483,0.163,7.684,7.847
3018910.09,14485,3.271,3.922,7.193
3018912.19,14484,0.262,5.332,5.595
3018917.18,14483,0.089,4.354,4.444
3018926.25,14485,1.515,9.051,10.565
3018939.36,14484,0.136,6.014,6.15
3018943.02,14483,0.083,5.479,5.562
3018979.15,14485,1.333,4.571,5.904
3018980.51,14484,0.11,4.221,4.331
3019020.32,14483,0.204,4.3,4.504
3019033.27,14485,0.194,4.079,4.273
3019041.33,14484,0.154,6.677,6.832
3019059.3,14483,1.541,4.12,5.661
3019073.17,14485,2.039,3.927,5.967
3019109.29,14484,0.24,4.559,4.799
3019120.63,14483,0.206,6.17,6.375
3019135.75,14485,0.205,6.079,6.285
3019176.92,14484,1.765,6.27,8.035
3019177.01,14483,0.117,5.895,6.013
3019189.97,14485,0.253,4.063,4.316
3019197.61,14484,0.416,3.964,4.38
3019221.08,14483,0.328,5.525,5.853
3019221.5,14485,0.341,6.691,7.032
3019239.04,14484,1.004,3.968,4.972
3019247.39,14483,0.067,3.951,4.017
3019251.88,14485,0.05,4.333,4.382
3019313.42,14484,0.121,6.234,6.355
3019331.04,14483,0.596,4.194,4.79
3019355.57,14485,0.108,4.392,4.5
3019359.07,14484,0.105,4.125,4.231
3019386.11,14485,0.108,4.086,4.194
3019390.49,14483,0.086,4.147,4.233
3019403.45,14484,0.188,4.046,4.235
3019449.86,14485,0.139,4.144,4.283
3019481.1,14483,0.138,7.808,7.946
3019481.63,14484,0.105,6.243,6.348
3019503.55,14485,0.149,4.228,4.376
3019529.67,14483,0.077,4.488,4.565
3019633.47,14484,0.213,3.974,4.187
3019643.41,14485,0.178,4.39,4.568
3019657.81,14483,0.222,4.069,4.291
3019683.08,14484,0.079,6.333,6.412
3019697.62,14485,0.106,6.221,6.327
3019716.17,14483,0.119,5.46,5.578
3019731.98,14484,0.151,4.238,4.389
3019762.73,14485,0.095,4.321,4.416
3019771.88,14483,0.142,6.001,6.143
3019773.87,14484,0.088,4.152,4.24
3019779.63,14485,0.072,4.265,4.337
3019785.82,14483,0.076,5.947,6.023
3019789.41,14485,0.131,4.455,4.586
3019793.99,14484,0.085,4.154,4.239
3019817.26,14483,1.545,4.105,5.65
3019844.09,14485,0.16,4.278,4.438
3019869.99,14484,0.126,4.169,4.295
3019895.87,14483,0.927,5.607,6.535
3019906.6,14485,0.156,4.277,4.433
3019956.02,14484,0.153,4.03,4.183
3020002.35,14483,1.168,4.025,5.193
3020024.95,14485,0.186,4.556,4.741
3020029.31,14484,1.191,4.0,5.192
3020059.58,14483,0.168,4.403,4.571
3020070.27,14485,1.216,4.051,5.267
3020075.32,14484,0.092,4.005,4.098
3020077.89,14483,0.075,4.239,4.314
3020084.22,14485,0.09,4.045,4.135
3020091.47,14484,0.085,5.839,5.924
3020103.3,14483,1.395,4.13,5.524
3020104.45,14485,0.103,4.092,4.195
3020110.08,14484,0.089,3.91,3.999
3020125.92,14483,0.105,4.023,4.128
3020137.44,14485,0.124,4.947,5.071
3020167.82,14484,0.163,4.097,4.26
3020181.22,14483,1.337,4.24,5.576
3020289.33,14485,2.405,4.333,6.738
3020293.9,14484,0.963,4.342,5.305
3020294.18,14483,0.81,3.988,4.799
3020333.96,14485,0.242,4.276,4.518
3020339.52,14484,0.118,4.151,4.268
3020341.52,14483,0.086,4.298,4.384
3020370.5,14485,0.166,4.229,4.395
3020480.26,14484,0.171,4.228,4.398
3020493.72,14483,0.138,4.04,4.178
3020497.93,14485,0.123,3.967,4.089
3020522.15,14484,0.923,5.995,6.918
3020534.66,14483,0.093,3.989,4.082
3020559.12,14485,0.175,4.234,4.409
3020710.41,14484,1.165,4.278,5.443
3020741.93,14483,0.13,4.048,4.178
3020760.4,14484,1.807,6.164,7.971
3020760.91,14485,0.144,8.85,8.994
3020871.37,14483,0.136,3.994,4.13
3020909.79,14484,0.192,4.338,4.53
3020922.46,14485,0.133,4.146,4.279
3020968.56,14483,0.132,4.057,4.189
3021020.54,14484,0.366,4.819,5.185
3021048.84,14485,0.166,3.969,4.135
3021069.94,14483,0.142,4.201,4.344
3021090.05,14484,0.17,5.976,6.146
3021090.23,14485,0.062,8.11,8.171
3021143.98,14483,0.202,4.05,4.252
3021144.76,14484,0.14,4.282,4.422
3021155.24,14485,0.085,6.301,6.386
3021155.37,14483,0.064,4.194,4.258
3021159.69,14485,0.077,4.034,4.112
3021159.82,14484,0.048,6.714,6.762
3021174.98,14483,2.105,3.869,5.973
3021182.19,14485,0.582,3.905,4.488
3021193.27,14484,0.092,4.108,4.199
3021214.17,14483,0.096,3.913,4.009
3021218.53,14485,0.067,3.954,4.021
3021262.52,14484,0.163,4.466,4.63
3021270.3,14483,0.088,4.128,4.215
3021342.17,14485,0.236,5.92,6.156
3021383.12,14484,0.174,5.0,5.173
3021389.54,14483,0.091,4.217,4.307
3021413.75,14485,0.108,4.126,4.234
3021418.45,14483,0.073,6.234,6.307
3021418.61,14484,0.063,8.693,8.756
3021445.96,14483,0.063,8.033,8.096
3021446.56,14485,0.115,12.213,12.327
3021446.92,14484,0.074,7.666,7.741
3021479.16,14483,0.164,5.462,5.626
3021540.95,14485,0.133,4.37,4.502
3021561.4,14484,0.102,8.097,8.199
3021566.26,14483,2.001,9.09,11.091
3021567.33,14485,3.888,8.009,11.897
3021585.23,14484,0.106,6.254,6.36
3021587.54,14483,0.705,4.325,5.03
3021641.18,14485,1.32,5.461,6.781
3021672.21,14484,0.164,4.531,4.695
3021680.35,14483,0.162,3.945,4.107
3021698.62,14485,0.101,3.961,4.062
3021713.62,14484,2.036,4.054,6.09
3021738.58,14483,1.485,3.976,5.461
3021751.94,14485,0.099,4.291,4.39
3021763.43,14484,0.083,4.253,4.335
3021774.53,14483,0.175,4.375,4.55
3021784.84,14484,1.087,6.758,7.845
3021784.9,14485,0.09,8.128,8.218
3021820.21,14483,0.084,8.319,8.403
3021824.73,14485,0.087,8.438,8.525
3021824.98,14484,0.194,6.863,7.057
3021841.54,14483,1.8,4.435,6.234
3021884.15,14485,0.101,4.146,4.246
3021904.85,14485,0.071,5.164,5.235
3021905.58,14484,0.089,12.339,12.428
3021905.77,14483,1.036,9.636,10.672
3021918.63,14485,0.086,8.285,8.371
3021918.7,14484,0.061,5.199,5.26
3021939.99,14483,0.087,4.211,4.298
3021949.3,14485,2.37,4.028,6.398
3021978.89,14484,0.218,4.507,4.726
3021985.16,14483,1.997,4.053,6.051
3021993.45,14485,0.402,4.225,4.627
3022027.59,14484,0.302,4.195,4.496
3022066.25,14483,0.15,4.157,4.306
3022086.5,14485,0.139,4.265,4.404
3022140.41,14484,0.145,5.547,5.691
3022184.02,14483,0.095,4.113,4.209
3022198.12,14485,0.077,8.088,8.165
3022200.18,14484,0.084,8.858,8.942
3022200.5,14483,1.57,7.335,8.905
3022202.89,14485,2.232,4.571,6.803
3022210.73,14484,0.076,6.079,6.155
3022222.45,14483,0.084,4.151,4.235
3022228.48,14485,1.434,4.152,5.586
3022267.74,14484,0.189,5.485,5.674
3022268.94,14483,0.141,5.462,5.603
3022272.8,14485,0.166,4.571,4.737
3022333.38,14483,0.306,3.981,4.286
3022347.45,14484,0.141,4.033,4.175
3022356.49,14485,0.172,4.48,4.652
3022357.62,14483,0.091,4.414,4.506
3022385.15,14484,0.079,4.023,4.102
3022407.95,14485,1.575,3.836,5.411
3022408.43,14483,1.394,4.113,5.507
3022457.97,14484,0.249,6.58,6.829
3022466.1,14485,0.218,6.711,6.929
3022502.14,14483,0.102,5.977,6.08
3022542.55,14484,0.179,4.321,4.5
3022547.98,14485,0.122,4.083,4.205
3022561.39,14483,0.137,4.863,5.0
3022604.65,14484,3.286,4.202,7.489
3022624.12,14485,2.144,4.032,6.176
3022639.24,14483,0.065,4.225,4.29
3022643.32,14484,1.191,4.108,5.299
3022653.05,14483,0.153,4.178,4.331
3022669.15,14485,0.1,4.563,4.663
3022681.21,14484,0.193,5.527,5.72
3022682.95,14483,0.118,5.721,5.84
3022718.27,14485,1.672,4.107,5.779
3022720.08,14484,1.276,5.874,7.15
3022731.05,14483,0.087,4.267,4.354
3022754.83,14485,0.116,4.08,4.196
3022759.6,14483,0.065,4.076,4.141
3022762.06,14484,0.1,5.249,5.35
3022817.49,14485,0.619,3.983,4.602
3022889.61,14483,0.139,4.03,4.169
3022920.55,14484,0.106,4.057,4.163
3022932.47,14485,0.073,4.316,4.389
3023036.97,14483,0.165,4.281,4.446
3023136.93,14484,0.149,4.183,4.332
3023162.26,14485,1.607,4.115,5.723
3023182.18,14483,0.098,4.121,4.219
3023219.6,14484,0.116,4.015,4.131
3023265.88,14485,0.117,4.301,4.417
3023285.24,14483,0.118,4.216,4.334
3023306.49,14484,0.145,6.365,6.51
3023310.83,14485,0.16,4.465,4.625
3023395.02,14484,0.112,4.891,5.004
3023476.28,14483,0.13,6.068,6.197
3023531.95,14485,0.155,4.15,4.305
3023675.73,14484,0.152,4.074,4.227
3023711.61,14483,0.117,4.195,4.312
3023745.05,14485,0.149,4.449,4.598
3023799.39,14484,0.222,4.836,5.058
3023849.98,14483,0.135,5.277,5.412
3023853.86,14485,1.254,4.695,5.948
3023903.99,14484,0.125,3.97,4.095
3023909.08,14483,0.078,4.499,4.578
3023945.14,14485,0.12,3.972,4.092
3023997.92,14484,0.108,4.309,4.416
3024075.0,14483,1.262,8.53,9.793
3024077.43,14485,2.909,9.291,12.2
3024151.39,14484,0.153,4.091,4.243
3024175.56,14483,0.114,4.139,4.253
3024210.67,14485,0.143,4.212,4.355
3024274.95,14484,0.111,4.159,4.27
3024277.27,14483,0.096,4.725,4.822
3024283.31,14485,0.121,8.099,8.22
3024283.55,14484,0.087,5.344,5.431
3024295.39,14483,0.859,4.069,4.928
3024327.82,14485,0.122,6.146,6.268
3024352.07,14484,3.008,3.931,6.939
3024391.56,14483,0.159,4.231,4.39
3024410.73,14485,0.17,4.075,4.245
3024423.58,14483,0.089,5.131,5.22
3024424.33,14484,0.142,8.232,8.375
3024424.42,14485,0.047,4.221,4.268
3024427.69,14483,1.628,4.014,5.643
3024456.52,14484,0.175,6.539,6.714
3024459.02,14485,0.052,5.742,5.794
3024487.58,14483,0.099,4.17,4.268
3024504.75,14484,1.87,4.056,5.925
3024544.44,14485,0.097,4.006,4.103
3024554.77,14483,0.077,4.006,4.083
3024565.29,14484,0.662,4.014,4.675
3024583.19,14485,1.456,3.908,5.364
3024592.23,14483,0.086,6.592,6.678
3024594.43,14484,0.081,6.445,6.526
3024629.95,14485,0.086,4.31,4.396
3024651.86,14483,0.104,4.053,4.157
3024701.37,14484,1.755,4.182,5.937
3024706.79,14485,0.091,3.859,3.949
3024712.34,14483,0.066,5.175,5.241
3024718.57,14484,0.068,4.513,4.582
3024722.84,14485,0.089,3.975,4.064
3024728.45,14483,0.07,4.402,4.472
3024755.55,14485,0.057,7.135,7.191
3024755.68,14484,0.076,9.515,9.591
3024792.06,14483,1.476,4.197,5.673
3024814.99,14485,0.119,4.363,4.483
3024837.23,14484,0.113,5.079,5.192
3024841.79,14483,0.081,3.971,4.052
3024852.73,14485,0.091,4.426,4.517
3024858.91,14484,2.069,4.813,6.882
3024864.65,14483,0.443,4.274,4.718
3024899.68,14485,0.111,4.688,4.799
3024911.89,14484,0.096,4.175,4.271
3024920.17,14483,0.084,4.5,4.585
3024929.46,14485,0.081,4.1,4.181
3024932.51,14484,0.063,4.392,4.455
3024937.13,14485,0.113,4.123,4.236
3024950.84,14483,0.08,4.204,4.284
3024967.72,14484,0.097,4.132,4.229
3024974.16,14485,0.119,4.027,4.146
3024994.77,14483,0.082,4.124,4.205
3025008.51,14484,0.086,4.392,4.478
3025049.05,14485,0.177,6.594,6.772
3025061.19,14483,0.136,6.194,6.329
3025067.34,14484,0.118,4.019,4.137
3025074.88,14485,0.094,3.889,3.983
3025081.63,14483,0.143,5.183,5.326
3025090.78,14484,0.372,4.533,4.905
3025163.37,14485,0.169,5.931,6.1
3025190.83,14483,0.328,4.287,4.615
3025202.26,14484,0.114,4.356,4.47
3025206.1,14485,0.095,4.64,4.734
3025220.93,14483,0.099,5.892,5.991
3025228.07,14484,0.135,3.946,4.081
3025237.26,14485,0.095,4.743,4.838
3025248.06,14483,0.086,8.187,8.273
3025250.07,14484,0.062,8.463,8.524
3025252.7,14485,0.057,4.733,4.79
3025257.25,14483,0.075,6.098,6.173
3025289.54,14484,0.129,4.226,4.355
3025306.13,14485,0.145,4.022,4.166
3025315.19,14483,0.088,4.106,4.194
3025330.05,14484,0.085,4.191,4.277
3025360.12,14485,0.882,4.032,4.915
3025360.48,14483,0.354,4.307,4.662
3025365.29,14484,0.075,3.949,4.024
3025377.57,14485,0.091,4.169,4.261
3025380.24,14483,1.717,4.12,5.837
3025383.91,14485,2.283,3.877,6.16
3025398.13,14484,0.086,4.157,4.243
3025476.3,14483,0.191,4.185,4.376
3025483.1,14485,0.119,3.996,4.114
3025518.34,14484,2.206,6.102,8.308
3025522.37,14483,0.102,3.977,4.08
3025524.45,14484,0.08,4.121,4.201
3025555.03,14485,0.148,4.036,4.185
3025560.72,14483,0.112,5.009,5.121
3025577.02,14484,0.11,4.013,4.123
3025602.68,14485,0.1,6.12,6.22
3025615.04,14483,0.157,6.088,6.245
3025615.48,14484,0.062,7.21,7.273
3025702.13,14485,0.143,4.256,4.399
3025713.18,14483,0.106,4.193,4.299
3025739.25,14484,0.101,4.374,4.475
3025753.86,14485,0.092,3.961,4.053
3025761.28,14483,0.071,6.19,6.262
3025767.03,14484,0.056,4.074,4.13
3025785.02,14485,0.082,6.422,6.504
3025803.72,14483,0.094,4.183,4.278
3025819.84,14484,0.109,4.051,4.16
3025824.27,14485,0.155,4.227,4.382
3025832.39,14483,0.065,4.551,4.616
3025846.04,14484,0.089,4.995,5.085
3025854.5,14485,0.176,8.072,8.248
3025859.01,14483,0.09,9.235,9.325
3025860.8,14484,0.063,5.394,5.457
3025897.46,14485,0.229,5.196,5.424
3025905.11,14483,0.134,4.215,4.348
3025939.86,14484,0.092,4.402,4.493
3025950.94,14485,0.091,6.034,6.125
3025962.04,14483,2.073,6.702,8.775
3025962.88,14484,0.191,7.81,8.001
3025965.08,14485,0.43,6.19,6.619
3025981.31,14483,0.073,5.358,5.431
3025989.17,14484,0.095,5.059,5.154
3025995.15,14485,0.118,5.606,5.725
3026045.05,14483,1.253,9.752,11.005
3026045.22,14484,0.171,4.999,5.17
3026096.15,14485,0.317,4.642,4.96
3026101.55,14483,0.439,4.84,5.279
3026110.56,14484,0.15,4.177,4.327
3026117.32,14485,0.303,3.944,4.247
3026123.27,14483,0.141,4.005,4.146
3026136.69,14484,0.08,4.11,4.19
3026141.42,14485,0.07,4.339,4.409
3026171.95,14483,0.158,4.592,4.75
3026178.29,14484,0.121,4.202,4.324
3026190.69,14485,0.135,4.205,4.34
3026232.04,14483,0.089,6.097,6.186
3026232.45,14484,2.109,5.232,7.342
3026253.1,14485,0.106,4.381,4.487
3026259.87,14483,0.083,4.344,4.426
3026283.14,14484,0.154,3.965,4.119
3026289.81,14485,0.108,4.202,4.31
3026320.1,14483,2.342,3.938,6.28
3026413.57,14484,0.114,3.965,4.079
3026477.7,14485,2.002,4.189,6.19
3026505.61,14483,0.157,4.156,4.313
3026509.5,14484,0.091,6.263,6.354
3026510.69,14485,0.103,4.437,4.54
3026528.85,14483,0.103,6.239,6.341
3026532.98,14484,0.085,3.92,4.005
3026545.98,14485,0.105,4.308,4.414
3026637.28,14483,0.143,4.172,4.315
3026652.32,14484,0.176,4.217,4.393
3026692.71,14485,0.211,4.536,4.746
3026720.85,14483,0.102,4.313,4.415
3026748.35,14484,0.779,4.138,4.917
3026788.19,14485,0.097,6.016,6.113
3026837.53,14483,0.146,4.086,4.232
3026866.81,14484,0.107,4.098,4.205
3026925.74,14485,0.114,5.107,5.221
3026968.63,14483,0.386,5.74,6.126
3027090.42,14484,1.1,4.239,5.339
3027099.56,14485,0.098,4.214,4.312
3027110.75,14483,0.116,7.777,7.894
3027110.8,14484,0.059,6.582,6.641
3027168.43,14485,0.151,4.158,4.309
3027220.87,14483,0.158,4.043,4.2
3027378.87,14484,0.13,4.147,4.278
3027384.77,14485,0.233,4.511,4.744
3027389.7,14483,0.105,5.294,5.399
3027446.98,14484,0.102,4.112,4.213
3027480.58,14485,2.218,4.356,6.573
3027599.88,14483,0.908,3.894,4.802
3027632.3,14484,0.149,4.092,4.241
3027718.38,14485,0.145,3.995,4.14
3027783.96,14483,0.118,4.128,4.246
3027825.96,14484,2.688,4.132,6.819
3027833.29,14485,0.094,4.125,4.219
3027859.04,14483,0.102,3.855,3.957
3027870.83,14484,0.078,4.393,4.472
3027929.37,14485,1.334,5.948,7.282
3027940.38,14483,0.117,4.176,4.293
3027971.42,14484,0.325,6.637,6.962
3027994.94,14485,0.294,5.711,6.004
3028021.84,14483,0.087,4.231,4.318
3028062.36,14484,0.265,4.007,4.272
3028078.53,14485,0.234,6.84,7.074
3028086.13,14483,0.13,3.954,4.084
3028091.88,14484,0.079,3.882,3.96
3028095.32,14485,0.062,4.006,4.068
3028133.59,14484,0.124,3.96,4.085
3028142.5,14483,1.307,4.357,5.665
3028210.69,14485,0.132,4.307,4.439
3028334.96,14484,1.632,5.689,7.322
3028341.15,14483,0.244,4.338,4.582
3028361.77,14485,0.095,3.842,3.936
3028368.31,14484,0.059,4.183,4.243
3028372.27,14483,0.086,4.134,4.22
3028375.77,14484,0.071,3.945,4.016
3028380.48,14485,0.06,4.299,4.359
3028395.77,14483,0.075,3.964,4.039
3028400.27,14484,0.689,4.226,4.915
3028420.27,14485,0.168,4.705,4.873
3028480.26,14483,0.147,4.0,4.147
3028504.78,14484,0.118,3.926,4.044
3028506.44,14485,1.14,4.184,5.324
3028563.0,14483,0.162,4.071,4.233
3028569.4,14484,0.124,6.261,6.384
3028577.58,14483,0.111,4.268,4.379
3028590.44,14485,0.103,4.325,4.427
3028594.37,14484,0.092,4.218,4.309
3028641.25,14483,1.308,4.109,5.417
3028659.21,14485,0.175,4.126,4.301
3028696.1,14484,0.849,3.875,4.724
3028700.85,14483,0.135,3.917,4.052
3028711.59,14485,0.109,5.216,5.325
3028728.55,14484,0.077,3.993,4.07
3028764.93,14483,0.084,4.972,5.056
3028772.82,14485,0.16,4.033,4.193
3028782.68,14484,0.17,4.666,4.835
3028786.11,14483,2.647,4.018,6.665
3028810.55,14485,0.088,8.076,8.165
3028812.09,14484,0.058,7.343,7.401
3028814.83,14483,0.076,4.318,4.394
3028828.19,14485,0.134,6.36,6.493
3028874.53,14484,0.209,4.16,4.37
3028878.24,14483,0.1,4.051,4.151
3028885.91,14484,0.11,5.786,5.896
3028895.7,14485,0.19,6.757,6.947
3028927.4,14483,0.094,3.976,4.07
3028950.83,14484,0.356,5.454,5.81
3028956.92,14485,0.089,4.151,4.24
3028970.88,14483,0.086,3.959,4.045
3028978.49,14484,1.523,6.114,7.637
3029008.84,14485,0.18,5.422,5.602
3029017.12,14483,0.093,4.179,4.272
3029033.73,14483,0.145,4.381,4.526
3029037.59,14484,0.81,12.118,12.928
3029037.68,14485,0.65,10.321,10.971
3029061.75,14483,0.123,4.11,4.234
3029073.57,14484,0.159,4.24,4.398
3029083.52,14485,0.117,3.931,4.048
3029088.09,14483,0.104,4.137,4.241
3029153.93,14484,0.259,4.092,4.351
3029209.0,14485,0.137,4.037,4.174
3029210.29,14483,0.085,4.623,4.708
3029245.18,14484,0.199,4.171,4.369
3029261.19,14485,2.324,4.003,6.328
3029298.67,14483,0.119,4.171,4.29
3029321.7,14484,1.049,4.415,5.465
3029341.06,14485,0.098,4.132,4.23
3029346.93,14483,0.096,3.964,4.06
3029366.28,14484,0.094,8.115,8.209
3029368.13,14485,2.023,6.028,8.051
3029370.26,14483,2.103,4.197,6.3
3029380.45,14484,4.09,8.226,12.316
3029380.78,14485,5.261,6.669,11.93
3029425.24,14483,0.103,3.836,3.939
3029460.06,14484,1.403,6.449,7.852
3029460.73,14485,0.073,4.862,4.935
3029462.62,14483,0.055,4.508,4.562
3029477.83,14484,0.093,4.04,4.133
3029484.0,14485,0.079,3.826,3.905
3029491.05,14483,0.067,5.061,5.128
3029515.92,14484,0.08,6.866,6.946
3029516.97,14485,0.073,4.062,4.134
3029560.55,14483,0.089,7.836,7.926
3029562.97,14484,0.083,4.832,4.915
3029577.9,14485,0.076,3.974,4.05
3029601.16,14483,0.141,4.342,4.483
3029622.39,14484,1.364,4.109,5.473
3029627.31,14485,0.111,4.094,4.205
3029638.34,14483,0.826,3.933,4.759
3029645.99,14484,0.073,4.062,4.136
3029658.09,14485,0.084,6.052,6.136
3029668.03,14484,1.931,3.933,5.864
3029670.28,14485,0.408,6.077,6.485
3029670.39,14483,1.531,8.295,9.826
3029675.56,14484,0.054,3.947,4.001
3029692.2,14485,0.093,4.383,4.476
3029696.96,14483,0.074,3.974,4.048
3029708.95,14484,0.092,3.979,4.071
3029721.51,14485,0.123,8.526,8.649
3029721.6,14483,0.083,6.117,6.201
3029746.49,14484,0.651,3.997,4.648
3029788.06,14483,0.152,3.817,3.969
3029798.58,14485,0.104,3.893,3.997
3029835.45,14484,0.143,4.034,4.177
3029846.93,14483,1.18,4.245,5.425
3029861.67,14484,0.079,4.102,4.181
3029863.1,14485,2.306,6.059,8.365
3029867.06,14483,1.309,6.284,7.592
3029893.29,14484,0.127,3.901,4.028
3029901.03,14485,0.132,4.132,4.265
3029909.36,14483,1.503,4.075,5.577
3029940.63,14484,0.12,4.124,4.244
3029945.76,14485,0.106,4.275,4.38
3029965.12,14483,0.105,4.077,4.181
3029975.2,14484,0.082,4.021,4.103
3029994.89,14485,0.095,4.203,4.298
3030001.52,14483,0.085,4.543,4.628
3030010.47,14484,0.119,4.057,4.176
3030109.35,14485,0.122,4.317,4.439
3030130.4,14483,0.141,7.525,7.666
3030135.08,14484,0.12,4.209,4.329
3030164.15,14485,0.215,5.491,5.706
3030168.8,14483,0.499,4.341,4.84
3030178.61,14484,0.285,3.971,4.256
3030186.88,14485,0.106,6.373,6.479
3030189.33,14483,0.068,5.127,5.195
3030204.3,14484,0.095,3.859,3.954
3030207.03,14485,0.075,4.011,4.086
3030216.72,14484,0.127,4.013,4.141
3030221.49,14483,0.074,4.323,4.397
3030242.85,14485,0.149,6.246,6.395
3030249.47,14484,0.097,4.229,4.325
3030258.22,14483,0.074,4.096,4.17
3030267.05,14485,0.075,3.892,3.967
3030308.37,14484,0.109,3.999,4.107
3030315.17,14483,0.114,3.905,4.019
3030330.5,14485,0.153,6.102,6.255
3030380.88,14484,0.108,3.896,4.004
3030427.61,14483,0.671,4.578,5.249
3030451.65,14485,0.106,4.081,4.187
3030532.6,14484,0.104,6.004,6.108
3030608.26,14483,0.111,3.941,4.052
3030682.16,14485,0.222,4.033,4.255
3030739.41,14484,0.114,3.901,4.015
3030849.24,14483,0.121,4.198,4.319
3030937.27,14485,0.162,3.961,4.124
3030979.19,14484,0.135,4.378,4.513
3031022.74,14483,0.178,4.315,4.492
3031030.17,14485,0.08,4.44,4.52
3031058.48,14484,0.12,3.93,4.049
3031074.65,14485,1.397,6.475,7.872
3031074.71,14483,0.101,8.051,8.152
3031088.35,14485,0.159,4.205,4.363
3031090.04,14484,0.084,4.069,4.154
3031121.92,14483,0.095,4.349,4.444
3031134.66,14485,0.428,4.036,4.464
3031182.3,14484,0.291,4.01,4.301
3031188.36,14483,0.123,5.057,5.18
3031206.94,14485,0.204,4.416,4.62
3031227.99,14484,0.913,3.834,4.746
3031251.67,14483,0.164,6.135,6.298
3031283.13,14485,0.24,4.195,4.434
3031298.07,14484,2.453,3.934,6.386
3031306.02,14483,0.085,4.038,4.123
3031311.07,14485,0.067,4.323,4.39
3031334.44,14484,0.111,3.969,4.08
3031343.35,14483,0.093,4.167,4.26
3031386.45,14485,0.115,4.113,4.229
3031403.79,14484,0.121,3.934,4.055
3031411.96,14483,0.121,5.051,5.172
3031417.98,14485,0.085,6.155,6.24
3031426.61,14484,0.088,4.174,4.262
3031431.21,14483,0.067,4.069,4.136
3031435.71,14485,0.069,4.016,4.085
3031439.58,14484,0.073,4.346,4.419
3031448.14,14485,0.074,3.87,3.944
3031452.12,14483,0.06,4.456,4.516
3031482.88,14485,0.09,4.545,4.635
3031487.13,14485,1.825,4.12,5.945
3031488.72,14483,1.514,6.635,8.15
3031489.04,14484,0.07,9.19,9.26
3031496.76,14485,0.075,6.197,6.272
3031515.03,14483,2.001,6.182,8.183
3031515.35,14484,2.022,4.293,6.314
3031536.6,14485,0.075,5.096,5.171
3031537.13,14483,1.386,4.027,5.413
3031542.11,14484,0.668,4.85,5.517
3031549.67,14485,0.066,3.97,4.036
3031556.24,14483,0.063,4.009,4.072
3031598.85,14484,0.147,7.326,7.473
3031599.89,14485,0.077,4.728,4.806
3031603.42,14483,0.083,4.33,4.412
3031615.71,14485,0.072,3.958,4.03
3031636.47,14484,0.102,3.894,3.996
3031686.53,14483,0.395,4.88,5.275
3031701.5,14485,0.116,5.303,5.419
3031706.53,14484,0.104,3.956,4.06
3031801.25,14483,1.137,4.036,5.173
3031805.05,14485,2.079,3.897,5.975
3031824.76,14483,0.11,4.355,4.465
3031835.4,14484,0.799,4.13,4.928
3031843.74,14485,0.084,4.013,4.098
3031885.63,14484,0.06,7.098,7.157
3031888.11,14483,0.195,7.88,8.075
3031924.88,14485,0.219,4.557,4.776
3031926.83,14484,2.603,4.117,6.72
3031934.01,14483,0.087,4.203,4.29
3031938.25,14485,0.08,4.17,4.25
3031972.13,14483,1.823,8.007,9.83
3031972.58,14485,0.072,4.131,4.204
3031972.9,14484,1.951,6.616,8.567
3031976.43,14483,1.549,4.134,5.683
3031986.63,14485,0.083,4.726,4.809
3031992.53,14484,0.077,4.296,4.374
3031996.29,14483,0.056,4.137,4.193
3032069.71,14485,0.111,4.181,4.292
3032077.72,14484,0.104,4.179,4.283
3032085.27,14483,0.085,3.985,4.07
3032091.02,14485,0.076,8.192,8.268
3032091.18,14484,0.054,6.656,6.709
3032113.69,14483,0.081,3.861,3.943
3032118.99,14485,0.073,4.608,4.681
3032173.17,14484,0.229,4.144,4.374
3032178.38,14483,2.03,4.162,6.192
3032189.3,14485,0.095,6.062,6.157
3032226.17,14484,0.177,4.103,4.28
3032238.5,14483,0.26,4.585,4.845
3032252.13,14485,0.123,4.361,4.484
3032332.88,14484,0.391,8.275,8.666
3032332.93,14483,0.11,6.035,6.145
3032335.69,14485,0.138,4.3,4.438
3032339.53,14484,0.199,4.73,4.929
3032394.44,14485,0.141,5.815,5.956
3032420.61,14483,0.115,4.539,4.654
3032436.61,14484,0.155,4.135,4.29
3032446.15,14485,0.106,4.869,4.975
3032454.38,14483,1.06,4.133,5.193
3032455.07,14484,1.76,3.909,5.669
3032461.6,14485,0.059,4.361,4.42
3032506.62,14483,0.176,3.961,4.137
3032513.71,14484,0.103,3.862,3.965
3032523.89,14485,0.283,4.971,5.255
3032547.94,14483,0.083,3.98,4.064
3032555.88,14484,0.174,5.982,6.156
3032558.25,14485,0.579,6.042,6.621
3032584.08,14483,0.138,4.179,4.317
3032585.04,14484,0.091,4.223,4.314
3032607.22,14485,1.105,4.018,5.124
3032629.26,14483,0.134,4.214,4.348
3032630.78,14484,0.103,4.509,4.612
3032634.43,14485,0.086,4.179,4.265
3032638.34,14484,0.067,4.113,4.18
3032651.44,14484,0.059,4.134,4.193
3032651.94,14483,0.079,7.973,8.052
3032652.08,14485,0.237,3.932,4.169
3032681.32,14484,0.114,3.902,4.016
3032695.14,14485,0.107,3.951,4.058
3032701.82,14483,0.099,4.389,4.488
3032706.07,14484,0.374,4.129,4.503
3032709.15,14483,0.071,4.211,4.282
3032773.18,14485,0.153,4.232,4.384
3032780.25,14484,0.154,4.01,4.164
3032788.06,14483,0.102,3.99,4.092
3032812.22,14485,0.104,6.04,6.144
3032837.84,14484,0.093,4.835,4.928
3032847.11,14483,0.105,4.181,4.286
3032885.04,14485,3.179,4.941,8.12
3032887.79,14484,0.078,5.343,5.421
3032906.47,14483,0.104,5.124,5.228
3032915.98,14485,2.033,3.881,5.914
3032973.94,14484,0.116,4.626,4.742
3032978.73,14483,0.096,4.026,4.122
3033015.2,14485,0.093,4.107,4.2
3033023.37,14484,0.08,4.05,4.13
3033038.18,14483,0.083,4.006,4.09
3033108.58,14485,0.324,4.598,4.922
3033116.36,14484,0.11,4.288,4.398
3033138.49,14483,0.091,4.101,4.192
3033218.58,14485,0.258,3.877,4.135
3033253.63,14484,0.093,4.025,4.118
3033323.22,14483,0.712,3.9,4.612
3033374.06,14485,0.102,4.339,4.441
3033420.31,14484,0.138,4.054,4.192
3033470.83,14483,0.945,4.309,5.254
3033479.29,14485,1.123,4.124,5.247
3033683.79,14484,0.29,4.072,4.362
3033687.33,14483,0.161,4.081,4.243
3033731.11,14485,1.843,8.507,10.35
3033732.87,14484,2.32,5.789,8.11
3033774.13,14483,0.16,4.207,4.366
3033823.54,14485,0.47,9.806,10.276
3033855.99,14484,1.815,3.834,5.649
3033878.34,14483,1.158,4.199,5.357
3033986.25,14485,0.16,5.779,5.939
3034181.46,14484,0.259,7.196,7.454
3034186.64,14483,0.177,10.183,10.359
3034187.98,14485,0.139,6.245,6.384
3034197.52,14484,0.126,3.938,4.065
3034203.11,14483,0.093,3.853,3.945
3034209.04,14485,0.068,4.113,4.18
3034215.43,14483,1.77,4.323,6.093
3034225.15,14484,0.074,4.024,4.098
3034226.46,14485,0.063,3.865,3.929
3034252.7,14483,0.227,3.933,4.16
3034265.13,14484,0.19,3.881,4.07
3034269.11,14485,0.1,4.058,4.158
3034335.31,14483,2.129,4.079,6.208
3034382.58,14484,0.134,4.36,4.494
3034385.11,14485,0.133,4.898,5.031
3034424.27,14483,0.244,6.522,6.766
3034428.71,14484,0.102,3.957,4.059
3034468.26,14485,0.113,6.065,6.177
3034470.31,14483,0.073,4.059,4.132
3034474.53,14485,0.059,3.923,3.982
3034478.11,14484,0.062,4.133,4.195
3034482.45,14485,0.09,3.989,4.079
3034484.02,14483,0.056,3.91,3.966
3034506.6,14484,0.089,4.07,4.16
3034583.96,14485,1.336,4.16,5.496
3034593.79,14483,0.077,3.961,4.038
3034606.3,14484,0.179,4.246,4.425
3034635.2,14485,0.128,6.094,6.222
3034664.43,14483,0.091,4.209,4.299
3034731.76,14484,0.119,6.17,6.289
3034748.57,14485,0.099,4.02,4.119
3034765.72,14483,0.132,4.0,4.132
3034777.13,14484,0.135,4.129,4.264
3034788.3,14484,0.061,4.148,4.209
3034788.34,14483,0.052,6.074,6.126
3034788.52,14485,0.954,8.381,9.336
3034805.5,14483,0.11,6.484,6.594
3034819.08,14484,0.299,4.2,4.498
3034882.26,14485,0.13,4.079,4.21
3034888.51,14483,0.088,4.101,4.188
3034916.94,14484,0.211,4.052,4.263
3034963.13,14485,3.519,4.459,7.977
3035013.16,14483,0.125,4.165,4.29
3035018.85,14484,0.105,4.348,4.453
3035027.83,14485,0.086,4.816,4.902
3035042.24,14483,0.085,4.316,4.401
3035054.79,14484,0.103,4.632,4.735
3035074.29,14485,0.097,8.083,8.18
3035074.49,14483,0.061,4.339,4.4
3035093.24,14484,0.094,3.907,4.001
3035093.71,14485,0.07,4.064,4.135
3035099.56,14483,0.078,4.249,4.328
3035106.05,14484,0.08,4.736,4.817
3035130.08,14485,0.083,4.553,4.635
3035141.61,14483,0.086,4.423,4.509
3035143.44,14484,0.111,4.139,4.249
3035162.81,14485,0.075,3.971,4.046
3035259.28,14483,0.192,4.474,4.666
3035264.3,14484,0.134,4.389,4.523
3035276.83,14485,0.18,5.657,5.837
3035304.5,14483,0.131,3.975,4.106
3035309.37,14484,0.096,5.139,5.234
3035336.79,14485,0.128,3.935,4.063
3035386.41,14483,0.103,4.179,4.282
3035389.74,14484,0.095,4.053,4.148
3035398.32,14485,0.102,4.391,4.494
3035404.51,14483,0.239,5.064,5.303
3035407.35,14484,0.08,6.21,6.291
3035410.06,14485,0.084,4.884,4.968
3035425.91,14483,0.102,4.223,4.324
3035428.07,14484,0.091,4.243,4.334
3035462.53,14485,0.092,3.991,4.083
3035478.95,14483,0.132,4.378,4.51
3035483.04,14484,0.098,4.09,4.188
3035489.62,14483,0.079,4.22,4.299
3035583.55,14485,0.125,3.909,4.033
3035631.2,14484,0.262,4.247,4.509
3035643.86,14483,0.132,3.961,4.094
3035670.54,14485,0.095,4.232,4.327
3035793.27,14484,0.15,5.05,5.2
3035804.93,14483,0.113,3.88,3.993
3035821.56,14485,0.159,6.278,6.437
3035837.69,14484,0.086,4.095,4.181
3035878.57,14483,0.215,4.391,4.605
3035881.57,14485,0.081,4.195,4.276
3035916.65,14483,0.128,3.821,3.949
3035981.27,14484,1.654,4.08,5.733
3036047.29,14485,0.128,4.073,4.201
3036078.17,14483,0.112,4.193,4.305
3036092.27,14484,0.106,4.294,4.4
3036144.98,14485,0.133,4.705,4.839
3036150.25,14483,0.085,6.715,6.799
3036171.22,14484,0.16,4.037,4.197
3036226.31,14485,0.233,5.627,5.86
3036308.08,14483,0.142,3.94,4.082
3036429.54,14484,0.137,4.179,4.316
3036470.68,14485,0.121,4.039,4.16
3036562.35,14483,0.144,4.05,4.194
3036588.95,14484,0.104,4.015,4.119
3036681.72,14485,0.615,6.911,7.526
3036689.56,14483,0.332,7.158,7.49
3036689.97,14484,0.107,5.4,5.507
3036702.18,14485,0.135,4.096,4.231
3036721.08,14483,0.087,3.907,3.994
3036746.08,14484,0.11,4.053,4.163
3036763.04,14485,0.118,3.94,4.058
3036882.28,14483,0.174,4.283,4.457
3036901.18,14484,0.129,4.084,4.213
3036967.2,14485,0.389,4.29,4.678
3037035.52,14483,0.291,5.447,5.738
3037053.94,14484,0.114,4.511,4.625
3037087.01,14485,0.176,4.356,4.532
3037165.67,14483,0.109,4.092,4.2
3037180.74,14484,0.114,6.103,6.217
3037202.46,14485,0.124,5.246,5.37
3037213.57,14483,0.965,5.384,6.349
3037305.0,14484,0.273,5.467,5.74
3037410.79,14485,0.139,4.405,4.543
3037457.39,14483,1.322,4.19,5.512
3037555.89,14484,0.201,4.061,4.262
3037660.95,14485,0.136,4.175,4.311
3037704.79,14483,0.167,4.515,4.682
3037722.37,14484,0.115,4.26,4.374
3037745.1,14485,0.119,4.0,4.119
3037747.36,14483,0.855,4.094,4.949
3037779.29,14484,0.104,4.1,4.204
3037801.48,14485,0.123,6.179,6.303
3037804.36,14483,0.086,4.307,4.393
3037883.87,14484,0.099,4.015,4.115
3037980.98,14485,0.157,4.659,4.816
3037991.63,14483,0.103,3.998,4.101
3038060.36,14484,0.128,4.063,4.19
3038139.86,14485,0.156,4.103,4.259
3038240.48,14483,0.168,8.171,8.338
3038311.12,14484,0.216,6.706,6.922
3038440.04,14485,0.28,4.894,5.174
3038457.33,14483,0.142,4.055,4.197
3038467.29,14484,0.088,4.088,4.176
3038601.19,14485,0.332,4.263,4.596
3038639.14,14483,1.059,4.003,5.063
3038790.46,14484,0.248,6.61,6.858
3038793.12,14485,0.132,5.761,5.893
3038819.96,14483,0.168,3.952,4.12
3038889.94,14484,1.432,9.192,10.624
3038896.07,14485,1.104,7.758,8.862
3038905.39,14483,0.075,3.985,4.06
3038930.58,14484,0.087,3.859,3.946
3038945.72,14485,0.879,4.522,5.401
3038950.4,14483,0.095,4.235,4.33
3038971.13,14484,0.876,5.962,6.838
3038982.87,14485,0.093,5.715,5.808
3038987.86,14483,2.502,6.73,9.232
3039015.27,14484,0.107,4.129,4.236
3039031.46,14485,0.083,5.903,5.986
3039045.99,14483,0.186,4.236,4.422
3039056.5,14484,0.121,4.152,4.273
3039081.3,14485,0.121,4.189,4.31
3039145.77,14483,0.094,6.313,6.407
3039147.86,14484,0.077,4.67,4.747
3039165.29,14485,0.395,4.627,5.021
3039177.04,14483,0.17,6.05,6.22
3039177.86,14484,1.905,4.617,6.522
3039194.75,14485,0.076,4.004,4.08
3039227.32,14483,0.099,4.024,4.123
3039256.68,14484,0.75,4.262,5.012
3039261.14,14485,0.167,4.581,4.748
3039265.94,14483,0.134,4.605,4.738
3039278.36,14485,0.115,5.042,5.157
3039280.84,14484,0.104,4.314,4.417
3039324.06,14483,0.085,4.01,4.095
3039331.98,14485,0.057,3.85,3.907
3039340.05,14484,0.265,5.793,6.058
3039342.67,14483,0.085,4.236,4.321
3039347.94,14485,0.08,4.14,4.22
3039377.78,14484,1.283,8.106,9.389
3039378.63,14483,1.79,7.517,9.307
3039383.15,14485,0.094,5.195,5.289
3039422.54,14483,0.166,4.056,4.222
3039432.17,14484,0.11,4.066,4.177
3039472.24,14485,0.098,4.041,4.139
3039479.14,14483,0.098,5.114,5.213
3039487.78,14484,0.277,4.037,4.314
3039503.85,14485,0.09,4.232,4.323
3039532.77,14483,0.183,4.641,4.823
3039542.94,14484,0.085,4.441,4.526
3039561.31,14485,0.09,4.149,4.238
3039565.45,14483,1.916,4.269,6.185
3039565.54,14485,1.631,4.059,5.689
3039599.84,14484,0.137,4.241,4.378
3039646.21,14483,0.788,7.994,8.781
3039646.37,14485,0.07,4.922,4.992
3039657.96,14484,1.582,3.859,5.441
3039667.34,14483,0.07,4.005,4.075
3039674.26,14485,0.131,4.08,4.211
3039692.62,14484,0.103,4.088,4.19
3039711.66,14483,0.139,3.945,4.084
3039736.15,14485,0.088,3.955,4.043
3039748.4,14484,0.096,4.099,4.195
3039771.24,14483,0.086,5.115,5.201
3039777.48,14485,0.079,4.148,4.227
3039796.41,14484,0.102,4.104,4.206
3039801.05,14483,0.065,4.69,4.755
3039827.43,14485,0.09,4.076,4.166
3039841.27,14484,0.086,4.124,4.21
3039855.07,14483,0.092,5.003,5.095
3039863.6,14485,0.088,5.06,5.148
3039866.43,14484,0.086,4.111,4.198
3039886.69,14483,0.11,4.956,5.066
3039911.82,14485,0.097,3.934,4.031
3039916.23,14484,0.072,3.878,3.95
3039930.0,14485,0.052,5.563,5.616
3039930.06,14483,0.073,5.663,5.737
3039940.68,14484,0.081,4.144,4.225
3039987.32,14485,3.88,4.175,8.056
3040002.57,14483,0.161,4.25,4.411
3040010.06,14484,0.133,3.837,3.97
3040017.53,14485,0.082,4.177,4.259
3040041.47,14483,0.11,5.84,5.95
3040045.31,14484,0.071,3.926,3.998
3040070.08,14485,0.198,4.973,5.171
3040139.26,14483,0.176,4.48,4.657
3040168.86,14484,0.108,4.258,4.366
3040188.26,14485,0.213,4.359,4.572
3040201.73,14483,1.674,4.513,6.187
3040216.2,14484,0.081,4.083,4.164
3040255.74,14485,0.512,4.237,4.749
3040263.42,14483,0.406,4.167,4.573
3040290.28,14484,0.157,5.789,5.946
3040306.1,14485,0.112,4.898,5.01
3040319.72,14483,0.111,5.869,5.98
3040320.53,14484,0.053,5.116,5.169
3040329.88,14485,0.063,5.855,5.918
3040355.27,14483,0.209,6.173,6.381
3040362.98,14484,0.129,3.931,4.06
3040372.38,14485,0.082,4.069,4.151
3040375.33,14483,0.097,4.136,4.233
3040388.5,14485,0.063,4.3,4.363
3040394.96,14484,0.073,3.983,4.056
3040438.21,14483,0.136,3.993,4.129
3040444.72,14485,0.118,4.2,4.318
3040453.66,14484,0.079,4.032,4.11
3040498.93,14483,0.098,4.521,4.619
3040501.79,14485,0.111,4.584,4.695
3040553.42,14484,0.144,4.068,4.212
3040655.58,14483,0.175,5.313,5.489
3040667.19,14485,0.152,4.145,4.298
3040704.48,14484,0.123,4.282,4.404
3040707.78,14483,0.062,4.115,4.177
3040714.49,14485,0.094,4.052,4.146
3040793.76,14484,0.125,4.603,4.728
3040796.18,14483,0.068,4.061,4.13
3040807.01,14485,0.115,4.017,4.132
3040898.37,14484,0.2,3.922,4.122
3040912.35,14483,1.564,4.217,5.782
3040973.68,14485,0.15,4.291,4.441
3040983.37,14484,0.174,6.255,6.428
3040999.74,14483,2.172,4.398,6.57
3041054.89,14485,0.674,4.091,4.764
3041194.96,14484,0.2,7.478,7.679
3041331.24,14483,0.138,5.962,6.1
3041333.75,14485,2.901,4.512,7.413
3041346.26,14484,0.804,4.089,4.893
3041390.67,14483,0.173,6.451,6.625
3041393.14,14485,0.089,4.924,5.013
3041432.15,14484,0.102,3.973,4.075
3041445.29,14483,0.078,3.989,4.068
3041461.3,14485,0.103,4.48,4.583
3041485.0,14484,0.101,3.922,4.024
3041491.94,14483,0.14,4.145,4.284
3041498.77,14485,0.152,4.181,4.333
3041506.17,14484,0.153,4.052,4.204
3041533.6,14483,0.243,10.289,10.533
3041548.07,14485,2.378,3.83,6.208
3041610.37,14484,0.233,5.285,5.518
3041635.56,14485,0.158,9.695,9.853
3041637.12,14483,0.394,13.856,14.249
3041643.84,14484,0.104,6.518,6.622
3041649.09,14485,0.103,4.834,4.937
3041664.84,14483,0.081,4.681,4.762
3041670.11,14484,0.08,4.104,4.183
3041676.38,14485,0.059,4.171,4.231
3041701.34,14483,0.077,4.199,4.276
3041708.74,14484,0.101,4.031,4.133
3041730.65,14483,0.095,4.315,4.41
3041731.38,14485,0.234,7.235,7.469
3041733.4,14484,0.06,6.082,6.142
3041735.79,14483,0.499,4.194,4.694
3041742.16,14485,0.099,4.105,4.204
3041746.53,14484,0.099,4.027,4.126
3041752.72,14483,0.066,4.415,4.481
3041866.27,14485,0.148,4.103,4.251
3041870.68,14484,0.255,4.216,4.471
3041894.66,14485,0.099,4.253,4.352
3041895.23,14483,0.112,6.114,6.226
3041943.75,14484,0.108,3.959,4.067
3041955.17,14485,0.074,3.95,4.024
3041961.84,14483,0.063,5.126,5.189
3041963.13,14484,2.009,3.921,5.93
3041966.44,14485,1.757,7.262,9.019
3041967.49,14483,0.068,5.475,5.544
3041971.82,14484,0.063,3.977,4.041
3042011.35,14485,2.042,4.224,6.267
3042015.45,14483,1.642,3.901,5.543
3042022.48,14484,0.089,3.944,4.033
3042041.47,14485,0.103,4.428,4.531
3042067.68,14483,0.109,4.625,4.735
3042105.73,14484,0.502,4.423,4.925
3042114.07,14485,1.426,3.899,5.325
3042140.02,14484,0.178,3.939,4.117
3042143.11,14483,1.006,5.696,6.702
3042144.2,14485,0.052,4.755,4.806
3042153.76,14484,0.151,4.291,4.442
3042179.12,14483,0.102,6.25,6.352
3042181.3,14485,1.648,5.161,6.809
3042217.11,14484,0.12,4.035,4.155
3042238.14,14483,1.05,4.051,5.101
3042264.48,14485,0.277,4.171,4.448
3042267.15,14484,0.097,4.149,4.246
3042282.86,14483,0.139,6.256,6.394
3042284.97,14485,4.348,4.992,9.34
3042291.03,14484,0.219,4.719,4.938
3042330.73,14483,0.322,4.228,4.549
3042354.14,14485,0.233,4.096,4.33
3042354.66,14484,0.124,4.527,4.651
3042380.63,14483,0.186,4.212,4.398
3042387.16,14485,0.365,3.971,4.336
3042395.98,14484,0.087,5.06,5.147
3042428.35,14483,1.14,5.148,6.288
3042441.81,14485,0.08,4.136,4.216
3042496.42,14484,0.171,4.113,4.284
3042510.76,14483,0.11,4.199,4.309
3042553.07,14485,0.346,4.048,4.394
3042581.07,14484,0.183,4.396,4.579
3042614.61,14483,0.129,5.645,5.773
3042753.55,14485,0.114,4.489,4.602
3042764.36,14484,0.152,5.876,6.028
3042771.05,14483,0.096,4.351,4.447
3042773.21,14485,3.045,4.217,7.262
3042911.34,14484,0.223,4.39,4.614
3043012.05,14483,0.338,4.088,4.427
3043025.02,14485,0.091,3.824,3.915
3043087.37,14484,0.141,4.034,4.175
3043091.29,14483,0.095,4.637,4.732
3043112.93,14484,0.215,4.237,4.452
3043134.43,14485,0.223,4.041,4.263
3043138.79,14483,1.539,4.142,5.681
3043344.21,14484,0.293,6.835,7.127
3043422.13,14485,0.212,5.536,5.749
3043448.44,14483,0.262,6.497,6.759
3043528.89,14484,0.403,9.35,9.753
3043673.29,14485,2.189,4.071,6.26
3043682.26,14483,2.39,4.114,6.504
3043700.73,14484,0.082,4.362,4.444
3043734.84,14485,0.285,7.471,7.755
3043766.08,14483,2.074,3.901,5.976
3043770.65,14484,0.14,4.434,4.574
3043792.3,14485,0.114,4.12,4.234
3043860.94,14484,0.288,11.348,11.636
3043865.06,14483,0.835,15.071,15.907
3043868.25,14484,2.823,6.996,9.818
3043868.61,14485,2.112,8.282,10.394
3043887.87,14483,0.095,4.097,4.192
3043892.72,14484,0.065,4.347,4.412
3043931.49,14485,0.197,4.274,4.471
3043964.21,14484,0.191,7.497,7.688
3043964.56,14483,0.358,7.447,7.805
3043984.88,14485,0.126,4.682,4.808
3043989.99,14484,0.109,4.219,4.327
3044008.0,14483,0.625,3.895,4.52
3044049.47,14485,0.14,6.231,6.371
3044053.08,14484,0.107,3.929,4.036
3044058.06,14485,0.354,4.442,4.796
3044081.84,14483,0.089,4.494,4.583
3044108.45,14484,0.099,4.101,4.2
3044125.14,14485,0.1,4.188,4.287
3044135.02,14483,0.178,3.833,4.011
3044151.06,14484,0.103,4.026,4.129
3044207.88,14485,0.222,9.297,9.519
3044207.96,14483,1.189,6.01,7.199
3044249.07,14485,0.122,5.047,5.169
3044249.15,14484,0.463,8.329,8.793
3044287.29,14483,0.132,3.941,4.074
3044302.8,14485,0.174,4.024,4.198
3044310.53,14484,0.131,4.174,4.305
3044326.53,14483,0.165,4.226,4.391
3044329.21,14485,0.099,5.493,5.592
3044352.07,14484,0.197,6.421,6.618
3044366.05,14483,0.155,5.168,5.323
3044374.06,14485,0.092,6.008,6.1
3044375.28,14484,0.063,5.057,5.119
3044390.65,14483,0.101,4.338,4.438
3044404.64,14485,0.1,5.256,5.355
3044426.06,14484,0.112,4.151,4.263
3044433.9,14483,0.182,4.023,4.205
3044445.29,14485,1.333,4.159,5.492
3044449.64,14484,0.157,4.413,4.57
3044470.5,14485,0.238,4.258,4.496
3044493.99,14483,0.102,4.959,5.061
3044500.32,14484,0.093,4.368,4.461
3044501.72,14485,0.066,4.274,4.341
3044527.11,14483,0.143,4.008,4.151
3044535.28,14484,0.094,6.02,6.114
3044539.33,14485,0.064,4.169,4.232
3044611.31,14484,0.246,6.976,7.222
3044630.67,14483,0.103,4.095,4.198
3044659.85,14485,0.103,4.145,4.248
3044677.66,14483,0.059,6.0,6.059
3044678.34,14484,0.184,8.196,8.38
3044680.92,14485,0.053,3.949,4.002
3044697.09,14483,1.516,4.045,5.561
3044711.2,14484,2.368,6.061,8.429
3044751.68,14485,0.116,4.161,4.277
3044766.14,14483,0.161,4.015,4.176
3044769.49,14484,1.045,4.235,5.28
3044803.6,14485,0.107,4.143,4.251
3044809.98,14483,0.08,3.847,3.928
3044840.67,14484,0.117,4.136,4.253
3044877.71,14485,1.817,5.083,6.9
3044882.98,14483,0.093,3.902,3.995
3044890.45,14484,0.072,4.091,4.163
3044920.62,14483,0.063,7.788,7.852
3044920.76,14485,0.184,8.596,8.781
3044943.06,14484,0.091,4.507,4.598
3044979.34,14485,0.059,4.253,4.312
3044983.85,14484,0.059,5.194,5.253
3044983.9,14483,0.12,10.217,10.337
3045037.25,14485,0.141,6.075,6.216
3045060.44,14484,0.161,4.24,4.401
3045140.53,14483,0.119,4.159,4.278
3045269.11,14485,0.141,4.604,4.745
3045408.8,14484,0.141,4.197,4.337
3045534.39,14483,0.152,4.005,4.157
3045536.86,14485,0.698,4.582,5.28
3045592.13,14484,0.127,4.329,4.457
3045601.71,14483,0.119,4.691,4.81
3045632.4,14485,0.1,4.065,4.165
3045639.44,14484,0.082,4.113,4.196
3045662.21,14483,0.078,4.553,4.631
3045817.21,14485,0.179,6.34,6.519
3045949.87,14484,0.12,4.176,4.296
3046008.06,14483,0.145,4.305,4.45
3046056.05,14485,0.176,6.547,6.724
3046082.03,14484,0.116,4.116,4.232
3046111.88,14483,0.127,4.412,4.539
3046154.15,14485,0.139,4.116,4.256
3046183.99,14484,0.099,6.593,6.692
3046184.79,14483,0.108,4.843,4.95
3046226.38,14485,0.15,4.155,4.304
3046241.61,14484,0.098,4.28,4.377
3046270.37,14483,0.121,4.405,4.527
3046332.3,14485,0.136,4.459,4.595
3046340.08,14484,0.125,3.96,4.085
3046351.04,14483,0.135,4.461,4.596
3046391.63,14485,0.142,3.894,4.036
3046435.9,14484,0.179,6.152,6.331
3046455.05,14483,0.082,4.01,4.092
3046468.33,14485,0.92,3.916,4.836
3046477.09,14484,0.082,4.028,4.109
3046513.48,14483,0.124,4.008,4.131
3046540.31,14485,0.101,3.838,3.939
3046677.27,14484,0.145,3.97,4.115
3046717.38,14483,0.184,4.03,4.214
3046790.8,14485,0.112,4.207,4.32
3046833.2,14484,0.14,4.034,4.174
3046961.27,14483,2.23,3.966,6.196
3046988.29,14485,2.152,4.092,6.244
3046991.8,14484,0.078,3.968,4.046
3047063.89,14483,0.386,9.356,9.742
3047283.54,14485,1.736,4.387,6.123
3047324.76,14484,0.228,4.137,4.366
3047339.28,14483,0.173,3.91,4.083
3047383.65,14485,0.241,4.154,4.395
3047390.07,14484,0.879,4.165,5.044
3047422.11,14483,2.178,3.976,6.153
3047439.55,14485,0.124,4.11,4.234
3047444.5,14484,0.151,3.958,4.109
3047476.02,14483,0.187,4.185,4.372
3047664.28,14485,1.614,6.084,7.699
3047666.09,14484,0.091,4.078,4.168
3047735.83,14483,0.156,3.934,4.089
3047740.56,14485,0.093,4.197,4.289
3047875.3,14484,0.165,4.171,4.337
3047881.01,14483,0.277,4.141,4.418
3048015.52,14485,0.759,4.114,4.873
3048182.03,14484,0.178,4.195,4.373
3048211.56,14483,2.556,4.177,6.733
3048250.02,14485,0.532,4.21,4.742
3048290.41,14484,0.177,4.28,4.457
3048406.56,14483,0.159,4.227,4.386
3048417.61,14485,0.156,4.128,4.284
3048468.49,14484,1.676,9.694,11.369
3048502.45,14483,1.141,4.288,5.429
3048590.5,14485,0.159,4.639,4.798
3048631.85,14484,0.122,4.158,4.279
3048674.92,14483,0.439,9.712,10.151
3048754.92,14485,0.252,6.815,7.067
3048781.58,14484,0.544,11.267,11.812
3048862.91,14483,0.236,6.045,6.281
3048947.21,14485,0.61,4.459,5.069
3048955.14,14484,0.156,4.114,4.271
3048974.25,14483,0.113,4.025,4.137
3049017.19,14485,0.1,3.839,3.939
3049044.15,14484,1.015,3.934,4.949
3049117.12,14483,0.252,4.041,4.293
3049166.66,14485,0.247,4.663,4.91
3049262.47,14484,0.214,4.25,4.465
3049267.7,14483,1.686,4.384,6.069
3049313.47,14485,1.077,4.288,5.365
3049388.6,14484,0.207,6.087,6.294
3049397.09,14483,0.409,5.676,6.086
3049465.71,14484,0.124,4.824,4.948
3049466.82,14485,0.258,6.751,7.009
3049477.98,14483,0.162,4.749,4.911
3049481.17,14484,0.066,4.227,4.293
3049496.96,14485,2.03,3.875,5.905
3049559.24,14483,0.236,7.462,7.699
3049573.3,14484,0.283,7.527,7.81
3049583.19,14485,0.202,13.892,14.094
3049584.21,14483,2.025,11.114,13.14
3049595.51,14484,0.281,4.449,4.73
3049613.54,14485,0.239,4.545,4.783
3049649.19,14483,0.175,4.284,4.46
3049652.87,14484,0.121,4.206,4.328
3049673.18,14485,0.157,4.989,5.146
3049697.16,14483,0.107,4.246,4.353
3049711.34,14484,0.082,6.027,6.109
3049761.16,14485,0.18,4.122,4.302
3049771.12,14483,0.167,4.155,4.322
3049778.63,14484,0.089,4.144,4.233
3049788.89,14485,0.118,5.171,5.288
3049796.89,14483,1.583,4.195,5.778
3049798.97,14484,1.494,4.695,6.189
3049802.21,14485,2.098,4.341,6.439
3049857.64,14484,0.168,4.345,4.513
3049907.37,14483,0.108,4.176,4.284
3049915.31,14485,0.096,4.081,4.177
3049939.83,14484,0.171,4.26,4.432
3049965.14,14485,0.061,5.948,6.009
3049965.87,14483,0.116,8.285,8.401
3049971.35,14485,0.061,4.232,4.293
3049971.81,14484,0.195,6.504,6.699
3049988.51,14483,0.073,5.97,6.043
3049991.13,14485,0.061,4.855,4.915
3050003.3,14484,0.096,4.095,4.192
3050064.32,14483,0.112,4.146,4.259
3050083.27,14485,2.108,4.007,6.115
3050091.63,14484,0.155,5.216,5.37
3050098.07,14483,0.115,4.31,4.425
3050108.77,14485,0.102,5.227,5.329
3050134.73,14484,0.105,4.151,4.255
3050140.59,14483,0.085,4.416,4.5
3050161.94,14485,0.08,4.299,4.379
3050184.24,14484,0.105,3.996,4.101
3050208.07,14483,0.12,6.278,6.398
3050209.91,14485,1.085,7.373,8.457
3050214.64,14484,0.116,4.507,4.623
3050277.04,14485,0.157,4.322,4.479
3050281.52,14484,0.35,4.612,4.962
3050281.67,14483,0.981,4.769,5.75
3050316.1,14485,0.249,7.628,7.877
3050355.79,14484,0.124,4.219,4.343
3050362.85,14483,0.139,5.851,5.99
3050433.72,14485,0.64,4.907,5.547
3050444.79,14484,0.499,5.35,5.849
3050448.5,14483,2.16,5.131,7.292
3050453.58,14484,0.109,7.915,8.024
3050477.55,14485,0.401,4.099,4.501
3050558.17,14483,0.155,4.01,4.165
3050611.87,14484,0.153,4.823,4.976
3050654.06,14485,0.305,4.072,4.377
3050703.25,14483,0.274,5.569,5.843
3050765.15,14484,0.182,5.335,5.516
3050798.63,14485,0.22,4.66,4.88
3050918.35,14483,0.189,4.46,4.649
3050935.33,14484,0.229,4.199,4.429
3050992.57,14485,0.482,4.108,4.591
3051071.36,14483,0.478,5.022,5.5
3051099.93,14484,0.163,4.493,4.656
3051132.84,14485,0.211,5.929,6.14
3051257.37,14483,0.909,6.338,7.248
3051300.74,14484,0.29,7.492,7.783
3051326.83,14485,1.734,5.592,7.325
3051346.87,14483,0.177,6.783,6.96
3051409.16,14484,0.166,4.098,4.264
3051441.37,14485,4.042,4.134,8.176
3051458.81,14483,0.177,5.151,5.328
3051531.06,14484,0.273,4.078,4.351
3051705.27,14485,1.655,4.3,5.955
3051721.18,14483,0.226,4.126,4.352
3051901.65,14484,0.19,3.96,4.15
3051943.54,14485,2.45,4.02,6.469
3051950.99,14483,0.168,6.187,6.355
3051975.26,14484,2.21,3.912,6.122
3052050.08,14485,0.16,4.191,4.351
3052055.44,14483,0.195,4.387,4.582
3052071.59,14484,0.145,6.489,6.634
3052338.51,14485,0.346,4.078,4.424
3052474.32,14483,0.184,3.971,4.155
3052489.07,14484,0.996,5.944,6.94
3052498.25,14485,0.111,4.015,4.125
3052552.72,14483,0.159,6.087,6.246
3052586.64,14484,0.152,4.924,5.076
3052633.83,14485,0.117,4.012,4.129
3052724.27,14483,0.663,4.47,5.133
3052746.89,14484,0.262,4.453,4.715
3052820.75,14485,0.635,4.106,4.74
3052856.11,14483,0.666,4.928,5.595
3052882.87,14484,0.152,4.996,5.148
3052926.36,14485,0.277,4.144,4.421
3052957.66,14483,1.308,4.086,5.394
3053071.94,14484,0.561,4.6,5.16
3053119.35,14485,1.236,3.988,5.224
3053566.33,14483,0.151,3.977,4.128
3053626.77,14484,0.363,8.931,9.294
3053770.62,14485,0.337,6.307,6.644
3053773.46,14483,0.143,4.809,4.952
3053876.14,14484,0.211,4.259,4.47
3054124.42,14485,2.87,4.044,6.914
3054178.52,14483,0.208,7.267,7.475
3054203.44,14484,0.323,5.267,5.591
3054242.91,14485,0.314,4.157,4.471
3054281.97,14483,0.231,3.923,4.154
3054387.51,14484,0.178,5.17,5.348
3054417.41,14485,0.167,4.486,4.653
3054425.71,14483,0.131,4.025,4.155
3054440.29,14484,0.51,4.312,4.822
3054487.32,14485,0.184,4.099,4.283
3054593.44,14483,0.254,4.089,4.343
3054682.45,14484,0.262,5.975,6.237
3054701.2,14485,0.351,4.218,4.569
3054744.92,14483,0.26,5.264,5.523
3054771.62,14484,0.182,4.127,4.308
3054879.19,14485,0.256,4.739,4.995
3054957.38,14483,0.176,4.262,4.439
3054964.49,14484,0.096,4.684,4.781
3055065.63,14485,0.216,5.768,5.983
3055076.49,14483,1.549,4.169,5.718
3055084.24,14484,0.246,6.864,7.11
3055120.1,14485,0.236,3.986,4.222
3055180.51,14483,0.231,5.857,6.088
3055215.96,14484,2.58,6.09,8.669
3055266.51,14485,0.463,4.381,4.844
3055281.28,14483,0.478,4.361,4.839
3055418.56,14484,0.361,6.833,7.194
3055484.83,14485,0.214,4.187,4.401
3055498.83,14483,0.319,4.248,4.568
3055546.68,14484,3.347,6.346,9.692
3055651.26,14485,0.198,4.071,4.269
3055674.96,14483,0.161,4.38,4.541
3055740.72,14484,0.16,4.144,4.304
3055791.68,14485,0.179,4.623,4.802
3055820.19,14483,0.32,4.382,4.702
3055839.45,14484,0.183,4.09,4.273
3055854.14,14485,0.577,4.362,4.939
3055859.05,14483,0.1,4.444,4.544
3055863.22,14484,0.999,4.02,5.019
3055875.48,14485,0.168,6.338,6.506
3055875.61,14483,0.07,4.533,4.603
3055908.84,14484,0.214,4.187,4.401
3055919.65,14485,1.439,6.936,8.375
3055936.73,14483,0.43,4.29,4.72
3055941.84,14484,0.084,6.275,6.359
3055999.69,14485,0.18,10.233,10.413
3055999.82,14483,0.149,8.729,8.878
3056047.03,14484,0.185,4.096,4.281
3056051.5,14485,0.084,7.49,7.573
3056075.42,14483,0.174,4.361,4.535
3056087.32,14484,0.366,4.14,4.507
3056117.66,14485,1.989,9.222,11.211
3056122.44,14483,0.116,12.233,12.349
3056124.21,14484,0.13,5.773,5.903
3056135.15,14485,0.209,4.152,4.362
3056136.68,14483,0.294,4.551,4.845
3056159.08,14484,0.248,6.171,6.419
3056159.39,14485,0.075,5.394,5.47
3056169.85,14483,0.134,8.123,8.257
3056173.87,14484,0.191,4.189,4.38
3056185.37,14485,0.431,4.101,4.532
3056198.99,14483,0.154,5.077,5.231
3056207.54,14484,1.197,4.207,5.404
3056243.69,14485,0.208,5.269,5.477
3056286.56,14483,0.881,6.281,7.162
3056292.6,14484,0.156,4.186,4.342
3056305.63,14485,0.214,4.295,4.509
3056339.12,14483,0.495,4.916,5.411
3056339.27,14484,0.124,3.943,4.067
3056360.24,14485,2.066,6.393,8.459
3056370.24,14483,0.732,8.192,8.924
3056425.6,14484,0.164,4.813,4.978
3056471.97,14485,0.239,6.03,6.269
3056487.3,14483,0.743,3.967,4.71
3056495.76,14484,1.053,4.41,5.463
3056530.29,14485,0.137,7.697,7.834
3056531.13,14483,3.116,4.916,8.032
3056536.9,14484,0.1,4.095,4.195
3056538.99,14485,0.083,3.956,4.039
3056578.75,14483,0.233,11.259,11.492
3056622.04,14484,1.785,3.929,5.714
3056623.02,14485,1.732,3.841,5.574
3056627.24,14483,0.054,3.863,3.918
3056648.75,14484,0.202,4.167,4.369
3056652.93,14485,0.072,4.249,4.32
3056669.75,14484,0.123,4.388,4.511
3056711.38,14483,0.177,4.033,4.21
3056720.59,14485,0.124,6.067,6.191
3056733.82,14484,1.199,4.412,5.612
3056750.29,14483,0.203,5.037,5.24
3056768.27,14485,0.168,4.041,4.209
3056806.66,14484,0.162,4.289,4.451
3056841.02,14483,2.125,3.873,5.998
3056851.36,14485,0.132,9.159,9.292
3056860.32,14484,1.165,4.034,5.198
3056882.25,14483,0.199,6.747,6.946
3056898.11,14485,0.149,5.864,6.013
3056919.56,14484,0.42,4.094,4.514
3056927.26,14483,0.111,3.946,4.057
3056935.05,14485,1.201,6.413,7.614
3056949.95,14483,0.139,4.919,5.058
3056974.84,14484,0.184,4.053,4.237
3056990.61,14485,0.186,3.981,4.168
3056997.8,14483,2.59,6.933,9.523
3057007.02,14485,0.246,4.402,4.649
3057062.4,14484,0.238,4.404,4.641
3057067.76,14483,0.318,4.102,4.42
3057071.3,14485,0.166,4.328,4.494
3057089.03,14483,0.198,4.287,4.486
3057094.45,14484,0.129,4.083,4.212
3057126.09,14485,1.135,3.825,4.96
3057132.68,14483,0.091,6.546,6.637
3057162.17,14485,0.177,4.887,5.065
3057199.19,14484,0.175,6.887,7.062
3057237.44,14483,0.378,3.884,4.262
3057261.42,14485,0.171,5.582,5.753
3057284.47,14484,0.287,6.096,6.383
3057287.23,14483,0.152,4.79,4.942
3057292.53,14485,0.133,4.256,4.389
3057301.16,14484,0.256,4.27,4.526
3057331.94,14483,0.18,4.276,4.456
3057383.65,14485,0.167,4.934,5.101
3057407.95,14484,0.306,3.986,4.292
3057429.26,14483,0.163,4.729,4.893
3057492.86,14485,0.172,5.994,6.166
3057643.12,14484,2.001,3.993,5.995
3057767.82,14483,0.199,6.672,6.871
3057782.92,14485,0.243,4.624,4.866
3057790.56,14484,0.122,5.063,5.186
3057791.76,14483,0.181,5.312,5.493
3057796.17,14485,2.032,5.723,7.755
3057799.02,14484,0.087,5.801,5.888
3057861.56,14483,0.165,3.973,4.138
3057866.9,14485,1.001,4.13,5.13
3058041.96,14484,0.247,4.953,5.199
3058165.79,14483,0.23,5.341,5.571
3058265.15,14485,0.191,6.932,7.123
3058265.82,14484,0.128,4.914,5.041
3058285.17,14483,0.195,4.847,5.041
3058292.83,14485,0.193,4.149,4.342
3058317.89,14484,0.163,4.814,4.976
3058354.68,14483,0.362,4.171,4.533
3058366.55,14485,0.13,6.047,6.177
3058398.37,14484,0.202,5.356,5.558
3058419.42,14483,0.497,4.908,5.405
3058428.45,14485,0.135,5.712,5.846
3058447.24,14484,0.176,4.975,5.152
3058557.9,14483,0.217,5.598,5.815
3058580.73,14485,0.143,5.238,5.381
3058619.86,14484,0.172,4.192,4.364
3058668.87,14483,0.099,4.119,4.218
3058737.44,14485,0.217,4.115,4.332
3058741.11,14484,0.861,4.762,5.622
3058744.1,14483,0.531,4.218,4.749
3058765.67,14485,0.686,4.332,5.018
3058819.39,14484,0.207,4.266,4.474
3058836.18,14483,0.157,4.114,4.271
3058842.83,14485,0.109,3.989,4.098
3058870.48,14484,0.174,4.586,4.76
3058911.73,14483,0.209,5.354,5.563
3058921.08,14485,0.236,5.112,5.348
3058925.43,14484,0.098,4.012,4.11
3058991.69,14483,0.296,4.287,4.582
3059005.71,14485,0.254,4.201,4.455
3059069.91,14484,0.181,4.11,4.291
3059080.77,14483,0.185,4.927,5.111
3059129.94,14485,2.196,4.432,6.628
3059208.74,14484,0.154,4.239,4.393
3059304.26,14483,2.04,4.032,6.072
3059333.24,14485,0.163,5.377,5.54
3059377.4,14484,0.174,5.766,5.94
3059532.44,14483,0.175,5.322,5.497
3059603.96,14485,0.158,4.224,4.382
3059609.43,14484,0.106,3.996,4.102
3059683.32,14483,0.108,4.018,4.126
3059781.07,14485,3.168,4.809,7.976
3059799.06,14484,0.186,4.677,4.863
3059859.81,14483,0.192,3.947,4.139
3059891.07,14485,0.237,5.01,5.247
3059922.39,14484,0.337,4.772,5.109
3059933.12,14483,0.137,4.274,4.411
3059955.49,14485,1.208,4.408,5.616
3060086.17,14484,0.356,4.577,4.933
3060293.75,14483,0.177,6.161,6.338
3060320.25,14485,0.171,4.585,4.755
3060386.85,14484,0.272,6.237,6.509
3060497.95,14483,0.203,4.538,4.741
3060530.26,14485,1.056,4.164,5.22
3060554.27,14484,0.212,6.696,6.908
3060641.02,14483,2.551,3.798,6.349
3060669.44,14485,0.159,4.025,4.183
3060763.2,14484,0.148,3.992,4.139
3060876.76,14483,0.236,5.142,5.379
3061019.99,14485,0.184,4.127,4.311
3061061.27,14484,0.298,4.803,5.101
3061118.72,14483,0.192,4.041,4.233
3061197.01,14485,0.883,6.991,7.874
3061206.12,14484,0.741,4.485,5.226
3061236.76,14483,0.164,3.901,4.065
3061368.41,14485,0.167,5.205,5.372
3061416.03,14484,0.184,5.806,5.989
3061436.28,14483,0.202,5.245,5.447
3061453.74,14485,0.383,4.037,4.42
3061486.96,14484,0.17,4.145,4.315
3061490.9,14483,0.102,4.565,4.666
3061521.47,14484,0.197,4.198,4.395
3061538.17,14485,0.125,6.276,6.401
3061577.98,14483,0.173,4.336,4.509
3061634.49,14484,1.396,6.287,7.683
3061718.65,14485,0.151,6.049,6.201
3061825.57,14483,0.235,4.653,4.888
3061851.12,14484,0.214,4.069,4.284
3061884.13,14485,1.378,5.181,6.559
3062109.71,14483,0.175,4.022,4.198
3062126.32,14484,0.388,4.123,4.51
3062143.3,14485,0.228,4.842,5.07
3062148.9,14483,1.183,5.272,6.455
3062353.57,14485,0.212,4.186,4.398
3062433.48,14484,0.943,4.359,5.302
3062441.94,14483,0.133,4.186,4.319
3062531.22,14485,0.197,4.334,4.531
3062541.49,14484,0.13,4.149,4.278
3062680.98,14483,0.176,4.096,4.272
3062716.29,14485,0.201,3.995,4.196
3062764.39,14484,0.121,4.009,4.131
3062786.07,14483,0.909,4.55,5.459
3062845.27,14485,0.385,4.686,5.071
3062859.89,14484,0.189,4.283,4.472
3062867.95,14483,0.299,7.227,7.525
3063058.37,14485,0.321,4.179,4.499
3063118.38,14484,0.226,6.025,6.251
3063149.91,14483,0.149,7.167,7.316
3063153.59,14485,0.523,4.41,4.932
3063167.63,14483,1.48,3.952,5.432
3063284.32,14484,0.178,6.372,6.55
3063326.11,14485,0.138,5.113,5.252
3063398.86,14483,0.157,6.704,6.861
3063442.52,14484,0.258,4.669,4.928
3063506.19,14485,1.253,4.394,5.648
3063523.61,14483,0.196,4.13,4.326
3063527.63,14484,0.911,4.485,5.396
3063670.33,14483,0.137,5.856,5.993
3063853.49,14485,0.166,4.051,4.217
3063867.96,14484,0.162,5.216,5.378
3063876.24,14483,0.13,3.904,4.034
3063949.49,14485,0.758,4.047,4.805
3063968.32,14484,0.147,4.191,4.338
3063976.06,14483,0.093,6.02,6.113
3063977.42,14485,0.076,5.035,5.111
3063986.89,14484,0.181,4.35,4.531
3063993.0,14483,0.087,4.649,4.736
3063999.8,14485,0.111,4.601,4.712
3064008.91,14484,0.14,4.665,4.805
3064027.19,14483,0.12,4.79,4.911
3064098.42,14485,0.122,4.74,4.862
3064116.98,14484,0.123,6.403,6.526
3064120.66,14483,0.129,4.325,4.454
3064128.54,14484,0.125,4.198,4.323
3064132.69,14485,0.084,6.069,6.153
3064136.92,14483,0.058,3.945,4.003
3064141.06,14484,1.36,4.068,5.428
3064141.61,14483,0.049,4.381,4.431
3064179.44,14485,0.088,4.131,4.218
3064183.91,14484,0.075,4.024,4.098
3064190.92,14483,0.08,4.025,4.106
3064196.74,14485,0.058,4.516,4.574
3064200.23,14484,1.074,4.05,5.124
3064224.64,14485,0.105,3.965,4.07
3064229.08,14483,0.06,4.106,4.166
3064245.83,14484,0.137,4.116,4.253
3064289.42,14485,0.13,4.284,4.413
3064326.96,14483,0.115,4.093,4.208
3064332.69,14484,0.082,5.568,5.651
3064337.06,14483,0.09,4.268,4.358
3064351.73,14485,0.097,5.545,5.642
3064357.41,14484,0.09,4.098,4.188
3064361.92,14483,0.074,5.523,5.597
3064380.5,14485,0.108,4.319,4.428
3064384.14,14484,0.1,4.206,4.307
3064401.55,14485,0.102,4.253,4.355
3064427.71,14483,0.131,3.972,4.103
3064432.55,14484,0.132,4.376,4.508
3064445.26,14485,0.084,3.99,4.074
3064460.72,14483,0.078,4.493,4.57
3064515.55,14484,0.14,4.293,4.433
3064534.8,14485,0.111,4.342,4.453
3064539.71,14483,1.025,4.598,5.622
3064543.29,14484,2.04,4.082,6.122
3064545.84,14485,0.065,4.442,4.507
3064553.64,14483,0.085,4.317,4.402
3064557.48,14484,0.148,4.226,4.374
3064606.24,14483,0.106,6.998,7.103
3064640.21,14485,0.14,4.147,4.287
3064665.78,14483,0.08,4.193,4.273
3064667.21,14484,0.177,6.557,6.734
3064703.75,14485,0.189,5.1,5.29
3064739.78,14483,0.15,5.348,5.498
3064751.78,14484,0.115,4.108,4.223
3064763.78,14485,0.13,4.106,4.236
3064800.41,14483,0.157,3.845,4.002
3064811.43,14484,0.097,4.087,4.183
3064825.5,14485,0.097,6.073,6.17
3064830.52,14483,0.081,4.098,4.179
3064841.33,14484,0.133,6.122,6.255
3064866.95,14485,1.792,7.805,9.597
3064867.73,14483,1.851,7.106,8.957
3064870.47,14484,0.086,4.162,4.247
3064888.35,14485,0.159,4.277,4.436
3064895.59,14483,1.696,9.452,11.148
3064895.66,14484,2.634,6.542,9.176
3064913.61,14485,0.42,4.69,5.11
3064926.24,14483,0.97,4.001,4.971
3064956.91,14484,0.131,4.122,4.253
3064968.12,14485,0.229,4.226,4.455
3064995.08,14483,0.236,6.476,6.712
3064995.13,14484,0.083,5.722,5.805
3064999.84,14485,0.087,4.04,4.127
3065019.08,14484,0.926,3.869,4.796
3065023.5,14483,0.079,4.05,4.129
3065033.87,14485,0.162,4.185,4.347
3065043.32,14484,2.433,3.987,6.42
3065062.52,14483,0.154,4.014,4.168
3065064.28,14485,0.08,4.095,4.174
3065072.5,14484,0.109,4.064,4.173
3065086.55,14483,0.176,6.75,6.925
3065112.63,14485,0.219,5.054,5.273
3065115.13,14484,2.045,3.888,5.933
3065128.17,14485,0.128,4.16,4.288
3065138.26,14483,0.103,4.062,4.165
3065158.85,14484,0.148,4.075,4.223
3065186.93,14485,0.197,4.046,4.242
3065214.3,14483,0.159,3.983,4.142
3065261.08,14484,0.193,3.968,4.16
3065288.51,14485,1.754,9.081,10.835
3065316.28,14483,0.113,4.03,4.143
3065375.26,14484,0.128,5.298,5.426
3065399.08,14485,0.096,4.012,4.108
3065406.82,14483,0.198,7.477,7.676
3065409.3,14484,0.084,5.541,5.625
3065434.87,14485,0.273,4.568,4.841
3065439.63,14483,0.137,4.827,4.964
3065462.51,14485,0.119,4.417,4.536
3065466.87,14484,0.115,4.4,4.515
3065487.47,14485,0.085,3.981,4.067
3065514.93,14483,0.167,6.578,6.745
3065515.99,14484,0.095,6.742,6.837
3065531.04,14485,0.087,4.097,4.184
3065557.06,14483,0.163,7.064,7.227
3065578.33,14484,0.091,4.131,4.222
3065644.55,14485,0.098,3.887,3.985
3065658.96,14483,0.104,4.06,4.164
3065664.59,14484,0.079,8.448,8.527
3065664.88,14485,0.06,5.929,5.99
3065726.24,14483,1.008,6.067,7.074
3065729.79,14484,0.169,6.349,6.517
3065737.34,14485,0.166,3.984,4.149
3065742.05,14483,0.598,4.402,5.0
3065786.45,14484,0.172,6.156,6.328
3065789.25,14485,2.023,4.489,6.513
3065818.35,14483,0.224,5.043,5.268
3065821.34,14484,0.095,4.372,4.467
3065838.14,14485,0.085,3.89,3.975
3065846.77,14483,0.095,5.147,5.241
3065854.24,14484,0.092,4.176,4.269
3065863.85,14485,0.068,4.125,4.193
3065886.7,14483,0.119,4.289,4.408
3065912.19,14484,0.082,4.292,4.374
3065919.47,14485,0.083,5.926,6.009
3065931.26,14483,2.14,5.05,7.19
3065936.63,14484,0.099,4.234,4.334
3065966.31,14485,0.098,4.344,4.443
3065977.11,14483,0.228,5.447,5.676
3065979.11,14484,0.067,5.303,5.37
3065988.73,14485,0.089,3.97,4.06
3065992.97,14483,0.062,4.442,4.503
3066008.14,14485,0.078,4.251,4.329
3066026.33,14484,0.142,3.917,4.059
3066057.1,14483,0.214,4.362,4.576
3066074.18,14485,0.176,4.082,4.258
3066096.55,14484,0.157,4.187,4.344
3066104.14,14483,0.121,3.94,4.061
3066112.12,14485,0.081,4.369,4.45
3066145.88,14484,0.337,6.608,6.944
3066163.4,14483,1.049,9.179,10.228
3066191.28,14484,0.084,6.922,7.006
3066191.37,14485,0.15,7.036,7.186
3066226.14,14483,0.435,4.224,4.659
3066278.32,14484,0.599,4.188,4.787
3066315.61,14485,1.094,4.272,5.366
3066322.42,14483,0.101,4.749,4.85
3066326.95,14484,0.099,4.219,4.317
3066329.41,14485,2.327,4.238,6.565
3066379.6,14484,0.134,4.404,4.538
3066386.78,14483,0.104,9.433,9.537
3066388.56,14485,2.989,5.672,8.662
3066397.3,14484,1.38,4.148,5.529
3066397.42,14483,0.062,4.183,4.245
3066416.12,14485,0.077,4.131,4.208
3066423.36,14484,0.551,4.304,4.855
3066511.91,14483,0.179,4.36,4.539
3066627.91,14485,0.147,4.335,4.482
3066765.24,14484,1.388,4.07,5.458
3066791.42,14483,0.115,4.073,4.188
3066856.85,14485,0.122,3.996,4.118
3066936.82,14484,0.191,4.11,4.302
3067083.86,14483,0.167,4.167,4.334
3067116.01,14485,0.234,4.613,4.848
3067145.14,14484,0.205,5.109,5.314
3067179.82,14483,0.19,4.093,4.283
3067188.25,14485,0.129,3.995,4.124
3067235.72,14484,0.118,4.032,4.151
3067361.65,14483,0.246,4.339,4.585
3067445.56,14485,0.2,4.244,4.444
3067678.7,14484,0.191,4.096,4.287
3067689.04,14483,0.395,4.451,4.846
3067781.21,14485,0.136,4.577,4.713
3067815.43,14484,0.146,3.999,4.145
3067837.53,14483,0.103,3.988,4.091
3067847.8,14485,0.143,4.543,4.685
3067905.42,14484,0.173,3.924,4.097
3067919.65,14483,0.261,4.429,4.69
3068030.07,14485,0.165,4.034,4.199
3068059.95,14484,0.135,4.031,4.166
3068064.44,14483,0.107,4.108,4.215
3068089.68,14485,0.124,3.814,3.939
3068092.74,14484,0.112,4.441,4.553
3068111.53,14483,0.092,4.078,4.17
3068157.16,14485,0.248,4.191,4.439
3068164.03,14484,0.115,4.25,4.364
3068237.92,14483,0.127,3.928,4.055
3068406.65,14485,2.55,3.945,6.495
3068482.24,14484,0.149,4.069,4.218
3068623.57,14483,0.176,3.89,4.067
3068794.52,14485,0.195,3.783,3.979
3068940.42,14484,0.128,4.976,5.104
3068948.61,14483,0.118,4.1,4.218
3068964.21,14485,0.09,4.062,4.152
3069022.15,14484,0.137,4.801,4.938
3069033.3,14483,0.088,4.151,4.239
3069042.15,14485,0.068,4.297,4.364
3069267.96,14484,0.218,3.952,4.171
3069400.97,14483,1.14,5.572,6.712
3069436.1,14485,0.168,4.012,4.179
3069442.72,14484,0.104,4.316,4.42
3069445.58,14483,0.112,4.653,4.765
3069500.53,14485,0.334,5.325,5.658
3069513.03,14484,0.168,4.091,4.259
3069618.71,14483,0.165,4.403,4.568
3069705.54,14485,0.196,4.213,4.409
3069745.8,14484,0.19,4.027,4.218
3069748.27,14483,0.078,4.056,4.135
3069796.78,14485,0.109,3.92,4.029
3070017.98,14484,0.111,3.804,3.916
3070063.65,14483,0.346,9.939,10.285
3070169.7,14485,2.299,6.254,8.553
3070208.41,14484,0.108,3.915,4.023
3070287.2,14483,0.188,4.044,4.232
3070407.03,14485,0.182,4.019,4.202
3070411.56,14484,0.086,4.302,4.388
3070421.96,14483,0.119,5.844,5.962
3070422.82,14485,0.068,4.065,4.133
3070454.15,14484,0.2,6.199,6.399
3070461.67,14483,0.089,5.762,5.85
3070473.56,14485,0.106,4.592,4.698
3070542.28,14484,0.146,4.709,4.855
3070561.64,14483,0.149,4.113,4.262
3070562.26,14485,0.066,3.998,4.064
3070590.7,14484,0.089,4.187,4.276
3070600.48,14483,0.083,4.228,4.312
3070632.13,14485,0.109,5.599,5.709
3070634.83,14484,0.106,4.418,4.524
3070637.07,14483,0.071,5.979,6.05
3070665.26,14485,0.186,3.873,4.059
3070784.6,14484,0.176,3.855,4.031
3070801.55,14483,0.122,4.192,4.314
3070811.25,14485,0.105,4.101,4.205
3070816.42,14484,0.098,6.196,6.293
3070820.69,14485,0.158,3.999,4.157
3070864.56,14483,0.087,3.932,4.019
3070928.07,14484,0.733,3.889,4.623
3070978.13,14485,0.237,3.991,4.228
3071130.26,14483,0.16,5.954,6.114
3071139.78,14484,0.136,4.048,4.184
3071147.34,14485,0.078,3.965,4.043
3071149.22,14483,0.058,4.064,4.122
3071183.32,14484,0.143,4.199,4.343
3071228.07,14485,0.166,7.581,7.747
3071371.74,14483,0.226,4.001,4.226
3071431.51,14484,1.304,4.245,5.549
3071446.54,14485,0.111,3.912,4.023
3071453.06,14483,0.086,4.463,4.549
3071460.41,14485,0.081,5.234,5.314
3071467.27,14484,0.073,4.131,4.204
3071563.42,14483,0.225,4.601,4.826
3071682.96,14485,0.715,4.222,4.937
3071761.76,14484,0.138,4.067,4.205
3071808.51,14483,0.128,3.912,4.04
3071929.93,14485,0.15,4.283,4.434
3071937.26,14484,0.155,3.97,4.126
3071963.04,14483,0.115,4.099,4.214
3072039.68,14485,0.149,4.123,4.273
3072045.38,14484,0.099,4.033,4.132
3072055.02,14483,1.634,3.909,5.544
3072139.18,14485,1.238,4.032,5.27
3072182.37,14484,0.102,4.193,4.295
3072197.27,14483,0.283,6.342,6.626
3072321.05,14485,0.174,4.188,4.363
3072346.49,14484,0.172,4.444,4.616
3072507.72,14483,1.356,6.816,8.172
3072536.09,14485,0.105,4.111,4.216
3072550.33,14484,0.104,4.143,4.247
3072680.45,14485,0.08,4.264,4.344
3072680.54,14483,0.215,4.26,4.475
3072716.68,14484,0.121,4.055,4.176
3072730.13,14485,0.083,3.935,4.018
3072760.42,14483,0.095,4.071,4.166
3072775.57,14484,0.165,4.097,4.262
3072776.05,14485,0.069,4.041,4.11
3072885.14,14483,0.166,4.103,4.269
3072912.07,14484,0.102,4.155,4.257
3072952.39,14485,0.158,4.126,4.284
3072983.16,14483,0.112,6.005,6.117
3073060.21,14484,0.126,6.131,6.257
3073096.94,14485,0.131,6.146,6.277
3073313.93,14483,0.156,3.895,4.051
3073329.54,14484,0.101,4.132,4.233
3073374.43,14485,0.291,4.019,4.311
3073390.48,14483,1.034,4.009,5.043
3073486.05,14484,0.145,4.219,4.364
3073489.38,14485,0.076,4.066,4.142
3073498.03,14484,0.085,4.401,4.486
3073535.96,14483,0.871,8.668,9.54
3073536.62,14485,0.106,7.144,7.25
3073567.58,14484,0.144,4.014,4.158
3073644.76,14483,0.377,5.701,6.079
3073697.11,14485,0.165,5.12,5.285
3073827.93,14484,0.159,4.005,4.164
3073898.3,14483,0.176,4.092,4.268
3073905.83,14485,0.102,3.956,4.058
3073920.79,14484,0.108,3.948,4.056
3074118.37,14483,0.447,5.005,5.452
3074251.63,14485,0.146,4.184,4.33
3074256.53,14484,0.111,3.951,4.062
3074258.67,14483,0.105,4.175,4.28
3074264.06,14485,0.148,4.04,4.188
3074353.28,14484,0.154,3.968,4.123
3074462.81,14483,0.293,4.229,4.522
3074529.95,14485,0.284,5.572,5.857
3074589.19,14484,0.146,4.305,4.451
3074698.69,14483,0.155,6.717,6.872
3074700.21,14485,1.527,6.032,7.559
3074742.0,14484,0.35,5.542,5.891
3074757.03,14483,0.158,4.99,5.148
3074813.56,14485,0.206,4.006,4.212
3074856.37,14484,0.701,4.052,4.753
3074876.22,14483,0.096,4.055,4.151
3074899.37,14485,0.148,6.148,6.296
3074977.97,14484,0.276,6.225,6.502
3075019.05,14485,0.069,3.971,4.04
3075021.14,14483,0.414,10.345,10.759
3075033.47,14484,0.139,4.1,4.239
3075115.99,14485,0.119,4.142,4.261
3075192.46,14483,0.128,4.153,4.281
3075211.47,14484,0.098,4.314,4.412
3075224.29,14485,0.203,4.257,4.459
3075234.19,14483,0.107,4.007,4.114
3075242.58,14484,1.53,4.356,5.886
3075258.62,14485,0.13,4.13,4.259
3075268.52,14483,1.4,4.218,5.618
3075301.68,14484,0.118,4.498,4.616
3075314.05,14485,0.092,3.926,4.017
3075318.95,14483,0.066,4.121,4.187
3075648.19,14484,0.17,4.542,4.712
3075663.67,14483,0.109,4.298,4.408
3075667.86,14485,1.51,8.519,10.029
3075667.93,14484,0.079,5.866,5.945
3075685.33,14483,0.092,4.252,4.344
3075692.49,14485,0.088,4.885,4.973
3075720.5,14484,0.12,4.192,4.312
3075725.52,14483,0.106,4.171,4.277
3075729.13,14485,0.08,4.992,5.072
3075742.62,14484,1.632,4.121,5.753
3075768.94,14483,0.198,4.369,4.567
3075791.07,14485,0.174,3.866,4.041
3075815.72,14484,0.134,3.938,4.072
3075831.6,14483,0.116,4.153,4.268
3075860.03,14485,0.842,3.931,4.774
3075918.56,14484,0.186,5.096,5.282
3075924.71,14483,0.122,4.256,4.379
3075929.11,14485,0.197,4.375,4.572
3075942.61,14484,0.073,6.163,6.236
3075942.63,14483,0.052,3.931,3.983
3075949.3,14485,0.137,4.098,4.235
3075956.96,14484,0.068,4.078,4.146
3075981.03,14483,0.113,3.858,3.972
3075999.87,14485,0.189,5.301,5.49
3076001.53,14484,0.098,4.35,4.448
3076013.98,14483,0.14,4.113,4.253
3076034.66,14485,0.1,6.048,6.148
3076038.67,14484,2.017,4.717,6.734
3076054.31,14483,0.067,5.533,5.6
3076137.13,14485,0.173,7.092,7.265
3076156.01,14484,0.161,3.796,3.957
3076164.17,14483,0.088,4.019,4.106
3076180.96,14485,0.11,4.097,4.208
3076185.25,14484,2.063,4.053,6.117
3076189.77,14483,0.076,4.039,4.115
3076191.19,14484,0.063,4.059,4.122
3076194.4,14485,2.929,4.328,7.256
3076215.29,14483,0.129,4.066,4.195
3076231.58,14484,0.198,6.491,6.69
3076259.13,14485,0.582,4.059,4.641
3076293.02,14483,0.119,4.062,4.182
3076295.85,14484,0.082,4.094,4.176
3076312.05,14485,0.152,4.428,4.579
3076339.53,14483,2.374,6.328,8.702
3076345.06,14484,1.393,3.985,5.378
3076358.26,14485,0.087,3.902,3.989
3076372.94,14484,1.499,5.871,7.369
3076372.99,14483,0.079,8.063,8.141
3076383.28,14485,0.089,3.844,3.933
3076387.84,14484,0.081,4.259,4.339
3076473.19,14483,0.127,4.015,4.143
3076507.48,14485,0.433,5.627,6.06
3076507.59,14484,0.409,4.291,4.7
3076521.64,14483,0.148,4.799,4.948
3076527.37,14485,2.205,4.27,6.476
3076550.05,14484,0.098,3.882,3.979
3076579.73,14483,0.117,4.37,4.487
3076604.15,14485,0.153,4.261,4.414
3076632.82,14484,0.115,4.226,4.341
3076634.09,14483,0.101,3.998,4.099
3076644.91,14485,0.134,6.334,6.468
3076650.05,14484,0.116,4.538,4.654
3076665.15,14483,0.385,4.005,4.39
3076708.06,14484,1.79,3.911,5.701
3076708.61,14485,0.153,8.666,8.819
3076714.03,14483,0.106,4.599,4.705
3076734.23,14484,0.093,4.395,4.489
3076761.12,14485,0.105,4.23,4.335
3076784.22,14483,0.181,4.066,4.248
3076795.68,14484,0.139,6.137,6.276
3076840.27,14485,0.263,4.299,4.562
3076846.01,14484,0.099,4.497,4.596
3076846.57,14483,0.159,5.852,6.011
3076858.62,14485,0.087,4.161,4.248
3076878.16,14484,0.106,4.146,4.252
3076941.27,14483,0.168,3.953,4.121
3077079.8,14485,0.185,4.331,4.516
3077096.98,14484,0.156,3.969,4.126
3077117.19,14485,0.062,4.042,4.105
3077117.48,14483,0.982,3.991,4.972
3077123.29,14484,0.062,3.934,3.996
3077128.75,14485,0.136,4.297,4.434
3077153.32,14483,0.091,3.9,3.991
3077169.81,14484,0.085,4.181,4.266
3077176.96,14485,0.168,3.889,4.057
3077195.71,14483,0.145,3.929,4.075
3077221.62,14484,0.102,6.091,6.194
3077279.59,14485,0.171,6.21,6.382
3077299.78,14483,0.098,6.03,6.128
3077312.41,14484,0.102,4.1,4.202
3077316.56,14485,2.528,3.935,6.464
3077348.45,14483,0.195,3.972,4.167
3077352.06,14484,0.107,4.41,4.517
3077354.12,14485,0.098,4.161,4.26
3077358.36,14483,0.079,4.185,4.264
3077363.54,14484,0.061,4.201,4.262
3077427.1,14485,0.111,4.048,4.159
3077454.29,14483,0.08,5.353,5.433
3077470.8,14484,0.085,3.995,4.08
3077488.42,14483,0.056,4.077,4.132
3077488.49,14485,2.069,8.262,10.331
3077490.73,14484,0.059,4.585,4.644
3077505.81,14483,0.073,4.176,4.249
3077565.97,14485,0.167,4.146,4.314
3077624.06,14484,0.119,3.912,4.031
3077634.85,14483,0.181,4.693,4.874
3077658.87,14485,0.09,4.224,4.314
3077667.99,14484,0.142,3.965,4.107
3077676.94,14483,0.072,4.083,4.155
3077685.5,14485,0.067,4.243,4.31
3077699.58,14484,0.11,4.241,4.351
3077705.06,14483,0.122,4.064,4.186
3077726.28,14485,0.111,4.362,4.474
3077737.58,14484,0.094,4.102,4.196
3077819.38,14483,0.219,6.129,6.347
3077836.84,14485,0.194,4.84,5.034
3077901.66,14484,0.271,5.937,6.207
3077932.36,14483,0.108,4.174,4.282
3077977.23,14485,0.154,4.011,4.165
3078005.63,14484,0.257,6.156,6.414
3078027.04,14483,0.122,7.419,7.541
3078027.58,14485,1.214,7.454,8.667
3078027.95,14484,0.056,4.045,4.101
3078045.26,14483,1.631,4.087,5.718
3078071.13,14485,0.307,4.032,4.339
3078086.16,14484,0.102,3.997,4.099
3078111.29,14483,0.815,6.035,6.85
3078132.47,14485,0.116,3.862,3.978
3078141.48,14484,0.092,4.037,4.13
3078154.93,14483,0.116,4.145,4.261
3078183.96,14485,0.22,4.171,4.39
3078186.32,14484,0.107,4.171,4.278
3078215.05,14483,0.277,10.993,11.27
3078218.12,14485,0.099,12.862,12.96
3078221.35,14484,2.033,4.17,6.203
3078238.06,14485,1.262,3.829,5.091
3078244.22,14483,0.067,3.844,3.911
3078264.34,14484,0.089,4.068,4.157
3078272.58,14485,0.111,3.925,4.036
3078285.01,14483,0.158,4.027,4.186
3078287.37,14484,0.091,4.161,4.252
3078303.75,14485,0.221,4.67,4.891
3078325.0,14483,0.142,5.306,5.448
3078355.14,14484,0.108,4.922,5.031
3078411.36,14485,0.372,9.761,10.134
3078418.86,14483,0.152,4.573,4.726
3078434.05,14484,1.406,3.874,5.28
3078439.25,14485,0.095,4.088,4.183
3078445.02,14485,0.631,3.89,4.521
3078445.05,14483,0.067,3.906,3.973
3078445.27,14484,1.249,4.132,5.381
3078456.4,14483,0.063,3.864,3.927
3078465.76,14484,0.081,4.017,4.098
3078465.84,14485,3.135,4.106,7.241
3078502.21,14483,0.141,4.659,4.8
3078507.35,14484,0.122,4.731,4.854
3078526.7,14485,0.084,4.232,4.316
3078535.19,14483,0.988,3.98,4.968
3078557.18,14484,2.105,5.901,8.006
3078611.71,14485,0.129,4.255,4.385
3078619.05,14483,0.131,3.78,3.911
3078655.84,14484,0.111,3.926,4.037
3078665.22,14485,0.158,5.076,5.234
3078667.24,14483,0.086,4.48,4.566
3078698.35,14484,0.916,3.961,4.877
3078706.81,14485,0.073,4.146,4.219
3078753.93,14484,0.112,4.197,4.309
3078755.07,14483,0.116,6.714,6.83
3078776.29,14485,0.115,3.877,3.992
3078823.12,14484,0.271,6.038,6.309
3078839.1,14483,0.158,4.295,4.453
3078866.93,14485,0.118,5.321,5.439
3078892.3,14484,1.055,3.979,5.034
3078909.51,14483,0.084,4.162,4.247
3078913.51,14485,0.38,3.932,4.312
3079000.42,14483,0.122,5.935,6.057
3079001.16,14484,0.876,5.862,6.738
3079034.71,14485,0.111,3.903,4.014
3079105.35,14483,0.107,4.035,4.142
3079124.42,14484,0.092,3.851,3.944
3079127.5,14485,0.069,3.965,4.034
3079155.53,14483,0.208,4.565,4.773
3079177.19,14484,0.233,7.517,7.75
3079184.8,14485,1.921,4.539,6.46
3079192.61,14483,0.831,7.725,8.557
3079193.24,14484,0.061,6.614,6.675
3079194.06,14485,0.091,4.314,4.405
3079199.96,14483,0.099,4.131,4.23
3079232.42,14484,0.09,3.939,4.03
3079248.72,14485,0.098,3.92,4.018
3079336.27,14483,2.184,4.14,6.324
3079377.93,14484,0.127,3.924,4.051
3079483.3,14485,0.15,5.853,6.002
3079504.74,14483,0.117,4.113,4.229
3079513.23,14484,0.083,3.888,3.971
3079686.42,14485,0.13,3.84,3.97
3079734.28,14483,0.168,4.219,4.387
3079773.81,14484,0.123,6.174,6.297
3079823.63,14485,0.178,6.075,6.253
3079989.79,14483,0.244,4.767,5.011
3080064.31,14484,0.255,6.761,7.016
3080077.1,14485,0.974,3.921,4.895
3080085.26,14483,1.526,4.056,5.583
3080120.94,14484,0.16,3.957,4.117
3080139.93,14485,0.201,4.286,4.487
3080145.82,14483,0.15,4.127,4.277
3080159.4,14484,0.077,6.056,6.133
3080175.08,14485,2.521,3.927,6.448
3080243.83,14483,0.092,4.192,4.285
3080315.22,14484,0.091,4.048,4.14
3080325.07,14485,0.095,6.143,6.238
3080328.28,14483,0.079,4.083,4.162
3080330.22,14485,0.052,4.024,4.077
3080364.79,14484,0.081,4.116,4.197
3080393.06,14483,0.173,4.08,4.253
3080439.0,14485,1.99,3.818,5.809
3080503.73,14484,0.315,4.377,4.692
3080638.9,14483,0.174,4.182,4.356
3080642.89,14485,0.113,4.074,4.187
3080655.72,14483,1.322,4.477,5.799
3080668.51,14484,0.191,4.126,4.317
3080710.53,14485,0.167,4.449,4.616
3080734.58,14483,0.357,4.145,4.502
3080878.85,14484,0.179,5.794,5.973
3080896.57,14485,0.213,4.455,4.669
3080949.06,14483,0.216,5.883,6.099
3080951.72,14484,0.096,4.199,4.295
3080990.28,14485,0.117,5.061,5.178
3081040.39,14483,1.67,4.168,5.838
3081105.27,14484,0.119,4.636,4.755
3081134.5,14485,0.115,4.165,4.28
3081184.14,14483,0.156,4.004,4.16
3081197.72,14484,0.086,3.976,4.062
3081216.38,14485,0.153,4.214,4.367
3081243.12,14483,4.157,4.008,8.165
3081252.49,14484,0.075,4.364,4.438
3081259.14,14485,0.091,4.246,4.337
3081271.45,14483,0.075,12.075,12.15
3081271.8,14484,1.554,9.945,11.499
3081271.85,14485,3.283,8.72,12.003
3081276.02,14483,11.131,4.067,15.198
3081284.75,14484,0.082,3.978,4.06
3081322.53,14485,0.176,8.18,8.356
3081322.58,14483,0.06,4.558,4.618
3081376.15,14485,0.06,11.733,11.793
3081378.03,14484,0.16,11.795,11.955
3081378.27,14483,2.163,11.163,13.326
3081380.7,14485,8.367,4.285,12.652
3081440.41,14484,0.172,4.467,4.638
3081462.85,14483,0.106,4.167,4.274
3081468.26,14485,0.1,4.164,4.264
3081480.22,14484,0.084,4.02,4.103
3081487.15,14483,0.077,4.151,4.228
3081506.7,14485,0.147,4.263,4.41
3081511.82,14484,0.084,4.506,4.591
3081558.39,14483,0.273,4.054,4.327
3081581.01,14485,0.106,4.511,4.617
3081590.57,14484,0.092,4.073,4.165
3081598.49,14483,0.112,4.594,4.706
3081633.31,14485,0.699,4.038,4.737
3081640.61,14484,0.085,4.229,4.314
3081644.69,14483,0.083,4.523,4.606
3081666.69,14485,0.114,6.445,6.559
3081676.67,14484,0.173,18.411,18.584
3081683.83,14483,0.085,16.584,16.67
3081684.72,14485,1.178,10.388,11.566
3081689.74,14484,4.543,10.539,15.082
3081694.82,14483,0.088,4.125,4.213
3081732.45,14485,0.202,4.104,4.306
3081746.12,14484,0.115,5.632,5.747
3081748.08,14483,0.072,4.984,5.056
3081763.07,14485,0.389,6.613,7.002
3081765.6,14484,0.06,6.27,6.33
3081785.8,14483,0.676,5.504,6.18
3081795.17,14485,0.097,5.066,5.163
3081800.22,14484,0.126,4.531,4.657
3081843.4,14483,1.593,4.077,5.671
3081853.61,14485,0.087,3.987,4.074
3081867.18,14484,0.091,4.11,4.202
3081873.75,14483,0.09,4.024,4.115
3081889.24,14485,0.134,8.119,8.253
3081891.54,14484,1.442,6.383,7.825
3081894.52,14483,4.203,5.014,9.216
3081897.31,14485,0.056,5.5,5.556
3081935.6,14484,0.09,4.14,4.23
3082014.1,14483,0.171,4.07,4.241
3082031.94,14485,0.446,4.508,4.954
3082057.68,14484,0.131,4.017,4.149
3082095.52,14483,0.163,4.114,4.277
3082128.48,14485,0.103,3.899,4.002
3082156.89,14484,0.092,5.933,6.025
3082171.23,14483,0.186,4.082,4.268
3082198.6,14485,0.464,4.997,5.461
3082271.12,14484,0.199,3.94,4.14
3082283.25,14483,0.088,3.989,4.077
3082292.7,14485,0.092,5.012,5.103
3082313.4,14484,0.173,4.164,4.338
3082333.27,14483,0.096,3.842,3.938
3082341.83,14485,0.063,4.25,4.313
3082354.44,14484,0.095,4.003,4.098
3082359.34,14483,0.286,5.076,5.362
3082380.01,14485,0.086,4.263,4.349
3082392.32,14484,0.083,4.112,4.195
3082395.44,14483,0.124,6.12,6.244
3082396.68,14485,0.058,4.203,4.261
3082413.51,14484,0.162,3.94,4.102
3082446.47,14485,0.067,4.166,4.233
3082447.24,14483,0.142,6.847,6.989
3082451.63,14484,0.065,4.12,4.185
3082455.85,14485,0.07,3.876,3.946
3082459.48,14483,0.062,4.237,4.299
3082483.8,14484,0.116,4.001,4.117
3082492.03,14485,0.093,4.047,4.139
3082506.67,14483,0.108,4.039,4.147
3082523.73,14484,0.306,4.429,4.735
3082530.11,14485,0.864,4.106,4.97
3082547.01,14483,0.114,5.897,6.011
3082552.09,14484,0.097,4.069,4.166
3082562.42,14485,0.065,4.25,4.316
3082567.53,14483,0.069,4.195,4.263
3082574.62,14484,0.086,4.114,4.2
3082594.1,14485,0.104,4.33,4.434
3082611.25,14483,2.301,6.064,8.366
3082617.64,14484,0.088,4.159,4.247
3082623.16,14485,2.115,3.928,6.043
3082651.64,14483,0.197,4.19,4.387
3082679.25,14484,0.125,4.456,4.58
3082687.26,14485,0.091,3.991,4.082
3082695.35,14483,0.065,8.009,8.074
3082753.18,14484,0.244,4.021,4.265
3082757.45,14485,0.095,3.959,4.054
3082762.36,14483,0.373,4.586,4.959
3082763.71,14484,0.102,4.327,4.429
3082806.25,14485,0.116,6.15,6.267
3082808.6,14483,1.814,4.084,5.898
3082810.73,14484,0.91,6.22,7.13
3082815.22,14485,0.06,7.066,7.126
3082820.57,14483,0.063,4.205,4.268
3082824.24,14484,0.064,4.121,4.184
3082834.15,14483,0.081,4.005,4.086
3082850.72,14485,0.069,6.055,6.123
3082853.08,14484,2.021,4.935,6.956
3082860.65,14483,0.068,4.13,4.198
3082860.87,14485,0.058,4.101,4.159
3082874.14,14484,0.09,3.973,4.064
3082882.25,14483,0.088,4.286,4.374
3082904.22,14485,0.162,4.279,4.441
3082927.59,14484,0.194,6.279,6.474
3082933.15,14483,0.6,4.947,5.547
3082945.22,14485,0.147,5.485,5.632
3082947.72,14484,0.359,4.449,4.808
3082953.03,14483,0.105,4.507,4.612
3082990.51,14485,0.101,4.193,4.294
3082996.62,14484,0.109,3.975,4.084
3082998.52,14483,0.073,4.426,4.498
3083063.48,14485,2.182,9.288,11.47
3083063.67,14484,0.063,6.591,6.654
3083067.77,14483,0.087,4.034,4.121
3083085.14,14484,1.184,6.006,7.191
3083085.24,14485,0.07,7.019,7.088
3083085.67,14483,0.093,4.178,4.27
3083125.54,14485,0.146,8.559,8.705
3083127.23,14484,0.361,11.561,11.922
3083161.33,14483,0.083,4.143,4.226
3083190.12,14485,0.173,4.054,4.227
3083191.47,14484,0.066,4.188,4.254
3083203.52,14483,0.11,3.966,4.076
3083220.68,14485,1.209,6.246,7.454
3083223.77,14484,1.769,5.639,7.408
3083231.25,14485,0.063,4.138,4.201
3083297.08,14483,0.196,4.115,4.311
3083421.37,14484,0.168,6.07,6.238
3083423.67,14485,0.07,4.533,4.603
3083459.72,14483,0.141,4.045,4.186
3083473.28,14484,0.137,3.814,3.951
3083480.35,14485,0.106,4.153,4.259
3083496.02,14483,0.186,6.263,6.45
3083576.5,14484,0.159,4.085,4.243
3083622.15,14485,1.909,5.953,7.862
3083696.73,14483,0.151,4.145,4.296
3083741.87,14484,1.874,4.552,6.426
3083743.24,14485,0.077,4.39,4.467
3083756.96,14483,2.069,4.755,6.825
3083817.29,14484,0.132,3.906,4.038
3083839.98,14485,0.176,4.003,4.18
3083849.42,14483,0.514,4.07,4.584
3083874.37,14484,6.35,10.146,16.496
3084019.68,14485,0.141,3.887,4.029
3084024.61,14483,0.081,3.848,3.929
3084030.27,14484,1.38,4.183,5.563
3084043.98,14485,0.101,4.311,4.412
3084215.47,14483,0.134,4.014,4.148
3084237.85,14484,0.176,4.19,4.367
3084243.32,14485,0.106,4.451,4.557
3084247.09,14483,0.087,4.112,4.199
3084273.06,14485,0.094,4.28,4.374
3084307.83,14484,0.079,4.132,4.211
3084378.23,14483,0.619,4.108,4.727
3084450.92,14485,0.196,4.059,4.255
3084512.12,14484,0.094,4.487,4.581
3084524.3,14483,0.118,4.101,4.219
3084707.71,14485,0.197,4.56,4.758
3084779.71,14484,0.142,4.433,4.575
3084826.49,14483,0.216,4.321,4.537
3084832.14,14485,0.16,3.964,4.124
3084878.13,14484,1.632,3.956,5.589
3084888.01,14483,0.094,3.885,3.979
3084934.12,14485,0.677,3.895,4.572
3084995.07,14484,0.19,4.794,4.984
3084999.71,14483,2.524,4.456,6.98
3085069.7,14485,0.12,4.008,4.128
3085101.74,14484,0.099,4.081,4.18
3085156.35,14483,0.1,4.086,4.186
3085169.95,14485,0.098,4.013,4.111
3085218.74,14484,0.125,5.496,5.62
3085236.52,14483,0.126,6.017,6.142
3085274.6,14485,0.117,4.032,4.149
3085320.06,14484,0.128,6.118,6.246
3085339.26,14483,0.132,4.012,4.145
3085425.75,14484,0.959,4.076,5.035
3085427.77,14485,2.236,6.348,8.584
3085464.98,14483,0.18,3.831,4.011
3085573.93,14484,0.131,3.963,4.094
3085604.45,14485,0.272,6.004,6.276
3085620.21,14483,0.14,6.945,7.086
3085714.71,14484,0.919,3.973,4.892
3085727.09,14485,0.155,4.229,4.385
3085755.4,14483,2.177,4.137,6.314
3085767.02,14484,0.108,3.957,4.065
3085886.14,14485,0.231,4.252,4.483
3085953.21,14483,0.365,6.052,6.417
3085980.14,14484,0.261,4.474,4.735
3086049.33,14485,0.274,6.126,6.4
3086158.24,14483,0.141,4.216,4.357
3086195.99,14484,0.21,3.938,4.147
3086508.67,14485,0.188,4.046,4.234
3086577.29,14483,0.143,4.019,4.162
3086593.34,14484,0.108,4.815,4.923
3086607.88,14485,1.454,4.618,6.072
3086641.4,14483,1.153,4.298,5.451
3086667.26,14484,0.141,3.872,4.013
3086682.11,14485,1.543,6.579,8.122
3086684.64,14483,0.083,6.936,7.019
3086690.5,14484,0.106,5.764,5.87
3086703.6,14483,0.101,10.647,10.748
3086703.77,14485,0.94,7.873,8.813
3086717.87,14484,0.086,3.961,4.047
3086725.29,14483,0.079,4.05,4.129
3086746.66,14485,0.165,4.332,4.497
3086755.95,14484,0.109,3.988,4.097
3086805.79,14483,0.216,4.034,4.25
3086808.47,14485,1.96,5.073,7.033
3086814.91,14484,0.105,4.009,4.114
3086842.8,14483,0.137,4.238,4.375
3086870.14,14485,0.143,3.935,4.078
3086874.56,14484,0.097,4.004,4.1
3086902.53,14483,0.157,4.621,4.778
3086919.32,14485,0.163,4.426,4.589
3086936.11,14484,0.131,6.385,6.516
3086958.8,14483,0.125,4.152,4.277
3086986.9,14485,0.168,6.626,6.794
3087012.95,14484,0.441,4.608,5.049
3087025.6,14483,0.119,4.026,4.145
3087041.83,14485,0.115,4.035,4.15
3087046.05,14484,0.129,3.814,3.944
3087092.22,14485,0.071,5.064,5.136
3087092.85,14483,0.139,8.619,8.758
3087094.15,14484,0.071,4.17,4.24
3087111.37,14485,0.098,4.015,4.112
3087128.51,14483,0.083,4.071,4.154
3087142.62,14484,0.104,4.279,4.383
3087151.69,14485,0.095,4.982,5.076
3087169.49,14483,0.09,3.974,4.064
3087180.32,14484,1.537,4.197,5.734
3087229.42,14485,0.133,4.327,4.46
3087237.38,14483,0.142,4.211,4.354
3087247.92,14484,0.092,4.124,4.215
3087262.95,14483,0.053,7.022,7.075
3087263.71,14484,0.098,4.099,4.197
3087266.1,14485,2.18,10.921,13.101
3087306.07,14484,0.176,4.185,4.362
3087347.92,14483,0.272,8.681,8.953
3087348.18,14485,0.087,6.33,6.416
3087373.22,14484,0.139,3.995,4.134
3087380.75,14483,0.15,3.907,4.057
3087385.32,14485,0.3,4.004,4.304
3087393.58,14484,0.15,4.164,4.314
3087420.44,14483,0.147,4.04,4.187
3087450.16,14485,0.166,6.603,6.769
3087466.36,14484,1.538,5.15,6.688
3087466.88,14483,0.125,4.267,4.392
3087496.47,14485,0.152,4.319,4.47
3087518.37,14484,1.005,3.997,5.002
3087520.14,14483,0.079,4.234,4.313
3087545.06,14485,0.099,4.539,4.639
3087550.15,14484,4.024,4.075,8.099
3087573.95,14483,0.129,5.842,5.971
3087608.86,14485,0.168,4.065,4.233
3087636.78,14484,0.097,3.996,4.093
3087639.85,14483,0.067,4.109,4.176
3087651.13,14484,0.102,6.03,6.132
3087657.13,14485,1.719,4.002,5.721
3087694.44,14483,1.075,6.244,7.32
3087696.83,14484,0.109,4.317,4.426
3087714.22,14485,1.918,4.058,5.976
3087724.13,14483,1.603,3.989,5.592
3087751.26,14484,0.088,4.472,4.56
3087755.9,14485,0.081,4.426,4.508
3087791.82,14483,0.108,4.524,4.632
3087803.29,14484,0.101,4.048,4.149
3087824.71,14485,0.348,4.172,4.519
3087833.59,14483,0.132,4.256,4.388
3087836.13,14484,0.084,4.282,4.366
3087854.4,14485,0.083,8.199,8.283
3087855.06,14483,0.084,5.777,5.861
3087867.42,14484,0.088,4.268,4.356
3087885.5,14485,0.141,4.537,4.678
3087896.98,14483,0.099,4.499,4.598
3087900.91,14484,0.087,4.589,4.676
3087915.18,14485,0.375,7.883,8.258
3087915.61,14483,0.088,5.165,5.253
3087922.48,14484,0.073,4.423,4.496
3087937.44,14485,0.241,6.834,7.075
3087951.51,14483,0.118,6.147,6.265
3087954.33,14484,0.106,4.174,4.28
3087971.21,14485,0.127,7.668,7.795
3087971.49,14483,0.08,6.54,6.62
3087985.72,14484,0.087,3.873,3.96
3087990.71,14485,0.121,4.488,4.609
3088020.56,14483,0.366,4.134,4.499
3088032.18,14484,0.155,3.922,4.077
3088048.19,14485,0.162,6.016,6.178
3088050.59,14483,1.019,4.501,5.519
3088058.34,14484,0.112,3.966,4.078
3088070.17,14485,1.103,6.102,7.205
3088071.09,14483,1.164,5.965,7.129
3088077.7,14484,0.146,4.125,4.271
3088083.57,14485,0.148,4.823,4.971
3088142.41,14483,0.331,4.945,5.277
3088165.08,14484,1.596,3.851,5.446
3088183.16,14485,0.1,4.269,4.369
3088188.7,14483,0.069,3.947,4.016
3088267.78,14484,0.131,3.933,4.064
3088294.08,14485,0.33,4.0,4.33
3088327.98,14483,0.994,4.093,5.087
3088414.21,14484,2.254,4.076,6.33
3088432.95,14485,0.149,5.043,5.192
3088513.6,14483,0.115,4.071,4.185
3088514.17,14484,0.069,3.823,3.892
3088531.79,14485,0.12,3.962,4.083
3088532.84,14483,0.12,4.524,4.644
3088538.03,14484,0.077,4.021,4.098
3088554.37,14485,0.102,3.907,4.009
3088571.1,14483,0.082,4.23,4.313
3088597.59,14484,0.091,3.861,3.952
3088602.36,14485,0.269,4.076,4.345
3088609.42,14483,0.106,4.424,4.53
3088651.63,14484,0.143,6.003,6.146
3088670.01,14485,1.141,5.826,6.968
3088673.3,14483,0.21,4.348,4.557
3088684.7,14485,0.088,3.883,3.971
3088687.08,14484,0.112,7.81,7.922
3088693.69,14483,0.096,3.993,4.089
3088737.29,14485,0.224,3.986,4.21
3088751.99,14484,0.131,4.252,4.383
3088777.71,14483,0.106,4.251,4.357
3088781.98,14485,0.1,6.699,6.799
3088784.22,14484,0.917,5.048,5.965
3088789.83,14483,0.077,4.85,4.927
3088798.51,14485,0.158,8.082,8.24
3088798.8,14484,0.078,7.714,7.792
3088814.63,14483,0.086,4.172,4.258
3088822.12,14485,0.123,4.184,4.307
3088831.67,14484,0.074,3.952,4.026
3088849.74,14483,0.083,4.218,4.301
3088890.87,14485,0.273,4.383,4.656
3088902.77,14484,1.614,4.354,5.968
3088932.93,14483,0.109,4.449,4.557
3088943.36,14485,0.112,10.363,10.475
3088943.63,14484,0.071,7.497,7.569
3088945.88,14483,0.069,4.446,4.514
3089031.18,14485,0.162,4.651,4.813
3089039.53,14484,0.101,4.18,4.281
3089056.35,14483,0.097,4.025,4.122
3089059.96,14485,0.107,4.464,4.571
3089066.22,14484,0.13,6.131,6.262
3089070.68,14483,0.104,4.126,4.229
3089081.03,14485,0.089,4.21,4.299
3089083.18,14484,0.175,4.394,4.569
3089086.12,14483,0.058,3.966,4.024
3089093.85,14485,0.088,5.412,5.5
3089098.45,14484,0.069,5.326,5.395
3089100.43,14483,0.079,4.312,4.391
3089119.19,14485,0.062,4.152,4.214
3089149.28,14484,0.098,4.008,4.106
3089178.54,14483,0.082,4.043,4.124
3089203.38,14485,0.88,8.207,9.087
3089203.6,14484,0.071,4.299,4.37
3089253.54,14483,0.226,4.14,4.366
3089253.8,14485,0.073,4.067,4.14
3089259.47,14484,0.149,4.188,4.337
3089274.76,14483,0.148,4.105,4.253
3089294.42,14485,0.169,5.604,5.773
3089302.26,14484,0.066,6.099,6.165
3089309.49,14483,0.075,4.353,4.428
3089315.46,14485,0.051,4.364,4.415
3089315.87,14483,1.811,4.054,5.865
3089317.13,14484,2.696,4.706,7.401
3089320.25,14483,3.419,4.256,7.674
3089321.0,14485,3.539,5.279,8.819
3089332.7,14484,0.088,4.021,4.108
3089365.44,14483,0.105,5.039,5.145
3089372.42,14485,0.132,4.484,4.616
3089382.13,14484,0.094,5.825,5.919
3089398.18,14483,0.778,4.236,5.014
3089431.51,14485,1.896,8.173,10.069
3089432.23,14484,3.657,7.12,10.776
3089443.5,14483,0.08,3.907,3.988
3089469.65,14485,0.21,4.559,4.769
3089490.88,14484,0.196,4.482,4.677
3089533.37,14483,1.243,4.225,5.468
3089570.87,14485,0.086,4.22,4.306
3089618.18,14484,0.099,3.888,3.988
3089691.75,14483,0.712,6.448,7.16
3089713.87,14485,0.189,4.169,4.358
3089749.44,14484,3.034,4.257,7.291
3089777.79,14483,0.436,4.215,4.651
3089964.92,14485,1.487,4.531,6.017
3089995.66,14484,0.155,4.056,4.211
3090049.8,14483,0.152,4.384,4.536
3090102.4,14485,0.238,4.012,4.25
3090199.53,14484,0.185,4.602,4.786
3090265.31,14483,0.122,4.104,4.226
3090273.26,14485,0.088,4.055,4.143
3090310.65,14484,0.251,7.068,7.319
3090348.26,14483,0.15,4.988,5.138
3090394.98,14485,0.105,3.964,4.07
3090409.3,14484,1.159,7.13,8.289
3090411.61,14483,0.835,5.166,6.001
3090481.16,14485,0.167,4.242,4.41
3090532.36,14484,0.12,4.124,4.243
3090635.27,14483,0.173,4.516,4.689
3090646.06,14485,1.066,3.953,5.019
3090663.12,14484,0.09,4.642,4.732
3090794.95,14483,0.172,4.394,4.565
3090854.71,14485,0.176,6.723,6.899
3090862.73,14484,0.118,4.743,4.861
3090896.96,14483,0.17,4.119,4.289
3090909.66,14485,0.106,4.471,4.576
3090935.17,14484,0.096,3.931,4.027
3090995.84,14483,0.174,4.085,4.259
3091113.85,14485,0.177,3.907,4.085
3091166.94,14484,0.184,4.362,4.545
3091168.17,14483,0.151,4.312,4.463
3091438.06,14485,0.13,3.981,4.111
3091520.06,14484,0.228,4.825,5.053
3091524.89,14483,0.408,4.068,4.476
3091555.24,14485,0.092,4.024,4.115
3091655.43,14484,0.193,4.152,4.345
3091703.22,14483,0.301,11.925,12.227
3091748.76,14485,0.144,4.044,4.189
3091807.33,14484,1.318,4.102,5.421
3091809.7,14483,0.086,4.465,4.55
3091858.37,14485,0.271,3.83,4.101
3091867.32,14484,0.25,3.86,4.111
3091881.59,14483,0.219,4.438,4.657
3091921.7,14485,0.602,4.32,4.923
3091976.5,14484,0.12,4.075,4.195
3091979.76,14483,0.08,4.794,4.874
3092133.54,14485,0.186,3.952,4.138
3092141.68,14484,0.244,4.084,4.328
3092159.54,14483,0.097,5.067,5.164
3092246.98,14485,0.133,3.919,4.052
3092302.21,14484,0.118,4.2,4.318
3092306.21,14483,0.087,6.003,6.09
3092309.53,14485,0.06,5.326,5.387
3092316.42,14484,0.085,3.909,3.994
3092322.17,14483,0.084,4.271,4.355
3092340.05,14485,0.135,4.271,4.406
3092362.6,14484,0.122,4.235,4.357
3092386.43,14483,2.003,4.347,6.35
3092410.35,14485,0.232,4.072,4.304
3092441.47,14484,0.15,4.211,4.361
3092447.96,14483,0.162,4.036,4.198
3092454.71,14485,0.128,3.893,4.021
3092467.49,14484,0.102,4.015,4.116
3092477.1,14483,0.106,6.936,7.042
3092479.44,14485,3.032,4.357,7.389
3092494.85,14484,0.079,4.147,4.226
3092503.72,14483,0.072,4.035,4.107
3092520.78,14485,0.137,4.259,4.396
3092560.2,14484,0.088,4.321,4.409
3092569.68,14483,0.104,6.192,6.296
3092576.13,14485,0.062,4.455,4.517
3092601.22,14484,0.084,4.207,4.291
3092621.47,14483,0.122,4.142,4.264
3092644.45,14485,0.085,4.047,4.132
3092648.15,14484,0.064,3.986,4.05
3092650.63,14483,0.065,4.185,4.249
3092659.34,14485,0.075,4.281,4.356
3092663.69,14484,0.186,4.132,4.318
3092696.56,14483,0.091,4.1,4.191
3092735.74,14485,0.116,6.27,6.386
3092746.4,14484,0.08,10.4,10.481
3092783.8,14483,0.235,4.236,4.47
3092803.75,14485,0.149,4.535,4.684
3092821.98,14484,0.134,4.162,4.296
3092827.84,14483,0.091,5.749,5.84
3092841.02,14484,0.129,4.251,4.38
3092843.83,14485,0.084,4.485,4.568
3092848.31,14483,0.075,4.901,4.976
3092859.46,14484,0.2,4.145,4.344
3092882.54,14485,0.484,4.271,4.755
3092883.49,14483,0.324,4.121,4.445
3092922.97,14484,0.263,3.974,4.237
3092928.13,14485,0.072,4.487,4.56
3092939.74,14483,0.089,5.381,5.47
3092964.25,14484,0.124,4.266,4.39
3092997.7,14485,0.088,3.895,3.983
3093096.34,14483,0.186,4.239,4.424
3093111.35,14484,0.184,6.461,6.646
3093114.5,14485,0.089,6.27,6.359
3093116.99,14483,0.288,5.417,5.705
3093140.45,14484,0.084,6.358,6.442
3093155.78,14485,0.087,6.007,6.094
3093197.23,14483,0.12,4.367,4.487
3093210.44,14484,0.219,4.972,5.191
3093212.39,14485,0.091,4.14,4.231
3093220.44,14483,0.134,4.692,4.826
3093271.26,14484,0.138,4.537,4.675
3093330.15,14485,2.044,4.012,6.055
3093347.45,14483,0.094,6.085,6.179
3093348.06,14484,2.325,3.961,6.287
3093374.24,14485,0.094,4.154,4.248
3093376.2,14483,0.094,4.031,4.125
3093411.77,14484,0.249,6.875,7.124
3093418.59,14485,0.401,5.087,5.488
3093432.42,14483,1.537,8.289,9.825
3093432.89,14484,0.072,6.773,6.844
3093435.15,14485,1.009,3.922,4.931
3093445.6,14483,0.077,4.109,4.186
3093470.98,14484,0.091,4.087,4.178
3093491.79,14485,0.153,4.102,4.255
3093515.49,14483,0.183,8.686,8.87
3093617.93,14484,0.512,9.811,10.323
3093636.08,14485,2.045,3.943,5.988
3093678.45,14483,0.157,3.976,4.133
3093681.14,14484,0.106,4.142,4.248
3093683.67,14485,0.128,4.112,4.239
3093685.51,14483,0.057,4.146,4.203
3093692.67,14484,0.082,4.168,4.25
3093698.44,14485,0.104,4.797,4.901
3093700.81,14483,0.085,4.61,4.695
3093702.8,14484,0.065,4.206,4.272
3093723.75,14485,0.078,3.906,3.984
3093760.35,14483,0.072,4.229,4.3
3093776.27,14484,0.15,4.032,4.183
3093781.3,14485,0.338,4.376,4.714
3093800.92,14483,0.098,4.211,4.308
3093828.34,14484,0.104,4.162,4.266
3093838.18,14485,0.102,4.237,4.339
3093846.81,14483,0.082,4.261,4.342
3093878.13,14484,1.631,3.993,5.624
3093887.13,14485,0.098,4.509,4.607
3093892.16,14483,0.08,4.437,4.517
3093917.49,14484,0.082,3.991,4.073
3093929.81,14485,0.137,4.574,4.71
3093941.13,14483,0.086,4.651,4.737
3093945.42,14484,0.071,4.36,4.431
3093964.85,14483,0.091,4.359,4.45
3093969.67,14485,1.601,4.57,6.171
3093994.48,14483,0.096,4.363,4.46
3093999.35,14484,0.074,4.34,4.414
3094016.34,14485,0.102,4.254,4.356
3094021.42,14483,0.069,4.419,4.488
3094023.52,14484,0.089,4.22,4.31
3094031.13,14485,0.09,4.769,4.859
3094042.08,14483,0.097,4.133,4.231
3094105.72,14484,0.233,6.083,6.316
3094112.63,14485,0.161,4.193,4.354
3094118.87,14483,0.741,6.042,6.783
3094132.64,14484,0.178,4.534,4.712
3094142.13,14485,0.204,4.579,4.784
3094148.75,14483,3.094,6.226,9.32
3094161.04,14484,2.275,6.191,8.466
3094161.88,14485,6.05,4.769,10.818
3094167.89,14483,0.079,3.926,4.005
3094195.47,14484,0.229,4.743,4.971
3094208.15,14485,0.167,4.299,4.466
3094214.67,14483,0.109,4.392,4.502
3094221.68,14484,0.278,5.273,5.551
3094228.34,14485,0.109,5.62,5.729
3094249.86,14483,0.093,4.144,4.237
3094254.32,14484,0.083,4.453,4.536
3094265.37,14485,0.074,4.074,4.148
3094270.64,14483,0.088,3.997,4.085
3094290.34,14484,2.165,4.028,6.194
3094301.71,14483,0.122,5.944,6.066
3094303.66,14485,0.119,8.119,8.238
3094306.32,14484,0.243,4.033,4.276
3094311.1,14483,0.313,4.431,4.744
3094376.39,14485,0.134,4.089,4.223
3094383.03,14484,0.095,4.509,4.605
3094403.5,14483,0.109,3.866,3.975
3094414.49,14485,0.089,3.83,3.919
3094418.2,14484,1.222,4.053,5.275
3094422.62,14485,0.054,4.147,4.201
3094428.72,14483,0.078,4.22,4.298
3094484.48,14484,0.143,5.996,6.139
3094490.5,14485,0.086,4.44,4.527
3094494.0,14484,0.043,3.869,3.912
3094494.44,14483,0.104,4.797,4.901
3094563.13,14485,0.101,4.288,4.389
3094567.51,14484,0.087,5.919,6.006
3094611.03,14483,0.113,4.658,4.771
3094613.42,14485,0.973,4.141,5.114
3094667.81,14484,0.091,3.936,4.027
3094677.5,14483,0.076,8.789,8.865
3094678.01,14485,1.501,6.919,8.419
3094713.25,14484,0.109,4.309,4.419
3094724.51,14483,0.339,3.972,4.311
3094752.83,14485,0.115,4.196,4.312
3094759.26,14484,0.079,4.126,4.205
3094765.55,14483,0.076,8.233,8.31
3094765.86,14485,0.06,6.634,6.694
3094780.83,14484,1.737,5.593,7.33
3094786.19,14483,1.137,4.085,5.222
3094798.45,14484,0.792,4.218,5.01
3094799.65,14485,0.1,7.331,7.431
3094802.65,14483,1.113,6.946,8.059
3094803.79,14484,0.073,3.937,4.009
3094834.06,14485,1.965,4.805,6.77
3094844.67,14483,1.837,5.482,7.319
3094888.79,14484,0.1,3.962,4.062
3094899.06,14485,0.083,6.329,6.413
3094901.49,14483,0.845,4.336,5.182
3094908.26,14484,0.089,3.853,3.942
3094916.04,14485,0.074,4.168,4.242
3094919.71,14483,0.065,6.747,6.811
3094926.54,14484,0.09,4.074,4.164
3094930.55,14485,0.063,4.443,4.506
3094939.13,14484,0.085,4.097,4.182
3094963.13,14483,0.122,4.3,4.422
3094969.32,14485,0.07,4.124,4.194
3094973.4,14484,2.749,4.048,6.797
3094991.53,14485,0.089,4.607,4.696
3095006.81,14483,0.087,4.053,4.14
3095015.36,14484,0.08,4.146,4.226
3095042.06,14485,0.169,9.147,9.315
3095042.17,14483,3.186,4.797,7.984
3095055.52,14484,0.144,5.142,5.286
3095079.02,14485,0.188,4.219,4.407
3095085.24,14483,0.136,3.963,4.099
3095110.42,14484,0.827,4.057,4.884
3095117.05,14485,0.109,4.157,4.266
3095121.32,14483,0.091,5.059,5.15
3095140.87,14484,0.107,4.172,4.279
3095149.71,14485,0.974,4.022,4.996
3095177.49,14483,0.087,4.151,4.238
3095203.37,14484,0.093,4.067,4.16
3095224.98,14485,0.076,4.145,4.221
3095241.29,14483,0.123,4.235,4.358
3095254.55,14484,0.151,4.201,4.352
3095269.96,14485,0.121,4.022,4.144
3095301.96,14483,0.184,4.027,4.211
3095332.43,14484,0.096,5.113,5.209
3095394.33,14485,0.11,5.051,5.161
3095421.82,14483,0.105,4.546,4.651
3095434.02,14484,0.099,5.572,5.671
3095436.7,14485,0.097,4.245,4.342
3095440.12,14483,0.089,4.329,4.418
3095453.36,14484,0.075,4.121,4.196
3095469.17,14485,0.107,5.009,5.115
3095560.87,14483,0.16,4.326,4.486
3095590.3,14485,0.066,6.104,6.17
3095590.74,14484,1.378,8.481,9.859
3095598.08,14483,1.621,3.979,5.6
3095600.99,14485,0.081,4.096,4.177
3095604.37,14483,0.058,4.031,4.089
3095617.95,14484,0.09,4.262,4.352
3095634.24,14485,0.098,4.204,4.302
3095662.52,14483,0.168,4.272,4.441
3095664.18,14484,0.09,4.379,4.469
3095686.02,14485,0.189,6.686,6.875
3095691.91,14483,0.119,6.558,6.677
3095702.35,14484,0.13,4.152,4.282
3095710.22,14485,0.074,4.013,4.087
3095787.83,14483,0.449,8.501,8.95
3095822.04,14484,0.163,4.26,4.423
3095847.15,14485,0.126,3.95,4.076
3095877.96,14483,0.121,5.679,5.8
3095957.33,14484,0.14,4.048,4.188
3096098.71,14485,0.467,4.447,4.914
3096112.18,14483,2.487,3.991,6.478
3096130.83,14484,0.105,4.327,4.432
3096236.31,14485,0.12,3.833,3.953
3096241.11,14483,0.101,4.188,4.289
3096247.72,14484,0.262,4.275,4.536
3096256.55,14485,0.091,4.181,4.271
3096266.69,14484,0.078,4.057,4.135
3096267.02,14483,0.111,6.05,6.162
3096278.37,14485,0.099,6.271,6.369
3096305.27,14484,0.137,4.025,4.162
3096312.32,14483,0.091,3.929,4.02
3096317.04,14485,0.076,4.181,4.257
3096319.55,14484,0.068,4.239,4.308
3096388.07,14483,0.087,4.053,4.14
3096411.12,14485,0.113,10.566,10.678
3096412.04,14484,0.319,8.253,8.573
3096461.55,14483,0.199,5.667,5.866
3096473.22,14485,0.091,4.291,4.382
3096486.86,14484,0.088,5.562,5.65
3096496.37,14483,0.091,5.456,5.547
3096511.94,14485,0.089,8.614,8.703
3096512.41,14484,0.052,7.083,7.135
3096536.95,14483,0.096,6.224,6.319
3096545.13,14484,0.096,5.044,5.14
3096547.65,14485,0.082,9.523,9.606
3096569.76,14483,0.1,4.362,4.462
3096575.62,14484,0.1,4.109,4.209
3096588.99,14485,0.077,3.951,4.029
3096655.06,14483,0.114,4.202,4.316
3096692.41,14484,0.433,4.451,4.884
3096694.24,14485,0.082,4.3,4.382
3096701.5,14483,0.073,4.321,4.394
3096729.5,14484,0.095,4.769,4.864
3096736.53,14485,1.443,6.406,7.85
3096739.48,14483,1.532,5.269,6.801
3096743.82,14484,1.446,4.622,6.068
3096754.46,14485,0.628,6.88,7.508
3096765.07,14483,0.168,4.56,4.728
3096781.42,14484,1.344,4.152,5.497
3096809.2,14485,0.437,4.759,5.196
3096820.91,14483,0.137,4.367,4.504
3096837.08,14484,0.114,5.331,5.446
3096845.57,14485,0.093,4.899,4.992
3096865.46,14483,0.119,4.232,4.351
3096871.72,14484,0.201,4.343,4.544
3096879.1,14485,0.084,4.363,4.447
3096896.52,14484,2.945,4.475,7.42
3096896.62,14483,0.075,4.151,4.225
3096902.47,14485,0.096,4.203,4.3
3096914.46,14484,0.344,4.159,4.502
3097007.75,14483,0.121,4.256,4.377
3097019.75,14485,0.151,4.48,4.631
3097025.4,14484,0.748,5.442,6.19
3097040.68,14483,0.137,4.296,4.433
3097047.33,14485,0.104,4.162,4.267
3097052.11,14484,0.11,4.569,4.679
3097062.28,14483,0.07,4.279,4.349
3097072.43,14485,1.151,4.263,5.414
3097074.38,14484,0.062,4.031,4.093
3097085.34,14483,0.113,6.098,6.212
3097087.48,14485,0.061,4.37,4.431
3097089.03,14484,0.062,4.145,4.207
3097119.9,14483,0.094,4.158,4.252
3097137.98,14485,0.112,4.023,4.135
3097155.38,14484,0.155,4.061,4.216
3097164.16,14483,0.15,4.298,4.447
3097166.4,14485,2.185,4.297,6.482
3097221.73,14484,0.152,4.288,4.44
3097264.05,14483,2.761,12.027,14.788
3097264.34,14485,2.043,6.215,8.259
3097287.78,14484,0.102,3.902,4.004
3097308.41,14483,1.677,8.278,9.955
3097308.55,14485,0.09,6.056,6.147
3097310.5,14484,0.057,4.313,4.37
3097325.77,14485,0.061,5.12,5.181
3097327.44,14483,0.547,7.656,8.204
3097329.71,14484,0.095,4.365,4.46
3097378.22,14485,1.419,4.102,5.52
3097397.27,14483,0.098,4.1,4.198
3097397.37,14484,0.073,4.073,4.145
3097433.37,14485,0.166,5.262,5.429
3097434.51,14483,0.11,4.339,4.448
3097474.27,14484,1.941,4.113,6.054
3097502.7,14485,0.09,4.219,4.309
3097506.62,14483,0.598,4.08,4.678
3097511.13,14485,4.777,4.255,9.032
3097534.32,14484,0.175,4.033,4.208
3097578.0,14483,0.096,3.839,3.935
3097629.11,14485,0.112,4.038,4.15
3097633.2,14484,0.098,4.24,4.338
3097718.39,14485,0.179,4.191,4.37
3097735.43,14483,0.143,6.137,6.28
3097799.87,14484,0.123,4.37,4.493
3097810.28,14485,0.98,4.143,5.123
3097818.23,14483,0.108,8.496,8.604
3097820.75,14484,3.25,4.666,7.915
3097885.81,14485,0.164,4.57,4.735
3097949.56,14483,0.203,4.273,4.476
3097968.3,14484,0.117,4.17,4.286
3098050.34,14485,0.13,4.209,4.338
3098082.6,14483,0.145,4.271,4.416
3098174.88,14484,0.392,4.115,4.507
3098239.64,14485,0.142,4.284,4.426
3098323.22,14483,0.25,4.08,4.33
3098461.19,14484,0.171,4.256,4.427
3098465.61,14485,0.125,4.128,4.253
3098523.93,14483,0.197,7.0,7.196
3098593.94,14484,0.111,3.99,4.101
3098640.95,14485,0.107,4.067,4.175
3098650.02,14483,2.032,4.901,6.933
3098655.21,14484,0.08,3.94,4.02
3098691.38,14485,0.085,4.22,4.305
3098729.51,14483,0.154,7.989,8.143
3098742.82,14484,0.103,4.2,4.303
3098748.98,14485,0.089,5.986,6.075
3098795.2,14483,0.092,3.884,3.976
3098821.46,14484,0.974,4.238,5.212
3098897.66,14485,0.164,4.132,4.297
3098935.89,14483,0.148,5.069,5.217
3098967.48,14484,0.104,4.05,4.154
3098994.35,14485,0.1,3.835,3.934
3099106.73,14483,0.135,5.175,5.31
3099247.18,14484,0.83,7.763,8.593
3099285.31,14485,1.751,4.088,5.839
3099293.58,14483,0.091,4.013,4.104
3099344.88,14484,0.131,5.278,5.409
3099404.3,14485,0.151,3.998,4.15
3099437.43,14483,0.13,4.764,4.893
3099472.81,14484,1.734,3.981,5.715
3099519.71,14485,0.284,3.998,4.282
3099737.22,14483,0.275,7.114,7.388
3099740.52,14484,2.047,5.333,7.38
3099797.45,14485,0.139,4.24,4.379
3099839.55,14483,0.123,4.198,4.32
3099895.55,14484,2.121,6.319,8.44
3099928.48,14485,0.126,7.12,7.245
3099932.3,14483,0.08,6.025,6.105
3099939.79,14484,0.103,4.623,4.726
3100027.7,14485,0.487,6.027,6.514
3100069.11,14483,0.141,4.467,4.608
3100290.8,14484,0.176,4.453,4.629
3100338.83,14485,0.129,4.107,4.236
3100345.66,14483,0.09,4.139,4.23
3100349.67,14484,0.133,4.389,4.523
3100381.53,14485,0.318,4.246,4.564
3100390.36,14483,0.082,4.108,4.19
3100402.27,14484,1.859,4.046,5.906
3100448.43,14485,0.157,4.088,4.245
3100466.37,14484,0.072,4.01,4.082
3100466.49,14483,0.112,5.52,5.632
3100561.9,14485,0.134,4.207,4.341
3100600.59,14484,0.18,6.351,6.531
3100614.71,14483,0.097,4.096,4.194
3100663.47,14485,0.152,4.148,4.3
3100666.36,14484,1.668,4.182,5.849
3100681.58,14483,0.084,4.267,4.351
3100851.74,14485,0.136,4.725,4.861
3100854.95,14484,0.103,3.854,3.957
3100859.57,14483,0.082,4.135,4.218
3100859.96,14485,0.105,4.283,4.388
3100876.3,14484,1.531,4.106,5.637
3100901.53,14483,0.163,6.22,6.382
3100933.49,14485,0.104,4.19,4.294
3100968.05,14484,0.108,4.115,4.223
3101015.24,14483,0.097,3.792,3.888
3101045.48,14485,0.144,4.181,4.325
3101051.99,14484,0.076,4.453,4.529
3101100.6,14483,0.549,4.22,4.768
3101112.42,14485,0.098,4.352,4.449
3101202.21,14484,0.521,4.352,4.873
3101207.23,14483,0.374,4.491,4.865
3101272.7,14485,0.205,4.412,4.617
3101640.05,14484,0.189,6.039,6.229
3101654.34,14483,0.987,4.026,5.013
3101674.3,14485,0.085,4.135,4.22
3101682.42,14484,1.946,4.267,6.213
3101695.7,14483,0.101,3.955,4.056
3101870.17,14485,0.2,4.13,4.33
3101980.86,14484,0.212,4.246,4.459
3102004.37,14483,0.963,4.982,5.945
3102075.92,14485,0.12,4.349,4.469
3102097.3,14484,0.861,4.368,5.229
3102107.89,14483,0.088,4.511,4.6
3102114.25,14485,0.107,4.17,4.277
3102130.22,14484,0.092,4.327,4.419
3102196.66,14483,0.176,4.473,4.65
3102207.24,14485,0.167,4.986,5.154
3102217.85,14484,1.02,5.297,6.317
3102228.1,14483,0.155,4.086,4.241
3102233.39,14485,0.462,5.888,6.349
3102248.64,14483,0.153,3.977,4.131
3102272.07,14484,0.108,4.358,4.466
3102299.48,14485,0.186,4.491,4.677
3102327.13,14483,0.084,4.991,5.075
3102331.65,14484,2.115,4.381,6.496
3102406.93,14483,0.369,7.999,8.368
3102431.33,14485,3.545,4.23,7.775
3102445.09,14484,0.098,3.908,4.005
3102463.16,14483,0.139,4.107,4.246
3102521.86,14485,0.208,3.941,4.149
3102554.45,14483,0.145,5.04,5.185
3102557.4,14484,1.102,8.089,9.191
3102557.68,14485,0.671,6.543,7.214
3102559.16,14483,1.227,4.199,5.426
3102563.27,14484,1.776,3.938,5.714
3102606.38,14485,0.091,4.035,4.126
3102607.23,14483,0.059,4.179,4.238
3102621.21,14484,0.086,4.331,4.418
3102640.47,14485,2.386,4.349,6.735
3102658.94,14483,0.085,3.981,4.066
3102744.11,14484,2.45,3.929,6.379
3102758.78,14485,0.1,3.921,4.021
3102780.43,14484,1.61,5.662,7.272
3102780.5,14483,0.145,10.115,10.26
3102791.95,14485,0.087,4.15,4.237
3102825.34,14484,0.134,4.066,4.2
3102839.57,14483,0.151,4.278,4.429
3102853.05,14485,0.119,6.029,6.148
3102855.85,14484,1.28,4.201,5.481
3102868.68,14485,0.129,6.113,6.242
3102876.53,14483,0.065,4.154,4.219
3102886.91,14485,0.051,3.934,3.984
3102889.04,14484,0.132,10.114,10.246
3102891.18,14483,0.048,8.087,8.135
3102932.38,14485,1.321,4.238,5.559
3102940.14,14484,0.137,5.053,5.189
3102953.07,14483,0.43,4.19,4.62
3102955.23,14485,0.072,4.34,4.412
3102964.61,14484,0.194,4.128,4.321
3102980.39,14483,0.234,4.455,4.689
3102998.54,14485,0.089,4.169,4.259
3103021.86,14484,0.131,4.7,4.831
3103042.44,14483,0.087,4.181,4.268
3103079.94,14485,0.14,4.228,4.368
3103086.5,14484,0.089,4.107,4.195
3103093.57,14483,0.078,4.007,4.085
3103125.22,14485,0.133,4.104,4.237
3103145.37,14484,0.094,4.058,4.151
3103165.77,14483,0.084,3.995,4.079
3103182.34,14485,0.079,4.159,4.237
3103189.18,14484,0.072,4.075,4.147
3103201.25,14483,0.087,6.416,6.503
3103205.97,14485,0.136,6.683,6.819
3103215.11,14484,0.123,5.48,5.603
3103244.22,14483,0.249,4.468,4.717
3103247.41,14485,0.103,4.694,4.797
3103319.12,14484,0.429,8.819,9.248
3103321.22,14483,1.248,9.117,10.365
3103341.46,14485,0.102,4.287,4.389
3103356.61,14484,0.087,3.946,4.032
3103368.01,14483,0.076,4.294,4.369
3103392.42,14485,0.092,3.931,4.023
3103415.04,14484,2.377,4.088,6.466
3103415.76,14483,0.122,4.356,4.478
3103425.02,14485,0.117,3.878,3.995
3103439.28,14483,0.538,10.188,10.725
3103439.66,14484,0.09,12.653,12.743
3103439.82,14485,0.062,7.686,7.748
3103446.99,14483,0.16,4.169,4.329
3103457.67,14484,0.087,3.988,4.075
3103480.95,14485,0.147,5.967,6.114
3103505.38,14483,0.094,4.213,4.307
3103512.49,14484,0.182,6.146,6.328
3103584.99,14485,0.228,4.094,4.323
3103588.3,14483,0.087,4.257,4.344
3103590.56,14484,0.102,4.372,4.473
3103612.17,14485,0.1,3.855,3.955
3103625.92,14483,0.084,3.884,3.968
3103632.13,14484,0.107,3.948,4.055
3103648.68,14485,0.068,4.146,4.214
3103661.88,14483,0.074,4.108,4.182
3103669.67,14484,0.101,4.945,5.047
3103675.16,14485,0.152,3.999,4.151
3103715.94,14483,1.417,3.835,5.252
3103726.58,14484,0.08,4.14,4.22
3103734.21,14485,0.107,4.1,4.207
3103752.95,14483,0.101,4.105,4.206
3103776.22,14484,2.0,4.005,6.005
3103783.35,14485,0.091,4.022,4.114
3103807.94,14483,0.092,4.088,4.18
3103820.35,14484,0.877,4.15,5.026
3103824.82,14485,0.101,3.995,4.096
3103830.34,14483,0.076,5.705,5.781
3103833.43,14484,0.071,5.361,5.432
3103846.05,14485,0.178,6.248,6.426
3103867.13,14483,0.861,5.013,5.874
3103880.37,14484,0.121,4.187,4.308
3103901.8,14485,0.087,4.243,4.33
3103909.29,14483,0.091,4.02,4.111
3103932.36,14484,1.807,5.951,7.758
3103943.37,14485,0.109,3.942,4.051
3103960.8,14483,0.115,6.052,6.167
3103967.22,14484,0.085,4.046,4.131
3104013.2,14485,0.122,5.548,5.669
3104017.78,14483,0.093,4.174,4.267
3104019.98,14484,0.088,5.116,5.204
3104045.51,14485,0.126,4.342,4.467
3104053.24,14483,0.122,3.952,4.074
3104108.06,14484,0.088,5.665,5.753
3104110.3,14485,2.981,4.176,7.157
3104118.68,14483,0.076,4.227,4.303
3104155.62,14484,0.155,4.059,4.214
3104228.35,14485,1.797,4.099,5.896
3104232.21,14483,0.117,6.212,6.329
3104239.8,14484,0.088,4.124,4.212
3104251.04,14485,0.087,4.162,4.249
3104316.93,14483,3.456,3.85,7.307
3104326.07,14484,0.101,4.011,4.112
3104327.53,14485,0.06,3.883,3.943
3104380.97,14483,0.146,4.162,4.308
3104403.41,14484,0.16,3.912,4.072
3104446.9,14485,0.159,4.459,4.617
3104502.65,14483,0.159,4.029,4.188
3104564.69,14484,1.249,4.3,5.549
3104660.47,14485,0.147,4.151,4.298
3104666.26,14483,2.065,5.782,7.848
3104677.79,14485,0.089,4.198,4.287
3104736.47,14484,0.115,4.042,4.157
3104756.96,14483,0.098,4.146,4.244
3104777.54,14485,0.083,3.93,4.013
3104826.1,14484,0.099,3.977,4.076
3104856.98,14483,1.864,3.866,5.73
3104859.15,14485,1.558,6.002,7.56
3104954.18,14484,0.133,5.524,5.658
3105069.07,14483,0.144,4.115,4.259
3105071.52,14485,0.124,4.182,4.306
3105144.72,14483,2.206,6.46,8.666
3105204.01,14485,0.167,4.271,4.438
3105276.59,14484,0.129,4.013,4.142
3105281.49,14483,0.117,4.298,4.416
3105329.49,14485,1.425,4.17,5.595
3105351.41,14484,0.113,4.261,4.374
3105426.01,14483,0.118,5.491,5.609
3105434.45,14485,0.125,3.938,4.063
3105477.05,14484,0.17,3.838,4.008
3105482.16,14483,0.109,4.398,4.507
3105617.18,14485,0.151,4.711,4.862
3105630.92,14484,0.116,4.27,4.386
3105723.85,14483,0.154,4.159,4.314
3105879.62,14485,0.147,4.328,4.474
3105890.5,14484,0.08,4.325,4.405
3105898.64,14483,0.087,3.979,4.066
3105924.98,14485,0.11,3.983,4.093
3105941.41,14484,0.073,4.281,4.354
3105975.59,14483,0.134,8.305,8.44
3105978.35,14485,0.099,8.109,8.208
3106017.04,14484,0.103,8.452,8.555
3106020.04,14483,1.945,8.82,10.765
3106020.1,14485,0.049,6.189,6.238
3106031.36,14484,0.07,4.411,4.481
3106064.03,14483,0.187,4.556,4.743
3106082.69,14485,0.145,4.813,4.958
3106097.77,14484,0.102,4.499,4.602
3106099.59,14483,0.074,4.172,4.246
3106185.44,14485,0.137,4.484,4.621
3106190.3,14484,0.096,4.514,4.61
3106216.51,14483,0.111,3.971,4.082
3106232.8,14485,0.408,9.277,9.685
3106237.17,14484,0.06,7.164,7.224
3106255.44,14483,0.223,4.183,4.405
3106272.44,14485,0.169,8.508,8.677
3106284.57,14484,0.224,4.341,4.565
3106289.75,14483,0.153,4.373,4.526
3106314.05,14485,0.195,4.151,4.346
3106341.08,14484,0.283,4.128,4.411
3106351.6,14483,0.122,4.217,4.339
3106357.55,14485,0.119,4.113,4.232
3106371.75,14484,0.079,5.151,5.23
3106399.16,14483,0.091,4.088,4.178
3106403.49,14485,1.758,4.198,5.956
3106419.87,14484,0.1,4.608,4.708
3106441.64,14483,0.096,4.136,4.232
3106460.84,14485,0.086,6.087,6.173
3106465.08,14484,0.071,3.986,4.057
3106467.03,14483,0.056,3.887,3.943
3106484.84,14485,0.114,4.278,4.391
3106489.41,14484,0.055,4.295,4.35
3106496.97,14483,0.072,4.043,4.114
3106500.17,14485,0.059,4.436,4.496
3106506.06,14484,0.066,3.98,4.046
3106512.93,14483,0.089,4.296,4.384
3106532.75,14485,0.071,4.228,4.3
3106561.04,14484,0.103,4.113,4.216
3106569.13,14483,0.071,6.069,6.14
3106572.0,14485,0.083,4.265,4.347
3106648.45,14484,0.108,3.957,4.065
3106670.75,14483,0.092,4.209,4.3
3106677.22,14485,0.074,4.048,4.122
3106717.68,14484,0.165,4.144,4.309
3106743.68,14483,0.225,4.134,4.359
3106760.97,14485,0.081,4.012,4.093
3106769.31,14484,0.093,5.938,6.031
3106782.7,14483,0.068,5.901,5.969
3106819.0,14485,0.143,4.271,4.414
3106831.8,14484,0.09,4.32,4.41
3106837.54,14483,0.117,3.973,4.09
3106851.54,14485,0.086,4.246,4.331
3106855.81,14484,1.014,4.108,5.122
3106867.09,14483,0.071,4.141,4.213
3106901.69,14485,0.143,4.117,4.261
3106914.22,14484,0.332,4.987,5.319
3106933.91,14483,0.087,4.03,4.117
3106946.05,14485,0.088,3.969,4.057
3106978.76,14484,0.131,4.469,4.6
3107038.01,14483,0.137,4.07,4.207
3107061.43,14485,0.109,4.545,4.655
3107076.55,14484,0.129,5.967,6.096
3107096.39,14483,0.096,4.299,4.396
3107126.77,14485,0.179,4.351,4.53
3107144.66,14484,0.216,6.558,6.773
3107209.66,14483,0.206,4.108,4.314
3107227.46,14485,0.122,12.196,12.319
3107229.33,14484,0.132,6.405,6.537
3107271.86,14483,0.189,6.031,6.22
3107290.92,14485,0.122,4.471,4.592
3107329.93,14484,0.122,4.296,4.418
3107331.26,14483,0.115,4.885,5.0
3107337.26,14485,0.092,4.149,4.24
3107343.22,14484,0.221,4.017,4.237
3107375.62,14483,0.071,4.341,4.412
3107385.66,14485,0.102,5.284,5.387
3107403.89,14484,2.423,5.758,8.181
3107438.74,14483,0.09,4.2,4.29
3107473.98,14485,0.101,4.029,4.13
3107482.95,14484,0.93,3.94,4.87
3107509.59,14483,1.182,6.349,7.531
3107514.59,14485,0.083,3.897,3.98
3107614.2,14484,0.1,3.85,3.95
3107626.2,14483,0.632,4.068,4.7
3107647.16,14485,0.114,3.912,4.026
3107655.36,14484,2.261,6.185,8.446
3107656.17,14483,1.675,4.083,5.758
3107667.51,14485,0.079,3.944,4.023
3107683.77,14484,0.091,4.162,4.253
3107723.59,14483,0.256,4.08,4.336
3107725.07,14485,0.16,5.066,5.226
3107741.33,14484,2.396,4.1,6.496
3107749.66,14483,0.128,4.297,4.425
3107769.38,14485,0.116,4.165,4.28
3107781.04,14484,0.173,4.83,5.003
3107793.75,14483,0.123,5.754,5.877
3107832.58,14485,1.549,4.387,5.935
3107837.96,14484,0.082,3.932,4.014
3107881.84,14483,0.195,4.201,4.396
3107885.63,14485,0.082,4.101,4.183
3107900.2,14483,0.114,6.416,6.53
3107913.46,14484,2.418,4.136,6.554
3107922.29,14485,0.078,4.444,4.522
3107929.02,14483,0.071,3.944,4.015
3107940.6,14484,0.076,4.318,4.394
3107965.98,14485,0.09,3.968,4.057
3107995.14,14483,0.16,6.264,6.424
3108056.08,14484,0.159,4.551,4.711
3108115.07,14485,0.211,5.383,5.594
3108154.07,14483,0.119,4.012,4.131
3108260.24,14484,0.192,4.239,4.432
3108275.61,14485,0.12,4.249,4.369
3108333.2,14483,0.314,3.981,4.295
3108337.51,14484,0.132,4.266,4.398
3108376.68,14485,0.131,5.98,6.111
3108391.37,14483,0.109,4.551,4.66
3108421.64,14484,0.148,4.364,4.512
3108435.06,14485,0.102,5.292,5.394
3108436.1,14483,0.056,4.211,4.267
3108441.6,14484,0.185,8.461,8.646
3108441.64,14485,2.167,6.213,8.38
3108464.07,14483,1.524,3.899,5.422
3108480.12,14484,0.063,4.273,4.336
3108488.36,14485,0.175,4.042,4.216
3108492.23,14483,0.855,4.122,4.978
3108498.13,14484,0.072,4.225,4.298
3108509.98,14485,0.078,4.214,4.291
3108514.08,14483,0.058,4.075,4.132
3108549.9,14484,0.096,4.436,4.532
3108573.58,14485,0.094,4.758,4.852
3108575.47,14483,1.761,4.332,6.093
3108602.78,14484,0.143,6.916,7.059
3108604.34,14485,0.088,4.747,4.836
3108643.0,14483,0.096,4.178,4.275
3108676.75,14484,0.156,4.189,4.345
3108697.2,14485,1.642,3.969,5.61
3108707.6,14483,0.112,4.06,4.172
3108718.62,14484,0.091,4.852,4.943
3108729.1,14485,0.097,3.996,4.093
3108744.09,14483,0.125,4.057,4.182
3108748.03,14484,0.08,4.202,4.282
3108754.46,14485,0.08,4.244,4.324
3108780.05,14483,1.582,8.052,9.634
3108780.71,14484,2.61,4.604,7.214
3108788.18,14485,0.126,3.95,4.076
3108791.86,14483,0.075,3.947,4.022
3108815.72,14485,0.112,3.926,4.038
3108829.11,14484,0.116,4.367,4.483
3108833.79,14483,0.107,4.289,4.396
3108846.82,14485,0.113,4.141,4.254
3108884.14,14484,2.348,3.932,6.279
3108907.95,14483,0.204,4.0,4.205
3108967.08,14485,0.172,4.063,4.235
3109027.3,14484,0.162,3.987,4.149
3109032.18,14483,0.098,4.175,4.273
3109056.36,14485,0.221,4.05,4.271
3109069.12,14484,0.107,4.014,4.12
3109074.3,14483,0.095,4.005,4.1
3109099.15,14485,0.09,3.972,4.062
3109109.24,14484,0.082,4.123,4.205
3109113.51,14483,0.049,8.374,8.423
3109114.14,14485,0.061,4.974,5.034
3109120.36,14484,0.066,6.618,6.684
3109141.1,14483,0.084,4.215,4.299
3109162.28,14485,0.084,4.175,4.26
3109206.5,14484,0.152,4.305,4.457
3109206.53,14483,0.08,4.376,4.456
3109228.63,14485,0.102,4.011,4.113
3109241.28,14484,0.076,4.505,4.581
3109246.69,14483,0.082,4.164,4.245
3109265.26,14485,0.098,3.873,3.971
3109276.01,14484,0.158,4.505,4.663
3109279.21,14483,0.064,4.09,4.153
3109296.72,14484,1.628,4.43,6.059
3109332.57,14485,0.194,4.351,4.546
3109351.9,14483,0.849,4.339,5.187
3109366.96,14484,0.387,6.654,7.042
3109398.46,14485,0.154,4.153,4.307
3109418.18,14483,0.125,4.151,4.276
3109422.81,14484,0.13,4.109,4.239
3109455.9,14485,0.101,4.04,4.141
3109463.33,14483,0.147,4.045,4.192
3109480.42,14484,0.151,6.975,7.126
3109485.02,14485,0.076,4.14,4.216
3109487.09,14483,1.894,3.91,5.805
3109497.15,14484,0.067,4.157,4.224
3109516.84,14485,0.077,3.916,3.993
3109530.33,14483,1.875,4.169,6.044
3109599.61,14484,0.162,5.997,6.16
3109606.08,14485,0.082,3.942,4.024
3109612.46,14483,0.09,4.308,4.398
3109620.24,14484,0.063,4.468,4.531
3109620.29,14485,0.056,4.169,4.225
3109646.76,14483,0.071,4.07,4.141
3109687.59,14484,0.285,7.49,7.775
3109811.39,14485,0.402,11.129,11.531
3109817.31,14483,0.313,7.878,8.191
3109832.27,14484,0.125,4.161,4.285
3109865.35,14485,0.143,3.934,4.077
3109922.11,14483,0.453,12.179,12.632
3109945.33,14484,0.099,4.118,4.217
3109949.47,14485,0.097,4.304,4.401
3109958.26,14483,0.091,3.895,3.986
3109979.19,14484,0.121,4.054,4.175
3110021.27,14485,0.092,4.159,4.252
3110030.95,14483,0.087,4.626,4.714
3110046.41,14484,0.968,6.229,7.197
3110083.86,14485,0.477,5.216,5.694
3110090.77,14483,0.123,4.259,4.383
3110099.28,14484,0.097,4.139,4.236
3110127.96,14485,0.088,4.193,4.281
3110140.59,14483,0.086,4.292,4.379
3110229.57,14484,0.16,5.002,5.162
3110245.11,14485,0.113,6.946,7.059
3110251.16,14483,0.133,5.11,5.242
3110260.25,14484,0.201,4.16,4.36
3110313.16,14485,0.185,4.441,4.626
3110335.84,14483,0.174,4.083,4.258
3110344.55,14484,0.121,4.579,4.7
3110363.2,14485,0.091,4.329,4.42
3110369.6,14483,0.07,4.337,4.407
3110392.5,14484,0.089,4.301,4.39
3110407.26,14485,0.083,3.934,4.017
3110421.99,14483,0.175,4.102,4.278
3110472.61,14484,2.393,4.299,6.693
3110490.61,14485,0.097,4.084,4.181
3110502.27,14483,0.101,4.256,4.358
3110506.68,14484,0.078,4.202,4.28
3110523.07,14483,0.091,4.412,4.503
3110533.1,14485,0.133,4.04,4.173
3110582.07,14484,1.086,4.311,5.397
3110602.99,14483,0.114,4.43,4.544
3110608.1,14485,0.964,4.95,5.914
3110610.91,14484,0.093,4.63,4.723
3110625.52,14483,0.087,4.17,4.258
3110656.7,14484,0.075,4.209,4.283
3110657.04,14485,1.066,4.267,5.333
3110659.94,14483,0.061,4.331,4.393
3110664.46,14484,0.071,4.124,4.196
3110674.04,14485,0.079,4.436,4.515
3110676.17,14483,0.059,3.976,4.034
3110701.42,14484,0.086,4.286,4.373
3110730.69,14485,0.125,4.199,4.323
3110754.13,14483,2.432,3.882,6.314
3110775.32,14484,0.126,3.981,4.107
3110823.26,14485,2.197,3.944,6.141
3110832.22,14483,0.077,4.173,4.25
3110875.89,14484,0.162,5.819,5.981
3110967.41,14485,0.131,4.129,4.26
3111156.77,14483,0.137,4.205,4.342
3111176.45,14484,0.164,4.009,4.173
3111260.38,14485,0.12,4.939,5.058
3111271.28,14483,0.098,4.475,4.573
3111295.59,14484,0.164,4.653,4.816
3111449.25,14485,0.212,4.812,5.024
3111488.12,14483,0.158,4.574,4.732
3111497.56,14484,0.124,4.251,4.375
3111619.49,14485,0.135,4.58,4.715
3111636.6,14483,0.136,6.419,6.556
3111636.74,14484,0.106,4.077,4.183
3111660.31,14485,0.197,7.077,7.274
3111699.16,14483,0.134,4.018,4.152
3111726.89,14484,0.13,3.845,3.975
3111852.61,14485,0.255,4.415,4.669
3111870.33,14483,0.122,4.056,4.178
3111968.38,14484,0.119,3.86,3.979
3112003.03,14485,0.217,4.223,4.44
3112165.54,14483,0.143,4.127,4.27
3112199.57,14484,0.381,4.267,4.648
3112254.3,14485,0.124,4.082,4.207
3112298.04,14483,0.285,4.391,4.677
3112312.86,14484,0.131,4.414,4.545
3112322.18,14485,0.082,4.409,4.491
3112353.57,14483,0.116,3.928,4.044
3112386.67,14484,0.122,6.553,6.674
3112392.1,14485,0.075,4.069,4.144
3112400.52,14483,0.075,4.213,4.288
3112404.98,14484,0.062,4.013,4.074
3112407.08,14485,0.073,4.199,4.271
3112414.32,14483,0.067,4.2,4.267
3112470.83,14484,0.145,4.32,4.465
3112484.54,14485,0.105,4.734,4.839
3112491.1,14483,3.576,6.252,9.828
3112521.76,14484,0.787,4.118,4.904
3112526.39,14485,0.171,4.327,4.499
3112535.25,14483,0.087,4.116,4.204
3112539.07,14484,1.832,3.963,5.795
3112560.32,14483,0.117,4.288,4.405
3112571.4,14485,1.167,5.228,6.395
3112591.2,14484,0.096,4.286,4.382
3112599.37,14483,2.011,4.292,6.303
3112624.33,14485,0.077,3.98,4.057
3112637.1,14484,0.083,4.061,4.144
3112647.51,14483,0.125,4.028,4.152
3112652.86,14485,0.103,4.169,4.272
3112657.85,14484,0.106,6.51,6.616
3112657.94,14483,0.098,4.842,4.94
3112682.82,14485,0.106,5.015,5.12
3112694.23,14484,0.087,4.133,4.221
3112703.54,14483,0.098,4.027,4.125
3112706.03,14485,0.077,4.167,4.244
3112709.3,14484,0.074,4.248,4.322
3112716.54,14485,0.074,5.161,5.235
3112737.09,14483,0.157,3.846,4.003
3112749.65,14484,0.099,4.014,4.113
3112767.17,14485,0.946,3.949,4.895
3112791.78,14483,0.112,8.902,9.014
3112791.88,14484,0.055,8.443,8.498
3112801.11,14485,0.073,4.144,4.217
3112865.44,14483,0.193,8.003,8.196
3112867.56,14484,1.001,4.483,5.484
3112868.24,14485,0.288,4.923,5.21
3112883.15,14483,0.088,4.314,4.402
3112888.19,14484,0.068,4.028,4.097
3112890.41,14485,0.095,4.554,4.649
3112930.69,14483,0.11,5.482,5.593
3112933.39,14485,0.089,4.454,4.543
3112933.91,14484,0.087,5.182,5.269
3112954.29,14483,0.177,4.022,4.199
3112991.65,14485,0.161,6.338,6.499
3113020.92,14484,0.178,4.241,4.419
3113059.52,14485,0.071,4.818,4.889
3113060.43,14483,2.243,6.218,8.461
3113093.16,14484,1.946,3.998,5.943
3113136.41,14485,0.145,3.987,4.133
3113141.4,14483,0.093,4.894,4.987
3113158.63,14485,0.086,4.083,4.169
3113166.99,14484,0.126,7.944,8.07
3113171.62,14485,0.133,4.369,4.502
3113171.68,14483,0.141,5.484,5.625
3113176.36,14484,0.089,4.427,4.516
3113182.92,14485,0.077,4.006,4.083
3113197.23,14483,0.085,3.988,4.073
3113233.07,14484,0.139,4.084,4.223
3113233.72,14485,0.064,4.005,4.069
3113262.51,14483,0.133,4.213,4.346
3113266.95,14484,0.092,4.204,4.297
3113277.24,14485,0.096,4.403,4.499
3113287.24,14483,0.131,4.085,4.215
3113302.44,14484,0.207,4.476,4.683
3113324.61,14485,0.093,5.994,6.088
3113324.88,14483,2.023,4.529,6.552
3113350.68,14484,0.158,4.659,4.817
3113368.64,14485,0.239,4.014,4.253
3113397.66,14483,0.107,3.94,4.048
3113421.46,14484,0.162,4.389,4.551
3113422.59,14485,0.196,3.944,4.14
3113463.15,14483,0.167,3.869,4.036
3113519.23,14484,0.227,4.178,4.405
3113534.99,14485,0.109,4.111,4.221
3113551.26,14483,0.11,4.37,4.481
3113555.82,14484,0.123,4.102,4.225
3113576.26,14485,1.858,4.008,5.866
3113589.71,14483,0.087,4.169,4.256
3113631.65,14484,0.086,4.114,4.199
3113684.57,14485,0.214,4.566,4.78
3113735.37,14483,0.235,7.734,7.968
3113857.17,14484,2.107,4.039,6.145
3113912.77,14485,0.761,9.679,10.44
3113948.2,14483,3.566,4.021,7.587
3113988.19,14484,0.222,4.407,4.63
3114021.06,14485,0.898,4.246,5.144
3114027.36,14483,1.921,4.214,6.135
3114064.73,14484,0.121,3.949,4.069
3114119.44,14485,0.144,6.195,6.339
3114124.16,14483,0.127,4.162,4.289
3114145.98,14484,0.116,4.091,4.208
3114241.83,14485,0.125,4.345,4.47
3114246.35,14483,0.58,4.282,4.863
3114337.27,14484,0.148,4.273,4.421
3114379.33,14485,0.201,5.661,5.862
3114385.46,14483,0.169,4.057,4.225
3114441.28,14484,0.224,4.217,4.441
3114443.75,14485,0.122,4.081,4.203
3114455.25,14483,0.191,4.153,4.344
3114460.78,14484,0.139,4.411,4.55
3114513.31,14485,0.105,4.066,4.171
3114518.12,14483,0.072,4.115,4.187
3114523.35,14484,0.087,5.098,5.185
3114570.28,14485,1.007,9.009,10.016
3114591.91,14483,1.013,4.595,5.607
3114600.54,14485,0.512,6.717,7.229
3114601.14,14484,0.105,9.839,9.944
3114603.3,14483,0.079,4.906,4.985
3114611.98,14485,1.361,4.886,6.247
3114658.96,14484,0.192,4.051,4.242
3114673.78,14483,0.146,5.748,5.894
3114683.88,14485,0.927,4.004,4.931
3114697.43,14484,0.116,4.292,4.408
3114701.54,14483,0.105,4.428,4.533
3114735.38,14485,0.124,4.219,4.344
3114739.72,14484,0.09,4.494,4.583
3114744.91,14485,0.069,4.381,4.45
3114765.65,14483,0.15,4.162,4.313
3114780.57,14484,1.233,4.179,5.413
3114799.69,14485,0.099,8.159,8.257
3114802.0,14483,2.231,4.862,7.094
3114824.53,14484,0.088,4.12,4.208
3114830.06,14485,0.098,4.371,4.469
3114913.22,14483,0.125,3.887,4.012
3114917.76,14484,0.083,3.972,4.055
3114953.81,14485,0.172,5.509,5.681
3114960.87,14484,0.073,4.552,4.625
3114962.62,14483,0.115,6.491,6.606
3114966.03,14485,0.06,5.714,5.774
3114985.97,14484,0.083,3.959,4.042
3114990.68,14483,0.194,4.335,4.528
3115014.26,14485,0.181,4.838,5.019
3115016.91,14484,0.093,4.289,4.382
3115057.78,14483,0.306,7.25,7.556
3115063.08,14485,0.113,4.833,4.947
3115078.36,14484,0.074,4.049,4.123
3115102.52,14483,1.028,8.424,9.452
3115102.75,14485,1.042,6.653,7.695
3115107.73,14484,0.078,4.037,4.114
3115116.02,14483,0.843,6.643,7.485
3115176.05,14485,0.145,4.601,4.745
3115197.34,14484,0.133,5.814,5.947
3115203.44,14483,0.095,8.034,8.129
3115204.22,14485,0.072,6.687,6.759
3115207.05,14484,0.087,4.112,4.2
3115211.94,14483,0.153,4.427,4.58
3115232.82,14485,0.107,4.315,4.422
3115242.61,14484,0.091,3.98,4.071
3115252.27,14483,0.106,4.299,4.406
3115267.3,14485,0.114,4.071,4.185
3115285.24,14484,0.085,3.936,4.022
3115290.53,14483,0.089,4.398,4.487
3115303.15,14485,0.082,4.449,4.531
3115315.75,14484,0.087,3.834,3.921
3115368.8,14483,0.17,4.456,4.625
3115375.23,14485,0.093,3.983,4.076
3115377.42,14484,0.062,4.14,4.202
3115388.27,14483,0.097,5.585,5.682
3115389.4,14485,0.055,4.475,4.53
3115470.16,14484,0.186,7.648,7.834
3115496.07,14483,0.167,6.028,6.195
3115505.85,14485,1.275,6.583,7.858
3115526.38,14483,0.097,8.806,8.903
3115526.45,14484,0.129,9.663,9.792
3115546.39,14485,0.168,6.096,6.264
3115590.55,14483,0.164,4.207,4.371
3115621.02,14484,0.126,4.211,4.336
3115621.35,14485,0.115,4.477,4.591
3115624.92,14483,0.067,5.942,6.009
3115627.52,14484,0.092,5.085,5.177
3115629.84,14485,0.057,4.453,4.51
3115639.66,14483,0.168,4.288,4.456
3115645.11,14484,0.138,4.224,4.362
3115663.95,14485,2.389,3.834,6.223
3115683.2,14483,0.077,4.279,4.356
3115696.59,14484,0.071,4.153,4.224
3115734.36,14485,0.146,5.09,5.236
3115741.58,14483,0.128,4.209,4.337
3115751.35,14484,0.09,4.234,4.324
3115756.9,14485,0.078,4.155,4.233
3115804.58,14483,0.246,4.143,4.39
3115808.78,14484,0.087,4.084,4.17
3115812.05,14485,0.071,4.359,4.43
3115814.09,14483,0.07,4.205,4.275
3115822.26,14484,0.081,6.028,6.109
3115823.43,14485,0.226,4.078,4.303
3115846.17,14483,0.082,5.163,5.245
3115859.84,14484,0.081,6.254,6.335
3115866.15,14485,2.086,4.067,6.153
3115878.93,14483,0.079,4.007,4.086
3115880.5,14484,0.065,4.294,4.359
3115899.76,14485,0.166,4.103,4.27
3115926.87,14483,0.104,4.012,4.116
3115948.49,14484,1.071,4.306,5.377
3115954.37,14485,0.118,4.243,4.361
3115960.7,14483,0.067,4.393,4.46
3115964.89,14484,0.063,3.933,3.996
3116000.72,14485,0.188,4.197,4.386
3116010.89,14483,0.141,4.122,4.263
3116050.46,14484,0.157,4.142,4.299
3116060.85,14485,0.119,4.06,4.179
3116092.68,14483,0.19,4.01,4.2
3116117.12,14484,0.095,3.912,4.007
3116175.03,14485,1.939,3.822,5.76
3116323.52,14483,0.143,4.181,4.324
3116424.37,14484,0.367,4.409,4.775
3116479.24,14485,2.324,4.036,6.36
3116758.85,14483,0.272,4.159,4.431
3116818.39,14484,0.194,4.009,4.202
3116856.39,14485,0.135,4.136,4.271
3116871.9,14483,0.095,4.006,4.101
3116913.05,14484,0.172,4.424,4.596
3116979.64,14485,0.135,3.876,4.011
3116984.24,14483,0.122,4.039,4.161
3117080.84,14484,0.174,4.447,4.621
3117149.62,14485,0.138,3.891,4.029
3117170.15,14483,0.142,6.015,6.158
3117239.19,14484,0.202,4.375,4.576
3117402.87,14485,0.179,8.046,8.225
3117403.33,14483,2.434,6.01,8.444
3117489.49,14484,0.191,4.073,4.264
3117579.54,14485,0.151,4.07,4.221
3117688.08,14483,0.155,3.998,4.153
3117778.22,14484,0.573,4.209,4.782
3117785.66,14485,0.133,6.73,6.863
3117877.45,14483,0.165,4.356,4.522
3117932.99,14484,1.3,3.838,5.138
3117961.75,14485,0.397,6.17,6.568
3117987.04,14483,0.794,4.009,4.802
3118016.32,14484,0.162,3.932,4.094
3118049.05,14485,0.282,6.461,6.743
3118069.01,14483,0.306,4.326,4.632
3118081.36,14484,0.114,4.095,4.209
3118096.09,14485,0.114,4.104,4.218
3118139.27,14483,0.272,10.012,10.284
3118139.35,14484,0.092,9.051,9.142
3118151.67,14485,0.094,3.951,4.045
3118188.3,14483,0.157,5.006,5.163
3118220.16,14484,0.108,3.895,4.003
3118246.92,14485,0.121,5.169,5.29
3118262.33,14483,0.129,4.315,4.443
3118278.08,14484,0.106,4.116,4.223
3118283.7,14485,0.091,4.01,4.102
3118299.73,14483,0.094,4.1,4.194
3118303.79,14484,0.105,3.954,4.059
3118335.47,14485,0.092,4.208,4.3
3118388.47,14483,0.116,4.06,4.176
3118416.28,14484,0.177,3.92,4.097
3118423.57,14485,0.143,5.354,5.497
3118424.35,14483,0.086,4.022,4.107
3118434.46,14484,0.133,6.283,6.415
3118450.74,14485,0.639,4.73,5.369
3118453.8,14483,0.149,4.302,4.451
3118480.41,14484,0.14,4.002,4.142
3118520.11,14485,0.113,4.183,4.297
3118525.05,14483,0.064,4.419,4.483
3118568.92,14484,0.212,5.239,5.451
3118595.13,14485,0.123,5.029,5.152
3118598.56,14483,0.106,6.242,6.348
3118603.17,14484,0.118,7.713,7.831
3118603.47,14485,0.08,4.552,4.631
3118614.74,14483,0.197,4.013,4.21
3118653.44,14484,0.184,4.096,4.28
3118662.77,14485,0.109,5.433,5.542
3118665.44,14483,0.143,3.921,4.064
3118680.74,14484,0.312,4.872,5.185
3118697.39,14485,0.11,5.691,5.801
3118704.07,14485,0.055,3.924,3.979
3118704.84,14483,0.118,7.927,8.045
3118705.12,14484,0.083,6.951,7.034
3118728.32,14485,0.115,4.161,4.277
3118732.33,14483,1.581,6.685,8.266
3118734.62,14484,1.501,4.443,5.944
3118754.95,14485,0.134,4.047,4.181
3118762.4,14483,0.118,4.349,4.467
3118770.38,14484,0.107,3.911,4.019
3118782.5,14485,0.096,4.513,4.609
3118791.76,14483,0.097,4.005,4.102
3118808.83,14484,0.111,3.869,3.98
3118814.31,14485,0.069,4.958,5.028
3118883.08,14483,0.155,4.435,4.59
3118895.6,14484,1.266,5.79,7.056
3118897.11,14485,0.078,5.458,5.536
3118901.69,14483,0.065,8.361,8.426
3118902.73,14484,2.105,6.977,9.082
3118904.51,14485,0.085,4.167,4.252
3118931.89,14483,0.094,4.01,4.105
3118946.34,14484,0.101,4.162,4.263
3118948.52,14485,0.06,4.409,4.469
3118972.31,14483,0.084,3.939,4.024
3118976.65,14484,0.243,4.055,4.297
3118982.57,14485,0.122,5.18,5.302
3119005.74,14483,0.119,3.921,4.04
3119035.13,14484,0.159,6.016,6.175
3119050.84,14485,0.183,5.038,5.222
3119053.69,14483,1.646,4.062,5.708
3119073.04,14484,1.554,4.916,6.471
3119101.77,14485,0.152,4.092,4.244
3119123.17,14483,0.107,3.968,4.075
3119128.55,14484,0.089,4.291,4.381
3119135.31,14485,0.832,4.006,4.838
3119141.91,14483,0.086,6.172,6.258
3119169.15,14484,2.332,6.344,8.676
3119192.9,14485,0.156,3.851,4.007
3119204.19,14483,0.133,3.948,4.081
3119209.02,14484,0.079,4.933,5.013
3119221.09,14485,0.095,5.915,6.011
3119235.13,14483,0.106,3.89,3.996
3119239.58,14484,0.063,6.951,7.014
3119241.55,14485,0.056,5.239,5.295
3119248.46,14483,1.562,4.083,5.645
3119253.42,14484,0.158,4.639,4.798
3119273.99,14485,0.09,4.586,4.676
3119286.99,14483,0.266,4.578,4.844
3119303.44,14484,0.103,4.263,4.365
3119329.59,14485,0.087,4.366,4.453
3119342.16,14483,0.094,4.288,4.382
3119356.23,14484,0.092,4.322,4.414
3119364.32,14485,0.084,4.277,4.361
3119383.96,14483,0.13,5.028,5.158
3119418.55,14484,0.189,6.856,7.045
3119441.35,14485,0.106,4.191,4.297
3119459.1,14483,0.099,6.434,6.533
3119467.87,14484,0.09,4.228,4.318
3119477.56,14485,0.089,5.588,5.677
3119497.0,14483,0.119,4.071,4.19
3119500.14,14484,0.134,4.195,4.329
3119528.04,14483,0.085,6.142,6.227
3119530.6,14485,1.125,10.368,11.493
3119533.7,14484,0.087,11.361,11.449
3119547.18,14483,0.141,4.752,4.893
3119578.78,14485,0.308,4.513,4.821
3119609.15,14484,0.106,4.082,4.188
3119664.51,14483,0.214,4.473,4.687
3119680.81,14485,0.353,5.502,5.855
3119691.79,14484,0.097,5.276,5.373
3119742.1,14483,0.117,4.297,4.414
3119752.11,14485,0.225,5.221,5.447
3119826.8,14484,2.915,5.615,8.53
3119829.77,14483,0.101,4.606,4.707
3119844.54,14484,1.79,4.43,6.22
3119935.97,14485,1.633,3.843,5.476
3119956.59,14483,0.088,4.343,4.432
3119964.04,14484,0.169,4.124,4.293
3119993.36,14485,0.099,6.04,6.138
3120064.47,14483,0.195,4.402,4.597
3120103.47,14484,13.908,7.062,20.97
3120213.21,14485,0.194,4.436,4.63
3120240.51,14483,0.14,4.33,4.469
3120252.16,14484,0.12,4.268,4.388
3120275.66,14485,0.099,4.074,4.172
3120300.21,14483,0.104,4.594,4.698
3120422.14,14484,0.164,9.242,9.407
3120424.67,14485,0.128,8.394,8.522
3120430.88,14483,0.101,5.81,5.911
3120456.36,14484,2.108,4.109,6.217
3120493.26,14485,0.181,4.428,4.61
3120635.47,14483,0.142,5.142,5.284
3120888.96,14484,0.166,5.436,5.603
3120991.68,14485,0.191,4.24,4.431
3121162.41,14483,0.601,6.101,6.701
3121177.75,14484,2.65,5.951,8.602
3121230.05,14485,0.874,4.539,5.414
3121251.51,14483,0.175,4.182,4.356
3121257.13,14484,0.114,5.448,5.562
3121269.6,14483,0.148,4.232,4.38
3121339.7,14485,0.183,4.962,5.146
3121446.14,14484,0.397,4.625,5.022
3121459.94,14483,0.522,5.096,5.618
3121587.12,14485,0.212,5.26,5.472
3121612.44,14484,0.667,4.617,5.285
3121823.71,14483,0.668,5.305,5.973
3121857.87,14485,0.281,3.956,4.237
3121934.77,14484,0.227,5.702,5.929
3122021.91,14483,0.198,4.562,4.76
3122142.24,14485,0.478,4.292,4.77
3122157.14,14484,0.21,3.878,4.089
3122287.67,14483,0.577,4.666,5.243
3122424.21,14485,2.618,4.419,7.037
3122427.73,14484,0.468,5.402,5.87
3122471.84,14483,0.146,4.651,4.797
3122500.05,14485,0.171,4.044,4.215
3122533.85,14484,0.198,3.897,4.095
3122591.71,14483,0.172,6.162,6.334
3122630.97,14485,0.864,5.749,6.613
3122665.65,14484,0.13,5.249,5.379
3122667.19,14483,0.112,4.642,4.754
3122758.34,14485,1.79,5.313,7.103
3122783.77,14484,0.595,8.874,9.469
3122826.2,14483,0.165,4.321,4.486
3122836.65,14485,0.237,4.083,4.321
3122844.93,14484,0.498,5.507,6.005
3122943.84,14483,0.251,4.859,5.11
3122947.96,14485,1.843,4.122,5.965
3123109.77,14484,0.255,4.649,4.904
3123128.36,14483,0.353,6.336,6.688
3123131.21,14485,0.356,5.839,6.196
3123357.6,14484,0.227,4.214,4.441
3123394.03,14483,0.187,4.655,4.842
3123411.15,14485,0.161,5.283,5.444
3123500.24,14484,0.695,4.456,5.152
3123525.96,14483,0.375,6.042,6.418
3123537.08,14485,0.159,7.265,7.424
3123537.47,14484,0.148,5.207,5.355
3123705.08,14483,0.338,8.492,8.83
3123722.62,14485,0.157,4.138,4.295
3123743.09,14484,0.132,3.988,4.121
3123755.25,14483,0.083,3.951,4.034
3123761.24,14485,0.087,4.084,4.171
3123802.11,14484,0.521,5.316,5.836
3123812.19,14483,0.136,4.531,4.667
3123866.5,14485,0.505,7.529,8.033
3123914.91,14484,1.896,5.301,7.196
3124069.69,14483,0.188,5.912,6.1
3124104.68,14485,3.507,6.287,9.794
3124151.77,14484,0.217,4.276,4.493
3124287.24,14483,0.184,4.454,4.638
3124311.02,14485,1.919,5.543,7.462
3124347.42,14484,0.263,5.153,5.416
3124385.77,14483,0.191,4.388,4.579
3124463.69,14485,0.396,4.891,5.287
3124483.32,14484,0.575,4.697,5.271
3124501.45,14483,0.209,4.166,4.375
3124505.72,14485,0.161,3.895,4.056
3124530.07,14484,0.607,6.089,6.696
3124582.72,14483,0.294,4.824,5.118
3124601.82,14485,0.586,9.838,10.424
3124602.09,14484,0.528,8.833,9.36
3124718.23,14483,0.161,4.177,4.338
3124730.93,14485,0.231,3.968,4.199
3124754.62,14484,0.146,7.921,8.067
3124756.18,14483,0.614,8.014,8.628
3124756.6,14485,3.049,4.418,7.466
3124759.46,14484,2.477,4.584,7.061
3124765.71,14483,0.092,3.938,4.03
3124787.67,14485,0.333,5.965,6.297
3124845.28,14484,0.232,6.605,6.837
3124852.18,14483,0.162,4.269,4.431
3124865.21,14485,0.162,4.316,4.477
3124869.78,14484,1.432,4.241,5.673
3124900.23,14483,0.24,4.27,4.511
3124901.61,14485,0.082,4.068,4.15
3124911.76,14484,0.174,4.117,4.291
3124923.02,14483,0.23,5.711,5.941
3124945.58,14485,0.412,6.261,6.672
3124964.19,14484,0.679,5.488,6.167
3124990.21,14483,0.173,5.273,5.446
3124992.94,14485,0.242,5.035,5.277
3125009.97,14484,0.218,4.54,4.758
3125015.11,14483,0.374,4.549,4.923
3125043.53,14485,0.76,4.099,4.859
3125045.88,14484,0.153,4.041,4.194
3125051.49,14483,0.077,4.753,4.83
3125057.88,14485,0.088,4.372,4.46
3125067.33,14484,0.151,5.99,6.141
3125079.4,14483,0.174,5.103,5.277
3125082.95,14485,0.129,3.939,4.068
3125113.83,14484,0.218,8.88,9.098
3125114.72,14483,0.099,6.155,6.254
3125136.43,14485,0.254,4.081,4.335
3125143.88,14484,0.154,4.8,4.954
3125175.58,14483,0.291,3.905,4.196
3125206.11,14485,0.26,4.758,5.018
3125232.56,14484,1.231,4.247,5.478
3125240.21,14483,0.109,4.311,4.42
3125262.05,14485,0.19,6.734,6.924
3125271.68,14484,0.118,4.598,4.717
3125286.75,14483,0.143,6.292,6.435
3125310.85,14485,0.189,4.699,4.887
3125320.22,14484,0.136,4.443,4.579
3125340.08,14483,0.186,4.149,4.335
3125380.45,14485,3.554,5.76,9.315
3125384.95,14484,1.265,4.566,5.831
3125415.1,14485,2.502,6.022,8.523
3125427.96,14483,0.241,4.255,4.496
3125455.48,14484,0.173,4.887,5.06
3125461.68,14485,1.464,6.445,7.909
3125476.15,14483,0.183,8.073,8.256
3125476.78,14484,3.428,4.647,8.075
3125495.45,14485,0.18,6.17,6.35
3125523.03,14483,0.185,4.106,4.291
3125534.89,14484,0.209,4.378,4.587
3125565.61,14485,0.191,4.8,4.991
3125585.45,14483,0.179,7.292,7.471
3125587.95,14484,3.805,5.461,9.266
3125596.05,14485,0.139,5.943,6.082
3125605.83,14483,0.417,4.173,4.59
3125640.17,14484,0.15,4.361,4.51
3125643.93,14485,0.115,4.191,4.306
3125680.78,14483,2.438,6.644,9.082
3125680.84,14485,0.082,4.246,4.328
3125680.93,14484,1.826,8.33,10.157
3125692.01,14483,0.159,4.069,4.227
3125708.12,14485,0.124,6.11,6.234
3125726.39,14484,0.193,8.182,8.375
3125728.25,14483,0.079,7.044,7.123
3125747.97,14485,0.513,4.714,5.227
3125754.21,14484,0.179,5.951,6.13
3125762.81,14485,0.318,5.645,5.962
3125774.32,14483,3.07,8.247,11.317
3125774.68,14484,2.071,6.441,8.512
3125793.04,14485,0.139,4.56,4.698
3125807.48,14483,0.149,4.086,4.236
3125814.96,14484,0.097,4.37,4.467
3125817.39,14485,0.079,5.14,5.219
3125836.58,14483,0.191,5.979,6.17
3125845.07,14484,5.041,3.802,8.843
3125879.01,14485,0.137,5.071,5.208
3125899.96,14483,0.258,4.601,4.86
3125920.45,14484,0.256,4.437,4.693
3125926.1,14485,0.25,7.721,7.971
3125926.84,14483,0.643,6.05,6.693
3125979.57,14484,0.175,4.955,5.13
3125988.72,14485,0.12,5.06,5.18
3126021.6,14483,2.275,4.404,6.68
3126026.52,14484,0.221,4.037,4.258
3126041.29,14485,0.474,4.319,4.793
3126043.24,14483,1.599,4.189,5.789
3126064.78,14484,0.384,3.861,4.245
3126078.08,14485,0.713,5.381,6.094
3126099.86,14483,0.254,4.052,4.307
3126110.22,14484,0.415,4.102,4.517
3126116.11,14485,0.587,4.027,4.614
3126131.94,14483,0.924,4.45,5.373
3126182.82,14484,0.277,4.303,4.58
3126224.73,14485,0.903,4.482,5.385
3126227.86,14483,1.873,5.569,7.443
3126247.11,14484,0.186,5.785,5.971
3126249.04,14485,0.153,4.254,4.407
3126253.58,14483,0.1,4.785,4.886
3126277.02,14485,0.514,4.084,4.599
3126288.46,14484,0.181,4.329,4.51
3126294.52,14483,0.37,5.602,5.973
3126301.68,14485,0.128,4.223,4.351
3126319.98,14484,2.051,4.224,6.275
3126324.99,14483,1.484,6.272,7.756
3126332.14,14485,0.136,4.272,4.408
3126389.05,14484,0.557,4.276,4.833
3126398.97,14485,3.62,12.114,15.734
3126399.92,14483,3.094,14.781,17.875
3126402.22,14484,2.478,13.033,15.511
3126409.13,14483,0.522,8.885,9.407
3126439.9,14485,0.256,4.425,4.681
3126462.65,14484,0.223,5.652,5.875
3126471.77,14483,0.133,8.215,8.349
3126475.53,14485,0.067,5.118,5.185
3126492.56,14484,0.177,5.525,5.702
3126542.6,14483,0.128,4.636,4.764
3126549.98,14485,0.119,5.838,5.957
3126552.39,14484,0.064,5.136,5.2
3126581.21,14483,0.222,4.28,4.502
3126590.49,14485,0.13,4.151,4.281
3126600.95,14484,0.125,4.572,4.697
3126614.09,14483,0.18,4.272,4.452
3126642.11,14484,0.192,6.5,6.692
3126643.74,14485,0.219,15.571,15.79
3126646.47,14483,0.506,8.518,9.024
3126724.06,14484,1.738,4.084,5.821
3126748.93,14485,0.102,4.188,4.29
3126848.41,14483,0.237,3.928,4.166
3126869.14,14484,0.088,4.081,4.169
3126944.46,14485,0.233,4.096,4.329
3127008.26,14483,0.234,3.921,4.155
3127087.3,14484,0.194,5.221,5.415
3127106.29,14485,0.097,3.992,4.089
3127131.95,14483,0.086,4.168,4.254
3127181.32,14484,0.221,7.264,7.485
3127199.4,14485,0.182,4.124,4.306
3127332.93,14483,0.462,4.313,4.775
3127363.52,14484,0.165,4.936,5.101
3127416.87,14483,1.081,6.699,7.781
3127417.05,14485,0.921,8.389,9.31
3127450.55,14484,0.568,4.912,5.481
3127461.69,14485,0.148,4.198,4.346
3127574.48,14483,0.26,4.093,4.353
3127583.27,14484,0.12,4.342,4.462
3127614.19,14485,0.366,6.318,6.684
3127621.55,14483,0.218,4.159,4.377
3127623.93,14484,0.115,4.635,4.75
3127684.74,14485,0.391,4.498,4.889
3127800.15,14483,0.158,4.317,4.476
3127871.35,14484,0.218,4.008,4.226
3127922.1,14485,2.175,4.661,6.837
3128019.59,14483,0.237,7.394,7.631
3128082.69,14484,0.327,4.696,5.023
3128111.79,14485,0.245,6.144,6.388
3128148.87,14483,1.379,5.3,6.679
3128164.64,14484,0.144,4.331,4.475
3128250.65,14485,0.248,4.303,4.551
3128298.74,14483,0.207,6.498,6.705
3128303.23,14484,0.811,4.29,5.101
3128335.8,14485,0.345,3.91,4.255
3128339.61,14483,0.606,4.326,4.932
3128378.48,14484,2.036,4.184,6.22
3128426.29,14485,0.202,9.528,9.73
3128429.59,14483,0.132,8.084,8.215
3128463.57,14484,1.247,5.844,7.09
3128468.05,14485,0.183,5.295,5.477
3128476.08,14483,0.116,4.008,4.124
3128511.78,14484,0.192,4.561,4.753
3128521.92,14485,0.116,6.228,6.344
3128582.38,14483,0.17,5.388,5.558
3128652.31,14484,2.05,4.049,6.099
3128721.76,14485,0.177,4.196,4.374
3128726.64,14483,0.106,4.062,4.167
3128837.54,14484,0.213,3.892,4.105
3128847.39,14485,0.135,4.079,4.214
3128926.6,14483,1.044,6.248,7.292
3128978.7,14484,0.18,4.08,4.26
3128982.57,14485,0.138,4.17,4.308
3129019.79,14484,0.136,4.314,4.45
3129055.4,14483,0.208,3.917,4.124
3129095.61,14485,0.2,5.873,6.073
3129104.12,14484,0.137,6.259,6.396
3129131.52,14483,0.19,5.375,5.565
3129157.34,14485,0.196,6.449,6.645
3129162.0,14484,0.118,4.453,4.572
3129189.13,14485,1.417,4.477,5.894
3129209.83,14483,2.335,4.058,6.393
3129229.91,14484,0.247,4.677,4.924
3129278.89,14485,0.204,7.183,7.387
3129280.38,14483,0.302,4.496,4.798
3129291.84,14484,0.151,4.361,4.512
3129307.5,14485,0.237,5.337,5.574
3129324.59,14483,2.272,7.642,9.913
3129324.7,14484,0.125,6.458,6.583
3129340.76,14485,0.212,6.289,6.501
3129384.6,14484,0.179,4.593,4.772
3129394.26,14483,1.042,5.861,6.903
3129413.83,14485,0.428,4.721,5.149
3129483.23,14484,0.164,3.896,4.06
3129497.24,14483,0.159,4.288,4.448
3129527.72,14485,0.234,4.797,5.031
3129548.85,14484,0.174,4.474,4.648
3129554.6,14483,0.364,5.227,5.591
3129563.05,14485,0.143,4.123,4.266
3129584.37,14484,0.25,4.078,4.327
3129593.21,14483,0.146,4.36,4.506
3129599.63,14485,0.13,4.354,4.484
3129617.56,14484,0.178,4.072,4.25
3129623.0,14483,0.127,5.125,5.253
3129629.61,14485,0.181,4.186,4.367
3129639.01,14484,0.167,3.89,4.057
3129654.89,14483,0.196,5.414,5.61
3129662.97,14485,0.207,4.418,4.625
3129689.59,14484,0.18,4.998,5.178
3129704.84,14483,0.192,4.471,4.663
3129726.02,14485,0.416,4.947,5.363
3129849.81,14484,0.16,3.895,4.055
3129882.23,14485,0.062,7.055,7.117
3129884.35,14484,0.132,4.169,4.302
3129884.63,14483,0.274,11.393,11.667
3129888.98,14485,0.44,4.254,4.695
3129905.3,14484,0.112,4.244,4.356
3129913.5,14483,0.131,7.951,8.083
3129913.58,14485,0.07,4.897,4.966
3129949.05,14484,2.689,4.203,6.891
3129993.51,14485,0.268,5.027,5.295
3130023.62,14483,0.172,3.828,4.0
3130099.6,14484,0.154,4.485,4.64
3130106.03,14485,0.19,4.181,4.371
3130122.05,14483,0.177,4.016,4.192
3130128.92,14484,0.12,3.926,4.046
3130150.39,14485,0.17,4.837,5.007
3130166.17,14483,0.157,7.03,7.187
3130173.23,14484,0.125,4.164,4.289
3130205.14,14485,1.444,6.166,7.61
3130243.99,14483,0.178,4.687,4.865
3130249.98,14484,0.124,3.956,4.08
3130270.61,14485,0.429,3.987,4.417
3130284.62,14483,0.57,4.793,5.363
3130302.66,14484,0.414,4.05,4.464
3130372.46,14485,0.196,4.344,4.54
3130389.95,14483,0.19,4.131,4.321
3130400.36,14484,0.29,4.534,4.824
3130419.95,14485,0.599,4.091,4.691
3130434.06,14483,0.162,5.05,5.212
3130453.6,14484,0.194,5.867,6.061
3130482.36,14485,0.172,7.039,7.211
3130486.94,14483,0.089,9.745,9.833
3130497.79,14484,0.164,4.995,5.159
3130542.86,14485,0.253,11.46,11.713
3130543.97,14483,0.722,8.905,9.628
3130561.93,14484,0.179,4.294,4.473
3130569.06,14485,0.208,4.222,4.429
3130586.41,14483,0.185,5.881,6.065
3130593.91,14484,0.527,4.092,4.619
3130599.71,14485,0.116,4.787,4.903
3130662.26,14483,0.44,5.734,6.174
3130670.02,14484,1.841,6.254,8.095
3130679.71,14484,0.097,4.179,4.276
3130681.14,14485,0.335,10.368,10.703
3130682.44,14483,0.42,9.468,9.887
3130727.58,14484,0.273,6.744,7.017
3130741.61,14485,0.175,4.612,4.787
3130769.81,14483,0.206,4.015,4.221
3130899.99,14484,0.224,4.074,4.298
3130929.38,14485,0.191,4.06,4.251
3130946.98,14483,0.3,5.009,5.309
3131045.0,14484,0.209,4.479,4.688
3131083.32,14485,0.32,4.536,4.856
3131149.36,14483,0.17,4.264,4.433
3131164.84,14484,0.349,5.675,6.024
3131177.61,14485,2.111,4.359,6.47
3131204.84,14483,0.166,3.94,4.106
3131251.45,14484,0.18,5.591,5.771
3131577.61,14485,0.305,4.801,5.107
3131583.04,14483,0.13,4.801,4.931
3131629.3,14484,0.205,4.103,4.308
3131664.47,14485,0.199,5.334,5.533
3131669.97,14483,0.283,4.23,4.513
3131743.52,14484,0.182,4.63,4.812
3131754.03,14485,0.188,4.769,4.957
3131786.72,14483,0.17,4.214,4.384
3131805.3,14484,0.138,5.082,5.22
3131915.18,14485,0.142,3.955,4.097
3132079.76,14483,0.205,4.001,4.206
3132084.84,14484,0.437,4.291,4.728
3132085.76,14485,0.094,4.347,4.441
3132184.32,14483,0.181,4.658,4.839
3132210.5,14484,1.901,4.285,6.185
3132230.71,14485,1.369,4.596,5.965
3132236.38,14483,0.114,6.126,6.24
3132242.14,14485,0.131,5.036,5.166
3132247.32,14484,0.114,6.599,6.712
3132285.2,14483,0.167,3.886,4.053
3132341.18,14485,0.194,4.523,4.717
3132373.62,14484,0.154,5.121,5.275
3132449.94,14483,0.2,7.364,7.563
3132473.81,14485,0.155,5.036,5.191
3132562.45,14484,0.165,6.213,6.378
3132605.55,14483,0.216,4.417,4.633
3132628.1,14485,0.185,4.804,4.99
3132652.14,14484,0.185,3.883,4.068
3132695.09,14483,0.185,5.694,5.879
3132701.71,14485,0.214,4.743,4.958
3132746.27,14484,0.352,5.239,5.59
3132761.28,14483,0.216,4.63,4.846
3132837.81,14485,0.176,4.292,4.468
3132870.06,14484,0.739,4.195,4.934
3132981.56,14483,0.137,4.48,4.617
3133135.09,14485,0.181,4.281,4.461
3133201.87,14484,0.192,4.05,4.243
3133206.82,14483,0.199,3.885,4.084
3133250.56,14484,1.598,7.252,8.85
3133251.56,14485,0.203,9.933,10.136
3133259.87,14483,1.361,5.556,6.916
3133504.18,14484,0.325,4.234,4.559
3133567.42,14485,1.963,4.174,6.137
3133617.06,14483,0.211,3.974,4.184
3133754.75,14484,0.405,4.401,4.806
3133810.33,14485,0.211,4.654,4.866
3133922.72,14483,0.203,6.012,6.215
3133984.67,14484,0.489,4.601,5.09
3133986.4,14485,0.158,5.375,5.534
3134013.69,14483,1.989,4.146,6.135
3134039.14,14484,0.281,4.453,4.734
3134082.84,14485,0.611,5.935,6.546
3134137.13,14483,0.188,4.592,4.78
3134190.25,14484,0.162,4.518,4.68
3134214.72,14485,0.202,4.53,4.732
3134242.83,14483,0.468,6.124,6.592
3134251.18,14484,1.516,3.998,5.514
3134252.34,14485,0.064,5.073,5.137
3134293.61,14483,0.436,4.295,4.731
3134299.7,14484,0.986,4.413,5.399
3134321.08,14485,0.182,6.238,6.42
3134427.31,14483,0.496,4.392,4.888
3134568.54,14484,0.611,4.386,4.997
3134740.71,14485,0.557,4.026,4.582
3134746.75,14483,0.134,4.056,4.19
3134826.04,14484,0.718,5.271,5.989
3134828.82,14485,1.459,5.19,6.649
3134903.26,14483,1.767,4.941,6.708
3134944.45,14484,0.323,4.54,4.863
3134967.29,14485,2.091,4.116,6.207
3134967.37,14483,0.407,4.129,4.536
3135034.48,14484,0.246,4.081,4.327
3135120.03,14485,0.412,4.125,4.537
3135170.5,14483,0.926,4.02,4.946
3135197.18,14484,0.231,4.269,4.5
3135199.77,14485,0.083,5.392,5.475
3135222.16,14483,0.222,4.732,4.953
3135295.44,14484,0.184,3.982,4.167
3135301.31,14485,0.211,4.209,4.42
3135334.6,14483,0.422,4.881,5.302
3135341.05,14484,0.108,4.265,4.373
3135348.84,14485,0.335,6.179,6.514
3135355.43,14483,0.129,4.161,4.291
3135373.83,14484,0.2,4.092,4.292
3135382.04,14485,0.115,6.888,7.004
3135391.82,14483,0.145,4.318,4.463
3135407.6,14484,0.171,4.036,4.207
3135416.7,14485,1.918,5.743,7.66
3135417.69,14483,0.148,6.373,6.522
3135445.73,14484,0.162,4.947,5.108
3135451.74,14485,0.156,4.031,4.187
3135473.99,14483,0.19,4.1,4.29
3135488.48,14484,2.626,4.016,6.642
3135489.3,14485,0.086,3.931,4.017
3135519.46,14483,0.277,4.554,4.831
3135524.83,14484,0.128,4.329,4.457
3135537.41,14485,0.197,4.104,4.302
3135541.92,14483,0.096,4.193,4.289
3135548.68,14484,0.101,5.323,5.424
3135557.07,14485,2.008,5.007,7.015
3135586.13,14483,0.344,4.419,4.763
3135587.49,14484,0.074,4.122,4.197
3135612.51,14485,0.169,4.491,4.66
3135627.97,14483,0.194,5.436,5.631
3135639.19,14484,0.151,4.099,4.25
3135645.92,14485,0.137,6.485,6.622
3135650.5,14484,0.347,4.316,4.663
3135664.47,14483,0.178,5.473,5.651
3135676.02,14485,0.223,6.345,6.568
3135689.79,14484,0.175,4.375,4.55
3135698.82,14483,0.213,4.987,5.199
3135712.82,14485,0.147,4.986,5.134
3135715.92,14484,0.455,4.24,4.695
3135727.27,14483,0.426,5.734,6.16
3135764.23,14485,0.153,4.864,5.017
3135774.2,14484,0.152,4.249,4.401
3135792.13,14483,0.193,4.205,4.398
3135812.27,14485,0.155,4.737,4.892
3135827.89,14484,0.163,4.682,4.845
3135852.0,14483,0.423,4.405,4.828
3135863.06,14485,0.267,3.984,4.251
3135893.4,14484,0.173,4.007,4.181
3135901.86,14483,0.102,4.378,4.479
3135932.44,14485,2.421,4.209,6.631
3135976.72,14484,0.179,4.241,4.42
3135984.48,14485,0.066,7.863,7.929
3135984.57,14483,0.14,7.676,7.815
3135988.57,14484,0.088,4.072,4.16
3136021.49,14485,0.257,3.994,4.251
3136053.56,14483,2.706,7.709,10.415
3136058.47,14484,0.728,8.011,8.739
3136074.98,14485,1.089,6.233,7.322
3136093.9,14483,0.903,6.934,7.837
3136120.1,14484,0.44,4.305,4.745
3136188.61,14485,0.21,4.991,5.201
3136211.3,14483,0.761,6.985,7.746
3136244.24,14484,0.59,6.942,7.532
3136309.73,14485,1.95,7.098,9.048
3136338.64,14483,0.586,5.063,5.649
3136343.91,14484,1.488,4.21,5.698
3136344.27,14483,0.096,4.367,4.463
3136356.1,14485,0.205,4.522,4.727
3136408.59,14484,1.389,4.62,6.009
3136418.26,14483,0.206,8.348,8.554
3136420.65,14485,0.123,7.265,7.388
3136465.61,14484,0.407,4.274,4.681
3136482.91,14483,0.188,4.002,4.19
3136512.6,14485,0.45,6.677,7.128
3136526.91,14484,0.369,5.633,6.002
3136550.61,14483,0.168,4.559,4.727
3136577.85,14485,1.358,5.312,6.67
3136582.08,14484,4.075,4.786,8.861
3136587.68,14485,4.188,9.593,13.781
3136589.28,14483,0.157,7.135,7.292
3136591.3,14484,1.467,6.113,7.58
3136605.1,14485,0.14,7.012,7.152
3136608.03,14483,0.151,4.736,4.887
3136617.6,14484,1.99,6.39,8.381
3136642.22,14485,0.198,6.541,6.739
3136649.58,14483,0.533,5.655,6.188
3136655.63,14484,2.461,4.157,6.618
3136656.22,14485,1.576,4.59,6.167
3136718.97,14483,1.695,6.422,8.117
3136727.52,14484,0.158,6.9,7.057
3136753.52,14485,0.514,7.65,8.165
3136754.89,14483,0.158,5.264,5.422
3136758.56,14484,0.329,4.725,5.054
3136774.97,14485,0.182,4.926,5.108
3136790.71,14483,0.185,4.651,4.836
3136836.45,14484,0.23,4.105,4.336
3136847.81,14485,0.166,4.794,4.96
3136873.13,14483,0.232,4.215,4.447
3136888.38,14484,0.215,4.566,4.781
3136898.7,14485,0.202,5.526,5.728
3136908.96,14483,0.305,4.456,4.76
3136911.9,14484,0.34,7.246,7.586
3136915.66,14485,1.69,5.129,6.819
3136929.11,14484,0.227,4.387,4.614
3136932.93,14483,0.11,4.288,4.398
3136952.73,14484,2.155,4.201,6.356
3136961.99,14485,0.097,3.88,3.977
3136972.15,14483,0.956,3.939,4.895
3137008.84,14484,2.955,6.016,8.972
3137018.56,14485,0.523,4.008,4.531
3137034.44,14483,0.525,6.267,6.792
3137052.26,14484,1.899,16.492,18.391
3137060.31,14485,1.376,15.162,16.538
3137061.79,14483,0.339,13.716,14.055
3137072.04,14484,1.39,9.2,10.591
3137089.46,14485,1.079,7.932,9.011
3137095.88,14483,0.461,6.489,6.949
3137100.89,14484,4.122,5.193,9.315
3137122.12,14485,0.22,12.704,12.924
3137120.95,14483,0.333,13.719,14.052
3137164.47,14484,0.772,4.172,4.944
3137170.57,14485,0.449,4.475,4.924
3137175.71,14483,1.833,3.993,5.826
3137195.63,14484,1.035,5.911,6.946
3137200.24,14485,0.889,5.336,6.226
3137217.84,14483,5.706,5.776,11.482
3137260.7,14484,1.687,5.355,7.042
3137269.2,14485,0.813,4.403,5.216
3137279.01,14483,0.786,4.473,5.259
3137285.53,14484,0.18,4.697,4.877
3137295.82,14485,0.137,12.527,12.664
3137296.16,14483,1.332,9.334,10.666
3137310.07,14484,0.16,4.602,4.762
3137331.66,14485,0.956,7.499,8.455
3137359.07,14483,0.263,5.741,6.004
3137369.43,14484,0.178,4.123,4.301
3137398.64,14483,0.321,4.301,4.622
3137400.18,14485,0.675,6.969,7.644
3137412.78,14484,0.712,4.951,5.664
3137418.43,14483,0.102,4.805,4.907
3137426.41,14485,2.123,7.927,10.05
3137449.43,14484,0.197,4.489,4.686
3137479.55,14483,0.605,3.917,4.522
3137501.04,14485,0.274,6.584,6.858
3137530.07,14484,1.137,5.536,6.673
3137535.05,14483,0.24,4.16,4.4
3137568.74,14485,0.88,5.88,6.759
3137573.98,14484,0.116,4.177,4.293
3137577.34,14483,0.466,4.08,4.546
3137589.08,14485,2.127,3.995,6.121
3137596.56,14484,0.17,5.795,5.965
3137604.46,14483,1.964,7.54,9.503
3137614.14,14485,0.503,10.945,11.448
3137617.74,14484,0.434,7.463,7.897
3137628.3,14483,1.123,8.132,9.255
3137629.19,14485,0.256,8.65,8.905
3137674.22,14484,0.21,5.153,5.362
3137693.35,14483,0.54,5.177,5.716
3137731.23,14485,0.646,9.132,9.778
3137776.09,14484,2.236,4.329,6.565
3137864.48,14483,0.223,4.526,4.749
3137883.78,14485,0.817,4.682,5.499
3137903.83,14484,1.424,5.119,6.543
3137913.47,14483,0.43,6.058,6.487
3137926.34,14485,0.618,4.268,4.886
3137986.81,14484,0.189,4.879,5.068
3138000.54,14483,0.626,4.477,5.103
3138066.62,14485,0.312,4.939,5.251
3138074.4,14484,1.369,4.117,5.485
3138084.1,14483,0.214,3.982,4.196
3138256.63,14485,0.196,10.704,10.899
3138288.92,14484,1.216,3.986,5.202
3138369.26,14483,2.691,7.236,9.927
3138385.27,14485,0.545,7.57,8.115
3138406.21,14484,0.37,9.172,9.542
3138424.25,14483,2.275,8.965,11.24
3138435.99,14485,0.195,7.527,7.722
3138454.89,14484,0.73,5.989,6.719
3138491.51,14483,0.437,4.503,4.94
3138562.62,14485,1.352,5.637,6.989
3138569.6,14484,0.44,5.288,5.728
3138577.09,14485,0.736,4.78,5.516
3138603.34,14483,2.331,7.061,9.392
3138649.36,14484,2.484,4.258,6.743
3138731.18,14485,2.796,7.786,10.583
3138746.65,14483,0.202,7.366,7.569
3138782.9,14484,0.811,4.004,4.814
3138801.47,14485,0.756,4.552,5.308
3138830.17,14483,1.936,5.015,6.952
3138850.6,14484,0.949,4.011,4.96
3138861.46,14485,0.529,4.999,5.528
3138894.38,14483,0.252,6.03,6.282
3138898.56,14484,1.401,5.534,6.935
3138932.07,14485,0.168,5.102,5.27
3138939.36,14483,0.177,5.134,5.311
3138952.08,14484,0.208,4.748,4.956
3139033.56,14485,0.224,5.097,5.321
3139073.09,14483,1.59,3.845,5.435
3139110.23,14484,1.057,4.614,5.671
3139125.39,14485,0.23,4.917,5.147
3139140.76,14483,0.209,4.101,4.31
3139154.87,14484,1.215,4.849,6.063
3139174.13,14485,0.19,4.606,4.796
3139181.39,14483,0.132,4.881,5.013
3139228.6,14484,0.228,3.902,4.131
3139273.44,14485,0.145,4.56,4.706
3139282.63,14483,0.159,5.799,5.958
3139287.69,14484,0.16,5.547,5.706
3139333.79,14483,0.216,4.294,4.511
3139370.25,14485,0.162,7.432,7.594
3139377.84,14484,0.123,6.665,6.788
3139408.25,14483,0.185,4.103,4.288
3139419.23,14485,0.207,4.522,4.729
3139445.83,14484,0.189,3.984,4.173
3139489.91,14483,0.918,4.021,4.939
3139500.08,14485,0.294,4.768,5.063
3139519.5,14484,0.234,4.237,4.471
3139542.06,14483,1.606,3.799,5.406
3139553.07,14485,0.1,5.044,5.144
3139556.16,14484,3.168,4.552,7.72
3139588.8,14483,1.827,3.873,5.701
3139661.34,14485,2.101,4.287,6.388
3139663.19,14484,1.356,5.011,6.367
3139680.74,14483,1.202,5.568,6.77
3139686.3,14485,0.137,5.073,5.21
3139693.82,14484,0.137,5.339,5.477
3139702.9,14483,0.495,5.176,5.671
3139727.27,14485,0.179,4.406,4.586
3139764.79,14484,0.25,6.804,7.054
3139774.98,14483,1.129,5.472,6.601
3139789.45,14485,2.055,4.853,6.908
3139807.03,14484,0.198,4.299,4.497
3139812.28,14483,1.28,5.036,6.317
3139841.18,14485,0.654,6.879,7.534
3139845.57,14484,0.161,4.52,4.682
3139901.66,14483,1.321,9.648,10.968
3139902.62,14485,0.103,7.191,7.293
3139939.45,14484,0.27,4.936,5.206
3139951.59,14483,0.148,5.723,5.871
3140048.2,14485,0.218,4.657,4.876
3140088.82,14484,0.297,5.369,5.665
3140103.09,14483,0.251,4.56,4.811
3140160.72,14485,0.123,4.941,5.064
3140170.64,14484,0.167,5.046,5.212
3140178.41,14483,0.47,7.183,7.653
3140203.64,14485,0.669,4.078,4.747
3140209.74,14484,0.305,3.97,4.274
3140217.76,14483,0.134,4.947,5.081
3140225.7,14485,0.138,4.335,4.473
3140229.98,14484,0.1,3.818,3.918
3140256.03,14483,1.713,6.6,8.313
3140279.67,14485,0.689,5.315,6.003
3140336.16,14484,0.182,6.363,6.544
3140352.53,14483,0.182,9.162,9.344
3140355.07,14485,0.104,8.697,8.801
3140356.67,14484,0.759,4.837,5.596
3140364.83,14483,0.169,4.606,4.775
3140381.02,14485,0.191,4.69,4.881
3140427.7,14484,0.22,3.833,4.053
3140473.35,14483,0.143,6.289,6.432
3140473.85,14485,1.385,6.348,7.734
3140489.95,14484,0.188,3.997,4.185
3140499.05,14483,0.107,5.929,6.036
3140502.1,14485,0.188,4.904,5.091
3140513.99,14484,0.189,5.825,6.014
3140528.03,14483,0.204,6.169,6.374
3140548.94,14485,0.257,6.146,6.403
3140549.82,14484,0.33,5.2,5.53
3140552.81,14483,0.072,6.17,6.242
3140613.77,14485,0.254,7.019,7.273
3140657.83,14484,0.21,3.938,4.149
3140680.86,14483,0.454,5.635,6.088
3140704.53,14485,0.197,4.641,4.838
3140719.07,14484,0.158,5.107,5.264
3140723.21,14483,0.292,4.36,4.652
3140731.99,14484,1.835,4.576,6.411
3140830.38,14485,0.173,4.375,4.549
3140912.88,14483,1.196,6.112,7.307
3140917.45,14484,4.695,4.444,9.138
3140958.1,14483,0.186,5.008,5.194
3140963.12,14485,4.445,4.05,8.495
3141025.64,14484,0.798,6.707,7.505
3141078.09,14483,0.219,4.367,4.586
3141107.51,14485,0.216,4.129,4.345
3141115.39,14484,0.152,3.983,4.134
3141147.9,14483,0.231,5.706,5.937
3141148.52,14485,0.099,4.244,4.344
3141156.25,14484,0.104,5.961,6.065
3141160.04,14483,0.087,4.253,4.34
3141163.67,14485,0.077,4.194,4.271
3141174.04,14483,0.1,6.84,6.94
3141174.22,14484,0.059,4.888,4.947
3141183.77,14485,0.142,4.548,4.69
3141229.03,14483,0.164,4.053,4.217
3141235.15,14484,0.1,4.062,4.162
3141246.97,14485,0.284,4.215,4.499
3141290.31,14483,0.825,4.856,5.681
3141314.04,14484,0.217,6.464,6.681
3141342.06,14485,0.81,4.029,4.838
3141348.34,14483,0.257,5.069,5.326
3141380.96,14484,0.184,4.772,4.956
3141382.85,14485,0.105,4.919,5.024
3141405.98,14483,1.489,4.833,6.322
3141437.69,14484,1.989,4.354,6.343
3141501.37,14485,0.413,4.354,4.767
3141509.22,14483,0.17,4.077,4.247
3141531.49,14484,0.309,4.206,4.515
3141549.77,14485,0.214,7.756,7.97
3141616.7,14483,0.528,4.473,5.001
3141651.34,14484,0.486,5.096,5.581
3141654.44,14485,0.352,4.281,4.633
3141677.81,14484,0.876,4.909,5.785
3141749.51,14483,0.225,4.12,4.344
3141781.15,14485,0.496,4.923,5.42
3141788.15,14484,0.253,5.086,5.338
3141794.16,14483,0.309,4.586,4.894
3141828.05,14485,0.197,4.271,4.468
3141833.79,14484,0.137,5.654,5.791
3141847.8,14485,0.198,4.505,4.703
3141854.83,14483,0.15,4.352,4.502
3141889.66,14484,0.195,6.621,6.816
3141896.9,14485,0.102,6.114,6.216
3141901.22,14483,0.21,4.162,4.372
3141908.48,14484,0.067,6.884,6.95
3141958.97,14485,0.142,4.119,4.261
3141983.47,14483,0.157,4.152,4.31
3141995.99,14484,0.109,4.512,4.621
3141999.45,14485,0.091,4.478,4.568
3142009.7,14484,0.101,4.126,4.227
3142049.07,14483,0.167,4.136,4.302
3142086.71,14484,1.523,4.048,5.571
3142086.79,14485,0.113,4.333,4.446
3142110.95,14483,0.116,4.175,4.292
3142135.88,14484,0.718,4.37,5.088
3142161.05,14485,0.095,6.076,6.171
3142163.18,14483,1.502,7.071,8.574
3142179.14,14484,0.18,4.402,4.582
3142192.31,14485,0.18,4.013,4.193
3142219.42,14483,0.835,4.0,4.835
3142238.48,14484,0.14,3.781,3.921
3142242.9,14485,0.081,3.848,3.928
3142299.07,14483,0.241,7.798,8.039
3142302.41,14484,0.324,6.629,6.953
3142340.81,14485,1.199,8.515,9.715
3142358.18,14483,0.169,4.52,4.689
3142366.86,14484,0.248,4.422,4.67
3142388.8,14485,0.416,4.857,5.273
3142427.26,14483,0.189,4.616,4.805
3142478.26,14484,0.941,4.789,5.729
3142492.31,14485,0.309,6.66,6.969
3142510.92,14483,0.275,4.835,5.11
3142544.7,14484,0.229,4.333,4.562
3142559.54,14485,0.158,4.747,4.906
3142565.3,14483,0.317,5.092,5.41
3142609.25,14484,0.186,4.052,4.239
3142623.05,14485,0.477,4.118,4.595
3142639.73,14483,0.431,4.228,4.659
3142645.36,14484,0.831,5.048,5.879
3142684.77,14485,0.222,4.713,4.935
3142728.1,14483,0.217,5.81,6.027
3142740.67,14484,0.167,3.878,4.045
3142849.19,14485,0.273,7.853,8.126
3142966.35,14483,0.227,5.086,5.313
3143006.76,14484,0.155,4.396,4.552
3143057.22,14485,1.838,3.91,5.747
3143115.13,14483,0.177,4.38,4.556
3143117.7,14484,0.587,4.933,5.52
3143151.65,14485,1.491,4.405,5.896
3143170.39,14483,0.154,5.042,5.196
3143248.91,14484,0.175,4.12,4.295
3143397.1,14485,0.242,4.176,4.417
3143428.24,14483,0.171,5.246,5.417
3143433.21,14484,0.189,4.592,4.782
3143454.88,14485,0.175,3.842,4.017
3143505.35,14483,0.161,4.324,4.485
3143654.04,14484,2.39,3.994,6.384
3143728.62,14485,0.508,4.911,5.419
3143815.59,14483,0.421,5.324,5.746
3143836.06,14484,0.189,4.125,4.314
3143901.58,14485,0.169,3.979,4.148
3143941.45,14483,0.18,4.681,4.861
3143942.93,14484,0.107,4.179,4.286
3144077.1,14485,0.554,5.526,6.08
3144195.99,14483,0.134,3.998,4.132
3144218.07,14484,0.118,6.365,6.483
3144220.07,14485,0.066,5.349,5.415
3144223.24,14483,0.087,4.087,4.174
3144226.27,14484,0.278,4.076,4.354
3144327.94,14483,2.001,3.825,5.826
3144363.13,14485,0.171,7.23,7.401
3144367.79,14484,1.226,4.275,5.5
3144454.8,14483,0.202,3.921,4.123
3144467.12,14485,0.645,4.413,5.058
3144513.49,14484,0.166,6.921,7.087
3144521.45,14483,0.198,3.937,4.135
3144545.78,14485,0.225,5.964,6.189
3144601.17,14484,0.573,5.364,5.937
3144612.09,14483,0.179,5.391,5.569
3144623.11,14485,0.184,4.04,4.224
3144653.02,14484,0.185,4.324,4.509
3144816.12,14483,0.24,3.98,4.22
3144864.93,14485,2.153,6.629,8.782
3144916.21,14484,0.231,6.125,6.356
3144934.23,14483,0.174,4.075,4.249
3144945.09,14485,0.176,4.498,4.674
3145043.43,14484,0.286,4.358,4.644
3145236.22,14483,0.277,8.143,8.42
3145283.56,14485,2.293,4.246,6.539
3145335.92,14484,0.159,5.85,6.009
3145439.38,14483,0.895,4.506,5.401
3145440.47,14485,0.4,5.529,5.929
3145441.94,14484,0.088,5.313,5.401
3145506.73,14483,0.232,5.107,5.339
3145548.92,14485,0.43,6.543,6.972
3145552.55,14484,1.57,5.144,6.713
3145649.37,14483,0.297,5.174,5.471
3145713.92,14485,0.2,4.467,4.668
3145725.45,14484,0.241,4.289,4.53
3145740.1,14483,0.227,5.21,5.437
3145753.94,14485,0.144,6.587,6.731
3145813.8,14484,0.29,5.45,5.74
3145863.86,14483,0.503,5.214,5.717
3145887.45,14485,2.026,6.203,8.229
3146011.05,14484,0.2,5.206,5.406
3146025.36,14483,0.474,4.243,4.717
3146040.28,14485,1.862,3.949,5.811
3146049.73,14484,0.206,4.173,4.379
3146118.29,14483,0.869,4.205,5.074
3146134.9,14485,0.982,5.103,6.085
3146181.89,14484,0.172,4.004,4.176
3146184.36,14483,0.149,4.158,4.308
3146254.78,14485,0.194,6.305,6.499
3146273.03,14484,0.964,4.135,5.099
3146307.34,14483,0.097,4.103,4.2
3146369.25,14485,0.798,6.343,7.141
3146407.55,14484,1.089,4.099,5.187
3146450.51,14483,0.197,4.976,5.173
3146499.43,14485,1.719,4.252,5.972
3146544.23,14484,0.126,5.08,5.206
3146553.69,14483,0.381,4.581,4.963
3146590.3,14485,0.65,7.787,8.438
3146638.25,14484,2.411,5.434,7.845
3146655.95,14483,0.237,4.201,4.439
3146656.62,14485,0.089,4.094,4.183
3146685.9,14484,0.235,4.19,4.426
3146696.07,14483,1.521,4.173,5.693
3146708.61,14485,0.203,3.99,4.192
3146730.5,14484,0.163,4.727,4.89
3146773.35,14483,0.274,4.315,4.59
3146801.14,14485,1.852,3.885,5.737
3146831.25,14484,0.347,6.726,7.072
3146839.07,14483,1.904,3.907,5.811
3146873.42,14485,2.029,4.166,6.195
3146941.14,14484,0.178,5.575,5.754
3146995.01,14483,0.246,4.783,5.029
3147017.84,14485,0.506,4.262,4.769
3147022.36,14484,0.693,4.52,5.213
3147029.3,14485,0.145,5.544,5.688
3147066.07,14484,0.146,8.926,9.072
3147067.25,14483,0.265,11.447,11.711
3147077.86,14485,0.191,4.402,4.592
3147083.11,14484,0.797,4.979,5.776
3147094.47,14483,0.242,4.868,5.11
3147141.36,14485,0.195,4.671,4.866
3147146.42,14484,0.433,4.239,4.671
3147155.58,14483,0.758,3.947,4.705
3147156.37,14485,0.278,4.809,5.087
3147176.9,14484,0.201,3.978,4.179
3147208.19,14483,0.234,3.996,4.23
3147223.44,14485,0.158,3.816,3.975
3147242.7,14484,0.206,5.017,5.223
3147257.03,14483,0.216,5.427,5.644
3147270.81,14485,0.391,4.556,4.947
3147274.1,14484,0.112,4.419,4.532
3147313.88,14483,0.18,3.887,4.067
3147317.31,14485,0.081,3.947,4.028
3147335.83,14483,0.267,4.059,4.326
3147356.68,14484,0.214,4.475,4.688
3147357.74,14485,0.072,3.924,3.997
3147420.13,14483,1.411,5.927,7.338
3147434.57,14484,0.281,5.785,6.066
3147439.98,14485,0.206,3.964,4.17
3147447.13,14483,0.15,4.834,4.984
3147463.1,14484,0.201,4.892,5.093
3147468.34,14485,0.138,4.555,4.693
3147493.11,14483,0.181,4.579,4.76
3147561.51,14484,0.216,4.09,4.306
3147564.31,14485,0.151,5.156,5.308
3147571.94,14483,0.156,4.612,4.768
3147596.3,14484,2.028,4.433,6.461
3147631.99,14485,0.189,4.323,4.512
3147655.49,14483,0.246,9.683,9.928
3147656.02,14484,1.771,7.002,8.773
3147662.34,14485,0.116,6.489,6.604
3147664.39,14483,0.092,6.106,6.198
3147670.52,14484,0.117,5.619,5.736
3147696.92,14485,0.193,4.206,4.398
3147710.02,14483,0.382,4.197,4.579
3147714.75,14484,0.205,7.382,7.587
3147735.79,14485,0.183,4.118,4.301
3147740.17,14483,0.264,4.46,4.724
3147746.04,14484,0.178,8.02,8.199
3147746.13,14485,0.067,5.918,5.985
3147749.18,14483,0.095,6.011,6.106
3147754.54,14484,0.12,4.554,4.674
3147769.32,14485,0.166,4.519,4.684
3147772.85,14483,0.156,4.686,4.843
3147779.05,14484,0.152,4.574,4.726
3147790.57,14485,0.591,4.332,4.923
3147815.08,14483,0.224,4.409,4.632
3147819.68,14484,0.27,4.644,4.914
3147822.16,14483,0.216,5.857,6.074
3147825.2,14485,0.48,3.982,4.462
3147845.3,14484,0.237,4.141,4.378
3147885.61,14483,0.182,6.338,6.52
3147889.64,14485,0.292,4.013,4.305
3147902.2,14483,0.241,5.786,6.026
3147927.86,14484,0.184,4.184,4.368
3147953.04,14485,0.473,6.035,6.509
3147953.36,14483,0.106,4.919,5.026
3147984.68,14484,0.182,4.154,4.336
3147990.9,14485,0.091,4.496,4.587
3147994.03,14483,0.15,5.856,6.007
3148004.62,14484,0.178,4.046,4.224
3148013.18,14485,0.131,4.716,4.846
3148058.32,14483,0.153,5.509,5.662
3148070.35,14484,0.23,3.991,4.22
3148071.17,14485,0.081,4.227,4.308
3148121.98,14483,0.236,5.049,5.285
3148129.15,14484,0.533,4.497,5.031
3148147.06,14485,0.164,5.575,5.739
3148180.53,14483,0.179,6.141,6.32
3148198.45,14484,0.178,4.639,4.817
3148253.73,14485,0.192,5.221,5.413
3148260.72,14483,0.133,4.383,4.517
3148308.09,14484,0.176,3.865,4.041
3148321.03,14485,0.124,6.038,6.162
3148321.16,14483,0.418,5.895,6.313
3148325.56,14484,0.428,4.127,4.554
3148363.56,14485,0.23,4.485,4.715
3148376.29,14483,0.112,4.051,4.163
3148400.24,14484,0.102,6.085,6.187
3148417.59,14485,0.157,6.067,6.224
3148424.99,14483,0.077,4.184,4.261
3148440.18,14484,0.147,3.864,4.011
3148480.62,14485,0.18,5.679,5.859
3148488.34,14483,0.27,4.095,4.365
3148510.43,14484,0.209,4.24,4.449
3148520.24,14483,0.104,5.44,5.545
3148520.6,14485,0.171,7.303,7.474
3148525.15,14484,0.313,4.13,4.443
3148532.8,14483,0.173,8.177,8.35
3148537.36,14485,0.24,6.566,6.806
3148542.39,14484,0.779,5.571,6.35
3148549.11,14483,0.189,7.7,7.89
3148607.04,14484,0.683,4.116,4.798
3148622.58,14485,0.311,4.611,4.922
3148622.87,14483,0.282,4.512,4.793
3148630.95,14484,0.253,4.226,4.479
3148650.34,14485,0.516,7.972,8.487
3148665.28,14483,6.497,6.154,12.651
3148665.53,14484,1.756,5.857,7.613
3148689.8,14485,0.381,4.462,4.843
3148702.98,14483,0.15,4.581,4.731
3148734.01,14485,0.109,4.367,4.476
3148735.92,14484,0.27,7.811,8.082
3148755.74,14483,0.366,6.665,7.031
3148760.63,14485,0.362,5.098,5.46
3148761.68,14483,0.162,5.446,5.607
3148774.45,14484,0.181,4.134,4.314
3148793.42,14485,0.197,6.294,6.491
3148831.64,14483,0.151,4.331,4.481
3148837.16,14484,0.336,4.432,4.768
3148884.16,14485,0.213,4.861,5.074
3148900.45,14483,0.187,9.082,9.269
3148901.1,14484,0.115,7.909,8.024
3148912.42,14485,0.182,5.108,5.289
3148923.2,14483,0.559,6.445,7.004
3148962.19,14484,0.174,5.661,5.835
3149002.35,14485,0.182,5.42,5.602
3149081.79,14483,0.714,4.073,4.787
3149111.48,14484,0.185,5.386,5.571
3149157.85,14485,0.155,4.503,4.658
3149251.72,14483,0.148,4.622,4.77
3149265.94,14484,0.38,4.938,5.318
3149284.09,14485,0.262,4.54,4.802
3149295.57,14483,0.413,5.052,5.465
3149425.34,14484,0.172,4.675,4.848
3149605.65,14485,0.329,5.23,5.559
3149619.39,14483,2.046,4.243,6.289
3149646.45,14484,0.696,4.237,4.933
3149692.62,14485,0.928,6.418,7.346
3149734.53,14483,1.58,6.02,7.6
3149827.49,14484,1.126,5.206,6.332
3149969.9,14485,1.669,4.612,6.282
3149979.07,14483,0.278,4.158,4.435
3149985.09,14484,0.119,3.925,4.044
3150014.15,14485,0.234,7.656,7.89
3150051.62,14483,0.188,4.328,4.516
3150084.14,14484,0.407,4.711,5.117
3150177.18,14485,1.251,4.907,6.158
3150182.34,14483,0.141,4.493,4.634
3150196.86,14484,0.134,4.204,4.339
3150277.73,14485,0.185,4.739,4.924
3150285.32,14483,0.221,3.942,4.163
3150414.2,14484,0.133,3.914,4.047
3150437.67,14485,0.895,5.226,6.122
3150449.84,14484,0.933,6.686,7.619
3150450.43,14483,0.11,9.01,9.121
3150504.22,14485,0.303,4.567,4.869
3150563.99,14483,0.42,4.247,4.667
3150636.19,14484,0.276,4.284,4.56
3150731.53,14485,0.583,5.015,5.598
3150832.44,14483,0.474,4.67,5.144
3150894.61,14484,0.971,6.278,7.249
3150895.29,14485,0.255,5.76,6.016
3150931.64,14483,0.654,4.727,5.381
3150948.28,14484,0.171,4.318,4.488
3151006.72,14485,0.193,5.268,5.462
3151018.05,14483,0.123,4.004,4.127
3151036.39,14484,0.78,4.033,4.812
3151041.57,14485,0.343,4.643,4.986
3151068.42,14483,0.253,4.118,4.37
3151085.36,14484,0.175,4.323,4.498
3151151.68,14485,0.404,4.788,5.191
3151219.02,14483,0.156,4.412,4.567
3151250.08,14484,0.16,5.089,5.249
3151252.32,14485,0.321,4.911,5.232
3151255.89,14483,0.259,4.448,4.707
3151316.06,14484,0.143,4.004,4.147
3151334.84,14485,0.105,3.868,3.973
3151438.18,14483,0.133,3.944,4.077
3151482.63,14484,1.894,4.446,6.34
3151500.52,14485,0.159,4.415,4.574
3151505.0,14483,0.1,3.952,4.053
3151506.82,14484,0.135,4.513,4.648
3151528.99,14485,0.216,4.63,4.846
3151612.31,14483,0.267,4.14,4.407
3151636.56,14484,0.181,4.006,4.188
3151650.9,14485,0.288,4.67,4.958
3151655.32,14483,0.125,4.171,4.296
3151750.52,14484,0.259,4.666,4.925
3151766.78,14485,0.789,5.441,6.23
3151848.64,14483,0.274,5.012,5.286
3151945.37,14484,0.379,4.994,5.373
3152000.53,14485,0.318,4.708,5.026
3152017.78,14483,0.123,6.822,6.945
3152063.29,14484,2.142,5.736,7.878
3152093.72,14485,0.165,4.659,4.823
3152114.68,14483,0.188,5.977,6.165
3152152.38,14484,0.175,4.714,4.89
3152308.9,14485,0.479,9.273,9.752
3152311.08,14483,0.087,9.863,9.95
3152354.76,14484,2.286,9.309,11.596
3152508.73,14485,0.129,6.51,6.638
3152552.42,14483,0.276,4.551,4.826
3152592.92,14484,0.17,5.101,5.27
3152728.95,14485,0.134,5.099,5.233
3152789.54,14483,1.564,4.035,5.599
3152800.47,14484,0.606,4.538,5.144
3152848.21,14485,0.194,4.147,4.341
3152928.99,14483,1.495,6.293,7.787
3152995.44,14484,1.115,4.022,5.137
3153134.75,14485,0.235,4.504,4.74
3153141.1,14483,0.102,5.003,5.105
3153141.96,14484,0.071,4.254,4.325
3153293.38,14485,0.165,5.108,5.273
3153330.55,14483,0.164,5.556,5.72
3153352.72,14484,0.211,4.001,4.212
3153369.06,14485,0.125,6.199,6.324
3153399.16,14483,0.165,4.136,4.301
3153406.64,14484,0.116,3.888,4.004
3153509.74,14485,0.125,4.078,4.202
3153540.37,14483,0.146,4.923,5.069
3153556.35,14484,0.149,4.101,4.25
3153770.69,14485,0.177,7.913,8.09
3153773.14,14483,0.077,5.891,5.968
3153792.38,14484,0.213,5.391,5.604
3153798.35,14485,0.761,4.218,4.978
3153808.28,14483,0.176,4.303,4.479
3153811.13,14484,0.118,5.665,5.783
3153815.31,14485,0.1,4.078,4.178
3153841.67,14484,0.217,5.254,5.471
3153877.71,14483,1.485,8.082,9.567
3153878.17,14485,1.685,7.03,8.715
3153892.97,14485,0.07,4.413,4.482
3153893.45,14484,0.555,5.52,6.075
3153921.29,14483,0.146,4.147,4.293
3153930.86,14485,0.175,4.15,4.325
3153943.14,14484,1.39,4.134,5.524
3153952.33,14483,0.22,4.521,4.741
3153967.05,14485,0.218,4.133,4.351
3153974.67,14484,0.11,5.448,5.558
3153987.18,14483,1.664,8.081,9.745
3153987.38,14485,2.534,4.271,6.805
3153988.83,14484,1.308,5.354,6.662
3153993.35,14483,0.084,4.834,4.917
3154000.7,14484,0.103,4.124,4.227
3154006.61,14485,0.099,3.985,4.084
3154025.54,14483,0.163,4.077,4.24
3154028.53,14484,0.104,4.732,4.836
3154059.27,14483,1.829,5.453,7.282
3154063.61,14485,0.219,6.221,6.44
3154083.17,14484,0.198,6.995,7.193
3154090.16,14483,0.146,6.568,6.714
3154128.77,14485,0.453,4.665,5.119
3154143.96,14484,0.138,5.458,5.597
3154170.32,14483,0.168,4.357,4.525
3154176.56,14485,0.117,5.737,5.854
3154184.23,14484,0.355,4.713,5.068
3154195.12,14483,0.111,5.348,5.459
3154201.78,14485,0.131,4.157,4.288
3154210.74,14484,0.091,7.413,7.504
3154213.4,14483,0.09,5.255,5.345
3154217.63,14485,1.401,4.331,5.732
3154219.68,14483,0.068,4.622,4.69
3154224.87,14484,0.087,4.128,4.214
3154245.83,14485,0.184,4.265,4.449
3154247.44,14483,0.091,4.892,4.983
3154258.15,14484,0.118,4.886,5.004
3154333.54,14485,0.219,4.281,4.5
3154382.87,14483,0.366,5.101,5.467
3154398.67,14484,0.177,4.144,4.321
3154434.48,14485,0.35,4.162,4.512
3154443.23,14483,0.226,6.516,6.742
3154444.25,14484,0.697,4.816,5.513
3154463.81,14485,0.101,4.197,4.298
3154470.86,14483,0.096,6.049,6.145
3154550.94,14484,0.702,4.555,5.257
3154561.69,14485,0.089,4.361,4.45
3154575.2,14483,0.121,3.881,4.002
3154586.85,14484,0.095,4.04,4.136
3154591.33,14485,0.08,4.129,4.209
3154621.58,14483,0.216,5.084,5.3
3154633.72,14484,0.292,4.296,4.588
3154724.93,14485,0.199,4.089,4.287
3154757.35,14483,0.476,4.371,4.846
3154761.34,14484,0.105,4.941,5.045
3154764.23,14483,0.103,6.252,6.355
3154768.67,14485,0.091,4.075,4.166
3154774.22,14484,0.308,4.342,4.65
3154834.68,14483,0.169,4.65,4.819
3154848.16,14485,0.2,6.236,6.436
3154854.11,14484,0.092,4.736,4.829
3154861.6,14483,0.144,4.042,4.186
3154877.98,14485,0.232,3.914,4.147
3154893.78,14484,0.195,5.19,5.384
3154922.11,14483,0.203,4.382,4.585
3154947.28,14485,0.815,3.969,4.784
3154953.41,14484,0.19,5.78,5.97
3154956.4,14483,0.307,3.95,4.257
3154967.18,14484,0.159,9.49,9.649
3154969.82,14485,0.505,9.758,10.263
3154980.95,14484,0.145,4.303,4.448
3154980.96,14483,0.108,5.313,5.421
3154989.93,14485,0.37,4.441,4.811
3154994.52,14483,0.252,4.262,4.514
3155007.0,14484,0.296,4.307,4.604
3155026.55,14485,0.184,5.761,5.944
3155045.58,14483,0.181,4.011,4.192
3155064.12,14484,0.175,6.748,6.923
3155079.59,14483,0.183,4.372,4.555
3155080.57,14485,1.06,7.293,8.353
3155090.73,14484,1.401,6.31,7.71
3155111.81,14483,0.263,6.069,6.333
3155141.89,14485,0.826,5.72,6.546
3155151.63,14484,0.919,4.317,5.235
3155157.57,14483,1.207,4.392,5.599
3155171.99,14485,0.189,4.265,4.454
3155185.19,14484,0.236,4.262,4.498
3155201.85,14483,0.454,4.784,5.238
3155243.03,14485,0.2,5.121,5.32
3155278.67,14484,0.179,4.447,4.626
3155303.96,14483,0.379,4.058,4.437
3155341.59,14485,0.198,4.443,4.64
3155349.38,14484,0.258,4.51,4.768
3155390.6,14483,0.193,4.364,4.557
3155406.51,14485,0.178,8.36,8.538
3155407.69,14484,0.104,6.781,6.885
3155427.62,14483,0.184,4.121,4.304
3155430.56,14485,0.13,4.232,4.362
3155440.21,14483,0.145,6.179,6.325
3155448.77,14484,0.152,6.15,6.302
3155457.48,14485,0.086,8.109,8.195
3155468.67,14483,0.138,4.028,4.166
3155488.81,14484,0.328,5.286,5.614
3155500.75,14485,0.145,4.091,4.236
3155558.44,14483,0.195,4.004,4.199
3155636.32,14484,1.634,5.635,7.269
3155648.77,14485,0.605,5.537,6.142
3155658.77,14483,0.154,5.061,5.216
3155671.73,14484,0.23,4.499,4.729
3155690.51,14485,0.305,6.478,6.783
3155692.79,14483,4.155,4.49,8.645
3155693.84,14484,0.374,5.544,5.918
3155735.04,14485,1.289,4.702,5.991
3155748.76,14483,0.164,5.373,5.537
3155750.67,14484,0.159,6.311,6.469
3155771.99,14485,0.511,6.328,6.839
3155778.36,14483,1.433,4.203,5.636
3155785.94,14485,0.512,5.297,5.809
3155786.62,14484,0.113,12.233,12.346
3155788.46,14483,2.484,4.469,6.953
3155796.29,14485,0.088,4.631,4.719
3155802.69,14484,0.968,5.104,6.072
3155805.15,14483,0.36,4.577,4.937
3155820.35,14483,0.079,4.299,4.378
3155821.45,14484,0.199,5.93,6.129
3155821.71,14485,0.127,8.47,8.597
3155826.27,14483,0.077,5.147,5.224
3155856.12,14484,2.312,3.92,6.232
3155898.07,14485,0.847,5.805,6.652
3155903.86,14483,0.125,7.065,7.19
3155945.61,14484,0.152,4.248,4.399
3155970.37,14485,0.355,4.122,4.477
3156203.23,14483,0.251,4.357,4.607
3156419.86,14484,0.449,7.656,8.105
3156456.82,14485,2.468,5.56,8.029
3156496.48,14483,0.145,4.092,4.238
3156545.02,14484,0.12,4.082,4.202
3156559.55,14485,0.105,4.034,4.139
3156572.58,14483,0.214,4.368,4.581
3156593.59,14484,0.125,3.968,4.093
3156619.04,14485,0.154,4.461,4.615
3156630.82,14483,0.091,4.618,4.708
3156680.13,14484,0.115,6.118,6.232
3156707.23,14485,0.179,5.954,6.133
3156711.78,14483,0.511,4.28,4.791
3156722.8,14484,0.086,6.787,6.873
3156737.53,14485,0.181,4.163,4.345
3156744.45,14483,0.132,4.329,4.461
3156771.59,14484,0.202,4.334,4.536
3156777.85,14485,0.135,6.5,6.635
3156778.28,14483,0.208,6.253,6.461
3156806.14,14484,1.593,5.002,6.595
3156823.36,14485,0.085,4.114,4.199
3156868.85,14483,0.195,4.015,4.21
3156875.35,14484,0.11,4.151,4.262
3156887.31,14485,0.125,8.389,8.513
3156887.62,14483,0.084,5.051,5.135
3156927.9,14484,0.096,5.729,5.825
3156932.21,14485,0.552,4.088,4.64
3156942.51,14483,0.113,4.72,4.833
3156958.62,14484,0.182,4.201,4.383
3156966.1,14485,0.363,4.189,4.552
3156978.16,14483,0.108,5.698,5.806
3156978.92,14484,0.169,4.804,4.973
3157002.64,14485,0.273,4.281,4.554
3157031.69,14483,0.198,4.486,4.685
3157058.05,14484,0.687,4.198,4.884
3157070.51,14485,0.127,6.612,6.738
3157070.94,14483,0.066,4.395,4.46
3157109.66,14484,0.203,5.278,5.481
3157126.96,14485,0.821,4.365,5.186
3157136.65,14483,0.146,6.182,6.328
3157206.25,14484,0.233,4.678,4.911
3157217.4,14485,0.116,4.039,4.155
3157246.08,14483,0.16,4.321,4.48
3157295.8,14484,0.615,5.229,5.844
3157304.64,14485,0.153,4.21,4.362
3157385.22,14483,1.758,4.876,6.635
3157412.48,14484,1.119,5.258,6.377
3157473.98,14485,0.189,4.756,4.945
3157482.56,14484,0.077,9.191,9.269
3157483.42,14483,0.149,11.097,11.246
3157489.68,14485,0.118,6.16,6.278
3157517.61,14483,0.22,7.447,7.667
3157519.06,14484,0.129,4.996,5.125
3157539.56,14485,1.943,4.366,6.309
3157550.16,14483,0.093,8.023,8.116
3157551.32,14484,0.114,7.076,7.191
3157558.83,14485,0.163,4.124,4.288
3157627.27,14483,0.153,3.891,4.044
3157667.22,14484,0.166,4.307,4.473
3157712.71,14485,2.006,4.396,6.402
3157749.54,14483,0.177,4.842,5.019
3157785.42,14484,0.178,4.151,4.329
3157851.39,14485,0.431,4.14,4.571
3157937.68,14483,0.315,4.27,4.585
3157953.9,14484,0.544,10.621,11.165
3158166.36,14485,2.038,4.213,6.251
3158166.96,14483,0.119,4.119,4.238
3158173.46,14484,0.081,6.156,6.237
3158201.57,14485,0.315,5.267,5.583
3158226.72,14483,0.117,4.989,5.106
3158231.91,14484,0.869,4.808,5.677
3158319.34,14485,0.265,4.112,4.377
3158439.68,14483,0.177,4.292,4.469
3158493.06,14484,0.51,5.615,6.125
3158524.33,14485,0.227,4.251,4.479
3158632.04,14483,0.127,4.9,5.027
3158634.18,14484,0.107,4.115,4.222
3158719.07,14485,0.173,5.062,5.235
3158730.5,14483,0.187,4.217,4.405
3158854.55,14484,0.166,5.15,5.316
3158884.72,14485,1.09,5.085,6.175
3158895.68,14483,0.153,5.174,5.327
3158902.36,14484,0.19,4.182,4.371
3158983.22,14485,0.235,6.604,6.839
3159047.84,14483,0.254,4.326,4.58
3159193.74,14484,0.891,4.695,5.586
3159236.48,14485,0.959,3.908,4.867
3159281.52,14483,0.145,4.46,4.605
3159346.69,14484,0.147,4.91,5.057
3159362.27,14485,0.169,4.774,4.943
3159410.18,14483,0.171,6.16,6.33
3159434.08,14484,0.463,4.462,4.924
3159450.83,14485,1.116,6.433,7.549
3159477.48,14483,0.224,9.338,9.562
3159478.85,14484,2.012,8.594,10.606
3159510.19,14485,0.482,5.434,5.915
3159517.26,14483,0.191,5.302,5.493
3159534.57,14484,0.437,3.987,4.425
3159602.15,14485,0.093,4.088,4.181
3159667.11,14483,0.157,4.066,4.222
3159688.93,14484,0.177,4.074,4.251
3159762.75,14485,0.222,5.527,5.749
3159803.77,14483,0.198,4.637,4.835
3160000.05,14484,0.285,3.998,4.283
3160008.1,14485,0.119,4.807,4.926
3160072.67,14483,0.229,5.929,6.157
3160095.91,14484,0.168,5.042,5.21
3160100.83,14485,0.462,4.644,5.106
3160138.66,14483,0.2,4.58,4.781
3160144.43,14484,1.855,4.572,6.427
3160148.04,14485,1.605,5.067,6.673
3160153.23,14483,0.165,4.139,4.304
3160158.27,14484,0.343,3.899,4.242
3160183.13,14485,0.928,8.184,9.111
3160185.46,14483,1.168,4.347,5.515
3160215.07,14484,0.17,5.986,6.157
3160238.24,14485,0.198,7.117,7.316
3160241.38,14483,0.104,8.08,8.183
3160249.04,14484,0.265,7.023,7.289
3160251.0,14485,2.236,5.324,7.56
3160256.59,14483,1.354,9.385,10.739
3160265.72,14484,0.115,8.317,8.432
3160271.48,14485,0.081,5.346,5.426
3160281.84,14483,0.148,6.919,7.067
3160300.83,14484,0.159,4.959,5.117
3160321.71,14485,0.298,4.173,4.472
3160325.32,14483,0.12,4.516,4.636
3160339.29,14484,0.172,4.448,4.619
3160359.07,14485,0.164,4.941,5.105
3160408.73,14483,0.182,4.607,4.789
3160414.76,14484,0.181,4.734,4.915
3160422.22,14485,0.269,4.284,4.554
3160446.18,14483,0.185,5.634,5.819
3160455.91,14484,0.162,5.09,5.252
3160518.58,14485,0.343,4.676,5.019
3160541.33,14483,0.238,8.358,8.596
3160541.39,14484,0.091,7.379,7.47
3160549.67,14485,0.122,3.97,4.093
3160555.83,14483,0.077,4.149,4.226
3160581.83,14484,0.12,4.38,4.5
3160605.53,14485,0.086,4.246,4.332
3160631.69,14483,0.171,6.379,6.549
3160641.37,14484,0.121,6.126,6.246
3160645.83,14485,1.576,4.161,5.737
3160731.97,14483,0.144,6.162,6.306
3160744.57,14484,0.121,5.728,5.848
3160746.02,14485,0.122,4.056,4.178
3160768.05,14483,0.19,4.986,5.176
3160772.22,14484,1.454,4.852,6.306
3160775.39,14485,0.104,4.335,4.438
3160780.28,14483,0.355,5.798,6.153
3160784.32,14485,0.101,3.984,4.084
3160816.84,14484,0.167,5.643,5.811
3160821.69,14483,0.122,4.517,4.639
3160847.42,14485,0.713,5.086,5.798
3160874.43,14484,0.814,5.265,6.079
3160877.79,14483,0.425,4.324,4.749
3160890.62,14485,0.123,4.172,4.295
3160897.67,14484,0.113,4.647,4.76
3160904.06,14483,0.139,4.081,4.22
3160906.79,14485,2.889,4.385,7.274
3160911.45,14484,0.912,4.276,5.188
3160921.65,14483,0.176,6.6,6.776
3160923.24,14485,1.35,5.707,7.057
3160937.35,14484,0.153,4.487,4.64
3160974.09,14483,0.185,4.464,4.649
3160984.6,14485,0.121,3.942,4.063
3161006.69,14484,0.258,5.596,5.854
3161038.05,14483,2.409,3.961,6.37
3161047.16,14485,0.34,6.66,6.999
3161064.45,14484,0.195,3.997,4.192
3161151.53,14483,0.269,4.045,4.314
3161153.93,14485,0.203,5.274,5.477
3161194.25,14484,0.621,5.239,5.861
3161199.41,14483,0.15,3.966,4.116
3161206.71,14485,0.136,4.59,4.727
3161306.06,14484,0.634,8.332,8.966
3161306.88,14483,0.377,9.359,9.736
3161314.44,14485,1.757,5.106,6.863
3161349.02,14484,0.186,4.565,4.751
3161384.15,14483,0.177,4.532,4.709
3161388.43,14485,0.46,4.622,5.082
3161412.95,14483,0.25,7.931,8.182
3161417.35,14484,0.132,4.175,4.307
3161459.46,14483,0.169,7.118,7.287
3161467.98,14485,0.14,4.293,4.432
3161491.9,14484,0.184,4.804,4.988
3161527.37,14483,0.545,5.904,6.449
3161536.84,14485,0.199,7.499,7.698
3161541.76,14484,0.101,8.145,8.246
3161557.51,14483,0.133,5.613,5.746
3161596.2,14485,0.178,7.907,8.085
3161596.5,14484,0.111,5.212,5.323
3161602.14,14483,0.105,4.173,4.278
3161641.19,14485,0.191,4.548,4.738
3161670.26,14484,0.15,4.188,4.338
3161699.86,14483,0.923,4.308,5.231
3161709.4,14485,0.122,4.963,5.085
3161730.5,14484,0.098,5.225,5.323
3161762.86,14483,0.207,4.443,4.649
3161767.6,14485,0.099,3.934,4.033
3161771.82,14484,0.098,3.947,4.045
3161800.93,14483,0.183,4.085,4.269
3161805.39,14485,1.372,4.213,5.585
3161848.33,14484,0.937,4.636,5.573
3161849.5,14483,1.194,4.505,5.699
3161865.75,14485,0.456,4.227,4.684
3161885.79,14484,0.173,3.901,4.074
3161900.75,14483,0.157,3.96,4.117
3161912.34,14485,0.176,6.963,7.139
3161917.38,14484,0.419,4.523,4.942
3162036.35,14483,0.217,4.355,4.573
3162119.33,14485,0.268,4.421,4.689
3162149.3,14484,0.275,4.11,4.385
3162246.6,14483,3.604,6.91,10.514
3162269.77,14485,3.018,4.626,7.643
3162347.51,14484,0.182,5.1,5.282
3162364.75,14483,0.355,4.288,4.643
3162381.24,14485,0.253,5.026,5.279
3162386.2,14484,0.14,4.508,4.648
3162434.04,14483,0.326,5.329,5.656
3162495.35,14485,0.466,7.257,7.723
3162511.22,14484,0.198,6.304,6.502
3162537.82,14483,0.211,4.375,4.586
3162544.53,14485,5.037,4.861,9.898
3162591.59,14484,0.195,5.466,5.661
3162621.48,14483,0.194,4.875,5.069
3162766.31,14485,0.127,4.044,4.171
3162875.06,14484,0.254,4.524,4.778
3162943.66,14483,0.427,4.626,5.053
3162948.89,14485,1.169,4.531,5.7
3162963.18,14484,0.166,5.669,5.835
3163139.88,14483,0.164,5.135,5.3
3163149.08,14485,0.139,4.122,4.261
3163159.65,14484,0.128,4.214,4.342
3163197.24,14483,0.192,4.669,4.86
3163212.97,14485,0.313,5.663,5.976
3163295.85,14484,0.364,7.57,7.934
3163313.06,14483,0.146,9.252,9.398
3163318.05,14485,4.305,5.2,9.505
3163368.99,14484,0.853,4.34,5.194
3163436.8,14483,0.212,4.064,4.276
3163444.78,14485,0.911,3.942,4.853
3163545.14,14484,0.204,4.88,5.084
3163622.76,14483,0.475,4.125,4.6
3163694.17,14485,0.265,5.174,5.439
3163708.93,14484,0.174,6.101,6.275
3163718.4,14483,0.106,4.07,4.175
3163767.53,14485,0.632,3.986,4.618
3163826.44,14484,0.215,4.84,5.055
3163832.94,14483,0.408,5.903,6.311
3163858.91,14485,0.427,5.08,5.507
3163864.87,14484,0.138,4.06,4.198
3163929.6,14483,0.199,4.624,4.823
3163971.13,14485,0.163,4.388,4.551
3163983.85,14484,0.204,4.63,4.834
3163992.73,14483,1.788,4.399,6.188
3164077.16,14485,0.557,7.25,7.807
3164104.47,14484,0.246,5.369,5.615
3164110.55,14483,0.133,4.328,4.46
3164119.28,14485,0.115,4.107,4.222
3164129.83,14484,0.217,7.599,7.816
3164143.4,14483,0.244,6.098,6.342
3164211.33,14485,0.288,8.654,8.942
3164218.24,14484,1.657,4.464,6.122
3164227.09,14483,0.191,4.299,4.49
3164352.3,14485,0.217,5.943,6.161
3164357.21,14484,0.127,5.151,5.278
3164466.33,14485,0.248,4.226,4.474
3164552.9,14483,0.409,4.022,4.431
3164573.35,14484,0.128,4.698,4.826
3164594.11,14485,0.283,5.099,5.382
3164609.39,14483,0.297,4.254,4.55
3164679.03,14484,0.161,6.531,6.692
3164689.16,14485,0.966,4.045,5.011
3164699.01,14483,0.14,4.207,4.347
3164794.57,14484,0.162,5.878,6.04
3164806.65,14485,0.096,4.049,4.145
3164842.4,14483,0.231,4.517,4.748
3164846.97,14484,0.297,4.833,5.13
3164852.43,14485,0.188,4.445,4.633
3164868.9,14483,0.169,4.285,4.455
3164900.29,14484,0.14,5.009,5.149
3164904.13,14485,0.08,6.261,6.341
3164904.61,14483,0.089,6.298,6.386
3164934.15,14484,1.492,6.525,8.017
3164944.45,14485,0.154,6.296,6.449
3164947.69,14483,0.102,4.632,4.734
3164970.08,14484,0.193,6.26,6.453
3164973.33,14485,0.097,8.314,8.411
3164974.13,14483,0.128,4.788,4.915
3164987.54,14484,0.21,4.421,4.63
3164997.73,14485,0.124,4.323,4.446
3165016.4,14483,0.211,6.931,7.142
3165039.57,14484,0.293,4.086,4.379
3165047.95,14485,0.148,4.121,4.269
3165051.31,14483,1.897,5.189,7.086
3165053.41,14485,0.124,4.431,4.555
3165064.04,14484,0.088,6.312,6.4
3165072.11,14483,0.149,4.016,4.165
3165074.0,14485,0.184,4.325,4.509
3165080.41,14484,1.817,7.04,8.858
3165081.2,14485,0.14,5.132,5.272
3165095.75,14483,0.168,4.455,4.623
3165102.7,14484,0.116,4.902,5.017
3165107.08,14485,1.211,4.351,5.562
3165123.16,14484,0.102,6.393,6.495
3165123.85,14483,0.159,6.267,6.425
3165180.34,14485,0.98,5.099,6.078
3165234.19,14484,0.803,5.469,6.272
3165276.1,14483,0.144,5.237,5.382
3165281.93,14485,0.11,5.487,5.597
3165292.34,14484,0.131,5.095,5.226
3165301.59,14483,0.121,5.73,5.851
3165368.37,14485,0.821,6.108,6.929
3165368.79,14484,0.241,5.304,5.545
3165386.4,14483,0.159,4.483,4.642
3165407.56,14485,0.182,5.511,5.693
3165410.44,14484,0.082,5.496,5.578
3165437.71,14483,0.21,4.264,4.474
3165458.3,14485,0.253,5.283,5.537
3165464.8,14484,0.214,6.584,6.799
3165476.2,14485,1.571,5.784,7.355
3165485.75,14483,0.097,8.833,8.93
3165489.81,14484,0.151,6.567,6.717
3165524.41,14485,0.192,4.128,4.32
3165545.16,14483,0.909,5.919,6.828
3165553.51,14484,0.138,5.056,5.194
3165581.02,14485,1.479,4.83,6.309
3165595.4,14483,0.173,4.958,5.13
3165606.57,14484,0.183,5.622,5.805
3165611.4,14485,0.905,5.274,6.179
3165636.72,14484,0.145,5.006,5.15
3165655.9,14483,0.234,4.807,5.041
3165663.01,14485,0.156,4.309,4.464
3165670.88,14484,0.125,5.006,5.131
3165686.9,14483,0.106,4.668,4.774
3165692.07,14485,0.087,4.261,4.348
3165740.85,14484,0.125,4.513,4.638
3165775.1,14483,0.166,4.191,4.358
3165777.28,14485,0.942,4.22,5.162
3165818.09,14484,0.213,4.11,4.323
3165841.92,14483,0.121,4.323,4.443
3165864.84,14485,0.161,3.919,4.08
3165883.71,14483,0.183,5.369,5.552
3165884.72,14484,1.626,10.401,12.027
3165888.57,14485,0.891,4.276,5.167
3165894.86,14484,1.946,4.416,6.362
3165906.13,14483,0.129,4.325,4.453
3165922.92,14485,0.114,4.39,4.504
3165968.33,14484,0.316,4.927,5.243
3165977.13,14483,1.267,4.008,5.276
3165992.16,14485,1.426,4.386,5.812
3165995.17,14484,1.737,6.038,7.775
3166031.06,14483,0.169,3.975,4.144
3166031.2,14485,1.954,4.381,6.335
3166038.61,14484,0.095,5.138,5.233
3166048.93,14483,0.148,4.38,4.528
3166052.02,14485,0.101,5.179,5.28
3166064.93,14484,0.209,5.609,5.818
3166078.17,14483,0.423,4.344,4.767
3166103.82,14485,0.189,4.854,5.043
3166128.75,14484,0.202,4.767,4.969
3166175.03,14483,0.191,8.908,9.1
3166177.74,14485,1.005,11.532,12.537
3166178.44,14484,0.088,10.581,10.669
3166207.67,14483,0.255,5.339,5.594
3166211.94,14485,1.921,5.728,7.649
3166222.2,14484,0.329,4.362,4.691
3166247.23,14483,0.24,4.201,4.441
3166256.01,14484,0.066,6.591,6.657
3166256.1,14485,0.092,7.938,8.03
3166261.73,14483,0.193,4.459,4.652
3166277.97,14484,0.167,4.252,4.419
3166280.82,14485,0.131,4.599,4.729
3166297.45,14483,0.16,4.141,4.301
3166313.7,14484,0.39,4.731,5.12
3166350.05,14485,0.194,4.652,4.847
3166376.66,14483,2.088,4.474,6.561
3166451.74,14484,1.306,4.449,5.754
3166463.97,14485,0.142,4.142,4.283
3166524.59,14483,1.276,5.025,6.301
3166563.05,14484,0.689,4.925,5.614
3166596.5,14485,0.157,4.499,4.656
3166680.27,14483,0.898,10.543,11.441
3166684.17,14484,1.494,8.886,10.38
3166759.57,14485,0.207,4.044,4.251
3166891.23,14483,0.188,4.782,4.97
3166907.85,14484,0.179,4.21,4.389
3166928.33,14485,0.194,5.327,5.52
3166930.97,14483,0.141,4.447,4.588
3167166.28,14484,0.17,4.087,4.258
3167251.85,14485,0.185,4.467,4.653
3167282.43,14483,0.159,4.249,4.408
3167361.46,14484,0.252,4.02,4.272
3167429.73,14485,1.161,5.776,6.938
3167435.01,14483,0.187,5.118,5.305
3167454.17,14485,0.207,4.358,4.566
3167454.6,14484,0.065,4.351,4.415
3167487.8,14483,0.192,5.953,6.145
3167504.16,14485,0.207,3.903,4.11
3167508.75,14484,0.271,5.331,5.602
3167539.16,14485,0.37,3.925,4.295
3167547.16,14483,0.127,4.66,4.787
3167610.36,14484,0.421,5.617,6.037
3167618.5,14485,0.116,4.403,4.519
3167637.23,14483,0.171,4.39,4.562
3167665.81,14484,0.172,3.955,4.127
3167686.47,14485,0.171,5.082,5.252
3167695.62,14483,0.144,4.38,4.524
3167767.49,14484,0.217,5.154,5.371
3167799.35,14485,0.21,4.296,4.506
3167926.31,14483,0.244,8.29,8.534
3167977.65,14484,0.192,7.476,7.667
3167979.35,14485,0.107,5.625,5.732
3168052.94,14483,0.18,6.6,6.78
3168062.72,14484,0.183,5.576,5.758
3168103.53,14485,0.715,4.197,4.912
3168213.59,14483,0.205,4.521,4.726
3168249.86,14484,0.719,6.975,7.695
3168254.98,14485,0.112,7.421,7.533
3168347.9,14483,0.185,4.186,4.371
3168354.35,14484,0.674,4.233,4.907
3168435.3,14485,0.197,4.722,4.919
3168441.96,14483,0.127,7.311,7.439
3168639.33,14484,0.212,4.305,4.517
3168707.99,14485,0.204,4.933,5.137
3168877.4,14483,0.165,3.922,4.086
3168895.2,14484,0.315,4.103,4.418
3168914.89,14485,1.072,4.691,5.763
3168916.7,14483,2.399,4.956,7.355
3168932.08,14484,1.654,4.915,6.569
3168994.34,14485,0.43,5.184,5.614
3169054.54,14483,1.073,4.106,5.179
3169079.74,14484,0.189,5.573,5.762
3169130.73,14485,0.321,4.376,4.696
3169165.51,14483,0.192,4.551,4.743
3169174.82,14484,0.241,4.749,4.991
3169275.86,14485,0.332,5.775,6.106
3169321.13,14483,0.361,7.072,7.433
3169331.4,14484,1.781,5.391,7.172
3169332.56,14485,0.097,4.309,4.406
3169445.81,14483,0.332,4.592,4.924
3169520.22,14484,0.17,4.402,4.573
3169585.99,14485,0.36,4.271,4.631
3169635.25,14483,0.548,5.173,5.721
3169655.46,14484,0.177,4.353,4.53
3169709.77,14485,0.242,5.29,5.533
3169752.91,14483,0.185,4.152,4.337
3169786.73,14484,0.123,4.365,4.489
3169839.14,14485,0.213,4.032,4.245
3169931.72,14483,0.169,4.232,4.402
3169944.64,14484,0.143,4.509,4.652
3169954.44,14485,0.119,5.38,5.499
3169987.95,14483,0.456,4.395,4.851
3170072.05,14484,0.247,5.138,5.385
3170169.65,14485,0.2,4.133,4.333
3170179.59,14483,2.15,5.196,7.347
3170195.97,14484,0.231,3.85,4.081
3170305.3,14485,0.175,4.255,4.429
3170397.62,14483,0.244,4.226,4.47
3170530.91,14484,0.911,5.851,6.762
3170572.38,14485,0.201,6.891,7.092
3170589.71,14483,0.416,4.216,4.633
3170674.64,14484,0.146,6.301,6.447
3170713.94,14485,0.171,4.074,4.245
3170722.09,14483,0.166,4.366,4.532
3170768.02,14484,0.335,6.537,6.872
3170893.22,14485,2.089,4.016,6.105
3171000.35,14483,0.212,4.402,4.614
3171006.37,14484,0.161,4.782,4.943
3171136.83,14485,0.297,4.272,4.569
3171260.51,14483,1.685,7.33,9.016
3171327.59,14484,0.166,4.953,5.119
3171334.95,14485,0.521,4.248,4.77
3171361.05,14483,0.178,4.937,5.115
3171364.32,14484,0.176,4.994,5.17
3171372.02,14483,0.176,7.055,7.231
