timestamp_ms,pid,scheduling_delay_ms,service_time_ms,total_latency_ms
5001281.07,16273,3.626,20.177,23.802
5001315.53,16272,0.47,7.825,8.295
5001474.36,16274,0.264,7.077,7.341
5001900.26,16273,0.231,4.4,4.632
5001917.13,16272,0.116,6.221,6.337
5002020.75,16274,0.181,4.16,4.341
5002129.02,16273,0.178,9.557,9.736
5002158.37,16272,0.111,12.25,12.361
5002175.19,16274,0.098,8.038,8.136
5002213.4,16273,0.115,4.155,4.269
5002235.3,16272,1.63,8.17,9.799
5002405.3,16274,0.135,6.949,7.084
5002435.18,16273,0.116,4.0,4.117
5002567.07,16272,0.143,5.983,6.126
5002642.24,16274,0.105,4.217,4.322
5002675.22,16273,0.099,6.062,6.162
5002735.83,16272,0.095,7.562,7.657
5002764.95,16274,0.1,6.007,6.106
5002803.04,16273,0.084,4.357,4.44
5002817.07,16272,0.769,5.623,6.392
5002838.65,16274,0.115,9.465,9.58
5002907.96,16273,0.127,5.076,5.202
5002915.15,16272,0.071,8.996,9.067
5002924.17,16274,0.079,10.035,10.115
5002933.53,16272,1.71,6.433,8.143
5002946.9,16273,0.116,4.944,5.06
5002977.1,16274,0.109,3.933,4.042
5003054.44,16272,0.316,4.22,4.537
5003068.11,16273,0.07,4.625,4.695
5003084.14,16274,0.076,7.989,8.065
5003118.93,16272,0.072,6.064,6.136
5003125.21,16274,0.056,4.006,4.062
5003125.53,16273,0.106,6.253,6.358
5003190.2,16272,0.076,6.949,7.024
5003225.74,16274,0.218,5.142,5.359
5003226.9,16273,0.058,4.198,4.255
5003231.91,16272,0.059,6.796,6.855
5003280.18,16274,2.031,12.038,14.069
5003280.38,16273,0.073,7.076,7.149
5003325.56,16272,0.142,4.131,4.272
5003364.32,16274,0.099,12.16,12.259
5003393.12,16273,0.087,3.983,4.07
5003402.71,16272,0.078,4.003,4.081
5003448.96,16274,0.089,8.496,8.585
5003462.96,16273,0.094,4.116,4.21
5003472.47,16272,0.081,4.107,4.188
5003502.24,16274,4.035,8.141,12.177
5003518.95,16273,0.075,4.049,4.124
5003586.39,16272,0.078,4.035,4.114
5003602.82,16274,0.071,4.016,4.087
5003634.79,16273,0.077,4.075,4.152
5003639.41,16272,0.069,4.199,4.268
5003650.36,16274,0.065,11.131,11.196
5003662.71,16273,0.092,4.099,4.191
5003676.09,16272,0.081,4.522,4.604
5003690.18,16274,0.069,4.279,4.347
5003702.16,16273,0.054,7.064,7.118
5003750.19,16272,0.069,8.119,8.188
5003757.28,16274,0.081,9.146,9.227
5003787.4,16273,0.074,6.963,7.037
5003818.16,16272,0.064,11.055,11.119
5003851.88,16274,0.091,5.181,5.273
5003928.74,16273,0.589,5.636,6.225
5003933.56,16272,0.133,6.928,7.061
5003935.81,16274,1.064,4.69,5.754
5003950.98,16273,0.075,4.04,4.115
5003952.23,16272,1.114,4.093,5.207
5003987.14,16274,5.031,12.052,17.083
5004184.75,16273,0.174,4.027,4.201
5004328.41,16272,0.139,8.174,8.313
5004346.19,16274,0.112,4.011,4.123
5004353.73,16273,0.073,3.985,4.058
5004367.12,16272,0.085,4.101,4.186
5004400.57,16274,0.077,8.072,8.149
5004490.64,16273,0.11,5.84,5.95
5004543.89,16272,0.095,4.052,4.148
5004573.21,16274,2.032,8.123,10.155
5004597.11,16273,0.075,3.986,4.061
5004630.44,16272,0.11,4.073,4.183
5004661.05,16274,2.026,7.956,9.983
5004664.81,16273,0.139,8.082,8.221
5004686.2,16272,0.992,8.059,9.051
5004698.13,16274,0.089,3.998,4.087
5004706.67,16273,0.105,4.019,4.125
5004728.11,16272,0.121,6.213,6.334
5004768.72,16273,0.052,9.934,9.986
5004773.13,16274,2.026,18.071,20.098
5004777.27,16272,2.029,6.204,8.233
5004819.37,16274,0.094,6.067,6.161
5004883.33,16273,0.166,6.071,6.237
5004902.39,16272,0.166,4.126,4.293
5004938.88,16274,0.135,6.632,6.767
5004982.2,16273,0.101,5.918,6.019
5005028.76,16272,2.296,9.648,11.944
5005077.31,16274,0.118,4.118,4.237
5005083.37,16273,0.098,4.095,4.193
5005139.14,16272,0.132,12.366,12.499
5005151.24,16274,0.103,4.066,4.17
5005196.35,16273,0.164,7.657,7.821
5005210.62,16273,2.027,8.924,10.951
5005211.09,16272,0.098,15.43,15.528
5005226.56,16274,0.117,6.024,6.141
5005235.95,16273,0.236,4.086,4.322
5005239.56,16272,0.084,4.902,4.985
5005288.99,16273,0.625,10.086,10.711
5005340.39,16274,1.307,4.254,5.561
5005347.29,16272,0.102,4.064,4.166
5005357.97,16273,0.107,4.003,4.11
5005383.29,16274,0.233,8.164,8.397
5005394.69,16272,0.08,8.582,8.662
5005401.19,16274,0.058,6.075,6.133
5005403.72,16273,0.057,13.089,13.146
5005414.05,16272,0.07,4.12,4.19
5005435.58,16274,0.061,8.181,8.242
5005437.06,16273,2.013,5.985,7.998
5005441.82,16272,0.74,6.113,6.853
5005468.11,16273,0.081,4.204,4.286
5005472.93,16274,0.056,6.007,6.063
5005483.59,16273,0.1,10.033,10.133
5005496.6,16272,0.082,4.098,4.18
5005534.23,16274,0.082,7.105,7.187
5005561.09,16273,0.069,13.3,13.369
5005563.18,16272,0.051,12.092,12.143
5005569.24,16274,1.993,8.045,10.038
5005583.27,16273,0.075,4.754,4.828
5005585.79,16272,0.049,5.348,5.396
5005628.31,16274,1.673,8.153,9.826
5005677.69,16273,0.16,4.003,4.162
5005691.2,16272,1.871,5.122,6.993
5005709.18,16274,0.081,6.591,6.672
5005739.82,16273,2.769,7.505,10.275
5005756.47,16272,1.005,7.411,8.416
5005761.49,16274,0.064,6.387,6.451
5005774.12,16272,1.532,6.055,7.587
5005781.43,16273,0.065,6.522,6.586
5005784.07,16274,1.817,7.283,9.101
5005786.86,16272,0.07,4.109,4.179
5005817.86,16274,2.321,9.72,12.041
5005837.16,16273,1.62,6.067,7.687
5005911.35,16272,1.448,4.152,5.6
5006010.02,16274,1.639,4.23,5.869
5006049.12,16273,2.036,8.027,10.063
5006076.26,16272,0.941,6.154,7.095
5006081.15,16274,0.063,4.554,4.618
5006158.3,16273,0.12,6.109,6.229
5006199.76,16272,0.133,6.099,6.233
5006222.48,16274,0.1,6.314,6.414
5006224.64,16273,0.061,4.75,4.811
5006230.97,16272,0.118,4.077,4.195
5006231.2,16274,0.056,4.156,4.213
5006267.28,16273,0.163,6.038,6.201
5006274.22,16274,0.133,4.696,4.828
5006275.11,16272,0.123,6.481,6.604
5006292.33,16273,0.178,8.82,8.998
5006299.73,16274,0.145,12.665,12.809
5006306.75,16272,0.198,4.233,4.431
5006322.27,16273,0.11,6.397,6.507
5006332.25,16274,1.817,8.062,9.878
5006367.42,16272,0.105,8.237,8.342
5006386.77,16273,0.094,4.432,4.525
5006418.64,16274,0.157,6.273,6.43
5006425.59,16272,0.106,7.288,7.393
5006429.22,16274,0.128,8.275,8.403
5006506.51,16273,0.167,6.132,6.299
5006506.98,16272,0.113,4.186,4.299
5006537.23,16274,0.099,4.066,4.165
5006576.52,16273,0.252,4.268,4.52
5006689.86,16272,0.119,4.044,4.163
5006695.17,16274,0.086,5.128,5.214
5006769.21,16273,1.605,4.1,5.705
5006781.89,16272,0.157,7.613,7.77
5006816.36,16274,0.519,6.198,6.717
5007049.44,16273,0.163,5.169,5.333
5007060.55,16272,0.125,4.051,4.177
5007077.14,16274,0.097,7.88,7.977
5007171.43,16273,0.129,6.128,6.258
5007176.06,16272,0.094,6.702,6.796
5007323.2,16274,0.136,4.026,4.162
5007334.96,16273,0.102,4.097,4.199
5007387.27,16272,0.131,4.18,4.31
5007430.7,16274,0.109,5.994,6.102
5007444.19,16273,0.122,4.111,4.233
5007498.7,16272,0.116,4.0,4.115
5007528.29,16274,0.097,5.14,5.237
5007662.29,16273,0.113,4.102,4.214
5007953.34,16272,0.174,6.024,6.199
5007990.84,16274,0.121,4.109,4.23
5008023.18,16273,0.125,4.151,4.276
5008080.91,16272,0.219,4.329,4.548
5008138.44,16274,0.103,8.084,8.187
5008138.62,16273,0.145,6.524,6.669
5008169.2,16272,1.477,4.102,5.579
5008262.21,16274,1.288,4.094,5.381
5008272.03,16273,0.087,5.884,5.97
5008302.74,16272,0.137,4.206,4.342
5008358.67,16274,0.184,4.311,4.494
5008534.23,16273,0.185,3.971,4.156
5008584.68,16272,0.132,4.204,4.336
5008626.58,16274,0.103,6.316,6.419
5008651.55,16273,0.092,6.584,6.676
5008658.79,16272,0.097,4.105,4.202
5008666.91,16274,0.249,4.1,4.349
5008682.35,16273,0.088,7.106,7.194
5008686.54,16272,1.063,6.479,7.542
5008736.03,16274,0.129,4.137,4.266
5008753.42,16273,0.123,4.041,4.164
5008785.57,16272,0.093,4.08,4.173
5008809.68,16274,0.194,4.098,4.292
5008832.54,16273,0.159,5.123,5.281
5008858.45,16272,0.181,6.171,6.352
5008864.76,16274,0.544,6.148,6.692
5008872.24,16273,0.08,4.049,4.129
5008885.04,16272,0.097,6.022,6.119
5008932.28,16274,0.171,4.013,4.184
5008976.29,16273,0.193,4.003,4.197
5009000.22,16272,0.121,4.025,4.146
5009013.88,16274,0.08,4.122,4.202
5009034.98,16273,0.13,4.009,4.139
5009041.85,16272,0.096,4.106,4.202
5009092.2,16274,0.116,4.02,4.137
5009108.92,16273,0.105,4.127,4.232
5009137.29,16272,0.167,4.395,4.562
5009142.37,16274,0.101,4.675,4.776
5009192.71,16273,0.163,4.537,4.7
5009227.05,16272,0.178,4.188,4.366
5009240.85,16274,0.14,4.255,4.395
5009259.42,16273,0.174,4.135,4.309
5009262.42,16272,0.094,3.958,4.052
5009271.63,16274,0.133,4.071,4.205
5009297.81,16273,0.157,4.269,4.426
5009329.58,16272,0.169,4.32,4.489
5009335.22,16274,0.095,4.328,4.423
5009362.38,16273,0.187,4.207,4.394
5009422.09,16272,0.187,4.05,4.237
5009457.3,16274,0.153,6.061,6.214
5009484.53,16273,0.181,4.004,4.185
5009508.75,16272,0.212,4.029,4.242
5009643.93,16274,0.155,6.687,6.843
5009688.14,16273,0.165,6.067,6.232
5009707.91,16272,0.127,4.071,4.199
5009729.63,16274,0.091,6.75,6.841
5009730.68,16273,0.109,4.231,4.34
5009734.11,16272,0.08,4.263,4.342
5009770.98,16273,0.766,4.899,5.666
5009823.54,16274,0.136,5.111,5.247
5009829.91,16272,0.116,4.996,5.112
5009834.58,16273,0.081,4.126,4.207
5010005.39,16274,0.279,4.078,4.357
5010016.78,16272,0.124,7.482,7.606
5010050.66,16273,0.205,6.524,6.73
5010272.65,16274,0.263,4.056,4.319
5010277.2,16272,0.143,4.078,4.221
5010480.62,16273,0.161,8.365,8.526
5010486.27,16274,0.166,6.024,6.189
5010505.46,16272,0.128,4.195,4.323
5010572.51,16273,0.174,5.232,5.406
5010705.76,16274,0.169,4.543,4.712
5010727.14,16272,0.158,4.445,4.603
5010889.4,16273,0.166,9.072,9.238
5010914.75,16274,0.156,4.146,4.302
5011106.77,16272,0.138,3.917,4.054
5011112.79,16273,0.086,4.124,4.21
5011130.26,16274,0.079,9.872,9.952
5011194.43,16272,0.133,5.254,5.387
5011250.8,16273,0.155,3.998,4.152
5011350.58,16274,0.15,4.234,4.383
5011392.19,16272,0.132,4.049,4.181
5011532.78,16273,0.132,4.985,5.118
5011630.49,16274,0.185,4.28,4.465
5011749.21,16272,0.132,6.01,6.142
5011756.69,16273,0.129,4.328,4.457
5011763.41,16274,0.092,6.002,6.094
5011794.08,16272,1.166,3.926,5.092
5011899.13,16273,0.161,4.011,4.171
5011910.97,16274,0.312,4.086,4.398
5011961.37,16272,0.159,7.128,7.288
5011985.71,16273,0.148,3.951,4.099
5012041.52,16274,0.165,4.789,4.954
5012057.07,16272,0.149,5.079,5.228
5012084.31,16273,0.132,4.091,4.223
5012097.14,16274,1.635,4.033,5.668
5012250.17,16272,0.157,4.129,4.285
5012389.63,16273,0.199,4.247,4.446
5012423.4,16274,0.174,6.103,6.277
5012512.49,16272,0.146,5.12,5.266
5012576.28,16273,2.122,6.066,8.188
5012590.21,16274,4.273,4.075,8.347
5012614.24,16272,2.043,6.111,8.154
5012732.62,16273,0.213,4.232,4.445
5012773.27,16274,2.706,8.097,10.803
5012773.43,16272,3.411,6.32,9.731
5012813.5,16273,0.428,4.005,4.433
5013056.99,16274,0.152,4.096,4.248
5013282.29,16272,0.342,4.077,4.419
5013352.43,16273,0.155,6.174,6.329
5013362.44,16274,0.11,4.262,4.372
5013541.75,16272,0.13,4.209,4.339
5013573.05,16273,0.144,3.956,4.101
5013615.02,16274,0.171,5.819,5.989
5013742.8,16272,0.182,4.577,4.759
5013847.08,16273,0.165,4.413,4.577
5014025.54,16274,0.146,6.313,6.459
5014092.48,16272,1.692,4.37,6.062
5014178.76,16273,2.714,4.265,6.98
5014211.45,16274,0.135,5.782,5.917
5014232.88,16272,0.974,9.791,10.765
5014234.04,16273,0.061,6.924,6.985
5014281.44,16274,0.165,4.291,4.456
5014301.56,16272,0.104,4.041,4.145
5014344.69,16273,0.119,4.08,4.199
5014385.09,16274,0.89,3.945,4.834
5014438.19,16272,0.123,4.015,4.138
5014472.08,16273,0.845,5.978,6.823
5014486.19,16274,0.1,4.034,4.134
5014613.14,16272,0.11,4.1,4.209
5014632.17,16273,0.081,4.036,4.117
5014652.3,16274,0.086,6.052,6.139
5014660.23,16272,0.108,6.086,6.194
5014741.09,16273,0.106,5.158,5.264
5014774.97,16274,0.096,4.063,4.159
5014853.0,16272,0.115,4.086,4.2
5014877.08,16273,0.187,5.039,5.226
5014919.29,16274,3.849,4.207,8.056
5014923.42,16272,0.367,4.003,4.37
5015045.41,16273,0.143,3.969,4.112
5015088.68,16274,0.138,4.074,4.211
5015222.49,16272,0.154,3.994,4.148
5015268.9,16273,1.294,4.351,5.645
5015390.11,16273,0.054,4.007,4.061
5015391.01,16272,0.084,4.062,4.146
5015391.4,16274,0.153,9.205,9.357
5015432.39,16273,0.149,4.04,4.189
5015524.2,16272,2.462,4.02,6.481
5015684.15,16274,0.137,3.932,4.07
5015708.76,16273,0.144,6.626,6.77
5015784.8,16272,0.152,5.309,5.461
5015789.08,16274,0.067,4.104,4.171
5016183.76,16273,0.131,4.057,4.188
5016303.45,16272,0.135,6.226,6.362
5016482.88,16274,0.258,4.116,4.375
5016546.3,16273,2.102,4.13,6.232
5016555.75,16272,0.106,4.013,4.119
5016601.53,16274,0.182,3.984,4.166
5016609.62,16273,0.062,6.032,6.094
5016672.54,16272,0.183,4.26,4.443
5016677.0,16274,0.081,4.009,4.09
5016748.06,16273,0.868,3.988,4.856
5016843.27,16272,0.151,6.023,6.174
5016923.28,16274,1.647,6.147,7.794
5017038.49,16273,0.173,4.082,4.255
5017173.12,16272,0.147,4.137,4.284
5017279.39,16274,0.194,4.16,4.354
5017287.08,16273,1.77,3.974,5.744
5017292.8,16272,0.062,4.076,4.138
5017511.13,16274,2.648,4.171,6.819
5017521.8,16273,0.098,4.103,4.201
5017669.31,16272,0.164,4.043,4.206
5017679.51,16274,0.121,7.464,7.585
5017849.43,16273,0.152,6.057,6.209
5018037.56,16272,0.181,7.945,8.126
5018096.56,16274,0.149,4.342,4.491
5018154.63,16273,0.113,4.029,4.141
5018189.4,16272,0.099,3.982,4.081
5018219.15,16274,1.324,4.017,5.341
5018244.1,16273,0.096,3.944,4.04
5018272.25,16272,0.104,4.033,4.137
5018346.22,16274,1.203,4.997,6.199
5018526.88,16273,0.192,4.093,4.285
5018592.88,16272,0.188,4.059,4.247
5018629.08,16274,0.104,5.044,5.149
5018663.09,16273,0.091,3.942,4.033
5018771.13,16272,0.089,4.061,4.15
5018790.66,16274,0.076,4.017,4.093
5019037.98,16273,0.19,3.914,4.104
5019043.19,16272,0.092,4.027,4.119
5019155.98,16274,0.132,4.271,4.403
5019463.81,16273,0.196,4.401,4.597
5019466.68,16272,0.922,4.585,5.507
5019495.72,16273,0.098,6.108,6.206
5019524.38,16274,2.068,4.248,6.316
5019598.08,16272,0.126,3.992,4.118
5019619.69,16273,0.119,4.263,4.382
5019684.66,16274,0.111,4.02,4.131
5019695.19,16272,0.906,6.071,6.977
5019705.18,16273,0.073,4.061,4.135
5019709.57,16274,0.26,4.269,4.528
5019716.07,16272,1.908,6.986,8.893
5019728.04,16274,0.061,7.274,7.335
5019730.96,16273,0.052,6.027,6.079
5019755.63,16272,0.1,4.02,4.12
5019787.22,16274,0.087,4.328,4.415
5019806.96,16273,0.096,3.958,4.054
5019842.13,16272,1.094,9.04,10.133
5019842.21,16274,1.278,4.157,5.435
5019918.75,16273,0.166,6.076,6.242
5019942.46,16274,0.075,6.305,6.381
5019944.74,16272,0.196,10.488,10.685
5019992.41,16273,2.036,4.306,6.343
5019994.38,16274,1.852,6.221,8.073
5020017.23,16272,0.115,4.038,4.153
5020080.03,16273,0.09,4.042,4.132
5020157.15,16274,1.224,6.041,7.264
5020179.53,16272,0.094,4.08,4.175
5020222.27,16273,0.107,6.379,6.487
5020231.07,16273,0.059,4.159,4.218
5020231.96,16272,0.062,6.216,6.278
5020232.7,16274,0.129,10.179,10.309
5020303.08,16273,0.099,4.192,4.291
5020318.19,16272,1.425,8.11,9.535
5020327.63,16274,0.098,6.987,7.084
5020341.2,16273,0.07,6.086,6.156
5020348.15,16272,0.058,5.059,5.117
5020364.39,16274,0.078,4.067,4.145
5020376.71,16273,0.066,4.334,4.399
5020397.16,16272,0.134,3.973,4.107
5020412.39,16274,0.069,4.053,4.122
5020421.07,16273,1.757,3.978,5.735
5020434.45,16272,0.054,3.984,4.037
5020443.74,16274,0.063,5.643,5.706
5020448.07,16273,0.092,4.17,4.262
5020457.58,16272,0.058,4.066,4.124
5020461.78,16274,0.044,3.995,4.039
5020479.23,16273,1.019,4.179,5.199
5020487.11,16272,0.051,4.025,4.076
5020494.89,16274,0.054,4.027,4.081
5020516.01,16273,0.061,5.32,5.382
5020554.32,16272,0.236,5.422,5.658
5020623.81,16274,0.1,4.114,4.214
5020632.71,16273,0.128,4.079,4.207
5020642.54,16272,0.138,4.043,4.182
5020669.14,16274,2.026,6.072,8.097
5020676.07,16273,1.506,4.012,5.519
5020703.41,16272,0.076,4.18,4.257
5020757.03,16274,0.081,4.163,4.243
5020763.22,16273,0.064,3.927,3.991
5020787.66,16272,0.084,4.038,4.122
5020840.26,16274,0.095,9.11,9.205
5020842.57,16273,0.11,4.418,4.527
5020908.21,16272,0.159,6.082,6.241
5020924.3,16274,0.163,6.066,6.229
5020932.1,16273,0.086,3.966,4.052
5020944.07,16272,0.097,4.23,4.327
5020971.08,16274,1.962,7.962,9.924
5020971.14,16273,1.034,6.064,7.098
5021009.47,16272,0.079,5.642,5.721
5021019.11,16274,0.063,4.005,4.068
5021031.13,16273,0.068,4.023,4.091
5021032.82,16272,0.052,3.958,4.01
5021044.15,16274,0.098,7.93,8.029
5021044.33,16273,0.048,5.257,5.306
5021088.15,16272,0.083,4.023,4.105
5021122.84,16274,0.069,7.834,7.903
5021124.44,16272,0.051,4.922,4.972
5021125.27,16273,0.05,7.152,7.202
5021153.04,16274,2.544,3.977,6.521
5021193.14,16272,0.085,8.32,8.405
5021195.58,16273,0.071,6.45,6.521
5021215.13,16274,0.094,4.99,5.084
5021286.08,16272,0.183,4.148,4.331
5021317.28,16273,0.179,4.047,4.226
5021387.1,16274,1.295,4.002,5.297
5021536.63,16272,0.129,3.995,4.123
5021651.52,16273,0.206,6.228,6.434
5021659.97,16274,0.113,4.031,4.143
5021664.22,16272,0.083,3.953,4.036
5021691.3,16273,1.032,6.225,7.256
5021787.62,16274,0.095,3.991,4.086
5021897.58,16272,0.171,4.019,4.19
5021986.35,16273,0.136,3.951,4.087
5022155.19,16274,0.157,4.06,4.216
5022225.79,16272,0.134,4.579,4.713
5022237.24,16273,0.109,7.06,7.169
5022260.48,16274,0.137,4.06,4.196
5022388.67,16272,0.144,3.97,4.114
5022410.07,16273,0.861,3.92,4.781
5022440.26,16274,0.088,4.094,4.182
5022495.76,16272,0.085,4.171,4.256
5022553.49,16273,0.138,5.763,5.901
5022575.2,16274,1.551,4.063,5.614
5022579.35,16272,0.07,4.002,4.073
5022686.76,16273,0.155,3.998,4.153
5022730.36,16274,0.103,4.087,4.19
5022766.18,16272,0.168,4.139,4.308
5022771.53,16273,0.098,5.022,5.121
5022793.02,16274,0.11,4.077,4.187
5022811.62,16272,0.107,4.048,4.156
5022844.11,16273,2.214,5.994,8.208
5022954.35,16274,0.182,4.152,4.334
5023014.15,16272,0.133,4.061,4.194
5023048.27,16273,0.113,4.089,4.202
5023064.06,16274,2.079,4.919,6.998
5023105.19,16272,0.121,4.005,4.126
5023360.15,16273,2.036,4.045,6.08
5023407.6,16274,0.104,4.065,4.17
5023439.13,16272,0.814,3.973,4.787
5023506.87,16273,0.103,4.084,4.188
5023542.56,16274,0.132,4.032,4.165
5023551.2,16272,0.075,4.071,4.145
5023557.05,16273,2.721,5.942,8.663
5023574.28,16272,1.685,4.147,5.832
5023658.45,16274,0.107,4.067,4.174
5023714.48,16273,0.107,4.106,4.213
5023735.15,16272,2.842,5.052,7.895
5023744.07,16274,0.093,4.676,4.769
5023780.88,16273,0.095,4.04,4.135
5023818.66,16272,0.101,5.021,5.122
5024037.92,16274,0.162,4.571,4.732
5024115.68,16273,0.139,4.699,4.837
5024139.29,16272,0.13,6.069,6.199
5024173.05,16274,2.195,3.987,6.182
5024189.32,16273,0.087,4.239,4.326
5024240.74,16272,1.254,3.997,5.251
5024291.98,16274,0.146,4.306,4.452
5024597.17,16273,3.115,3.969,7.085
5024620.63,16272,0.088,4.006,4.094
5024749.96,16274,0.13,5.317,5.446
5024782.2,16273,0.139,3.999,4.138
5024809.14,16272,0.109,3.947,4.055
5025166.76,16274,1.575,4.109,5.684
5025177.32,16273,0.105,4.057,4.163
5025212.01,16272,0.099,3.942,4.041
5025238.09,16274,0.929,6.011,6.94
5025264.46,16273,0.094,3.972,4.066
5025302.05,16272,0.091,4.009,4.099
5025327.98,16274,0.072,4.075,4.147
5025338.7,16273,0.104,3.964,4.067
5025441.15,16272,0.089,6.002,6.091
5025454.89,16274,0.074,6.122,6.196
5025480.19,16273,0.075,4.069,4.145
5025499.43,16272,0.085,6.625,6.71
5025509.55,16274,1.534,4.418,5.952
5025512.69,16273,0.059,5.072,5.131
5025525.43,16272,0.076,5.765,5.841
5025579.68,16274,0.105,4.216,4.321
5025625.59,16273,0.099,6.424,6.523
5025627.68,16272,0.07,4.575,4.645
5025669.45,16274,0.159,4.222,4.381
5025672.51,16273,0.073,4.699,4.773
5025711.18,16274,1.259,4.052,5.311
5025721.23,16272,0.078,4.964,5.042
5025739.41,16273,0.087,7.89,7.977
5025739.58,16274,0.07,4.356,4.425
5025750.14,16272,1.826,3.992,5.818
5025768.09,16273,0.064,7.989,8.053
5025770.11,16274,0.043,8.036,8.079
5025778.11,16272,0.051,6.045,6.096
5025785.51,16273,0.063,4.057,4.12
5025791.89,16274,0.052,4.019,4.072
5025796.15,16272,0.064,4.042,4.107
5025807.72,16273,0.054,4.001,4.055
5025829.03,16274,0.139,4.242,4.381
5025841.63,16272,0.075,4.015,4.09
5025853.42,16273,0.067,4.107,4.174
5025889.44,16274,0.151,4.207,4.357
5025899.51,16272,0.082,4.039,4.121
5025929.24,16273,1.21,6.127,7.337
5025936.54,16274,0.088,5.046,5.133
5025962.03,16272,0.093,4.027,4.12
5025970.17,16273,0.085,4.029,4.114
5026015.59,16274,0.072,6.25,6.321
5026020.23,16272,0.061,6.995,7.056
5026054.27,16273,0.083,4.046,4.129
5026072.18,16274,0.066,5.63,5.696
5026074.03,16272,0.067,3.988,4.055
5026106.54,16274,0.111,5.368,5.479
5026109.27,16273,0.052,4.632,4.683
5026122.56,16272,0.08,3.974,4.053
5026131.8,16274,0.644,4.094,4.738
5026142.08,16273,0.181,4.096,4.278
5026188.82,16272,0.145,4.05,4.195
5026196.22,16274,0.085,4.195,4.28
5026227.94,16273,0.154,4.031,4.184
5026250.19,16272,0.117,7.01,7.127
5026282.25,16274,2.046,6.116,8.162
5026299.14,16273,0.092,4.069,4.16
5026307.04,16272,0.112,3.97,4.082
5026311.44,16274,0.069,4.088,4.157
5026313.23,16273,0.062,4.056,4.117
5026334.19,16272,0.078,6.066,6.145
5026356.39,16274,0.086,4.263,4.349
5026397.31,16273,0.078,4.537,4.614
5026411.25,16272,0.105,4.071,4.176
5026438.4,16274,0.284,6.038,6.322
5026496.6,16273,0.152,4.111,4.263
5026501.29,16272,0.12,4.122,4.242
5026589.2,16274,0.095,4.055,4.15
5026668.88,16273,0.169,4.987,5.156
5026994.16,16272,0.297,7.116,7.413
5026995.99,16274,0.093,5.239,5.331
5027037.03,16273,2.031,3.929,5.96
5027114.9,16272,0.11,4.089,4.199
5027205.98,16274,0.165,4.086,4.251
5027316.77,16273,2.428,10.398,12.826
5027338.39,16272,0.637,4.227,4.864
5027405.65,16274,0.173,6.326,6.499
5027414.0,16273,1.844,6.382,8.226
5027414.28,16272,0.143,6.036,6.178
5027519.94,16274,0.194,4.223,4.416
5027536.76,16272,0.158,6.477,6.635
5027597.2,16273,0.253,4.178,4.431
5027614.27,16274,0.251,4.574,4.825
5027656.88,16272,0.433,4.243,4.676
5027659.16,16273,0.203,4.697,4.9
5027667.64,16274,0.096,5.86,5.956
5027675.77,16272,0.375,5.108,5.482
5027715.71,16273,0.162,4.318,4.479
5027732.83,16274,2.614,6.582,9.197
5027737.52,16272,0.794,4.006,4.8
5027754.55,16273,0.124,7.143,7.267
5027766.21,16274,1.485,7.09,8.575
5027768.87,16272,0.898,4.813,5.711
5027771.19,16273,0.062,5.046,5.108
5027776.0,16274,0.127,5.213,5.34
5027776.47,16273,0.104,4.27,4.374
5027826.65,16272,2.579,6.259,8.838
5027831.89,16274,0.114,3.984,4.097
5027893.83,16273,0.18,4.289,4.468
5027941.49,16272,0.501,8.49,8.991
5027964.18,16274,1.156,6.089,7.244
5027998.9,16273,0.173,6.643,6.816
5028038.4,16272,0.233,10.794,11.028
5028061.47,16274,0.199,6.156,6.355
5028076.62,16273,0.553,4.895,5.447
5028111.05,16272,2.731,8.699,11.43
5028109.99,16274,0.314,6.105,6.419
5028119.35,16273,2.174,8.136,10.311
5028123.99,16272,1.683,6.991,8.674
5028141.06,16274,0.397,5.362,5.759
5028170.74,16273,0.178,6.721,6.899
5028188.78,16272,0.249,8.891,9.14
5028229.92,16274,0.199,5.953,6.152
5028239.14,16273,0.117,8.741,8.859
5028262.71,16272,1.761,7.596,9.356
5028274.35,16274,0.552,6.117,6.669
5028307.77,16273,0.297,4.91,5.207
5028364.55,16272,0.175,4.27,4.444
5028369.69,16274,0.095,4.0,4.095
5028382.22,16273,0.162,4.4,4.562
5028400.55,16272,0.154,4.095,4.249
5028419.86,16274,0.145,4.618,4.764
5028426.47,16273,0.134,4.26,4.394
5028448.09,16272,0.4,6.549,6.949
5028457.65,16274,0.258,5.255,5.512
5028472.88,16273,0.629,4.225,4.855
5028490.78,16272,1.07,4.258,5.327
5028530.44,16274,1.385,4.215,5.6
5028534.65,16273,0.068,4.557,4.625
5028545.3,16272,1.595,8.064,9.659
5028547.35,16274,0.095,8.115,8.21
5028573.79,16273,0.989,5.001,5.99
5028604.29,16272,0.337,5.122,5.459
5028652.8,16274,0.196,5.493,5.689
5028678.31,16273,2.051,4.128,6.179
5028698.43,16272,0.181,4.684,4.865
5028766.32,16274,0.179,4.13,4.309
5028799.14,16273,2.053,5.994,8.047
5028826.72,16274,0.424,5.925,6.349
5028827.57,16272,0.868,9.431,10.299
5028839.31,16273,0.109,7.185,7.294
5028879.55,16272,0.158,4.094,4.253
5028925.06,16274,2.442,4.812,7.255
5028952.85,16273,0.847,6.552,7.399
5028970.37,16272,0.236,4.175,4.411
5029043.19,16274,0.176,3.984,4.16
5029048.19,16273,0.107,4.19,4.297
5029071.11,16272,1.098,4.508,5.606
5029101.73,16274,0.143,4.075,4.217
5029114.51,16273,0.146,4.176,4.321
5029132.88,16272,0.124,4.08,4.203
5029159.03,16274,0.502,4.405,4.907
5029165.27,16273,2.002,4.106,6.109
5029182.16,16272,0.724,7.02,7.744
5029240.42,16274,0.227,3.938,4.165
5029248.61,16273,0.083,4.052,4.135
5029271.64,16272,2.608,4.09,6.698
5029318.54,16274,0.29,6.644,6.934
5029324.23,16273,0.427,4.959,5.386
5029333.75,16272,3.252,9.033,12.284
5029334.63,16274,0.076,7.239,7.315
5029340.74,16273,0.172,4.256,4.427
5029347.19,16272,1.283,5.135,6.418
5029361.1,16274,2.642,4.001,6.643
5029410.68,16273,0.176,4.4,4.576
5029477.74,16272,0.739,5.452,6.192
5029479.51,16274,0.76,4.371,5.131
5029484.9,16273,0.876,6.739,7.616
5029558.45,16274,0.168,4.441,4.609
5029561.51,16272,0.086,4.105,4.19
5029570.82,16274,2.03,4.679,6.709
5029576.27,16273,0.246,4.09,4.336
5029609.29,16272,1.333,5.341,6.673
5029637.52,16274,0.429,5.759,6.188
5029672.94,16273,0.196,6.78,6.976
5029686.38,16272,0.153,4.809,4.962
5029770.59,16274,0.303,4.304,4.606
5029795.9,16273,0.22,6.35,6.57
5029815.82,16272,2.109,6.449,8.558
5029823.06,16274,0.52,4.246,4.767
5029907.64,16273,0.793,5.29,6.083
5029931.69,16272,0.181,5.41,5.59
5029935.95,16274,0.098,3.947,4.045
5029941.03,16273,0.258,4.269,4.526
5029944.19,16272,0.063,5.079,5.142
5029972.23,16274,0.164,5.977,6.141
5029989.78,16273,0.493,4.885,5.378
5030005.74,16272,0.537,4.178,4.715
5030049.31,16274,2.304,4.059,6.362
5030072.97,16273,0.175,9.038,9.213
5030180.32,16272,0.405,5.975,6.379
5030318.53,16274,1.189,6.086,7.275
5030404.19,16273,3.996,4.093,8.088
5030582.53,16272,0.221,5.203,5.424
5030940.94,16274,0.737,5.995,6.732
5030945.68,16273,0.317,8.111,8.428
5031091.29,16272,0.234,8.515,8.748
5031091.62,16274,0.115,4.456,4.571
5031105.2,16273,0.116,3.988,4.104
5031174.52,16272,0.27,5.908,6.178
5031229.99,16274,0.171,6.718,6.888
5031246.35,16273,0.166,4.084,4.249
5031262.11,16272,0.146,3.924,4.069
5031366.96,16274,0.19,4.491,4.68
5031379.9,16273,0.161,6.173,6.334
5031400.82,16272,1.778,5.53,7.308
5031424.57,16274,0.23,4.228,4.458
5031491.14,16273,0.206,4.193,4.399
5031506.16,16272,1.848,3.995,5.843
5031509.12,16274,0.085,3.971,4.055
5031567.38,16272,0.189,7.804,7.993
5031756.64,16273,0.16,4.601,4.761
5031760.85,16274,0.837,3.957,4.794
5031947.64,16272,0.171,4.409,4.58
5031973.33,16273,0.702,5.18,5.882
5032008.88,16274,0.18,4.097,4.276
5032041.24,16272,0.452,6.53,6.982
5032175.1,16273,0.161,4.121,4.282
5032219.26,16274,0.16,4.139,4.3
5032362.24,16272,0.188,3.962,4.15
5032608.07,16273,0.191,4.6,4.791
5032649.49,16274,2.344,4.226,6.57
5032663.29,16272,0.156,4.138,4.294
5032691.37,16273,0.182,4.202,4.384
5032749.25,16274,0.201,4.062,4.262
5032894.67,16272,0.176,3.907,4.083
5032937.53,16273,0.146,4.085,4.231
5032974.67,16274,0.18,6.376,6.557
5032978.55,16272,0.14,4.108,4.249
5033065.94,16274,0.588,4.038,4.626
5033067.37,16273,0.082,4.023,4.106
5033159.04,16272,0.163,3.972,4.135
5033177.14,16274,0.159,4.019,4.178
5033180.19,16273,0.067,4.106,4.173
5033224.96,16272,0.292,4.125,4.417
5033231.0,16274,0.144,4.086,4.23
5033366.61,16273,0.173,4.58,4.753
5033544.57,16272,0.231,4.932,5.163
5033836.68,16274,0.158,5.796,5.954
5033883.67,16273,0.18,4.022,4.202
5033894.32,16272,0.124,7.025,7.149
5033901.2,16274,0.084,6.42,6.504
5033917.49,16273,0.116,6.7,6.816
5034022.41,16272,0.681,4.628,5.309
5034074.55,16274,0.165,4.154,4.319
5034131.69,16273,0.142,4.158,4.3
5034165.31,16272,0.164,4.051,4.215
5034206.47,16274,0.284,4.08,4.363
5034218.93,16273,0.098,4.084,4.182
5034238.51,16272,0.188,7.428,7.616
5034303.41,16274,0.172,11.586,11.757
5034307.16,16273,0.16,8.57,8.73
5034320.93,16272,0.162,7.651,7.812
5034382.73,16274,0.452,7.115,7.567
5034410.67,16273,0.171,4.282,4.454
5034418.1,16272,0.098,7.155,7.253
5034426.77,16274,0.113,5.965,6.078
5034433.37,16273,0.097,6.392,6.489
5034472.02,16272,1.157,4.744,5.901
5034484.07,16274,0.127,5.804,5.931
5034486.85,16273,0.098,4.347,4.444
5034509.34,16272,0.184,4.045,4.229
5034539.78,16274,0.151,6.527,6.678
5034557.32,16273,0.16,4.383,4.542
5034574.56,16272,0.896,5.412,6.308
5034591.25,16274,0.147,9.357,9.505
5034602.58,16273,0.155,6.315,6.471
5034614.8,16272,0.98,6.599,7.579
5034629.78,16274,0.309,8.262,8.571
5034696.54,16273,0.205,6.326,6.531
5034716.61,16272,0.173,5.539,5.711
5034718.83,16274,0.063,6.083,6.146
5034775.68,16273,0.2,4.473,4.672
5034874.52,16272,0.179,4.213,4.392
5034934.12,16273,0.358,4.39,4.748
5034934.56,16274,0.188,6.93,7.118
5034950.14,16272,0.163,4.233,4.396
5034957.23,16273,0.111,6.146,6.256
5034966.39,16274,0.079,4.216,4.296
5034980.53,16272,0.089,6.396,6.486
5034998.02,16273,0.072,4.104,4.176
5035108.28,16274,0.154,4.026,4.181
5035140.04,16272,0.193,4.292,4.485
5035150.22,16273,0.102,7.331,7.433
5035156.57,16274,0.083,6.084,6.168
5035182.8,16272,0.136,5.581,5.717
5035230.68,16273,0.137,4.114,4.252
5035247.98,16274,0.099,7.811,7.91
5035348.72,16273,0.071,4.62,4.691
5035348.9,16272,0.113,6.048,6.161
5035358.28,16274,0.091,5.207,5.298
5035369.18,16273,0.085,3.936,4.021
5035384.67,16272,0.175,7.896,8.07
5035385.21,16273,0.069,4.097,4.166
5035385.63,16274,0.079,7.081,7.159
5035389.43,16272,0.624,4.67,5.294
5035406.85,16273,0.082,6.202,6.284
5035413.18,16274,0.059,6.206,6.265
5035433.43,16272,0.074,4.015,4.089
5035459.41,16273,0.081,4.177,4.258
5035463.72,16274,0.866,4.196,5.062
5035511.07,16272,2.041,3.964,6.005
5035536.44,16273,0.076,5.208,5.283
5035557.19,16272,0.897,6.088,6.985
5035557.38,16274,0.079,8.475,8.554
5035560.78,16273,0.064,7.639,7.703
5035576.89,16272,0.115,5.987,6.102
5035605.4,16274,0.084,3.997,4.082
5035662.25,16273,1.605,4.142,5.747
5035686.33,16272,0.084,6.022,6.106
5035688.44,16274,1.668,4.386,6.054
5035690.37,16273,0.059,4.037,4.095
5035698.1,16272,0.064,6.411,6.475
5035725.75,16274,0.074,6.264,6.338
5035736.82,16273,0.067,4.34,4.408
5035841.41,16272,0.113,4.065,4.178
5035858.25,16274,0.185,4.072,4.257
5035878.39,16273,0.098,5.229,5.326
5035886.13,16272,0.068,6.021,6.089
5035907.19,16273,0.091,3.91,4.0
5035909.24,16274,1.043,6.125,7.167
5035952.29,16272,0.183,4.031,4.214
5036005.53,16273,0.12,6.339,6.458
5036012.43,16274,0.084,5.211,5.295
5036029.11,16272,0.077,3.98,4.057
5036036.07,16273,0.076,3.935,4.011
5036057.86,16274,0.08,3.987,4.067
5036089.01,16272,0.093,4.177,4.269
5036095.93,16273,0.087,4.161,4.248
5036134.8,16274,0.093,4.349,4.443
5036147.05,16272,0.095,5.887,5.983
5036170.38,16273,1.027,6.28,7.307
5036171.12,16274,0.17,5.469,5.638
5036197.16,16272,0.098,5.183,5.28
5036231.38,16273,0.144,4.673,4.817
5036234.95,16274,0.105,4.208,4.313
5036343.62,16273,0.077,8.903,8.98
5036344.4,16272,0.152,11.186,11.338
5036346.41,16274,0.176,6.509,6.686
5036355.09,16273,2.021,8.01,10.031
5036364.63,16272,0.087,7.517,7.604
5036372.31,16274,0.103,7.474,7.577
5036484.21,16273,0.156,3.977,4.133
5036511.29,16272,0.132,4.262,4.394
5036539.44,16274,0.116,3.987,4.102
5036553.52,16273,0.107,4.12,4.227
5036615.42,16272,0.096,4.112,4.209
5036644.73,16274,0.09,7.125,7.215
5036671.14,16273,0.082,4.073,4.155
5036724.39,16272,1.993,6.198,8.191
5036782.1,16274,0.084,4.031,4.115
5036819.96,16273,0.086,4.094,4.18
5036874.93,16272,0.115,4.007,4.123
5036908.94,16274,0.627,6.689,7.316
5036962.12,16273,0.149,6.242,6.391
5037035.31,16272,0.127,4.011,4.138
5037059.11,16274,2.079,3.979,6.058
5037218.28,16273,0.157,4.165,4.321
5037227.95,16272,0.117,4.031,4.148
5037257.71,16274,0.165,4.15,4.315
5037308.54,16273,0.101,4.088,4.188
5037344.52,16272,0.097,4.175,4.271
5037379.36,16274,0.089,7.28,7.369
5037390.44,16273,0.08,4.309,4.389
5037406.3,16272,0.089,4.06,4.149
5037522.23,16274,0.121,4.042,4.164
5037669.09,16273,0.127,4.043,4.17
5037790.1,16272,0.121,6.192,6.313
5037804.83,16274,0.096,4.675,4.77
5038005.99,16273,0.149,4.101,4.25
5038092.25,16272,1.595,4.074,5.669
5038114.23,16274,0.097,7.907,8.004
5038116.41,16273,0.101,8.148,8.249
5038154.19,16272,0.15,4.207,4.357
5038159.05,16274,0.184,4.063,4.247
5038207.21,16273,1.346,4.205,5.551
5038216.67,16272,0.097,4.146,4.243
5038243.43,16274,0.116,3.918,4.034
5038257.25,16273,0.076,13.179,13.256
5038257.38,16272,0.934,11.306,12.24
5038258.02,16274,1.092,7.96,9.052
5038268.49,16273,0.069,6.378,6.446
5038290.17,16272,0.081,4.049,4.13
5038298.11,16274,0.065,4.011,4.076
5038333.93,16273,0.1,4.219,4.319
5038342.35,16272,0.069,3.989,4.058
5038351.82,16274,0.064,4.163,4.227
5038362.01,16273,0.073,3.987,4.06
5038401.68,16272,0.092,4.011,4.103
5038434.87,16274,0.1,4.029,4.129
5038452.27,16273,0.073,4.131,4.205
5038460.34,16272,0.111,6.115,6.226
5038472.3,16274,0.064,4.187,4.252
5038475.45,16273,0.069,3.975,4.045
5038514.72,16272,0.069,3.969,4.038
5038530.64,16274,0.085,4.168,4.253
5038539.61,16273,0.085,4.365,4.45
5038553.1,16272,0.08,4.703,4.783
5038558.44,16274,0.092,4.262,4.354
5038567.21,16273,0.071,4.095,4.166
5038594.24,16272,0.09,4.104,4.195
5038645.45,16274,0.083,4.477,4.56
5038649.79,16273,0.078,3.996,4.074
5038699.22,16272,0.177,6.01,6.187
5038718.07,16274,1.581,3.937,5.518
5038835.24,16273,2.132,6.111,8.243
5038863.49,16272,0.126,4.13,4.256
5038867.82,16274,0.072,4.033,4.105
5038872.06,16273,0.102,4.062,4.164
5038883.17,16272,0.09,5.218,5.308
5038891.08,16274,0.1,4.099,4.199
5038919.19,16273,2.126,5.969,8.095
5038985.58,16272,2.109,4.449,6.558
5039006.11,16274,0.113,6.237,6.349
5039100.02,16273,0.139,4.024,4.163
5039108.61,16274,0.117,5.319,5.436
5039109.27,16272,0.125,8.813,8.938
5039112.05,16273,2.045,3.97,6.014
5039208.34,16274,0.114,5.058,5.172
5039222.19,16272,0.086,4.055,4.14
5039231.59,16273,0.083,4.019,4.102
5039241.1,16274,0.081,3.978,4.059
5039245.47,16272,0.178,4.237,4.415
5039281.56,16273,0.08,3.92,4.0
5039295.3,16274,0.06,4.198,4.258
5039312.09,16272,0.105,4.07,4.174
5039318.49,16273,0.076,4.064,4.14
5039322.43,16274,0.179,4.107,4.286
5039379.26,16272,0.075,4.134,4.21
5039418.13,16273,0.074,4.006,4.08
5039435.79,16274,0.079,8.181,8.261
5039435.95,16272,0.054,5.861,5.915
5039437.85,16273,0.057,4.23,4.288
5039445.95,16274,0.096,5.79,5.887
5039450.91,16272,0.046,7.623,7.669
5039468.32,16273,0.078,4.304,4.382
5039480.14,16274,0.898,9.088,9.986
5039480.89,16272,0.081,7.776,7.857
5039532.22,16273,0.092,4.076,4.168
5039578.1,16274,1.471,7.012,8.483
5039582.07,16272,0.081,6.012,6.093
5039618.72,16273,0.082,3.992,4.074
5039653.07,16272,0.065,5.074,5.139
5039653.58,16274,0.08,8.461,8.541
5039666.03,16273,0.064,3.92,3.984
5039670.3,16272,0.086,4.109,4.195
5039692.97,16274,0.08,5.045,5.125
5039705.6,16273,0.071,6.295,6.366
5039741.47,16272,0.176,4.021,4.197
5039753.18,16274,0.059,4.075,4.133
5039776.35,16273,0.073,3.998,4.071
5039793.23,16272,1.918,4.156,6.074
5039807.62,16274,0.105,4.189,4.293
5039852.24,16273,0.96,4.129,5.088
5039865.67,16272,0.086,8.272,8.358
5039865.86,16274,0.047,5.78,5.827
5039950.47,16273,0.153,4.085,4.238
5040073.75,16272,0.179,6.051,6.23
5040185.52,16274,0.171,4.02,4.191
5040243.87,16273,0.133,4.648,4.78
5040338.64,16272,0.132,4.032,4.164
5040357.92,16274,0.102,4.001,4.103
5040365.4,16273,2.561,6.176,8.737
5040385.04,16272,1.602,3.984,5.586
5040398.45,16274,0.102,4.286,4.388
5040411.53,16273,0.091,3.969,4.06
5040428.42,16272,1.153,3.962,5.115
5040452.39,16274,0.106,5.112,5.218
5040456.6,16273,0.204,4.046,4.25
5040463.38,16272,0.064,4.077,4.14
5040480.08,16274,0.078,4.964,5.042
5040527.97,16273,0.084,4.029,4.113
5040555.7,16272,0.079,6.46,6.54
5040594.98,16274,0.081,4.038,4.118
5040631.53,16273,0.087,8.6,8.687
5040633.13,16272,0.127,7.955,8.082
5040639.16,16274,0.089,4.033,4.122
5040646.88,16273,0.058,6.046,6.104
5040659.12,16272,0.054,4.155,4.209
5040663.59,16274,2.163,4.361,6.525
5040667.78,16273,1.235,4.091,5.326
5040712.3,16272,0.083,4.187,4.27
5040718.1,16274,0.289,5.652,5.941
5040720.62,16273,0.054,4.184,4.238
5040734.26,16272,0.073,7.04,7.112
5040751.03,16274,0.072,4.128,4.2
5040778.27,16273,0.069,4.158,4.227
5040822.46,16272,0.103,4.294,4.397
5040831.52,16274,0.087,4.147,4.234
5040842.84,16273,0.085,4.283,4.368
5040854.52,16272,0.071,5.268,5.339
5040865.01,16274,0.15,4.277,4.427
5040958.95,16273,0.147,7.813,7.96
5040969.37,16272,0.107,4.191,4.298
5040988.52,16274,0.106,6.141,6.247
5041014.44,16273,0.111,5.07,5.181
5041046.22,16272,0.082,6.312,6.394
5041058.09,16274,0.068,4.46,4.528
5041069.52,16273,0.099,5.276,5.375
5041132.43,16272,0.08,6.299,6.379
5041143.71,16274,0.101,3.969,4.07
5041183.41,16273,0.074,4.13,4.204
5041198.79,16272,0.079,4.499,4.578
5041216.95,16274,0.089,4.144,4.232
5041235.69,16273,0.072,6.568,6.639
5041237.82,16272,0.101,4.754,4.855
5041263.19,16274,0.073,3.964,4.037
5041269.62,16273,0.065,4.923,4.988
5041273.6,16272,1.656,3.894,5.55
5041321.28,16274,0.12,4.167,4.287
5041370.12,16273,1.529,4.001,5.531
5041475.07,16272,0.129,6.467,6.595
5041523.96,16274,0.093,4.362,4.455
5041540.2,16273,0.129,4.003,4.132
5041574.83,16272,0.111,5.705,5.816
5041578.2,16274,0.07,4.078,4.148
5041610.74,16272,0.132,4.25,4.383
5041689.7,16273,0.129,4.015,4.145
5041718.45,16274,0.103,6.089,6.192
5041741.04,16272,0.133,5.294,5.427
5041803.2,16273,0.101,6.185,6.286
5041806.8,16274,0.148,5.087,5.234
5041834.2,16274,1.618,4.07,5.688
5041836.19,16272,2.042,6.096,8.138
5041838.12,16273,0.827,10.059,10.886
5041903.77,16274,0.136,4.281,4.417
5041926.58,16272,0.293,3.936,4.229
5041954.48,16273,0.135,5.267,5.401
5041964.09,16274,0.081,3.95,4.031
5041977.78,16272,0.082,6.463,6.545
5041985.44,16273,0.088,5.299,5.387
5041998.32,16274,0.074,4.293,4.367
5042077.18,16272,0.149,4.064,4.213
5042092.66,16273,0.161,6.21,6.371
5042110.23,16274,0.091,7.021,7.112
5042115.42,16272,0.094,5.01,5.104
5042142.53,16273,1.837,8.152,9.989
5042171.8,16274,0.106,4.089,4.195
5042179.06,16272,1.519,3.97,5.489
5042202.55,16273,0.091,6.399,6.49
5042217.5,16274,0.086,5.944,6.03
5042226.52,16272,0.091,4.377,4.468
5042228.19,16273,0.056,5.354,5.411
5042245.27,16274,0.08,4.113,4.192
5042317.12,16272,0.313,10.345,10.658
5042335.06,16272,2.037,3.982,6.019
5042335.26,16273,4.061,12.146,16.207
5042335.41,16274,0.057,10.295,10.353
5042344.82,16272,0.063,3.985,4.047
5042347.92,16273,0.053,3.949,4.002
5042359.11,16272,0.051,4.033,4.084
5042368.51,16274,0.051,4.018,4.069
5042527.91,16273,0.117,4.09,4.208
5042541.08,16272,0.787,3.947,4.733
5042557.39,16274,0.09,4.146,4.236
5042608.13,16273,0.089,5.99,6.078
5042639.02,16272,0.101,5.762,5.863
5042643.81,16274,0.098,4.56,4.658
5042645.23,16273,0.061,4.119,4.18
5042708.02,16272,0.127,6.405,6.533
5042710.5,16274,0.1,5.199,5.299
5042736.99,16273,0.101,4.215,4.315
5042777.18,16272,0.105,4.055,4.16
5042785.56,16274,0.123,4.012,4.135
5042837.55,16273,0.98,4.069,5.049
5042878.33,16272,0.143,5.993,6.136
5042899.41,16273,0.06,5.988,6.048
5042904.27,16274,0.078,11.023,11.101
5042905.02,16272,0.115,4.443,4.558
5042917.35,16273,0.161,4.015,4.177
5042928.19,16274,1.599,4.05,5.649
5042934.31,16272,0.753,5.999,6.751
5042936.44,16273,0.057,4.346,4.403
5042980.04,16274,0.188,4.119,4.307
5043003.1,16272,0.121,4.215,4.336
5043032.56,16273,0.103,3.956,4.059
5043047.07,16274,0.09,4.009,4.099
5043050.07,16272,0.083,5.717,5.799
5043052.57,16273,0.055,4.031,4.086
5043107.89,16274,0.161,4.067,4.227
5043119.3,16272,0.136,4.129,4.265
5043180.13,16274,0.064,7.952,8.017
5043180.35,16273,0.135,10.139,10.274
5043185.88,16272,1.692,4.119,5.811
5043189.95,16274,0.062,3.94,4.002
5043210.25,16274,0.123,4.385,4.508
5043225.05,16272,0.098,4.299,4.397
5043273.29,16273,0.119,4.103,4.222
5043285.4,16274,0.498,4.234,4.731
5043301.2,16272,0.101,4.213,4.314
5043305.25,16273,0.073,4.306,4.379
5043317.48,16272,0.079,4.348,4.428
5043325.4,16274,0.063,5.241,5.304
5043329.84,16273,0.151,4.098,4.249
5043353.05,16272,0.09,6.194,6.284
5043362.34,16274,0.078,4.115,4.192
5043437.37,16273,0.197,4.138,4.335
5043458.56,16272,0.101,5.056,5.156
5043459.84,16274,0.067,4.179,4.246
5043518.83,16273,0.104,4.41,4.514
5043568.11,16272,0.104,6.048,6.152
5043592.86,16274,0.081,4.064,4.145
5043618.04,16273,0.09,6.294,6.384
5043656.96,16272,0.147,4.045,4.192
5043659.05,16274,0.066,4.044,4.11
5043664.04,16273,0.06,4.18,4.239
5043669.23,16272,2.144,5.046,7.19
5043690.71,16274,0.058,4.074,4.132
5043726.11,16273,0.081,3.986,4.067
5043741.38,16272,0.152,4.12,4.272
5043743.8,16274,0.082,4.244,4.326
5043758.61,16273,0.081,4.147,4.228
5043762.25,16272,0.054,4.052,4.106
5043778.13,16273,0.072,6.004,6.076
5043791.16,16274,0.064,4.056,4.12
5043828.57,16272,0.117,4.013,4.13
5043843.15,16273,2.213,4.027,6.24
5043856.41,16274,0.074,3.987,4.061
5043867.08,16272,0.062,4.126,4.188
5043909.72,16273,0.086,4.032,4.118
5043914.06,16274,0.07,4.026,4.096
5043936.89,16272,0.109,4.18,4.289
5043958.96,16273,0.104,4.263,4.366
5043979.31,16274,0.104,4.459,4.562
5044079.59,16272,0.101,5.212,5.313
5044104.67,16273,0.082,4.343,4.425
5044151.08,16274,0.129,4.218,4.347
5044215.9,16272,0.101,4.363,4.464
5044270.55,16273,0.097,4.289,4.387
5044289.71,16274,0.082,4.281,4.364
5044366.24,16272,0.089,4.097,4.185
5044412.68,16273,0.082,4.119,4.201
5044427.68,16274,0.132,4.018,4.15
5044443.11,16272,0.067,3.999,4.065
5044519.34,16273,0.08,4.062,4.142
5044599.71,16274,0.111,4.176,4.286
5044720.22,16272,2.089,4.063,6.152
5044822.99,16273,0.133,4.948,5.081
5044953.22,16274,0.162,4.079,4.241
5044970.04,16272,0.172,4.01,4.181
5044985.12,16273,0.16,4.372,4.532
5045006.56,16274,0.099,4.05,4.148
5045036.1,16272,0.087,4.082,4.169
5045178.26,16273,0.134,4.18,4.313
5045412.85,16274,0.251,5.722,5.973
5045419.26,16272,1.08,4.131,5.21
5045436.3,16273,0.092,4.156,4.248
5045449.18,16274,1.059,4.106,5.165
5045547.13,16272,0.117,4.09,4.207
5045658.14,16273,0.127,4.175,4.301
5045734.85,16274,0.11,4.278,4.388
5045849.3,16272,0.155,4.065,4.221
5046294.45,16273,0.157,4.212,4.37
5046360.61,16274,0.153,4.078,4.232
5046381.85,16272,0.117,4.447,4.564
5046432.05,16273,0.13,4.104,4.235
5046476.29,16274,2.274,3.973,6.247
5046483.32,16272,1.663,5.227,6.891
5046537.21,16273,0.095,6.47,6.564
5046622.02,16274,0.106,4.566,4.672
5046856.88,16272,0.182,5.045,5.227
5046887.56,16273,0.104,3.992,4.096
5047026.56,16274,2.106,6.365,8.471
5047048.81,16272,0.116,4.177,4.292
5047064.85,16273,0.097,4.039,4.137
5047078.2,16274,0.082,5.955,6.037
5047132.51,16272,0.089,4.162,4.251
5047337.83,16273,1.041,5.925,6.966
5047358.11,16274,1.011,6.014,7.025
5047493.11,16272,0.52,5.933,6.454
5047624.29,16273,0.132,3.981,4.113
5047682.52,16274,0.133,4.298,4.431
5047705.63,16272,0.095,5.079,5.174
5047846.36,16273,0.108,4.17,4.278
5047848.27,16274,0.059,4.123,4.182
5047865.26,16272,0.095,4.0,4.095
5047887.98,16273,1.432,3.897,5.329
5047907.23,16274,0.132,4.202,4.334
5047964.89,16272,0.149,4.129,4.279
5048010.63,16273,0.164,4.384,4.549
5048022.26,16274,0.092,4.222,4.315
5048058.46,16272,0.103,4.025,4.128
5048069.54,16273,0.099,4.798,4.897
5048087.26,16274,1.601,6.115,7.716
5048096.4,16272,0.104,5.009,5.113
5048142.34,16273,0.679,4.016,4.695
5048154.49,16274,0.071,6.898,6.969
5048155.81,16272,0.067,5.205,5.272
5048171.78,16273,0.081,4.036,4.117
5048187.36,16274,0.072,4.239,4.311
5048205.54,16272,0.091,4.4,4.491
5048249.3,16273,0.069,4.18,4.25
5048257.12,16274,0.112,6.058,6.17
5048262.35,16272,0.066,4.974,5.04
5048286.98,16273,0.085,3.933,4.019
5048293.1,16274,0.08,3.974,4.054
5048299.17,16272,0.061,4.952,5.013
5048305.96,16273,0.075,4.074,4.149
5048310.79,16274,0.09,4.092,4.181
5048370.11,16272,0.099,7.024,7.123
5048409.51,16273,0.094,4.113,4.207
5048414.49,16274,0.076,4.103,4.179
5048421.36,16272,0.088,3.974,4.062
5048440.08,16273,0.725,5.971,6.697
5048508.19,16274,0.108,4.206,4.314
5048509.02,16272,0.065,4.0,4.065
5048525.72,16273,0.083,3.988,4.071
5048551.1,16274,0.081,4.131,4.212
5048591.19,16272,0.092,4.049,4.141
5048599.28,16273,0.065,7.81,7.875
5048599.63,16274,1.063,6.565,7.628
5048612.23,16272,0.073,4.225,4.299
5048621.62,16273,0.076,5.179,5.255
5048644.08,16274,3.022,6.021,9.043
5048649.1,16272,0.078,3.977,4.055
5048670.55,16274,0.082,4.055,4.137
5048671.14,16273,0.136,4.912,5.048
5048685.51,16272,0.122,4.234,4.357
5048710.1,16274,1.929,7.004,8.933
5048738.39,16273,0.138,4.187,4.324
5048752.82,16272,0.089,4.054,4.143
5048799.38,16274,0.105,5.033,5.138
5048820.68,16273,0.7,6.495,7.195
5048822.61,16272,0.054,4.921,4.975
5048850.2,16274,0.081,4.073,4.154
5048860.33,16273,1.649,8.265,9.914
5048864.5,16272,1.387,4.078,5.465
5048866.04,16274,2.826,3.965,6.792
5048932.66,16273,0.362,5.232,5.594
5048958.21,16272,0.319,7.701,8.02
5048967.54,16274,0.094,4.373,4.466
5049001.57,16273,0.247,4.055,4.301
5049025.2,16272,0.095,4.023,4.118
5049037.8,16274,0.088,3.983,4.071
5049085.78,16273,0.194,4.111,4.305
5049161.19,16272,0.091,4.005,4.097
5049172.3,16274,0.093,4.313,4.406
5049179.6,16273,0.109,7.056,7.165
5049181.71,16272,1.889,4.656,6.545
5049212.15,16274,0.072,8.034,8.107
5049227.18,16273,1.03,8.087,9.118
5049229.27,16272,1.02,4.212,5.231
5049266.76,16274,0.093,4.092,4.185
5049347.2,16273,1.783,4.033,5.816
5049596.28,16272,0.174,4.16,4.334
5049685.25,16274,0.136,4.037,4.173
5049722.18,16273,1.82,6.064,7.884
5049819.78,16272,0.629,6.079,6.708
5049857.81,16274,0.128,4.109,4.237
5049901.39,16273,1.04,6.268,7.309
5050089.25,16272,0.163,4.0,4.163
5050133.5,16274,0.109,4.014,4.123
5050344.29,16273,0.121,4.09,4.212
5050487.22,16272,2.04,4.1,6.14
5050512.1,16274,0.108,3.933,4.041
5050546.39,16273,0.108,8.068,8.175
5050646.81,16272,0.151,4.059,4.209
5050886.24,16274,0.282,7.481,7.763
5050926.87,16273,0.178,5.243,5.421
5050938.96,16272,1.073,4.292,5.365
5050960.65,16274,0.107,3.975,4.082
5051204.2,16273,1.921,6.01,7.931
5051211.12,16272,0.112,6.332,6.444
5051227.99,16274,0.227,4.015,4.242
5051320.6,16273,0.203,4.101,4.304
5051417.29,16272,0.163,4.046,4.209
5051593.38,16274,1.676,4.253,5.929
5051600.13,16273,1.061,4.021,5.082
5051623.87,16272,0.108,4.162,4.27
5051644.14,16274,0.12,4.046,4.166
5051650.82,16273,0.076,6.061,6.137
5051677.82,16272,0.109,4.033,4.142
5051685.96,16274,0.091,4.063,4.154
5051702.19,16273,0.116,4.325,4.441
5051731.58,16272,0.086,4.382,4.468
5051775.13,16274,2.311,4.003,6.314
5051807.14,16273,0.113,4.07,4.183
5051834.27,16272,0.113,6.046,6.158
5051841.43,16274,1.032,4.354,5.386
5051889.39,16273,0.092,5.366,5.458
5051901.06,16272,1.954,3.924,5.878
5051915.94,16274,0.143,4.03,4.173
5051938.79,16273,0.128,4.286,4.414
5051962.44,16272,0.207,4.156,4.364
5051990.59,16274,0.174,4.085,4.258
5051994.96,16273,1.168,4.123,5.291
5052019.23,16272,0.09,4.079,4.169
5052047.43,16274,0.098,4.06,4.158
5052060.74,16273,0.077,4.106,4.183
5052083.05,16272,1.055,5.945,6.999
5052125.95,16274,0.096,4.09,4.186
5052143.12,16273,0.645,4.299,4.944
5052154.21,16272,0.093,7.825,7.918
5052155.22,16274,0.397,7.13,7.527
5052202.91,16273,0.192,4.101,4.293
5052217.32,16272,0.129,5.983,6.112
5052260.14,16274,1.003,4.067,5.069
5052267.39,16273,0.115,3.986,4.101
5052278.24,16272,0.073,3.983,4.056
5052294.62,16274,0.063,3.987,4.05
5052330.17,16273,0.074,4.045,4.119
5052369.84,16272,0.083,4.612,4.695
5052388.77,16274,0.087,3.983,4.07
5052443.55,16273,0.328,6.066,6.394
5052484.38,16272,0.094,4.125,4.218
5052514.84,16274,0.089,4.69,4.779
5052536.61,16273,0.072,4.018,4.09
5052541.49,16272,0.072,4.018,4.09
5052553.33,16274,0.126,8.274,8.4
5052553.37,16273,0.065,5.003,5.069
5052559.26,16272,0.06,5.049,5.108
5052611.9,16274,0.086,6.022,6.107
5052620.04,16273,0.645,5.971,6.616
5052641.14,16272,0.137,3.994,4.131
5052672.1,16274,0.085,3.97,4.055
5052695.28,16273,0.094,4.025,4.119
5052728.2,16272,0.102,6.053,6.154
5052750.58,16274,0.059,4.184,4.243
5052862.95,16273,0.131,5.103,5.234
5052876.9,16272,0.096,6.41,6.506
5052879.05,16274,1.88,5.088,6.967
5052964.26,16273,0.171,7.005,7.175
5052966.77,16272,1.113,4.673,5.787
5052971.87,16273,0.136,3.99,4.126
5052997.4,16274,0.796,4.303,5.099
5053036.4,16272,0.109,4.228,4.338
5053083.65,16273,0.094,11.81,11.903
5053083.77,16274,2.089,3.925,6.014
5053084.24,16272,1.742,6.164,7.907
5053112.22,16273,0.083,6.084,6.167
5053141.33,16274,0.13,4.234,4.364
5053147.2,16272,0.922,6.109,7.031
5053166.95,16273,0.078,4.08,4.158
5053172.98,16274,0.105,4.056,4.161
5053222.63,16272,0.094,4.906,5.0
5053223.76,16273,0.098,4.04,4.137
5053245.19,16274,1.669,4.062,5.731
5053251.14,16272,0.089,4.16,4.249
5053281.64,16273,0.106,6.561,6.667
5053285.81,16274,0.064,3.996,4.06
5053320.09,16272,0.833,6.01,6.843
5053370.02,16273,3.112,6.889,10.001
5053406.13,16274,0.082,6.003,6.084
5053456.05,16273,0.08,4.029,4.109
5053456.43,16272,2.493,6.18,8.674
5053467.43,16274,0.071,4.306,4.378
5053474.22,16273,0.072,5.091,5.163
5053492.88,16272,0.07,3.988,4.058
5053509.1,16274,0.061,4.002,4.063
5053524.54,16273,0.072,4.315,4.387
5053554.08,16272,1.322,3.985,5.306
5053587.72,16274,2.068,5.6,7.668
5053609.59,16273,0.078,3.985,4.063
5053621.2,16272,0.743,6.124,6.868
5053643.43,16274,0.191,6.182,6.373
5053648.13,16273,0.083,6.003,6.085
5053653.86,16272,0.09,4.018,4.109
5053663.12,16274,0.069,4.047,4.115
5053671.13,16273,0.067,6.024,6.091
5053743.04,16272,0.109,3.999,4.107
5053761.12,16274,0.075,4.0,4.076
5053762.44,16273,0.054,5.202,5.256
5053800.16,16272,0.106,4.077,4.184
5053848.18,16274,0.099,4.025,4.124
5053852.66,16273,0.104,5.131,5.235
5053868.13,16272,0.073,7.015,7.087
5053871.64,16274,0.051,6.189,6.24
5053923.71,16273,0.158,3.978,4.136
5054015.21,16272,0.172,6.073,6.245
5054112.38,16274,2.204,6.213,8.417
5054116.96,16273,0.08,3.999,4.079
5054168.37,16272,0.19,4.281,4.472
5054356.28,16274,0.163,4.025,4.189
5054385.67,16273,0.12,4.171,4.29
5054483.32,16272,0.195,6.134,6.329
5054565.22,16274,0.133,4.014,4.147
5054620.47,16273,0.104,3.991,4.095
5054655.12,16272,0.093,5.979,6.072
5054664.19,16274,0.073,4.06,4.133
5054844.46,16273,0.114,4.0,4.113
5054985.19,16272,0.181,4.028,4.21
5055197.66,16274,0.13,7.742,7.871
5055207.76,16273,0.096,5.918,6.014
5055274.13,16272,0.112,3.946,4.058
5055293.15,16274,0.124,4.052,4.175
5055385.18,16273,0.12,4.03,4.15
5055405.13,16272,2.035,6.017,8.051
5055498.95,16274,0.11,4.327,4.437
5055550.34,16273,0.1,3.982,4.082
5055554.42,16272,0.068,3.885,3.953
5055664.48,16274,0.118,3.974,4.092
5055695.92,16273,0.12,4.054,4.174
5055724.95,16272,0.136,5.033,5.169
5055732.38,16274,0.084,4.047,4.131
5055780.98,16273,0.125,4.15,4.275
5055803.44,16274,0.053,4.177,4.229
5055804.48,16272,0.111,6.013,6.124
5055990.21,16273,1.163,4.344,5.507
5056269.6,16274,0.251,3.964,4.215
5056302.58,16272,0.111,5.957,6.069
5056403.15,16273,0.126,5.044,5.17
5056408.06,16274,3.003,4.005,7.008
5056431.68,16272,0.184,4.106,4.29
5056448.08,16273,2.48,3.943,6.423
5056457.13,16274,0.077,5.017,5.094
5056492.14,16272,1.025,6.067,7.092
5056496.84,16273,0.057,3.958,4.015
5056516.13,16274,0.075,4.046,4.121
5056556.26,16272,0.12,3.96,4.08
5056576.67,16273,0.09,5.526,5.615
5056580.81,16274,0.064,4.005,4.069
5056590.47,16272,0.065,5.571,5.636
5056591.74,16273,0.078,4.065,4.143
5056641.96,16274,0.162,6.222,6.384
5056646.45,16272,0.055,7.069,7.124
5056651.45,16273,0.078,5.109,5.187
5056662.55,16272,0.081,3.972,4.053
5056717.13,16274,0.083,5.992,6.075
5056748.91,16273,0.091,4.093,4.184
5056767.07,16272,0.131,4.049,4.18
5056783.71,16274,0.069,4.068,4.137
5056809.26,16273,0.071,6.123,6.194
5056827.15,16272,0.063,6.071,6.134
5056850.81,16274,0.068,4.311,4.379
5056864.09,16273,0.063,3.985,4.048
5056879.11,16272,0.089,3.963,4.052
5056921.27,16274,0.186,4.058,4.244
5056935.73,16273,0.12,3.921,4.041
5056958.88,16272,0.128,4.05,4.179
5057033.09,16274,0.19,4.033,4.223
5057039.24,16273,0.091,4.097,4.187
5057064.18,16274,0.056,4.079,4.135
5057064.29,16272,1.384,8.159,9.543
5057095.17,16273,0.072,7.274,7.346
5057096.37,16274,1.007,4.225,5.232
5057107.41,16272,0.11,4.002,4.112
5057135.22,16273,0.08,8.144,8.225
5057142.89,16274,0.123,5.13,5.254
5057184.43,16272,0.111,7.032,7.144
5057202.77,16273,0.178,5.572,5.75
5057223.46,16274,2.361,6.37,8.731
5057225.43,16272,0.087,4.278,4.365
5057255.08,16274,2.904,5.998,8.902
5057255.13,16273,1.54,7.94,9.48
5057280.7,16272,0.071,4.008,4.079
5057285.09,16274,0.091,3.959,4.05
5057350.12,16273,0.08,4.19,4.27
5057352.85,16272,0.068,3.986,4.054
5057417.68,16273,0.058,4.973,5.031
5057418.09,16274,0.109,8.154,8.264
5057453.92,16272,0.095,4.196,4.29
5057481.12,16273,0.086,4.036,4.122
5057485.69,16274,0.057,4.193,4.25
5057508.93,16272,0.083,4.028,4.11
5057513.18,16273,0.06,3.986,4.046
5057539.29,16274,0.078,6.166,6.244
5057573.04,16272,0.079,4.038,4.117
5057621.1,16273,0.077,3.912,3.989
5057637.13,16274,0.073,4.243,4.316
5057673.6,16272,0.096,4.055,4.152
5057723.04,16273,0.923,3.952,4.876
5057736.31,16274,0.073,4.091,4.164
5057743.6,16272,0.071,3.939,4.01
5057762.69,16273,0.08,4.021,4.101
5057792.68,16274,0.183,6.291,6.474
5057794.8,16272,0.081,4.788,4.869
5057838.57,16273,0.079,5.983,6.062
5057874.65,16274,0.082,4.084,4.166
5057891.9,16272,0.072,3.992,4.064
5057904.5,16273,0.118,5.978,6.096
5057908.76,16274,0.103,6.675,6.778
5057910.89,16272,0.097,5.067,5.164
5057928.09,16273,0.099,5.933,6.032
5058003.69,16274,0.142,4.476,4.619
5058009.53,16272,0.102,4.067,4.168
5058024.23,16273,0.096,5.13,5.226
5058033.49,16274,0.094,4.024,4.118
5058062.76,16272,0.087,4.031,4.118
5058100.04,16273,0.115,3.949,4.064
5058137.3,16274,2.353,4.164,6.518
5058144.13,16272,0.061,4.027,4.089
5058155.06,16273,0.066,4.953,5.019
5058211.22,16274,0.124,4.187,4.31
5058245.63,16272,0.169,5.18,5.349
5058254.52,16273,0.075,4.382,4.457
5058276.98,16274,0.091,5.13,5.222
5058283.2,16272,1.258,4.882,6.14
5058284.17,16273,0.071,4.298,4.369
5058320.6,16274,0.089,6.031,6.12
5058394.51,16272,0.121,4.21,4.331
5058426.27,16273,2.014,4.172,6.186
5058437.06,16274,0.068,3.968,4.036
5058458.05,16272,0.075,3.931,4.006
5058518.06,16273,0.117,4.134,4.25
5058523.26,16274,0.081,4.127,4.208
5058539.76,16272,0.084,4.013,4.097
5058556.04,16273,2.018,3.963,5.981
5058565.11,16274,1.466,4.029,5.495
5058593.07,16272,0.072,4.045,4.117
5058598.53,16273,3.166,4.427,7.594
5058655.92,16274,0.105,3.974,4.079
5058657.23,16272,0.451,4.054,4.504
5058682.04,16273,0.087,4.061,4.148
5058718.9,16274,0.087,5.991,6.078
5058730.94,16272,0.069,4.09,4.159
5058765.43,16273,0.082,3.991,4.073
5058936.18,16274,0.236,3.981,4.217
5058939.75,16272,0.084,7.207,7.291
5059009.68,16273,0.13,4.099,4.229
5059173.92,16274,0.149,5.536,5.685
5059397.19,16272,0.171,4.077,4.248
5059404.05,16273,0.087,3.897,3.983
5059447.16,16274,1.143,4.062,5.204
5059541.98,16272,0.11,6.067,6.177
5059604.2,16273,0.14,5.997,6.137
5059639.17,16274,1.337,4.042,5.379
5059655.39,16272,0.101,3.924,4.026
5059701.55,16273,0.096,5.044,5.139
5059707.91,16274,0.12,4.06,4.179
5059724.95,16272,0.111,3.934,4.045
5059779.25,16273,0.218,4.993,5.211
5059860.91,16274,0.101,4.033,4.134
5059867.79,16272,0.061,4.041,4.101
5059923.49,16273,0.132,4.012,4.143
5059929.22,16274,0.083,5.535,5.618
5060039.27,16272,0.164,6.114,6.278
5060121.54,16273,0.177,6.317,6.494
5060146.78,16274,0.12,4.05,4.17
5060193.91,16272,0.189,6.194,6.384
5060308.47,16273,0.177,6.715,6.892
5060574.36,16274,0.16,4.12,4.28
5060832.38,16272,0.13,4.033,4.163
5060854.09,16273,0.097,7.225,7.322
5060856.38,16274,0.195,4.28,4.475
5060971.93,16272,0.161,8.621,8.782
5060972.27,16273,0.098,4.1,4.199
5061072.61,16274,0.169,4.087,4.256
5061365.77,16272,0.149,3.999,4.148
5061451.49,16273,0.126,4.084,4.21
5061457.24,16274,0.074,5.995,6.069
5061513.91,16273,0.108,3.966,4.075
5061591.92,16272,0.104,7.963,8.067
5061592.19,16274,0.061,5.988,6.048
5061732.62,16273,0.185,3.922,4.107
5061783.57,16274,0.132,4.216,4.348
5061806.76,16272,0.083,6.001,6.084
5061843.14,16273,0.125,3.984,4.108
5061873.21,16274,0.132,4.061,4.193
5062050.67,16272,0.163,4.981,5.144
5062118.25,16273,0.124,6.053,6.177
5062201.67,16274,0.114,6.274,6.388
5062235.4,16272,0.093,4.25,4.343
5062256.71,16273,0.078,4.284,4.361
5062292.06,16274,0.215,4.11,4.325
5062454.3,16272,0.145,3.937,4.082
5062463.29,16273,0.089,4.153,4.242
5062486.08,16274,2.193,4.019,6.212
5062510.14,16272,1.961,4.024,5.985
5062555.57,16273,0.115,4.717,4.832
5062590.31,16274,1.924,4.229,6.153
5062627.25,16272,0.118,4.123,4.242
5062678.17,16273,0.081,4.043,4.124
5062792.52,16274,0.092,4.223,4.315
5062855.97,16272,0.1,4.107,4.207
5062971.32,16273,0.151,5.078,5.229
5063160.79,16274,0.141,4.249,4.389
5063214.39,16272,0.122,4.202,4.324
5063304.14,16274,0.074,4.005,4.078
5063305.83,16273,0.203,6.904,7.106
5063326.09,16272,0.099,4.096,4.195
5063428.21,16274,0.097,4.05,4.148
5063486.33,16273,0.176,3.981,4.157
5063586.25,16272,0.137,4.042,4.179
5063598.5,16274,0.124,3.958,4.082
5063650.09,16273,5.031,4.003,9.034
5063654.24,16272,0.084,4.103,4.187
5063672.99,16273,0.078,5.155,5.233
5063697.07,16274,0.077,3.941,4.018
5063799.78,16272,0.121,4.074,4.195
5063867.53,16273,0.101,4.21,4.311
5064001.13,16274,0.15,4.173,4.323
5064231.06,16272,0.224,3.915,4.139
5064260.66,16273,0.125,4.191,4.317
5064332.05,16274,0.179,6.066,6.245
5064374.56,16272,0.142,6.028,6.17
5064390.3,16273,0.106,4.129,4.235
5064545.72,16274,0.163,6.186,6.349
5064581.74,16272,0.114,4.004,4.117
5064610.12,16273,0.104,4.069,4.173
5064879.4,16274,0.732,5.121,5.853
5064882.1,16272,0.122,5.931,6.053
5064926.56,16273,0.273,4.19,4.462
5064961.4,16274,0.12,8.029,8.149
5065005.75,16272,0.143,4.169,4.312
5065024.37,16273,0.164,4.128,4.292
5065047.1,16274,1.034,4.014,5.048
5065072.58,16272,0.091,3.886,3.977
5065188.63,16273,0.192,6.013,6.205
5065238.35,16274,0.115,3.884,3.999
5065366.62,16272,0.145,6.402,6.547
5065575.12,16273,0.183,5.02,5.203
5065578.03,16274,0.133,6.051,6.184
5065599.61,16272,0.115,4.214,4.329
5065610.41,16273,0.094,5.085,5.18
5065617.15,16274,1.08,4.037,5.117
5065733.33,16272,0.113,6.092,6.205
5065739.58,16273,0.077,5.939,6.016
5065758.89,16274,0.072,4.392,4.464
5065772.11,16272,0.076,4.066,4.142
5065777.54,16273,0.068,4.001,4.068
5065808.89,16274,0.08,4.028,4.108
5065851.19,16272,0.072,4.066,4.138
5065878.14,16273,5.132,6.044,11.177
5065881.92,16274,0.103,8.281,8.384
5065882.33,16272,0.08,6.06,6.14
5065888.59,16273,0.081,6.081,6.162
5065920.27,16274,1.009,4.069,5.078
5065924.57,16272,0.081,4.078,4.159
5065941.29,16273,0.101,4.133,4.235
5065990.82,16274,0.144,4.16,4.304
5066009.22,16272,0.119,4.034,4.153
5066022.98,16273,0.082,4.03,4.112
5066032.14,16274,0.904,8.029,8.933
5066032.29,16272,2.689,6.217,8.906
5066036.55,16273,0.055,4.132,4.187
5066109.47,16274,0.09,4.15,4.24
5066132.4,16272,2.059,4.29,6.349
5066154.77,16273,2.086,5.617,7.703
5066207.47,16274,0.149,8.202,8.351
5066238.89,16272,0.142,6.075,6.217
5066251.27,16273,0.119,10.079,10.197
5066251.74,16274,0.146,8.549,8.695
5066274.31,16272,0.136,6.16,6.296
5066343.48,16273,0.133,5.252,5.385
5066395.76,16274,0.169,11.045,11.213
5066400.22,16272,0.122,12.299,12.421
5066405.13,16273,0.16,6.978,7.138
5066447.0,16274,0.127,4.655,4.782
5066473.98,16272,0.133,4.065,4.198
5066482.88,16273,0.151,6.063,6.215
5066521.07,16274,4.034,7.981,12.015
5066525.27,16272,4.8,8.181,12.981
5066661.2,16273,0.122,5.068,5.191
5066672.11,16274,0.203,4.077,4.279
5066694.45,16272,0.079,8.316,8.395
5066696.63,16273,4.439,4.14,8.579
5066701.76,16274,0.763,7.176,7.939
5066714.54,16272,0.071,7.427,7.498
5066718.79,16273,0.062,4.088,4.151
5066732.16,16274,0.059,6.066,6.124
5066817.44,16272,0.085,6.298,6.383
5066826.82,16273,0.075,3.982,4.057
5066862.25,16274,0.085,4.407,4.492
5066866.85,16272,0.09,3.947,4.037
5066892.16,16273,0.107,4.462,4.57
5066908.21,16274,0.099,6.738,6.837
5066965.96,16272,0.143,4.013,4.155
5066984.11,16273,0.113,3.938,4.051
5067015.87,16274,0.16,3.921,4.08
5067024.74,16272,0.141,7.596,7.737
5067025.56,16273,0.074,5.923,5.997
5067073.13,16274,4.03,6.039,10.069
5067096.86,16273,0.086,4.104,4.19
5067141.65,16272,0.083,5.36,5.443
5067172.04,16274,0.094,4.002,4.096
5067264.87,16273,0.167,4.148,4.314
5067281.62,16272,0.124,4.024,4.149
5067320.69,16274,0.636,3.985,4.621
5067338.53,16273,0.136,4.152,4.288
5067382.95,16272,0.097,4.039,4.136
5067391.36,16274,0.084,3.988,4.072
5067416.47,16273,0.083,4.055,4.139
5067461.2,16272,0.089,4.048,4.137
5067650.22,16274,0.169,3.988,4.157
5067693.73,16273,0.121,5.081,5.202
5067705.89,16272,0.082,7.453,7.535
5067746.58,16274,0.097,4.116,4.213
5067755.63,16273,0.116,4.002,4.118
5067779.56,16272,0.068,6.152,6.219
5067809.89,16274,0.082,4.094,4.176
5067960.76,16273,0.135,4.073,4.209
5068022.27,16272,0.115,4.078,4.193
5068084.52,16274,0.103,5.024,5.127
5068118.35,16273,0.19,4.188,4.377
5068124.37,16272,0.065,6.251,6.316
5068204.13,16273,0.156,4.271,4.427
5068246.48,16274,0.119,4.4,4.519
5068254.75,16272,0.095,6.59,6.685
5068286.99,16273,0.12,6.54,6.66
5068332.66,16274,0.209,4.171,4.38
5068342.04,16272,0.111,4.93,5.041
5068377.26,16273,0.15,6.028,6.178
5068420.14,16274,0.195,4.043,4.239
5068514.08,16272,2.053,3.938,5.991
5068627.84,16273,0.151,4.06,4.211
5068736.63,16274,0.151,3.992,4.143
5068754.47,16272,0.125,4.056,4.182
5068992.11,16273,0.221,4.985,5.205
5069001.39,16274,0.083,6.253,6.336
5069071.05,16272,0.151,5.029,5.18
5069077.27,16273,0.11,5.981,6.091
5069101.13,16274,0.109,4.228,4.337
5069273.35,16272,2.115,6.152,8.267
5069414.44,16273,0.166,5.0,5.166
5069570.35,16274,0.148,4.021,4.169
5069584.91,16272,0.109,6.042,6.151
5069678.61,16273,0.244,8.573,8.817
5069679.08,16274,0.153,7.699,7.852
5069684.64,16272,0.087,6.626,6.713
5069776.29,16273,0.185,5.022,5.207
5069877.29,16274,0.939,6.174,7.113
5069947.94,16272,0.873,4.97,5.842
5069985.34,16273,0.206,4.026,4.233
5070001.18,16274,0.11,4.096,4.206
5070012.06,16272,1.631,3.969,5.6
5070088.58,16273,0.474,4.858,5.332
5070163.19,16274,1.023,4.03,5.053
5070296.73,16272,1.289,3.995,5.284
5070341.88,16272,1.052,6.752,7.803
5070356.35,16273,0.062,5.04,5.102
5070356.66,16274,0.152,8.195,8.347
5070364.02,16272,0.071,5.088,5.158
5070452.7,16273,0.138,4.135,4.273
5070467.85,16274,0.099,4.127,4.226
5070517.61,16272,0.098,4.453,4.551
5070582.09,16273,0.093,7.823,7.916
5070582.73,16274,0.089,5.173,5.262
5070587.62,16272,0.069,4.099,4.168
5070615.06,16273,0.086,4.924,5.009
5070626.86,16274,0.168,4.07,4.238
5070640.32,16272,0.075,4.028,4.103
5070657.43,16273,0.101,4.134,4.234
5070667.41,16274,0.127,6.161,6.288
5070688.77,16272,0.073,9.012,9.085
5070689.5,16273,0.054,7.39,7.444
5070692.87,16274,0.107,3.927,4.034
5070724.54,16273,0.087,4.096,4.183
5070756.09,16272,0.156,4.144,4.3
5070792.15,16274,0.086,6.023,6.109
5070805.12,16273,0.067,9.016,9.083
5070807.04,16272,0.686,8.979,9.665
5070828.81,16274,0.084,3.962,4.045
5070833.2,16273,0.062,4.153,4.215
5070841.93,16272,0.061,4.142,4.203
5070859.02,16274,0.077,6.038,6.116
5070893.27,16273,0.098,8.115,8.213
5070912.13,16272,0.082,4.991,5.074
5070934.28,16274,0.173,6.07,6.243
5070938.24,16273,0.117,4.061,4.178
5070944.48,16272,0.339,6.099,6.438
5070967.89,16274,0.178,4.148,4.326
5070978.03,16273,0.122,4.106,4.228
5070996.51,16272,0.155,6.179,6.334
5071002.65,16274,1.305,6.025,7.331
5071027.08,16273,0.087,3.954,4.041
5071033.38,16272,0.08,6.115,6.195
5071048.88,16274,0.069,3.947,4.016
5071098.83,16273,0.083,4.019,4.102
5071111.17,16272,1.734,5.028,6.762
5071137.73,16274,0.069,4.088,4.156
5071161.78,16273,0.089,3.999,4.088
5071168.12,16272,2.072,4.047,6.119
5071224.88,16274,0.104,6.323,6.427
5071225.51,16273,0.08,4.047,4.127
5071231.86,16272,0.1,4.102,4.202
5071279.1,16274,0.117,3.93,4.047
5071295.01,16273,0.105,4.036,4.141
5071300.65,16272,0.082,4.092,4.174
5071343.64,16274,0.096,6.085,6.18
5071369.91,16273,0.089,6.654,6.743
5071388.25,16272,0.101,5.001,5.102
5071395.49,16274,0.067,4.957,5.025
5071415.56,16273,0.122,4.096,4.218
5071434.72,16272,0.07,4.152,4.222
5071460.4,16274,0.09,3.994,4.084
5071549.53,16273,0.112,5.155,5.267
5071562.24,16274,0.058,6.127,6.185
5071565.12,16272,0.092,11.112,11.204
5071606.33,16273,0.08,5.021,5.101
5071610.73,16274,0.068,4.188,4.256
5071673.06,16272,0.093,6.266,6.359
5071679.67,16273,1.926,8.046,9.972
5071784.29,16272,0.237,4.072,4.309
5071812.77,16274,0.11,4.013,4.123
5071818.06,16273,0.093,4.969,5.062
5071823.94,16272,0.06,3.951,4.011
5071831.18,16274,0.056,4.082,4.139
5071865.52,16273,1.098,5.437,6.535
5071873.18,16272,0.074,3.996,4.07
5071885.28,16274,0.069,3.973,4.042
5071893.91,16273,0.091,4.067,4.159
5071899.84,16272,0.102,5.613,5.715
5071900.88,16274,0.097,4.094,4.192
5071908.85,16273,0.063,4.633,4.696
5071916.28,16272,0.077,6.006,6.083
5071919.06,16274,0.063,4.089,4.152
5071924.3,16272,0.056,5.002,5.058
5071949.34,16273,0.209,4.105,4.314
5071969.26,16274,0.1,6.098,6.199
5071976.5,16272,0.133,4.018,4.152
5071994.78,16273,0.116,4.106,4.222
5072000.72,16274,0.092,4.052,4.143
5072066.1,16272,4.412,4.008,8.42
5072117.26,16273,0.107,4.132,4.238
5072207.16,16274,0.109,3.985,4.094
5072219.28,16272,0.096,6.112,6.207
5072236.24,16273,0.074,4.012,4.086
5072247.51,16274,0.122,6.361,6.482
5072282.92,16272,2.781,3.844,6.625
5072355.26,16273,0.086,4.011,4.097
5072387.03,16274,0.074,3.908,3.982
5072430.71,16272,0.122,4.12,4.243
5072431.53,16273,0.088,4.116,4.204
5072478.7,16274,0.092,4.035,4.127
5072648.93,16272,0.155,4.042,4.197
5072766.35,16273,0.141,8.133,8.275
5072802.05,16274,0.098,4.033,4.131
5072967.18,16272,0.138,5.506,5.644
5072987.75,16273,0.125,4.271,4.396
5073023.51,16274,0.199,12.219,12.417
5073029.54,16272,1.581,4.256,5.837
5073042.95,16273,0.106,4.183,4.289
5073086.15,16274,0.098,4.142,4.24
5073123.14,16272,2.067,3.999,6.066
5073170.9,16273,0.087,4.046,4.133
5073187.12,16274,1.588,4.013,5.601
5073208.36,16272,6.056,6.245,12.301
5073220.06,16273,0.073,4.101,4.175
5073276.25,16274,0.145,4.087,4.232
5073370.27,16272,0.161,5.043,5.204
5073373.4,16273,0.072,4.172,4.245
5073399.63,16272,0.15,5.264,5.414
5073420.25,16274,1.163,4.121,5.284
5073584.34,16273,0.152,4.108,4.26
5073670.3,16272,0.171,6.048,6.219
5073688.99,16274,0.105,4.131,4.236
5073757.66,16273,0.093,4.187,4.281
5073766.4,16272,0.102,4.013,4.114
5073798.18,16274,0.151,3.986,4.137
5073803.84,16273,0.058,4.097,4.155
5073807.94,16272,1.898,3.969,5.867
5073880.88,16274,0.103,4.047,4.149
5074031.25,16273,0.135,6.037,6.172
5074068.26,16272,0.145,4.132,4.277
5074143.22,16274,0.117,4.283,4.4
5074167.19,16273,0.149,4.059,4.208
5074227.38,16272,0.097,3.979,4.075
5074303.4,16274,0.206,4.045,4.252
5074312.71,16273,0.111,5.502,5.613
5074333.22,16272,2.056,4.115,6.172
5074337.39,16274,2.776,4.047,6.823
5074428.87,16273,0.098,4.108,4.206
5074548.57,16272,1.991,6.367,8.358
5074570.42,16274,0.145,5.292,5.437
5074651.45,16273,0.115,4.088,4.203
5074701.62,16272,0.098,4.212,4.31
5074750.78,16274,0.11,4.198,4.308
5074829.22,16273,0.092,4.076,4.168
5074960.62,16272,0.15,5.919,6.069
5075070.06,16274,0.166,4.131,4.297
5075112.54,16273,0.108,4.061,4.169
5075247.45,16272,0.127,6.141,6.268
5075279.51,16274,0.134,4.107,4.241
5075299.14,16273,0.085,4.002,4.087
5075438.3,16272,0.116,6.241,6.357
5075442.59,16274,0.311,6.637,6.947
5075444.68,16273,0.078,4.846,4.924
5075471.67,16272,0.139,5.704,5.843
5075476.17,16274,0.064,6.771,6.835
5075569.12,16273,1.504,4.017,5.521
5075598.9,16272,0.11,3.957,4.067
5075665.01,16274,0.205,5.905,6.109
5075746.39,16273,0.256,4.465,4.721
5075758.72,16272,0.113,4.003,4.116
5075763.54,16274,0.099,3.952,4.052
5075828.21,16273,0.116,4.025,4.141
5075837.03,16272,0.088,4.131,4.219
5075966.33,16274,0.137,4.119,4.256
5076054.05,16273,0.391,4.58,4.971
5076075.32,16272,0.71,4.1,4.81
5076092.49,16274,0.084,4.332,4.416
5076104.37,16273,0.081,4.24,4.321
5076119.81,16272,0.071,4.077,4.148
5076142.01,16274,0.106,4.012,4.118
5076234.39,16273,0.072,4.004,4.076
5076245.18,16272,0.059,3.973,4.032
5076338.11,16274,0.101,7.74,7.84
5076401.37,16273,0.096,4.216,4.312
5076422.01,16272,0.087,4.124,4.21
5076488.12,16274,0.126,4.025,4.151
5076559.69,16273,0.139,4.55,4.689
5076919.48,16272,0.144,6.237,6.381
5076923.76,16274,0.623,4.066,4.689
5077011.54,16273,0.156,4.093,4.25
5077251.34,16272,0.181,4.116,4.297
5077258.97,16274,0.134,6.409,6.543
5077309.27,16273,0.101,6.105,6.206
5077327.1,16272,0.898,3.981,4.879
5077331.52,16274,0.056,4.139,4.194
5077346.22,16273,0.065,4.103,4.168
5077364.23,16272,0.075,6.103,6.178
5077377.38,16274,0.067,4.156,4.223
5077399.82,16273,0.076,4.097,4.173
5077432.87,16272,0.069,4.076,4.144
5077488.26,16274,1.518,4.105,5.623
5077499.54,16273,0.084,4.112,4.196
5077508.41,16272,2.23,4.322,6.552
5077520.27,16274,0.082,5.073,5.156
5077522.4,16273,0.076,4.246,4.322
5077549.12,16272,0.078,5.995,6.073
5077551.24,16274,0.055,4.151,4.206
5077572.52,16272,0.183,4.052,4.234
5077617.45,16273,0.117,6.066,6.183
5077641.19,16274,1.094,6.046,7.14
5077658.21,16272,1.518,4.123,5.642
5077672.13,16273,0.074,4.002,4.077
5077676.44,16274,0.058,4.053,4.111
5077698.04,16272,1.089,4.948,6.036
5077740.37,16273,0.116,6.143,6.258
5077767.21,16274,0.149,4.04,4.189
5077774.83,16272,0.063,6.959,7.022
5077779.98,16273,0.068,5.014,5.082
5077845.01,16274,0.085,4.051,4.136
5077900.11,16272,0.925,3.992,4.917
5077934.26,16273,0.149,4.023,4.172
5077945.34,16274,0.11,5.13,5.24
5077952.57,16272,0.083,4.026,4.109
5077956.85,16273,0.063,4.004,4.066
5077965.8,16274,0.074,5.434,5.508
5078007.96,16272,0.14,4.181,4.32
5078026.1,16273,0.092,5.951,6.043
5078034.37,16274,0.073,3.969,4.042
5078052.2,16272,0.066,4.085,4.151
5078067.08,16273,0.059,3.976,4.035
5078083.81,16274,0.101,6.0,6.101
5078126.45,16272,0.086,4.149,4.235
5078130.95,16273,0.068,4.196,4.265
5078145.16,16274,1.18,4.231,5.411
5078210.44,16272,0.188,4.186,4.374
5078216.6,16273,0.076,4.021,4.097
5078224.64,16274,0.09,4.053,4.143
5078228.17,16272,0.051,4.081,4.132
5078238.83,16274,1.829,9.959,11.787
5078241.08,16273,0.057,11.153,11.21
5078246.89,16272,3.356,7.989,11.346
5078247.16,16273,2.605,6.017,8.622
5078270.34,16274,0.07,4.327,4.397
5078300.58,16272,0.076,3.979,4.055
5078307.77,16273,0.059,4.011,4.071
5078316.68,16274,0.087,4.03,4.117
5078366.72,16272,0.08,5.04,5.12
5078375.45,16273,0.088,4.286,4.374
5078380.52,16274,0.77,4.073,4.843
5078393.15,16272,0.077,3.999,4.076
5078407.05,16273,0.071,3.929,4.0
5078419.13,16274,0.877,4.071,4.948
5078438.51,16272,0.074,4.014,4.088
5078469.05,16273,0.09,4.143,4.233
5078478.22,16274,0.088,4.093,4.181
5078493.44,16272,0.074,3.981,4.055
5078548.52,16273,0.17,6.598,6.767
5078553.45,16274,0.073,3.972,4.045
5078595.1,16272,0.078,3.966,4.044
5078604.3,16273,0.082,4.075,4.157
5078617.3,16274,0.078,3.991,4.07
5078703.06,16272,0.134,4.104,4.238
5078705.17,16273,0.659,4.051,4.71
5078738.66,16274,0.343,6.536,6.88
5078757.96,16272,0.084,4.935,5.019
5078780.83,16273,0.142,4.192,4.334
5078780.93,16274,0.066,4.048,4.114
5078804.16,16272,0.145,3.957,4.103
5078828.27,16273,2.066,7.154,9.22
5078830.19,16274,0.056,6.089,6.145
5078834.73,16272,0.079,4.078,4.157
5078844.51,16273,0.062,6.014,6.076
5078857.78,16274,0.06,4.052,4.113
5078891.67,16272,0.083,3.931,4.014
5078917.28,16273,0.083,6.157,6.24
5078936.98,16272,0.078,4.992,5.071
5078937.23,16274,0.096,8.141,8.237
5078950.28,16273,0.08,4.038,4.117
5078974.88,16272,0.08,4.198,4.278
5079015.27,16274,0.105,4.956,5.06
5079042.32,16273,0.129,4.145,4.274
5079067.32,16272,0.131,4.116,4.247
5079081.19,16274,1.746,6.067,7.812
5079095.0,16273,0.062,3.972,4.034
5079099.16,16272,0.401,4.022,4.423
5079119.18,16274,0.811,6.076,6.888
5079128.87,16273,0.074,4.057,4.132
5079152.53,16272,0.079,4.115,4.194
5079187.16,16274,0.084,4.013,4.098
5079191.3,16273,0.059,4.19,4.249
5079206.89,16274,0.077,4.04,4.116
5079210.57,16272,0.061,4.361,4.422
5079224.37,16274,0.087,4.067,4.154
5079313.93,16273,0.103,4.05,4.154
5079377.28,16272,0.107,6.112,6.219
5079402.49,16274,0.09,4.024,4.114
5079410.11,16273,0.081,4.11,4.19
5079421.63,16272,0.075,4.069,4.144
5079542.8,16274,0.159,4.199,4.358
5079600.62,16273,0.12,4.101,4.221
5079656.42,16272,0.149,4.144,4.293
5079704.18,16274,0.103,6.021,6.124
5079749.32,16273,0.112,4.027,4.139
5079755.02,16272,1.686,3.93,5.617
5079881.2,16274,0.101,4.031,4.132
5080043.9,16273,0.152,4.035,4.187
5080102.11,16272,0.13,4.002,4.132
5080106.92,16274,0.074,4.072,4.146
5080115.42,16273,0.09,4.014,4.104
5080161.23,16272,0.284,3.982,4.267
5080273.67,16274,0.173,4.059,4.232
5080326.03,16273,0.103,3.986,4.089
5080384.04,16272,0.093,4.074,4.167
5080515.42,16274,0.162,8.088,8.249
5080517.97,16273,0.075,6.006,6.081
5080708.36,16272,2.109,4.162,6.27
5080740.26,16274,0.103,6.094,6.197
5080742.28,16273,0.063,4.284,4.348
5080750.09,16272,0.082,3.979,4.06
5080999.21,16274,0.176,4.727,4.903
5081052.72,16273,0.167,5.195,5.362
5081140.22,16272,0.143,4.0,4.143
5081269.46,16274,1.682,6.37,8.052
5081271.75,16273,1.54,4.661,6.201
5081367.27,16272,0.19,3.983,4.173
5081482.19,16274,0.14,4.223,4.363
5081503.17,16273,0.108,4.002,4.11
5081514.89,16272,0.084,4.944,5.028
5081580.85,16274,0.262,4.327,4.588
5081755.3,16273,0.145,6.028,6.174
5081759.96,16272,0.068,7.524,7.593
5081765.32,16274,0.096,4.169,4.265
5081854.6,16273,0.109,4.044,4.154
5081873.17,16272,0.105,3.899,4.004
5081903.2,16274,0.785,7.053,7.838
5082052.66,16273,0.188,5.476,5.664
5082137.16,16272,0.104,5.993,6.097
5082152.68,16274,0.487,8.137,8.624
5082154.81,16273,2.025,4.741,6.766
5082256.11,16272,0.156,4.166,4.322
5082264.59,16274,0.103,4.129,4.233
5082346.72,16273,0.121,5.693,5.814
5082351.28,16272,0.104,4.322,4.426
5082536.62,16274,0.142,4.077,4.22
5082697.16,16273,0.163,4.032,4.196
5082733.39,16272,0.182,6.139,6.321
5082738.82,16274,0.112,6.223,6.335
5082869.27,16272,0.175,5.683,5.858
5083152.24,16273,0.185,6.057,6.243
5083180.29,16274,0.152,5.049,5.201
5083329.49,16272,0.142,4.987,5.129
5083395.87,16273,0.178,4.035,4.212
5083418.23,16274,0.112,4.035,4.147
5083456.35,16272,0.08,4.212,4.291
5083480.75,16273,0.097,5.168,5.265
5083657.5,16274,0.163,4.027,4.19
5083665.74,16272,0.095,3.995,4.09
5083715.51,16273,0.732,7.917,8.649
5083783.33,16274,0.119,6.946,7.065
5083802.74,16272,0.108,4.132,4.241
5083995.19,16273,0.163,4.036,4.199
5084064.6,16274,0.145,3.975,4.12
5084113.72,16272,0.11,6.009,6.12
5084139.98,16273,1.921,5.997,7.918
5084178.91,16274,0.099,4.029,4.128
5084209.15,16272,0.136,6.008,6.144
5084324.82,16273,0.188,4.108,4.297
5084414.98,16274,0.192,5.421,5.613
5084431.15,16272,2.002,6.085,8.087
5084446.13,16273,1.637,6.01,7.648
5084454.02,16272,0.077,4.077,4.153
5084454.67,16274,1.834,8.41,10.244
5084488.18,16273,0.098,4.171,4.269
5084489.88,16272,0.114,4.022,4.136
5084505.21,16274,0.085,4.079,4.164
5084530.99,16273,0.087,4.01,4.097
5084547.43,16272,0.119,4.194,4.313
5084599.71,16274,0.101,6.31,6.411
5084612.21,16273,2.033,4.119,6.151
5084629.13,16272,0.089,3.987,4.075
5084640.81,16274,0.098,4.177,4.275
5084679.46,16274,0.059,7.195,7.254
5084680.11,16272,0.055,10.708,10.763
5084680.84,16273,0.198,11.634,11.832
5084692.81,16274,0.781,5.714,6.495
5084698.86,16272,0.053,9.766,9.819
5084700.75,16273,0.06,7.819,7.879
5084716.49,16274,0.074,3.947,4.021
5084726.05,16272,1.584,5.994,7.577
5084783.28,16273,0.141,5.974,6.115
5084792.42,16274,0.076,4.033,4.108
5084813.01,16272,0.103,5.942,6.045
5084831.87,16273,0.078,6.003,6.081
5084843.34,16274,0.064,6.227,6.291
5084851.11,16272,0.082,3.989,4.071
5084862.44,16273,0.068,4.194,4.262
5084865.4,16274,0.109,4.139,4.248
5084886.48,16272,0.077,3.975,4.052
5084939.84,16273,0.073,3.914,3.987
5084967.42,16274,0.146,4.049,4.196
5084975.24,16272,0.113,6.066,6.179
5084979.48,16273,0.069,3.907,3.976
5084991.11,16274,0.114,6.103,6.217
5085004.91,16272,0.097,6.088,6.185
5085023.37,16273,0.093,5.228,5.321
5085054.54,16274,0.115,3.923,4.039
5085090.3,16272,2.003,5.248,7.251
5085114.86,16273,0.097,5.893,5.99
5085134.25,16274,1.7,4.099,5.8
5085182.64,16272,0.11,3.962,4.071
5085222.26,16273,2.418,4.983,7.402
5085252.12,16274,0.121,3.931,4.051
5085266.25,16272,1.129,4.12,5.248
5085294.46,16273,0.119,4.02,4.139
5085299.86,16274,0.084,4.009,4.093
5085315.85,16272,0.093,4.012,4.105
5085346.29,16273,0.126,4.014,4.14
5085355.17,16274,0.099,4.008,4.107
5085367.71,16272,0.077,4.384,4.461
5085371.98,16273,0.094,3.987,4.081
5085393.08,16274,1.043,3.956,4.999
5085424.03,16272,0.113,4.075,4.188
5085428.65,16273,0.105,4.094,4.199
5085433.07,16274,0.093,4.09,4.183
5085433.67,16272,0.086,4.077,4.163
5085442.86,16273,0.174,4.185,4.359
5085502.19,16274,2.141,6.0,8.141
5085507.76,16272,0.098,3.998,4.096
5085517.35,16273,0.07,3.96,4.03
5085524.82,16274,0.063,3.954,4.017
5085565.58,16272,0.173,6.358,6.531
5085567.35,16273,0.06,4.659,4.719
5085586.08,16274,0.105,4.27,4.375
5085608.06,16272,0.321,5.937,6.258
5085618.16,16273,0.082,4.031,4.113
5085651.93,16274,0.107,4.101,4.208
5085675.31,16272,0.097,7.047,7.144
5085676.64,16273,0.052,4.442,4.494
5085695.4,16274,0.078,6.057,6.135
5085733.61,16272,0.088,4.094,4.182
5085738.03,16273,0.06,4.052,4.112
5085781.38,16274,0.102,6.223,6.324
5085782.93,16272,0.064,4.091,4.155
5085795.23,16273,0.07,4.002,4.072
5085825.94,16274,0.096,4.231,4.327
5085844.26,16272,0.085,7.965,8.05
5085900.54,16273,0.094,4.062,4.156
5085916.95,16274,0.074,3.928,4.002
5085922.24,16272,0.055,6.296,6.351
5085939.17,16274,2.052,8.054,10.106
5085947.63,16273,0.148,5.167,5.315
5085961.91,16272,0.125,4.06,4.185
5085969.89,16274,0.781,3.929,4.711
5085983.29,16273,1.043,4.066,5.11
5085993.44,16272,0.095,3.978,4.074
5086000.53,16274,0.077,6.203,6.28
5086140.25,16273,1.838,4.076,5.914
5086152.5,16272,0.121,3.999,4.12
5086233.14,16274,0.167,5.188,5.355
5086248.92,16273,0.111,4.111,4.223
5086256.01,16272,0.069,4.022,4.091
5086285.68,16274,0.105,4.939,5.044
5086311.1,16273,0.142,4.277,4.418
5086338.17,16272,0.083,6.026,6.11
5086350.27,16274,0.08,9.027,9.107
5086434.19,16273,0.17,4.104,4.274
5086455.33,16272,0.111,4.349,4.46
5086485.49,16274,0.122,3.985,4.106
5086497.6,16273,0.094,4.006,4.101
5086516.22,16272,0.093,4.219,4.312
5086529.55,16274,0.117,4.386,4.503
5086534.1,16273,0.081,4.24,4.32
5086542.27,16272,0.1,7.894,7.995
5086544.57,16274,0.061,7.082,7.144
5086562.06,16273,1.632,3.99,5.622
5086566.41,16272,0.087,4.38,4.468
5086580.38,16274,0.079,3.941,4.02
5086631.98,16273,0.125,4.536,4.661
5086642.53,16272,0.124,4.107,4.231
5086664.4,16274,0.136,4.04,4.177
5086669.84,16273,0.073,5.089,5.162
5086677.16,16272,0.711,7.138,7.849
5086680.28,16274,0.058,6.068,6.126
5086682.17,16273,0.049,5.101,5.149
5086715.24,16272,0.131,4.062,4.193
5086719.5,16274,0.066,3.993,4.059
5086737.39,16273,0.103,4.16,4.263
5086741.46,16272,0.074,4.19,4.265
5086751.4,16273,0.085,6.811,6.896
5086767.71,16274,0.079,4.206,4.285
5086793.82,16272,0.14,4.241,4.381
5086813.22,16273,0.088,4.174,4.263
5086821.91,16272,0.058,5.909,5.967
5086824.33,16274,3.559,6.272,9.832
5086838.64,16273,0.066,6.53,6.595
5086857.05,16272,0.102,4.067,4.169
5086876.16,16274,2.142,4.005,6.146
5086881.52,16273,0.069,4.852,4.921
5086891.35,16272,0.198,4.216,4.414
5086917.25,16274,0.113,4.065,4.178
5086960.62,16273,0.157,4.156,4.313
5087080.47,16272,2.089,5.292,7.381
5087082.83,16274,2.089,5.675,7.763
5087127.24,16273,0.221,5.636,5.857
5087200.8,16272,2.68,4.695,7.375
5087292.67,16274,0.153,4.264,4.417
5087308.11,16273,2.034,5.999,8.033
5087499.7,16272,0.165,4.211,4.376
5087504.77,16274,0.12,4.097,4.218
5087532.93,16273,0.149,5.626,5.775
5087695.85,16272,0.177,4.008,4.185
5087785.19,16274,0.124,5.996,6.12
5087794.24,16272,2.194,6.133,8.327
5087796.75,16273,0.095,10.959,11.055
5087890.05,16274,0.152,4.143,4.294
5087930.1,16272,2.04,5.998,8.038
5088007.53,16273,0.161,4.187,4.348
5088041.72,16274,0.108,3.977,4.085
5088048.75,16272,0.11,6.496,6.607
5088145.35,16273,0.15,4.081,4.231
5088229.2,16274,0.115,3.961,4.076
5088258.34,16272,0.106,4.163,4.269
5088294.14,16273,0.1,3.986,4.086
5088321.89,16274,0.096,3.978,4.074
5088578.96,16272,0.202,3.978,4.18
5088716.59,16273,0.138,4.015,4.153
5088758.19,16274,0.114,4.294,4.408
5088780.6,16272,0.087,4.134,4.22
5088905.24,16273,0.103,5.06,5.163
5089015.99,16274,0.161,6.467,6.627
5089020.74,16272,0.129,4.495,4.624
5089057.11,16273,1.573,6.013,7.586
5089087.47,16274,0.128,4.037,4.165
5089113.92,16272,0.167,4.007,4.174
5089142.32,16273,1.607,4.162,5.769
5089162.74,16274,0.089,4.048,4.137
5089197.43,16272,0.091,3.994,4.085
5089215.42,16273,0.074,10.296,10.37
5089215.67,16274,0.065,8.538,8.603
5089217.09,16272,0.049,4.008,4.057
5089321.56,16273,0.117,4.071,4.188
5089331.76,16274,0.089,6.621,6.71
5089406.97,16272,0.12,4.193,4.312
5089414.69,16273,0.205,4.008,4.213
5089419.35,16274,0.082,4.136,4.218
5089489.21,16272,2.037,4.103,6.14
5089493.56,16273,0.274,4.238,4.512
5089513.48,16274,0.082,4.232,4.314
5089540.71,16272,0.113,7.125,7.238
5089563.27,16273,0.095,5.111,5.206
5089565.31,16274,0.061,4.292,4.353
5089573.88,16273,0.06,5.154,5.213
5089574.25,16272,0.078,8.477,8.555
5089587.27,16274,0.115,7.658,7.773
5089588.15,16273,4.037,4.078,8.115
5089615.75,16272,0.068,4.084,4.152
5089618.14,16274,0.06,4.042,4.102
5089627.58,16272,1.359,7.523,8.882
5089632.06,16273,0.052,8.476,8.528
5089636.0,16274,2.043,3.919,5.962
5089807.05,16273,0.141,4.123,4.264
5089863.89,16272,0.117,4.004,4.121
5089868.36,16274,0.126,4.105,4.231
5089886.42,16273,0.109,7.259,7.367
5089887.67,16272,0.081,4.446,4.527
5089902.31,16273,0.06,3.967,4.027
5089905.03,16274,0.084,5.167,5.251
5089921.67,16272,0.077,4.161,4.238
5089967.2,16273,0.152,4.187,4.339
5089972.36,16274,0.975,5.24,6.216
5089990.36,16272,0.111,6.178,6.289
5090004.29,16273,0.079,6.161,6.24
5090023.86,16274,0.091,4.019,4.11
5090038.05,16272,0.087,4.159,4.246
5090042.46,16273,0.132,4.292,4.424
5090103.23,16274,1.375,4.085,5.46
5090111.21,16272,0.158,7.995,8.153
5090113.45,16273,0.072,8.231,8.303
5090145.19,16274,0.076,6.061,6.137
5090150.51,16272,0.065,5.18,5.245
5090176.05,16273,0.091,4.983,5.075
5090190.38,16274,0.069,4.006,4.075
5090196.56,16272,0.068,4.165,4.233
5090219.27,16273,0.095,4.038,4.133
5090255.12,16274,0.079,5.991,6.07
5090273.13,16272,0.074,4.017,4.09
5090278.2,16273,0.066,4.134,4.2
5090295.75,16274,0.075,4.027,4.102
5090301.8,16272,0.079,4.118,4.197
5090304.06,16273,0.054,3.961,4.015
5090336.08,16274,0.06,5.981,6.04
5090405.55,16272,0.082,4.011,4.093
5090418.6,16273,0.073,3.936,4.009
5090446.08,16274,0.085,7.028,7.114
5090452.18,16272,0.391,5.988,6.378
5090482.54,16273,0.07,4.077,4.147
5090489.67,16274,0.061,3.994,4.054
5090501.83,16272,0.138,4.031,4.169
5090512.63,16273,0.082,5.068,5.15
5090527.86,16274,1.14,4.045,5.185
5090543.13,16272,2.025,6.061,8.086
5090552.21,16273,0.064,6.063,6.128
5090554.13,16274,0.06,4.081,4.141
5090566.29,16272,0.175,4.073,4.248
5090623.47,16273,0.157,6.153,6.31
5090643.15,16274,0.076,6.022,6.098
5090652.19,16272,1.076,5.198,6.274
5090693.32,16273,0.084,3.989,4.074
5090709.86,16274,0.103,4.238,4.341
5090756.16,16272,1.307,4.03,5.337
5090781.27,16273,0.122,3.997,4.119
5090819.34,16274,0.09,4.082,4.172
5090831.88,16272,0.077,4.099,4.176
5090919.56,16273,0.095,4.065,4.16
5090919.75,16274,0.066,4.102,4.168
5090955.44,16272,0.106,5.261,5.367
5090961.75,16273,0.071,6.11,6.181
5090967.42,16274,0.1,5.258,5.358
5090981.2,16272,0.18,3.977,4.156
5091063.27,16273,1.018,6.062,7.08
5091149.4,16274,0.126,4.036,4.163
5091362.5,16272,0.15,4.085,4.235
5091399.33,16273,0.104,6.062,6.167
5091461.97,16272,0.064,6.027,6.091
5091462.4,16274,0.148,8.097,8.245
5091608.42,16273,0.119,4.081,4.2
5091623.25,16274,0.1,5.939,6.039
5091664.13,16272,0.098,3.972,4.07
5091718.98,16273,0.09,4.11,4.199
5091799.03,16274,0.388,4.095,4.483
5091807.96,16272,0.106,4.19,4.296
5091915.9,16273,0.13,4.019,4.149
5091939.44,16274,0.118,4.121,4.24
5091959.6,16272,0.135,8.066,8.201
5091990.19,16273,1.77,4.018,5.788
5092040.39,16274,0.14,4.115,4.255
5092066.48,16272,0.106,4.05,4.156
5092070.82,16273,0.087,4.038,4.125
5092087.21,16274,0.087,4.084,4.171
5092110.86,16272,0.08,4.15,4.231
5092273.14,16273,0.124,6.067,6.191
5092421.23,16274,2.908,4.106,7.014
5092446.84,16272,0.103,4.116,4.219
5092464.32,16273,0.082,4.073,4.155
5092505.78,16274,0.074,4.007,4.081
5092524.74,16272,0.096,4.068,4.164
5092587.07,16273,1.927,5.972,7.899
5092614.22,16274,1.588,4.102,5.689
5092631.7,16272,0.097,6.072,6.169
5092642.48,16273,0.078,6.062,6.14
5092648.84,16274,0.097,4.265,4.361
5092653.33,16272,0.066,4.193,4.259
5092676.2,16273,0.074,4.081,4.155
5092707.98,16274,0.089,4.055,4.144
5092723.26,16272,2.225,4.128,6.352
5092728.8,16273,0.061,5.993,6.054
5092738.98,16274,0.051,4.115,4.165
5092741.51,16272,0.063,8.306,8.369
5092779.28,16273,0.093,3.963,4.056
5092794.29,16274,0.084,4.011,4.095
5092810.09,16272,1.274,3.991,5.266
5092816.24,16273,0.057,6.019,6.076
5092832.85,16274,0.084,4.034,4.118
5092865.26,16272,0.087,4.02,4.107
5092878.38,16273,0.094,5.403,5.497
5092893.15,16274,0.069,6.044,6.112
5092938.42,16272,0.066,4.073,4.138
5092973.04,16273,0.254,6.687,6.941
5093002.32,16274,0.143,6.101,6.244
5093043.56,16272,0.137,4.03,4.167
5093129.64,16273,0.101,4.092,4.193
5093135.71,16274,2.757,5.881,8.638
5093154.76,16272,0.113,4.156,4.268
5093230.03,16273,0.101,4.063,4.164
5093256.69,16274,0.1,4.097,4.197
5093263.26,16272,0.058,4.163,4.22
5093271.17,16273,0.058,4.073,4.131
5093316.87,16274,0.147,4.072,4.219
5093323.09,16272,0.141,4.052,4.193
5093412.14,16273,0.098,3.983,4.081
5093429.72,16274,0.149,6.113,6.263
5093439.2,16272,0.077,4.097,4.174
5093469.83,16273,0.119,6.202,6.321
5093502.16,16274,0.08,4.045,4.125
5093511.18,16272,0.06,6.071,6.13
5093517.12,16273,1.815,4.051,5.866
5093521.59,16274,0.06,4.259,4.32
5093534.85,16272,0.06,3.92,3.98
5093545.94,16273,0.069,4.077,4.146
5093587.33,16274,0.144,4.091,4.235
5093628.71,16272,0.117,4.031,4.148
5093653.78,16273,0.096,4.614,4.711
5093693.41,16274,0.085,4.009,4.094
5093713.15,16272,0.08,4.017,4.097
5093715.99,16273,0.104,4.195,4.3
5093721.84,16274,0.097,4.07,4.167
5093781.28,16272,0.186,3.993,4.179
5093834.35,16273,0.138,4.093,4.232
5093841.93,16274,0.103,6.219,6.322
5093868.14,16272,1.254,5.987,7.241
5093872.49,16273,0.143,4.117,4.26
5093893.08,16274,0.088,4.112,4.2
5093904.34,16272,0.07,4.035,4.105
5093933.34,16273,0.785,4.242,5.027
5094060.49,16274,0.149,6.149,6.297
5094062.41,16272,0.072,7.868,7.94
5094062.6,16273,0.065,4.663,4.728
5094101.12,16274,0.098,3.977,4.074
5094123.41,16272,0.089,3.921,4.01
5094132.81,16273,0.088,5.01,5.098
5094200.14,16274,2.088,4.008,6.096
5094235.33,16272,0.089,6.939,7.028
5094249.97,16273,1.827,3.87,5.698
5094271.84,16274,0.086,4.061,4.147
5094304.3,16272,0.077,4.075,4.152
5094336.25,16273,0.137,4.081,4.218
5094355.99,16274,0.076,4.027,4.103
5094368.2,16272,0.102,5.05,5.151
5094384.69,16273,0.08,4.11,4.19
5094411.17,16274,2.053,4.08,6.133
5094415.03,16272,0.052,3.926,3.978
5094437.15,16274,0.06,5.049,5.109
5094458.27,16273,0.063,4.022,4.084
5094477.61,16272,0.093,4.019,4.112
5094497.57,16274,0.079,6.198,6.278
5094522.11,16273,0.958,5.97,6.928
5094537.02,16272,0.063,3.941,4.004
5094574.32,16274,0.07,4.207,4.277
5094585.98,16273,0.066,4.046,4.112
5094620.45,16272,0.079,4.116,4.195
5094624.65,16274,0.07,4.062,4.132
5094727.24,16273,0.111,3.981,4.092
5094825.34,16272,0.141,5.124,5.266
5094848.17,16274,2.444,4.071,6.515
5094852.47,16273,0.093,6.04,6.134
5094858.83,16272,0.456,6.218,6.673
5094863.61,16274,0.082,3.979,4.062
5094921.03,16273,0.09,4.097,4.186
5094965.35,16272,0.144,6.117,6.261
5094971.46,16274,0.091,4.231,4.322
5095028.41,16273,0.148,4.007,4.155
5095051.99,16272,0.257,5.895,6.152
5095079.15,16274,1.428,4.059,5.488
5095098.31,16273,0.105,4.899,5.004
5095112.43,16272,0.151,4.113,4.263
5095164.37,16273,0.076,4.257,4.333
5095164.41,16274,0.163,8.478,8.641
5095170.5,16272,0.074,4.06,4.134
5095178.87,16273,0.074,3.978,4.052
5095211.42,16274,0.075,6.165,6.24
5095222.27,16272,0.063,4.151,4.214
5095245.81,16273,0.091,4.056,4.148
5095290.75,16274,0.172,5.97,6.143
5095295.39,16272,0.114,8.08,8.194
5095295.61,16273,0.067,5.507,5.574
5095303.04,16274,0.085,4.261,4.345
5095345.14,16272,2.802,6.022,8.824
5095360.55,16273,0.07,4.015,4.085
5095376.27,16274,0.077,4.06,4.136
5095450.1,16272,0.085,4.04,4.125
5095496.63,16273,0.156,6.386,6.542
5095506.17,16274,5.638,6.056,11.694
5095532.98,16272,0.14,6.447,6.586
5095545.7,16273,0.133,4.496,4.629
5095576.45,16274,1.687,5.312,7.0
5095621.41,16272,0.123,6.217,6.34
5095658.46,16273,0.128,4.057,4.185
5095723.86,16274,0.105,3.94,4.045
5095939.06,16272,0.154,5.822,5.976
5095999.17,16273,0.155,4.337,4.492
5096028.05,16274,1.632,4.046,5.678
5096058.26,16272,0.117,4.082,4.199
5096158.11,16273,0.123,5.461,5.584
5096236.38,16274,0.147,7.066,7.213
5096496.2,16272,0.177,4.164,4.341
5096569.11,16273,2.079,7.982,10.062
5096570.04,16274,0.533,6.924,7.457
5096602.41,16272,0.118,5.053,5.171
5096640.15,16273,0.14,6.959,7.099
5096702.17,16274,0.097,6.78,6.877
5096720.3,16272,0.118,3.973,4.091
5096734.05,16273,0.177,5.95,6.127
5096776.18,16274,0.082,4.055,4.138
5096783.74,16272,0.078,5.899,5.977
5096802.12,16273,0.073,4.009,4.082
5096983.65,16274,0.142,4.142,4.284
5097240.39,16272,0.145,4.08,4.225
5097270.8,16273,0.131,7.825,7.956
5097301.76,16274,0.158,4.087,4.245
5097349.09,16272,0.096,3.931,4.027
5097373.33,16273,0.088,4.983,5.071
5097395.23,16274,0.087,4.377,4.464
5097400.97,16272,0.093,3.929,4.022
5097412.73,16273,0.073,4.049,4.122
5097462.22,16274,0.139,6.029,6.169
5097531.09,16272,0.071,3.959,4.031
5097644.12,16273,1.503,4.994,6.497
5097830.3,16274,0.14,4.084,4.224
5097834.4,16272,0.086,3.936,4.021
5097846.5,16273,0.154,4.604,4.758
5097862.43,16274,0.112,6.969,7.082
5098001.81,16272,0.145,4.051,4.196
5098157.41,16273,0.172,5.165,5.337
5098198.95,16274,0.098,4.091,4.189
5098203.45,16272,0.088,4.226,4.314
5098224.29,16273,0.101,4.234,4.336
5098251.62,16274,0.102,4.578,4.68
5098331.58,16272,0.107,4.304,4.411
5098364.23,16273,2.077,7.094,9.171
5098396.2,16274,0.091,4.058,4.149
5098482.05,16272,0.102,4.032,4.134
5098563.36,16273,0.091,3.928,4.019
5098592.44,16274,0.092,4.107,4.199
5098618.47,16272,0.083,5.999,6.082
5098676.5,16273,0.122,4.103,4.225
5098793.3,16274,0.104,6.139,6.243
5099274.07,16272,0.202,3.996,4.198
5099283.53,16273,0.086,3.993,4.08
5099293.4,16274,0.117,5.003,5.119
5099340.28,16272,1.132,6.18,7.312
5099348.62,16273,0.489,6.556,7.045
5099365.34,16274,0.115,4.008,4.124
5099514.15,16272,0.161,4.157,4.318
5099599.19,16273,0.107,4.022,4.129
5099766.04,16274,0.215,4.484,4.699
5099819.91,16272,0.127,5.612,5.739
5099994.91,16273,0.164,4.051,4.215
5100025.44,16274,0.151,3.932,4.083
5100047.88,16272,0.098,5.285,5.382
5100050.42,16273,0.064,4.29,4.354
5100059.97,16274,0.086,3.994,4.08
5100143.18,16272,0.785,4.042,4.826
5100213.47,16273,0.131,4.517,4.648
5100312.38,16274,0.184,3.993,4.177
5100328.58,16272,0.122,5.075,5.197
5100339.81,16273,1.034,3.994,5.027
5100394.04,16274,0.119,4.048,4.167
5100513.31,16272,0.094,4.045,4.139
5100539.98,16273,0.11,4.073,4.183
5100597.14,16274,1.935,6.016,7.952
5100647.65,16272,0.179,6.677,6.856
5100658.21,16273,1.16,3.998,5.159
5100706.11,16274,0.087,3.968,4.055
5100748.05,16272,0.095,4.068,4.163
5100759.14,16273,0.077,6.246,6.323
5100768.18,16274,0.09,6.013,6.103
5100796.45,16272,0.084,3.972,4.056
5100813.13,16273,0.072,4.011,4.083
5100870.11,16274,0.076,4.111,4.186
5100909.38,16272,0.089,6.139,6.227
5100935.84,16273,0.109,6.753,6.862
5100943.94,16274,1.14,3.96,5.1
5101002.26,16272,0.132,6.063,6.195
5101031.8,16273,0.121,4.007,4.129
5101045.12,16274,2.034,6.021,8.055
5101152.96,16272,0.098,3.983,4.081
5101157.36,16273,0.104,4.147,4.251
5101214.26,16274,0.097,3.93,4.027
5101255.64,16272,0.106,4.85,4.956
5101373.82,16273,0.131,3.955,4.086
5101392.42,16272,0.09,4.082,4.172
5101395.7,16274,0.089,8.433,8.522
5101444.99,16273,0.091,4.079,4.17
5101582.11,16272,1.204,4.04,5.244
5101656.16,16274,0.098,5.927,6.025
5101752.11,16273,3.442,3.998,7.44
5101891.8,16272,0.161,4.123,4.283
5101904.07,16274,0.111,3.892,4.004
5101913.18,16273,0.077,4.042,4.119
5101934.13,16272,0.112,3.935,4.047
5101995.18,16274,0.13,3.92,4.049
5102087.21,16273,2.525,5.007,7.532
5102124.85,16272,0.126,4.641,4.767
5102132.05,16274,0.114,4.217,4.33
5102199.72,16273,0.157,6.077,6.234
5102221.14,16272,0.133,5.937,6.07
5102292.31,16274,0.125,3.995,4.12
5102315.24,16273,0.1,4.078,4.178
5102470.68,16272,0.119,4.974,5.093
5102566.26,16274,0.099,6.065,6.164
5102580.24,16273,2.031,4.165,6.196
5102592.3,16272,0.073,3.959,4.032
5102933.37,16274,0.157,4.058,4.215
5102967.57,16273,0.19,4.201,4.391
5103000.21,16272,0.125,4.023,4.147
5103057.62,16274,0.148,7.722,7.87
5103346.58,16273,0.14,5.227,5.367
5103509.57,16272,0.351,4.852,5.203
5103565.1,16274,0.125,5.024,5.149
5103601.21,16273,0.101,4.224,4.324
5103635.86,16272,0.092,4.074,4.166
5103641.1,16274,0.064,4.961,5.025
5103724.44,16273,0.104,6.133,6.237
5103791.12,16272,0.091,4.122,4.214
5103864.33,16274,0.105,4.025,4.13
5103924.28,16273,0.091,4.126,4.217
5103929.06,16272,0.095,3.995,4.09
5103951.44,16274,0.089,5.796,5.885
5104014.1,16273,0.152,4.074,4.226
5104161.23,16272,2.052,4.092,6.143
5104214.4,16274,0.114,4.123,4.237
5104216.05,16273,0.069,4.217,4.286
5104267.04,16274,2.554,3.934,6.488
5104267.15,16272,0.931,8.017,8.949
5104326.51,16273,0.163,6.105,6.267
5104470.41,16274,0.097,6.079,6.177
5104502.13,16272,1.132,4.008,5.14
5104520.48,16273,0.142,6.045,6.187
5104522.39,16274,3.325,4.017,7.341
5104587.7,16272,0.083,4.112,4.195
5104676.03,16273,0.096,4.01,4.106
5104717.79,16274,0.086,3.976,4.062
5104778.88,16272,0.106,4.004,4.11
5104790.62,16273,5.138,5.0,10.137
5104863.64,16274,0.087,4.102,4.189
5104873.05,16272,0.077,3.93,4.007
5104900.74,16273,0.073,7.064,7.137
5105005.31,16274,0.153,4.074,4.227
5105013.62,16272,0.154,4.371,4.524
5105032.23,16273,0.129,4.083,4.211
5105145.16,16274,0.118,3.971,4.089
5105150.93,16272,0.111,4.769,4.88
5105154.75,16273,0.112,3.982,4.093
5105180.86,16274,0.094,4.157,4.251
5105207.35,16272,0.104,3.972,4.076
5105212.68,16273,0.09,4.008,4.098
5105379.58,16274,0.214,6.998,7.212
5105407.63,16272,0.106,5.01,5.116
5105739.96,16273,0.149,4.034,4.183
5105763.01,16274,0.12,4.087,4.207
5105779.55,16272,0.093,4.017,4.109
5105780.59,16273,0.068,4.095,4.163
5105794.25,16274,0.086,4.107,4.193
5105868.07,16272,0.168,6.124,6.291
5105899.65,16273,0.098,5.252,5.35
5106038.56,16274,2.144,4.413,6.558
5106064.78,16272,0.123,4.154,4.277
5106135.35,16273,0.111,5.06,5.171
5106142.79,16274,0.096,4.31,4.407
5106252.2,16272,0.131,3.994,4.125
5106268.51,16273,0.115,4.224,4.339
5106359.19,16274,1.602,6.001,7.602
5106565.04,16272,0.189,4.007,4.196
5106661.37,16273,0.134,6.162,6.295
5106671.17,16274,0.102,4.027,4.129
5106777.34,16272,0.117,5.056,5.173
5106868.27,16273,0.156,4.167,4.323
5107166.1,16274,0.157,4.854,5.011
5107214.85,16272,0.114,4.091,4.205
5107228.16,16273,0.093,4.007,4.101
5107243.52,16274,0.097,4.686,4.783
5107304.26,16272,0.089,3.963,4.052
5107344.56,16273,0.117,4.133,4.25
5107350.67,16274,0.078,4.129,4.208
5107370.66,16272,0.113,6.893,7.006
5107373.26,16273,1.007,6.2,7.207
5107384.67,16274,0.083,6.051,6.134
5107392.3,16272,2.137,5.184,7.321
5107414.7,16273,0.067,4.022,4.089
5107417.46,16274,0.05,4.009,4.06
5107423.23,16273,1.691,4.178,5.868
5107431.07,16272,0.066,3.962,4.028
5107440.19,16273,1.342,4.079,5.421
5107440.33,16274,1.539,4.267,5.806
5107449.17,16272,0.068,4.125,4.194
5107471.82,16273,0.073,4.189,4.262
5107478.28,16274,0.067,3.974,4.042
5107527.48,16272,0.078,4.091,4.169
5107544.08,16273,0.091,4.95,5.041
5107590.5,16274,0.077,5.377,5.454
5107602.76,16272,0.144,8.154,8.298
5107602.91,16273,0.056,6.977,7.033
5107624.13,16274,0.067,3.967,4.035
5107669.69,16272,0.08,4.018,4.098
5107671.18,16273,0.687,4.16,4.846
5107677.35,16274,0.074,4.044,4.118
5107683.23,16272,0.059,4.018,4.078
5107724.48,16273,0.072,4.116,4.189
5107739.07,16274,0.059,4.055,4.114
5107823.21,16272,0.098,3.992,4.09
5107835.21,16273,0.072,7.1,7.173
5107841.67,16274,0.063,5.014,5.077
5107845.85,16272,0.066,4.03,4.096
5107853.25,16273,0.053,6.25,6.303
5107870.2,16274,0.074,6.088,6.162
5107882.03,16272,0.085,3.957,4.042
5107895.64,16273,0.077,4.112,4.189
5107931.22,16274,1.135,7.267,8.402
5107965.99,16272,0.117,4.038,4.156
5107995.39,16273,0.174,3.942,4.116
5108025.35,16274,0.121,5.124,5.245
5108070.92,16272,0.16,4.093,4.253
5108092.63,16273,0.111,6.034,6.144
5108111.13,16274,0.093,6.123,6.217
5108130.54,16272,0.085,4.026,4.111
5108145.61,16273,0.145,4.005,4.149
5108171.73,16274,0.058,4.054,4.112
5108175.91,16272,0.067,4.053,4.12
5108190.27,16273,0.096,6.026,6.122
5108234.19,16274,1.865,4.057,5.921
5108248.53,16272,0.076,4.0,4.077
5108282.49,16273,0.131,4.001,4.132
5108286.46,16274,1.892,4.347,6.24
5108296.5,16273,5.242,5.407,10.649
5108335.5,16272,0.098,4.059,4.156
5108415.88,16274,0.104,4.13,4.233
5108421.53,16273,0.085,5.082,5.167
5108463.29,16272,0.087,6.147,6.233
5108468.12,16274,0.496,4.564,5.061
5108478.33,16273,0.074,6.11,6.183
5108489.77,16272,0.079,6.11,6.189
5108515.36,16274,0.083,4.109,4.191
5108551.29,16273,0.072,4.057,4.129
5108558.69,16272,0.124,3.963,4.088
5108564.59,16274,0.061,8.156,8.217
5108579.08,16273,2.446,3.962,6.407
5108590.03,16272,0.064,4.079,4.143
5108610.28,16274,0.068,4.165,4.234
5108622.56,16273,0.059,4.016,4.075
5108655.09,16272,0.09,3.983,4.073
5108674.56,16274,0.225,4.188,4.413
5108715.07,16273,2.429,4.009,6.439
5108734.19,16272,0.075,4.144,4.219
5108743.44,16274,0.071,8.984,9.055
5108743.62,16273,0.071,6.455,6.526
5108752.06,16272,0.08,8.099,8.179
5108767.83,16274,0.129,7.041,7.17
5108768.9,16273,0.6,5.837,6.437
5108814.8,16272,0.104,4.134,4.238
5108840.01,16273,0.134,4.107,4.241
5108855.53,16274,0.108,4.029,4.137
5108862.12,16272,0.085,3.99,4.075
5108907.41,16273,0.087,5.981,6.069
5108977.49,16274,0.186,3.947,4.133
5109023.92,16272,0.919,4.067,4.986
5109041.42,16273,0.198,5.997,6.195
5109064.85,16274,0.094,4.992,5.086
5109067.57,16272,0.067,6.226,6.293
5109192.59,16273,0.129,4.035,4.164
5109276.88,16272,0.701,5.01,5.712
5109277.21,16274,0.148,8.491,8.638
5109425.56,16273,0.144,6.038,6.182
5109483.27,16274,0.183,8.033,8.216
5109483.8,16272,0.118,5.537,5.654
5109624.33,16273,0.108,6.157,6.266
5109662.59,16274,0.182,6.184,6.366
5109730.71,16272,0.304,3.961,4.265
5109769.32,16273,0.097,3.947,4.044
5109839.29,16274,2.429,4.132,6.56
5109870.58,16272,0.105,4.138,4.243
5109931.04,16273,0.106,5.221,5.327
5110142.95,16274,0.153,4.118,4.271
5110279.28,16272,0.139,4.059,4.198
5110442.05,16273,1.902,5.813,7.715
5110467.99,16274,0.116,3.994,4.11
5110602.89,16272,0.162,6.031,6.193
5110648.33,16273,0.117,4.082,4.199
5110684.12,16274,2.1,3.951,6.051
5110695.68,16272,0.082,6.046,6.127
5110704.74,16273,0.075,4.008,4.083
5110776.01,16274,0.119,3.928,4.047
5110814.08,16272,2.066,5.958,8.025
5110827.15,16273,0.084,4.079,4.163
5111172.05,16274,0.148,6.028,6.176
5111210.99,16272,0.463,4.434,4.897
5111220.21,16273,0.105,5.118,5.222
5111237.76,16274,0.082,6.108,6.19
5111388.57,16272,0.174,3.987,4.162
5111411.84,16273,0.182,4.019,4.202
5111502.12,16274,2.095,5.995,8.09
5111560.19,16272,1.272,4.02,5.291
5111597.07,16273,1.997,4.006,6.003
5111635.89,16274,0.095,4.178,4.273
5111637.89,16272,0.06,4.016,4.076
5111644.14,16273,0.062,6.12,6.183
5111658.53,16274,0.078,3.948,4.026
5111710.63,16272,0.112,4.182,4.293
5111712.29,16273,0.085,4.132,4.217
5111723.07,16274,0.073,5.039,5.112
5111765.92,16272,0.085,5.993,6.077
5111803.02,16273,0.106,6.104,6.21
5111826.77,16274,0.692,5.061,5.753
5111848.27,16272,0.092,7.119,7.211
5111899.33,16274,1.064,5.213,6.278
5111899.79,16273,0.098,7.299,7.397
5111946.57,16272,0.086,4.034,4.119
5111956.74,16274,2.075,4.576,6.651
5112023.78,16273,0.177,4.012,4.19
5112048.44,16272,0.108,9.044,9.152
5112048.54,16274,0.059,7.402,7.461
5112054.16,16273,0.07,5.488,5.558
5112061.07,16272,0.06,5.962,6.021
5112096.41,16274,0.088,4.016,4.104
5112119.64,16273,0.152,6.758,6.91
5112128.62,16272,0.083,6.158,6.241
5112152.76,16274,0.078,5.634,5.712
5112165.99,16273,0.083,4.995,5.079
5112179.27,16272,0.077,4.135,4.213
5112185.54,16274,0.346,6.141,6.488
5112187.64,16273,0.671,5.599,6.27
5112195.46,16272,0.074,5.333,5.407
5112215.61,16274,0.084,4.129,4.214
5112224.19,16273,0.086,6.111,6.197
5112267.19,16272,0.08,5.905,5.986
5112274.75,16274,0.077,4.047,4.124
5112303.97,16273,0.178,7.629,7.808
5112333.45,16272,0.074,6.181,6.255
5112374.68,16274,1.95,4.064,6.014
5112458.16,16273,0.096,4.009,4.105
5112472.27,16272,0.067,4.142,4.209
5112525.15,16274,0.102,4.11,4.211
5112527.55,16273,0.093,4.197,4.29
5112548.42,16272,2.034,4.345,6.38
5112596.44,16274,0.127,3.978,4.105
5112611.95,16273,0.089,4.039,4.127
5112628.99,16272,0.081,4.112,4.193
5112633.77,16273,0.083,4.208,4.292
5112634.95,16274,2.857,5.868,8.725
5112641.07,16272,1.464,3.999,5.463
5112660.1,16273,0.067,3.989,4.056
5112699.69,16274,0.176,4.058,4.235
5112713.58,16272,0.123,5.503,5.626
5112757.17,16273,0.08,4.042,4.122
5112777.26,16274,0.078,4.034,4.113
5112809.74,16272,0.131,6.128,6.259
5112817.18,16273,0.08,6.052,6.132
5112821.47,16274,0.057,4.026,4.083
5112891.31,16272,0.11,4.054,4.164
5112944.2,16273,0.092,4.008,4.099
5112983.17,16274,0.186,4.215,4.402
5112990.89,16272,0.092,3.975,4.067
5113077.36,16273,0.158,5.957,6.115
5113128.56,16274,0.191,5.177,5.369
5113148.15,16272,0.127,4.964,5.092
5113180.2,16273,0.098,4.034,4.132
5113380.4,16274,1.461,4.16,5.621
5113498.57,16272,0.147,4.187,4.334
5113531.79,16273,0.1,4.926,5.027
5113585.33,16274,0.121,5.147,5.268
5113607.65,16272,0.101,5.49,5.591
5113670.97,16273,0.095,3.984,4.079
5113681.97,16274,0.078,4.484,4.562
5113857.49,16272,0.127,7.221,7.348
5113870.15,16273,0.165,4.12,4.285
5113891.31,16274,0.073,6.193,6.265
5113917.48,16272,0.075,4.228,4.303
5114050.41,16273,0.179,5.113,5.292
5114158.45,16274,0.275,4.196,4.471
5114188.41,16272,1.08,5.885,6.966
5114238.7,16273,0.177,4.206,4.383
5114297.31,16274,0.107,4.131,4.238
5114305.09,16272,0.093,3.932,4.025
5114310.34,16273,0.08,4.251,4.331
5114311.81,16274,0.062,4.023,4.085
5114350.49,16272,0.1,4.985,5.085
5114365.37,16273,1.038,5.273,6.312
5114480.5,16274,0.117,6.077,6.194
5114571.48,16272,0.166,6.338,6.504
5114657.48,16273,0.103,6.064,6.167
5114774.27,16274,0.117,4.086,4.203
5114829.12,16272,0.141,4.09,4.231
5115041.08,16273,0.215,5.677,5.892
5115132.07,16274,0.125,4.221,4.346
5115162.23,16272,2.08,4.084,6.165
5115221.0,16273,0.118,4.112,4.23
5115267.09,16274,1.039,4.988,6.026
5115407.22,16272,0.12,4.019,4.139
5115539.75,16273,0.119,4.086,4.205
5115547.35,16274,0.081,4.933,5.014
5115647.55,16272,0.135,6.374,6.51
5115773.05,16273,0.127,3.972,4.099
5115899.51,16274,0.123,4.31,4.433
5116019.54,16272,0.166,4.104,4.269
5116051.81,16273,0.124,4.168,4.291
5116147.18,16274,2.109,6.007,8.116
5116268.46,16272,0.158,4.215,4.374
5116435.23,16273,0.157,3.978,4.135
5116526.34,16274,0.124,3.963,4.088
5116532.15,16272,0.136,5.422,5.557
5116558.96,16273,0.107,6.085,6.191
5116657.68,16274,0.116,4.044,4.16
5116909.87,16272,0.155,4.711,4.866
5116964.54,16273,0.172,4.136,4.308
5117020.23,16274,0.142,4.005,4.147
5117054.15,16272,0.132,4.127,4.259
5117089.59,16273,0.111,3.949,4.059
5117099.79,16274,0.085,4.07,4.155
5117124.24,16272,0.075,4.116,4.19
5117130.38,16273,0.055,4.014,4.069
5117154.72,16274,0.075,5.593,5.668
5117174.41,16272,0.098,4.132,4.23
5117252.3,16273,0.2,4.049,4.249
5117263.27,16274,2.42,4.178,6.598
5117288.38,16272,0.082,4.243,4.325
5117362.06,16273,0.113,4.023,4.137
5117396.13,16274,0.094,3.97,4.064
5117401.14,16272,0.077,4.046,4.123
5117424.6,16273,0.074,3.984,4.058
5117439.59,16274,0.083,6.034,6.116
5117477.22,16272,0.099,4.193,4.292
5117480.39,16273,0.139,4.092,4.231
5117504.75,16274,0.096,5.093,5.19
5117507.63,16272,0.067,4.001,4.068
5117555.83,16274,0.123,7.56,7.683
5117556.26,16273,0.07,6.814,6.884
5117581.92,16272,0.078,4.294,4.372
5117667.36,16274,0.09,11.52,11.61
5117668.07,16273,0.06,9.435,9.495
5117673.12,16272,0.068,3.969,4.037
5117682.18,16274,0.056,4.974,5.03
5117688.99,16273,0.05,3.911,3.961
5117692.81,16272,0.063,4.049,4.112
5117704.15,16274,0.095,4.021,4.116
5117715.61,16273,0.647,5.445,6.092
5117724.86,16272,0.066,4.015,4.081
5117750.4,16274,0.074,6.025,6.099
5117754.53,16273,0.05,8.425,8.476
5117769.19,16272,2.945,4.027,6.972
5117771.14,16274,2.629,4.096,6.725
5117821.02,16273,0.142,5.212,5.355
5117836.53,16272,0.083,6.006,6.089
5117863.76,16274,2.052,5.659,7.711
5117909.75,16273,0.089,3.957,4.047
5117935.56,16272,0.14,4.01,4.149
5117942.21,16274,0.096,4.0,4.096
5117995.06,16273,0.158,6.193,6.351
5118010.12,16272,0.133,3.986,4.119
5118048.52,16274,0.146,4.334,4.48
5118066.8,16273,0.095,5.647,5.742
5118073.59,16272,3.562,6.644,10.206
5118084.64,16274,0.087,4.086,4.174
5118110.09,16273,2.026,4.019,6.044
5118136.53,16272,0.087,4.19,4.277
5118204.57,16274,0.142,4.346,4.488
5118223.62,16273,0.096,4.141,4.237
5118229.52,16272,0.21,5.212,5.422
5118306.46,16274,0.187,4.028,4.215
5118341.06,16273,0.112,6.104,6.216
5118359.34,16272,1.898,4.381,6.279
5118368.15,16274,1.26,4.07,5.33
5118379.79,16273,0.093,3.958,4.051
5118387.68,16272,0.064,3.946,4.01
5118450.08,16274,0.119,4.14,4.259
5118471.89,16273,0.104,3.996,4.1
5118478.85,16272,0.077,4.035,4.112
5118503.58,16274,0.088,3.965,4.053
5118532.47,16273,0.091,4.168,4.26
5118536.58,16273,0.142,4.021,4.163
5118538.62,16272,0.092,7.061,7.153
5118541.46,16274,0.618,4.788,5.406
5118574.03,16273,0.085,6.121,6.206
5118598.94,16272,0.149,7.723,7.872
5118601.31,16273,0.056,4.066,4.121
5118603.05,16274,0.657,7.987,8.644
5118613.08,16272,0.062,6.066,6.128
5118618.12,16273,0.07,4.069,4.138
5118635.21,16274,0.071,9.115,9.186
5118635.32,16272,0.058,6.304,6.362
5118641.21,16273,1.187,4.099,5.286
5118706.83,16274,0.604,5.162,5.766
5118707.45,16272,0.144,4.192,4.336
5118716.18,16273,0.073,6.066,6.139
5118754.17,16274,0.073,4.059,4.132
5118773.28,16272,0.095,4.168,4.264
5118786.15,16273,0.077,4.026,4.103
5118853.23,16274,0.103,5.111,5.214
5118891.98,16272,0.104,9.824,9.928
5118892.46,16273,0.061,6.244,6.305
5118934.9,16274,0.095,5.726,5.821
5118942.37,16272,0.11,6.159,6.269
5118967.2,16273,0.16,5.955,6.115
5118972.06,16274,0.097,4.132,4.228
5118972.58,16272,0.071,5.143,5.214
5118988.09,16273,0.105,4.014,4.119
5119017.62,16274,0.165,4.015,4.18
5119044.52,16272,0.138,4.044,4.182
5119123.22,16273,0.141,5.003,5.144
5119130.82,16274,0.102,4.078,4.18
5119147.18,16272,3.518,4.084,7.602
5119162.03,16273,0.091,4.136,4.227
5119170.82,16274,0.08,5.37,5.451
5119193.22,16272,0.095,5.065,5.16
5119207.04,16273,0.087,4.07,4.158
5119270.6,16274,0.102,5.825,5.927
5119276.86,16272,0.077,4.144,4.22
5119278.86,16273,0.058,4.095,4.153
5119286.69,16272,2.166,5.608,7.774
5119345.33,16274,0.116,4.519,4.635
5119363.24,16273,1.827,6.147,7.974
5119391.19,16272,0.079,4.054,4.133
5119405.03,16274,1.003,3.972,4.976
5119413.82,16273,0.067,3.988,4.055
5119456.08,16272,0.094,4.22,4.314
5119542.91,16274,1.937,4.724,6.661
5119648.16,16273,1.825,4.058,5.883
5119699.58,16272,0.141,6.152,6.293
5119735.33,16274,1.521,4.121,5.641
5119916.96,16273,0.116,4.183,4.299
5119929.11,16272,0.094,5.617,5.711
5120035.47,16274,0.16,4.061,4.221
5120046.16,16273,0.106,3.988,4.094
5120327.69,16272,0.159,6.425,6.584
5120354.69,16274,0.132,5.106,5.239
5120504.76,16273,0.169,4.466,4.635
5120624.0,16272,0.129,4.065,4.194
5120680.28,16274,0.115,3.99,4.105
5120785.6,16273,0.158,4.297,4.455
5120812.15,16272,0.099,3.989,4.088
5121008.23,16274,0.153,4.106,4.259
5121037.36,16273,0.133,6.132,6.265
5121121.03,16272,0.142,4.017,4.159
5121140.22,16274,0.097,4.066,4.163
5121247.15,16273,0.123,4.01,4.134
5121280.16,16272,1.045,4.047,5.092
5121325.84,16274,0.118,4.222,4.34
5121380.92,16273,0.106,4.006,4.112
5121405.04,16272,2.03,3.944,5.974
5121508.15,16274,1.035,6.022,7.057
5121513.15,16273,2.053,7.037,9.091
5121527.79,16272,0.12,5.989,6.109
5121633.6,16274,0.177,6.128,6.305
5121649.17,16273,0.089,4.032,4.122
5121716.14,16272,0.107,3.963,4.07
5121729.68,16274,0.094,4.051,4.145
5121788.2,16273,0.146,4.025,4.171
5121818.55,16272,0.162,4.156,4.318
5121825.19,16274,0.863,4.101,4.965
5121949.37,16273,0.11,4.149,4.259
5121965.51,16272,0.111,4.066,4.177
5121981.72,16274,0.155,4.183,4.338
5122020.03,16273,0.22,4.018,4.238
5122024.29,16272,0.087,6.011,6.098
5122053.37,16274,0.201,4.137,4.338
5122079.15,16273,2.903,4.102,7.005
5122145.36,16272,0.093,4.004,4.097
5122183.69,16274,0.085,4.061,4.147
5122230.65,16273,0.09,5.516,5.606
5122444.45,16272,0.162,4.065,4.227
5122447.39,16274,0.096,4.015,4.111
5122459.83,16272,0.124,6.171,6.295
5122464.04,16273,0.11,3.969,4.079
5122689.88,16274,0.168,3.919,4.087
5122723.3,16272,0.163,4.135,4.297
5122739.91,16273,0.096,4.258,4.355
5122780.08,16274,0.08,3.947,4.026
5122845.21,16272,0.078,4.17,4.248
5122941.19,16273,0.092,4.05,4.141
5123042.16,16274,0.16,5.024,5.185
5123042.55,16272,0.066,5.212,5.278
5123119.42,16273,0.113,5.104,5.217
5123197.5,16274,0.16,7.335,7.495
5123278.33,16273,0.1,6.994,7.094
5123277.99,16272,0.151,9.033,9.184
5123311.5,16274,1.364,6.044,7.408
5123412.23,16273,1.801,4.1,5.9
5123468.71,16272,0.175,6.324,6.499
5123483.84,16274,0.106,4.036,4.142
5123557.31,16273,0.129,4.152,4.28
5123652.14,16272,1.566,3.995,5.561
5123673.58,16274,0.09,3.974,4.064
5123691.09,16273,1.033,4.008,5.04
5123733.95,16272,0.088,3.98,4.068
5123858.23,16274,0.111,3.933,4.044
5123882.83,16272,0.06,6.086,6.147
5123885.16,16273,0.13,10.346,10.476
5123940.19,16274,0.09,3.995,4.085
5124003.39,16273,0.148,4.151,4.3
5124011.35,16272,0.088,4.191,4.279
5124039.34,16274,0.14,3.921,4.061
5124057.15,16273,2.186,4.094,6.28
5124127.4,16272,0.123,5.048,5.171
5124146.17,16274,0.089,6.03,6.119
5124155.05,16273,0.925,5.971,6.896
5124158.08,16274,0.049,3.96,4.009
5124158.78,16272,0.061,6.675,6.736
5124181.19,16273,0.782,4.128,4.91
5124186.2,16274,0.062,4.09,4.152
5124222.27,16272,0.111,6.027,6.138
5124231.51,16273,0.069,5.391,5.46
5124245.12,16274,2.093,5.971,8.063
5124249.24,16272,0.063,3.993,4.056
5124330.46,16273,0.125,6.258,6.383
5124330.54,16274,0.07,4.14,4.21
5124343.39,16272,0.094,4.217,4.311
5124381.11,16274,1.729,3.975,5.704
5124388.21,16272,0.065,3.971,4.036
5124388.51,16273,0.069,7.078,7.147
5124396.14,16274,0.067,4.03,4.097
5124413.08,16272,0.073,3.965,4.038
5124421.1,16273,1.046,4.005,5.051
5124450.88,16274,0.093,4.281,4.373
5124512.07,16272,0.872,3.943,4.814
5124519.26,16273,0.089,4.116,4.205
5124553.91,16274,0.072,4.789,4.861
5124595.6,16272,0.121,4.17,4.291
5124599.88,16273,0.922,4.034,4.956
5124622.05,16274,1.161,7.979,9.14
5124624.3,16272,2.637,8.146,10.784
5124667.0,16273,0.081,3.997,4.078
5124692.64,16274,0.102,4.328,4.429
5124695.52,16272,0.089,4.265,4.354
5124696.89,16274,0.587,4.161,4.747
5124730.19,16273,0.079,4.064,4.144
5124747.13,16272,0.134,3.947,4.081
5124753.02,16274,0.079,4.068,4.147
5124781.17,16273,2.202,7.062,9.264
5124784.08,16272,0.057,5.995,6.052
5124800.82,16274,0.065,6.038,6.102
5124824.55,16273,0.075,4.045,4.121
5124891.16,16272,0.088,6.139,6.227
5124892.14,16274,0.059,3.927,3.986
5124904.84,16273,0.093,5.026,5.119
5124921.71,16272,0.065,4.075,4.14
5124931.28,16274,0.07,4.062,4.132
5124940.68,16273,0.086,6.082,6.168
5124959.01,16272,0.11,6.079,6.189
5124980.17,16274,0.086,4.002,4.088
5124992.97,16273,0.136,4.048,4.184
5125001.68,16272,0.071,4.116,4.187
5125012.72,16274,0.085,4.062,4.147
5125032.17,16273,3.033,6.08,9.112
5125141.11,16272,0.129,4.158,4.287
5125154.66,16274,0.134,3.972,4.106
5125168.47,16273,0.083,3.967,4.05
5125208.83,16272,0.087,4.003,4.09
5125229.72,16274,0.067,4.125,4.192
5125237.39,16273,0.084,4.007,4.091
5125281.09,16272,0.068,3.983,4.051
5125373.87,16274,0.159,4.046,4.205
5125379.22,16273,0.085,5.006,5.091
5125398.21,16272,2.717,6.074,8.791
5125430.76,16274,0.094,4.148,4.242
5125439.32,16273,0.069,6.171,6.24
5125447.36,16272,0.072,4.05,4.122
5125476.67,16274,0.072,3.978,4.05
5125485.06,16273,0.063,5.948,6.011
5125500.11,16272,0.075,3.995,4.07
5125565.4,16274,0.101,4.242,4.342
5125581.31,16273,0.087,4.171,4.258
5125604.12,16272,0.082,4.043,4.125
5125608.26,16274,0.061,4.012,4.073
5125622.25,16273,0.064,5.141,5.205
5125688.09,16272,0.09,4.169,4.258
5125731.18,16274,0.081,4.052,4.133
5125737.34,16273,2.131,6.037,8.167
5125753.37,16272,0.067,4.14,4.208
5125774.1,16274,0.077,4.055,4.132
5125779.26,16273,0.059,5.04,5.099
5125822.7,16272,0.101,4.146,4.247
5125841.85,16274,0.13,4.106,4.236
5125862.17,16273,0.085,6.033,6.117
5125892.07,16273,0.058,3.969,4.027
5125892.1,16272,1.346,10.022,11.367
5125892.18,16274,1.531,8.117,9.649
5125898.06,16273,0.077,3.909,3.986
5125972.99,16272,0.093,4.101,4.194
5125983.79,16274,0.139,4.03,4.17
5125996.32,16273,0.085,3.979,4.064
5126050.05,16272,0.227,4.05,4.277
5126094.22,16274,0.112,5.032,5.144
5126106.07,16273,0.086,3.922,4.008
5126152.65,16272,0.125,4.118,4.243
5126181.28,16274,2.084,4.137,6.221
5126215.12,16273,0.107,3.96,4.067
5126225.78,16272,0.196,6.473,6.669
5126227.91,16274,2.022,4.851,6.873
5126271.2,16273,0.08,4.071,4.151
5126276.65,16272,0.068,6.062,6.131
5126289.73,16273,0.192,4.15,4.342
5126308.49,16274,0.234,4.148,4.382
5126318.85,16272,0.212,6.215,6.427
5126322.42,16273,0.171,4.163,4.334
5126343.19,16274,0.113,9.007,9.12
5126343.89,16272,0.101,6.233,6.334
5126355.31,16273,0.086,4.169,4.256
5126402.16,16274,0.21,6.451,6.66
5126455.28,16272,0.102,4.108,4.21
5126458.36,16273,0.068,5.111,5.18
5126501.51,16274,0.095,4.068,4.163
5126535.35,16272,1.452,4.211,5.662
5126542.36,16273,0.132,4.347,4.479
5126546.27,16274,0.077,4.005,4.081
5126589.15,16273,0.083,5.918,6.001
5126593.81,16272,0.077,4.241,4.318
5126638.79,16274,0.086,3.977,4.063
5126644.09,16273,0.102,5.131,5.233
5126651.8,16274,0.081,6.531,6.612
5126653.95,16272,0.072,4.777,4.849
5126687.27,16273,0.083,6.095,6.178
5126693.37,16274,0.152,5.888,6.039
5126704.58,16272,0.064,6.003,6.067
5126729.08,16273,0.087,4.007,4.093
5126772.16,16274,0.092,3.98,4.073
5126796.17,16272,0.104,6.995,7.099
5126800.22,16273,0.059,6.119,6.178
5126808.7,16274,0.06,5.08,5.14
5126880.8,16272,0.075,5.023,5.098
5126922.92,16273,0.079,3.995,4.073
5126950.19,16274,0.083,5.983,6.065
5126960.03,16272,0.076,4.099,4.175
5126975.98,16273,0.08,5.078,5.158
5126982.19,16274,0.484,6.029,6.513
5127002.62,16272,0.156,4.067,4.223
5127040.53,16273,0.133,4.166,4.299
5127044.76,16274,0.093,3.981,4.073
5127065.18,16272,0.697,6.056,6.753
5127120.58,16273,0.085,4.112,4.197
5127161.27,16274,0.098,5.106,5.205
5127191.1,16272,0.092,8.025,8.116
5127193.24,16273,0.06,8.091,8.151
5127212.11,16274,0.099,7.028,7.126
5127243.47,16272,0.084,4.044,4.127
5127247.58,16273,0.556,3.984,4.541
5127251.7,16274,1.192,3.967,5.159
5127329.31,16272,0.09,6.132,6.222
5127335.1,16273,0.079,5.491,5.57
5127345.78,16274,0.535,5.599,6.134
5127352.82,16272,0.069,6.12,6.189
5127417.99,16273,0.172,4.023,4.194
5127645.58,16274,0.298,6.192,6.491
5127697.27,16272,2.324,4.094,6.417
5127717.44,16273,0.121,4.031,4.152
5127811.2,16274,2.167,6.062,8.229
5128112.34,16272,0.137,6.107,6.243
5128244.14,16273,0.118,3.952,4.07
5128299.9,16274,2.042,4.792,6.834
5128466.92,16272,0.227,4.248,4.475
5128480.15,16273,0.09,4.849,4.939
5128485.87,16274,0.077,4.396,4.473
5128704.46,16272,0.166,5.056,5.222
5128717.19,16273,0.109,4.085,4.194
5128725.39,16274,0.084,3.965,4.049
5128830.21,16272,2.049,4.074,6.123
5128851.52,16273,0.101,4.01,4.11
5128865.76,16274,0.103,6.09,6.193
5128938.33,16272,0.097,4.217,4.314
5128965.34,16273,0.105,3.936,4.041
5129166.85,16274,0.154,4.062,4.216
5129193.2,16272,0.162,5.029,5.19
5129229.08,16273,0.132,4.06,4.192
5129354.22,16274,0.123,6.03,6.153
5129368.69,16272,0.099,4.423,4.522
5129394.43,16273,0.104,4.073,4.177
5129648.96,16274,0.162,4.017,4.179
5129684.43,16272,0.186,4.133,4.319
5129716.18,16273,0.113,4.009,4.122
5129724.66,16274,0.092,3.984,4.076
5129762.49,16272,0.106,4.149,4.255
5129809.97,16273,0.105,4.185,4.29
5129816.14,16274,1.058,6.029,7.088
5129873.04,16273,0.088,4.184,4.272
5130070.4,16272,0.209,4.108,4.317
5130082.07,16274,0.108,5.071,5.18
5130260.68,16273,0.139,4.068,4.207
5130267.08,16272,0.096,3.925,4.021
5130383.14,16274,1.663,6.016,7.678
5130599.82,16273,0.146,6.085,6.231
5130658.7,16272,0.136,4.068,4.205
5130754.62,16274,0.154,6.004,6.158
5130782.4,16273,0.113,4.227,4.339
5130845.07,16272,0.131,3.961,4.092
5130907.55,16274,0.146,4.073,4.219
5130932.36,16273,0.082,5.2,5.282
5131073.4,16272,0.138,4.011,4.149
5131093.25,16274,0.142,4.302,4.443
5131183.16,16273,0.111,6.044,6.154
5131277.71,16272,0.122,3.969,4.091
5131427.48,16274,0.145,6.203,6.347
5131467.36,16273,0.113,3.91,4.023
5131504.35,16272,0.21,4.199,4.409
5131538.45,16274,1.658,4.284,5.942
5131624.08,16273,0.164,4.188,4.352
5131657.58,16272,0.195,7.295,7.491
5131716.91,16274,0.151,4.005,4.156
5131745.71,16273,0.111,7.041,7.152
5131750.69,16272,0.077,5.102,5.179
5131777.38,16273,0.116,4.019,4.136
5131828.76,16274,0.12,5.075,5.194
5131869.04,16272,0.114,4.135,4.249
5131880.72,16273,0.14,3.946,4.086
5131892.69,16274,0.08,6.117,6.197
5131901.1,16272,0.076,5.97,6.046
5131961.34,16273,0.088,4.095,4.184
5131972.24,16274,0.092,8.116,8.208
5131985.18,16272,2.346,6.066,8.413
5132009.54,16273,0.187,4.43,4.616
5132017.3,16274,0.103,4.032,4.135
5132025.13,16272,0.099,3.991,4.091
5132074.93,16273,0.178,4.033,4.211
5132090.44,16274,1.93,6.31,8.24
5132179.42,16272,0.122,4.219,4.341
5132198.51,16273,0.097,4.101,4.198
5132262.32,16274,0.153,4.322,4.475
5132304.09,16272,0.09,4.085,4.176
5132337.19,16273,0.081,4.071,4.151
5132367.19,16274,0.083,6.054,6.137
5132378.71,16272,0.077,4.131,4.209
5132386.22,16273,0.143,3.943,4.087
5132394.19,16274,0.079,5.049,5.128
5132457.96,16272,0.161,5.103,5.264
5132483.04,16273,4.072,3.955,8.027
5132498.37,16274,0.097,4.063,4.16
5132557.38,16272,0.118,4.201,4.318
5132629.34,16273,0.092,4.075,4.167
5132637.76,16274,0.081,4.027,4.108
5132643.05,16272,0.084,3.922,4.006
5132648.94,16273,0.903,3.892,4.794
5132662.06,16274,0.075,5.937,6.012
5132697.08,16272,0.087,8.0,8.088
5132697.2,16273,0.05,5.115,5.165
5132706.15,16274,0.068,4.037,4.105
5132737.17,16272,1.079,4.091,5.17
5132753.81,16273,0.087,4.017,4.104
5132756.5,16274,0.08,4.016,4.096
5132799.75,16272,0.096,4.11,4.206
5132849.52,16273,0.089,4.276,4.365
5132911.24,16274,0.085,6.1,6.185
5132947.66,16272,1.237,3.984,5.222
5133003.38,16273,1.579,4.24,5.819
5133018.13,16274,0.153,7.048,7.2
5133067.5,16272,0.156,4.019,4.175
5133067.75,16273,0.145,3.94,4.085
5133081.68,16274,1.521,6.548,8.069
5133107.56,16272,0.09,4.039,4.129
5133145.99,16273,0.115,4.035,4.15
5133210.23,16274,0.087,4.089,4.175
5133286.94,16272,0.111,4.182,4.293
5133289.93,16273,0.864,4.01,4.873
5133589.51,16274,0.156,3.998,4.154
5133608.52,16272,0.115,4.081,4.196
5133622.87,16273,0.099,4.113,4.212
5133688.2,16274,0.137,4.112,4.249
5133738.24,16272,0.108,6.06,6.167
5133971.75,16273,0.25,4.126,4.376
5134019.25,16274,0.139,6.049,6.188
5134020.5,16272,0.068,4.367,4.434
5134166.49,16273,0.233,6.332,6.564
5134202.9,16274,0.117,4.123,4.241
5134233.34,16272,0.109,4.058,4.167
5134264.59,16273,1.171,5.512,6.683
5134360.77,16274,0.097,4.019,4.116
5134372.04,16272,0.073,4.144,4.217
5134469.31,16273,1.998,4.244,6.241
5134523.82,16274,0.201,4.119,4.32
5134607.3,16272,0.12,4.054,4.175
5134611.91,16273,0.087,4.265,4.352
5134668.26,16274,1.694,4.082,5.776
5134735.59,16272,0.119,3.965,4.084
5134756.22,16273,0.141,4.015,4.155
5134935.95,16274,0.138,4.019,4.157
5134944.26,16272,0.099,6.071,6.17
5135079.21,16273,1.029,4.08,5.109
5135089.96,16274,0.113,4.071,4.184
5135093.12,16272,0.067,3.991,4.058
5135098.94,16273,0.088,5.643,5.73
5135162.25,16274,0.162,4.232,4.395
5135204.14,16272,0.15,4.041,4.191
5135255.13,16273,0.099,4.972,5.07
5135266.79,16274,0.073,4.992,5.064
5135314.96,16272,0.101,4.036,4.137
5135448.17,16273,1.034,4.083,5.117
5135512.26,16274,0.14,4.085,4.225
5135545.43,16272,0.121,3.949,4.07
5135716.05,16273,2.54,3.898,6.438
5135792.14,16274,0.128,3.937,4.066
5135798.22,16272,0.07,4.08,4.15
5135833.36,16273,0.178,3.973,4.151
5135984.48,16274,0.343,4.154,4.497
5136051.24,16272,0.136,6.033,6.168
5136072.11,16273,0.148,4.009,4.157
5136209.73,16274,0.133,4.117,4.25
5136302.54,16272,0.107,3.983,4.089
5136370.82,16273,0.113,6.031,6.145
5136421.33,16274,0.114,6.158,6.272
5136494.96,16272,0.103,4.008,4.11
5136563.31,16273,0.172,5.799,5.971
5136591.98,16274,0.105,4.112,4.217
5136614.36,16272,0.082,3.969,4.051
5136700.1,16273,0.13,4.138,4.268
5136927.26,16274,0.152,4.025,4.177
5136935.33,16272,0.153,4.39,4.543
5137157.98,16273,0.151,4.208,4.36
5137190.39,16274,1.002,4.101,5.103
5137194.22,16272,0.082,4.079,4.161
5137196.98,16273,0.073,4.194,4.266
5137226.01,16272,0.108,6.165,6.273
5137259.14,16274,2.306,6.025,8.331
5137280.54,16273,0.187,4.163,4.35
5137417.64,16272,0.096,6.143,6.239
5137449.95,16274,0.082,5.429,5.51
5137467.51,16273,0.087,4.035,4.122
5137473.11,16272,0.092,5.052,5.144
5137530.87,16274,0.074,4.158,4.232
5137583.8,16273,0.134,3.985,4.118
5137764.13,16272,2.053,3.998,6.05
5137893.32,16274,0.145,4.09,4.234
5138033.73,16273,0.156,3.92,4.077
5138053.16,16272,0.131,3.962,4.093
5138089.28,16274,0.183,4.046,4.23
5138116.26,16273,0.157,4.184,4.341
5138293.95,16272,1.415,5.753,7.168
5138302.85,16274,0.09,6.692,6.782
5138348.59,16273,0.168,4.027,4.195
5138358.51,16272,0.109,4.025,4.133
5138366.51,16274,0.156,4.083,4.24
5138374.28,16273,0.102,6.056,6.158
5138573.56,16272,0.168,4.009,4.176
5138661.38,16274,1.073,4.115,5.187
5138673.28,16273,2.097,4.119,6.216
5138736.1,16272,1.513,4.02,5.533
5138739.24,16274,0.094,3.97,4.064
5138751.72,16272,0.085,4.108,4.193
5138756.82,16273,0.063,4.106,4.169
5138780.17,16274,0.08,6.035,6.115
5138820.21,16272,0.165,4.338,4.504
5138823.7,16273,0.133,4.367,4.5
5138948.54,16274,0.147,4.026,4.173
5138960.27,16272,0.079,4.14,4.219
5139213.3,16273,2.099,4.164,6.264
5139237.28,16274,0.119,5.097,5.215
5139299.04,16272,0.136,4.084,4.22
5139463.84,16273,0.153,5.148,5.301
5139501.16,16274,0.157,3.922,4.079
5139543.53,16272,0.149,4.087,4.236
5139613.34,16273,0.154,7.695,7.849
5139613.0,16272,0.118,4.064,4.182
5139613.91,16274,0.063,6.456,6.519
5139841.12,16273,0.24,6.007,6.247
5140045.48,16272,0.175,8.192,8.366
5140163.04,16274,1.045,5.888,6.933
5140252.5,16273,0.177,4.033,4.21
5140282.21,16272,2.086,6.062,8.148
5140361.27,16274,0.126,4.266,4.392
5140380.93,16273,0.104,4.058,4.162
5140429.93,16272,0.092,4.099,4.191
5140522.18,16274,0.088,4.034,4.122
5140555.48,16273,0.119,4.167,4.286
5140569.23,16272,0.09,4.078,4.168
5140601.6,16274,0.078,5.99,6.068
5140626.57,16273,0.112,6.187,6.299
5140742.89,16272,0.18,5.107,5.288
5140763.55,16274,2.116,5.38,7.496
5140785.15,16273,0.086,4.007,4.092
5140939.41,16272,0.114,4.11,4.223
5140944.42,16274,0.083,4.049,4.132
5141003.46,16273,0.982,6.208,7.189
5141071.29,16272,2.094,4.102,6.195
5141094.74,16274,0.134,5.951,6.085
5141180.28,16273,0.129,5.781,5.91
5141265.96,16272,0.151,4.243,4.393
5141424.4,16274,0.175,4.132,4.307
5141611.42,16273,0.14,5.836,5.976
5141660.38,16272,0.121,3.967,4.088
5141728.3,16274,0.128,4.08,4.208
5141794.98,16273,0.144,4.179,4.323
5141799.87,16272,0.086,4.069,4.155
5141921.03,16274,0.153,3.991,4.144
5141956.73,16273,0.259,6.524,6.783
5141987.36,16272,0.114,5.096,5.21
5142002.61,16274,0.12,4.1,4.221
5142177.16,16273,0.149,4.325,4.473
5142208.41,16272,0.13,5.43,5.56
5142233.8,16274,0.474,4.314,4.788
5142264.71,16273,0.174,5.018,5.192
5142363.86,16272,3.118,5.672,8.791
5142369.91,16274,0.095,4.058,4.153
5142397.03,16273,0.075,4.275,4.35
5142405.36,16272,0.073,3.919,3.992
5142538.85,16274,0.122,9.731,9.853
5142540.0,16273,0.081,7.864,7.945
5142619.37,16272,0.104,6.201,6.304
5142734.48,16274,0.25,5.289,5.539
5142777.22,16273,0.166,3.947,4.113
5142792.25,16272,0.111,6.072,6.183
5142840.33,16274,0.106,4.125,4.231
5142849.87,16273,0.09,3.986,4.075
5142865.96,16272,0.1,4.116,4.216
5142901.85,16274,0.093,4.404,4.497
5143134.22,16273,0.153,5.873,6.026
5143139.16,16272,0.079,6.019,6.098
5143154.36,16274,0.096,4.033,4.129
5143159.21,16273,0.056,4.112,4.168
5143166.04,16272,0.058,3.992,4.051
5143206.66,16274,0.111,4.163,4.274
5143211.47,16273,0.095,4.106,4.2
5143215.12,16272,0.068,4.144,4.212
5143241.21,16273,0.112,7.619,7.731
5143248.08,16274,2.035,6.996,9.031
5143269.41,16273,0.124,7.241,7.364
5143270.14,16272,0.047,4.054,4.101
5143285.3,16274,0.082,4.027,4.11
5143339.64,16273,0.098,4.152,4.25
5143347.78,16272,0.067,6.003,6.07
5143352.03,16274,0.058,4.1,4.158
5143376.21,16273,0.129,4.796,4.926
5143421.17,16272,0.074,6.049,6.123
5143445.42,16274,0.102,3.962,4.064
5143453.15,16273,1.709,4.03,5.739
5143481.7,16272,0.09,4.006,4.096
5143502.59,16274,0.071,5.475,5.546
5143506.74,16273,0.06,4.03,4.09
5143512.06,16272,0.061,5.137,5.198
5143545.43,16274,0.16,4.033,4.193
5143556.59,16273,0.063,4.052,4.115
5143566.22,16272,1.711,4.138,5.849
5143583.09,16274,0.062,3.986,4.048
5143712.28,16273,0.154,4.018,4.172
5143719.64,16272,0.116,5.279,5.395
5143724.82,16274,0.095,4.046,4.141
5143746.77,16273,0.095,4.021,4.116
5143766.09,16272,1.118,3.972,5.09
5143782.47,16274,0.068,4.042,4.11
5143862.86,16273,0.087,4.073,4.16
5143898.66,16272,0.536,9.067,9.604
5143903.1,16274,0.784,6.976,7.76
5143920.94,16273,0.071,4.08,4.151
5143928.0,16272,0.078,4.365,4.443
5143952.48,16274,0.103,4.179,4.282
5143958.41,16273,0.07,5.761,5.831
5143971.29,16272,0.067,5.083,5.15
5144045.23,16274,0.144,4.074,4.218
5144075.13,16273,0.905,3.975,4.88
5144098.23,16272,0.169,6.219,6.388
5144110.33,16274,0.089,5.846,5.935
5144133.43,16273,0.097,6.27,6.367
5144157.9,16272,0.142,4.381,4.523
5144167.77,16274,0.139,6.052,6.191
5144230.92,16273,0.117,4.285,4.402
5144287.21,16272,2.001,10.156,12.157
5144287.69,16274,2.048,8.413,10.46
5144290.83,16273,0.063,3.965,4.028
5144298.33,16272,1.18,6.205,7.385
5144315.93,16274,0.139,6.093,6.233
5144347.48,16273,0.157,4.054,4.211
5144353.19,16272,0.157,3.941,4.098
5144363.39,16274,0.925,4.236,5.161
5144377.93,16273,0.118,4.043,4.162
5144434.16,16272,0.163,4.039,4.202
5144452.02,16274,0.123,4.147,4.27
5144491.01,16273,1.863,5.107,6.97
5144492.25,16272,2.268,4.142,6.41
5144530.55,16274,0.177,4.011,4.188
5144534.96,16273,0.12,4.068,4.188
5144557.25,16272,1.922,6.089,8.011
5144575.16,16274,0.084,5.023,5.107
5144589.21,16273,0.09,6.066,6.156
5144615.33,16272,0.078,4.094,4.172
5144622.97,16274,0.076,4.023,4.098
5144654.13,16273,0.078,4.005,4.083
5144706.34,16272,0.084,4.487,4.571
5144758.29,16274,0.164,4.135,4.3
5144762.94,16273,4.096,4.419,8.515
5144805.82,16272,2.073,7.688,9.762
5144808.21,16274,1.943,6.128,8.07
5144820.5,16273,0.083,4.172,4.255
5144844.17,16272,0.077,4.042,4.119
5144867.98,16274,0.09,4.028,4.118
5144879.02,16273,0.091,4.061,4.152
5144884.4,16272,0.069,5.073,5.141
5144888.57,16274,0.07,3.995,4.065
5144929.81,16273,0.643,5.213,5.857
5144959.37,16272,0.086,4.028,4.113
5144975.85,16274,0.074,4.004,4.078
5144982.77,16272,0.058,3.924,3.982
5144983.98,16273,0.061,6.129,6.19
5145005.26,16274,0.072,3.976,4.048
5145010.64,16272,0.053,4.014,4.067
5145014.99,16273,1.934,4.011,5.945
5145072.3,16274,0.197,4.035,4.232
5145077.6,16272,0.092,4.029,4.121
5145107.75,16273,0.105,4.227,4.332
5145109.18,16274,0.061,4.033,4.095
5145119.54,16272,0.074,4.043,4.117
5145135.73,16273,1.566,5.994,7.56
5145157.26,16274,0.2,4.034,4.234
5145163.12,16272,0.082,3.981,4.063
5145182.09,16274,0.07,4.096,4.166
5145182.54,16273,0.081,6.06,6.142
5145187.32,16272,0.07,4.049,4.119
5145213.06,16274,0.077,4.028,4.105
5145248.08,16273,2.15,5.998,8.148
5145255.3,16272,0.071,4.087,4.157
5145259.48,16274,0.065,3.944,4.009
5145292.18,16273,0.135,5.966,6.101
5145312.38,16272,0.067,6.001,6.068
5145343.15,16274,0.088,4.102,4.191
5145437.3,16273,0.085,4.146,4.231
5145461.63,16272,0.065,4.033,4.098
5145472.38,16274,0.063,5.619,5.681
5145662.38,16273,0.202,3.94,4.142
5145683.93,16272,0.11,4.086,4.196
5145691.26,16274,0.092,4.103,4.196
5145718.68,16273,0.08,3.998,4.078
5145724.67,16272,0.089,4.061,4.15
5145736.69,16274,0.074,4.556,4.63
5145747.51,16273,0.074,3.958,4.032
5145800.89,16272,0.079,6.896,6.976
5145804.07,16274,0.091,6.155,6.246
5145828.13,16273,0.083,3.995,4.078
5145855.73,16272,0.134,6.015,6.149
5145874.35,16274,0.093,4.198,4.291
5145897.85,16273,0.273,6.135,6.407
5145945.2,16272,1.208,6.1,7.308
5145973.04,16273,0.083,4.015,4.098
5145973.24,16274,0.093,6.089,6.182
5145992.49,16272,0.082,4.046,4.128
5145998.98,16273,0.082,3.956,4.038
5146016.45,16274,0.108,4.006,4.115
5146089.26,16272,0.152,3.999,4.15
5146120.92,16273,0.124,4.086,4.21
5146153.19,16274,1.096,4.046,5.142
5146160.02,16272,0.126,5.963,6.089
5146201.77,16273,0.089,6.33,6.419
5146210.31,16274,0.079,3.961,4.039
5146269.28,16272,0.087,4.137,4.223
5146281.75,16273,0.074,3.922,3.996
5146299.94,16274,0.079,3.91,3.989
5146316.3,16272,0.08,5.994,6.075
5146331.98,16273,0.081,6.033,6.114
5146352.14,16274,0.09,4.03,4.12
5146373.54,16272,0.119,6.067,6.186
5146383.17,16273,0.086,4.022,4.108
5146411.76,16274,0.079,5.041,5.12
5146431.55,16272,0.081,4.424,4.505
5146435.87,16273,0.062,4.057,4.119
5146441.53,16274,0.084,4.085,4.168
5146460.19,16272,0.085,4.047,4.133
5146466.56,16273,0.068,6.108,6.177
5146470.78,16274,0.054,4.008,4.061
5146475.38,16272,0.081,5.974,6.055
5146579.15,16273,0.092,6.0,6.092
5146623.13,16274,0.142,4.238,4.38
5146633.58,16272,0.125,4.083,4.208
5146680.22,16273,1.646,4.085,5.731
5146690.07,16274,2.121,4.008,6.129
5146711.93,16272,0.122,3.997,4.119
5146740.94,16273,0.082,9.821,9.903
5146741.45,16274,0.437,8.389,8.826
5146745.44,16272,0.055,7.502,7.557
5146747.68,16273,1.017,4.626,5.643
5146861.93,16274,0.13,4.024,4.154
5146876.81,16272,0.092,6.052,6.144
5146878.95,16273,2.258,5.865,8.123
5146889.99,16274,0.096,6.332,6.428
5146891.91,16272,0.059,5.064,5.123
5146970.85,16273,0.204,4.204,4.408
5146993.41,16274,0.073,9.292,9.366
5146995.11,16272,0.052,6.313,6.364
5146998.78,16273,1.822,6.102,7.924
5147007.03,16274,0.09,3.894,3.984
5147025.69,16272,0.077,5.978,6.055
5147032.9,16273,0.2,3.993,4.193
5147040.69,16274,0.077,5.076,5.154
5147057.57,16272,0.131,3.991,4.123
5147077.99,16273,0.105,3.903,4.008
5147089.22,16274,1.574,4.097,5.671
5147130.52,16272,2.003,3.97,5.973
5147186.17,16273,0.146,4.723,4.869
5147222.38,16274,0.118,3.997,4.115
5147263.08,16272,0.095,5.922,6.017
5147317.55,16273,0.248,4.078,4.326
5147330.59,16274,0.142,4.401,4.543
5147346.93,16272,0.086,7.776,7.861
5147507.77,16273,0.158,6.091,6.249
5147536.25,16274,1.573,4.058,5.631
5147564.81,16272,0.069,4.083,4.152
5147577.13,16273,0.081,3.991,4.072
5147595.19,16274,1.048,4.091,5.139
5147613.85,16272,0.059,4.021,4.08
5147628.3,16274,0.674,6.208,6.883
5147628.43,16273,0.074,5.957,6.031
5147633.84,16272,0.099,4.232,4.331
5147656.26,16274,0.705,4.012,4.716
5147677.13,16273,2.035,4.043,6.078
5147704.67,16272,0.07,4.04,4.109
5147831.97,16274,0.146,4.262,4.407
5147917.37,16273,0.123,4.158,4.281
5147959.07,16272,0.155,4.166,4.321
5148104.75,16274,0.172,4.184,4.356
5148176.3,16273,0.156,4.323,4.479
5148257.45,16272,0.139,5.056,5.195
5148262.39,16274,0.075,6.253,6.328
5148283.77,16273,0.104,4.024,4.128
5148317.63,16272,0.103,6.007,6.109
5148323.12,16274,0.068,4.135,4.203
5148334.9,16273,0.077,6.456,6.533
5148369.11,16272,0.14,3.918,4.058
5148379.52,16274,0.075,3.997,4.072
5148426.6,16273,0.091,4.168,4.259
5148454.59,16272,0.176,4.026,4.203
5148455.09,16274,0.055,3.991,4.047
5148472.51,16273,0.072,3.92,3.992
5148510.53,16272,0.081,6.053,6.134
5148524.16,16274,0.056,4.058,4.113
5148548.76,16273,0.082,4.008,4.09
5148595.56,16272,0.575,4.021,4.597
5148607.15,16274,0.088,4.077,4.165
5148611.5,16273,0.077,4.08,4.157
5148621.73,16272,0.081,4.057,4.138
5148625.38,16274,0.101,6.269,6.37
5148692.12,16273,0.156,4.184,4.34
5148693.7,16272,0.107,4.064,4.172
5148721.35,16274,0.096,4.087,4.183
5148757.17,16273,1.532,4.069,5.601
5148779.17,16272,0.085,4.023,4.108
5148786.3,16274,3.04,6.202,9.242
5148879.12,16273,0.099,3.966,4.065
5148903.21,16272,0.11,4.185,4.295
5148909.1,16274,0.066,4.993,5.058
5148986.86,16273,0.101,3.998,4.099
5148991.9,16272,0.068,3.995,4.064
5149017.01,16274,0.104,4.346,4.45
5149036.46,16273,0.116,4.271,4.387
5149048.36,16272,0.107,4.025,4.132
5149147.36,16274,1.049,4.122,5.171
5149157.26,16273,0.131,4.135,4.266
5149165.96,16272,0.087,4.063,4.15
5149218.17,16274,0.091,4.018,4.109
5149233.86,16273,0.094,3.99,4.084
5149242.08,16274,0.082,4.272,4.355
5149243.16,16272,0.077,7.369,7.446
5149270.85,16273,0.122,5.53,5.652
5149286.11,16274,1.066,5.993,7.059
5149330.65,16272,0.15,6.405,6.555
5149337.25,16273,5.33,4.087,9.417
5149364.17,16274,1.818,6.045,7.863
5149392.89,16272,0.151,7.032,7.184
5149394.28,16273,0.066,6.112,6.178
5149404.16,16274,0.111,8.111,8.222
5149474.28,16273,0.174,4.038,4.211
5149520.13,16272,0.139,8.28,8.418
5149526.42,16274,0.09,5.987,6.077
5149615.01,16273,0.12,5.107,5.227
5149634.36,16272,0.129,4.269,4.398
5149638.79,16274,0.1,4.095,4.195
5149644.26,16273,0.087,4.052,4.139
5149656.44,16272,0.074,4.308,4.382
5149660.85,16274,0.072,5.621,5.693
5149667.06,16272,2.176,3.972,6.148
5149669.31,16273,0.07,4.095,4.165
5149683.17,16274,1.915,4.102,6.018
5149726.94,16272,0.103,4.768,4.871
5149728.17,16273,0.06,4.055,4.115
5149775.82,16274,0.089,4.029,4.118
5149812.22,16272,0.123,4.027,4.15
5149827.03,16273,0.105,4.265,4.37
5149869.16,16274,0.084,4.029,4.113
5149919.82,16272,0.093,3.945,4.037
5149955.19,16273,0.093,4.04,4.134
5149988.3,16274,0.082,3.955,4.037
5150025.23,16272,0.113,8.01,8.122
5150086.92,16273,0.144,4.09,4.234
5150133.21,16274,0.141,3.996,4.137
5150138.33,16272,0.19,4.206,4.396
5150150.94,16273,0.088,8.041,8.129
5150151.4,16274,0.06,5.099,5.159
5150174.2,16272,0.088,5.098,5.185
5150182.49,16273,0.073,5.03,5.103
5150202.06,16274,0.066,4.077,4.143
5150213.71,16272,0.056,4.081,4.137
5150251.75,16273,0.087,4.479,4.566
5150256.08,16274,2.023,4.002,6.025
5150269.83,16272,0.082,4.07,4.152
5150274.05,16273,1.89,4.054,5.944
5150301.01,16274,0.608,5.938,6.547
5150307.37,16272,0.074,4.211,4.284
5150335.09,16273,0.083,4.058,4.14
5150342.29,16274,0.062,7.032,7.094
5150358.43,16272,0.08,3.945,4.025
5150371.79,16273,1.07,4.178,5.248
5150394.63,16274,0.087,4.284,4.371
5150403.7,16272,0.081,4.981,5.062
5150425.09,16273,0.086,7.226,7.312
5150426.15,16274,0.074,6.027,6.101
5150426.97,16272,0.046,4.126,4.172
5150433.32,16273,0.056,5.222,5.278
5150433.91,16274,0.064,5.035,5.099
5150440.04,16272,0.053,6.022,6.075
5150443.22,16273,0.047,5.138,5.185
5150458.01,16274,0.071,3.895,3.966
5150466.14,16272,0.064,4.034,4.098
5150478.1,16273,0.066,3.983,4.049
5150526.49,16274,0.095,4.228,4.324
5150550.15,16272,1.431,4.078,5.509
5150577.18,16273,0.073,5.069,5.142
5150599.29,16274,0.099,4.129,4.229
5150611.94,16272,0.217,4.035,4.252
5150680.87,16273,0.1,4.724,4.823
5150813.39,16274,1.085,7.23,8.315
5150877.4,16272,1.346,6.25,7.596
5150889.04,16273,0.077,5.106,5.183
5150896.28,16274,0.123,5.916,6.039
5151005.98,16272,0.088,4.174,4.262
5151018.05,16273,0.102,4.334,4.436
5151116.4,16274,0.141,5.178,5.319
5151153.86,16272,0.12,4.022,4.142
5151209.27,16273,1.919,4.2,6.119
5151266.55,16274,0.101,5.163,5.264
5151270.54,16272,0.079,4.125,4.204
5151339.83,16273,0.121,10.988,11.109
5151341.01,16274,0.869,9.346,10.216
5151348.42,16272,0.093,4.037,4.13
5151358.19,16273,0.109,9.581,9.69
5151361.08,16274,0.064,8.8,8.864
5151361.41,16272,0.059,4.06,4.119
5151385.52,16273,0.104,8.141,8.245
5151386.99,16274,0.052,8.972,9.024
5151395.24,16272,0.073,3.974,4.047
5151409.4,16273,0.073,4.281,4.354
5151437.38,16274,0.076,4.068,4.144
5151548.79,16272,0.091,4.031,4.122
5151556.85,16273,0.11,6.153,6.263
5151563.2,16274,0.085,7.066,7.15
5151576.21,16272,0.078,5.082,5.16
5151606.57,16273,2.48,4.042,6.523
5151615.37,16274,0.062,3.98,4.042
5151634.61,16272,0.166,3.941,4.107
5151687.96,16273,0.093,4.061,4.155
5151712.56,16274,0.099,5.989,6.088
5151720.07,16272,0.895,4.018,4.913
5151724.64,16273,0.084,3.96,4.043
5151750.85,16274,0.086,5.787,5.872
5151761.08,16272,0.142,5.507,5.649
5151795.7,16273,0.076,4.067,4.143
5151852.04,16274,0.16,6.8,6.96
5151852.34,16272,0.074,4.099,4.172
5151885.18,16273,0.132,3.98,4.112
5151895.1,16274,0.091,3.971,4.063
5151920.28,16272,0.107,4.103,4.21
5151999.02,16273,0.165,4.035,4.2
5152013.15,16274,0.12,6.103,6.223
5152058.4,16272,2.113,4.185,6.298
5152083.52,16273,0.149,4.097,4.246
5152128.67,16274,0.12,5.016,5.136
5152173.03,16272,0.113,4.056,4.169
5152182.95,16273,0.103,3.969,4.072
5152213.26,16274,0.115,6.062,6.176
5152223.93,16272,0.111,4.086,4.197
5152232.29,16273,0.088,4.022,4.11
5152249.96,16274,0.091,7.145,7.236
5152277.97,16272,0.08,4.02,4.099
5152316.96,16273,0.129,4.11,4.238
5152320.33,16274,0.09,4.05,4.14
5152338.24,16272,0.123,6.045,6.168
5152362.22,16273,0.125,4.063,4.187
5152389.18,16274,0.102,4.02,4.122
5152558.14,16272,0.144,6.296,6.44
5152585.52,16273,0.103,8.037,8.14
5152585.69,16274,0.061,4.584,4.645
5152593.57,16272,0.085,4.443,4.528
5152606.05,16273,0.071,4.0,4.07
5152613.42,16274,0.064,3.956,4.02
5152621.22,16272,2.024,4.142,6.166
5152643.17,16273,0.1,6.124,6.224
5152653.23,16274,2.062,4.121,6.183
5152675.38,16272,0.1,4.099,4.199
5152710.35,16273,0.111,4.175,4.286
5152717.11,16274,0.069,3.996,4.066
5152733.99,16272,3.027,3.921,6.948
5152737.08,16273,0.047,6.118,6.164
5152759.15,16274,0.085,4.006,4.091
5152802.21,16272,0.154,3.965,4.119
5152805.63,16273,0.07,3.969,4.038
5152816.61,16272,0.07,5.004,5.074
5152817.6,16274,0.061,4.032,4.094
5152853.82,16273,0.154,4.13,4.285
5152864.47,16272,1.974,4.323,6.297
5152877.52,16274,0.079,4.059,4.138
5152900.45,16273,0.086,3.929,4.014
5152976.24,16272,2.286,6.073,8.359
5152976.25,16274,1.047,4.145,5.192
5153061.63,16273,0.162,7.085,7.247
5153062.84,16274,3.628,4.721,8.35
5153069.28,16272,0.099,4.121,4.22
5153102.4,16273,0.188,4.09,4.279
5153117.98,16274,0.096,4.057,4.153
5153146.55,16272,0.098,6.38,6.478
5153162.26,16273,0.096,4.115,4.212
5153247.41,16274,0.183,3.987,4.17
5153256.46,16272,0.161,3.963,4.125
5153269.46,16273,0.11,4.117,4.227
5153282.53,16274,0.086,3.911,3.997
5153313.46,16272,0.096,4.04,4.136
5153354.83,16273,0.086,4.553,4.639
5153390.19,16274,0.129,4.069,4.198
5153416.4,16272,0.083,5.266,5.348
5153421.28,16273,0.058,5.174,5.232
5153431.7,16274,0.074,4.139,4.214
5153448.14,16272,0.068,4.03,4.097
5153543.52,16273,0.08,6.125,6.205
5153545.62,16272,0.047,4.948,4.995
5153546.58,16274,0.057,8.051,8.108
5153559.32,16273,0.079,8.163,8.242
5153563.44,16272,0.061,3.992,4.052
5153581.1,16274,0.075,4.044,4.119
5153652.22,16273,0.1,3.955,4.055
5153692.98,16272,0.093,4.073,4.166
5153699.63,16274,0.062,4.512,4.574
5153718.74,16273,0.074,3.993,4.067
5153729.17,16272,0.07,4.173,4.242
5153763.46,16274,0.109,4.114,4.222
5153775.96,16273,0.081,6.825,6.906
5153802.11,16272,1.7,4.961,6.661
5153813.08,16274,0.061,3.977,4.038
5153835.61,16273,0.078,3.906,3.985
5153853.11,16272,0.07,3.999,4.069
5153894.8,16274,0.097,3.958,4.055
5153999.33,16273,0.122,4.15,4.272
5154059.14,16272,2.239,4.048,6.286
5154074.77,16274,0.121,4.234,4.355
5154078.16,16273,1.522,4.004,5.527
5154108.22,16272,0.096,4.526,4.622
5154114.15,16274,0.064,5.039,5.103
5154146.52,16273,0.096,3.997,4.093
5154163.22,16272,2.136,4.168,6.304
5154256.0,16274,0.097,4.971,5.069
5154336.75,16273,0.112,4.164,4.276
5154428.56,16272,0.112,5.965,6.078
5154450.38,16274,0.106,4.074,4.18
5154457.16,16273,0.103,4.004,4.107
5154462.78,16272,0.059,5.558,5.618
5154634.23,16273,0.138,4.194,4.332
5154639.15,16274,1.452,6.087,7.539
5154648.75,16272,0.085,4.003,4.088
5154719.18,16273,0.081,4.049,4.13
5154737.15,16274,0.08,5.012,5.092
5154742.96,16272,0.086,4.069,4.155
5154747.3,16273,0.072,4.083,4.154
5154770.04,16274,2.066,4.949,7.015
5154779.14,16272,0.082,4.009,4.091
5154811.1,16273,0.073,9.98,10.053
5154811.26,16274,0.045,8.182,8.227
5154839.85,16272,0.089,4.358,4.448
5154861.18,16273,0.077,4.069,4.145
5154909.25,16274,0.104,4.09,4.193
5154910.22,16272,0.088,4.348,4.435
5154916.46,16273,0.115,5.97,6.085
5154945.04,16274,1.701,3.944,5.645
5154999.91,16272,0.08,4.36,4.44
5155032.15,16273,0.085,8.325,8.41
5155032.4,16274,1.838,6.335,8.172
5155037.24,16272,0.07,4.678,4.748
5155044.02,16273,0.068,6.25,6.318
5155049.45,16274,0.114,4.031,4.145
5155103.45,16272,0.129,3.956,4.086
5155107.42,16273,0.77,4.218,4.988
5155122.82,16274,0.094,4.107,4.201
5155139.81,16272,0.093,4.311,4.405
5155168.25,16273,0.072,6.136,6.207
5155184.08,16274,0.075,4.065,4.141
5155190.39,16272,1.922,4.303,6.224
5155198.49,16273,0.069,4.09,4.158
5155247.84,16274,0.087,4.061,4.147
5155266.44,16272,0.113,4.029,4.142
5155301.21,16273,0.088,4.067,4.155
5155337.04,16274,0.091,4.091,4.183
5155354.16,16272,0.074,4.044,4.118
5155385.55,16273,0.073,4.053,4.126
5155431.15,16274,0.086,4.144,4.23
5155465.34,16272,0.078,7.877,7.955
5155486.1,16273,0.077,7.978,8.055
5155487.7,16274,0.057,5.604,5.661
5155519.28,16272,0.073,4.053,4.126
5155540.54,16273,0.145,4.125,4.27
5155542.87,16274,0.09,4.15,4.239
5155551.52,16272,0.068,4.125,4.193
5155569.27,16273,0.078,5.001,5.079
5155592.41,16274,0.077,6.283,6.36
5155621.71,16272,0.071,6.771,6.843
5155624.01,16273,0.546,4.785,5.331
5155655.99,16274,0.109,4.32,4.429
5155656.35,16272,0.105,4.02,4.124
5155668.17,16273,0.079,3.943,4.022
5155675.06,16274,0.062,6.096,6.158
5155723.14,16272,2.053,4.046,6.098
5155729.28,16273,0.058,4.183,4.241
5155735.04,16274,0.072,4.103,4.175
5155758.11,16272,0.07,4.089,4.159
5155765.99,16273,0.065,4.009,4.075
5155810.84,16274,0.114,3.964,4.078
5155828.24,16272,1.188,4.121,5.309
5155916.12,16273,0.093,3.972,4.065
5155920.69,16274,0.077,4.043,4.12
5155957.11,16272,0.102,5.451,5.554
5155963.3,16273,0.099,4.031,4.13
5155970.73,16274,0.1,3.946,4.046
5156011.28,16272,0.112,4.161,4.273
5156051.08,16273,0.19,3.961,4.151
5156109.12,16274,2.102,3.955,6.056
5156126.95,16272,0.091,3.997,4.088
5156144.82,16272,0.079,3.961,4.04
5156183.7,16274,0.146,4.465,4.611
5156230.69,16273,0.147,4.133,4.281
5156234.96,16272,0.112,4.034,4.146
5156239.31,16274,0.466,4.146,4.613
5156257.82,16273,0.116,4.344,4.46
5156263.15,16272,0.113,3.903,4.016
5156289.79,16274,2.064,5.618,7.682
5156303.47,16273,0.106,4.052,4.158
5156322.1,16272,0.168,4.24,4.407
5156337.27,16274,0.62,6.538,7.157
5156363.32,16273,0.169,4.292,4.461
5156367.71,16272,0.123,4.151,4.274
5156372.06,16274,2.817,4.193,7.01
5156386.1,16273,0.059,4.046,4.105
5156437.93,16272,0.1,4.0,4.1
5156503.01,16274,0.098,6.336,6.434
5156504.82,16273,0.066,4.28,4.346
5156530.29,16272,0.072,4.002,4.074
5156559.08,16274,0.089,5.94,6.029
5156561.1,16273,0.057,3.995,4.052
5156570.55,16274,0.08,7.05,7.131
5156592.84,16272,0.114,4.055,4.17
5156606.42,16273,0.07,4.158,4.228
5156610.67,16274,0.502,4.126,4.628
5156617.43,16272,0.091,4.095,4.187
5156659.63,16273,0.077,3.976,4.052
5156670.27,16274,0.831,4.189,5.02
5156672.17,16272,0.055,4.117,4.171
5156750.82,16273,0.106,3.979,4.086
5156775.09,16274,0.114,4.063,4.177
5156821.28,16272,0.079,6.146,6.225
5156858.16,16273,0.09,4.016,4.106
5156864.11,16274,1.555,4.046,5.601
5156898.26,16272,0.08,4.125,4.205
5156907.93,16273,0.073,4.114,4.187
5156925.08,16274,0.114,4.036,4.15
5156965.59,16272,1.766,4.378,6.144
5156987.45,16273,0.135,4.098,4.233
5156994.05,16274,1.039,5.958,6.997
5157046.71,16272,0.183,4.045,4.228
5157051.1,16273,0.122,3.968,4.09
5157068.19,16274,1.778,4.032,5.81
5157073.64,16272,0.062,4.991,5.053
5157113.96,16273,0.159,3.96,4.119
5157135.39,16274,0.113,5.959,6.072
5157156.22,16272,0.094,4.049,4.142
5157202.43,16273,0.212,7.965,8.178
5157204.05,16274,0.075,5.92,5.995
5157207.65,16272,0.094,4.486,4.58
5157214.69,16273,0.155,6.589,6.744
5157259.13,16274,1.026,5.041,6.066
5157265.21,16272,0.067,4.087,4.154
5157305.3,16273,1.513,4.256,5.768
5157350.88,16274,1.166,4.079,5.245
5157374.46,16272,0.112,4.024,4.137
5157446.63,16273,0.107,4.047,4.153
5157462.14,16274,0.087,4.0,4.087
5157474.9,16272,0.077,4.962,5.039
5157641.96,16273,0.11,4.07,4.18
5157745.13,16274,0.124,4.031,4.154
5157794.07,16272,0.115,5.984,6.099
5157797.59,16273,0.09,4.245,4.335
5157875.27,16274,0.103,4.093,4.196
5157987.5,16272,0.13,3.982,4.112
5157992.55,16273,0.105,4.371,4.475
5158014.52,16274,0.097,4.027,4.124
5158028.68,16272,0.101,4.228,4.329
5158036.1,16273,0.097,4.712,4.809
5158150.3,16274,0.186,4.083,4.269
5158217.15,16272,0.155,4.139,4.294
5158397.25,16273,0.18,6.169,6.349
5158574.79,16274,0.148,4.136,4.284
5158750.27,16272,0.139,6.061,6.2
5158782.83,16273,0.16,4.294,4.454
5158883.08,16274,0.134,4.542,4.676
5158886.97,16272,0.122,4.035,4.157
5158895.38,16273,0.1,6.039,6.139
5158936.76,16274,0.106,6.0,6.106
5159043.76,16272,0.258,4.171,4.429
5159114.96,16273,0.154,4.031,4.185
5159217.35,16274,2.163,4.181,6.344
5159245.59,16272,0.116,4.017,4.133
5159266.82,16273,0.11,4.052,4.162
5159303.19,16274,0.092,7.03,7.123
5159315.66,16272,0.081,3.942,4.023
5159325.15,16273,2.923,4.071,6.994
5159347.77,16274,0.085,4.02,4.105
5159464.55,16272,0.107,4.056,4.163
5159513.16,16273,2.107,3.987,6.094
5159601.39,16274,0.114,4.148,4.262
5159858.31,16272,0.554,4.998,5.552
5159875.92,16273,0.732,3.937,4.669
5160099.33,16274,0.159,3.985,4.143
5160454.26,16272,1.265,4.128,5.392
5160501.23,16273,0.119,4.051,4.17
5160699.14,16274,0.132,4.091,4.222
5160719.3,16272,0.116,4.043,4.159
5160740.2,16273,0.08,4.071,4.151
5160813.23,16274,0.119,4.081,4.2
5160838.66,16272,0.11,4.95,5.06
5160937.89,16273,0.164,4.06,4.224
5160975.32,16274,0.106,6.154,6.259
5161004.68,16272,0.109,4.082,4.19
5161012.29,16273,0.075,4.015,4.09
5161044.61,16274,0.13,4.026,4.155
5161053.66,16272,0.075,7.013,7.088
5161056.9,16273,0.074,4.075,4.149
5161069.0,16272,0.072,6.044,6.117
5161166.0,16274,0.137,4.015,4.152
5161170.7,16273,0.102,6.135,6.237
5161173.09,16272,0.065,4.858,4.923
5161182.52,16274,0.07,3.984,4.054
5161185.11,16273,0.053,5.983,6.036
5161206.13,16272,0.093,5.976,6.069
5161221.68,16274,1.649,3.983,5.632
5161227.15,16273,0.058,4.414,4.472
5161278.2,16272,0.088,4.169,4.258
5161283.29,16274,0.297,4.937,5.234
5161289.92,16273,0.063,4.142,4.204
5161306.51,16272,0.075,6.998,7.073
5161329.03,16274,0.096,4.043,4.139
5161339.53,16273,0.094,4.172,4.266
5161373.48,16272,0.107,4.191,4.298
5161384.63,16274,0.085,6.058,6.144
5161396.11,16273,1.856,8.033,9.888
5161398.68,16272,0.06,7.086,7.147
5161404.62,16274,0.055,4.129,4.184
5161430.29,16273,0.085,4.246,4.331
5161451.3,16272,0.103,4.039,4.142
5161521.11,16274,0.908,6.024,6.933
5161606.53,16273,0.107,4.098,4.205
5161612.15,16272,0.087,4.054,4.141
5161614.76,16274,0.075,3.974,4.05
5161638.73,16273,0.078,4.053,4.131
5161666.11,16272,2.273,3.969,6.241
5161705.74,16274,0.087,4.183,4.271
5161728.88,16273,0.071,4.142,4.212
5161744.06,16272,0.094,3.991,4.086
5161756.02,16274,0.144,4.042,4.186
5161783.09,16273,1.62,3.994,5.614
5161831.46,16272,0.117,4.426,4.542
5161835.81,16274,0.097,4.029,4.126
5161853.06,16273,0.073,4.941,5.014
5161900.56,16272,0.107,3.971,4.078
5161913.25,16274,0.125,4.003,4.128
5161930.11,16273,0.071,5.991,6.062
5161951.12,16272,0.08,4.065,4.145
5161964.09,16274,1.119,6.013,7.132
5161973.82,16273,0.14,4.014,4.154
5161978.3,16272,0.08,4.163,4.243
5162009.07,16274,0.09,4.114,4.203
5162044.74,16273,0.164,4.063,4.227
5162052.75,16272,0.087,6.11,6.197
5162055.17,16274,2.034,4.064,6.098
5162094.26,16272,2.108,5.044,7.151
5162111.6,16273,0.13,4.047,4.177
5162130.1,16274,2.227,5.909,8.136
5162201.16,16272,0.09,4.004,4.094
5162225.57,16273,0.089,6.057,6.146
5162238.99,16274,1.558,4.927,6.485
5162258.77,16273,0.063,4.032,4.095
5162261.08,16272,0.091,6.809,6.9
5162291.89,16274,0.077,4.131,4.208
5162374.01,16273,0.158,4.153,4.311
5162376.26,16272,0.08,4.003,4.083
5162381.49,16274,0.087,4.003,4.091
5162416.06,16273,0.107,5.905,6.011
5162420.34,16272,0.106,4.107,4.213
5162428.47,16274,0.068,4.042,4.11
5162490.31,16273,0.107,4.082,4.19
5162523.27,16272,2.032,4.16,6.192
5162544.04,16274,0.393,3.981,4.374
5162612.68,16273,0.103,5.213,5.316
5162628.08,16272,0.829,5.969,6.798
5162647.75,16274,0.097,4.243,4.34
5162657.14,16273,0.083,6.015,6.098
5162671.45,16272,0.091,4.699,4.79
5162688.8,16274,0.084,5.815,5.9
5162705.94,16273,0.079,4.047,4.126
5162721.32,16272,0.106,6.019,6.125
5162734.59,16274,0.077,4.238,4.316
5162784.7,16273,0.077,4.006,4.084
5162794.66,16272,0.068,4.06,4.128
5162948.02,16274,0.127,3.996,4.124
5163019.01,16273,0.114,3.979,4.094
5163023.9,16272,0.102,3.97,4.071
5163048.71,16274,0.119,3.976,4.094
5163084.07,16273,0.144,4.134,4.278
5163144.05,16272,0.144,4.153,4.297
5163181.17,16274,0.608,5.998,6.606
5163221.81,16273,0.122,4.054,4.175
5163238.19,16272,2.023,4.097,6.119
5163290.56,16274,0.093,4.011,4.104
5163754.54,16273,0.21,3.992,4.202
5163810.24,16272,0.118,4.106,4.224
5163986.3,16274,0.148,6.072,6.22
5164008.67,16273,0.157,5.123,5.28
5164128.14,16272,0.174,3.982,4.156
5164186.78,16274,0.126,4.15,4.276
5164251.14,16273,0.158,5.915,6.073
5164314.73,16272,0.117,4.665,4.782
5164374.32,16274,0.478,6.19,6.667
5164492.3,16273,0.914,5.015,5.929
5164735.22,16272,0.146,6.036,6.182
5164894.08,16274,0.308,4.129,4.437
5164975.98,16273,0.114,4.03,4.144
5165027.38,16272,0.159,4.118,4.277
5165078.22,16274,0.138,4.003,4.141
5165085.37,16273,0.126,4.971,5.097
5165099.1,16272,0.09,4.026,4.116
5165147.26,16274,0.142,5.265,5.406
5165278.25,16273,0.185,5.458,5.643
5165293.12,16272,0.109,6.16,6.269
5165357.37,16274,0.126,4.199,4.325
5165507.2,16273,2.016,3.998,6.014
5165568.04,16272,0.175,4.115,4.289
5165622.62,16274,0.216,4.058,4.274
5165688.89,16273,0.154,4.062,4.216
5165748.42,16272,0.127,4.021,4.148
5165777.32,16274,0.101,4.158,4.259
5165819.7,16273,0.103,4.803,4.906
5165872.62,16272,0.134,3.98,4.114
5165928.2,16274,0.106,4.093,4.199
5165964.36,16273,0.15,5.912,6.062
5165992.57,16272,0.087,6.537,6.624
5166028.35,16274,0.148,4.118,4.267
5166080.68,16273,0.135,4.015,4.15
5166194.6,16272,0.162,3.99,4.152
5166201.34,16274,0.131,5.04,5.171
5166204.79,16273,0.065,4.024,4.089
5166313.4,16274,0.118,4.042,4.159
5166321.96,16272,0.092,3.981,4.073
5166405.71,16273,0.096,4.041,4.137
5166423.19,16274,0.071,6.105,6.176
5166456.7,16272,0.085,4.022,4.108
5166461.03,16273,0.071,4.075,4.146
5166498.05,16274,0.066,4.943,5.009
5166539.69,16272,0.072,4.038,4.111
5166788.79,16273,0.124,5.229,5.353
5166896.4,16274,2.302,9.257,11.558
5166898.61,16272,0.065,8.029,8.094
5166990.56,16273,0.114,4.28,4.393
5167003.15,16274,0.068,4.036,4.104
5167127.98,16272,0.172,4.168,4.34
5167196.73,16273,0.188,4.102,4.291
5167408.25,16274,1.296,4.748,6.044
5167478.49,16272,0.228,4.193,4.421
5167586.56,16273,0.106,4.134,4.24
5167609.95,16274,0.123,5.25,5.373
5167648.99,16272,0.1,4.064,4.163
5167686.5,16273,0.092,4.359,4.451
5167709.41,16274,0.106,4.109,4.215
5167785.69,16272,0.11,4.398,4.508
5167841.51,16273,0.136,7.721,7.857
5167980.42,16274,0.123,5.124,5.247
5168006.42,16272,0.111,5.06,5.171
5168027.07,16273,0.185,5.767,5.952
5168117.22,16274,0.303,4.042,4.344
5168137.56,16272,0.171,5.997,6.168
5168144.4,16273,0.096,4.23,4.325
5168160.36,16274,0.098,8.279,8.377
5168205.63,16272,0.109,4.06,4.169
5168339.75,16273,0.116,6.077,6.193
5168451.74,16274,0.109,3.964,4.073
5168481.3,16272,0.122,4.133,4.255
5168557.62,16273,0.185,3.944,4.129
5168813.38,16274,0.179,6.055,6.233
5168903.98,16272,0.175,4.022,4.196
5168944.43,16273,0.131,3.979,4.11
5169182.25,16274,0.229,3.987,4.216
5169183.1,16272,0.083,4.056,4.139
5169338.71,16273,0.126,4.155,4.281
5169369.32,16274,0.105,7.15,7.255
5169383.76,16272,0.091,3.979,4.069
5169468.06,16273,0.099,3.985,4.085
5169485.26,16274,0.085,4.018,4.103
5169555.74,16272,0.145,3.96,4.105
5169575.7,16273,0.613,3.975,4.589
5169588.14,16274,2.051,6.028,8.079
5169602.25,16272,0.102,6.103,6.205
5169659.38,16273,0.156,4.577,4.733
5169681.92,16274,0.09,3.989,4.079
5169725.86,16272,0.18,6.233,6.413
5169828.09,16273,1.834,5.978,7.813
5169856.04,16274,0.136,4.079,4.216
5169864.12,16272,1.271,3.975,5.246
5169889.16,16273,0.117,4.044,4.162
5169920.11,16274,0.093,5.964,6.056
5169963.86,16272,0.097,4.074,4.17
5170036.67,16273,0.122,4.042,4.164
5170104.91,16274,0.171,6.155,6.326
5170261.37,16272,0.8,4.01,4.81
5170292.14,16273,1.11,4.045,5.155
5170330.36,16274,0.148,4.038,4.186
5170337.28,16272,0.124,4.09,4.215
5170401.24,16273,2.078,4.079,6.157
5170547.95,16274,0.197,6.335,6.532
5170683.79,16272,0.189,6.109,6.298
5170973.24,16273,0.148,4.025,4.173
5170996.32,16274,0.106,4.15,4.256
5171086.16,16272,0.194,4.012,4.207
5171151.84,16273,0.142,4.149,4.29
5171192.75,16274,1.762,8.6,10.362
5171200.32,16272,0.096,6.158,6.255
5171211.71,16273,0.087,5.833,5.921
5171243.9,16274,0.113,4.109,4.222
5171249.24,16272,0.061,6.123,6.184
5171351.58,16274,0.199,4.241,4.44
5171371.32,16273,0.118,6.134,6.252
5171400.65,16272,2.069,4.5,6.569
5171406.08,16274,0.077,3.94,4.017
5171467.49,16273,0.106,5.195,5.302
5171581.29,16272,0.186,4.08,4.265
5171672.28,16274,0.123,6.093,6.216
5171681.72,16273,0.115,7.233,7.348
5171823.44,16272,0.204,4.258,4.462
5171907.51,16274,0.149,5.054,5.203
5171959.28,16273,0.136,4.166,4.302
5172022.18,16272,0.117,4.002,4.12
5172066.25,16274,0.192,4.393,4.585
5172104.81,16273,0.164,4.05,4.214
5172141.98,16272,1.939,4.234,6.173
5172181.69,16274,0.138,4.042,4.18
5172233.77,16273,1.561,4.313,5.875
5172253.28,16272,0.11,5.401,5.511
5172372.31,16274,0.213,4.073,4.286
5172390.31,16273,1.678,4.156,5.833
5172457.9,16272,0.108,3.997,4.105
5172466.11,16274,1.857,4.039,5.896
5172564.27,16273,0.108,4.131,4.239
5172749.71,16272,0.162,6.082,6.244
5172802.17,16274,2.413,4.005,6.418
5172863.7,16273,0.125,4.026,4.15
5172968.2,16272,2.265,4.03,6.295
5173028.41,16274,0.102,4.361,4.464
5173183.58,16273,0.139,4.027,4.166
5173358.3,16272,0.163,4.18,4.343
5173406.9,16274,0.117,4.078,4.195
5173464.2,16273,1.65,4.044,5.694
5173474.2,16272,0.083,4.063,4.146
5173516.91,16274,0.149,4.117,4.266
5173577.62,16273,0.102,3.949,4.051
5173659.06,16272,1.133,3.974,5.107
5173719.79,16274,0.103,3.973,4.077
5173759.17,16273,1.414,5.022,6.436
5173793.38,16272,0.083,4.136,4.219
5173932.54,16274,0.175,3.964,4.139
5173944.18,16273,0.101,6.007,6.107
5174084.47,16272,0.146,4.028,4.175
5174175.3,16274,0.975,4.095,5.07
5174254.54,16273,0.145,4.069,4.215
5174257.27,16272,0.077,4.148,4.225
5174306.73,16274,0.121,4.072,4.194
5174329.32,16273,0.146,4.096,4.242
5174398.3,16272,0.16,4.118,4.279
5174444.31,16274,0.102,6.152,6.253
5174474.39,16273,2.039,4.285,6.324
5174490.43,16272,0.077,4.035,4.112
5174535.28,16274,0.091,3.92,4.011
5174609.34,16273,0.082,3.975,4.057
5174635.48,16272,0.122,6.488,6.61
5174637.32,16274,0.066,4.554,4.62
5174666.6,16273,0.079,5.473,5.553
5174672.87,16272,0.099,4.275,4.374
5174682.46,16274,0.406,4.013,4.42
5174739.94,16273,0.118,4.046,4.164
5174844.23,16272,0.145,4.028,4.173
5174972.48,16274,0.152,4.243,4.395
5175020.71,16273,0.101,5.604,5.705
5175078.17,16272,0.163,6.243,6.406
5175137.76,16274,0.155,4.037,4.191
5175158.96,16273,0.211,4.095,4.306
5175168.33,16272,1.442,4.199,5.642
5175499.13,16274,0.154,4.041,4.195
5175890.1,16273,0.138,3.943,4.081
5175892.09,16272,0.114,4.225,4.339
5175997.14,16274,0.106,3.968,4.074
5176019.98,16273,0.092,4.673,4.765
5176129.31,16272,0.156,4.07,4.226
5176238.35,16274,0.117,4.074,4.191
5176289.16,16273,0.174,4.047,4.221
5176308.26,16272,0.097,6.096,6.193
5176312.48,16274,0.065,6.369,6.434
5176464.42,16273,0.146,5.085,5.232
5176481.19,16272,0.144,4.99,5.134
5176852.26,16274,0.175,4.169,4.344
5176921.47,16273,0.135,4.123,4.258
5176941.16,16272,1.139,6.068,7.207
5176995.11,16274,0.096,4.169,4.265
5177054.45,16273,0.145,4.151,4.297
5177105.53,16272,0.189,4.039,4.228
5177145.3,16274,0.131,4.265,4.396
5177252.64,16273,0.111,6.153,6.264
5177309.09,16272,0.126,5.077,5.203
5177422.24,16274,0.129,7.087,7.216
5177523.25,16273,0.144,4.192,4.336
5177599.47,16272,0.124,4.273,4.397
5177672.6,16274,0.149,4.217,4.366
5177799.3,16273,2.229,4.108,6.336
5177885.85,16272,0.117,4.12,4.237
5177887.02,16274,0.104,4.1,4.203
5178068.29,16273,0.143,4.051,4.194
5178163.23,16272,0.119,4.028,4.147
5178284.66,16274,0.155,4.999,5.153
5178309.59,16273,0.132,6.073,6.205
5178381.56,16272,0.696,4.313,5.009
5178452.71,16274,5.654,3.972,9.626
5178778.26,16273,0.185,4.116,4.3
5178838.16,16272,0.94,6.036,6.975
5178938.84,16274,0.132,4.091,4.223
5178983.47,16273,0.121,4.299,4.42
5179182.58,16272,0.207,4.068,4.275
5179191.48,16274,0.096,4.061,4.157
5179239.69,16273,0.138,4.084,4.222
5179253.91,16272,0.095,3.998,4.093
5179305.09,16274,0.091,3.945,4.036
5179400.81,16273,0.1,4.171,4.271
5179426.29,16272,0.096,4.138,4.234
5179443.24,16274,4.026,7.162,11.188
5179470.73,16273,0.096,4.024,4.12
5179594.33,16272,0.144,4.063,4.208
5179618.66,16274,0.095,6.991,7.086
5179653.45,16273,0.098,4.138,4.235
5179687.3,16272,0.092,7.048,7.14
5179807.47,16274,0.127,4.048,4.174
5179814.06,16273,2.391,3.997,6.388
5179834.81,16274,0.058,3.984,4.042
5179836.42,16272,0.09,7.277,7.367
5179853.59,16273,0.081,3.911,3.992
5179862.44,16274,0.083,4.171,4.254
5179871.63,16273,2.016,5.999,8.015
5179871.85,16272,1.034,8.182,9.216
5179921.13,16274,0.089,7.941,8.031
5179959.39,16273,0.136,8.035,8.17
5179959.74,16272,0.066,7.661,7.727
5180042.44,16274,0.157,4.254,4.41
5180055.04,16273,1.182,6.888,8.07
5180069.85,16272,0.096,8.993,9.089
5180072.1,16274,0.113,4.78,4.893
5180093.45,16273,0.107,8.291,8.398
5180093.88,16272,0.073,5.752,5.825
5180115.73,16274,0.094,4.093,4.187
5180138.05,16273,0.129,6.039,6.168
5180148.45,16272,0.149,4.009,4.158
5180211.85,16274,0.103,5.694,5.797
5180213.51,16273,0.066,4.04,4.107
5180225.4,16272,0.091,4.325,4.416
5180287.08,16274,0.106,5.053,5.159
5180297.09,16273,0.087,7.955,8.042
5180297.23,16272,0.055,4.033,4.088
5180311.82,16274,0.079,4.08,4.159
5180389.55,16273,0.077,4.018,4.095
5180432.85,16272,0.099,4.042,4.141
5180481.55,16274,0.101,7.105,7.206
5180506.17,16273,0.083,4.098,4.181
5180522.54,16272,0.077,5.837,5.914
5180544.07,16274,0.069,6.055,6.124
5180556.54,16273,0.105,4.212,4.317
5180563.45,16272,0.065,4.024,4.089
5180584.29,16274,0.085,6.151,6.236
5180585.15,16273,0.066,4.034,4.099
5180603.63,16274,0.251,6.077,6.328
5180632.93,16272,0.076,4.108,4.184
5180695.48,16273,2.439,3.944,6.384
5180749.83,16274,0.11,4.097,4.207
5180772.1,16272,0.075,3.917,3.992
5180859.68,16273,0.094,8.042,8.137
5180859.97,16274,0.048,6.879,6.928
5180876.69,16272,0.088,4.031,4.119
5180891.17,16273,0.067,4.062,4.129
5180921.8,16274,0.081,3.99,4.072
5180931.78,16272,0.09,5.934,6.024
5181032.84,16273,3.535,6.499,10.034
5181153.47,16274,0.157,6.077,6.234
5181160.65,16272,0.104,4.383,4.487
5181176.11,16273,0.141,4.14,4.281
5181190.21,16274,0.091,4.173,4.264
5181199.39,16272,0.08,5.09,5.17
5181217.1,16273,0.076,6.998,7.074
5181234.09,16274,0.057,3.999,4.057
5181242.46,16272,0.117,4.028,4.145
5181248.39,16273,0.092,4.079,4.171
5181262.22,16274,0.074,3.934,4.008
5181320.71,16272,0.09,4.467,4.557
5181356.25,16273,0.126,6.347,6.474
5181397.95,16274,0.09,4.201,4.292
5181421.66,16273,0.06,3.955,4.015
5181421.82,16272,1.055,4.114,5.169
5181439.4,16274,0.151,8.22,8.37
5181460.12,16273,2.025,6.052,8.077
5181464.47,16272,0.068,4.355,4.423
5181490.01,16273,4.022,3.948,7.97
5181493.99,16274,0.054,4.126,4.18
5181540.19,16273,0.078,4.13,4.208
5181566.22,16272,0.116,6.262,6.378
5181576.41,16274,0.077,4.279,4.355
5181589.73,16273,0.063,3.983,4.047
5181615.18,16272,0.073,4.057,4.13
5181644.54,16274,0.074,4.27,4.344
5181653.41,16273,0.136,4.151,4.286
5181668.38,16272,0.086,4.079,4.165
5181675.3,16274,0.074,4.081,4.155
5181720.64,16273,0.085,4.139,4.224
5181767.33,16272,0.085,4.708,4.793
5181772.38,16272,0.071,4.089,4.16
5181774.24,16274,0.08,9.046,9.125
5181774.41,16273,1.316,7.355,8.671
5181789.45,16272,0.071,5.958,6.029
5181794.27,16274,0.058,4.272,4.33
5181818.71,16273,0.074,4.047,4.12
5181849.54,16272,0.068,4.102,4.171
5181863.21,16274,0.075,3.913,3.989
5181878.91,16273,0.282,4.095,4.377
5181908.42,16272,0.076,6.299,6.375
5181914.8,16274,0.065,6.034,6.098
5182151.2,16273,0.128,4.003,4.131
5182154.69,16272,0.077,3.96,4.038
5182165.19,16274,1.559,6.045,7.604
5182287.33,16273,0.156,4.075,4.23
5182385.6,16272,0.186,4.03,4.216
5182425.13,16274,1.983,3.977,5.96
5182555.36,16273,0.309,7.729,8.038
5182621.94,16272,0.134,5.124,5.258
5182626.1,16274,1.346,3.969,5.315
5182640.83,16273,0.093,4.996,5.089
5182704.45,16272,0.164,4.078,4.242
5182759.38,16274,0.172,6.107,6.279
5182807.23,16273,0.189,4.015,4.204
5182919.97,16272,0.164,6.744,6.908
5182943.52,16274,0.102,4.067,4.169
5182991.08,16273,0.135,3.96,4.095
5183028.62,16272,0.081,5.985,6.066
5183034.14,16274,0.08,4.013,4.093
5183108.72,16273,0.178,4.124,4.302
5183191.67,16272,0.149,5.09,5.239
5183223.23,16274,0.163,6.009,6.173
5183300.36,16273,0.284,4.151,4.435
5183376.9,16272,0.144,4.057,4.201
5183392.66,16274,0.105,6.038,6.143
5183466.33,16273,1.001,8.261,9.262
5183466.71,16272,1.457,6.634,8.091
5183775.29,16274,0.193,4.104,4.297
5183920.99,16273,0.134,3.944,4.078
5184001.83,16272,0.181,4.541,4.722
5184013.89,16274,0.13,4.391,4.521
5184054.74,16273,0.158,4.458,4.616
5184157.44,16272,0.145,6.382,6.527
5184168.03,16274,0.104,4.273,4.377
5184289.25,16273,0.111,4.06,4.171
5184345.99,16272,0.124,3.969,4.093
5184350.34,16274,0.11,4.016,4.126
5184357.14,16273,0.07,6.998,7.069
5184409.62,16274,0.114,4.345,4.459
5184664.92,16272,0.127,4.141,4.268
5184854.44,16273,0.157,4.07,4.227
5184936.22,16274,0.355,5.691,6.046
5184975.21,16272,2.5,3.974,6.474
5185013.87,16273,0.124,3.961,4.084
5185141.38,16274,0.153,4.361,4.514
5185245.09,16272,0.936,5.98,6.916
5185429.92,16273,0.164,4.048,4.212
5185598.23,16274,0.133,4.004,4.138
5185678.5,16272,0.18,5.953,6.133
5185691.21,16273,0.094,4.05,4.144
5185719.37,16274,0.125,3.961,4.085
5185743.59,16272,0.089,6.046,6.135
5185763.64,16273,0.066,4.042,4.108
5185808.83,16274,0.093,5.533,5.627
5185849.06,16272,0.184,4.127,4.311
5185952.03,16273,0.176,4.715,4.892
5185961.88,16274,0.119,5.974,6.093
5185974.27,16272,1.63,6.158,7.788
5185985.12,16273,0.084,3.986,4.069
5185997.29,16274,0.062,4.041,4.104
5186015.32,16272,1.43,6.209,7.639
5186029.34,16273,0.098,4.013,4.111
5186049.24,16274,0.136,4.694,4.83
5186054.45,16272,0.079,5.021,5.1
5186076.82,16273,0.118,4.136,4.254
5186114.42,16274,0.186,4.069,4.255
5186130.24,16272,1.083,6.071,7.154
5186135.69,16273,1.033,7.597,8.63
5186163.27,16274,0.088,4.135,4.223
5186187.71,16272,0.086,4.18,4.266
5186228.26,16273,0.128,4.863,4.99
5186244.36,16274,0.098,4.279,4.377
5186261.34,16272,0.167,4.112,4.279
5186271.07,16273,0.074,8.167,8.241
5186271.86,16274,0.188,6.655,6.843
5186290.31,16272,0.093,5.966,6.059
5186316.36,16273,0.123,4.171,4.295
5186342.86,16274,0.197,4.993,5.19
5186368.58,16272,0.17,4.145,4.315
5186434.78,16273,0.204,4.233,4.437
5186478.1,16274,0.099,3.938,4.038
5186483.49,16272,0.067,3.995,4.062
5186491.18,16273,0.171,3.952,4.123
5186519.92,16274,0.084,4.159,4.243
5186598.15,16272,0.146,4.05,4.196
5186623.28,16273,0.142,8.053,8.195
5186625.63,16274,1.908,4.542,6.451
5186644.6,16272,0.094,5.007,5.101
5186686.81,16273,0.145,4.077,4.222
5186701.94,16274,0.086,4.031,4.117
5186713.85,16272,0.132,4.074,4.207
5186779.3,16273,0.342,5.475,5.817
5186792.2,16274,0.161,3.966,4.127
5186960.05,16272,0.129,4.02,4.149
5187006.12,16273,0.124,5.483,5.607
5187031.19,16274,0.197,3.985,4.182
5187061.99,16272,0.137,4.979,5.116
5187081.21,16273,0.123,5.02,5.144
5187139.16,16274,1.508,4.984,6.493
5187188.2,16272,0.968,6.383,7.351
5187223.83,16273,0.142,4.28,4.422
5187276.01,16274,0.122,8.221,8.343
5187276.15,16272,0.075,5.106,5.181
5187288.52,16273,0.076,3.948,4.025
5187305.86,16274,0.1,4.091,4.191
5187309.84,16272,0.066,7.609,7.674
5187349.55,16273,0.1,4.083,4.183
5187387.39,16274,0.097,4.121,4.218
5187438.33,16272,0.123,4.126,4.249
5187459.84,16273,0.108,3.91,4.018
5187473.03,16274,0.078,3.889,3.967
5187478.82,16272,0.06,4.115,4.175
5187483.0,16273,0.062,4.028,4.09
5187487.31,16274,0.056,4.184,4.239
5187491.25,16272,0.071,5.136,5.207
5187518.2,16274,0.083,7.116,7.199
5187527.29,16273,0.073,6.171,6.244
5187558.12,16272,0.081,4.101,4.182
5187582.91,16274,0.095,3.93,4.025
5187609.8,16273,0.081,6.325,6.406
5187635.93,16274,0.056,3.938,3.994
5187636.59,16272,0.124,6.073,6.197
5187641.39,16273,0.07,4.002,4.072
5187647.16,16274,0.061,4.029,4.09
5187659.63,16272,0.09,5.92,6.01
5187716.64,16273,0.093,6.357,6.45
5187736.31,16274,0.096,4.036,4.132
5187813.36,16272,2.39,6.204,8.594
5187835.08,16273,0.081,4.015,4.097
5187850.03,16274,0.093,4.044,4.137
5187855.2,16272,0.096,4.006,4.103
5187898.31,16273,0.08,6.009,6.089
5187900.3,16274,0.522,6.214,6.736
5187911.64,16272,0.084,3.968,4.052
5187922.11,16273,0.07,6.077,6.146
5187930.9,16274,0.065,4.044,4.109
5187941.27,16272,0.055,4.029,4.085
5187968.41,16273,0.072,4.29,4.362
5187972.13,16274,0.058,6.001,6.059
5187973.16,16272,1.658,5.091,6.749
5188032.11,16273,0.078,3.973,4.051
5188084.77,16274,0.165,5.736,5.901
5188123.85,16272,0.129,4.149,4.278
5188128.23,16273,0.105,4.017,4.122
5188132.65,16274,0.069,4.129,4.198
5188132.76,16272,0.062,3.991,4.053
5188244.36,16273,0.109,3.998,4.107
5188251.01,16274,2.03,3.926,5.956
5188370.88,16272,0.146,4.121,4.267
5188404.25,16273,0.122,4.06,4.182
5188447.06,16274,0.116,6.074,6.19
5188459.23,16272,0.082,5.084,5.166
5188487.88,16273,0.089,4.257,4.346
5188567.39,16274,1.602,4.243,5.845
5188643.94,16272,0.097,4.134,4.231
5188658.19,16273,1.81,4.051,5.861
5188685.34,16274,1.037,4.248,5.285
5188688.85,16272,0.06,3.992,4.052
5188693.28,16274,0.061,4.276,4.337
5188797.45,16273,0.123,4.212,4.336
5188828.27,16272,1.946,6.076,8.022
5188880.31,16274,0.119,4.047,4.166
5188906.11,16273,0.082,6.623,6.705
5189013.27,16272,0.111,4.163,4.274
5189027.26,16274,0.122,4.058,4.181
5189164.58,16273,0.173,4.029,4.202
5189172.19,16272,0.114,4.072,4.186
5189331.72,16274,0.133,4.088,4.221
5189393.12,16273,0.099,4.14,4.239
5189479.13,16272,0.186,4.076,4.262
5189525.41,16274,0.097,7.248,7.345
5189702.57,16273,0.244,5.301,5.545
5189792.13,16272,0.14,8.083,8.224
5189905.36,16274,0.116,4.073,4.188
5189979.47,16273,0.167,5.042,5.209
5190044.14,16272,0.167,4.113,4.28
5190154.2,16274,2.098,6.051,8.149
5190165.71,16273,1.644,3.995,5.639
5190174.16,16272,0.08,4.016,4.096
5190221.11,16274,0.155,6.113,6.269
5190246.3,16273,0.099,3.984,4.083
5190288.29,16272,0.096,4.059,4.155
5190363.75,16274,0.235,6.498,6.733
5190427.66,16273,0.131,6.054,6.185
5190480.33,16274,0.094,4.067,4.161
5190481.22,16272,0.128,7.467,7.595
5190494.24,16273,0.089,4.033,4.122
5190524.18,16274,0.093,4.026,4.119
5190553.88,16272,0.087,4.138,4.225
5190636.79,16273,0.099,4.054,4.153
5190778.64,16274,0.16,4.1,4.26
5190779.65,16272,0.084,4.229,4.313
5191099.3,16273,1.937,4.185,6.122
5191238.18,16274,0.161,4.235,4.396
5191317.89,16272,0.135,4.162,4.298
5191437.14,16273,0.136,6.093,6.229
5191462.17,16274,0.127,4.051,4.177
5191483.64,16272,0.106,3.948,4.054
5191528.21,16273,0.126,5.022,5.147
5191639.89,16274,0.121,4.022,4.143
5191649.3,16272,0.079,5.05,5.129
5191675.16,16273,0.122,5.979,6.101
5191772.45,16274,0.157,4.287,4.444
5191776.21,16272,1.017,7.082,8.099
5191873.8,16273,0.149,4.116,4.265
5191884.15,16274,0.079,4.02,4.1
5191966.4,16272,0.287,4.038,4.325
5192033.54,16273,0.117,5.115,5.232
5192173.78,16274,0.146,4.126,4.272
5192209.12,16272,0.149,6.056,6.206
5192259.08,16273,0.123,3.983,4.106
5192440.61,16274,0.146,3.959,4.105
5192497.25,16272,0.129,4.057,4.186
5192568.11,16273,0.141,4.225,4.366
5192641.68,16274,0.119,3.975,4.094
5192686.21,16272,2.665,4.101,6.766
5192747.44,16273,0.132,4.14,4.272
5192870.43,16274,0.125,5.118,5.243
5192897.58,16272,0.104,6.049,6.153
5192963.18,16273,0.108,4.013,4.122
5193034.12,16274,0.112,3.952,4.064
5193080.41,16272,1.033,4.308,5.341
5193195.78,16273,0.185,6.002,6.187
5193296.4,16274,0.219,4.121,4.34
5193367.29,16272,0.136,6.033,6.169
5193389.22,16273,1.175,4.069,5.244
5193462.65,16274,0.124,4.235,4.359
5193471.39,16272,0.102,4.054,4.156
5193672.16,16273,2.274,3.997,6.271
5194119.21,16274,0.166,3.986,4.152
5194204.36,16272,0.863,6.22,7.083
5194241.86,16273,0.123,4.065,4.188
5194246.27,16274,0.123,4.097,4.22
5194271.32,16272,1.63,6.163,7.793
5194406.19,16273,0.168,3.956,4.124
5194499.95,16274,0.143,4.152,4.296
5194572.65,16272,0.118,4.068,4.186
5194681.2,16273,2.159,6.984,9.143
5194718.1,16274,0.097,3.941,4.038
5194785.86,16272,0.105,4.051,4.156
5194797.68,16273,0.112,4.132,4.244
5194818.72,16274,0.082,3.972,4.054
5194889.45,16272,0.192,5.647,5.839
5194895.9,16273,0.147,6.127,6.275
5194914.46,16274,0.089,6.031,6.12
5194930.27,16272,0.078,4.039,4.117
5194948.48,16273,0.345,4.111,4.456
5194955.61,16274,0.106,3.936,4.042
5194964.19,16272,0.075,6.066,6.141
5194966.21,16273,0.056,4.046,4.103
5194971.22,16274,0.062,4.016,4.078
5194981.29,16272,0.059,5.187,5.246
5195008.16,16273,0.089,4.029,4.118
5195029.22,16274,0.135,4.26,4.395
5195045.18,16272,0.124,4.21,4.334
5195052.71,16273,0.09,6.005,6.095
5195090.25,16274,0.158,4.0,4.159
5195136.71,16272,0.375,4.027,4.402
5195165.25,16273,0.212,6.072,6.284
5195170.66,16274,0.103,4.054,4.157
5195176.98,16272,0.081,6.024,6.105
5195184.99,16273,1.832,4.114,5.946
5195193.68,16274,0.073,3.997,4.07
5195229.13,16272,0.095,3.98,4.075
5195237.84,16273,0.068,4.015,4.083
5195289.13,16274,0.123,3.938,4.06
5195337.62,16272,0.114,4.068,4.182
5195413.86,16274,0.063,4.075,4.138
5195417.56,16273,2.077,10.429,12.506
5195463.4,16272,1.139,6.273,7.412
5195493.33,16274,0.114,6.005,6.119
5195522.16,16273,0.096,4.014,4.11
5195567.22,16272,0.098,4.067,4.166
5195571.17,16274,0.069,4.052,4.121
5195623.53,16272,0.124,8.045,8.169
5195623.69,16273,0.06,4.589,4.649
5195664.13,16274,0.092,3.996,4.087
5195686.29,16272,0.073,4.014,4.088
5195721.24,16273,0.089,3.975,4.064
5195725.78,16274,0.059,4.392,4.451
5195743.09,16272,0.077,4.056,4.133
5195756.07,16272,0.049,3.981,4.03
5195757.78,16274,1.034,7.694,8.729
5195760.32,16273,0.125,12.158,12.283
5195780.41,16272,0.069,4.003,4.072
5195806.28,16274,2.026,8.202,10.229
5195806.54,16273,2.034,6.467,8.501
5195816.6,16272,0.073,4.07,4.144
5195826.2,16274,1.88,4.126,6.006
5195831.88,16273,0.085,4.103,4.189
5195838.11,16272,0.074,6.018,6.092
5195848.27,16274,0.09,4.127,4.217
5195874.0,16273,0.097,3.914,4.011
5195896.47,16272,0.114,4.126,4.24
5195900.65,16274,0.103,4.073,4.176
5195911.21,16273,0.081,4.16,4.241
5195925.06,16272,1.403,5.994,7.397
5195950.07,16274,1.015,4.005,5.02
5196011.25,16273,0.091,6.006,6.096
5196071.03,16272,1.822,3.97,5.792
5196084.47,16274,0.138,7.74,7.878
5196087.15,16273,0.116,3.965,4.081
5196100.97,16272,0.108,3.995,4.103
5196118.12,16274,0.758,4.045,4.802
5196176.4,16273,0.161,6.148,6.309
5196213.87,16272,0.181,4.104,4.286
5196257.83,16274,0.095,4.028,4.122
5196257.93,16273,0.069,4.003,4.073
5196270.9,16272,0.091,3.987,4.079
5196283.09,16274,0.085,3.952,4.036
5196285.36,16273,0.061,4.015,4.076
5196302.1,16272,1.112,4.023,5.135
5196308.14,16274,0.111,3.989,4.1
5196333.57,16273,0.075,5.542,5.617
5196369.27,16272,0.213,4.006,4.219
5196379.79,16274,0.101,4.165,4.266
5196398.16,16273,1.854,4.035,5.889
5196463.38,16272,0.111,4.018,4.129
5196478.91,16274,0.089,4.09,4.178
5196556.12,16273,1.028,8.044,9.072
5196556.29,16272,0.054,6.165,6.219
5196588.74,16274,0.096,4.107,4.203
5196651.26,16273,2.061,6.131,8.193
5196687.75,16272,0.102,4.058,4.159
5196696.17,16274,0.071,4.059,4.13
5196697.58,16273,0.062,3.941,4.003
5196706.04,16274,2.024,3.978,6.001
5196712.1,16272,0.064,3.988,4.052
5196734.18,16273,0.078,4.092,4.169
5196801.04,16274,1.366,3.968,5.334
5196814.27,16272,0.067,4.192,4.259
5196825.11,16273,0.064,4.009,4.073
5196837.46,16274,0.092,4.295,4.387
5196875.15,16272,0.301,4.159,4.46
5196923.44,16273,0.085,6.048,6.133
5196931.1,16274,0.077,5.973,6.05
5196942.37,16272,0.081,4.002,4.083
5196969.89,16273,0.078,3.986,4.064
5197049.35,16274,0.076,4.226,4.302
5197051.2,16272,0.056,4.05,4.106
5197198.47,16274,0.163,4.099,4.262
5197208.17,16273,0.11,4.054,4.164
5197244.28,16272,0.096,3.969,4.065
5197431.42,16274,0.203,6.183,6.385
5197784.93,16273,0.134,4.054,4.188
5197833.15,16272,0.133,4.0,4.133
5197925.21,16274,2.102,4.045,6.147
5197930.73,16273,5.534,3.995,9.529
5197973.84,16272,0.112,4.108,4.22
5198043.13,16274,0.103,3.968,4.071
5198071.76,16273,0.095,4.075,4.17
5198141.65,16272,0.137,3.979,4.117
5198178.24,16274,1.263,3.98,5.243
5198195.34,16273,0.088,4.35,4.438
5198219.69,16272,0.128,6.122,6.249
5198316.74,16274,0.108,6.073,6.181
5198412.26,16273,0.162,6.023,6.186
5198624.75,16272,0.152,5.989,6.141
5198673.71,16274,0.174,8.096,8.27
5198676.07,16273,0.098,4.113,4.21
5198814.91,16274,0.166,4.005,4.171
5198875.89,16272,0.107,4.14,4.247
5199014.56,16273,0.128,3.953,4.081
5199163.35,16274,0.197,8.661,8.858
5199344.28,16272,0.199,3.982,4.181
5199360.68,16273,0.113,4.144,4.257
5199422.86,16274,0.16,5.612,5.771
5199472.51,16272,0.113,5.084,5.197
5199568.34,16273,0.129,4.147,4.276
5199675.12,16274,0.173,3.974,4.147
5199698.33,16272,0.11,6.158,6.268
5199752.13,16273,0.107,4.097,4.203
5199950.1,16274,0.208,6.152,6.36
5199967.51,16272,0.176,4.411,4.586
5200093.84,16273,0.173,4.06,4.233
5200130.39,16274,1.014,4.22,5.234
5200154.17,16272,1.083,6.014,7.097
5200212.86,16273,0.186,4.039,4.226
5200286.6,16274,0.086,6.079,6.164
5200305.59,16272,0.142,4.093,4.236
5200478.44,16273,0.159,4.027,4.186
5200523.22,16274,0.129,3.989,4.118
5200533.42,16272,0.124,5.014,5.138
5200582.05,16273,0.09,4.125,4.215
5200596.34,16274,0.078,3.982,4.061
5200669.28,16272,1.043,6.167,7.209
5200819.06,16273,0.17,7.485,7.656
5200858.15,16274,0.105,3.993,4.098
5200927.97,16272,0.225,4.169,4.394
5201002.39,16273,0.112,4.053,4.165
5201091.02,16274,0.694,4.001,4.696
5201096.98,16272,0.158,4.185,4.343
5201184.23,16273,1.811,4.116,5.927
5201361.26,16274,0.244,4.692,4.936
5201445.68,16272,0.206,6.387,6.594
5201551.24,16273,0.151,4.009,4.16
5201562.41,16274,0.695,5.325,6.02
5201666.77,16272,0.159,3.986,4.144
5201692.23,16273,1.454,4.062,5.516
5201701.49,16274,0.083,6.137,6.219
5201718.52,16272,0.072,6.977,7.05
5201736.35,16273,0.2,5.053,5.252
5201886.83,16274,0.153,3.993,4.146
5202101.28,16272,0.198,4.993,5.191
5202105.83,16273,1.956,7.645,9.601
5202317.88,16274,0.194,6.078,6.272
5202325.31,16272,0.123,4.054,4.177
5202357.22,16273,0.132,4.008,4.14
5202380.14,16274,0.12,4.089,4.209
5202392.57,16272,0.121,3.958,4.078
5202780.34,16273,0.2,4.07,4.27
5202793.52,16274,0.106,4.071,4.177
5202798.03,16272,0.065,3.91,3.976
5202808.3,16273,0.069,4.064,4.133
5202904.1,16274,0.101,6.085,6.186
5202918.12,16272,0.702,6.031,6.733
5203243.61,16273,0.159,6.104,6.263
5203248.11,16274,0.162,3.968,4.131
5203466.15,16272,1.647,4.023,5.67
5203509.92,16273,0.131,4.011,4.143
5203579.09,16274,0.155,4.102,4.257
5203596.47,16272,0.108,4.006,4.114
5203632.2,16273,0.117,4.007,4.124
5203698.14,16274,0.14,4.016,4.157
5203936.29,16272,0.173,4.03,4.204
5203942.16,16273,0.154,4.041,4.196
5203995.41,16274,0.155,4.214,4.368
5204205.25,16272,0.14,4.063,4.203
5204212.97,16273,0.105,3.958,4.063
5204219.42,16274,0.081,6.119,6.2
5204330.9,16272,0.16,4.027,4.187
5204389.28,16273,0.195,4.108,4.303
5204576.26,16274,0.144,4.041,4.185
5204667.63,16272,0.117,4.11,4.226
5204728.64,16273,0.114,4.11,4.224
5204791.26,16274,0.12,4.28,4.4
5204826.84,16273,0.058,6.016,6.073
5204829.44,16272,0.098,10.299,10.397
5204925.11,16274,0.096,5.941,6.037
5204929.1,16272,0.07,6.158,6.228
5204990.59,16273,0.161,4.175,4.336
5205023.3,16274,0.113,4.031,4.144
5205066.09,16272,0.092,8.062,8.154
5205068.22,16273,0.391,8.087,8.478
5205124.08,16274,0.163,4.275,4.438
5205244.88,16272,1.032,4.083,5.116
5205338.21,16273,0.129,4.002,4.131
5205398.16,16274,2.099,3.996,6.095
5205400.22,16272,0.093,4.061,4.153
5205452.32,16273,0.098,4.059,4.157
5205481.04,16274,3.078,3.95,7.028
5205493.4,16272,0.082,4.142,4.224
5205502.88,16273,1.769,4.065,5.833
5205528.88,16274,0.079,6.035,6.114
5205557.11,16272,2.085,4.051,6.137
5205565.86,16273,0.109,4.003,4.112
5205570.14,16274,0.092,4.074,4.166
5205630.39,16272,2.027,4.313,6.34
5205823.1,16273,0.152,4.315,4.466
5205877.56,16274,2.348,5.111,7.459
5206046.06,16272,0.215,6.185,6.4
5206055.84,16273,0.095,3.991,4.086
5206119.37,16274,0.149,4.104,4.253
5206145.14,16272,1.923,4.063,5.986
5206223.97,16273,0.147,5.711,5.858
5206243.7,16274,1.872,6.104,7.976
5206272.09,16272,0.665,5.995,6.66
5206328.84,16273,0.154,4.052,4.205
5206358.22,16274,0.099,4.035,4.134
5206382.1,16272,2.064,4.012,6.075
5206400.12,16273,0.088,3.987,4.075
5206409.6,16274,0.069,4.067,4.136
5206448.5,16272,0.08,3.993,4.074
5206450.16,16273,1.559,4.037,5.597
5206474.59,16272,0.114,6.025,6.139
5206540.36,16274,0.288,6.291,6.579
5206563.54,16273,0.096,8.374,8.47
5206576.76,16272,1.65,7.659,9.309
5206577.34,16274,0.054,6.885,6.938
5206587.18,16273,0.068,6.065,6.133
5206611.79,16274,0.128,5.604,5.731
5206614.43,16272,0.063,4.979,5.042
5206615.55,16273,0.07,4.43,4.5
5206621.22,16274,0.064,4.016,4.08
5206629.53,16272,0.075,4.109,4.184
5206671.21,16273,0.08,6.086,6.165
5206695.63,16274,0.098,6.184,6.281
5206697.89,16272,0.089,4.763,4.851
5206735.17,16273,0.078,4.055,4.133
5206796.79,16274,0.167,4.163,4.33
5206802.56,16272,0.135,4.118,4.252
5206836.53,16273,0.093,4.375,4.468
5206843.59,16274,1.047,7.502,8.548
5206845.66,16272,0.959,6.665,7.624
5206859.27,16273,0.073,4.154,4.228
5206862.69,16274,0.077,5.577,5.653
5206899.74,16272,0.12,6.071,6.191
5206927.89,16273,0.096,3.953,4.048
5206994.21,16274,0.098,7.492,7.59
5206996.82,16272,0.085,4.266,4.351
5207028.72,16273,0.14,4.046,4.186
5207033.06,16274,0.071,4.037,4.108
5207063.19,16272,0.083,4.048,4.131
5207078.77,16273,0.097,6.283,6.38
5207084.24,16274,0.098,5.156,5.254
5207088.82,16272,0.078,4.121,4.199
5207095.4,16273,0.072,4.129,4.202
5207103.25,16274,0.068,4.135,4.202
5207149.43,16272,0.169,4.374,4.544
5207155.39,16273,0.107,6.0,6.107
5207215.19,16274,0.117,4.083,4.2
5207259.67,16272,0.115,4.132,4.247
5207269.14,16273,0.079,6.006,6.084
5207278.32,16274,0.176,4.388,4.564
5207316.04,16272,0.082,3.894,3.976
5207318.7,16273,0.054,3.995,4.049
5207332.24,16272,0.091,3.906,3.996
5207348.29,16274,0.073,4.164,4.237
5207360.16,16273,0.053,4.069,4.122
5207392.28,16272,1.025,6.209,7.234
5207405.24,16274,0.068,6.167,6.235
5207427.63,16273,0.079,3.991,4.07
5207438.27,16272,0.08,4.016,4.096
5207443.16,16274,0.061,3.959,4.02
5207512.14,16273,0.095,5.985,6.08
5207527.65,16272,0.101,3.991,4.091
5207543.1,16274,0.073,3.976,4.049
5207546.89,16273,0.064,4.066,4.13
5207598.29,16272,0.108,4.108,4.215
5207607.74,16274,0.085,4.073,4.158
5207632.29,16273,0.093,4.256,4.349
5207638.26,16272,0.061,6.048,6.11
5207734.2,16273,0.11,6.308,6.418
5207740.17,16274,1.799,4.078,5.877
5207749.93,16272,0.096,4.135,4.231
5207765.06,16273,0.086,6.23,6.316
5207792.66,16274,0.134,8.005,8.139
5207795.07,16272,1.064,5.902,6.966
5207797.52,16273,0.084,4.082,4.166
5207821.11,16272,1.461,6.005,7.466
5207821.2,16274,2.185,8.083,10.268
5207829.22,16273,0.063,6.124,6.187
5207833.52,16272,0.073,4.121,4.194
5207877.07,16274,1.239,3.934,5.173
5207893.21,16273,0.077,4.067,4.145
5207919.24,16272,0.136,4.036,4.173
5207934.7,16274,0.096,8.058,8.154
5207938.47,16273,0.082,5.074,5.156
5207965.43,16274,0.107,3.959,4.066
5207991.28,16272,0.095,4.091,4.186
5208028.34,16273,0.121,4.118,4.238
5208097.17,16274,0.955,5.991,6.946
5208117.43,16272,0.117,5.93,6.046
5208198.76,16273,0.13,3.89,4.02
5208238.04,16274,0.11,4.081,4.19
5208251.68,16272,0.09,4.033,4.123
5208310.5,16273,0.111,5.125,5.236
5208330.46,16274,0.095,10.311,10.405
5208330.86,16272,0.058,8.715,8.774
5208349.15,16273,2.033,4.014,6.047
5208359.39,16274,0.075,4.268,4.343
5208427.47,16272,0.108,4.166,4.274
5208449.18,16273,0.093,6.057,6.151
5208458.02,16274,0.096,5.02,5.115
5208462.3,16272,0.07,4.074,4.145
5208514.86,16273,0.168,4.007,4.175
5208553.23,16274,1.557,4.079,5.636
5208557.5,16272,0.07,4.107,4.177
5208561.75,16273,0.074,4.094,4.168
5208583.4,16274,0.084,4.049,4.133
5208651.27,16272,0.118,5.174,5.293
5208663.52,16273,0.089,4.047,4.136
5208704.05,16274,0.13,5.517,5.647
5208730.58,16272,0.085,5.0,5.085
5208762.13,16273,1.018,4.04,5.058
5208868.12,16274,2.064,6.002,8.066
5209076.25,16272,0.163,6.114,6.277
5209164.57,16273,0.158,5.127,5.285
5209200.23,16274,0.104,6.067,6.171
5209237.31,16272,0.104,4.087,4.191
5209267.72,16273,0.087,4.037,4.124
5209347.17,16274,0.108,4.133,4.241
5209434.15,16272,0.14,6.202,6.342
5209575.17,16273,0.101,6.133,6.234
5209577.33,16274,2.017,4.232,6.249
5209616.42,16272,0.102,4.132,4.235
5209788.85,16273,0.104,4.158,4.262
5209862.35,16274,0.105,8.075,8.18
5209900.81,16272,0.102,7.376,7.478
5209904.37,16273,0.1,7.104,7.204
5210069.95,16274,0.126,4.103,4.229
5210089.12,16272,0.149,5.58,5.728
5210135.0,16273,1.116,5.781,6.897
5210247.89,16274,0.149,4.198,4.347
5210279.65,16272,0.118,5.105,5.223
5210299.96,16273,0.131,3.942,4.073
5210345.36,16274,0.103,4.031,4.135
5210369.45,16272,0.185,4.346,4.531
5210390.1,16273,0.198,6.039,6.237
5210416.5,16274,0.09,3.978,4.068
5210449.44,16272,0.082,4.317,4.399
5210471.65,16273,0.077,4.153,4.23
5210612.89,16274,0.15,4.25,4.4
5210718.88,16272,0.151,4.145,4.296
5210725.21,16273,0.085,4.067,4.152
5210733.23,16274,0.1,8.266,8.365
5210737.53,16273,0.082,4.008,4.09
5210763.29,16272,0.103,4.136,4.239
5210872.86,16274,0.116,4.03,4.146
5210877.14,16273,0.081,4.005,4.086
5210889.17,16272,0.068,4.049,4.117
5210897.15,16274,0.061,4.055,4.116
5210918.54,16273,0.072,4.036,4.108
5210921.47,16272,0.064,4.014,4.077
5210927.72,16273,0.063,6.014,6.077
5210954.04,16274,0.097,4.466,4.563
5210957.14,16272,0.103,4.773,4.876
5210969.38,16273,0.12,8.53,8.65
5210979.14,16274,1.103,6.0,7.103
5211020.3,16272,0.07,5.996,6.066
5211064.61,16273,0.078,5.161,5.239
5211096.16,16274,1.613,3.969,5.582
5211103.0,16272,0.661,4.273,4.934
5211138.36,16273,0.235,4.235,4.469
5211147.27,16274,0.127,4.035,4.161
5211159.3,16272,0.26,3.99,4.25
5211188.81,16273,0.154,6.3,6.454
5211213.96,16274,0.243,5.826,6.068
5211288.79,16272,0.084,4.647,4.731
5211293.59,16273,2.541,4.993,7.534
5211295.13,16272,0.389,6.206,6.595
5211319.64,16274,0.088,4.06,4.148
5211337.49,16273,0.447,4.02,4.467
5211353.46,16272,0.074,7.334,7.408
5211357.76,16274,0.071,6.65,6.722
5211375.11,16273,0.075,4.997,5.071
5211450.98,16272,0.219,4.142,4.361
5211468.98,16274,0.097,4.001,4.099
5211495.27,16273,0.095,3.994,4.089
5211500.9,16272,0.074,4.079,4.153
5211517.33,16274,0.088,4.18,4.268
5211561.48,16273,0.184,3.978,4.162
5211575.58,16272,0.977,4.422,5.399
5211579.04,16274,0.673,3.967,4.64
5211585.05,16272,0.08,3.988,4.068
5211649.48,16273,0.126,4.12,4.245
5211685.23,16274,0.088,6.088,6.175
5211694.81,16272,0.076,4.011,4.087
5211782.1,16273,1.249,6.019,7.268
5211825.7,16274,0.09,4.055,4.146
5211886.08,16272,0.089,4.038,4.126
5211894.76,16273,0.077,3.962,4.039
5211907.9,16274,0.079,4.094,4.173
5211933.71,16272,0.086,6.165,6.251
5212047.14,16273,0.381,5.738,6.119
5212165.29,16274,0.183,6.019,6.202
5212220.34,16272,0.116,6.157,6.274
5212274.25,16273,0.148,4.094,4.242
5212312.27,16274,0.105,4.101,4.206
5212339.83,16272,0.721,4.058,4.779
5212345.98,16273,1.483,6.029,7.511
5212350.3,16274,0.076,4.153,4.228
5212366.11,16272,0.079,6.007,6.086
5212416.24,16273,0.14,4.062,4.202
5212416.56,16274,0.098,4.135,4.233
5212425.07,16272,0.216,4.467,4.682
5212432.16,16273,0.141,4.078,4.219
5212481.74,16274,0.103,6.016,6.119
5212486.18,16272,3.746,4.276,8.022
5212511.84,16273,0.076,3.947,4.023
5212529.4,16274,0.114,6.002,6.116
5212548.16,16272,0.088,4.017,4.105
5212587.97,16273,0.101,4.267,4.367
5212638.8,16274,1.029,5.691,6.72
5212686.07,16272,0.136,5.968,6.104
5212731.09,16273,0.101,4.075,4.177
5212758.34,16274,0.111,3.966,4.077
5212807.2,16272,1.156,8.05,9.206
5212807.43,16273,0.059,6.296,6.355
5212906.31,16274,0.164,4.322,4.486
5212952.96,16272,0.105,4.797,4.902
5212982.0,16273,0.105,4.085,4.191
5212987.24,16274,0.098,3.955,4.053
5213020.67,16272,0.08,4.039,4.12
5213094.88,16273,0.212,5.974,6.185
5213136.62,16274,0.18,4.188,4.368
5213166.2,16272,1.972,4.032,6.004
5213173.4,16273,0.087,7.01,7.096
5213179.19,16274,0.086,4.051,4.137
5213182.29,16272,0.443,5.197,5.641
5213217.17,16273,0.111,4.036,4.147
5213231.15,16274,0.076,4.027,4.103
5213232.32,16272,0.064,3.954,4.018
5213251.42,16273,0.09,7.027,7.118
5213302.22,16274,1.344,4.027,5.372
5213316.45,16272,0.191,4.453,4.644
5213320.7,16273,0.092,3.962,4.054
5213345.15,16274,1.593,6.037,7.63
5213373.64,16272,0.08,4.1,4.18
5213426.37,16273,1.583,7.289,8.872
5213433.18,16274,0.073,4.059,4.132
5213455.83,16272,0.075,4.093,4.168
5213476.08,16273,0.108,4.119,4.227
5213500.24,16274,0.095,9.091,9.185
5213500.5,16272,0.058,7.268,7.326
5213511.46,16273,0.074,5.964,6.038
5213511.89,16274,0.057,6.045,6.103
5213519.66,16272,0.057,4.009,4.066
5213533.12,16273,2.072,5.011,7.083
5213562.93,16274,0.144,4.086,4.23
5213572.69,16272,0.062,3.955,4.017
5213589.51,16273,0.079,3.983,4.062
5213593.32,16274,0.055,5.899,5.954
5213597.32,16272,0.047,6.109,6.156
5213616.01,16273,0.072,8.057,8.129
5213625.21,16274,0.089,3.982,4.071
5213642.69,16272,0.109,4.09,4.198
5213663.98,16273,0.087,4.085,4.172
5213670.37,16274,0.073,4.124,4.198
5213676.08,16272,0.075,5.009,5.084
5213682.43,16273,0.051,6.137,6.188
5213710.47,16274,0.079,4.052,4.131
5213733.82,16272,0.075,4.001,4.077
5213750.83,16273,0.083,4.028,4.111
5213758.79,16274,0.918,4.719,5.636
5213801.17,16272,0.074,4.053,4.127
5213843.93,16273,0.097,4.071,4.169
5213862.17,16274,2.049,6.066,8.115
5213862.57,16272,0.083,6.07,6.153
5213890.67,16273,0.084,4.1,4.183
5213894.84,16274,0.07,4.04,4.11
5213896.27,16273,0.084,4.146,4.23
5213920.65,16272,0.066,4.536,4.601
5213997.91,16274,2.456,4.112,6.568
5214021.27,16273,0.143,4.037,4.18
5214044.77,16272,0.103,5.889,5.992
5214049.02,16274,0.076,4.074,4.15
5214073.25,16273,0.085,6.11,6.195
5214086.51,16272,0.119,4.571,4.691
5214095.1,16274,0.776,6.008,6.785
5214139.11,16273,0.138,4.078,4.217
5214147.43,16272,0.085,3.981,4.067
5214153.61,16274,0.078,5.025,5.102
5214176.24,16273,0.088,4.101,4.188
5214205.86,16272,0.069,4.053,4.122
5214278.87,16274,0.091,4.047,4.137
5214453.99,16273,0.116,4.169,4.285
5214554.67,16272,0.143,6.058,6.2
5214684.41,16274,1.057,6.273,7.331
5214721.41,16273,0.618,6.187,6.805
5214735.08,16272,1.071,3.95,5.021
5214908.72,16274,0.152,4.469,4.621
5214947.13,16273,2.001,3.982,5.984
5215075.85,16272,0.146,6.144,6.29
5215418.63,16274,0.144,4.086,4.231
5215708.91,16273,0.133,5.036,5.169
5215751.93,16272,0.126,4.103,4.229
5215774.55,16274,0.11,3.979,4.089
5215790.25,16273,1.611,5.157,6.768
5215798.13,16272,0.077,7.081,7.158
5215895.65,16274,0.106,4.321,4.427
5215962.16,16273,0.105,7.966,8.071
5216053.66,16272,0.096,4.132,4.227
5216074.8,16274,0.09,3.968,4.058
5216122.32,16273,0.168,6.077,6.244
5216145.26,16272,0.128,4.062,4.19
5216377.39,16274,0.174,4.185,4.359
5216421.2,16273,2.471,4.004,6.475
5216447.49,16272,0.12,5.015,5.135
5216469.5,16274,0.144,4.004,4.148
5216511.16,16273,0.088,4.01,4.098
5216586.73,16272,0.161,4.296,4.457
5216611.02,16274,2.036,3.93,5.966
5216672.87,16273,0.107,4.124,4.231
5216898.72,16272,0.163,3.941,4.104
5216938.12,16274,0.131,4.032,4.163
5217001.33,16273,0.118,6.326,6.444
5217024.42,16272,0.085,4.034,4.119
5217091.76,16274,0.163,5.061,5.224
5217122.25,16273,0.116,4.119,4.235
5217158.25,16272,0.142,4.022,4.165
5217269.33,16274,1.859,4.261,6.12
5217554.36,16273,0.157,5.022,5.179
5217624.31,16272,0.103,3.917,4.02
5218037.99,16274,0.165,4.126,4.291
5218111.47,16273,0.176,6.146,6.321
5218172.48,16272,0.179,6.496,6.676
5218367.9,16274,0.28,3.911,4.191
5218412.55,16273,0.116,5.364,5.481
5218414.74,16272,0.075,3.954,4.029
5218471.29,16273,0.201,4.226,4.427
5218500.47,16274,0.098,6.316,6.414
5218520.14,16272,0.084,3.997,4.081
5218562.99,16273,0.279,4.275,4.553
5218595.09,16274,0.092,5.941,6.033
5218688.94,16272,0.119,4.031,4.15
5218773.99,16273,0.176,4.065,4.241
5218787.56,16274,0.11,4.005,4.115
5218854.75,16272,0.113,9.573,9.685
5218861.93,16273,0.074,4.012,4.085
5218867.25,16274,0.079,4.219,4.298
5218872.62,16272,0.152,3.94,4.092
5218880.23,16273,0.061,4.118,4.179
5218926.07,16274,0.092,4.009,4.1
5218977.15,16272,0.086,6.01,6.095
5218998.92,16273,0.073,4.196,4.27
5219029.62,16274,0.104,4.004,4.108
5219050.15,16272,0.079,6.102,6.18
5219077.88,16273,0.115,4.167,4.282
5219128.44,16274,0.144,4.128,4.272
5219132.5,16272,0.08,6.119,6.199
5219147.12,16273,0.18,5.96,6.14
5219182.4,16274,1.086,4.01,5.096
5219220.1,16272,0.128,4.194,4.321
5219253.28,16273,2.113,4.172,6.285
5219268.37,16274,0.108,3.985,4.093
5219274.08,16272,0.067,3.959,4.027
5219280.87,16273,0.067,6.351,6.418
5219283.21,16274,2.074,5.096,7.171
5219314.12,16272,0.068,4.006,4.075
5219318.23,16273,0.076,5.115,5.191
5219324.16,16274,0.064,3.96,4.024
5219336.05,16272,0.088,3.913,4.0
5219349.72,16273,0.112,4.027,4.138
5219365.1,16274,0.073,3.992,4.065
5219417.45,16272,0.096,4.05,4.146
5219433.76,16273,0.103,4.049,4.152
5219453.29,16274,0.091,8.236,8.326
5219516.12,16272,0.079,5.992,6.071
5219540.51,16273,0.08,4.1,4.181
5219594.81,16274,0.082,3.995,4.077
5219600.5,16272,0.063,3.984,4.047
5219628.08,16273,2.254,5.959,8.212
5219650.54,16274,0.105,3.976,4.081
5219683.81,16272,0.114,5.865,5.978
5219707.2,16273,1.918,6.126,8.044
5219751.08,16274,0.109,3.909,4.019
5219762.57,16272,0.091,4.305,4.396
5219800.84,16273,0.217,4.086,4.303
5219840.1,16274,2.049,6.02,8.069
5219847.31,16272,0.092,4.146,4.238
5219860.24,16273,0.096,8.956,9.052
5219860.44,16274,0.07,7.336,7.406
5219863.09,16272,0.053,3.991,4.044
5219883.21,16273,2.019,4.142,6.161
5219900.89,16274,0.08,4.023,4.103
5219905.51,16272,0.084,3.989,4.072
5219921.96,16273,0.176,6.323,6.498
5219990.22,16274,1.942,4.085,6.027
5219993.47,16272,0.058,4.1,4.157
5219997.52,16273,0.092,4.018,4.11
5220042.22,16272,0.091,3.959,4.05
5220048.67,16274,0.077,5.039,5.116
5220060.8,16273,0.096,5.642,5.738
5220073.67,16272,0.078,3.957,4.036
5220086.96,16274,0.114,4.078,4.193
5220094.2,16273,0.083,4.074,4.156
5220100.19,16272,0.069,6.064,6.132
5220132.32,16274,0.135,4.995,5.13
5220138.81,16273,0.084,4.067,4.151
5220142.33,16272,0.069,4.09,4.159
5220176.66,16274,0.11,5.779,5.889
5220217.23,16273,2.065,4.102,6.167
5220233.61,16272,0.088,7.677,7.765
5220234.85,16274,0.08,4.068,4.148
5220277.65,16273,0.134,4.475,4.61
5220284.75,16272,0.088,3.972,4.06
5220328.27,16274,2.08,6.124,8.203
5220341.27,16273,1.007,4.103,5.11
5220351.13,16272,1.18,6.01,7.19
5220402.02,16274,0.152,6.559,6.711
5220648.26,16273,0.134,6.042,6.176
5220709.72,16272,0.127,3.929,4.056
5220832.27,16274,2.3,4.075,6.375
5221214.17,16273,0.149,3.981,4.13
5221218.46,16272,1.486,4.092,5.578
5221238.85,16274,0.103,4.092,4.196
5221359.98,16273,0.129,3.97,4.099
5221429.87,16272,0.106,4.346,4.452
5221433.78,16274,0.068,4.079,4.147
5221510.68,16272,0.122,4.146,4.268
5221564.93,16273,2.148,4.721,6.868
5221663.41,16274,0.131,4.055,4.185
5221668.05,16272,0.094,4.005,4.099
5221675.72,16273,0.08,3.993,4.073
5221795.24,16274,1.103,4.087,5.189
5221845.86,16272,0.107,5.94,6.046
5221861.5,16273,0.124,4.291,4.415
5221885.68,16274,0.087,3.999,4.086
5222123.28,16272,0.149,4.036,4.184
5222299.36,16273,0.151,4.242,4.393
5222320.44,16274,0.123,4.086,4.21
5222365.29,16272,0.119,4.097,4.216
5222496.97,16273,0.119,4.109,4.228
5222608.61,16274,0.111,4.137,4.249
5222628.39,16272,0.085,4.246,4.33
5222845.7,16273,0.769,4.441,5.21
5222850.07,16274,0.134,4.155,4.289
5222860.82,16272,0.082,3.961,4.043
5223058.4,16273,0.157,6.379,6.536
5223077.28,16274,0.12,4.058,4.178
5223101.13,16272,1.07,3.979,5.048
5223178.49,16273,0.159,4.257,4.416
5223247.06,16274,0.169,3.97,4.139
5223273.9,16272,1.011,4.113,5.125
5223307.23,16273,0.108,4.06,4.169
5223452.78,16274,0.153,3.971,4.124
5223467.21,16272,0.116,4.054,4.17
5223475.45,16273,0.111,5.6,5.712
5223556.32,16274,2.401,7.17,9.571
5223654.79,16272,0.123,4.226,4.349
5223699.66,16273,0.106,4.172,4.278
5223748.74,16274,0.098,4.426,4.524
5223756.1,16272,0.077,4.973,5.049
5223891.93,16273,0.119,4.257,4.376
5223929.76,16274,0.11,3.99,4.1
5223967.33,16272,0.104,3.967,4.07
5224071.08,16273,0.144,4.891,5.035
5224116.12,16274,0.174,4.253,4.428
5224136.12,16272,1.818,3.949,5.768
5224162.28,16273,0.128,4.129,4.257
5224242.07,16274,0.118,4.072,4.189
5224321.29,16272,0.115,4.107,4.222
5224548.19,16273,0.198,3.983,4.182
5224656.24,16274,0.156,4.364,4.52
5224796.71,16272,0.162,3.964,4.126
5224816.55,16273,0.135,4.108,4.242
5224827.15,16274,0.083,8.01,8.093
5224835.85,16272,0.082,4.002,4.084
5224873.07,16273,0.136,4.109,4.245
5224883.13,16274,0.443,6.046,6.489
5224922.11,16272,1.367,4.027,5.394
5224987.26,16273,0.161,4.091,4.252
5225000.84,16274,0.114,4.058,4.171
5225005.14,16272,0.085,4.034,4.119
5225041.29,16273,0.096,4.142,4.239
5225044.43,16274,0.077,5.976,6.052
5225098.43,16272,0.165,4.043,4.208
5225115.36,16273,0.206,4.212,4.418
5225155.42,16274,0.148,4.087,4.235
5225159.42,16272,0.079,4.17,4.249
5225161.45,16274,0.09,4.335,4.424
5225165.15,16273,0.074,4.918,4.993
5225219.25,16274,0.129,4.17,4.299
5225234.75,16272,0.217,4.245,4.462
5225251.81,16273,2.057,4.069,6.126
5225263.87,16274,0.08,4.07,4.15
5225279.43,16272,0.095,7.013,7.108
5225281.43,16273,0.061,4.033,4.094
5225315.99,16274,0.089,4.108,4.198
5225331.14,16272,0.08,4.007,4.087
5225337.38,16273,0.073,6.09,6.163
5225339.58,16274,0.878,4.503,5.381
5225362.64,16272,0.107,6.356,6.463
5225388.17,16273,0.117,5.987,6.104
5225390.38,16274,0.064,4.279,4.342
5225398.09,16272,2.16,4.017,6.177
5225418.8,16273,0.125,4.023,4.148
5225433.12,16274,0.153,4.243,4.396
5225476.14,16272,0.078,6.117,6.195
5225481.99,16273,1.856,3.923,5.779
5225491.14,16274,0.062,3.934,3.996
5225523.61,16272,0.073,3.963,4.036
5225563.94,16273,0.085,8.433,8.518
5225565.1,16274,1.268,8.037,9.304
5225662.63,16272,0.103,6.09,6.192
5225672.18,16273,1.025,6.106,7.13
5225686.06,16274,1.081,3.946,5.027
5225704.65,16272,0.076,4.21,4.286
5225717.02,16272,0.051,3.93,3.98
5225717.73,16274,1.518,6.149,7.667
5225717.83,16273,0.064,9.732,9.796
5225743.12,16272,0.086,6.048,6.134
5225746.57,16274,4.354,4.532,8.886
5225749.13,16272,0.071,5.002,5.073
5225757.55,16273,0.076,6.035,6.111
5225795.47,16274,0.077,4.092,4.17
5225824.88,16272,0.083,5.277,5.36
5225860.93,16273,0.091,6.055,6.146
5225870.66,16274,0.092,4.133,4.224
5225881.72,16272,0.076,3.945,4.021
5225982.78,16273,0.085,4.054,4.14
5226008.16,16274,0.073,6.045,6.117
5226023.37,16272,1.05,7.348,8.399
5226023.67,16273,1.195,6.541,7.735
5226118.44,16274,0.175,4.066,4.242
5226124.64,16272,0.106,4.046,4.152
5226148.3,16273,0.152,4.081,4.232
5226159.52,16274,0.09,6.078,6.168
5226182.52,16272,0.091,6.049,6.14
5226198.19,16273,2.056,4.085,6.141
5226210.16,16274,0.081,4.127,4.209
5226214.44,16272,0.054,4.012,4.066
5226229.66,16273,0.091,4.081,4.173
5226238.5,16274,0.069,4.489,4.557
5226251.67,16272,0.084,4.124,4.208
5226375.29,16273,0.168,8.135,8.303
5226398.64,16274,0.116,5.134,5.25
5226419.41,16272,0.102,4.143,4.245
5226444.25,16273,0.083,5.999,6.083
5226458.91,16274,0.086,5.131,5.218
5226465.09,16272,1.004,6.038,7.042
5226486.43,16273,0.074,4.053,4.127
5226510.52,16274,0.13,4.025,4.154
5226519.93,16272,0.081,3.973,4.054
5226526.25,16273,0.067,6.033,6.1
5226541.56,16274,0.121,4.212,4.333
5226552.85,16272,0.084,6.073,6.157
5226589.79,16273,0.087,3.964,4.051
5226598.51,16274,0.06,4.043,4.103
5226614.99,16272,0.072,4.156,4.228
5226637.53,16273,0.064,5.056,5.12
5226721.18,16274,0.086,6.044,6.129
5226723.4,16272,0.07,4.03,4.1
5226739.71,16274,0.068,4.074,4.142
5226752.62,16273,0.072,3.958,4.03
5226795.8,16272,0.076,5.679,5.756
5226798.32,16274,0.057,4.956,5.012
5226816.13,16273,0.065,7.022,7.087
5226820.13,16272,0.055,3.891,3.946
5226843.09,16274,0.068,3.979,4.046
5226871.3,16273,0.069,4.138,4.207
5226901.19,16272,0.07,6.063,6.133
5226924.6,16274,1.616,3.933,5.549
5226937.7,16273,0.085,3.976,4.061
5226942.78,16272,0.071,4.061,4.132
5226962.19,16274,1.672,6.116,7.788
5227011.26,16273,0.724,4.008,4.732
5227024.14,16272,1.897,4.005,5.902
5227091.27,16274,0.208,3.987,4.196
5227096.75,16273,0.19,5.173,5.363
5227146.25,16272,2.01,6.044,8.053
5227155.15,16274,0.225,4.015,4.24
5227160.15,16273,0.07,4.146,4.216
5227181.69,16272,0.089,4.031,4.12
5227244.8,16274,0.144,4.014,4.158
5227323.74,16273,0.097,3.942,4.039
5227368.46,16272,0.104,4.291,4.395
5227661.02,16274,0.186,3.938,4.124
5227719.81,16273,0.131,4.137,4.268
5227742.55,16272,0.229,4.055,4.284
5227832.64,16274,0.119,5.522,5.641
5228026.74,16273,0.115,4.56,4.675
5228077.44,16272,0.112,4.48,4.592
5228204.97,16274,0.157,4.559,4.716
5228285.51,16273,0.134,3.985,4.119
5228380.81,16272,0.119,5.015,5.134
5228735.35,16274,0.13,5.616,5.746
5228925.35,16273,0.118,5.953,6.071
5229155.92,16272,0.15,5.207,5.357
5229172.37,16274,0.122,6.118,6.24
5229358.34,16273,1.549,5.162,6.711
5229361.51,16272,2.251,4.332,6.583
5229403.69,16274,0.092,4.03,4.123
5229499.77,16273,0.212,7.955,8.167
5229569.67,16272,0.116,8.379,8.495
5229668.21,16274,0.097,4.053,4.15
5229963.41,16273,0.197,6.11,6.307
5229967.8,16272,0.104,4.179,4.283
5230000.97,16274,0.137,4.049,4.186
5230228.49,16273,0.144,4.161,4.305
5230613.28,16272,0.183,4.099,4.283
5230620.6,16274,0.115,4.146,4.26
5230654.18,16273,0.136,3.985,4.12
5230722.19,16272,0.251,5.555,5.806
5230748.23,16274,0.096,5.081,5.177
5230761.77,16273,0.064,5.151,5.215
5230959.94,16272,0.245,4.004,4.249
5231015.34,16274,0.107,4.051,4.158
5231049.78,16273,0.107,4.048,4.155
5231059.12,16272,1.919,4.036,5.955
5231077.31,16274,0.118,5.107,5.225
5231112.1,16273,1.594,3.986,5.581
5231148.88,16272,0.148,4.158,4.306
5231211.1,16274,0.137,4.58,4.717
5231353.21,16273,0.173,4.107,4.28
5231418.76,16272,0.132,6.224,6.357
5231437.01,16274,0.15,9.771,9.92
5231437.67,16273,0.097,4.703,4.801
5231538.9,16272,0.13,4.104,4.234
5231571.06,16273,0.72,6.273,6.993
5231625.36,16274,0.093,4.052,4.144
5231716.71,16272,0.105,4.0,4.105
5231812.37,16273,0.1,4.256,4.356
5231830.82,16274,0.102,4.358,4.46
5231899.53,16272,0.127,6.023,6.15
5232197.44,16273,2.318,4.212,6.53
5232331.25,16274,0.149,4.02,4.168
5232351.25,16272,0.134,4.646,4.781
5232404.54,16273,0.107,4.365,4.472
5232453.56,16274,0.108,4.005,4.114
5232668.13,16272,1.732,3.997,5.729
5232805.18,16273,1.866,4.016,5.883
5232832.94,16274,0.099,4.344,4.443
5232872.59,16272,0.17,6.101,6.271
5232883.99,16273,0.1,4.097,4.197
5232921.95,16274,0.089,4.043,4.132
5233010.65,16272,0.112,4.11,4.223
5233039.47,16273,1.003,4.407,5.41
5233107.66,16274,0.164,3.97,4.134
5233134.34,16272,0.173,4.079,4.252
5233218.17,16273,0.183,7.666,7.849
5233425.47,16274,0.157,3.945,4.102
5233528.79,16272,0.153,4.103,4.256
5233630.02,16273,0.134,4.125,4.259
5233697.37,16274,0.134,4.161,4.295
5233737.98,16272,0.105,4.0,4.105
5233784.5,16273,0.092,4.064,4.156
5233922.53,16274,0.138,4.13,4.268
5234029.52,16272,0.12,7.675,7.794
5234138.92,16273,0.161,6.021,6.182
5234142.17,16274,1.255,7.072,8.327
5234232.34,16272,0.115,4.149,4.265
5234236.39,16273,1.785,4.287,6.072
5234291.57,16272,0.118,3.982,4.1
5234299.23,16274,0.129,4.039,4.168
5234305.59,16273,0.068,4.134,4.202
5234368.48,16272,0.131,4.032,4.163
5234389.55,16274,0.243,4.542,4.785
5234436.33,16273,0.168,4.946,5.114
5234451.68,16272,0.103,5.718,5.821
5234458.16,16274,2.206,4.083,6.289
5234460.43,16273,0.067,4.315,4.382
5234479.28,16272,0.072,4.161,4.232
5234508.15,16274,0.12,3.98,4.099
5234509.87,16273,0.068,4.034,4.101
5234579.21,16272,0.133,4.002,4.135
5234587.06,16274,0.081,3.927,4.007
5234601.07,16273,0.057,4.01,4.067
5234613.49,16272,0.081,4.036,4.118
5234643.59,16274,0.086,6.046,6.132
5234646.59,16273,0.064,6.012,6.076
5234704.93,16272,0.28,4.169,4.449
5234768.78,16274,0.102,3.949,4.051
5234779.8,16273,0.097,4.07,4.168
5234807.66,16272,0.094,6.104,6.198
5234811.76,16274,0.1,3.934,4.034
5234826.16,16273,0.073,4.044,4.117
5234830.21,16272,2.226,3.951,6.177
5234860.37,16274,0.098,4.136,4.235
5234874.36,16273,0.127,7.426,7.553
5234934.35,16272,0.121,4.201,4.322
5234943.91,16274,0.083,5.012,5.096
5234963.16,16273,0.093,5.88,5.974
5234972.09,16272,3.358,4.019,7.376
5234973.61,16274,0.069,5.001,5.07
5234990.36,16273,0.056,3.951,4.007
5235059.5,16272,0.082,4.07,4.152
5235076.95,16274,0.161,4.13,4.292
5235086.97,16273,0.117,4.03,4.147
5235111.15,16272,0.116,5.963,6.079
5235113.68,16274,0.064,4.009,4.072
5235139.28,16273,0.092,4.025,4.117
5235176.12,16272,0.129,4.083,4.212
5235190.06,16274,0.075,5.04,5.115
5235211.92,16273,0.114,4.835,4.949
5235248.27,16272,0.1,4.163,4.263
5235255.14,16274,0.066,6.907,6.973
5235287.51,16272,0.091,5.023,5.114
5235291.74,16273,0.067,4.094,4.161
5235305.42,16274,0.06,4.078,4.138
5235342.08,16272,0.103,4.347,4.45
5235360.69,16273,0.081,4.34,4.421
5235390.16,16274,0.086,4.256,4.342
5235420.74,16272,0.07,4.167,4.237
5235424.95,16273,0.851,4.059,4.91
5235484.81,16274,0.065,5.071,5.136
5235486.18,16272,1.85,4.095,5.945
5235490.95,16273,0.08,4.064,4.144
5235491.16,16274,0.053,4.166,4.219
5235496.94,16272,0.067,4.02,4.087
5235518.2,16273,0.07,6.049,6.119
5235532.43,16274,0.163,4.237,4.4
5235566.3,16272,0.124,4.063,4.186
5235604.17,16273,1.459,4.115,5.574
5235647.13,16274,0.082,4.008,4.09
5235652.31,16272,0.074,3.943,4.018
5235684.75,16273,0.069,4.019,4.087
5235691.35,16274,0.126,6.386,6.511
5235722.63,16272,0.079,4.498,4.577
5235726.03,16273,0.06,3.918,3.978
5235734.98,16272,0.052,5.043,5.096
5235735.42,16274,0.054,8.463,8.517
5235758.7,16273,0.076,4.085,4.16
5235799.6,16274,0.065,4.297,4.362
5235844.81,16272,0.073,3.998,4.071
5235912.06,16273,0.129,4.27,4.4
5235945.4,16274,1.032,4.307,5.339
5235954.69,16272,0.084,4.997,5.081
5235965.95,16273,0.086,4.041,4.126
5236034.6,16274,0.087,4.059,4.146
5236066.47,16272,0.096,4.085,4.181
5236070.26,16273,0.059,4.045,4.104
5236078.04,16272,0.122,4.024,4.146
5236137.1,16274,0.13,4.136,4.266
5236142.81,16273,0.095,3.955,4.051
5236161.36,16272,0.121,4.036,4.157
5236185.11,16274,4.602,4.885,9.487
5236189.24,16273,0.066,4.113,4.179
5236199.8,16272,0.06,5.938,5.998
5236225.31,16274,0.06,4.094,4.154
5236229.51,16273,0.069,4.06,4.129
5236233.93,16272,0.066,4.108,4.174
5236252.28,16274,0.083,4.049,4.132
5236259.39,16273,0.079,5.437,5.516
5236282.16,16272,0.063,8.051,8.114
5236348.26,16274,0.087,4.175,4.263
5236381.22,16273,0.085,6.086,6.171
5236386.15,16272,1.903,8.927,10.83
5236392.9,16274,0.663,4.358,5.021
5236438.95,16273,0.086,4.005,4.091
5236472.22,16272,0.093,6.061,6.154
5236484.32,16274,0.089,4.175,4.264
5236488.61,16273,0.062,4.021,4.083
5236574.49,16272,0.122,4.014,4.136
5236575.73,16274,0.073,3.994,4.067
5236599.2,16273,0.093,4.062,4.155
5236603.38,16272,0.277,4.055,4.332
5236643.43,16274,0.1,4.21,4.31
5236659.2,16273,0.097,4.029,4.126
5236681.69,16272,0.094,5.029,5.124
5236687.19,16274,0.086,6.061,6.148
5236716.2,16272,0.079,4.076,4.154
5236719.17,16273,0.052,4.079,4.132
5236725.57,16272,0.074,3.986,4.06
5236761.21,16274,0.075,4.088,4.163
5236806.06,16273,0.086,4.288,4.374
5236851.13,16272,0.079,4.989,5.068
5236905.65,16274,0.086,4.016,4.102
5237003.44,16273,1.594,6.312,7.906
5237011.6,16272,0.079,6.1,6.179
5237067.38,16274,0.091,4.165,4.256
5237128.39,16273,0.147,4.149,4.296
5237276.63,16272,0.296,3.995,4.291
5237288.58,16274,0.104,4.997,5.101
5237334.36,16273,0.195,8.062,8.257
5237334.54,16272,0.069,6.516,6.585
5237344.25,16274,0.07,6.018,6.088
5237353.04,16273,0.082,4.237,4.319
5237366.03,16272,0.065,3.922,3.987
5237383.36,16274,0.096,4.114,4.21
5237389.07,16273,1.53,3.999,5.529
5237418.99,16272,0.106,4.077,4.184
5237438.3,16273,0.084,4.055,4.139
5237438.35,16274,0.123,6.175,6.298
5237462.74,16272,0.1,6.021,6.121
5237486.85,16273,0.107,4.101,4.207
5237523.29,16274,0.707,4.845,5.551
5237537.13,16272,1.032,6.044,7.076
5237577.65,16273,0.089,4.155,4.244
5237582.94,16274,0.097,5.089,5.186
5237592.88,16272,0.056,3.975,4.03
5237617.75,16273,1.524,4.181,5.705
5237644.84,16274,0.076,4.181,4.257
5237658.52,16272,0.083,4.386,4.469
5237701.12,16273,2.755,4.021,6.776
5237728.93,16274,0.076,4.113,4.189
5237842.2,16272,0.131,4.0,4.131
5237844.24,16273,0.074,4.195,4.269
5237876.61,16274,0.096,4.185,4.281
5237905.52,16272,0.091,3.963,4.055
5237911.47,16273,0.077,4.213,4.291
5237929.81,16272,0.069,4.093,4.162
5237930.06,16274,0.076,6.119,6.195
5237943.7,16273,0.153,4.007,4.16
5237977.91,16273,0.066,4.175,4.241
5237978.98,16274,1.073,5.912,6.986
5237979.04,16272,1.306,8.003,9.309
5238007.25,16273,0.074,5.258,5.332
5238089.99,16274,3.194,9.685,12.879
5238092.53,16272,0.102,4.672,4.774
5238100.04,16274,4.605,3.975,8.581
5238167.34,16273,0.15,4.01,4.16
5238174.66,16272,0.102,4.012,4.114
5238185.8,16274,0.087,4.102,4.188
5238228.24,16273,0.399,4.247,4.646
5238267.28,16272,0.093,4.105,4.199
5238282.69,16274,0.108,5.98,6.088
5238284.65,16273,0.079,4.1,4.179
5238290.9,16272,0.064,4.579,4.643
5238297.08,16274,0.075,4.29,4.366
5238348.18,16273,0.092,3.969,4.062
5238359.64,16272,1.712,6.051,7.764
5238404.0,16274,0.089,6.123,6.212
5238570.26,16273,1.048,6.128,7.176
5238575.57,16272,0.102,3.979,4.081
5238579.84,16274,0.079,3.958,4.037
5238588.09,16273,2.195,5.983,8.177
5238632.33,16272,0.088,4.042,4.131
5238638.66,16274,0.078,4.152,4.23
5238667.31,16273,1.227,4.234,5.46
5238672.77,16272,0.059,6.739,6.798
5238674.31,16273,0.058,4.214,4.272
5238769.69,16274,0.132,4.087,4.219
5238775.38,16272,0.464,4.215,4.679
5238805.51,16273,0.085,4.094,4.18
5238824.06,16274,1.029,5.986,7.016
5238825.16,16272,0.067,6.056,6.123
5238829.33,16273,0.047,6.212,6.259
5238837.61,16274,0.079,3.995,4.074
5238851.75,16272,0.068,4.078,4.146
5238906.18,16273,0.067,4.071,4.139
5238926.88,16274,0.088,4.341,4.429
5238928.84,16272,0.074,4.086,4.16
5238944.16,16274,1.044,6.069,7.112
5238949.91,16273,0.075,4.005,4.079
5238988.25,16272,0.073,4.021,4.094
5239071.64,16274,1.089,4.182,5.271
5239074.48,16273,0.099,5.278,5.377
5239099.16,16272,0.115,3.98,4.094
5239111.39,16274,0.129,4.064,4.192
5239147.83,16272,0.124,4.109,4.233
5239148.55,16273,0.137,8.36,8.497
5239173.29,16274,0.109,4.106,4.215
5239182.39,16272,0.185,4.146,4.331
5239218.42,16273,0.083,6.287,6.369
5239257.09,16274,0.109,4.137,4.246
5239268.04,16272,0.198,4.477,4.675
5239298.36,16273,0.103,5.188,5.291
5239315.8,16274,0.144,4.605,4.749
5239355.59,16272,0.084,4.342,4.425
5239361.78,16273,2.674,6.051,8.725
5239383.35,16274,0.081,4.02,4.101
5239394.71,16272,0.078,4.004,4.082
5239415.72,16273,0.13,4.102,4.232
5239444.09,16274,0.085,5.967,6.052
5239450.97,16272,0.077,3.995,4.072
5239473.22,16273,0.074,8.101,8.175
5239473.3,16274,0.389,5.952,6.342
5239482.92,16272,0.062,6.679,6.741
5239485.45,16273,0.048,8.36,8.408
5239485.68,16274,0.185,5.776,5.961
5239506.26,16272,0.085,6.147,6.232
5239518.13,16273,0.909,5.065,5.975
5239558.25,16274,0.12,5.25,5.37
5239566.73,16272,0.086,4.113,4.199
5239643.13,16273,0.121,4.117,4.238
5239671.98,16274,0.093,4.164,4.257
5239681.39,16272,0.089,4.424,4.513
5239697.63,16273,0.094,4.232,4.326
5239720.2,16274,0.123,4.049,4.172
5239759.23,16272,0.099,4.075,4.174
5239763.9,16273,0.078,4.108,4.186
5239854.69,16274,0.175,3.976,4.151
5239887.54,16272,2.503,4.313,6.816
5239951.24,16273,0.159,4.462,4.621
5240048.85,16274,0.231,4.099,4.33
5240057.26,16272,0.142,4.17,4.312
5240065.94,16273,0.101,4.773,4.874
5240092.32,16274,0.115,5.146,5.261
5240126.32,16272,0.158,4.103,4.261
5240136.94,16273,0.195,4.316,4.511
5240161.58,16274,0.123,4.373,4.496
5240179.1,16272,0.094,4.084,4.179
5240199.63,16273,0.073,5.076,5.149
5240200.29,16274,0.055,4.188,4.243
5240211.54,16272,0.068,4.058,4.126
5240219.13,16273,0.063,4.022,4.086
5240220.33,16274,0.08,3.964,4.044
5240225.52,16272,0.07,3.959,4.029
5240254.49,16273,0.062,6.098,6.16
5240265.78,16274,0.069,4.097,4.166
5240385.12,16272,0.158,4.021,4.179
5240395.35,16273,0.265,6.031,6.295
5240397.16,16274,0.09,5.778,5.868
5240411.32,16272,0.075,4.098,4.173
5240440.14,16273,0.081,6.007,6.088
5240442.15,16274,0.079,4.067,4.147
5240468.95,16272,0.07,4.273,4.343
5240484.26,16273,0.082,4.138,4.22
5240491.27,16274,0.07,4.466,4.536
5240498.13,16272,1.047,4.019,5.066
5240509.07,16273,0.166,6.191,6.357
5240579.29,16274,1.79,4.15,5.94
5240605.42,16272,0.095,3.94,4.035
5240632.66,16273,0.107,5.146,5.252
5240635.57,16274,0.071,4.114,4.185
5240729.82,16273,0.126,7.903,8.029
5240775.2,16272,0.09,4.053,4.143
5240781.72,16274,0.116,4.036,4.152
5240792.56,16273,0.077,6.362,6.439
5240794.7,16272,0.091,4.03,4.121
5240831.38,16273,0.078,4.04,4.119
5240864.58,16274,0.084,4.074,4.158
5240909.21,16272,0.074,4.085,4.159
5240950.18,16273,0.098,4.304,4.402
5240962.14,16274,0.085,6.002,6.086
5240966.35,16272,0.064,4.078,4.142
5240980.03,16273,0.062,4.081,4.143
5240995.03,16274,0.109,4.176,4.286
5241010.28,16272,0.126,4.182,4.308
5241057.11,16273,2.059,4.009,6.067
5241071.19,16274,0.084,6.051,6.134
5241073.27,16272,0.057,4.16,4.218
5241082.81,16274,0.115,6.055,6.171
5241095.27,16273,0.106,4.095,4.201
5241110.87,16272,0.089,4.014,4.103
5241146.72,16274,0.106,6.511,6.617
5241167.13,16273,0.143,4.104,4.247
5241233.12,16272,0.122,3.926,4.048
5241320.94,16274,0.16,4.044,4.204
5241328.25,16273,0.082,4.087,4.169
5241352.12,16272,1.171,3.973,5.144
5241471.28,16274,0.184,6.056,6.24
5241718.14,16273,0.17,5.962,6.132
5241760.44,16272,0.152,6.09,6.241
5241779.7,16274,0.12,4.021,4.141
5241842.59,16273,0.12,3.994,4.114
5241853.7,16272,0.118,4.202,4.321
5241858.2,16274,0.062,6.175,6.237
5241876.44,16273,0.164,9.752,9.916
5241880.79,16272,1.524,6.709,8.233
5241912.1,16273,1.083,3.965,5.048
5241999.75,16274,1.14,4.642,5.781
5242194.85,16272,0.189,4.067,4.257
5242231.86,16273,0.173,3.917,4.089
5242288.59,16274,0.125,4.061,4.186
5242301.4,16272,0.124,4.257,4.38
5242368.18,16273,2.032,4.089,6.121
5242449.83,16274,0.113,3.957,4.07
5242485.1,16272,1.573,3.973,5.546
5242574.16,16273,1.388,4.039,5.427
5242600.11,16274,0.088,3.965,4.053
5242617.52,16272,0.084,6.486,6.57
5242691.02,16273,0.17,3.935,4.105
5242718.09,16274,2.32,3.971,6.291
5242861.56,16272,0.125,6.16,6.285
5243162.07,16273,2.598,9.795,12.393
5243162.41,16274,1.896,8.316,10.211
5243166.7,16272,0.117,4.076,4.194
5243169.73,16273,0.061,4.026,4.086
5243176.83,16272,0.081,3.977,4.058
5243202.04,16274,0.105,3.979,4.084
5243225.11,16273,0.2,3.96,4.16
5243245.73,16272,2.47,6.646,9.116
5243455.2,16274,2.111,5.995,8.106
5243582.68,16273,0.181,4.024,4.205
5243774.59,16272,0.168,3.965,4.132
5243781.62,16274,0.105,4.09,4.196
5243995.44,16273,0.133,5.02,5.153
5244095.19,16272,1.046,4.065,5.111
5244190.45,16274,0.204,4.168,4.373
5244223.93,16273,0.14,4.156,4.296
5244265.6,16272,0.148,4.065,4.212
5244291.02,16274,0.083,4.869,4.952
5244308.63,16273,0.094,3.949,4.043
5244402.65,16272,0.096,5.977,6.073
5244418.05,16274,0.067,4.101,4.168
5244574.27,16273,0.78,6.097,6.877
5244627.03,16272,0.084,4.163,4.247
5244703.4,16274,0.205,4.341,4.546
5244720.77,16273,0.767,6.606,7.373
5244745.31,16272,0.145,4.187,4.332
5244851.21,16274,0.124,6.202,6.326
5244901.96,16273,0.117,4.249,4.366
5244936.3,16272,0.083,6.209,6.292
5244980.41,16274,0.097,4.015,4.112
5245065.14,16273,0.126,4.117,4.244
5245091.14,16272,0.095,10.018,10.112
5245091.3,16274,1.978,8.216,10.193
5245113.94,16273,0.123,4.202,4.326
5245176.43,16272,0.168,8.066,8.233
5245176.76,16274,0.106,5.6,5.707
5245207.81,16273,0.093,4.029,4.122
5245260.14,16272,0.7,6.055,6.755
5245271.41,16274,0.098,6.02,6.118
5245333.84,16273,0.099,4.333,4.432
5245344.07,16272,1.127,6.022,7.149
5245372.94,16274,0.094,6.563,6.656
5245404.54,16273,0.085,4.565,4.649
5245406.35,16272,0.076,4.217,4.293
5245456.34,16274,0.091,4.082,4.173
5245509.04,16273,0.104,4.214,4.318
5245583.83,16272,0.115,6.101,6.216
5245603.01,16274,0.104,3.929,4.033
5245619.7,16273,0.087,5.014,5.1
5245626.62,16272,0.1,6.732,6.832
5245629.61,16273,0.056,4.063,4.12
5245630.18,16274,0.062,7.775,7.838
5245654.2,16272,0.823,4.093,4.916
5245671.22,16274,0.104,4.04,4.144
5245696.91,16273,0.125,4.096,4.221
5245701.79,16272,0.098,4.057,4.155
5245738.97,16274,0.107,4.319,4.425
5245746.09,16273,1.027,4.025,5.051
5245752.12,16272,0.065,6.04,6.105
5245822.4,16273,0.203,4.005,4.208
5245843.72,16274,0.095,3.997,4.092
5245872.38,16272,2.084,6.218,8.302
5245943.96,16273,0.125,4.036,4.161
5245961.27,16274,0.16,6.196,6.356
5245964.44,16272,0.079,4.195,4.274
5245975.32,16274,0.073,3.975,4.048
5246006.93,16273,0.099,4.11,4.209
5246021.36,16272,0.078,3.983,4.061
5246036.2,16274,0.089,4.006,4.095
5246116.06,16273,0.142,4.119,4.261
5246173.26,16272,0.876,6.123,6.998
5246255.62,16274,0.142,6.172,6.314
5246273.02,16273,0.164,4.442,4.606
5246299.47,16272,0.183,4.06,4.243
5246309.52,16274,0.082,4.552,4.635
5246364.31,16273,0.734,4.05,4.784
5246377.62,16272,0.103,4.07,4.173
5246430.1,16274,0.129,4.123,4.252
5246441.99,16273,0.091,4.19,4.28
5246482.5,16272,0.11,4.048,4.157
5246487.92,16274,0.075,6.15,6.226
5246510.61,16272,0.135,5.305,5.439
5246541.33,16273,0.135,4.112,4.246
5246649.25,16274,1.122,6.084,7.206
5246682.5,16272,0.097,8.331,8.428
5246682.83,16273,0.07,6.72,6.79
5246720.35,16274,0.105,4.042,4.147
5246732.12,16272,1.076,6.013,7.089
5246793.53,16273,0.119,4.006,4.125
5246824.1,16274,0.095,4.947,5.041
5246831.91,16272,0.084,4.071,4.155
5246836.16,16273,0.065,4.008,4.073
5246871.29,16274,0.729,6.209,6.938
5246902.35,16272,0.095,4.105,4.201
5247029.52,16273,0.088,8.528,8.616
5247045.15,16274,0.092,5.992,6.084
5247048.43,16272,0.059,4.04,4.099
5247099.42,16274,0.095,6.576,6.671
5247259.64,16273,0.121,5.118,5.238
5247434.11,16272,0.203,4.998,5.201
5247444.59,16274,0.105,5.075,5.18
5247450.2,16273,0.063,4.755,4.818
5247458.95,16272,0.094,4.113,4.207
5247482.19,16274,0.087,4.047,4.134
5247543.67,16273,0.143,4.091,4.234
5247572.38,16272,1.282,8.221,9.503
5247572.77,16274,1.948,6.655,8.603
5247593.7,16273,0.082,4.035,4.117
5247614.22,16272,0.08,4.081,4.16
5247618.43,16274,0.061,4.084,4.145
5247667.26,16273,0.082,3.991,4.073
5247677.4,16272,0.067,4.064,4.13
5247688.16,16274,0.062,4.053,4.115
5247699.17,16273,0.068,4.071,4.139
5247724.71,16272,0.082,4.05,4.132
5247735.22,16274,0.065,6.118,6.183
5247737.24,16273,2.042,4.164,6.205
5247748.67,16272,0.06,6.362,6.422
5247776.0,16274,0.071,4.078,4.15
5247789.3,16273,0.091,6.454,6.546
5247804.95,16272,0.068,4.527,4.595
5247848.87,16274,0.81,4.01,4.821
5247866.56,16273,0.082,4.144,4.226
5247901.34,16272,0.062,5.051,5.113
5247918.41,16274,0.069,3.96,4.029
5247965.77,16273,0.53,4.047,4.577
5247973.92,16272,0.083,4.094,4.177
5247978.56,16274,0.058,4.125,4.183
5247984.33,16273,1.75,4.236,5.986
5247997.63,16272,0.071,5.043,5.113
5248042.91,16274,0.066,4.388,4.454
5248059.08,16273,0.086,4.098,4.185
5248064.43,16272,0.058,5.222,5.28
5248083.57,16274,0.072,5.453,5.525
5248098.07,16273,0.34,3.992,4.332
5248104.04,16272,1.692,3.97,5.662
5248124.92,16274,0.145,4.0,4.145
5248138.17,16273,0.104,4.011,4.116
5248148.6,16272,0.086,4.083,4.168
5248152.89,16274,0.064,4.031,4.095
5248158.33,16273,0.063,4.066,4.13
5248178.17,16272,0.075,6.046,6.122
5248184.31,16274,1.841,4.193,6.033
5248196.95,16273,0.093,4.1,4.193
5248201.09,16272,0.081,3.976,4.057
5248248.15,16274,0.109,3.974,4.082
5248254.15,16273,0.057,4.037,4.095
5248290.36,16272,0.091,4.107,4.198
5248409.28,16274,0.139,4.411,4.549
5248413.68,16273,0.071,4.636,4.707
5248419.14,16274,1.333,4.044,5.377
5248446.22,16272,0.111,6.047,6.158
5248458.2,16273,0.072,3.979,4.052
5248472.63,16274,0.07,4.509,4.578
5248491.09,16272,0.057,4.151,4.208
5248505.94,16273,0.075,4.047,4.122
5248525.66,16274,0.22,6.125,6.344
5248529.55,16272,0.081,4.014,4.095
5248546.26,16274,0.339,3.918,4.257
5248552.53,16273,0.068,6.258,6.326
5248576.33,16274,0.079,4.093,4.172
5248622.66,16272,0.11,5.073,5.182
5248642.11,16273,1.065,3.993,5.058
5248646.56,16274,0.07,4.213,4.283
5248676.16,16272,1.557,4.121,5.678
5248686.11,16273,0.064,6.003,6.068
5248690.24,16274,1.096,8.152,9.249
5248692.06,16272,2.391,7.987,10.378
5248716.14,16273,2.198,4.032,6.23
5248737.76,16274,0.085,4.167,4.251
5248748.94,16272,0.095,4.086,4.181
5248784.66,16273,0.127,5.516,5.643
5248823.56,16274,0.785,4.386,5.171
5248839.5,16272,0.093,4.347,4.44
5248866.77,16273,0.092,6.0,6.092
5248868.37,16274,0.073,4.029,4.103
5248872.61,16272,0.076,3.946,4.022
5248878.98,16273,0.06,6.035,6.096
5248880.68,16274,0.061,5.762,5.823
5248883.07,16272,0.042,5.741,5.782
5248907.15,16273,0.086,7.038,7.124
5248945.08,16274,0.087,4.0,4.086
5248968.06,16272,0.071,3.948,4.019
5248977.47,16273,0.058,8.37,8.428
5248992.57,16274,1.056,4.466,5.522
5249009.77,16272,0.075,5.012,5.087
5249015.05,16273,0.057,3.953,4.01
5249062.58,16274,0.763,4.405,5.168
5249076.23,16272,2.029,4.152,6.181
5249078.25,16273,0.054,4.127,4.181
5249131.94,16274,0.196,4.182,4.378
5249141.88,16272,0.118,4.05,4.167
5249173.35,16273,0.127,5.149,5.276
5249211.26,16274,0.14,4.062,4.202
5249238.4,16272,0.103,7.231,7.334
5249243.13,16273,1.03,4.041,5.072
5249260.87,16274,0.077,3.995,4.072
5249298.21,16272,2.451,6.072,8.523
5249349.64,16273,0.079,4.091,4.17
5249413.92,16274,0.091,4.024,4.114
5249429.73,16272,0.076,4.169,4.245
5249497.4,16273,0.101,4.236,4.337
5249503.33,16274,0.089,4.163,4.252
5249546.98,16272,0.092,4.111,4.203
5249579.04,16273,0.089,4.162,4.251
5249583.87,16274,0.081,4.038,4.12
5249635.3,16272,0.138,6.087,6.225
5249649.2,16273,0.102,4.023,4.124
5249661.05,16274,0.921,3.958,4.878
5249703.77,16272,0.092,4.115,4.207
5249705.55,16273,0.073,4.12,4.193
5249733.26,16274,0.135,6.088,6.223
5249746.57,16272,0.101,4.193,4.294
5249774.28,16273,0.093,5.02,5.113
5249785.11,16274,0.074,5.991,6.065
5249792.99,16272,0.076,5.86,5.936
5249812.91,16273,0.06,4.119,4.179
5249906.07,16274,0.081,4.001,4.081
5249947.51,16272,0.192,10.077,10.268
5250005.63,16273,0.148,4.118,4.265
5250012.85,16274,0.078,3.962,4.04
5250035.71,16272,0.118,3.99,4.108
5250166.19,16273,0.216,6.07,6.286
5250181.71,16274,1.855,4.539,6.394
5250201.19,16272,0.107,4.013,4.12
5250304.66,16273,0.125,4.097,4.222
5250358.57,16274,0.119,4.221,4.34
5250403.18,16272,0.101,6.015,6.116
5250651.31,16273,0.146,4.081,4.228
5250797.35,16274,0.143,3.918,4.061
5250821.48,16272,0.134,4.272,4.406
5250841.15,16273,0.14,4.038,4.178
5250875.02,16274,0.172,8.311,8.483
5250979.17,16272,0.152,5.949,6.101
5251021.85,16273,0.137,3.969,4.106
5251087.25,16274,1.337,8.075,9.412
5251303.56,16272,1.004,5.381,6.385
5251340.15,16273,1.73,6.034,7.764
5251378.69,16274,0.122,4.333,4.454
5251509.42,16272,0.163,4.37,4.533
5251589.95,16273,0.243,4.01,4.253
5251595.72,16274,0.129,6.115,6.243
5251642.35,16273,0.568,4.295,4.863
5251664.23,16272,0.127,4.073,4.2
5251694.21,16274,0.096,4.066,4.162
5251730.16,16273,4.033,4.075,8.108
5251802.19,16272,0.138,4.103,4.241
5251809.17,16274,2.064,4.04,6.104
5251838.97,16273,0.079,4.091,4.171
5251855.76,16272,0.074,4.014,4.089
5251891.74,16274,0.096,4.135,4.231
5251924.79,16273,0.157,4.571,4.728
5251944.48,16272,0.104,5.32,5.424
5251956.34,16274,0.138,5.159,5.297
5251970.86,16273,0.075,4.045,4.12
5252023.22,16272,0.085,8.091,8.176
5252024.11,16274,1.532,7.041,8.573
5252057.99,16273,0.171,6.05,6.221
5252099.44,16272,0.15,10.256,10.405
5252099.75,16274,0.074,8.646,8.72
5252137.6,16273,0.151,3.898,4.048
5252176.27,16272,0.331,3.945,4.276
5252187.93,16274,0.093,5.143,5.236
5252243.17,16273,0.116,7.99,8.106
5252300.24,16272,0.154,6.108,6.262
5252305.27,16274,0.088,3.919,4.006
5252322.11,16273,0.082,5.08,5.162
5252416.08,16272,0.103,3.921,4.024
5252482.15,16274,0.136,7.087,7.223
5252503.96,16273,0.099,6.799,6.898
5252508.19,16272,0.085,4.001,4.086
5252529.12,16274,0.078,3.96,4.038
5252566.19,16273,0.106,5.575,5.681
5252573.3,16272,0.15,3.982,4.132
5252640.16,16274,0.109,6.191,6.3
5252651.15,16273,1.67,6.034,7.704
5252669.05,16272,0.075,6.242,6.317
5252687.74,16274,0.097,3.955,4.052
5252701.7,16273,0.109,4.063,4.172
5252733.28,16274,0.058,6.359,6.416
5252734.34,16272,0.081,8.206,8.287
5252772.79,16273,0.074,4.481,4.555
5252814.38,16274,0.098,5.496,5.594
5252839.16,16272,0.083,7.025,7.108
5252863.57,16273,0.075,5.018,5.092
5252868.11,16274,0.061,4.393,4.454
5252873.91,16272,0.071,3.93,4.001
5252881.37,16273,0.052,6.038,6.09
5252887.28,16274,1.689,4.154,5.844
5252900.98,16272,0.067,3.998,4.064
5252917.26,16273,0.069,4.001,4.07
5252924.12,16274,0.63,6.056,6.687
5252955.08,16272,0.067,3.976,4.043
5253011.27,16273,0.081,4.005,4.086
5253149.31,16274,1.867,4.173,6.041
5253224.65,16272,0.123,3.966,4.089
5253320.54,16273,0.129,7.675,7.804
5253346.94,16274,0.129,4.067,4.197
5253386.74,16272,0.134,4.035,4.169
5253696.39,16273,1.662,4.162,5.825
5253761.63,16274,0.124,5.304,5.428
5253783.09,16272,1.97,3.954,5.924
5253793.56,16273,0.103,4.035,4.138
5253833.07,16274,1.663,4.94,6.602
5253849.05,16272,0.077,3.912,3.989
5253857.04,16273,0.07,3.927,3.997
5253882.44,16274,0.164,3.899,4.064
5253921.15,16272,0.098,4.001,4.099
5254115.45,16273,0.178,6.07,6.249
5254149.06,16274,1.877,3.936,5.813
5254164.15,16272,0.114,4.003,4.117
5254201.62,16273,0.187,7.075,7.262
5254234.85,16274,0.112,4.053,4.165
5254251.21,16272,0.102,4.041,4.144
5254255.31,16273,0.081,4.184,4.266
5254334.53,16274,0.142,5.412,5.554
5254393.98,16272,0.14,6.052,6.192
5254527.27,16273,0.167,3.952,4.12
5254527.67,16274,0.162,4.127,4.289
5254611.48,16272,0.151,4.056,4.206
5254624.21,16273,0.169,4.071,4.24
5254774.37,16274,0.197,4.075,4.272
5254806.53,16272,1.047,6.415,7.462
5254965.17,16273,1.506,4.038,5.544
5254971.74,16274,0.09,3.991,4.08
5254980.84,16272,0.094,4.095,4.188
5255000.18,16273,0.112,5.012,5.124
5255015.19,16272,0.057,3.969,4.025
5255016.37,16274,0.074,7.572,7.646
5255034.31,16273,0.076,4.041,4.117
5255378.72,16272,0.158,6.78,6.939
5255430.19,16274,0.11,4.021,4.132
5255442.23,16273,0.114,4.134,4.248
5255576.23,16272,0.105,6.054,6.159
5255581.22,16274,0.081,4.079,4.16
5255666.98,16273,0.128,4.15,4.277
5255707.1,16272,1.796,4.015,5.811
5255830.82,16274,0.127,4.1,4.227
5255911.97,16273,0.168,4.009,4.177
5255929.34,16272,0.124,5.112,5.236
5255966.32,16274,0.789,4.181,4.971
5256031.23,16273,0.105,4.108,4.214
5256064.8,16272,0.091,5.949,6.04
5256108.17,16274,0.157,3.988,4.146
5256122.48,16273,0.574,6.059,6.634
5256144.78,16272,0.128,4.043,4.17
5256218.36,16274,0.179,6.207,6.386
5256267.24,16273,1.041,4.122,5.164
5256418.92,16272,0.169,3.982,4.151
5256679.51,16274,0.137,8.011,8.148
5256746.59,16273,0.133,4.334,4.467
5256895.29,16272,0.145,4.064,4.209
5256898.55,16274,1.189,3.979,5.168
5256913.88,16273,0.086,4.05,4.136
5256944.58,16274,0.073,4.012,4.086
5256946.06,16272,0.08,6.686,6.766
5256955.82,16273,0.074,3.97,4.044
5256966.17,16274,0.076,4.047,4.123
5256972.48,16272,0.089,6.117,6.206
5256986.08,16273,1.021,4.012,5.033
5257000.6,16274,0.061,4.021,4.082
5257043.61,16272,0.119,6.433,6.552
5257102.66,16273,0.103,4.044,4.147
5257109.85,16274,1.406,5.058,6.465
5257153.85,16273,0.088,7.766,7.854
5257155.07,16272,0.223,9.318,9.541
5257158.24,16274,0.725,4.007,4.732
5257164.33,16273,0.725,8.189,8.914
5257164.72,16272,1.694,6.58,8.274
5257180.78,16274,0.127,4.012,4.139
5257186.74,16273,1.878,4.043,5.921
5257192.68,16272,0.66,6.952,7.612
5257226.65,16274,0.097,5.984,6.081
5257272.17,16273,0.106,4.325,4.432
5257332.08,16272,1.001,6.033,7.034
5257334.29,16274,0.864,4.225,5.089
5257345.49,16273,0.065,3.968,4.033
5257362.34,16272,0.069,6.717,6.787
5257366.33,16273,0.088,4.214,4.302
5257368.65,16274,0.058,8.338,8.396
5257378.91,16272,0.071,5.378,5.449
5257396.32,16273,0.078,4.382,4.46
5257403.21,16274,0.077,4.189,4.266
5257415.65,16272,0.061,3.941,4.001
5257423.99,16273,0.058,3.897,3.955
5257504.6,16274,0.117,4.406,4.524
5257527.27,16272,1.629,4.152,5.781
5257551.18,16273,0.087,4.044,4.131
5257555.89,16274,0.071,6.768,6.84
5257562.33,16272,0.078,4.199,4.277
5257563.8,16273,0.066,4.06,4.126
5257575.61,16274,0.086,4.031,4.117
5257579.77,16272,0.056,3.927,3.982
5257603.23,16274,0.076,4.127,4.203
5257604.06,16273,1.024,5.994,7.017
5257617.13,16272,0.078,4.515,4.592
5257622.3,16274,0.078,5.903,5.981
5257627.13,16273,0.06,4.03,4.09
5257646.13,16272,0.07,4.026,4.096
5257651.98,16274,1.077,3.913,4.99
5257696.58,16273,0.096,7.414,7.51
5257697.97,16272,0.084,4.725,4.809
5257718.16,16274,0.076,6.04,6.116
5257788.65,16273,0.143,4.189,4.331
5257820.15,16272,0.169,4.03,4.198
5257841.67,16273,0.1,4.25,4.35
5257843.56,16274,2.049,6.437,8.487
5257866.66,16272,0.154,10.418,10.572
5257871.37,16273,4.063,9.185,13.248
5257872.19,16274,2.808,8.065,10.872
5257890.93,16272,0.102,6.318,6.42
5257940.28,16273,0.127,3.984,4.111
5257968.41,16274,0.11,4.068,4.178
5257973.38,16272,0.069,6.14,6.209
5257989.35,16274,0.091,5.017,5.108
5257997.88,16273,0.071,4.622,4.692
5258006.25,16272,1.138,4.167,5.305
5258044.56,16274,0.1,4.737,4.837
5258061.36,16273,0.123,4.216,4.339
5258065.33,16272,0.111,4.213,4.324
5258074.5,16274,0.119,5.278,5.397
5258084.35,16273,0.086,4.01,4.096
5258085.3,16272,0.068,4.091,4.158
5258098.36,16274,0.07,4.106,4.176
5258143.24,16273,0.173,5.734,5.907
5258184.38,16272,0.137,6.0,6.137
5258194.39,16274,0.1,5.002,5.102
5258223.75,16273,0.158,6.133,6.291
5258244.19,16272,0.075,4.061,4.136
5258256.76,16274,0.069,4.026,4.096
5258273.98,16273,0.948,3.98,4.928
5258305.29,16272,0.079,4.113,4.192
5258335.21,16274,0.087,4.086,4.173
5258353.99,16273,0.084,3.986,4.07
5258364.11,16272,1.042,5.048,6.09
5258379.82,16274,0.089,4.021,4.11
5258419.18,16273,0.097,6.024,6.121
5258426.86,16272,0.06,4.043,4.102
5258451.99,16274,0.089,4.146,4.236
5258452.93,16273,0.081,4.103,4.184
5258559.6,16272,0.14,4.182,4.322
5258591.2,16274,0.13,4.004,4.134
5258664.32,16273,0.134,7.614,7.748
5258666.46,16272,1.539,5.387,6.925
5258672.2,16274,0.09,3.985,4.075
5258698.07,16273,4.532,3.988,8.52
5258702.23,16272,0.12,4.07,4.191
5258705.89,16274,0.062,3.961,4.023
5258724.07,16273,0.082,4.591,4.673
5258745.61,16272,0.089,4.145,4.234
5258757.17,16274,0.077,4.092,4.169
5258774.57,16273,0.083,4.054,4.137
5258790.16,16272,0.076,4.03,4.107
5258813.09,16274,0.106,6.034,6.14
5258829.21,16273,2.447,6.071,8.519
5258838.14,16272,0.082,4.092,4.174
5258877.32,16274,0.124,4.879,5.002
5258887.58,16273,0.105,5.702,5.808
5258938.32,16272,0.099,4.377,4.477
5258979.69,16274,0.098,4.057,4.155
5259021.22,16273,0.097,4.053,4.15
5259027.2,16272,1.646,4.029,5.675
5259080.08,16274,1.077,3.946,5.023
5259087.3,16273,0.073,4.177,4.251
5259095.52,16272,0.092,4.063,4.154
5259119.77,16274,0.067,6.03,6.097
5259151.39,16273,0.163,4.092,4.256
5259164.14,16272,0.133,4.043,4.176
5259187.58,16274,0.156,6.051,6.207
5259200.12,16274,0.064,5.007,5.07
5259201.05,16272,0.106,4.994,5.101
5259201.13,16273,0.18,8.153,8.333
5259216.38,16274,0.075,4.957,5.032
5259230.2,16272,0.066,4.09,4.155
5259241.16,16273,2.05,4.071,6.12
5259243.12,16274,0.059,5.991,6.05
5259247.14,16272,0.05,4.059,4.108
5259300.14,16274,0.081,4.31,4.391
5259315.29,16273,0.068,4.175,4.243
5259393.3,16272,0.153,6.449,6.602
5259404.28,16274,0.076,4.019,4.095
5259410.31,16273,0.07,4.088,4.158
5259416.65,16272,0.061,4.098,4.158
5259506.56,16274,0.084,4.103,4.187
5259634.88,16273,0.107,4.297,4.404
5259715.2,16272,0.125,4.006,4.131
5259975.14,16274,0.141,3.987,4.129
5260029.89,16273,0.168,5.219,5.387
5260088.41,16272,0.108,4.039,4.147
5260111.53,16274,0.08,4.034,4.114
5260169.16,16273,0.732,5.985,6.716
5260183.07,16272,0.111,5.29,5.401
5260195.91,16274,0.113,6.647,6.76
5260208.05,16273,2.182,3.961,6.143
5260230.25,16272,0.076,7.014,7.09
5260415.23,16274,0.104,4.068,4.171
5260449.13,16273,2.057,4.025,6.082
5260484.22,16272,0.088,4.082,4.17
5260500.07,16274,0.068,4.044,4.111
5260504.35,16273,0.081,4.119,4.2
5260572.64,16272,0.108,4.065,4.173
5260662.5,16274,0.127,4.319,4.446
5260689.06,16273,0.12,4.037,4.157
5260795.87,16272,0.105,4.701,4.806
5260813.27,16274,0.092,3.948,4.04
5260881.1,16273,0.112,3.999,4.112
5260900.29,16272,0.135,4.062,4.197
5260982.42,16274,0.166,4.455,4.622
5261044.1,16273,4.034,4.005,8.039
5261124.3,16272,0.098,4.137,4.235
5261147.79,16274,0.152,4.326,4.478
5261152.11,16273,1.824,4.042,5.866
5261211.6,16272,0.254,4.045,4.299
5261356.6,16274,2.16,6.321,8.481
5261426.74,16273,0.123,4.128,4.251
5261507.92,16272,0.122,4.998,5.119
5261582.29,16274,0.116,6.108,6.224
5261704.97,16273,0.129,4.196,4.326
5261781.4,16272,0.142,5.185,5.327
5262039.36,16274,0.165,6.055,6.22
5262174.67,16273,0.149,5.999,6.147
5262190.94,16272,1.046,5.812,6.859
5262253.36,16274,0.171,6.104,6.275
5262336.83,16273,0.171,3.93,4.1
5262460.95,16272,0.17,3.989,4.158
5262490.27,16274,3.782,6.087,9.869
5262522.98,16273,0.098,3.946,4.044
5262589.14,16272,2.106,4.043,6.15
5262735.24,16274,0.157,5.095,5.252
5262828.26,16273,0.181,5.996,6.177
5262845.84,16272,0.106,4.031,4.137
5262866.97,16274,0.124,4.133,4.257
5262971.96,16273,3.174,4.228,7.402
5263041.81,16272,0.123,4.047,4.17
5263084.39,16274,0.116,4.227,4.342
5263153.34,16273,1.123,4.161,5.284
5263162.88,16272,1.179,4.009,5.188
5263191.48,16274,0.131,6.27,6.401
5263215.98,16273,0.153,6.15,6.303
5263218.26,16272,0.081,6.021,6.102
5263227.96,16274,0.085,4.004,4.088
5263274.71,16273,0.089,4.132,4.22
5263279.48,16272,1.128,4.266,5.394
5263309.78,16274,1.338,4.687,6.025
5263337.47,16273,0.092,5.986,6.078
5263347.37,16272,0.064,4.036,4.099
5263356.56,16274,0.067,3.931,3.998
5263358.44,16273,0.057,4.095,4.153
5263378.83,16272,0.077,4.13,4.207
5263386.45,16274,0.096,5.279,5.375
5263418.26,16273,0.101,4.299,4.399
5263429.16,16272,3.635,4.047,7.682
5263439.13,16274,0.077,5.067,5.144
5263459.18,16273,0.071,8.059,8.13
5263461.22,16272,0.065,6.124,6.189
5263526.1,16274,0.092,3.958,4.05
5263570.86,16273,0.098,4.293,4.391
5263586.2,16272,0.078,4.22,4.297
5263661.15,16274,0.207,4.134,4.34
5263706.43,16272,0.059,6.978,7.037
5263706.95,16273,0.145,8.16,8.305
5263774.4,16274,0.195,8.23,8.425
5263776.13,16272,0.063,8.263,8.326
5263780.41,16273,0.066,4.022,4.088
5263801.89,16274,0.103,4.096,4.199
5263854.42,16272,0.14,4.203,4.342
5263862.17,16273,0.085,4.001,4.086
5263896.99,16274,0.092,3.987,4.079
5263916.62,16272,0.071,4.126,4.197
5263963.76,16273,0.246,4.154,4.399
5263998.49,16274,0.146,4.977,5.123
5264008.58,16272,0.097,4.183,4.28
5264031.05,16273,0.092,3.919,4.011
5264038.21,16274,0.06,4.008,4.068
5264047.24,16272,0.081,4.095,4.176
5264068.36,16273,0.079,4.014,4.094
5264121.96,16274,0.186,4.067,4.253
5264143.28,16272,2.336,6.199,8.535
5264162.51,16273,0.143,4.287,4.43
5264166.34,16274,0.124,4.146,4.269
5264172.37,16272,0.095,4.216,4.311
5264176.43,16273,0.082,4.296,4.377
5264202.35,16272,1.035,4.255,5.29
5264242.93,16274,0.2,4.074,4.274
5264245.38,16273,0.078,4.138,4.217
5264261.44,16272,0.175,4.333,4.508
5264263.31,16274,0.156,4.058,4.215
5264272.17,16273,0.132,7.657,7.789
5264292.24,16272,0.083,7.101,7.184
5264314.08,16274,2.024,6.013,8.038
5264320.09,16273,0.062,3.96,4.022
5264327.27,16272,0.065,4.231,4.296
5264340.36,16274,0.098,4.187,4.285
5264377.56,16273,0.176,3.971,4.148
5264378.52,16272,0.08,4.361,4.44
5264431.06,16274,0.17,3.999,4.169
5264456.72,16273,0.098,4.357,4.455
5264464.94,16272,0.128,3.946,4.074
5264519.51,16274,0.235,4.22,4.455
5264547.31,16273,0.095,4.148,4.243
5264554.99,16272,0.084,4.045,4.129
5264632.95,16274,0.107,4.08,4.188
5264668.21,16273,1.959,4.065,6.024
5264684.17,16272,0.094,4.005,4.099
5264694.21,16274,0.075,4.052,4.127
5264700.16,16273,0.064,4.045,4.109
5264709.91,16272,0.088,4.073,4.161
5264714.69,16274,0.063,3.931,3.994
5264739.54,16273,0.13,4.177,4.307
5264768.79,16272,0.084,4.047,4.131
5264776.12,16274,0.155,5.81,5.965
5264847.62,16273,0.111,6.071,6.182
5264857.86,16272,0.063,5.953,6.017
5264871.31,16274,0.077,4.083,4.16
5264892.97,16273,0.077,4.124,4.201
5264910.75,16272,0.058,4.031,4.09
5264921.54,16274,0.082,4.035,4.117
5264946.39,16273,0.069,4.033,4.102
5264968.06,16272,0.083,4.088,4.171
5265009.06,16274,0.092,5.907,5.998
5265016.22,16273,0.997,6.082,7.079
5265027.85,16272,0.067,4.021,4.088
5265069.56,16274,0.072,4.025,4.097
5265072.15,16273,0.07,4.095,4.166
5265089.05,16272,0.077,5.612,5.689
5265142.39,16274,1.462,4.259,5.721
5265209.45,16273,0.242,4.027,4.269
5265244.22,16272,0.145,5.981,6.126
5265266.6,16274,0.097,4.072,4.168
5265338.84,16273,0.098,8.068,8.166
5265339.71,16272,0.071,5.895,5.966
5265355.12,16274,0.089,9.983,10.072
5265355.18,16273,0.056,5.918,5.975
5265381.53,16272,0.085,3.939,4.023
5265389.63,16274,0.064,4.224,4.288
5265433.92,16273,0.113,3.916,4.029
5265507.16,16272,1.399,4.013,5.412
5265572.34,16274,0.189,8.099,8.288
5265572.6,16273,0.059,6.504,6.563
5265622.62,16272,0.086,4.107,4.192
5265641.43,16274,0.129,4.057,4.186
5265645.75,16273,0.082,4.025,4.107
5265660.25,16272,0.1,4.265,4.366
5265691.65,16274,0.218,4.01,4.228
5265756.13,16273,0.087,3.983,4.07
5265888.28,16272,0.128,4.053,4.182
5266029.99,16274,0.139,4.037,4.176
5266066.76,16273,0.12,3.953,4.073
5266100.38,16272,0.115,4.307,4.422
5266141.25,16274,0.11,4.074,4.184
5266158.0,16273,0.126,4.002,4.129
5266213.5,16272,0.152,4.025,4.177
5266298.82,16274,0.125,4.124,4.249
5266427.68,16273,0.151,4.071,4.222
5266454.16,16272,0.117,5.966,6.083
5266534.26,16274,0.118,4.132,4.25
5266665.92,16273,0.124,7.636,7.761
5266694.41,16272,0.162,4.11,4.272
5266918.4,16274,1.111,4.222,5.333
5266957.13,16273,2.04,4.004,6.044
5266995.71,16272,0.148,4.034,4.182
5267015.53,16274,0.112,3.976,4.089
5267045.3,16273,0.09,6.005,6.095
5267145.3,16272,0.142,4.067,4.209
5267226.15,16274,0.152,4.012,4.164
5267303.01,16273,0.127,3.995,4.122
5267443.17,16272,0.126,4.021,4.147
5267698.86,16274,0.162,4.11,4.272
5267840.27,16273,0.122,4.062,4.184
5268060.48,16272,0.228,4.147,4.375
5268142.39,16274,0.116,4.23,4.347
5268145.45,16273,0.066,4.02,4.086
5268157.58,16272,0.122,3.977,4.099
5268171.24,16274,2.038,4.136,6.174
5268176.89,16273,0.084,9.274,9.358
5268181.52,16272,0.071,6.391,6.463
5268220.22,16274,0.16,4.025,4.185
5268233.31,16273,0.115,6.474,6.59
5268245.82,16272,0.147,4.294,4.442
5268311.69,16274,0.129,4.061,4.19
5268342.09,16273,1.158,5.97,7.128
5268346.84,16272,0.095,3.997,4.092
5268377.42,16274,0.145,4.684,4.829
5268423.16,16273,0.992,6.072,7.063
5268435.34,16272,0.067,3.882,3.949
5268451.87,16274,0.076,4.336,4.412
5268513.5,16273,0.099,5.163,5.262
5268568.22,16272,1.654,6.076,7.73
5268587.45,16274,0.09,4.117,4.206
5268595.16,16273,0.058,4.062,4.12
5268599.74,16272,0.081,4.107,4.188
5268619.67,16274,0.162,5.974,6.136
5268621.92,16273,0.057,4.748,4.805
5268626.28,16272,0.083,4.163,4.246
5268640.03,16273,1.004,5.975,6.979
5268703.01,16274,0.181,4.026,4.206
5268721.41,16272,1.345,4.999,6.345
5268734.87,16273,0.077,4.038,4.115
5268785.51,16274,0.132,4.0,4.132
5268828.03,16272,0.114,6.004,6.118
5268852.14,16273,1.097,4.006,5.103
5268867.61,16274,0.075,4.078,4.153
5268887.9,16272,0.075,3.964,4.039
5268895.28,16273,0.075,5.995,6.07
5268915.25,16274,0.072,4.13,4.203
5268928.12,16272,0.086,4.175,4.261
5268997.91,16273,0.175,3.921,4.096
5269004.06,16274,0.079,4.043,4.121
5269015.28,16272,0.073,4.043,4.116
5269049.03,16273,0.112,7.786,7.898
5269075.11,16274,2.169,4.01,6.179
5269128.83,16272,0.097,4.05,4.147
5269151.19,16273,0.083,3.985,4.068
5269169.03,16274,0.132,4.008,4.139
5269238.84,16272,0.195,6.409,6.604
5269280.93,16273,0.131,4.129,4.26
5269338.83,16274,0.103,3.993,4.096
5269396.46,16272,0.098,4.05,4.148
5269418.75,16273,0.089,4.048,4.137
5269492.52,16274,0.125,4.023,4.148
5269554.04,16272,2.069,5.911,7.98
5269562.38,16273,0.075,6.215,6.29
5269644.97,16274,0.105,6.421,6.526
5269699.59,16272,0.082,4.057,4.139
5269728.45,16273,0.092,3.994,4.086
5269747.09,16274,2.16,3.96,6.12
5269748.39,16272,0.066,4.083,4.15
5269847.71,16273,0.11,3.926,4.036
5269945.34,16274,0.126,6.285,6.411
5270000.26,16272,0.164,4.035,4.199
5270008.96,16273,0.085,7.916,8.001
5270040.68,16274,0.092,6.022,6.115
5270041.2,16272,0.093,3.955,4.048
5270057.24,16273,0.105,4.318,4.424
5270064.09,16274,0.654,6.01,6.664
5270076.09,16272,0.082,4.325,4.407
5270083.58,16273,0.099,5.85,5.949
5270099.53,16274,1.978,5.394,7.371
5270100.25,16272,0.137,4.067,4.203
5270135.46,16273,0.072,4.747,4.819
5270141.78,16274,0.108,6.104,6.213
5270167.84,16272,0.172,5.711,5.883
5270191.1,16273,1.484,3.941,5.425
5270207.27,16274,0.168,4.047,4.214
5270244.92,16272,0.102,4.036,4.138
5270281.78,16273,0.107,4.197,4.304
5270288.04,16274,0.35,5.723,6.074
5270296.29,16272,0.073,6.03,6.104
5270327.98,16273,0.067,4.344,4.411
5270364.77,16274,0.101,6.071,6.172
5270386.16,16272,0.066,4.052,4.117
5270406.51,16273,0.075,5.025,5.1
5270423.02,16274,1.624,5.952,7.576
5270423.13,16272,2.436,6.069,8.505
5270426.31,16273,0.051,4.224,4.275
5270431.1,16274,0.076,4.983,5.059
5270439.94,16272,0.063,3.991,4.054
5270444.6,16273,0.059,3.953,4.012
5270467.67,16274,0.085,5.978,6.063
5270492.11,16272,0.07,4.003,4.073
5270527.13,16273,0.082,3.991,4.074
5270539.06,16274,0.083,7.361,7.445
5270543.05,16273,0.046,3.941,3.987
5270543.16,16272,0.06,6.352,6.411
5270555.08,16274,2.247,4.002,6.249
5270589.52,16273,0.071,4.053,4.124
5270601.14,16272,0.094,3.96,4.054
5270612.92,16274,0.11,4.184,4.293
5270624.32,16273,0.152,4.052,4.204
5270632.06,16272,0.143,6.196,6.339
5270659.36,16274,1.669,7.305,8.974
5270665.14,16273,1.12,8.065,9.185
5270680.88,16272,0.073,4.106,4.179
5270728.13,16274,0.147,8.183,8.329
5270728.88,16273,0.062,5.254,5.316
5270749.67,16272,0.093,3.949,4.041
5270754.33,16274,0.075,4.091,4.166
5270796.64,16273,1.673,5.214,6.887
5270805.01,16272,0.078,3.957,4.035
5270809.84,16274,0.084,4.61,4.695
5270816.38,16273,0.058,3.991,4.049
5270902.78,16272,0.089,4.018,4.107
5270943.4,16274,0.087,6.09,6.177
5270967.53,16273,0.089,4.183,4.271
5270967.58,16272,0.062,4.05,4.113
5270993.14,16274,0.089,6.078,6.167
5271063.19,16273,0.135,4.231,4.366
5271086.08,16272,0.103,4.077,4.18
5271109.06,16274,1.473,3.945,5.418
5271132.51,16273,0.068,3.971,4.039
5271137.6,16272,0.083,4.166,4.249
5271143.25,16274,0.07,4.035,4.105
5271166.72,16273,0.134,4.005,4.139
5271185.23,16272,2.076,4.079,6.155
5271232.65,16274,0.146,4.039,4.185
5271255.71,16273,0.112,5.03,5.142
5271281.34,16272,0.123,4.264,4.387
5271302.05,16274,0.106,4.195,4.302
5271313.32,16273,0.075,4.114,4.19
5271316.08,16272,0.094,4.114,4.208
5271337.59,16274,0.093,4.44,4.533
5271348.47,16272,0.067,4.042,4.109
5271349.27,16273,0.11,7.005,7.115
5271448.79,16274,0.102,6.187,6.289
5271452.02,16272,0.098,4.868,4.966
5271485.7,16273,0.095,4.128,4.223
5271515.31,16274,0.08,4.075,4.154
5271525.32,16272,0.063,4.112,4.175
5271540.15,16273,1.526,6.076,7.602
5271573.93,16274,0.083,3.972,4.055
5271694.62,16272,0.094,3.979,4.073
5271866.08,16273,0.117,6.068,6.184
5272119.79,16274,0.156,4.181,4.337
5272127.27,16272,0.094,6.165,6.259
5272145.02,16273,0.091,4.046,4.137
5272171.28,16274,0.148,7.103,7.251
5272284.58,16272,0.139,4.035,4.175
5272420.09,16273,0.151,4.015,4.166
5272476.46,16274,0.119,4.108,4.227
5272490.03,16272,1.499,5.967,7.466
5272492.09,16273,2.704,8.024,10.728
5272574.99,16274,0.119,4.096,4.216
5272635.07,16272,2.0,8.007,10.007
5272635.25,16273,2.024,6.184,8.208
5272646.82,16274,0.088,4.149,4.237
5272651.2,16272,0.095,4.065,4.16
5272692.17,16273,2.395,4.015,6.41
5272734.67,16274,0.118,4.091,4.208
5272746.01,16272,1.643,3.947,5.59
5272764.09,16273,1.031,4.017,5.048
5272808.75,16274,0.092,4.066,4.157
5272812.35,16272,0.09,3.908,3.998
5273166.15,16273,1.363,3.938,5.3
5273240.53,16274,0.158,4.058,4.216
5273293.79,16272,2.082,5.643,7.725
5273348.4,16273,0.112,3.997,4.109
5273447.63,16274,0.14,4.03,4.171
5273453.19,16272,0.094,4.072,4.166
5273535.18,16273,1.141,4.98,6.121
5273560.12,16274,2.041,6.029,8.07
5273625.24,16272,0.092,4.233,4.324
5273633.12,16273,0.07,8.005,8.075
5273649.96,16274,0.081,4.071,4.153
5273667.44,16272,0.103,4.115,4.218
5273725.45,16274,0.071,5.055,5.125
5273726.22,16273,0.781,6.131,6.912
5273730.81,16272,0.087,5.167,5.254
5273963.1,16273,0.138,6.01,6.148
5274029.51,16274,0.136,6.03,6.166
5274044.41,16272,0.14,6.022,6.162
5274137.26,16273,0.151,4.025,4.176
5274300.27,16274,0.214,4.054,4.268
5274309.18,16272,0.118,4.151,4.268
5274425.18,16273,0.153,4.029,4.182
5274448.03,16274,0.094,4.118,4.213
5274565.49,16272,0.118,4.124,4.242
5274570.27,16273,0.075,5.141,5.216
5274707.87,16272,0.145,4.021,4.166
5274773.69,16274,0.108,4.012,4.12
5274814.95,16273,0.102,5.038,5.14
5274817.36,16272,0.094,4.058,4.152
5274970.39,16274,0.123,4.058,4.181
5275018.14,16273,1.782,4.042,5.825
5275023.4,16272,0.072,5.961,6.033
5275070.57,16273,0.097,3.982,4.079
5275169.35,16274,0.153,6.123,6.276
5275264.98,16272,0.177,4.049,4.225
5275285.33,16273,0.109,6.372,6.482
5275297.52,16274,0.117,6.382,6.498
5275333.19,16272,0.092,4.037,4.13
5275404.26,16273,0.138,5.045,5.183
5275468.3,16274,0.139,5.658,5.797
5275673.66,16272,0.131,3.975,4.107
5275691.96,16273,0.244,6.649,6.893
5275742.13,16274,0.168,4.583,4.751
5275899.85,16272,0.16,4.487,4.646
5275922.28,16273,0.124,6.08,6.204
5276049.35,16274,0.167,4.097,4.263
5276053.6,16272,0.914,4.064,4.977
5276079.2,16273,1.94,6.064,8.005
5276126.17,16274,0.119,4.694,4.812
5276198.2,16272,0.14,3.977,4.117
5276275.99,16273,0.16,5.316,5.476
5276408.96,16274,0.144,6.02,6.165
5276446.2,16272,0.127,6.004,6.13
5276582.38,16273,0.133,3.953,4.087
5276591.39,16274,0.08,4.832,4.912
5276660.45,16272,0.133,5.481,5.615
5276926.13,16273,1.055,3.994,5.049
5276962.33,16274,0.127,6.001,6.128
5277025.61,16272,0.111,4.168,4.279
5277085.33,16273,0.115,4.167,4.281
5277154.17,16274,0.121,4.032,4.154
5277238.43,16272,0.143,4.044,4.187
5277268.51,16273,0.179,5.404,5.583
5277346.87,16274,0.116,4.09,4.207
5277461.52,16272,0.148,4.232,4.379
5277488.16,16273,0.135,4.226,4.36
5277651.26,16274,1.692,4.088,5.78
5277692.21,16272,0.131,4.014,4.145
5278115.21,16273,0.151,3.981,4.132
5278279.19,16274,0.16,4.243,4.403
5278294.24,16272,0.369,4.074,4.443
5278385.11,16273,0.125,3.926,4.051
5278389.47,16274,0.082,3.995,4.077
5278548.18,16272,0.157,5.187,5.344
5278567.9,16273,0.847,3.982,4.83
5278615.71,16274,0.095,4.345,4.44
5278621.37,16272,0.107,6.105,6.212
5278645.06,16273,0.092,4.89,4.981
5278710.02,16274,0.102,4.339,4.441
5278783.47,16272,0.121,4.109,4.231
5278883.82,16273,0.132,3.888,4.019
5278887.79,16274,0.13,6.265,6.396
5278950.63,16272,0.12,4.065,4.185
5279084.52,16273,0.1,6.174,6.275
5279119.13,16274,0.085,5.985,6.07
5279192.33,16272,0.175,4.209,4.384
5279243.19,16273,0.77,6.06,6.83
5279430.31,16274,0.136,4.091,4.227
5279442.91,16272,0.093,4.011,4.104
5279459.07,16273,0.125,5.952,6.078
5279477.17,16274,0.083,4.031,4.114
5279507.81,16272,0.088,5.169,5.257
5279668.81,16273,0.155,3.935,4.089
5279684.85,16274,0.119,3.995,4.114
5279771.11,16272,0.147,6.071,6.218
5279863.92,16273,0.147,3.895,4.042
5279881.12,16274,0.102,6.043,6.145
5279896.44,16272,0.094,4.163,4.257
5280006.25,16273,0.102,4.052,4.154
5280013.35,16274,0.075,4.328,4.403
5280080.94,16272,0.097,4.009,4.106
5280128.29,16273,0.095,4.147,4.242
5280229.81,16274,0.137,6.03,6.167
5280262.72,16272,0.14,7.047,7.187
5280263.95,16273,1.618,4.881,6.5
5280280.53,16274,0.084,4.032,4.116
5280746.81,16272,0.141,4.026,4.168
5280764.08,16273,0.12,3.978,4.097
5280922.22,16274,0.142,6.005,6.148
5280941.51,16272,1.368,9.391,10.759
5280942.4,16273,0.376,5.983,6.36
5281090.94,16274,0.111,5.178,5.289
5281172.79,16272,1.777,5.994,7.771
5281337.22,16273,0.16,4.024,4.184
5281535.2,16274,0.225,5.23,5.455
5281627.49,16272,0.147,6.275,6.423
5281740.24,16273,0.143,4.085,4.228
5281751.91,16274,0.094,4.103,4.197
5281760.51,16272,0.235,6.104,6.339
5281774.2,16273,0.078,4.067,4.145
5281809.36,16274,0.087,4.069,4.156
5281824.43,16272,0.078,4.193,4.271
5281870.67,16273,0.1,4.173,4.273
5281943.71,16274,0.081,4.097,4.178
5282018.1,16272,0.101,5.18,5.281
5282062.59,16273,0.098,4.032,4.13
5282220.15,16274,0.172,4.029,4.202
5282238.47,16272,0.167,4.694,4.861
5282254.91,16273,0.71,6.019,6.73
5282308.33,16274,2.034,4.226,6.26
5282329.85,16272,0.102,4.048,4.15
5282554.55,16273,0.144,4.056,4.201
5282591.31,16274,0.102,4.038,4.14
5282651.85,16272,0.159,4.148,4.307
5282678.27,16273,4.069,8.139,12.208
5282701.88,16274,0.078,4.033,4.111
5282744.15,16272,0.1,4.557,4.657
5282817.07,16273,0.09,4.027,4.117
5282836.6,16274,0.14,3.952,4.091
5282845.11,16272,1.666,4.04,5.706
5282851.25,16273,0.064,4.132,4.196
5282883.92,16274,0.096,3.899,3.995
5282923.87,16272,0.161,4.028,4.189
5282930.73,16273,0.177,4.075,4.252
5282974.22,16274,1.064,4.112,5.176
5283061.38,16272,0.077,6.101,6.179
5283100.17,16273,0.069,4.312,4.38
5283119.6,16274,0.134,4.202,4.337
5283154.14,16272,0.081,6.034,6.115
5283186.64,16273,0.124,7.063,7.187
5283192.97,16274,0.064,5.724,5.788
5283200.18,16272,2.049,4.083,6.132
5283222.42,16273,0.11,4.126,4.236
5283308.2,16274,0.141,4.162,4.303
5283311.95,16272,0.068,5.814,5.882
5283395.43,16273,0.111,4.075,4.186
5283403.49,16274,0.075,4.077,4.152
5283429.06,16272,2.032,3.932,5.964
5283504.29,16273,0.185,4.087,4.272
5283537.79,16274,0.12,4.094,4.214
5283582.12,16272,3.089,5.01,8.099
5283592.21,16273,0.08,4.982,5.062
5283646.25,16274,0.084,4.049,4.132
5283660.18,16272,1.821,4.094,5.916
5283665.27,16273,0.06,4.97,5.029
5283689.58,16274,0.066,4.11,4.176
5283786.15,16272,0.103,3.982,4.085
5283815.28,16273,0.142,4.158,4.3
5283845.67,16274,0.113,3.956,4.069
5283874.79,16272,0.153,4.029,4.182
5283903.55,16273,0.119,4.045,4.164
5283918.35,16274,0.081,4.175,4.255
5283941.22,16272,0.164,4.171,4.335
5283946.95,16273,0.079,4.314,4.393
5283974.31,16274,0.103,4.023,4.126
5283980.25,16272,0.082,4.054,4.136
5284020.67,16273,0.111,3.967,4.077
5284044.75,16274,0.08,3.975,4.056
5284050.98,16272,0.059,5.968,6.026
5284062.15,16273,0.074,6.032,6.106
5284100.52,16274,0.083,3.988,4.07
5284108.88,16272,0.074,5.507,5.581
5284109.9,16273,0.072,4.057,4.13
5284183.22,16274,0.133,3.993,4.126
5284219.27,16273,1.05,4.128,5.178
5284222.9,16272,0.08,4.081,4.161
5284248.23,16273,0.049,5.446,5.494
5284251.13,16274,2.02,8.465,10.485
5284285.96,16272,0.123,4.052,4.175
5284294.39,16273,0.087,4.224,4.311
5284307.13,16274,1.58,4.01,5.591
5284332.86,16272,0.091,4.232,4.323
5284337.2,16273,0.073,4.078,4.151
5284370.87,16274,0.142,4.596,4.738
5284375.07,16272,0.111,5.899,6.01
5284379.27,16273,0.294,4.085,4.38
5284427.45,16274,1.211,5.323,6.534
5284430.16,16272,0.081,3.999,4.08
5284446.41,16274,0.076,4.064,4.14
5284469.25,16273,0.076,4.33,4.406
5284512.47,16272,0.112,5.311,5.423
5284528.38,16274,0.088,4.055,4.143
5284535.84,16273,0.065,5.719,5.784
5284557.09,16272,0.083,4.042,4.125
5284580.97,16274,0.104,4.304,4.408
5284584.99,16273,1.902,5.915,7.816
5284594.47,16272,0.087,4.07,4.157
5284633.14,16274,1.674,4.015,5.69
5284671.65,16273,0.101,4.306,4.407
5284718.35,16272,0.13,6.045,6.174
5284731.33,16274,0.078,3.961,4.039
5284798.69,16273,0.189,4.786,4.975
5284873.84,16272,0.097,4.099,4.196
5284937.66,16274,0.118,4.037,4.155
5284969.2,16273,0.103,6.035,6.138
5285011.46,16272,0.08,4.034,4.114
5285027.14,16274,0.13,4.151,4.281
5285044.86,16273,0.086,5.947,6.033
5285060.12,16272,0.069,8.991,9.06
5285068.58,16274,0.056,4.017,4.073
5285170.3,16273,0.15,4.062,4.212
5285422.97,16272,0.168,5.031,5.198
5285552.34,16274,0.13,4.145,4.275
5285667.72,16273,0.116,4.043,4.159
5285674.36,16272,0.083,4.058,4.141
5285734.44,16274,0.134,5.538,5.672
5285769.54,16273,0.101,7.377,7.478
5285880.46,16272,0.163,9.196,9.36
5285922.24,16274,0.182,5.121,5.304
5285953.62,16273,0.148,4.068,4.216
5286076.95,16272,0.837,4.054,4.891
5286137.31,16274,0.117,3.967,4.084
5286260.69,16273,0.138,4.485,4.624
5286310.87,16272,0.13,5.063,5.193
5286396.72,16274,2.035,3.972,6.007
5286492.26,16273,0.148,4.109,4.257
5286551.62,16272,0.226,3.998,4.224
5286558.65,16274,0.095,4.095,4.19
5286605.73,16273,0.121,3.973,4.093
5286648.18,16272,1.627,4.064,5.691
5286705.59,16274,0.08,3.939,4.019
5286791.25,16273,1.364,4.127,5.491
5286817.98,16272,0.145,4.026,4.171
5286826.05,16274,0.138,7.922,8.06
5286826.48,16273,0.094,5.17,5.264
5286853.38,16272,0.075,4.146,4.221
5286944.5,16274,0.11,5.204,5.314
5286984.91,16273,0.099,4.271,4.37
5287002.1,16272,0.089,4.202,4.292
5287007.36,16274,0.06,4.074,4.134
5287021.26,16273,0.139,6.156,6.294
5287047.21,16272,3.045,4.117,7.162
5287093.69,16274,0.092,4.027,4.119
5287121.16,16273,1.455,3.938,5.393
5287157.34,16272,0.087,4.12,4.206
5287165.03,16274,0.132,3.988,4.12
5287166.7,16273,0.075,3.921,3.996
5287188.03,16272,0.108,4.015,4.123
5287197.18,16274,0.059,6.077,6.137
5287220.47,16273,0.183,4.063,4.246
5287255.17,16272,2.286,8.028,10.314
5287255.5,16274,0.059,4.393,4.452
5287258.03,16273,0.056,5.068,5.124
5287261.89,16272,0.076,6.08,6.156
5287272.12,16273,2.016,4.065,6.081
5287274.09,16274,0.053,3.999,4.052
5287304.18,16272,0.064,3.916,3.98
5287324.37,16273,0.164,4.004,4.168
5287336.98,16274,0.096,7.177,7.273
5287338.2,16272,0.066,5.971,6.037
5287342.45,16273,0.202,7.099,7.301
5287374.1,16272,0.078,4.15,4.228
5287380.25,16274,0.057,4.055,4.112
5287385.33,16273,0.061,4.95,5.011
5287391.36,16272,0.061,4.153,4.214
5287460.96,16274,0.072,4.026,4.097
5287465.08,16273,2.031,4.004,6.035
5287470.41,16272,0.063,4.086,4.149
5287475.56,16274,0.092,4.008,4.1
5287493.63,16273,0.091,5.03,5.121
5287498.92,16272,0.069,5.141,5.209
5287509.15,16274,0.056,4.938,4.994
5287530.04,16273,0.095,6.137,6.231
5287649.16,16272,1.762,4.012,5.774
5287684.98,16274,0.111,4.019,4.131
5287706.38,16273,0.097,4.119,4.216
5287752.22,16272,0.083,6.088,6.17
5287808.58,16274,0.107,4.079,4.186
5287829.64,16273,0.134,5.985,6.119
5287867.79,16272,0.077,4.121,4.199
5287896.38,16274,0.095,4.006,4.1
5287898.75,16273,0.064,4.107,4.171
5287913.19,16272,0.076,4.053,4.129
5287947.36,16274,0.08,4.23,4.31
5287985.2,16273,0.17,5.983,6.153
5287989.45,16272,2.272,4.14,6.412
5288018.07,16274,1.776,4.003,5.779
5288064.38,16273,0.306,4.179,4.485
5288076.51,16272,0.087,4.096,4.184
5288081.81,16274,0.072,4.025,4.097
5288087.01,16273,0.13,4.066,4.196
5288129.11,16272,2.178,3.961,6.14
5288159.67,16274,0.191,4.689,4.88
5288171.78,16273,0.132,5.33,5.462
5288177.13,16272,0.105,3.946,4.051
5288239.51,16274,1.272,4.385,5.657
5288243.77,16273,0.519,4.133,4.652
5288256.2,16272,0.102,4.043,4.145
5288336.14,16274,0.222,4.412,4.634
5288347.68,16273,2.378,5.533,7.911
5288347.71,16272,0.082,3.932,4.014
5288361.12,16274,1.338,7.032,8.37
5288413.54,16273,0.161,4.111,4.272
5288468.55,16274,0.089,3.999,4.088
5288472.31,16272,1.624,8.161,9.785
5288476.78,16273,2.235,4.115,6.35
5288485.02,16274,0.075,4.001,4.076
5288512.48,16272,0.117,4.205,4.322
5288569.13,16273,0.138,3.95,4.088
5288573.45,16274,0.067,4.071,4.138
5288583.09,16272,1.792,4.012,5.804
5288636.81,16273,0.093,4.336,4.429
5288649.26,16274,0.115,4.219,4.334
5288657.95,16272,0.164,4.182,4.346
5288664.31,16273,0.136,6.165,6.301
5288691.15,16274,0.92,6.048,6.967
5288697.25,16272,4.047,6.137,10.185
5288739.05,16273,0.071,3.941,4.012
5288745.52,16274,0.141,3.961,4.102
5288776.78,16272,0.088,4.137,4.225
5288821.12,16273,2.06,6.006,8.067
5288826.31,16274,0.068,4.049,4.116
5288861.74,16272,0.224,4.103,4.327
5288913.03,16273,0.082,3.991,4.073
5288932.54,16274,0.065,5.439,5.505
5288944.56,16272,0.062,4.446,4.508
5289023.65,16273,0.086,6.099,6.184
5289038.8,16274,0.068,4.002,4.07
5289079.7,16272,0.076,4.216,4.293
5289146.09,16274,1.117,5.987,7.104
5289148.16,16273,0.096,10.03,10.126
5289190.22,16272,0.159,6.978,7.137
5289192.35,16274,0.065,4.019,4.084
5289258.37,16273,0.14,4.284,4.424
5289307.7,16272,0.116,3.962,4.078
5289317.41,16274,0.081,4.092,4.174
5289352.26,16273,0.125,5.953,6.078
5289489.92,16272,0.115,4.014,4.129
5289522.64,16274,0.131,7.974,8.105
5289528.09,16273,0.106,3.938,4.044
5289534.08,16272,0.055,3.952,4.006
5289588.17,16274,0.092,4.176,4.267
5289625.09,16273,1.819,3.976,5.795
5289669.49,16272,0.095,4.046,4.141
5289717.16,16274,0.094,4.016,4.111
5289756.0,16273,0.088,6.024,6.112
5289881.52,16272,0.104,4.119,4.223
5289966.04,16274,1.043,3.917,4.96
5290081.79,16273,0.12,4.342,4.463
5290122.48,16272,0.113,4.223,4.336
5290182.12,16274,0.157,5.02,5.177
5290272.94,16273,0.167,6.083,6.251
5290328.33,16272,0.132,4.129,4.261
5290358.78,16274,0.085,4.235,4.319
5290384.02,16273,0.092,6.072,6.164
5290409.83,16272,1.272,4.67,5.942
5290555.28,16274,0.143,4.253,4.395
5290575.47,16273,0.125,3.958,4.083
5290618.71,16272,0.099,4.037,4.137
5290701.16,16274,2.096,4.02,6.116
5290831.14,16273,0.12,4.291,4.411
5290897.78,16272,0.103,4.3,4.403
5291025.45,16274,0.126,4.23,4.356
5291040.41,16273,0.084,4.023,4.106
5291069.8,16272,0.117,5.179,5.296
5291091.24,16274,0.079,4.032,4.111
5291131.12,16273,0.089,3.976,4.065
5291182.37,16272,0.154,4.129,4.283
5291446.63,16274,0.134,4.231,4.365
5291454.34,16273,0.1,4.038,4.139
5291590.68,16272,0.193,4.055,4.248
5291651.23,16274,0.162,4.025,4.187
5291696.39,16273,0.125,4.377,4.502
5291708.21,16272,0.765,4.078,4.842
5291743.24,16274,1.068,4.112,5.18
5291778.41,16273,0.158,3.921,4.079
5291853.17,16272,0.108,6.001,6.109
5291962.57,16274,0.109,5.709,5.817
5292104.27,16273,0.215,4.244,4.458
5292105.15,16272,0.082,4.089,4.171
5292158.18,16274,0.146,3.941,4.087
5292233.05,16273,0.157,8.442,8.599
5292252.25,16272,0.167,5.014,5.181
5292268.31,16274,0.133,6.19,6.323
5292293.28,16273,0.112,6.358,6.47
5292379.89,16272,0.122,4.058,4.18
5292445.75,16274,0.142,4.32,4.462
5292474.34,16273,0.125,6.03,6.154
5292476.97,16272,0.089,4.143,4.231
5292583.71,16274,0.234,8.565,8.799
5292586.82,16273,0.071,5.035,5.106
5292618.33,16272,0.108,4.056,4.165
5292665.6,16274,0.097,6.152,6.249
5292691.16,16273,0.142,4.029,4.17
5292845.15,16274,0.071,3.991,4.062
5292845.28,16272,0.998,8.337,9.335
5293013.2,16273,1.045,6.087,7.131
5293035.61,16272,0.092,4.045,4.138
5293046.14,16274,0.071,4.023,4.094
5293195.13,16273,0.178,4.013,4.191
5293313.51,16272,0.135,4.0,4.134
5293317.87,16274,0.09,4.072,4.162
5293341.03,16273,1.112,3.928,5.04
5293354.47,16272,0.073,6.335,6.408
5293476.29,16274,0.189,4.402,4.591
5293605.71,16273,0.158,5.042,5.2
5293605.98,16272,0.067,4.47,4.537
5293788.94,16274,0.139,6.364,6.503
5293832.53,16273,0.221,6.147,6.368
5293839.24,16272,0.129,6.049,6.178
5293849.18,16274,0.088,4.039,4.126
5293861.84,16273,0.066,3.902,3.968
5293940.85,16272,0.104,4.11,4.214
5293948.84,16274,0.074,4.296,4.369
5294050.37,16273,0.141,4.054,4.195
5294216.3,16272,1.272,4.125,5.397
5294223.41,16274,0.08,4.023,4.104
5294234.07,16273,2.032,3.983,6.015
5294336.54,16272,0.11,4.032,4.142
5294389.34,16274,0.145,6.115,6.26
5294394.96,16273,0.09,3.989,4.079
5294469.18,16272,0.14,4.063,4.204
5294629.12,16274,2.324,4.029,6.353
5294667.39,16273,0.151,3.994,4.145
5294737.25,16272,1.703,6.016,7.72
5294900.13,16274,0.152,4.049,4.201
5294921.13,16273,0.11,4.088,4.198
5295298.7,16272,0.169,4.862,5.031
5295306.38,16274,0.107,4.094,4.201
5295466.82,16273,0.168,5.561,5.729
5295467.15,16272,0.066,3.977,4.043
5295587.32,16274,0.148,4.096,4.243
5295721.1,16273,0.161,4.275,4.436
5295744.9,16272,0.1,3.994,4.094
5295780.25,16274,0.128,6.161,6.289
5295784.33,16273,0.212,3.962,4.174
5295920.32,16272,0.104,6.158,6.262
5296007.07,16274,0.178,4.093,4.272
5296074.93,16273,0.181,4.327,4.508
5296103.19,16272,0.091,4.042,4.133
5296128.72,16274,0.32,6.195,6.515
5296192.53,16273,0.155,4.081,4.236
5296215.05,16272,0.157,4.058,4.215
5296278.28,16274,0.229,6.459,6.688
5296292.56,16273,0.09,7.415,7.505
5296360.09,16272,2.266,3.971,6.237
5296471.96,16274,0.171,6.296,6.468
5296505.68,16273,0.157,6.202,6.359
5296594.33,16272,0.162,5.069,5.23
5296756.62,16274,0.818,4.625,5.443
5296845.98,16273,0.189,4.033,4.222
5296973.24,16272,0.111,6.054,6.165
5296979.51,16274,0.088,6.087,6.175
5296983.12,16273,0.063,5.638,5.701
5297188.18,16272,0.193,4.001,4.194
5297420.35,16274,0.17,6.035,6.204
5297473.27,16273,0.496,4.016,4.512
5297498.83,16272,0.19,4.012,4.202
5297520.54,16274,0.126,6.802,6.928
5297617.97,16273,0.116,4.07,4.186
5297702.25,16272,0.134,5.034,5.168
5297985.35,16274,0.232,4.215,4.448
5298049.06,16273,0.124,5.873,5.998
5298138.99,16272,0.164,5.962,6.126
5298198.21,16274,1.382,5.075,6.457
5298207.19,16273,0.384,4.167,4.551
5298238.26,16272,0.155,4.031,4.186
5298244.39,16274,0.113,4.225,4.337
5298255.13,16273,1.09,4.01,5.1
5298277.94,16272,0.093,4.064,4.157
5298336.91,16274,0.109,4.41,4.519
5298341.36,16273,0.135,5.527,5.662
5298346.68,16274,0.064,5.575,5.64
5298365.08,16272,0.078,3.949,4.028
5298381.17,16273,0.077,4.041,4.118
5298402.93,16274,0.097,4.103,4.2
5298427.09,16272,2.022,4.015,6.038
5298441.75,16273,0.095,3.97,4.065
5298486.31,16274,0.082,4.174,4.256
5298524.15,16272,2.315,8.041,10.356
5298524.24,16273,1.372,4.152,5.524
5298582.16,16274,0.109,3.99,4.099
5298589.49,16272,0.102,4.032,4.135
5298614.69,16273,0.106,3.948,4.054
5298761.52,16274,0.134,5.309,5.443
5298782.58,16272,0.157,4.143,4.3
5298838.4,16273,3.737,4.202,7.939
5298921.19,16274,0.126,3.998,4.124
5298974.97,16272,0.117,3.988,4.105
5299011.15,16273,0.157,4.035,4.192
5299072.29,16274,0.101,6.137,6.237
5299306.31,16272,0.171,4.728,4.899
5299343.85,16273,0.124,5.997,6.122
5299404.34,16274,0.933,4.235,5.169
5299614.5,16272,0.228,4.043,4.271
5299657.04,16273,0.106,4.053,4.16
5299663.23,16274,0.09,5.99,6.08
5299683.75,16272,0.096,4.684,4.78
5299695.14,16273,0.082,4.006,4.089
5299717.69,16274,0.072,8.107,8.179
5299720.41,16272,0.366,9.325,9.691
5299738.36,16273,0.079,4.026,4.105
5299749.57,16274,1.052,5.462,6.513
5299753.68,16272,0.058,4.132,4.19
5299761.66,16273,0.079,3.965,4.044
5299770.05,16274,0.068,3.94,4.008
5299782.01,16272,0.07,5.755,5.825
5299799.5,16273,0.098,4.051,4.149
5299805.23,16274,0.067,4.018,4.085
5299809.38,16272,0.058,3.905,3.964
5299835.22,16273,0.063,4.121,4.184
5299845.28,16274,0.063,3.946,4.01
5299850.99,16272,0.084,4.035,4.119
5299899.03,16273,0.095,4.032,4.127
5299909.26,16274,2.223,6.153,8.376
5299923.71,16272,0.075,4.016,4.091
5299931.69,16273,0.087,4.072,4.159
5299962.98,16274,0.083,4.016,4.099
5299997.72,16272,0.079,4.052,4.131
5300004.22,16273,0.07,4.29,4.36
5300016.9,16274,0.081,4.077,4.158
5300021.31,16272,0.076,4.164,4.24
5300035.03,16273,0.109,6.546,6.655
5300068.33,16274,0.083,7.205,7.287
5300072.12,16272,0.067,6.022,6.089
5300121.81,16273,0.081,4.088,4.168
5300167.61,16274,0.15,4.134,4.284
5300202.26,16272,0.105,4.088,4.192
5300232.27,16273,1.297,4.13,5.427
5300234.16,16274,0.069,4.042,4.111
5300246.25,16272,0.096,3.975,4.071
5300269.08,16273,0.127,4.116,4.243
5300294.41,16274,0.12,5.238,5.358
5300306.18,16272,0.069,5.065,5.134
5300319.52,16273,0.069,4.012,4.081
5300323.81,16274,0.083,4.033,4.117
5300332.11,16272,0.051,4.025,4.076
5300341.75,16273,0.056,4.043,4.099
5300390.15,16274,0.073,4.036,4.109
5300426.79,16272,0.074,3.96,4.034
5300499.4,16273,0.084,3.961,4.045
5300516.05,16274,0.099,4.152,4.251
5300551.8,16272,0.107,3.992,4.099
5300556.35,16273,0.062,4.242,4.305
5300560.18,16274,1.084,4.062,5.145
5300597.73,16272,0.084,5.198,5.282
5300603.7,16273,0.099,4.132,4.232
5300648.12,16274,0.081,7.998,8.079
5300647.99,16272,0.045,5.903,5.948
5300694.43,16273,0.096,4.177,4.273
5300715.11,16274,1.826,4.021,5.847
5300719.38,16272,0.065,4.135,4.2
5300725.24,16273,1.9,6.129,8.03
5300769.65,16274,0.125,5.185,5.31
5300774.22,16272,0.764,4.407,5.171
5300783.33,16273,0.325,4.809,5.134
5300794.27,16274,0.08,6.178,6.258
5300826.14,16272,0.121,3.977,4.098
5300857.2,16273,0.112,3.992,4.105
5300863.04,16274,0.076,4.05,4.126
5300870.78,16272,0.108,4.057,4.165
5300908.31,16273,0.103,5.146,5.249
5300931.82,16274,0.131,7.014,7.145
5300932.89,16272,2.052,5.798,7.85
5300937.78,16273,0.075,3.978,4.053
5300942.8,16274,0.08,4.217,4.297
5300954.19,16272,0.071,6.159,6.23
5300958.63,16273,0.065,4.554,4.619
5300978.52,16272,0.091,10.387,10.478
5300978.87,16274,0.053,8.783,8.835
5300994.19,16273,0.073,4.12,4.193
5300999.78,16272,0.073,5.212,5.284
5301022.99,16274,0.073,3.863,3.936
5301054.04,16273,0.092,4.035,4.128
5301101.32,16273,0.052,3.965,4.018
5301102.22,16274,0.592,6.07,6.662
5301102.28,16272,0.09,7.308,7.398
5301126.84,16273,0.077,6.026,6.102
5301158.87,16274,0.146,4.077,4.223
5301159.83,16272,0.136,3.932,4.068
5301177.02,16273,0.102,4.005,4.107
5301212.27,16272,1.589,4.076,5.665
5301218.14,16274,0.078,4.015,4.093
5301317.24,16273,0.107,4.075,4.181
5301334.13,16272,0.107,4.032,4.139
5301378.29,16274,0.088,4.149,4.237
5301414.19,16273,0.087,4.044,4.131
5301481.6,16272,0.099,4.076,4.175
5301492.23,16274,0.095,4.092,4.187
5301522.83,16273,0.082,4.096,4.178
5301585.12,16272,1.994,5.978,7.972
5301651.28,16274,2.272,4.076,6.348
5301712.2,16273,0.132,4.321,4.453
5301727.09,16272,0.175,8.08,8.255
5301793.13,16274,0.159,4.336,4.495
5301832.14,16273,1.078,5.006,6.083
5301895.49,16272,0.157,4.159,4.316
5301901.12,16274,1.121,5.978,7.099
5302008.34,16272,0.108,7.053,7.161
5302031.09,16273,2.203,4.045,6.248
5302329.0,16274,0.202,4.0,4.202
5302523.32,16272,0.188,3.928,4.116
5302575.44,16273,0.152,4.526,4.678
5302604.15,16274,0.209,7.665,7.874
5302610.6,16272,0.072,6.059,6.131
5302819.03,16273,0.217,6.068,6.285
5302827.18,16274,0.102,4.183,4.285
5302932.87,16272,0.099,4.1,4.198
5302961.11,16273,1.923,3.987,5.91
5303252.77,16274,0.184,4.996,5.179
5303340.62,16272,0.128,5.032,5.16
5303392.54,16273,0.144,4.141,4.285
5303482.24,16274,0.114,4.06,4.175
5303505.18,16272,0.089,4.051,4.14
5303529.0,16273,0.113,4.082,4.195
5303621.13,16274,0.111,3.957,4.068
5303724.59,16272,0.19,4.028,4.217
5303824.64,16273,0.148,4.042,4.19
5303847.8,16274,0.137,6.109,6.246
5303907.28,16272,0.227,5.097,5.324
5303950.97,16273,0.109,3.933,4.043
5304006.34,16274,0.12,5.146,5.267
5304033.42,16272,0.092,5.26,5.352
5304039.22,16273,0.071,3.998,4.068
5304206.46,16274,0.162,5.128,5.29
5304229.05,16272,0.141,4.113,4.255
5304249.79,16273,0.118,3.936,4.054
5304288.14,16274,0.087,3.992,4.079
5304336.85,16272,0.111,4.009,4.12
5304345.15,16273,2.439,3.984,6.422
5304464.56,16274,0.102,4.333,4.435
5304567.16,16272,0.127,4.04,4.167
5304706.45,16273,0.14,4.007,4.147
5304723.34,16274,0.104,4.072,4.176
5304728.89,16272,0.063,4.059,4.122
5304745.06,16273,0.084,6.074,6.158
5304792.33,16274,0.092,4.051,4.144
5304801.84,16272,0.115,4.019,4.135
5304844.38,16273,0.069,3.974,4.043
5304862.14,16274,0.092,4.052,4.145
5304874.69,16272,0.074,4.308,4.381
5304879.09,16273,0.078,4.07,4.148
5304932.94,16274,0.086,4.114,4.2
5304941.05,16272,0.085,3.96,4.045
5304953.59,16273,0.058,4.096,4.155
5304985.71,16274,0.076,4.529,4.605
5305002.84,16272,0.088,4.049,4.137
5305008.12,16273,0.067,3.995,4.062
5305037.91,16274,1.044,4.053,5.097
5305063.42,16272,0.07,4.04,4.11
5305130.36,16273,0.146,4.032,4.179
5305176.73,16274,0.186,4.084,4.27
5305180.92,16272,0.074,4.018,4.092
5305213.11,16273,0.082,5.985,6.067
5305214.42,16274,0.105,6.025,6.13
5305221.17,16272,0.575,6.108,6.683
5305230.51,16273,0.074,3.977,4.051
5305245.1,16274,0.078,3.951,4.029
5305257.63,16272,0.104,4.173,4.277
5305300.71,16273,0.101,3.949,4.049
5305307.46,16274,0.072,4.03,4.102
5305447.13,16272,0.778,6.023,6.802
5305466.41,16273,0.075,3.984,4.059
5305473.54,16274,0.07,4.038,4.108
5305479.95,16272,0.14,6.031,6.17
5305512.1,16273,0.106,3.976,4.082
5305531.94,16274,0.081,4.589,4.671
5305627.46,16272,0.323,6.684,7.007
5305707.46,16273,0.132,4.309,4.44
5305711.37,16274,0.089,4.225,4.314
5305713.64,16272,0.077,5.127,5.204
5305744.2,16273,4.007,6.071,10.078
5305744.94,16274,0.082,4.808,4.89
5305815.72,16272,0.188,6.644,6.833
5305817.32,16274,0.06,3.963,4.023
5305820.02,16273,0.068,4.835,4.903
5305866.51,16272,0.093,6.015,6.108
5305877.22,16274,0.085,4.089,4.174
5305919.77,16273,0.115,6.012,6.127
5305937.95,16272,0.146,5.116,5.261
5305953.49,16274,1.57,4.267,5.837
5306018.09,16273,1.749,4.006,5.754
5306024.38,16272,0.074,4.083,4.156
5306044.77,16274,0.148,4.051,4.2
5306076.05,16273,0.789,3.976,4.765
5306103.51,16272,0.09,4.378,4.468
5306126.13,16274,0.082,4.166,4.248
5306147.55,16273,0.108,4.015,4.123
5306172.42,16272,0.124,4.152,4.276
