timestamp_ms,pid,scheduling_delay_ms,service_time_ms,total_latency_ms
5601006.21,21120,2.267,8.39,10.658
5601055.05,21121,0.288,4.13,4.418
5601066.84,21120,0.079,4.164,4.244
5601069.72,21122,0.175,9.284,9.459
5601099.39,21121,0.216,7.394,7.61
5601167.49,21120,0.105,4.289,4.394
5601209.85,21122,2.127,9.612,11.74
5601250.03,21121,0.149,13.041,13.189
5601274.6,21120,0.117,7.707,7.824
5601318.29,21122,0.167,8.172,8.339
5601409.21,21121,0.157,5.895,6.052
5601562.06,21120,0.188,4.275,4.463
5601633.61,21122,0.243,4.001,4.244
5601717.29,21121,0.142,6.074,6.215
5601784.99,21120,0.115,6.007,6.122
5601791.27,21122,2.007,4.082,6.089
5601824.66,21121,0.079,5.044,5.123
5602008.81,21120,0.128,8.607,8.735
5602048.94,21122,0.135,7.119,7.254
5602078.12,21121,0.128,4.138,4.267
5602235.94,21120,1.113,5.735,6.848
5602300.43,21122,0.18,7.145,7.325
5602301.58,21121,2.027,4.499,6.527
5602323.96,21120,0.118,4.176,4.294
5602367.11,21122,0.146,5.889,6.036
5602465.3,21121,4.065,4.182,8.247
5602470.11,21120,0.088,7.049,7.137
5602680.51,21122,0.154,4.596,4.75
5602699.33,21121,0.197,4.199,4.397
5602725.15,21120,0.754,11.996,12.75
5602786.58,21122,0.133,5.108,5.24
5602855.68,21121,1.899,4.482,6.381
5602881.82,21120,0.101,14.261,14.362
5602901.4,21122,0.247,3.944,4.192
5602933.23,21121,1.377,4.105,5.482
5602940.26,21120,1.115,8.113,9.227
5602988.84,21122,3.346,15.681,19.027
5603003.7,21121,0.094,7.283,7.376
5603093.79,21120,0.105,6.618,6.723
5603197.31,21122,0.103,4.14,4.243
5603219.01,21121,0.168,4.093,4.261
5603256.1,21120,4.253,12.003,16.256
5603413.37,21122,2.603,10.096,12.698
5603449.9,21121,0.127,6.059,6.185
5603478.18,21120,0.101,4.014,4.115
5603510.48,21122,1.96,4.352,6.312
5603561.14,21121,0.113,10.799,10.912
5603662.28,21120,4.522,8.108,12.63
5603706.65,21122,0.108,8.217,8.325
5603767.14,21121,0.089,10.996,11.085
5603931.33,21120,0.796,8.091,8.887
5603950.41,21122,0.092,5.142,5.234
5604011.96,21121,0.102,7.011,7.114
5604034.17,21120,0.082,7.029,7.111
5604042.28,21122,0.059,3.971,4.03
5604053.31,21121,0.065,4.068,4.132
5604087.96,21120,0.686,10.035,10.72
5604135.65,21122,0.083,6.068,6.151
5604138.24,21121,0.056,5.123,5.179
5604167.14,21120,2.256,12.069,14.325
5604364.54,21122,0.151,6.344,6.495
5604462.76,21121,0.186,5.466,5.652
5604535.25,21120,0.136,4.033,4.169
5604576.75,21122,0.094,8.249,8.343
5604668.07,21121,0.122,7.993,8.115
5604691.51,21120,1.728,11.419,13.147
5604820.8,21122,0.123,4.271,4.394
5605059.17,21121,0.138,15.332,15.47
5605066.17,21120,1.037,8.056,9.092
5605100.23,21121,0.092,12.077,12.169
5605128.72,21122,0.093,6.712,6.804
5605142.45,21120,0.137,7.2,7.337
5605246.27,21121,0.127,4.09,4.217
5605257.77,21122,0.101,8.013,8.114
5605314.25,21120,2.099,8.072,10.171
5605394.31,21121,0.104,13.14,13.245
5605480.48,21122,0.153,8.242,8.395
5605520.35,21120,0.115,11.163,11.278
5605533.41,21121,0.206,5.994,6.199
5605562.14,21122,0.079,6.007,6.086
5605587.89,21120,0.08,6.113,6.193
5605696.89,21121,0.108,8.918,9.026
5605724.22,21122,0.1,4.055,4.155
5605754.87,21120,0.085,9.727,9.812
5605758.68,21121,0.064,3.932,3.996
5605778.14,21120,0.06,15.038,15.097
5605778.48,21122,0.056,9.608,9.663
5605935.75,21121,1.03,8.662,9.693
5605977.32,21120,0.122,4.137,4.259
5606058.17,21122,0.134,3.963,4.097
5606070.22,21121,0.16,3.992,4.152
5606071.05,21120,0.062,4.021,4.084
5606091.04,21122,0.088,4.043,4.131
5606095.56,21121,0.062,4.233,4.295
5606120.36,21120,0.236,4.075,4.311
5606128.14,21122,0.074,4.012,4.086
5606161.25,21121,0.084,4.245,4.329
5606201.25,21120,0.141,4.153,4.294
5606271.19,21122,0.137,3.966,4.103
5606276.67,21121,0.088,5.159,5.247
5606305.21,21120,0.105,4.213,4.318
5606317.26,21122,0.075,4.035,4.11
5606329.73,21121,0.071,4.192,4.262
5606389.41,21120,0.097,4.135,4.232
5606412.57,21122,0.163,4.458,4.621
5606414.48,21121,0.147,4.487,4.634
5606420.73,21120,0.102,5.288,5.39
5606421.32,21122,1.528,4.202,5.73
5606427.25,21121,0.081,6.204,6.285
5606431.59,21122,0.197,4.071,4.269
5606440.42,21120,0.067,4.192,4.259
5606451.3,21121,0.095,4.151,4.247
5606460.71,21122,0.639,3.996,4.635
5606492.54,21120,0.141,4.19,4.332
5606499.2,21121,0.092,4.054,4.146
5606528.26,21122,0.827,4.11,4.937
5606533.83,21120,0.108,4.013,4.122
5606544.28,21121,0.108,4.158,4.266
5606598.73,21122,0.092,3.963,4.055
5606617.66,21120,0.089,4.21,4.299
5606636.08,21121,0.083,4.197,4.28
5606704.34,21122,0.181,4.113,4.294
5606726.53,21120,0.159,4.277,4.435
5606808.28,21121,0.151,6.133,6.284
5606814.22,21122,0.118,4.044,4.162
5606841.37,21120,0.088,5.842,5.929
5606843.67,21122,0.053,3.987,4.04
5606843.84,21121,0.081,4.441,4.522
5606864.21,21120,0.083,4.07,4.152
5606866.41,21122,0.052,3.951,4.003
5606877.41,21121,0.06,6.191,6.251
5606879.64,21120,2.089,4.569,6.658
5606902.94,21122,0.065,4.082,4.148
5606910.82,21121,0.084,4.121,4.205
5606926.46,21120,2.152,4.365,6.517
5606944.97,21122,0.07,4.181,4.25
5606949.87,21121,0.114,4.134,4.248
5606958.87,21120,0.08,4.046,4.126
5606972.11,21122,0.081,3.98,4.061
5606988.21,21121,0.102,6.06,6.162
5606991.54,21120,0.063,5.434,5.498
5607028.8,21122,0.12,4.065,4.185
5607036.58,21121,0.56,7.095,7.655
5607037.83,21120,1.022,4.77,5.792
5607067.02,21122,0.093,4.009,4.102
5607090.96,21121,0.093,4.034,4.127
5607098.43,21120,1.446,4.008,5.454
5607130.55,21122,0.071,3.984,4.055
5607399.2,21121,3.047,4.079,7.126
5607440.29,21120,0.121,3.968,4.089
5607460.19,21122,0.095,4.043,4.138
5607482.15,21121,0.174,4.037,4.21
5607553.33,21120,0.157,4.062,4.219
5607630.36,21122,0.123,4.164,4.287
5607741.25,21121,0.106,4.083,4.189
5607796.89,21120,0.108,4.231,4.339
5607873.47,21122,0.175,4.153,4.327
5607884.84,21121,1.511,4.046,5.557
5607934.28,21120,0.1,4.114,4.215
5607944.09,21122,0.076,3.969,4.045
5607949.11,21121,0.078,4.274,4.352
5608028.15,21120,1.806,4.015,5.821
5608160.72,21122,0.139,4.101,4.24
5608268.18,21121,0.14,4.134,4.274
5608272.39,21120,0.139,3.99,4.129
5608320.29,21122,1.486,4.116,5.602
5608339.73,21121,0.081,3.917,3.999
5608371.59,21120,0.137,3.983,4.12
5608398.05,21122,2.37,3.938,6.308
5608446.24,21121,0.13,6.044,6.174
5608448.46,21120,0.081,4.337,4.419
5608613.43,21122,0.18,3.965,4.145
5608883.12,21121,0.259,4.082,4.341
5608919.38,21120,0.169,5.136,5.306
5608928.1,21122,0.093,6.317,6.41
5608941.43,21121,0.078,4.298,4.375
5609091.04,21120,0.115,4.07,4.185
5609158.66,21122,0.115,4.274,4.39
5609161.26,21121,0.151,4.057,4.208
5609207.14,21120,4.032,4.052,8.085
5609282.68,21122,0.106,5.514,5.62
5609285.27,21121,0.084,4.124,4.208
5609291.09,21120,0.791,4.0,4.791
5609370.56,21122,0.101,4.086,4.188
5609446.17,21121,0.088,4.024,4.112
5609487.28,21120,0.124,4.09,4.214
5609509.77,21122,0.086,4.021,4.106
5609563.09,21121,1.034,4.004,5.038
5609624.96,21120,0.137,4.067,4.204
5609684.17,21122,0.127,3.976,4.103
5609801.39,21121,0.116,4.125,4.241
5609837.28,21120,0.111,4.105,4.215
5609868.01,21122,0.078,4.135,4.213
5609963.69,21121,0.098,6.054,6.152
5610034.38,21120,0.172,4.117,4.288
5610055.3,21122,0.157,4.073,4.23
5610096.5,21121,0.256,4.153,4.409
5610175.04,21120,0.13,4.236,4.366
5610193.4,21122,0.099,3.998,4.097
5610224.54,21121,0.877,4.428,5.305
5610286.77,21120,0.118,3.993,4.111
5610327.27,21122,0.096,4.114,4.21
5610344.57,21121,0.088,4.006,4.093
5610393.4,21120,0.082,4.256,4.338
5610412.51,21122,0.078,4.083,4.161
5610429.93,21121,0.071,4.031,4.102
5610480.92,21120,0.078,4.148,4.226
5610529.1,21122,0.072,3.978,4.05
5610639.13,21121,0.114,6.059,6.173
5610745.7,21120,0.161,4.072,4.234
5610755.15,21122,0.105,3.979,4.084
5610771.12,21121,1.312,4.017,5.329
5610866.25,21120,0.114,4.064,4.179
5610906.21,21122,0.087,4.065,4.152
5610983.3,21121,0.106,4.126,4.232
5611065.2,21120,0.178,3.955,4.133
5611154.29,21122,0.118,4.144,4.262
5611159.7,21121,0.111,4.359,4.47
5611199.35,21120,0.109,4.184,4.293
5611207.21,21122,2.052,4.101,6.153
5611213.16,21121,0.082,4.027,4.109
5611329.53,21120,0.096,4.092,4.188
5611333.8,21122,0.072,3.943,4.015
5611375.25,21121,0.235,4.029,4.264
5611449.18,21120,0.112,4.14,4.252
5611465.1,21122,0.074,3.974,4.048
5611476.24,21121,1.195,5.13,6.325
5611504.35,21120,0.068,8.216,8.284
5611504.69,21122,0.095,4.483,4.578
5611530.17,21121,2.102,4.098,6.2
5611534.14,21122,0.046,4.052,4.099
5611535.0,21120,0.071,8.712,8.783
5611544.82,21121,0.093,6.324,6.417
5611553.1,21122,0.06,4.002,4.061
5611566.2,21120,0.057,4.124,4.181
5611588.18,21121,0.064,4.078,4.141
5611593.0,21122,0.814,3.94,4.754
5611597.87,21120,0.059,4.227,4.286
5611621.22,21121,0.103,4.24,4.342
5611625.49,21122,0.066,4.014,4.08
5611642.16,21120,0.066,4.05,4.116
5611651.47,21121,0.055,4.446,4.502
5611658.11,21122,2.515,4.054,6.569
5611682.72,21120,0.115,4.526,4.641
5611717.98,21121,0.173,4.018,4.191
5611731.56,21122,0.166,3.97,4.136
5611771.4,21120,0.09,6.381,6.472
5611775.54,21121,0.119,3.953,4.072
5611815.43,21122,0.097,6.147,6.244
5611825.48,21120,2.321,4.365,6.686
5611884.52,21121,0.081,3.997,4.077
5611909.92,21122,0.077,4.013,4.09
5611922.09,21120,0.062,3.984,4.046
5611928.22,21121,0.055,4.021,4.076
5611955.25,21122,1.619,4.135,5.754
5611961.52,21120,0.08,4.564,4.644
5611968.34,21121,0.078,4.093,4.171
5611993.2,21122,0.079,3.972,4.051
5612039.92,21120,0.129,4.301,4.43
5612046.31,21121,0.075,4.072,4.147
5612050.52,21122,0.065,4.034,4.099
5612090.29,21120,0.141,6.077,6.218
5612092.55,21121,0.067,4.436,4.503
5612110.21,21122,0.096,3.953,4.049
5612129.26,21120,0.06,4.154,4.214
5612138.08,21121,2.123,3.991,6.114
5612142.23,21122,0.053,4.02,4.074
5612178.17,21120,0.077,4.048,4.126
5612202.27,21121,0.089,4.077,4.166
5612252.05,21122,1.025,3.979,5.004
5612256.7,21120,0.066,3.979,4.045
5612263.06,21121,0.062,3.959,4.021
5612277.32,21122,0.311,4.089,4.4
5612289.5,21120,0.063,4.115,4.178
5612298.76,21121,0.054,4.086,4.141
5612352.17,21122,1.254,4.098,5.352
5612352.46,21120,0.051,4.109,4.16
5612366.41,21121,0.068,4.298,4.367
5612370.18,21122,0.063,4.06,4.123
5612376.25,21121,2.123,4.188,6.312
5612385.18,21120,0.068,4.206,4.274
5612393.07,21122,1.506,3.987,5.493
5612402.03,21121,0.088,3.95,4.038
5612438.59,21120,0.079,4.127,4.205
5612440.03,21122,0.053,3.928,3.982
5612485.02,21121,0.074,4.066,4.14
5612502.02,21120,0.095,7.063,7.158
5612505.2,21122,0.062,7.732,7.795
5612538.36,21121,0.074,4.037,4.112
5612561.52,21120,0.081,3.977,4.058
5612570.13,21122,0.054,4.039,4.093
5612573.8,21121,0.049,5.999,6.048
5612594.42,21120,1.153,4.35,5.503
5612620.07,21122,1.921,4.0,5.921
5612713.1,21121,0.11,4.084,4.195
5612717.7,21120,0.077,4.285,4.362
5612741.34,21122,0.154,4.033,4.187
5612752.28,21121,0.127,6.133,6.259
5612757.42,21120,1.236,4.043,5.28
5612785.49,21122,0.085,4.168,4.253
5612823.1,21121,0.084,3.959,4.043
5612833.42,21120,0.09,4.01,4.1
5612863.64,21122,0.084,4.015,4.099
5612876.92,21121,0.103,4.141,4.244
5612884.51,21120,0.112,6.055,6.166
5612904.15,21122,0.065,4.044,4.11
5612913.59,21121,0.068,4.031,4.099
5612929.06,21120,0.051,3.954,4.006
5612975.17,21122,0.094,4.298,4.393
5612979.63,21121,0.085,4.132,4.217
5612993.31,21120,0.086,4.161,4.248
5613008.88,21122,0.114,4.053,4.167
5613017.22,21121,0.07,8.061,8.131
5613021.17,21120,0.073,4.205,4.278
5613034.05,21121,2.785,3.99,6.774
5613034.11,21122,1.924,3.969,5.893
5613050.35,21120,0.082,4.257,4.34
5613058.24,21121,0.073,4.112,4.185
5613073.31,21122,0.08,7.481,7.561
5613074.36,21120,0.074,5.229,5.303
5613076.02,21121,0.072,4.091,4.163
5613097.16,21122,1.03,4.077,5.107
5613106.13,21120,2.025,4.061,6.086
5613111.99,21121,0.062,3.976,4.037
5613134.08,21122,2.03,4.001,6.031
5613151.03,21120,0.058,3.93,3.989
5613179.15,21121,1.972,4.071,6.043
5613181.26,21120,0.052,4.167,4.219
5613183.68,21122,1.843,8.505,10.348
5613194.01,21121,1.419,3.947,5.366
5613194.7,21120,0.06,4.056,4.117
5613203.15,21122,0.058,4.054,4.111
5613205.07,21121,0.055,4.033,4.088
5613212.99,21120,0.063,4.119,4.182
5613231.98,21122,0.064,3.904,3.967
5613238.8,21121,0.061,4.163,4.223
5613241.04,21120,0.064,4.087,4.151
5613245.22,21122,0.052,4.044,4.096
5613249.73,21120,0.048,4.053,4.101
5613250.39,21121,0.049,5.05,5.099
5613279.55,21122,0.088,4.137,4.226
5613290.13,21120,0.067,4.076,4.143
5613331.84,21121,0.087,4.052,4.139
5613345.85,21122,0.058,4.034,4.092
5613350.01,21120,0.049,4.009,4.058
5613356.66,21122,0.077,3.999,4.075
5613356.12,21121,0.071,4.021,4.092
5613389.73,21120,0.088,4.195,4.283
5613420.36,21122,0.069,4.04,4.109
5613450.82,21121,0.083,4.042,4.125
5613469.81,21120,0.077,4.076,4.153
5613474.13,21122,0.067,4.051,4.118
5613489.51,21121,0.086,4.235,4.321
5613520.9,21120,0.096,6.758,6.854
5613523.22,21122,0.999,5.118,6.117
5613532.42,21121,0.066,4.307,4.373
5613568.96,21120,0.181,4.315,4.496
5613581.5,21122,0.09,3.999,4.089
5613590.05,21121,0.076,6.217,6.293
5613617.4,21120,0.076,4.086,4.162
5613648.12,21122,0.087,4.006,4.093
5613653.84,21121,0.128,4.322,4.45
5613662.97,21120,0.073,4.015,4.088
5613667.14,21122,0.065,4.048,4.114
5613692.1,21121,1.135,5.922,7.057
5613698.9,21120,0.092,3.996,4.088
5613713.7,21122,0.06,4.075,4.135
5613732.05,21121,2.775,3.973,6.748
5613732.13,21120,0.295,4.028,4.323
5613742.3,21122,0.063,4.089,4.152
5613773.37,21121,0.172,4.073,4.245
5613778.65,21120,0.115,4.194,4.309
5613783.16,21122,0.089,4.144,4.233
5613796.45,21121,0.073,5.334,5.407
5613800.39,21120,0.082,4.265,4.347
5613839.25,21122,0.07,4.125,4.195
5613877.15,21121,0.08,4.021,4.101
5613926.06,21120,0.084,4.132,4.216
5613943.95,21122,0.074,4.13,4.204
5613950.24,21121,0.068,3.985,4.053
5613964.05,21120,1.581,3.978,5.559
5614004.29,21122,1.794,4.157,5.951
5614019.4,21121,0.074,4.097,4.171
5614031.3,21120,2.293,4.165,6.458
5614031.35,21122,1.263,4.16,5.423
5614035.52,21121,0.076,4.022,4.098
5614054.67,21120,0.065,4.001,4.066
5614059.21,21122,0.045,4.128,4.174
5614088.71,21121,0.054,4.034,4.088
5614102.94,21120,0.063,4.055,4.118
5614103.39,21122,0.07,4.008,4.078
5614115.32,21121,0.069,4.092,4.162
5614130.66,21120,1.756,4.589,6.345
5614135.57,21122,0.059,4.008,4.067
5614139.77,21121,0.055,4.086,4.141
5614150.15,21120,0.068,4.043,4.11
5614154.71,21122,0.068,4.022,4.09
5614173.24,21121,0.072,4.022,4.094
5614182.15,21120,2.024,4.089,6.113
5614202.72,21122,0.07,4.198,4.268
5614207.42,21121,0.071,4.16,4.231
5614230.14,21120,0.073,4.021,4.094
5614293.05,21122,0.111,4.043,4.154
5614299.97,21121,0.077,4.002,4.079
5614318.08,21120,1.188,3.994,5.182
5614369.97,21122,0.137,4.04,4.177
5614424.51,21121,0.096,4.354,4.45
5614430.08,21120,1.566,3.932,5.498
5614481.88,21122,0.091,4.024,4.115
5614517.28,21121,0.071,4.167,4.237
5614671.32,21120,1.542,6.118,7.66
5614769.53,21122,0.129,4.14,4.27
5614788.19,21121,0.119,3.997,4.116
5614869.55,21120,0.157,4.011,4.169
5614929.23,21122,0.127,3.979,4.106
5614934.73,21121,0.098,4.106,4.204
5614945.57,21120,1.163,7.525,8.688
5614956.96,21122,0.102,4.009,4.111
5614963.3,21121,0.108,4.138,4.245
5615179.66,21120,0.194,4.13,4.324
5615189.32,21122,0.109,4.024,4.133
5615279.32,21121,2.091,6.157,8.249
5615368.2,21120,0.121,4.013,4.134
5615374.11,21122,0.084,3.971,4.055
5615511.34,21121,0.123,3.958,4.08
5615550.33,21120,0.099,4.165,4.264
5615591.5,21122,0.097,4.071,4.168
5615655.75,21121,0.093,3.972,4.065
5615685.83,21120,0.092,4.133,4.226
5615704.2,21122,0.084,4.069,4.152
5615745.18,21121,0.095,5.021,5.116
5615868.77,21120,0.194,4.077,4.272
5615883.19,21122,0.128,3.995,4.122
5615898.98,21121,0.089,3.941,4.03
5615909.92,21120,0.067,4.063,4.13
5615958.79,21122,0.091,3.946,4.037
5616046.1,21121,2.043,4.002,6.045
5616048.23,21120,0.061,4.115,4.176
5616075.22,21122,0.082,3.937,4.019
5616094.21,21121,0.878,4.079,4.957
5616111.87,21120,0.08,4.108,4.188
5616119.92,21122,0.103,4.346,4.448
5616132.65,21121,1.621,4.333,5.954
5616177.57,21120,0.118,4.083,4.2
5616181.78,21122,0.074,4.05,4.124
5616188.03,21121,0.066,4.1,4.166
5616190.25,21120,0.892,4.193,5.085
5616226.07,21122,0.097,3.926,4.022
5616230.37,21121,0.08,4.041,4.12
5616260.22,21120,0.08,4.103,4.182
5616263.17,21122,0.062,4.063,4.125
5616275.51,21121,0.059,4.128,4.187
5616308.12,21120,0.072,3.885,3.956
5616316.17,21122,0.059,4.091,4.15
5616380.27,21121,0.134,7.884,8.019
5616381.4,21120,1.817,4.302,6.119
5616401.43,21122,0.072,4.022,4.094
5616418.24,21121,0.069,4.136,4.204
5616426.09,21120,1.92,4.031,5.951
5616436.81,21122,0.081,4.079,4.159
5616445.47,21121,0.057,3.999,4.055
5616455.61,21120,0.123,5.339,5.461
5616484.2,21122,0.081,4.078,4.159
5616508.01,21121,0.668,3.936,4.604
5616516.91,21122,2.059,6.066,8.125
5616517.15,21120,0.799,8.32,9.119
5616563.25,21121,0.085,4.017,4.102
5616570.26,21122,1.05,4.163,5.213
5616590.56,21120,0.078,4.034,4.112
5616674.84,21121,0.08,5.708,5.788
5616694.72,21120,0.051,6.06,6.111
5616695.22,21122,0.108,8.177,8.285
5616707.48,21121,0.066,3.945,4.011
5616736.34,21120,0.119,5.152,5.27
5616745.61,21122,0.072,5.927,5.999
5616760.36,21121,0.083,4.039,4.122
5616764.63,21120,0.094,4.087,4.181
5616774.19,21122,0.052,6.111,6.162
5616814.27,21121,0.068,3.979,4.047
5616823.57,21122,0.051,5.024,5.076
5616824.15,21121,0.054,4.062,4.116
5616825.97,21120,0.088,8.192,8.281
5616867.36,21122,0.151,6.113,6.264
5616887.23,21121,0.167,3.984,4.151
5616928.51,21120,0.176,6.057,6.232
5616963.84,21122,0.089,4.035,4.124
5616983.72,21121,0.074,3.941,4.015
5616992.19,21120,0.083,8.176,8.259
5616992.43,21122,2.017,6.374,8.391
5617000.44,21121,0.088,4.12,4.209
5617014.62,21120,0.073,4.044,4.118
5617116.15,21122,0.106,3.981,4.086
5617139.58,21121,0.079,3.991,4.07
5617165.05,21122,0.416,3.975,4.39
5617166.8,21120,0.081,7.142,7.223
5617182.32,21121,0.082,4.186,4.268
5617196.92,21122,0.078,3.91,3.988
5617250.4,21120,0.084,4.136,4.22
5617255.12,21121,0.063,4.456,4.52
5617259.46,21122,0.07,3.949,4.019
5617262.48,21120,0.068,4.035,4.103
5617287.18,21122,0.075,6.064,6.139
5617288.92,21121,0.059,4.301,4.36
5617297.1,21120,0.075,3.98,4.055
5617305.13,21122,2.351,4.059,6.409
5617354.82,21121,0.08,4.039,4.12
5617359.17,21120,0.067,4.03,4.097
5617380.21,21122,0.072,5.093,5.165
5617384.38,21121,0.069,4.01,4.078
5617434.48,21120,0.063,3.97,4.033
5617543.39,21122,0.126,4.086,4.212
5617553.19,21121,0.072,8.06,8.132
5617553.26,21120,1.975,4.237,6.212
5617558.59,21122,0.066,3.959,4.025
5617562.77,21121,0.054,4.061,4.116
5617569.97,21120,0.064,3.879,3.943
5617602.02,21122,0.072,3.904,3.975
5617624.66,21121,0.062,3.958,4.02
5617642.06,21120,0.075,3.879,3.954
5617678.35,21122,0.09,3.955,4.046
5617686.22,21121,0.917,4.149,5.066
5617687.8,21120,0.115,4.122,4.237
5617696.87,21122,0.073,4.086,4.159
5617705.08,21121,0.056,3.991,4.047
5617755.91,21120,0.077,4.066,4.142
5617761.3,21122,0.092,4.047,4.139
5617776.06,21121,0.069,4.061,4.13
5617782.02,21120,0.066,4.463,4.529
5617794.96,21122,0.061,4.032,4.093
5617823.6,21121,0.078,3.971,4.049
5617833.25,21120,0.064,4.01,4.075
5617837.44,21122,0.084,3.995,4.079
5617848.69,21121,0.11,4.0,4.11
5617851.19,21120,0.121,4.202,4.323
5617904.19,21121,0.133,3.971,4.104
5617905.9,21122,0.109,4.38,4.489
5617926.85,21120,0.145,4.023,4.168
5617931.22,21121,0.113,4.146,4.259
5617934.68,21122,0.102,3.987,4.089
5617973.73,21120,0.07,4.107,4.177
5617973.77,21121,1.736,4.797,6.533
5617987.13,21122,0.091,4.126,4.218
5617993.09,21120,0.067,3.982,4.049
5617999.12,21121,0.063,4.02,4.083
5618005.26,21122,0.082,4.279,4.36
5618012.25,21120,0.083,4.035,4.117
5618054.07,21121,0.068,3.961,4.029
5618069.26,21122,0.064,4.239,4.303
5618087.94,21120,0.075,4.007,4.082
5618094.23,21121,0.054,4.035,4.089
5618118.54,21122,1.344,4.146,5.49
5618170.38,21120,0.071,3.945,4.017
5618178.23,21121,0.054,4.137,4.191
5618200.17,21122,0.096,4.025,4.121
5618234.37,21120,0.072,4.086,4.158
5618242.82,21121,0.069,3.962,4.03
5618276.95,21122,0.069,4.072,4.141
5618285.65,21120,0.065,4.043,4.109
5618301.81,21121,0.06,3.951,4.011
5618319.03,21122,0.093,5.126,5.219
5618326.39,21120,0.07,3.971,4.041
5618330.07,21121,0.066,3.924,3.989
5618347.21,21120,0.055,6.005,6.06
5618347.61,21122,0.062,8.202,8.264
5618351.26,21121,0.057,4.165,4.222
5618418.03,21120,0.077,4.118,4.194
5618435.96,21122,0.132,5.974,6.106
5618468.09,21121,0.075,3.973,4.048
5618664.05,21120,2.035,3.957,5.992
5618691.2,21122,0.093,4.067,4.16
5618693.9,21121,0.069,3.989,4.058
5618712.36,21120,0.089,4.109,4.198
5618824.58,21122,0.182,3.994,4.175
5618865.57,21121,0.108,4.017,4.126
5618928.42,21120,0.11,4.238,4.349
5618989.87,21122,0.208,3.992,4.2
5619072.2,21121,0.172,3.944,4.116
5619124.72,21120,0.29,6.053,6.343
5619126.91,21122,2.964,4.799,7.762
5619135.37,21121,0.08,4.126,4.206
5619249.77,21120,0.135,4.02,4.155
5619367.07,21122,0.143,4.131,4.274
5619374.03,21121,0.092,3.87,3.962
5619428.2,21120,0.099,4.037,4.136
5619492.17,21122,0.099,4.02,4.119
5619510.2,21121,0.094,4.045,4.139
5619532.42,21120,0.114,4.045,4.16
5619590.16,21122,0.088,4.021,4.109
5619594.09,21121,0.073,4.027,4.1
5619666.14,21122,0.078,6.175,6.254
5619674.28,21120,0.064,4.046,4.11
5619683.33,21121,0.073,5.429,5.503
5619761.22,21122,0.093,4.081,4.174
5619786.51,21120,1.378,3.995,5.374
5619814.11,21121,0.085,4.269,4.354
5619825.75,21122,0.168,3.991,4.159
5619888.16,21120,0.078,4.03,4.108
5619930.82,21121,0.063,4.047,4.11
5619958.91,21122,0.083,4.481,4.564
5620010.52,21120,0.138,4.012,4.151
5620050.96,21121,0.12,4.111,4.232
5620055.29,21122,0.078,3.992,4.07
5620233.22,21120,0.122,4.029,4.15
5620339.24,21121,0.143,3.892,4.035
5620380.26,21122,2.652,4.205,6.857
5620427.14,21120,0.098,3.985,4.083
5620441.73,21121,0.109,3.976,4.084
5620490.25,21122,0.114,4.088,4.202
5620518.1,21120,0.097,4.203,4.3
5620529.07,21121,0.074,3.948,4.022
5620547.4,21122,0.232,5.112,5.344
5620558.18,21120,1.062,4.114,5.176
5620560.43,21121,0.109,4.165,4.274
5620591.95,21122,0.077,4.105,4.182
5620637.79,21120,0.084,6.085,6.169
5620674.06,21122,2.035,5.977,8.012
5620674.21,21121,2.07,8.106,10.176
5620852.57,21120,0.105,3.9,4.005
5620852.91,21122,0.06,4.068,4.128
5620953.73,21121,0.104,4.077,4.182
5620984.32,21120,0.11,7.397,7.508
5620988.93,21122,0.115,6.063,6.178
5621005.28,21121,0.087,4.137,4.224
5621091.87,21120,0.211,4.559,4.77
5621110.32,21122,0.121,4.119,4.24
5621120.01,21121,0.107,4.046,4.153
5621219.32,21120,0.166,4.062,4.228
5621255.03,21122,0.099,4.245,4.344
5621358.19,21121,2.057,4.056,6.114
5621381.39,21120,0.098,4.215,4.313
5621465.32,21122,0.109,4.139,4.248
5621492.43,21121,0.092,3.989,4.082
5621502.62,21120,0.065,4.112,4.178
5621556.13,21122,0.114,4.229,4.342
5621567.12,21121,3.208,4.031,7.239
5621577.53,21120,0.084,4.095,4.179
5621605.15,21122,0.077,4.031,4.109
5621618.04,21121,1.028,3.957,4.986
5621692.35,21120,0.123,3.982,4.104
5621901.83,21122,0.146,4.337,4.483
5622127.21,21121,0.17,3.949,4.119
5622145.89,21120,0.131,4.087,4.218
5622157.13,21122,0.078,3.996,4.074
5622188.35,21121,0.688,4.265,4.953
5622201.69,21120,0.084,4.027,4.11
5622256.21,21122,0.095,4.097,4.191
5622430.05,21121,1.45,3.931,5.381
5622462.93,21120,0.119,4.006,4.124
5622503.08,21122,0.099,4.051,4.15
5622516.29,21121,0.07,6.047,6.117
5622613.39,21120,0.164,4.034,4.198
5622640.54,21122,0.111,4.155,4.267
5622806.73,21121,0.122,4.075,4.197
5622819.64,21120,0.074,7.647,7.721
5622866.59,21122,0.093,4.231,4.323
5622873.08,21121,0.074,6.31,6.384
5622879.24,21120,0.058,4.235,4.293
5622986.21,21122,0.106,4.04,4.146
5623029.24,21121,0.114,4.061,4.175
5623037.21,21120,0.076,4.083,4.159
5623067.07,21122,0.092,3.994,4.086
5623094.97,21121,0.107,7.131,7.238
5623126.83,21120,0.15,4.118,4.269
5623164.15,21122,0.147,4.026,4.173
5623189.97,21120,0.059,4.068,4.127
5623190.15,21121,2.005,5.998,8.002
5623200.97,21122,0.071,4.124,4.195
5623241.74,21120,0.089,4.03,4.118
5623251.43,21121,0.074,3.92,3.994
5623255.34,21122,0.076,4.004,4.08
5623269.23,21121,0.076,4.134,4.21
5623274.32,21120,0.083,4.103,4.186
5623284.42,21122,0.07,4.035,4.105
5623310.19,21121,0.087,4.042,4.128
5623330.64,21120,0.144,5.839,5.983
5623353.18,21122,2.024,4.115,6.14
5623365.7,21121,0.081,4.655,4.736
5623384.13,21120,0.114,4.058,4.172
5623391.26,21122,0.071,4.048,4.119
5623399.75,21121,0.068,4.064,4.131
5623422.09,21120,0.081,4.12,4.2
5623434.06,21122,0.076,3.988,4.064
5623439.21,21121,0.074,4.105,4.179
5623455.12,21122,0.328,6.06,6.388
5623455.81,21120,0.066,8.177,8.243
5623485.57,21121,0.105,4.082,4.188
5623500.18,21122,0.09,5.043,5.133
5623599.03,21120,0.14,4.195,4.335
5623604.26,21121,0.94,4.106,5.046
5623613.82,21122,0.134,4.117,4.251
5623625.23,21120,0.079,4.1,4.178
5623630.0,21121,1.903,6.891,8.794
5623631.51,21122,0.063,4.404,4.467
5623654.81,21120,0.078,4.15,4.228
5623659.03,21121,0.065,4.078,4.143
5623665.07,21122,0.058,3.974,4.031
5623698.48,21120,0.06,3.988,4.048
5623712.67,21121,0.089,4.091,4.18
5623727.2,21122,2.342,8.063,10.405
5623727.29,21120,0.059,4.203,4.262
5623752.17,21122,0.058,4.157,4.214
5623752.69,21121,0.069,5.03,5.099
5623779.77,21120,0.073,4.051,4.124
5623784.01,21122,0.059,3.996,4.055
5623803.13,21121,0.078,4.201,4.279
5623823.2,21120,0.077,7.61,7.687
5623863.72,21122,0.092,4.111,4.204
5623870.28,21121,0.065,4.068,4.133
5623883.66,21120,0.086,4.152,4.238
5623893.2,21122,0.062,4.093,4.155
5623895.52,21121,0.052,4.136,4.188
5623915.56,21120,0.071,7.449,7.52
5623918.65,21122,0.047,8.012,8.059
5623922.31,21121,2.277,3.978,6.254
5623935.27,21122,0.655,7.181,7.835
5623937.67,21120,1.287,4.616,5.903
5623941.11,21121,1.74,4.033,5.773
5623946.29,21120,4.611,4.226,8.837
5623977.28,21122,0.063,4.251,4.313
5623979.61,21121,0.056,4.017,4.073
5623999.05,21120,0.804,3.947,4.751
5624050.45,21122,0.143,4.026,4.17
5624059.12,21121,0.096,3.952,4.048
5624063.87,21120,0.074,4.004,4.078
5624082.8,21122,0.067,3.976,4.043
5624089.43,21121,0.066,4.009,4.075
5624094.19,21120,0.115,4.038,4.153
5624109.19,21122,1.423,3.999,5.422
5624113.44,21121,0.088,4.094,4.182
5624129.59,21120,0.08,4.121,4.201
5624186.35,21122,0.162,3.917,4.079
5624225.28,21121,1.393,4.092,5.484
5624288.86,21120,0.12,4.039,4.159
5624310.98,21122,0.114,3.924,4.039
5624338.52,21121,0.166,6.133,6.299
5624378.15,21120,1.579,4.002,5.581
5624409.97,21122,0.088,4.058,4.146
5624414.86,21121,0.084,4.126,4.21
5624417.15,21120,0.069,4.059,4.128
5624426.26,21121,0.069,4.148,4.217
5624427.97,21122,0.05,4.108,4.158
5624442.41,21120,0.08,4.011,4.091
5624449.29,21121,1.772,4.23,6.002
5624451.19,21122,0.067,4.081,4.148
5624462.06,21120,0.053,3.972,4.025
5624556.14,21122,0.066,4.166,4.232
5624557.08,21121,0.105,6.252,6.357
5624560.45,21120,0.065,4.028,4.093
5624591.45,21121,0.073,5.961,6.034
5624623.21,21122,0.065,4.109,4.173
5624627.46,21120,0.05,4.111,4.161
5624648.16,21121,0.08,4.028,4.108
5624729.01,21122,0.078,4.178,4.256
5624887.18,21120,2.075,4.049,6.124
5625051.31,21121,0.1,3.956,4.056
5625058.18,21122,2.039,4.079,6.118
5625115.31,21120,0.103,4.079,4.182
5625133.18,21121,0.089,4.043,4.132
5625137.35,21122,0.073,3.984,4.056
5625159.76,21120,0.065,3.923,3.988
5625165.95,21121,0.066,4.133,4.199
5625243.23,21122,0.166,4.449,4.615
5625284.08,21120,0.127,3.97,4.098
5625369.62,21121,1.74,7.451,9.191
5625374.73,21122,0.094,4.066,4.16
5625417.19,21120,0.108,4.034,4.142
5625529.16,21121,0.109,3.982,4.091
5625651.44,21122,0.112,4.061,4.174
5625826.16,21120,0.111,3.992,4.103
5625848.1,21121,0.102,7.139,7.241
5625852.83,21122,0.09,4.099,4.189
5626021.32,21120,0.107,4.15,4.256
5626025.61,21121,0.424,4.13,4.553
5626047.06,21122,0.089,4.083,4.173
5626057.92,21120,0.065,4.02,4.086
5626239.55,21121,0.174,4.368,4.543
5626262.29,21122,0.151,4.055,4.206
5626296.08,21120,0.123,3.976,4.1
5626304.19,21121,0.073,4.059,4.132
5626378.73,21122,0.085,4.143,4.227
5626410.95,21120,0.1,3.962,4.062
5626437.38,21121,0.103,3.966,4.069
5626506.26,21122,0.088,4.112,4.199
5626539.13,21120,0.076,4.0,4.076
5626654.19,21121,0.114,4.009,4.123
5626797.24,21122,0.134,4.028,4.162
5626814.99,21120,0.11,4.006,4.116
5626866.61,21121,0.136,4.187,4.323
5626875.12,21122,0.078,3.989,4.067
5626895.25,21120,0.087,4.09,4.176
5626956.07,21121,0.105,6.154,6.26
5626963.19,21122,0.098,5.037,5.135
5627081.2,21120,2.065,4.08,6.145
5627257.61,21121,0.134,4.077,4.211
5627345.31,21122,0.137,4.094,4.231
5627352.98,21120,0.11,4.056,4.167
5627399.82,21121,0.14,4.042,4.181
5627510.88,21122,0.193,4.147,4.34
5627525.16,21120,0.095,4.013,4.107
5627531.16,21121,1.887,4.044,5.931
5627707.46,21122,0.101,4.124,4.225
5627780.23,21120,0.107,4.066,4.174
5627821.13,21121,1.657,3.991,5.648
5627855.06,21122,0.086,6.029,6.115
5627881.52,21120,0.154,4.049,4.204
5628059.21,21121,0.147,4.98,5.127
5628107.25,21122,0.13,4.053,4.183
5628126.1,21120,0.094,4.19,4.285
5628165.28,21121,2.164,4.06,6.224
5628197.07,21122,0.13,4.857,4.987
5628259.37,21120,0.096,4.211,4.307
5628269.95,21121,0.077,4.042,4.119
5628352.99,21122,0.196,5.714,5.91
5628357.27,21120,2.857,4.086,6.943
5628361.46,21121,0.074,4.001,4.075
5628396.19,21122,0.11,4.099,4.209
5628430.2,21120,0.075,4.064,4.139
5628434.83,21121,0.077,4.147,4.224
5628474.19,21122,0.084,4.054,4.138
5628519.16,21120,0.091,4.011,4.103
5628610.72,21121,0.115,3.966,4.081
5628698.48,21122,0.137,4.276,4.413
5628798.68,21120,0.121,4.077,4.198
5628820.25,21121,0.106,4.088,4.194
5628929.28,21122,0.102,4.114,4.216
5629037.38,21120,0.122,5.529,5.651
5629039.48,21121,0.07,4.005,4.075
5629045.17,21122,0.081,4.046,4.127
5629049.78,21120,0.066,4.103,4.169
5629130.18,21121,0.142,3.954,4.096
5629150.06,21122,0.149,4.099,4.248
5629163.38,21120,0.107,4.213,4.32
5629215.93,21121,0.106,4.562,4.668
5629238.69,21122,0.095,8.162,8.257
5629239.66,21120,0.054,6.555,6.609
5629350.13,21121,0.167,4.4,4.566
5629354.43,21122,0.118,5.748,5.866
5629438.26,21120,4.197,4.027,8.224
5629542.55,21121,0.128,3.963,4.091
5629581.18,21122,2.012,4.07,6.083
5629630.96,21120,0.137,5.946,6.082
5629693.19,21121,0.125,4.005,4.13
5629830.28,21122,0.103,4.111,4.214
5629886.77,21120,0.089,3.973,4.062
5630017.51,21121,0.104,4.341,4.445
5630044.22,21122,0.092,4.095,4.188
5630053.87,21120,0.09,3.958,4.048
5630078.36,21121,0.087,3.993,4.081
5630082.66,21122,0.096,3.994,4.09
5630087.2,21120,0.065,4.12,4.185
5630123.21,21121,0.101,4.052,4.153
5630145.09,21122,1.886,4.026,5.911
5630180.11,21120,1.055,4.028,5.083
5630187.67,21121,0.084,3.952,4.036
5630192.34,21122,0.076,4.033,4.109
5630215.68,21120,0.078,4.045,4.123
5630218.19,21121,0.058,4.09,4.148
5630270.84,21120,0.092,4.015,4.107
5630281.59,21122,0.125,6.93,7.055
5630300.33,21121,0.081,4.061,4.141
5630364.17,21120,0.084,5.044,5.128
5630373.89,21122,0.067,4.109,4.175
5630379.66,21121,0.072,3.921,3.993
5630390.2,21120,0.054,10.275,10.328
5630390.25,21122,0.058,7.016,7.074
5630398.71,21121,0.117,6.096,6.213
5630407.42,21120,1.029,4.323,5.352
5630418.53,21122,0.082,4.058,4.14
5630440.21,21121,0.144,4.007,4.151
5630455.07,21120,0.11,3.969,4.08
5630460.57,21122,0.073,4.069,4.143
5630462.12,21121,0.066,4.004,4.07
5630487.34,21120,0.064,6.115,6.179
5630501.09,21122,2.023,4.029,6.052
5630507.14,21121,0.066,4.03,4.097
5630530.45,21120,0.093,4.027,4.12
5630543.18,21122,0.064,3.932,3.995
5630556.11,21121,0.061,4.006,4.066
5630569.16,21120,0.078,4.049,4.126
5630584.75,21122,0.071,4.171,4.242
5630604.15,21121,0.079,3.964,4.043
5630630.46,21120,0.122,4.281,4.403
5630635.7,21122,0.08,4.011,4.091
5630666.04,21121,1.682,3.978,5.661
5630677.64,21120,0.093,6.955,7.048
5630681.03,21122,0.052,4.819,4.871
5630713.15,21121,1.406,4.019,5.425
5630721.0,21120,0.055,4.092,4.147
5630738.24,21122,0.064,4.182,4.246
5630749.9,21121,0.077,6.665,6.742
5630754.16,21120,0.077,4.033,4.11
5630763.03,21122,2.049,3.939,5.988
5630776.62,21121,0.064,4.016,4.08
5630872.25,21120,0.109,5.389,5.498
5630888.35,21122,0.086,4.21,4.296
5630906.55,21121,0.076,5.722,5.798
5630943.32,21120,0.084,4.899,4.983
5630948.35,21122,0.07,4.13,4.2
5630960.81,21121,0.068,4.182,4.25
5631080.79,21120,0.082,3.962,4.044
5631093.74,21122,0.068,4.121,4.189
5631132.06,21121,0.076,3.931,4.007
5631146.28,21120,0.066,4.053,4.119
5631152.37,21122,0.058,3.973,4.031
5631156.47,21121,0.055,3.985,4.04
5631157.95,21120,0.048,4.191,4.239
5631188.41,21122,0.068,4.018,4.085
5631194.88,21121,0.059,3.961,4.02
5631210.22,21120,0.078,4.095,4.173
5631232.56,21122,0.068,3.956,4.024
5631243.48,21121,0.058,6.279,6.337
5631245.92,21120,0.071,4.115,4.186
5631316.05,21122,0.075,4.338,4.413
5631358.9,21121,0.089,4.052,4.141
5631389.63,21120,0.09,4.12,4.21
5631409.22,21122,0.101,3.982,4.083
5631426.14,21121,2.042,4.001,6.044
5631452.6,21120,0.134,4.071,4.205
5631477.47,21122,0.128,4.1,4.228
5631524.13,21121,1.079,3.98,5.059
5631605.28,21120,0.132,4.14,4.272
5631709.18,21122,0.139,3.974,4.113
5631723.27,21121,0.087,3.955,4.042
5631737.21,21120,3.086,4.073,7.159
5631844.49,21122,0.081,4.348,4.43
5632054.27,21121,0.172,3.996,4.168
5632191.85,21120,0.139,4.043,4.182
5632195.26,21122,0.124,4.073,4.198
5632204.17,21121,0.085,4.031,4.115
5632212.23,21120,1.877,6.111,7.988
5632215.1,21122,0.054,4.008,4.062
5632221.16,21120,0.061,4.048,4.109
5632232.7,21121,0.055,4.038,4.094
5632260.26,21122,0.074,4.225,4.299
5632264.18,21120,0.143,4.195,4.338
5632283.33,21121,0.072,4.06,4.132
5632338.16,21122,0.714,4.063,4.778
5632456.37,21120,0.111,4.197,4.308
5632483.22,21121,0.11,4.036,4.146
5632497.57,21122,0.11,4.378,4.488
5632598.15,21120,1.669,4.016,5.684
5632644.34,21121,0.122,4.142,4.264
5632859.95,21122,0.151,3.992,4.143
5632909.28,21120,0.12,4.081,4.201
5632920.07,21121,0.079,4.167,4.246
5632924.41,21122,0.063,4.085,4.148
5632944.29,21120,0.753,4.17,4.923
5632990.24,21121,0.09,4.087,4.177
5633113.08,21122,0.113,4.043,4.156
5633191.36,21120,0.404,6.257,6.661
5633198.32,21121,0.091,4.162,4.254
5633275.12,21122,0.1,4.236,4.336
5633328.15,21120,3.036,5.057,8.092
5633397.87,21121,0.104,4.071,4.175
5633418.65,21122,0.114,4.372,4.486
5633465.06,21120,1.682,4.14,5.822
5633515.11,21121,2.493,3.981,6.474
5633829.23,21122,0.131,4.017,4.148
5633834.09,21120,0.113,3.915,4.028
5633839.28,21121,0.118,4.038,4.156
5633861.5,21122,0.102,4.032,4.134
5633915.22,21120,0.094,4.066,4.159
5633924.17,21121,0.084,4.31,4.394
5634085.11,21122,0.147,4.116,4.263
5634102.95,21120,0.112,4.138,4.25
5634131.27,21121,0.116,4.092,4.208
5634136.09,21122,0.079,4.001,4.08
5634233.8,21120,0.128,4.053,4.18
5634317.3,21121,0.114,4.068,4.182
5634366.37,21122,0.134,4.054,4.188
5634439.17,21120,0.109,3.996,4.105
5634471.64,21121,0.101,5.605,5.706
5634502.59,21122,0.109,4.038,4.147
5634510.37,21120,0.08,4.223,4.303
5634707.78,21121,0.152,3.992,4.144
5634712.16,21122,0.085,4.012,4.097
5634752.32,21120,0.123,4.131,4.254
5634795.22,21121,0.095,4.063,4.158
5634834.99,21122,0.094,4.095,4.189
5634836.89,21120,0.088,5.018,5.106
5634874.12,21121,2.06,4.012,6.072
5634941.12,21122,1.636,4.03,5.666
5635029.37,21120,0.13,4.221,4.35
5635077.57,21121,0.177,4.182,4.36
5635186.19,21122,2.079,4.044,6.124
5635190.06,21120,0.078,5.794,5.871
5635194.15,21121,0.057,3.965,4.022
5635371.32,21122,0.116,4.138,4.254
5635373.39,21120,0.077,4.25,4.327
5635412.47,21121,0.093,4.102,4.195
5635469.44,21122,4.507,4.296,8.804
5635513.37,21120,0.093,4.213,4.305
5635531.15,21121,0.089,4.001,4.091
5635535.45,21122,0.071,4.118,4.188
5635568.33,21120,0.075,4.09,4.164
5635572.43,21121,0.057,3.975,4.032
5635580.43,21122,0.063,3.942,4.005
5635675.22,21120,0.146,3.999,4.145
5635685.14,21121,0.084,4.007,4.091
5635707.12,21122,1.41,4.015,5.425
5635821.97,21120,0.092,4.332,4.424
5635828.05,21121,0.07,3.944,4.015
5635895.1,21122,1.212,4.002,5.213
5635897.36,21120,0.071,4.003,4.074
5635908.22,21122,1.034,4.145,5.178
5635909.3,21121,0.066,4.124,4.189
5635920.45,21120,0.073,4.022,4.095
5635940.46,21122,0.093,4.143,4.237
5635946.13,21121,0.076,4.009,4.086
5636004.89,21120,0.128,4.001,4.129
5636009.3,21122,0.102,4.155,4.257
5636044.45,21121,0.109,4.112,4.221
5636051.55,21120,0.539,6.923,7.462
5636073.7,21122,0.085,4.116,4.201
5636089.06,21121,1.939,3.951,5.89
5636112.48,21120,0.079,4.126,4.204
5636116.57,21122,0.07,4.456,4.526
5636158.39,21121,0.084,4.187,4.271
5636178.17,21120,0.117,4.083,4.2
5636241.34,21122,0.165,4.056,4.221
5636253.87,21121,0.105,4.068,4.173
5636281.92,21120,0.111,4.006,4.118
5636296.26,21122,0.09,4.201,4.291
5636317.38,21121,0.074,4.084,4.158
5636340.24,21122,0.084,4.084,4.168
5636338.63,21120,0.095,4.44,4.535
5636400.29,21121,0.079,4.156,4.236
5636442.24,21122,2.029,5.158,7.187
5636447.13,21120,0.069,4.137,4.206
5636458.03,21121,0.054,3.944,3.998
5636470.79,21122,0.056,4.041,4.097
5636472.28,21120,0.05,4.187,4.237
5636496.16,21121,0.074,4.042,4.116
5636565.1,21122,0.083,3.973,4.056
5636593.79,21120,0.065,4.125,4.19
5636626.25,21121,0.075,4.125,4.2
5636631.99,21122,1.604,3.917,5.521
5636637.76,21120,0.051,4.136,4.187
5636651.48,21121,0.072,4.11,4.182
5636656.5,21122,0.063,4.258,4.321
5636660.88,21120,0.07,5.851,5.921
5636672.48,21122,1.635,4.369,6.004
5636674.03,21121,0.061,4.11,4.17
5636686.83,21120,0.088,4.011,4.099
5636704.29,21122,0.097,4.126,4.223
5636713.38,21121,0.107,3.985,4.092
5636732.18,21120,0.082,4.045,4.126
5636745.21,21122,0.076,4.088,4.164
5636751.44,21121,0.317,6.065,6.382
5636760.96,21120,0.057,6.081,6.138
5636766.89,21122,0.053,4.019,4.072
5636774.76,21121,0.073,7.738,7.812
5636775.26,21120,0.06,4.772,4.832
5636813.24,21122,0.067,4.032,4.099
5636824.66,21121,0.087,3.978,4.065
5636872.06,21120,0.077,3.937,4.014
5636884.99,21122,0.053,3.969,4.022
5636891.2,21121,0.065,6.07,6.135
5636892.3,21120,0.948,5.202,6.15
5636900.65,21122,0.074,4.062,4.136
5636950.66,21121,0.088,4.062,4.15
5636959.24,21120,2.023,4.173,6.195
5636963.83,21122,0.073,4.05,4.124
5636968.07,21121,0.088,4.059,4.148
5636977.87,21120,0.077,5.364,5.441
5637014.1,21122,0.117,4.597,4.714
5637015.66,21121,0.104,4.12,4.224
5637021.95,21120,0.1,5.882,5.981
5637049.29,21122,0.096,5.123,5.219
5637056.04,21121,0.068,3.993,4.062
5637088.13,21121,0.044,4.042,4.086
5637088.14,21122,1.034,6.068,7.101
5637088.34,21120,1.921,8.275,10.196
5637092.28,21121,0.055,3.997,4.052
5637127.23,21120,0.097,4.208,4.305
5637139.29,21122,0.068,4.183,4.251
5637145.1,21121,0.062,3.961,4.023
5637171.31,21120,0.099,3.962,4.061
5637186.21,21122,1.718,4.106,5.825
5637205.17,21121,0.08,3.984,4.064
5637215.27,21120,0.064,4.055,4.119
5637231.24,21122,0.066,4.13,4.196
5637246.72,21121,0.064,4.039,4.104
5637285.5,21120,0.081,3.948,4.029
5637297.27,21122,0.064,4.165,4.229
5637298.54,21121,0.095,4.15,4.245
5637309.69,21120,0.091,4.114,4.206
5637322.16,21122,1.562,3.997,5.558
5637332.22,21121,0.069,4.106,4.175
5637349.92,21120,0.08,4.017,4.098
5637354.23,21122,0.055,4.087,4.142
5637503.37,21121,0.166,6.129,6.295
5637513.46,21120,0.091,4.053,4.143
5637517.66,21122,0.076,4.054,4.13
5637528.91,21121,0.078,4.059,4.137
5637554.05,21120,0.088,4.147,4.235
5637562.16,21122,2.06,4.057,6.117
5637564.73,21121,0.074,4.486,4.56
5637592.18,21120,0.11,4.011,4.121
5637721.18,21122,2.106,4.986,7.092
5637754.9,21121,0.13,4.095,4.225
5637794.17,21120,1.646,4.025,5.67
5637969.89,21122,0.131,4.013,4.144
5637982.01,21121,0.108,4.246,4.354
5638084.81,21120,0.144,3.963,4.107
5638137.79,21122,0.124,4.057,4.181
5638192.32,21121,0.185,4.058,4.242
5638208.73,21120,0.089,4.035,4.124
5638224.61,21122,0.088,4.973,5.061
5638225.21,21121,0.059,4.105,4.164
5638248.08,21120,0.918,4.115,5.032
5638252.6,21122,0.07,4.344,4.414
5638253.26,21121,0.056,4.148,4.204
5638343.17,21120,2.067,4.051,6.118
5638422.97,21122,0.103,4.13,4.234
5638472.91,21121,0.094,4.136,4.231
5638503.27,21120,0.088,4.016,4.105
5638539.05,21122,0.081,3.908,3.989
5638570.55,21121,0.083,4.107,4.19
5638728.42,21120,0.117,3.992,4.108
5638784.22,21122,1.439,4.088,5.527
5638787.19,21121,0.098,4.147,4.244
5638812.22,21122,0.082,4.088,4.17
5638826.08,21120,0.085,4.034,4.119
5638844.24,21121,0.084,4.11,4.194
5638977.62,21122,0.103,3.969,4.072
5639040.64,21120,0.116,3.973,4.089
5639057.52,21121,0.097,4.113,4.21
5639078.96,21122,0.086,4.538,4.624
5639192.26,21120,0.15,4.009,4.159
5639274.78,21121,0.171,4.049,4.22
5639287.28,21122,2.165,4.131,6.296
5639338.12,21120,0.122,4.083,4.205
5639344.34,21121,0.085,6.028,6.113
5639388.66,21122,0.204,4.164,4.367
5639395.95,21120,0.075,3.933,4.008
5639446.09,21121,1.032,4.008,5.04
5639626.48,21122,0.127,4.114,4.242
5639650.79,21120,0.1,4.18,4.279
5639678.26,21121,1.074,4.108,5.183
5639740.51,21122,0.116,4.187,4.303
5639749.9,21120,0.082,3.998,4.08
5639774.13,21121,0.091,4.361,4.452
5639780.24,21122,0.074,4.068,4.142
5639805.86,21120,0.164,4.412,4.576
5639816.18,21121,0.111,4.143,4.254
5639862.74,21122,0.093,4.218,4.312
5639871.6,21120,0.073,4.107,4.18
5639945.18,21121,0.893,4.057,4.95
5640205.35,21122,0.151,4.115,4.265
5640229.64,21120,0.107,4.026,4.133
5640248.1,21121,2.456,3.965,6.421
5640430.93,21122,0.162,4.19,4.351
5640470.15,21120,0.161,3.924,4.086
5640486.12,21121,1.477,4.001,5.479
5640488.21,21122,2.244,4.055,6.298
5640510.29,21120,0.159,4.163,4.322
5640568.56,21121,0.137,4.096,4.233
5640585.26,21122,0.12,4.081,4.201
5640590.49,21120,0.087,4.057,4.145
5640594.87,21121,0.065,4.097,4.162
5640599.96,21122,0.062,4.093,4.155
5640622.07,21120,0.063,4.011,4.074
5640626.78,21121,0.056,4.023,4.079
5640644.27,21122,0.103,4.024,4.128
5640668.11,21120,0.069,4.001,4.07
5640676.15,21121,1.061,4.046,5.107
5640678.17,21122,0.114,6.019,6.133
5640689.03,21120,0.063,4.21,4.273
5640698.31,21121,1.018,4.249,5.268
5640709.61,21122,0.071,4.231,4.301
5640725.41,21120,0.076,3.944,4.019
5640732.76,21121,2.089,4.735,6.824
5640760.08,21120,2.031,5.934,7.964
5640760.49,21122,2.179,8.168,10.347
5640764.62,21121,0.093,4.071,4.163
5640767.83,21122,0.101,4.43,4.531
5640814.04,21121,1.455,3.964,5.419
5640814.27,21120,0.242,4.138,4.38
5640850.99,21122,0.28,4.149,4.429
5640866.09,21121,1.042,3.983,5.025
5640917.66,21120,0.105,4.23,4.335
5640963.09,21122,0.119,4.014,4.133
5640977.17,21121,0.105,6.006,6.111
5640980.8,21120,0.065,4.14,4.206
5641015.61,21121,0.086,4.983,5.07
5641045.4,21122,0.083,4.019,4.102
5641086.15,21120,0.086,4.044,4.13
5641090.25,21121,0.07,3.957,4.026
5641182.43,21122,0.076,6.263,6.339
5641184.67,21120,0.711,4.541,5.252
5641186.5,21121,0.134,4.152,4.286
5641202.32,21122,0.186,4.045,4.231
5641218.27,21120,0.124,4.083,4.206
5641233.8,21121,0.111,4.126,4.237
5641248.26,21122,0.085,6.009,6.094
5641251.43,21120,0.055,5.331,5.386
5641308.83,21121,0.097,4.159,4.257
5641340.86,21122,0.107,7.915,8.022
5641341.07,21120,0.049,6.917,6.966
5641355.14,21121,0.064,4.067,4.132
5641360.65,21122,1.555,3.864,5.42
5641371.13,21120,0.058,4.111,4.169
5641407.22,21121,0.095,6.017,6.112
5641415.31,21122,0.096,5.167,5.263
5641448.01,21120,0.063,4.024,4.087
5641470.15,21121,2.056,6.052,8.108
5641474.08,21122,0.06,3.973,4.033
5641507.92,21121,0.074,3.969,4.043
5641522.32,21120,0.098,4.068,4.167
5641531.04,21122,0.063,3.982,4.045
5641564.45,21121,0.127,6.012,6.139
5641572.92,21122,0.645,6.204,6.849
5641573.44,21120,0.063,8.851,8.914
5641585.37,21121,0.075,4.147,4.222
5641591.14,21122,0.054,4.018,4.072
5641636.82,21120,0.105,3.997,4.102
5641645.38,21121,0.082,4.063,4.145
5641666.2,21122,0.069,4.082,4.151
5641685.92,21120,0.092,5.762,5.854
5641703.25,21121,0.099,4.102,4.201
5641713.27,21122,0.074,4.149,4.223
5641721.2,21120,0.061,4.104,4.165
5641730.6,21121,0.096,4.109,4.205
5641736.13,21122,0.08,4.013,4.093
5641813.98,21120,0.088,7.877,7.965
5641814.33,21121,0.065,5.088,5.153
5641851.11,21122,3.07,4.003,7.073
5641901.73,21121,0.193,4.019,4.212
5641913.33,21120,0.086,8.19,8.275
5641913.45,21122,0.062,4.474,4.537
5641925.74,21121,0.069,4.077,4.146
5641930.1,21120,0.064,4.083,4.146
5641958.55,21122,0.106,6.396,6.502
5641960.31,21121,0.057,4.644,4.702
5642003.3,21120,0.117,6.119,6.236
5642021.55,21122,0.133,5.341,5.474
5642030.88,21121,0.104,6.7,6.804
5642032.68,21120,0.203,4.978,5.181
5642052.37,21122,0.111,4.124,4.234
5642090.92,21121,0.081,5.544,5.625
5642096.14,21120,1.065,4.049,5.114
5642110.17,21122,0.066,4.06,4.126
5642149.13,21121,0.108,4.049,4.157
5642164.24,21120,0.083,4.09,4.173
5642200.14,21122,0.094,4.248,4.342
5642218.26,21121,0.093,4.139,4.232
5642222.68,21120,0.069,4.105,4.173
5642239.31,21122,0.076,3.989,4.066
5642243.72,21121,0.064,4.109,4.173
5642248.12,21120,0.059,4.115,4.173
5642276.12,21122,1.636,4.02,5.656
5642296.1,21121,2.009,4.037,6.046
5642341.25,21120,1.739,8.154,9.893
5642341.45,21122,3.209,6.386,9.595
5642362.0,21121,0.066,4.048,4.113
5642384.5,21120,0.157,8.297,8.454
5642384.68,21122,0.046,6.6,6.646
5642403.06,21120,0.046,5.974,6.02
5642403.4,21121,0.066,8.085,8.151
5642408.56,21122,0.072,4.141,4.213
5642450.17,21121,0.046,10.453,10.5
5642450.29,21120,0.069,11.995,12.065
5642450.72,21122,0.046,5.366,5.413
5642479.39,21121,0.066,4.032,4.098
5642489.9,21120,0.07,6.097,6.167
5642513.33,21122,0.084,4.062,4.146
5642576.21,21121,0.095,3.927,4.022
5642616.06,21120,0.086,4.079,4.166
5642623.13,21122,0.091,4.086,4.177
5642628.23,21121,0.065,3.97,4.034
5642632.53,21120,0.075,4.023,4.097
5642725.31,21122,0.195,4.065,4.26
5642741.19,21121,0.065,4.086,4.151
5642769.8,21120,0.087,3.978,4.065
5642934.46,21122,0.153,4.207,4.36
5643066.25,21121,0.151,4.083,4.234
5643082.52,21120,0.123,4.003,4.126
5643151.18,21122,1.841,4.003,5.845
5643155.65,21121,0.077,4.296,4.373
5643184.15,21120,2.084,4.053,6.137
5643185.78,21122,0.069,4.05,4.12
5643232.8,21121,0.113,4.093,4.205
5643345.45,21120,0.121,4.128,4.249
5643374.22,21122,1.839,4.075,5.913
5643413.69,21121,0.09,4.081,4.17
5643472.18,21120,0.086,4.219,4.305
5643523.63,21122,0.087,4.227,4.314
5643576.68,21121,0.107,3.999,4.106
5643600.86,21120,0.083,6.024,6.107
5643602.63,21122,0.089,4.109,4.198
5643649.67,21121,0.112,6.321,6.433
5643668.12,21120,0.094,3.973,4.066
5643705.36,21122,1.758,4.146,5.903
5643711.41,21121,1.167,4.297,5.464
5643722.51,21120,0.077,3.997,4.075
5643743.73,21122,0.111,6.019,6.129
5643763.28,21121,0.098,4.132,4.229
5643788.12,21120,0.058,4.026,4.085
5643899.87,21122,0.098,3.973,4.071
5643912.0,21121,0.074,4.15,4.224
5643918.46,21120,0.257,4.121,4.378
5643965.99,21122,0.178,6.618,6.796
5643967.78,21121,0.07,6.186,6.257
5643971.31,21120,0.112,4.289,4.401
5643982.56,21121,0.125,4.013,4.138
5643986.8,21122,0.077,4.075,4.152
5643987.8,21120,0.074,4.067,4.141
5644002.11,21121,0.07,4.001,4.071
5644011.14,21120,0.075,4.017,4.091
5644069.91,21122,0.097,4.131,4.228
5644099.61,21121,0.081,4.06,4.141
5644104.59,21120,0.071,4.025,4.096
5644110.36,21122,0.096,4.103,4.198
5644111.41,21121,0.051,4.009,4.06
5644127.03,21120,0.058,3.964,4.022
5644142.18,21122,0.079,3.968,4.047
5644146.13,21121,0.073,4.054,4.127
5644154.19,21122,0.088,4.424,4.513
5644162.05,21120,0.828,4.058,4.886
5644210.21,21121,0.072,4.097,4.169
5644214.24,21122,0.06,4.137,4.197
5644236.68,21121,0.125,4.136,4.261
5644254.23,21120,0.098,4.083,4.182
5644260.06,21122,0.066,5.679,5.746
5644330.13,21121,0.089,3.994,4.083
5644337.75,21120,0.09,4.18,4.27
5644361.26,21122,0.111,4.14,4.251
5644402.09,21121,0.138,3.906,4.043
5644438.64,21120,0.078,3.997,4.076
5644443.06,21122,0.075,4.127,4.202
5644447.25,21121,0.065,3.928,3.993
5644475.18,21120,0.074,4.059,4.133
5644482.71,21122,0.068,3.938,4.007
5644498.84,21121,0.064,3.988,4.053
5644525.15,21120,3.591,4.087,7.678
5644538.96,21122,1.539,3.973,5.512
5644564.08,21121,0.079,3.973,4.052
5644569.25,21120,0.082,4.35,4.432
5644573.49,21122,0.113,4.06,4.173
5644578.87,21121,0.059,5.011,5.07
5644588.11,21120,0.069,4.007,4.076
5644595.08,21122,0.061,3.98,4.041
5644603.19,21120,2.523,4.074,6.596
5644603.42,21121,2.628,4.311,6.939
5644607.4,21122,0.061,4.088,4.15
5644615.18,21121,0.059,5.064,5.123
5644616.84,21120,0.052,4.168,4.22
5644622.65,21122,0.053,4.035,4.088
5644663.96,21121,0.084,4.16,4.244
5644665.82,21120,0.047,4.09,4.137
5644728.0,21121,0.832,3.913,4.745
5644754.68,21122,0.089,4.036,4.125
5644785.26,21120,0.077,4.133,4.209
5644791.02,21121,0.06,5.633,5.694
5644809.91,21122,0.091,4.175,4.266
5644823.25,21120,0.082,4.269,4.351
5644836.59,21121,0.105,6.404,6.509
5644867.03,21122,0.087,7.119,7.206
5644870.63,21120,1.913,6.534,8.446
5644883.14,21121,0.074,4.021,4.095
5644885.15,21122,0.052,4.022,4.073
5644893.31,21120,0.065,4.109,4.173
5644912.35,21121,0.079,4.129,4.208
5644932.73,21122,0.082,4.201,4.284
5644937.36,21120,0.076,4.211,4.286
5644941.77,21121,0.077,4.092,4.169
5644956.17,21122,0.066,4.06,4.126
5644960.3,21120,0.054,4.012,4.066
5644972.11,21121,0.076,3.995,4.072
5644986.12,21122,0.073,6.129,6.202
5644988.35,21120,0.055,4.26,4.315
5645009.35,21122,0.09,4.02,4.11
5645010.33,21121,0.204,5.928,6.132
5645024.67,21120,0.125,4.166,4.29
5645058.23,21122,0.111,4.054,4.165
5645066.63,21121,0.079,6.02,6.099
5645096.36,21120,0.077,4.067,4.144
5645101.04,21122,0.067,4.204,4.272
5645110.17,21121,0.075,4.06,4.134
5645123.26,21120,0.07,4.138,4.209
5645127.36,21122,0.333,3.998,4.33
5645146.46,21121,1.939,4.371,6.309
5645195.29,21120,0.124,4.051,4.176
5645207.1,21122,0.125,4.095,4.22
5645214.5,21121,0.08,5.894,5.974
5645256.07,21120,0.083,3.935,4.019
5645262.09,21122,2.074,4.012,6.086
5645279.99,21121,0.088,4.062,4.15
5645395.36,21120,0.181,5.734,5.916
5645429.01,21122,0.102,4.03,4.132
5645450.33,21121,1.635,4.196,5.831
5645470.2,21120,0.07,4.084,4.154
5645478.13,21122,1.951,3.99,5.941
5645489.6,21121,0.073,4.08,4.153
5645492.47,21120,0.057,4.118,4.174
5645497.39,21122,0.077,7.226,7.303
5645498.4,21121,0.541,5.806,6.347
5645501.11,21120,0.044,4.033,4.076
5645512.52,21121,0.064,4.079,4.143
5645541.18,21122,0.073,4.035,4.108
5645556.15,21120,0.983,4.043,5.025
5645556.96,21121,0.08,4.127,4.207
5645584.86,21122,0.07,4.064,4.135
5645620.15,21120,0.978,4.024,5.002
5645641.21,21122,0.082,8.242,8.324
5645641.66,21121,2.494,6.62,9.113
5645654.64,21120,0.131,4.137,4.268
5645661.38,21122,3.106,4.232,7.338
5645668.15,21121,0.85,4.068,4.918
5645698.02,21120,1.127,3.916,5.043
5645726.17,21122,2.155,4.106,6.26
5645748.71,21121,0.077,4.072,4.149
5645791.63,21120,0.093,4.07,4.163
5645835.78,21122,0.07,4.201,4.271
5645874.06,21121,0.081,4.066,4.148
5645898.94,21120,0.068,4.075,4.143
5645906.04,21122,0.055,6.162,6.217
5645910.86,21121,0.089,4.605,4.694
5645949.41,21120,0.066,4.134,4.2
5645991.24,21122,0.082,4.108,4.19
5646004.3,21121,0.107,4.166,4.273
5646008.79,21120,0.067,4.214,4.281
5646034.47,21122,0.072,6.547,6.62
5646044.13,21121,0.087,4.349,4.436
5646066.95,21120,0.179,4.068,4.247
5646091.79,21122,0.101,4.17,4.271
5646098.19,21121,0.081,4.061,4.142
5646113.97,21120,0.082,4.113,4.196
5646190.82,21122,0.11,4.106,4.216
5646198.38,21121,0.07,4.144,4.214
5646219.26,21120,0.087,4.126,4.213
5646225.3,21122,0.06,4.087,4.147
5646234.22,21121,0.064,4.014,4.077
5646268.03,21120,0.085,4.099,4.183
5646273.06,21122,0.07,4.118,4.188
5646307.01,21121,0.074,4.187,4.261
5646314.93,21120,0.058,4.098,4.156
5646360.48,21122,0.085,4.08,4.166
5646366.1,21121,0.067,4.256,4.323
5646371.2,21120,0.056,4.108,4.164
5646391.83,21122,0.077,4.128,4.205
5646399.41,21121,0.096,4.06,4.155
5646462.81,21120,0.072,4.106,4.178
5646568.93,21122,0.085,4.16,4.245
5646623.37,21121,0.176,4.118,4.294
5646681.84,21120,0.087,4.294,4.381
5646714.28,21122,0.084,4.141,4.224
5646737.25,21121,0.078,4.122,4.2
5646744.72,21120,0.064,4.043,4.106
5646763.88,21122,0.079,4.158,4.238
5646779.17,21121,0.091,4.091,4.182
5646796.33,21120,0.081,4.156,4.236
5646830.21,21122,0.073,4.182,4.255
5646834.69,21121,0.062,4.199,4.261
5646900.97,21120,0.076,4.186,4.262
5646937.89,21122,0.088,4.12,4.208
5647012.71,21121,0.11,4.239,4.35
5647132.67,21120,0.254,4.327,4.581
5647191.76,21122,0.136,6.183,6.319
5647215.8,21121,0.099,4.198,4.297
5647237.9,21120,0.07,4.047,4.117
5647253.18,21122,0.058,4.08,4.137
5647305.46,21121,0.098,4.295,4.393
5647321.02,21120,0.073,4.096,4.169
5647369.82,21122,0.09,4.02,4.11
5647391.89,21121,0.076,4.094,4.169
5647396.92,21120,0.085,4.136,4.222
5647416.19,21122,0.082,4.743,4.825
5647505.14,21121,0.087,4.006,4.093
5647634.52,21120,0.144,3.981,4.125
5647726.53,21122,0.156,4.07,4.227
5647784.32,21121,0.137,4.009,4.145
5647803.62,21120,0.115,3.984,4.099
5647845.25,21122,2.099,4.094,6.193
5647929.09,21121,0.115,4.151,4.266
5647963.4,21120,0.126,4.018,4.144
5648027.29,21122,1.548,4.13,5.679
5648056.5,21121,0.092,4.149,4.241
5648259.04,21120,2.032,3.913,5.945
5648271.38,21122,0.128,4.751,4.879
5648345.65,21121,0.144,3.955,4.099
5648406.96,21120,0.129,3.986,4.114
5648449.42,21122,0.12,6.028,6.148
5648467.13,21121,2.229,3.986,6.215
5648513.44,21120,0.097,3.94,4.037
5648519.42,21122,0.104,3.963,4.067
5648526.01,21121,0.075,4.059,4.133
5648662.07,21120,0.102,3.903,4.005
5648667.93,21122,0.059,4.267,4.326
5648673.77,21121,1.563,4.169,5.732
5648716.12,21120,1.039,4.043,5.082
5648768.7,21122,0.094,3.98,4.074
5648834.04,21121,0.083,4.225,4.308
5648879.83,21120,0.092,3.878,3.969
5648970.18,21122,0.089,4.186,4.276
5648975.27,21121,0.063,4.051,4.114
5649009.54,21120,2.358,4.123,6.481
5649026.29,21122,0.069,5.656,5.725
5649030.37,21121,0.057,3.959,4.016
5649071.3,21120,0.136,4.078,4.214
5649099.35,21122,0.124,4.045,4.169
5649103.68,21121,0.076,4.057,4.133
5649152.53,21120,0.088,3.989,4.077
5649168.18,21122,0.09,4.034,4.124
5649172.55,21121,0.069,4.066,4.135
5649176.82,21120,0.062,3.992,4.054
5649182.44,21122,1.438,4.301,5.739
5649201.43,21121,0.187,4.136,4.323
5649210.14,21120,0.095,3.982,4.078
5649223.11,21121,0.665,6.011,6.677
5649223.32,21122,0.068,8.056,8.124
5649272.22,21120,0.076,4.089,4.165
5649282.27,21121,0.109,7.987,8.096
5649282.46,21122,0.079,4.337,4.416
5649296.18,21120,0.075,4.049,4.124
5649305.22,21121,0.067,4.112,4.178
5649311.05,21122,0.061,3.953,4.013
5649317.27,21120,0.053,4.157,4.21
5649347.03,21121,2.131,5.916,8.047
5649347.12,21122,1.928,6.044,7.972
5649364.03,21120,0.067,3.912,3.979
5649370.02,21121,1.9,3.947,5.848
5649375.69,21122,0.618,4.049,4.666
5649442.4,21120,0.103,4.077,4.18
5649465.18,21121,0.088,4.046,4.133
5649469.37,21122,0.077,4.023,4.1
5649486.98,21120,0.072,3.954,4.026
5649493.08,21121,0.075,4.477,4.552
5649531.04,21122,0.083,3.895,3.978
5649556.36,21120,0.078,4.234,4.311
5649575.78,21121,0.103,4.109,4.213
5649631.24,21122,0.09,3.959,4.049
5649636.49,21120,0.072,3.867,3.938
5649665.25,21121,0.118,6.088,6.206
5649697.28,21122,0.09,3.977,4.067
5649702.43,21120,0.065,4.846,4.91
5649707.83,21121,0.068,4.115,4.183
5649730.04,21122,0.131,4.215,4.346
5649768.18,21120,2.055,4.048,6.103
5649816.73,21121,0.099,4.136,4.236
5649836.18,21122,0.078,4.048,4.126
5649860.15,21120,0.072,4.071,4.143
5649864.66,21121,0.062,4.369,4.432
5649888.16,21122,0.069,4.044,4.113
5649944.15,21120,0.09,4.015,4.106
5649948.47,21121,0.083,4.152,4.235
5649969.1,21122,0.065,4.001,4.066
5649985.08,21120,0.063,3.98,4.043
5649989.52,21121,0.069,4.297,4.367
5649995.84,21122,0.059,4.083,4.142
5650059.65,21120,0.086,3.942,4.028
5650068.91,21121,0.067,8.121,8.188
5650069.42,21122,1.7,6.344,8.044
5650070.53,21120,0.053,4.012,4.065
5650090.22,21121,0.087,8.092,8.179
5650092.36,21122,0.901,4.31,5.211
5650125.45,21120,0.082,4.207,4.289
5650166.28,21121,0.106,8.107,8.213
5650166.44,21122,1.023,4.361,5.385
5650172.02,21120,0.054,6.035,6.089
5650191.33,21121,0.077,4.203,4.28
5650196.8,21122,0.059,4.058,4.117
5650198.16,21120,0.056,3.963,4.019
5650202.25,21121,0.07,3.957,4.027
5650234.51,21122,0.22,4.05,4.271
5650259.75,21120,0.135,3.986,4.121
5650272.77,21121,0.102,5.154,5.256
5650279.26,21122,1.039,4.169,5.208
5650290.34,21120,0.071,4.036,4.107
5650298.59,21121,0.084,3.967,4.051
5650370.16,21122,0.08,4.032,4.112
5650413.18,21120,0.073,4.059,4.132
5650460.15,21121,1.035,4.046,5.081
5650484.71,21122,0.106,4.137,4.243
5650494.13,21120,0.087,3.985,4.071
5650506.68,21121,0.073,4.035,4.108
5650510.81,21122,0.058,4.059,4.117
5650545.64,21120,0.089,3.997,4.086
5650557.36,21121,0.092,4.154,4.246
5650571.18,21122,1.478,4.079,5.558
5650590.76,21120,0.071,3.961,4.032
5650597.25,21121,0.058,4.149,4.208
5650603.42,21122,0.056,4.229,4.285
5650636.51,21120,1.418,4.051,5.468
5650643.14,21121,0.063,4.067,4.13
5650660.12,21122,0.071,4.007,4.077
5650695.12,21120,0.076,3.936,4.012
5650700.43,21121,0.068,4.324,4.392
5650738.15,21122,2.296,4.034,6.33
5650747.26,21120,0.057,4.003,4.06
5650772.17,21121,0.094,4.029,4.123
5650804.98,21122,0.077,4.084,4.161
5650808.15,21120,0.059,4.052,4.111
5650829.4,21122,0.059,6.301,6.361
5650829.64,21121,0.059,8.537,8.596
5650842.6,21120,0.052,3.949,4.0
5650855.33,21122,0.106,6.389,6.495
5650857.13,21121,0.055,4.399,4.454
5650871.14,21120,0.073,3.981,4.055
5650914.36,21122,2.047,4.264,6.311
5650930.1,21121,0.79,4.02,4.81
5650960.18,21120,0.09,6.014,6.104
5651003.27,21122,2.063,4.162,6.225
5651030.85,21122,0.168,4.629,4.797
5651038.59,21120,0.072,4.072,4.144
5651050.39,21121,0.204,4.121,4.325
5651061.3,21122,0.151,4.06,4.211
5651065.56,21120,0.723,4.067,4.79
5651065.93,21121,0.204,4.311,4.515
5651083.65,21122,0.079,4.041,4.12
5651087.88,21120,0.062,4.09,4.152
5651096.97,21121,0.072,4.258,4.331
5651121.7,21122,0.079,4.149,4.229
5651143.16,21120,0.074,5.221,5.296
5651151.27,21121,0.142,4.134,4.276
5651173.46,21122,0.086,4.261,4.347
5651204.12,21120,2.226,4.045,6.271
5651207.76,21121,0.069,4.475,4.544
5651218.67,21120,0.07,4.114,4.185
5651232.44,21122,0.273,4.132,4.405
5651282.69,21121,0.143,4.125,4.269
5651308.62,21120,0.154,4.11,4.264
5651349.06,21122,0.126,4.257,4.383
5651359.18,21121,0.112,4.011,4.123
5651391.6,21120,0.097,4.085,4.182
5651403.64,21122,0.091,4.15,4.241
5651428.15,21121,0.08,4.005,4.085
5651473.12,21120,1.466,3.975,5.441
5651497.87,21122,0.103,4.381,4.484
5651509.58,21121,0.101,4.058,4.159
5651528.05,21120,0.096,3.891,3.987
5651545.92,21122,0.079,4.325,4.403
5651550.16,21121,0.081,4.085,4.166
5651558.86,21120,0.061,3.954,4.014
5651584.32,21122,0.072,4.256,4.327
5651593.11,21121,0.087,3.974,4.062
5651614.85,21120,0.081,3.937,4.018
5651704.3,21122,0.078,4.171,4.249
5651715.95,21121,0.086,4.035,4.121
5651770.33,21120,0.169,4.304,4.472
5652008.96,21122,0.138,4.742,4.879
5652017.21,21121,0.1,4.378,4.478
5652057.19,21120,2.058,4.052,6.11
5652182.98,21122,0.222,5.749,5.972
5652192.79,21121,0.125,6.161,6.286
5652227.32,21120,0.106,4.147,4.253
5652234.88,21122,0.124,3.916,4.04
5652243.6,21121,0.071,3.952,4.024
5652267.14,21120,0.078,4.015,4.093
5652285.35,21122,0.101,4.007,4.108
5652301.08,21121,0.075,3.968,4.043
5652334.32,21120,0.142,4.098,4.241
5652342.2,21120,0.112,4.044,4.156
5652344.1,21121,1.067,5.976,7.044
5652344.29,21122,1.721,8.161,9.882
5652357.12,21120,0.07,4.017,4.087
5652364.5,21121,0.072,4.372,4.445
5652371.0,21122,0.073,4.11,4.184
5652371.05,21120,0.054,4.011,4.065
5652457.67,21121,0.089,4.17,4.258
5652478.4,21122,0.08,4.353,4.434
5652497.93,21120,1.671,4.322,5.992
5652519.22,21121,0.088,4.075,4.163
5652534.91,21122,0.078,4.144,4.221
5652583.01,21120,0.092,3.942,4.034
5652607.05,21121,0.125,4.057,4.182
5652624.56,21122,0.085,3.966,4.051
5652643.42,21120,0.07,4.004,4.074
5652649.18,21121,0.059,4.151,4.21
5652665.83,21122,0.077,3.997,4.074
5652673.35,21120,0.06,4.143,4.204
5652722.72,21121,0.092,4.081,4.174
5652743.45,21122,0.09,3.996,4.086
5652753.38,21120,0.088,4.053,4.141
5652777.79,21121,0.076,4.043,4.12
5652782.18,21122,0.09,4.065,4.155
5652800.48,21120,1.391,4.038,5.429
5652809.9,21121,0.06,4.093,4.153
5652837.8,21122,0.078,3.983,4.06
5652894.41,21120,0.087,6.43,6.517
5652932.14,21121,1.9,8.068,9.968
5652932.29,21122,1.873,6.218,8.091
5652934.29,21120,0.068,3.954,4.021
5652943.72,21121,0.069,4.114,4.183
5652954.38,21122,0.065,4.037,4.102
5652993.13,21120,0.08,4.005,4.085
5653040.47,21121,0.114,4.11,4.224
5653172.24,21122,0.163,4.006,4.169
5653193.24,21120,0.105,4.066,4.17
5653198.11,21121,0.792,3.984,4.776
5653209.57,21122,0.087,4.207,4.294
5653211.1,21120,0.054,3.978,4.032
5653219.11,21121,0.063,4.005,4.068
5653230.19,21122,0.073,4.056,4.129
5653232.13,21120,0.05,4.015,4.065
5653244.52,21121,0.057,4.566,4.623
5653252.31,21122,0.072,4.372,4.444
5653285.53,21120,0.072,3.989,4.062
5653293.72,21121,0.094,8.033,8.128
5653293.9,21122,0.05,5.82,5.87
5653331.11,21120,0.072,3.992,4.065
5653335.33,21120,0.149,4.15,4.299
5653337.27,21122,2.035,6.189,8.225
5653339.45,21121,1.04,5.374,6.414
5653347.72,21120,0.063,4.077,4.14
5653352.01,21122,0.117,4.106,4.223
5653371.27,21121,0.127,4.065,4.192
5653395.73,21120,0.129,4.067,4.196
5653400.16,21122,0.099,4.223,4.322
5653407.45,21121,0.15,4.309,4.459
5653426.15,21120,1.565,4.028,5.592
5653441.98,21122,2.187,3.865,6.052
5653466.2,21121,0.07,4.059,4.129
5653524.12,21120,2.394,4.002,6.395
5653545.97,21122,0.075,3.828,3.904
5653563.83,21121,0.086,4.565,4.652
5653568.36,21120,0.113,4.343,4.455
5653572.52,21122,0.054,4.046,4.1
5653632.77,21121,0.084,4.132,4.216
5653637.03,21120,0.844,4.138,4.982
5653640.68,21122,0.097,6.238,6.335
5653646.79,21121,3.728,5.974,9.702
5653648.93,21120,5.219,5.868,11.087
5653660.99,21122,3.056,3.901,6.956
5653667.06,21121,2.421,5.935,8.356
5653669.3,21120,5.469,4.235,9.705
5653677.05,21122,2.057,3.954,6.012
5653677.26,21121,1.973,4.123,6.096
5653699.43,21120,1.064,5.096,6.161
5653710.55,21122,0.054,4.12,4.174
5653714.65,21121,2.404,3.968,6.373
5653734.41,21120,0.064,4.141,4.204
5653764.93,21122,0.087,3.979,4.065
5653776.14,21121,1.935,4.025,5.959
5653812.4,21120,0.071,3.999,4.071
5653848.2,21122,0.104,4.03,4.134
5653863.54,21121,0.072,8.415,8.487
5653864.1,21122,1.167,4.019,5.186
5653864.34,21120,0.891,7.23,8.121
5653869.18,21121,0.543,4.765,5.308
5653910.75,21122,0.106,4.019,4.125
5653935.15,21120,1.437,4.075,5.512
5653960.12,21121,0.081,4.057,4.138
5653974.29,21122,0.074,4.066,4.14
5653979.69,21120,0.062,4.042,4.104
5653994.65,21121,0.068,3.994,4.062
5653999.07,21122,0.057,4.129,4.186
5654039.78,21120,0.075,4.023,4.098
5654055.08,21121,0.075,3.963,4.037
5654067.19,21122,0.067,4.168,4.235
5654115.85,21120,0.094,4.115,4.21
5654120.04,21121,0.065,4.062,4.127
5654126.84,21122,0.06,4.065,4.126
5654141.8,21120,0.059,4.377,4.435
5654162.31,21121,0.082,4.218,4.301
5654172.1,21122,1.645,4.034,5.679
5654174.93,21120,0.059,4.007,4.066
5654198.63,21122,0.136,3.98,4.116
5654204.88,21121,0.063,4.001,4.064
5654219.17,21120,1.022,4.104,5.126
5654248.3,21122,0.078,4.186,4.264
5654270.16,21121,0.072,4.042,4.114
5654276.09,21120,1.835,4.021,5.855
5654308.06,21122,0.085,4.097,4.182
5654312.41,21121,0.062,4.299,4.361
5654319.12,21120,0.067,4.011,4.078
5654333.23,21122,0.064,3.969,4.032
5654362.14,21121,0.085,3.997,4.082
5654368.3,21120,0.081,6.011,6.092
5654380.5,21122,0.059,3.981,4.04
5654425.54,21121,0.161,4.167,4.327
5654435.98,21120,1.631,3.912,5.543
5654440.94,21122,0.081,4.126,4.207
5654457.19,21121,0.096,4.032,4.128
5654487.01,21120,0.08,4.029,4.109
5654503.51,21122,0.098,4.112,4.211
5654508.89,21121,0.11,4.123,4.233
5654541.28,21120,1.488,6.181,7.669
5654546.13,21122,0.065,4.023,4.088
5654554.58,21121,0.069,4.075,4.144
5654596.53,21120,0.077,4.016,4.093
5654602.05,21122,0.053,4.139,4.193
5654618.43,21121,0.087,3.986,4.073
5654633.21,21120,0.064,6.108,6.172
5654636.09,21122,1.034,4.02,5.054
5654653.61,21121,0.082,4.006,4.088
5654748.34,21120,0.079,4.21,4.29
5654780.57,21122,0.081,4.33,4.411
5654853.1,21121,1.663,4.02,5.683
5654938.32,21120,1.031,4.23,5.261
5654984.05,21122,0.097,4.159,4.257
5655028.3,21121,0.102,6.146,6.248
5655053.52,21120,0.086,4.072,4.158
5655098.6,21122,1.9,4.051,5.951
5655234.37,21121,0.108,4.205,4.312
5655246.46,21120,0.075,3.966,4.04
5655268.32,21122,0.099,4.071,4.17
5655335.13,21121,0.098,3.978,4.075
5655422.64,21120,0.089,4.058,4.147
5655437.2,21122,0.124,4.121,4.245
5655450.37,21121,0.105,4.185,4.291
5655472.12,21120,0.148,4.071,4.219
5655528.67,21122,0.142,5.363,5.505
5655563.27,21121,0.146,6.066,6.212
5655584.19,21120,0.085,4.052,4.138
5655593.69,21122,0.098,3.961,4.059
5655661.13,21121,0.084,3.993,4.078
5655770.16,21120,0.092,4.208,4.301
5655791.2,21122,0.068,4.087,4.154
5655817.57,21121,0.091,4.082,4.173
5655842.54,21120,0.136,4.356,4.492
5655862.43,21122,2.163,4.313,6.476
5655893.18,21121,0.074,8.053,8.127
5655893.53,21120,1.866,6.463,8.329
5656057.12,21122,1.586,4.014,5.6
5656116.03,21121,0.127,5.959,6.086
5656155.62,21120,0.227,6.325,6.552
5656196.98,21122,0.105,4.098,4.204
5656205.13,21121,2.031,4.046,6.078
5656413.38,21122,0.068,6.145,6.213
5656413.66,21120,0.221,8.384,8.605
5656434.18,21121,0.082,4.079,4.161
5656454.78,21120,0.098,6.033,6.132
5656477.22,21122,0.093,5.081,5.174
5656487.04,21121,0.428,3.944,4.373
5656541.17,21120,0.137,4.176,4.314
5656551.28,21122,0.085,4.134,4.219
5656582.79,21121,0.124,4.062,4.186
5656674.59,21120,0.093,4.099,4.193
5656792.54,21122,0.114,4.055,4.169
5656963.85,21121,0.116,3.922,4.038
5656974.08,21120,2.45,3.981,6.431
5656994.21,21122,1.06,5.1,6.16
5657006.69,21121,0.065,4.11,4.175
5657027.13,21120,2.034,4.044,6.078
5657042.07,21122,0.077,4.048,4.125
5657059.54,21121,0.066,3.998,4.064
5657063.97,21120,0.06,4.095,4.155
5657071.44,21122,0.065,4.114,4.18
5657079.12,21121,0.062,4.117,4.178
5657120.29,21120,0.068,4.177,4.244
5657129.31,21122,0.066,4.196,4.261
5657129.51,21121,0.059,3.995,4.054
5657178.27,21120,0.091,4.068,4.159
5657186.19,21122,0.084,4.077,4.162
5657201.15,21121,1.398,4.044,5.442
5657216.44,21120,0.076,4.112,4.188
5657237.19,21122,3.049,4.095,7.144
5657241.62,21121,0.09,5.513,5.603
5657278.47,21122,0.063,5.097,5.16
5657278.62,21120,0.071,8.517,8.588
5657281.4,21121,0.051,4.041,4.092
5657302.51,21122,0.094,6.587,6.681
5657305.51,21120,0.057,6.032,6.09
5657323.71,21121,0.065,3.89,3.954
5657339.08,21122,1.042,4.001,5.043
5657354.56,21120,0.074,4.441,4.515
5657386.1,21121,0.069,3.978,4.046
5657409.14,21120,0.302,8.075,8.377
5657409.92,21122,0.089,11.796,11.886
5657418.05,21121,0.074,3.931,4.005
5657459.19,21120,0.081,4.172,4.253
5657470.16,21122,0.071,4.026,4.097
5657491.12,21121,0.08,3.999,4.079
5657511.24,21120,2.028,6.157,8.185
5657513.37,21122,0.049,4.396,4.446
5657541.32,21121,0.065,4.212,4.277
5657566.88,21120,0.188,4.113,4.301
5657587.02,21122,0.125,4.122,4.246
5657597.13,21121,0.135,4.035,4.17
5657639.17,21120,0.13,3.974,4.104
5657664.74,21122,0.073,3.932,4.006
5657679.77,21121,0.069,4.106,4.175
5657695.1,21120,0.093,7.955,8.049
5657695.23,21122,0.052,6.141,6.193
5657701.66,21121,0.062,3.896,3.959
5657753.14,21120,2.033,4.057,6.091
5657769.04,21122,0.062,3.927,3.989
5657775.1,21121,0.06,4.04,4.1
5657785.4,21120,0.059,8.526,8.585
5657785.58,21122,0.072,4.467,4.54
5657808.25,21121,0.082,4.026,4.108
5657825.75,21120,0.154,4.965,5.12
5657851.11,21122,1.825,3.996,5.821
5657862.19,21121,0.076,4.137,4.213
5657876.74,21120,0.078,3.96,4.038
5657917.24,21122,0.083,4.108,4.191
5657930.7,21121,0.073,5.105,5.177
5657936.84,21120,0.08,4.244,4.324
5657990.33,21122,0.091,4.178,4.269
5658006.65,21121,0.089,6.13,6.219
5658025.29,21120,0.085,4.146,4.231
5658035.26,21122,0.071,4.166,4.237
5658045.19,21121,2.023,4.116,6.139
5658045.35,21120,0.394,4.2,4.594
5658071.07,21122,0.083,3.936,4.019
5658092.92,21121,0.074,4.002,4.076
5658100.21,21120,0.08,4.089,4.169
5658104.3,21122,0.053,3.975,4.028
5658108.82,21121,0.516,4.263,4.779
5658165.03,21120,0.085,3.929,4.014
5658175.28,21122,0.08,4.027,4.107
5658183.22,21121,0.063,4.006,4.069
5658194.6,21120,0.059,4.075,4.134
5658217.24,21122,0.074,4.11,4.184
5658234.78,21121,0.083,3.966,4.049
5658250.69,21120,0.073,4.124,4.197
5658267.95,21122,0.066,3.955,4.021
5658274.11,21121,0.054,5.998,6.053
5658282.46,21120,0.053,4.118,4.171
5658307.16,21122,0.056,4.159,4.215
5658316.15,21121,0.128,3.979,4.107
5658320.5,21120,2.225,4.232,6.457
5658369.58,21122,0.077,4.033,4.11
5658381.23,21121,2.044,4.14,6.184
5658431.06,21120,0.082,4.058,4.14
5658437.02,21122,1.957,3.925,5.882
5658449.17,21121,0.108,4.029,4.137
5658487.1,21120,2.053,5.998,8.051
5658495.48,21122,0.064,4.371,4.434
5658529.18,21121,0.072,4.06,4.132
5658544.74,21120,0.059,4.088,4.146
5658548.89,21122,0.067,4.012,4.079
5658563.25,21121,0.067,4.074,4.141
5658601.27,21120,0.139,4.04,4.179
5658629.05,21122,0.119,4.038,4.157
5658632.08,21121,0.067,4.014,4.081
5658674.27,21122,0.106,4.004,4.11
5658727.61,21120,0.093,4.45,4.543
5658767.18,21121,0.1,4.212,4.312
5658808.38,21122,0.113,4.083,4.196
5658828.76,21120,0.795,4.18,4.975
5658836.37,21121,0.093,3.961,4.053
5658843.52,21122,0.066,4.109,4.175
5658866.33,21120,0.069,5.753,5.822
5658927.74,21121,0.097,4.038,4.134
5658942.16,21122,1.725,4.072,5.797
5658977.91,21120,0.081,4.011,4.092
5658989.81,21121,0.089,4.13,4.219
5658999.05,21122,0.946,6.123,7.07
5659018.25,21120,0.089,4.11,4.199
5659022.51,21121,0.069,4.111,4.18
5659101.18,21122,1.058,4.047,5.105
5659118.82,21120,0.094,4.084,4.178
5659138.12,21121,0.074,4.005,4.079
5659142.31,21122,0.06,4.038,4.098
5659181.36,21120,0.107,4.115,4.222
5659186.19,21121,0.07,5.066,5.136
5659242.25,21122,0.083,4.114,4.197
5659290.74,21120,0.09,4.124,4.214
5659309.14,21121,2.054,4.042,6.096
5659310.83,21122,0.053,4.032,4.086
5659315.09,21120,0.059,4.14,4.199
5659332.39,21121,0.089,4.136,4.225
5659344.24,21122,0.058,4.143,4.201
5659349.68,21120,0.075,4.026,4.101
5659375.25,21121,1.038,6.153,7.191
5659393.46,21122,0.118,3.971,4.089
5659397.65,21120,0.067,4.04,4.106
5659408.13,21121,0.069,4.01,4.08
5659415.06,21122,0.053,4.003,4.056
5659442.9,21120,0.066,4.116,4.181
5659468.3,21121,0.34,3.993,4.334
5659537.15,21122,0.113,3.995,4.108
5659583.07,21120,0.079,4.045,4.124
5659614.39,21121,0.092,4.076,4.168
5659655.28,21122,1.819,4.048,5.867
5659690.9,21120,0.135,4.029,4.164
5659714.15,21121,2.032,4.052,6.084
5659794.54,21122,0.164,4.094,4.257
5659820.3,21120,0.139,4.08,4.219
5659827.39,21121,0.086,3.959,4.045
5659847.31,21122,2.088,4.159,6.247
5659881.45,21120,0.101,4.063,4.164
5660065.23,21121,0.132,4.04,4.172
5660118.36,21122,1.138,4.145,5.283
5660205.25,21120,0.112,4.07,4.182
5660232.14,21121,1.049,4.022,5.071
5660246.22,21122,0.096,4.058,4.154
5660343.16,21120,0.118,4.002,4.12
5660388.61,21121,0.089,4.004,4.093
5660486.72,21122,0.089,4.077,4.166
5660561.48,21120,0.105,4.052,4.157
5660601.17,21121,0.116,4.01,4.127
5660610.69,21122,0.088,4.123,4.211
5660615.32,21120,0.066,4.332,4.398
5660621.04,21121,1.682,3.954,5.636
5660645.8,21122,0.08,5.154,5.234
5660676.27,21120,1.948,4.108,6.057
5660759.57,21121,0.131,4.055,4.186
5660832.34,21122,0.139,4.112,4.251
5660857.11,21120,0.125,4.915,5.04
5660886.98,21121,0.136,4.113,4.249
5660906.19,21122,1.675,4.099,5.775
5660957.13,21120,0.089,3.974,4.064
5661010.15,21121,0.093,4.075,4.168
5661057.16,21122,1.034,4.073,5.107
5661159.2,21120,0.083,3.957,4.039
5661226.76,21121,0.122,4.059,4.181
5661246.2,21122,0.132,4.011,4.143
5661250.56,21120,0.074,4.096,4.169
5661299.46,21121,0.091,4.059,4.15
5661401.25,21122,0.112,4.087,4.199
5661564.96,21120,0.135,4.116,4.251
5661628.18,21121,0.112,4.004,4.115
5661655.39,21122,0.129,4.005,4.133
5661697.25,21120,0.089,3.957,4.046
5661707.59,21121,0.125,4.072,4.197
5661723.7,21122,0.131,5.048,5.179
5661728.04,21120,0.075,3.979,4.054
5661750.4,21121,2.109,6.23,8.339
5661757.24,21122,0.075,4.013,4.089
5661761.42,21120,0.054,3.928,3.981
5661766.26,21121,0.065,4.028,4.093
5661774.24,21122,0.046,4.155,4.201
5661778.32,21120,0.047,3.941,3.988
5661796.35,21121,0.064,3.984,4.048
5661806.27,21122,0.06,6.179,6.238
5661824.74,21120,0.059,4.098,4.157
5661829.13,21121,0.09,4.228,4.318
5661832.64,21122,0.05,5.735,5.784
5661836.44,21120,0.052,5.853,5.905
5661841.21,21121,0.07,3.956,4.026
5661843.15,21122,0.049,4.099,4.149
5661852.84,21120,0.073,4.227,4.3
5661875.86,21121,0.064,4.006,4.07
5661885.27,21122,0.078,4.134,4.212
5661911.14,21120,0.061,4.04,4.101
5661949.07,21121,2.064,3.95,6.015
5661955.35,21122,0.073,4.302,4.375
5661961.2,21120,0.068,3.987,4.055
5661978.38,21121,0.084,4.039,4.123
5661986.36,21122,0.071,4.039,4.11
5662027.08,21120,2.055,3.979,6.034
5662035.02,21121,2.02,3.955,5.975
5662040.75,21122,0.098,4.202,4.3
5662054.2,21120,0.102,4.104,4.206
5662058.51,21121,0.063,4.036,4.099
5662076.22,21122,0.069,4.14,4.209
5662115.25,21120,0.104,4.071,4.176
5662127.12,21121,0.14,4.193,4.333
5662136.08,21122,2.392,4.021,6.413
5662140.21,21120,0.059,4.009,4.068
5662150.14,21121,2.879,4.022,6.901
5662150.24,21122,0.113,4.094,4.207
5662185.17,21120,0.082,4.04,4.122
5662195.28,21122,1.652,4.183,5.835
5662196.31,21121,0.663,4.212,4.875
5662272.15,21121,0.047,4.05,4.098
5662272.45,21122,0.051,6.062,6.112
5662272.5,21120,0.097,7.767,7.863
5662284.45,21121,0.082,6.023,6.105
5662292.14,21122,0.08,6.025,6.105
5662302.13,21120,2.021,4.072,6.094
5662309.97,21121,0.061,4.04,4.101
5662328.15,21122,0.575,4.035,4.61
5662394.13,21120,1.16,4.068,5.229
5662457.53,21121,0.082,4.065,4.147
5662463.6,21122,0.063,4.095,4.158
5662467.78,21120,0.062,3.946,4.009
5662481.55,21121,0.067,4.422,4.489
5662489.21,21122,0.1,6.048,6.148
5662504.04,21120,3.152,3.933,7.085
5662523.19,21121,0.058,4.094,4.152
5662560.0,21122,0.09,4.131,4.222
5662678.05,21120,2.113,3.918,6.031
5662683.44,21121,0.064,3.998,4.062
5662687.68,21122,0.061,4.1,4.161
5662692.0,21120,0.086,4.147,4.233
5662715.22,21121,0.109,4.137,4.245
5662719.58,21122,0.088,4.184,4.272
5662727.03,21120,0.074,3.902,3.976
5662760.33,21121,0.146,4.09,4.236
5662764.78,21122,0.441,4.267,4.708
5662780.77,21120,1.463,4.061,5.524
5662817.6,21121,0.106,3.966,4.072
5662853.99,21122,0.092,4.095,4.187
5662858.24,21120,0.068,4.086,4.154
5662889.96,21121,0.104,4.049,4.152
5662895.57,21122,0.073,4.041,4.113
5662899.62,21120,0.062,3.919,3.981
5662945.9,21121,0.068,4.048,4.115
5662957.73,21121,2.104,5.582,7.685
5662969.27,21120,0.138,4.163,4.301
5663005.98,21122,0.738,4.552,5.29
5663047.14,21121,2.053,4.035,6.088
5663078.14,21120,0.086,4.011,4.098
5663082.0,21122,2.847,3.935,6.783
5663089.38,21120,0.06,4.15,4.21
5663093.61,21121,1.831,4.11,5.94
5663099.5,21122,0.057,3.996,4.053
5663103.69,21120,0.06,4.07,4.13
5663115.09,21121,1.872,3.975,5.847
5663127.12,21122,0.079,4.022,4.101
5663144.69,21120,0.06,3.945,4.005
5663151.81,21121,0.058,4.169,4.227
5663167.41,21122,0.061,3.963,4.024
5663174.66,21120,0.067,3.938,4.005
5663183.79,21121,0.061,4.088,4.148
5663198.43,21122,0.089,4.08,4.169
5663211.06,21120,1.159,3.96,5.119
5663228.44,21121,0.146,4.121,4.267
5663277.09,21120,2.572,5.995,8.567
5663277.31,21122,2.076,8.197,10.273
5663344.51,21121,0.087,4.214,4.301
5663392.45,21120,0.099,4.457,4.556
5663489.17,21122,0.107,3.993,4.1
5663523.63,21121,0.134,4.045,4.179
5663525.23,21120,0.058,4.117,4.176
5663695.36,21122,1.574,4.201,5.775
5663714.82,21121,0.092,4.08,4.172
5663767.88,21122,0.054,6.072,6.126
5663768.33,21120,0.125,8.594,8.719
5663826.68,21121,0.18,4.059,4.239
5663861.96,21122,0.119,4.202,4.321
5663905.2,21120,0.103,4.033,4.136
5663949.14,21121,0.164,4.063,4.227
5663960.24,21122,2.096,4.121,6.216
5664063.9,21120,0.103,4.085,4.188
5664075.61,21120,0.121,6.29,6.411
5664079.96,21122,0.087,4.089,4.175
5664092.23,21121,2.077,4.096,6.174
5664099.78,21120,0.079,4.005,4.084
5664127.55,21122,0.103,3.988,4.092
5664155.53,21121,0.078,4.045,4.123
5664165.13,21120,0.068,4.14,4.208
5664173.63,21122,0.063,4.166,4.23
5664177.77,21121,0.052,4.016,4.068
5664185.32,21120,0.085,4.482,4.566
5664205.93,21122,0.109,4.059,4.167
5664222.23,21121,0.076,4.106,4.182
5664228.37,21120,0.055,4.261,4.316
5664232.7,21122,3.182,4.197,7.379
5664239.97,21121,0.058,4.125,4.183
5664244.13,21120,0.06,4.044,4.104
5664277.05,21122,0.078,4.434,4.512
5664290.32,21121,0.088,3.952,4.041
5664303.17,21120,0.052,4.078,4.131
5664307.44,21122,0.222,4.179,4.402
5664322.59,21121,0.063,4.091,4.154
5664349.93,21120,0.059,4.137,4.196
5664381.46,21122,0.065,4.033,4.098
5664411.41,21121,0.078,4.143,4.22
5664419.24,21120,1.307,4.141,5.448
5664454.14,21122,0.109,4.139,4.248
5664461.3,21121,0.073,4.073,4.146
5664465.49,21120,0.048,4.083,4.131
5664493.37,21122,0.085,4.094,4.179
5664515.43,21121,0.889,4.287,5.176
5664547.47,21120,0.072,4.11,4.182
5664554.43,21122,0.072,4.177,4.25
5664562.88,21121,0.051,4.168,4.219
5664582.46,21120,0.061,4.049,4.109
5664595.15,21122,0.059,4.054,4.113
5664619.92,21121,0.069,4.076,4.145
5664626.38,21120,0.054,4.133,4.188
5664637.68,21122,0.049,4.087,4.136
5664643.04,21121,0.061,4.192,4.254
5664651.15,21120,0.058,4.082,4.14
5664662.02,21122,0.069,4.078,4.147
5664686.41,21121,0.071,4.143,4.214
5664701.23,21120,0.058,4.034,4.091
5664746.12,21122,0.06,4.497,4.557
5664761.7,21121,0.083,3.947,4.03
5664787.19,21120,0.085,3.953,4.038
5664825.23,21122,0.089,8.074,8.164
5664826.46,21121,0.358,7.379,7.737
5664855.51,21120,0.129,5.069,5.198
5664861.73,21122,0.123,3.983,4.106
5664885.97,21121,0.108,4.048,4.157
5664890.47,21120,0.069,3.926,3.995
5664902.17,21122,0.066,4.057,4.123
5664909.07,21121,0.068,4.028,4.096
5664915.8,21120,0.101,4.084,4.185
5664925.58,21122,0.096,4.366,4.462
5664958.22,21121,1.607,4.094,5.701
5664969.13,21120,0.066,4.021,4.087
5664995.63,21122,0.076,4.077,4.154
5665018.07,21121,0.07,4.083,4.153
5665036.12,21120,0.063,4.019,4.082
5665046.73,21122,0.055,4.106,4.161
5665059.11,21121,0.07,3.997,4.066
5665071.12,21120,0.962,3.98,4.942
5665075.74,21122,0.081,4.146,4.227
5665152.61,21121,0.076,4.216,4.292
5665158.13,21120,1.384,4.054,5.438
5665181.17,21122,0.07,4.056,4.125
5665231.55,21121,0.081,4.133,4.214
5665235.8,21120,0.067,4.11,4.176
5665239.07,21122,0.052,3.977,4.029
5665246.09,21121,0.732,3.991,4.722
5665248.19,21120,1.031,6.11,7.142
5665251.29,21122,0.051,4.097,4.148
5665267.15,21120,2.048,4.064,6.111
5665271.15,21121,0.05,4.063,4.113
5665314.1,21120,0.73,4.032,4.762
5665315.0,21122,0.058,4.08,4.138
5665322.16,21121,0.06,4.069,4.129
5665326.78,21122,0.063,4.318,4.381
5665335.23,21120,0.059,4.021,4.08
5665353.12,21121,0.074,3.995,4.069
5665360.15,21122,0.052,4.02,4.073
5665364.3,21120,0.049,4.02,4.069
5665370.74,21121,0.336,4.577,4.913
5665375.59,21122,0.063,4.073,4.137
5665379.68,21120,0.066,3.926,3.992
5665390.03,21121,0.104,4.145,4.249
5665430.45,21122,0.069,3.99,4.06
5665434.8,21120,1.549,4.199,5.747
5665450.73,21121,0.065,4.149,4.213
5665474.84,21122,0.078,3.985,4.064
5665475.33,21120,0.052,4.039,4.09
5665487.21,21121,0.075,4.093,4.168
5665512.59,21122,0.073,3.995,4.069
5665524.24,21120,0.084,4.11,4.193
5665534.43,21121,2.02,6.373,8.393
5665536.28,21122,0.056,4.467,4.523
5665538.86,21120,0.06,3.893,3.953
5665559.2,21121,0.065,4.095,4.16
5665596.37,21122,0.102,4.035,4.137
5665598.82,21120,0.084,3.923,4.006
5665646.26,21121,2.079,4.128,6.208
5665699.3,21122,0.093,4.054,4.146
5665710.99,21120,0.075,4.077,4.152
5665738.15,21121,0.165,4.006,4.171
5665866.86,21122,0.116,4.197,4.312
5665878.47,21120,0.106,4.279,4.386
5665886.33,21121,0.125,4.134,4.259
5665976.77,21122,0.124,7.366,7.49
5665994.11,21120,0.137,4.04,4.177
5666077.8,21121,0.281,4.653,4.934
5666112.7,21122,0.251,5.008,5.259
5666319.88,21120,0.178,4.006,4.183
5666333.03,21121,0.168,6.024,6.192
5666377.65,21122,0.339,6.124,6.462
5666404.1,21120,0.097,3.944,4.041
5666425.14,21121,0.162,5.05,5.212
5666427.37,21122,0.093,4.13,4.223
5666444.23,21120,0.071,4.103,4.174
5666450.19,21121,0.075,4.078,4.153
5666568.06,21122,0.093,4.009,4.102
5666573.74,21120,0.078,4.101,4.179
5666593.75,21121,0.091,4.0,4.091
5666681.93,21122,0.084,4.054,4.138
5666855.67,21120,0.1,4.153,4.253
5666884.19,21121,0.117,4.085,4.203
5666896.05,21122,0.723,3.921,4.644
5666945.74,21120,0.173,4.065,4.238
5667079.92,21121,0.16,4.199,4.359
5667086.28,21122,0.087,4.03,4.116
5667090.59,21120,0.098,4.114,4.212
5667139.32,21121,0.089,4.164,4.253
5667154.69,21122,0.089,4.092,4.181
5667206.62,21120,0.906,4.32,5.226
5667231.32,21121,1.311,3.954,5.265
5667301.57,21122,0.125,3.983,4.108
5667307.99,21120,0.11,4.007,4.117
5667344.49,21121,0.08,4.133,4.213
5667360.9,21122,0.086,4.02,4.106
5667375.95,21120,0.078,4.163,4.241
5667408.16,21121,0.081,4.031,4.113
5667419.32,21122,0.1,4.154,4.254
5667429.44,21120,2.478,4.337,6.815
5667467.63,21121,0.095,4.166,4.26
5667471.98,21122,1.424,3.916,5.34
5667522.24,21120,0.082,4.092,4.174
5667526.64,21121,0.178,4.121,4.299
5667581.11,21122,0.159,4.046,4.204
5667604.22,21120,0.174,4.078,4.252
5667608.45,21121,0.085,4.028,4.113
5667623.12,21122,1.414,4.038,5.452
5667666.87,21120,0.098,4.088,4.185
5667672.46,21121,0.07,4.089,4.159
5667676.66,21122,0.063,3.922,3.985
5667697.21,21120,0.061,6.112,6.173
5667701.35,21121,0.059,4.018,4.077
5667710.03,21122,0.056,3.927,3.983
5667711.08,21120,0.048,4.116,4.163
5667720.31,21121,0.056,4.218,4.274
5667728.11,21122,1.064,4.056,5.119
5667771.99,21120,0.114,4.056,4.171
5667814.18,21121,1.434,4.059,5.493
5667818.32,21122,0.11,3.961,4.07
5667839.29,21120,0.08,3.997,4.077
5667865.15,21121,0.071,4.04,4.11
5667884.19,21122,0.067,4.08,4.147
5667910.17,21120,0.077,4.055,4.132
5667922.88,21121,0.064,4.124,4.188
5667967.27,21122,2.052,4.127,6.179
5667968.45,21120,0.127,4.127,4.254
5667986.32,21121,0.109,4.19,4.299
5668018.39,21122,0.089,4.144,4.233
5668065.83,21120,0.13,5.624,5.754
5668086.36,21121,0.085,5.048,5.133
5668109.31,21122,0.108,4.05,4.158
5668114.14,21120,0.062,4.031,4.093
5668125.19,21121,0.079,3.883,3.962
5668149.14,21122,0.13,3.944,4.074
5668183.62,21121,0.061,3.944,4.006
5668184.24,21120,5.506,8.113,13.618
5668199.47,21122,0.085,4.074,4.159
5668203.69,21120,0.066,4.083,4.149
5668207.86,21121,0.058,4.058,4.116
5668211.94,21122,0.052,3.977,4.029
5668245.11,21120,0.07,4.034,4.104
5668303.98,21121,0.093,4.096,4.189
5668327.41,21122,0.077,4.123,4.2
5668331.59,21120,0.108,4.01,4.118
5668351.8,21121,0.077,4.058,4.135
5668360.08,21122,1.131,4.001,5.132
5668368.48,21120,0.054,4.022,4.077
5668377.81,21121,0.24,4.25,4.49
5668384.18,21122,0.065,4.081,4.145
5668409.06,21120,0.07,4.06,4.13
5668428.17,21121,0.071,4.046,4.117
5668475.15,21122,0.082,4.024,4.106
5668605.28,21120,0.15,3.953,4.103
5668665.38,21121,0.16,4.154,4.314
5668701.89,21122,0.095,4.007,4.102
5668728.72,21120,0.112,4.044,4.156
5668735.21,21121,0.075,4.083,4.158
5668784.15,21122,0.092,4.004,4.096
5668884.28,21120,0.079,4.141,4.22
5668934.26,21121,0.101,4.096,4.198
5668961.1,21122,0.097,6.942,7.039
5669035.34,21120,0.157,4.086,4.243
5669075.06,21121,0.996,3.992,4.988
5669084.38,21122,1.088,4.004,5.092
5669168.99,21120,0.109,4.026,4.136
5669215.67,21121,0.143,6.466,6.609
5669242.2,21122,0.143,4.107,4.25
5669277.25,21120,0.846,4.115,4.961
5669319.21,21121,0.121,4.041,4.161
5669362.88,21122,0.116,6.234,6.35
5669413.34,21120,0.139,4.522,4.661
5669444.12,21121,1.295,3.998,5.293
5669457.96,21120,0.053,4.273,4.326
5669458.41,21122,0.083,6.106,6.188
5669462.34,21121,0.069,4.176,4.245
5669482.42,21122,0.086,4.057,4.143
5669517.93,21120,0.116,4.141,4.256
5669608.27,21121,2.063,4.129,6.192
5669639.21,21122,0.087,6.063,6.15
5669752.32,21120,0.097,4.066,4.163
5669842.37,21121,0.091,4.214,4.306
5669881.8,21122,0.087,4.166,4.254
5669905.63,21120,0.095,4.058,4.154
5669930.07,21121,0.074,3.989,4.063
5670069.11,21122,0.212,5.996,6.209
5670110.11,21120,0.151,4.074,4.225
5670147.32,21121,0.124,4.122,4.247
5670223.2,21122,0.113,4.016,4.13
5670231.81,21120,0.091,4.378,4.47
5670241.01,21121,0.078,4.029,4.107
5670279.83,21122,1.555,5.747,7.302
5670367.96,21120,0.122,4.019,4.141
5670392.35,21121,0.085,4.212,4.297
5670404.45,21122,0.08,6.122,6.201
5670420.42,21120,0.083,4.091,4.175
5670426.4,21121,0.07,4.1,4.17
5670443.24,21122,1.038,4.143,5.181
5670446.43,21120,0.059,4.137,4.195
5670457.34,21122,1.202,4.279,5.481
5670461.35,21121,0.065,6.043,6.109
5670514.97,21120,0.928,4.001,4.929
5670540.2,21122,2.027,4.128,6.155
5670555.18,21121,1.055,4.082,5.138
5670563.14,21120,0.063,4.038,4.101
5670572.55,21122,0.06,3.993,4.053
5670583.43,21121,0.065,5.93,5.994
5670589.16,21120,0.065,3.935,3.999
5670615.22,21121,0.855,4.061,4.915
5670615.26,21122,1.117,4.161,5.278
5670623.14,21120,0.079,4.022,4.101
5670649.02,21122,2.055,3.917,5.972
5670650.95,21121,1.516,4.382,5.898
5670666.59,21120,0.076,4.02,4.096
5670687.27,21122,0.064,4.168,4.232
5670689.04,21121,0.047,4.113,4.16
5670693.13,21120,0.081,4.006,4.087
5670704.09,21122,0.067,3.974,4.042
5670708.32,21121,0.072,4.09,4.162
5670785.77,21120,0.076,3.994,4.07
5670830.77,21122,0.064,3.991,4.055
5670842.26,21121,0.106,4.003,4.109
5670862.96,21120,0.08,3.982,4.062
5670866.86,21122,0.065,4.132,4.197
5670881.95,21121,0.078,4.069,4.147
5670897.35,21120,0.069,4.167,4.235
5670919.13,21122,2.027,4.053,6.081
5670921.76,21121,0.052,3.985,4.036
5670996.69,21122,0.078,4.022,4.101
5670999.42,21120,0.064,3.939,4.003
5671047.54,21122,0.165,4.217,4.383
5671074.43,21121,1.556,4.249,5.806
5671079.72,21120,0.103,4.316,4.419
5671110.19,21122,2.05,4.053,6.103
5671110.32,21121,0.168,4.087,4.255
5671116.73,21120,0.105,4.032,4.137
5671121.1,21122,0.072,4.108,4.18
5671126.14,21121,0.056,4.043,4.099
5671158.19,21120,0.06,3.985,4.044
5671162.68,21122,0.059,4.369,4.428
5671174.4,21121,0.062,4.023,4.085
5671180.5,21120,0.047,5.433,5.481
5671184.52,21122,0.065,4.065,4.13
5671237.13,21121,0.076,4.007,4.083
5671292.03,21120,0.149,4.029,4.178
5671297.97,21122,0.075,3.911,3.986
5671307.97,21120,0.066,3.962,4.028
5671308.8,21121,0.083,8.107,8.189
5671318.27,21122,0.109,4.172,4.281
5671344.95,21120,0.081,4.074,4.155
5671352.04,21121,0.084,3.997,4.082
5671367.61,21122,0.065,3.986,4.051
5671384.94,21120,0.078,4.085,4.163
5671407.93,21121,0.092,6.161,6.253
5671426.3,21122,0.074,4.169,4.243
5671447.0,21120,0.074,4.047,4.12
5671454.2,21121,0.059,4.104,4.162
5671460.68,21122,0.057,4.176,4.233
5671479.96,21120,0.077,3.971,4.048
5671522.23,21121,2.052,4.132,6.184
5671592.48,21122,0.193,4.063,4.257
5671596.65,21120,0.078,3.964,4.042
5671727.82,21121,0.096,4.218,4.314
5671754.25,21122,0.097,3.992,4.089
5671843.98,21120,0.094,5.833,5.927
5671849.18,21121,0.065,4.043,4.107
5671978.8,21122,0.089,5.201,5.29
5672038.45,21120,1.931,4.333,6.265
5672056.31,21121,0.142,4.148,4.289
5672100.42,21122,1.054,4.061,5.115
5672158.35,21120,2.114,4.147,6.261
5672165.41,21121,0.111,4.129,4.24
5672174.42,21122,0.089,4.057,4.146
5672201.22,21120,0.095,4.067,4.162
5672256.08,21121,0.085,6.18,6.265
5672279.72,21122,0.253,4.948,5.2
5672468.16,21120,0.202,3.898,4.1
5672533.23,21121,0.119,4.045,4.164
5672537.43,21122,0.075,4.034,4.108
5672576.75,21120,0.084,4.046,4.129
5672746.14,21121,0.117,3.964,4.081
5672790.99,21122,0.107,4.081,4.188
5672848.3,21120,0.097,4.014,4.112
5672903.14,21121,0.085,6.004,6.089
5672984.23,21122,0.086,4.087,4.173
5672988.49,21120,0.074,4.075,4.149
5673088.7,21121,0.137,4.165,4.302
5673100.38,21122,0.127,4.236,4.363
5673234.79,21120,0.127,3.999,4.126
5673281.21,21121,2.077,4.074,6.151
5673310.41,21122,0.122,4.071,4.193
5673314.65,21120,0.081,4.067,4.148
5673344.42,21121,0.093,4.11,4.204
5673345.64,21122,0.07,4.103,4.174
5673395.19,21120,2.064,4.064,6.128
5673460.54,21121,0.092,5.07,5.163
5673472.07,21122,0.115,4.045,4.16
5673493.67,21120,0.072,4.016,4.088
5673514.48,21121,0.077,3.959,4.036
5673535.39,21122,0.068,4.036,4.105
5673570.95,21120,0.08,4.064,4.144
5673647.89,21121,0.091,3.859,3.95
5673675.24,21121,0.087,3.973,4.06
5673705.4,21120,0.08,4.063,4.143
5673716.5,21122,0.075,4.085,4.161
5673781.29,21121,0.085,4.155,4.24
5673795.11,21120,0.075,4.07,4.146
5673809.17,21122,1.339,4.081,5.42
5673834.15,21121,0.33,5.052,5.382
5673900.71,21120,0.085,4.149,4.234
5673924.97,21122,0.071,4.11,4.181
5673950.33,21121,0.091,3.958,4.049
5673974.16,21120,0.074,4.039,4.113
5673991.86,21122,0.094,4.077,4.171
5673998.07,21120,1.561,3.974,5.534
5673998.1,21121,2.018,4.025,6.042
5674040.38,21122,0.08,4.013,4.093
5674061.73,21120,0.072,4.041,4.112
5674085.64,21121,0.865,4.568,5.432
5674087.41,21122,0.079,3.973,4.052
5674125.06,21120,2.049,3.967,6.016
5674153.05,21121,0.073,6.077,6.15
5674172.96,21122,0.081,3.988,4.069
5674177.65,21120,0.054,4.4,4.454
5674182.64,21121,0.09,4.172,4.262
5674186.11,21122,0.072,4.119,4.191
5674196.51,21121,0.06,4.406,4.466
5674217.88,21120,0.138,4.153,4.292
5674265.38,21122,0.19,4.114,4.304
5674266.54,21121,0.119,4.21,4.33
5674273.46,21120,0.082,4.026,4.108
5674284.36,21122,0.099,6.056,6.155
5674288.03,21120,0.053,3.935,3.988
5674289.03,21121,0.065,6.805,6.869
5674293.25,21122,0.062,4.048,4.109
5674319.12,21120,2.022,4.056,6.078
5674323.97,21121,0.061,4.147,4.208
5674328.15,21122,0.057,4.055,4.112
5674340.93,21120,0.063,4.264,4.327
5674376.77,21121,0.081,4.091,4.172
5674391.32,21122,0.078,4.1,4.178
5674403.19,21120,0.156,6.457,6.613
5674410.48,21121,0.108,5.044,5.152
5674422.18,21122,1.123,5.017,6.14
5674432.18,21120,0.063,4.084,4.147
5674493.8,21121,0.084,4.199,4.283
5674498.02,21122,0.106,4.053,4.159
5674506.07,21120,0.077,3.982,4.059
5674526.26,21121,0.087,4.236,4.323
5674551.06,21122,0.075,4.066,4.141
5674631.8,21120,0.096,4.02,4.116
5674652.23,21121,0.076,4.101,4.176
5674661.79,21122,0.076,4.03,4.106
5674677.14,21120,2.051,4.048,6.099
5674681.43,21121,0.22,4.153,4.373
5674689.63,21122,2.112,8.088,10.2
5674693.75,21121,6.853,4.03,10.884
5674693.89,21120,1.615,10.83,12.446
5674716.88,21121,0.306,5.808,6.114
5674717.23,21122,0.073,8.121,8.194
5674737.8,21120,0.161,4.048,4.208
5674748.32,21122,0.063,4.057,4.12
5674781.49,21121,0.073,4.16,4.233
5674809.17,21120,0.071,4.283,4.353
5674822.94,21122,0.08,4.046,4.125
5674839.46,21121,0.088,5.664,5.752
5674848.18,21120,0.062,4.072,4.134
5674879.06,21122,0.066,10.953,11.018
5674880.17,21121,1.669,10.091,11.76
5674880.24,21120,2.082,4.089,6.171
5674884.44,21122,0.079,4.044,4.123
5674893.95,21121,2.026,3.881,5.907
5674897.22,21120,0.058,4.014,4.072
5674910.24,21121,0.109,4.101,4.21
5674949.1,21122,0.074,4.135,4.209
5674965.15,21120,0.078,4.022,4.1
5674969.82,21121,3.294,4.511,7.805
5674998.02,21122,0.089,4.072,4.161
5675022.16,21120,0.074,4.045,4.12
5675071.18,21121,0.07,4.059,4.129
5675110.32,21122,0.082,4.215,4.297
5675148.62,21120,0.079,4.107,4.186
5675151.53,21121,0.054,6.001,6.055
5675175.54,21122,0.125,4.348,4.472
5675192.36,21120,0.085,4.218,4.303
5675230.03,21121,0.174,5.707,5.882
5675242.52,21122,0.15,4.299,4.45
5675349.24,21120,0.162,4.008,4.17
5675388.71,21121,0.122,3.985,4.108
5675394.48,21122,0.087,4.363,4.45
5675405.65,21120,0.088,4.516,4.604
5675476.13,21121,2.067,4.007,6.074
5675499.16,21122,1.933,4.062,5.995
5675521.03,21120,0.071,4.057,4.128
5675538.78,21121,0.09,4.068,4.158
5675562.07,21122,0.096,3.902,3.997
5675654.2,21120,1.381,5.081,6.461
5675682.03,21121,0.075,4.034,4.109
5675785.86,21122,0.094,3.888,3.982
5675790.73,21120,0.08,4.159,4.239
5675836.71,21121,0.083,4.57,4.653
5675860.79,21122,0.169,6.365,6.535
5675959.26,21120,0.094,6.085,6.178
5676010.63,21121,0.096,4.186,4.282
5676015.1,21122,0.118,4.097,4.215
5676074.48,21120,0.122,4.033,4.154
5676078.82,21121,0.063,4.196,4.26
5676222.13,21122,0.156,3.982,4.138
5676273.08,21120,0.129,5.046,5.175
5676279.69,21121,0.099,3.98,4.079
5676338.77,21122,2.115,4.558,6.673
5676369.74,21120,0.113,4.077,4.189
5676471.67,21121,0.137,3.947,4.084
5676596.34,21122,0.176,4.067,4.243
5676657.45,21120,0.126,3.957,4.084
5676671.61,21121,0.114,4.069,4.183
5676722.19,21122,1.077,4.059,5.136
5676726.72,21120,0.066,4.283,4.35
5676733.46,21121,0.073,3.968,4.041
5676757.03,21122,0.085,3.981,4.066
5676839.01,21120,0.126,4.06,4.186
5676856.22,21121,0.076,4.096,4.172
5676885.18,21122,0.073,5.463,5.536
5676895.44,21120,0.107,4.256,4.363
5676905.36,21121,2.09,4.198,6.289
5676913.26,21122,2.901,4.164,7.065
5676929.7,21120,0.132,4.473,4.605
5676943.2,21121,1.08,4.049,5.129
5676947.56,21122,0.111,4.178,4.289
5676961.32,21120,0.119,4.398,4.517
5676967.29,21121,2.075,4.125,6.2
5677022.43,21122,2.109,4.228,6.337
5677025.99,21120,0.088,4.026,4.113
5677033.05,21122,1.018,5.956,6.974
5677070.54,21121,0.148,4.272,4.421
5677115.51,21120,0.17,4.313,4.483
5677122.78,21122,0.121,3.969,4.089
5677127.91,21121,0.095,4.09,4.185
5677147.15,21120,0.074,4.041,4.116
5677159.48,21122,0.088,6.081,6.169
5677181.23,21120,0.055,6.122,6.177
5677181.47,21121,1.085,8.344,9.43
5677193.77,21122,0.067,5.04,5.107
5677199.56,21120,0.071,4.053,4.124
5677211.88,21121,0.083,4.118,4.2
5677245.1,21122,1.891,4.008,5.898
5677250.82,21120,0.102,6.632,6.734
5677293.49,21121,0.102,6.132,6.234
5677296.16,21122,2.491,4.074,6.565
5677297.65,21121,0.059,4.003,4.062
5677304.08,21120,0.052,3.988,4.04
5677313.16,21122,0.072,4.075,4.148
5677327.84,21121,0.088,4.05,4.138
5677331.96,21120,0.056,3.994,4.049
5677339.4,21122,0.079,3.963,4.042
5677343.26,21121,0.097,4.044,4.14
5677348.59,21122,0.081,5.144,5.225
5677356.41,21120,0.071,4.526,4.597
5677360.78,21121,0.081,4.188,4.269
5677383.99,21122,0.086,4.022,4.109
5677386.67,21120,0.073,3.965,4.038
5677392.96,21122,2.116,3.89,6.007
5677399.28,21121,0.059,4.012,4.071
5677403.72,21120,0.061,4.019,4.08
5677408.0,21122,0.078,4.028,4.106
5677424.03,21121,0.089,4.195,4.284
5677463.12,21120,0.08,3.988,4.068
5677470.06,21122,2.026,3.985,6.011
5677470.15,21121,1.699,4.048,5.747
5677478.28,21120,0.06,4.028,4.088
5677483.71,21122,0.059,3.936,3.995
5677503.15,21121,0.069,4.038,4.107
5677509.15,21120,1.871,4.075,5.946
5677518.85,21122,0.609,5.017,5.626
5677538.06,21121,0.074,4.018,4.093
5677542.27,21120,0.043,4.106,4.149
5677550.07,21122,0.122,3.95,4.072
5677562.23,21121,0.051,4.139,4.19
5677616.09,21120,0.092,4.1,4.192
5677635.16,21122,0.074,6.047,6.122
5677668.12,21121,0.081,3.979,4.059
5677679.17,21120,0.061,4.073,4.134
5677683.27,21122,0.096,3.94,4.036
5677686.86,21121,0.053,4.15,4.203
5677715.15,21122,0.072,4.062,4.134
5677722.02,21120,0.071,4.145,4.216
5677772.17,21121,0.065,4.178,4.243
5677789.25,21122,0.075,3.931,4.006
5677798.43,21120,0.078,4.203,4.281
5677824.48,21121,0.076,4.047,4.124
5677843.12,21122,4.282,4.055,8.337
5677846.69,21120,0.061,4.275,4.336
5677876.82,21122,0.075,3.943,4.017
5677910.29,21121,0.085,4.627,4.712
5677932.17,21120,0.082,4.04,4.122
5677936.41,21122,0.113,4.069,4.181
5677945.32,21121,0.061,4.062,4.124
5677975.51,21120,0.078,3.97,4.048
5677981.09,21122,0.074,3.97,4.044
5678011.79,21121,0.077,4.125,4.202
5678015.98,21120,0.107,4.021,4.128
5678033.8,21122,0.067,4.056,4.123
5678054.24,21121,0.083,4.228,4.311
5678060.98,21120,0.069,3.934,4.003
5678070.41,21122,1.138,5.304,6.442
5678071.04,21121,0.057,4.155,4.212
5678083.92,21120,0.06,4.02,4.081
5678100.78,21122,1.671,4.059,5.73
5678119.78,21121,0.083,3.986,4.069
5678144.15,21120,4.025,4.086,8.11
5678176.99,21122,0.099,3.97,4.068
5678183.95,21121,1.005,3.887,4.892
5678197.05,21120,0.077,4.129,4.205
5678218.66,21122,0.112,4.885,4.997
5678245.21,21121,0.077,4.085,4.162
5678251.19,21120,0.074,4.04,4.114
5678255.42,21122,0.058,4.076,4.134
5678324.3,21121,0.082,4.618,4.7
5678338.86,21120,0.084,4.298,4.381
5678352.11,21122,0.084,5.966,6.05
5678359.58,21121,0.08,4.037,4.118
5678373.46,21120,0.076,4.096,4.172
5678392.26,21122,0.142,4.034,4.175
5678421.77,21121,0.158,4.05,4.208
5678426.21,21120,0.073,4.109,4.181
5678433.16,21122,0.092,4.456,4.548
5678437.52,21121,0.122,4.174,4.296
5678478.29,21120,0.1,4.066,4.166
5678482.67,21122,0.079,4.072,4.151
5678490.81,21121,0.076,6.145,6.222
5678494.44,21120,1.543,4.067,5.61
5678534.02,21121,1.731,3.95,5.681
5678545.43,21122,0.07,4.063,4.133
5678581.64,21120,0.095,4.111,4.206
5678590.08,21121,0.077,4.02,4.097
5678596.98,21122,0.127,4.032,4.159
5678614.88,21120,1.59,4.245,5.836
5678620.9,21121,0.066,5.89,5.956
5678650.78,21122,0.078,4.169,4.247
5678660.73,21120,0.058,4.018,4.076
5678685.04,21121,0.07,3.929,3.998
5678717.85,21122,0.068,4.118,4.187
5678755.18,21120,0.072,4.064,4.136
5678783.32,21121,0.076,3.916,3.991
5678786.32,21122,0.065,4.089,4.154
5678793.13,21121,0.06,4.029,4.089
5678800.34,21120,0.071,4.17,4.241
5678811.95,21122,0.06,4.047,4.107
5678818.11,21121,0.059,4.008,4.067
5678828.7,21120,0.07,4.037,4.107
5678901.36,21122,0.089,4.222,4.311
5678922.9,21121,0.083,3.861,3.943
5678940.61,21120,0.094,4.046,4.14
5678972.18,21122,0.081,4.0,4.081
5678986.67,21121,0.075,4.051,4.126
5678992.77,21120,0.058,4.092,4.149
5678997.2,21122,0.052,4.277,4.329
5679003.19,21121,1.797,4.128,5.925
5679005.09,21120,1.357,5.966,7.323
5679099.64,21122,0.088,4.022,4.11
5679117.98,21121,1.494,3.905,5.399
5679145.17,21120,0.078,4.204,4.282
5679150.01,21122,0.865,3.918,4.783
5679183.03,21121,0.106,4.015,4.122
5679225.1,21120,1.001,5.931,6.932
5679235.24,21122,0.071,4.128,4.199
5679246.08,21121,0.077,4.008,4.085
5679294.04,21120,0.072,4.102,4.174
5679303.17,21122,2.21,4.103,6.313
5679309.12,21121,0.059,4.005,4.064
5679351.28,21120,0.085,3.97,4.055
5679473.41,21122,0.179,4.149,4.329
5679525.9,21121,0.131,3.943,4.074
5679589.4,21120,0.148,4.058,4.206
5679618.32,21122,0.152,4.098,4.25
5679797.77,21121,0.12,6.137,6.257
5679898.32,21120,0.109,4.004,4.113
5679986.18,21122,0.127,4.038,4.165
5679994.87,21121,0.084,4.09,4.174
5680034.52,21120,0.191,4.268,4.459
5680091.98,21122,0.081,4.126,4.207
5680104.1,21121,1.068,3.978,5.046
5680178.23,21120,0.085,4.084,4.169
5680228.07,21122,1.455,3.966,5.422
5680263.16,21121,1.033,4.07,5.103
5680457.43,21120,0.168,4.187,4.355
5680658.02,21122,0.198,3.936,4.134
5680753.55,21121,0.12,3.98,4.1
5680754.55,21120,0.061,4.037,4.098
5680765.25,21122,0.081,4.01,4.09
5680783.97,21121,0.077,6.029,6.106
5680835.24,21120,0.067,4.122,4.189
5680904.87,21122,0.086,3.971,4.057
5680952.28,21121,2.058,4.156,6.214
5681008.12,21120,0.135,4.098,4.233
5681119.47,21122,0.2,5.337,5.536
5681157.47,21121,0.171,4.193,4.365
5681237.43,21120,0.152,4.174,4.326
5681298.33,21122,0.116,4.149,4.264
5681312.21,21121,1.929,4.114,6.043
5681372.61,21120,0.15,4.303,4.453
5681380.13,21122,0.158,4.115,4.272
5681384.76,21121,0.128,6.111,6.24
5681502.05,21120,2.929,4.06,6.989
5681510.07,21122,0.921,3.997,4.918
5681563.72,21121,0.182,4.248,4.43
5681647.29,21120,0.976,4.13,5.106
5681719.07,21122,0.993,3.908,4.901
5681805.09,21121,2.076,3.961,6.036
5681845.99,21120,0.09,3.992,4.082
5681911.48,21122,0.102,3.948,4.051
5681959.14,21121,0.09,3.939,4.029
5682051.39,21120,0.164,4.366,4.531
5682063.12,21122,0.108,4.168,4.276
5682106.19,21121,0.097,4.033,4.13
5682110.34,21120,0.116,3.955,4.071
5682120.54,21122,0.076,4.086,4.162
5682136.08,21121,0.069,3.964,4.033
5682150.09,21121,1.84,3.978,5.818
5682152.01,21122,2.414,3.923,6.337
5682152.15,21120,1.169,8.082,9.25
5682161.94,21121,0.066,3.949,4.014
5682172.7,21122,0.058,4.041,4.099
5682191.01,21120,0.073,3.893,3.965
5682194.94,21121,0.048,4.063,4.111
5682204.21,21120,0.071,4.103,4.174
5682225.07,21122,0.062,4.099,4.161
5682231.16,21121,0.048,4.075,4.123
5682274.42,21120,2.027,4.341,6.368
5682282.15,21122,0.073,4.036,4.109
5682286.19,21121,0.059,4.093,4.152
5682336.89,21122,0.049,4.069,4.118
5682338.63,21121,0.056,4.022,4.078
5682343.16,21120,0.109,10.473,10.583
5682372.36,21122,1.579,5.732,7.31
5682373.12,21121,0.057,4.021,4.078
5682384.54,21120,0.185,4.365,4.55
5682401.7,21122,0.079,3.864,3.943
5682413.25,21121,0.063,4.145,4.208
5682460.25,21120,0.087,4.11,4.197
5682474.81,21122,0.088,3.94,4.028
5682479.07,21121,0.083,4.006,4.088
5682488.3,21120,0.096,4.158,4.253
5682495.42,21122,0.059,6.307,6.366
5682528.33,21121,0.174,6.202,6.376
5682537.12,21120,0.06,4.017,4.077
5682541.31,21122,0.206,4.068,4.275
5682562.56,21121,0.151,5.003,5.154
5682569.31,21120,0.073,4.116,4.189
5682581.1,21122,1.618,4.005,5.623
5682622.54,21121,0.164,4.064,4.228
5682653.24,21120,0.102,6.059,6.161
5682657.44,21122,0.125,3.993,4.118
5682687.63,21121,0.077,4.177,4.254
5682690.36,21120,0.084,4.015,4.098
5682744.17,21121,1.019,4.093,5.113
5682748.17,21122,0.079,4.05,4.13
5682753.76,21120,0.051,4.154,4.205
5682754.79,21121,0.07,6.441,6.511
5682758.03,21122,0.105,4.108,4.213
5682792.97,21121,0.072,5.176,5.248
5682892.62,21120,0.08,4.149,4.229
5682939.25,21122,0.092,3.999,4.092
5682945.13,21121,0.074,4.004,4.078
5682948.8,21120,0.062,4.02,4.081
5682970.3,21121,0.092,5.184,5.275
5682981.15,21122,0.058,4.047,4.105
5682985.25,21120,0.086,3.949,4.034
5683034.34,21121,0.076,4.046,4.122
5683081.77,21122,0.098,6.119,6.218
5683100.99,21120,0.076,4.027,4.103
5683114.19,21121,0.076,5.06,5.136
5683129.66,21122,0.074,4.046,4.12
5683133.87,21120,0.054,4.076,4.13
5683145.16,21121,0.076,4.02,4.097
5683149.19,21122,0.062,4.109,4.171
5683155.19,21121,1.697,4.122,5.819
5683167.2,21120,0.046,4.122,4.167
5683194.28,21122,0.062,4.073,4.136
5683204.93,21121,0.071,4.044,4.114
5683213.4,21120,0.064,4.171,4.235
5683217.87,21122,0.067,4.078,4.144
5683270.22,21121,0.077,5.34,5.417
5683282.27,21120,0.082,4.034,4.116
5683293.12,21122,0.064,4.112,4.176
5683297.37,21121,0.065,4.094,4.159
5683301.02,21120,0.059,4.03,4.09
5683310.48,21121,0.094,4.259,4.353
5683315.1,21122,0.301,4.019,4.319
5683322.11,21120,1.736,4.03,5.767
5683333.14,21121,0.07,4.026,4.096
5683345.51,21122,0.082,5.287,5.369
5683368.27,21120,0.111,4.092,4.202
5683375.18,21121,0.07,4.051,4.121
5683387.43,21122,0.112,4.26,4.372
5683406.93,21120,0.106,4.059,4.165
5683408.14,21121,0.074,4.008,4.083
5683414.6,21122,0.077,6.139,6.217
5683431.8,21120,0.084,4.073,4.157
5683436.23,21121,0.072,4.183,4.255
5683474.38,21122,0.088,4.244,4.332
5683476.58,21120,0.08,4.39,4.47
5683503.27,21121,0.086,4.137,4.223
5683513.16,21122,0.064,4.045,4.108
5683517.46,21120,0.106,4.1,4.205
5683526.59,21121,0.142,4.041,4.183
5683540.29,21122,0.651,4.026,4.677
5683542.85,21120,0.063,4.065,4.128
5683612.09,21122,2.022,4.032,6.054
5683640.94,21121,0.144,4.137,4.281
5683648.29,21120,0.153,4.132,4.285
5683678.25,21122,0.159,4.019,4.179
5683690.5,21121,0.079,3.965,4.044
5683706.24,21120,0.088,4.1,4.188
5683719.12,21122,0.08,4.123,4.202
5683732.27,21121,0.059,4.175,4.234
5683736.07,21120,0.064,3.961,4.025
5683779.73,21122,0.116,4.087,4.202
5683795.15,21121,0.069,4.041,4.11
5683805.3,21120,0.074,4.176,4.25
5683827.0,21122,0.076,4.068,4.144
5683834.22,21121,0.058,4.127,4.185
5683841.22,21120,0.081,4.132,4.213
5683889.44,21122,0.105,4.135,4.24
5683906.2,21121,0.081,4.064,4.146
5683938.87,21120,0.089,4.01,4.099
5683953.74,21122,0.101,5.963,6.064
5683958.28,21121,0.078,3.992,4.07
5683965.33,21120,0.083,4.079,4.162
5683983.07,21122,0.102,4.257,4.358
5683993.19,21121,0.99,4.085,5.074
5684001.41,21120,0.077,4.171,4.247
5684005.59,21122,0.078,4.003,4.081
5684024.19,21121,0.066,3.985,4.051
5684032.32,21120,0.069,4.206,4.275
5684041.09,21122,1.912,4.035,5.947
5684055.83,21121,0.073,4.047,4.12
5684072.47,21120,0.08,4.213,4.293
5684079.2,21122,0.072,4.059,4.13
5684117.24,21120,0.06,6.115,6.175
5684119.76,21121,0.084,10.634,10.718
5684146.07,21122,2.062,3.965,6.027
5684265.12,21120,0.267,4.126,4.393
5684271.81,21121,0.14,4.029,4.168
5684316.17,21122,0.08,4.049,4.128
5684390.65,21120,0.114,4.027,4.141
5684397.75,21122,0.067,4.002,4.069
5684398.09,21121,0.061,4.154,4.215
5684454.38,21120,0.11,4.096,4.206
5684456.22,21122,0.058,4.085,4.143
5684459.38,21121,0.088,4.185,4.273
5684464.51,21122,0.081,4.8,4.881
5684496.22,21120,2.005,6.109,8.114
5684510.31,21121,0.073,4.2,4.273
5684514.51,21122,0.061,4.066,4.127
5684560.98,21120,0.09,4.041,4.131
5684570.21,21121,0.085,4.021,4.106
5684571.8,21122,0.082,3.957,4.038
5684579.13,21120,0.072,4.873,4.946
5684583.1,21121,2.444,3.985,6.429
5684594.14,21120,1.92,4.074,5.994
5684594.32,21122,0.571,4.193,4.764
5684607.09,21121,0.079,3.971,4.05
5684618.01,21120,0.073,4.206,4.279
5684618.65,21122,0.049,4.039,4.088
5684631.13,21121,0.088,3.989,4.077
5684635.35,21120,0.065,4.094,4.159
5684637.15,21122,0.056,4.055,4.111
5684641.21,21121,0.208,3.967,4.175
5684645.41,21120,0.259,4.11,4.369
5684646.42,21122,0.065,4.021,4.086
5684695.96,21121,0.161,4.028,4.189
5684706.42,21120,0.104,4.107,4.211
5684717.2,21122,3.078,4.061,7.139
5684727.13,21121,0.064,4.018,4.081
5684734.39,21120,0.153,4.132,4.285
5684738.88,21122,0.072,4.184,4.256
5684757.09,21121,2.022,4.036,6.058
5684757.13,21120,1.135,3.993,5.127
5684790.02,21121,0.057,4.926,4.983
5684791.83,21122,0.095,8.033,8.127
5684831.08,21120,0.077,4.076,4.153
5684843.22,21122,0.05,6.125,6.175
5684843.66,21121,2.08,8.532,10.612
5684850.48,21120,0.072,4.001,4.074
5684900.81,21122,0.067,8.011,8.078
5684901.03,21121,2.03,5.969,7.999
5684901.86,21120,0.055,4.028,4.083
5684908.05,21122,0.078,3.94,4.017
5684913.86,21121,0.057,4.131,4.187
5684926.99,21120,0.093,4.029,4.122
5684942.09,21122,2.396,8.048,10.444
5684942.15,21121,2.337,3.945,6.282
5684944.27,21120,0.048,4.188,4.236
5684948.7,21122,0.07,4.263,4.333
5684957.59,21121,0.071,4.088,4.159
5684963.2,21120,0.062,4.096,4.158
5685002.27,21122,0.082,4.317,4.4
5685009.85,21121,0.074,3.959,4.033
5685014.56,21120,0.06,4.115,4.175
5685043.98,21122,0.109,5.815,5.925
5685066.26,21121,0.077,4.133,4.21
5685068.24,21120,0.056,4.122,4.178
5685074.28,21122,2.049,4.19,6.238
5685091.76,21121,0.151,3.969,4.12
5685096.24,21120,0.059,4.009,4.068
5685108.89,21122,0.164,4.101,4.266
5685115.26,21121,0.118,4.547,4.665
5685133.38,21120,0.073,5.759,5.832
5685141.35,21122,0.08,6.097,6.177
5685157.07,21121,2.025,4.004,6.029
5685159.68,21120,0.053,4.079,4.131
5685163.78,21122,2.621,4.007,6.628
5685195.55,21121,0.066,3.979,4.045
5685214.26,21120,2.045,4.176,6.221
5685220.33,21122,2.064,6.222,8.286
5685226.04,21121,1.657,3.959,5.615
5685228.02,21120,0.054,3.929,3.983
5685283.6,21122,0.224,4.245,4.469
5685331.16,21121,0.08,4.028,4.108
5685335.38,21120,0.065,4.041,4.106
5685354.71,21122,0.063,4.155,4.219
5685359.35,21121,0.091,4.214,4.305
5685361.0,21120,0.066,4.167,4.233
5685399.18,21122,2.058,4.073,6.131
5685415.89,21121,0.085,4.04,4.125
5685425.55,21120,0.89,6.473,7.363
5685486.67,21122,0.099,4.283,4.382
5685488.9,21121,0.248,4.745,4.993
5685501.21,21120,0.088,4.047,4.135
5685527.42,21122,0.075,5.066,5.14
5685541.54,21120,2.067,6.427,8.495
5685541.81,21121,2.064,8.714,10.778
5685546.05,21122,0.094,4.061,4.155
5685559.56,21120,0.069,4.091,4.16
5685604.18,21121,0.078,4.053,4.131
5685609.31,21122,0.06,4.992,5.052
5685621.2,21120,0.071,4.086,4.158
5685677.98,21121,0.098,3.996,4.095
5685705.58,21122,0.088,4.948,5.036
5685726.07,21120,0.093,4.329,4.422
5685750.22,21121,0.164,4.078,4.243
5685770.23,21122,0.122,6.034,6.156
5685790.26,21120,0.078,4.119,4.197
5685797.9,21121,0.057,4.101,4.159
5685807.12,21122,1.337,4.051,5.388
5685818.28,21120,0.066,4.169,4.235
5685832.96,21121,0.077,4.214,4.29
5685837.42,21122,0.136,4.224,4.36
5685854.23,21120,3.47,4.158,7.628
5685888.21,21121,0.075,4.08,4.155
5685892.32,21122,0.068,3.982,4.049
5685973.68,21120,1.444,4.18,5.624
5685976.51,21121,0.096,4.136,4.232
5685982.69,21122,0.135,4.051,4.186
5685990.06,21120,2.36,4.005,6.365
5686020.18,21121,1.822,4.086,5.908
5686045.9,21122,0.078,4.036,4.114
5686059.31,21120,0.079,6.179,6.258
5686176.27,21121,0.95,4.141,5.091
5686192.54,21122,0.075,4.034,4.108
5686206.24,21120,0.077,4.109,4.185
5686210.53,21121,0.089,4.046,4.135
5686219.95,21122,0.058,4.042,4.101
5686243.06,21120,0.085,4.064,4.149
5686283.14,21121,2.055,4.045,6.1
5686298.32,21122,0.076,6.081,6.157
5686299.17,21120,0.077,4.006,4.084
5686303.38,21121,0.057,4.1,4.157
5686365.77,21122,0.184,4.524,4.708
5686373.2,21120,0.086,6.064,6.15
5686387.72,21121,2.344,7.594,9.938
5686388.55,21122,0.056,5.895,5.951
5686391.82,21120,0.061,3.98,4.041
5686406.69,21122,0.064,4.007,4.07
5686425.33,21121,0.08,3.933,4.013
5686457.23,21120,0.092,4.124,4.216
5686467.47,21122,0.084,4.145,4.229
5686501.92,21121,0.16,4.076,4.236
5686514.58,21120,0.108,4.063,4.172
5686658.23,21122,0.147,4.006,4.153
5686664.34,21121,0.118,4.144,4.262
5686766.13,21120,0.288,4.103,4.391
5686767.97,21122,0.075,4.042,4.117
5686772.55,21121,0.082,4.151,4.233
5686861.29,21120,0.146,4.088,4.234
5686939.32,21122,0.116,4.139,4.256
5687071.62,21121,0.392,4.344,4.736
5687250.79,21120,0.12,5.726,5.846
5687259.14,21122,0.098,3.985,4.083
5687266.11,21121,0.082,3.977,4.06
5687297.82,21120,1.681,3.915,5.597
5687325.57,21122,0.072,4.151,4.223
5687451.22,21121,0.117,4.046,4.164
5687464.12,21120,0.118,4.035,4.153
5687473.06,21122,0.082,4.114,4.196
5687493.01,21121,2.047,3.908,5.955
5687560.15,21120,1.968,4.026,5.994
5687587.57,21122,0.087,4.148,4.235
5687646.22,21121,0.086,4.13,4.216
5687689.94,21120,0.789,4.093,4.881
5687693.52,21122,0.05,4.062,4.112
5687703.26,21120,1.85,4.177,6.028
5687737.62,21121,0.075,4.207,4.283
5687928.94,21122,0.168,4.034,4.202
5687976.21,21120,0.142,3.989,4.13
5688120.3,21121,0.139,4.078,4.217
5688275.64,21122,0.153,4.179,4.331
5688281.98,21120,0.116,3.935,4.05
5688283.42,21121,0.09,4.24,4.33
5688296.0,21122,0.09,4.037,4.127
5688304.09,21121,0.052,4.192,4.244
5688304.21,21120,0.062,6.099,6.161
5688320.16,21122,0.075,4.043,4.118
5688346.71,21121,0.07,4.065,4.135
5688354.35,21120,0.074,4.092,4.165
5688361.1,21122,0.06,4.043,4.103
5688374.52,21121,0.077,4.39,4.467
5688380.23,21120,1.51,4.133,5.643
5688386.03,21122,0.076,3.951,4.028
5688392.07,21121,0.08,4.378,4.459
5688396.38,21120,0.063,4.055,4.119
5688400.51,21122,0.055,4.013,4.068
5688410.42,21121,0.106,4.113,4.219
5688423.66,21120,0.084,4.201,4.284
5688448.42,21122,0.518,4.051,4.569
5688449.68,21121,0.05,4.12,4.171
5688454.99,21120,0.049,5.152,5.202
5688466.73,21122,0.078,4.116,4.194
5688469.67,21121,0.092,4.081,4.174
5688473.98,21122,0.064,4.046,4.11
5688517.65,21120,0.088,4.504,4.592
5688531.97,21121,0.076,4.246,4.322
5688569.14,21122,0.084,6.003,6.087
5688623.57,21120,0.082,4.329,4.411
5688629.09,21121,0.074,4.238,4.312
5688639.14,21122,0.846,4.043,4.888
5688662.23,21120,0.09,4.461,4.55
5688697.37,21121,0.074,4.397,4.471
5688724.64,21122,0.088,3.976,4.064
5688735.39,21120,0.072,4.089,4.161
5688739.63,21121,0.714,4.099,4.814
5688758.87,21122,0.075,4.005,4.079
5688826.32,21120,0.079,4.089,4.168
5688831.02,21121,0.07,4.158,4.228
5688837.87,21122,0.083,6.534,6.617
5688861.94,21120,0.071,4.11,4.181
5688907.32,21121,0.17,4.113,4.283
5688926.97,21122,0.121,3.914,4.035
5688932.77,21120,0.068,4.164,4.232
5688944.77,21121,0.096,4.076,4.172
5688953.06,21122,2.898,3.988,6.886
5689000.32,21120,0.076,4.088,4.164
5689011.28,21121,0.073,3.975,4.048
5689053.8,21122,0.099,3.962,4.06
5689078.47,21120,0.085,3.989,4.074
5689091.32,21121,0.067,3.95,4.017
5689097.04,21122,1.678,3.979,5.657
5689106.48,21120,0.058,4.033,4.091
5689126.2,21121,2.269,4.086,6.354
5689130.29,21122,0.057,3.972,4.029
5689146.2,21120,0.069,4.093,4.162
5689155.6,21121,0.063,4.042,4.104
5689182.02,21122,0.068,3.996,4.064
5689225.4,21120,0.076,4.249,4.325
5689283.28,21121,1.951,4.164,6.115
5689291.62,21122,0.071,4.15,4.221
5689319.64,21120,1.1,4.491,5.591
5689348.77,21121,0.134,4.153,4.287
5689373.44,21122,0.23,5.043,5.274
5689373.79,21120,0.151,4.158,4.309
5689417.18,21121,0.946,4.072,5.017
5689421.4,21122,0.687,4.049,4.736
5689440.92,21120,0.075,4.411,4.485
5689452.6,21121,0.064,4.235,4.298
5689457.34,21122,0.09,4.18,4.27
5689479.99,21120,0.086,4.017,4.104
5689490.3,21121,0.058,4.1,4.158
5689496.05,21122,0.053,3.963,4.016
5689537.97,21120,0.161,6.055,6.216
5689551.34,21121,0.068,4.117,4.185
5689553.85,21122,0.067,5.906,5.972
5689568.44,21120,0.058,6.338,6.396
5689570.66,21121,0.077,4.567,4.644
5689597.31,21122,0.054,4.083,4.137
5689608.11,21120,0.082,4.154,4.236
5689628.57,21121,0.056,4.475,4.531
5689645.34,21122,0.056,4.075,4.131
5689735.64,21120,0.263,4.277,4.54
5689747.14,21121,0.096,3.988,4.084
5689800.21,21122,0.121,4.165,4.286
5689839.15,21120,0.105,5.979,6.083
5689858.89,21121,0.108,4.04,4.148
5689923.2,21122,2.334,4.044,6.378
5689938.19,21120,0.149,5.16,5.309
5689943.71,21121,0.104,4.036,4.14
5689968.43,21122,0.118,3.961,4.079
5689976.45,21120,0.086,4.194,4.28
5690024.15,21121,0.086,3.999,4.086
5690146.49,21122,0.126,4.075,4.202
5690209.19,21120,1.038,4.09,5.128
5690217.54,21121,0.081,5.726,5.807
5690226.89,21122,0.066,4.021,4.087
5690234.15,21120,1.531,4.083,5.614
5690241.94,21121,0.078,3.969,4.047
5690281.01,21122,0.083,4.129,4.212
5690311.26,21120,0.111,4.081,4.192
5690317.23,21121,0.063,4.126,4.189
5690351.49,21122,0.087,4.056,4.143
5690458.74,21120,0.257,4.138,4.395
5690490.8,21121,0.123,4.6,4.723
5690549.01,21122,0.12,3.984,4.104
5690622.03,21120,0.537,4.579,5.116
5690738.22,21121,3.292,4.027,7.319
5690780.28,21122,0.119,4.092,4.211
5690901.25,21120,1.578,4.134,5.711
5690962.56,21121,0.102,4.355,4.457
5691115.52,21122,0.156,4.769,4.925
5691121.68,21120,0.163,4.023,4.186
5691339.45,21121,0.206,4.162,4.368
5691412.86,21122,0.146,6.004,6.15
5691425.42,21120,0.123,4.05,4.173
5691462.88,21121,0.09,4.006,4.095
5691538.68,21122,0.106,3.944,4.05
5691586.2,21120,0.084,4.057,4.14
5691626.41,21121,0.141,5.858,5.998
5691770.41,21122,0.093,4.197,4.29
5691828.26,21120,2.974,4.117,7.091
5691888.6,21121,0.088,4.444,4.532
5691956.78,21122,0.15,4.085,4.235
5691994.07,21120,2.314,4.0,6.314
5692027.4,21121,0.154,4.157,4.311
5692117.81,21122,0.132,4.183,4.315
5692140.14,21120,0.117,4.987,5.104
5692152.06,21121,0.935,3.973,4.908
5692204.22,21122,0.088,4.079,4.167
5692260.36,21120,0.088,4.107,4.195
5692357.18,21121,0.099,4.022,4.121
5692387.65,21122,0.097,4.055,4.151
5692549.47,21120,0.206,4.018,4.224
5692679.27,21121,0.161,4.005,4.166
5692692.82,21122,0.086,4.008,4.094
5693091.23,21120,2.074,4.074,6.148
5693124.1,21121,0.125,4.0,4.126
5693146.18,21122,0.107,3.998,4.105
5693150.52,21120,0.069,4.032,4.101
5693298.54,21121,0.108,3.915,4.022
5693313.52,21122,0.099,4.002,4.101
5693331.84,21120,0.09,4.0,4.09
5693355.98,21121,0.088,3.939,4.027
5693382.35,21122,0.077,4.295,4.371
5693405.88,21120,0.157,4.06,4.217
5693437.96,21121,0.099,4.116,4.215
5693619.04,21122,0.177,5.998,6.176
5693651.33,21120,0.168,4.082,4.249
5693707.53,21121,0.142,4.317,4.459
5693716.74,21122,0.13,3.994,4.124
5693778.75,21120,0.171,4.015,4.186
5693957.06,21121,0.18,4.114,4.294
5694069.08,21122,2.322,4.01,6.332
5694074.9,21120,0.115,4.119,4.234
5694135.28,21121,0.159,4.03,4.19
5694265.39,21122,0.159,4.138,4.297
5694427.3,21120,0.148,6.07,6.218
5694510.8,21121,0.166,5.393,5.558
5694517.28,21122,0.138,4.136,4.274
5694521.61,21120,1.408,4.153,5.561
5694571.87,21121,0.162,6.072,6.233
5694639.52,21122,0.257,4.174,4.431
5694697.0,21120,0.149,3.966,4.115
5694718.69,21121,0.187,4.006,4.193
5694828.42,21122,0.163,4.167,4.33
5694885.84,21120,0.154,3.961,4.115
5694938.65,21121,1.117,5.168,6.286
5695129.45,21122,0.234,4.122,4.356
5695236.21,21120,0.146,3.981,4.126
5695251.16,21121,0.107,3.981,4.088
5695251.79,21122,0.07,4.047,4.116
5695261.01,21120,0.095,4.073,4.169
5695266.24,21121,0.065,4.977,5.042
5695281.31,21122,0.088,4.159,4.247
5695349.48,21120,0.114,4.033,4.147
5695362.66,21121,0.119,4.084,4.203
5695365.25,21122,0.09,4.099,4.189
5695377.14,21120,0.082,3.904,3.986
5695440.04,21121,0.135,4.023,4.158
5695489.47,21122,0.144,4.06,4.204
5695502.23,21120,0.102,4.073,4.175
5695511.18,21121,1.301,4.096,5.397
5695562.11,21122,0.18,4.004,4.183
5695778.56,21120,0.175,3.948,4.123
5695818.55,21121,0.129,3.997,4.127
5695864.28,21122,0.151,4.135,4.286
5695913.12,21120,2.187,4.058,6.246
5695923.28,21121,2.076,4.139,6.215
5695941.14,21122,0.084,4.006,4.09
5696036.27,21120,0.213,4.001,4.214
5696055.44,21121,0.143,4.206,4.35
5696058.75,21122,0.075,4.158,4.233
5696086.72,21121,0.142,4.3,4.442
5696106.26,21120,1.391,4.075,5.467
5696261.81,21122,0.139,4.049,4.188
5696294.22,21121,2.379,4.048,6.427
5696315.02,21120,0.097,3.977,4.074
5696463.28,21122,0.152,4.043,4.195
5696472.76,21121,0.097,4.055,4.152
5696535.89,21120,0.11,4.068,4.178
5696586.07,21122,0.108,4.024,4.133
5696639.18,21121,0.146,3.967,4.112
5696674.45,21120,0.102,4.036,4.138
5696716.24,21122,0.082,4.101,4.183
5696736.15,21121,1.088,3.997,5.085
5696773.86,21120,0.1,4.098,4.198
5697054.26,21122,0.148,4.033,4.182
5697068.63,21121,0.122,4.017,4.14
5697092.57,21120,0.098,4.0,4.097
5697100.07,21122,0.071,4.11,4.181
5697148.9,21121,0.122,4.009,4.131
5697175.89,21120,0.119,6.178,6.297
5697193.71,21122,0.091,4.002,4.093
5697216.09,21121,1.751,7.447,9.198
5697218.18,21120,0.078,4.277,4.355
5697256.27,21122,0.13,4.057,4.187
5697304.59,21121,0.649,8.425,9.074
5697306.26,21120,0.799,8.138,8.938
5697364.67,21122,0.096,4.241,4.337
5697579.2,21121,2.091,3.98,6.071
5697606.89,21120,0.109,4.008,4.116
5697769.98,21122,0.144,4.047,4.191
5697922.58,21121,0.861,8.377,9.238
5697924.21,21120,0.086,8.088,8.174
5697961.27,21122,0.104,4.097,4.201
5697977.08,21121,2.361,4.027,6.388
5698140.18,21120,1.795,4.02,5.815
5698216.12,21122,0.133,3.917,4.05
5698247.68,21121,0.119,4.163,4.283
5698251.1,21120,0.069,4.202,4.27
5698261.45,21122,0.079,4.072,4.151
5698265.75,21121,0.062,4.028,4.09
5698271.57,21120,0.082,4.151,4.234
5698296.26,21122,0.132,4.038,4.17
5698328.12,21121,0.175,3.944,4.119
5698333.67,21120,0.082,6.073,6.155
5698339.01,21121,1.327,3.927,5.254
5698339.37,21122,1.265,4.213,5.477
5698357.49,21120,0.09,3.959,4.049
5698405.46,21121,0.088,4.313,4.401
5698407.19,21122,0.058,4.047,4.105
5698436.61,21120,0.073,4.097,4.17
5698445.33,21121,0.079,4.01,4.089
5698450.19,21122,0.054,4.232,4.286
5698482.27,21120,0.085,4.141,4.226
5698516.11,21121,0.085,5.161,5.246
5698533.18,21122,0.078,4.039,4.117
5698537.35,21120,0.056,4.006,4.062
5698543.7,21121,0.092,6.191,6.283
5698560.2,21122,0.066,4.095,4.161
5698568.03,21120,0.058,3.942,3.999
5698579.43,21121,0.065,3.921,3.986
5698586.74,21122,0.058,4.001,4.059
5698608.43,21120,0.06,3.998,4.059
5698631.71,21121,0.092,4.03,4.122
5698636.13,21122,0.057,6.031,6.088
5698648.17,21121,0.063,4.072,4.134
5698659.87,21120,0.08,4.151,4.232
5698664.05,21122,0.061,4.043,4.104
5698669.12,21121,0.091,3.99,4.081
5698699.73,21120,0.097,4.138,4.234
5698735.47,21122,0.075,4.001,4.076
5698763.17,21121,0.082,4.044,4.126
5698768.19,21120,0.819,4.132,4.951
5698806.07,21122,0.103,4.0,4.104
5698819.58,21121,0.088,4.434,4.522
5698829.25,21120,0.09,4.043,4.133
5698848.15,21122,2.364,4.047,6.41
5698860.36,21121,0.068,4.24,4.309
5698865.25,21120,0.057,4.034,4.09
5698885.67,21122,0.059,4.032,4.091
5698903.86,21121,0.079,4.186,4.265
5698931.07,21120,0.077,4.118,4.195
5698935.5,21122,0.107,4.081,4.188
5698953.62,21121,0.097,4.132,4.229
5698959.36,21120,1.665,4.229,5.894
5698971.48,21122,0.085,4.04,4.125
5698976.9,21121,0.06,5.151,5.211
5698993.87,21120,0.076,4.251,4.327
5699000.27,21122,0.055,4.061,4.116
5699009.18,21121,1.892,4.088,5.98
5699017.32,21120,0.071,4.209,4.28
5699026.39,21122,0.075,4.055,4.13
5699037.68,21121,0.065,3.983,4.048
5699082.15,21120,0.098,4.135,4.232
5699094.04,21122,0.074,6.134,6.208
5699128.27,21121,0.078,4.042,4.12
5699134.3,21120,0.088,4.302,4.39
5699149.73,21122,0.071,3.992,4.063
5699178.07,21121,4.019,4.014,8.033
5699201.11,21120,0.079,4.162,4.241
5699217.18,21122,0.072,4.07,4.142
5699244.07,21121,0.075,4.96,5.035
5699245.5,21120,0.057,4.021,4.077
5699249.88,21122,0.072,4.192,4.264
5699256.09,21121,0.054,3.891,3.945
5699278.02,21120,0.08,4.129,4.209
5699282.33,21122,0.056,4.043,4.099
5699286.53,21121,0.091,4.042,4.133
5699288.13,21120,0.059,4.188,4.247
5699292.67,21122,0.056,4.28,4.336
5699296.86,21121,2.384,4.011,6.395
5699333.94,21120,0.125,4.188,4.313
5699340.37,21122,0.099,4.206,4.305
5699353.54,21121,0.128,4.221,4.349
5699365.3,21120,0.128,4.095,4.223
5699376.99,21122,0.089,4.033,4.122
5699384.17,21121,1.027,4.087,5.114
5699393.96,21120,0.072,4.121,4.194
5699412.9,21122,0.075,4.117,4.192
5699422.07,21121,1.06,4.078,5.138
5699436.47,21120,2.389,4.381,6.77
5699459.14,21122,0.084,4.007,4.09
5699475.09,21121,0.066,3.981,4.047
5699485.07,21120,0.074,4.027,4.101
5699513.44,21122,0.07,3.971,4.041
5699555.18,21121,0.104,4.164,4.268
5699559.57,21120,0.17,4.104,4.274
5699621.07,21122,1.056,3.963,5.019
5699625.18,21121,0.056,4.063,4.119
5699639.12,21122,1.482,4.048,5.53
5699647.54,21120,0.063,4.436,4.499
5699651.57,21121,0.049,4.068,4.117
5699671.06,21120,3.918,3.991,7.909
5699685.77,21122,0.06,4.144,4.204
5699718.19,21121,0.102,5.898,5.999
5699754.52,21120,0.1,4.132,4.232
5699770.07,21122,0.08,3.941,4.021
5699783.41,21121,0.083,4.046,4.129
5699957.86,21120,0.186,4.053,4.239
5700106.86,21122,0.134,4.109,4.244
5700111.19,21121,1.203,4.069,5.271
5700187.65,21120,0.124,4.375,4.498
5700268.22,21122,0.108,5.047,5.154
5700328.93,21121,0.093,4.152,4.245
5700333.12,21120,0.113,3.989,4.102
5700408.24,21122,0.149,4.008,4.157
5700413.6,21121,0.077,4.033,4.11
5700417.9,21120,0.063,4.143,4.207
5700513.54,21122,0.122,6.371,6.493
5700530.95,21121,0.092,4.054,4.146
5700596.55,21120,0.099,4.152,4.251
5700617.75,21122,1.637,4.014,5.651
5700620.06,21121,2.396,3.972,6.368
5700628.02,21120,0.083,4.065,4.148
5700718.38,21122,0.117,4.03,4.147
5700719.18,21121,0.07,4.064,4.134
5700795.84,21120,0.137,3.957,4.093
5700801.13,21122,0.16,4.044,4.204
5700812.26,21121,0.086,4.007,4.094
5700820.64,21120,0.065,8.109,8.173
5700821.62,21121,0.053,4.062,4.115
5700822.91,21122,0.055,6.814,6.868
5700843.14,21120,3.747,4.057,7.804
5700865.29,21121,0.075,4.002,4.077
5700876.28,21122,0.074,4.161,4.234
5700897.39,21120,0.063,4.096,4.159
5700945.27,21121,0.072,4.151,4.223
5700958.3,21122,0.292,6.261,6.553
5700960.66,21120,0.073,4.545,4.618
5700963.26,21121,0.056,4.148,4.204
5700969.17,21122,0.08,4.078,4.159
5700985.19,21120,0.076,4.059,4.134
5700997.93,21121,0.084,4.192,4.277
5701048.43,21122,0.11,4.036,4.145
5701077.04,21121,0.058,3.966,4.024
5701077.53,21120,0.17,6.304,6.474
5701083.16,21122,1.985,4.069,6.053
5701092.07,21121,0.054,3.979,4.033
5701098.13,21120,1.964,4.02,5.983
5701113.54,21122,0.058,4.119,4.177
5701146.15,21121,0.106,4.091,4.197
5701236.25,21120,0.244,4.034,4.278
5701323.11,21122,0.136,3.983,4.119
5701334.83,21121,0.121,4.021,4.143
5701343.27,21120,0.116,6.085,6.201
5701357.38,21122,0.08,3.981,4.061
5701372.19,21121,0.09,4.039,4.129
5701393.69,21120,0.098,4.152,4.25
5701414.92,21122,0.096,4.053,4.149
5701422.2,21121,0.109,4.131,4.24
5701432.6,21120,0.115,4.411,4.526
5701440.3,21122,1.03,4.19,5.22
5701449.5,21121,0.081,4.011,4.092
5701518.79,21120,1.068,7.661,8.73
5701519.55,21122,0.056,6.888,6.944
5701565.17,21121,0.077,4.046,4.123
5701576.06,21120,1.472,3.982,5.453
5701583.6,21122,0.076,4.007,4.084
5701602.83,21121,0.071,4.064,4.134
5701615.71,21120,0.063,4.045,4.108
5701624.22,21122,1.522,4.145,5.667
5701650.11,21121,0.074,3.999,4.072
5701681.76,21120,0.153,4.035,4.188
5701773.15,21122,0.092,4.347,4.439
5701809.24,21121,0.075,4.111,4.187
5701866.47,21120,0.855,5.092,5.948
5701884.13,21122,0.091,4.073,4.164
5701898.18,21121,0.058,4.068,4.126
5701901.39,21120,0.122,4.141,4.263
5701915.34,21122,0.077,4.201,4.279
5701919.49,21121,0.896,4.026,4.922
5701935.91,21120,0.088,4.073,4.161
5701945.09,21122,0.079,6.136,6.215
5701954.19,21121,0.068,4.038,4.106
5701964.72,21120,0.095,4.165,4.26
5701974.97,21122,0.091,5.212,5.304
5701988.95,21121,0.085,4.009,4.094
5701993.4,21120,0.067,4.165,4.233
5701999.79,21122,0.074,4.074,4.148
5702008.82,21120,0.05,5.707,5.757
5702009.82,21121,0.084,8.406,8.49
5702016.37,21122,0.103,4.153,4.256
5702040.96,21121,0.061,4.074,4.135
5702047.15,21120,2.031,6.07,8.101
5702054.8,21122,0.05,4.088,4.138
5702102.01,21121,0.066,4.105,4.172
5702108.32,21120,0.052,4.232,4.285
5702124.85,21122,0.1,4.118,4.217
5702146.07,21121,0.116,5.889,6.004
5702167.53,21120,1.758,4.067,5.825
5702200.33,21122,0.101,6.108,6.209
5702204.71,21121,0.067,4.073,4.14
5702217.45,21120,0.076,4.146,4.221
5702223.16,21122,0.06,4.061,4.121
5702235.73,21121,0.06,4.62,4.68
5702261.17,21120,0.908,4.223,5.131
5702265.66,21122,2.249,4.361,6.61
5702281.61,21121,0.085,4.174,4.259
5702288.2,21120,0.076,4.079,4.154
5702300.08,21122,0.061,4.041,4.102
5702304.26,21121,0.057,4.018,4.074
5702331.82,21120,0.077,4.338,4.415
5702347.17,21122,0.067,4.259,4.326
5702351.38,21121,0.282,4.051,4.333
5702388.16,21120,0.076,4.042,4.118
5702413.11,21122,0.072,3.995,4.068
5702445.13,21121,0.711,6.059,6.77
5702446.42,21120,1.664,4.293,5.957
5702452.77,21122,0.093,4.185,4.278
5702475.43,21121,0.187,4.148,4.335
5702476.32,21120,0.1,4.044,4.144
5702490.32,21122,0.113,3.969,4.082
5702574.02,21121,2.035,3.925,5.959
5702580.47,21120,0.093,4.321,4.414
5702594.26,21122,2.067,4.147,6.214
5702598.41,21121,4.078,4.029,8.107
5702613.43,21120,0.213,4.176,4.389
5702618.07,21122,3.356,4.465,7.821
5702646.05,21121,0.09,4.158,4.248
5702668.23,21120,0.843,4.101,4.944
5702690.32,21122,0.08,3.996,4.077
5702706.89,21121,0.087,4.126,4.213
5702713.41,21120,0.654,5.779,6.434
5702719.11,21122,0.078,4.08,4.158
5702722.61,21121,0.064,4.064,4.128
5702763.54,21120,1.422,4.442,5.864
5702783.15,21122,2.034,4.065,6.099
5702796.72,21121,0.089,4.126,4.214
5702804.42,21120,0.217,5.143,5.36
5702844.72,21122,0.094,4.021,4.115
5702906.28,21121,0.188,4.039,4.227
5702912.24,21120,1.772,4.104,5.876
5702918.0,21122,0.068,3.982,4.05
5702924.59,21121,0.064,4.139,4.203
5702962.43,21120,0.089,4.143,4.232
5702970.64,21122,0.079,4.0,4.078
5702978.96,21121,0.068,4.196,4.264
5702996.88,21120,0.106,4.068,4.174
5703023.19,21122,0.08,3.952,4.032
5703091.14,21121,0.082,4.012,4.095
5703114.89,21120,0.111,4.121,4.232
5703127.97,21122,0.071,4.045,4.116
5703205.55,21121,0.087,3.977,4.065
5703218.25,21120,0.101,5.098,5.199
5703331.13,21122,0.114,4.247,4.361
5703386.41,21121,0.09,4.007,4.096
5703404.7,21120,0.08,4.165,4.245
5703511.39,21122,1.063,4.235,5.298
5703519.3,21121,0.111,4.109,4.22
5703619.22,21120,0.259,6.101,6.36
5703651.77,21122,0.123,4.048,4.171
5703665.18,21121,0.173,4.257,4.429
5703669.34,21120,0.073,4.01,4.083
5703681.2,21122,0.077,4.054,4.13
5703709.62,21121,0.097,4.101,4.198
5703733.12,21120,0.279,4.092,4.371
5703763.49,21122,0.077,4.172,4.25
5703784.57,21121,0.075,4.061,4.137
5703790.11,21120,1.308,4.05,5.359
5703798.53,21122,0.064,5.416,5.48
5703817.19,21121,0.063,4.09,4.153
5703836.16,21120,0.07,4.046,4.116
5703870.68,21122,0.095,4.054,4.149
5703904.15,21121,0.073,4.032,4.105
5703914.59,21120,0.086,6.047,6.133
5703997.23,21122,0.081,4.085,4.166
5704002.86,21121,0.078,4.087,4.165
5704007.07,21120,0.061,4.087,4.149
5704025.19,21122,0.067,4.107,4.174
5704026.26,21121,0.074,4.117,4.191
5704030.62,21120,0.06,4.052,4.112
5704064.85,21122,0.084,4.053,4.137
5704070.57,21121,0.074,4.057,4.131
5704082.14,21120,1.635,4.038,5.673
5704096.46,21122,0.078,4.216,4.294
5704106.43,21121,0.106,4.029,4.135
5704126.53,21120,0.171,3.988,4.159
5704140.17,21122,0.09,4.031,4.121
5704176.53,21121,0.109,6.148,6.257
5704209.32,21120,2.035,6.153,8.188
5704219.28,21122,0.086,4.134,4.22
5704228.08,21121,1.029,4.002,5.031
5704228.29,21120,0.059,4.042,4.101
5704232.47,21122,0.056,4.051,4.107
5704248.07,21121,1.792,3.981,5.773
5704266.89,21120,0.073,4.301,4.374
5704271.29,21122,0.066,4.152,4.219
5704275.6,21121,0.077,4.175,4.251
5704284.32,21120,0.069,4.389,4.458
5704300.14,21122,0.061,4.291,4.352
5704321.45,21121,0.079,3.912,3.991
5704359.54,21120,0.079,4.067,4.146
5704382.55,21122,0.094,4.151,4.245
5704391.75,21121,0.067,3.995,4.062
5704410.27,21120,0.066,4.16,4.226
5704424.09,21122,0.065,4.012,4.077
5704428.23,21121,0.058,4.017,4.075
5704471.03,21120,0.073,6.131,6.204
5704485.69,21122,0.084,4.551,4.636
5704495.91,21121,0.073,4.313,4.387
5704530.71,21120,0.089,4.423,4.513
5704534.95,21122,0.094,4.042,4.136
5704542.56,21121,0.122,6.244,6.367
5704546.8,21120,0.14,5.727,5.867
5704551.6,21122,0.062,7.073,7.135
5704555.43,21121,2.154,4.153,6.306
5704563.19,21122,0.083,4.107,4.19
5704569.3,21120,0.085,4.146,4.231
5704575.26,21121,1.697,4.189,5.886
5704576.85,21122,0.057,4.095,4.152
5704618.94,21120,0.071,3.966,4.037
5704673.83,21121,0.089,3.973,4.063
5704689.16,21122,0.069,4.048,4.117
5704693.54,21120,0.059,4.243,4.302
5704697.64,21121,0.61,3.983,4.593
5704750.76,21122,0.063,4.056,4.119
5704774.9,21120,0.091,4.051,4.142
5704802.37,21121,0.207,4.11,4.317
5704858.32,21122,0.23,4.067,4.297
5704867.03,21120,0.117,4.077,4.195
5704872.18,21121,0.103,4.774,4.878
5704874.52,21122,0.111,6.064,6.175
5704878.69,21120,0.074,4.019,4.094
5704904.33,21121,0.082,5.185,5.267
5704904.38,21122,0.055,4.12,4.174
5704908.61,21120,0.444,4.126,4.57
5704912.77,21121,4.49,4.077,8.567
5704920.46,21122,1.363,6.052,7.415
5704922.69,21120,3.723,4.612,8.335
5704938.7,21121,0.078,3.979,4.057
5705002.82,21122,0.092,4.029,4.121
5705007.26,21120,0.073,4.15,4.224
5705015.03,21121,0.078,3.929,4.008
5705016.85,21122,0.072,4.188,4.26
5705029.2,21120,0.068,4.094,4.161
5705044.17,21122,1.799,4.046,5.845
5705052.38,21121,0.08,4.352,4.432
5705118.47,21120,0.086,4.026,4.112
5705160.21,21122,0.096,4.058,4.154
5705166.29,21121,1.79,4.209,6.0
5705171.89,21120,0.089,4.044,4.133
5705192.13,21122,1.794,4.018,5.813
5705210.15,21121,0.077,4.033,4.109
5705225.76,21120,0.083,4.069,4.152
5705237.54,21122,0.076,4.036,4.112
5705255.39,21121,0.082,4.017,4.099
5705259.12,21120,0.086,4.102,4.187
5705289.63,21122,0.072,4.048,4.12
5705339.08,21121,0.082,3.947,4.029
5705360.48,21120,0.08,4.043,4.124
5705373.26,21122,0.081,4.127,4.208
5705403.21,21121,0.086,6.068,6.154
5705424.04,21120,0.069,3.93,3.999
5705437.22,21122,0.067,4.01,4.076
5705443.03,21121,0.064,4.105,4.169
5705535.2,21120,0.184,4.308,4.492
5705541.37,21122,0.075,4.131,4.206
5705656.23,21121,2.116,4.036,6.152
5705730.28,21120,0.123,4.081,4.204
5705738.86,21122,0.123,4.609,4.732
5705768.36,21121,0.091,4.01,4.101
5705798.14,21120,0.081,4.02,4.101
5705806.15,21122,0.089,4.076,4.165
5705811.41,21121,0.079,3.956,4.035
5705813.65,21120,0.063,4.1,4.164
5705857.09,21122,2.217,3.979,6.196
5705930.62,21121,0.126,4.05,4.176
5706112.27,21120,0.107,4.097,4.204
5706154.02,21122,0.109,4.075,4.184
5706227.08,21121,0.119,4.133,4.252
5706256.91,21120,0.087,4.078,4.164
5706275.52,21122,0.108,4.061,4.168
5706276.12,21121,0.065,4.145,4.21
5706313.23,21120,0.076,4.111,4.187
5706350.0,21122,0.098,4.135,4.233
5706427.16,21121,0.094,4.01,4.104
5706622.22,21120,0.179,3.986,4.165
5706801.2,21122,0.166,4.165,4.331
5706825.4,21121,0.103,4.112,4.216
5706836.09,21120,0.083,3.958,4.041
5706851.76,21122,0.074,4.015,4.089
5706867.74,21121,0.067,4.152,4.219
5706898.19,21120,0.073,4.076,4.148
5706902.26,21122,0.068,3.936,4.004
5707082.1,21121,0.108,4.069,4.177
5707167.08,21120,2.088,3.923,6.011
5707286.22,21122,2.125,4.096,6.221
5707319.61,21121,0.116,4.135,4.251
5707338.34,21120,1.465,4.215,5.68
5707539.81,21122,0.127,3.943,4.07
5707579.61,21121,0.152,4.656,4.808
5707595.29,21120,1.794,4.133,5.928
5707625.15,21122,2.078,5.006,7.083
5707788.29,21121,0.222,3.976,4.199
5707871.13,21120,0.104,4.065,4.168
5707885.41,21122,0.093,4.253,4.345
5707928.15,21121,0.076,4.019,4.096
5708035.13,21120,0.094,3.977,4.071
5708091.96,21122,0.12,3.972,4.092
5708100.67,21121,0.092,4.157,4.249
5708110.25,21120,0.092,4.086,4.178
5708114.44,21122,0.059,4.035,4.094
5708232.59,21121,0.119,4.102,4.222
5708253.74,21120,0.1,3.987,4.087
5708336.15,21122,2.039,4.021,6.061
5708373.33,21121,0.211,4.28,4.491
5708504.44,21120,0.156,4.126,4.282
5708508.81,21122,0.142,4.103,4.244
5708523.07,21121,0.113,4.156,4.268
5708562.28,21120,0.937,4.142,5.079
5708568.13,21122,0.075,5.941,6.016
5708629.71,21120,0.097,4.544,4.641
5708709.73,21121,0.142,4.551,4.693
5708727.44,21122,0.12,5.244,5.364
5708760.39,21120,0.135,4.068,4.203
5708771.11,21121,1.931,3.958,5.889
5708830.09,21122,0.098,3.933,4.031
5708948.41,21120,0.105,4.147,4.252
5708985.21,21121,0.106,3.995,4.102
5709065.84,21122,0.122,4.043,4.166
5709084.19,21120,0.087,5.045,5.132
5709095.29,21121,0.1,4.071,4.171
5709111.14,21122,0.077,4.01,4.087
5709148.21,21120,0.097,4.044,4.14
5709177.95,21121,0.096,5.658,5.755
5709178.23,21122,0.069,4.084,4.153
5709247.54,21120,0.186,5.767,5.953
5709250.37,21121,0.085,4.852,4.938
5709257.95,21122,0.07,4.143,4.213
5709264.32,21120,2.016,4.223,6.239
5709293.05,21121,0.09,3.994,4.084
5709356.75,21122,0.098,4.038,4.136
5709425.35,21120,0.1,4.145,4.246
5709431.21,21121,0.068,4.101,4.168
5709470.82,21122,0.094,4.126,4.22
5709496.91,21120,0.091,4.112,4.203
5709511.14,21121,0.075,4.021,4.096
5709513.02,21122,0.069,3.977,4.047
5709519.21,21120,0.055,4.114,4.169
5709562.3,21121,0.091,3.899,3.99
5709599.19,21122,0.08,4.078,4.157
5709619.37,21120,0.08,4.2,4.28
5709637.52,21121,0.072,3.925,3.997
5709668.21,21122,0.08,3.986,4.066
5709686.23,21120,0.093,5.091,5.184
5709696.14,21121,0.118,3.986,4.105
5709701.87,21122,0.053,4.011,4.064
5709735.98,21121,1.451,3.849,5.3
5709738.14,21120,1.536,8.078,9.614
5709749.14,21122,0.054,4.049,4.103
5709754.15,21121,0.063,4.032,4.095
5709766.46,21120,0.088,4.232,4.32
5709837.25,21122,4.121,5.023,9.144
5709851.43,21121,0.1,4.051,4.151
5709862.84,21120,0.075,4.059,4.134
5709867.2,21121,0.067,4.028,4.095
5709867.34,21122,0.2,4.182,4.383
5709871.53,21120,0.051,4.198,4.248
5709875.75,21122,0.062,4.102,4.164
5709893.19,21121,0.062,4.084,4.145
5709903.22,21120,0.056,4.122,4.179
5709924.61,21122,0.141,6.697,6.838
5709965.45,21121,0.084,3.995,4.079
5709969.74,21120,0.056,3.992,4.048
5710004.22,21122,0.088,3.933,4.021
5710033.14,21121,0.065,8.025,8.091
5710033.36,21120,0.05,4.275,4.325
5710035.3,21122,0.07,4.138,4.208
5710041.52,21121,0.068,6.085,6.153
5710103.29,21120,0.111,4.189,4.3
5710106.76,21122,0.061,4.097,4.158
5710131.19,21121,2.046,4.093,6.139
5710139.07,21120,0.063,3.968,4.031
5710154.13,21122,0.06,4.029,4.09
5710165.23,21121,0.083,4.036,4.119
5710171.13,21120,1.657,4.007,5.665
5710201.75,21122,0.166,6.235,6.401
5710227.32,21121,5.985,4.191,10.176
5710243.38,21120,0.086,4.23,4.316
5710248.82,21122,0.07,4.067,4.137
5710273.63,21121,0.078,4.27,4.348
5710278.16,21120,0.083,4.027,4.11
5710282.37,21122,0.061,3.976,4.037
5710296.85,21121,0.078,3.995,4.073
5710301.11,21120,0.049,4.047,4.096
5710312.13,21122,1.324,4.067,5.391
5710361.58,21121,0.093,3.985,4.078
5710365.75,21120,0.065,4.054,4.119
5710370.02,21122,0.054,4.155,4.21
5710373.1,21121,0.053,4.054,4.107
5710394.87,21122,0.077,5.958,6.035
5710405.98,21120,0.077,3.984,4.061
5710459.23,21121,0.077,4.109,4.185
5710464.37,21122,1.247,4.078,5.325
5710475.94,21120,1.813,4.112,5.925
5710506.71,21121,0.136,3.939,4.075
5710528.07,21122,0.115,4.073,4.188
5710543.53,21120,0.084,4.142,4.226
5710572.01,21121,3.891,4.061,7.953
5710578.74,21122,0.086,4.008,4.094
5710586.16,21120,0.099,4.252,4.351
5710590.73,21121,0.076,4.302,4.378
5710614.75,21122,0.1,3.981,4.081
5710635.15,21120,2.242,4.014,6.256
5710640.58,21121,0.108,4.074,4.182
5710661.96,21122,0.064,3.997,4.06
5710688.32,21120,0.094,4.179,4.273
5710692.53,21121,0.101,4.043,4.145
5710706.3,21122,0.089,4.092,4.181
5710707.95,21120,0.063,4.166,4.23
5710748.85,21121,1.89,4.047,5.937
5710753.43,21122,0.057,4.346,4.403
5710769.23,21120,0.064,4.994,5.058
5710924.84,21121,0.164,4.007,4.171
5710940.11,21122,0.126,3.918,4.044
5710962.12,21120,0.107,8.933,9.04
5710993.15,21121,0.112,6.21,6.322
5711018.12,21122,0.608,3.962,4.57
5711059.58,21120,0.247,4.269,4.516
5711077.79,21121,0.137,4.051,4.188
5711085.38,21122,0.15,4.172,4.322
5711182.31,21120,1.054,8.165,9.219
5711182.6,21121,0.087,5.466,5.553
5711187.76,21122,0.094,4.089,4.183
5711242.31,21120,2.053,4.166,6.219
5711272.16,21121,0.111,3.989,4.099
5711295.23,21122,0.08,4.089,4.17
5711371.22,21120,0.112,4.123,4.235
5711501.29,21121,1.684,4.057,5.741
5711567.81,21122,0.129,4.237,4.366
5711674.44,21120,0.166,4.188,4.354
5711684.83,21121,0.123,4.033,4.156
5711857.19,21122,0.163,4.132,4.295
5711861.72,21120,0.133,4.216,4.349
5711872.78,21121,0.134,4.123,4.257
5711884.79,21122,0.194,4.056,4.25
5711891.23,21120,0.119,4.984,5.104
5711898.45,21121,0.08,4.306,4.386
5711899.44,21122,0.056,4.195,4.251
5711903.86,21120,0.521,4.284,4.805
5711965.43,21121,0.083,4.006,4.089
5711985.54,21122,0.093,4.071,4.164
5711996.14,21120,1.748,4.052,5.8
5712011.96,21121,0.075,4.061,4.136
5712027.47,21122,0.079,4.319,4.398
5712034.31,21120,0.887,4.186,5.073
5712077.73,21121,0.105,5.461,5.565
5712102.09,21122,0.086,3.948,4.033
5712105.6,21120,0.062,3.945,4.007
5712118.17,21122,0.094,4.015,4.109
5712125.84,21121,0.207,6.169,6.376
5712128.06,21120,0.065,5.956,6.021
5712153.94,21122,0.068,3.947,4.015
5712170.51,21121,0.085,4.34,4.425
5712187.82,21120,0.083,4.006,4.089
5712200.17,21122,1.571,4.105,5.676
5712201.43,21121,1.112,5.297,6.409
5712247.36,21120,0.111,8.044,8.155
5712247.59,21122,0.063,5.496,5.559
5712252.15,21120,0.065,4.058,4.122
5712253.09,21121,0.055,5.498,5.553
5712256.52,21122,0.065,4.124,4.189
5712278.98,21121,0.067,4.254,4.321
5712286.19,21120,0.083,4.111,4.194
5712310.99,21122,0.079,4.099,4.178
5712365.17,21121,0.074,4.233,4.307
5712370.23,21120,0.107,4.24,4.348
5712388.12,21122,2.059,4.013,6.072
5712412.06,21121,1.117,4.0,5.117
5712419.25,21120,0.08,4.115,4.195
5712425.26,21122,0.07,4.157,4.227
5712432.1,21121,0.053,5.015,5.068
5712440.22,21120,0.087,4.085,4.172
5712445.73,21122,0.709,4.105,4.814
5712466.31,21121,0.072,4.041,4.113
5712475.25,21120,0.106,4.126,4.232
5712514.2,21122,0.134,5.98,6.114
5712524.13,21121,0.071,4.019,4.09
5712528.3,21120,0.06,4.015,4.075
5712532.18,21122,0.052,4.097,4.149
5712540.26,21120,0.087,4.12,4.207
5712544.25,21121,0.055,4.14,4.196
5712551.61,21120,0.22,7.241,7.461
5712553.72,21122,1.135,4.666,5.801
5712559.15,21121,0.063,4.17,4.233
5712595.33,21120,0.07,4.066,4.136
5712606.17,21122,0.083,4.007,4.09
5712632.79,21121,0.08,3.989,4.069
5712664.33,21120,2.089,4.193,6.282
5712681.21,21121,0.788,4.074,4.862
5712681.23,21122,2.05,4.125,6.176
5712694.83,21120,0.069,4.061,4.13
5712696.05,21121,0.055,3.846,3.901
5712701.42,21122,0.065,4.056,4.12
5712706.34,21120,0.123,4.075,4.198
5712719.07,21121,0.073,6.075,6.147
5712733.13,21122,2.422,4.03,6.452
5712741.17,21120,0.417,4.08,4.497
5712748.16,21121,1.453,4.045,5.498
5712780.18,21122,0.086,4.121,4.207
5712802.28,21120,0.083,4.153,4.236
5712840.8,21121,0.08,4.022,4.102
5712867.28,21122,0.118,6.182,6.3
5712883.8,21120,0.071,4.125,4.196
5712888.14,21121,0.077,4.066,4.143
5712891.31,21122,0.063,6.218,6.281
5712897.35,21120,0.088,4.206,4.294
5712917.59,21121,1.239,4.479,5.718
5712920.16,21122,0.112,4.094,4.207
5712926.01,21121,1.739,3.932,5.671
5712938.65,21120,0.072,4.089,4.162
5712979.88,21122,0.437,3.995,4.432
5712984.11,21121,4.202,4.091,8.293
5713006.15,21120,0.069,4.035,4.104
5713020.14,21122,0.057,4.048,4.105
5713041.0,21121,0.068,4.162,4.231
5713111.93,21120,0.095,4.1,4.194
5713117.16,21122,0.08,4.026,4.106
5713155.07,21121,0.108,3.942,4.05
5713165.04,21120,0.076,4.227,4.303
5713165.62,21122,0.058,4.133,4.191
5713170.46,21121,0.064,4.088,4.152
5713188.49,21120,0.085,4.356,4.441
5713200.85,21122,0.066,5.937,6.003
5713210.25,21121,0.08,4.003,4.083
5713219.29,21120,0.055,4.193,4.248
5713239.33,21122,0.083,4.195,4.279
5713243.11,21121,0.064,4.007,4.07
5713294.21,21120,0.882,6.126,7.008
5713296.38,21122,1.017,4.322,5.339
5713299.46,21121,0.056,4.362,4.418
5713342.26,21120,1.756,4.169,5.925
5713360.57,21122,0.083,4.059,4.142
5713382.18,21121,0.094,4.023,4.117
5713388.2,21120,0.072,4.081,4.153
5713392.56,21122,0.063,4.26,4.323
5713418.73,21121,0.082,4.006,4.089
5713435.24,21120,0.11,8.084,8.194
5713435.32,21122,0.067,4.962,5.028
5713452.16,21121,0.076,4.036,4.112
5713466.2,21120,3.462,4.129,7.591
5713500.06,21122,0.07,3.952,4.022
5713542.11,21121,0.068,3.993,4.061
5713549.05,21120,0.081,4.153,4.233
5713583.57,21122,0.104,4.122,4.226
5713601.17,21121,0.087,4.038,4.125
5713630.14,21120,1.255,4.074,5.329
5713664.89,21122,0.102,3.985,4.088
5713737.91,21121,0.093,3.992,4.084
5713765.1,21120,0.123,4.028,4.15
5713890.02,21122,0.264,4.146,4.41
5713892.09,21121,0.06,3.985,4.046
5713930.26,21120,1.093,4.107,5.199
5714170.73,21122,0.187,5.065,5.251
5714252.7,21121,1.122,4.064,5.186
5714276.26,21120,0.129,10.061,10.19
5714276.56,21122,0.886,7.463,8.349
5714314.19,21121,0.099,4.042,4.141
5714418.94,21120,0.091,4.186,4.277
5714469.87,21122,0.099,4.14,4.239
5714492.77,21121,0.083,3.952,4.034
5714573.48,21120,0.141,4.558,4.699
5714582.28,21122,0.09,4.078,4.167
5714692.19,21121,0.094,4.041,4.135
5714828.04,21120,1.921,4.034,5.955
5714874.38,21122,0.133,4.065,4.198
5714880.46,21121,0.093,4.308,4.401
5714932.71,21120,0.133,4.094,4.227
5714946.66,21122,0.097,5.716,5.813
5714983.3,21121,0.097,4.038,4.135
5715115.66,21120,0.21,4.349,4.559
5715135.16,21122,1.263,4.023,5.286
5715159.4,21121,0.113,4.099,4.211
5715176.21,21120,2.025,6.138,8.164
5715178.39,21122,4.933,4.314,9.247
5715332.13,21121,0.164,4.202,4.366
5715523.09,21120,1.899,3.99,5.89
5715635.98,21122,0.138,4.19,4.328
5715665.7,21121,0.137,4.088,4.224
5715712.24,21120,2.04,4.125,6.165
5715758.63,21122,0.114,4.048,4.163
5715764.22,21121,0.073,4.096,4.169
5715842.95,21120,0.094,4.28,4.374
5715888.17,21122,0.086,4.03,4.116
5715899.4,21121,0.062,3.987,4.049
5715907.64,21120,0.067,3.997,4.064
5715998.15,21122,0.091,4.035,4.125
5716050.23,21121,0.124,4.028,4.151
5716072.33,21120,0.148,4.103,4.251
5716097.55,21122,0.156,3.963,4.119
5716149.29,21121,0.127,4.062,4.188
5716403.21,21120,1.153,3.986,5.14
5716407.34,21122,0.096,3.92,4.016
5716417.19,21121,1.311,4.091,5.402
5716438.03,21120,0.079,4.095,4.174
5716477.47,21122,0.083,3.958,4.041
5716499.94,21121,0.075,4.0,4.076
5716509.12,21120,0.085,4.028,4.113
5716574.1,21122,0.075,4.048,4.123
5716582.13,21121,1.226,4.05,5.276
5716591.03,21120,0.066,4.078,4.144
5716615.76,21122,0.052,4.939,4.99
5716715.28,21121,2.118,5.063,7.182
5716760.73,21120,0.137,4.188,4.325
5716776.89,21122,0.106,4.102,4.208
5716891.69,21121,0.095,4.122,4.217
5716908.34,21120,0.096,4.182,4.278
5716982.47,21122,0.096,4.011,4.107
5717116.26,21121,0.138,4.034,4.172
5717192.63,21120,0.159,4.085,4.244
5717228.2,21122,0.138,4.188,4.326
5717276.77,21121,0.106,3.956,4.062
5717285.18,21120,0.082,4.148,4.229
5717309.23,21122,0.077,4.06,4.137
5717322.71,21121,0.127,4.019,4.147
5717354.71,21120,0.09,4.081,4.171
5717379.86,21122,0.085,4.107,4.193
5717399.13,21121,0.077,4.002,4.078
5717439.22,21120,2.19,4.086,6.276
5717447.05,21122,0.076,4.186,4.262
5717449.13,21121,0.059,4.03,4.09
5717463.91,21120,0.079,4.075,4.155
5717478.85,21122,0.073,4.159,4.232
5717492.44,21121,0.071,4.163,4.233
5717527.1,21120,0.091,3.962,4.053
5717614.11,21122,0.087,3.977,4.063
5717630.66,21121,0.077,4.086,4.163
5717634.9,21120,0.094,4.08,4.174
5717650.18,21122,0.079,4.058,4.137
5717669.68,21121,0.088,3.946,4.034
5717674.52,21120,0.1,3.993,4.093
5717684.13,21122,0.056,4.031,4.087
5717694.11,21121,0.068,3.992,4.061
5717712.78,21120,0.092,4.064,4.156
5717776.72,21122,0.131,5.52,5.651
5717801.04,21121,0.145,3.933,4.078
5717847.66,21120,0.152,7.998,8.15
5717849.47,21122,0.069,4.762,4.831
5717860.7,21121,0.079,3.984,4.063
5717880.96,21120,0.07,4.05,4.12
5717937.2,21122,0.077,4.07,4.147
5717967.84,21121,0.096,4.041,4.136
5717987.09,21122,1.985,6.029,8.014
5717987.29,21120,0.101,10.258,10.359
5717987.3,21121,0.953,6.197,7.151
5718059.12,21122,0.076,8.002,8.077
5718059.23,21120,0.058,4.36,4.418
5718109.56,21121,0.144,4.133,4.277
5718124.77,21122,0.171,4.129,4.3
5718133.73,21120,0.16,4.034,4.194
5718156.12,21121,0.088,3.975,4.063
5718165.71,21120,0.064,7.988,8.052
5718166.23,21122,0.111,9.3,9.411
5718186.03,21121,0.136,4.106,4.241
5718202.17,21120,2.032,6.064,8.096
5718204.42,21122,3.111,4.321,7.432
5718230.91,21121,0.089,4.148,4.237
5718269.94,21120,0.183,4.072,4.255
5718276.67,21122,0.083,4.029,4.112
5718322.78,21121,0.07,4.101,4.171
5718335.6,21120,0.071,4.478,4.549
5718349.07,21122,0.084,4.057,4.14
5718409.13,21121,0.074,4.011,4.085
5718447.23,21122,0.052,6.007,6.059
5718449.47,21120,0.104,8.331,8.435
5718453.62,21121,0.088,4.339,4.427
5718460.91,21122,0.066,6.797,6.862
5718462.69,21121,0.055,4.068,4.123
5718463.44,21120,0.063,7.084,7.147
5718472.69,21121,0.062,4.103,4.165
5718482.13,21122,0.294,6.082,6.376
5718513.71,21120,0.073,4.025,4.097
5718526.03,21121,0.061,4.039,4.1
5718541.74,21122,0.082,6.03,6.112
5718542.24,21121,0.041,4.099,4.14
5718546.02,21120,0.71,5.939,6.649
5718549.26,21121,0.054,4.072,4.126
5718550.31,21122,0.927,6.23,7.158
5718564.12,21120,1.67,4.04,5.71
5718591.38,21121,2.048,4.288,6.336
5718623.1,21122,0.074,4.24,4.315
5718634.97,21120,0.075,4.025,4.1
5718640.85,21121,0.095,4.144,4.24
5718658.5,21122,0.076,4.308,4.384
5718662.8,21120,0.103,4.105,4.208
5718668.0,21121,0.063,5.054,5.118
5718669.04,21122,0.073,4.102,4.175
5718685.35,21120,0.06,4.287,4.346
5718725.3,21121,0.092,4.932,5.024
5718736.25,21122,0.078,4.117,4.195
5718748.65,21120,0.131,5.727,5.858
5718768.23,21121,1.747,4.092,5.839
5718781.94,21122,0.081,4.063,4.144
5718807.24,21120,0.088,3.941,4.03
5718856.78,21121,0.082,4.021,4.102
5718879.78,21122,0.08,7.628,7.708
5718880.19,21120,0.051,5.767,5.818
5718889.43,21121,0.073,4.011,4.084
5718926.49,21120,0.077,4.168,4.245
5718931.72,21122,0.081,3.977,4.058
5718935.18,21121,0.062,3.968,4.03
5718959.08,21120,1.871,4.019,5.891
5718975.22,21122,0.059,4.054,4.113
5718985.1,21121,0.074,3.978,4.052
5719004.24,21120,0.063,3.988,4.05
5719008.8,21122,0.08,4.03,4.11
5719028.03,21121,0.08,4.292,4.372
5719041.48,21120,0.296,4.145,4.441
5719047.21,21122,0.066,4.107,4.174
5719092.19,21121,0.077,3.962,4.039
5719101.87,21120,0.099,6.155,6.254
5719153.16,21122,0.077,4.029,4.106
5719266.4,21121,0.155,4.043,4.199
5719272.89,21120,0.088,4.101,4.189
5719279.67,21122,0.087,4.571,4.657
5719363.28,21121,0.13,4.058,4.189
5719419.74,21120,0.153,4.229,4.382
5719500.3,21122,0.113,4.114,4.227
5719530.22,21121,0.098,4.063,4.161
5719538.27,21120,0.063,5.154,5.217
5719542.4,21122,0.341,4.006,4.347
5719562.19,21121,1.405,4.06,5.465
5719594.73,21120,0.131,4.088,4.219
5719601.06,21122,0.264,4.098,4.362
5719610.47,21121,0.096,4.276,4.372
5719614.79,21120,0.066,4.026,4.092
5719621.5,21122,0.087,3.919,4.006
5719634.19,21121,0.063,4.086,4.148
5719644.19,21120,1.626,4.085,5.711
5719648.52,21122,0.06,4.155,4.215
5719652.94,21121,0.667,4.227,4.893
5719707.02,21120,0.145,4.042,4.186
5719723.28,21122,0.175,4.041,4.216
5719757.5,21121,0.139,4.151,4.29
5719766.55,21120,0.089,4.168,4.257
5719803.24,21122,2.039,4.142,6.181
5719809.24,21121,1.151,4.131,5.281
5719846.15,21120,1.169,3.989,5.158
5719858.69,21122,0.073,4.043,4.116
5719866.89,21121,0.106,4.36,4.466
5719884.19,21120,1.062,4.077,5.14
5719892.5,21122,0.066,3.94,4.006
5719898.44,21121,0.082,3.932,4.014
5719899.4,21120,0.057,4.061,4.118
5719922.0,21122,0.083,3.972,4.055
5719936.68,21121,0.072,6.034,6.106
5720011.61,21120,0.132,4.096,4.228
5720023.43,21122,0.099,3.998,4.097
5720038.02,21121,0.082,3.878,3.96
5720058.07,21120,0.076,4.045,4.121
5720064.07,21122,0.07,4.178,4.247
5720077.85,21121,0.087,4.297,4.384
5720093.35,21120,0.069,5.131,5.199
5720129.98,21122,0.154,3.98,4.135
5720172.11,21121,0.115,3.932,4.047
5720189.83,21120,0.096,4.021,4.117
5720225.69,21122,0.106,4.036,4.142
5720231.91,21121,0.083,5.797,5.88
5720281.27,21120,0.151,4.036,4.187
5720289.35,21122,0.111,4.068,4.179
5720289.91,21121,0.108,4.146,4.254
5720295.89,21120,0.094,4.205,4.299
5720299.04,21122,0.074,4.018,4.091
5720303.34,21121,0.072,4.215,4.286
5720328.08,21120,0.07,3.972,4.043
5720348.17,21122,0.091,3.961,4.052
5720364.74,21122,0.055,4.053,4.108
5720367.3,21120,0.913,7.2,8.113
5720367.61,21121,0.073,8.495,8.568
5720375.42,21122,0.058,5.967,6.025
5720385.18,21120,0.078,6.069,6.147
5720399.96,21121,1.882,4.042,5.924
5720406.41,21122,0.051,3.977,4.028
5720438.35,21120,0.077,9.061,9.137
5720438.57,21121,1.698,7.508,9.206
5720439.54,21122,0.052,3.917,3.969
5720443.86,21120,0.074,4.04,4.114
5720468.08,21121,0.068,3.97,4.038
5720501.22,21122,0.06,3.956,4.017
5720548.14,21120,0.1,7.038,7.138
5720550.16,21121,0.06,6.273,6.332
5720564.44,21122,0.053,3.954,4.007
5720576.17,21120,0.069,4.167,4.236
5720589.16,21121,1.045,4.062,5.107
5720598.88,21122,0.06,4.003,4.063
5720603.55,21120,0.063,4.43,4.493
5720617.73,21121,0.068,3.938,4.005
5720657.64,21122,0.065,4.006,4.071
5720666.0,21120,0.1,4.185,4.285
5720671.11,21121,0.076,4.045,4.122
5720688.16,21122,0.065,3.926,3.991
5720707.03,21120,0.108,4.016,4.124
5720711.22,21121,0.066,4.065,4.131
5720734.1,21122,0.112,3.928,4.04
5720742.15,21120,0.059,4.442,4.501
5720788.29,21121,0.086,6.01,6.096
5720814.02,21122,0.107,4.48,4.587
5720833.19,21120,0.089,6.057,6.146
5720849.41,21121,0.063,3.885,3.948
5720853.51,21122,0.058,3.98,4.038
5720861.87,21120,0.061,4.053,4.114
5720867.98,21121,2.131,3.93,6.061
5720943.05,21122,0.092,3.907,3.999
5720947.67,21120,2.18,4.434,6.614
5720959.17,21121,0.068,4.043,4.111
5720991.9,21122,0.077,6.071,6.147
5720996.53,21120,0.069,4.124,4.193
5721010.3,21121,0.085,4.016,4.101
5721037.0,21122,0.072,3.967,4.039
5721068.59,21120,0.065,4.007,4.072
5721101.01,21121,0.084,4.09,4.174
5721232.05,21122,2.786,4.218,7.004
5721242.25,21120,1.87,4.162,6.032
5721247.48,21121,0.069,4.049,4.118
5721335.36,21122,0.172,4.373,4.545
5721440.8,21120,0.15,4.009,4.159
5721453.47,21121,0.101,4.11,4.212
5721475.09,21122,0.096,4.12,4.216
5721485.29,21120,0.102,3.939,4.041
5721497.31,21121,2.542,4.104,6.646
5721618.62,21122,0.117,4.069,4.186
5721657.5,21120,0.153,3.924,4.077
5721684.46,21121,0.105,4.045,4.149
5721720.05,21122,2.038,3.955,5.993
5721722.2,21120,0.092,3.956,4.048
5721800.82,21121,0.09,4.104,4.194
5721859.25,21122,0.117,4.051,4.168
5721865.13,21120,0.132,4.271,4.403
5721872.51,21121,0.098,7.59,7.688
5721874.76,21122,0.059,7.94,7.999
5722092.29,21120,0.168,4.863,5.03
5722110.35,21121,0.139,4.135,4.274
5722160.18,21122,0.105,3.999,4.104
5722203.14,21120,0.098,3.991,4.089
5722211.72,21121,0.062,4.314,4.376
5722311.06,21122,0.151,3.936,4.087
5722343.85,21120,0.138,4.213,4.351
5722395.59,21121,0.153,4.001,4.154
5722481.82,21122,0.13,4.017,4.147
5722637.23,21120,0.168,3.973,4.141
5722700.98,21121,0.106,4.169,4.275
5722742.17,21122,0.108,3.998,4.106
5722812.01,21120,0.281,4.204,4.485
5722906.37,21121,0.106,4.201,4.308
5722973.11,21122,0.145,4.031,4.176
5723065.59,21120,0.121,4.091,4.212
5723113.19,21121,0.097,4.026,4.122
5723147.11,21122,0.103,4.0,4.104
5723269.63,21120,0.09,3.984,4.074
5723276.25,21122,0.444,4.14,4.584
5723278.25,21121,0.07,8.44,8.51
5723367.14,21120,1.085,3.999,5.084
5723424.19,21122,0.273,4.15,4.423
5723444.85,21121,0.157,4.058,4.215
5723516.23,21120,0.182,3.976,4.158
5723537.59,21122,0.145,3.973,4.118
5723568.77,21121,0.114,3.946,4.059
5723578.99,21120,0.116,5.858,5.974
5723585.96,21122,0.094,4.33,4.424
5723597.2,21121,0.066,4.091,4.156
5723624.14,21120,0.081,4.013,4.093
5723630.32,21122,0.087,6.003,6.091
5723646.13,21121,0.074,4.009,4.083
5723709.16,21120,0.077,4.037,4.115
5723868.89,21122,0.174,3.965,4.139
5723939.67,21121,0.152,4.316,4.468
5723939.75,21120,0.069,4.09,4.159
5723969.15,21122,3.039,4.054,7.094
5724007.21,21121,0.084,4.075,4.159
5724009.09,21120,0.059,3.984,4.043
5724102.41,21122,0.097,4.032,4.129
5724155.51,21121,0.113,4.044,4.156
5724195.2,21120,0.096,4.042,4.138
5724255.12,21122,0.092,4.971,5.063
5724432.47,21121,0.134,6.064,6.198
5724489.38,21120,0.176,6.301,6.476
5724549.25,21122,0.12,4.06,4.18
5724638.16,21121,0.138,4.18,4.318
5724677.27,21120,1.438,4.103,5.541
5724804.25,21122,1.044,4.118,5.162
5724824.9,21121,0.193,6.034,6.227
5724875.58,21120,0.157,4.027,4.184
5724933.9,21122,0.207,3.901,4.107
5725038.23,21121,0.183,5.963,6.146
5725050.35,21120,0.117,6.141,6.258
5725140.9,21122,1.251,3.98,5.231
5725156.06,21121,2.05,3.928,5.978
5725217.04,21120,0.188,3.94,4.128
5725235.04,21122,0.207,4.001,4.208
5725315.12,21121,2.167,3.977,6.144
5725328.18,21120,2.421,3.976,6.397
5725350.26,21122,0.184,5.964,6.147
5725410.76,21121,0.174,4.067,4.242
5725463.39,21120,0.17,4.016,4.186
5725495.94,21122,0.233,3.999,4.232
5725567.3,21121,0.184,4.028,4.212
5725598.28,21120,0.154,4.042,4.196
5725631.18,21122,0.174,7.996,8.17
5725631.37,21121,0.106,4.209,4.315
5725646.2,21120,0.105,4.046,4.151
5725656.53,21122,0.128,4.064,4.192
5725662.36,21121,0.07,4.056,4.127
5725678.31,21120,0.071,3.939,4.01
5725705.55,21122,0.126,4.348,4.473
5725713.91,21121,0.118,4.336,4.454
5725734.04,21120,0.125,4.069,4.194
5725740.54,21122,0.141,4.092,4.233
5725763.14,21121,2.112,3.945,6.057
5725781.61,21120,0.133,4.037,4.169
5725838.81,21122,0.186,4.268,4.453
5725859.58,21121,0.158,4.005,4.164
5725871.22,21120,0.106,3.98,4.086
5725907.2,21122,0.115,4.029,4.144
5725929.19,21121,1.366,4.036,5.401
5725955.77,21120,0.124,3.964,4.088
5726025.3,21122,2.155,6.065,8.22
5726107.29,21121,0.138,4.128,4.266
5726133.11,21120,0.133,4.051,4.184
5726141.28,21122,0.972,4.192,5.164
5726165.14,21121,2.019,4.04,6.059
5726252.85,21120,0.167,3.948,4.115
5726292.34,21122,0.208,3.935,4.142
5726318.16,21121,0.141,3.957,4.098
5726338.65,21120,0.118,3.974,4.092
5726343.1,21122,0.384,3.974,4.358
5726383.89,21121,0.138,4.075,4.213
5726433.43,21120,0.13,4.005,4.136
5726454.5,21122,0.187,4.095,4.282
5726475.74,21121,0.145,4.005,4.15
5726503.24,21120,0.143,4.007,4.15
5726550.82,21122,0.168,4.118,4.286
5726624.77,21121,0.166,3.981,4.147
5726691.16,21120,0.123,3.954,4.077
5726851.16,21122,0.131,4.039,4.17
5726873.04,21121,0.071,4.043,4.115
5726874.86,21120,0.073,4.091,4.164
5726906.07,21122,0.124,4.158,4.282
5726912.43,21121,0.135,4.252,4.387
5727137.17,21120,0.137,3.963,4.1
5727220.06,21122,1.074,4.717,5.791
5727247.21,21121,0.113,4.028,4.142
5727280.16,21120,0.132,4.055,4.187
5727284.86,21122,0.097,5.548,5.644
5727300.14,21120,0.535,5.853,6.388
5727305.26,21121,1.52,4.142,5.662
5727352.8,21122,0.089,4.099,4.188
5727421.41,21120,0.082,4.081,4.163
5727553.81,21121,0.126,4.285,4.412
5727560.32,21122,0.077,6.056,6.133
5727573.08,21120,0.084,4.081,4.165
5727717.99,21121,0.172,4.178,4.351
5727737.62,21122,0.218,6.138,6.356
5727795.31,21120,0.111,5.127,5.238
5727825.66,21121,0.128,3.939,4.067
5728041.19,21122,2.241,4.037,6.278
5728053.99,21120,0.101,4.007,4.108
5728155.28,21121,0.149,4.051,4.2
5728165.13,21122,0.069,4.01,4.079
5728251.43,21120,0.143,4.024,4.167
5728377.59,21121,0.212,6.078,6.29
5728548.79,21122,0.144,6.001,6.145
5728565.08,21120,0.096,3.918,4.014
5728600.17,21121,2.124,4.043,6.167
5728650.23,21122,0.161,3.98,4.141
5728669.33,21120,0.072,4.021,4.093
5728762.59,21121,0.123,4.154,4.277
5728804.32,21122,0.108,4.219,4.327
5728807.68,21120,0.066,6.001,6.067
5728889.1,21121,0.169,4.392,4.561
5728934.31,21122,0.088,4.175,4.263
5728940.09,21120,0.06,3.984,4.044
5728973.12,21121,2.038,4.032,6.071
5728981.13,21122,2.1,3.987,6.087
5728986.36,21120,0.056,4.02,4.076
5728992.86,21121,0.062,4.082,4.144
5729101.31,21122,0.189,3.913,4.102
5729166.18,21120,0.178,3.985,4.162
5729174.41,21121,0.589,4.096,4.685
5729373.14,21122,1.599,3.955,5.553
5729408.29,21120,0.117,4.038,4.155
5729428.69,21121,1.055,4.571,5.626
5729481.47,21122,0.149,5.827,5.976
5729509.39,21120,0.13,4.121,4.251
5729540.27,21121,2.118,4.092,6.21
5729544.44,21122,0.704,4.057,4.761
5729562.66,21120,0.078,4.081,4.159
5729593.8,21121,0.086,4.027,4.112
5729604.29,21122,0.075,4.485,4.559
5729610.05,21120,0.078,4.038,4.116
5729621.51,21121,0.91,3.964,4.874
5729655.68,21122,0.131,4.429,4.56
5729706.26,21120,1.485,4.061,5.547
5729804.39,21121,1.08,4.266,5.346
5729808.65,21122,0.092,4.032,4.124
5729907.03,21120,0.12,4.037,4.156
5729911.4,21121,0.09,4.023,4.112
5730005.54,21122,0.121,4.117,4.237
5730096.87,21120,0.153,6.2,6.353
5730186.32,21121,0.136,4.107,4.243
5730244.42,21122,0.133,4.204,4.337
5730252.64,21120,0.12,6.384,6.504
5730280.93,21121,0.099,4.143,4.241
5730325.3,21122,0.091,4.156,4.247
5730329.59,21120,0.396,4.13,4.527
5730349.59,21121,0.069,7.97,8.039
5730350.52,21122,0.062,4.41,4.472
5730363.22,21120,0.083,4.004,4.087
5730395.71,21121,0.071,3.931,4.002
5730426.64,21122,0.081,4.255,4.336
5730431.66,21120,0.086,4.15,4.237
5730436.96,21121,0.069,5.021,5.09
5730454.76,21122,0.071,4.243,4.314
5730460.05,21120,0.063,4.365,4.428
5730487.62,21121,0.084,3.962,4.047
5730490.14,21122,0.067,4.329,4.396
5730505.98,21120,0.063,4.05,4.113
5730510.15,21121,0.088,4.014,4.102
5730516.98,21122,0.105,5.828,5.933
5730521.15,21120,2.795,4.055,6.85
5730540.92,21121,0.071,3.945,4.017
5730546.39,21122,0.072,4.167,4.239
5730568.2,21120,0.087,4.073,4.161
5730589.13,21121,0.071,4.017,4.088
5730593.33,21122,0.063,4.059,4.123
5730604.26,21120,1.028,4.187,5.214
5730620.14,21121,0.053,5.934,5.987
5730628.39,21122,0.072,4.27,4.342
5730636.3,21120,0.057,4.207,4.264
5730654.75,21121,0.058,4.005,4.063
5730676.76,21122,0.14,4.275,4.415
5730682.17,21120,0.133,4.222,4.355
5730697.33,21121,0.096,6.153,6.25
5730714.47,21122,0.21,6.298,6.508
5730745.15,21120,1.043,4.034,5.077
5730747.52,21121,0.074,4.381,4.455
5730756.97,21122,0.087,4.018,4.105
5730761.16,21120,0.058,4.068,4.126
5730764.26,21121,0.055,4.093,4.149
5730783.0,21120,1.185,3.917,5.102
5730785.59,21122,0.442,8.112,8.554
5730790.95,21121,0.055,3.937,3.992
5730812.69,21120,0.136,3.952,4.087
5730818.76,21122,0.071,3.967,4.039
5730824.3,21121,1.038,4.099,5.136
5730888.34,21120,1.612,4.219,5.83
5730907.11,21122,0.085,4.137,4.223
5730934.07,21121,0.088,3.959,4.047
5730942.25,21120,0.061,4.146,4.207
5730952.17,21122,0.062,4.054,4.116
5730956.41,21121,0.068,4.107,4.175
5730961.84,21120,0.081,4.072,4.153
5730979.07,21122,0.067,3.963,4.029
5730993.15,21121,1.274,4.057,5.331
5731013.43,21120,0.089,4.472,4.561
5731020.47,21122,0.088,4.211,4.299
5731028.92,21121,0.079,5.879,5.958
5731035.18,21120,0.075,4.393,4.468
5731039.55,21122,0.074,4.096,4.169
5731043.81,21121,0.05,4.019,4.068
5731060.12,21121,0.046,4.04,4.086
5731060.58,21122,0.051,6.219,6.269
5731060.91,21120,0.06,8.422,8.482
5731064.54,21121,0.045,4.077,4.122
5731067.31,21122,0.055,4.208,4.263
5731071.44,21121,0.062,3.964,4.026
5731076.29,21120,0.089,4.05,4.139
5731092.66,21122,0.084,4.118,4.202
5731095.45,21121,0.081,4.145,4.225
5731113.2,21120,2.055,4.106,6.161
5731144.18,21122,0.086,3.989,4.075
5731149.75,21121,0.117,5.225,5.342
5731163.14,21120,0.752,4.049,4.8
5731173.08,21122,0.077,4.081,4.158
5731211.3,21121,0.071,4.179,4.25
5731238.6,21120,0.071,4.112,4.182
5731268.72,21122,0.074,4.045,4.12
5731298.84,21121,0.067,4.091,4.158
5731306.41,21120,0.06,4.132,4.193
5731319.47,21122,0.055,4.363,4.419
5731331.14,21121,0.077,4.02,4.098
5731335.45,21120,0.054,4.157,4.211
5731343.16,21122,2.018,4.104,6.121
5731352.11,21121,1.881,4.022,5.903
5731370.11,21120,2.717,3.992,6.71
5731388.14,21122,1.399,4.054,5.453
5731459.59,21121,0.174,3.995,4.17
5731557.24,21120,2.254,4.137,6.391
5731606.82,21122,0.137,4.052,4.189
5731713.09,21121,0.174,3.989,4.163
5731895.2,21120,0.159,3.959,4.118
5731909.95,21122,0.14,4.103,4.243
5731967.89,21121,0.107,4.075,4.182
5732006.17,21120,2.397,4.045,6.441
5732018.2,21122,0.071,4.072,4.143
5732059.94,21121,0.13,4.173,4.303
5732083.24,21120,0.078,4.102,4.18
5732149.03,21122,0.117,4.096,4.213
5732155.41,21121,0.071,6.09,6.161
5732181.16,21120,0.085,4.025,4.11
5732211.39,21122,1.939,4.402,6.341
5732233.53,21121,0.083,4.251,4.334
5732240.04,21120,0.065,4.125,4.19
5732248.77,21122,0.072,4.174,4.246
5732271.25,21121,2.156,4.143,6.299
5732328.34,21120,0.078,4.107,4.184
5732376.29,21122,0.087,4.153,4.24
5732436.4,21121,0.108,4.318,4.426
5732536.11,21120,0.135,4.483,4.619
5732591.13,21122,0.15,4.003,4.154
5732733.6,21121,2.093,4.441,6.534
5732748.31,21120,0.723,4.194,4.916
5732777.13,21122,0.131,3.953,4.084
5732873.74,21121,0.186,4.013,4.199
5732948.7,21120,0.115,5.054,5.169
5733051.35,21122,0.17,4.048,4.219
5733059.3,21121,0.092,4.005,4.097
5733128.22,21120,0.108,4.047,4.154
5733153.63,21122,0.092,4.108,4.201
5733162.61,21121,0.068,4.477,4.545
5733188.83,21120,0.08,3.908,3.988
5733195.44,21122,0.065,4.327,4.392
5733213.13,21121,1.844,4.024,5.868
5733231.14,21120,0.089,4.008,4.097
5733320.22,21122,0.09,4.203,4.293
5733356.06,21121,1.044,3.955,4.999
5733401.11,21120,1.841,4.001,5.842
5733419.54,21122,0.167,4.03,4.196
5733592.71,21121,0.2,3.968,4.168
5733620.89,21120,0.14,5.138,5.278
5733642.58,21122,0.158,3.985,4.143
5733849.44,21121,0.135,4.229,4.364
5733940.06,21120,0.142,4.155,4.298
5734102.09,21122,0.135,4.126,4.261
5734158.37,21121,0.137,4.007,4.144
5734217.32,21120,2.49,4.159,6.648
5734235.54,21122,0.097,4.093,4.19
5734331.48,21121,0.101,4.073,4.173
5734452.09,21120,1.783,3.981,5.765
5734529.28,21122,0.104,4.111,4.215
5734570.14,21121,0.101,3.982,4.084
5734693.37,21120,0.212,4.247,4.459
5734810.35,21122,0.897,4.156,5.052
5734830.18,21121,0.084,4.047,4.132
5734954.15,21120,1.219,4.029,5.248
5734967.91,21122,0.137,3.913,4.05
5734979.35,21121,0.087,4.057,4.143
5734989.43,21120,0.074,5.002,5.076
5735011.24,21122,1.014,4.177,5.191
5735015.64,21121,0.059,4.24,4.299
5735018.27,21120,0.071,4.129,4.2
5735039.3,21122,0.076,4.173,4.249
5735060.86,21121,1.75,4.067,5.816
5735075.13,21120,0.075,5.002,5.077
5735075.72,21122,0.063,3.997,4.06
5735099.96,21121,0.107,4.119,4.227
5735105.26,21120,0.084,4.125,4.209
5735115.29,21122,0.094,3.96,4.053
5735121.71,21121,0.062,4.046,4.108
5735134.75,21120,0.066,5.489,5.555
5735136.3,21122,0.07,4.177,4.247
5735182.12,21121,0.881,4.021,4.902
5735204.02,21122,0.088,4.197,4.285
5735205.8,21120,0.099,6.231,6.33
5735230.37,21121,0.16,4.149,4.309
5735265.21,21122,0.082,4.069,4.151
5735313.16,21120,0.136,4.654,4.79
5735368.54,21121,0.095,4.099,4.194
5735420.12,21122,0.084,3.99,4.074
5735444.92,21120,0.084,6.014,6.098
5735447.42,21121,0.067,4.124,4.191
5735455.13,21120,2.036,4.041,6.076
5735458.12,21122,0.054,4.023,4.078
5735462.35,21120,0.053,4.103,4.156
5735502.85,21121,0.057,4.05,4.107
5735519.93,21122,0.075,3.957,4.032
5735525.34,21120,0.063,4.019,4.081
5735529.15,21121,0.072,4.066,4.138
5735534.88,21122,0.047,3.979,4.026
5735580.25,21120,2.047,4.174,6.221
5735616.49,21121,0.074,4.076,4.15
5735639.15,21122,2.001,4.099,6.1
5735711.42,21120,0.092,4.01,4.102
5735746.84,21121,0.095,4.028,4.123
5735751.23,21122,0.08,4.065,4.145
5735755.45,21120,0.075,4.0,4.075
5735774.1,21121,0.101,4.215,4.315
5735782.7,21122,0.099,6.399,6.498
5735799.18,21120,1.607,4.1,5.707
5735801.42,21121,0.62,6.297,6.916
5735805.65,21122,0.067,4.067,4.134
5735826.17,21120,0.076,4.124,4.2
5735837.88,21121,0.093,4.043,4.136
5735845.56,21122,0.068,4.055,4.123
5735918.27,21120,0.197,3.987,4.184
5735933.77,21121,0.108,3.941,4.048
5735945.08,21122,0.091,4.212,4.303
5735957.17,21120,0.153,6.575,6.729
5735990.13,21121,0.155,3.887,4.043
5736001.06,21122,0.113,3.979,4.093
5736005.35,21120,0.078,4.022,4.099
5736009.66,21121,0.095,4.13,4.225
5736020.95,21122,0.085,3.931,4.016
5736040.95,21120,0.074,4.053,4.127
5736065.54,21121,0.088,4.173,4.261
5736071.99,21122,2.304,3.922,6.226
5736083.12,21120,0.095,4.083,4.178
5736114.22,21121,0.081,4.075,4.155
5736148.64,21122,0.091,4.039,4.129
5736160.15,21120,0.11,4.076,4.187
5736179.06,21121,0.069,4.044,4.113
5736225.54,21122,0.1,3.906,4.006
5736237.3,21120,0.108,4.038,4.147
5736269.17,21121,0.083,4.026,4.108
5736277.13,21122,0.085,3.975,4.059
5736303.47,21121,0.04,6.163,6.204
5736305.58,21120,0.1,8.34,8.44
5736327.82,21122,0.076,3.949,4.025
5736356.37,21120,0.045,8.08,8.125
5736356.45,21121,0.095,7.87,7.965
5736370.3,21122,0.066,5.199,5.264
5736385.07,21120,0.091,4.407,4.498
5736393.2,21121,0.077,4.08,4.157
5736419.56,21122,0.074,4.14,4.214
5736434.57,21120,0.065,4.455,4.52
5736444.29,21121,0.069,4.075,4.144
5736448.37,21122,0.076,3.946,4.022
5736493.16,21120,0.08,4.03,4.11
5736545.47,21121,0.117,4.293,4.41
5736553.19,21122,0.074,5.707,5.781
5736569.26,21120,0.254,7.961,8.215
5736569.39,21121,1.842,6.327,8.169
5736579.04,21122,0.671,4.024,4.695
5736585.11,21120,2.046,4.029,6.075
5736597.2,21121,0.057,8.11,8.167
5736597.33,21122,1.009,4.285,5.294
5736645.08,21120,0.082,3.947,4.03
5736655.17,21121,0.057,8.041,8.097
5736655.36,21122,1.581,4.312,5.893
5736663.09,21120,0.063,4.137,4.201
5736690.02,21121,0.176,4.268,4.444
5736710.05,21122,0.071,4.117,4.188
5736734.2,21120,0.071,4.09,4.161
5736750.76,21121,0.076,4.235,4.311
5736757.15,21122,2.217,4.082,6.3
5736761.34,21120,0.089,4.069,4.158
5736796.26,21121,0.08,4.226,4.306
5736812.92,21120,2.017,5.869,7.886
5736815.47,21121,1.368,5.073,6.44
5736815.68,21122,0.068,12.584,12.652
5736829.22,21120,0.088,4.095,4.184
5736836.15,21121,0.087,4.035,4.122
5736841.21,21122,0.057,4.117,4.174
5736868.14,21120,0.085,4.019,4.104
5736921.23,21121,0.096,3.974,4.069
5736944.16,21122,0.079,4.036,4.115
5736950.17,21120,0.072,4.056,4.127
5736971.07,21121,0.083,3.943,4.026
5736980.69,21122,0.078,4.085,4.163
5736999.14,21121,0.233,3.999,4.233
5737001.06,21120,0.13,8.291,8.421
5737048.08,21122,0.134,4.157,4.291
5737102.23,21120,0.062,6.067,6.129
5737104.1,21121,0.158,8.288,8.445
5737113.49,21121,0.07,4.15,4.221
5737114.27,21122,0.515,8.01,8.525
5737114.33,21120,0.053,7.695,7.748
5737121.42,21121,0.08,4.066,4.145
5737156.08,21120,0.087,3.942,4.029
5737182.99,21122,0.081,3.999,4.08
5737194.57,21121,0.067,4.026,4.093
5737233.29,21120,0.073,4.165,4.238
5737253.09,21122,0.062,4.073,4.135
5737267.77,21121,0.094,4.084,4.178
5737282.22,21120,0.069,4.103,4.172
5737290.16,21122,0.058,4.062,4.12
5737300.55,21121,0.062,6.011,6.073
5737316.57,21120,0.086,4.144,4.23
5737320.86,21122,0.059,4.067,4.125
5737331.37,21121,0.087,4.177,4.264
5737353.79,21120,0.085,4.211,4.296
5737366.4,21122,2.061,4.294,6.356
5737368.25,21121,1.859,6.088,7.946
5737384.85,21120,0.078,4.271,4.349
5737401.19,21122,0.069,4.086,4.155
5737408.88,21121,0.064,3.976,4.041
5737420.44,21120,3.163,4.231,7.394
5737427.33,21122,0.085,3.909,3.994
5737429.09,21121,0.062,4.009,4.071
5737433.44,21120,0.056,4.093,4.149
5737452.27,21122,0.072,4.003,4.075
5737474.09,21121,0.071,3.98,4.052
5737517.99,21120,0.109,4.074,4.183
5737604.24,21122,0.082,4.108,4.191
5737628.06,21121,0.08,3.925,4.005
5737715.83,21120,0.427,4.169,4.596
5737776.73,21122,0.107,3.988,4.095
5737805.65,21121,0.114,4.084,4.198
5737825.58,21120,0.11,6.19,6.3
5738051.32,21122,0.151,4.284,4.434
5738101.34,21121,2.113,4.139,6.252
5738128.2,21120,1.296,4.102,5.398
5738165.84,21122,0.13,4.066,4.197
5738226.19,21121,0.114,4.013,4.127
5738234.1,21120,0.116,3.918,4.034
5738463.62,21122,0.122,4.425,4.546
5738475.2,21121,0.1,4.043,4.143
5738505.26,21120,0.151,6.112,6.262
5738581.24,21122,0.089,4.093,4.181
5738589.13,21121,0.072,4.012,4.084
5738649.26,21120,0.132,4.046,4.177
5738661.87,21122,0.099,4.316,4.415
5738674.13,21121,0.083,3.997,4.08
5738678.26,21120,0.125,3.926,4.051
5738695.58,21122,0.072,4.06,4.131
5738737.33,21121,0.083,4.192,4.274
5738743.46,21120,0.068,5.964,6.032
5738805.27,21122,0.089,6.115,6.204
5738846.68,21121,0.094,4.02,4.114
5738887.74,21120,0.089,4.024,4.112
5738914.77,21122,0.083,4.085,4.168
5739032.41,21121,0.143,5.104,5.248
5739286.25,21120,0.181,3.975,4.156
5739291.76,21122,0.101,3.962,4.062
5739328.97,21121,0.118,4.043,4.161
5739493.17,21120,0.111,4.057,4.168
5739579.08,21122,0.123,4.013,4.136
5739593.81,21121,0.091,5.105,5.196
5739674.01,21120,0.09,4.289,4.378
5739713.35,21122,0.093,4.198,4.291
5739758.13,21121,0.099,3.992,4.09
5739774.95,21120,0.079,4.248,4.327
5739822.67,21122,0.088,4.159,4.247
5739907.19,21121,0.175,3.916,4.091
5740055.3,21120,0.17,4.038,4.208
5740145.01,21122,0.166,4.268,4.435
5740217.31,21121,0.168,4.059,4.227
5740247.27,21120,0.135,4.036,4.171
5740252.32,21122,0.096,4.414,4.51
5740285.69,21121,0.098,4.091,4.189
5740335.84,21120,0.091,4.068,4.159
5740365.19,21122,0.137,4.09,4.227
5740375.82,21121,0.082,3.982,4.064
5740415.15,21120,0.076,6.028,6.104
5740473.75,21122,0.119,4.047,4.166
5740493.99,21121,0.121,3.902,4.023
5740535.23,21120,0.126,4.026,4.153
5740619.41,21122,0.165,5.148,5.313
5740753.25,21121,0.21,3.954,4.163
5740810.54,21120,0.124,3.999,4.123
5740854.04,21122,1.661,3.97,5.631
5740866.09,21121,2.035,4.003,6.039
5740866.19,21120,0.149,4.04,4.189
5740876.31,21122,2.028,4.23,6.257
5740882.03,21121,0.06,3.937,3.997
5740885.57,21120,0.061,4.08,4.141
5740918.95,21122,0.176,4.064,4.24
5740962.17,21121,2.028,4.097,6.125
5740989.63,21120,0.078,6.489,6.567
5740996.22,21122,2.373,4.136,6.509
5741017.29,21121,0.089,4.027,4.116
5741024.3,21120,0.086,4.036,4.122
5741034.4,21122,0.087,7.5,7.587
5741034.99,21121,0.66,6.487,7.147
5741074.72,21120,0.068,4.193,4.261
5741098.2,21122,0.092,4.001,4.093
5741167.71,21121,0.164,3.924,4.088
5741175.4,21120,0.114,4.093,4.207
5741197.41,21121,0.242,8.093,8.334
5741197.91,21122,4.002,6.804,10.806
5741242.13,21120,0.121,3.934,4.055
5741285.27,21121,1.635,8.13,9.766
5741285.51,21122,2.671,6.394,9.065
5741310.45,21120,0.237,4.124,4.36
5741333.24,21121,2.282,4.097,6.379
5741350.15,21122,1.923,4.07,5.993
5741359.27,21120,0.077,4.133,4.21
5741370.18,21121,0.095,4.044,4.139
5741377.15,21122,0.07,4.038,4.108
5741379.62,21120,0.056,4.062,4.118
5741386.37,21121,0.074,4.045,4.119
5741395.14,21122,0.073,4.02,4.093
5741409.7,21120,0.083,4.087,4.17
5741440.07,21121,0.107,3.93,4.036
5741475.78,21122,0.079,4.047,4.126
5741524.17,21120,0.086,6.043,6.129
5741554.0,21121,0.13,4.164,4.294
5741561.15,21122,2.055,4.04,6.095
5741572.28,21120,0.078,4.148,4.226
5741588.23,21121,0.17,4.237,4.407
5741601.63,21122,0.071,4.03,4.101
5741605.14,21120,0.065,4.1,4.165
5741616.14,21122,1.578,4.034,5.612
5741630.15,21121,0.069,4.037,4.107
5741634.19,21120,0.056,4.093,4.149
5741640.15,21121,4.017,4.091,8.107
5741667.71,21122,0.071,4.005,4.076
5741673.41,21120,0.065,4.04,4.105
5741683.13,21122,2.029,6.064,8.093
5741683.23,21121,1.586,8.181,9.766
5741692.84,21120,0.071,4.058,4.129
5741734.25,21122,0.101,4.07,4.171
5741738.42,21121,0.123,4.028,4.151
5741742.71,21120,0.081,3.969,4.05
5741754.55,21122,2.232,4.111,6.343
5741758.78,21121,0.057,4.106,4.163
5741778.92,21120,0.07,4.111,4.182
5741784.54,21122,0.079,3.989,4.068
5741794.96,21121,0.069,4.095,4.163
5741799.61,21120,0.062,4.26,4.323
5741805.25,21122,0.102,4.1,4.202
5741834.15,21121,0.059,4.047,4.107
5741838.9,21120,0.066,3.938,4.004
5741894.76,21122,0.074,4.17,4.244
5741932.85,21121,0.079,4.086,4.165
5741971.21,21120,0.227,3.927,4.155
5741974.66,21122,0.085,4.161,4.245
5742042.35,21120,0.135,4.131,4.266
5742045.78,21121,0.139,4.228,4.367
5742068.72,21122,0.084,4.155,4.239
5742091.86,21120,1.061,3.98,5.04
5742102.81,21121,0.074,4.244,4.318
5742138.1,21122,0.15,4.207,4.356
5742142.37,21120,0.094,6.038,6.132
5742148.76,21121,0.077,4.209,4.286
5742151.74,21122,0.074,4.142,4.216
5742190.11,21121,1.612,4.01,5.621
5742193.08,21120,0.064,4.082,4.146
5742204.02,21121,1.571,4.383,5.953
5742224.24,21122,0.123,4.035,4.158
5742228.52,21120,0.086,4.093,4.179
5742241.13,21121,1.694,4.043,5.737
5742243.17,21122,0.052,4.117,4.169
5742267.51,21120,0.078,4.079,4.157
5742274.43,21121,0.087,4.154,4.241
5742307.13,21122,0.101,3.926,4.027
5742328.96,21120,0.075,4.075,4.15
5742351.81,21121,0.107,6.014,6.121
5742425.2,21122,0.104,5.046,5.15
5742431.32,21120,0.068,5.981,6.049
5742435.42,21121,0.059,3.983,4.042
5742439.68,21122,0.101,4.409,4.51
5742447.29,21121,0.07,4.175,4.245
5742454.43,21120,0.057,4.32,4.378
5742458.63,21122,0.059,4.079,4.138
5742465.24,21121,0.97,6.5,7.47
5742528.45,21120,1.331,4.069,5.4
5742541.34,21122,0.156,4.105,4.26
5742546.73,21121,0.09,6.586,6.676
5742615.15,21120,1.198,4.025,5.222
5742735.63,21122,0.1,4.026,4.126
5742756.33,21121,0.086,4.185,4.271
5742773.57,21120,0.086,4.075,4.161
5742791.51,21122,0.091,3.863,3.954
5742807.53,21121,0.085,3.939,4.024
5742821.52,21120,0.135,4.146,4.281
5742878.23,21122,0.083,3.972,4.055
5743001.57,21121,0.094,4.134,4.228
5743004.17,21120,0.08,4.067,4.147
5743051.05,21121,1.034,3.966,5.0
5743079.33,21122,0.101,3.949,4.05
5743109.61,21120,0.174,5.374,5.548
5743131.2,21122,0.06,4.046,4.106
5743131.21,21121,2.123,6.082,8.204
5743154.19,21122,0.084,4.068,4.152
5743154.27,21120,1.584,4.189,5.773
5743167.16,21121,0.065,3.948,4.013
5743170.41,21122,0.062,4.03,4.092
5743189.28,21120,2.403,4.181,6.584
5743198.98,21121,0.072,4.07,4.142
5743209.73,21122,0.067,4.016,4.082
5743217.31,21120,0.08,4.526,4.606
5743271.32,21121,0.171,4.062,4.233
5743293.44,21122,0.117,4.141,4.258
5743340.94,21120,1.143,5.724,6.867
5743345.73,21121,0.099,4.092,4.191
5743354.72,21122,0.079,4.0,4.078
5743371.38,21120,0.073,4.024,4.098
5743382.12,21121,3.084,4.031,7.115
5743396.31,21122,0.062,4.012,4.074
5743437.24,21120,2.064,4.123,6.186
5743459.59,21121,0.08,4.141,4.221
5743540.39,21122,0.089,4.487,4.576
5743572.23,21120,0.075,4.102,4.177
5743582.17,21121,0.07,4.051,4.121
5743617.24,21122,1.172,4.154,5.326
5743633.7,21120,0.067,3.898,3.965
5743657.97,21121,0.089,4.008,4.096
5743663.04,21122,0.084,4.075,4.159
5743671.32,21121,0.064,6.106,6.17
5743671.54,21120,0.104,8.529,8.633
5743685.66,21122,0.073,4.075,4.149
5743731.26,21121,0.068,4.141,4.209
5743735.41,21120,0.332,4.048,4.38
5743745.31,21122,1.131,4.223,5.354
5743769.96,21121,0.091,4.012,4.103
5743779.01,21120,0.096,6.067,6.163
5743785.21,21122,0.069,4.099,4.168
5743792.98,21121,0.06,4.049,4.109
5743820.26,21120,1.471,5.007,6.478
5743824.5,21122,0.077,4.092,4.169
5743827.59,21121,0.051,4.113,4.165
5743851.13,21122,2.061,4.062,6.123
5743856.87,21120,0.071,4.633,4.705
5743910.25,21121,0.1,4.062,4.162
5743922.23,21122,1.963,4.097,6.06
5743940.02,21120,0.137,4.099,4.236
5743946.2,21121,1.266,4.073,5.339
5743961.33,21122,0.107,4.159,4.266
5743966.34,21120,0.109,4.009,4.118
5743985.07,21121,0.125,6.183,6.308
5743993.54,21122,0.087,4.092,4.178
5744011.14,21120,0.077,4.014,4.091
5744025.99,21121,0.086,4.02,4.107
5744044.46,21122,0.082,4.228,4.31
5744056.3,21120,0.081,4.046,4.127
5744063.31,21121,0.103,4.062,4.165
5744095.49,21122,0.486,7.098,7.584
5744096.73,21120,0.084,4.604,4.688
5744108.01,21121,0.074,6.081,6.156
5744109.64,21122,0.07,6.204,6.273
5744116.21,21120,2.337,4.118,6.455
5744152.3,21121,0.087,4.057,4.144
5744164.13,21122,0.06,8.022,8.082
5744164.27,21120,0.053,4.181,4.234
5744188.64,21121,0.076,3.97,4.046
5744211.54,21122,0.088,4.072,4.16
5744215.89,21120,0.078,4.025,4.103
5744220.87,21121,0.096,4.094,4.19
5744235.08,21122,2.108,3.945,6.053
5744240.33,21120,0.067,3.987,4.054
5744246.24,21121,0.077,5.735,5.812
5744266.23,21122,1.068,4.103,5.171
5744301.33,21120,0.17,4.071,4.242
5744313.87,21121,0.101,4.134,4.235
5744345.91,21122,0.102,4.045,4.147
5744350.28,21120,0.072,4.081,4.152
5744365.73,21121,0.081,3.99,4.071
5744386.15,21122,1.579,4.047,5.626
5744400.12,21120,0.057,4.037,4.094
5744437.1,21121,0.077,3.977,4.055
5744446.61,21122,0.065,8.115,8.18
5744446.9,21120,0.083,5.729,5.813
5744460.19,21121,2.295,4.088,6.383
5744512.04,21122,0.126,3.976,4.102
5744560.15,21120,0.081,4.024,4.105
5744574.54,21121,0.072,4.164,4.236
5744585.87,21122,0.061,6.986,7.047
5744587.22,21120,0.657,6.155,6.812
5744611.16,21121,0.081,4.028,4.109
5744616.58,21122,0.064,5.164,5.228
5744624.67,21120,0.061,4.075,4.136
5744625.17,21121,0.06,4.074,4.134
5744647.05,21122,0.091,7.896,7.987
5744647.88,21120,0.046,7.234,7.28
5744654.67,21121,0.057,4.103,4.16
5744674.67,21122,0.098,4.088,4.187
5744680.1,21120,0.06,4.086,4.146
5744701.09,21121,0.065,3.988,4.053
5744723.89,21122,0.066,4.077,4.143
5744730.57,21120,2.168,4.439,6.607
5744757.26,21121,0.07,4.184,4.254
5744761.44,21122,0.092,4.161,4.253
5744770.11,21121,2.049,4.029,6.078
5744786.15,21120,0.082,4.03,4.112
5744792.26,21122,0.061,4.396,4.457
5744822.55,21121,0.078,4.089,4.167
5744838.91,21120,0.072,4.482,4.554
5744845.75,21122,0.065,3.994,4.059
5744881.11,21121,0.085,3.985,4.071
5744910.15,21120,1.044,4.043,5.087
5744914.46,21122,0.223,4.182,4.405
5744928.61,21121,0.128,4.138,4.266
5744943.41,21120,0.085,4.091,4.177
5744964.87,21122,0.074,4.085,4.159
5745007.8,21121,0.081,5.191,5.272
5745044.19,21120,0.069,4.118,4.187
5745050.16,21122,0.063,4.062,4.126
5745082.2,21121,2.068,4.08,6.148
5745086.16,21120,0.053,4.069,4.122
5745090.31,21121,2.226,4.049,6.275
5745098.29,21122,0.058,4.019,4.077
5745105.19,21120,0.055,3.967,4.022
5745141.99,21121,0.085,4.316,4.4
5745163.43,21120,0.077,5.131,5.209
5745165.26,21122,0.058,9.839,9.897
5745180.37,21121,2.186,4.26,6.446
5745194.19,21120,0.744,4.048,4.792
5745319.41,21122,0.17,3.9,4.07
5745334.04,21121,0.119,4.054,4.174
5745386.91,21120,0.118,4.135,4.253
5745428.52,21122,0.087,4.366,4.453
5745452.13,21121,0.076,4.004,4.08
5745460.0,21120,0.064,7.715,7.779
5745460.89,21122,0.089,6.266,6.355
5745482.99,21121,0.08,4.106,4.186
5745528.22,21120,0.092,4.078,4.17
5745541.18,21122,2.049,4.085,6.133
5745543.17,21121,0.051,4.051,4.102
5745547.38,21120,0.766,4.102,4.868
5745556.15,21122,0.064,4.043,4.107
5745563.84,21121,0.053,4.028,4.081
5745572.31,21122,0.042,7.974,8.016
5745571.99,21120,0.067,7.996,8.063
5745639.57,21121,0.074,3.926,4.0
5745656.46,21122,0.088,4.116,4.204
5745669.09,21120,0.072,3.973,4.045
5745683.75,21121,0.059,3.983,4.042
5745706.86,21122,0.105,4.001,4.106
5745745.24,21120,0.096,6.512,6.608
5745751.05,21121,0.061,4.028,4.089
5745767.25,21122,0.097,5.095,5.193
5745823.91,21120,0.072,3.965,4.038
5745850.45,21121,0.075,3.992,4.067
5745854.77,21122,0.076,4.011,4.088
5745889.24,21120,0.074,4.124,4.198
5745915.18,21121,0.079,4.042,4.121
5745920.21,21122,0.771,4.137,4.907
5745988.15,21120,0.076,4.029,4.106
5745994.75,21121,0.068,4.097,4.164
5745999.06,21122,0.064,4.138,4.202
5746013.53,21120,0.082,4.12,4.203
5746013.7,21121,0.066,4.042,4.108
5746071.02,21120,0.074,3.899,3.973
5746071.07,21122,0.091,4.061,4.153
5746088.15,21121,0.091,4.006,4.096
5746094.52,21120,0.059,6.213,6.272
5746103.79,21122,0.06,3.998,4.058
5746108.75,21121,0.058,4.2,4.258
5746148.17,21120,0.117,7.999,8.117
5746148.35,21122,0.685,5.267,5.952
5746157.1,21121,0.07,3.985,4.056
5746190.58,21120,0.105,4.079,4.184
5746194.88,21122,0.055,4.141,4.196
5746195.24,21121,0.061,3.981,4.042
5746210.1,21122,0.093,6.146,6.239
5746210.33,21120,0.064,8.238,8.302
5746250.2,21121,0.102,4.051,4.153
5746256.75,21122,0.111,6.358,6.469
5746298.26,21120,1.615,4.119,5.733
5746315.76,21121,0.071,4.083,4.153
5746329.63,21122,0.09,4.17,4.259
5746333.87,21120,0.102,4.064,4.166
5746358.21,21121,0.196,3.935,4.131
5746372.95,21120,0.055,6.047,6.103
5746373.89,21122,0.148,8.21,8.357
5746414.1,21121,0.071,3.979,4.05
5746434.28,21122,0.176,4.054,4.231
5746446.74,21120,0.064,5.076,5.14
5746458.11,21121,0.068,3.993,4.06
5746463.23,21122,1.021,4.168,5.188
5746479.47,21120,0.075,3.956,4.031
5746486.3,21121,0.075,4.074,4.149
5746490.82,21122,0.081,4.07,4.15
5746507.12,21120,0.057,4.019,4.077
5746529.2,21121,0.078,4.073,4.151
5746548.05,21122,0.091,3.95,4.041
5746588.24,21120,0.098,4.057,4.155
5746593.06,21121,0.18,4.305,4.486
5746612.14,21122,2.366,8.023,10.389
5746612.2,21120,0.054,3.939,3.992
5746639.99,21121,0.08,3.97,4.05
5746656.85,21122,0.087,3.97,4.057
5746663.17,21122,0.063,4.084,4.147
5746666.58,21121,0.073,4.08,4.154
5746675.59,21120,0.064,6.36,6.424
5746677.42,21122,0.066,4.612,4.678
5746743.06,21121,0.078,3.936,4.014
5746789.14,21120,2.449,4.032,6.482
5746808.25,21122,0.095,6.078,6.173
5746819.34,21121,0.093,3.97,4.064
5746823.63,21120,0.071,3.996,4.067
5746838.23,21122,0.147,4.012,4.159
5746863.25,21121,0.124,4.038,4.161
5746870.28,21120,0.077,4.027,4.104
5746876.96,21122,0.078,3.887,3.965
5746884.18,21121,0.059,4.081,4.14
5746904.3,21120,0.067,4.09,4.157
5746922.19,21122,0.056,4.093,4.149
5746926.11,21121,0.052,4.07,4.122
5746971.73,21120,0.085,4.042,4.127
5746976.02,21122,0.061,4.065,4.127
5746993.22,21121,0.076,4.091,4.168
5747001.25,21120,0.082,4.126,4.208
5747007.15,21122,0.056,4.06,4.116
5747012.44,21121,0.056,4.045,4.101
5747020.14,21122,0.071,6.088,6.16
5747020.88,21120,0.051,8.31,8.361
5747034.89,21121,0.074,3.951,4.026
5747053.27,21122,1.018,4.209,5.228
5747065.49,21120,0.083,4.036,4.119
5747072.86,21121,0.098,5.624,5.722
5747093.24,21122,0.103,3.943,4.047
5747107.36,21120,0.062,4.046,4.108
5747158.14,21121,0.083,4.066,4.149
5747163.9,21122,0.07,4.134,4.204
5747168.23,21120,0.061,4.029,4.09
5747208.87,21121,0.072,4.036,4.108
5747214.43,21122,0.057,4.053,4.111
5747218.62,21120,0.524,4.065,4.589
5747283.82,21121,0.079,4.021,4.1
5747286.26,21122,0.053,4.139,4.193
5747290.52,21121,0.373,4.107,4.48
5747291.07,21120,0.051,4.17,4.22
5747337.32,21122,0.103,4.135,4.238
5747357.04,21121,2.025,3.947,5.973
5747364.54,21120,0.078,4.402,4.48
5747381.9,21122,0.14,4.257,4.397
5747434.05,21121,0.166,5.269,5.435
5747437.51,21120,0.126,4.054,4.18
5747453.47,21122,0.077,4.138,4.215
5747469.29,21121,0.073,5.283,5.356
5747474.61,21120,0.082,4.023,4.105
5747514.04,21122,0.101,4.172,4.273
5747520.49,21121,0.08,3.952,4.032
5747531.41,21120,0.091,4.068,4.159
5747545.97,21122,0.065,4.011,4.077
5747550.06,21121,2.082,3.939,6.021
5747566.62,21120,0.072,4.116,4.188
5747580.69,21122,0.088,4.018,4.106
5747606.0,21121,1.768,3.941,5.709
5747607.22,21120,0.052,4.104,4.157
5747611.56,21122,2.295,4.189,6.484
5747620.3,21121,0.065,3.958,4.023
5747649.82,21120,0.083,4.129,4.213
5747656.03,21122,0.067,3.909,3.976
5747671.01,21121,1.17,3.954,5.124
5747708.75,21120,0.084,4.09,4.174
5747763.72,21122,0.065,4.125,4.19
5747773.07,21121,0.927,3.997,4.924
5748001.28,21120,0.143,4.066,4.21
5748035.26,21122,0.117,4.079,4.196
5748041.18,21121,1.599,4.083,5.682
5748056.89,21120,0.092,4.223,4.316
5748164.68,21122,0.131,4.102,4.233
5748176.14,21121,1.085,4.031,5.116
5748182.15,21120,0.107,4.042,4.149
5748186.39,21122,0.068,3.995,4.063
5748194.3,21121,0.083,4.068,4.151
5748204.32,21120,0.087,5.184,5.271
5748217.45,21122,0.067,4.18,4.247
5748230.56,21121,1.46,4.054,5.513
5748255.76,21120,0.065,4.109,4.174
5748269.41,21122,0.078,3.956,4.034
5748274.03,21121,0.105,4.104,4.209
5748322.06,21120,2.33,3.949,6.279
5748326.31,21122,0.063,4.083,4.146
5748354.57,21121,0.072,4.062,4.135
5748358.77,21120,0.671,4.062,4.733
5748365.17,21122,2.978,4.051,7.029
5748372.14,21121,0.058,4.046,4.103
5748377.2,21120,0.053,4.108,4.162
5748381.41,21122,0.282,4.091,4.373
5748387.38,21121,0.051,3.989,4.04
5748401.33,21120,0.068,4.043,4.111
5748408.29,21122,0.071,4.17,4.24
5748413.34,21121,0.065,4.127,4.192
5748429.66,21120,0.101,4.087,4.188
5748440.53,21122,0.079,4.101,4.18
5748446.51,21121,0.081,4.052,4.133
5748459.91,21120,0.064,4.095,4.158
5748525.26,21122,0.092,6.003,6.096
5748540.09,21121,0.071,3.975,4.046
5748581.23,21120,0.075,4.108,4.182
5748585.4,21122,2.296,4.064,6.36
5748635.95,21121,0.099,4.122,4.22
5748649.25,21120,0.076,3.973,4.049
5748670.14,21122,0.929,4.061,4.99
5748703.24,21121,0.072,4.257,4.33
5748717.79,21120,0.087,4.143,4.23
5748736.13,21122,1.56,4.009,5.569
5748768.15,21121,2.425,4.199,6.624
5748782.19,21120,0.073,3.963,4.036
5748846.09,21122,0.095,4.083,4.178
5748856.16,21121,2.027,4.091,6.118
5748876.99,21120,0.131,4.3,4.431
5748886.88,21122,0.097,4.161,4.259
5748901.21,21121,0.093,4.632,4.725
5748907.12,21120,0.064,4.097,4.161
5748911.24,21122,0.065,4.138,4.203
5748940.07,21121,1.048,5.98,7.028
5748960.1,21120,0.083,4.059,4.142
5748972.81,21122,0.094,6.395,6.488
5749001.56,21121,0.168,4.139,4.306
5749038.16,21120,3.419,4.092,7.511
5749044.02,21122,0.077,4.375,4.451
5749074.12,21121,1.515,4.124,5.639
5749093.86,21120,0.993,4.054,5.047
5749100.15,21122,0.074,4.021,4.096
5749110.67,21121,0.07,7.557,7.627
5749111.32,21120,0.081,5.785,5.866
5749166.89,21122,0.105,4.094,4.199
5749186.27,21121,0.076,4.151,4.227
5749243.84,21120,0.111,3.969,4.08
5749303.63,21122,0.099,4.0,4.1
5749352.17,21121,0.199,4.11,4.31
5749398.27,21120,0.145,4.038,4.184
5749452.09,21122,1.461,3.947,5.407
5749459.33,21121,0.159,4.105,4.264
5749465.13,21120,0.087,3.999,4.086
5749512.17,21122,1.079,4.033,5.112
5749626.97,21121,0.102,4.122,4.224
5749651.23,21120,0.093,3.975,4.068
5749676.82,21122,0.09,4.098,4.188
5749686.31,21121,0.075,4.07,4.146
5749732.35,21120,0.098,5.895,5.993
5749789.16,21122,2.075,4.009,6.084
5749805.66,21121,0.114,4.06,4.174
5749850.12,21120,0.087,3.987,4.074
5749874.06,21122,0.803,3.943,4.746
5749904.14,21121,0.082,4.059,4.141
5749917.91,21120,0.082,3.991,4.074
5749996.33,21122,0.106,4.02,4.126
5750018.25,21121,0.113,4.077,4.19
5750077.85,21120,0.091,4.217,4.309
5750255.33,21122,2.072,4.164,6.236
5750291.34,21121,1.253,4.014,5.267
5750319.32,21120,0.097,4.193,4.291
5750321.71,21122,0.073,4.197,4.27
5750363.63,21121,0.089,4.121,4.21
5750404.19,21120,0.111,4.096,4.207
5750658.19,21122,2.233,3.974,6.207
5750802.61,21121,0.133,4.079,4.211
5750884.11,21120,0.115,4.064,4.179
5750905.94,21122,0.102,3.916,4.018
5750942.29,21121,0.092,4.137,4.229
5750955.36,21120,0.067,6.24,6.307
5750969.34,21122,0.091,3.976,4.068
5750984.12,21121,0.084,3.983,4.067
5751228.63,21120,0.14,3.974,4.114
5751317.11,21122,0.12,4.146,4.266
5751386.25,21121,1.065,4.124,5.188
5751654.9,21120,0.196,4.035,4.231
5751763.22,21122,0.934,4.034,4.968
5751804.57,21121,0.108,4.014,4.122
5751833.27,21120,0.136,4.178,4.314
5752147.36,21122,0.177,4.084,4.262
5752157.21,21121,1.057,4.092,5.148
5752171.19,21120,0.097,4.041,4.137
5752183.11,21122,0.085,4.014,4.099
5752198.73,21121,0.07,4.102,4.172
5752278.37,21120,0.165,4.028,4.193
5752413.29,21122,0.119,4.106,4.225
5752456.58,21121,0.114,3.967,4.081
5752469.69,21120,0.081,4.113,4.194
5752723.65,21122,0.163,4.113,4.276
5752806.71,21121,0.111,3.979,4.09
5752818.31,21120,0.092,4.152,4.244
5752837.45,21122,0.1,4.192,4.293
5752851.15,21121,2.065,4.035,6.101
5753024.31,21120,0.083,5.629,5.712
5753048.51,21122,0.092,4.359,4.451
5753081.64,21121,0.088,4.037,4.126
5753085.9,21120,0.072,3.996,4.068
5753187.14,21122,0.143,4.041,4.184
5753209.27,21121,0.095,4.113,4.207
5753289.21,21120,2.037,4.104,6.141
5753314.25,21122,0.088,4.114,4.202
5753334.1,21121,0.086,3.967,4.052
5753546.24,21120,0.13,4.039,4.169
5753564.16,21122,0.092,4.188,4.28
5753600.81,21121,0.1,4.086,4.185
5753842.7,21120,0.15,4.084,4.234
5753880.51,21122,0.178,4.26,4.438
5753919.27,21121,0.107,4.105,4.212
5754083.44,21120,0.128,3.986,4.114
5754087.69,21122,0.078,4.231,4.309
5754099.47,21120,0.085,5.881,5.966
5754126.35,21121,0.11,4.081,4.191
5754130.68,21122,0.077,4.032,4.109
5754171.84,21120,0.245,4.099,4.344
5754221.02,21121,0.084,4.074,4.158
5754225.25,21122,0.061,4.063,4.124
5754238.03,21120,0.092,4.549,4.641
5754240.15,21121,0.095,4.076,4.171
5754312.78,21122,0.096,4.196,4.292
5754317.49,21120,0.599,4.037,4.636
5754341.63,21121,0.08,4.168,4.248
5754389.37,21122,0.075,4.272,4.347
5754395.12,21120,0.066,4.013,4.079
5754402.25,21121,2.049,4.154,6.204
5754419.88,21122,0.423,4.333,4.756
5754442.24,21120,0.071,4.115,4.186
5754464.2,21121,0.154,3.977,4.13
5754514.2,21122,0.079,11.066,11.145
5754517.57,21120,1.657,11.496,13.153
5754518.36,21121,3.816,8.224,12.04
5754520.96,21122,1.542,6.609,8.151
5754559.12,21120,0.084,3.994,4.078
5754564.13,21121,0.055,4.033,4.088
5754569.15,21122,0.063,4.053,4.116
5754643.48,21120,0.11,4.304,4.415
5754656.52,21121,0.104,4.323,4.427
5754682.71,21122,0.153,4.085,4.238
5754698.07,21120,0.097,4.177,4.274
5754702.34,21121,0.184,4.104,4.289
5754715.6,21122,0.08,3.999,4.079
5754728.84,21120,0.078,4.101,4.179
5754739.24,21121,0.059,4.137,4.195
5754745.15,21122,0.059,4.052,4.111
5754766.74,21120,0.058,4.13,4.188
5754794.8,21121,0.079,4.118,4.197
5754804.38,21122,0.08,4.014,4.094
5754809.06,21120,0.059,3.959,4.018
5754824.16,21121,1.059,4.047,5.106
5754838.15,21122,1.437,4.046,5.483
5754870.39,21120,0.08,4.279,4.359
5754895.36,21121,0.143,4.145,4.288
5754899.84,21122,0.08,4.122,4.202
5754916.27,21121,0.086,4.114,4.199
5754918.0,21120,0.113,5.9,6.012
5754955.72,21122,0.074,4.125,4.199
5754982.81,21121,0.075,4.047,4.121
5754997.17,21120,0.077,3.938,4.015
5755012.25,21122,0.061,4.031,4.092
5755038.12,21121,0.065,4.022,4.087
5755042.82,21120,2.36,4.582,6.942
5755049.82,21122,0.064,4.157,4.221
5755058.85,21121,0.053,4.128,4.182
5755087.28,21120,0.087,4.204,4.291
5755103.28,21122,0.082,4.053,4.134
5755108.58,21121,0.063,4.081,4.144
5755169.14,21120,0.091,4.038,4.129
5755202.18,21122,0.075,4.051,4.127
5755206.29,21121,0.062,3.96,4.021
5755244.38,21120,0.155,5.633,5.788
5755247.43,21122,0.073,3.976,4.049
5755283.55,21120,0.145,6.072,6.217
5755303.8,21121,0.094,4.119,4.213
5755316.21,21122,0.109,4.013,4.122
5755320.4,21120,0.096,4.02,4.117
5755326.11,21121,0.073,4.102,4.175
5755333.62,21122,0.06,4.175,4.234
5755337.8,21120,0.052,4.072,4.124
5755344.87,21121,0.07,4.08,4.15
5755358.28,21122,0.06,3.88,3.94
5755372.49,21120,0.073,4.099,4.172
5755376.98,21121,0.062,4.757,4.819
5755457.38,21120,0.14,4.058,4.198
5755466.78,21122,0.087,4.071,4.157
5755470.93,21121,0.071,3.987,4.057
5755479.22,21120,0.079,4.005,4.084
5755503.21,21122,0.114,4.026,4.14
5755578.07,21121,0.167,4.233,4.4
5755627.32,21120,1.121,4.1,5.221
5755819.35,21122,0.158,4.1,4.258
5755824.41,21121,0.092,4.011,4.103
5755854.54,21120,0.104,3.985,4.089
5755863.47,21122,0.054,4.079,4.132
5755890.17,21121,0.067,4.054,4.121
5755894.65,21120,0.226,4.142,4.369
5756016.77,21122,0.13,4.083,4.212
5756080.53,21121,0.142,4.312,4.453
5756114.83,21120,0.13,3.951,4.081
5756178.52,21122,0.128,4.125,4.253
5756234.28,21121,0.146,4.029,4.176
5756302.29,21120,0.163,4.039,4.202
5756322.21,21122,0.092,4.088,4.18
5756378.18,21121,0.128,4.109,4.237
5756448.2,21120,0.103,4.04,4.143
5756452.2,21122,0.073,4.067,4.14
5756463.44,21120,0.077,5.096,5.173
5756537.3,21121,0.088,4.163,4.251
5756541.62,21122,0.39,4.124,4.514
5756545.71,21120,0.453,3.965,4.418
5756565.05,21121,0.058,4.103,4.161
5756600.51,21122,0.117,4.127,4.244
5756603.84,21120,0.096,6.487,6.584
5756612.13,21121,0.068,4.017,4.085
5756668.09,21122,0.108,3.926,4.035
5756675.73,21120,0.067,3.985,4.052
5756704.24,21121,0.123,4.046,4.169
5756720.25,21122,0.133,4.059,4.192
5756725.26,21120,0.065,4.038,4.103
5756728.1,21121,0.066,4.056,4.122
5756737.16,21122,0.064,4.053,4.117
5756749.53,21120,0.122,3.982,4.104
5756759.29,21121,0.084,4.029,4.113
5756792.2,21122,0.149,4.164,4.314
5756827.09,21120,1.216,3.936,5.151
5756880.96,21121,0.118,4.061,4.18
5756892.18,21122,1.055,4.074,5.13
5756909.43,21120,0.081,3.942,4.023
5756920.41,21121,0.092,4.069,4.161
5757005.04,21122,3.652,4.186,7.838
5757007.19,21120,0.091,4.22,4.311
5757011.32,21121,0.107,4.155,4.262
5757021.2,21120,2.027,4.125,6.152
5757046.09,21122,0.091,4.226,4.317
5757053.28,21121,0.079,4.069,4.148
5757077.43,21120,0.121,7.258,7.379
5757082.14,21122,0.067,4.618,4.685
5757096.2,21121,0.094,4.058,4.152
5757136.13,21120,0.073,4.004,4.077
5757217.94,21122,0.092,3.979,4.071
5757223.62,21121,0.067,4.133,4.2
5757236.41,21120,0.072,4.061,4.133
5757243.16,21122,0.074,3.936,4.009
5757263.48,21120,0.05,6.05,6.1
5757264.33,21121,0.064,9.062,9.126
5757269.63,21122,0.777,4.561,5.338
5757311.27,21120,0.072,4.147,4.219
5757315.46,21121,0.052,4.081,4.133
5757362.18,21122,0.075,4.055,4.13
5757386.29,21120,0.086,4.176,4.262
5757391.22,21121,0.061,4.112,4.173
5757395.49,21122,0.125,4.038,4.163
5757415.19,21120,0.11,6.184,6.294
5757419.57,21121,0.069,6.545,6.615
5757427.34,21122,0.536,4.201,4.738
5757476.15,21120,1.641,4.028,5.669
5757493.22,21121,0.091,4.1,4.191
5757497.46,21122,0.096,4.084,4.18
5757512.28,21120,0.121,5.759,5.88
5757534.03,21121,0.079,4.044,4.123
5757547.01,21122,0.072,4.076,4.148
5757557.34,21121,0.082,4.206,4.288
5757557.84,21120,2.677,8.747,11.425
5757586.18,21122,1.557,4.109,5.666
5757654.2,21121,0.079,4.072,4.151
5757698.24,21120,0.082,4.109,4.191
5757717.09,21122,0.088,5.119,5.207
5757754.18,21121,0.094,4.032,4.126
5757758.45,21120,0.059,4.029,4.087
5757777.2,21122,0.076,4.083,4.159
5757803.38,21121,0.168,4.051,4.219
5757832.8,21120,0.115,3.998,4.113
5757852.22,21122,0.086,4.079,4.165
5757878.08,21121,0.107,4.032,4.139
5757927.17,21120,0.084,4.017,4.101
5757953.05,21122,2.217,3.971,6.188
5757969.62,21120,0.053,4.513,4.566
5757969.94,21121,0.065,8.699,8.764
5757980.87,21122,0.069,4.121,4.19
5757981.33,21120,0.065,4.007,4.073
5758014.58,21121,0.083,4.002,4.085
5758018.92,21122,0.055,4.106,4.161
5758020.18,21120,0.077,4.067,4.144
5758035.0,21121,2.047,3.916,5.963
5758041.1,21122,0.06,4.032,4.092
5758044.67,21120,0.053,4.354,4.408
5758053.95,21121,0.066,4.045,4.111
5758099.28,21122,0.083,5.116,5.199
5758102.71,21120,0.129,4.6,4.729
5758149.05,21122,2.857,3.94,6.798
5758221.83,21121,0.147,4.039,4.186
5758242.63,21120,0.124,4.164,4.288
5758295.15,21122,1.858,4.015,5.873
5758295.34,21121,0.072,4.084,4.156
5758321.66,21120,0.119,4.034,4.153
5758341.2,21122,0.083,4.061,4.144
5758376.48,21121,0.11,4.104,4.214
5758432.63,21120,0.095,4.023,4.119
5758558.19,21122,2.125,4.06,6.184
5758667.22,21121,2.096,4.05,6.146
5758731.31,21120,0.137,6.096,6.233
5758736.2,21122,3.089,4.041,7.13
5758847.55,21121,2.969,4.352,7.32
5758857.22,21120,0.113,4.037,4.15
5758901.41,21122,0.097,6.085,6.182
5758970.86,21121,0.387,3.976,4.363
5758997.69,21120,0.102,3.974,4.077
5759034.18,21122,0.099,4.024,4.124
5759053.99,21121,0.067,3.923,3.991
5759069.5,21120,0.085,7.882,7.968
5759070.16,21122,0.063,5.875,5.938
5759268.19,21121,0.141,3.966,4.107
5759323.55,21120,0.161,4.069,4.229
5759352.57,21122,0.109,4.08,4.189
5759360.04,21121,0.066,3.919,3.985
5759366.8,21120,0.068,4.666,4.734
5759377.98,21122,0.076,4.404,4.48
5759399.82,21121,0.118,4.063,4.181
5759457.03,21120,0.171,5.828,5.999
5759467.48,21122,0.082,4.085,4.168
5759497.04,21121,0.095,4.123,4.217
5759507.21,21120,1.279,4.124,5.403
5759570.2,21122,0.089,4.062,4.151
5759584.96,21121,0.067,4.045,4.112
5759614.06,21120,0.098,4.376,4.475
5759645.71,21122,0.102,4.012,4.115
5759663.83,21121,0.084,4.162,4.246
5759670.24,21120,0.088,6.097,6.185
5759697.24,21122,0.071,3.947,4.017
5759700.25,21121,0.069,4.036,4.105
5759710.18,21122,0.073,3.957,4.03
5759723.25,21120,0.06,4.148,4.208
5759732.93,21121,0.058,4.002,4.06
5759750.17,21122,1.026,4.103,5.129
5759750.74,21120,0.045,3.956,4.001
5759785.9,21121,0.085,4.082,4.168
5759826.23,21122,2.586,4.104,6.69
5759828.23,21120,0.057,4.089,4.146
5759840.03,21121,0.068,4.022,4.091
5759847.27,21122,0.056,3.976,4.032
5759849.39,21120,0.092,4.207,4.299
5759884.29,21121,0.116,4.103,4.219
5759902.2,21122,1.4,4.047,5.447
5759908.11,21122,1.299,4.044,5.343
5759916.13,21121,0.075,3.989,4.064
5759920.28,21120,0.079,3.988,4.067
5759930.06,21122,0.913,4.001,4.914
5759941.1,21121,1.045,4.017,5.063
5759954.46,21120,0.058,4.126,4.184
5759957.26,21122,1.07,4.145,5.214
5759983.94,21121,0.083,4.102,4.184
5759989.45,21120,0.061,4.07,4.131
5760035.96,21122,1.023,3.897,4.921
5760068.28,21121,0.077,4.244,4.321
5760078.5,21120,0.07,5.957,6.027
5760082.66,21122,0.069,4.018,4.087
5760132.52,21121,0.092,4.108,4.199
5760161.13,21120,2.091,3.966,6.057
5760168.11,21122,1.022,4.021,5.043
5760182.61,21121,0.076,4.052,4.128
5760212.92,21120,0.11,4.11,4.22
5760220.37,21122,0.08,3.958,4.038
5760226.31,21121,0.057,4.204,4.261
5760230.45,21120,0.049,4.025,4.073
5760255.46,21122,0.094,4.073,4.166
5760284.47,21121,0.1,4.072,4.173
5760296.28,21120,0.086,3.962,4.048
5760307.36,21122,0.072,3.976,4.048
5760307.97,21121,0.06,4.208,4.269
5760322.4,21120,0.106,4.009,4.114
5760369.85,21122,3.069,5.708,8.777
5760383.4,21121,0.124,4.218,4.342
5760405.22,21120,0.105,4.075,4.18
5760439.05,21122,2.074,3.905,5.979
5760451.87,21121,0.107,4.076,4.183
5760456.03,21120,0.069,4.008,4.077
5760488.83,21122,0.077,3.935,4.012
5760540.56,21121,0.115,4.127,4.242
5760549.45,21120,0.079,4.046,4.125
5760563.92,21122,0.077,3.88,3.958
5760593.98,21121,0.067,4.1,4.167
5760598.31,21120,0.066,3.962,4.028
5760607.74,21122,0.085,4.043,4.128
5760618.28,21121,0.09,5.136,5.226
5760629.17,21120,0.092,4.021,4.113
5760647.17,21122,2.034,4.082,6.116
5760675.42,21121,0.077,4.057,4.134
5760682.73,21120,0.074,3.903,3.977
5760710.99,21122,0.09,4.013,4.103
5760726.27,21121,0.089,4.068,4.156
5760746.21,21120,2.153,3.939,6.092
5760767.33,21122,0.106,4.155,4.261
5760775.23,21121,0.109,4.109,4.217
5760781.21,21120,0.061,4.075,4.135
5760793.32,21122,0.073,4.292,4.365
5760801.65,21121,0.262,4.343,4.605
5760809.52,21120,0.119,4.069,4.188
5760816.11,21122,0.067,3.998,4.065
5760825.94,21121,0.067,4.092,4.159
5760833.44,21120,0.057,4.339,4.396
5760868.43,21122,0.094,4.177,4.271
5760881.12,21121,0.085,4.119,4.203
5760920.09,21120,0.082,3.952,4.034
5760973.37,21122,0.159,4.318,4.476
5760991.42,21121,0.113,4.233,4.346
5761011.29,21120,0.092,4.11,4.202
5761017.48,21122,0.061,6.053,6.114
5761032.59,21121,0.061,4.138,4.199
5761043.82,21120,0.087,4.142,4.228
5761048.0,21122,0.06,3.953,4.012
5761064.56,21121,0.07,4.2,4.27
5761082.15,21120,0.079,4.024,4.103
5761098.23,21122,0.808,4.127,4.935
5761106.21,21121,0.067,4.14,4.207
5761110.55,21120,0.081,4.103,4.184
5761164.29,21122,0.076,4.166,4.242
5761169.26,21121,0.706,4.182,4.887
5761204.37,21120,0.072,4.026,4.098
5761278.01,21122,0.163,4.146,4.309
5761292.3,21121,2.098,4.12,6.218
5761317.27,21120,0.101,4.04,4.141
5761336.84,21122,3.158,4.067,7.225
5761346.98,21121,0.075,4.153,4.228
5761355.18,21120,0.058,4.073,4.132
5761363.21,21122,2.577,4.113,6.689
5761383.11,21121,0.066,3.995,4.061
5761393.91,21120,0.05,4.079,4.129
5761398.01,21122,0.057,3.993,4.05
5761412.53,21121,0.071,4.158,4.228
5761419.76,21120,0.085,3.984,4.068
5761439.11,21122,2.467,4.024,6.491
5761443.27,21121,0.065,4.028,4.094
5761454.36,21120,0.053,4.059,4.112
5761468.57,21122,0.059,4.035,4.094
5761485.48,21121,0.064,4.067,4.131
5761541.97,21120,0.066,4.126,4.192
5761576.46,21122,0.072,4.103,4.175
5761621.16,21121,1.032,4.071,5.104
5761677.5,21120,0.11,3.988,4.098
5761793.8,21122,0.091,4.019,4.11
5761803.3,21121,0.081,5.491,5.572
5761854.31,21120,2.091,4.165,6.256
5761891.55,21122,0.088,4.162,4.25
5761929.84,21121,0.09,4.324,4.414
5762028.27,21120,0.16,4.021,4.181
5762038.21,21122,1.072,4.077,5.149
5762071.04,21121,0.098,4.077,4.175
5762075.32,21120,0.06,4.141,4.201
5762118.25,21122,0.091,3.994,4.086
5762164.78,21121,0.08,4.048,4.128
5762187.93,21120,0.075,5.954,6.029
5762194.35,21122,2.036,4.241,6.277
5762198.61,21121,0.105,4.09,4.195
5762203.99,21120,0.053,4.118,4.171
5762278.77,21122,0.085,5.626,5.712
5762290.42,21121,0.066,4.326,4.392
5762294.84,21120,0.08,4.224,4.304
5762316.0,21122,0.068,4.153,4.221
5762357.27,21120,2.243,6.138,8.381
5762357.44,21121,3.935,8.344,12.279
5762364.21,21122,0.073,4.133,4.207
5762377.93,21120,0.067,4.113,4.179
5762499.88,21121,0.755,4.054,4.808
5762596.97,21122,0.188,6.091,6.279
5762611.22,21120,0.138,6.021,6.158
5762634.17,21121,0.737,4.131,4.868
5762638.33,21122,0.089,4.004,4.092
5762839.14,21120,0.101,4.282,4.384
5762914.36,21121,0.119,4.18,4.299
5762937.93,21122,0.11,4.221,4.331
5762996.95,21120,0.121,4.234,4.355
5763058.68,21121,0.644,4.155,4.799
5763066.12,21122,0.156,4.055,4.211
5763101.19,21120,0.092,4.045,4.137
5763231.95,21121,0.1,4.052,4.152
5763242.24,21122,0.074,4.114,4.188
5763307.44,21120,0.083,3.989,4.071
5763369.78,21121,0.919,3.974,4.892
5763477.27,21122,0.106,4.087,4.193
5763486.36,21120,0.085,3.979,4.064
5763642.14,21121,1.249,3.981,5.229
5763657.06,21122,0.107,4.164,4.271
5763740.3,21120,0.1,4.067,4.167
5763819.11,21121,1.506,3.968,5.474
5763859.82,21122,0.091,4.114,4.205
5763893.52,21120,0.12,4.011,4.131
5764003.74,21121,0.127,6.213,6.339
5764084.38,21122,0.163,4.121,4.284
5764167.0,21120,0.166,3.968,4.134
5764229.07,21121,3.982,3.931,7.912
5764300.31,21122,0.131,4.584,4.715
5764391.3,21120,0.125,3.969,4.094
5764395.97,21121,0.1,4.456,4.556
5764539.37,21122,0.133,4.16,4.293
5764543.6,21120,0.087,4.045,4.132
5764565.2,21121,0.102,3.94,4.043
5764566.58,21122,0.062,4.038,4.1
5764635.93,21120,0.11,4.108,4.218
5764697.73,21121,0.102,5.568,5.669
5764723.83,21122,0.1,4.18,4.28
5764728.42,21120,0.069,4.435,4.504
5764805.94,21121,0.098,3.947,4.045
5764861.24,21122,0.083,4.102,4.185
5764865.71,21120,0.23,4.166,4.396
5765028.07,21121,4.031,3.978,8.009
5765030.24,21122,0.07,4.121,4.191
5765034.39,21120,0.077,4.006,4.083
5765051.8,21121,0.072,6.12,6.192
5765126.85,21120,0.106,3.932,4.037
5765209.96,21122,0.182,3.989,4.171
5765220.27,21121,0.09,6.114,6.204
5765229.66,21120,0.079,4.024,4.103
5765244.22,21122,0.073,5.981,6.054
5765271.56,21121,0.325,4.167,4.492
5765273.91,21120,0.09,4.092,4.182
5765325.32,21121,0.076,6.617,6.694
5765328.6,21122,0.061,3.979,4.04
5765359.13,21121,2.029,4.054,6.083
5765359.14,21120,1.507,4.029,5.536
5765385.29,21122,0.065,4.172,4.237
5765460.19,21120,0.117,4.001,4.118
5765490.37,21121,0.102,7.385,7.486
5765499.53,21122,0.056,4.03,4.086
5765526.02,21120,0.078,3.887,3.965
5765532.14,21121,0.07,4.022,4.092
5765541.74,21122,0.071,4.063,4.133
5765582.21,21120,0.926,4.093,5.019
5765593.5,21121,0.075,4.273,4.348
5765604.72,21122,0.093,4.106,4.199
5765616.16,21122,0.485,4.073,4.558
5765616.38,21120,0.063,8.165,8.228
5765616.57,21121,0.883,4.515,5.398
5765639.61,21122,0.063,5.956,6.019
5765648.34,21120,0.069,4.221,4.29
5765660.68,21121,0.058,3.958,4.016
5765696.93,21122,0.065,4.062,4.126
5765723.23,21120,0.097,4.085,4.182
5765731.22,21121,0.079,4.05,4.129
5765743.7,21122,0.092,4.162,4.255
5765784.77,21120,0.082,4.198,4.28
5765804.1,21121,1.025,4.035,5.061
5765806.86,21122,0.065,4.186,4.251
5765816.16,21120,1.074,4.048,5.121
5765847.84,21121,0.065,3.976,4.042
5765869.79,21122,0.061,3.916,3.977
5765900.03,21120,0.113,3.923,4.035
5765941.71,21121,0.096,4.126,4.222
5765975.26,21122,0.091,4.057,4.148
5766001.03,21120,2.024,3.958,5.983
5766011.22,21121,0.057,4.119,4.176
5766015.33,21122,0.058,3.992,4.05
5766029.71,21120,1.611,4.042,5.654
5766037.81,21121,0.059,4.019,4.079
5766051.3,21122,0.061,3.98,4.041
5766058.47,21120,0.075,3.998,4.073
5766065.18,21121,0.054,3.988,4.042
5766071.79,21122,0.051,4.074,4.125
5766088.11,21120,1.461,6.016,7.477
5766120.76,21121,0.072,3.976,4.048
5766128.81,21122,0.052,4.034,4.086
5766136.59,21120,0.317,7.65,7.967
5766137.31,21121,0.051,5.74,5.791
5766150.47,21122,0.058,3.969,4.026
5766183.23,21120,1.551,4.106,5.656
5766214.37,21121,0.161,4.314,4.475
5766224.2,21122,0.691,4.069,4.76
5766247.58,21120,0.09,4.018,4.107
5766260.15,21121,2.052,4.059,6.11
5766266.95,21122,0.059,3.999,4.057
5766276.21,21120,1.953,4.104,6.057
5766286.41,21121,0.053,4.066,4.119
5766286.56,21122,0.048,4.097,4.146
5766378.14,21120,1.51,4.041,5.551
5766417.08,21121,0.087,5.073,5.16
5766421.95,21122,1.865,4.045,5.91
5766439.15,21120,0.08,4.23,4.31
5766452.29,21121,0.078,4.086,4.164
5766466.23,21122,0.069,4.061,4.13
5766487.26,21120,0.07,4.134,4.204
5766493.85,21121,0.089,4.707,4.795
5766518.83,21122,0.095,4.003,4.098
5766565.0,21120,0.081,3.991,4.072
5766571.28,21121,0.06,4.171,4.231
5766575.5,21122,0.06,4.058,4.118
5766703.35,21120,0.096,4.087,4.183
5766717.67,21121,0.096,3.98,4.076
5766726.06,21122,0.069,3.937,4.006
5766731.62,21120,0.06,4.027,4.087
5766773.23,21121,0.076,4.002,4.078
5766805.08,21122,2.037,3.987,6.024
5766849.62,21120,0.08,4.225,4.305
5766853.89,21121,0.061,4.15,4.211
5766858.25,21122,0.081,4.105,4.186
5766913.16,21120,2.054,6.055,8.109
5766925.0,21121,0.766,3.941,4.707
5766957.09,21122,0.076,3.966,4.042
5766991.19,21120,0.077,4.069,4.145
5767008.38,21121,0.072,4.088,4.16
5767066.6,21122,0.071,4.544,4.615
5767099.16,21120,1.048,4.068,5.116
5767153.63,21121,1.514,4.061,5.575
5767182.18,21122,0.085,4.041,4.125
5767192.17,21120,0.087,4.036,4.123
5767200.72,21121,0.079,4.077,4.156
5767216.23,21122,0.096,5.015,5.111
5767220.92,21120,0.08,8.149,8.229
5767221.07,21121,0.049,5.976,6.025
5767225.38,21122,0.058,4.168,4.226
5767240.87,21121,0.205,5.257,5.463
5767264.1,21120,1.847,4.031,5.878
5767326.22,21122,0.132,4.003,4.136
5767331.62,21121,0.098,4.104,4.202
5767345.19,21120,3.27,4.112,7.382
5767351.03,21122,0.061,3.985,4.047
5767393.66,21120,2.421,7.17,9.592
5767394.23,21122,0.048,4.146,4.194
5767394.26,21121,0.105,13.106,13.21
5767398.58,21120,0.073,4.057,4.131
5767403.4,21121,0.08,4.146,4.226
5767407.56,21122,0.083,4.006,4.089
5767420.67,21120,0.103,5.256,5.359
5767426.22,21121,1.359,4.117,5.477
5767496.47,21122,0.129,4.015,4.144
5767540.91,21120,0.083,4.182,4.264
5767575.4,21121,0.123,4.224,4.347
5767590.12,21122,0.071,4.008,4.079
5767598.49,21120,0.073,4.079,4.152
5767627.14,21121,2.324,4.035,6.359
5767631.26,21122,0.068,3.985,4.053
5767647.89,21120,0.077,3.972,4.049
5767689.91,21121,0.068,3.951,4.019
5767726.75,21120,0.062,4.129,4.191
5767728.45,21122,0.093,6.095,6.188
5767733.01,21121,0.051,5.952,6.003
5767805.51,21120,0.088,4.096,4.184
5767810.23,21122,0.061,4.232,4.292
5767837.08,21121,0.078,4.126,4.204
5767882.13,21120,0.08,6.083,6.163
5767884.35,21122,0.067,4.091,4.159
5767896.11,21121,0.074,3.998,4.072
5767931.15,21120,0.075,4.021,4.096
5767947.81,21122,0.087,4.044,4.131
5767954.79,21120,0.058,4.01,4.068
5767956.16,21121,0.064,8.217,8.281
5767965.02,21122,0.061,4.0,4.061
5767985.16,21120,0.072,6.099,6.171
5768014.68,21121,0.093,4.797,4.89
5768052.74,21122,0.089,4.053,4.142
5768056.99,21120,0.065,4.012,4.077
5768065.2,21121,0.064,4.027,4.092
5768083.36,21122,0.071,4.246,4.317
5768091.76,21120,0.056,6.057,6.113
5768098.03,21121,2.214,3.97,6.184
5768099.8,21122,0.053,4.133,4.186
5768113.09,21121,3.016,4.042,7.058
5768129.21,21122,0.121,4.086,4.207
5768144.28,21120,0.078,4.047,4.125
5768148.65,21121,0.075,4.102,4.177
5768158.98,21120,0.054,3.967,4.02
5768161.43,21122,1.839,8.309,10.148
5768164.92,21121,1.216,4.187,5.403
5768177.29,21120,0.076,6.134,6.21
5768183.14,21122,0.06,4.045,4.104
5768207.19,21121,0.082,4.079,4.161
5768211.46,21120,0.072,4.027,4.099
5768219.41,21122,0.12,4.25,4.37
5768227.23,21121,0.085,4.09,4.175
5768244.2,21120,0.517,4.23,4.747
5768283.28,21122,0.14,4.157,4.297
5768287.7,21121,0.09,4.16,4.25
5768337.87,21120,0.123,4.098,4.221
5768341.99,21122,0.089,3.901,3.99
5768354.62,21121,0.075,3.993,4.068
5768363.19,21120,0.057,4.09,4.147
5768377.06,21122,0.068,4.088,4.156
5768416.96,21121,0.096,4.12,4.216
5768425.21,21120,0.079,4.079,4.158
5768444.16,21122,0.077,4.03,4.107
5768448.59,21121,0.073,4.273,4.346
5768470.3,21120,0.08,4.065,4.144
5768485.66,21122,0.064,3.93,3.994
5768489.95,21121,0.06,4.12,4.18
5768532.96,21120,0.079,4.068,4.147
5768553.44,21122,0.076,4.118,4.194
5768576.35,21121,0.081,3.998,4.079
5768579.6,21120,0.081,4.072,4.153
5768589.04,21121,0.063,4.941,5.004
5768596.36,21122,0.088,4.291,4.379
5768602.12,21120,0.462,4.028,4.49
5768609.66,21121,0.056,4.097,4.153
5768613.27,21122,0.06,4.067,4.127
5768624.23,21121,0.061,4.137,4.198
5768662.67,21120,0.071,4.195,4.266
5768669.11,21122,1.048,4.026,5.074
5768673.21,21121,0.057,3.948,4.005
5768685.01,21120,0.063,4.152,4.214
5768787.82,21122,0.077,3.998,4.076
5768819.62,21121,1.617,3.949,5.566
5768827.84,21120,0.091,8.058,8.149
5768828.05,21121,1.789,3.973,5.763
5768830.1,21122,1.401,8.026,9.427
5768844.04,21121,4.37,3.965,8.335
5768848.54,21120,0.061,4.419,4.48
5768866.8,21122,0.076,4.139,4.215
5768887.09,21121,0.087,3.951,4.039
5768897.2,21120,0.055,4.318,4.372
5768901.77,21122,0.067,4.43,4.497
5768909.05,21121,0.829,3.978,4.806
5768932.88,21120,0.085,4.12,4.205
5768937.05,21122,0.057,4.048,4.105
5768977.8,21121,0.081,3.942,4.022
5768999.23,21120,0.086,4.183,4.269
5769027.16,21122,0.079,4.035,4.114
5769035.09,21121,0.062,3.984,4.046
5769040.76,21120,0.047,4.299,4.347
5769138.26,21122,0.11,4.087,4.197
5769148.02,21121,1.059,3.898,4.957
5769154.05,21120,0.06,3.845,3.905
5769170.06,21122,2.058,3.964,6.022
5769180.52,21121,0.067,5.956,6.023
5769230.08,21120,0.082,4.018,4.099
5769241.69,21122,0.063,4.092,4.155
5769259.21,21121,2.026,4.135,6.161
5769263.29,21120,0.063,5.176,5.239
5769272.01,21121,0.069,3.897,3.966
5769277.27,21122,0.056,4.051,4.107
5769293.23,21120,0.066,4.118,4.184
5769298.84,21121,0.062,3.961,4.023
5769374.1,21122,0.195,3.959,4.154
5769381.97,21120,0.138,3.867,4.005
5769393.14,21121,0.113,4.111,4.224
5769408.13,21122,1.257,3.991,5.247
5769417.61,21120,0.068,3.925,3.993
5769451.38,21121,1.873,4.272,6.145
5769473.88,21122,0.1,3.977,4.077
5769486.07,21120,2.14,3.976,6.116
5769494.08,21122,1.604,3.97,5.574
5769494.1,21121,1.927,4.029,5.956
5769501.56,21120,0.079,3.896,3.975
5769553.87,21121,0.112,4.045,4.157
5769567.4,21122,0.116,4.031,4.148
5769572.1,21120,0.069,4.093,4.163
5769605.09,21121,0.08,3.962,4.042
5769662.38,21122,0.158,4.098,4.256
5769670.16,21120,0.091,4.02,4.11
5769691.66,21121,0.088,3.997,4.085
5769768.57,21122,0.09,3.971,4.061
5769789.16,21120,0.076,4.218,4.294
5769793.26,21121,0.104,3.905,4.009
5769806.14,21122,0.078,6.0,6.078
5769850.21,21120,0.103,4.142,4.245
5769877.96,21121,0.092,3.884,3.976
5769906.86,21122,0.1,3.978,4.077
5770102.11,21120,2.0,4.006,6.007
5770109.99,21121,1.1,3.853,4.953
5770157.16,21122,0.103,3.992,4.095
5770231.17,21120,0.098,4.013,4.111
5770264.26,21121,0.113,4.104,4.217
5770306.29,21122,0.081,4.093,4.173
5770364.92,21120,0.12,4.165,4.285
5770569.89,21121,0.131,4.174,4.306
5770575.92,21122,0.097,4.036,4.133
5770600.32,21120,0.115,4.026,4.141
5770620.37,21121,0.069,5.726,5.795
5770626.46,21122,0.094,4.053,4.147
5770643.04,21120,0.088,4.06,4.148
5770683.8,21121,0.101,4.424,4.525
5770716.06,21122,0.075,3.931,4.007
5770727.74,21120,0.078,4.111,4.188
5770744.16,21121,0.064,4.053,4.118
5770818.37,21122,0.082,4.544,4.627
5770859.1,21120,2.044,4.033,6.078
5770931.99,21121,0.1,4.086,4.186
5770954.22,21122,0.085,4.077,4.162
5770998.74,21120,0.098,3.956,4.055
5771005.21,21121,0.119,3.989,4.107
5771016.63,21122,0.09,8.355,8.444
5771020.9,21120,0.082,4.002,4.084
5771203.88,21121,0.133,4.132,4.265
5771226.8,21122,0.107,4.055,4.162
5771284.25,21120,2.062,4.118,6.181
5771384.16,21121,0.091,4.084,4.175
5771457.6,21122,0.172,4.042,4.213
5771466.24,21120,0.108,4.069,4.177
5771540.18,21121,0.126,4.197,4.323
5771632.06,21122,0.112,4.022,4.134
5771801.17,21120,0.108,3.998,4.107
5771829.01,21121,0.106,4.169,4.275
5771886.24,21122,0.089,4.099,4.189
5772084.07,21120,0.157,4.027,4.183
5772104.86,21121,0.098,4.368,4.466
5772130.35,21122,0.114,4.171,4.285
5772134.49,21120,0.129,3.94,4.069
5772213.81,21121,0.11,4.057,4.167
5772331.32,21122,0.131,3.952,4.083
5772338.17,21120,2.069,4.073,6.142
5772338.18,21121,1.62,4.011,5.631
5772386.38,21122,0.153,4.142,4.294
5772456.87,21120,0.153,4.191,4.344
5772490.35,21121,0.136,4.117,4.252
5772509.76,21122,0.137,4.095,4.231
5772551.08,21120,2.042,3.967,6.009
5772594.51,21121,0.094,4.019,4.112
5772618.53,21122,2.137,4.371,6.508
5772735.32,21120,1.053,6.212,7.265
5772755.68,21121,0.091,4.062,4.153
5772807.58,21122,0.105,4.073,4.177
5772940.31,21120,1.629,4.184,5.813
5773001.93,21121,0.092,4.144,4.236
5773075.0,21122,0.107,3.975,4.082
5773231.89,21120,0.127,3.985,4.112
5773409.31,21121,1.94,4.101,6.041
5773478.2,21122,2.249,4.014,6.263
5773493.59,21120,0.108,4.098,4.206
5773553.83,21121,0.141,4.058,4.198
5773594.74,21122,0.109,3.912,4.021
5773611.19,21120,1.332,4.075,5.407
5773615.41,21121,0.065,4.295,4.36
5773649.09,21120,0.091,4.996,5.087
5773950.23,21122,0.122,4.037,4.159
5773954.46,21121,0.089,4.056,4.145
5774074.6,21120,0.131,6.625,6.756
5774084.72,21122,0.1,4.12,4.22
5774090.51,21121,0.092,4.069,4.161
5774141.16,21120,0.089,4.135,4.224
5774185.74,21122,0.11,4.141,4.251
5774214.13,21121,0.081,3.992,4.073
5774220.15,21120,2.886,4.064,6.95
5774246.58,21122,0.08,3.981,4.061
5774381.71,21121,0.104,4.038,4.141
5774406.26,21120,0.107,4.085,4.192
5774422.24,21122,0.081,4.433,4.514
5774439.21,21121,0.094,4.063,4.157
5774456.96,21120,2.718,5.869,8.587
5774494.44,21122,0.151,4.081,4.231
5774514.33,21121,0.149,4.029,4.178
5774533.27,21120,0.143,6.046,6.189
5774538.88,21122,0.097,4.494,4.591
5774622.84,21121,1.575,4.166,5.741
5774624.72,21120,0.214,5.99,6.204
5774637.11,21121,1.16,3.887,5.046
5774637.53,21122,2.789,4.369,7.158
5774686.21,21120,0.117,4.068,4.185
5774693.79,21121,0.096,3.986,4.082
5774740.1,21122,2.041,4.004,6.045
5774781.78,21120,0.08,4.217,4.297
5774822.67,21121,0.105,4.266,4.371
5774890.16,21122,2.039,8.062,10.101
5774890.34,21120,3.912,6.259,10.17
5774959.3,21121,0.096,4.136,4.232
5774963.7,21122,0.074,4.245,4.318
5774973.91,21120,0.074,4.008,4.082
5775049.47,21121,0.097,4.139,4.236
5775064.81,21122,0.083,4.08,4.163
5775117.18,21120,0.096,4.029,4.125
5775151.3,21121,0.164,4.087,4.252
5775159.59,21122,0.378,8.17,8.548
5775159.73,21120,0.289,6.664,6.953
5775177.16,21121,0.085,4.11,4.195
5775200.25,21122,1.329,4.177,5.507
5775215.47,21120,0.079,4.033,4.112
5775236.37,21121,0.071,4.037,4.108
5775244.19,21122,2.025,4.109,6.134
5775266.94,21120,0.063,3.979,4.042
5775269.79,21121,0.052,3.949,4.001
5775284.27,21122,0.734,4.191,4.925
5775305.11,21120,0.07,5.992,6.062
5775327.12,21121,0.069,4.009,4.078
5775367.57,21122,0.131,4.288,4.419
5775383.63,21120,0.067,4.13,4.197
5775445.5,21121,0.08,4.041,4.12
5775462.57,21122,0.095,4.427,4.522
5775474.04,21120,0.071,4.076,4.147
5775493.11,21121,0.07,3.996,4.067
5775515.83,21122,0.103,4.073,4.176
5775528.15,21120,0.089,3.998,4.087
5775543.32,21121,0.098,4.019,4.117
5775557.65,21122,0.085,4.083,4.168
5775580.05,21120,2.09,3.904,5.994
5775586.35,21121,0.071,4.221,4.292
5775639.11,21122,0.202,4.119,4.321
5775674.77,21120,0.172,3.961,4.133
5775689.3,21121,0.086,4.053,4.14
5775693.58,21122,0.064,4.142,4.206
5775717.38,21120,0.082,3.956,4.039
5775722.76,21121,0.082,4.229,4.311
5775729.28,21122,0.061,4.076,4.137
5775741.03,21120,0.061,4.113,4.174
5775753.64,21121,0.064,4.096,4.16
5775765.34,21122,0.079,4.216,4.295
5775776.13,21120,0.06,4.038,4.098
5775791.85,21121,0.091,4.232,4.324
5775807.15,21122,0.069,4.036,4.105
5775817.56,21120,0.066,3.95,4.016
5775825.24,21121,0.064,4.117,4.182
5775848.97,21120,0.06,4.067,4.127
5775852.47,21122,1.141,8.364,9.505
5775867.14,21121,2.307,4.031,6.338
5775876.09,21120,0.062,3.993,4.056
5775880.3,21122,0.06,3.979,4.039
5775885.73,21121,0.074,3.995,4.069
5775899.18,21120,1.551,4.099,5.65
5775930.0,21122,2.047,3.928,5.975
5775951.24,21121,0.055,5.149,5.204
5775955.4,21120,0.06,4.044,4.104
5775978.87,21122,0.074,4.132,4.206
5775995.2,21121,0.056,4.101,4.157
5776019.57,21120,0.069,4.167,4.236
5776032.17,21122,0.071,6.056,6.126
5776083.14,21121,0.075,4.048,4.123
5776171.17,21120,0.095,4.013,4.108
5776199.73,21122,0.093,3.956,4.049
5776201.4,21121,0.058,3.947,4.005
5776211.25,21122,2.057,6.152,8.209
5776211.27,21120,2.044,4.174,6.218
5776246.31,21121,0.105,3.974,4.079
5776258.1,21122,0.07,3.978,4.048
5776274.78,21120,0.059,4.126,4.185
5776295.12,21121,2.051,4.027,6.079
5776304.83,21122,0.069,5.714,5.783
5776318.73,21120,0.065,4.091,4.155
5776334.34,21121,0.077,4.113,4.19
5776342.45,21122,0.058,6.996,7.054
5776354.03,21120,1.677,4.25,5.927
5776358.4,21121,0.076,4.048,4.124
5776362.75,21122,0.117,4.072,4.189
5776489.86,21120,0.107,4.074,4.181
5776499.12,21121,0.06,4.182,4.241
5776505.33,21122,0.077,3.944,4.021
5776518.08,21120,0.082,3.963,4.045
5776535.18,21121,0.067,3.926,3.993
5776560.97,21122,1.889,4.038,5.927
5776567.13,21120,0.053,4.056,4.108
5776573.08,21121,0.047,4.003,4.05
5776588.98,21122,0.063,4.054,4.117
5776608.18,21120,0.081,4.057,4.138
5776612.54,21121,0.052,4.139,4.191
5776628.31,21120,0.094,4.055,4.149
5776628.32,21122,0.084,5.18,5.264
5776632.61,21121,0.059,4.059,4.118
5776636.82,21120,0.052,3.986,4.039
5776641.76,21122,0.754,3.992,4.746
5776649.41,21121,0.094,4.144,4.238
5776654.33,21120,1.055,4.213,5.268
5776659.25,21122,2.075,5.112,7.187
5776665.76,21120,0.066,6.142,6.208
5776709.34,21121,0.105,4.105,4.21
5776718.22,21122,0.067,7.099,7.165
5776721.67,21120,0.059,4.107,4.166
5776727.38,21122,0.065,5.466,5.531
5776734.53,21121,0.055,4.52,4.575
5776752.09,21120,0.073,3.979,4.051
5776761.13,21122,1.381,4.06,5.441
5776779.24,21121,0.06,4.139,4.2
5776787.13,21120,0.057,4.045,4.102
5776839.27,21122,2.03,4.052,6.083
5776841.15,21121,3.283,4.062,7.345
5776854.69,21120,0.076,4.044,4.12
5776867.03,21122,1.814,3.958,5.773
5776868.7,21121,0.062,4.078,4.14
5776919.81,21120,0.087,4.223,4.31
5776922.81,21122,0.073,4.3,4.373
5776928.27,21121,0.067,4.015,4.082
5776954.16,21120,0.08,4.039,4.119
5776967.25,21122,0.08,4.115,4.195
5776974.97,21121,0.062,4.257,4.32
5776979.33,21120,0.177,4.092,4.269
5776992.1,21122,0.07,3.987,4.056
5777004.21,21121,0.066,4.187,4.253
5777030.79,21120,0.088,4.096,4.184
5777044.28,21122,0.072,4.551,4.623
5777057.96,21121,0.083,4.142,4.225
5777062.39,21120,0.069,4.137,4.206
5777078.23,21122,0.141,4.176,4.317
5777083.92,21121,0.059,4.088,4.147
5777102.14,21120,0.068,4.026,4.093
5777119.23,21122,0.081,4.118,4.199
5777150.67,21121,0.092,4.297,4.389
5777156.03,21120,0.064,4.03,4.094
5777193.09,21122,0.075,4.014,4.089
5777201.09,21121,0.064,4.104,4.169
5777209.17,21120,1.917,4.069,5.986
5777213.48,21122,0.063,4.17,4.233
5777229.12,21121,0.063,4.093,4.156
5777234.22,21120,0.05,4.129,4.179
5777248.38,21122,0.062,3.945,4.007
5777260.11,21120,5.126,5.999,11.124
5777262.25,21121,10.233,4.219,14.452
5777264.15,21122,1.561,4.072,5.633
5777273.87,21121,1.805,5.797,7.602
5777274.42,21120,1.233,8.35,9.583
5777275.72,21122,0.05,3.963,4.012
5777286.1,21121,2.172,4.045,6.218
5777336.49,21120,0.078,4.104,4.182
5777344.94,21122,0.125,4.03,4.155
5777359.42,21121,0.092,4.179,4.271
5777370.08,21120,0.992,4.088,5.081
5777380.33,21122,2.109,4.084,6.193
5777387.18,21121,5.51,4.128,9.637
5777596.63,21120,0.172,3.956,4.128
5777779.24,21122,0.934,4.031,4.965
5777990.19,21121,1.176,8.014,9.189
5777991.07,21120,1.194,4.947,6.14
5778004.09,21122,0.107,3.925,4.032
5778019.82,21121,0.089,3.975,4.064
5778036.96,21120,0.076,4.079,4.155
5778039.06,21122,0.099,3.927,4.027
5778050.24,21120,3.747,4.172,7.919
5778070.94,21121,0.074,4.074,4.148
5778219.61,21122,0.127,3.976,4.103
5778223.78,21120,3.621,3.969,7.589
5778245.26,21121,0.153,4.045,4.199
5778295.5,21122,1.972,4.338,6.311
5778344.5,21120,0.208,4.061,4.269
5778424.91,21121,0.09,4.095,4.185
5778433.17,21122,1.28,4.05,5.33
5778564.2,21120,0.264,4.13,4.394
5778623.15,21121,0.107,4.085,4.191
5778633.85,21122,0.087,4.032,4.118
5778649.28,21120,1.144,4.123,5.266
5778676.51,21121,0.114,4.323,4.436
5778724.78,21122,0.144,3.997,4.141
5778739.72,21120,0.155,4.333,4.488
5778797.19,21121,0.142,4.2,4.342
5778805.28,21122,0.092,4.011,4.103
5778995.81,21120,0.16,4.419,4.579
5779048.45,21121,0.138,4.123,4.262
5779057.26,21122,1.518,5.117,6.636
5779092.11,21120,0.079,3.972,4.051
5779124.72,21121,0.123,4.034,4.157
5779128.92,21122,0.082,3.934,4.016
5779137.4,21120,0.107,4.188,4.295
5779258.4,21121,0.125,4.211,4.336
5779267.48,21122,0.16,3.975,4.135
5779422.74,21120,0.096,4.576,4.671
5779457.73,21121,0.122,4.138,4.26
5779487.32,21122,0.105,4.086,4.191
5779517.26,21120,2.035,4.168,6.203
5779563.22,21121,0.117,4.043,4.159
5779596.32,21122,0.1,4.046,4.145
5779639.05,21120,1.896,3.977,5.873
5779769.5,21121,0.941,4.059,5.0
5779842.19,21122,0.148,3.97,4.118
5779846.52,21120,0.122,4.054,4.176
5779954.25,21121,0.106,3.981,4.087
5780065.98,21122,0.106,3.989,4.096
5780106.45,21120,1.04,4.357,5.397
5780113.98,21121,1.353,3.9,5.253
5780124.24,21122,0.061,4.126,4.187
5780167.43,21121,0.06,6.748,6.808
5780169.28,21120,0.275,9.845,10.12
5780186.14,21122,0.085,3.998,4.082
5780303.38,21121,0.292,4.204,4.495
5780303.59,21120,0.089,4.332,4.421
5780310.43,21122,0.111,4.106,4.217
5780410.13,21121,2.087,3.978,6.064
5780516.2,21120,0.177,6.026,6.203
5780638.18,21122,0.139,4.245,4.384
5780659.97,21121,0.103,3.972,4.075
5780679.98,21120,0.097,6.045,6.142
5780757.22,21122,0.138,4.024,4.162
5780765.53,21121,0.094,3.92,4.014
5780876.19,21120,0.178,3.924,4.102
5780888.02,21122,0.122,4.082,4.205
5780910.3,21121,0.095,4.138,4.233
5780942.12,21120,0.102,3.954,4.056
5780942.35,21122,0.056,4.093,4.148
5781032.24,21121,0.116,4.061,4.177
5781054.42,21120,0.079,3.958,4.037
5781070.22,21122,0.108,4.06,4.168
5781158.13,21121,0.094,3.983,4.077
5781163.88,21120,0.074,4.041,4.115
5781311.75,21122,0.089,4.14,4.229
5781326.47,21121,0.079,3.991,4.07
5781392.35,21120,0.09,4.038,4.127
5781438.95,21122,0.093,3.979,4.072
5781445.19,21121,0.074,4.115,4.189
5781472.45,21120,2.073,4.316,6.389
5781507.5,21122,0.098,7.063,7.161
5781508.62,21121,0.075,4.509,4.584
5781558.51,21120,0.079,4.037,4.116
5781610.13,21122,0.073,4.013,4.085
5781695.13,21121,0.121,3.967,4.088
5781715.25,21120,0.102,6.044,6.146
5781732.22,21122,2.357,4.095,6.452
5781806.49,21121,0.089,4.086,4.176
5781824.27,21120,1.937,4.152,6.089
5781927.44,21122,0.198,4.167,4.365
5781931.67,21121,0.117,4.035,4.152
5781945.21,21120,0.094,4.055,4.149
5782087.05,21122,0.101,4.041,4.142
5782090.66,21121,0.094,4.077,4.171
5782097.55,21122,0.087,4.044,4.131
5782155.78,21120,2.256,5.649,7.905
5782158.46,21121,0.077,4.884,4.961
5782188.31,21122,0.084,4.069,4.153
5782275.85,21120,0.099,4.226,4.325
5782298.4,21121,0.092,4.019,4.11
5782302.81,21122,0.066,4.115,4.181
5782326.16,21120,0.083,4.195,4.278
5782403.23,21121,0.283,4.332,4.615
5782414.1,21122,2.117,3.974,6.09
5782441.39,21120,0.085,3.966,4.051
5782445.54,21121,0.095,3.982,4.077
5782490.18,21122,0.096,4.031,4.127
5782505.43,21120,0.072,4.123,4.196
5782542.93,21121,0.072,4.182,4.254
5782583.29,21122,1.025,4.214,5.239
5782594.77,21120,0.081,4.064,4.145
5782630.06,21121,0.073,4.052,4.126
5782671.8,21122,0.1,6.094,6.194
5782675.26,21120,0.112,4.094,4.206
5782705.5,21121,0.152,4.265,4.417
5782709.99,21122,0.067,3.982,4.049
5782741.96,21120,0.107,4.067,4.174
5782751.39,21121,0.057,6.018,6.075
5782801.14,21122,0.12,3.952,4.072
5782811.51,21120,0.082,4.123,4.205
5782824.29,21121,0.081,4.368,4.449
5782994.47,21122,0.142,3.99,4.132
5783060.3,21120,0.164,4.044,4.209
5783144.3,21121,0.103,4.134,4.236
5783266.61,21122,0.101,3.994,4.095
5783278.01,21120,0.161,3.968,4.129
5783375.9,21121,0.107,4.089,4.196
5783400.38,21122,0.124,4.003,4.127
5783405.46,21120,0.081,3.914,3.996
5783463.17,21121,0.089,4.02,4.109
5783506.76,21122,0.128,3.978,4.105
5783515.21,21120,0.071,4.089,4.16
5783530.53,21121,0.075,3.989,4.065
5783535.55,21122,0.104,6.29,6.394
5783537.95,21120,0.059,5.054,5.113
5783566.14,21121,0.089,4.012,4.101
5783612.34,21122,0.077,4.087,4.164
5783699.65,21120,0.105,3.97,4.075
5783721.16,21121,3.029,4.078,7.107
5783736.31,21122,0.08,4.074,4.154
5783754.52,21120,0.073,4.077,4.15
5783807.31,21121,0.082,4.176,4.258
5783848.16,21122,0.071,4.037,4.108
5783852.21,21120,0.053,3.942,3.994
5783880.18,21121,0.091,4.033,4.124
5783891.08,21122,0.081,4.137,4.218
5783895.32,21120,0.079,4.069,4.148
5783904.67,21121,0.076,4.935,5.011
5783916.41,21122,0.116,4.011,4.127
5783920.84,21120,0.077,4.247,4.324
5783941.64,21121,0.101,3.903,4.005
5783968.4,21122,0.095,4.246,4.341
5783972.68,21120,0.077,4.121,4.199
5784014.22,21121,0.083,3.983,4.066
5784014.89,21122,0.077,4.268,4.345
5784057.64,21120,2.06,4.523,6.583
5784099.65,21121,0.086,4.007,4.094
5784176.28,21122,1.086,4.169,5.255
5784191.07,21120,2.359,3.951,6.31
5784200.76,21121,0.086,4.045,4.131
5784243.15,21122,2.237,10.068,12.305
5784243.35,21120,2.04,8.274,10.314
5784297.61,21121,0.139,3.965,4.104
5784320.08,21122,0.157,6.317,6.474
5784337.18,21120,0.084,4.044,4.129
5784359.82,21121,0.063,4.008,4.072
5784391.13,21122,2.03,4.049,6.079
5784404.95,21120,0.073,4.036,4.109
5784427.18,21121,0.073,4.059,4.131
5784439.09,21122,0.08,7.968,8.048
5784439.19,21120,0.074,4.086,4.16
5784444.81,21121,0.051,4.428,4.48
5784457.13,21122,2.024,4.069,6.092
5784480.05,21120,0.095,3.956,4.051
5784490.09,21121,0.079,4.03,4.109
5784496.36,21122,0.072,4.14,4.212
5784501.78,21120,0.069,3.958,4.027
5784532.26,21121,0.075,4.138,4.213
5784609.03,21122,0.087,3.98,4.067
5784656.22,21120,0.096,4.067,4.163
5784668.1,21121,0.077,3.994,4.07
5784675.65,21122,0.283,4.187,4.47
5784679.67,21120,0.122,4.149,4.271
5784690.18,21121,0.08,4.047,4.127
5784694.35,21122,0.064,4.037,4.101
5784694.72,21120,0.079,4.022,4.101
5784717.27,21121,0.079,4.13,4.208
5784721.82,21122,0.061,4.087,4.148
5784727.23,21120,0.054,4.138,4.191
5784731.8,21121,0.054,4.46,4.514
5784738.08,21122,2.216,4.008,6.223
5784740.08,21120,3.261,4.016,7.278
5784757.29,21121,0.058,4.238,4.296
5784768.93,21122,1.881,3.868,5.75
5784801.87,21120,0.09,4.19,4.28
5784814.21,21121,0.069,4.094,4.163
5784836.23,21122,2.055,4.133,6.188
5784843.84,21120,0.062,6.076,6.138
5784846.14,21121,0.093,4.954,5.047
5784847.58,21122,0.061,6.239,6.3
5784851.97,21120,0.059,4.064,4.123
5784887.24,21121,0.082,4.109,4.191
5784904.74,21122,0.071,4.151,4.222
5784911.89,21120,0.252,4.145,4.397
5784958.32,21121,0.139,4.099,4.238
5784960.51,21122,0.065,4.054,4.119
5785025.21,21120,1.87,4.07,5.94
5785031.77,21121,0.117,4.049,4.166
5785036.02,21122,0.286,5.838,6.124
5785040.2,21120,0.075,3.972,4.048
5785054.4,21121,0.084,3.973,4.058
5785082.37,21122,0.116,6.041,6.158
5785102.21,21120,3.117,4.147,7.264
5785148.29,21121,1.067,5.168,6.235
5785149.64,21122,0.068,4.007,4.075
5785378.91,21120,0.277,4.19,4.467
5785434.27,21121,0.114,4.101,4.216
5785450.28,21122,0.094,4.004,4.099
5785506.22,21120,0.086,4.078,4.164
5785513.1,21121,0.067,4.01,4.077
5785551.52,21122,0.088,4.282,4.37
5785620.98,21120,0.135,4.061,4.197
5785741.31,21121,0.142,4.089,4.23
5785817.67,21122,0.125,3.971,4.096
5785822.84,21120,0.075,4.079,4.154
5785867.25,21121,0.086,4.104,4.19
5785927.77,21122,0.089,4.001,4.09
5786067.58,21120,0.156,4.146,4.303
5786086.91,21121,0.119,4.02,4.139
5786100.22,21122,4.071,4.02,8.091
5786108.54,21120,0.079,4.271,4.35
5786120.69,21121,0.074,3.999,4.074
5786133.06,21122,2.003,3.958,5.962
5786172.35,21120,0.084,4.102,4.186
5786190.7,21121,0.082,3.948,4.03
5786215.69,21122,0.089,4.046,4.135
5786350.8,21120,0.199,4.069,4.267
5786387.81,21121,0.116,4.6,4.716
5786464.04,21122,0.097,3.889,3.987
5786478.57,21120,0.081,5.244,5.324
5786543.45,21121,0.112,6.092,6.203
5786635.23,21122,2.494,4.07,6.565
5786698.94,21120,0.103,3.953,4.055
5786860.62,21121,0.105,3.988,4.094
5786936.93,21122,0.095,4.108,4.203
5786948.08,21120,0.102,3.903,4.006
5787010.13,21121,0.145,4.038,4.184
5787013.58,21122,0.114,4.109,4.222
5787085.55,21121,0.134,5.676,5.81
5787118.26,21120,0.127,4.024,4.151
5787165.23,21122,0.095,4.078,4.172
5787191.07,21121,0.693,5.976,6.669
5787225.31,21120,0.073,6.08,6.153
5787313.14,21122,0.092,4.072,4.164
5787337.07,21121,1.031,3.986,5.018
5787389.17,21120,0.072,4.097,4.17
5787438.23,21122,0.071,4.114,4.184
5787469.88,21121,0.081,3.966,4.048
5787472.3,21120,0.053,4.097,4.15
5787603.71,21121,0.1,3.969,4.069
5787620.98,21122,0.089,4.007,4.096
5787698.2,21120,0.088,4.057,4.145
5787790.07,21121,4.035,3.982,8.017
5787860.17,21122,0.093,4.023,4.116
5787898.96,21120,1.74,3.899,5.639
5787911.06,21121,0.077,4.31,4.387
5787927.7,21122,0.096,4.404,4.5
5788045.26,21120,0.142,4.039,4.18
5788110.57,21121,0.153,4.13,4.282
5788155.81,21122,0.119,4.001,4.119
5788221.29,21120,1.015,4.214,5.229
5788296.72,21121,0.199,4.071,4.271
5788388.19,21122,1.431,4.009,5.439
5788393.79,21120,0.107,4.017,4.124
5788397.49,21121,0.101,4.079,4.179
5788476.44,21122,0.094,3.955,4.049
5788482.22,21120,1.398,4.138,5.536
5788555.27,21121,0.134,4.015,4.149
5788565.22,21122,0.066,4.113,4.18
5788566.2,21120,0.065,3.98,4.045
5788638.97,21121,0.199,4.101,4.3
5788678.88,21122,0.084,5.156,5.24
5788738.46,21120,0.115,4.261,4.376
5788744.44,21121,0.091,4.111,4.201
5788825.22,21122,1.247,4.031,5.278
5788846.9,21120,0.095,4.373,4.468
5788964.18,21121,0.102,4.019,4.121
5788968.42,21122,0.069,3.946,4.016
5788974.12,21120,1.559,4.045,5.604
5788987.18,21121,0.065,4.112,4.176
5788993.69,21122,1.589,4.039,5.628
5789022.81,21120,0.097,4.17,4.267
5789037.09,21121,0.083,7.946,8.029
5789037.4,21122,0.061,4.178,4.239
5789041.67,21120,0.078,3.975,4.053
5789045.9,21121,0.056,3.98,4.036
5789055.09,21122,0.064,3.985,4.05
5789057.25,21120,0.079,4.079,4.158
5789082.76,21121,0.071,4.076,4.147
5789105.64,21122,0.084,4.004,4.088
5789114.54,21120,0.09,4.387,4.477
5789121.48,21121,0.153,4.398,4.551
5789129.53,21122,0.116,4.001,4.117
5789172.32,21120,2.096,4.137,6.233
5789176.67,21121,0.428,4.184,4.611
5789194.98,21122,0.08,3.997,4.077
5789287.13,21120,0.1,3.974,4.074
5789295.62,21121,0.068,7.923,7.991
5789295.77,21120,0.063,3.978,4.041
5789296.29,21122,0.454,6.798,7.252
5789337.15,21121,0.089,5.009,5.098
5789365.79,21120,0.066,3.998,4.065
5789380.14,21122,0.07,4.024,4.095
5789395.86,21121,0.072,4.197,4.269
5789419.2,21120,0.068,5.087,5.155
5789430.25,21120,0.06,3.965,4.025
5789431.19,21121,1.236,6.109,7.345
5789431.43,21122,0.912,8.361,9.273
5789434.56,21120,0.043,4.052,4.095
5789443.06,21121,0.078,8.326,8.404
5789443.17,21122,0.05,5.28,5.329
5789477.17,21120,0.057,4.076,4.134
5789490.9,21121,0.069,4.202,4.271
5789524.18,21122,0.072,4.058,4.131
5789544.43,21120,0.053,4.036,4.089
5789561.51,21121,4.026,4.433,8.459
5789567.18,21122,1.26,4.103,5.363
5789570.62,21120,0.057,3.881,3.939
5789617.88,21121,0.16,4.086,4.246
5789642.3,21122,0.103,4.146,4.249
5789644.22,21120,0.061,4.07,4.131
5789666.54,21121,0.067,8.076,8.142
5789666.75,21122,0.049,4.666,4.715
5789677.45,21120,0.128,4.24,4.367
5789681.75,21121,0.097,4.146,4.243
5789692.94,21122,0.08,3.98,4.059
5789697.17,21120,0.066,4.063,4.128
5789705.15,21121,0.077,4.044,4.121
5789724.09,21122,0.072,3.981,4.053
5789744.48,21120,0.093,4.123,4.216
5789787.13,21121,0.083,4.135,4.218
5789814.06,21122,0.083,4.029,4.111
5789851.72,21120,0.092,4.195,4.287
5789890.67,21121,0.106,4.051,4.158
5789915.24,21122,0.088,4.096,4.184
5789917.25,21120,0.085,4.111,4.196
5789922.09,21121,3.022,4.028,7.051
5789947.85,21122,0.074,4.147,4.221
5789954.17,21120,0.073,4.042,4.115
5789959.24,21121,0.826,4.176,5.002
5789965.1,21122,0.068,4.001,4.069
5789998.18,21120,0.077,4.059,4.136
5790004.15,21121,0.064,4.031,4.095
5790023.47,21122,0.077,3.954,4.032
5790044.32,21120,0.078,4.094,4.172
5790063.9,21121,0.098,4.103,4.201
5790082.67,21122,0.068,3.994,4.062
5790087.84,21120,0.055,4.063,4.118
5790096.51,21121,0.086,4.878,4.964
5790116.94,21122,0.068,4.05,4.118
5790171.43,21120,0.152,4.177,4.329
5790195.99,21121,0.169,4.093,4.262
5790235.09,21122,2.083,3.945,6.027
5790260.37,21120,0.1,4.105,4.205
5790276.26,21121,0.086,4.009,4.095
5790283.19,21122,0.074,4.069,4.143
5790299.08,21120,0.062,3.976,4.038
5790309.45,21121,0.06,8.114,8.173
5790311.09,21122,0.05,6.002,6.052
5790313.88,21120,0.061,4.042,4.102
5790334.59,21121,0.083,7.988,8.071
5790335.12,21122,0.063,5.671,5.734
5790352.06,21120,0.054,3.975,4.029
5790366.84,21121,0.108,5.685,5.793
5790462.02,21122,1.062,4.867,5.929
5790476.18,21120,0.087,4.035,4.122
5790486.87,21121,0.106,4.051,4.157
5790503.74,21122,0.609,4.092,4.7
5790511.19,21120,0.058,4.092,4.149
5790520.07,21121,0.061,3.978,4.039
5790532.12,21122,0.062,4.01,4.072
5790610.88,21120,0.111,3.971,4.082
5790643.32,21121,0.133,4.103,4.236
5790663.29,21122,0.517,4.7,5.217
5790748.46,21120,0.111,4.017,4.128
5790824.98,21121,0.154,4.241,4.395
5790911.18,21122,0.103,5.021,5.124
5790952.67,21120,0.098,4.09,4.189
5791048.19,21121,1.646,4.121,5.767
5791077.34,21122,0.092,6.181,6.274
5791087.73,21120,0.117,4.119,4.236
5791091.96,21121,0.068,4.073,4.141
5791141.03,21122,0.087,4.025,4.112
5791155.49,21120,0.162,4.188,4.351
5791189.28,21121,0.121,6.097,6.218
5791254.37,21122,0.177,4.081,4.258
5791337.71,21120,0.125,4.099,4.224
5791380.72,21121,0.112,4.448,4.561
5791541.97,21122,0.173,4.084,4.257
5791582.28,21120,0.119,4.102,4.221
5791625.0,21121,0.112,4.128,4.24
5791898.54,21122,0.15,4.132,4.282
5791904.3,21120,0.099,4.142,4.241
5791949.34,21121,0.091,4.023,4.113
5791955.76,21122,0.082,4.121,4.203
5791999.1,21120,0.091,4.108,4.199
5792005.61,21121,0.072,5.588,5.661
5792147.46,21122,0.136,4.314,4.45
5792158.23,21120,0.096,4.18,4.276
5792243.52,21121,0.125,4.169,4.294
5792269.2,21122,0.145,3.962,4.106
5792306.67,21120,0.153,4.234,4.387
5792311.07,21121,0.165,4.156,4.321
5792315.56,21122,0.066,4.106,4.172
5792350.17,21120,0.086,4.032,4.118
5792361.14,21121,0.062,4.034,4.096
5792365.28,21122,0.106,3.984,4.09
5792390.87,21120,0.076,4.343,4.419
5792422.06,21121,0.081,4.063,4.144
5792437.87,21122,1.755,4.751,6.506
5792465.94,21120,0.072,4.199,4.271
5792470.26,21121,0.106,4.149,4.254
5792475.33,21122,0.066,4.066,4.131
5792487.41,21120,0.06,7.306,7.366
5792491.79,21122,0.062,4.662,4.725
5792492.8,21121,0.098,10.885,10.983
5792541.2,21120,0.146,4.041,4.187
5792565.59,21122,0.095,6.038,6.133
5792569.65,21120,1.392,3.934,5.326
5792569.8,21121,1.642,4.118,5.76
5792586.54,21122,0.065,4.048,4.113
5792603.07,21120,0.058,3.977,4.035
5792638.71,21121,0.101,4.022,4.123
5792654.46,21122,0.074,4.026,4.1
5792656.06,21120,0.061,3.959,4.02
5792663.98,21121,0.053,7.697,7.75
5792664.65,21122,0.057,5.112,5.169
5792691.1,21120,0.052,4.013,4.066
5792710.23,21121,2.038,4.148,6.186
5792716.13,21122,0.069,4.019,4.088
5792739.09,21120,0.066,3.98,4.046
5792743.55,21121,0.058,4.331,4.389
5792816.73,21122,0.139,6.016,6.155
5792820.84,21120,0.081,4.128,4.208
5792830.06,21121,0.069,4.139,4.208
5792851.58,21122,0.067,4.219,4.286
5792953.15,21120,0.071,4.034,4.105
5792967.62,21121,0.097,7.609,7.706
5792969.66,21122,0.069,4.965,5.034
5792973.94,21120,0.074,4.1,4.174
5792990.67,21121,0.087,6.521,6.608
5792992.59,21122,0.076,4.842,4.918
5793063.05,21120,1.858,3.979,5.837
5793067.53,21121,0.071,4.092,4.164
5793071.9,21122,0.069,4.106,4.175
5793081.02,21120,0.074,3.976,4.05
5793087.08,21121,0.12,5.901,6.021
5793111.76,21122,0.534,4.138,4.671
5793119.16,21120,1.183,6.089,7.272
5793127.06,21121,0.081,4.155,4.236
5793132.47,21122,0.064,4.028,4.092
5793231.31,21120,0.094,3.978,4.073
5793258.3,21121,2.198,4.163,6.361
5793266.69,21122,0.08,4.683,4.763
5793301.23,21120,0.087,6.083,6.171
5793321.6,21121,0.116,4.035,4.151
5793334.3,21122,0.115,3.98,4.095
5793358.21,21120,2.083,4.057,6.14
5793414.76,21121,0.109,4.029,4.138
5793437.19,21122,0.084,4.04,4.124
5793445.32,21120,0.073,4.055,4.128
5793452.19,21121,0.054,7.692,7.746
5793492.56,21120,1.019,4.482,5.502
5793511.03,21122,0.09,4.587,4.678
5793537.28,21121,0.094,4.117,4.211
5793544.42,21120,0.071,4.035,4.106
5793566.32,21122,0.07,4.203,4.274
5793572.15,21121,0.056,4.054,4.11
5793578.18,21120,0.053,4.084,4.137
5793607.89,21122,0.092,7.644,7.736
5793608.36,21121,0.059,6.96,7.018
5793626.1,21120,0.076,3.986,4.062
5793640.16,21122,0.845,4.092,4.936
5793691.91,21121,0.071,4.176,4.247
5793742.15,21120,0.066,4.04,4.106
5793765.32,21122,0.069,4.036,4.105
5793786.85,21121,0.091,4.047,4.138
5793890.06,21120,0.094,4.037,4.131
5793928.69,21122,0.136,4.511,4.648
5793978.49,21121,0.094,5.961,6.055
5794001.29,21120,0.09,4.12,4.21
5794024.98,21122,2.101,3.925,6.026
5794096.5,21121,0.342,6.036,6.377
5794100.17,21120,0.072,4.546,4.618
5794165.93,21121,0.26,4.159,4.419
5794257.11,21122,0.153,4.033,4.186
5794437.23,21120,0.141,4.01,4.151
5794474.02,21121,1.704,4.231,5.935
5794677.07,21122,0.155,4.072,4.226
5794757.21,21120,0.204,3.927,4.131
5794772.56,21121,0.085,4.103,4.188
5794824.79,21122,0.106,4.467,4.573
5794882.15,21120,0.081,4.008,4.09
5794904.51,21121,0.928,4.391,5.319
5795002.47,21122,0.094,5.806,5.9
5795081.35,21120,0.13,4.205,4.335
5795171.11,21121,0.156,8.513,8.669
5795171.83,21122,0.078,8.604,8.682
5795245.21,21120,0.106,4.05,4.156
5795314.59,21121,0.212,5.563,5.775
5795470.81,21122,0.152,6.126,6.278
5795483.66,21120,0.124,4.152,4.276
5795518.38,21121,0.107,4.211,4.318
5795557.54,21122,0.103,4.045,4.148
5795560.62,21120,0.076,4.072,4.148
5795588.91,21121,0.077,3.988,4.066
5795593.12,21122,0.056,4.022,4.078
5795630.76,21120,0.103,4.064,4.167
5795738.23,21121,0.197,3.945,4.143
5795753.54,21122,0.084,5.289,5.373
5795811.68,21120,0.146,6.293,6.439
5795829.25,21121,0.123,4.066,4.189
5795865.84,21122,0.099,4.001,4.1
5795891.75,21120,0.093,7.074,7.167
5795946.08,21121,0.148,4.315,4.464
5795959.84,21122,0.118,4.031,4.149
5796016.25,21120,1.503,4.088,5.591
5796023.9,21121,0.094,3.961,4.055
5796080.6,21122,0.099,4.069,4.168
5796130.14,21120,0.091,3.987,4.078
5796155.3,21121,0.083,4.236,4.319
5796212.47,21122,0.132,4.06,4.191
5796231.67,21120,1.818,4.062,5.88
5796241.13,21121,0.07,4.174,4.243
5796253.2,21122,0.095,4.058,4.153
5796313.57,21120,0.106,3.977,4.083
5796322.01,21121,0.076,3.977,4.053
5796377.16,21122,0.103,6.01,6.113
5796426.84,21120,0.277,4.804,5.081
5796427.58,21121,0.076,4.201,4.277
5796431.46,21122,0.115,4.049,4.164
5796463.04,21121,0.21,4.076,4.286
5796576.2,21120,0.146,3.99,4.136
5796591.36,21122,0.077,4.023,4.1
5796623.54,21121,0.097,6.093,6.19
5796630.93,21120,0.085,4.135,4.22
5796658.71,21122,0.08,3.963,4.043
5796671.07,21121,3.029,3.996,7.025
5796674.14,21120,0.068,4.155,4.223
5796711.16,21121,0.078,4.045,4.123
5796717.21,21122,0.066,4.07,4.136
5796723.05,21120,0.063,3.944,4.007
5796753.95,21121,0.109,5.131,5.24
5796770.48,21122,0.068,4.02,4.089
5796774.75,21120,0.09,4.122,4.212
5796780.87,21121,0.066,4.056,4.122
5796811.11,21122,0.065,4.251,4.316
5796817.17,21120,0.064,4.066,4.13
5796825.94,21121,0.066,4.142,4.208
5796833.91,21122,0.061,4.09,4.152
5796840.22,21120,0.062,4.098,4.16
5796851.71,21121,0.066,4.032,4.098
5796870.08,21122,0.081,4.18,4.261
5796879.77,21120,0.094,4.138,4.232
5796965.63,21121,0.496,3.953,4.449
5796972.9,21122,0.07,3.969,4.04
5796981.35,21120,0.065,4.094,4.159
5797002.27,21121,0.071,4.159,4.23
5797028.92,21122,0.074,4.03,4.105
5797093.19,21120,0.078,4.062,4.14
5797101.26,21121,0.074,4.144,4.217
5797103.09,21122,0.069,4.105,4.174
5797126.82,21120,0.08,8.269,8.348
5797127.01,21121,0.101,5.998,6.099
5797158.13,21122,0.078,4.011,4.089
5797166.55,21120,0.987,5.505,6.492
5797171.2,21121,0.064,6.636,6.7
5797187.15,21122,0.073,4.028,4.101
5797205.18,21120,0.064,4.073,4.137
5797232.38,21121,0.089,4.103,4.192
5797248.08,21122,2.015,3.994,6.009
5797250.29,21120,1.915,6.147,8.063
5797270.05,21121,4.615,3.954,8.569
5797322.83,21122,1.534,4.7,6.234
5797364.23,21120,0.084,4.101,4.184
5797387.2,21121,0.091,4.063,4.153
5797391.48,21122,0.073,4.077,4.15
5797410.37,21120,0.079,4.13,4.21
5797455.3,21121,0.112,4.124,4.236
5797485.25,21122,0.158,3.999,4.157
5797488.29,21120,0.086,4.137,4.222
5797554.97,21122,0.094,4.153,4.247
5797556.68,21121,0.064,4.05,4.115
5797576.18,21120,0.07,4.092,4.161
5797593.18,21122,2.039,4.122,6.161
5797597.27,21120,1.635,8.12,9.755
5797598.13,21121,3.787,7.077,10.864
5797617.52,21122,0.128,4.058,4.186
5797619.22,21120,0.058,4.1,4.158
5797658.77,21121,0.123,6.517,6.639
5797697.21,21122,0.097,4.061,4.158
5797701.39,21120,0.093,4.008,4.1
5797705.65,21121,0.504,4.101,4.605
5797710.25,21122,0.074,4.139,4.213
5797743.13,21120,0.075,4.114,4.189
5797750.21,21121,1.888,4.149,6.037
5797753.83,21122,0.075,4.252,4.326
5797784.21,21121,1.647,4.084,5.731
5797793.48,21120,0.065,4.08,4.145
5797801.89,21122,0.066,4.184,4.25
5797808.25,21121,0.075,6.064,6.139
5797814.17,21120,0.079,4.12,4.199
5797824.04,21122,0.066,3.935,4.002
5797828.23,21121,0.053,4.079,4.132
5797840.09,21120,0.065,3.99,4.055
5797850.32,21122,0.072,4.017,4.089
5797857.51,21120,0.054,4.99,5.043
5797858.75,21121,0.059,8.171,8.23
5797867.3,21122,0.082,4.025,4.108
5797872.94,21120,0.086,5.037,5.124
5797884.64,21121,0.072,4.055,4.127
5797994.2,21122,0.077,4.073,4.15
5798004.14,21120,0.071,4.024,4.094
5798010.3,21121,0.089,4.335,4.425
5798018.15,21122,0.087,4.005,4.092
5798043.24,21120,1.527,4.158,5.686
5798057.36,21121,0.087,4.103,4.19
5798070.69,21122,0.072,4.066,4.137
5798074.92,21120,0.06,4.11,4.17
5798106.72,21121,0.766,3.963,4.729
5798142.5,21122,0.07,6.08,6.15
5798170.05,21120,1.978,4.055,6.032
5798172.19,21121,0.059,4.098,4.157
5798175.69,21122,0.063,4.084,4.148
5798181.19,21120,0.059,3.985,4.044
5798204.4,21121,0.072,4.012,4.084
5798227.07,21122,0.069,3.955,4.023
5798247.91,21120,0.084,8.411,8.495
5798249.7,21121,0.049,5.02,5.069
5798270.46,21122,0.079,4.083,4.162
5798297.34,21120,0.194,4.169,4.362
5798305.38,21121,0.077,4.138,4.215
5798305.77,21122,0.048,4.181,4.228
5798313.82,21120,0.307,4.433,4.739
5798324.36,21122,0.062,4.04,4.102
5798324.87,21121,0.175,5.626,5.801
5798333.84,21120,0.075,6.079,6.154
5798362.71,21122,0.079,4.089,4.168
5798369.27,21121,0.071,4.052,4.124
5798382.69,21120,0.096,4.109,4.205
5798389.77,21122,0.071,5.613,5.683
5798398.15,21120,0.056,5.067,5.124
5798398.0,21121,0.059,8.002,8.06
5798418.1,21122,0.057,4.004,4.062
5798433.57,21120,0.1,9.419,9.52
5798434.13,21121,0.049,6.662,6.711
5798450.78,21122,0.081,4.0,4.081
5798459.36,21120,2.032,4.275,6.306
5798472.5,21121,0.078,5.19,5.267
5798488.11,21122,0.068,4.089,4.157
5798492.04,21120,0.108,3.95,4.058
5798496.69,21122,0.102,4.119,4.22
5798528.05,21121,0.276,4.146,4.423
5798534.34,21120,0.107,4.047,4.154
5798564.83,21122,0.106,4.276,4.382
5798573.31,21121,0.068,4.086,4.154
5798602.95,21120,0.084,4.025,4.108
5798615.27,21122,0.068,3.921,3.99
5798644.36,21121,0.09,4.216,4.306
5798674.1,21120,0.095,4.313,4.408
5798678.44,21122,0.102,3.992,4.094
5798681.58,21121,0.114,4.399,4.513
5798694.89,21120,0.088,4.088,4.177
5798700.39,21122,0.082,5.091,5.173
5798704.2,21121,0.059,4.097,4.156
5798713.96,21122,0.059,4.512,4.571
5798730.25,21120,0.06,4.197,4.258
5798734.48,21121,0.051,4.085,4.136
5798785.15,21122,0.127,5.985,6.112
5798828.43,21120,0.084,4.106,4.191
5798839.93,21121,0.075,4.052,4.127
5798847.44,21122,0.061,4.016,4.077
5798859.17,21120,0.05,4.079,4.13
5798866.68,21121,0.054,4.105,4.159
5798900.0,21122,0.076,3.876,3.951
5798900.82,21120,0.061,4.016,4.077
5798911.63,21121,0.058,4.032,4.09
5798916.83,21122,0.685,5.099,5.784
5798986.48,21120,0.103,4.327,4.43
5798997.22,21121,0.088,4.02,4.108
5799006.5,21122,0.068,5.048,5.116
5799007.23,21120,0.055,4.033,4.088
5799052.0,21121,2.025,3.928,5.953
5799062.98,21122,0.077,4.135,4.212
5799067.15,21120,3.811,4.029,7.84
5799138.16,21121,0.074,4.043,4.117
5799154.87,21122,0.58,4.287,4.867
5799173.82,21120,0.083,4.07,4.153
5799236.16,21121,0.091,3.897,3.989
5799242.64,21122,0.081,4.489,4.569
5799279.08,21120,0.085,4.142,4.226
5799286.81,21121,0.09,3.978,4.068
5799440.19,21122,0.128,3.991,4.12
5799461.48,21120,0.105,4.047,4.152
5799596.67,21121,0.214,4.091,4.305
5799764.23,21122,0.14,4.065,4.205
5799796.32,21120,0.194,4.114,4.307
5799819.19,21121,0.105,4.024,4.129
5799890.8,21122,0.252,4.18,4.432
5799951.48,21120,0.136,3.982,4.118
5800083.32,21121,1.163,4.1,5.263
5800084.2,21122,0.15,4.924,5.074
5800147.12,21120,0.114,4.065,4.179
5800151.47,21121,0.081,4.17,4.25
5800199.77,21122,0.101,4.031,4.132
5800291.61,21120,0.123,6.413,6.536
5800313.12,21121,0.112,4.05,4.161
5800425.25,21122,2.079,4.115,6.193
5800435.01,21120,0.08,4.035,4.115
5800586.77,21121,0.166,4.118,4.284
5800617.27,21122,0.139,6.045,6.185
5800665.82,21120,0.135,3.99,4.124
5800671.59,21121,1.718,3.947,5.666
5800792.24,21122,2.108,4.052,6.16
5800881.65,21120,0.116,4.04,4.157
5800907.41,21121,0.128,4.108,4.236
5800940.24,21122,1.025,5.047,6.071
5801008.45,21120,0.1,4.119,4.219
5801020.07,21121,1.06,3.948,5.008
5801164.02,21122,0.136,4.088,4.224
5801230.19,21120,0.15,3.956,4.105
5801269.23,21121,0.123,4.036,4.159
5801429.03,21122,0.524,3.906,4.43
5801474.33,21120,0.103,4.048,4.152
5801498.65,21121,0.098,4.052,4.15
5801504.2,21122,0.071,5.112,5.183
5801579.06,21120,0.114,4.131,4.246
5801600.48,21121,0.079,4.133,4.212
5801610.19,21122,0.083,4.053,4.136
5801715.89,21120,0.171,4.142,4.313
5801846.69,21121,0.878,4.003,4.881
5801887.77,21122,0.113,4.263,4.376
5801894.16,21120,0.076,4.034,4.11
5801926.13,21121,0.093,3.988,4.081
5802009.67,21122,0.19,4.105,4.295
5802072.61,21120,0.119,4.316,4.435
5802121.1,21121,0.124,3.923,4.047
5802142.16,21122,0.155,3.954,4.11
5802157.13,21120,0.103,3.993,4.096
5802196.3,21121,0.093,4.144,4.237
5802213.78,21122,0.098,4.094,4.192
5802234.18,21120,0.081,4.044,4.125
5802268.72,21121,0.081,4.138,4.219
5802449.86,21122,0.089,4.217,4.306
5802486.42,21120,0.086,4.107,4.193
5802530.01,21121,0.085,4.049,4.133
5802535.94,21122,0.057,4.076,4.133
5802586.24,21120,2.452,4.122,6.574
5802670.11,21121,0.168,3.97,4.138
5802686.36,21122,0.116,4.174,4.29
5802699.73,21120,0.1,4.01,4.11
5802707.12,21121,0.068,4.009,4.077
5802788.1,21122,0.106,4.102,4.208
5802842.27,21120,1.642,4.149,5.791
5802898.71,21121,0.085,3.962,4.047
5802903.07,21122,0.07,4.151,4.221
5802915.04,21120,0.059,4.124,4.183
5802919.21,21121,0.046,4.068,4.114
5802939.65,21122,0.085,4.309,4.394
5802955.18,21120,0.065,4.072,4.137
5802966.79,21121,0.06,3.993,4.054
5802974.1,21122,0.06,4.006,4.066
5802992.41,21120,0.08,8.277,8.356
5802992.82,21121,0.094,4.678,4.772
5803024.31,21122,0.174,4.223,4.397
5803035.08,21120,0.081,5.983,6.064
5803037.23,21121,0.048,4.152,4.2
5803045.27,21122,0.071,4.008,4.079
5803133.7,21120,0.21,4.14,4.35
5803151.78,21121,0.091,4.056,4.147
5803160.27,21122,0.078,4.137,4.215
5803174.35,21120,0.073,4.168,4.24
5803201.15,21121,0.177,4.023,4.2
5803256.26,21122,2.343,4.179,6.522
5803270.22,21120,0.066,4.111,4.178
5803291.06,21121,0.072,4.836,4.907
5803303.16,21122,0.065,4.083,4.148
5803319.32,21120,0.085,4.186,4.271
5803353.93,21121,0.095,4.205,4.299
5803387.84,21122,0.091,4.124,4.215
5803394.24,21120,0.074,3.984,4.058
5803420.18,21121,0.06,4.085,4.145
5803431.18,21122,0.051,4.122,4.173
5803435.26,21120,0.072,3.953,4.025
5803444.02,21121,0.048,4.182,4.23
5803448.1,21122,0.045,3.987,4.032
5803458.42,21120,0.068,4.655,4.723
5803462.79,21121,0.061,4.133,4.194
5803466.94,21122,0.047,4.053,4.1
5803502.21,21120,0.057,4.114,4.171
5803515.06,21121,0.074,4.102,4.176
5803529.06,21122,1.049,3.974,5.022
5803533.25,21120,0.044,4.098,4.143
5803548.11,21121,0.058,4.069,4.128
5803560.22,21122,0.054,4.138,4.191
5803568.05,21120,0.051,4.173,4.224
5803590.01,21121,0.065,4.075,4.14
5803628.92,21122,0.054,4.021,4.075
5803645.12,21120,0.051,4.038,4.088
5803649.35,21121,0.043,4.131,4.174
5803673.2,21122,0.071,4.057,4.128
5803711.21,21120,0.144,4.387,4.531
5803742.58,21121,0.131,4.181,4.312
5803750.29,21122,1.72,4.151,5.872
5803756.87,21120,0.078,4.136,4.214
5803775.79,21121,0.061,4.131,4.192
5803783.86,21122,0.069,4.19,4.259
5803788.22,21120,0.071,4.05,4.121
5803808.16,21121,0.101,4.105,4.206
5803812.56,21122,0.066,4.118,4.184
5803822.94,21120,0.074,4.273,4.348
5803835.86,21121,0.056,4.096,4.152
5803873.95,21122,0.076,4.048,4.123
5803878.35,21120,0.071,4.258,4.329
5803888.13,21121,1.103,4.048,5.151
5803908.9,21122,0.054,4.158,4.212
5803940.22,21120,3.819,4.121,7.94
5803992.03,21121,0.076,4.19,4.266
5804016.62,21122,0.071,4.188,4.259
5804023.25,21120,0.058,4.159,4.217
5804052.27,21121,0.063,8.396,8.459
5804052.36,21122,1.254,4.847,6.1
5804059.35,21120,0.066,4.478,4.544
5804068.8,21121,0.061,4.194,4.255
5804108.36,21122,0.092,3.938,4.029
5804116.79,21121,0.051,5.243,5.294
5804121.39,21120,0.051,12.409,12.46
5804121.82,21122,0.063,4.611,4.674
5804141.59,21121,0.073,3.98,4.053
5804152.13,21120,2.264,8.049,10.313
5804156.3,21122,1.112,8.237,9.349
5804156.47,21121,2.698,6.423,9.121
5804169.12,21120,0.08,6.025,6.105
5804184.36,21122,0.059,4.106,4.165
5804205.94,21121,0.068,4.179,4.247
5804213.95,21122,1.167,3.906,5.073
5804214.07,21120,0.06,8.017,8.077
5804228.09,21122,1.214,4.009,5.223
5804234.05,21120,0.073,3.992,4.065
5804239.02,21121,0.049,3.996,4.045
5804249.64,21122,0.048,7.617,7.665
5804250.19,21120,0.046,4.682,4.729
5804260.88,21121,0.078,4.199,4.278
5804272.44,21122,0.061,4.033,4.094
5804290.67,21120,0.07,4.28,4.35
5804296.75,21121,0.068,4.06,4.128
5804308.96,21122,0.095,4.402,4.497
5804313.3,21120,0.075,4.202,4.277
5804329.26,21121,0.067,4.055,4.122
5804341.24,21122,0.059,4.031,4.09
5804347.14,21120,0.052,4.05,4.102
5804377.72,21121,0.108,4.18,4.287
5804403.27,21122,0.078,4.138,4.216
5804409.09,21120,0.068,3.981,4.05
5804447.16,21121,1.878,4.082,5.959
5804455.11,21122,0.061,4.01,4.071
5804502.74,21120,0.084,3.939,4.023
5804506.95,21121,0.074,3.955,4.029
5804510.37,21122,0.06,4.043,4.103
5804628.16,21121,2.069,4.043,6.112
5804704.88,21120,0.076,4.093,4.169
5804724.49,21122,0.088,4.112,4.201
5804739.12,21121,0.08,3.99,4.07
5804764.17,21120,0.147,4.522,4.67
5804778.79,21122,0.111,4.105,4.217
5804797.25,21121,1.044,6.138,7.181
5804814.43,21120,0.074,4.095,4.169
5804878.61,21122,0.083,4.039,4.122
5804897.15,21121,0.084,4.017,4.101
5804969.17,21120,0.084,4.033,4.117
5805022.63,21122,0.081,4.006,4.087
5805131.2,21121,0.097,4.032,4.13
5805357.37,21120,0.149,4.142,4.291
5805392.77,21122,0.115,3.996,4.111
5805405.13,21121,0.09,4.055,4.144
5805417.03,21120,0.066,4.115,4.181
5805529.23,21122,0.253,4.092,4.345
5805556.12,21121,1.532,3.985,5.517
5805566.22,21120,1.906,8.122,10.027
5805566.3,21122,1.824,4.222,6.046
5805611.32,21121,0.078,4.085,4.162
5805647.91,21120,0.111,4.007,4.118
5805693.95,21122,0.082,3.995,4.077
5805779.73,21121,0.197,4.027,4.224
5805784.11,21120,0.159,4.032,4.191
5805815.75,21122,0.159,4.114,4.273
5805819.5,21121,1.533,4.337,5.869
5805827.62,21120,0.056,6.226,6.282
5805828.07,21122,0.106,8.355,8.462
5805840.91,21121,0.084,3.987,4.071
5805853.27,21120,0.07,4.05,4.12
5805873.87,21122,0.08,4.159,4.239
5805876.16,21121,0.053,4.045,4.098
5805880.3,21120,0.536,4.036,4.572
5805889.24,21122,0.05,4.06,4.11
5805923.24,21121,0.072,4.12,4.193
5805940.37,21120,0.073,4.023,4.097
5805951.28,21122,0.083,6.09,6.173
5805957.26,21121,0.091,4.127,4.218
5805963.15,21120,0.349,4.044,4.393
5805967.38,21122,0.048,4.127,4.174
5805992.27,21121,1.925,4.155,6.08
5805997.12,21120,0.067,4.085,4.152
5806030.45,21122,0.079,4.071,4.15
5806105.2,21121,0.193,4.294,4.486
5806111.12,21120,0.091,7.262,7.353
5806127.13,21122,2.066,5.003,7.069
5806132.16,21121,1.731,4.034,5.765
5806143.9,21120,0.08,3.974,4.054
5806151.82,21122,0.068,3.98,4.048
5806166.1,21121,0.076,4.083,4.159
5806174.13,21120,0.07,4.019,4.089
5806183.81,21122,0.134,3.906,4.04
5806238.57,21121,0.145,4.61,4.755
5806247.28,21120,0.1,4.123,4.224
5806264.03,21122,0.105,4.086,4.191
5806289.28,21121,2.062,4.174,6.236
5806316.81,21120,0.085,3.956,4.041
5806335.08,21122,2.031,3.991,6.022
5806393.91,21121,0.148,4.138,4.286
5806400.2,21120,0.071,3.971,4.042
5806404.36,21122,0.062,4.0,4.062
5806422.49,21121,0.075,3.989,4.063
5806426.72,21120,0.06,4.105,4.165
5806441.92,21122,0.06,6.063,6.123
5806442.33,21121,0.055,4.095,4.15
5806461.93,21120,0.076,3.98,4.056
5806466.54,21122,0.06,3.994,4.053
5806470.83,21121,0.079,4.091,4.17
5806485.12,21120,0.08,4.119,4.2
5806501.04,21122,4.34,3.981,8.321
5806503.13,21121,0.054,4.016,4.071
5806507.29,21120,0.056,4.038,4.094
5806526.73,21122,0.063,4.092,4.156
5806549.04,21121,0.117,3.929,4.046
5806592.62,21120,0.147,4.379,4.526
5806601.13,21122,4.416,3.977,8.393
5806609.17,21121,0.101,4.148,4.249
5806624.21,21120,0.135,4.048,4.183
5806644.49,21122,0.112,4.057,4.17
5806653.77,21121,0.103,4.107,4.21
5806674.3,21120,4.085,4.123,8.208
5806678.14,21122,0.081,4.06,4.141
5806700.16,21122,0.073,4.03,4.103
5806701.26,21121,0.121,9.067,9.188
5806701.47,21120,0.055,7.376,7.431
5806761.84,21122,0.143,5.627,5.77
5806766.5,21121,0.276,4.273,4.549
5806780.91,21120,0.135,4.037,4.172
5806799.62,21122,0.068,3.889,3.957
5806854.88,21121,0.165,3.998,4.163
5806878.92,21120,0.141,3.993,4.134
5806892.43,21122,0.124,5.69,5.814
5806904.19,21121,1.914,4.058,5.972
5806928.1,21120,0.078,3.975,4.053
5806938.12,21122,0.104,3.968,4.072
5806940.17,21121,0.051,4.06,4.11
5806951.16,21120,0.059,4.065,4.124
5806971.5,21122,0.073,4.073,4.146
5806979.12,21121,1.078,3.986,5.064
5806999.92,21120,0.087,4.167,4.254
5807021.9,21122,0.98,5.387,6.367
5807026.17,21121,0.094,4.071,4.164
5807064.71,21120,0.109,4.129,4.238
5807085.55,21122,0.093,4.05,4.143
5807157.82,21121,0.136,7.612,7.748
5807160.01,21120,0.065,4.891,4.957
5807183.94,21122,0.132,4.063,4.195
5807234.05,21121,1.039,3.936,4.975
5807285.15,21120,0.104,3.98,4.084
5807305.79,21122,0.078,3.969,4.046
5807329.29,21121,0.108,5.941,6.05
5807344.97,21120,0.098,4.183,4.281
5807351.66,21122,0.093,4.059,4.153
5807361.44,21122,0.053,3.989,4.043
5807361.87,21121,0.07,8.012,8.082
5807362.01,21120,1.253,5.937,7.191
5807407.16,21122,0.075,4.037,4.112
5807426.16,21121,0.093,6.141,6.235
5807445.47,21120,0.065,4.142,4.207
5807446.19,21122,0.05,4.032,4.083
5807472.5,21121,1.026,4.425,5.451
5807479.57,21120,0.061,5.067,5.128
5807480.93,21122,0.05,4.81,4.861
5807488.07,21121,0.074,3.958,4.032
5807525.16,21120,0.089,4.025,4.114
5807555.27,21122,0.087,4.082,4.17
5807602.22,21121,0.832,6.115,6.946
5807605.7,21122,0.118,4.071,4.19
5807606.12,21120,0.061,6.107,6.169
5807620.15,21121,1.409,4.078,5.486
5807625.74,21122,0.051,3.976,4.027
5807637.09,21120,0.072,5.987,6.059
5807650.31,21121,0.061,3.992,4.053
5807655.64,21122,0.063,4.083,4.145
5807660.64,21120,0.06,4.018,4.078
5807669.14,21121,0.063,4.029,4.093
5807670.87,21122,0.048,3.973,4.021
5807684.87,21120,0.082,5.969,6.051
5807742.14,21121,0.08,4.006,4.086
5807744.23,21122,0.053,4.119,4.172
5807747.32,21120,0.07,4.214,4.283
5807791.63,21121,0.069,3.997,4.067
5807795.92,21122,0.064,4.121,4.185
5807837.18,21120,0.118,6.012,6.129
5807854.18,21121,0.076,4.059,4.135
5807857.11,21122,0.058,4.011,4.07
5807897.98,21121,0.102,6.046,6.148
5807900.08,21120,0.288,10.32,10.607
5807918.95,21122,0.099,4.139,4.238
5808032.13,21121,2.038,4.03,6.068
5808099.4,21120,0.096,4.08,4.176
5808132.22,21122,0.126,4.082,4.208
5808136.18,21121,0.067,4.42,4.486
5808145.14,21122,0.09,3.981,4.071
5808174.16,21120,1.052,4.033,5.085
5808203.07,21121,0.131,3.932,4.064
5808212.21,21122,0.091,4.066,4.157
5808343.75,21120,0.132,6.147,6.279
5808382.19,21121,0.185,4.088,4.273
5808513.48,21122,0.154,4.01,4.164
5808540.34,21120,0.123,4.147,4.271
5808596.66,21121,0.132,4.261,4.394
5808631.29,21122,0.08,3.984,4.065
5808640.21,21120,0.075,4.081,4.155
5808644.95,21121,0.083,4.026,4.109
5808653.0,21122,0.067,3.887,3.954
5808694.24,21120,0.103,4.115,4.218
5808819.85,21121,0.101,4.307,4.408
5808867.01,21122,0.422,3.925,4.346
5808883.45,21120,0.109,4.306,4.415
5808903.61,21121,0.089,4.356,4.445
5808907.95,21122,0.143,4.115,4.258
5809006.62,21120,0.143,4.645,4.787
5809010.97,21121,0.15,4.106,4.256
5809052.25,21122,0.103,3.955,4.058
5809054.76,21120,0.065,4.044,4.109
5809099.51,21122,0.666,5.893,6.559
5809136.56,21121,0.087,4.244,4.331
5809176.38,21120,0.098,4.208,4.306
5809179.91,21122,0.078,4.28,4.359
5809270.59,21121,0.092,4.06,4.152
5809327.9,21120,0.118,4.11,4.228
5809479.34,21122,0.146,4.12,4.266
5809515.34,21121,0.122,7.152,7.274
5809516.91,21120,0.055,4.81,4.865
5809613.41,21122,0.301,4.136,4.436
5809624.3,21121,0.09,4.119,4.209
5809748.25,21120,0.121,4.06,4.181
5809759.79,21122,0.089,4.036,4.125
5809772.63,21121,0.073,5.866,5.939
5809805.73,21120,0.1,3.995,4.095
5809840.36,21122,0.115,4.182,4.297
5809846.51,21121,0.108,4.376,4.484
5809852.33,21120,0.073,4.089,4.162
5809947.48,21122,2.016,4.27,6.285
5810275.3,21121,0.177,4.045,4.221
5810302.2,21120,0.099,4.047,4.146
5810309.02,21122,1.563,3.913,5.475
5810310.25,21121,2.295,4.155,6.45
5810345.11,21120,0.077,4.091,4.168
5810388.28,21122,0.091,4.973,5.064
5810406.42,21121,0.078,4.046,4.124
5810456.14,21120,0.098,3.955,4.053
5810595.05,21122,0.113,3.873,3.986
5810597.25,21121,0.064,4.082,4.146
5810628.23,21120,0.118,4.001,4.119
5810673.16,21122,0.085,4.273,4.358
5810680.34,21121,0.067,3.962,4.029
5810685.97,21120,0.052,3.977,4.029
5810708.33,21122,0.107,7.243,7.35
5810827.38,21121,1.865,4.217,6.082
5810881.06,21120,2.466,3.92,6.385
5811050.69,21122,0.154,6.362,6.516
5811094.71,21121,0.108,4.064,4.172
5811126.19,21120,0.084,4.106,4.189
5811157.76,21122,0.096,4.192,4.288
5811169.44,21121,0.088,4.08,4.168
5811216.14,21120,0.083,4.005,4.087
5811243.52,21122,0.081,4.185,4.266
5811245.13,21121,0.06,4.023,4.082
5811253.02,21120,0.051,3.935,3.985
5811266.56,21122,0.07,3.947,4.017
5811274.05,21121,0.082,3.934,4.016
5811282.46,21120,0.053,4.017,4.07
5811288.43,21122,0.053,4.336,4.388
5811393.13,21121,0.09,4.06,4.15
5811460.81,21120,0.1,4.028,4.128
5811500.59,21122,1.507,4.024,5.531
5811628.71,21121,0.114,4.12,4.234
5811658.22,21120,0.11,4.047,4.157
5811664.42,21122,0.119,6.002,6.121
5811678.72,21121,0.079,4.058,4.137
5811703.82,21120,0.066,4.029,4.095
5811771.11,21122,0.1,5.997,6.097
5811822.16,21121,0.105,4.999,5.104
5811865.12,21120,0.084,3.978,4.062
5812015.64,21122,0.112,4.039,4.151
5812047.15,21121,0.165,5.241,5.407
5812054.35,21120,0.17,4.069,4.239
5812081.34,21122,0.092,4.089,4.18
5812126.14,21121,0.126,5.647,5.773
5812177.31,21120,0.085,5.068,5.153
5812214.18,21122,0.096,4.02,4.117
5812250.65,21121,0.127,6.093,6.22
5812268.31,21120,1.327,4.12,5.448
5812272.77,21122,0.091,4.156,4.247
5812308.29,21121,1.959,4.119,6.079
5812336.05,21120,1.055,3.95,5.005
5812364.88,21122,0.071,4.086,4.157
5812366.44,21121,0.064,4.339,4.402
5812459.05,21120,0.091,4.07,4.161
5812470.23,21122,0.071,6.002,6.073
5812471.08,21121,0.066,3.975,4.041
5812518.12,21120,0.119,5.944,6.064
5812535.27,21122,0.078,3.936,4.014
5812731.79,21121,0.105,3.935,4.04
5812836.44,21120,0.102,4.093,4.195
5812853.14,21122,2.044,4.05,6.095
5812861.02,21121,0.062,3.899,3.961
5812970.24,21120,0.127,10.058,10.185
5812970.41,21122,1.385,4.348,5.734
5812987.23,21121,0.083,4.09,4.172
5813080.44,21120,1.046,4.306,5.352
5813112.22,21122,1.456,4.044,5.5
5813127.84,21121,0.129,3.916,4.045
5813237.54,21120,0.094,3.993,4.087
5813327.58,21122,0.128,4.115,4.242
5813403.05,21121,1.322,3.937,5.259
5813422.83,21120,0.09,3.98,4.069
5813438.97,21122,0.106,4.017,4.123
5813626.07,21121,0.152,4.159,4.31
5813669.01,21120,0.124,4.099,4.223
5813682.72,21122,0.129,4.526,4.655
5813722.11,21121,1.111,4.027,5.138
5813736.15,21120,0.082,4.016,4.098
5813929.15,21122,0.174,8.209,8.383
5814055.81,21121,0.138,4.157,4.295
5814190.61,21120,0.139,4.088,4.227
5814239.21,21122,0.116,4.02,4.136
5814261.18,21121,0.104,4.014,4.119
5814269.81,21120,0.073,3.952,4.026
5814274.1,21122,0.076,4.04,4.116
5814318.09,21121,0.097,3.934,4.031
5814518.93,21120,0.135,4.01,4.145
5814571.27,21122,2.202,4.167,6.369
5814613.16,21121,0.104,3.997,4.101
5814624.04,21120,0.065,3.992,4.057
5814674.29,21122,0.091,4.141,4.232
5814714.66,21121,0.08,3.969,4.049
5814717.56,21120,0.069,4.053,4.122
5814733.25,21122,0.072,4.032,4.104
5814766.03,21121,0.09,3.919,4.009
5814809.3,21120,0.087,4.365,4.452
5814842.64,21122,0.077,4.046,4.123
5814877.28,21121,1.173,4.056,5.229
5814922.77,21120,0.067,3.942,4.009
5814964.23,21122,0.1,4.085,4.185
5815067.35,21121,0.092,3.943,4.035
5815106.91,21120,0.089,4.0,4.089
5815160.31,21122,0.19,4.034,4.224
5815210.85,21121,0.143,4.042,4.185
5815234.03,21120,0.155,3.927,4.083
5815300.63,21122,0.121,4.138,4.259
5815364.02,21121,0.109,3.948,4.057
5815406.05,21120,0.096,4.026,4.122
5815423.12,21122,0.106,4.006,4.113
5815503.72,21121,0.091,3.996,4.087
5815531.54,21120,0.09,3.931,4.021
5815536.04,21122,0.092,4.118,4.21
5815550.05,21121,0.072,3.932,4.005
5815603.17,21120,0.09,3.99,4.08
5815676.52,21122,0.278,5.113,5.391
5815728.2,21121,1.084,4.03,5.113
5815752.05,21120,0.1,4.239,4.338
5815780.64,21122,0.108,4.089,4.197
5815818.14,21121,4.262,4.005,8.267
5815881.04,21120,0.133,4.074,4.207
5815888.08,21122,0.073,3.964,4.037
5816038.81,21121,0.235,5.44,5.675
5816054.97,21120,0.108,4.208,4.316
5816068.74,21122,0.086,4.244,4.33
5816072.99,21121,0.071,4.053,4.124
5816112.72,21120,0.075,4.099,4.173
5816157.84,21122,0.13,3.965,4.095
5816270.23,21121,0.166,5.264,5.43
5816277.51,21120,0.08,4.038,4.119
5816316.47,21122,0.12,4.033,4.153
5816332.32,21121,0.209,4.171,4.38
5816413.09,21120,1.903,4.109,6.012
5816575.62,21122,0.169,4.023,4.193
5816722.77,21121,0.156,3.973,4.129
5817023.85,21120,0.127,4.17,4.297
5817070.21,21122,0.133,4.017,4.151
5817158.62,21121,0.157,5.978,6.135
5817215.32,21120,0.127,4.119,4.246
5817284.09,21122,0.243,4.084,4.327
5817393.11,21121,0.171,4.007,4.179
5817405.48,21120,0.102,4.298,4.401
5817475.58,21122,0.104,3.98,4.084
5817496.66,21121,0.1,4.009,4.108
5817569.59,21120,0.088,4.107,4.196
5817601.97,21122,0.105,4.111,4.216
5817673.57,21121,0.088,4.047,4.135
5817714.81,21120,0.127,4.172,4.299
5817804.48,21122,0.138,4.274,4.411
5817923.43,21121,0.119,4.053,4.172
5817955.3,21120,0.11,4.129,4.239
5817972.09,21122,0.093,4.101,4.195
5818002.06,21121,0.085,4.028,4.113
5818013.3,21120,0.099,4.026,4.125
5818020.07,21122,0.059,3.945,4.004
5818047.14,21121,0.071,4.021,4.092
5818087.28,21120,0.077,3.987,4.064
5818148.28,21122,0.092,4.02,4.111
5818386.36,21121,0.145,4.133,4.279
5818413.77,21120,0.118,3.992,4.11
5818419.13,21122,0.092,4.051,4.143
5818462.23,21121,0.111,4.116,4.227
5818470.18,21120,4.471,4.024,8.495
5818486.06,21122,0.068,3.948,4.016
5818537.16,21121,0.083,4.028,4.111
5818549.27,21120,0.139,4.082,4.221
5818581.07,21122,0.072,3.956,4.028
5818635.11,21121,0.089,3.971,4.06
5818641.13,21120,1.881,4.063,5.944
5818662.99,21122,0.063,4.118,4.181
5818688.0,21121,0.08,4.006,4.087
5818695.98,21122,0.066,4.026,4.092
5818698.81,21120,0.104,8.283,8.388
5818721.17,21121,0.073,4.056,4.129
5818769.2,21122,0.075,4.081,4.156
5818812.19,21120,0.068,4.079,4.148
5818818.72,21121,0.062,4.191,4.253
5818838.16,21122,0.087,4.029,4.116
5818855.11,21120,0.066,4.001,4.068
5818872.1,21121,0.054,4.003,4.057
5818886.03,21122,0.063,4.029,4.092
5818902.11,21120,0.065,4.007,4.072
5818907.61,21121,0.055,3.972,4.027
5818933.27,21122,3.02,4.203,7.223
5818950.19,21120,0.06,4.166,4.227
5818955.74,21121,0.06,4.019,4.079
5818978.02,21122,0.089,5.877,5.966
5818978.41,21120,0.056,5.157,5.213
5819007.6,21121,0.077,4.071,4.148
5819042.68,21122,0.066,4.052,4.117
5819146.56,21120,0.157,4.353,4.51
5819150.2,21121,0.062,4.088,4.151
5819157.69,21122,0.093,5.097,5.19
5819157.78,21120,0.131,4.004,4.136
5819180.41,21121,0.072,3.98,4.051
5819185.39,21120,0.069,4.107,4.176
5819208.19,21122,1.391,4.115,5.507
5819221.13,21121,0.07,4.063,4.134
5819226.24,21120,0.053,4.052,4.105
5819249.98,21122,0.077,3.857,3.933
5819260.12,21121,0.049,4.051,4.099
5819267.07,21120,0.066,4.011,4.077
5819313.93,21122,0.136,4.065,4.201
5819349.68,21121,0.099,5.109,5.208
5819375.91,21120,0.151,3.942,4.093
5819382.15,21122,1.879,4.053,5.931
5819428.3,21121,0.117,4.124,4.241
5819454.16,21120,0.086,4.008,4.094
5819460.29,21122,0.064,4.171,4.236
5819506.4,21121,0.089,4.091,4.18
5819522.98,21120,0.088,3.865,3.953
5819553.07,21122,0.077,4.023,4.1
5819559.12,21121,0.058,3.984,4.043
5819563.35,21120,0.053,4.087,4.14
5819641.24,21122,0.101,4.08,4.181
5819643.24,21121,0.058,4.096,4.154
5819651.3,21120,0.076,4.071,4.147
5819661.21,21122,0.129,4.035,4.165
5819667.15,21121,0.05,4.106,4.156
5819675.02,21120,0.056,3.962,4.018
5819687.66,21122,0.061,4.061,4.121
5819691.87,21121,0.076,4.559,4.635
5819698.15,21120,0.07,4.037,4.107
5819731.45,21122,0.086,3.961,4.047
5819739.25,21121,0.066,4.132,4.199
5819743.46,21120,0.065,4.072,4.137
5819759.24,21122,0.145,4.309,4.454
5819774.97,21121,0.067,4.083,4.15
5819787.22,21120,0.065,4.11,4.175
5819802.13,21122,0.077,4.102,4.18
5819826.87,21121,0.079,4.023,4.103
5819833.34,21120,2.148,4.249,6.396
5819841.48,21122,0.07,3.99,4.06
5819847.29,21121,0.072,3.958,4.03
5819874.16,21120,0.07,4.041,4.112
5819880.31,21122,0.056,4.208,4.264
5819886.07,21121,0.072,3.965,4.037
5819894.06,21120,0.632,5.979,6.611
5819903.43,21122,0.079,4.017,4.096
5819950.4,21121,0.074,4.104,4.178
5819980.19,21120,0.063,4.093,4.156
5819986.1,21122,1.813,4.038,5.851
5819989.8,21121,0.05,4.1,4.15
5819998.26,21120,0.047,4.06,4.107
5819998.54,21122,0.053,4.449,4.502
5820002.39,21121,0.056,4.018,4.074
5820025.36,21122,0.068,4.14,4.208
5820043.63,21120,0.086,5.331,5.416
5820062.1,21121,1.544,3.986,5.53
5820066.32,21122,0.057,4.07,4.127
5820076.46,21120,0.064,4.07,4.134
5820082.03,21121,0.06,3.989,4.048
5820099.78,21122,1.747,3.998,5.744
5820121.88,21120,0.082,4.073,4.155
5820139.49,21121,0.066,3.953,4.018
5820144.99,21122,0.064,4.079,4.143
5820162.46,21120,0.072,5.349,5.421
5820166.93,21121,0.061,4.338,4.399
5820217.13,21122,0.118,3.966,4.084
5820240.16,21120,0.138,6.372,6.509
5820245.09,21121,0.075,3.966,4.042
5820276.1,21122,0.072,3.982,4.054
5820308.98,21120,0.074,3.987,4.061
5820317.2,21121,0.078,4.071,4.149
5820340.94,21122,0.077,4.133,4.21
5820363.32,21120,0.079,3.96,4.038
5820377.84,21121,0.064,4.258,4.322
5820386.02,21122,0.091,5.964,6.055
5820396.78,21120,0.126,6.579,6.705
5820419.26,21121,0.125,4.066,4.191
5820444.63,21122,0.102,3.958,4.06
5820470.04,21120,0.087,4.142,4.229
5820496.14,21121,0.094,3.999,4.093
5820500.35,21122,0.06,4.05,4.11
5820534.32,21120,0.087,4.005,4.092
5820548.15,21121,0.077,4.028,4.104
5820807.31,21122,0.183,6.042,6.225
5820823.07,21120,0.108,4.278,4.386
5820854.21,21121,0.112,4.133,4.244
5820928.23,21122,0.156,3.992,4.148
5821001.34,21120,0.156,4.253,4.409
5821068.3,21121,0.112,4.023,4.135
5821090.97,21122,0.079,3.969,4.047
5821101.13,21120,0.064,4.124,4.188
5821335.43,21121,1.205,4.204,5.409
5821364.1,21122,0.118,6.224,6.342
5821452.42,21120,0.2,4.157,4.357
5821497.8,21121,0.107,4.001,4.109
5821598.73,21122,0.114,3.871,3.985
5821634.25,21120,0.092,4.102,4.194
5821681.32,21121,0.081,4.526,4.607
5821720.12,21122,0.113,6.11,6.223
5821780.3,21120,0.077,4.17,4.246
5821787.16,21121,0.078,4.029,4.107
5821886.85,21122,0.148,4.104,4.252
5821945.17,21120,0.098,4.005,4.103
5821988.91,21121,0.107,3.927,4.035
5822065.09,21122,1.499,3.986,5.485
5822114.29,21120,0.098,4.128,4.226
5822129.63,21121,0.114,4.435,4.55
5822139.07,21122,1.642,3.956,5.598
5822195.6,21120,0.099,4.089,4.187
5822208.1,21121,0.086,3.959,4.045
5822227.76,21122,0.093,4.063,4.156
5822277.54,21120,0.093,4.228,4.321
5822331.45,21121,0.108,4.344,4.452
5822337.01,21122,1.513,3.917,5.43
5822337.69,21120,0.058,4.003,4.061
5822341.74,21121,0.057,3.936,3.993
5822380.23,21122,0.097,4.089,4.186
5822406.7,21120,0.083,5.569,5.652
5822411.26,21121,0.083,4.176,4.259
5822428.1,21122,1.299,4.027,5.326
5822441.05,21120,0.085,4.022,4.107
5822455.18,21121,0.082,4.049,4.131
5822459.46,21122,0.064,4.039,4.103
5822486.64,21120,0.147,6.234,6.381
5822510.39,21121,0.716,4.218,4.934
5822523.78,21122,0.089,3.989,4.078
5822574.39,21120,0.082,4.031,4.113
5822595.16,21121,0.073,4.043,4.116
5822615.24,21122,0.076,4.113,4.189
5822670.89,21120,0.076,4.104,4.18
5822690.48,21121,0.078,3.958,4.036
5822701.73,21122,0.089,4.087,4.176
5822710.12,21120,1.55,3.998,5.548
5822720.18,21121,0.075,3.964,4.04
5822724.45,21122,0.055,4.02,4.075
5822730.86,21120,0.058,4.189,4.247
5822748.04,21121,0.077,4.056,4.133
5822771.12,21122,0.073,4.108,4.181
5822773.52,21120,0.05,4.413,4.463
5822783.66,21121,0.069,4.158,4.227
5822811.98,21122,0.069,3.991,4.06
5822817.56,21120,0.066,6.23,6.296
5822826.46,21122,0.068,4.292,4.36
5822826.65,21121,0.055,4.247,4.302
5822849.43,21120,0.062,4.082,4.144
5822870.9,21122,0.086,3.837,3.922
5822881.17,21121,0.067,4.069,4.137
5822931.15,21120,0.092,4.229,4.321
5822946.4,21122,1.103,4.151,5.254
5822988.24,21121,0.148,4.002,4.15
5823012.44,21120,0.672,4.146,4.818
5823032.32,21122,0.166,3.949,4.115
5823038.13,21121,0.116,4.002,4.118
5823100.36,21120,0.201,4.592,4.792
5823105.82,21122,0.097,4.46,4.557
5823115.58,21121,0.095,4.338,4.432
5823135.16,21120,0.938,4.028,4.966
5823147.24,21121,0.075,4.101,4.176
5823147.94,21122,0.128,6.22,6.349
5823186.22,21120,0.132,4.019,4.152
5823200.1,21121,0.095,3.944,4.039
5823207.9,21122,0.086,4.517,4.603
5823215.86,21120,0.098,4.045,4.142
5823220.13,21121,0.073,4.11,4.182
5823234.13,21122,0.118,6.164,6.282
5823254.56,21120,0.139,4.416,4.555
5823259.33,21121,0.095,4.167,4.262
5823265.1,21122,0.086,4.051,4.136
5823315.96,21120,0.188,4.503,4.69
5823379.71,21121,0.133,4.467,4.6
5823386.25,21122,0.719,4.116,4.835
5823422.39,21120,0.181,4.139,4.32
5823465.75,21121,0.156,4.323,4.479
5823473.11,21122,0.138,4.172,4.311
5823498.91,21120,0.176,3.969,4.145
5823517.85,21121,0.151,4.51,4.661
5823524.1,21122,0.141,4.843,4.984
5823537.65,21120,0.186,4.5,4.687
5823545.51,21121,2.458,4.333,6.791
5823563.28,21122,0.973,4.131,5.104
5823569.37,21120,1.742,4.258,6.0
5823573.66,21121,0.064,4.14,4.204
5823601.04,21120,0.089,6.027,6.116
5823601.35,21122,2.998,6.301,9.299
5823603.47,21121,2.097,4.295,6.392
5823624.25,21120,0.807,4.047,4.854
5823636.59,21122,0.222,4.312,4.534
5823638.84,21121,0.077,4.222,4.298
5823656.11,21120,0.117,4.318,4.435
5823663.55,21122,0.166,4.415,4.58
5823694.59,21121,0.121,6.266,6.386
5823700.91,21120,2.544,6.119,8.663
5823711.77,21122,0.087,4.254,4.34
5823790.26,21121,0.145,4.023,4.168
5823827.37,21120,0.159,4.075,4.234
5823831.6,21122,0.091,3.964,4.055
5823858.28,21121,0.184,6.103,6.287
5823867.33,21120,0.099,4.17,4.269
5823877.18,21122,0.071,4.06,4.131
5823889.04,21121,0.105,3.955,4.059
5823905.09,21120,0.121,4.009,4.13
5823909.36,21122,0.068,4.017,4.085
5823929.25,21121,0.256,3.989,4.245
5823961.45,21120,0.147,4.097,4.243
5823966.99,21122,0.076,4.067,4.143
5823990.16,21121,0.091,4.022,4.113
5824018.83,21120,0.114,4.132,4.246
5824025.5,21122,0.072,4.261,4.333
5824060.73,21121,0.156,5.836,5.992
5824097.96,21120,0.13,4.13,4.261
5824123.77,21122,0.126,5.57,5.696
5824130.19,21121,3.16,3.966,7.126
5824161.71,21120,0.102,4.024,4.126
5824171.04,21122,0.067,3.997,4.064
5824193.17,21121,1.024,4.083,5.107
5824196.58,21120,0.072,4.047,4.119
5824212.04,21121,1.029,3.966,4.995
5824217.25,21122,0.066,4.136,4.203
5824244.23,21120,0.08,4.097,4.177
5824248.61,21121,2.466,4.099,6.565
5824248.75,21122,1.693,4.199,5.892
5824265.58,21120,0.063,3.947,4.01
5824296.18,21121,0.09,4.335,4.424
5824307.7,21122,0.097,4.106,4.203
5824323.21,21120,0.074,4.105,4.179
5824350.23,21121,0.081,6.135,6.216
5824367.63,21122,0.074,4.497,4.57
5824384.19,21120,0.079,4.058,4.136
5824388.32,21121,0.067,3.992,4.059
5824394.07,21122,0.052,4.139,4.191
5824399.16,21120,0.064,4.063,4.127
5824403.52,21121,0.204,4.078,4.282
5824431.17,21122,2.224,4.031,6.255
5824436.06,21120,0.058,4.011,4.069
5824437.95,21121,0.066,4.012,4.077
5824440.21,21122,0.107,4.078,4.184
5824449.38,21121,0.1,6.153,6.252
5824469.76,21120,1.784,3.974,5.758
5824488.22,21122,0.127,4.037,4.164
5824542.29,21121,0.152,4.384,4.536
5824547.33,21120,2.251,6.002,8.253
5824552.52,21122,0.098,4.008,4.105
5824558.06,21121,0.102,4.127,4.229
5824579.42,21120,0.151,4.066,4.217
5824611.28,21122,0.15,4.04,4.191
5824617.17,21121,0.087,4.025,4.113
5824625.68,21120,0.07,3.991,4.062
5824632.05,21122,0.071,3.91,3.981
5824641.82,21121,0.077,5.362,5.439
5824676.25,21120,0.088,4.232,4.319
5824686.59,21122,0.071,4.044,4.116
5824695.1,21121,0.069,4.108,4.178
5824711.0,21120,0.062,4.055,4.117
5824740.02,21122,4.048,3.916,7.964
5824742.02,21121,4.235,3.923,8.159
5824757.01,21122,0.992,3.951,4.943
5824770.1,21120,0.064,4.0,4.063
5824772.16,21121,0.051,4.044,4.095
5824800.21,21122,1.834,4.152,5.986
5824828.55,21120,0.168,4.152,4.321
5824831.94,21121,0.073,6.051,6.124
5824833.04,21122,0.08,4.213,4.293
5824870.13,21120,0.096,3.966,4.062
5824877.14,21121,0.064,5.032,5.097
5824947.36,21122,0.082,4.185,4.267
5824955.25,21120,0.069,3.953,4.023
5824984.65,21121,0.076,5.088,5.164
5824992.93,21122,0.055,4.197,4.253
5824999.03,21120,0.938,3.915,4.853
5825011.2,21121,0.068,4.184,4.252
5825023.45,21122,0.068,4.279,4.347
5825027.9,21120,0.075,4.155,4.23
5825034.27,21121,0.068,4.014,4.081
5825046.26,21122,0.064,4.15,4.214
5825080.09,21120,0.069,3.98,4.048
5825153.88,21121,0.093,4.039,4.133
5825165.11,21122,0.095,3.983,4.078
5825172.34,21120,0.065,4.201,4.265
5825207.18,21121,1.72,4.111,5.831
5825207.81,21122,0.058,3.987,4.045
5825216.45,21120,0.068,4.344,4.412
5825243.02,21121,2.031,3.933,5.964
5825271.08,21122,0.083,4.077,4.16
5825289.11,21120,0.089,3.961,4.051
5825313.04,21121,0.094,4.961,5.054
5825321.43,21122,0.091,4.138,4.229
5825325.85,21120,0.066,4.046,4.111
5825339.88,21121,0.076,3.976,4.052
5825354.63,21122,0.083,4.121,4.204
5825384.21,21120,0.081,4.082,4.163
5825390.09,21121,0.065,3.983,4.049
5825403.1,21122,0.05,4.127,4.177
5825411.82,21120,0.059,4.137,4.196
5825459.15,21121,0.077,4.02,4.097
5825462.06,21122,0.053,3.97,4.023
5825469.81,21121,0.056,4.307,4.363
5825471.26,21120,0.049,4.178,4.227
5825493.61,21122,0.055,4.026,4.08
5825521.2,21121,0.097,4.37,4.467
5825525.87,21120,0.06,4.464,4.524
5825532.16,21122,0.055,4.074,4.129
5825536.25,21121,0.23,3.98,4.21
5825564.12,21120,0.063,4.078,4.141
5825588.62,21122,0.059,4.112,4.171
5825598.29,21121,0.065,3.97,4.035
5825605.58,21120,0.072,3.972,4.044
5825614.44,21122,2.084,4.289,6.373
5825650.59,21121,0.171,4.02,4.191
5825672.2,21120,0.108,4.037,4.145
5825681.57,21122,0.074,3.991,4.064
5825703.15,21121,0.071,4.033,4.104
5825719.26,21120,0.07,4.15,4.22
5825725.05,21122,0.058,3.942,3.999
5825734.19,21121,0.067,3.945,4.012
5825764.12,21120,0.072,4.001,4.073
5825769.54,21122,0.066,3.91,3.975
5825814.23,21121,0.138,4.028,4.166
5825829.66,21120,0.093,4.08,4.172
5825873.77,21122,0.121,4.091,4.211
5825955.31,21121,0.14,4.094,4.234
5825968.97,21120,0.147,4.116,4.263
5825987.95,21122,0.12,3.949,4.068
5826026.38,21121,0.138,4.006,4.144
5826043.17,21120,0.09,4.024,4.114
5826063.55,21122,0.075,4.041,4.116
5826066.38,21121,0.058,3.981,4.038
5826085.1,21120,0.068,5.674,5.742
5826097.78,21122,0.066,3.971,4.037
5826100.74,21121,0.062,4.091,4.153
5826115.88,21120,0.076,5.054,5.129
5826116.32,21122,0.101,8.518,8.619
5826134.05,21121,0.097,4.603,4.699
5826145.12,21120,0.068,6.006,6.074
5826147.35,21122,0.048,4.265,4.313
5826155.16,21121,0.063,4.054,4.118
5826161.09,21120,0.062,3.991,4.053
5826169.04,21122,0.056,4.047,4.103
5826216.95,21121,0.15,3.995,4.145
5826226.43,21120,0.375,3.994,4.37
5826269.18,21122,4.072,6.048,10.12
5826269.2,21121,5.14,4.097,9.236
5826271.29,21120,4.011,4.189,8.2
5826289.93,21122,0.084,3.976,4.06
5826299.1,21121,0.067,4.012,4.078
5826321.34,21120,0.072,8.037,8.109
5826321.55,21122,0.078,6.484,6.562
5826329.77,21121,0.066,4.054,4.12
5826336.18,21120,0.072,4.034,4.106
5826385.58,21122,0.14,4.049,4.189
5826392.58,21121,0.058,4.058,4.117
5826397.27,21120,0.084,4.02,4.104
5826414.68,21122,0.114,4.071,4.185
5826427.59,21121,0.111,4.12,4.231
5826437.0,21120,0.147,5.988,6.136
5826454.11,21122,4.025,4.04,8.065
5826483.13,21121,1.285,3.99,5.275
5826485.1,21120,0.07,4.178,4.248
5826498.11,21122,0.076,4.114,4.189
5826537.16,21121,0.075,4.044,4.119
5826560.29,21120,0.066,4.073,4.139
5826567.17,21122,0.058,4.056,4.113
5826577.66,21121,0.065,4.439,4.504
5826585.8,21120,0.093,4.147,4.24
5826604.94,21122,0.081,3.926,4.007
5826622.21,21121,0.895,6.133,7.027
5826624.74,21120,0.065,4.158,4.223
5826637.88,21122,0.064,3.953,4.016
5826650.71,21121,0.063,4.175,4.239
5826653.42,21120,0.081,4.098,4.179
5826686.2,21122,1.048,4.068,5.116
5826688.26,21121,0.346,6.071,6.417
5826698.1,21120,1.651,4.023,5.674
5826713.94,21122,0.074,4.034,4.108
5826721.81,21121,0.098,3.943,4.041
5826734.76,21120,0.078,4.142,4.22
5826743.08,21122,0.068,3.967,4.035
5826767.61,21121,0.11,4.199,4.309
5826781.07,21120,3.999,4.02,8.019
5826787.14,21122,1.965,4.047,6.012
5826796.96,21121,0.058,4.152,4.209
5826801.2,21120,0.075,4.077,4.152
5826808.99,21122,2.019,3.934,5.953
5826812.81,21121,0.05,4.076,4.127
5826828.42,21122,0.089,4.011,4.099
5826840.17,21120,1.809,4.086,5.895
5826894.79,21121,0.076,4.116,4.192
5826901.13,21122,0.064,4.071,4.135
5826940.74,21120,0.076,4.13,4.207
5826951.37,21121,0.148,4.029,4.178
5826973.59,21122,0.102,5.438,5.54
5826993.17,21120,0.086,4.035,4.121
5826999.43,21121,0.065,4.318,4.383
5827014.77,21122,0.056,4.163,4.219
5827066.37,21120,0.061,4.149,4.209
5827088.36,21121,2.026,4.286,6.312
5827096.22,21122,0.059,4.124,4.182
5827106.79,21120,0.06,4.084,4.144
5827111.07,21121,0.058,3.972,4.031
5827115.63,21122,0.053,4.074,4.127
5827151.15,21121,0.064,4.137,4.202
5827151.92,21120,0.102,6.25,6.352
5827153.97,21122,0.062,5.111,5.173
5827158.77,21121,0.077,5.589,5.666
5827162.22,21120,0.059,4.017,4.076
5827188.8,21121,0.08,4.146,4.226
5827192.61,21122,0.057,4.077,4.134
5827196.7,21121,0.06,3.96,4.02
5827205.97,21120,0.061,4.121,4.181
5827256.91,21122,0.137,4.197,4.334
5827284.54,21121,0.08,3.936,4.016
5827329.25,21120,0.084,4.113,4.197
5827339.6,21122,0.079,4.109,4.188
5827341.98,21121,0.064,4.346,4.41
5827350.16,21122,0.424,6.094,6.518
5827350.51,21120,0.059,8.219,8.278
5827387.41,21121,0.079,4.007,4.087
5827454.47,21122,0.12,3.961,4.08
5827462.06,21120,0.071,5.776,5.846
5827529.28,21121,0.124,4.085,4.209
5827540.47,21120,0.059,4.025,4.083
5827541.14,21122,1.387,6.022,7.409
5827549.97,21121,0.08,4.116,4.196
5827573.14,21120,0.067,4.033,4.1
5827645.25,21122,0.128,4.177,4.305
5827652.37,21121,0.098,4.21,4.308
5827660.85,21120,0.078,4.126,4.203
5827815.12,21122,0.18,6.074,6.254
5827834.08,21121,0.148,4.088,4.237
5827839.38,21120,0.26,4.062,4.322
5827879.16,21122,0.1,3.999,4.099
5827880.95,21121,0.062,4.088,4.15
5827928.55,21120,0.076,4.261,4.337
5827944.42,21122,0.772,4.135,4.907
5827984.22,21121,1.069,4.094,5.164
5828010.98,21120,0.081,4.079,4.16
5828064.87,21122,0.102,6.051,6.153
5828083.32,21121,0.115,4.0,4.115
5828178.21,21120,0.094,4.05,4.144
5828222.76,21122,0.121,3.984,4.105
5828297.3,21121,0.164,4.048,4.212
5828400.2,21120,0.147,4.082,4.23
5828460.83,21122,0.115,6.076,6.192
5828488.28,21121,0.089,4.125,4.213
5828510.75,21120,0.083,3.954,4.036
5828574.97,21122,0.088,3.941,4.029
5828602.25,21121,0.089,4.106,4.194
5828630.91,21120,0.112,4.097,4.209
5828669.12,21122,1.08,3.967,5.048
5828686.31,21121,0.095,4.16,4.254
5828820.28,21120,0.169,4.018,4.186
5828824.16,21122,0.073,4.019,4.092
5828835.75,21120,0.055,4.642,4.696
5828836.48,21121,0.126,8.179,8.304
5828876.1,21122,0.123,4.083,4.206
5828898.2,21120,0.085,4.049,4.135
5829005.25,21121,0.166,4.27,4.436
5829075.18,21122,0.114,4.004,4.118
5829128.37,21120,0.105,4.096,4.201
5829146.43,21121,0.094,4.277,4.371
5829166.5,21122,0.077,4.069,4.146
5829177.48,21120,0.076,4.061,4.137
5829193.14,21121,0.067,4.03,4.097
5829235.61,21122,0.096,4.031,4.127
5829249.11,21120,1.934,4.014,5.948
5829313.32,21121,0.121,5.144,5.265
5829345.19,21122,0.09,4.046,4.136
5829359.27,21120,0.095,4.326,4.42
5829427.54,21121,0.08,4.132,4.213
5829438.21,21122,0.08,4.083,4.163
5829507.57,21120,2.087,6.414,8.501
5829516.05,21121,0.067,4.006,4.072
5829603.36,21122,0.089,4.015,4.105
5829622.69,21120,0.082,4.031,4.113
5829698.34,21121,0.092,4.064,4.156
5829717.26,21122,0.072,4.137,4.209
5829730.48,21120,0.071,5.929,6.0
5829751.25,21121,0.074,4.129,4.203
5829757.18,21122,0.064,4.081,4.145
5829802.1,21120,0.206,4.092,4.297
5829929.32,21121,0.211,5.023,5.233
5830075.1,21122,2.128,4.29,6.418
5830147.15,21120,0.146,5.927,6.074
5830175.67,21121,0.115,4.282,4.397
5830191.79,21122,0.095,4.059,4.154
5830343.43,21120,0.191,4.002,4.193
5830352.43,21121,0.129,4.072,4.201
5830372.09,21122,2.07,3.959,6.029
5830382.49,21120,0.075,3.973,4.048
5830437.99,21121,0.095,4.039,4.134
5830448.13,21122,0.069,4.018,4.087
5830458.59,21120,0.07,6.466,6.535
5830475.44,21121,0.069,4.089,4.158
5830481.59,21122,0.053,4.019,4.072
5830485.7,21120,0.053,4.0,4.053
5830498.23,21121,0.07,4.123,4.192
5830504.1,21122,0.051,4.01,4.06
5830530.02,21120,0.074,3.957,4.031
5830536.2,21121,0.054,4.109,4.163
5830544.26,21122,0.049,4.016,4.065
5830628.41,21120,0.162,4.095,4.257
5830645.71,21121,0.113,7.533,7.645
5830648.62,21122,0.064,7.288,7.352
5830672.37,21120,1.036,4.278,5.314
5830698.18,21121,0.099,4.019,4.119
5830723.08,21122,0.088,3.997,4.085
5830733.15,21120,2.026,4.075,6.102
5830763.79,21121,0.075,3.984,4.059
5830813.44,21120,0.068,4.091,4.158
5830813.58,21122,0.104,5.332,5.436
5830821.37,21121,0.102,6.074,6.176
5830851.42,21120,0.128,6.122,6.25
5830857.2,21122,0.093,4.057,4.15
5830883.7,21121,0.093,4.108,4.201
5830889.73,21120,0.066,4.094,4.159
5830925.24,21122,1.975,4.133,6.108
5830982.9,21121,0.125,4.012,4.137
5830986.93,21120,2.156,4.044,6.201
5831018.48,21122,0.142,3.992,4.134
5831054.17,21121,0.171,4.046,4.216
5831071.6,21120,0.113,4.071,4.183
5831089.01,21122,0.095,4.202,4.297
5831117.5,21121,0.214,4.093,4.307
5831124.27,21120,0.073,4.055,4.128
5831132.31,21122,0.067,4.114,4.181
5831149.34,21121,0.103,4.129,4.232
5831157.09,21120,0.067,3.977,4.044
5831170.33,21122,1.035,4.229,5.264
5831218.88,21121,0.099,4.71,4.809
5831230.78,21120,0.086,4.108,4.194
5831247.06,21122,0.077,4.17,4.247
5831298.31,21121,1.061,4.187,5.248
5831329.43,21120,0.166,4.167,4.333
5831337.9,21122,1.598,8.226,9.824
5831338.22,21121,0.787,6.095,6.882
5831348.97,21120,0.102,4.133,4.235
5831360.87,21122,0.097,4.01,4.107
5831382.08,21121,0.096,3.927,4.022
5831410.97,21120,0.113,4.013,4.126
5831417.57,21122,0.121,4.135,4.256
5831453.11,21121,1.521,4.028,5.549
5831458.82,21120,0.067,4.022,4.089
5831618.15,21122,1.239,3.98,5.22
5831645.52,21121,0.103,3.986,4.089
5831713.41,21120,0.771,4.15,4.921
5831756.94,21122,0.15,5.285,5.435
5831759.32,21121,0.069,5.332,5.401
5831881.49,21120,0.155,6.228,6.383
5832022.68,21122,0.138,4.53,4.667
5832075.3,21121,2.088,4.138,6.226
5832113.88,21120,0.129,4.172,4.302
5832141.33,21122,0.114,4.128,4.242
5832153.23,21121,0.088,4.081,4.17
5832198.93,21120,2.251,7.624,9.876
5832199.6,21122,0.051,5.964,6.015
5832234.09,21121,0.069,3.974,4.044
5832252.14,21120,2.025,4.063,6.087
5832372.19,21122,0.098,3.938,4.036
5832388.64,21121,0.093,3.952,4.045
5832440.59,21120,0.158,3.997,4.155
5832462.14,21122,0.083,4.009,4.092
5832495.42,21121,0.085,4.045,4.13
5832574.25,21120,2.029,4.162,6.191
5832596.17,21122,2.026,4.084,6.11
5832605.01,21121,0.403,3.906,4.309
5832693.91,21120,0.196,6.928,7.123
5832713.17,21122,0.082,4.034,4.116
5832757.46,21121,0.091,4.085,4.176
5832794.97,21120,0.082,4.243,4.325
5832811.62,21122,0.079,4.013,4.093
5832905.11,21121,0.181,4.133,4.314
5832996.15,21120,0.215,4.132,4.346
5833004.84,21122,0.124,4.177,4.301
5833013.23,21121,0.081,3.981,4.062
5833089.75,21120,0.097,4.116,4.213
5833200.52,21122,0.117,4.089,4.205
5833236.24,21121,0.092,3.98,4.072
5833302.8,21120,0.095,4.064,4.159
5833309.26,21122,0.078,4.113,4.19
5833324.22,21121,1.193,4.095,5.288
5833346.39,21120,0.083,3.955,4.038
5833437.4,21122,0.085,4.245,4.33
5833457.9,21121,0.085,4.149,4.234
5833461.86,21120,0.08,4.139,4.219
5833505.16,21121,0.097,4.042,4.139
5833582.33,21122,0.088,4.169,4.257
5833667.96,21120,0.09,4.11,4.2
5833682.49,21121,0.115,4.112,4.227
5833903.35,21122,0.112,4.179,4.291
5833929.93,21120,0.107,3.926,4.033
5833934.33,21121,0.078,4.191,4.27
5833974.45,21122,0.191,4.079,4.269
5834042.76,21120,0.128,4.111,4.24
5834073.22,21121,0.111,4.382,4.493
5834154.67,21122,0.107,4.079,4.186
5834187.27,21120,0.111,3.982,4.093
5834247.27,21121,0.118,4.086,4.204
5834294.24,21122,0.108,4.072,4.18
5834305.0,21120,0.075,4.132,4.207
5834331.96,21121,0.089,4.244,4.333
5834409.79,21122,0.114,4.059,4.173
5834414.4,21120,0.077,4.274,4.351
5834458.16,21121,0.094,3.993,4.087
5834595.31,21122,0.125,4.117,4.242
5834607.08,21120,0.093,4.003,4.096
5834650.16,21121,0.143,4.007,4.15
5834742.19,21122,0.087,4.055,4.142
5834755.81,21120,0.082,4.041,4.123
5834808.5,21121,0.096,4.037,4.133
5834825.11,21122,0.123,3.981,4.104
5834897.51,21120,0.1,4.018,4.119
5834939.4,21121,0.086,4.257,4.343
5834996.98,21122,0.137,4.098,4.236
5835003.24,21120,2.046,4.104,6.15
5835162.99,21121,1.525,3.962,5.487
5835197.19,21122,0.113,4.016,4.129
5835201.47,21120,0.077,4.082,4.159
5835216.48,21121,1.355,4.076,5.43
5835236.54,21122,0.115,4.071,4.186
5835369.25,21120,0.112,4.081,4.193
5835375.07,21121,0.083,3.935,4.018
5835389.59,21122,0.088,4.312,4.401
5835448.42,21120,0.101,4.086,4.188
5835460.05,21121,1.028,3.975,5.003
5835627.11,21122,0.963,4.082,5.046
5835631.34,21120,0.069,4.079,4.148
5835635.42,21121,0.07,3.945,4.015
5835703.31,21122,0.095,4.004,4.099
5835726.17,21120,2.26,4.057,6.317
5835892.92,21121,0.095,3.98,4.075
5835948.35,21122,0.087,4.107,4.194
5835987.93,21120,0.082,3.929,4.012
5836036.01,21121,0.164,4.311,4.476
5836089.32,21122,0.184,4.194,4.378
5836114.11,21120,1.703,4.037,5.74
5836140.4,21121,2.079,4.247,6.326
5836212.72,21122,0.192,4.186,4.378
5836223.85,21120,1.082,4.079,5.162
5836283.79,21121,0.316,3.94,4.256
5836360.2,21122,0.139,3.977,4.116
5836366.47,21120,0.087,3.96,4.047
5836370.18,21121,0.066,4.059,4.125
5836385.87,21120,0.108,3.936,4.044
5836466.11,21122,0.134,4.06,4.194
5836470.25,21121,0.081,3.985,4.066
5836536.18,21120,1.311,4.049,5.361
5836556.43,21122,0.134,6.054,6.187
5836610.21,21121,0.201,4.021,4.222
5836624.09,21120,0.167,3.9,4.067
5836643.54,21122,0.188,4.056,4.244
5836740.68,21121,0.205,4.567,4.772
5836776.22,21120,0.19,4.135,4.325
5836803.99,21122,0.164,4.242,4.406
5836843.07,21121,0.154,4.08,4.234
5836849.5,21120,0.09,5.349,5.439
5836918.29,21122,0.142,5.937,6.079
5836929.1,21121,2.065,3.976,6.041
5836973.65,21120,0.087,4.276,4.364
5837063.76,21122,0.135,4.385,4.519
5837114.4,21121,0.156,3.995,4.151
5837218.22,21120,0.141,4.003,4.144
5837246.72,21122,0.16,4.078,4.238
5837254.13,21121,0.083,4.003,4.086
5837264.33,21120,0.784,4.021,4.805
5837269.96,21122,0.067,4.256,4.323
5837378.91,21121,0.091,3.945,4.036
5837415.42,21120,0.092,3.95,4.042
5837472.3,21122,0.092,4.147,4.239
5837540.1,21121,0.089,4.073,4.162
5837583.17,21120,0.096,4.012,4.109
5837586.0,21122,0.071,4.025,4.096
5837679.2,21120,0.115,4.008,4.124
5837725.64,21121,0.1,4.086,4.186
5837742.16,21122,0.098,4.003,4.1
5837779.13,21120,3.936,4.019,7.955
5837820.65,21121,0.098,4.115,4.213
5837824.88,21122,0.099,4.058,4.157
5837841.2,21120,2.056,4.088,6.144
5837880.2,21122,0.063,6.09,6.153
5837880.52,21121,0.125,8.278,8.403
5837898.15,21120,0.096,3.99,4.086
5837902.37,21122,2.239,4.07,6.309
5837908.1,21121,0.055,4.064,4.12
5837927.1,21120,1.192,4.009,5.201
5837959.4,21122,0.108,4.46,4.567
5837963.74,21121,0.087,4.181,4.269
5837964.26,21120,0.053,3.972,4.025
5837972.34,21122,0.06,4.05,4.11
5837981.19,21121,1.385,4.133,5.518
5838010.18,21120,0.057,4.087,4.144
5838016.43,21122,0.064,4.148,4.212
5838047.34,21121,0.086,4.045,4.131
5838074.06,21120,1.344,3.973,5.317
5838086.36,21122,0.088,6.147,6.236
5838105.25,21121,0.896,4.138,5.034
5838119.47,21120,0.073,4.344,4.417
5838134.6,21122,0.098,4.174,4.272
5838179.5,21121,0.147,4.098,4.244
5838214.53,21120,0.137,4.006,4.143
5838233.19,21122,0.103,4.018,4.121
5838259.19,21121,0.089,4.081,4.17
5838273.66,21120,0.083,4.07,4.153
5838295.97,21122,0.087,4.098,4.185
5838313.54,21121,0.074,3.988,4.062
5838324.16,21120,0.076,3.981,4.057
5838331.1,21122,0.068,3.983,4.052
5838350.07,21121,0.06,3.907,3.967
5838359.12,21120,0.059,4.014,4.073
5838361.29,21122,0.049,4.062,4.111
5838382.17,21121,0.067,4.064,4.131
5838402.44,21120,0.064,4.177,4.241
5838405.22,21122,0.049,3.989,4.037
5838409.28,21120,0.052,3.949,4.001
5838413.45,21121,0.058,4.151,4.209
5838427.85,21120,0.119,3.979,4.098
5838471.31,21122,0.121,4.119,4.239
5838478.48,21121,0.08,3.95,4.03
5838485.26,21120,0.078,4.136,4.214
5838492.04,21122,1.245,3.955,5.2
5838532.06,21121,0.08,4.128,4.208
5838541.46,21120,0.064,3.966,4.03
5838551.18,21122,1.04,4.105,5.145
5838577.76,21121,0.087,4.18,4.267
5838608.04,21120,1.425,3.967,5.392
5838609.35,21122,0.064,4.013,4.077
5838626.16,21121,0.068,4.055,4.123
5838660.02,21120,2.022,3.948,5.971
5838667.48,21122,0.049,4.073,4.122
5838696.28,21121,1.559,4.173,5.732
5838701.8,21120,1.448,4.011,5.459
5838727.88,21122,0.094,3.985,4.08
5838732.41,21121,0.053,4.145,4.198
5838733.91,21120,0.064,4.02,4.084
5838744.06,21122,1.915,4.005,5.92
5838773.27,21121,3.043,4.155,7.198
5838773.31,21120,1.088,4.161,5.249
5838792.56,21122,0.142,4.247,4.389
5838815.22,21121,2.045,4.083,6.128
5838893.15,21120,0.172,4.083,4.255
5838901.6,21122,0.11,8.228,8.338
5838901.8,21121,0.101,5.653,5.755
5838917.57,21120,0.137,6.074,6.211
5838927.91,21122,0.159,5.325,5.484
5838960.6,21121,0.147,5.275,5.422
5838980.95,21120,0.108,4.04,4.148
5838997.27,21122,0.082,4.133,4.214
5839028.3,21121,0.083,3.969,4.052
5839058.34,21120,0.074,6.089,6.163
5839062.65,21122,0.073,4.159,4.232
5839080.64,21121,0.073,3.985,4.059
5839115.51,21120,0.075,4.031,4.106
5839122.87,21122,0.085,7.098,7.183
5839125.49,21121,0.074,5.013,5.087
5839137.53,21120,0.063,6.06,6.124
5839181.24,21122,0.294,4.466,4.76
5839194.24,21121,0.121,4.042,4.163
5839222.34,21120,0.107,6.165,6.272
5839228.2,21122,2.033,4.123,6.156
5839242.11,21121,1.782,4.026,5.809
5839284.26,21120,0.092,3.953,4.045
5839320.24,21122,2.251,6.1,8.351
5839354.1,21121,0.095,3.947,4.041
5839369.65,21120,0.077,3.984,4.061
5839403.26,21122,0.082,6.126,6.208
5839405.76,21121,0.055,4.728,4.783
5839413.77,21120,0.066,3.979,4.046
5839427.13,21122,0.067,4.019,4.086
5839435.75,21121,0.055,4.081,4.136
5839437.3,21120,0.06,4.097,4.157
5839447.14,21122,0.088,4.064,4.152
5839456.19,21121,0.08,4.34,4.42
5839458.66,21120,0.066,4.033,4.1
5839465.32,21122,0.066,4.1,4.166
5839475.16,21121,1.091,4.019,5.11
5839530.98,21120,0.101,4.059,4.159
5839555.55,21122,3.033,4.274,7.306
5839580.08,21121,2.03,4.001,6.031
5839585.07,21120,0.065,3.964,4.029
5839628.06,21121,0.649,5.965,6.613
5839630.21,21122,5.039,4.17,9.21
5839640.05,21120,0.072,3.936,4.009
5839677.24,21121,0.133,4.041,4.174
5839733.32,21122,0.194,4.042,4.236
5839786.21,21120,0.08,4.077,4.157
5839808.1,21121,0.865,3.995,4.86
5839843.59,21122,0.088,3.981,4.069
5839866.16,21120,0.08,3.923,4.003
5839913.86,21121,0.077,4.111,4.189
5839958.65,21122,0.134,4.046,4.18
5840253.2,21120,0.138,3.991,4.129
5840264.14,21121,1.931,4.036,5.968
5840283.81,21122,0.121,4.027,4.148
5840308.01,21120,2.064,3.898,5.962
5840339.37,21121,0.095,3.97,4.065
5840349.17,21122,0.069,4.043,4.112
5840366.26,21120,0.074,4.034,4.108
5840376.37,21121,0.065,4.256,4.321
5840407.34,21122,0.089,4.027,4.116
5840415.08,21120,2.04,3.995,6.036
5840421.05,21121,1.928,3.982,5.91
5840425.23,21122,0.06,4.023,4.083
5840441.08,21120,0.063,3.967,4.03
5840445.39,21121,0.07,4.056,4.126
5840466.3,21122,0.096,4.076,4.173
5840490.63,21120,0.086,4.011,4.097
5840494.8,21121,0.056,3.938,3.994
5840533.72,21122,0.07,4.104,4.174
5840546.06,21120,0.07,3.953,4.023
5840556.9,21121,0.066,3.986,4.052
5840566.45,21122,0.069,3.956,4.025
5840573.19,21120,0.051,6.0,6.051
5840579.09,21121,0.054,3.998,4.052
5840606.88,21122,0.071,4.063,4.134
5840627.81,21120,0.073,4.036,4.108
5840635.52,21121,0.073,3.957,4.03
5840644.8,21122,0.092,3.998,4.091
5840663.13,21120,2.046,4.047,6.093
5840669.02,21121,0.055,3.921,3.976
5840708.5,21122,0.066,4.068,4.134
5840768.45,21120,0.095,4.164,4.259
5840803.16,21121,1.537,6.045,7.582
5840803.23,21122,0.523,6.034,6.557
5840869.41,21120,0.115,4.225,4.34
5840872.93,21121,0.087,4.089,4.176
5840877.36,21122,0.075,4.101,4.176
5840881.65,21120,0.076,4.112,4.188
5840884.64,21121,0.06,4.006,4.066
5840916.12,21122,0.092,3.986,4.078
5840934.22,21120,0.062,4.121,4.183
5840937.63,21121,0.067,4.024,4.091
5840944.11,21122,0.073,4.008,4.082
5840978.33,21120,0.073,3.996,4.07
5841003.11,21121,0.085,4.117,4.201
5841007.42,21122,0.074,4.141,4.215
5841085.33,21120,0.097,4.042,4.138
5841109.38,21121,0.075,3.97,4.045
5841138.22,21122,0.124,4.031,4.156
5841214.16,21120,0.106,3.989,4.095
5841241.08,21121,0.084,3.946,4.029
5841258.16,21122,0.102,6.285,6.386
5841298.16,21120,1.59,4.029,5.619
5841313.18,21121,0.11,4.002,4.112
5841327.78,21122,0.086,3.996,4.082
5841344.63,21120,0.075,4.021,4.095
5841378.25,21121,0.095,4.106,4.201
5841384.45,21122,0.087,4.079,4.166
5841392.27,21120,0.065,4.164,4.23
5841399.95,21121,0.066,3.949,4.014
5841416.19,21122,2.082,4.067,6.149
5841443.11,21120,0.863,4.045,4.908
5841444.0,21121,0.06,4.152,4.212
5841501.73,21120,1.285,7.655,8.94
5841501.95,21122,2.052,9.868,11.92
5841572.99,21121,0.088,4.052,4.14
5841618.2,21120,1.967,4.12,6.086
5841626.59,21122,0.081,3.994,4.075
5841641.71,21121,0.091,4.032,4.123
5841664.41,21120,0.082,3.956,4.038
5841705.14,21122,1.6,4.031,5.63
5841738.39,21121,0.069,4.0,4.069
5841749.92,21120,0.067,3.969,4.036
5841770.43,21122,0.065,4.059,4.124
5841789.98,21121,1.641,3.934,5.576
5841795.87,21120,0.065,3.964,4.029
5841806.74,21122,0.094,3.995,4.088
5841820.19,21121,2.225,4.081,6.306
5841834.19,21120,0.062,4.091,4.153
5841848.57,21122,0.064,3.914,3.979
5841849.07,21121,0.057,4.041,4.098
5841871.11,21120,0.068,4.008,4.076
5841878.58,21122,3.464,3.936,7.401
5841886.59,21121,0.049,4.039,4.088
5841963.21,21120,0.095,4.015,4.11
5841968.75,21122,0.069,4.114,4.184
5841982.24,21121,0.056,4.138,4.194
5842005.92,21120,0.057,3.984,4.041
5842012.23,21122,0.082,4.097,4.179
5842028.3,21121,0.06,4.099,4.159
5842033.97,21120,0.051,3.951,4.002
5842065.8,21122,0.068,4.124,4.192
5842085.59,21121,0.083,4.04,4.124
5842094.31,21120,0.08,4.177,4.257
5842098.41,21122,0.062,3.972,4.034
5842115.17,21121,0.088,4.045,4.133
5842119.31,21120,0.055,4.026,4.081
5842163.76,21122,0.074,4.433,4.507
5842189.01,21121,0.114,4.111,4.225
5842193.22,21120,0.079,4.053,4.132
5842197.38,21122,0.065,3.991,4.057
5842213.18,21121,0.082,4.036,4.117
5842223.39,21120,0.068,4.12,4.188
5842241.91,21122,0.855,4.014,4.869
5842273.83,21121,0.084,4.006,4.089
5842307.41,21120,0.173,4.123,4.295
5842315.12,21122,0.129,5.131,5.26
5842362.37,21121,0.134,4.139,4.273
5842366.59,21120,0.525,4.017,4.542
5842377.69,21122,1.62,3.998,5.618
5842408.42,21121,0.081,4.103,4.183
5842424.49,21120,0.067,3.941,4.008
5842534.34,21122,2.043,4.221,6.263
5842559.15,21121,0.086,4.007,4.092
5842577.13,21120,0.092,3.928,4.021
5842578.4,21122,0.085,4.012,4.097
5842680.16,21121,1.127,4.039,5.166
5842819.34,21120,0.123,4.055,4.178
5842826.22,21122,0.116,4.052,4.168
5842910.28,21121,0.132,3.976,4.108
5842932.16,21120,0.082,4.023,4.105
5842969.09,21122,0.083,3.958,4.041
5843017.78,21121,0.094,3.985,4.079
5843021.28,21120,0.063,4.169,4.232
5843025.42,21121,0.059,3.952,4.011
5843040.11,21122,1.057,4.007,5.064
5843046.79,21120,0.06,6.55,6.61
5843062.76,21121,0.07,4.062,4.132
5843072.79,21122,0.062,4.301,4.363
5843100.5,21120,0.093,4.153,4.247
5843110.13,21121,0.084,3.856,3.94
5843156.36,21122,2.087,4.227,6.313
5843161.29,21120,0.068,4.024,4.092
5843170.98,21121,2.217,3.917,6.134
5843180.35,21122,1.591,4.249,5.84
5843220.8,21120,0.071,4.026,4.097
5843226.52,21121,0.063,5.734,5.797
5843239.35,21122,0.073,6.108,6.181
5843251.14,21120,0.062,4.092,4.154
5843280.85,21121,0.143,4.054,4.197
5843297.25,21122,0.095,4.709,4.804
5843310.94,21120,3.761,4.016,7.777
5843328.13,21121,0.083,4.002,4.086
5843331.63,21122,0.089,3.965,4.053
5843344.16,21121,0.087,6.02,6.107
5843344.33,21120,0.061,4.211,4.272
5843386.49,21122,0.127,4.052,4.179
5843394.49,21121,0.127,4.145,4.272
5843423.21,21120,0.094,8.055,8.148
5843423.69,21122,0.062,4.479,4.541
5843429.1,21121,1.758,4.02,5.778
5843431.16,21120,2.381,4.086,6.467
5843458.14,21122,0.062,4.042,4.105
5843473.73,21121,0.058,3.985,4.043
5843480.24,21120,0.083,4.124,4.208
5843488.78,21122,0.058,6.666,6.723
5843509.63,21121,0.072,4.018,4.09
5843511.94,21120,0.054,4.116,4.17
5843517.05,21121,1.005,4.002,5.007
5843524.87,21122,0.071,4.008,4.079
5843555.53,21120,0.084,4.053,4.137
5843580.51,21121,0.142,4.021,4.163
5843586.35,21122,0.072,4.096,4.168
5843608.05,21120,0.084,3.993,4.077
5843654.1,21121,0.077,3.981,4.058
5843658.34,21122,0.053,4.091,4.145
5843677.62,21120,0.057,4.094,4.151
5843698.28,21121,0.078,3.958,4.036
5843751.18,21122,0.077,4.054,4.132
5843771.36,21120,0.07,4.057,4.127
5843859.42,21121,0.097,5.964,6.061
5843876.2,21122,0.07,4.074,4.144
5843894.14,21120,0.064,4.032,4.096
5843898.23,21121,0.25,3.983,4.233
5843975.62,21122,0.093,4.038,4.131
5843995.28,21120,0.076,4.161,4.237
5843999.98,21121,0.065,4.033,4.098
5844021.24,21122,0.062,4.03,4.092
5844031.24,21120,0.07,4.024,4.094
5844056.2,21121,0.07,4.079,4.148
5844059.48,21122,0.055,4.099,4.154
5844078.22,21121,2.032,4.135,6.167
5844078.25,21120,0.068,4.134,4.201
5844085.22,21122,0.059,4.127,4.186
5844098.15,21121,0.065,4.047,4.112
5844115.06,21120,0.074,4.087,4.161
5844117.8,21122,0.106,4.076,4.182
5844133.9,21121,0.069,4.12,4.189
5844189.39,21120,0.075,5.076,5.151
5844225.6,21122,0.078,4.085,4.163
5844236.67,21121,0.075,6.077,6.151
5844257.72,21120,0.072,4.992,5.065
5844275.09,21122,0.076,3.969,4.044
5844318.3,21121,0.083,4.196,4.28
5844348.14,21120,0.155,8.552,8.707
5844358.14,21122,2.064,4.018,6.082
5844431.29,21121,0.161,4.022,4.183
5844471.1,21120,0.12,3.905,4.024
5844482.81,21122,0.092,4.111,4.202
5844518.18,21121,0.095,4.034,4.13
5844569.95,21120,0.11,4.153,4.263
5844579.15,21122,0.075,4.018,4.094
5844588.15,21121,0.085,4.049,4.134
5844630.09,21120,1.384,3.964,5.348
5844634.38,21122,0.065,4.146,4.212
5844643.86,21121,0.099,4.099,4.198
5844658.37,21120,1.654,6.249,7.903
5844688.75,21120,0.048,4.016,4.064
5844690.32,21122,0.075,8.149,8.223
5844692.32,21121,0.053,7.82,7.873
5844696.13,21120,0.065,4.025,4.09
5844770.95,21121,0.096,7.802,7.897
5844773.37,21122,0.058,9.047,9.105
5844799.15,21120,0.087,4.008,4.095
5844872.32,21122,2.98,7.851,10.831
5844874.23,21121,0.062,7.003,7.065
5844938.52,21120,0.093,3.942,4.036
5844973.03,21121,0.07,3.964,4.034
5844974.64,21122,0.117,6.722,6.839
5844986.21,21120,0.074,4.095,4.168
5844998.16,21121,0.074,4.099,4.173
5845006.29,21122,0.052,4.195,4.247
5845020.36,21120,0.071,3.949,4.019
5845024.44,21121,0.058,3.961,4.019
5845045.38,21122,0.06,4.137,4.197
5845049.61,21120,0.05,4.082,4.132
5845059.86,21121,0.06,4.025,4.084
5845100.19,21122,0.164,3.976,4.14
5845112.0,21120,0.069,3.893,3.962
5845149.08,21121,1.365,4.013,5.378
5845162.52,21122,0.096,4.015,4.111
5845168.19,21120,0.071,4.08,4.15
5845170.75,21121,0.049,4.035,4.084
5845188.82,21122,0.08,4.182,4.262
5845202.12,21120,0.071,4.016,4.086
5845227.4,21121,0.091,3.993,4.084
5845236.13,21122,0.063,4.026,4.089
5845254.05,21120,0.071,4.033,4.104
5845268.97,21121,0.08,6.171,6.25
5845269.33,21122,0.1,4.05,4.15
5845275.3,21120,0.066,3.96,4.026
5845292.45,21121,1.233,4.179,5.413
5845367.25,21122,0.076,4.121,4.197
5845373.22,21120,1.784,4.105,5.89
5845374.4,21121,1.056,4.281,5.338
5845379.14,21122,0.059,4.041,4.1
5845384.45,21120,0.06,3.98,4.04
5845396.41,21121,0.085,4.358,4.444
5845464.02,21122,0.177,4.043,4.22
5845510.94,21120,0.114,3.984,4.098
5845525.79,21121,0.089,5.352,5.441
5845537.64,21122,0.13,3.952,4.082
5845544.13,21120,0.064,4.018,4.082
5845559.0,21121,0.081,4.025,4.106
5845607.57,21122,0.131,3.968,4.098
5845618.0,21120,0.074,4.079,4.153
5845635.37,21121,0.077,3.905,3.981
5845646.94,21122,0.067,7.502,7.569
5845692.28,21120,0.075,4.054,4.129
5845702.53,21121,0.092,4.273,4.365
5845715.2,21122,0.075,4.099,4.174
5845719.58,21120,0.061,4.057,4.118
5845728.87,21121,0.636,6.068,6.705
5845729.44,21122,0.057,4.024,4.081
5845777.88,21120,0.078,3.917,3.995
5845791.13,21121,0.074,4.008,4.082
5845796.39,21122,0.072,4.146,4.218
5845817.89,21120,0.064,3.934,3.999
5845863.76,21121,1.663,4.049,5.712
5845866.14,21122,2.396,4.067,6.464
5845870.4,21121,0.072,4.133,4.206
5845874.09,21120,0.06,3.99,4.05
5845889.04,21121,0.124,3.999,4.123
5845891.36,21122,0.058,4.065,4.123
5845906.07,21120,0.706,3.987,4.693
5845917.06,21121,0.074,5.069,5.143
5845925.16,21122,0.055,4.07,4.124
5845964.33,21120,0.056,4.093,4.149
5845992.06,21121,0.066,3.944,4.011
5845992.56,21122,0.057,4.112,4.17
5846013.97,21120,0.06,3.876,3.935
5846057.17,21121,0.229,3.968,4.197
5846159.24,21122,0.119,4.047,4.166
5846235.03,21120,0.148,4.026,4.174
5846445.25,21121,0.152,4.018,4.171
5846586.32,21122,0.137,4.111,4.248
5846749.77,21120,0.127,4.021,4.148
5846770.01,21121,0.134,3.926,4.06
5846844.15,21122,0.091,4.135,4.226
5846850.22,21120,0.064,4.109,4.173
5846953.64,21121,0.087,4.03,4.117
5846955.21,21122,0.057,4.077,4.134
5847085.6,21120,0.125,4.269,4.394
5847265.89,21121,0.161,4.079,4.24
5847288.26,21122,0.112,4.081,4.193
5847305.17,21120,0.078,4.13,4.208
5847315.28,21121,0.095,6.127,6.222
5847320.49,21122,0.059,4.044,4.102
5847331.65,21120,0.066,4.01,4.076
5847382.12,21121,0.095,3.972,4.067
5847391.63,21122,0.086,3.949,4.035
5847397.38,21120,0.067,4.124,4.192
5847430.57,21121,0.077,3.951,4.028
5847441.46,21122,0.06,3.966,4.026
5847470.52,21120,0.079,4.07,4.149
5847506.1,21121,0.157,4.292,4.449
5847508.65,21122,0.132,3.985,4.117
5847538.31,21120,0.099,4.048,4.146
5847559.23,21121,0.096,4.075,4.171
5847575.98,21122,0.073,4.148,4.221
5847580.26,21120,0.059,4.033,4.091
5847638.35,21121,1.622,4.256,5.878
5847644.12,21122,0.07,4.149,4.22
5847648.42,21120,0.053,3.971,4.025
5847663.03,21121,0.067,3.914,3.981
5847665.07,21122,0.05,3.981,4.032
5847669.26,21120,0.049,4.07,4.118
5847680.05,21121,0.055,5.974,6.029
5847693.29,21122,0.06,4.193,4.253
5847697.45,21120,0.052,4.055,4.106
5847752.92,21121,0.088,4.041,4.129
5847762.36,21122,0.087,4.018,4.105
5847766.61,21120,0.059,4.022,4.081
5847790.1,21121,3.025,4.034,7.06
5847793.49,21120,0.047,5.012,5.058
5847795.32,21122,2.895,8.237,11.132
5847805.34,21121,1.256,4.226,5.482
5847842.24,21120,0.079,4.119,4.198
5847874.04,21122,0.082,3.918,4.0
5847885.95,21121,0.071,6.052,6.123
5847888.35,21120,0.066,4.207,4.273
5847909.18,21122,6.06,4.077,10.137
5847949.25,21121,0.073,4.13,4.203
5847984.55,21120,0.078,4.202,4.28
5848000.44,21122,0.079,3.981,4.06
5848008.1,21121,0.702,4.026,4.728
5848026.25,21120,0.082,3.978,4.06
5848054.62,21122,0.071,4.146,4.218
5848058.94,21121,0.069,3.925,3.994
5848061.97,21120,0.054,3.972,4.026
5848076.1,21121,1.015,4.047,5.062
5848137.9,21122,0.09,4.282,4.372
5848187.72,21120,0.099,3.955,4.054
5848197.38,21121,0.085,4.1,4.185
5848220.75,21122,0.096,4.104,4.2
5848227.08,21120,0.073,6.005,6.078
5848231.48,21121,0.127,4.028,4.156
5848247.31,21122,0.103,5.056,5.16
5848252.7,21120,0.056,4.027,4.083
5848326.34,21122,0.054,4.212,4.266
5848327.15,21121,1.029,6.069,7.098
5848330.53,21120,0.064,4.064,4.128
5848374.54,21121,0.074,4.032,4.105
5848378.78,21122,0.074,4.051,4.126
5848394.46,21120,0.067,3.993,4.06
5848401.16,21121,0.076,6.402,6.478
5848428.12,21122,0.092,3.98,4.072
5848434.96,21120,0.069,4.022,4.09
5848491.65,21121,0.142,3.954,4.095
5848497.22,21122,0.062,4.11,4.171
5848501.51,21120,0.058,4.089,4.147
5848505.66,21121,0.058,4.026,4.085
5848552.89,21122,0.171,4.168,4.339
5848557.64,21120,0.131,4.193,4.324
5848576.21,21121,0.187,4.245,4.432
5848622.15,21120,0.06,5.035,5.095
5848625.34,21122,0.126,9.15,9.275
5848628.38,21121,1.039,5.296,6.335
5848640.16,21120,0.077,6.029,6.107
5848642.36,21122,2.565,4.287,6.851
5848647.47,21121,0.066,4.133,4.199
5848650.18,21120,0.05,4.096,4.146
5848666.24,21121,0.058,4.038,4.097
5848668.16,21122,0.045,4.068,4.113
5848672.4,21120,0.05,4.134,4.184
5848693.52,21121,0.061,4.055,4.117
5848712.14,21122,0.065,4.035,4.1
5848795.06,21120,0.08,4.151,4.231
5848799.88,21121,0.065,3.994,4.059
5848801.56,21122,0.058,4.148,4.206
5848847.95,21120,0.065,3.96,4.026
5848872.96,21121,1.756,4.037,5.792
5848901.07,21120,0.051,4.979,5.029
5848903.11,21122,0.085,9.997,10.082
5848908.39,21121,0.057,3.956,4.013
5848917.18,21120,0.069,6.072,6.141
5848922.9,21122,0.071,4.011,4.082
5848935.2,21121,0.49,4.12,4.61
5848953.36,21120,0.08,4.074,4.154
5848958.12,21122,0.068,4.086,4.154
5848994.08,21121,0.078,3.962,4.04
5849016.07,21120,0.072,3.957,4.03
5849024.13,21122,1.775,4.074,5.849
5849024.7,21121,0.052,3.985,4.037
5849039.24,21120,0.07,4.138,4.209
5849048.42,21122,0.069,4.113,4.182
5849048.95,21121,0.059,4.192,4.251
5849066.96,21120,0.079,4.073,4.152
5849076.06,21122,0.064,3.966,4.03
5849104.17,21121,0.061,4.064,4.125
5849116.39,21120,0.062,3.992,4.054
5849130.51,21122,0.054,4.082,4.136
5849133.11,21121,0.051,4.094,4.145
5849169.26,21120,2.079,4.134,6.213
5849239.1,21121,0.069,4.122,4.19
5849239.63,21122,0.162,5.226,5.388
5849257.36,21120,0.084,3.975,4.059
5849263.57,21121,0.065,4.15,4.215
5849293.16,21122,0.07,4.043,4.114
5849308.22,21120,0.975,4.097,5.072
5849314.15,21121,0.087,3.905,3.992
5849318.46,21122,0.066,4.028,4.094
5849340.38,21120,0.069,4.048,4.117
5849341.77,21121,0.064,4.085,4.149
5849346.44,21122,0.079,4.173,4.252
5849373.21,21120,2.069,4.096,6.165
5849375.09,21121,1.998,4.006,6.004
5849385.17,21120,0.121,5.998,6.119
5849385.39,21122,0.084,8.271,8.355
5849399.21,21121,0.121,4.045,4.166
5849455.21,21120,0.074,4.092,4.166
5849504.82,21122,0.112,4.065,4.177
5849507.34,21121,0.07,4.217,4.287
5849519.32,21120,0.073,6.089,6.162
5849521.6,21122,1.359,4.504,5.863
5849550.09,21121,0.074,3.97,4.044
5849556.25,21120,1.89,4.129,6.019
5849575.29,21122,0.157,5.595,5.752
5849580.82,21121,0.13,4.186,4.316
5849596.95,21120,0.163,8.254,8.417
5849597.19,21122,0.059,8.131,8.191
5849597.25,21121,0.056,3.883,3.939
5849637.23,21121,0.09,4.026,4.115
5849652.18,21122,1.055,4.07,5.125
5849715.81,21120,0.153,4.188,4.341
5849717.39,21121,0.067,4.061,4.128
5849720.42,21122,0.09,4.118,4.208
5849731.0,21121,1.409,3.903,5.312
5849763.81,21120,0.081,4.017,4.098
5849768.03,21122,0.062,4.089,4.151
5849778.69,21121,0.069,4.018,4.086
5849856.64,21120,0.083,4.117,4.2
5849897.57,21122,0.074,4.038,4.112
5849901.76,21121,0.097,3.994,4.091
5849926.03,21120,0.069,4.051,4.121
5849935.0,21122,0.067,4.079,4.146
5850059.72,21121,0.074,4.083,4.157
5850110.19,21120,0.093,6.066,6.159
5850225.9,21122,0.126,4.013,4.139
5850299.68,21121,0.116,6.49,6.606
5850422.36,21120,0.121,4.17,4.291
5850502.58,21122,0.137,4.117,4.254
5850610.25,21121,1.797,4.104,5.901
5850630.37,21120,0.137,4.14,4.277
5850690.26,21122,0.139,4.048,4.187
5850779.44,21121,0.124,5.81,5.934
5850785.87,21120,3.993,6.097,10.09
5850829.06,21122,0.109,6.076,6.185
5850839.83,21121,0.133,4.039,4.172
5850861.14,21120,1.059,4.03,5.089
5850874.13,21122,0.072,4.038,4.11
5851086.16,21121,0.105,5.065,5.17
5851113.22,21120,0.118,4.127,4.244
5851118.54,21122,0.086,4.085,4.17
5851140.19,21121,0.086,4.09,4.176
5851187.23,21120,0.073,4.1,4.172
5851197.61,21122,0.082,4.002,4.083
5851205.09,21121,0.729,4.021,4.75
5851235.31,21120,0.089,4.164,4.253
5851252.15,21122,0.081,4.088,4.168
5851283.07,21121,0.084,6.03,6.114
5851296.3,21120,0.064,4.075,4.139
5851337.46,21122,0.087,4.059,4.146
5851356.39,21121,0.25,4.097,4.346
5851360.08,21120,1.11,3.993,5.104
5851364.62,21122,0.055,4.051,4.106
5851366.3,21121,0.061,6.088,6.149
5851391.22,21120,0.074,3.996,4.07
5851410.83,21122,0.06,4.044,4.104
5851421.12,21121,0.078,4.081,4.159
5851456.16,21120,0.106,4.009,4.115
5851460.38,21122,0.052,4.114,4.167
5851471.46,21121,0.061,4.005,4.065
5851478.59,21120,0.073,4.154,4.227
5851484.14,21122,0.053,5.329,5.382
5851509.45,21121,0.081,3.987,4.068
5851523.02,21120,0.926,3.923,4.849
5851539.11,21122,0.096,4.092,4.188
5851550.6,21121,0.07,3.982,4.053
5851561.22,21120,0.065,3.943,4.008
5851573.15,21122,0.965,4.085,5.05
5851596.05,21121,0.077,3.934,4.011
5851600.15,21120,0.054,4.056,4.11
5851604.37,21122,0.106,4.029,4.135
5851614.09,21121,0.056,4.002,4.058
5851641.12,21120,0.124,3.916,4.04
5851650.97,21120,0.083,3.958,4.041
5851651.18,21122,1.75,8.087,9.837
5851651.38,21121,2.61,6.284,8.894
5851679.81,21120,0.132,4.143,4.275
5851698.61,21122,0.151,4.296,4.447
5851709.14,21121,0.072,4.02,4.092
5851751.0,21120,0.064,4.024,4.088
5851758.68,21122,0.096,5.957,6.053
5851770.4,21121,0.078,4.007,4.085
5851805.12,21120,0.068,4.009,4.077
5851809.21,21122,0.054,4.114,4.168
5851809.94,21120,0.051,4.033,4.084
5851821.17,21121,0.059,4.074,4.133
5851828.41,21122,0.066,4.056,4.123
5851834.66,21120,0.064,4.041,4.106
5851839.92,21122,0.06,3.888,3.948
5851842.93,21121,0.064,8.016,8.081
5851845.98,21120,0.074,4.126,4.2
5851901.04,21122,0.067,4.056,4.123
5851903.23,21121,0.047,5.042,5.089
5851923.12,21120,0.056,4.03,4.087
5851992.04,21122,1.025,3.957,4.983
5852045.11,21121,0.074,3.989,4.062
5852058.59,21120,0.066,3.957,4.023
5852089.83,21122,0.1,6.668,6.768
5852102.39,21121,0.065,4.042,4.107
5852140.08,21120,0.077,4.1,4.178
5852202.12,21122,0.09,7.975,8.065
5852202.22,21121,0.205,6.137,6.341
5852206.11,21120,0.058,4.066,4.125
5852226.1,21122,2.242,4.029,6.271
5852239.29,21121,0.059,3.878,3.937
5852277.12,21120,0.074,4.0,4.074
5852303.78,21122,0.075,7.053,7.128
5852304.99,21121,2.034,5.922,7.956
5852329.55,21120,0.087,4.055,4.142
5852333.84,21122,0.063,4.156,4.219
5852358.59,21121,0.074,4.007,4.081
5852380.3,21120,0.075,3.898,3.973
5852385.07,21122,0.063,4.618,4.681
5852416.2,21121,0.13,4.097,4.227
5852424.38,21120,1.262,4.079,5.341
5852439.2,21122,2.025,4.135,6.159
5852478.27,21121,0.078,6.33,6.408
5852492.9,21120,0.076,4.03,4.106
5852500.58,21122,0.122,4.069,4.19
5852509.37,21121,0.163,4.184,4.347
5852556.25,21120,0.111,4.062,4.172
5852567.82,21122,0.079,4.15,4.229
5852579.18,21121,0.088,4.038,4.126
5852597.81,21120,0.089,4.306,4.395
5852643.33,21122,0.172,6.532,6.703
5852674.21,21121,1.803,4.106,5.909
5852726.88,21120,0.161,4.025,4.186
5852761.78,21122,0.191,4.124,4.314
5852779.23,21121,0.175,4.107,4.282
5852815.19,21120,2.287,4.069,6.357
5852832.1,21122,0.104,3.99,4.093
5852909.21,21121,0.097,4.058,4.155
5853174.75,21120,0.151,3.952,4.102
5853185.05,21122,1.921,3.917,5.837
5853360.32,21121,0.138,4.11,4.248
5853395.53,21120,0.104,3.973,4.077
5853479.67,21122,0.105,4.123,4.228
5853559.72,21121,1.811,4.597,6.408
5853583.4,21120,0.087,4.26,4.347
5853705.18,21121,0.067,4.044,4.111
5853706.6,21122,0.231,8.399,8.63
5853715.67,21120,0.133,4.059,4.192
5853751.83,21121,0.238,5.093,5.33
5853766.56,21122,0.106,5.395,5.501
5853778.19,21120,0.075,4.057,4.132
5853787.97,21121,2.129,4.174,6.303
5853817.91,21122,0.077,4.076,4.153
5853835.57,21120,0.08,3.926,4.006
5853845.19,21121,0.076,6.075,6.151
5853871.49,21122,0.074,4.138,4.212
5853889.39,21120,0.069,4.075,4.144
5853896.31,21121,0.073,3.944,4.018
5853901.25,21122,0.062,4.185,4.247
5853907.98,21120,0.061,3.991,4.051
5853925.94,21121,0.058,4.093,4.151
5853941.58,21122,0.063,4.238,4.301
5853944.1,21120,0.058,4.009,4.066
5853963.81,21121,0.086,8.148,8.234
5853964.01,21122,0.06,7.941,8.001
5854005.29,21120,0.065,4.188,4.254
5854036.81,21121,0.079,4.018,4.098
5854056.21,21122,0.071,3.966,4.037
5854127.73,21120,0.078,3.996,4.074
5854134.23,21121,0.062,6.217,6.278
5854140.05,21122,0.077,4.107,4.184
5854158.93,21120,0.072,4.039,4.111
5854222.26,21121,1.945,4.143,6.089
5854255.84,21122,0.17,5.031,5.202
5854290.45,21120,2.069,4.321,6.39
5854325.35,21121,0.083,4.443,4.525
5854352.14,21122,0.091,3.989,4.081
5854431.17,21120,0.083,4.032,4.115
5854449.22,21121,0.086,5.473,5.559
5854459.28,21122,0.084,4.002,4.086
5854469.22,21120,2.05,4.125,6.175
5854491.8,21121,0.121,4.099,4.22
5854500.58,21122,0.09,4.033,4.122
5854505.97,21120,0.104,4.118,4.222
5854512.19,21121,2.019,4.125,6.144
5854559.31,21122,0.093,4.291,4.384
5854563.75,21120,0.063,4.29,4.352
5854572.06,21121,0.083,4.007,4.09
5854574.22,21122,0.052,4.1,4.152
5854580.12,21121,2.963,3.984,6.947
5854582.21,21120,3.616,6.11,9.726
5854584.31,21122,6.106,4.245,10.351
5854590.12,21121,0.056,4.026,4.082
5854602.09,21120,0.078,4.088,4.165
5854606.75,21122,0.052,4.089,4.141
5854622.99,21121,0.962,3.921,4.883
5854671.61,21120,0.129,4.04,4.169
5854683.38,21122,0.122,4.172,4.294
5854694.16,21121,2.043,4.063,6.106
5854717.08,21120,2.032,3.999,6.031
5854735.85,21122,0.057,6.04,6.097
5854738.12,21121,0.067,4.958,5.025
5854742.26,21120,0.097,4.12,4.218
5854768.6,21121,0.191,4.311,4.501
5854794.25,21122,0.121,4.075,4.197
5854800.65,21120,0.133,4.124,4.257
5854805.25,21121,0.079,4.124,4.203
5854869.85,21122,0.097,4.033,4.13
5854876.01,21120,0.103,4.346,4.448
5854894.23,21121,0.077,4.119,4.196
5854898.51,21122,0.059,4.135,4.193
5854904.07,21120,1.455,4.003,5.458
5854912.17,21121,0.054,4.083,4.137
5854939.7,21122,0.072,4.277,4.349
5854976.15,21120,0.089,3.949,4.038
5854983.11,21121,0.057,4.012,4.069
5855051.98,21122,0.069,3.949,4.018
5855062.13,21120,0.082,3.981,4.063
5855071.2,21121,0.091,6.019,6.11
5855094.12,21122,0.068,4.012,4.081
5855109.99,21120,0.093,4.24,4.333
5855144.53,21121,0.07,4.023,4.093
5855190.07,21122,0.088,4.157,4.245
5855196.06,21120,0.067,3.902,3.97
5855233.76,21121,0.432,5.23,5.661
5855251.09,21122,0.093,4.11,4.204
5855254.86,21120,0.098,3.941,4.039
5855271.2,21121,0.063,4.1,4.163
5855285.88,21122,0.075,4.103,4.177
5855317.89,21120,0.073,4.008,4.081
5855333.19,21121,0.079,4.062,4.141
5855355.45,21122,0.079,4.065,4.144
5855373.47,21120,0.08,3.988,4.068
5855400.45,21121,0.108,4.162,4.27
5855426.03,21122,0.082,3.899,3.981
5855482.12,21120,0.117,4.915,5.032
5855491.38,21121,0.14,4.22,4.36
5855509.24,21122,0.1,3.955,4.056
5855518.94,21120,0.075,4.037,4.112
5855523.92,21121,0.072,4.007,4.079
5855539.19,21122,1.732,4.032,5.764
5855577.13,21120,0.107,4.022,4.129
5855717.48,21121,0.266,4.032,4.298
5855809.25,21122,2.123,4.052,6.175
5855849.82,21120,0.117,4.242,4.359
5855881.89,21121,0.151,4.043,4.194
5855902.11,21122,0.082,3.977,4.059
5855943.16,21120,0.087,4.017,4.104
5855985.52,21121,1.264,4.195,5.459
5856013.22,21122,0.081,4.096,4.178
5856015.57,21120,0.066,4.355,4.421
5856045.41,21121,0.093,4.05,4.143
5856080.18,21122,0.082,4.049,4.131
5856100.58,21120,0.062,4.003,4.065
5856116.16,21121,1.664,4.063,5.727
5856122.8,21122,0.068,4.015,4.083
5856136.71,21120,0.064,4.001,4.065
5856191.33,21121,0.092,4.198,4.29
5856197.55,21122,0.085,4.087,4.172
5856204.25,21120,0.069,4.005,4.073
5856222.31,21121,0.074,4.068,4.142
5856253.14,21122,0.067,4.03,4.097
5856287.09,21120,0.144,4.07,4.213
5856340.44,21121,0.134,6.246,6.38
5856342.3,21122,0.056,4.462,4.518
5856351.64,21120,0.066,4.007,4.073
5856355.86,21121,0.076,4.053,4.129
5856371.11,21122,0.066,6.357,6.422
5856392.2,21120,0.071,4.085,4.156
5856401.65,21121,0.078,4.019,4.097
5856416.14,21122,0.065,4.019,4.084
5856418.09,21120,0.052,4.006,4.058
5856435.49,21121,0.097,4.053,4.15
5856448.76,21122,0.075,4.082,4.157
5856449.29,21120,0.059,4.187,4.247
5856457.12,21121,0.068,4.014,4.082
5856467.07,21122,0.063,3.967,4.031
5856473.12,21120,0.085,3.996,4.081
5856496.69,21121,0.064,4.581,4.644
5856560.6,21122,0.08,4.043,4.124
5856594.1,21120,0.079,3.975,4.054
5856606.56,21121,0.083,4.203,4.286
5856625.3,21122,0.077,4.177,4.254
5856642.92,21120,0.073,4.189,4.262
5856692.33,21121,0.152,4.085,4.236
5856721.01,21122,0.1,4.125,4.225
5856726.0,21120,0.089,4.004,4.092
5856731.11,21121,0.083,7.198,7.281
5856732.31,21122,0.061,5.214,5.275
5856744.12,21120,1.553,4.029,5.582
5856751.51,21121,0.06,4.07,4.13
5856778.96,21122,0.072,4.142,4.214
5856784.38,21120,1.057,4.29,5.347
5856816.1,21121,0.067,4.094,4.16
5856820.24,21122,0.063,4.013,4.075
5856833.73,21120,0.129,4.097,4.226
5856874.26,21121,0.157,4.027,4.184
5856888.62,21122,0.091,4.002,4.093
5856894.89,21120,0.082,6.103,6.186
5856904.0,21121,0.079,4.04,4.119
5856908.3,21122,0.066,4.036,4.102
5856926.15,21120,0.073,4.002,4.074
5856936.62,21121,0.066,4.135,4.201
5856944.05,21122,0.092,4.154,4.246
5856962.74,21120,0.08,5.61,5.691
5856982.87,21121,0.066,4.145,4.211
5856995.19,21122,3.991,4.128,8.119
5857020.36,21120,0.085,4.111,4.195
5857041.57,21121,0.165,4.06,4.225
5857072.5,21122,0.152,4.127,4.278
5857095.23,21120,0.066,4.119,4.185
5857131.31,21121,2.024,4.245,6.269
5857155.81,21122,0.087,6.354,6.441
5857199.25,21120,0.078,4.05,4.128
5857204.11,21121,0.747,4.049,4.796
5857216.43,21122,0.064,3.999,4.063
5857235.82,21120,0.097,4.13,4.227
5857242.83,21121,0.098,4.194,4.292
5857248.1,21122,0.073,3.992,4.065
5857259.25,21120,0.07,5.025,5.096
5857284.76,21121,1.612,4.109,5.721
5857289.04,21122,0.057,4.169,4.226
5857305.2,21120,2.027,4.121,6.148
5857307.02,21121,0.061,4.056,4.116
5857322.7,21122,0.064,4.107,4.171
5857327.97,21120,0.068,4.032,4.1
5857396.87,21121,0.081,3.976,4.057
5857423.2,21122,0.087,4.032,4.119
5857445.2,21120,2.046,4.077,6.123
5857453.1,21121,0.111,3.954,4.065
5857467.16,21122,0.068,4.044,4.112
5857501.17,21120,1.051,6.087,7.137
5857511.15,21121,0.059,4.048,4.107
5857524.73,21122,0.067,4.012,4.08
5857533.18,21120,0.058,4.082,4.14
5857540.85,21121,0.061,4.024,4.085
5857551.78,21122,0.074,3.981,4.055
5857601.36,21120,0.093,6.207,6.301
5857606.96,21121,0.078,3.996,4.074
5857624.16,21122,0.068,4.195,4.263
5857633.21,21120,1.472,4.111,5.582
5857669.13,21121,4.029,4.048,8.077
5857679.92,21122,0.076,4.361,4.436
5857683.26,21120,0.249,4.139,4.388
5857688.43,21121,0.077,4.09,4.168
5857704.05,21122,0.068,3.942,4.01
5857715.16,21120,0.061,6.049,6.11
5857729.32,21121,0.053,4.042,4.094
5857743.46,21122,0.055,4.166,4.221
5857751.61,21120,0.059,4.171,4.23
5857758.82,21121,0.064,4.061,4.125
5857788.15,21122,0.116,4.218,4.334
5857828.91,21120,0.107,5.963,6.07
5857831.5,21121,0.082,4.002,4.083
5857843.25,21122,0.072,4.062,4.133
5857876.76,21120,0.15,4.184,4.334
5857901.59,21121,0.138,4.015,4.152
5857909.13,21122,0.087,3.987,4.074
5857935.15,21120,0.085,4.008,4.093
5857942.25,21121,0.054,4.125,4.179
5858006.81,21122,0.088,4.163,4.251
5858024.6,21120,0.082,4.069,4.152
5858032.52,21121,0.075,4.071,4.145
5858036.83,21122,0.064,4.028,4.091
5858131.33,21120,0.086,4.187,4.273
5858164.73,21121,0.082,4.046,4.129
5858168.92,21122,0.061,4.064,4.124
5858206.08,21120,0.083,3.94,4.023
5858215.5,21121,0.067,4.115,4.182
5858224.03,21122,0.068,4.154,4.222
5858228.41,21120,0.266,4.057,4.324
5858251.58,21121,0.068,4.097,4.165
5858262.17,21122,0.056,4.081,4.137
5858297.89,21120,0.075,3.946,4.022
5858346.26,21121,0.067,4.147,4.214
5858369.54,21122,0.063,3.962,4.025
5858405.87,21120,0.08,3.903,3.983
5858415.21,21121,0.051,4.12,4.171
5858421.88,21122,0.049,4.026,4.075
5858454.1,21120,1.941,4.006,5.947
5858457.18,21121,0.069,4.071,4.14
5858510.52,21120,0.206,3.979,4.185
5858512.1,21122,0.091,4.123,4.215
5858557.05,21121,0.088,3.982,4.07
5858566.04,21120,1.03,3.944,4.974
5858582.03,21122,0.061,4.084,4.145
5858609.24,21121,0.084,4.101,4.185
5858610.17,21120,0.056,4.029,4.085
5858672.14,21122,0.108,4.316,4.424
5858690.41,21121,0.079,5.972,6.051
5858736.36,21120,0.103,4.192,4.295
5858768.62,21122,0.101,8.033,8.135
5858768.72,21121,0.284,6.632,6.917
5858808.92,21120,0.1,4.085,4.185
5858811.67,21122,0.104,4.064,4.167
5858883.2,21121,0.076,4.072,4.147
5858948.31,21120,0.145,4.083,4.227
5858966.31,21122,0.1,4.146,4.246
5858988.12,21121,0.102,4.175,4.276
5859036.24,21120,0.084,5.095,5.179
5859078.3,21122,0.082,4.163,4.246
5859089.87,21121,0.064,4.044,4.108
5859218.2,21120,0.14,4.059,4.199
5859258.22,21122,0.122,4.151,4.274
5859302.79,21121,0.106,6.468,6.574
5859317.14,21120,1.589,3.998,5.587
5859319.98,21122,0.086,4.005,4.091
5859483.4,21120,0.108,5.015,5.123
5859675.24,21121,0.146,4.024,4.17
5859720.22,21122,0.15,3.992,4.142
5859751.94,21120,0.12,4.168,4.288
5859780.17,21121,0.921,4.053,4.974
5859863.23,21122,4.156,4.074,8.231
5859869.27,21120,0.102,4.107,4.209
5859874.56,21121,0.075,5.1,5.175
5859941.85,21122,0.195,4.087,4.282
5859952.73,21120,0.081,4.145,4.226
5859964.24,21121,0.157,4.115,4.273
5860007.68,21122,0.15,3.969,4.119
5860023.3,21120,0.102,4.126,4.228
5860115.49,21121,0.133,6.127,6.26
5860126.74,21122,0.21,6.28,6.49
5860162.02,21120,0.084,4.159,4.243
5860245.57,21121,0.41,4.092,4.502
5860360.38,21122,0.102,4.052,4.155
5860368.22,21120,0.088,4.074,4.163
5860490.25,21121,0.114,4.091,4.205
5860499.55,21122,0.126,7.333,7.459
5860564.9,21120,0.107,4.069,4.176
5860570.77,21121,0.085,5.68,5.766
5860574.19,21122,0.059,4.083,4.143
5860605.88,21121,0.082,3.973,4.054
5860685.79,21120,0.088,4.096,4.185
5860781.48,21122,0.102,3.988,4.09
5860837.19,21121,1.088,6.034,7.121
5860852.33,21120,0.104,4.163,4.267
5860939.43,21122,0.121,3.984,4.105
5861021.4,21121,0.154,6.159,6.313
5861025.76,21120,0.091,4.062,4.153
5861088.97,21122,2.723,4.131,6.854
5861113.3,21121,0.183,4.039,4.221
5861145.23,21120,0.095,4.069,4.164
5861149.55,21122,0.139,4.074,4.213
5861175.17,21121,0.081,5.288,5.369
5861175.84,21120,0.072,3.995,4.067
5861230.38,21122,0.176,4.16,4.336
5861279.35,21121,1.899,4.193,6.092
5861341.8,21120,0.147,4.091,4.238
5861352.17,21122,1.0,4.106,5.105
5861536.24,21121,1.6,4.122,5.723
5861536.34,21120,1.254,4.123,5.377
5861558.93,21122,0.112,4.013,4.124
5861709.38,21121,0.167,4.198,4.365
5861716.77,21120,0.098,3.995,4.093
5861733.22,21121,3.28,6.13,9.409
5861733.45,21122,2.037,8.375,10.411
5861800.64,21120,0.091,4.085,4.176
5861814.57,21121,1.959,4.349,6.307
5861828.28,21122,0.081,4.247,4.329
5861847.17,21120,0.078,4.038,4.116
5861874.67,21121,0.08,5.195,5.276
5861987.22,21122,0.17,4.185,4.355
5862037.28,21120,0.116,4.102,4.218
5862061.33,21121,0.136,4.166,4.302
5862069.01,21122,0.159,4.052,4.211
5862081.43,21120,0.145,4.197,4.342
5862226.87,21121,0.137,4.049,4.186
5862241.99,21122,0.111,3.937,4.048
5862250.68,21120,0.111,4.18,4.291
5862257.05,21121,2.288,4.008,6.296
5862279.27,21122,0.088,3.992,4.081
5862281.21,21120,0.056,4.08,4.137
5862301.66,21122,0.059,3.949,4.008
5862301.69,21121,0.103,4.006,4.109
5862313.01,21120,0.086,4.121,4.207
5862352.15,21122,0.096,6.003,6.098
5862356.33,21121,0.052,6.251,6.302
5862424.97,21120,0.077,4.102,4.179
5862430.15,21122,1.042,4.056,5.098
5862444.45,21121,0.089,3.976,4.065
5862445.55,21120,0.088,4.126,4.214
5862451.01,21122,0.064,3.982,4.046
5862469.67,21121,0.067,4.032,4.099
5862490.49,21120,0.07,4.368,4.438
5862532.18,21122,0.12,6.001,6.121
5862557.34,21121,0.088,3.977,4.065
5862562.81,21120,0.088,5.179,5.267
5862589.17,21122,0.09,4.035,4.125
5862595.12,21121,0.061,4.111,4.173
5862599.29,21120,0.056,4.065,4.121
5862605.18,21122,0.053,4.095,4.148
5862617.0,21121,0.057,3.963,4.02
5862637.17,21120,0.067,4.062,4.129
5862647.83,21122,0.064,4.063,4.127
5862659.56,21121,0.056,4.113,4.169
5862672.15,21120,0.106,4.054,4.16
5862685.14,21122,0.069,4.029,4.098
5862699.6,21121,0.065,4.129,4.194
5862707.68,21120,0.129,4.14,4.27
5862714.65,21122,0.082,4.114,4.196
5862728.12,21121,1.535,4.039,5.574
5862732.26,21120,0.05,4.009,4.059
5862746.26,21122,0.063,4.062,4.125
5862752.16,21121,0.05,4.178,4.228
5862761.04,21120,0.061,3.939,4.001
5862768.24,21122,0.071,3.923,3.994
5862842.52,21121,0.074,4.232,4.305
5862886.36,21120,0.099,4.209,4.308
5862929.32,21122,0.101,4.054,4.155
5862937.61,21121,0.174,4.018,4.192
5862945.28,21120,0.067,4.023,4.09
5862951.43,21122,0.056,6.027,6.083
5862967.4,21121,0.071,4.28,4.351
5862986.55,21120,0.081,4.22,4.301
5863025.16,21122,0.104,4.143,4.247
5863033.35,21121,0.081,7.222,7.303
5863034.92,21120,0.083,4.425,4.509
5863037.73,21122,0.059,6.056,6.115
5863057.13,21121,1.165,4.062,5.227
5863092.49,21120,0.116,4.181,4.297
5863122.76,21122,0.141,4.532,4.673
5863132.92,21121,1.453,4.119,5.572
5863139.58,21120,0.084,4.035,4.12
5863141.39,21122,0.089,4.223,4.313
5863145.69,21121,0.066,4.128,4.195
5863156.07,21120,0.077,3.938,4.015
5863167.15,21122,0.081,4.015,4.096
5863180.3,21121,0.106,4.041,4.147
5863194.11,21120,0.074,3.996,4.07
5863204.21,21122,0.067,4.093,4.16
5863215.64,21121,0.065,4.125,4.191
5863225.24,21120,0.092,4.1,4.192
5863284.37,21122,0.086,3.978,4.065
5863291.17,21121,0.916,4.1,5.016
5863318.89,21120,0.067,4.117,4.184
5863323.65,21122,0.054,4.084,4.139
5863365.58,21121,0.09,6.194,6.284
5863374.12,21120,2.046,4.033,6.079
5863378.24,21122,0.055,3.988,4.043
5863384.25,21121,0.06,4.146,4.206
5863396.32,21120,0.054,4.23,4.283
5863400.63,21122,0.053,4.02,4.074
5863437.66,21121,0.081,7.646,7.727
5863438.33,21120,0.056,5.795,5.851
5863441.39,21122,0.055,4.043,4.098
5863550.08,21121,1.093,3.941,5.034
5863563.15,21120,2.301,4.076,6.377
5863603.85,21122,0.109,6.047,6.156
5863629.18,21121,0.09,5.725,5.815
5863666.07,21120,1.631,3.987,5.618
5863674.14,21122,0.071,4.02,4.091
5863720.28,21121,0.13,3.978,4.108
5863741.17,21120,0.07,5.065,5.136
5863823.24,21122,0.089,3.899,3.988
5863867.1,21121,0.095,4.081,4.176
5863904.27,21120,2.11,4.073,6.183
5863939.5,21122,0.121,4.051,4.173
5863970.86,21121,0.686,4.113,4.799
5863985.58,21120,0.914,4.491,5.404
5864071.72,21122,0.081,4.09,4.171
5864081.53,21121,0.073,3.995,4.068
5864100.95,21120,0.092,4.072,4.164
5864283.6,21122,0.177,4.005,4.182
5864354.09,21121,0.839,4.183,5.022
5864423.92,21120,0.104,4.16,4.264
5864430.93,21122,0.088,4.02,4.108
5864466.92,21121,0.151,4.098,4.249
5864564.3,21120,0.105,4.105,4.209
5864602.11,21122,0.111,4.029,4.14
5864628.42,21121,0.098,4.138,4.236
5864658.09,21120,0.087,3.955,4.041
5864690.39,21122,0.083,4.12,4.203
5864693.13,21121,0.089,4.567,4.656
5864806.18,21120,0.122,3.98,4.101
5864813.54,21122,0.083,6.054,6.137
5864910.02,21121,0.136,4.094,4.23
5865009.32,21120,0.116,4.136,4.252
5865015.02,21122,1.531,3.923,5.454
5865062.3,21121,0.094,4.147,4.241
5865130.2,21120,0.385,6.088,6.474
5865283.84,21122,0.15,4.094,4.245
5865354.27,21121,0.244,6.087,6.331
5865425.51,21120,0.119,4.324,4.443
5865455.29,21122,1.076,4.155,5.231
5865491.86,21121,0.093,4.029,4.122
5865496.71,21120,0.066,4.199,4.265
5865508.76,21122,0.076,4.147,4.223
5865605.52,21121,0.104,4.219,4.324
5865727.23,21120,0.108,4.024,4.132
5865746.3,21122,0.087,4.19,4.277
5865757.2,21121,0.073,6.186,6.259
5865815.06,21120,0.092,4.289,4.381
5865950.47,21122,0.255,4.029,4.283
5866005.35,21121,0.16,4.349,4.51
5866021.43,21120,0.073,4.302,4.375
5866026.63,21122,0.065,4.123,4.189
5866033.96,21121,0.081,4.1,4.181
5866260.44,21120,0.153,4.183,4.336
5866326.12,21122,0.135,4.203,4.338
5866396.28,21121,3.123,4.042,7.165
5866419.26,21120,2.053,4.143,6.196
5866449.13,21122,0.162,4.014,4.176
5866474.59,21121,0.114,4.134,4.248
5866486.18,21120,0.104,4.013,4.117
5866602.32,21122,0.171,6.202,6.373
5866618.26,21121,0.113,4.087,4.2
5866634.46,21120,0.089,4.306,4.395
5866653.48,21122,0.101,4.077,4.179
5866660.08,21121,0.067,3.973,4.039
5866676.33,21120,0.083,4.188,4.272
5866748.52,21122,0.09,4.169,4.259
5866818.05,21121,0.086,3.917,4.003
5866850.87,21120,0.138,4.004,4.141
5866918.2,21122,0.115,5.022,5.137
5866923.07,21121,0.068,3.956,4.024
5866941.9,21120,0.184,4.654,4.838
5866984.98,21122,0.179,6.21,6.389
5866999.15,21121,0.091,3.999,4.09
5867014.15,21120,0.068,4.021,4.089
5867022.2,21122,0.067,4.094,4.162
5867227.25,21121,0.107,4.083,4.19
5867267.89,21120,0.151,4.116,4.268
5867307.19,21122,1.583,4.01,5.593
5867441.61,21121,0.174,4.095,4.268
5867450.12,21120,0.088,3.971,4.059
5867460.55,21122,0.079,7.988,8.067
5867460.8,21121,0.088,5.593,5.681
5867474.11,21120,0.075,7.044,7.119
5867484.06,21122,0.074,4.835,4.909
5867490.02,21121,0.127,4.259,4.386
5867504.76,21120,0.081,4.0,4.081
5867524.01,21122,2.002,3.958,5.96
5867535.13,21121,0.062,4.03,4.092
5867537.42,21120,0.062,3.991,4.053
5867543.67,21122,0.059,6.001,6.059
5867545.78,21121,1.768,5.726,7.494
5867554.82,21120,0.062,4.038,4.101
5867559.11,21122,0.075,4.016,4.091
5867576.14,21121,0.057,4.053,4.11
5867654.72,21120,0.098,6.169,6.267
5867661.21,21122,0.068,3.982,4.051
5867672.16,21121,0.07,4.049,4.12
5867680.16,21120,0.07,4.051,4.121
5867702.07,21122,1.025,4.007,5.032
5867712.14,21121,0.065,4.037,4.102
5867729.73,21120,0.063,3.949,4.013
5867735.23,21122,0.072,4.123,4.195
5867751.15,21121,0.072,6.045,6.117
5867759.93,21120,0.058,4.161,4.219
5867767.27,21122,0.054,4.177,4.23
5867789.11,21121,0.067,3.987,4.055
5867822.22,21120,0.092,4.121,4.213
5867830.88,21122,0.083,7.165,7.248
5867833.18,21121,0.08,4.89,4.97
5867838.37,21120,0.062,4.389,4.451
5867858.19,21122,1.017,4.125,5.142
5867865.79,21121,0.055,4.696,4.751
5867882.86,21120,0.058,3.975,4.032
5867887.87,21122,0.067,4.135,4.201
5867896.24,21121,0.066,3.959,4.025
5867938.7,21120,0.077,3.964,4.04
5867947.08,21122,0.078,4.204,4.282
5867963.13,21121,0.077,4.007,4.084
5867967.27,21120,0.057,4.164,4.22
5867975.24,21122,0.061,4.049,4.111
5867980.89,21121,0.058,3.892,3.95
5867985.97,21120,0.085,4.224,4.309
5868024.8,21122,0.087,3.94,4.026
5868092.58,21121,0.083,3.998,4.081
5868130.22,21120,0.087,4.087,4.174
5868135.4,21122,0.08,5.038,5.117
5868151.12,21121,0.061,4.026,4.086
5868160.6,21120,0.075,4.018,4.093
5868168.21,21122,0.061,4.104,4.165
5868174.14,21121,0.051,4.059,4.111
5868180.99,21120,0.065,3.99,4.054
5868190.75,21122,0.081,4.082,4.163
5868212.28,21121,0.26,4.099,4.359
5868241.27,21120,0.11,6.357,6.468
5868294.27,21121,2.24,6.145,8.385
5868294.49,21122,1.902,8.526,10.428
5868312.41,21120,0.105,4.074,4.179
5868340.09,21121,0.131,4.07,4.201
5868347.73,21122,0.105,4.012,4.117
5868354.09,21120,0.077,6.091,6.168
5868360.94,21121,0.064,3.983,4.046
5868367.34,21122,0.051,4.145,4.196
5868379.79,21120,0.066,4.088,4.153
5868386.75,21121,0.081,4.023,4.103
5868396.16,21122,0.059,4.06,4.119
5868401.16,21120,0.876,4.073,4.949
5868407.3,21121,0.053,4.029,4.081
5868429.89,21122,0.097,4.143,4.24
5868434.31,21120,0.084,3.994,4.078
5868435.27,21121,0.089,4.072,4.161
5868441.1,21122,0.065,4.066,4.131
5868487.18,21120,2.025,4.107,6.132
5868499.34,21121,0.069,4.1,4.169
5868520.39,21122,0.079,4.063,4.142
5868540.74,21120,0.072,4.032,4.105
5868590.56,21121,0.091,4.011,4.103
5868603.8,21122,0.103,4.287,4.389
5868624.16,21120,1.686,6.037,7.723
5868654.31,21121,0.075,5.182,5.258
5868670.82,21122,0.078,4.037,4.115
5868748.54,21120,0.092,4.004,4.096
5868752.94,21121,0.095,4.085,4.18
5868784.34,21122,0.134,5.842,5.976
5868785.94,21120,0.067,4.614,4.681
5868816.44,21121,0.089,4.152,4.241
5868823.22,21122,0.084,4.016,4.1
5868841.03,21120,0.073,3.908,3.982
5868850.91,21121,0.064,4.13,4.195
5868870.23,21122,0.062,4.128,4.19
5868878.31,21120,0.088,4.152,4.24
5868884.17,21121,1.682,4.117,5.799
5868897.92,21122,0.094,4.118,4.212
5868897.97,21120,0.063,3.982,4.045
5868921.15,21122,0.045,6.04,6.084
5868921.22,21121,0.07,8.242,8.312
5868929.51,21120,0.077,4.001,4.078
5868954.5,21122,0.077,4.137,4.214
5868967.26,21121,0.064,4.153,4.217
5868972.02,21120,0.056,4.099,4.156
5869067.41,21122,0.111,4.234,4.345
5869184.24,21121,0.106,4.067,4.173
5869208.51,21120,0.076,4.368,4.444
5869277.27,21122,0.171,4.162,4.333
5869345.32,21121,0.123,4.001,4.124
5869359.59,21120,0.128,4.246,4.374
5869484.55,21122,0.187,4.171,4.358
5869490.47,21121,0.129,4.048,4.176
5869539.24,21120,0.097,4.084,4.181
5869621.16,21122,0.753,4.0,4.753
5869661.28,21121,0.126,3.982,4.108
5869691.61,21120,0.11,4.076,4.186
5869697.11,21122,0.186,5.172,5.357
5869776.71,21121,0.108,4.923,5.031
5869779.61,21120,0.075,4.089,4.165
5869806.16,21122,1.664,4.071,5.735
5869815.23,21121,0.072,3.934,4.006
5869836.55,21120,0.093,4.046,4.14
5869853.01,21121,1.333,3.941,5.274
5869853.62,21122,0.079,8.072,8.15
5869890.09,21120,0.077,3.966,4.044
5869903.19,21122,0.05,6.192,6.243
5869903.96,21120,0.067,4.068,4.135
5869904.39,21121,0.094,8.517,8.611
5869925.13,21122,1.024,4.066,5.09
5869950.62,21121,0.078,3.981,4.059
5869954.56,21120,0.059,3.987,4.047
5869997.28,21121,0.09,4.043,4.133
5870024.1,21122,0.07,3.988,4.058
5870030.3,21120,0.071,4.063,4.135
5870036.25,21121,0.072,4.039,4.112
5870051.44,21122,0.072,4.03,4.102
5870091.41,21120,0.073,3.994,4.067
5870105.68,21121,0.065,4.127,4.193
5870115.08,21122,0.064,3.979,4.044
5870117.07,21120,0.052,3.951,4.003
5870135.25,21121,0.072,8.284,8.356
5870136.12,21122,0.08,5.109,5.189
5870151.19,21120,0.063,4.088,4.152
5870169.21,21121,0.108,4.139,4.247
5870179.14,21122,0.076,4.017,4.093
5870181.18,21120,0.056,4.052,4.109
5870191.1,21122,2.049,4.018,6.067
5870204.76,21121,0.064,3.987,4.051
5870214.27,21120,1.054,4.218,5.271
5870228.32,21122,0.103,6.153,6.255
5870236.88,21121,0.103,4.086,4.189
5870276.54,21120,0.2,4.167,4.366
5870282.82,21122,0.156,4.198,4.355
5870284.39,21121,0.079,4.997,5.076
5870288.79,21120,0.5,4.251,4.751
5870302.09,21122,0.063,4.109,4.172
5870315.12,21121,3.051,4.031,7.081
5870340.72,21120,0.088,4.175,4.263
5870389.28,21122,2.005,4.104,6.109
5870419.31,21121,0.172,4.116,4.288
5870423.68,21120,0.12,4.037,4.157
5870454.19,21122,0.086,4.055,4.142
5870471.19,21121,0.063,4.091,4.154
5870477.92,21120,0.057,4.113,4.17
5870491.18,21122,1.163,4.085,5.247
5870511.63,21121,0.077,4.142,4.219
5870568.51,21120,0.07,4.017,4.088
5870579.34,21122,0.064,4.121,4.185
5870612.25,21121,0.091,4.116,4.206
5870620.2,21120,0.055,6.112,6.167
5870633.42,21122,0.063,4.073,4.136
5870650.04,21121,0.072,3.928,4.0
5870688.93,21120,0.077,3.923,4.0
5870696.79,21122,0.105,4.066,4.171
5870727.1,21121,3.039,4.015,7.054
5870731.31,21120,0.054,3.94,3.993
5870738.35,21122,0.065,4.168,4.233
5870746.86,21121,0.061,4.084,4.145
5870752.17,21120,0.05,4.081,4.131
5870756.88,21122,0.051,4.082,4.134
5870818.94,21121,0.072,3.937,4.009
5870822.33,21120,0.065,4.016,4.081
5870842.46,21121,0.108,4.089,4.198
5870850.89,21122,0.381,4.246,4.627
5870864.83,21120,0.062,5.978,6.039
5870871.18,21121,0.091,4.047,4.138
5870920.14,21122,0.12,3.972,4.092
5870933.95,21120,0.062,4.112,4.173
5870960.16,21121,0.08,8.029,8.109
5870960.34,21122,0.802,6.255,7.057
5870976.37,21120,0.075,4.246,4.321
5871007.77,21121,0.095,3.96,4.056
5871029.12,21122,0.073,4.01,4.082
5871034.52,21120,0.07,4.292,4.362
5871044.23,21121,2.019,6.16,8.178
5871046.51,21122,0.088,4.495,4.583
5871112.15,21120,0.076,4.022,4.099
5871114.87,21121,0.108,4.088,4.196
5871133.49,21122,0.083,3.952,4.035
5871179.48,21120,0.087,4.107,4.194
5871197.26,21121,0.095,4.001,4.097
5871226.06,21122,0.08,4.011,4.092
5871242.16,21120,0.087,5.874,5.961
5871260.22,21121,0.087,3.986,4.072
5871281.03,21122,0.067,3.982,4.049
5871285.22,21120,0.06,4.028,4.089
5871286.66,21121,0.051,4.044,4.094
5871294.68,21122,0.053,4.01,4.063
5871306.14,21120,0.052,6.047,6.099
5871321.58,21121,0.063,4.096,4.159
5871382.28,21122,0.111,4.125,4.236
5871447.18,21120,2.045,4.035,6.08
5871467.24,21121,0.149,4.028,4.176
5871473.25,21120,0.086,4.136,4.223
5871474.19,21122,0.085,6.057,6.142
5871476.32,21121,2.82,4.253,7.072
5871496.05,21120,0.071,3.934,4.006
5871524.34,21122,0.09,4.193,4.283
5871535.61,21121,0.07,4.046,4.116
5871544.26,21120,0.084,4.073,4.156
5871573.26,21122,0.097,4.118,4.214
5871579.19,21121,0.075,4.069,4.144
5871609.21,21120,0.081,4.079,4.159
5871610.08,21122,0.074,4.092,4.167
5871621.26,21121,0.08,4.134,4.214
5871631.16,21120,4.021,4.1,8.121
5871654.16,21122,0.081,4.1,4.181
5871663.07,21121,0.075,3.956,4.031
5871695.18,21120,0.072,4.063,4.134
5871718.46,21122,0.075,4.053,4.128
5871768.67,21121,0.084,4.065,4.149
5871795.57,21120,0.077,4.023,4.101
5871834.05,21122,2.011,3.978,5.989
5872034.23,21121,0.11,4.057,4.167
5872108.36,21120,0.105,6.067,6.172
5872131.24,21122,0.093,4.093,4.186
5872149.41,21121,0.073,4.156,4.229
5872153.14,21120,0.061,4.03,4.091
5872180.56,21122,1.577,7.232,8.81
5872182.54,21121,2.035,5.465,7.5
5872248.46,21120,0.1,3.991,4.091
5872377.94,21122,0.124,5.037,5.16
5872494.19,21121,0.254,3.964,4.218
5872555.18,21120,0.139,3.963,4.102
5872567.08,21122,1.067,4.944,6.011
5872651.8,21121,0.108,3.981,4.089
5872666.18,21120,1.288,4.064,5.352
5872728.19,21122,1.955,4.055,6.01
5872797.91,21121,0.09,6.099,6.189
5873141.34,21120,0.13,3.968,4.098
5873148.94,21122,0.106,4.057,4.164
5873153.22,21121,0.083,4.037,4.12
5873177.38,21120,2.057,6.279,8.336
5873227.21,21122,1.036,4.122,5.159
5873287.44,21121,0.085,4.003,4.088
5873313.8,21120,0.095,3.99,4.084
5873330.23,21122,0.105,4.132,4.236
5873427.3,21121,0.106,4.131,4.237
5873464.35,21120,0.084,4.011,4.095
5873526.61,21122,0.159,4.19,4.349
5873590.3,21121,0.18,4.195,4.375
5873600.19,21120,0.147,4.096,4.243
5873651.2,21122,1.12,4.018,5.139
5873744.08,21121,1.068,3.953,5.021
5873788.07,21120,1.489,3.955,5.444
5873936.2,21122,0.159,4.083,4.241
5873943.03,21121,0.099,4.207,4.307
5873962.9,21120,0.076,4.041,4.117
5873967.92,21122,0.093,4.088,4.181
5873979.21,21121,0.06,4.214,4.274
5874091.7,21120,0.087,3.966,4.053
5874115.41,21122,4.297,4.239,8.536
5874124.7,21121,0.07,4.062,4.132
5874135.1,21120,0.914,3.999,4.912
5874194.68,21122,0.09,4.028,4.118
5874239.19,21121,0.107,4.005,4.112
5874247.22,21120,0.071,4.092,4.164
5874334.38,21122,0.097,4.101,4.199
5874344.98,21121,0.083,3.995,4.078
5874401.47,21120,0.086,4.091,4.177
5874431.37,21122,0.094,4.22,4.315
5874471.45,21121,0.086,4.125,4.211
5874507.71,21120,0.081,4.031,4.111
5874547.13,21122,0.173,4.239,4.412
5874625.92,21121,0.152,3.996,4.148
5874663.07,21120,0.224,4.813,5.037
5874687.74,21122,0.135,4.143,4.277
5874817.68,21121,0.128,5.485,5.612
5874894.27,21120,0.103,4.384,4.486
5874910.49,21122,0.1,4.093,4.192
5874925.32,21121,0.081,4.19,4.272
5874944.27,21120,0.077,4.14,4.217
5874949.82,21122,0.079,4.134,4.213
5874958.19,21121,0.079,4.073,4.152
5874966.22,21120,0.086,4.092,4.178
5874985.19,21122,0.074,4.138,4.212
5874994.45,21121,0.087,4.295,4.383
5875001.32,21120,0.095,4.181,4.276
5875012.56,21122,0.064,4.038,4.102
5875027.58,21121,0.109,5.84,5.949
5875050.19,21120,0.074,6.078,6.151
5875056.38,21122,0.092,4.232,4.324
5875089.24,21121,0.071,4.127,4.197
5875116.3,21120,0.081,4.167,4.248
5875120.6,21122,0.346,4.217,4.563
5875135.96,21121,0.067,4.112,4.179
5875154.14,21120,0.063,4.022,4.085
5875181.89,21122,0.076,4.114,4.19
5875196.72,21121,0.066,5.613,5.679
5875199.4,21120,0.055,4.277,4.333
5875209.21,21121,0.099,4.056,4.155
5875233.68,21122,0.065,4.041,4.106
5875255.59,21120,0.078,3.987,4.065
5875272.24,21121,0.078,4.113,4.191
5875293.4,21122,0.076,4.082,4.158
5875302.64,21121,0.051,7.084,7.134
5875308.93,21122,0.057,6.05,6.107
5875311.59,21120,0.081,16.475,16.556
5875311.72,21121,1.766,6.671,8.436
5875315.9,21122,0.541,4.124,4.665
5875348.84,21120,0.066,4.075,4.141
5875368.16,21121,0.065,4.06,4.125
5875386.11,21122,0.068,4.009,4.077
5875410.99,21120,0.08,4.148,4.228
5875412.18,21121,0.08,4.026,4.106
5875431.25,21120,0.054,5.024,5.078
5875431.54,21122,0.07,8.251,8.32
5875436.45,21121,0.06,4.036,4.096
5875472.19,21120,2.021,4.127,6.148
5875483.52,21122,0.074,4.028,4.102
5875510.19,21121,0.079,4.06,4.139
5875517.83,21122,1.546,4.031,5.577
5875518.5,21120,0.06,8.191,8.251
5875562.59,21121,0.088,4.037,4.125
5875569.48,21122,0.084,4.238,4.322
5875581.34,21120,0.09,4.189,4.279
5875605.16,21121,0.132,3.964,4.096
5875610.8,21122,0.109,3.924,4.033
5875644.74,21120,0.103,3.976,4.079
5875660.02,21121,0.093,4.036,4.129
5875680.23,21122,2.096,4.079,6.175
5875720.88,21120,0.084,4.044,4.128
5875723.16,21121,0.061,4.061,4.122
5875741.15,21120,0.102,6.063,6.165
5875750.24,21122,0.058,5.134,5.192
5875761.94,21121,0.073,4.033,4.106
5875781.52,21120,0.085,4.094,4.179
5875790.11,21122,0.058,4.015,4.073
5875818.05,21121,0.075,4.045,4.12
5875839.26,21120,0.076,4.138,4.214
5875846.19,21122,0.065,4.089,4.153
5875852.13,21121,0.061,4.058,4.119
5875864.11,21120,0.062,4.007,4.07
5875889.83,21122,0.074,4.412,4.486
5875914.09,21121,0.071,3.981,4.052
5875924.14,21120,0.063,4.089,4.152
5875952.46,21122,0.067,4.342,4.409
5875980.56,21121,0.074,4.1,4.174
5876000.34,21120,0.091,4.203,4.294
5876006.1,21122,0.068,3.992,4.061
5876030.3,21121,0.081,3.943,4.025
5876035.83,21120,0.072,4.174,4.246
5876060.36,21122,0.149,5.11,5.258
5876062.26,21121,0.09,4.159,4.249
5876072.52,21120,1.754,8.414,10.167
5876072.75,21122,1.039,6.662,7.702
5876088.42,21121,0.143,4.121,4.263
5876147.39,21120,0.153,4.145,4.298
5876168.42,21122,0.17,4.129,4.299
5876173.89,21121,0.108,3.979,4.087
5876183.03,21120,0.1,4.112,4.212
5876223.85,21122,0.154,4.195,4.349
5876226.08,21121,0.121,4.03,4.151
5876235.81,21120,0.119,6.025,6.144
5876240.03,21122,0.077,4.904,4.981
5876258.29,21121,0.078,4.153,4.231
5876267.15,21120,0.068,7.503,7.571
5876267.86,21122,0.059,5.545,5.604
5876287.29,21121,0.094,4.215,4.309
5876294.48,21120,0.07,5.117,5.187
5876311.5,21122,0.097,4.01,4.107
5876314.82,21121,0.065,4.077,4.142
5876325.37,21120,0.19,4.111,4.301
5876350.17,21122,2.425,4.103,6.528
5876366.72,21121,0.086,4.12,4.206
5876460.68,21120,0.198,3.974,4.172
5876474.19,21122,0.117,4.012,4.129
5876488.07,21121,0.097,4.153,4.25
5876493.9,21120,0.072,4.1,4.172
5876498.55,21122,0.058,3.984,4.042
5876516.61,21121,0.085,4.014,4.099
5876521.29,21120,0.076,4.07,4.146
5876525.72,21122,0.061,4.12,4.181
5876544.22,21121,0.095,4.018,4.113
5876558.38,21120,0.082,7.565,7.647
5876566.13,21122,1.648,6.037,7.685
5876577.59,21121,0.072,4.113,4.185
5876586.0,21120,0.051,4.117,4.168
5876593.09,21122,0.058,3.992,4.05
5876646.34,21121,0.188,4.034,4.222
5876660.9,21120,0.096,4.125,4.221
5876845.68,21122,0.161,3.927,4.088
5876898.26,21121,0.12,4.062,4.182
5876970.96,21120,0.106,4.184,4.29
5876988.21,21122,0.11,4.032,4.142
5876996.23,21121,0.093,5.07,5.163
5876998.33,21120,0.055,4.122,4.177
5877035.92,21122,0.642,4.211,4.853
5877108.73,21121,0.172,4.095,4.268
5877148.5,21120,0.127,4.306,4.433
5877214.37,21122,0.125,5.06,5.184
5877257.19,21121,0.1,4.018,4.118
5877390.38,21120,2.046,6.262,8.309
5877394.45,21122,0.064,6.515,6.579
5877401.16,21121,0.075,4.027,4.103
5877457.71,21120,0.115,5.133,5.248
5877461.95,21122,0.056,4.119,4.175
5877472.16,21121,0.085,4.071,4.155
5877486.58,21120,0.068,5.036,5.104
5877499.68,21122,0.076,3.934,4.01
5877506.18,21121,0.089,4.05,4.139
5877550.53,21120,0.099,4.119,4.218
5877555.35,21122,0.12,4.077,4.197
5877566.55,21121,0.139,6.581,6.72
5877573.42,21120,0.093,4.153,4.247
5877591.24,21122,1.537,4.136,5.673
5877597.19,21121,0.076,4.076,4.152
5877616.46,21120,0.059,4.118,4.177
5877636.78,21122,0.053,4.2,4.254
5877670.35,21121,0.169,4.097,4.265
5877674.82,21120,0.102,4.017,4.119
5877734.72,21122,0.145,4.104,4.25
5877741.17,21121,0.077,4.049,4.126
5877797.69,21120,0.094,4.115,4.21
5877810.04,21122,0.084,4.079,4.163
5877818.51,21121,0.074,4.073,4.147
5877845.1,21120,0.068,3.992,4.06
5877861.98,21122,0.051,4.181,4.232
5877874.22,21121,0.065,4.179,4.244
5877933.26,21120,0.074,4.128,4.202
5877939.1,21122,0.124,4.096,4.22
5877941.43,21121,0.06,4.107,4.167
5877952.13,21120,0.782,4.028,4.81
5877965.78,21122,0.065,3.96,4.025
5877995.05,21121,0.093,3.918,4.011
5878038.23,21120,0.081,4.004,4.085
5878051.69,21122,0.076,3.991,4.067
5878058.95,21121,0.087,4.118,4.205
5878068.07,21120,0.057,5.972,6.029
5878075.19,21122,0.068,3.964,4.032
5878085.07,21121,2.044,3.99,6.034
5878101.67,21120,0.055,4.042,4.098
5878196.2,21122,0.103,4.035,4.138
5878231.54,21121,0.161,4.161,4.322
5878280.25,21120,0.148,4.048,4.195
5878339.18,21122,0.099,4.029,4.128
5878354.03,21121,0.082,3.888,3.969
5878374.74,21120,0.087,4.094,4.181
5878379.07,21122,0.055,4.076,4.131
5878395.57,21121,0.083,3.873,3.956
5878405.33,21120,0.06,6.273,6.334
5878407.56,21122,0.092,4.417,4.509
5878445.28,21121,0.084,4.142,4.226
5878468.13,21120,0.102,3.979,4.081
5878474.49,21122,0.066,4.001,4.067
5878496.04,21121,0.082,3.935,4.018
5878505.13,21120,1.62,4.075,5.696
5878561.23,21122,0.12,4.043,4.163
5878568.96,21121,0.066,3.954,4.019
5878579.11,21120,0.078,4.068,4.146
5878588.15,21122,0.061,4.047,4.109
5878594.71,21121,0.064,4.02,4.084
5878600.96,21120,0.059,6.026,6.085
5878604.11,21122,0.785,7.049,7.834
5878613.15,21121,0.074,4.061,4.134
5878615.55,21120,0.097,4.131,4.228
5878633.44,21122,0.106,4.064,4.17
5878651.93,21121,1.722,5.892,7.614
5878653.32,21120,0.097,4.106,4.203
5878670.52,21122,2.358,4.35,6.708
5878706.5,21121,0.088,4.085,4.173
5878821.31,21120,0.151,4.079,4.23
5878827.3,21122,0.113,4.131,4.244
5878878.16,21121,0.105,3.992,4.098
5878931.49,21120,0.087,4.196,4.284
5878935.9,21122,0.864,3.952,4.817
5878995.05,21121,1.884,3.972,5.856
5878999.83,21120,0.073,4.023,4.095
5879032.24,21122,0.084,4.106,4.189
5879071.55,21121,0.078,5.138,5.216
5879071.9,21120,0.053,4.107,4.16
5879091.36,21122,0.073,4.068,4.142
5879151.14,21121,1.047,4.04,5.086
5879172.27,21120,0.082,6.07,6.152
5879188.99,21122,0.074,4.108,4.182
5879226.44,21121,0.068,4.03,4.098
5879423.46,21120,0.118,4.128,4.245
5879435.39,21122,0.101,4.231,4.332
5879584.74,21121,0.115,4.115,4.231
5879612.15,21120,0.088,8.008,8.096
5879612.34,21122,1.502,6.257,7.759
5879688.2,21121,0.196,4.184,4.381
5879751.39,21122,1.929,5.252,7.181
5879751.87,21120,0.12,8.114,8.235
5879759.15,21121,0.086,4.007,4.092
5879766.31,21122,0.07,4.187,4.257
5879814.59,21120,0.19,4.159,4.349
5879864.27,21121,0.13,4.344,4.474
5879868.4,21122,0.083,4.454,4.536
5879873.64,21121,0.107,5.063,5.17
5879936.5,21120,0.101,6.07,6.171
5880017.53,21122,0.107,3.981,4.088
5880069.57,21121,0.137,6.064,6.201
5880088.19,21120,0.107,4.025,4.131
5880098.77,21122,0.081,4.044,4.125
5880136.24,21121,0.086,4.048,4.134
5880175.47,21120,0.083,3.997,4.081
5880274.31,21122,0.092,4.065,4.157
5880315.26,21121,0.746,4.158,4.904
5880325.28,21120,0.072,4.16,4.232
5880329.17,21122,0.059,4.069,4.128
5880486.35,21121,0.098,4.053,4.151
5880557.37,21120,0.088,3.996,4.085
5880574.79,21122,0.099,4.047,4.147
5880625.19,21121,0.102,4.044,4.146
5880634.94,21120,0.071,4.028,4.099
5880667.47,21122,0.094,3.961,4.055
5880686.15,21121,1.696,4.084,5.78
5880711.15,21120,0.076,3.921,3.997
5880763.17,21122,0.154,4.133,4.287
5880856.08,21121,2.056,3.932,5.988
5880884.51,21120,0.097,4.184,4.281
5880969.35,21122,0.114,4.169,4.283
5881059.34,21121,0.131,4.146,4.277
5881072.22,21120,0.08,4.45,4.53
5881120.24,21122,0.116,4.057,4.174
5881161.22,21121,0.106,4.052,4.159
5881315.37,21120,0.198,4.056,4.254
5881320.91,21122,0.119,3.993,4.111
5881382.18,21121,2.399,3.996,6.395
5881452.23,21120,0.12,4.052,4.173
5881476.22,21122,0.186,4.081,4.267
5881505.24,21121,0.097,4.086,4.183
5881568.63,21120,0.118,4.049,4.168
5881622.24,21122,1.936,4.132,6.068
5881752.13,21121,2.239,4.062,6.301
5881881.16,21120,0.186,3.961,4.146
5881899.36,21122,0.106,4.177,4.282
5881925.49,21121,0.114,4.031,4.145
5881960.68,21120,0.105,4.062,4.167
5881995.16,21122,0.094,4.01,4.105
5882071.4,21121,0.121,6.03,6.151
5882073.65,21120,0.091,4.507,4.598
5882080.13,21122,0.102,4.212,4.314
5882175.34,21121,0.227,4.196,4.423
5882181.16,21120,0.098,6.046,6.143
5882195.36,21121,0.085,4.207,4.292
5882225.64,21122,0.109,3.992,4.101
5882241.25,21121,0.062,4.166,4.227
5882242.33,21120,0.081,6.078,6.159
5882306.52,21122,0.112,4.165,4.277
5882310.89,21121,0.072,4.057,4.129
5882315.67,21120,0.084,3.983,4.066
5882323.21,21122,2.231,4.096,6.327
5882373.13,21121,0.072,4.018,4.09
5882385.13,21120,0.446,4.41,4.856
5882423.13,21122,0.071,4.016,4.087
5882447.12,21121,0.067,4.01,4.076
5882471.76,21120,0.072,4.158,4.229
5882483.31,21122,0.111,3.993,4.104
5882488.6,21121,0.071,4.179,4.25
5882517.29,21120,2.86,6.161,9.021
5882537.71,21122,0.076,4.038,4.115
5882545.1,21121,0.062,4.073,4.135
5882554.15,21120,1.023,4.086,5.109
5882589.99,21122,0.092,4.176,4.268
5882602.09,21121,0.07,4.118,4.188
5882608.3,21120,0.061,6.041,6.102
5882624.52,21122,0.059,4.068,4.127
5882654.89,21121,0.086,4.084,4.171
5882677.16,21120,2.251,4.015,6.266
5882728.18,21122,0.071,4.056,4.128
5882732.44,21121,2.347,4.03,6.377
5882738.57,21120,0.131,5.139,5.27
5882782.86,21122,0.075,7.738,7.813
5882783.43,21121,0.069,6.941,7.01
5882806.08,21120,0.081,4.062,4.143
5882810.43,21121,0.066,4.091,4.157
5882814.67,21122,0.067,4.012,4.079
5882840.63,21120,0.064,6.019,6.083
5882844.66,21121,0.074,4.015,4.089
5882868.88,21122,0.064,4.196,4.26
5882873.35,21120,0.274,4.09,4.364
5882885.18,21121,0.064,4.071,4.135
5882921.27,21122,0.174,4.005,4.179
5882925.51,21120,0.096,4.033,4.129
5882941.23,21121,0.095,4.078,4.173
5883033.84,21122,0.099,3.985,4.084
5883067.11,21120,2.031,4.029,6.06
5883111.31,21121,0.087,4.149,4.236
5883125.17,21122,0.083,4.016,4.099
5883129.83,21120,0.085,4.027,4.112
5883137.53,21121,0.078,4.022,4.099
5883211.93,21122,0.108,4.123,4.231
5883226.3,21120,1.994,4.146,6.14
5883237.84,21121,0.105,4.159,4.264
5883255.7,21122,0.075,4.072,4.147
5883298.69,21120,0.089,4.037,4.126
5883343.35,21121,0.117,4.178,4.295
5883386.77,21122,0.083,3.934,4.017
5883480.47,21120,0.817,4.368,5.185
5883493.26,21121,0.069,4.172,4.241
5883566.21,21122,0.109,4.022,4.132
5883580.1,21120,1.052,3.986,5.038
5883597.24,21121,0.086,4.104,4.19
5883646.47,21122,0.153,4.11,4.263
5883658.99,21120,2.086,3.907,5.993
5883671.26,21121,0.07,4.138,4.208
5883765.22,21122,0.088,4.077,4.165
5883801.57,21120,0.085,4.007,4.091
5883890.46,21121,0.124,4.044,4.168
5884022.75,21122,0.142,4.085,4.227
5884062.2,21120,0.121,4.005,4.127
5884355.33,21121,0.173,4.079,4.251
5884396.24,21122,0.124,4.127,4.25
5884408.19,21120,0.094,5.732,5.826
5884442.46,21121,1.696,3.998,5.693
5884446.68,21122,0.057,4.085,4.142
5884477.82,21120,0.084,4.074,4.159
5884517.18,21121,0.089,4.038,4.126
5884562.08,21122,0.068,3.964,4.032
5884708.92,21120,0.105,3.912,4.016
5884766.19,21121,0.085,4.051,4.136
5884804.91,21122,0.094,4.032,4.126
5884843.28,21120,0.083,4.042,4.125
5884969.43,21121,0.153,4.185,4.338
5885080.43,21122,0.387,3.969,4.355
5885084.85,21120,4.245,4.248,8.494
5885168.1,21121,0.132,4.404,4.537
5885225.55,21122,0.108,3.959,4.067
5885312.37,21120,0.134,4.157,4.291
5885352.76,21121,0.102,4.081,4.184
5885373.6,21122,0.162,4.363,4.525
5885410.29,21120,0.107,4.136,4.243
5885444.88,21121,0.102,4.167,4.269
5885579.34,21122,0.109,4.172,4.28
5885603.59,21120,0.093,3.89,3.982
5885653.3,21121,0.092,4.152,4.244
5885737.17,21122,0.096,4.225,4.321
5885746.4,21120,0.074,3.983,4.057
5885759.72,21121,0.073,4.107,4.18
5885785.19,21122,1.295,4.193,5.489
5885797.42,21120,0.072,3.971,4.043
5885803.18,21121,0.089,4.178,4.267
5885814.28,21122,0.058,4.062,4.12
5885851.08,21120,0.066,5.976,6.043
5886001.23,21121,0.137,4.205,4.343
5886033.39,21122,0.149,3.951,4.1
5886081.19,21120,0.196,6.014,6.209
5886101.37,21121,0.111,4.168,4.279
5886108.48,21122,0.077,3.959,4.036
5886171.19,21120,0.216,3.938,4.153
5886185.08,21121,0.093,4.169,4.262
5886259.42,21122,0.774,4.253,5.028
5886273.05,21120,1.133,3.968,5.101
5886360.14,21121,0.118,3.963,4.081
5886449.26,21122,0.095,4.085,4.179
5886474.1,21120,4.034,4.006,8.039
5886569.5,21121,0.146,4.168,4.314
5886727.98,21122,0.136,4.094,4.231
5886787.21,21120,0.134,4.054,4.187
5886800.12,21121,0.104,4.414,4.519
5886843.84,21122,0.101,4.01,4.111
5886863.22,21120,3.461,4.089,7.55
5886866.21,21121,0.059,5.06,5.119
5886876.62,21122,0.095,4.084,4.179
5886896.43,21120,0.078,4.102,4.18
5886902.17,21121,0.062,4.058,4.12
5886959.93,21122,0.087,3.979,4.066
5886968.16,21120,1.092,4.075,5.167
5886968.53,21121,0.503,4.363,4.866
5886993.2,21122,2.16,4.031,6.191
5887157.98,21120,0.168,4.261,4.429
5887218.84,21121,0.131,4.411,4.543
5887233.85,21122,0.101,5.47,5.571
5887238.01,21120,0.102,3.936,4.038
5887247.32,21121,2.029,4.211,6.241
5887301.16,21122,0.106,6.319,6.424
5887380.59,21120,0.111,4.086,4.196
5887424.93,21121,0.108,4.191,4.3
5887532.22,21122,0.103,4.411,4.514
5887549.07,21120,2.043,3.961,6.004
5887725.09,21121,0.154,4.128,4.281
5887756.92,21122,0.111,4.173,4.285
5887805.34,21120,0.102,4.172,4.274
5887817.7,21121,0.072,4.145,4.216
5888025.28,21122,0.129,4.093,4.222
5888054.02,21120,0.098,3.921,4.019
5888196.27,21121,2.095,4.088,6.183
5888228.69,21122,0.122,3.938,4.059
5888332.04,21120,4.043,3.932,7.976
5888407.78,21121,0.118,4.034,4.152
5888460.14,21122,1.44,4.053,5.493
5888467.78,21120,0.089,4.168,4.257
5888526.57,21121,0.092,4.03,4.123
5888533.29,21122,0.853,4.175,5.028
5888559.44,21120,0.115,4.203,4.317
5888706.31,21121,1.634,4.086,5.72
5888726.54,21122,0.181,3.984,4.165
5888736.14,21120,0.076,4.017,4.093
5888793.72,21121,0.106,3.926,4.032
5888802.1,21122,2.025,4.026,6.051
5888876.87,21120,0.085,4.019,4.104
5888891.46,21121,0.076,3.96,4.036
5888930.16,21122,0.11,3.998,4.108
5888959.23,21120,0.084,3.999,4.083
5889003.35,21121,0.091,4.038,4.129
5889044.74,21122,0.151,4.139,4.29
5889258.23,21120,0.132,4.027,4.159
5889300.74,21121,0.122,3.922,4.045
5889418.23,21122,1.692,4.085,5.777
5889472.1,21120,2.031,4.014,6.045
5889817.87,21121,0.164,3.975,4.139
5889841.78,21122,0.099,4.079,4.178
5889850.58,21120,0.086,4.02,4.106
5889873.24,21121,0.1,5.085,5.185
5889924.39,21122,0.083,4.005,4.088
5889965.15,21120,2.073,4.026,6.099
5890006.36,21121,0.148,4.139,4.287
5890035.23,21122,1.85,4.029,5.879
5890062.08,21120,0.101,4.02,4.12
5890080.08,21121,0.074,4.053,4.127
5890188.68,21122,0.183,4.444,4.628
5890225.76,21120,0.16,3.989,4.149
5890240.7,21121,0.098,3.915,4.013
5890378.1,21122,0.103,4.062,4.165
5890491.34,21120,0.112,4.048,4.16
5890518.28,21121,0.093,4.126,4.219
5890576.24,21122,0.114,4.153,4.267
5890765.3,21120,2.131,5.091,7.222
5890783.29,21121,0.077,4.153,4.229
5890805.01,21122,0.084,3.982,4.066
5890828.4,21120,0.291,4.051,4.342
5890855.11,21121,0.089,3.976,4.065
5890859.97,21122,0.062,4.093,4.155
5890867.62,21120,0.058,4.08,4.138
5890874.78,21121,0.068,4.085,4.152
5890885.02,21122,0.067,4.066,4.133
5890893.28,21120,0.075,4.167,4.242
5890911.36,21121,0.06,4.068,4.129
5890918.32,21122,0.074,6.091,6.164
5890936.25,21120,0.056,4.137,4.193
5890979.85,21121,0.157,3.984,4.141
5890990.19,21122,0.078,3.955,4.033
5890994.67,21120,0.062,4.206,4.268
5891011.92,21121,0.076,4.024,4.1
5891028.89,21122,0.072,4.004,4.076
5891048.61,21120,1.05,4.509,5.558
5891055.14,21122,0.259,4.003,4.262
5891055.35,21121,0.98,4.263,5.244
5891067.39,21120,0.102,4.205,4.307
5891075.04,21122,0.076,3.909,3.985
5891081.56,21121,0.063,6.126,6.19
5891092.74,21120,0.082,4.049,4.131
5891126.53,21122,0.079,4.154,4.233
5891145.32,21121,0.07,4.14,4.21
5891159.32,21120,0.069,4.208,4.278
5891179.35,21122,0.074,4.213,4.287
5891205.88,21121,0.101,5.78,5.881
5891214.24,21120,2.024,4.154,6.178
5891214.34,21122,0.126,4.143,4.269
5891234.44,21121,0.173,4.162,4.334
5891251.57,21120,0.121,4.145,4.266
5891253.88,21122,0.11,4.142,4.252
5891276.05,21121,0.094,4.062,4.156
5891315.64,21120,0.178,6.71,6.888
5891328.22,21122,0.084,4.084,4.167
5891384.4,21121,1.062,6.285,7.348
5891393.06,21120,0.082,3.993,4.074
5891403.1,21122,0.061,3.992,4.053
5891418.23,21121,0.093,4.1,4.193
5891426.13,21120,0.06,4.037,4.097
5891430.15,21122,0.053,4.058,4.111
5891435.46,21121,0.084,4.113,4.197
5891455.64,21120,0.072,4.101,4.173
5891468.72,21122,0.066,4.501,4.567
5891503.23,21121,0.096,4.094,4.19
5891518.27,21120,0.177,4.06,4.237
5891521.76,21122,0.072,4.298,4.37
5891530.17,21120,0.096,6.023,6.12
5891552.12,21121,1.024,4.045,5.07
5891565.22,21122,0.082,4.098,4.18
5891588.09,21121,0.045,5.995,6.04
5891588.41,21120,0.074,8.065,8.139
5891612.34,21122,0.108,4.169,4.277
5891624.92,21121,0.086,4.055,4.14
5891631.91,21120,0.072,4.038,4.11
5891663.95,21122,0.082,4.067,4.15
5891676.67,21121,0.112,4.104,4.216
5891715.57,21120,0.074,3.949,4.022
5891728.11,21122,2.035,4.005,6.04
5891730.24,21121,0.054,4.115,4.169
5891734.37,21120,0.058,4.014,4.071
5891754.02,21122,0.068,5.949,6.018
5891760.74,21121,0.08,4.006,4.086
5891815.92,21120,0.089,4.021,4.11
5891820.26,21122,0.061,4.064,4.125
5891821.26,21121,0.075,3.898,3.973
5891828.1,21120,0.058,4.004,4.062
5891852.18,21122,0.08,4.06,4.14
5891869.61,21121,0.049,4.146,4.195
5891873.73,21120,0.054,4.014,4.067
5891884.19,21122,0.057,5.093,5.15
5891911.53,21121,0.07,4.098,4.168
5891945.32,21120,0.072,4.195,4.267
5891949.5,21122,0.066,4.037,4.103
5891983.9,21121,0.068,4.149,4.216
5892065.27,21120,0.116,4.089,4.205
5892082.84,21122,0.109,4.111,4.22
5892099.25,21121,0.112,4.041,4.153
5892109.76,21120,0.084,4.15,4.234
5892118.61,21122,0.082,3.995,4.078
5892121.55,21121,1.02,4.438,5.458
5892174.96,21120,0.076,4.05,4.126
5892187.92,21122,0.067,5.102,5.169
5892191.14,21121,0.053,4.045,4.099
5892300.38,21122,0.241,4.04,4.281
5892311.27,21120,0.088,4.116,4.204
5892405.87,21121,0.163,4.089,4.252
5892451.09,21122,1.044,5.979,7.024
5892452.09,21120,0.072,4.105,4.177
5892507.41,21122,0.136,4.205,4.342
5892509.25,21121,0.061,4.137,4.198
5892523.69,21120,0.079,4.103,4.182
5892537.14,21122,1.065,6.029,7.094
5892661.25,21121,0.095,4.098,4.194
5892681.18,21120,0.072,4.061,4.133
5892719.24,21122,0.083,4.104,4.187
5892753.56,21121,0.073,4.052,4.126
5892867.38,21120,0.086,4.061,4.147
5892871.51,21122,0.064,3.988,4.052
5892873.06,21121,0.057,4.059,4.116
5892961.12,21120,0.085,3.979,4.064
5892973.3,21122,0.091,3.933,4.024
5892986.2,21121,0.092,4.062,4.154
5893002.31,21120,0.078,4.084,4.163
5893009.27,21122,0.092,6.074,6.166
5893026.23,21120,0.047,6.002,6.049
5893029.08,21121,0.091,9.171,9.262
5893044.21,21122,0.083,4.085,4.168
5893049.1,21120,0.785,4.007,4.792
5893061.12,21121,0.06,4.021,4.081
5893074.39,21122,0.076,3.995,4.071
5893125.07,21120,0.156,3.989,4.145
5893140.27,21121,0.295,4.056,4.351
5893153.24,21122,0.104,4.121,4.226
5893185.42,21120,1.149,4.187,5.336
5893197.09,21121,1.028,4.009,5.038
5893223.1,21122,0.091,4.047,4.138
5893243.08,21120,0.126,6.012,6.138
5893271.87,21121,0.091,4.021,4.111
5893282.33,21122,0.075,4.026,4.101
5893287.45,21120,0.091,4.098,4.189
5893307.47,21121,0.142,4.242,4.384
5893315.86,21122,0.68,4.116,4.796
5893325.14,21120,2.03,4.058,6.087
5893332.13,21121,3.056,4.039,7.095
5893335.86,21122,0.059,4.058,4.116
5893344.14,21121,3.031,6.072,9.103
5893344.43,21120,3.318,8.431,11.75
5893384.53,21122,0.088,4.145,4.233
5893392.89,21121,0.067,4.152,4.218
5893434.08,21120,0.08,3.951,4.031
5893441.16,21122,1.025,4.085,5.109
5893452.02,21121,0.064,4.029,4.093
5893487.19,21120,0.079,4.063,4.143
5893499.92,21122,0.081,4.023,4.104
5893561.88,21121,0.089,4.144,4.233
5893568.1,21120,0.074,4.36,4.434
5893578.08,21122,0.071,3.957,4.028
5893593.27,21121,0.078,4.043,4.122
5893607.54,21120,0.073,3.938,4.01
5893615.37,21122,2.057,4.269,6.325
5893641.06,21120,0.083,5.058,5.141
5893641.26,21121,0.057,8.17,8.227
5893665.23,21122,0.074,6.104,6.178
5893669.4,21120,0.322,4.037,4.359
5893718.71,21121,0.112,3.983,4.095
5893729.37,21122,0.072,4.141,4.213
5893739.03,21121,0.054,6.056,6.11
5893739.22,21120,3.089,6.179,9.268
5893757.98,21122,0.055,4.09,4.145
5893778.1,21121,0.093,6.964,7.057
5893780.38,21120,0.051,4.152,4.203
5893792.11,21122,0.96,3.974,4.933
5893831.8,21121,0.122,3.985,4.107
5893843.76,21120,0.071,4.054,4.125
5893941.48,21122,0.091,4.176,4.267
5893992.17,21121,0.082,4.032,4.114
5894008.36,21120,0.079,4.068,4.147
5894037.08,21122,0.105,4.041,4.146
5894065.18,21121,0.078,4.036,4.115
5894071.62,21120,0.07,4.063,4.133
5894075.02,21122,0.075,3.989,4.065
5894085.45,21121,0.064,4.138,4.202
5894100.54,21120,0.086,6.33,6.416
5894102.09,21122,0.739,3.989,4.727
5894126.2,21121,0.068,4.099,4.167
5894136.14,21120,0.061,4.043,4.104
5894153.05,21122,0.057,3.947,4.003
5894173.99,21121,0.083,5.985,6.069
5894186.34,21120,0.071,5.044,5.116
5894187.01,21122,0.05,3.947,3.996
5894225.05,21121,0.085,4.138,4.223
5894294.19,21120,0.093,4.043,4.137
5894306.92,21122,0.096,4.021,4.117
5894346.3,21120,0.151,5.998,6.149
5894346.4,21122,0.058,4.244,4.302
5894348.69,21121,4.995,5.621,10.615
5894374.05,21120,0.109,4.128,4.237
5894402.14,21122,0.098,3.99,4.089
5894429.2,21121,1.293,4.038,5.331
5894461.17,21120,0.083,4.037,4.12
5894464.4,21122,0.068,4.078,4.146
5894518.72,21121,0.084,4.086,4.17
5894528.08,21120,0.065,3.982,4.048
5894539.89,21122,0.059,4.119,4.178
5894552.78,21121,0.101,5.847,5.948
5894568.48,21120,1.452,4.052,5.505
5894572.98,21122,0.064,4.021,4.085
5894585.57,21121,0.076,4.057,4.133
5894589.82,21120,0.054,4.001,4.055
5894620.17,21122,2.053,8.064,10.117
5894620.43,21121,0.054,4.348,4.402
5894641.46,21120,0.078,3.996,4.074
5894672.73,21122,0.086,4.01,4.096
5894676.95,21121,0.054,3.972,4.026
5894682.77,21120,0.082,3.989,4.072
5894695.18,21122,0.068,4.073,4.141
5894702.79,21121,0.06,3.962,4.022
5894711.07,21120,0.062,5.857,5.919
5894724.39,21122,0.062,3.95,4.012
5894740.08,21121,2.044,3.999,6.042
5894748.11,21120,0.052,4.004,4.055
5894755.29,21122,0.069,4.059,4.129
5894761.17,21121,0.049,4.114,4.163
5894773.84,21120,0.061,4.083,4.145
5894783.1,21122,0.058,4.007,4.065
5894787.26,21121,0.045,4.062,4.108
5894842.15,21120,1.632,3.959,5.591
5894876.31,21122,0.076,4.188,4.263
5894888.07,21121,0.071,3.964,4.035
5894892.34,21120,0.055,4.15,4.205
5894897.56,21122,0.052,3.963,4.015
5894901.73,21121,0.109,4.009,4.118
5894913.05,21120,1.495,3.992,5.487
5894925.69,21122,0.085,4.183,4.269
5894932.16,21121,0.063,4.058,4.121
5894960.93,21120,0.092,4.074,4.166
5894994.18,21122,1.57,4.063,5.633
5895003.5,21121,0.079,4.145,4.224
5895042.88,21120,0.074,4.12,4.193
5895051.25,21122,0.061,4.085,4.146
5895065.43,21121,0.074,4.196,4.27
5895071.09,21120,0.059,3.994,4.053
5895071.78,21122,0.048,4.038,4.086
5895076.09,21121,0.056,4.092,4.147
5895080.34,21120,0.091,4.119,4.211
5895086.25,21122,0.069,4.046,4.115
5895110.44,21121,0.058,4.104,4.162
5895127.98,21120,2.02,3.929,5.948
5895153.44,21122,0.108,4.026,4.134
5895163.23,21121,2.155,4.128,6.283
5895167.2,21120,1.333,3.875,5.208
5895167.5,21122,0.345,4.114,4.458
5895212.27,21121,0.072,4.049,4.121
5895225.01,21120,0.067,4.011,4.078
5895251.9,21122,0.074,4.048,4.121
5895262.18,21121,0.088,4.198,4.285
5895272.3,21120,0.065,5.647,5.712
5895295.55,21122,0.074,4.032,4.107
5895317.65,21121,0.069,3.932,4.001
5895474.26,21120,0.196,4.107,4.303
5895492.3,21122,0.109,4.116,4.225
5895520.4,21121,0.099,3.933,4.032
5895650.96,21120,0.13,4.015,4.145
5895670.31,21122,0.941,4.2,5.14
5895707.13,21121,1.925,4.003,5.928
5895770.08,21120,0.093,4.125,4.217
5895810.17,21122,1.84,4.086,5.926
5895900.17,21121,0.113,3.997,4.11
5895936.89,21120,0.089,4.227,4.316
5896097.3,21122,0.133,4.096,4.23
5896123.18,21121,0.093,4.035,4.127
5896138.67,21120,0.097,3.984,4.081
5896142.95,21122,0.082,4.075,4.157
5896168.2,21121,0.085,4.06,4.145
5896180.16,21120,0.081,4.027,4.108
5896187.52,21122,0.08,4.225,4.305
5896206.08,21121,0.069,3.969,4.038
5896298.97,21120,0.096,4.013,4.109
5896331.87,21122,0.127,4.103,4.23
5896374.32,21121,0.13,3.956,4.086
5896383.14,21120,0.071,4.017,4.088
5896414.47,21122,0.174,4.124,4.298
5896493.07,21121,0.199,3.907,4.106
5896509.28,21120,0.102,4.105,4.207
5896543.14,21122,0.092,3.993,4.085
5896612.24,21121,0.163,4.017,4.181
5896624.13,21120,0.085,3.993,4.078
5896644.09,21122,0.115,4.229,4.344
5896652.67,21121,0.075,3.913,3.988
5896744.2,21120,0.091,3.992,4.083
5896772.57,21122,0.09,4.068,4.158
5896789.1,21121,0.067,3.99,4.057
5896860.23,21120,0.093,4.03,4.122
5897092.33,21122,1.012,4.237,5.249
5897096.51,21121,0.471,3.992,4.463
5897129.04,21120,0.565,4.018,4.583
5897139.83,21122,0.093,4.191,4.284
5897223.23,21121,0.101,4.074,4.175
5897294.14,21120,0.106,3.961,4.068
5897300.25,21122,0.083,4.1,4.183
5897335.03,21121,0.087,4.614,4.701
5897354.08,21120,0.088,5.922,6.01
5897379.56,21122,0.087,3.97,4.057
5897398.78,21121,0.087,4.089,4.176
5897420.37,21120,0.081,4.721,4.802
5897451.72,21122,0.088,4.162,4.25
5897459.94,21121,0.093,4.063,4.156
5897483.33,21120,0.194,5.101,5.295
5897494.37,21122,0.159,4.142,4.301
5897503.12,21121,0.096,4.254,4.349
5897524.98,21120,0.123,3.953,4.076
5897549.89,21122,0.088,4.094,4.182
5897556.58,21121,0.074,3.897,3.97
5897568.07,21120,0.064,3.96,4.025
5897595.95,21122,0.069,4.169,4.238
5897603.84,21121,0.094,4.636,4.73
5897604.72,21120,0.072,4.049,4.12
5897636.24,21122,2.07,4.129,6.2
5897649.95,21121,0.079,4.064,4.142
5897652.04,21120,0.05,3.934,3.984
5897675.69,21122,0.081,8.297,8.378
5897675.98,21121,0.087,5.856,5.943
5897693.06,21120,0.069,3.942,4.011
5897718.05,21122,0.074,4.032,4.106
5897732.44,21121,0.083,3.921,4.004
5897740.22,21120,0.073,4.101,4.174
5897752.23,21122,0.091,4.094,4.185
5897763.13,21121,0.062,4.037,4.099
5897769.33,21120,1.876,4.249,6.125
5897809.8,21122,0.086,4.029,4.115
5897869.64,21121,0.078,4.036,4.115
5897875.13,21120,0.069,4.012,4.08
5897878.1,21122,0.055,4.003,4.058
5897891.83,21120,0.072,4.037,4.109
5897911.43,21121,0.076,4.09,4.166
5897922.92,21122,0.069,4.03,4.099
5897927.29,21120,0.061,4.097,4.158
5897966.12,21121,0.077,4.0,4.077
5897974.77,21122,0.071,3.937,4.008
5897978.95,21120,0.116,4.007,4.123
5897996.86,21121,0.068,4.101,4.169
5898002.97,21122,0.059,4.154,4.213
5898010.32,21120,0.061,7.085,7.146
5898021.55,21121,0.074,4.004,4.077
5898031.54,21122,0.072,3.969,4.042
5898047.17,21120,0.068,4.054,4.122
5898068.78,21121,0.07,4.083,4.154
5898086.07,21122,0.075,4.03,4.105
5898150.15,21120,0.103,4.076,4.18
5898159.2,21121,0.082,4.067,4.149
5898175.33,21122,0.08,4.325,4.406
5898227.09,21120,0.084,4.062,4.146
5898237.36,21121,0.073,3.984,4.057
5898254.65,21122,0.08,4.038,4.119
5898267.21,21120,2.389,4.066,6.455
5898285.97,21121,0.084,4.047,4.131
5898311.12,21122,2.028,4.042,6.07
5898321.04,21120,0.078,6.143,6.221
5898325.19,21121,0.727,4.005,4.732
5898364.92,21122,0.107,3.877,3.984
5898373.0,21120,1.857,3.943,5.8
5898382.2,21121,0.078,4.866,4.944
5898404.03,21122,2.021,3.962,5.983
5898428.94,21120,0.091,4.037,4.129
5898440.81,21121,0.073,4.18,4.253
5898451.37,21122,0.072,4.15,4.223
5898486.92,21120,0.206,4.136,4.341
5898508.03,21121,0.087,3.961,4.049
5898542.15,21122,2.092,5.966,8.058
5898544.29,21120,0.059,4.19,4.249
5898624.22,21121,0.122,4.037,4.159
5898689.29,21122,0.164,3.952,4.116
5898713.21,21120,1.315,4.117,5.433
5898734.1,21121,0.078,3.971,4.049
5898770.62,21120,0.054,4.989,5.043
5898773.35,21122,0.118,8.188,8.306
5898780.71,21121,0.068,3.965,4.033
5898800.2,21120,0.099,6.037,6.136
5898824.25,21122,0.069,4.143,4.212
5898851.65,21121,0.076,3.969,4.045
5898862.14,21120,0.076,4.121,4.198
5898868.65,21122,0.067,4.016,4.083
5898871.0,21121,0.062,4.038,4.1
5898887.37,21120,0.064,4.259,4.324
5898894.09,21122,0.055,3.997,4.052
5898904.11,21121,2.007,4.043,6.05
5898976.52,21120,0.066,4.13,4.197
5898980.74,21122,0.062,4.089,4.151
5899006.25,21121,0.071,4.028,4.1
5899012.56,21120,0.052,4.072,4.124
5899031.19,21122,0.069,4.084,4.153
5899046.58,21121,1.322,3.955,5.277
5899059.46,21120,0.059,4.119,4.178
5899077.22,21122,2.235,4.08,6.315
5899082.59,21121,0.103,4.074,4.178
5899089.52,21120,0.095,7.103,7.198
5899092.97,21121,0.078,5.643,5.721
5899100.13,21120,0.848,6.097,6.945
5899116.14,21122,0.947,4.086,5.033
5899119.22,21121,0.064,4.116,4.18
5899123.69,21120,0.508,4.152,4.659
5899161.78,21122,0.077,4.104,4.18
5899164.23,21121,0.053,4.106,4.159
5899186.12,21121,0.054,3.975,4.029
5899188.12,21120,1.233,6.047,7.28
5899188.27,21122,2.051,8.219,10.27
5899193.15,21121,0.057,4.178,4.234
5899219.18,21120,0.079,4.063,4.142
5899255.41,21122,0.094,4.059,4.153
5899263.25,21121,0.086,4.097,4.183
5899336.44,21120,2.68,6.323,9.003
5899364.92,21122,0.08,4.033,4.113
5899372.13,21121,1.02,4.062,5.082
5899412.21,21120,0.082,3.95,4.032
5899434.01,21122,0.076,4.151,4.227
5899438.07,21121,0.066,3.926,3.992
5899442.34,21120,0.063,4.114,4.177
5899452.14,21122,0.068,4.036,4.105
5899458.12,21121,1.854,4.067,5.921
5899463.09,21120,0.046,4.123,4.169
5899467.2,21122,0.046,4.008,4.054
5899486.4,21121,0.109,7.569,7.678
5899528.44,21120,0.107,4.267,4.374
5899550.71,21122,0.088,4.446,4.533
5899583.36,21121,0.196,4.09,4.286
5899756.12,21120,0.147,4.174,4.321
5899787.19,21122,0.111,4.009,4.12
5899813.11,21121,0.088,3.96,4.048
5899823.48,21120,0.07,4.178,4.248
5899838.66,21122,0.076,3.939,4.014
5899857.93,21121,0.082,4.018,4.101
5899885.62,21120,0.078,3.972,4.051
5900052.67,21122,0.088,3.944,4.032
5900159.13,21121,0.086,3.991,4.077
5900249.29,21120,0.105,4.123,4.227
5900278.23,21122,0.094,4.083,4.178
5900322.05,21121,0.094,4.083,4.177
5900380.08,21120,0.087,4.09,4.177
5900451.28,21122,0.086,4.135,4.221
5900475.87,21121,0.085,4.034,4.119
5900489.08,21120,0.058,3.973,4.032
5900510.94,21122,0.079,4.115,4.194
5900554.66,21121,0.087,4.091,4.178
5900562.93,21120,0.068,4.801,4.87
5900569.33,21122,0.097,4.183,4.279
5900601.19,21121,2.034,4.09,6.125
5900701.84,21120,0.195,4.003,4.198
5900723.29,21122,0.111,4.115,4.226
5900738.13,21121,1.798,4.02,5.818
5900774.62,21120,0.097,4.085,4.182
5900793.67,21122,0.08,4.536,4.616
5900797.83,21121,0.655,3.999,4.654
5900881.2,21120,2.059,4.202,6.261
5900900.21,21122,0.079,4.086,4.165
5900966.11,21121,0.085,3.982,4.067
5900977.71,21120,0.061,3.983,4.044
5901002.17,21122,0.072,4.088,4.16
5901029.07,21121,0.1,3.921,4.02
5901043.05,21120,0.076,4.007,4.082
5901049.06,21122,0.75,3.986,4.736
5901095.59,21121,0.078,4.207,4.284
5901188.07,21120,0.09,4.051,4.141
5901256.97,21122,0.095,4.076,4.171
5901319.27,21121,2.133,4.136,6.269
5901437.14,21120,0.092,3.996,4.088
5901442.31,21122,0.066,4.146,4.212
5901565.33,21121,0.158,4.16,4.318
5901630.24,21120,0.114,4.052,4.167
5901648.61,21122,0.143,4.149,4.292
5901676.96,21121,0.142,6.066,6.208
5901748.28,21120,0.154,3.974,4.128
5901783.6,21122,2.485,4.42,6.904
5901804.84,21121,0.112,4.514,4.626
5901856.35,21120,0.089,4.106,4.196
5901884.27,21122,0.13,4.089,4.22
5901888.41,21121,0.068,3.99,4.058
5901994.42,21120,0.104,4.087,4.191
5902067.16,21122,2.255,3.972,6.227
5902127.88,21121,0.098,4.007,4.105
5902133.23,21120,1.111,4.148,5.259
5902156.96,21122,0.08,4.106,4.187
5902197.28,21121,0.078,4.143,4.221
5902243.21,21120,1.065,4.09,5.154
5902263.31,21122,1.071,4.177,5.248
5902381.66,21121,0.128,6.224,6.352
5902424.22,21120,0.088,4.074,4.163
5902452.24,21122,0.085,4.092,4.177
5902471.16,21121,0.077,4.039,4.117
5902475.26,21120,0.087,3.946,4.033
5902480.21,21122,0.067,3.998,4.065
5902487.29,21121,0.051,3.977,4.028
5902504.26,21120,0.061,3.979,4.041
5902538.19,21122,0.076,3.947,4.023
5902568.75,21121,0.069,4.002,4.071
5902593.21,21120,0.073,4.088,4.161
5902593.59,21122,0.062,4.071,4.133
5902634.68,21121,0.129,4.045,4.173
5902646.67,21120,0.141,3.979,4.12
5902654.35,21122,0.106,4.29,4.396
5902660.09,21121,1.631,3.991,5.622
5902688.74,21120,0.116,4.257,4.373
5902716.23,21122,0.193,3.952,4.145
5902720.37,21121,0.096,3.936,4.032
5902749.03,21120,3.039,3.923,6.963
5902754.29,21122,0.058,4.085,4.144
5902758.35,21121,0.057,3.945,4.002
5902794.24,21120,2.034,4.153,6.187
5902818.72,21122,0.127,5.743,5.87
5902821.98,21121,0.088,3.994,4.082
5902845.15,21120,0.075,4.037,4.112
5902884.91,21122,0.177,5.124,5.301
5902907.27,21121,0.095,6.088,6.183
5902934.16,21120,0.091,4.004,4.095
5902958.07,21122,0.117,8.06,8.177
5902958.42,21121,0.064,6.373,6.437
5902983.29,21120,0.091,4.146,4.238
5902995.82,21122,0.067,4.159,4.226
5903009.37,21121,0.084,4.199,4.283
5903012.88,21120,0.072,4.083,4.154
5903017.13,21122,0.062,4.096,4.158
5903029.13,21121,0.09,4.004,4.094
5903038.52,21120,0.059,4.229,4.288
5903064.42,21122,0.072,4.046,4.118
5903072.06,21121,0.068,3.953,4.021
5903080.11,21120,0.068,3.998,4.066
5903125.25,21122,2.455,4.119,6.574
5903136.92,21121,0.077,6.078,6.156
5903147.07,21120,0.063,4.04,4.103
5903153.23,21122,0.081,4.068,4.15
5903162.07,21121,0.056,3.981,4.037
5903166.1,21120,0.065,4.103,4.167
5903178.18,21121,0.074,6.069,6.144
5903184.13,21122,1.225,4.078,5.303
5903195.04,21120,0.063,3.935,3.999
5903239.89,21121,0.111,3.994,4.105
5903267.05,21122,0.077,4.045,4.122
5903271.1,21120,0.059,4.027,4.086
5903275.51,21122,0.057,4.183,4.24
5903288.8,21121,0.072,4.085,4.157
5903296.09,21120,0.058,3.989,4.047
5903305.94,21121,0.154,5.876,6.029
5903308.13,21122,0.047,10.049,10.096
5903310.03,21120,0.054,3.934,3.989
5903374.52,21122,0.096,7.084,7.179
5903385.05,21121,0.057,3.957,4.014
5903395.42,21120,0.071,4.613,4.683
5903428.65,21122,0.077,4.043,4.12
5903433.18,21121,0.053,4.09,4.143
5903441.0,21120,0.56,4.139,4.7
5903463.16,21122,0.096,4.019,4.114
5903467.29,21121,0.069,4.01,4.079
5903485.25,21120,0.074,4.168,4.242
5903487.5,21122,0.06,4.141,4.201
5903508.01,21121,0.059,4.048,4.107
5903540.07,21120,0.072,3.958,4.03
5903555.35,21122,0.057,4.081,4.138
5903560.79,21121,0.058,4.146,4.205
5903578.71,21120,0.094,4.446,4.541
5903613.6,21122,0.091,5.365,5.455
5903624.3,21121,0.176,6.076,6.252
5903630.89,21120,0.058,4.032,4.091
5903682.37,21122,0.122,3.974,4.097
5903693.47,21121,0.097,4.209,4.305
5903702.35,21120,0.064,4.078,4.142
5903734.22,21122,0.134,4.002,4.136
5903738.58,21121,0.11,4.124,4.235
5903750.84,21120,0.113,4.063,4.176
5903779.52,21122,0.114,4.037,4.152
5903791.27,21121,0.109,4.108,4.217
5903825.13,21120,0.084,3.996,4.08
5903838.1,21122,1.03,4.02,5.049
5903850.67,21121,0.065,4.12,4.184
5903854.86,21120,0.06,4.033,4.094
5903894.15,21122,0.07,6.806,6.876
5903903.17,21121,0.073,4.047,4.12
5903923.23,21120,0.06,4.128,4.188
5903930.38,21122,0.063,4.0,4.063
5903964.56,21121,0.064,4.117,4.181
5903970.66,21120,0.106,4.339,4.445
5903979.27,21122,0.161,6.429,6.59
5903992.62,21120,0.421,9.537,9.958
5903993.14,21121,1.784,10.407,12.191
5904008.24,21122,0.059,4.141,4.201
5904013.1,21120,0.064,4.081,4.145
5904019.29,21121,0.054,4.134,4.188
5904027.09,21122,0.123,4.032,4.155
5904033.26,21120,0.049,4.074,4.123
5904046.17,21121,0.065,4.071,4.136
5904068.13,21122,0.059,4.036,4.095
5904074.12,21120,0.055,4.02,4.075
5904083.3,21121,0.049,4.214,4.263
5904111.24,21122,0.083,6.523,6.606
5904113.97,21120,0.047,4.383,4.43
5904147.72,21121,0.081,4.143,4.224
5904161.17,21122,0.151,4.059,4.209
5904169.65,21120,0.125,4.305,4.43
5904181.09,21121,0.066,7.675,7.741
5904183.57,21122,0.051,7.854,7.904
5904195.94,21120,0.064,4.151,4.215
5904205.22,21121,1.02,4.164,5.184
5904231.2,21122,0.072,8.074,8.146
5904231.54,21120,1.205,4.489,5.694
5904249.14,21121,2.023,4.084,6.108
5904282.3,21122,0.104,4.148,4.252
5904348.32,21120,0.112,4.042,4.154
5904355.31,21121,0.091,4.108,4.199
5904369.66,21122,0.08,4.541,4.621
5904407.57,21120,0.107,4.073,4.179
5904454.52,21121,0.083,3.991,4.074
5904462.12,21122,0.073,4.003,4.076
5904468.45,21120,0.052,4.11,4.162
5904523.74,21121,0.078,4.044,4.122
5904540.17,21122,0.061,4.059,4.12
5904620.1,21120,0.072,3.986,4.058
5904624.45,21121,0.053,4.194,4.247
5904708.05,21122,0.08,4.19,4.271
5904754.16,21120,0.09,4.011,4.101
5904764.37,21121,2.086,4.225,6.311
5904771.93,21122,0.11,4.176,4.286
5904983.04,21120,0.155,4.07,4.225
5905049.27,21121,1.793,4.155,5.948
5905142.74,21122,0.115,4.156,4.271
5905234.11,21120,0.126,4.005,4.131
5905281.2,21121,0.091,4.052,4.143
5905325.35,21122,0.105,4.04,4.145
5905342.14,21120,0.083,3.994,4.077
5905374.03,21121,0.091,3.974,4.065
5905396.15,21122,0.09,3.998,4.089
5905452.28,21120,0.073,3.958,4.03
5905584.28,21121,1.04,4.175,5.215
5905700.31,21122,0.128,4.112,4.24
5905719.46,21120,0.088,4.043,4.13
5905723.75,21121,0.066,4.136,4.201
5905879.12,21122,0.184,4.092,4.276
5905911.12,21120,0.104,3.954,4.058
5905960.41,21121,0.107,4.065,4.173
5906004.56,21122,0.094,4.209,4.303
