timestamp_ms,pid,scheduling_delay_ms,service_time_ms,total_latency_ms
4666467.28,18093,0.189,4.371,4.56
4666467.57,18094,4.888,10.101,14.989
4666482.68,18095,0.944,4.433,5.377
4666549.4,18093,0.167,15.853,16.02
4666572.13,18094,0.185,15.79,15.974
4666633.46,18095,0.957,7.298,8.255
4666771.13,18093,0.18,4.094,4.275
4666791.47,18094,0.104,7.712,7.817
4666795.23,18095,0.076,4.093,4.169
4666830.7,18094,0.082,10.547,10.63
4666830.93,18093,0.079,8.815,8.895
4666855.86,18095,0.094,5.056,5.15
4666860.03,18094,0.066,4.073,4.139
4666876.47,18093,0.072,4.24,4.311
4666896.96,18095,0.072,3.952,4.025
4666925.25,18094,0.075,5.29,5.366
4667068.34,18094,2.111,7.213,9.324
4667099.71,18095,0.344,4.113,4.457
4667114.7,18093,0.105,4.153,4.257
4667183.27,18094,0.1,9.088,9.188
4667244.88,18095,0.111,5.484,5.595
4667254.75,18093,0.075,5.985,6.06
4667353.03,18094,0.125,4.049,4.174
4667490.21,18095,2.042,4.093,6.135
4667630.87,18093,0.139,4.093,4.231
4667713.24,18094,1.311,8.059,9.37
4667715.27,18095,3.717,4.142,7.859
4667730.28,18093,0.082,4.127,4.208
4667774.17,18094,0.185,8.868,9.053
4667800.97,18095,0.185,4.1,4.285
4667828.89,18093,0.198,6.793,6.991
4667856.36,18094,3.056,5.217,8.273
4667862.44,18095,0.123,4.16,4.283
4667963.68,18093,1.217,7.534,8.752
4667964.41,18094,0.07,5.749,5.819
4668010.45,18095,0.15,4.087,4.238
4668028.22,18093,0.129,7.017,7.147
4668063.42,18094,0.105,7.138,7.243
4668080.24,18095,0.114,4.467,4.581
4668099.26,18093,0.088,8.029,8.117
4668140.93,18094,0.101,7.086,7.187
4668287.55,18095,0.111,7.751,7.862
4668360.2,18093,0.12,4.013,4.133
4668386.15,18094,0.195,8.021,8.216
4668409.14,18095,0.414,8.053,8.466
4668443.32,18093,0.094,6.164,6.257
4668487.59,18094,0.111,9.751,9.862
4668514.66,18095,0.147,3.999,4.147
4668633.57,18093,0.143,6.16,6.302
4668652.17,18094,2.032,8.086,10.118
4668672.79,18095,0.093,4.006,4.099
4668677.93,18093,0.081,4.609,4.69
4668710.31,18093,0.062,4.088,4.15
4668713.6,18094,1.026,13.521,14.547
4668713.72,18095,2.156,11.652,13.808
4668729.04,18093,0.144,4.659,4.804
4668747.28,18094,0.081,9.042,9.123
4668774.6,18095,0.1,8.171,8.272
4668826.56,18093,0.091,4.161,4.252
4668849.36,18094,0.088,7.972,8.061
4668864.5,18095,0.076,8.372,8.447
4668867.51,18093,0.094,4.253,4.347
4668876.11,18094,0.098,4.079,4.177
4668878.07,18095,0.081,7.986,8.067
4668898.82,18093,0.082,4.036,4.118
4668903.28,18094,0.065,4.336,4.401
4668962.42,18093,0.07,6.018,6.087
4668963.88,18095,0.107,8.015,8.122
4668975.91,18094,0.088,3.892,3.98
4669012.51,18093,0.094,4.208,4.303
4669015.6,18095,0.088,4.163,4.25
4669028.24,18094,0.3,4.082,4.382
4669063.82,18093,0.174,6.036,6.211
4669070.72,18095,0.072,8.049,8.12
4669090.74,18094,0.128,4.037,4.165
4669111.54,18093,0.098,4.291,4.389
4669121.3,18095,0.088,4.411,4.499
4669154.96,18093,1.922,7.873,9.795
4669156.79,18095,0.056,5.649,5.705
4669156.84,18094,1.035,8.943,9.977
4669160.99,18095,3.72,4.103,7.823
4669163.94,18094,0.536,7.013,7.549
4669169.17,18093,0.066,9.021,9.087
4669186.27,18095,0.11,4.159,4.269
4669219.36,18094,0.093,5.24,5.333
4669233.71,18093,0.115,4.575,4.69
4669243.72,18095,0.082,6.484,6.566
4669249.67,18094,0.059,8.514,8.573
4669252.66,18093,0.056,7.189,7.245
4669256.89,18095,0.059,4.102,4.161
4669261.12,18094,0.053,4.104,4.157
4669279.6,18093,0.07,4.335,4.405
4669294.01,18095,0.086,4.07,4.156
4669315.53,18094,0.081,4.281,4.362
4669350.2,18093,0.107,4.083,4.19
4669365.75,18095,0.07,4.581,4.65
4669374.77,18094,0.077,5.287,5.364
4669387.77,18093,0.076,16.356,16.432
4669391.96,18094,0.748,12.12,12.868
4669392.63,18095,0.096,17.563,17.659
4669405.09,18093,3.014,10.004,13.018
4669430.08,18095,0.262,8.923,9.185
4669475.6,18094,0.122,4.421,4.543
4669530.04,18093,0.174,10.566,10.74
4669542.63,18095,1.193,7.342,8.535
4669553.28,18094,0.138,6.866,7.005
4669598.59,18093,0.239,7.271,7.511
4669610.35,18095,0.264,9.076,9.34
4669616.33,18094,0.764,13.199,13.963
4669625.76,18093,0.074,7.29,7.364
4669648.48,18095,0.114,5.464,5.578
4669660.63,18094,0.15,4.372,4.521
4669674.0,18093,0.969,9.264,10.233
4669676.18,18095,0.402,9.497,9.899
4669679.51,18094,1.197,8.75,9.947
4669708.18,18093,2.056,7.931,9.987
4669715.21,18094,0.068,4.089,4.157
4669715.54,18095,0.52,7.147,7.667
4669727.21,18093,0.142,4.134,4.276
4669794.0,18094,0.081,4.139,4.22
4669801.1,18095,0.069,4.263,4.331
4669808.91,18093,0.061,4.336,4.397
4669822.21,18094,0.068,4.095,4.163
4669828.33,18095,2.772,7.243,10.015
4669864.78,18093,0.075,5.079,5.154
4669871.46,18094,0.146,4.105,4.252
4669876.75,18095,0.815,7.642,8.457
4669904.68,18093,0.076,4.155,4.231
4669911.75,18094,0.072,3.974,4.046
4669953.22,18095,0.075,6.718,6.793
4669956.91,18093,0.086,4.069,4.155
4669968.23,18094,0.078,4.072,4.149
4670005.64,18095,0.171,6.836,7.007
4670055.26,18093,0.092,9.11,9.202
4670055.52,18094,0.059,6.26,6.319
4670077.33,18095,0.286,4.093,4.379
4670140.88,18094,0.087,4.083,4.17
4670142.68,18093,0.138,7.478,7.616
4670190.28,18095,0.124,4.002,4.126
4670251.18,18094,2.287,4.037,6.324
4670271.35,18093,0.099,8.054,8.153
4670424.47,18095,0.53,8.316,8.846
4670467.37,18094,0.136,4.575,4.712
4670488.08,18093,0.09,8.931,9.021
4670505.23,18095,0.383,12.135,12.518
4670505.43,18094,1.919,10.353,12.271
4670546.13,18093,0.08,4.04,4.12
4670611.1,18094,0.192,4.014,4.206
4670759.37,18095,0.128,10.938,11.066
4670804.85,18093,0.131,6.119,6.25
4671009.14,18094,1.329,4.066,5.395
4671057.74,18095,0.137,13.022,13.159
4671062.2,18093,0.118,9.037,9.155
4671094.55,18094,0.187,3.949,4.135
4671205.04,18095,0.203,4.266,4.47
4671228.46,18093,0.128,7.153,7.281
4671402.96,18094,0.129,4.305,4.435
4671472.83,18095,0.118,6.098,6.216
4671510.16,18093,0.133,4.035,4.168
4671568.21,18094,0.104,3.98,4.084
4671574.56,18095,0.083,4.117,4.2
4671585.04,18093,0.082,3.975,4.056
4671686.51,18094,0.103,9.919,10.023
4671692.75,18095,0.071,3.956,4.026
4671704.45,18093,0.075,4.071,4.146
4671721.38,18094,0.097,3.993,4.09
4671783.19,18095,2.371,4.045,6.416
4671918.21,18093,0.183,4.079,4.263
4671930.22,18094,0.933,8.033,8.966
4671961.88,18095,0.167,4.72,4.887
4671982.21,18093,0.093,8.046,8.139
4671999.09,18094,0.266,8.019,8.284
4672030.67,18095,0.352,4.134,4.486
4672044.89,18093,0.126,7.391,7.517
4672061.21,18094,2.085,8.098,10.183
4672143.33,18095,0.134,8.121,8.255
4672164.41,18093,0.144,4.063,4.206
4672200.94,18094,0.178,6.263,6.442
4672244.22,18095,0.882,4.151,5.033
4672257.98,18093,0.087,4.187,4.274
4672336.56,18094,0.151,4.109,4.26
4672382.22,18095,0.127,7.574,7.701
4672424.44,18093,0.139,4.545,4.684
4672470.4,18094,0.147,4.017,4.164
4672506.08,18095,0.178,4.137,4.315
4672556.26,18093,0.093,6.105,6.199
4672584.98,18094,0.243,3.966,4.209
4672825.99,18095,0.154,4.208,4.362
4672848.73,18093,0.122,10.43,10.552
4672877.32,18094,2.165,4.143,6.308
4672893.86,18095,0.139,4.01,4.148
4672929.43,18093,0.151,8.19,8.341
4673003.6,18094,0.154,6.349,6.504
4673034.71,18095,0.121,4.036,4.157
4673043.61,18093,0.09,6.138,6.228
4673056.94,18094,0.13,4.733,4.863
4673098.51,18095,0.167,4.244,4.411
4673178.49,18093,0.211,3.95,4.162
4673183.86,18094,0.102,4.064,4.165
4673276.31,18095,1.467,8.171,9.638
4673300.96,18093,0.151,7.897,8.049
4673305.16,18094,0.08,8.012,8.092
4673360.39,18095,0.181,7.148,7.329
4673396.31,18093,0.092,7.044,7.137
4673476.95,18094,1.909,10.196,12.105
4673488.22,18095,0.11,5.048,5.159
4673567.07,18093,0.13,4.224,4.354
4673623.47,18094,0.467,8.128,8.595
4673775.68,18095,0.125,6.566,6.691
4673791.57,18093,0.092,6.006,6.097
4673842.15,18094,0.171,4.303,4.474
4674037.59,18095,0.12,4.116,4.236
4674196.08,18093,0.1,7.512,7.612
4674199.09,18094,0.105,4.811,4.916
4674345.17,18095,0.176,8.045,8.22
4674374.11,18093,0.121,7.065,7.186
4674463.31,18094,0.182,4.059,4.241
4674524.35,18095,0.123,8.038,8.16
4674572.62,18093,0.092,7.047,7.139
4674679.58,18094,0.114,4.324,4.439
4674792.19,18095,3.044,8.091,11.135
4674810.92,18093,0.099,7.346,7.444
4674868.41,18094,0.154,7.146,7.3
4674881.82,18095,0.086,6.248,6.333
4674976.39,18093,0.098,4.048,4.146
4674988.27,18094,0.081,4.002,4.083
4675064.79,18095,0.11,8.025,8.136
4675153.24,18093,0.119,4.046,4.165
4675181.58,18094,0.24,4.094,4.334
4675198.86,18095,0.085,5.152,5.236
4675279.31,18093,0.18,7.171,7.351
4675390.42,18094,0.194,4.064,4.258
4675408.09,18095,0.17,4.072,4.242
4675521.3,18093,1.293,4.105,5.398
4675557.48,18094,0.163,4.098,4.261
4675561.7,18095,0.609,4.031,4.639
4675650.64,18093,0.105,4.005,4.11
4675659.56,18094,0.091,4.093,4.185
4675683.86,18095,0.067,7.493,7.56
4675684.53,18093,0.07,6.894,6.965
4675692.52,18094,0.122,4.104,4.226
4675702.59,18093,0.068,4.299,4.366
4675746.5,18095,0.096,4.013,4.109
4675762.74,18094,0.081,4.089,4.17
4675767.17,18093,0.062,4.306,4.368
4675816.49,18095,0.088,4.092,4.18
4675862.31,18094,1.326,4.052,5.377
4675870.73,18093,0.085,4.223,4.307
4675874.98,18095,0.064,4.082,4.146
4675883.17,18094,0.267,7.107,7.374
4675899.31,18093,0.098,4.146,4.244
4675907.22,18095,0.064,8.069,8.132
4675924.13,18094,0.071,12.014,12.084
4675926.13,18093,0.052,10.058,10.11
4675928.07,18095,1.031,4.013,5.043
4675991.29,18094,0.116,6.446,6.561
4676033.71,18093,0.075,5.312,5.387
4676041.1,18095,0.076,3.969,4.045
4676064.22,18094,0.085,4.448,4.533
4676072.74,18093,0.083,5.047,5.129
4676132.38,18095,0.102,9.932,10.035
4676137.76,18094,0.09,4.121,4.211
4676157.89,18093,0.075,7.764,7.839
4676161.89,18095,2.688,3.89,6.577
4676176.23,18094,0.062,14.125,14.186
4676176.62,18093,0.072,8.334,8.406
4676181.59,18095,0.059,3.979,4.038
4676189.97,18095,0.074,7.049,7.123
4676191.06,18093,1.835,6.001,7.836
4676192.6,18094,0.055,11.506,11.56
4676235.16,18093,0.103,8.469,8.571
4676236.67,18095,0.06,6.203,6.263
4676249.54,18094,0.098,8.013,8.112
4676292.18,18093,0.084,5.949,6.033
4676325.77,18095,0.122,8.169,8.291
4676326.23,18094,0.087,5.912,5.999
4676330.37,18093,2.027,6.277,8.304
4676342.15,18094,0.103,8.101,8.204
4676353.24,18095,0.098,5.077,5.175
4676366.11,18093,0.08,8.068,8.148
4676369.32,18094,0.071,4.285,4.355
4676390.43,18095,0.072,11.293,11.365
4676390.53,18093,1.676,7.476,9.151
4676393.27,18094,0.126,4.107,4.233
4676404.85,18095,0.133,6.039,6.172
4676417.35,18093,0.092,7.969,8.061
4676435.72,18094,0.1,7.571,7.671
4676453.59,18095,0.1,10.09,10.189
4676455.71,18093,3.512,4.661,8.173
4676487.38,18094,0.09,4.105,4.194
4676493.51,18095,0.066,4.958,5.023
4676514.71,18093,0.143,3.836,3.98
4676535.97,18094,0.092,4.035,4.127
4676588.05,18095,0.141,4.045,4.186
4676623.46,18093,0.088,6.947,7.035
4676697.92,18094,0.089,4.125,4.214
4676717.23,18095,0.122,4.059,4.18
4676729.27,18093,0.078,7.08,7.158
4676741.27,18094,0.097,4.13,4.228
4676779.74,18095,0.074,15.121,15.194
4676779.88,18093,0.473,13.813,14.286
4676782.07,18094,0.093,14.013,14.107
4676800.99,18095,0.102,8.972,9.074
4676805.3,18093,0.057,9.1,9.157
4676826.58,18094,0.063,10.473,10.536
4676828.36,18095,0.056,7.041,7.097
4676831.38,18093,0.739,4.707,5.446
4676851.01,18094,0.081,6.133,6.214
4676855.68,18095,0.074,6.082,6.157
4676959.1,18094,0.107,7.05,7.157
4676972.04,18093,0.12,3.951,4.071
4677006.68,18095,2.723,8.777,11.501
4677013.13,18094,5.395,11.044,16.439
4677158.13,18093,0.241,4.17,4.411
4677228.1,18095,0.105,4.073,4.178
4677255.86,18094,0.12,6.093,6.213
4677256.22,18093,0.071,5.289,5.36
4677301.97,18095,0.723,4.852,5.575
4677313.87,18094,0.085,4.022,4.107
4677324.39,18093,0.094,4.048,4.142
4677335.75,18094,0.086,4.971,5.057
4677336.21,18095,0.154,8.018,8.172
4677346.86,18093,0.102,4.962,5.064
4677366.57,18094,0.92,7.482,8.401
4677373.99,18095,0.13,7.157,7.286
4677466.72,18093,0.165,3.887,4.052
4677486.99,18094,0.21,5.701,5.912
4677524.88,18095,0.114,5.989,6.103
4677536.04,18093,2.071,3.915,5.986
4677623.06,18094,0.098,4.168,4.267
4677637.63,18095,0.103,6.058,6.161
4677691.16,18093,0.895,3.951,4.845
4677740.67,18094,1.454,6.156,7.61
4677824.67,18095,0.129,5.359,5.488
4677877.88,18093,0.117,4.528,4.646
4677902.95,18094,0.099,6.084,6.182
4678055.31,18095,0.126,5.964,6.09
4678113.83,18093,0.133,8.006,8.139
4678195.02,18094,0.122,8.131,8.254
4678219.58,18095,0.105,6.955,7.06
4678230.49,18093,0.488,3.949,4.437
4678237.22,18094,0.076,4.15,4.226
4678303.24,18095,0.121,8.057,8.178
4678449.8,18093,0.198,7.204,7.403
4678467.84,18094,1.199,8.565,9.764
4678468.24,18095,0.74,7.143,7.883
4678474.36,18093,0.093,6.056,6.149
4678492.3,18095,1.348,8.213,9.561
4678501.27,18094,0.139,3.971,4.11
4678572.42,18093,0.118,7.229,7.347
4678627.66,18095,0.172,6.339,6.511
4678645.4,18094,2.217,8.258,10.475
4678664.37,18093,0.095,7.055,7.15
4678669.3,18095,0.093,4.049,4.142
4678689.94,18094,0.08,5.987,6.066
4678695.73,18093,0.07,3.923,3.993
4678731.64,18095,0.087,6.257,6.343
4678788.94,18094,0.089,4.962,5.05
4678832.95,18093,0.093,8.365,8.459
4678920.46,18095,0.107,7.724,7.831
4678922.45,18094,0.064,5.531,5.595
4678970.4,18093,0.141,6.203,6.344
4679015.39,18095,0.112,4.173,4.285
4679065.19,18094,0.102,15.021,15.123
4679100.39,18093,2.035,10.297,12.332
4679110.95,18095,0.075,4.213,4.288
4679132.94,18094,0.147,4.096,4.243
4679134.47,18093,0.071,4.185,4.256
4679204.11,18095,0.09,4.048,4.138
4679210.51,18094,0.148,4.053,4.201
4679393.51,18093,0.183,4.223,4.405
4679404.52,18095,0.147,4.34,4.487
4679632.44,18094,0.15,6.099,6.248
4679666.22,18093,0.134,5.817,5.951
4679731.22,18095,0.144,8.011,8.155
4679747.93,18094,0.116,4.105,4.22
4679759.42,18093,0.099,5.139,5.238
4679851.33,18095,0.105,9.096,9.201
4679957.5,18094,0.093,6.149,6.242
4680051.75,18093,0.127,4.557,4.684
4680062.14,18095,0.108,4.025,4.133
4680175.62,18094,0.085,4.031,4.116
4680241.9,18093,0.087,4.516,4.603
4680347.61,18095,0.1,7.442,7.542
4680427.12,18094,0.112,6.192,6.304
4680470.37,18093,0.123,4.075,4.198
4680532.75,18095,0.191,4.423,4.614
4680578.34,18094,0.112,12.161,12.273
4680580.09,18093,2.292,9.954,12.245
4680621.68,18095,0.086,4.145,4.232
4680639.87,18094,0.073,4.186,4.258
4680680.34,18093,0.101,4.115,4.216
4680705.28,18095,2.91,4.031,6.941
4680836.31,18094,0.138,5.029,5.167
4680881.94,18093,0.121,7.754,7.875
4681221.23,18095,0.169,4.049,4.218
4681257.26,18094,0.137,7.056,7.193
4681285.72,18093,0.117,4.028,4.145
4681328.29,18095,0.103,6.129,6.232
4681348.82,18094,0.104,4.047,4.151
4681364.51,18093,0.098,4.054,4.151
4681373.21,18095,0.073,4.085,4.158
4681415.59,18094,0.089,4.321,4.41
4681435.36,18093,0.093,4.111,4.205
4681478.1,18095,1.512,8.012,9.524
4681496.72,18094,0.089,3.974,4.063
4681517.42,18093,0.081,4.281,4.361
4681525.64,18095,0.083,4.187,4.27
4681634.27,18094,0.169,5.017,5.186
4681731.97,18093,0.128,4.063,4.191
4681767.93,18095,0.268,8.029,8.297
4681773.5,18093,0.063,10.097,10.16
4681774.1,18094,0.131,12.485,12.616
4681823.38,18095,0.123,4.091,4.214
4681827.83,18093,0.074,4.043,4.117
4681872.9,18094,0.085,4.06,4.144
4681891.2,18095,1.365,4.123,5.488
4681977.43,18093,0.119,4.06,4.179
4682037.04,18094,0.078,4.134,4.212
4682249.23,18095,0.114,4.236,4.35
4682310.77,18093,0.103,8.187,8.29
4682353.58,18094,0.193,4.39,4.584
4682574.31,18095,0.153,4.294,4.447
4682849.58,18093,0.126,4.153,4.279
4682935.88,18094,0.135,6.211,6.346
4682972.45,18095,0.118,3.89,4.008
4682996.78,18094,0.614,5.068,5.682
4683001.5,18093,0.144,10.939,11.084
4683085.28,18095,0.12,4.526,4.646
4683114.41,18094,0.166,4.718,4.884
4683132.43,18093,0.185,8.381,8.566
4683141.18,18095,2.248,8.072,10.32
4683144.07,18094,0.057,6.975,7.032
4683184.38,18093,0.081,4.065,4.146
4683195.58,18095,0.078,4.789,4.866
4683215.92,18094,0.095,6.437,6.532
4683236.94,18093,0.099,4.097,4.196
4683237.28,18095,0.157,4.186,4.344
4683256.98,18094,0.072,4.136,4.208
4683268.1,18095,2.216,4.114,6.33
4683269.01,18093,1.657,3.942,5.599
4683271.1,18094,1.014,4.055,5.07
4683294.18,18095,0.086,4.05,4.135
4683306.09,18093,0.073,8.04,8.113
4683367.99,18094,0.125,4.924,5.049
4683379.23,18095,0.086,8.089,8.175
4683397.24,18093,0.084,4.075,4.159
4683417.69,18094,0.072,3.991,4.063
4683463.14,18095,0.091,8.292,8.383
4683475.18,18094,1.308,6.105,7.412
4683475.31,18093,0.076,8.308,8.384
4683485.27,18095,0.062,8.163,8.225
4683498.56,18094,0.1,3.994,4.094
4683512.23,18093,0.08,4.055,4.135
4683515.45,18095,0.065,4.095,4.16
4683609.18,18094,0.096,8.038,8.134
4683619.12,18093,0.107,5.933,6.041
4683637.11,18095,0.121,7.111,7.231
4683641.85,18094,0.092,5.953,6.046
4683653.3,18095,0.088,7.802,7.89
4683700.41,18093,0.163,3.973,4.136
4683742.68,18094,0.093,4.17,4.263
4683754.47,18095,0.067,3.974,4.041
4683761.64,18093,0.069,6.998,7.066
4683761.9,18094,0.065,6.603,6.668
4683763.67,18095,0.047,5.062,5.109
4683777.6,18093,0.063,4.998,5.061
4683784.05,18094,0.051,8.007,8.057
4683802.15,18095,1.431,6.788,8.219
4683803.79,18093,1.833,8.466,10.298
4683804.13,18094,0.046,5.411,5.458
4683833.36,18093,0.095,5.494,5.59
4683849.18,18095,0.079,5.05,5.129
4683893.01,18094,0.085,7.668,7.752
4683893.68,18093,0.053,6.109,6.162
4683906.12,18095,0.118,4.114,4.232
4683912.48,18094,0.069,4.161,4.231
4683920.4,18093,0.075,4.075,4.15
4683977.62,18095,0.124,4.183,4.308
4683988.04,18094,0.109,6.067,6.176
4683988.36,18093,0.049,6.233,6.282
4683998.79,18095,0.091,4.836,4.927
4684024.29,18094,0.085,4.07,4.155
4684056.68,18093,0.097,6.289,6.387
4684064.46,18095,0.119,5.082,5.201
4684098.65,18093,0.095,6.946,7.041
4684101.7,18094,2.453,11.527,13.98
4684116.4,18095,0.115,4.119,4.234
4684124.75,18093,0.083,4.001,4.084
4684182.32,18094,0.121,4.146,4.267
4684194.89,18095,0.092,4.138,4.23
4684197.28,18093,0.084,4.141,4.225
4684206.42,18094,0.087,8.694,8.781
4684212.13,18095,0.068,4.01,4.078
4684241.12,18093,2.12,7.949,10.07
4684251.72,18094,0.086,6.018,6.104
4684263.78,18095,0.104,4.065,4.17
4684336.3,18093,0.149,12.06,12.209
4684338.23,18094,2.097,10.085,12.183
4684376.1,18095,0.217,4.37,4.587
4684452.84,18093,0.152,4.151,4.303
4684470.58,18094,0.134,4.398,4.532
4684487.02,18095,0.149,7.594,7.743
4684555.52,18093,0.189,4.532,4.721
4684647.33,18094,0.188,4.092,4.28
4684692.61,18095,0.146,4.198,4.344
4684724.51,18093,0.134,4.171,4.304
4684761.12,18094,0.656,4.026,4.682
4684779.39,18095,0.101,4.014,4.115
4684853.01,18093,0.092,6.114,6.207
4684920.54,18094,0.135,4.203,4.338
4684947.49,18095,0.102,4.212,4.314
4685050.17,18093,1.942,4.058,5.999
4685108.98,18094,0.128,4.212,4.341
4685188.68,18095,0.148,6.94,7.088
4685256.79,18093,0.187,4.195,4.383
4685271.74,18094,0.15,4.975,5.125
4685308.38,18095,0.158,5.082,5.239
4685325.79,18093,0.101,6.434,6.535
4685474.42,18094,0.28,6.226,6.506
4685496.3,18095,0.181,4.077,4.258
4685679.08,18093,0.264,4.302,4.566
4685710.1,18094,0.181,12.982,13.163
4685710.34,18095,2.317,10.219,12.536
4685823.14,18093,0.119,8.953,9.072
4685835.75,18094,0.188,3.934,4.122
4685999.81,18095,0.224,4.125,4.349
4686210.22,18093,0.152,4.086,4.238
4686282.27,18094,0.123,4.135,4.257
4686613.81,18093,0.094,4.533,4.627
4686616.26,18094,0.059,5.038,5.097
4686618.53,18095,0.17,13.829,13.999
4686680.05,18093,0.118,6.969,7.087
4686734.22,18094,0.156,6.035,6.191
4686827.69,18095,0.16,8.765,8.925
4686873.07,18093,0.13,4.046,4.176
4686887.19,18094,2.439,4.06,6.498
4686948.58,18095,0.094,4.069,4.163
4686964.08,18094,0.062,3.854,3.917
4686964.79,18093,0.09,8.169,8.258
4687015.14,18095,0.144,4.065,4.208
4687256.88,18094,0.127,5.036,5.163
4687265.47,18093,0.096,5.908,6.005
4687290.48,18095,0.196,4.318,4.514
4687338.44,18094,0.122,8.093,8.215
4687347.79,18093,0.088,6.003,6.091
4687356.27,18095,0.363,7.044,7.407
4687372.95,18094,0.093,8.587,8.68
4687384.57,18093,0.084,5.226,5.311
4687410.88,18095,0.1,4.147,4.247
4687415.44,18094,0.083,4.277,4.36
4687420.3,18093,0.111,4.001,4.113
4687524.24,18095,0.094,14.089,14.183
4687526.18,18094,0.065,12.081,12.146
4687534.23,18093,4.027,8.127,12.154
4687542.15,18094,0.074,9.078,9.152
4687560.08,18093,0.129,3.979,4.108
4687576.19,18095,0.106,4.112,4.218
4687597.8,18094,0.079,8.181,8.26
4687604.2,18093,0.054,9.096,9.15
4687613.47,18095,0.065,7.033,7.098
4687621.71,18094,0.075,15.88,15.955
4687627.66,18093,0.08,11.616,11.696
4687632.08,18095,0.069,4.97,5.039
4687649.7,18094,0.063,7.148,7.211
4687715.69,18093,0.089,10.127,10.216
4687717.18,18095,0.064,4.076,4.139
4687747.28,18093,0.074,7.162,7.236
4687774.48,18094,0.204,4.209,4.414
4687792.3,18095,1.934,4.079,6.013
4687806.79,18095,0.078,3.907,3.984
4687806.88,18094,0.085,9.977,10.062
4687807.4,18093,0.091,14.912,15.003
4687815.07,18095,0.065,7.982,8.047
4687823.96,18093,0.084,6.207,6.292
4687835.45,18094,0.075,6.141,6.216
4687844.11,18095,0.059,4.618,4.677
4687861.77,18093,0.076,4.141,4.216
4687876.11,18094,0.084,4.056,4.14
4687938.55,18095,0.121,4.075,4.196
4687946.11,18093,1.607,8.028,9.634
4688005.47,18094,0.099,9.137,9.236
4688009.17,18095,1.263,5.845,7.109
4688028.7,18093,0.091,5.555,5.646
4688030.14,18094,0.083,4.472,4.554
4688041.6,18095,0.131,4.049,4.179
4688084.28,18093,0.089,4.079,4.168
4688109.16,18094,0.078,4.032,4.11
4688117.63,18095,0.055,4.065,4.119
4688143.68,18093,0.08,6.042,6.122
4688147.1,18094,0.062,7.848,7.91
4688169.62,18095,0.135,4.235,4.37
4688199.29,18093,0.109,6.112,6.221
4688205.51,18094,0.055,9.419,9.474
4688212.77,18095,0.061,9.67,9.731
4688220.02,18093,0.054,9.011,9.065
4688225.82,18095,0.063,8.097,8.16
4688228.41,18094,0.055,13.216,13.271
4688263.56,18093,0.101,4.013,4.115
4688270.2,18094,0.07,5.35,5.421
4688297.77,18095,0.088,6.06,6.148
4688318.53,18093,0.072,6.045,6.117
4688330.1,18094,1.815,8.026,9.841
4688350.97,18095,0.074,4.008,4.081
4688362.8,18093,0.082,3.98,4.062
4688401.14,18094,0.136,6.341,6.477
4688405.15,18095,0.07,6.61,6.679
4688447.72,18093,0.075,4.039,4.114
4688460.47,18094,0.064,4.082,4.146
4688478.02,18095,0.088,6.45,6.538
4688493.49,18093,0.06,4.062,4.122
4688510.91,18094,0.075,4.133,4.207
4688572.62,18095,0.069,4.129,4.198
4688585.13,18093,0.098,4.233,4.331
4688625.23,18094,0.088,9.094,9.181
4688631.13,18095,0.062,7.988,8.05
4688643.83,18093,0.123,4.022,4.145
4688717.81,18094,0.108,6.123,6.231
4688722.8,18095,0.074,4.026,4.1
4688745.43,18093,0.086,3.989,4.075
4688768.71,18094,0.08,8.076,8.156
4688787.08,18095,0.071,5.959,6.03
4688885.42,18093,0.218,6.01,6.228
4688932.56,18094,2.132,7.457,9.59
4688939.7,18095,0.101,7.18,7.281
4689015.4,18093,0.096,6.118,6.214
4689093.28,18094,0.128,7.403,7.531
4689111.01,18095,0.119,6.019,6.138
4689111.12,18093,0.101,3.97,4.07
4689127.34,18094,0.079,4.047,4.126
4689139.83,18095,0.106,4.121,4.227
4689236.06,18093,0.209,9.97,10.179
4689276.13,18094,0.085,3.992,4.077
4689312.02,18095,0.103,6.042,6.145
4689319.66,18093,0.068,5.315,5.383
4689322.71,18094,0.061,4.091,4.152
4689334.18,18095,0.082,7.983,8.066
4689339.21,18093,0.062,7.097,7.159
4689396.12,18094,0.107,7.217,7.324
4689406.8,18095,0.115,5.009,5.125
4689428.89,18093,0.09,4.176,4.267
4689444.09,18094,2.081,3.953,6.034
4689572.08,18095,1.037,8.972,10.009
4689649.13,18093,2.043,13.985,16.028
4689679.15,18094,0.165,7.042,7.207
4689820.87,18095,0.135,4.181,4.317
4689924.27,18093,0.172,5.964,6.136
4689934.46,18094,0.116,4.108,4.225
4689949.36,18095,0.138,4.199,4.337
4689960.22,18093,0.082,4.083,4.165
4689982.81,18094,0.074,5.98,6.054
4690066.04,18095,0.088,7.635,7.723
4690087.54,18093,0.084,6.039,6.123
4690094.83,18094,0.184,3.944,4.128
4690143.12,18095,0.111,6.848,6.959
4690205.28,18093,0.085,4.096,4.181
4690256.59,18094,0.092,4.38,4.472
4690330.23,18095,0.082,4.396,4.478
4690341.56,18093,0.088,4.063,4.151
4690402.02,18094,2.247,5.827,8.073
4690469.71,18095,0.116,4.419,4.535
4690489.15,18093,0.099,4.005,4.104
4690516.39,18094,0.088,4.057,4.146
4690542.21,18095,2.241,4.064,6.305
4690587.31,18093,0.106,7.136,7.242
4690597.65,18094,0.081,7.444,7.525
4690621.29,18095,0.075,6.907,6.983
4690641.36,18093,0.082,3.962,4.045
4690726.58,18094,0.101,3.959,4.06
4690786.78,18095,0.097,4.068,4.165
4690851.56,18093,0.107,4.357,4.464
4690868.56,18094,0.109,3.99,4.099
4690918.45,18095,0.149,4.171,4.32
4690931.06,18093,0.12,4.109,4.229
4690940.24,18094,0.088,5.967,6.056
4690963.06,18095,1.099,4.304,5.403
4690975.43,18093,0.076,8.31,8.386
4690981.64,18094,0.082,3.853,3.936
4691015.18,18095,0.089,4.251,4.341
4691047.12,18093,0.104,4.084,4.188
4691075.24,18094,0.118,4.048,4.166
4691081.13,18095,0.089,3.994,4.083
4691115.55,18093,0.154,3.991,4.145
4691128.01,18094,0.185,7.436,7.621
4691128.11,18095,0.075,5.164,5.239
4691163.37,18093,3.073,12.244,15.317
4691168.95,18094,0.08,4.622,4.701
4691173.64,18095,0.054,7.002,7.055
4691195.71,18093,0.075,10.003,10.078
4691197.73,18094,0.056,7.77,7.826
4691204.58,18095,0.085,4.116,4.201
4691225.71,18093,0.079,4.144,4.223
4691234.51,18094,0.09,5.873,5.963
4691235.1,18095,0.065,4.167,4.232
4691243.86,18093,0.067,6.094,6.16
4691247.84,18094,0.119,5.678,5.797
4691255.95,18095,0.055,7.429,7.484
4691263.7,18093,0.06,10.047,10.107
4691265.83,18094,0.047,4.752,4.799
4691317.21,18093,0.079,4.22,4.298
4691317.47,18095,0.123,5.953,6.076
4691319.76,18094,0.048,4.509,4.558
4691379.01,18093,1.889,3.994,5.883
4691387.01,18095,0.08,5.63,5.71
4691389.51,18094,0.071,5.016,5.087
4691395.65,18093,0.067,4.329,4.396
4691417.13,18095,2.34,6.059,8.399
4691429.15,18094,0.083,7.026,7.109
4691442.86,18093,0.071,5.058,5.129
4691477.61,18095,0.115,4.316,4.431
4691487.82,18094,0.082,4.058,4.14
4691498.57,18093,0.066,8.078,8.144
4691557.22,18095,0.085,4.138,4.223
4691586.07,18094,0.069,8.048,8.117
4691602.05,18093,0.095,7.968,8.063
4691629.97,18094,0.054,6.737,6.791
4691630.31,18095,0.087,9.552,9.638
4691646.01,18093,0.074,4.995,5.069
4691652.22,18095,2.02,7.156,9.177
4691664.09,18093,0.053,12.009,12.062
4691665.76,18094,0.068,8.043,8.112
4691668.77,18095,0.054,12.682,12.737
4691675.11,18093,0.06,7.02,7.081
4691691.38,18095,0.078,4.096,4.174
4691699.98,18094,0.07,4.106,4.176
4691707.44,18093,0.078,5.098,5.176
4691714.22,18095,1.042,4.037,5.079
4691759.14,18094,1.637,4.02,5.657
4691763.36,18093,0.077,8.003,8.08
4691782.03,18095,0.076,4.028,4.104
4691816.2,18094,0.085,4.138,4.223
4691844.47,18093,0.078,9.069,9.147
4691855.33,18095,0.06,3.95,4.01
4691861.42,18094,0.113,4.088,4.202
4691862.91,18093,0.058,4.08,4.138
4691873.87,18095,0.053,4.061,4.114
4691887.95,18094,1.358,6.047,7.405
4691913.6,18094,0.052,7.702,7.754
4691914.05,18093,0.111,12.914,13.025
4691914.43,18095,1.043,10.349,11.393
4691931.19,18094,0.094,4.046,4.14
4691935.53,18093,0.072,4.27,4.342
4691940.8,18094,0.113,4.111,4.224
4692012.24,18095,1.611,10.026,11.637
4692014.55,18093,0.077,4.419,4.495
4692047.69,18094,0.103,8.012,8.115
4692053.37,18095,0.07,4.991,5.062
4692072.07,18093,0.084,8.157,8.24
4692081.49,18094,0.065,6.208,6.272
4692087.72,18095,0.547,6.139,6.686
4692102.3,18093,0.058,7.192,7.25
4692112.85,18094,0.131,4.03,4.16
4692115.7,18095,0.053,4.051,4.104
4692131.63,18093,0.06,9.0,9.061
4692135.06,18095,0.04,6.854,6.893
4692137.4,18094,0.07,10.688,10.757
4692139.32,18093,0.075,4.539,4.614
4692159.95,18094,0.076,4.088,4.164
4692162.76,18095,0.275,6.936,7.211
4692186.4,18093,0.062,4.291,4.353
4692202.25,18094,0.094,3.993,4.086
4692210.99,18095,0.079,4.096,4.175
4692214.28,18093,0.052,5.069,5.121
4692265.04,18095,0.079,9.049,9.128
4692292.28,18094,0.093,5.174,5.267
4692307.79,18093,0.109,5.028,5.137
4692387.13,18095,0.083,7.33,7.413
4692518.02,18094,0.115,8.033,8.148
4692547.49,18093,0.106,4.012,4.118
4692694.43,18095,1.31,8.061,9.371
4692742.14,18094,0.121,3.993,4.114
4692771.72,18093,0.092,4.007,4.099
4692844.7,18095,0.106,7.008,7.114
4692855.83,18094,0.106,3.905,4.011
4692908.75,18093,0.095,3.965,4.06
4693027.56,18095,0.171,4.067,4.238
4693048.86,18094,0.1,4.157,4.257
4693097.28,18093,0.09,8.112,8.203
4693166.16,18095,0.092,7.995,8.087
4693184.14,18094,2.463,6.078,8.541
4693195.65,18093,0.075,4.027,4.102
4693296.37,18095,0.155,5.285,5.44
4693312.56,18094,0.203,3.915,4.118
4693321.16,18093,0.147,5.533,5.68
4693482.78,18095,0.161,5.978,6.139
4693500.12,18094,0.105,4.058,4.163
4693505.95,18093,0.083,4.094,4.177
4693563.34,18095,0.123,10.062,10.185
4693566.67,18094,0.086,6.985,7.07
4693598.44,18093,0.093,7.995,8.089
4693611.25,18095,0.09,4.082,4.172
4693630.09,18094,0.098,6.128,6.226
4693641.74,18093,0.081,8.969,9.051
4693642.11,18095,0.924,8.041,8.965
4693657.71,18094,0.068,5.099,5.167
4693664.99,18093,0.087,3.965,4.052
4693675.09,18095,0.098,3.947,4.045
4693679.48,18094,0.064,4.027,4.091
4693686.05,18095,0.057,4.366,4.423
4693687.01,18093,0.065,4.967,5.032
4693692.46,18094,0.068,4.044,4.112
4693720.15,18095,0.066,7.114,7.18
4693739.2,18093,0.079,4.133,4.213
4693743.74,18094,0.066,4.124,4.19
4693776.67,18095,0.123,4.01,4.133
4693791.68,18093,0.089,6.54,6.629
4693818.29,18094,0.162,3.975,4.137
4693849.18,18095,0.091,4.98,5.071
4693913.29,18093,1.147,6.094,7.241
4693915.42,18094,0.056,4.329,4.385
4693923.21,18095,0.072,3.949,4.021
4693967.7,18093,0.072,4.084,4.157
4693974.17,18094,0.055,6.144,6.198
4693976.34,18095,2.041,4.263,6.304
4694013.05,18093,0.087,8.284,8.372
4694017.21,18094,0.06,6.432,6.493
4694034.95,18095,0.155,4.175,4.33
4694040.56,18093,0.121,5.111,5.232
4694044.88,18094,0.091,4.148,4.239
4694050.34,18095,0.068,6.205,6.272
4694074.2,18094,0.105,11.023,11.128
4694088.97,18095,0.113,4.125,4.238
4694090.47,18093,0.078,10.957,11.035
4694125.83,18094,0.153,7.214,7.366
4694126.92,18095,0.049,7.856,7.906
4694131.63,18093,0.061,4.254,4.315
4694143.41,18094,0.069,4.035,4.104
4694154.23,18095,0.758,5.995,6.753
4694180.49,18093,0.089,9.046,9.136
4694180.72,18094,0.058,7.499,7.556
4694205.0,18095,0.065,5.004,5.068
4694239.84,18093,0.074,7.713,7.787
4694240.44,18094,0.076,4.911,4.987
4694251.61,18095,0.215,6.088,6.303
4694318.33,18093,0.139,6.036,6.175
4694324.54,18094,0.121,4.161,4.282
4694338.32,18095,0.138,4.215,4.353
4694351.2,18093,0.087,8.222,8.309
4694377.13,18094,2.067,10.02,12.086
4694428.26,18095,0.309,7.682,7.991
4694435.34,18093,0.098,7.196,7.294
4694445.64,18094,0.073,10.509,10.582
4694461.57,18093,0.11,4.069,4.179
4694479.63,18095,0.086,5.98,6.066
4694488.87,18094,0.134,4.097,4.231
4694493.32,18093,0.07,4.297,4.367
4694508.49,18095,0.101,6.572,6.674
4694510.77,18094,0.058,4.676,4.734
4694512.89,18093,0.045,4.813,4.858
4694531.52,18095,0.07,7.157,7.227
4694571.46,18094,0.077,4.036,4.113
4694576.74,18093,0.12,4.233,4.353
4694577.41,18095,0.072,4.11,4.183
4694582.16,18094,0.126,4.106,4.232
4694636.36,18093,0.096,3.995,4.091
4694662.94,18095,2.151,5.932,8.084
4694664.55,18094,0.07,4.045,4.115
4694670.64,18095,0.056,5.969,6.025
4694681.48,18093,0.082,5.975,6.058
4694685.7,18094,0.054,6.508,6.562
4694690.4,18095,0.054,5.312,5.366
4694696.2,18094,0.084,8.066,8.15
4694706.31,18093,0.073,6.285,6.358
4694712.94,18095,1.024,5.877,6.9
4694723.72,18094,2.02,7.668,9.688
4694725.73,18093,0.063,7.723,7.785
4694727.04,18095,0.142,7.984,8.126
4694779.27,18093,0.112,8.256,8.368
4694785.16,18094,0.074,5.052,5.126
4694839.58,18095,0.132,7.624,7.757
4694849.55,18093,0.143,4.086,4.229
4694864.23,18094,0.09,8.095,8.185
4694882.59,18095,0.068,6.037,6.105
4694895.59,18093,0.062,11.686,11.747
4694896.35,18094,0.062,9.25,9.312
4695002.26,18095,0.098,4.064,4.162
4695075.26,18093,0.178,4.066,4.244
4695115.88,18094,0.116,4.033,4.149
4695297.01,18095,0.129,4.286,4.414
4695400.37,18093,0.157,12.143,12.3
4695412.25,18094,0.368,4.762,5.13
4695457.35,18095,0.116,4.051,4.167
4695472.38,18093,0.114,4.138,4.252
4695565.62,18094,0.102,8.455,8.558
4695576.22,18095,0.152,11.003,11.155
4695605.14,18094,0.091,4.99,5.082
4695731.81,18093,0.111,5.907,6.018
4695774.2,18095,0.106,4.053,4.159
4695824.69,18094,0.114,4.001,4.115
4695843.21,18093,1.899,4.15,6.049
4695853.53,18095,0.083,4.126,4.209
4695910.35,18094,0.107,4.21,4.316
4695912.55,18093,0.065,4.332,4.396
4695939.65,18095,0.078,6.981,7.059
4695959.91,18094,0.076,4.057,4.133
4695989.89,18093,0.164,4.091,4.255
4696065.32,18095,0.128,5.212,5.34
4696172.84,18094,0.172,7.584,7.756
4696191.28,18093,0.555,8.009,8.563
4696285.25,18095,2.109,8.133,10.243
4696345.1,18094,0.117,6.106,6.223
4696368.27,18093,1.665,4.158,5.823
4696373.96,18095,0.139,4.08,4.219
4696374.83,18094,0.069,4.126,4.195
4696432.4,18093,0.095,7.961,8.056
4696533.36,18095,0.397,4.073,4.47
4696612.09,18094,1.637,3.936,5.573
4696635.56,18093,0.086,6.05,6.136
4696645.92,18095,0.201,5.727,5.928
4696648.3,18094,0.079,6.384,6.463
4696701.14,18093,2.419,6.022,8.442
4696708.08,18095,0.61,8.004,8.614
4696729.55,18094,0.09,4.108,4.197
4696750.21,18093,0.088,4.062,4.151
4696776.02,18095,0.091,12.299,12.39
4696836.96,18094,0.091,4.09,4.181
4696886.33,18093,1.087,7.184,8.272
4696959.69,18095,0.089,5.048,5.136
4696966.49,18094,0.088,4.159,4.247
4696992.32,18093,0.095,7.987,8.082
4697004.18,18095,4.176,8.079,12.255
4697004.5,18094,0.119,8.335,8.454
4697042.05,18093,0.092,4.389,4.481
4697061.52,18095,0.187,4.233,4.419
4697085.21,18094,1.074,9.074,10.148
4697108.8,18093,0.078,4.66,4.738
4697117.35,18095,0.073,8.189,8.261
4697161.44,18094,0.197,14.081,14.278
4697163.48,18093,0.076,9.116,9.192
4697173.54,18095,0.085,5.939,6.024
4697177.25,18094,0.054,8.497,8.551
4697193.61,18093,0.083,3.99,4.073
4697202.04,18095,0.069,5.945,6.014
4697206.79,18094,0.06,4.024,4.084
4697214.29,18093,0.067,4.064,4.131
4697221.58,18095,0.113,4.318,4.431
4697222.97,18094,0.058,4.177,4.236
4697238.07,18093,0.078,6.233,6.311
4697296.05,18095,0.152,3.964,4.116
4697330.17,18094,0.076,9.142,9.218
4697370.56,18093,0.094,13.404,13.498
4697370.86,18095,0.079,12.733,12.811
4697386.4,18094,0.147,4.058,4.205
4697399.56,18093,0.081,7.939,8.02
4697409.47,18095,0.118,4.532,4.649
4697440.07,18094,2.029,3.992,6.021
4697452.07,18093,0.08,6.075,6.155
4697462.42,18095,1.144,4.226,5.37
4697472.39,18093,0.06,8.062,8.122
4697477.82,18094,0.087,14.674,14.761
4697478.89,18095,0.046,8.811,8.857
4697481.22,18093,0.05,7.035,7.085
4697592.02,18095,1.001,3.962,4.963
4697615.49,18094,0.151,4.359,4.51
4697621.81,18093,0.071,6.115,6.185
4697640.7,18095,0.082,6.27,6.352
4697693.23,18094,0.093,7.082,7.175
4697701.12,18093,0.076,4.149,4.226
4697731.44,18095,0.089,8.02,8.109
4697732.21,18094,0.067,8.22,8.286
4697779.38,18093,0.095,4.413,4.509
4697810.45,18094,0.305,7.547,7.852
4697812.62,18095,2.728,7.555,10.283
4697827.08,18093,0.081,4.04,4.121
4697837.59,18094,0.058,4.082,4.14
4697851.26,18095,0.066,4.187,4.253
4697864.1,18093,0.059,11.998,12.057
4697866.24,18094,2.18,10.149,12.329
4697870.58,18095,0.306,6.404,6.71
4697897.22,18093,0.102,6.068,6.17
4697900.29,18094,0.079,3.948,4.027
4697910.67,18095,0.096,4.077,4.173
4697924.22,18093,2.078,4.087,6.165
4697942.0,18094,0.076,4.602,4.678
4697959.07,18095,0.811,8.005,8.816
4697966.78,18093,0.054,6.883,6.937
4697976.17,18094,0.082,4.01,4.092
4697981.33,18095,0.079,4.035,4.114
4697989.07,18093,2.201,3.976,6.177
4698041.31,18094,0.084,4.05,4.134
4698055.18,18095,0.161,4.046,4.207
4698085.68,18095,0.062,4.155,4.216
4698089.13,18093,2.026,12.053,14.08
4698090.22,18095,1.652,4.424,6.076
4698090.33,18094,1.084,11.234,12.318
4698099.17,18093,4.842,9.949,14.791
4698119.93,18095,0.114,4.937,5.051
4698132.79,18094,0.118,4.045,4.163
4698137.66,18093,0.134,4.016,4.15
4698162.09,18095,0.183,4.212,4.394
4698168.19,18094,0.106,4.16,4.266
4698191.57,18093,1.697,10.447,12.144
4698198.97,18094,0.075,7.157,7.232
4698201.2,18095,0.076,14.081,14.157
4698219.89,18093,0.152,4.032,4.184
4698225.2,18095,0.075,6.18,6.255
4698250.9,18093,0.093,4.163,4.256
4698259.01,18094,0.068,8.893,8.962
4698278.96,18095,0.082,7.223,7.305
4698310.04,18093,0.078,4.001,4.079
4698310.28,18094,0.062,4.042,4.105
4698312.22,18095,0.044,4.113,4.157
4698325.87,18093,0.079,4.017,4.096
4698339.05,18094,0.119,10.098,10.217
4698348.68,18095,0.091,8.125,8.215
4698369.43,18093,0.078,4.522,4.6
4698379.64,18094,0.093,8.05,8.143
4698385.14,18095,0.068,4.026,4.094
4698395.85,18093,0.074,3.985,4.059
4698402.09,18094,0.056,6.126,6.182
4698433.37,18095,0.064,4.936,5.0
4698441.51,18093,0.055,6.976,7.031
4698456.26,18094,0.104,3.964,4.067
4698476.98,18095,0.074,7.754,7.828
4698477.6,18093,0.067,6.498,6.565
4698482.93,18094,0.054,6.207,6.261
4698504.69,18095,0.085,5.603,5.687
4698512.96,18093,0.064,4.09,4.155
4698536.0,18094,0.069,5.882,5.951
4698582.36,18095,0.088,4.053,4.14
4698593.68,18093,0.076,3.978,4.054
4698600.41,18094,0.054,8.206,8.26
4698609.07,18095,0.057,10.975,11.031
4698609.27,18093,0.047,9.171,9.218
4698610.19,18094,1.104,7.045,8.149
4698619.06,18095,0.073,6.338,6.41
4698628.61,18093,0.064,9.133,9.197
4698630.05,18094,1.025,4.942,5.966
4698654.06,18095,0.075,7.956,8.031
4698654.31,18093,0.045,4.129,4.174
4698674.21,18094,0.106,4.07,4.177
4698696.15,18095,0.069,8.032,8.101
4698705.94,18093,0.098,4.21,4.307
4698710.19,18094,0.312,4.091,4.403
4698721.53,18095,1.49,7.459,8.948
4698722.4,18093,0.084,4.156,4.24
4698729.74,18094,0.056,4.087,4.143
4698756.91,18095,0.091,4.586,4.678
4698783.78,18093,0.102,4.121,4.223
4698796.41,18094,0.085,5.025,5.11
4698822.74,18095,0.101,6.018,6.119
4698838.77,18093,0.087,8.458,8.545
4698845.48,18094,0.067,9.371,9.437
4698847.35,18095,0.095,5.639,5.734
4698884.97,18093,0.078,4.07,4.148
4698890.39,18094,0.082,4.085,4.167
4698897.27,18093,0.065,4.059,4.123
4698898.48,18095,0.149,6.908,7.057
4698921.54,18094,0.081,7.22,7.301
4698931.13,18093,0.081,9.535,9.616
4698945.49,18094,0.069,3.982,4.051
4698973.25,18095,0.093,6.101,6.194
4699003.85,18093,0.08,5.112,5.192
4699031.04,18094,0.104,4.048,4.152
4699060.24,18095,0.09,8.031,8.121
4699060.5,18093,0.063,6.272,6.336
4699062.69,18094,0.824,5.617,6.442
4699095.12,18094,0.062,3.996,4.058
4699095.15,18095,2.051,12.056,14.107
4699096.71,18093,4.032,9.643,13.674
4699100.93,18095,0.055,4.099,4.154
4699111.19,18094,0.138,8.001,8.139
4699128.94,18093,0.075,4.036,4.111
4699182.73,18095,0.123,3.917,4.04
4699193.35,18093,0.061,6.003,6.065
4699199.09,18095,0.074,3.979,4.054
4699199.4,18094,0.086,12.455,12.541
4699243.26,18093,0.142,4.385,4.528
4699256.38,18095,0.121,3.993,4.114
4699286.32,18094,2.497,11.913,14.41
4699297.15,18093,1.642,8.079,9.721
4699297.22,18095,1.037,5.945,6.982
4699298.98,18094,0.064,4.952,5.016
4699372.4,18093,0.097,4.044,4.141
4699456.99,18095,0.132,5.646,5.778
4699513.67,18094,0.127,7.701,7.828
4699530.76,18093,0.108,4.583,4.692
4699574.21,18095,0.653,11.444,12.097
4699600.44,18094,0.174,6.158,6.332
4699613.57,18093,0.162,4.185,4.347
4699620.55,18095,0.13,4.136,4.266
4699671.39,18094,0.21,4.075,4.284
4699697.71,18093,1.468,4.019,5.487
4699709.44,18095,0.11,5.257,5.367
4699748.61,18094,0.143,7.931,8.074
4699749.05,18093,0.096,6.969,7.066
4699930.99,18095,0.129,4.118,4.246
4699964.68,18093,0.109,4.136,4.245
4699980.28,18094,2.213,4.097,6.31
4700014.12,18095,0.09,4.963,5.053
4700077.63,18093,0.126,4.14,4.266
4700088.87,18094,0.202,4.592,4.794
4700102.85,18095,0.98,4.239,5.219
4700114.26,18093,0.08,7.201,7.282
4700147.28,18094,0.901,4.088,4.989
4700176.65,18095,0.085,6.072,6.157
4700241.72,18093,0.161,6.134,6.295
4700253.06,18094,0.177,8.431,8.608
4700461.92,18095,0.165,4.129,4.294
4700465.02,18093,0.114,4.156,4.27
4700524.73,18094,1.088,4.147,5.235
4700600.05,18095,0.11,4.029,4.139
4700614.32,18093,0.148,4.257,4.405
4700674.33,18094,0.113,4.061,4.174
4700728.75,18095,0.144,8.127,8.271
4700745.28,18093,0.081,4.135,4.216
4700755.01,18094,0.093,4.068,4.161
4700824.23,18095,0.129,6.029,6.159
4700853.44,18093,1.049,7.317,8.366
4700877.19,18094,0.108,4.072,4.18
4700900.24,18095,0.086,3.983,4.069
4700906.21,18093,0.103,4.941,5.044
4700908.99,18094,0.086,5.572,5.658
4700910.74,18095,0.074,4.077,4.151
4700933.17,18093,3.978,12.083,16.061
4700933.35,18094,0.231,10.267,10.498
4700941.7,18095,0.845,5.982,6.827
4701007.29,18093,0.083,7.966,8.049
4701013.68,18095,0.053,5.819,5.873
4701015.44,18094,0.555,8.054,8.609
4701023.57,18093,0.07,6.926,6.996
4701031.11,18095,0.065,6.09,6.154
4701038.93,18094,0.055,6.985,7.04
4701045.53,18093,0.098,3.981,4.078
4701074.46,18095,0.093,4.301,4.394
4701106.77,18094,0.114,8.073,8.187
4701124.46,18093,0.096,4.503,4.599
4701138.02,18095,0.081,3.935,4.016
4701160.94,18094,0.117,3.936,4.053
4701184.34,18093,0.11,4.158,4.268
4701209.04,18095,0.082,5.088,5.171
4701222.42,18094,0.077,5.169,5.246
4701250.57,18093,0.084,6.001,6.085
4701271.82,18095,0.108,4.076,4.185
4701319.66,18094,0.171,4.013,4.184
4701325.12,18093,0.092,5.205,5.297
4701354.01,18094,0.101,5.102,5.203
4701382.21,18095,1.463,4.063,5.526
4701412.17,18093,0.091,5.925,6.016
4701414.58,18094,0.083,4.33,4.412
4701427.51,18095,0.082,6.219,6.3
4701429.71,18093,0.066,4.502,4.569
4701449.29,18094,0.062,6.076,6.138
4701451.63,18095,0.051,4.536,4.587
4701489.42,18093,0.096,6.63,6.726
4701507.01,18094,0.086,4.033,4.12
4701531.98,18095,0.094,6.335,6.429
4701562.36,18093,0.081,12.517,12.598
4701564.56,18094,2.73,6.466,9.196
4701587.51,18095,0.068,7.403,7.471
4701589.25,18093,0.071,5.538,5.608
4701618.56,18094,0.087,4.157,4.244
4701666.51,18093,0.07,11.158,11.228
4701670.13,18095,0.085,15.996,16.081
4701671.04,18094,0.11,12.673,12.783
4701692.11,18093,0.649,8.045,8.695
4701712.77,18095,0.079,4.546,4.625
4701718.7,18094,0.083,7.402,7.485
4701739.84,18095,0.083,12.721,12.804
4701743.47,18093,0.064,5.371,5.436
4701761.35,18094,0.065,5.981,6.046
4701795.99,18095,0.103,4.689,4.792
4701803.27,18093,0.942,4.065,5.007
4701844.94,18094,0.078,4.988,5.066
4701866.24,18095,0.089,4.094,4.182
4701882.36,18093,0.087,4.215,4.302
4701885.47,18094,0.061,4.02,4.081
4701893.51,18093,0.072,7.26,7.332
4701958.43,18095,0.119,5.08,5.2
4701963.27,18094,0.15,4.052,4.202
4701983.31,18093,0.119,8.145,8.264
4701993.33,18095,1.546,8.26,9.807
4702061.36,18094,0.151,8.508,8.659
4702062.71,18093,0.079,6.412,6.49
4702063.89,18095,0.053,4.397,4.45
4702091.46,18094,0.168,11.102,11.271
4702093.21,18093,0.08,10.082,10.162
4702141.52,18095,0.202,3.98,4.182
4702147.95,18094,0.086,4.08,4.166
4702165.51,18093,0.091,8.677,8.769
4702169.12,18095,2.046,8.021,10.067
4702180.52,18094,0.076,6.545,6.621
4702193.57,18093,0.081,7.444,7.525
4702195.24,18095,0.069,7.126,7.195
4702209.74,18094,0.092,4.019,4.112
4702283.0,18093,1.97,5.909,7.878
4702303.22,18095,2.273,4.096,6.369
4702329.41,18094,0.119,4.059,4.178
4702355.34,18093,0.164,4.739,4.904
4702409.19,18095,2.337,8.033,10.37
4702433.71,18094,0.103,4.089,4.192
4702455.53,18093,0.08,4.111,4.191
4702460.34,18095,0.073,3.993,4.066
4702527.91,18094,0.096,4.033,4.129
4702547.42,18093,0.163,4.187,4.35
4702556.96,18095,0.093,6.201,6.295
4702567.79,18094,0.07,7.681,7.75
4702577.79,18095,0.064,10.151,10.215
4702578.09,18093,0.061,14.088,14.149
4702584.17,18094,0.06,8.072,8.132
4702611.39,18095,0.5,6.289,6.789
4702613.91,18093,0.058,4.465,4.523
4702627.38,18094,0.088,4.332,4.42
4702655.81,18095,0.072,7.965,8.037
4702668.15,18093,0.08,8.05,8.131
4702682.4,18095,0.929,4.319,5.248
4702683.1,18094,0.077,8.98,9.057
4702703.46,18093,0.076,4.038,4.114
4702733.21,18095,0.145,6.159,6.304
4702757.47,18094,0.076,6.081,6.157
4702765.08,18093,0.087,4.052,4.139
4702797.08,18095,0.995,5.012,6.007
4702801.54,18094,0.076,4.155,4.23
4702811.44,18093,0.076,6.145,6.221
4702818.36,18095,0.08,8.068,8.148
4702818.57,18094,0.056,5.481,5.537
4702823.07,18093,0.479,4.1,4.579
4702845.82,18095,0.748,4.024,4.772
4702872.14,18094,2.884,6.068,8.952
4702877.95,18093,0.078,4.075,4.153
4702890.91,18095,0.088,4.021,4.109
4702892.98,18094,0.051,4.028,4.079
4702910.07,18095,1.025,7.998,9.023
4702921.58,18093,0.051,8.052,8.103
4702937.36,18094,0.119,4.087,4.207
4702942.36,18095,0.113,8.012,8.125
4702961.24,18093,0.142,5.093,5.235
4702965.72,18094,0.354,4.319,4.673
4702972.6,18095,0.086,4.301,4.388
4702996.69,18093,3.057,10.589,13.645
4702998.1,18094,0.813,8.022,8.834
4703012.86,18095,0.086,4.057,4.142
4703033.51,18093,0.099,7.343,7.442
4703060.35,18094,1.146,7.565,8.711
4703074.02,18095,0.068,8.635,8.703
4703115.7,18093,0.075,7.562,7.637
4703153.63,18094,0.082,6.094,6.176
4703165.66,18095,0.109,4.236,4.345
4703185.54,18093,0.082,5.99,6.072
4703205.58,18094,0.074,8.107,8.181
4703211.7,18095,0.06,5.985,6.046
4703269.62,18093,0.098,4.165,4.263
4703292.38,18094,0.078,11.149,11.227
4703444.92,18095,0.205,6.093,6.299
4703456.7,18093,0.097,8.189,8.285
4703561.93,18094,0.129,4.062,4.19
4703612.2,18095,0.117,4.292,4.408
4703883.91,18093,0.151,6.068,6.219
4704081.05,18094,1.356,5.836,7.192
4704109.08,18095,0.1,4.127,4.227
4704160.93,18093,0.162,3.99,4.152
4704171.24,18094,0.07,8.019,8.089
4704190.25,18095,0.165,4.032,4.198
4704200.08,18093,0.072,5.881,5.953
4704257.38,18094,0.101,3.983,4.084
4704425.65,18095,0.175,7.374,7.549
4704439.81,18093,0.154,4.276,4.43
4704623.45,18094,0.15,5.008,5.158
4704643.31,18095,0.101,7.364,7.465
4704683.68,18093,0.106,6.056,6.162
4704751.71,18094,0.096,6.004,6.1
4704820.39,18095,0.131,4.086,4.217
4704861.33,18093,1.301,3.962,5.263
4704894.33,18094,0.105,6.11,6.215
4704971.8,18095,0.088,6.656,6.744
4705095.52,18093,0.178,4.006,4.184
4705138.21,18094,0.104,4.046,4.15
4705176.6,18095,0.18,3.936,4.116
4705222.75,18093,0.19,6.946,7.136
4705247.91,18094,0.124,4.047,4.171
4705288.91,18095,0.121,5.521,5.642
4705292.67,18093,0.066,5.993,6.059
4705296.24,18094,0.072,4.12,4.192
4705307.64,18095,0.069,3.949,4.019
4705318.05,18093,0.071,4.126,4.197
4705321.38,18094,0.059,4.127,4.186
4705322.93,18093,0.052,4.257,4.309
4705391.79,18094,0.163,5.006,5.169
4705393.54,18095,0.116,7.906,8.022
4705406.5,18093,0.105,8.325,8.43
4705428.25,18094,2.707,10.078,12.785
4705429.43,18095,2.312,9.056,11.367
4705439.66,18093,0.079,11.239,11.318
4705450.91,18095,0.082,8.468,8.55
4705464.37,18094,0.1,7.176,7.275
4705473.19,18093,0.088,7.218,7.305
4705477.36,18095,0.125,4.145,4.27
4705540.22,18093,0.131,9.02,9.152
4705555.99,18094,0.095,6.099,6.194
4705581.21,18095,0.109,7.876,7.985
4705607.57,18093,0.093,4.124,4.217
4705609.19,18094,0.074,4.063,4.137
4705626.9,18095,0.1,4.318,4.418
4705669.07,18093,1.031,7.991,9.022
4705673.54,18093,0.061,4.025,4.086
4705674.13,18094,0.064,6.173,6.236
4705688.69,18095,0.085,4.133,4.218
4705712.2,18093,1.754,9.127,10.881
4705731.3,18094,0.106,6.916,7.022
4705782.16,18095,0.084,4.007,4.092
4705794.89,18093,0.163,3.991,4.155
4705804.71,18094,0.08,5.433,5.513
4705811.17,18095,0.08,6.002,6.082
4705851.05,18093,2.018,7.981,9.999
4705855.09,18094,2.393,3.973,6.366
4705894.78,18095,0.069,4.237,4.306
4705896.54,18093,0.092,8.141,8.233
4705922.7,18094,0.085,4.024,4.109
4705954.27,18095,0.304,4.097,4.401
4705962.65,18093,0.068,8.076,8.144
4705982.69,18094,0.068,6.579,6.647
4705998.8,18095,0.151,5.458,5.61
4706003.25,18093,0.099,4.238,4.337
4706019.49,18094,0.095,8.069,8.164
4706022.77,18095,0.086,6.059,6.145
4706042.11,18093,0.091,5.061,5.152
4706053.6,18094,0.076,10.48,10.556
4706059.9,18095,2.062,7.798,9.86
4706060.57,18093,0.044,7.068,7.112
4706069.58,18093,0.049,5.081,5.13
4706071.39,18094,0.056,9.3,9.356
4706077.12,18095,0.065,4.059,4.124
4706095.19,18093,0.087,3.999,4.086
4706102.47,18094,0.079,7.013,7.092
4706140.1,18095,0.081,5.562,5.643
4706187.13,18093,0.09,4.13,4.22
4706198.83,18094,0.081,7.394,7.474
4706203.38,18095,0.073,4.183,4.256
4706239.18,18093,0.079,11.051,11.13
4706239.97,18094,0.055,8.332,8.387
4706259.64,18095,0.074,4.076,4.15
4706301.09,18093,0.263,4.243,4.506
4706304.05,18094,0.653,3.984,4.637
4706336.26,18095,0.084,5.906,5.99
4706351.99,18093,0.067,3.952,4.018
4706362.58,18094,0.062,8.031,8.093
4706370.8,18095,0.069,5.427,5.496
4706375.53,18093,0.059,6.227,6.285
4706383.73,18094,0.079,7.998,8.077
4706401.96,18095,0.083,4.259,4.341
4706416.97,18093,0.068,5.57,5.637
4706453.43,18094,0.08,4.038,4.117
4706471.64,18095,0.107,5.45,5.557
4706522.56,18093,0.163,4.195,4.358
4706526.36,18094,0.119,5.056,5.175
4706586.94,18095,0.174,4.1,4.274
4706604.65,18093,0.108,4.039,4.147
4706606.04,18094,0.066,3.908,3.974
4706632.62,18095,0.098,10.19,10.288
4706634.97,18093,0.055,6.741,6.796
4706669.24,18095,0.066,7.586,7.652
4706669.45,18094,0.111,7.974,8.085
4706669.94,18093,0.044,6.358,6.402
4706695.89,18094,0.087,4.754,4.842
4706718.29,18093,0.102,6.141,6.243
4706721.52,18095,0.083,5.381,5.464
4706730.31,18094,0.064,8.026,8.09
4706748.17,18093,0.449,9.088,9.538
4706754.33,18095,0.115,6.076,6.191
4706773.66,18094,0.075,3.925,4.0
4706804.94,18093,0.091,4.166,4.257
4706818.43,18095,0.079,3.99,4.069
4706843.53,18094,0.95,4.429,5.379
4706869.12,18093,1.45,6.045,7.495
4706879.32,18095,0.089,6.584,6.673
4706880.57,18094,0.057,7.708,7.766
4706882.73,18093,0.053,5.956,6.009
4706885.3,18095,1.37,5.896,7.266
4706890.4,18094,0.058,9.164,9.222
4706931.4,18093,0.07,12.459,12.529
4706937.06,18095,0.052,16.32,16.372
4706941.25,18094,2.334,14.058,16.392
4706943.06,18093,3.114,8.0,11.115
4706945.49,18095,4.937,8.359,13.296
4706975.17,18094,0.074,4.054,4.127
4707076.62,18093,0.107,4.101,4.207
4707079.12,18095,1.672,4.073,5.745
4707145.89,18094,0.103,4.726,4.829
4707173.4,18093,0.097,4.053,4.15
4707224.97,18095,0.09,4.162,4.252
4707238.33,18094,0.138,8.243,8.381
4707278.72,18093,0.094,4.229,4.322
4707298.85,18095,0.158,4.106,4.264
4707336.88,18094,0.096,7.489,7.585
4707348.2,18093,1.72,4.083,5.803
4707414.53,18095,0.082,10.394,10.476
4707414.88,18094,1.689,8.801,10.49
4707522.51,18093,0.128,4.926,5.053
4707535.76,18095,0.101,4.176,4.277
4707544.78,18094,0.079,4.101,4.181
4707594.65,18093,0.147,6.227,6.374
4707604.58,18095,0.106,4.095,4.201
4707774.54,18094,0.103,4.071,4.175
4707888.91,18093,0.145,4.095,4.239
4707910.06,18095,0.093,5.078,5.17
4708052.07,18094,2.041,7.964,10.005
4708141.19,18093,0.132,4.975,5.107
4708175.27,18095,1.069,4.142,5.212
4708204.8,18094,0.195,6.047,6.242
4708241.33,18093,0.102,8.17,8.272
4708247.14,18095,1.897,4.06,5.957
4708294.1,18094,0.09,6.057,6.146
4708306.95,18093,1.117,3.892,5.009
4708320.8,18095,0.082,4.009,4.09
4708360.25,18094,0.079,8.116,8.194
4708409.19,18093,0.119,5.0,5.119
4708668.45,18095,0.276,4.219,4.495
4708706.14,18094,0.128,3.982,4.11
4708735.09,18093,0.108,4.396,4.505
4708743.74,18095,0.087,6.412,6.499
4708777.36,18094,0.167,4.089,4.256
4708799.63,18093,2.131,6.431,8.562
4708808.34,18095,1.17,4.126,5.296
4708814.09,18094,0.058,7.066,7.123
4708820.72,18095,0.06,4.336,4.396
4708836.73,18093,0.073,5.97,6.043
4708841.06,18094,0.831,7.945,8.776
4708851.5,18095,0.077,4.014,4.091
4708885.64,18093,0.086,4.006,4.092
4708920.34,18094,1.974,4.222,6.196
4708948.38,18095,0.086,5.249,5.335
4708949.18,18093,0.134,3.999,4.132
4708957.66,18094,0.079,6.126,6.205
4708961.99,18093,0.083,4.029,4.111
4708964.28,18095,0.059,10.053,10.112
4708966.25,18094,0.068,4.022,4.09
4708976.05,18093,0.065,3.994,4.058
4708987.71,18095,0.085,8.147,8.232
4709029.75,18094,1.545,7.626,9.171
4709030.5,18093,0.1,4.758,4.859
4709048.57,18095,0.176,8.188,8.364
4709079.1,18095,0.058,4.057,4.115
4709080.08,18094,0.094,12.005,12.099
4709080.94,18093,0.067,6.831,6.898
4709089.77,18095,0.073,4.121,4.194
4709114.95,18094,0.077,4.357,4.434
4709150.6,18093,0.089,5.031,5.12
4709174.58,18095,0.093,4.085,4.178
4709194.28,18094,0.185,4.106,4.291
4709203.37,18093,0.113,4.156,4.269
4709212.33,18095,0.068,6.035,6.103
4709226.16,18093,0.065,4.201,4.267
4709226.68,18094,0.066,12.278,12.344
4709238.53,18095,0.063,4.143,4.206
4709263.14,18093,0.09,4.003,4.093
4709268.35,18094,0.056,5.256,5.312
4709270.91,18095,0.068,4.049,4.117
4709273.99,18094,0.084,4.048,4.132
4709280.77,18093,0.068,4.038,4.107
4709287.19,18095,0.068,4.084,4.151
4709294.03,18094,0.061,6.002,6.063
4709306.45,18093,0.079,5.662,5.741
4709309.03,18095,0.08,3.961,4.041
4709327.04,18094,0.075,12.486,12.561
4709329.36,18093,0.056,6.254,6.31
4709353.72,18095,0.079,3.978,4.058
4709370.85,18094,0.072,4.976,5.048
4709404.11,18093,1.023,8.046,9.068
4709414.34,18095,0.058,8.237,8.296
4709444.79,18094,0.069,6.098,6.167
4709464.29,18093,0.076,4.062,4.138
4709514.74,18095,0.093,4.202,4.295
4709578.24,18094,0.13,6.133,6.263
4709630.25,18093,0.142,7.068,7.21
4709653.64,18095,0.19,4.375,4.566
4709678.1,18094,0.146,4.128,4.274
4709687.15,18093,0.095,4.001,4.095
4709713.28,18095,0.093,7.018,7.111
4709730.13,18094,0.076,5.15,5.226
4709743.52,18093,0.11,4.283,4.393
4709749.77,18095,0.079,6.06,6.138
4709778.36,18093,0.085,4.114,4.198
4709792.88,18094,0.066,4.114,4.18
4709911.13,18095,0.101,5.958,6.059
4709926.54,18093,0.089,4.241,4.33
4709938.4,18094,0.089,7.26,7.349
4709962.2,18095,0.102,3.966,4.067
4709980.07,18093,2.176,3.96,6.136
4709994.72,18094,0.081,4.174,4.254
4710018.34,18095,0.072,8.082,8.154
4710024.09,18093,0.063,3.995,4.058
4710031.2,18094,0.059,4.098,4.157
4710047.32,18095,0.077,4.064,4.14
4710066.34,18093,0.068,3.958,4.026
4710098.67,18094,0.076,6.056,6.132
4710113.7,18095,0.076,4.119,4.195
4710136.08,18093,2.053,3.988,6.041
4710144.08,18094,0.064,4.027,4.091
4710155.3,18095,0.156,4.008,4.164
4710182.18,18093,0.071,8.06,8.131
4710189.77,18094,0.067,6.12,6.187
4710202.16,18095,0.072,10.653,10.725
4710205.35,18093,0.049,11.265,11.314
4710223.8,18094,0.086,4.153,4.239
4710303.65,18095,0.118,3.991,4.109
4710425.18,18093,1.579,5.997,7.576
4710512.14,18095,0.094,3.883,3.977
4710512.66,18094,0.122,6.172,6.294
4710560.29,18093,0.092,8.732,8.824
4710580.76,18095,0.103,7.592,7.695
4710639.42,18094,0.15,4.28,4.43
4710722.02,18093,0.169,7.827,7.996
4710730.33,18095,0.085,8.458,8.544
4710731.84,18093,0.066,8.094,8.159
4710736.35,18094,0.067,8.244,8.31
4710755.18,18095,0.089,5.039,5.128
4710762.69,18093,0.057,4.072,4.128
4710861.93,18094,0.141,5.736,5.876
4710864.74,18095,0.087,4.029,4.116
4710964.16,18094,3.101,8.066,11.167
4711124.22,18093,0.191,5.818,6.009
4711251.29,18095,2.276,6.1,8.376
4711322.98,18094,0.235,4.034,4.269
4711386.95,18093,0.125,4.086,4.211
4711614.17,18095,2.355,3.984,6.339
4711722.62,18093,0.075,9.109,9.184
4711722.83,18094,1.13,11.688,12.818
4711757.5,18095,0.115,4.142,4.257
4711830.41,18093,0.242,9.953,10.195
4711852.19,18094,0.115,4.892,5.007
4711873.72,18095,0.12,4.205,4.325
4711888.29,18093,0.107,7.127,7.234
4711949.57,18094,0.144,4.106,4.249
4711965.4,18095,0.255,6.271,6.526
4711973.1,18093,0.079,7.97,8.05
4711991.14,18094,0.056,4.044,4.1
4711992.65,18095,0.082,6.991,7.073
4712002.04,18093,0.089,4.033,4.122
4712021.74,18094,0.082,4.004,4.086
4712126.86,18095,0.136,6.968,7.104
4712152.36,18093,0.187,3.924,4.111
4712286.66,18094,0.151,10.433,10.584
4712297.67,18095,0.113,6.919,7.031
4712488.1,18093,0.158,5.995,6.153
4712521.22,18094,0.215,6.705,6.921
4712570.43,18095,0.894,8.018,8.913
4712598.47,18093,0.12,4.614,4.734
4712656.12,18094,0.108,6.006,6.114
4712678.78,18095,0.071,6.04,6.111
4712686.05,18093,0.104,3.889,3.993
4712699.14,18094,0.071,4.125,4.196
4712714.11,18095,0.094,4.062,4.155
4712739.54,18093,0.232,10.439,10.672
4712741.74,18094,0.055,4.65,4.705
4712771.22,18095,0.086,6.092,6.178
4712776.04,18093,0.076,4.121,4.196
4712783.83,18094,0.143,4.015,4.158
4712794.12,18095,0.082,6.727,6.81
4712817.43,18093,0.153,7.187,7.34
4712845.92,18094,0.139,3.968,4.108
4712859.91,18095,0.181,4.205,4.386
4712896.19,18093,0.09,6.455,6.545
4712912.25,18094,0.169,9.027,9.196
4712920.12,18095,0.145,7.015,7.16
4712953.15,18093,0.082,8.396,8.478
4712976.51,18095,0.053,6.276,6.329
4712976.67,18094,0.086,8.485,8.571
4712980.25,18093,0.064,4.14,4.204
4712992.27,18095,0.065,7.987,8.051
4713002.95,18094,0.057,7.853,7.91
4713016.47,18093,0.067,5.1,5.167
4713032.02,18095,0.076,4.976,5.053
4713037.41,18094,2.03,8.329,10.36
4713048.53,18093,0.086,4.035,4.121
4713086.22,18095,0.093,5.069,5.162
4713106.06,18094,0.096,5.051,5.147
4713132.04,18093,1.326,3.943,5.269
4713134.74,18095,0.075,5.996,6.071
4713155.69,18094,0.085,7.156,7.241
4713170.54,18093,0.098,3.995,4.092
4713193.19,18095,0.078,8.068,8.146
4713195.13,18094,0.066,5.958,6.024
4713228.17,18093,0.133,3.986,4.118
4713238.59,18095,0.084,7.04,7.124
4713239.38,18094,0.075,5.259,5.334
4713273.16,18095,0.065,4.055,4.12
4713280.09,18093,0.922,12.019,12.94
4713282.08,18094,1.016,10.028,11.043
4713293.05,18095,0.071,7.972,8.043
4713295.7,18093,0.079,4.1,4.179
4713331.74,18094,0.07,4.946,5.017
4713344.25,18095,0.14,4.039,4.179
4713381.3,18094,0.053,6.094,6.147
4713381.41,18093,0.739,8.306,9.045
4713385.24,18095,0.052,4.143,4.194
4713406.92,18094,0.065,10.392,10.458
4713407.95,18093,0.063,10.179,10.242
4713410.48,18095,0.058,4.377,4.436
4713436.93,18094,0.075,8.026,8.101
4713438.88,18093,0.05,6.913,6.963
4713454.25,18095,0.067,7.782,7.849
4713456.37,18094,0.081,3.993,4.074
4713466.49,18095,0.103,4.056,4.16
4713469.06,18093,0.099,7.506,7.605
4713477.07,18094,2.028,7.856,9.884
4713485.69,18095,0.072,4.393,4.465
4713579.98,18093,0.089,5.087,5.176
4713605.69,18094,2.433,6.584,9.017
4713623.82,18095,0.087,6.0,6.086
4713627.85,18094,0.068,5.066,5.133
4713628.42,18093,0.083,8.002,8.085
4713632.93,18095,1.508,6.806,8.314
4713642.02,18094,1.061,5.943,7.004
4713642.28,18093,0.066,4.072,4.139
4713661.62,18095,0.058,6.023,6.081
4713675.2,18094,0.063,8.094,8.157
4713705.38,18093,0.085,4.247,4.331
4713722.29,18095,0.117,4.304,4.421
4713752.26,18094,2.047,8.161,10.208
4713760.11,18093,0.057,8.007,8.065
4713791.59,18094,0.081,8.049,8.13
4713803.94,18093,0.064,4.98,5.044
4713804.22,18095,0.077,8.391,8.468
4713811.08,18094,0.15,3.973,4.123
4713842.39,18093,2.132,6.253,8.385
4713880.1,18095,0.978,9.979,10.957
4713885.16,18094,0.098,6.992,7.09
4713891.93,18093,0.09,6.85,6.941
4713958.17,18094,0.126,8.985,9.111
4713966.68,18095,0.078,8.119,8.197
4714009.37,18093,0.124,8.079,8.203
4714009.52,18094,1.578,4.417,5.995
4714015.77,18095,0.083,4.042,4.125
4714022.66,18093,0.095,5.613,5.708
4714064.15,18094,2.06,17.04,19.1
4714066.1,18095,2.715,14.018,16.733
4714093.13,18093,0.111,5.962,6.073
4714095.24,18094,0.089,4.119,4.208
4714110.14,18095,0.191,4.12,4.311
4714125.25,18093,0.074,9.118,9.192
4714127.76,18094,0.081,7.114,7.194
4714137.59,18095,0.1,6.201,6.301
4714185.33,18093,0.147,4.136,4.283
4714194.89,18094,0.146,4.036,4.182
4714220.48,18095,0.078,6.244,6.322
4714235.64,18093,0.073,8.42,8.493
4714242.11,18094,0.064,4.011,4.075
4714257.35,18095,0.071,4.072,4.143
4714358.24,18093,0.185,9.793,9.978
4714358.45,18094,0.063,8.206,8.269
4714359.86,18095,0.075,6.444,6.519
4714463.88,18093,0.161,4.621,4.781
4714656.53,18094,0.233,4.095,4.329
4714711.07,18095,0.156,4.716,4.872
4714750.43,18093,0.151,8.091,8.242
4714860.88,18094,0.121,6.221,6.341
4714889.88,18095,0.194,4.222,4.416
4714908.17,18093,2.032,8.042,10.075
4714980.42,18094,0.175,10.331,10.506
4714986.27,18095,0.107,8.104,8.211
4715011.11,18093,0.092,3.955,4.047
4715035.88,18095,0.06,7.983,8.043
4715036.22,18094,0.082,11.965,12.047
4715047.63,18093,0.105,6.068,6.173
4715082.95,18094,0.194,4.13,4.324
4715145.23,18095,0.122,7.531,7.653
4715214.79,18093,0.162,7.544,7.707
4715267.13,18094,0.142,6.138,6.279
4715269.59,18095,0.342,4.194,4.536
4715346.95,18093,0.214,3.935,4.149
4715348.29,18094,0.073,4.259,4.333
4715419.18,18095,2.097,10.013,12.11
4715444.3,18093,0.968,7.978,8.946
4715521.21,18094,2.492,6.038,8.53
4715558.42,18095,0.114,4.133,4.247
4715690.19,18093,2.077,4.047,6.125
4715772.26,18094,0.13,4.668,4.798
4715821.88,18095,0.102,5.023,5.124
4715838.06,18093,0.083,9.103,9.186
4715863.34,18094,0.082,7.098,7.179
4715949.26,18095,0.167,7.026,7.193
4716067.93,18093,0.178,3.953,4.131
4716114.77,18094,0.116,5.998,6.114
4716214.68,18095,0.109,6.024,6.132
4716252.16,18093,0.101,4.001,4.102
4716389.69,18094,0.115,3.847,3.963
4716429.05,18095,0.116,4.03,4.146
4716505.41,18093,0.119,6.205,6.324
4716516.44,18094,0.1,4.029,4.129
4716543.43,18095,0.134,3.963,4.097
4716557.82,18093,0.093,5.654,5.747
4716629.34,18095,0.085,4.059,4.144
4716629.82,18094,0.103,5.07,5.173
4716645.19,18093,1.623,4.089,5.711
4716692.96,18095,0.074,4.741,4.815
4716733.09,18094,0.139,4.007,4.147
4716748.22,18093,0.086,6.05,6.136
4716756.4,18095,0.068,8.018,8.086
4716818.39,18094,0.187,4.749,4.937
4716831.54,18093,0.085,8.063,8.148
4716870.97,18095,0.073,4.091,4.164
4716930.53,18094,0.089,6.385,6.474
4717048.71,18093,0.15,4.121,4.271
4717080.53,18095,0.116,6.5,6.616
4717111.75,18094,0.104,4.017,4.12
4717140.74,18093,0.092,4.994,5.086
4717180.65,18095,0.107,4.21,4.317
4717226.15,18094,2.269,4.049,6.318
4717239.21,18093,1.05,12.054,13.105
4717323.0,18095,0.88,5.917,6.798
4717376.19,18094,0.109,5.604,5.712
4717436.63,18093,0.095,8.194,8.289
4717484.97,18095,0.2,4.544,4.743
4717618.02,18094,0.242,5.185,5.427
4717693.6,18093,0.143,5.379,5.523
4717779.35,18095,1.205,3.953,5.158
4717862.74,18094,0.249,4.017,4.266
4717898.91,18093,0.115,4.235,4.35
4717928.07,18095,0.903,7.964,8.867
4717997.4,18094,0.14,8.215,8.355
4718106.14,18093,0.184,4.042,4.225
4718137.91,18095,0.126,3.95,4.076
4718174.96,18094,0.107,5.076,5.183
4718328.39,18093,0.117,7.745,7.862
4718335.15,18095,0.077,9.008,9.085
4718353.2,18093,0.093,4.037,4.13
4718388.64,18094,0.104,4.079,4.183
4718392.21,18095,0.1,4.262,4.363
4718507.95,18094,0.09,6.057,6.147
4718513.88,18093,0.075,5.649,5.724
4718615.39,18095,0.1,4.503,4.604
4718666.58,18094,0.175,4.147,4.321
4718691.2,18093,0.869,4.075,4.944
4718708.78,18095,0.127,4.158,4.285
4718736.93,18094,0.077,4.08,4.156
4718747.97,18093,0.083,4.108,4.191
4718780.21,18095,0.101,4.002,4.103
4718799.19,18094,0.071,9.066,9.137
4718803.94,18093,0.091,7.297,7.388
4718813.32,18095,0.074,7.192,7.266
4718820.39,18093,0.16,5.996,6.156
4718820.41,18094,0.058,8.309,8.366
4718822.55,18095,0.916,4.476,5.392
4718835.19,18094,0.092,6.545,6.637
4718837.42,18093,0.058,4.073,4.131
4718879.42,18095,0.088,7.985,8.072
4718930.4,18094,0.091,4.427,4.518
4718957.59,18093,1.5,10.511,12.011
4718960.13,18095,0.065,6.535,6.599
4718977.64,18094,0.082,7.064,7.146
4718996.92,18093,0.087,4.047,4.134
4719007.61,18095,0.085,7.201,7.286
4719012.16,18094,0.069,7.037,7.106
4719020.02,18093,0.073,4.118,4.192
4719064.26,18095,2.499,4.16,6.659
4719067.38,18094,1.906,4.133,6.039
4719075.98,18093,0.118,4.105,4.223
4719096.7,18095,0.099,3.954,4.054
4719098.7,18094,0.065,4.087,4.152
4719193.38,18093,0.086,7.076,7.162
4719242.81,18095,0.114,4.051,4.164
4719295.45,18094,0.095,10.299,10.394
4719323.51,18093,0.115,4.153,4.268
4719331.37,18095,0.153,4.154,4.306
4719370.21,18094,1.518,10.134,11.652
4719382.7,18093,0.095,7.139,7.234
4719394.49,18095,1.576,5.358,6.934
4719407.6,18093,0.056,7.146,7.202
4719408.13,18094,0.112,8.301,8.413
4719446.12,18095,0.084,4.01,4.094
4719468.2,18093,0.091,8.14,8.232
4719481.45,18094,0.063,6.331,6.394
4719502.52,18095,0.081,4.094,4.176
4719508.94,18093,0.064,6.732,6.796
4719513.61,18095,0.068,8.058,8.126
4719520.25,18094,0.066,4.019,4.085
4719527.33,18093,0.059,4.993,5.052
4719530.44,18095,0.044,4.139,4.182
4719566.06,18093,1.55,5.944,7.494
4719570.17,18094,0.06,8.061,8.121
4719601.91,18095,0.087,4.0,4.087
4719649.68,18093,0.09,4.054,4.144
4719671.13,18094,0.087,5.997,6.084
4719730.24,18095,0.161,4.797,4.958
4719739.3,18093,0.083,6.098,6.181
4719771.24,18094,0.118,4.363,4.481
4719844.38,18095,0.124,4.165,4.288
4719855.05,18093,0.112,7.114,7.226
4719881.79,18094,0.093,5.908,6.001
4719884.2,18095,0.057,5.904,5.961
4719907.99,18093,0.146,3.957,4.103
4719912.99,18094,0.069,5.928,5.997
4719916.28,18095,0.047,7.062,7.109
4719949.65,18093,0.078,3.937,4.015
4719957.22,18094,0.092,4.215,4.307
4719965.65,18095,0.082,4.887,4.969
4719972.17,18093,0.082,8.479,8.561
4719986.32,18094,0.083,4.186,4.269
4720020.1,18095,0.09,4.024,4.114
4720036.37,18093,0.158,6.191,6.349
4720048.5,18094,0.089,4.637,4.726
4720077.68,18095,0.127,8.223,8.35
4720077.95,18093,0.088,6.842,6.93
4720087.19,18094,0.079,4.112,4.19
4720093.37,18095,0.097,4.209,4.306
4720147.39,18093,0.13,4.174,4.305
4720171.39,18094,0.125,4.09,4.215
4720217.1,18095,0.084,4.204,4.289
4720233.9,18093,0.094,4.094,4.188
4720315.59,18094,0.086,4.016,4.102
4720362.91,18095,0.112,5.616,5.729
4720428.19,18093,0.12,6.975,7.095
4720464.16,18094,0.129,3.969,4.097
4720649.11,18095,0.125,4.111,4.236
4720692.32,18093,0.134,6.158,6.292
4720706.12,18094,0.082,4.177,4.259
4720731.11,18095,2.388,9.015,11.403
4720762.78,18093,1.51,6.647,8.156
4720771.01,18094,0.098,4.113,4.211
4720777.25,18095,0.091,3.982,4.073
4720798.07,18093,0.087,8.007,8.094
4720798.23,18094,0.194,4.14,4.334
4720841.83,18095,0.239,6.022,6.261
4720895.85,18093,0.085,6.714,6.799
4720908.91,18094,0.738,12.932,13.67
4720982.49,18095,0.1,6.171,6.271
4721088.4,18093,0.168,4.018,4.186
4721105.85,18094,0.094,4.12,4.214
4721283.21,18095,0.159,7.812,7.971
4721313.2,18093,0.315,4.041,4.356
4721341.66,18094,0.174,4.119,4.293
4721358.34,18095,0.091,8.186,8.277
4721365.1,18093,3.038,7.999,11.037
4721381.12,18095,0.098,4.182,4.28
4721445.08,18094,1.61,7.943,9.553
4721467.52,18093,0.109,4.371,4.48
4721828.15,18095,5.039,12.011,17.05
4721890.09,18094,0.156,14.118,14.274
4721892.45,18093,0.125,7.469,7.595
4721933.19,18095,0.138,4.088,4.225
4721944.82,18094,0.116,6.286,6.402
4721947.28,18093,0.074,5.059,5.132
4721953.75,18095,0.354,4.237,4.591
4721966.86,18094,0.086,4.112,4.199
4721984.99,18093,0.074,6.145,6.219
4722013.12,18095,0.083,7.983,8.066
4722017.41,18094,0.073,4.143,4.216
4722040.73,18093,0.068,3.988,4.056
4722071.72,18095,0.091,6.586,6.677
4722131.39,18094,0.129,6.295,6.424
4722146.86,18093,0.08,6.933,7.012
4722202.66,18095,0.125,4.132,4.257
4722216.32,18094,0.129,4.558,4.688
4722238.14,18093,0.142,7.028,7.17
4722271.37,18095,0.099,4.192,4.29
4722288.81,18094,0.095,7.189,7.284
4722329.97,18093,0.092,4.577,4.67
4722362.12,18095,0.093,4.648,4.741
4722404.13,18094,3.07,8.001,11.071
4722423.52,18093,0.085,3.945,4.029
4722443.25,18095,0.109,4.074,4.183
4722452.89,18094,0.075,7.214,7.289
4722455.33,18093,0.094,5.947,6.041
4722459.48,18095,0.425,6.445,6.87
4722461.92,18093,0.055,4.629,4.684
4722470.32,18094,0.053,14.828,14.881
4722478.51,18095,0.066,8.988,9.055
4722481.21,18094,2.055,7.074,9.129
4722489.91,18093,0.057,4.031,4.088
4722501.3,18095,0.061,3.941,4.002
4722523.47,18094,0.21,4.218,4.428
4722563.03,18093,0.082,4.227,4.309
4722565.48,18095,0.117,8.323,8.44
4722567.82,18094,0.063,7.717,7.78
4722574.22,18093,2.191,11.102,13.293
4722575.05,18095,0.067,9.085,9.152
4722602.1,18094,0.084,6.105,6.189
4722683.25,18093,0.093,4.097,4.19
4722690.52,18095,0.097,4.176,4.273
4722697.05,18094,0.08,5.994,6.074
4722700.58,18093,0.065,4.026,4.092
4722709.87,18094,0.119,4.2,4.319
4722722.66,18095,0.071,10.086,10.156
4722767.19,18093,0.091,4.244,4.335
4722862.12,18094,0.113,4.234,4.347
4722889.14,18095,0.113,8.136,8.249
4722926.11,18093,0.09,4.105,4.195
4722936.48,18094,0.192,6.079,6.272
4722938.93,18095,0.052,4.747,4.799
4722979.19,18093,2.162,4.058,6.219
4722991.19,18094,2.399,4.089,6.487
4723007.77,18095,0.164,4.111,4.275
4723022.74,18093,0.132,8.504,8.636
4723022.84,18094,0.081,6.668,6.749
4723029.72,18095,0.07,5.99,6.06
4723050.43,18093,0.078,10.305,10.384
4723068.22,18094,0.099,4.071,4.17
4723085.91,18095,0.09,8.902,8.992
4723088.73,18093,0.053,9.516,9.569
4723089.45,18094,0.05,7.836,7.886
4723112.75,18093,0.134,7.134,7.268
4723118.0,18095,0.066,5.074,5.139
4723130.18,18094,0.067,6.071,6.138
4723139.11,18093,0.068,8.006,8.073
4723159.15,18095,2.022,8.082,10.105
4723172.96,18094,0.076,4.031,4.107
4723184.7,18093,0.105,4.285,4.39
4723205.39,18095,0.229,9.607,9.835
4723231.19,18094,0.078,7.056,7.134
4723249.69,18093,0.095,4.316,4.411
4723284.68,18094,0.14,4.063,4.202
4723285.19,18095,0.174,4.872,5.046
4723295.42,18093,0.089,7.011,7.1
4723312.16,18094,2.023,5.077,7.099
4723362.2,18095,0.148,5.046,5.194
4723366.28,18093,0.058,8.112,8.17
4723392.25,18094,0.119,3.921,4.04
4723410.21,18095,0.082,6.08,6.162
4723412.55,18093,0.057,4.448,4.505
4723432.05,18094,0.08,7.976,8.056
4723457.47,18095,0.082,6.159,6.241
4723470.03,18093,0.086,4.041,4.127
4723477.22,18094,0.119,4.025,4.144
4723496.71,18095,0.231,5.417,5.648
4723505.06,18093,1.151,3.929,5.08
4723514.44,18094,1.044,9.352,10.396
4723520.5,18095,0.063,8.683,8.746
4723537.19,18093,0.065,6.082,6.147
4723545.36,18094,0.057,4.15,4.207
4723551.15,18095,0.057,4.351,4.408
4723579.14,18093,0.146,4.041,4.187
4723599.75,18094,0.067,4.049,4.116
4723610.29,18095,0.063,8.959,9.022
4723639.58,18093,0.088,4.197,4.285
4723669.76,18094,0.099,5.076,5.176
4723695.09,18095,2.022,8.023,10.045
4723710.75,18093,0.073,4.052,4.125
4723731.09,18094,1.993,6.029,8.023
4723736.33,18095,0.107,7.157,7.264
4723737.75,18093,1.796,4.639,6.435
4723743.5,18094,1.678,6.441,8.119
4723746.54,18095,0.072,8.624,8.696
4723765.09,18093,0.072,7.076,7.148
4723767.41,18094,0.052,7.314,7.366
4723773.95,18095,0.076,5.401,5.476
4723786.0,18093,0.103,4.042,4.145
4723818.28,18094,0.078,8.148,8.226
4723860.91,18095,0.097,3.957,4.055
4723863.41,18093,0.067,4.256,4.322
4723872.2,18095,0.091,4.035,4.126
4723887.68,18094,1.26,12.576,13.837
4723889.12,18093,0.606,12.353,12.958
4723897.21,18095,0.149,4.022,4.171
4723911.46,18094,0.081,10.039,10.12
4723923.21,18093,2.054,8.11,10.164
4723956.96,18095,0.118,4.2,4.318
4723985.74,18094,0.087,7.242,7.329
4723990.11,18093,0.056,6.127,6.182
4723997.35,18095,0.153,7.155,7.308
4724025.42,18094,0.086,4.333,4.419
4724029.12,18093,1.84,4.06,5.9
4724051.27,18094,0.156,4.094,4.25
4724053.4,18095,0.103,4.194,4.297
4724107.81,18093,0.96,4.057,5.017
4724110.18,18094,0.087,4.086,4.173
4724135.2,18093,1.018,4.073,5.091
4724150.18,18095,0.065,7.071,7.137
4724176.43,18094,0.08,12.283,12.363
4724176.87,18095,0.054,5.965,6.019
4724177.05,18093,0.08,9.927,10.007
4724189.02,18094,0.087,4.174,4.261
4724195.91,18095,0.064,4.055,4.119
4724198.45,18093,0.062,4.073,4.135
4724258.48,18094,0.089,4.098,4.188
4724287.06,18095,0.104,4.003,4.108
4724323.33,18093,0.153,8.289,8.442
4724342.89,18094,0.135,4.124,4.258
4724420.91,18095,0.136,5.038,5.173
4724437.17,18093,1.105,4.032,5.138
4724458.74,18094,0.101,6.17,6.271
4724467.54,18095,0.069,8.623,8.692
4724475.86,18093,1.491,13.754,15.245
4724476.27,18094,0.099,12.126,12.225
4724485.82,18095,0.07,7.011,7.082
4724507.2,18093,0.087,4.062,4.149
4724538.83,18094,0.088,4.101,4.189
4724552.68,18095,0.126,5.971,6.097
4724569.98,18093,0.086,4.074,4.16
4724576.87,18094,0.077,4.135,4.212
4724581.07,18095,0.955,4.075,5.031
4724599.3,18093,0.072,5.277,5.349
4724661.36,18094,0.146,6.022,6.169
4724670.9,18095,0.089,7.754,7.843
4724673.33,18093,0.048,9.44,9.488
4724725.65,18093,0.16,5.586,5.746
4724727.21,18094,0.075,13.948,14.023
4724729.36,18095,2.122,11.306,13.428
4724733.23,18093,4.62,7.465,12.085
4724735.46,18094,3.832,8.187,12.02
4724737.6,18095,1.103,4.556,5.659
4724739.97,18093,0.095,4.807,4.902
4724746.14,18094,0.126,4.221,4.346
4724781.21,18095,1.583,6.065,7.649
4724808.64,18093,0.109,4.067,4.176
4724824.15,18094,0.074,11.531,11.605
4724824.34,18095,0.462,10.257,10.719
4724825.04,18093,0.069,8.401,8.47
4724839.55,18094,0.125,3.973,4.098
4724848.33,18093,0.058,4.135,4.193
4724851.21,18095,0.067,8.244,8.311
4724875.19,18094,1.947,8.081,10.028
4724884.06,18093,0.104,4.136,4.239
4724888.63,18095,0.116,6.276,6.392
4724907.04,18094,0.073,6.157,6.23
4724925.48,18093,0.122,6.372,6.494
4724948.4,18095,0.078,5.266,5.344
4724952.61,18094,0.078,4.053,4.131
4724961.18,18093,0.07,4.065,4.135
4725017.08,18095,0.08,7.991,8.071
4725039.51,18094,0.073,7.082,7.155
4725039.72,18093,0.069,4.086,4.155
4725057.12,18095,0.072,4.004,4.077
4725068.75,18094,0.078,4.105,4.183
4725092.86,18093,0.112,8.073,8.185
4725131.14,18095,1.937,4.027,5.964
4725165.29,18094,0.089,4.143,4.232
4725187.69,18093,0.092,6.745,6.837
4725216.31,18095,0.151,4.007,4.158
4725234.17,18094,0.088,4.036,4.124
4725269.52,18093,0.075,8.091,8.165
4725317.11,18095,0.843,8.025,8.869
4725325.28,18094,0.102,7.947,8.049
4725329.94,18093,0.057,9.585,9.642
4725331.64,18095,0.052,9.964,10.016
4725334.23,18094,1.151,8.879,10.03
4725360.97,18093,0.109,5.069,5.178
4725393.98,18095,0.176,4.336,4.512
4725396.48,18094,0.08,5.239,5.319
4725399.08,18093,1.215,3.985,5.2
4725415.97,18095,0.124,6.841,6.965
4725444.55,18094,0.083,4.051,4.134
4725459.67,18095,0.055,4.003,4.058
4725464.04,18093,0.082,8.49,8.572
4725467.07,18094,0.051,6.106,6.156
4725470.18,18095,0.046,5.098,5.144
4725483.61,18093,0.083,7.954,8.037
4725514.19,18094,0.094,7.944,8.038
4725514.53,18095,0.059,4.431,4.49
4725518.07,18093,0.147,4.078,4.226
4725519.64,18094,0.065,4.058,4.122
4725536.09,18095,1.958,3.99,5.947
4725548.17,18094,2.336,4.104,6.44
4725551.03,18093,1.717,5.945,7.663
4725562.87,18095,0.081,4.128,4.209
4725576.06,18094,0.062,5.961,6.023
4725610.88,18093,0.186,4.139,4.325
4725635.13,18095,0.209,13.995,14.204
4725635.26,18093,0.141,10.072,10.213
4725637.15,18094,0.109,13.865,13.973
4725643.34,18095,6.174,8.132,14.306
4725643.4,18093,0.96,8.07,9.03
4725670.69,18094,0.082,4.165,4.247
4725687.96,18093,1.13,5.894,7.025
4725707.96,18095,0.088,4.253,4.341
4725727.69,18094,0.1,4.079,4.178
4725740.19,18093,1.103,10.132,11.235
4725745.41,18095,0.055,11.322,11.377
4725747.08,18094,0.057,10.068,10.125
4725782.51,18093,0.07,4.088,4.158
4725813.49,18094,0.063,6.236,6.299
4725814.47,18095,0.095,8.664,8.76
4725822.9,18093,0.109,6.06,6.169
4725843.43,18095,0.082,12.295,12.377
4725843.6,18094,0.072,10.932,11.004
4725863.2,18093,0.082,6.076,6.157
4725867.64,18094,1.509,7.554,9.063
4725885.05,18095,0.089,4.11,4.199
4725939.65,18093,0.091,4.22,4.311
4725946.81,18094,0.065,9.811,9.876
4725978.41,18095,0.087,4.153,4.239
4725984.73,18093,0.059,7.72,7.779
4726005.05,18094,0.085,5.233,5.318
4726010.33,18094,0.072,4.128,4.2
4726039.2,18093,0.098,7.055,7.153
4726050.22,18095,1.782,4.147,5.93
4726056.86,18094,0.063,8.456,8.519
4726086.49,18093,0.112,4.305,4.417
4726090.93,18095,0.09,5.833,5.923
4726116.68,18094,0.071,12.209,12.28
4726116.81,18093,0.078,10.992,11.07
4726121.83,18095,0.085,4.192,4.277
4726148.85,18094,0.071,11.734,11.805
4726175.09,18093,0.073,4.096,4.169
4726189.8,18095,0.147,4.33,4.477
4726203.2,18094,0.097,6.223,6.32
4726253.24,18093,0.096,6.196,6.293
4726265.03,18095,0.065,5.971,6.036
4726271.72,18094,0.076,4.094,4.17
4726304.01,18095,0.055,3.912,3.967
4726304.32,18093,0.122,9.137,9.259
4726329.09,18094,0.093,12.238,12.331
4726330.65,18095,0.105,5.966,6.07
4726349.11,18093,0.074,4.99,5.064
4726356.13,18094,0.068,4.065,4.132
4726380.17,18095,0.908,8.029,8.938
4726444.08,18093,1.585,7.902,9.487
4726455.22,18094,0.126,4.141,4.267
4726466.94,18095,0.185,4.099,4.285
4726491.91,18093,0.12,3.933,4.053
4726502.17,18094,0.081,6.969,7.049
4726504.95,18095,0.052,4.021,4.073
4726539.48,18094,0.101,7.828,7.929
4726551.71,18093,0.086,7.265,7.351
4726559.09,18095,0.087,4.243,4.33
4726582.46,18093,0.059,3.99,4.049
4726584.39,18094,0.077,8.162,8.239
4726589.29,18095,0.045,8.596,8.641
4726602.65,18093,0.081,8.073,8.154
4726616.17,18094,0.071,7.915,7.986
4726616.49,18095,0.053,6.261,6.314
4726635.99,18093,0.077,4.076,4.153
4726655.24,18094,0.095,6.081,6.176
4726667.55,18095,0.07,4.112,4.182
4726719.78,18095,0.074,4.092,4.165
4726733.31,18094,0.136,8.128,8.264
4726801.97,18093,0.116,4.098,4.214
4726975.48,18095,0.098,7.051,7.149
4727010.27,18094,0.124,4.353,4.477
4727040.62,18093,0.106,5.05,5.156
4727073.18,18095,0.084,9.159,9.243
4727394.99,18094,0.185,4.22,4.405
4727483.45,18093,0.154,7.301,7.454
4727502.16,18095,0.154,4.096,4.25
4727521.32,18094,0.108,4.018,4.126
4727541.06,18093,3.268,5.968,9.236
4727551.1,18095,0.092,3.969,4.061
4727719.29,18094,1.239,8.105,9.344
4727767.12,18093,0.16,4.07,4.23
4727833.14,18095,2.934,8.037,10.971
4727883.24,18094,0.142,4.05,4.192
4727899.16,18093,0.138,7.149,7.287
4727944.77,18095,4.031,5.684,9.714
4728000.21,18094,0.111,9.118,9.229
4728048.58,18095,0.084,6.444,6.528
4728048.82,18093,2.13,8.703,10.833
4728137.12,18094,1.284,8.031,9.315
4728165.57,18095,0.088,6.007,6.095
4728248.36,18093,0.144,4.167,4.311
4728297.59,18094,0.153,6.074,6.227
4728330.18,18095,0.105,8.183,8.289
4728334.42,18093,0.079,8.183,8.262
4728335.14,18094,0.078,4.625,4.703
4728381.17,18095,0.079,9.093,9.171
4728387.15,18093,0.063,8.053,8.116
4728399.25,18094,0.067,8.15,8.217
4728466.31,18095,0.086,12.262,12.348
4728468.33,18093,0.067,8.11,8.177
4728479.87,18094,0.069,5.955,6.024
4728562.31,18095,0.191,8.136,8.328
4728652.28,18093,1.098,4.107,5.205
4728703.79,18094,0.111,8.179,8.289
4728724.73,18095,1.634,5.969,7.603
4728730.69,18093,0.076,3.936,4.012
4728797.01,18094,0.125,10.307,10.433
4728802.26,18095,0.089,5.112,5.201
4728918.82,18094,0.198,4.052,4.251
4729000.81,18093,0.118,5.306,5.424
4729014.98,18095,0.126,9.527,9.654
4729018.61,18094,1.422,7.533,8.955
4729073.3,18095,0.065,4.086,4.151
4729074.94,18093,0.158,6.03,6.188
4729077.25,18094,0.048,6.058,6.106
4729131.67,18095,0.14,4.0,4.14
4729254.51,18093,0.097,10.12,10.217
4729264.75,18094,0.077,9.061,9.138
4729288.6,18095,0.085,10.771,10.856
4729300.24,18093,0.094,4.077,4.171
4729469.77,18094,0.247,6.348,6.596
4729551.0,18095,0.175,8.123,8.298
4729559.3,18093,0.115,8.31,8.424
4729600.32,18094,0.235,4.309,4.544
4729664.16,18095,0.11,6.99,7.099
4729674.79,18093,0.1,5.075,5.175
4729684.6,18094,0.071,4.216,4.287
4729694.56,18095,0.09,3.954,4.044
4729736.28,18093,0.093,7.137,7.23
4729746.35,18094,0.071,16.984,17.056
4729750.42,18093,1.33,14.04,15.37
4729750.54,18095,0.884,17.499,18.383
4729755.03,18094,3.857,8.612,12.47
4729775.34,18095,0.06,6.096,6.156
4729775.49,18093,0.074,8.489,8.563
4729794.36,18094,0.085,4.122,4.207
4729864.74,18095,0.138,4.331,4.469
4729877.48,18093,0.091,5.145,5.236
4729881.14,18094,0.085,4.003,4.088
4729897.98,18093,2.026,7.901,9.927
4729902.27,18095,1.041,8.177,9.218
4729909.7,18094,0.277,7.038,7.315
4729947.17,18093,0.086,4.037,4.123
4729963.05,18095,0.092,3.973,4.065
4729991.96,18093,0.091,5.833,5.924
4729992.59,18094,0.105,8.162,8.267
4729997.48,18095,0.051,8.177,8.228
4729999.97,18093,4.219,5.835,10.054
4730016.62,18094,0.079,3.972,4.052
4730024.75,18095,0.054,11.274,11.328
4730025.64,18093,0.068,9.031,9.099
4730028.2,18094,0.062,4.104,4.165
4730060.69,18095,0.073,11.042,11.114
4730063.11,18093,0.05,11.0,11.05
4730071.49,18094,0.066,6.631,6.696
4730084.68,18095,0.085,4.027,4.112
4730146.96,18093,0.084,5.528,5.611
4730187.07,18094,0.137,4.122,4.26
4730193.93,18095,0.058,6.086,6.144
4730202.91,18093,2.061,8.801,10.862
4730206.99,18094,0.077,8.315,8.392
4730219.7,18095,0.091,8.654,8.745
4730267.87,18094,0.059,6.941,7.0
4730268.13,18093,0.112,8.363,8.475
4730300.1,18095,0.086,7.61,7.697
4730308.0,18094,0.059,12.734,12.793
4730308.15,18093,1.149,10.081,11.23
4730317.9,18095,2.023,7.823,9.845
4730332.33,18094,0.106,5.022,5.129
4730344.87,18093,0.064,4.039,4.103
4730350.03,18095,0.075,5.369,5.444
4730362.99,18094,0.082,5.007,5.089
4730371.38,18093,0.071,10.002,10.073
4730371.57,18095,0.081,8.121,8.201
4730390.92,18094,0.066,8.418,8.484
4730410.64,18093,0.099,7.265,7.364
4730412.29,18095,0.071,4.023,4.094
4730431.9,18094,0.089,4.089,4.178
4730441.47,18093,0.092,7.097,7.189
4730443.92,18095,0.094,7.421,7.515
4730454.13,18094,0.098,8.002,8.101
4730460.33,18093,0.076,9.204,9.28
4730463.18,18095,1.229,8.087,9.316
4730473.82,18094,0.08,6.713,6.793
4730512.25,18093,0.104,4.098,4.202
4730546.81,18095,0.559,8.986,9.544
4730557.06,18094,1.427,7.984,9.411
4730566.77,18093,0.087,5.028,5.115
4730601.29,18095,0.088,10.305,10.392
4730602.61,18094,0.086,5.36,5.445
4730617.55,18093,0.121,8.348,8.469
4730621.06,18095,0.243,9.632,9.875
4730623.48,18094,0.075,8.36,8.435
4730715.83,18093,0.137,4.141,4.278
4730725.53,18095,0.089,4.162,4.251
4730727.21,18094,0.142,4.01,4.152
4730787.58,18093,0.11,5.994,6.104
4730810.8,18095,0.116,4.153,4.268
4730814.99,18094,0.07,5.217,5.287
4730817.65,18093,0.085,4.026,4.111
4730838.15,18095,0.069,8.164,8.233
4730843.89,18094,0.077,5.77,5.846
4730858.11,18094,0.096,6.982,7.078
4730863.31,18095,0.062,15.318,15.38
4730863.54,18093,2.419,12.443,14.862
4730879.99,18094,0.084,4.015,4.099
4730890.25,18095,0.082,5.475,5.557
4730892.8,18093,0.062,4.1,4.163
4730919.51,18094,0.156,4.407,4.563
4730951.57,18095,1.044,5.476,6.521
4730964.89,18093,0.063,4.116,4.179
4730991.08,18094,0.173,3.974,4.147
4730999.0,18095,0.16,4.032,4.191
4731033.28,18093,0.088,4.141,4.229
4731089.23,18094,0.084,8.098,8.181
4731132.51,18095,0.169,4.023,4.192
4731142.2,18093,0.087,4.046,4.133
4731157.03,18094,0.096,3.949,4.045
4731166.73,18095,0.064,5.018,5.082
4731183.25,18093,0.055,8.018,8.073
4731196.58,18094,0.312,13.23,13.542
4731198.88,18093,0.848,7.751,8.599
4731199.32,18095,1.8,10.267,12.067
4731256.62,18094,0.16,13.865,14.025
4731260.65,18093,0.052,13.461,13.513
4731261.04,18095,0.074,16.824,16.898
4731268.14,18094,7.839,11.44,19.279
4731277.9,18093,1.499,5.756,7.254
4731278.2,18095,2.815,13.148,15.963
4731310.62,18094,0.089,4.873,4.961
4731313.13,18093,0.086,4.237,4.323
4731322.99,18094,0.084,6.866,6.949
4731325.25,18095,0.053,6.049,6.102
4731331.75,18093,0.09,4.35,4.44
4731342.38,18094,0.085,6.973,7.058
4731352.99,18095,0.094,4.138,4.232
4731360.12,18093,1.705,8.016,9.721
4731375.6,18094,0.078,7.108,7.186
4731376.89,18095,0.053,4.693,4.746
4731387.61,18093,0.078,7.056,7.134
4731418.93,18094,0.077,7.086,7.163
4731428.72,18093,0.077,6.141,6.219
4731429.57,18095,0.14,7.737,7.877
4731447.19,18094,0.105,6.028,6.133
4731465.08,18093,0.072,4.966,5.037
4731500.84,18095,0.091,4.376,4.467
4731526.98,18094,0.174,4.162,4.336
4731545.4,18093,0.341,4.316,4.657
4731562.12,18095,0.125,3.987,4.112
4731592.7,18094,0.127,4.517,4.643
4731613.74,18093,0.129,4.171,4.3
4731635.26,18095,0.082,4.007,4.089
4731694.96,18093,0.069,5.086,5.155
4731695.69,18094,0.161,8.332,8.493
4731699.16,18095,0.09,7.049,7.138
4731709.6,18094,0.083,8.312,8.395
4731710.5,18093,0.058,6.804,6.862
4731755.0,18095,0.095,4.045,4.14
4731759.4,18094,1.924,4.329,6.253
4731776.26,18095,0.068,3.992,4.06
4731951.11,18093,0.133,9.17,9.303
4732011.96,18094,0.134,4.083,4.218
4732112.58,18095,0.295,4.222,4.517
4732307.09,18093,0.149,6.798,6.947
4732393.62,18094,0.151,4.087,4.239
4732402.1,18095,0.079,7.958,8.037
4732460.57,18093,0.106,6.121,6.227
4732512.79,18094,0.103,4.004,4.107
4732592.27,18095,0.097,7.014,7.111
4732619.11,18093,0.109,5.033,5.142
4732684.34,18094,0.17,3.939,4.109
4732744.44,18095,1.642,8.209,9.85
4732783.34,18093,0.112,7.064,7.176
4732852.18,18094,1.346,8.066,9.413
4732906.93,18095,0.096,5.761,5.858
4732913.49,18093,0.101,4.205,4.306
4733054.39,18094,0.754,4.056,4.81
4733067.14,18095,0.169,4.039,4.208
4733086.65,18093,0.084,5.97,6.054
4733095.45,18094,0.099,6.204,6.303
4733183.63,18095,0.1,8.039,8.14
4733283.06,18093,0.122,4.132,4.254
4733302.22,18094,2.1,8.065,10.165
4733334.1,18095,0.891,8.0,8.891
4733437.1,18093,0.105,4.068,4.173
4733441.3,18094,0.194,4.052,4.247
4733449.02,18095,0.252,4.205,4.457
4733495.94,18093,0.086,5.982,6.068
4733566.43,18094,0.128,6.024,6.152
4733582.07,18095,0.084,4.697,4.781
4733654.07,18093,0.115,8.045,8.16
4733677.66,18094,0.171,4.267,4.438
4733840.08,18095,0.179,7.577,7.755
4733873.12,18093,1.644,7.959,9.603
4733940.68,18094,0.164,6.027,6.19
4734015.24,18095,0.099,7.088,7.187
4734059.7,18093,0.119,4.145,4.264
4734163.04,18094,0.533,9.903,10.436
4734276.69,18095,0.113,4.027,4.14
4734326.75,18093,0.148,8.108,8.256
4734344.2,18094,0.103,4.039,4.141
4734359.8,18095,0.075,3.983,4.058
4734418.15,18093,0.123,7.534,7.657
4734430.85,18095,0.092,6.041,6.132
4734431.42,18094,2.218,8.301,10.519
4734462.16,18093,1.111,8.087,9.198
4734541.64,18094,0.087,6.203,6.289
4734585.23,18095,0.118,4.052,4.169
4734687.16,18093,0.099,9.003,9.102
4734710.89,18094,0.093,6.07,6.163
4734736.22,18095,0.209,4.034,4.243
4734744.95,18093,0.121,4.031,4.152
4734779.65,18093,0.063,3.96,4.023
4734780.1,18094,2.03,15.011,17.041
4734782.21,18095,2.787,14.12,16.907
4734810.41,18093,0.139,4.167,4.306
4734816.08,18094,0.282,3.99,4.272
4734844.15,18095,0.133,10.671,10.804
4734844.87,18093,0.082,8.724,8.805
4734852.14,18094,3.025,8.057,11.081
4734897.13,18093,0.098,4.09,4.188
4734911.55,18095,0.306,4.199,4.505
4734915.88,18094,0.109,4.095,4.204
4735017.2,18093,1.335,4.049,5.384
4735040.23,18095,0.099,11.964,12.063
4735046.07,18094,0.064,9.955,10.019
4735073.79,18093,0.108,4.066,4.174
4735126.18,18095,0.095,8.03,8.125
4735139.1,18094,0.076,4.946,5.021
4735147.16,18093,1.056,8.054,9.11
4735150.99,18095,0.072,6.602,6.674
4735152.88,18094,0.065,5.176,5.241
4735206.84,18093,0.156,4.53,4.686
4735220.81,18095,0.076,6.986,7.062
4735242.2,18094,0.074,7.078,7.152
4735258.7,18093,0.064,4.104,4.169
4735261.97,18095,0.054,4.752,4.806
4735298.66,18094,0.09,10.698,10.788
4735311.96,18093,0.073,5.84,5.913
4735322.4,18095,0.073,6.092,6.165
4735343.24,18094,0.924,4.173,5.097
4735362.16,18093,0.089,6.165,6.254
4735380.9,18095,0.127,10.189,10.317
4735382.95,18094,2.019,7.895,9.914
4735388.38,18093,0.059,5.854,5.913
4735410.54,18095,0.073,9.389,9.463
4735412.13,18094,1.028,13.041,14.069
4735480.25,18093,0.195,7.984,8.179
4735487.09,18095,0.073,12.747,12.82
4735487.31,18094,0.049,9.218,9.267
4735494.83,18093,0.119,6.237,6.356
4735510.99,18095,0.077,6.085,6.162
4735513.27,18094,0.675,6.168,6.843
4735517.65,18093,0.058,6.078,6.136
4735521.1,18095,0.073,3.993,4.066
4735526.09,18094,0.076,3.971,4.047
4735555.29,18093,0.088,8.327,8.416
4735561.11,18095,0.089,8.102,8.191
4735584.7,18094,0.199,4.094,4.293
4735608.78,18093,1.643,8.678,10.321
4735619.2,18095,2.064,4.123,6.187
4735710.11,18094,0.089,5.975,6.064
4735729.11,18093,0.087,4.12,4.206
4735758.15,18095,2.457,4.031,6.488
4735769.1,18094,0.07,3.992,4.062
4735781.3,18093,0.074,6.014,6.088
4735784.44,18095,0.062,8.096,8.158
4735791.79,18094,0.058,5.028,5.086
4735805.79,18093,0.084,4.343,4.428
4735813.24,18095,0.058,8.13,8.188
4735881.07,18093,2.039,5.918,7.957
4735906.32,18094,0.115,4.13,4.245
4735910.92,18095,0.067,4.108,4.175
4735953.23,18093,0.104,4.072,4.176
4735959.17,18094,0.068,4.823,4.891
4735965.72,18095,0.107,5.115,5.222
4736001.37,18093,2.075,5.897,7.972
4736042.3,18094,0.082,12.043,12.125
4736046.17,18095,0.056,12.036,12.092
4736046.42,18093,0.068,8.312,8.38
4736046.51,18094,2.4,4.073,6.473
4736060.82,18095,0.085,6.03,6.116
4736115.03,18093,0.076,6.112,6.188
4736119.09,18094,0.515,7.998,8.513
4736124.71,18095,0.071,6.115,6.186
4736182.62,18094,0.157,11.725,11.882
4736209.24,18093,0.066,4.132,4.197
4736228.72,18095,0.065,4.126,4.191
4736262.97,18094,0.073,5.989,6.062
4736389.28,18093,0.119,4.095,4.214
4736456.5,18095,0.323,4.252,4.575
4736544.66,18094,0.167,4.266,4.433
4736691.93,18093,0.126,4.116,4.243
4736727.82,18095,0.104,3.982,4.086
4736816.27,18094,0.091,4.235,4.326
4736850.26,18093,0.088,8.31,8.398
4736886.91,18095,0.114,6.179,6.293
4736903.23,18094,0.083,5.086,5.17
4736947.43,18093,0.203,6.083,6.286
4736969.42,18095,0.124,6.027,6.15
4737137.43,18094,0.209,4.036,4.244
4737477.35,18093,0.144,3.968,4.113
4737571.57,18095,0.151,4.658,4.809
4737590.81,18093,0.058,4.698,4.756
4737596.16,18094,0.177,11.583,11.76
4737596.9,18095,0.054,6.368,6.422
4737621.94,18093,0.079,8.498,8.577
4737769.4,18094,0.102,5.286,5.388
4737791.19,18095,0.126,4.019,4.146
4737979.31,18093,1.356,7.06,8.415
4737992.36,18094,0.107,7.079,7.186
4738189.18,18095,0.886,8.05,8.936
4738220.22,18093,0.217,4.073,4.29
4738338.3,18094,1.586,10.088,11.673
4738344.59,18095,0.068,8.474,8.543
4738363.97,18093,0.083,6.076,6.159
4738416.49,18094,0.089,6.339,6.428
4738538.18,18095,0.139,8.003,8.141
4738581.7,18093,0.16,10.119,10.279
4738584.47,18094,0.07,11.141,11.21
4738625.21,18095,1.423,6.085,7.508
4738673.32,18093,0.091,5.919,6.011
4738739.69,18094,0.121,4.062,4.183
4738797.9,18095,0.151,3.999,4.15
4738876.49,18093,0.117,4.938,5.055
4738984.19,18094,1.053,11.044,12.097
4738998.83,18095,0.107,5.803,5.91
4739015.58,18093,0.157,4.074,4.232
4739029.17,18094,0.194,4.416,4.609
4739036.7,18095,0.373,4.133,4.506
4739096.22,18093,0.978,12.1,13.078
4739261.37,18094,0.126,7.177,7.303
4739352.08,18095,0.103,14.247,14.351
4739364.51,18093,0.087,9.027,9.114
4739399.87,18094,0.118,4.073,4.19
4739455.04,18095,3.166,7.948,11.114
4739473.07,18093,0.106,4.132,4.238
4739483.78,18094,0.106,6.765,6.87
4739493.7,18095,0.168,4.157,4.326
4739505.86,18093,0.164,5.532,5.696
4739513.15,18094,0.073,8.095,8.168
4739559.71,18093,0.084,5.044,5.127
4739564.06,18095,0.083,4.201,4.284
4739590.9,18094,0.108,6.084,6.192
4739615.22,18093,2.926,8.135,11.06
4739637.05,18095,0.087,4.07,4.158
4739720.22,18094,0.082,4.065,4.147
4739731.14,18093,0.084,5.395,5.479
4739775.43,18095,0.088,6.408,6.496
4739803.27,18094,2.152,8.068,10.22
4739838.03,18093,1.404,3.936,5.34
4739851.02,18095,0.173,5.193,5.366
4739962.34,18094,0.133,4.317,4.449
4740019.73,18093,0.166,8.311,8.477
4740033.02,18095,0.112,4.164,4.276
4740070.95,18094,0.161,5.223,5.384
4740118.19,18093,0.177,4.075,4.252
4740187.3,18095,0.111,7.982,8.093
4740327.01,18094,0.175,5.035,5.21
4740357.35,18093,1.255,8.164,9.419
4740375.2,18095,0.105,4.222,4.327
4740379.25,18094,0.124,4.167,4.29
4740400.23,18093,0.141,5.24,5.381
4740438.21,18095,2.03,8.114,10.144
4740453.44,18094,1.222,4.358,5.581
4740470.57,18093,0.098,4.023,4.121
4740485.06,18095,0.091,4.116,4.208
4740544.3,18094,0.097,4.148,4.245
4740634.41,18093,0.116,5.185,5.301
4740686.33,18095,0.131,3.976,4.107
4740696.19,18094,0.132,4.062,4.194
4740705.93,18093,0.085,4.18,4.265
4740740.58,18095,1.828,9.115,10.943
4740744.53,18094,0.187,11.426,11.613
4740755.93,18093,0.15,5.95,6.1
4740769.55,18095,0.155,4.062,4.216
4740785.53,18094,0.133,4.052,4.185
4740796.22,18093,0.147,6.781,6.928
4740797.29,18095,0.076,4.122,4.198
4740813.76,18094,0.077,7.633,7.71
4740845.77,18093,0.136,6.012,6.148
4740861.92,18095,0.08,4.072,4.152
4740888.68,18094,0.145,8.763,8.909
4740888.99,18093,1.017,5.923,6.94
4740908.32,18095,0.092,7.053,7.145
4740925.01,18094,0.069,4.094,4.163
4740936.06,18093,0.077,7.732,7.809
4740948.85,18095,0.075,4.244,4.319
4740978.34,18094,0.157,8.335,8.491
4740990.1,18093,1.022,11.028,12.05
4740990.18,18095,0.074,7.963,8.037
4741000.34,18094,0.062,6.673,6.735
4741010.11,18093,0.069,8.507,8.577
4741029.69,18095,0.08,4.152,4.232
4741039.28,18094,0.11,4.319,4.429
4741073.13,18093,0.149,6.227,6.376
4741089.98,18095,0.103,6.082,6.186
4741092.17,18094,0.055,6.038,6.093
4741098.15,18093,0.064,4.038,4.102
4741133.15,18095,0.136,10.259,10.395
4741136.09,18094,0.072,9.084,9.157
4741136.71,18093,0.136,7.486,7.622
4741157.62,18095,0.094,5.907,6.001
4741172.95,18094,1.226,7.871,9.096
4741176.64,18093,0.062,4.144,4.206
4741198.14,18094,1.03,8.056,9.086
4741201.45,18095,0.064,4.109,4.173
4741208.84,18094,0.129,4.126,4.255
4741231.22,18093,0.078,3.983,4.062
4741237.75,18095,0.075,4.033,4.108
4741248.52,18094,0.082,6.118,6.2
4741273.13,18093,1.593,8.024,9.617
4741273.21,18095,0.06,6.115,6.175
4741284.34,18094,0.056,4.066,4.123
4741295.05,18093,0.081,4.033,4.114
4741349.18,18095,0.082,4.181,4.263
4741362.76,18094,0.075,5.883,5.957
4741367.2,18093,0.066,6.817,6.883
4741455.93,18095,0.118,4.029,4.147
4741460.25,18094,0.088,4.17,4.258
4741513.38,18093,0.085,4.279,4.364
4741540.65,18095,0.088,4.096,4.184
4741583.64,18094,0.095,8.111,8.207
4741602.35,18093,0.879,3.973,4.852
4741611.94,18095,0.09,4.113,4.203
4741626.46,18094,0.119,5.823,5.942
4741638.53,18093,0.072,7.139,7.211
4741660.68,18095,0.068,13.774,13.842
4741661.16,18094,0.072,12.776,12.848
4741695.9,18093,0.096,4.138,4.234
4741698.33,18095,0.074,4.096,4.169
4741703.61,18094,0.139,4.059,4.198
4741728.49,18093,0.092,7.825,7.918
4741791.43,18095,0.129,5.093,5.222
4741801.33,18094,0.1,4.169,4.269
4741831.46,18093,0.081,5.221,5.302
4741840.21,18095,0.057,9.003,9.06
4741878.88,18093,0.092,6.116,6.207
4741885.52,18094,0.058,8.417,8.475
4741885.62,18095,0.053,5.287,5.34
4741916.11,18093,0.077,6.886,6.963
4741922.47,18094,0.07,9.196,9.267
4741925.35,18095,0.067,5.973,6.04
4741937.17,18093,0.08,4.107,4.187
4741943.6,18094,0.127,4.226,4.353
4741951.78,18095,0.064,4.264,4.328
4741987.57,18093,0.071,9.582,9.654
4742000.4,18094,1.165,8.324,9.489
4742016.26,18095,0.166,4.132,4.298
4742018.71,18093,0.067,4.35,4.417
4742025.41,18094,0.076,4.039,4.115
4742040.45,18095,2.6,8.205,10.805
4742074.41,18093,0.08,7.08,7.16
4742091.74,18094,0.158,3.985,4.143
4742099.02,18095,0.165,4.574,4.739
4742128.45,18093,0.094,6.297,6.39
4742136.18,18094,0.073,8.01,8.083
4742148.47,18093,0.085,11.317,11.403
4742150.25,18095,1.096,10.151,11.247
4742173.16,18094,0.162,3.939,4.1
4742190.53,18093,0.105,12.303,12.408
4742191.04,18095,0.078,8.761,8.839
4742199.73,18094,0.101,4.055,4.156
4742233.08,18093,2.026,7.999,10.025
4742241.6,18095,0.07,4.095,4.165
4742274.91,18094,0.158,4.227,4.385
4742294.16,18093,0.09,4.108,4.198
4742305.95,18095,0.064,7.963,8.028
4742310.65,18094,0.073,8.139,8.212
4742319.22,18093,1.815,4.065,5.88
4742335.23,18095,1.352,4.134,5.487
4742342.23,18094,0.054,4.037,4.091
4742357.79,18093,0.074,3.942,4.016
4742411.49,18095,0.083,4.359,4.442
4742427.15,18094,0.075,4.03,4.105
4742451.73,18093,0.154,11.035,11.189
4742456.15,18095,0.774,14.045,14.82
4742460.18,18094,0.855,8.28,9.135
4742468.13,18093,0.075,7.013,7.088
4742491.33,18095,0.117,10.341,10.458
4742527.85,18094,0.174,7.575,7.749
4742530.35,18093,0.061,8.914,8.975
4742531.47,18095,0.062,7.833,7.895
4742538.42,18093,3.394,7.991,11.386
4742548.14,18095,0.101,7.993,8.094
4742588.68,18094,0.132,4.371,4.503
4742624.85,18093,0.103,6.016,6.119
4742849.6,18095,0.131,6.087,6.218
4742874.18,18094,0.116,8.043,8.159
4742941.1,18093,0.164,6.964,7.128
4742942.34,18095,0.085,4.089,4.174
4742958.94,18093,0.056,4.018,4.074
4742959.42,18094,0.082,7.284,7.366
4742994.16,18095,0.084,6.018,6.102
4743004.15,18093,0.057,8.041,8.098
4743029.18,18094,0.072,5.985,6.057
4743151.36,18095,0.151,9.139,9.29
4743180.43,18093,0.101,4.167,4.268
4743186.89,18094,0.105,7.446,7.551
4743190.62,18095,0.292,4.136,4.428
4743199.36,18094,0.1,8.88,8.979
4743203.61,18093,0.101,4.05,4.151
4743217.24,18095,3.097,6.072,9.169
4743221.42,18094,0.181,8.104,8.285
4743229.41,18093,0.344,12.013,12.358
4743231.14,18095,2.02,6.085,8.105
4743248.96,18094,0.087,3.932,4.02
4743279.08,18093,0.166,4.13,4.296
4743295.75,18095,0.105,4.188,4.294
4743336.05,18094,0.094,7.368,7.461
4743347.55,18093,0.108,6.763,6.871
4743351.42,18095,0.058,9.07,9.128
4743356.08,18094,0.055,7.982,8.037
4743382.96,18095,0.062,6.001,6.064
4743387.76,18093,0.173,14.078,14.251
4743392.0,18094,0.07,4.07,4.14
4743410.48,18095,0.22,4.46,4.68
4743433.28,18093,0.09,4.146,4.236
4743449.15,18093,0.048,4.059,4.108
4743453.42,18094,0.076,14.105,14.182
4743453.57,18095,0.077,10.42,10.496
4743467.8,18093,0.136,4.171,4.307
4743496.33,18094,0.09,3.963,4.053
4743510.1,18095,2.026,4.024,6.05
4743562.75,18093,0.084,5.352,5.436
4743567.39,18094,0.094,4.115,4.209
4743567.67,18095,0.053,4.013,4.066
4743594.26,18093,0.071,4.138,4.209
4743634.18,18094,2.776,5.112,7.888
4743669.39,18095,0.085,5.727,5.812
4743682.9,18094,0.076,4.102,4.178
4743684.02,18093,0.096,6.441,6.537
4743710.99,18095,0.072,5.883,5.954
4743715.22,18094,0.255,4.082,4.337
4743752.45,18095,0.064,4.073,4.137
4743752.56,18093,0.163,6.088,6.251
4743778.75,18094,0.077,4.977,5.053
4743822.4,18093,0.273,6.078,6.351
4743822.98,18095,0.08,8.436,8.517
4743838.15,18094,0.092,4.203,4.295
4743890.35,18093,0.106,5.19,5.297
4743899.66,18095,0.06,5.645,5.705
4743909.1,18094,0.082,4.019,4.1
4743911.09,18093,0.105,4.188,4.293
4743916.47,18095,0.09,4.189,4.278
4743930.1,18094,0.916,8.046,8.961
4743931.76,18093,0.059,9.073,9.132
4743936.31,18095,0.048,10.095,10.143
4743939.1,18094,2.7,8.912,11.612
4743981.72,18093,0.076,4.114,4.19
4743994.42,18095,0.133,4.123,4.256
4744059.09,18094,1.393,3.973,5.366
4744078.68,18093,0.1,4.122,4.222
4744084.34,18095,0.104,9.001,9.105
4744111.47,18094,0.078,8.33,8.408
4744118.19,18093,0.093,4.183,4.276
4744130.11,18095,0.09,3.972,4.062
4744147.88,18094,0.163,4.004,4.167
4744159.11,18093,0.145,8.236,8.381
4744163.63,18095,0.071,9.617,9.688
4744163.85,18094,0.056,6.763,6.819
4744186.09,18093,0.665,13.024,13.69
4744186.16,18095,1.715,10.063,11.778
4744200.41,18093,1.956,11.274,13.23
4744205.9,18095,1.109,8.755,9.865
4744206.56,18094,0.051,19.814,19.865
4744216.92,18093,1.572,16.332,17.905
4744218.82,18094,1.612,12.15,13.762
4744226.26,18095,6.083,12.173,18.256
4744227.57,18093,1.549,10.558,12.107
4744228.76,18094,0.16,9.832,9.992
4744266.2,18095,0.214,4.341,4.555
4744287.25,18093,0.14,6.151,6.291
4744298.41,18094,0.11,4.149,4.259
4744316.54,18095,0.079,7.101,7.18
4744317.19,18093,1.277,6.105,7.382
4744325.09,18094,0.077,3.964,4.041
4744349.63,18095,0.08,8.504,8.584
4744423.26,18093,0.84,13.176,14.016
4744437.6,18094,1.33,14.211,15.541
4744439.95,18093,1.022,8.887,9.909
4744440.9,18095,0.091,16.279,16.369
4744451.84,18094,2.875,7.976,10.852
4744464.27,18093,0.071,8.461,8.532
4744534.35,18095,2.056,12.185,14.241
4744551.01,18094,2.08,8.805,10.885
4744568.29,18093,0.16,3.955,4.115
4744577.98,18095,0.109,4.182,4.292
4744603.33,18094,0.222,4.124,4.346
4744616.88,18093,0.101,10.651,10.752
4744624.25,18095,0.068,12.025,12.093
4744624.82,18094,0.26,12.251,12.512
4744631.27,18093,0.089,9.123,9.212
4744633.25,18095,0.064,8.015,8.079
4744653.39,18094,0.085,9.146,9.232
4744653.9,18093,0.073,6.515,6.588
4744683.36,18095,0.109,5.115,5.224
4744726.74,18093,0.053,11.633,11.686
4744728.2,18094,0.075,16.069,16.145
4744728.96,18095,0.087,12.284,12.371
4744742.31,18093,0.075,4.091,4.166
4744755.25,18094,1.916,4.132,6.048
4744802.19,18095,0.081,8.064,8.145
4744841.15,18093,0.138,4.112,4.249
4744849.28,18094,0.1,4.044,4.143
4744870.25,18095,0.09,9.115,9.205
4744876.38,18093,0.061,10.279,10.34
4744884.12,18094,0.058,15.091,15.149
4744886.17,18095,0.052,13.082,13.135
4744886.43,18093,0.054,9.042,9.096
4744896.36,18094,2.392,12.139,14.531
4744906.69,18095,0.071,4.096,4.167
4744948.18,18094,0.074,4.317,4.392
4744953.09,18095,0.071,6.954,7.025
4744954.4,18093,0.095,11.784,11.879
4744975.06,18094,0.073,13.687,13.76
4744980.08,18095,0.221,4.116,4.337
4744998.16,18093,0.089,4.001,4.09
4745018.24,18094,0.121,4.058,4.179
4745035.09,18095,0.088,10.124,10.212
4745042.81,18093,0.084,6.052,6.136
4745065.08,18095,0.07,6.55,6.62
4745067.71,18093,0.048,5.03,5.078
4745070.23,18094,0.819,13.099,13.918
4745079.36,18095,0.074,7.711,7.785
4745079.98,18093,0.052,6.899,6.95
4745109.89,18094,0.115,4.241,4.356
4745121.26,18095,1.262,9.027,10.289
4745131.19,18093,0.093,5.261,5.355
4745138.96,18094,0.417,5.884,6.302
4745152.03,18095,0.067,7.441,7.508
4745153.87,18093,0.051,7.639,7.689
4745159.55,18095,2.091,7.437,9.528
4745161.19,18094,0.046,13.092,13.139
4745163.35,18093,0.055,7.392,7.447
4745178.23,18095,0.065,6.318,6.383
4745195.44,18094,0.154,3.999,4.153
4745215.43,18093,0.057,5.118,5.175
4745274.42,18095,0.146,7.171,7.317
4745277.42,18094,2.036,4.332,6.368
4745298.77,18093,0.129,6.546,6.675
4745321.24,18095,0.444,7.05,7.494
4745328.51,18094,1.38,4.187,5.567
4745340.02,18093,0.093,6.042,6.135
4745385.16,18095,0.082,4.026,4.108
4745419.58,18094,0.11,7.107,7.217
4745450.05,18095,0.372,12.602,12.974
4745454.29,18093,2.148,15.14,17.288
4745467.7,18094,0.105,5.301,5.406
4745480.62,18095,0.071,8.079,8.151
4745576.29,18093,0.214,4.129,4.343
4745582.27,18094,0.17,3.994,4.164
4745603.39,18095,0.093,7.237,7.33
4745615.34,18093,0.079,7.172,7.25
4745653.65,18094,0.088,4.057,4.145
4745665.73,18095,0.154,4.425,4.58
4745694.22,18093,1.575,4.09,5.665
4745703.35,18094,0.081,6.945,7.026
4745764.69,18095,0.086,7.279,7.365
4745768.23,18093,0.094,6.493,6.587
4745836.77,18094,0.175,4.17,4.345
4745879.82,18095,0.093,4.077,4.17
4745892.66,18093,0.097,4.141,4.238
4745910.34,18094,0.077,8.211,8.288
4745910.59,18095,0.826,6.513,7.339
4745925.94,18093,0.09,7.182,7.272
4745930.5,18094,0.06,6.136,6.196
4745945.38,18095,0.076,11.04,11.116
4745959.69,18093,0.085,4.058,4.143
4745966.4,18094,0.07,4.117,4.188
4745970.62,18095,0.406,4.071,4.476
4745984.08,18093,0.071,7.826,7.897
4746033.64,18094,0.095,3.969,4.065
4746076.73,18095,0.079,6.049,6.128
4746081.16,18093,0.083,6.158,6.242
4746095.98,18095,0.222,4.209,4.432
4746132.12,18094,2.067,9.968,12.035
4746132.21,18093,3.655,8.116,11.771
4746147.84,18095,0.078,4.381,4.46
4746154.15,18094,0.138,7.059,7.197
4746155.11,18095,0.064,5.003,5.067
4746205.19,18093,0.088,8.059,8.147
4746346.23,18094,2.341,8.02,10.362
4746410.94,18095,0.17,6.158,6.328
4746434.47,18093,2.046,7.365,9.411
4746596.4,18094,0.158,5.93,6.088
4746601.53,18095,0.081,6.163,6.244
4746637.1,18093,1.042,3.997,5.04
4746663.86,18094,0.111,4.054,4.166
4746763.56,18095,0.131,4.069,4.2
4746788.38,18093,0.079,4.246,4.326
4746796.44,18094,0.153,4.23,4.383
4746805.45,18095,0.089,4.053,4.143
4746843.27,18093,0.118,4.107,4.224
4746897.11,18094,1.068,4.142,5.209
4746977.75,18095,0.173,4.135,4.308
4747027.92,18093,0.146,5.673,5.818
4747031.88,18095,0.101,5.098,5.199
4747032.22,18094,0.073,9.865,9.938
4747057.69,18093,0.09,6.153,6.243
4747073.62,18094,0.091,7.963,8.054
4747192.93,18095,0.115,4.155,4.27
4747198.15,18093,1.719,6.069,7.788
4747328.28,18094,0.142,5.163,5.305
4747357.0,18095,0.134,4.034,4.168
4747448.45,18093,0.152,3.963,4.115
4747472.05,18094,0.146,5.957,6.103
4747561.18,18095,0.105,4.004,4.108
4747571.94,18093,0.113,7.761,7.874
4747573.89,18094,0.062,4.103,4.165
4747632.3,18093,0.124,3.994,4.118
4747692.34,18094,0.932,7.237,8.169
4747693.18,18095,1.549,10.046,11.595
4747719.89,18093,0.088,4.074,4.162
4747766.93,18094,0.086,4.039,4.125
4747845.18,18095,0.086,4.075,4.16
4748098.6,18093,0.142,6.15,6.292
4748161.72,18094,0.13,8.263,8.393
4748162.21,18095,0.104,4.935,5.039
4748177.2,18093,0.094,8.166,8.26
4748270.89,18094,0.11,4.065,4.176
4748292.68,18095,0.091,13.599,13.691
4748434.3,18093,0.175,4.172,4.347
4748449.63,18094,0.133,6.769,6.902
4748453.24,18095,1.172,4.106,5.278
4748465.86,18094,0.088,6.048,6.137
4748514.85,18093,0.1,4.073,4.173
4748526.65,18095,0.102,4.47,4.572
4748581.19,18094,1.064,8.075,9.139
4748697.96,18093,0.135,5.039,5.174
4748808.85,18095,0.172,4.131,4.303
4748839.97,18094,0.099,4.04,4.138
4748887.86,18093,0.165,4.025,4.19
4748938.35,18095,0.099,4.088,4.188
4748944.11,18094,0.084,4.137,4.221
4749004.04,18093,0.237,5.787,6.025
4749004.75,18095,0.056,6.46,6.516
4749015.5,18094,0.077,5.976,6.052
4749067.45,18093,0.086,8.11,8.196
4749084.57,18095,0.16,6.062,6.222
4749090.8,18094,0.099,4.109,4.207
4749121.61,18093,0.103,4.476,4.579
4749159.96,18095,0.16,4.379,4.539
4749201.6,18094,0.562,3.986,4.549
4749217.21,18093,4.159,8.133,12.292
4749296.32,18095,0.075,6.09,6.166
4749494.11,18094,0.162,4.863,5.025
4749497.94,18093,0.08,4.066,4.146
4749541.14,18094,0.144,4.091,4.236
4749591.46,18095,1.149,8.239,9.388
4749641.74,18093,0.107,4.181,4.288
4749654.92,18094,0.148,5.998,6.147
4749700.18,18095,0.089,5.03,5.119
4749794.7,18093,0.093,4.366,4.459
4749821.6,18094,1.066,7.478,8.544
4749836.61,18095,0.078,4.158,4.235
4749899.43,18093,0.162,6.945,7.107
4749951.44,18095,0.123,4.563,4.686
4749951.71,18094,0.16,5.607,5.767
4750025.65,18093,0.111,4.164,4.275
4750056.31,18095,0.105,4.141,4.246
4750064.38,18094,0.095,4.002,4.096
4750089.05,18093,0.164,4.027,4.191
4750162.57,18095,0.365,6.04,6.406
4750164.94,18094,0.065,4.726,4.791
4750224.67,18093,0.096,4.026,4.122
4750246.02,18095,0.093,4.101,4.194
4750380.13,18094,0.887,8.025,8.911
4750391.97,18093,0.092,4.029,4.121
4750467.32,18095,0.718,4.209,4.928
4750542.56,18094,0.79,4.265,5.055
4750559.35,18093,0.14,7.115,7.255
4750710.73,18094,0.132,4.159,4.29
4750714.47,18095,1.641,8.274,9.915
4750762.64,18093,0.183,4.031,4.215
4750787.35,18094,0.128,4.155,4.283
4750802.75,18095,0.092,6.031,6.123
4750813.94,18093,0.07,4.029,4.099
4750820.34,18094,0.069,7.151,7.221
4750822.43,18095,0.053,4.334,4.386
4750828.72,18093,0.077,4.16,4.236
4750836.1,18095,0.056,3.98,4.035
4750838.46,18094,0.051,12.159,12.21
4750877.93,18093,0.102,5.013,5.115
4750878.26,18095,0.069,4.232,4.302
4750888.9,18094,0.086,4.084,4.17
4750907.2,18093,0.078,5.97,6.048
4750912.23,18095,0.063,7.635,7.698
4750935.69,18094,0.092,11.056,11.148
4750958.35,18093,0.112,4.105,4.217
4750978.71,18095,0.111,4.11,4.221
4750982.22,18094,2.179,4.127,6.306
4750987.8,18093,0.071,4.058,4.129
4751004.25,18095,2.094,4.099,6.193
4751011.33,18094,1.717,4.234,5.951
4751027.06,18093,1.561,8.037,9.598
4751028.17,18095,0.079,6.098,6.177
4751049.27,18094,0.078,6.511,6.59
4751049.55,18093,0.06,4.127,4.187
4751089.41,18095,0.103,4.228,4.33
4751094.02,18094,0.072,4.197,4.269
4751121.77,18093,2.027,5.692,7.719
4751129.25,18095,0.069,8.094,8.163
4751137.65,18093,0.067,3.978,4.045
4751150.78,18094,0.074,4.168,4.242
4751160.24,18093,0.064,4.16,4.224
4751161.32,18095,0.09,6.115,6.205
4751164.38,18093,1.031,4.067,5.099
4751165.05,18094,1.119,6.01,7.129
4751167.17,18095,0.916,4.086,5.001
4751175.98,18093,0.092,8.601,8.693
4751177.79,18094,0.06,8.037,8.097
4751197.73,18095,0.083,11.098,11.18
4751203.01,18093,0.057,4.042,4.098
4751227.6,18094,0.113,4.096,4.21
4751263.33,18095,2.373,8.067,10.44
4751271.34,18093,0.061,11.069,11.13
4751275.31,18094,0.065,8.335,8.4
4751290.7,18095,0.066,8.945,9.011
4751291.2,18093,0.12,4.046,4.166
4751317.66,18094,0.09,4.034,4.124
4751340.34,18093,0.115,4.673,4.787
4751362.03,18095,0.085,6.886,6.97
4751369.03,18094,0.061,6.927,6.987
4751370.83,18093,0.052,5.172,5.224
4751382.22,18095,0.083,5.987,6.07
4751435.89,18094,0.087,6.274,6.361
4751443.82,18093,0.086,5.138,5.224
4751446.89,18095,0.074,6.901,6.975
4751462.48,18094,1.567,10.413,11.98
4751466.96,18093,0.064,7.745,7.809
4751476.15,18095,0.08,5.703,5.784
4751478.85,18094,0.076,5.235,5.311
4751502.64,18093,0.091,4.047,4.139
4751513.66,18095,0.068,6.956,7.024
4751519.35,18094,0.09,8.044,8.134
4751523.07,18093,0.058,9.267,9.325
4751534.49,18095,0.08,6.951,7.031
4751548.56,18094,0.672,5.488,6.16
4751563.71,18093,0.102,4.01,4.112
4751574.58,18095,0.077,8.029,8.106
4751579.23,18094,0.067,4.118,4.185
4751584.14,18093,0.083,3.993,4.076
4751593.19,18095,0.075,7.046,7.121
4751633.79,18094,0.258,4.128,4.386
4751643.79,18093,0.176,4.129,4.305
4751658.1,18095,0.094,4.611,4.704
4751663.19,18094,0.902,4.095,4.997
4751675.94,18093,0.078,4.974,5.052
4751683.48,18095,0.051,11.498,11.55
4751726.99,18094,0.127,5.907,6.034
4751729.33,18093,0.078,4.203,4.281
4751744.59,18095,0.081,4.102,4.183
4751750.58,18094,0.106,4.068,4.174
4751766.57,18093,0.098,12.015,12.113
4751793.1,18095,0.066,3.991,4.057
4751801.55,18094,0.23,6.665,6.895
4751803.5,18093,0.074,4.766,4.84
4751860.82,18095,0.092,4.286,4.378
4751865.11,18094,1.567,4.14,5.707
4751877.4,18093,0.064,4.294,4.357
4751895.05,18095,0.082,4.212,4.294
4751901.77,18093,0.054,6.054,6.108
4751903.59,18094,0.107,8.344,8.451
4751911.74,18095,0.095,4.127,4.222
4751917.87,18093,0.064,8.096,8.16
4751935.76,18095,0.077,10.521,10.598
4752004.48,18094,0.09,10.257,10.348
4752024.21,18093,0.077,8.097,8.174
4752038.74,18095,0.079,6.086,6.165
4752040.75,18094,0.057,4.76,4.818
4752049.52,18093,0.056,4.167,4.223
4752092.93,18095,0.174,5.96,6.134
4752114.38,18094,0.117,4.191,4.309
4752121.78,18093,0.112,4.044,4.157
4752137.45,18095,0.095,4.022,4.117
4752173.39,18094,0.08,5.994,6.074
4752225.25,18093,0.11,6.058,6.167
4752231.98,18095,1.257,4.117,5.374
4752237.73,18094,1.356,8.659,10.015
4752240.68,18093,0.074,7.141,7.216
4752270.44,18095,0.085,4.086,4.171
4752276.5,18094,0.078,4.09,4.168
4752304.59,18093,0.081,5.026,5.107
4752313.17,18095,0.113,5.724,5.837
4752360.16,18094,0.093,4.019,4.112
4752400.74,18093,0.148,6.325,6.473
4752439.93,18095,0.085,3.989,4.073
4752467.19,18094,0.102,4.168,4.27
4752490.18,18093,0.089,9.048,9.138
4752507.11,18095,0.087,4.125,4.211
4752522.01,18094,0.074,4.028,4.101
4752535.41,18093,0.082,4.072,4.154
4752560.45,18095,0.087,6.029,6.115
4752582.18,18094,1.264,13.114,14.377
4752582.46,18093,0.052,4.104,4.155
4752597.76,18095,0.066,5.909,5.974
4752619.76,18094,0.174,4.247,4.42
4752632.51,18093,0.133,4.148,4.281
4752640.53,18095,0.119,7.043,7.162
4752649.02,18094,0.115,6.488,6.603
4752667.07,18095,0.626,7.983,8.609
4752667.79,18093,0.112,11.78,11.893
4752671.72,18094,0.052,8.959,9.012
4752694.74,18095,0.096,3.916,4.012
4752702.06,18093,0.065,4.143,4.208
4752722.15,18094,0.059,6.052,6.111
4752724.24,18093,0.847,4.168,5.014
4752726.68,18095,1.022,7.611,8.633
4752729.06,18094,0.061,3.975,4.036
4752739.69,18093,0.064,5.036,5.1
4752762.24,18095,0.128,6.069,6.198
4752779.61,18094,0.055,6.034,6.089
4752792.75,18093,0.082,4.023,4.106
4752803.15,18095,0.062,8.428,8.49
4752820.11,18094,0.092,4.121,4.213
4752858.25,18093,1.956,8.168,10.124
4752874.21,18095,0.936,8.09,9.026
4752893.71,18094,0.092,4.107,4.199
4752922.51,18095,0.054,7.92,7.974
4752922.85,18093,0.076,11.373,11.449
4752931.73,18094,0.086,3.984,4.071
4752947.95,18095,0.078,9.682,9.759
4752996.22,18093,0.077,8.082,8.16
4753000.44,18094,0.062,7.239,7.301
4753011.86,18095,0.07,6.987,7.057
4753058.69,18094,0.097,3.982,4.079
4753059.3,18093,0.083,6.04,6.123
4753099.13,18095,0.125,7.995,8.12
4753131.09,18094,0.084,7.965,8.049
4753155.42,18093,0.102,4.06,4.162
4753158.83,18095,0.057,5.311,5.368
4753162.79,18093,0.104,4.022,4.126
4753167.09,18094,0.069,4.132,4.201
4753171.45,18095,0.051,6.07,6.121
4753191.81,18093,0.067,6.699,6.767
4753197.97,18094,0.057,6.051,6.108
4753218.15,18095,0.08,4.019,4.099
4753227.84,18093,0.06,11.74,11.8
4753228.05,18094,0.064,9.928,9.992
4753248.89,18095,0.15,4.156,4.305
4753282.54,18093,0.082,3.987,4.069
4753317.31,18094,0.107,4.051,4.157
4753329.06,18095,0.118,5.987,6.105
4753335.23,18093,0.08,11.659,11.739
4753335.79,18094,0.065,10.563,10.628
4753355.45,18095,0.079,5.979,6.058
4753376.79,18093,0.096,6.025,6.121
4753387.11,18094,0.068,7.103,7.171
4753398.4,18095,0.061,5.293,5.354
4753403.97,18094,0.071,5.699,5.771
4753404.16,18093,0.072,8.456,8.528
4753439.18,18095,0.093,4.985,5.078
4753463.15,18094,0.079,6.019,6.097
4753471.74,18093,0.087,6.086,6.173
4753473.98,18095,0.055,4.784,4.839
4753478.8,18094,0.087,4.155,4.242
4753480.34,18093,0.073,4.089,4.162
4753503.41,18095,0.072,12.261,12.333
4753517.1,18094,2.071,7.989,10.06
4753534.0,18095,0.934,4.883,5.817
4753539.2,18094,0.045,7.951,7.996
4753538.99,18093,3.765,9.91,13.675
4753553.85,18095,0.087,4.076,4.163
4753568.06,18094,0.08,3.987,4.067
4753597.48,18093,0.132,4.082,4.214
4753603.19,18095,0.061,6.095,6.156
4753616.62,18094,0.072,6.049,6.122
4753641.18,18093,2.381,12.107,14.488
4753642.62,18095,5.329,9.537,14.866
4753658.23,18094,0.152,4.122,4.274
4753696.53,18093,0.169,7.625,7.794
4753706.22,18095,0.088,7.082,7.171
4753730.37,18094,0.097,4.917,5.014
4753741.2,18093,0.152,4.105,4.257
4753779.23,18095,0.092,7.143,7.234
4753784.91,18094,0.068,5.025,5.093
4753812.72,18093,0.117,7.413,7.529
4753831.06,18095,0.079,4.091,4.17
4753878.49,18094,0.088,10.003,10.091
4753880.2,18093,0.089,6.063,6.152
4753913.32,18095,0.081,3.929,4.01
4753922.29,18094,0.092,4.117,4.209
4753990.72,18093,0.091,4.137,4.228
4753999.45,18095,0.079,4.639,4.718
4754004.11,18094,0.078,4.063,4.14
4754039.97,18095,0.052,5.752,5.804
4754040.02,18093,0.104,5.929,6.033
4754054.54,18094,0.061,4.006,4.067
4754059.22,18093,0.058,3.997,4.055
4754128.18,18095,0.107,6.042,6.15
4754135.67,18094,0.065,4.064,4.13
4754150.01,18093,0.095,3.984,4.08
4754172.05,18095,2.054,5.957,8.011
4754183.18,18094,0.057,10.076,10.134
4754188.19,18093,0.06,12.138,12.199
4754188.77,18095,1.317,6.67,7.987
4754198.16,18094,1.151,6.024,7.175
4754199.12,18093,0.088,4.02,4.107
4754205.64,18095,0.075,4.066,4.14
4754261.16,18094,1.131,8.09,9.222
4754263.59,18093,0.081,4.092,4.173
4754273.15,18094,0.068,3.931,3.998
4754275.06,18095,0.073,4.308,4.381
4754279.18,18093,1.726,8.101,9.827
4754300.1,18094,2.016,8.034,10.051
4754309.55,18095,0.089,4.411,4.5
4754327.5,18093,0.084,4.021,4.105
4754351.49,18094,0.148,4.103,4.251
4754391.62,18095,1.62,6.335,7.954
4754393.62,18093,0.063,4.759,4.822
4754402.17,18094,0.074,8.06,8.133
4754487.77,18095,0.089,4.072,4.161
4754492.25,18093,0.066,4.24,4.306
4754513.55,18095,0.057,4.187,4.244
4754513.82,18094,0.084,6.585,6.668
4754530.6,18093,0.063,5.043,5.106
4754536.66,18095,0.05,5.969,6.019
4754559.15,18093,0.374,9.081,9.455
4754591.2,18094,0.07,7.079,7.15
4754596.55,18095,0.057,5.247,5.304
4754604.07,18093,0.079,6.773,6.852
4754640.39,18094,2.311,4.26,6.571
4754650.57,18095,0.112,4.076,4.188
4754659.86,18093,0.088,4.117,4.205
4754672.64,18094,0.097,4.25,4.347
4754695.27,18095,0.1,5.317,5.417
4754701.91,18093,0.07,5.969,6.039
4754708.46,18094,0.161,4.25,4.411
4754728.38,18095,0.207,4.392,4.6
4754732.2,18093,0.135,4.201,4.335
4754734.89,18094,0.117,4.091,4.208
4754762.67,18093,0.073,4.384,4.457
4754764.29,18095,0.122,8.107,8.229
4754777.19,18094,0.079,4.059,4.138
4754784.93,18093,0.057,8.044,8.1
4754799.13,18095,0.057,4.04,4.097
4754804.36,18094,0.054,3.962,4.016
4754855.32,18093,0.106,4.078,4.184
4754874.32,18095,2.095,4.175,6.271
4754937.7,18094,0.085,4.002,4.087
4755066.59,18093,0.208,4.057,4.265
4755345.94,18095,1.508,4.147,5.655
4755441.3,18094,0.17,4.095,4.266
4755459.24,18093,0.112,8.065,8.177
4755480.06,18095,0.133,4.161,4.294
4755545.49,18094,2.464,7.308,9.772
4755647.65,18093,0.107,3.994,4.101
4755795.29,18095,0.197,5.842,6.039
4755798.55,18094,0.081,4.965,5.046
4755815.86,18093,0.135,4.12,4.255
4755850.74,18095,0.107,8.565,8.672
4755934.75,18094,0.108,4.503,4.611
4756003.16,18093,0.102,5.996,6.098
4756123.92,18095,0.096,4.074,4.17
4756174.93,18094,3.922,3.963,7.885
4756196.05,18093,0.068,4.047,4.114
4756246.35,18095,0.086,5.204,5.29
4756262.37,18094,0.076,4.035,4.111
4756317.86,18093,0.103,7.561,7.664
4756427.52,18095,0.136,3.997,4.132
4756469.86,18094,0.114,4.03,4.144
4756488.32,18093,0.085,8.049,8.134
4756528.09,18095,0.144,3.997,4.141
4756662.03,18094,0.098,4.124,4.223
4756674.15,18093,0.067,4.042,4.109
4756774.79,18095,0.134,6.131,6.265
4756866.6,18094,0.153,11.373,11.527
4756910.22,18093,0.16,6.262,6.422
4757068.89,18095,0.173,7.022,7.195
4757110.92,18094,0.231,4.06,4.291
4757256.35,18093,1.666,4.082,5.748
4757263.32,18094,0.672,4.171,4.843
4757264.18,18095,0.116,7.431,7.547
4757312.92,18093,0.116,9.744,9.86
4757380.87,18094,0.189,13.652,13.841
4757553.02,18095,0.165,5.099,5.263
4757593.31,18093,0.126,4.109,4.235
4757605.34,18094,0.151,4.23,4.381
4757753.07,18095,0.135,6.959,7.094
4757755.21,18093,0.07,4.076,4.146
4757777.58,18094,0.102,7.022,7.123
4757793.1,18095,0.065,7.982,8.047
4757812.35,18093,0.152,4.022,4.174
4757820.71,18094,0.136,6.073,6.209
4757869.45,18095,2.57,8.216,10.786
4757879.36,18094,4.931,7.248,12.179
4757879.54,18095,0.078,7.102,7.18
4757879.92,18093,3.044,9.831,12.875
4757887.65,18094,0.095,4.069,4.164
4757900.25,18095,0.097,9.04,9.137
4757914.38,18093,2.219,4.263,6.482
4757932.58,18094,0.1,4.269,4.368
4757947.17,18095,0.068,8.064,8.132
4757963.98,18093,0.088,4.013,4.102
4757965.88,18094,0.093,4.014,4.107
4758006.24,18095,0.088,4.091,4.179
4758014.79,18093,0.087,7.027,7.114
4758027.16,18094,0.071,6.042,6.113
4758082.45,18095,0.103,4.151,4.253
4758087.68,18093,0.126,4.006,4.132
4758116.03,18094,3.298,7.956,11.254
4758116.1,18095,2.963,7.948,10.911
4758119.6,18093,0.06,4.087,4.147
4758146.97,18094,0.069,6.545,6.615
4758154.29,18095,0.123,4.12,4.243
4758167.09,18093,0.094,6.551,6.644
4758184.23,18094,1.027,8.161,9.188
4758205.64,18095,0.095,4.005,4.101
4758230.43,18093,1.96,4.321,6.281
4758240.21,18094,0.056,4.144,4.2
4758244.49,18095,0.055,4.156,4.212
4758305.97,18093,0.16,4.238,4.398
4758336.96,18094,0.095,9.155,9.249
4758339.82,18095,0.079,9.172,9.251
4758348.61,18093,0.119,11.468,11.587
4758359.01,18095,1.266,8.947,10.213
4758359.08,18094,0.059,6.027,6.085
4758371.32,18093,0.058,8.989,9.047
4758375.13,18095,0.05,8.038,8.088
4758407.85,18094,0.082,4.003,4.085
4758420.19,18093,0.15,4.731,4.881
4758445.5,18095,0.078,9.371,9.449
4758471.26,18094,0.097,4.11,4.207
4758491.3,18093,0.084,4.063,4.147
4758514.92,18094,0.059,8.705,8.764
4758515.15,18095,0.101,12.24,12.34
4758531.45,18093,0.069,7.054,7.123
4758577.69,18095,0.094,9.131,9.224
4758589.31,18094,1.108,4.044,5.152
4758618.25,18093,0.093,6.948,7.041
4758621.43,18095,1.528,6.361,7.889
4758624.55,18094,0.066,4.041,4.106
4758639.87,18093,0.059,3.988,4.047
4758662.32,18095,0.08,7.742,7.822
4758677.34,18094,0.076,5.214,5.29
4758683.55,18093,0.074,6.024,6.098
4758692.97,18095,0.081,6.113,6.194
4758744.25,18094,0.096,6.057,6.152
4758763.46,18093,0.096,6.045,6.14
4758792.98,18095,0.077,6.648,6.725
4758847.92,18094,0.089,5.964,6.053
4758878.33,18093,0.121,11.125,11.246
4758878.66,18095,0.06,9.514,9.574
4758885.99,18094,0.09,4.07,4.16
4758902.15,18093,0.083,4.177,4.259
4758928.26,18095,0.157,4.361,4.518
4758940.33,18094,0.103,6.137,6.239
4758948.19,18093,0.194,4.239,4.433
4758962.49,18095,0.084,6.392,6.477
4758988.65,18094,0.079,4.418,4.497
4758996.75,18095,0.075,5.972,6.047
4758997.21,18093,0.918,8.133,9.051
4759002.24,18094,0.054,4.027,4.081
4759006.49,18095,0.049,4.122,4.171
4759014.49,18093,0.064,6.004,6.068
4759018.42,18094,0.065,7.591,7.656
4759056.13,18095,0.15,4.032,4.182
4759071.94,18093,0.094,9.435,9.529
4759072.41,18094,0.059,6.073,6.132
4759091.13,18095,0.087,6.088,6.175
4759092.16,18093,0.052,7.024,7.076
4759097.54,18094,0.065,5.199,5.264
4759101.26,18095,0.044,7.073,7.116
4759147.98,18093,0.089,7.046,7.135
4759150.19,18095,0.049,5.108,5.157
4759150.6,18094,0.061,7.374,7.435
4759157.13,18093,0.095,5.837,5.931
4759159.38,18095,0.054,4.079,4.133
4759185.08,18094,1.074,9.011,10.084
4759192.04,18093,0.063,6.499,6.563
4759199.21,18095,1.654,5.146,6.8
4759210.48,18094,0.077,4.069,4.146
4759212.16,18093,0.052,3.958,4.011
4759226.63,18095,0.056,6.01,6.066
4759268.69,18094,0.078,7.061,7.138
4759273.84,18093,0.06,5.026,5.086
4759294.89,18094,0.049,8.133,8.182
4759295.24,18095,0.06,11.198,11.258
4759314.16,18093,0.087,4.029,4.115
4759331.03,18094,0.061,4.042,4.104
4759338.09,18095,0.07,4.076,4.146
4759350.25,18093,2.493,9.175,11.668
4759358.27,18094,0.073,6.148,6.221
4759396.65,18095,0.081,9.91,9.99
4759399.19,18093,0.054,10.535,10.589
4759429.85,18094,0.206,10.748,10.955
4759463.96,18095,0.689,11.209,11.898
4759523.04,18093,3.059,4.321,7.38
4759539.93,18094,0.108,10.319,10.427
4759542.12,18095,0.076,12.016,12.092
4759573.17,18093,0.135,9.15,9.285
4759590.1,18094,1.461,7.989,9.45
4759606.26,18095,0.093,5.477,5.569
4759625.57,18093,0.234,4.093,4.328
4759658.5,18094,1.397,11.983,13.379
4759659.3,18095,0.142,10.139,10.282
4759665.1,18093,0.096,11.094,11.19
4759672.91,18094,0.072,9.375,9.447
4759683.13,18095,0.065,7.02,7.085
4759744.77,18093,0.08,6.077,6.157
4759771.74,18094,0.153,4.155,4.308
4759789.82,18095,0.092,7.132,7.224
4759791.74,18093,0.055,5.973,6.029
4759840.2,18094,0.079,5.204,5.282
4759943.82,18095,0.154,4.045,4.199
4759968.72,18093,0.131,7.335,7.466
4760042.94,18094,0.174,7.516,7.69
4760215.04,18095,0.786,5.918,6.705
4760298.09,18093,0.116,7.92,8.036
4760305.9,18094,0.094,6.74,6.835
4760347.46,18095,0.169,4.002,4.171
4760381.02,18093,0.596,6.915,7.511
4760392.86,18094,0.071,4.099,4.17
4760445.75,18095,0.127,6.207,6.334
4760503.94,18093,0.231,4.11,4.34
4760536.17,18094,1.224,7.998,9.222
4760623.45,18095,0.112,5.059,5.17
4760681.21,18093,0.693,4.07,4.763
4760767.14,18094,0.157,4.103,4.26
4760811.55,18095,0.106,9.851,9.957
4760827.06,18093,0.083,12.224,12.307
4760854.5,18094,0.142,4.114,4.256
4760886.31,18095,0.113,4.07,4.183
4760912.1,18093,0.09,7.951,8.041
4761031.52,18094,0.192,4.129,4.321
4761124.65,18095,0.147,4.121,4.268
4761248.35,18093,0.161,4.333,4.493
4761252.58,18094,0.242,4.059,4.301
4761285.3,18095,0.099,3.925,4.024
4761384.41,18093,0.106,7.969,8.075
4761434.36,18094,0.105,8.081,8.186
4761438.61,18095,0.075,4.087,4.162
4761462.79,18093,0.085,8.652,8.737
4761554.03,18094,0.105,5.052,5.157
4761597.31,18095,0.147,3.947,4.095
4761607.66,18093,0.077,8.022,8.099
4761647.22,18094,0.085,5.088,5.173
4761673.76,18095,0.077,5.95,6.027
4761691.08,18093,0.125,4.137,4.262
4761701.58,18094,0.073,6.448,6.521
4761826.99,18095,0.222,6.487,6.709
4761863.56,18093,0.106,7.988,8.094
4761888.36,18094,0.103,4.039,4.142
4761946.76,18095,0.102,6.084,6.186
4761992.18,18093,0.175,6.321,6.496
4761993.96,18094,0.064,4.211,4.275
4762003.56,18095,0.21,4.602,4.812
4762027.52,18093,0.131,4.338,4.468
4762076.92,18094,0.155,4.257,4.411
4762093.69,18095,0.247,4.128,4.376
4762210.17,18093,0.263,8.008,8.271
4762212.71,18094,1.631,5.565,7.196
4762263.8,18095,0.232,9.517,9.748
4762266.32,18093,0.102,8.8,8.902
4762303.39,18094,0.095,4.11,4.204
4762330.12,18095,0.182,4.175,4.357
4762362.6,18093,0.149,8.238,8.387
4762411.75,18094,0.177,4.071,4.249
4762447.89,18095,0.098,4.618,4.716
4762476.81,18093,0.172,4.002,4.174
4762481.66,18094,0.151,3.954,4.105
4762487.45,18095,0.15,4.095,4.245
4762501.86,18093,0.061,5.056,5.117
4762561.04,18094,0.131,8.136,8.267
4762561.16,18095,0.063,8.059,8.122
4762563.08,18093,0.051,4.324,4.375
4762626.98,18094,0.086,4.168,4.254
4762642.84,18095,0.149,4.059,4.208
4762673.78,18093,0.078,7.658,7.736
4762698.49,18094,0.082,6.358,6.44
4762700.33,18095,0.056,4.614,4.67
4762704.49,18093,0.059,3.957,4.016
4762714.34,18094,0.153,4.339,4.492
4762721.33,18095,0.137,4.729,4.866
4762728.69,18093,0.107,6.063,6.17
4762748.24,18094,0.091,12.975,13.066
4762748.77,18095,0.06,6.331,6.391
4762779.8,18093,0.08,6.299,6.379
4762804.14,18094,0.273,4.921,5.194
4762838.77,18093,0.082,5.079,5.161
4762840.44,18095,1.817,11.467,13.284
4762866.81,18094,0.147,4.22,4.368
4762873.32,18093,0.133,3.99,4.124
4762899.2,18095,1.052,8.103,9.154
4762915.2,18094,0.086,9.067,9.153
4762918.99,18093,0.066,6.917,6.983
4762932.43,18095,0.072,8.884,8.956
4762932.61,18094,0.669,7.549,8.218
4762944.4,18093,0.082,5.972,6.054
4762974.37,18095,2.465,4.248,6.713
4763009.1,18094,0.084,4.084,4.168
4763018.16,18093,0.087,4.07,4.157
4763055.45,18095,0.304,4.185,4.489
4763076.39,18094,0.101,6.68,6.781
4763102.77,18093,0.156,4.022,4.178
4763117.8,18095,0.119,6.106,6.225
4763180.46,18094,0.16,7.176,7.336
4763205.2,18093,0.113,5.995,6.108
4763218.31,18095,0.112,5.636,5.748
4763232.71,18094,0.096,4.082,4.178
4763269.97,18093,0.096,4.087,4.184
4763271.32,18095,0.08,3.976,4.056
4763281.77,18094,0.069,4.051,4.12
4763315.07,18095,0.071,4.42,4.491
4763319.19,18093,1.412,12.116,13.528
4763319.84,18094,0.072,4.624,4.696
4763360.84,18095,0.079,4.037,4.116
4763403.38,18093,1.029,8.303,9.332
4763404.98,18094,0.055,8.581,8.636
4763410.67,18095,0.054,8.106,8.16
4763411.58,18093,0.078,7.02,7.098
4763418.97,18094,0.057,8.164,8.22
4763420.16,18093,0.077,4.153,4.23
4763435.99,18094,0.855,6.91,7.765
4763436.31,18095,0.079,10.552,10.631
4763449.19,18093,0.098,9.029,9.127
4763495.15,18095,1.004,4.096,5.1
4763548.04,18094,0.138,4.016,4.154
4763558.7,18093,0.077,4.024,4.101
4763571.3,18095,0.093,3.984,4.077
4763602.31,18094,0.089,5.073,5.162
4763615.1,18093,0.094,4.363,4.457
4763670.84,18094,0.06,5.926,5.987
4763671.25,18095,1.058,8.2,9.258
4763672.99,18093,0.048,5.869,5.917
4763685.2,18094,0.084,7.811,7.895
4763685.48,18095,0.055,5.293,5.347
4763720.18,18093,0.061,8.073,8.134
4763729.33,18094,0.09,4.514,4.604
4763735.26,18095,0.075,4.259,4.333
4763756.56,18093,0.102,4.021,4.123
4763769.86,18095,0.07,5.383,5.453
4763769.93,18094,0.069,9.751,9.819
4763787.79,18093,0.069,6.201,6.27
4763801.13,18095,2.019,8.075,10.094
4763822.09,18094,0.085,5.11,5.194
4763832.15,18093,1.595,13.054,14.648
4763832.36,18095,0.043,10.287,10.331
4763855.32,18094,0.092,6.029,6.121
4763946.36,18093,0.106,6.206,6.312
4764054.1,18095,0.091,8.056,8.147
4764160.37,18093,0.071,4.22,4.29
4764162.13,18094,1.079,8.021,9.1
4764232.45,18095,0.155,6.337,6.492
4764350.0,18093,0.123,4.023,4.146
4764380.81,18094,0.155,4.049,4.204
4764540.92,18093,0.06,3.92,3.981
4764541.22,18095,1.105,8.085,9.19
4764558.62,18094,0.123,4.066,4.188
4764646.19,18093,0.095,8.958,9.053
4764650.58,18095,0.067,7.016,7.083
4764653.15,18094,1.833,4.075,5.908
4764678.56,18093,0.064,5.19,5.254
4764739.69,18095,0.091,4.941,5.032
4764827.14,18094,0.112,6.047,6.159
4764841.04,18093,0.09,6.027,6.117
4765041.6,18095,0.231,4.483,4.714
4765069.53,18094,0.111,8.943,9.054
4765082.06,18093,0.113,4.087,4.2
4765106.32,18095,0.114,3.963,4.077
4765155.57,18094,0.11,5.961,6.071
4765157.91,18093,0.078,4.682,4.76
4765249.08,18095,0.197,3.938,4.134
4765262.36,18094,1.021,4.111,5.132
4765308.02,18093,0.111,6.829,6.94
4765327.95,18095,0.083,4.096,4.179
4765370.03,18094,0.083,6.206,6.288
4765375.29,18093,0.068,7.939,8.007
4765375.39,18095,0.055,7.412,7.467
4765381.89,18094,0.069,6.008,6.077
4765393.57,18093,0.071,8.056,8.127
4765455.29,18095,0.116,10.088,10.204
4765460.83,18094,0.851,7.907,8.758
4765485.2,18093,0.139,5.022,5.162
4765511.13,18095,2.279,5.981,8.26
4765513.31,18094,2.052,4.205,6.257
4765522.95,18095,0.088,4.345,4.432
4765559.7,18093,0.092,3.983,4.075
4765563.92,18094,0.071,3.98,4.051
4765569.74,18095,0.108,4.162,4.27
4765575.42,18093,0.178,4.073,4.252
4765583.27,18094,0.069,6.066,6.136
4765598.1,18095,1.597,3.955,5.553
4765636.28,18094,0.085,4.064,4.149
4765637.23,18093,0.585,7.151,7.736
4765665.39,18095,0.096,4.587,4.683
4765695.04,18094,1.957,5.973,7.93
4765699.95,18093,3.554,5.898,9.451
4765725.16,18094,0.09,4.114,4.205
4765813.68,18095,0.106,4.071,4.177
4765819.78,18093,0.372,5.953,6.325
4765826.12,18094,0.066,6.076,6.142
4765829.62,18095,0.052,5.147,5.198
4765850.93,18093,0.078,6.283,6.361
4765872.0,18094,0.089,4.091,4.18
4765918.12,18095,1.717,4.049,5.766
4765960.89,18093,0.187,4.112,4.299
4765971.71,18094,0.079,5.719,5.798
4766001.25,18095,0.157,8.582,8.739
4766023.51,18093,0.078,7.376,7.454
4766025.73,18094,0.06,4.028,4.088
4766053.32,18095,0.073,8.053,8.127
4766061.06,18093,0.062,6.036,6.098
4766127.3,18094,0.085,5.067,5.152
4766142.91,18095,0.064,7.806,7.87
4766151.2,18093,0.048,12.952,12.999
4766152.2,18094,2.951,9.21,12.161
4766162.56,18095,0.091,6.945,7.036
4766167.33,18093,0.083,4.106,4.188
4766223.59,18094,0.164,12.377,12.54
4766227.72,18093,0.061,9.009,9.07
4766230.23,18095,0.064,13.815,13.879
4766241.42,18094,0.089,8.345,8.434
4766266.5,18095,0.12,4.183,4.304
4766271.16,18093,0.124,4.178,4.302
4766278.6,18094,0.115,4.161,4.276
4766288.7,18095,0.153,4.154,4.307
4766301.53,18093,0.096,8.014,8.11
4766337.17,18094,0.089,8.025,8.114
4766337.27,18095,0.611,6.198,6.809
4766344.98,18093,0.072,4.268,4.34
4766357.4,18094,0.084,4.326,4.41
4766362.2,18095,0.071,4.019,4.09
4766400.7,18093,0.083,3.861,3.944
4766408.44,18094,0.085,7.067,7.153
4766414.03,18095,0.069,4.015,4.083
4766433.37,18093,0.155,4.028,4.183
4766434.93,18094,0.094,4.178,4.272
4766455.86,18095,0.091,4.358,4.448
4766473.66,18093,0.074,7.319,7.393
4766481.77,18094,0.089,11.238,11.327
4766521.89,18095,0.103,8.516,8.619
4766523.56,18094,0.067,4.053,4.12
4766524.15,18093,0.074,10.19,10.263
4766527.4,18095,0.88,5.374,6.254
4766543.57,18094,0.085,8.103,8.188
4766558.99,18093,0.065,6.196,6.261
4766564.93,18095,0.069,5.34,5.409
4766569.02,18094,0.09,3.881,3.971
4766624.2,18093,0.083,8.067,8.15
4766645.92,18095,0.077,4.014,4.091
4766671.03,18094,0.092,3.892,3.984
4766675.21,18093,0.064,3.986,4.05
4766679.51,18095,0.068,3.942,4.01
4766712.48,18094,0.071,8.103,8.173
4766751.18,18093,0.073,4.271,4.343
4766785.61,18095,0.199,8.183,8.382
4766842.39,18094,0.177,4.071,4.248
4766866.41,18093,2.219,8.269,10.488
4766871.3,18095,0.126,5.069,5.195
4766883.49,18093,0.145,7.011,7.156
4766907.11,18094,0.173,8.241,8.414
4766907.61,18095,1.375,6.485,7.86
4766919.4,18093,0.179,4.467,4.647
4766936.59,18094,0.18,3.989,4.169
4766943.75,18095,0.14,5.121,5.262
4766960.72,18093,2.206,7.512,9.718
4766984.61,18094,0.177,10.69,10.867
4766989.26,18095,0.085,9.118,9.203
4767027.34,18093,0.183,6.212,6.395
4767029.87,18094,0.176,4.661,4.838
4767041.8,18095,0.088,7.925,8.013
4767051.49,18093,0.067,12.375,12.443
4767053.68,18094,0.067,10.267,10.334
4767140.05,18095,0.152,6.962,7.113
4767163.34,18093,0.13,4.126,4.256
4767195.7,18094,0.93,9.81,10.74
4767209.77,18095,2.551,5.924,8.474
4767237.54,18093,0.138,7.573,7.712
4767253.28,18094,0.12,6.212,6.333
4767346.92,18095,0.274,6.006,6.279
4767400.28,18093,0.171,4.299,4.471
4767437.82,18094,1.214,8.085,9.299
4767492.12,18095,1.13,4.468,5.597
4767529.64,18093,3.167,7.518,10.685
4767535.38,18094,0.112,4.0,4.112
4767589.72,18095,0.105,4.123,4.228
4767634.47,18093,0.15,4.073,4.223
4767737.89,18094,0.105,4.001,4.105
4767775.83,18095,0.082,4.992,5.074
4767887.16,18093,0.782,7.822,8.604
4767966.84,18094,0.155,4.177,4.332
4768097.93,18095,0.199,6.974,7.173
4768120.89,18093,0.112,4.03,4.142
4768175.23,18094,3.029,8.04,11.069
4768347.42,18095,1.094,5.287,6.381
4768399.65,18093,0.178,5.512,5.69
4768407.61,18094,1.036,7.5,8.536
4768534.61,18095,0.149,4.132,4.281
4768574.69,18093,0.119,6.058,6.177
4768661.8,18094,0.224,3.991,4.215
4768730.32,18093,0.062,6.02,6.082
4768730.96,18095,0.12,10.438,10.557
4768771.34,18094,0.09,4.2,4.29
4768777.35,18093,0.081,8.471,8.551
4768815.43,18094,0.108,5.059,5.167
4768827.92,18095,0.096,4.045,4.142
4768866.62,18093,0.077,7.497,7.574
4768871.02,18094,0.064,4.255,4.319
4768903.52,18095,0.089,4.21,4.299
4768963.38,18093,0.074,4.247,4.321
4768979.33,18094,0.101,4.16,4.261
4769056.2,18095,0.232,4.859,5.091
4769058.7,18093,0.089,4.252,4.34
4769071.68,18094,0.32,7.127,7.447
4769108.96,18095,0.721,6.176,6.897
4769110.45,18093,0.541,5.032,5.573
4769149.04,18094,0.116,4.066,4.182
4769220.44,18093,0.132,6.153,6.286
4769249.2,18095,1.514,4.053,5.567
4769278.49,18094,0.082,6.254,6.336
4769444.34,18093,0.176,5.013,5.189
4769565.06,18094,0.086,3.899,3.986
4769565.35,18095,1.92,8.183,10.102
4769574.11,18093,0.076,7.972,8.048
4769577.71,18094,0.094,4.072,4.166
4769600.99,18093,0.369,4.333,4.702
4769636.41,18095,0.093,6.07,6.163
4769638.68,18094,0.059,4.484,4.542
4769647.69,18093,0.068,6.025,6.093
4769679.19,18095,0.083,5.695,5.778
4769692.75,18094,0.094,10.971,11.066
4769693.07,18093,0.047,7.881,7.928
4769717.09,18095,0.086,11.008,11.094
4769717.24,18093,0.051,6.152,6.203
4769728.75,18094,0.055,4.024,4.079
4769769.8,18095,0.081,4.24,4.322
4769775.75,18093,0.145,4.288,4.433
4769801.02,18094,0.087,13.413,13.5
4769803.09,18095,1.03,14.03,15.06
4769803.38,18093,3.017,8.339,11.356
4769839.21,18095,0.04,11.995,12.036
4769839.62,18093,2.013,5.958,7.971
4769839.78,18094,2.016,10.728,12.744
4769866.31,18095,0.12,8.443,8.563
4769883.32,18093,0.176,4.112,4.288
4769894.89,18094,0.176,6.052,6.228
4769911.14,18095,0.073,4.032,4.105
4769940.03,18093,0.08,6.028,6.108
4769950.22,18094,0.068,6.109,6.176
4769968.26,18095,0.088,10.355,10.442
4769969.03,18093,0.063,8.221,8.284
4769980.1,18094,0.087,7.96,8.047
4769988.05,18095,0.071,4.011,4.082
4770029.46,18093,0.092,6.733,6.825
4770036.01,18094,0.096,4.043,4.139
4770048.54,18095,0.082,6.073,6.155
4770084.31,18093,0.172,3.987,4.159
4770091.83,18094,0.084,5.161,5.245
4770109.17,18095,0.12,6.463,6.583
4770120.23,18093,0.083,6.765,6.848
4770167.07,18094,0.091,5.415,5.506
4770171.48,18095,0.067,6.966,7.033
4770202.93,18094,0.064,5.81,5.874
4770203.17,18093,0.084,8.16,8.244
4770213.21,18095,0.059,6.951,7.01
4770242.77,18093,0.061,7.679,7.739
4770269.87,18094,0.098,5.212,5.311
4770282.77,18095,0.1,8.355,8.455
4770358.75,18093,0.11,8.094,8.204
4770380.51,18094,0.094,14.173,14.267
4770387.09,18095,0.084,19.055,19.139
4770389.12,18093,0.054,16.024,16.078
4770397.87,18094,0.57,17.253,17.822
4770399.37,18095,0.138,12.189,12.327
4770411.19,18094,0.06,6.089,6.149
4770411.31,18093,0.062,8.627,8.688
4770458.8,18095,0.238,4.104,4.342
4770470.86,18094,0.136,4.323,4.459
4770478.35,18093,0.145,6.032,6.177
4770485.9,18095,0.076,4.981,5.057
4770527.19,18094,2.39,5.047,7.437
4770532.55,18093,0.073,3.984,4.058
4770537.47,18095,0.073,4.617,4.69
4770544.41,18094,0.086,4.025,4.111
4770559.25,18093,0.074,6.091,6.164
4770563.33,18095,0.295,3.991,4.287
4770586.69,18094,0.069,5.004,5.073
4770616.15,18093,0.46,8.259,8.719
4770616.37,18095,0.085,4.367,4.451
4770638.33,18094,0.114,4.043,4.158
4770642.58,18093,0.068,4.098,4.165
4770664.41,18095,0.083,10.513,10.595
4770674.48,18094,1.468,13.4,14.868
4770676.71,18093,0.062,14.082,14.144
4770683.17,18095,1.062,14.07,15.132
4770684.66,18094,0.05,10.057,10.107
4770686.76,18093,2.012,5.718,7.73
4770703.39,18095,0.059,4.043,4.102
4770711.15,18094,0.053,8.061,8.115
4770730.98,18095,0.089,4.077,4.166
4770765.21,18093,0.088,4.077,4.165
4770788.63,18094,0.078,6.074,6.151
4770798.79,18095,0.074,4.049,4.123
4770821.51,18093,0.079,8.973,9.052
4770826.79,18094,0.13,4.123,4.252
4770873.19,18095,0.077,4.07,4.147
4770890.57,18093,0.072,7.998,8.069
4770909.28,18094,0.065,8.166,8.231
4770926.99,18095,0.073,4.133,4.206
4770932.87,18093,0.07,4.762,4.832
4770952.11,18094,0.183,5.991,6.174
4770972.35,18095,1.356,3.947,5.303
4770982.69,18093,0.077,3.921,3.998
4770988.92,18094,0.073,7.684,7.757
4770996.97,18095,0.07,6.137,6.207
4771004.57,18093,0.066,7.084,7.15
4771011.14,18094,0.068,4.028,4.096
4771025.95,18095,0.08,6.064,6.144
4771054.24,18093,0.088,4.089,4.178
4771224.97,18094,0.193,4.016,4.209
4771249.23,18095,0.119,4.007,4.126
4771338.86,18093,0.158,6.1,6.258
4771435.83,18094,0.131,5.609,5.74
4771536.26,18095,1.667,5.12,6.787
4771573.4,18093,0.15,7.075,7.226
4771657.75,18094,0.118,4.052,4.17
4771691.08,18095,0.105,11.918,12.022
4771691.47,18093,0.063,5.364,5.427
4771741.31,18094,0.118,5.514,5.632
4771827.27,18095,0.102,9.067,9.17
4771888.94,18093,0.201,4.786,4.986
4772009.7,18094,0.099,4.379,4.478
4772191.36,18095,2.25,10.183,12.433
4772255.88,18093,0.109,5.974,6.083
4772279.61,18094,0.101,4.007,4.109
4772297.33,18095,0.072,12.102,12.174
4772299.04,18093,0.801,6.921,7.722
4772385.62,18094,0.098,5.992,6.09
4772515.07,18095,0.152,6.068,6.219
4772579.64,18093,0.156,4.019,4.175
4772605.22,18094,0.153,8.0,8.153
4772627.33,18095,0.1,4.278,4.378
4772673.23,18093,0.121,4.046,4.166
4772714.43,18094,0.089,4.027,4.116
4772749.93,18095,0.092,4.104,4.196
4772769.9,18093,0.084,4.121,4.205
4772874.38,18094,0.088,4.049,4.136
4772948.79,18095,0.11,7.045,7.156
4773031.49,18093,0.099,4.087,4.186
4773059.13,18094,4.335,8.021,12.356
4773131.32,18095,0.128,7.103,7.231
4773232.55,18093,0.245,3.942,4.188
4773274.29,18094,0.093,5.132,5.224
4773330.12,18095,0.097,7.099,7.195
4773358.07,18093,1.724,8.999,10.723
4773361.08,18094,2.373,7.933,10.306
4773368.13,18095,0.075,7.008,7.082
4773395.51,18094,0.082,3.889,3.971
4773422.75,18093,0.077,4.072,4.149
4773493.69,18095,0.112,4.224,4.336
4773512.23,18094,0.121,8.023,8.144
4773530.16,18093,2.184,7.994,10.178
4773596.67,18095,0.15,8.373,8.523
4773625.27,18094,0.147,4.04,4.187
4773937.26,18093,0.128,7.692,7.82
4773974.11,18095,0.125,3.981,4.105
4773983.48,18094,0.105,4.008,4.113
4774026.27,18093,1.751,4.087,5.838
4774039.79,18095,0.129,4.086,4.215
4774120.33,18093,0.08,4.191,4.27
4774122.95,18094,0.115,9.067,9.181
4774215.5,18095,0.132,6.114,6.247
4774241.33,18093,0.1,7.069,7.169
4774285.17,18094,0.114,6.048,6.161
4774392.84,18095,0.097,6.067,6.165
4774462.11,18093,0.14,6.062,6.202
4774522.05,18094,0.133,4.034,4.167
4774574.71,18095,0.179,4.417,4.596
4774591.5,18093,0.18,3.994,4.174
4774615.29,18094,0.129,6.205,6.334
4774662.29,18095,0.198,6.006,6.204
4774674.13,18093,0.08,5.995,6.075
4774680.29,18094,0.068,6.999,7.067
4774752.68,18095,0.163,4.055,4.218
4774779.28,18093,0.092,4.035,4.127
4774810.02,18094,0.185,4.039,4.224
4774818.21,18093,0.047,6.014,6.061
4774818.84,18095,0.111,8.201,8.312
4774836.3,18094,0.085,7.328,7.412
4774881.55,18095,0.052,6.013,6.065
4774882.39,18093,1.024,8.318,9.342
4774940.66,18094,0.544,6.063,6.607
4774967.97,18095,0.866,3.908,4.775
4774986.22,18093,0.093,6.678,6.771
4775080.01,18094,0.086,4.059,4.145
4775120.19,18095,0.103,4.009,4.113
4775366.89,18093,0.17,5.024,5.194
4775381.05,18094,0.162,5.957,6.119
4775393.1,18095,0.071,5.982,6.053
4775474.23,18093,0.157,8.942,9.099
4775480.18,18094,0.087,12.035,12.122
4775545.77,18095,0.161,5.255,5.417
4775591.19,18093,1.296,5.08,6.375
4775631.96,18094,1.043,7.854,8.897
4775654.16,18095,0.112,4.056,4.168
4775682.42,18093,0.152,4.648,4.8
4775688.45,18094,0.129,7.516,7.645
4775831.04,18095,0.156,4.105,4.261
4775890.31,18093,2.095,4.148,6.243
4775902.97,18094,0.117,4.06,4.177
4775936.14,18093,0.068,4.687,4.754
4775939.02,18095,0.585,5.922,6.507
4775944.1,18094,0.076,4.122,4.198
4776062.54,18093,0.106,3.943,4.05
4776076.15,18095,1.385,4.488,5.873
4776259.96,18094,0.1,7.005,7.106
4776547.16,18093,0.24,4.026,4.266
4776570.58,18094,0.067,4.172,4.239
4776572.51,18095,0.124,6.317,6.442
4776674.59,18093,0.131,7.115,7.246
4776743.03,18094,0.184,4.167,4.352
4776923.22,18095,0.134,4.012,4.146
4777061.03,18093,0.152,6.208,6.36
4777182.37,18094,0.189,4.101,4.289
4777268.68,18095,0.846,5.552,6.398
4777340.36,18093,0.18,4.211,4.391
4777412.95,18094,0.148,4.192,4.34
4777539.96,18095,1.891,3.832,5.723
4777648.04,18093,0.146,4.253,4.399
4777739.44,18094,0.123,5.627,5.75
4777749.65,18095,1.029,7.554,8.583
4777793.65,18093,0.159,4.185,4.343
4777846.18,18094,0.163,6.052,6.215
4777876.68,18095,0.14,4.043,4.183
4778087.25,18093,1.943,4.073,6.015
4778196.14,18094,0.145,4.051,4.196
4778254.54,18095,1.375,4.416,5.791
4778269.29,18093,0.092,7.131,7.223
4778300.43,18094,0.093,4.176,4.269
4778308.19,18095,0.059,7.975,8.034
4778405.93,18093,0.12,7.103,7.223
4778414.24,18094,0.099,13.063,13.161
4778543.36,18095,0.216,4.19,4.407
4778597.65,18093,0.16,8.429,8.589
4778641.95,18094,0.112,5.009,5.121
4778742.35,18095,0.232,6.193,6.425
4778764.21,18093,2.143,4.062,6.206
4778807.08,18094,0.108,4.099,4.207
4778814.72,18095,0.143,3.997,4.139
4778849.55,18093,0.147,4.156,4.302
4778867.18,18094,1.6,8.047,9.647
4778899.3,18095,0.678,4.079,4.757
4778936.56,18093,0.102,10.41,10.512
4779121.31,18094,0.104,6.142,6.246
4779234.23,18095,0.174,4.027,4.2
4779240.04,18093,0.172,4.194,4.366
4779289.13,18094,0.136,6.081,6.217
4779298.81,18095,0.082,4.115,4.197
4779307.22,18093,0.109,4.075,4.184
4779313.25,18094,0.053,4.155,4.208
4779320.78,18095,0.056,4.057,4.113
4779338.96,18093,0.155,11.104,11.259
4779348.26,18095,0.079,7.021,7.1
4779348.57,18094,0.086,13.45,13.536
4779379.49,18093,0.09,3.992,4.082
4779389.1,18095,0.079,7.973,8.052
4779399.38,18094,0.083,4.261,4.344
4779420.18,18093,0.09,7.942,8.032
4779431.22,18095,0.098,4.212,4.31
4779439.34,18094,0.064,8.127,8.191
4779455.85,18095,0.081,6.862,6.943
4779462.34,18093,1.362,4.216,5.578
4779477.17,18094,0.093,4.187,4.28
4779503.49,18095,0.09,5.985,6.075
4779509.2,18095,0.057,4.906,4.963
4779510.18,18093,0.073,7.972,8.045
4779514.16,18094,0.07,7.045,7.114
4779524.24,18095,0.122,4.077,4.199
4779555.66,18093,0.084,7.087,7.171
4779565.99,18094,0.071,3.959,4.03
4779583.07,18095,1.025,11.004,12.029
4779585.23,18093,1.497,6.16,7.657
4779612.11,18094,0.095,4.085,4.181
4779623.61,18095,0.098,4.255,4.352
4779631.98,18094,0.068,4.024,4.093
4779632.93,18093,0.091,6.098,6.188
4779649.63,18095,0.113,8.483,8.596
4779650.18,18094,0.067,6.93,6.997
4779668.0,18093,4.025,6.923,10.948
4779671.14,18095,4.036,8.051,12.087
4779676.83,18094,0.07,3.986,4.055
4779693.07,18093,0.061,3.974,4.035
4779724.59,18095,0.082,4.084,4.166
4779749.35,18094,2.344,8.253,10.597
4779753.54,18093,0.335,4.022,4.357
4779796.26,18095,0.169,4.667,4.836
4779805.19,18094,0.075,4.05,4.125
4779844.67,18093,0.097,4.358,4.455
4779852.2,18093,0.289,4.083,4.372
4779855.56,18095,0.081,9.866,9.946
4779857.65,18093,0.061,4.026,4.087
4779857.7,18094,1.762,9.616,11.378
4779873.73,18095,0.081,8.187,8.268
4779950.48,18093,0.155,8.836,8.992
4779964.93,18094,0.142,4.9,5.041
4779978.49,18095,0.112,5.047,5.159
4779996.05,18093,1.867,3.924,5.791
4780004.83,18094,0.07,6.207,6.277
4780041.94,18095,0.084,5.996,6.079
4780046.19,18093,0.126,4.031,4.157
4780070.61,18095,0.06,6.405,6.465
4780071.88,18094,0.086,7.998,8.084
4780075.06,18095,0.048,3.982,4.03
4780077.78,18093,0.053,10.035,10.087
4780095.85,18095,0.061,4.187,4.248
4780103.34,18094,0.067,7.361,7.428
4780112.25,18093,0.075,7.013,7.089
4780139.59,18095,0.109,6.089,6.198
4780148.67,18094,0.126,6.2,6.326
4780156.96,18093,0.064,6.238,6.302
4780163.16,18095,0.06,4.056,4.116
4780184.69,18094,0.071,6.981,7.052
4780203.05,18093,0.061,5.642,5.704
4780221.15,18095,0.079,5.844,5.923
4780225.39,18094,0.391,4.154,4.545
4780243.01,18093,0.059,6.889,6.949
4780255.8,18095,0.066,6.074,6.14
4780263.83,18094,1.838,7.955,9.793
4780271.7,18093,0.053,7.087,7.139
4780298.57,18095,0.078,4.125,4.204
4780320.9,18094,0.078,4.224,4.301
4780332.06,18093,0.092,7.094,7.186
4780337.08,18095,0.063,8.114,8.177
4780347.45,18093,0.068,9.751,9.819
4780357.5,18094,0.057,10.392,10.449
4780416.59,18093,0.158,4.065,4.223
4780431.68,18095,0.113,7.494,7.607
4780436.6,18094,0.129,9.152,9.281
4780459.49,18093,0.089,7.036,7.125
4780496.18,18095,0.129,4.107,4.237
4780548.41,18094,1.087,4.274,5.361
4780578.44,18095,0.096,4.099,4.196
4780578.65,18093,0.111,5.699,5.81
4780602.62,18094,0.071,11.005,11.076
4780603.53,18093,0.061,11.318,11.379
4780605.53,18095,0.101,13.592,13.693
4780611.73,18094,3.675,9.018,12.694
4780640.31,18093,0.1,4.19,4.29
4780647.0,18095,0.074,3.991,4.065
4780662.57,18094,0.088,6.468,6.556
4780693.17,18093,0.074,14.034,14.108
4780698.91,18095,0.059,7.811,7.87
4780701.62,18094,0.246,8.321,8.567
4780706.91,18093,0.062,6.087,6.148
4780732.03,18094,0.089,3.974,4.062
4780752.17,18095,0.112,4.201,4.313
4780841.31,18093,0.639,8.227,8.866
4780971.98,18094,0.19,4.011,4.201
4780972.87,18095,0.116,4.082,4.199
4781021.06,18093,0.182,3.948,4.13
4781038.61,18094,0.088,3.914,4.002
4781054.46,18095,0.1,5.852,5.953
4781102.89,18093,0.12,3.935,4.055
4781149.73,18094,0.085,6.033,6.119
4781160.89,18095,0.107,4.199,4.307
4781205.36,18093,0.113,4.125,4.238
4781305.09,18094,0.1,8.323,8.423
4781333.14,18095,0.101,8.046,8.147
4781376.2,18093,0.096,8.282,8.378
4781404.31,18094,2.092,5.148,7.24
4781425.17,18095,0.089,12.672,12.76
4781472.12,18093,0.127,6.074,6.201
4781480.32,18094,0.1,6.504,6.604
4781503.57,18095,0.082,7.628,7.711
4781523.66,18093,0.088,5.053,5.141
4781619.32,18094,2.481,6.148,8.628
4781671.83,18095,0.223,4.13,4.353
4781675.79,18093,0.128,4.501,4.629
4781697.08,18095,0.169,4.244,4.413
4781827.75,18094,2.212,4.478,6.69
4781897.37,18093,0.108,4.054,4.162
4781928.48,18095,0.127,4.107,4.234
4781945.34,18094,0.152,4.26,4.413
4782045.0,18093,0.191,5.455,5.646
4782053.06,18095,1.036,5.951,6.987
4782059.67,18093,0.132,4.268,4.401
4782094.15,18094,0.097,4.161,4.258
4782109.36,18095,0.091,4.67,4.761
4782183.85,18093,0.079,6.36,6.44
4782202.52,18094,0.077,6.092,6.169
4782240.99,18095,2.53,5.934,8.465
4782253.25,18093,0.085,4.115,4.2
4782264.2,18094,0.117,4.066,4.184
4782304.49,18095,0.085,4.143,4.228
4782329.16,18093,0.071,4.038,4.11
4782459.45,18094,0.109,4.245,4.354
4782473.14,18095,0.078,8.006,8.084
4782524.12,18093,0.094,4.962,5.056
4782531.27,18094,0.085,6.016,6.101
4782555.6,18095,0.08,5.18,5.26
4782596.18,18093,0.112,7.009,7.121
4782614.39,18094,0.078,3.985,4.064
4782726.38,18095,0.106,4.129,4.235
4782759.24,18093,0.175,3.974,4.149
4782778.62,18094,0.093,4.465,4.558
4782905.19,18095,0.13,5.114,5.243
4782939.62,18093,0.12,8.335,8.455
4782968.61,18093,0.061,7.287,7.349
4782969.02,18094,0.089,8.082,8.172
4782971.04,18095,3.588,7.947,11.534
4783018.38,18094,0.155,4.126,4.281
4783155.08,18093,0.165,6.078,6.243
4783165.0,18095,0.132,4.323,4.455
4783485.98,18094,0.245,12.488,12.734
4783490.11,18093,0.408,11.012,11.42
4783599.79,18095,0.154,4.121,4.275
4783608.31,18093,0.056,6.071,6.127
4783608.78,18094,0.083,8.229,8.312
4783694.2,18095,0.125,4.603,4.728
4783724.37,18093,0.095,9.176,9.271
4783748.18,18094,0.099,4.183,4.281
4783830.56,18095,0.11,5.744,5.854
4783861.54,18093,0.094,4.047,4.141
4783927.93,18094,0.102,4.014,4.116
4784128.39,18095,0.191,11.186,11.377
4784255.42,18093,0.146,6.034,6.18
4784273.75,18094,0.101,6.124,6.225
4784278.85,18095,1.214,7.781,8.995
4784309.29,18093,0.162,3.948,4.11
4784325.34,18094,0.106,6.423,6.529
4784356.75,18095,0.092,5.163,5.255
4784433.65,18093,0.142,6.215,6.358
4784485.2,18094,2.485,8.082,10.566
4784555.14,18095,1.681,4.035,5.716
4784568.29,18093,0.104,4.02,4.124
4784658.32,18094,0.127,8.021,8.148
4784731.12,18095,0.121,3.991,4.112
4784749.17,18093,0.103,7.997,8.1
4784779.89,18094,0.107,6.106,6.213
4784792.12,18095,0.853,4.069,4.922
4784802.44,18093,0.076,5.35,5.426
4784841.05,18094,0.088,4.106,4.194
4784869.14,18095,0.099,3.979,4.078
4784874.51,18093,0.086,4.143,4.229
4784904.15,18094,0.077,7.032,7.11
4784924.05,18095,1.064,6.979,8.043
4784952.12,18093,0.079,4.142,4.222
4784966.02,18094,0.123,4.085,4.207
4784990.07,18095,0.079,5.762,5.841
4785010.8,18093,1.405,5.318,6.723
4785065.2,18094,0.083,6.234,6.316
4785102.25,18095,3.576,10.117,13.693
4785104.2,18093,1.021,4.402,5.423
4785117.22,18094,0.086,8.078,8.164
4785142.74,18095,0.152,4.039,4.191
4785152.5,18093,0.132,6.332,6.465
4785152.65,18094,0.071,5.918,5.989
4785168.73,18094,1.488,6.656,8.144
4785169.8,18095,0.071,11.054,11.125
4785169.91,18093,1.414,8.851,10.264
4785172.82,18094,6.009,3.979,9.988
4785204.12,18093,0.099,5.089,5.188
4785244.49,18095,0.084,5.044,5.128
4785263.41,18094,0.093,4.266,4.359
4785274.4,18093,1.002,8.292,9.295
4785279.24,18095,1.146,8.134,9.28
4785279.76,18094,0.046,6.663,6.709
4785290.06,18095,0.067,3.96,4.027
4785292.15,18093,2.249,10.05,12.299
4785312.03,18094,0.059,7.923,7.982
4785314.09,18095,0.065,9.994,10.059
4785324.14,18093,0.066,6.035,6.1
4785333.58,18094,0.062,3.948,4.01
4785339.06,18095,0.058,4.07,4.128
4785359.6,18093,0.094,4.035,4.128
4785384.4,18094,0.75,4.236,4.986
4785403.3,18095,2.021,8.215,10.236
4785428.09,18093,0.088,6.073,6.161
4785430.22,18094,0.058,4.125,4.183
4785469.45,18095,0.09,3.982,4.071
4785482.63,18093,0.083,9.47,9.553
4785485.5,18094,0.068,5.771,5.839
4785492.15,18095,0.079,4.102,4.18
4785504.39,18093,0.051,13.114,13.165
4785508.15,18094,0.078,10.689,10.767
4785518.14,18095,0.064,8.032,8.095
4785528.31,18093,0.065,6.019,6.084
4785539.88,18094,0.057,4.766,4.823
4785620.94,18095,0.179,4.809,4.988
4785638.67,18093,0.096,8.017,8.113
4785687.29,18094,1.244,12.143,13.387
4785687.98,18095,0.093,10.848,10.94
4785707.12,18093,0.45,8.033,8.483
4785735.83,18094,0.107,4.075,4.182
4785751.47,18095,0.112,8.195,8.307
4785753.97,18093,0.068,4.096,4.165
4785761.62,18094,0.095,9.002,9.098
4785766.14,18095,0.075,7.002,7.077
4785781.44,18093,0.074,9.707,9.781
4785783.95,18094,0.073,11.091,11.164
4785787.96,18095,0.057,8.179,8.235
4785851.84,18093,0.311,7.534,7.845
4785853.48,18094,0.118,7.438,7.555
4785861.29,18095,0.099,10.137,10.236
4785866.2,18093,3.028,8.132,11.16
4785914.25,18094,0.086,3.931,4.016
4785936.18,18095,0.116,4.386,4.502
4785953.69,18093,0.088,4.955,5.043
4785981.75,18094,1.6,4.099,5.699
4786030.85,18095,0.09,4.868,4.957
4786175.4,18093,0.238,4.061,4.298
4786285.08,18094,0.171,6.2,6.372
4786290.45,18095,0.083,4.008,4.091
4786317.58,18093,0.168,6.112,6.28
4786328.41,18094,0.072,5.117,5.188
4786344.47,18095,0.096,7.996,8.092
4786355.41,18093,1.616,6.335,7.951
4786422.53,18094,0.085,7.027,7.112
4786440.29,18095,0.09,4.182,4.272
4786450.72,18093,0.074,3.992,4.066
4786460.99,18094,1.028,3.919,4.947
4786552.51,18095,0.083,5.762,5.845
4786567.26,18093,0.071,4.134,4.205
4786584.36,18094,0.069,6.086,6.155
4786586.69,18095,0.052,7.037,7.089
4786592.29,18093,0.054,6.198,6.253
4786622.46,18095,0.088,10.984,11.071
4786624.26,18094,0.05,11.154,11.204
4786632.13,18093,0.087,6.217,6.304
4786638.97,18095,0.081,3.981,4.062
4786673.81,18094,0.094,4.044,4.138
4786683.8,18093,0.156,4.062,4.218
4786711.57,18095,0.082,8.438,8.52
4786767.73,18094,0.085,6.055,6.14
4786769.47,18093,1.029,4.383,5.412
4786816.3,18095,0.071,6.753,6.823
4786821.03,18093,0.061,6.518,6.578
4786848.07,18094,0.087,6.997,7.084
4786895.55,18095,2.059,5.846,7.904
4786909.74,18093,0.083,4.089,4.172
4786925.79,18094,0.065,4.047,4.111
4786962.65,18095,0.083,7.009,7.091
4786991.18,18093,0.121,5.677,5.798
4786997.3,18094,0.963,11.97,12.933
4786999.86,18095,0.057,11.322,11.379
4787000.76,18093,0.053,9.351,9.405
4787009.57,18094,0.058,4.467,4.525
4787023.9,18095,0.065,7.098,7.163
4787031.3,18093,0.056,12.044,12.1
4787031.82,18094,3.6,8.766,12.366
4787034.04,18095,4.052,10.026,14.079
4787044.17,18093,0.079,8.048,8.127
4787130.82,18094,0.129,4.972,5.101
4787140.68,18095,0.114,4.074,4.188
4787153.19,18093,1.028,4.101,5.129
4787177.08,18094,0.169,4.143,4.312
4787201.77,18095,1.33,3.92,5.25
4787255.6,18093,0.157,4.37,4.528
4787288.42,18094,0.198,7.028,7.226
4787313.07,18095,0.108,4.145,4.253
4787329.37,18093,0.078,5.796,5.873
4787341.71,18094,0.079,6.235,6.314
4787374.41,18095,0.086,4.168,4.254
4787381.91,18094,0.055,8.081,8.136
4787383.99,18093,0.074,11.771,11.845
4787425.93,18095,0.095,4.058,4.153
4787468.73,18094,0.092,5.976,6.068
4787469.22,18093,0.055,4.098,4.153
4787484.8,18095,0.085,4.084,4.169
4787497.86,18094,1.091,7.796,8.887
4787504.12,18093,0.056,9.016,9.072
4787506.26,18095,0.076,4.332,4.408
4787512.74,18094,0.095,5.991,6.086
4787514.01,18093,0.069,4.086,4.154
4787538.23,18095,0.073,4.106,4.179
4787580.83,18094,0.092,6.06,6.153
4787584.08,18093,0.09,4.157,4.247
4787590.67,18094,0.087,5.812,5.899
4787607.19,18095,2.357,4.08,6.437
4787611.52,18093,0.068,3.983,4.051
4787632.39,18094,0.076,10.171,10.246
4787632.65,18095,2.041,6.577,8.619
4787642.34,18093,0.058,8.049,8.107
4787654.18,18094,0.054,10.079,10.134
4787669.77,18095,0.076,6.949,7.025
4787673.39,18093,0.061,5.186,5.247
4787686.32,18094,0.067,5.095,5.162
4787690.66,18095,0.054,7.16,7.214
4787695.86,18093,0.078,4.035,4.112
4787717.29,18094,0.08,4.067,4.147
4787726.22,18095,0.063,7.008,7.071
4787764.72,18093,0.088,5.181,5.269
4787777.52,18094,0.089,6.003,6.092
4787799.6,18095,0.14,5.636,5.776
4787812.32,18093,0.089,6.727,6.816
4787818.76,18094,1.001,7.716,8.718
4787819.17,18095,1.424,6.124,7.548
4787846.26,18093,0.088,9.113,9.201
4787854.14,18094,0.491,8.067,8.558
4787952.44,18093,1.376,7.369,8.745
4788005.18,18095,0.092,8.508,8.6
4788079.23,18094,0.134,4.025,4.159
4788140.88,18093,0.314,4.027,4.341
4788180.95,18095,0.94,7.816,8.756
4788361.09,18094,0.182,3.993,4.175
4788403.76,18093,0.123,8.88,9.004
4788441.17,18095,0.122,4.055,4.177
4788639.19,18094,0.146,4.043,4.189
4788690.01,18093,0.11,6.889,7.0
4788778.41,18095,0.124,4.116,4.239
4788819.45,18094,0.253,8.064,8.316
4788882.58,18093,0.128,4.033,4.161
4789019.41,18095,3.064,19.256,22.321
4789041.21,18094,0.145,17.01,17.155
4789048.23,18093,2.101,11.054,13.155
4789071.44,18095,0.135,8.952,9.087
4789104.14,18094,0.175,4.015,4.19
4789175.79,18093,0.152,4.063,4.215
4789240.22,18095,0.193,4.923,5.116
4789385.32,18094,0.209,6.135,6.344
4789397.39,18093,0.107,6.047,6.154
4789496.56,18095,0.133,4.534,4.667
4789549.66,18094,0.173,9.385,9.558
4789590.93,18093,0.208,9.26,9.468
4789623.53,18095,0.16,4.534,4.694
4789693.24,18094,0.805,6.137,6.941
4789738.6,18093,0.094,5.736,5.83
4789740.94,18095,0.073,4.091,4.163
4789871.51,18094,0.121,3.986,4.107
4789873.74,18095,0.09,4.105,4.196
4790080.64,18093,0.115,4.909,5.024
4790111.06,18094,0.112,4.02,4.132
4790175.57,18095,0.108,4.037,4.145
4790204.28,18093,0.095,3.946,4.04
4790225.94,18094,0.082,6.928,7.01
4790235.07,18095,0.08,5.673,5.753
4790246.09,18093,0.07,4.98,5.05
4790285.85,18094,0.285,8.692,8.977
4790292.38,18095,0.071,7.999,8.07
4790314.32,18093,0.131,8.093,8.224
4790325.3,18094,0.175,4.139,4.314
4790351.06,18095,0.12,4.075,4.195
4790397.18,18093,0.105,6.076,6.181
4790570.45,18094,0.156,3.977,4.133
4790625.27,18093,0.07,9.047,9.117
4790625.55,18095,0.19,11.494,11.684
4790658.23,18094,0.11,5.06,5.169
4790662.13,18093,0.064,5.688,5.752
4790748.11,18095,0.164,4.024,4.188
4790773.22,18094,0.097,4.879,4.976
4790779.98,18093,0.14,4.089,4.229
4790914.21,18095,0.128,6.014,6.142
4790994.53,18094,0.106,7.042,7.148
4791012.69,18093,0.163,4.24,4.403
4791042.02,18095,0.136,4.106,4.242
4791071.7,18094,0.11,6.111,6.221
4791271.82,18093,0.173,4.041,4.214
4791314.32,18094,0.065,4.051,4.116
4791315.4,18095,0.139,7.037,7.176
4791331.45,18093,0.081,8.108,8.189
4791390.03,18094,0.176,4.255,4.431
4791406.31,18095,2.034,5.173,7.208
4791591.12,18093,0.13,8.283,8.413
4791741.13,18094,1.941,8.017,9.958
4791818.62,18095,0.136,5.954,6.091
4791895.38,18093,1.367,8.203,9.57
4792055.88,18094,0.132,7.668,7.8
4792091.23,18095,0.153,7.027,7.18
4792126.65,18093,0.167,8.069,8.236
4792169.67,18094,0.883,7.524,8.407
4792251.38,18095,0.149,4.056,4.205
4792367.45,18093,0.261,5.331,5.592
4792391.24,18094,2.417,4.021,6.438
4792456.07,18095,0.141,4.123,4.265
4792490.46,18093,0.121,6.103,6.224
4792550.77,18094,0.093,4.008,4.101
4792563.41,18095,0.087,8.048,8.135
4792580.21,18093,0.083,8.07,8.154
4792680.63,18094,0.093,4.078,4.171
4792841.17,18095,0.671,9.052,9.723
4792860.32,18093,0.109,6.041,6.15
4792897.04,18094,2.038,5.936,7.974
4792917.15,18095,0.093,8.016,8.109
4792921.13,18093,2.056,6.01,8.066
4793000.9,18094,0.114,4.387,4.501
4793133.89,18095,0.146,4.091,4.237
4793137.19,18093,1.154,4.08,5.234
4793174.53,18094,0.124,4.174,4.298
4793197.09,18095,0.083,5.959,6.042
4793317.49,18093,0.132,7.283,7.416
4793440.59,18094,0.152,4.639,4.792
4793460.17,18095,2.122,4.045,6.166
4793486.58,18093,0.12,4.025,4.146
4793697.17,18094,0.146,4.021,4.167
4793705.32,18095,0.095,4.155,4.249
4793760.48,18093,0.11,4.061,4.171
4793772.22,18094,0.096,4.201,4.297
4793805.91,18095,0.618,6.232,6.85
4793807.89,18093,0.057,6.927,6.984
4793849.3,18094,0.168,4.004,4.172
4793873.18,18095,0.131,5.981,6.112
4793940.96,18093,0.115,6.043,6.158
4793955.55,18094,0.082,4.067,4.15
4794128.43,18095,2.256,4.282,6.538
4794315.2,18093,0.182,5.379,5.561
4794422.9,18094,0.191,4.178,4.368
4794427.19,18095,0.103,4.093,4.195
4794481.15,18093,0.174,6.157,6.331
4794505.63,18094,2.521,4.014,6.535
4794560.24,18095,0.139,4.356,4.496
4794581.44,18093,0.107,4.108,4.215
4794604.29,18094,2.097,4.142,6.239
4794727.44,18095,0.193,5.09,5.283
4794760.48,18093,0.135,4.026,4.161
4794797.94,18094,0.14,6.54,6.68
4794831.44,18095,0.136,5.084,5.22
4794886.61,18093,2.377,8.434,10.811
4794915.77,18094,0.148,4.149,4.297
4794929.92,18095,0.17,4.818,4.988
4794960.53,18093,0.105,8.035,8.139
4794971.44,18094,0.074,6.16,6.234
4794984.94,18095,0.15,4.107,4.258
4795083.12,18093,0.151,4.089,4.24
4795113.6,18094,0.105,5.668,5.772
4795162.26,18095,0.147,6.047,6.193
4795208.54,18093,0.11,4.108,4.219
4795266.9,18095,0.078,6.04,6.118
4795267.46,18094,1.194,11.359,12.553
4795341.63,18093,0.151,8.175,8.326
4795398.92,18094,1.901,4.002,5.903
4795436.6,18095,0.143,4.466,4.609
4795494.27,18093,0.142,7.039,7.181
4795522.16,18094,0.166,4.184,4.351
4795620.18,18093,2.787,8.032,10.819
4795620.44,18095,2.112,10.277,12.388
4795639.94,18094,0.137,4.053,4.19
4795686.3,18093,0.113,10.066,10.179
4795727.12,18095,0.132,7.095,7.227
4795772.05,18094,0.916,3.929,4.845
4795820.66,18093,0.163,4.086,4.249
4795886.43,18095,0.16,8.194,8.353
4795907.56,18094,0.112,4.189,4.301
4795942.54,18093,0.345,4.304,4.649
4796046.44,18095,0.175,4.126,4.301
4796072.17,18094,1.129,3.976,5.104
4796194.3,18093,0.213,4.077,4.29
4796214.73,18095,0.113,8.198,8.311
4796216.17,18094,0.083,5.035,5.119
4796273.31,18093,0.238,4.194,4.432
4796281.55,18095,0.852,5.424,6.277
4796353.62,18094,0.089,3.985,4.073
4796383.65,18093,0.166,4.113,4.279
4796404.89,18095,0.089,6.049,6.138
4796420.03,18094,0.093,4.14,4.232
4796429.83,18093,0.145,4.048,4.193
4796446.64,18095,0.074,5.872,5.946
4796676.99,18094,0.161,6.059,6.22
4796710.27,18093,0.173,9.032,9.205
4796742.52,18095,0.092,4.041,4.133
4797159.53,18094,0.161,4.008,4.169
4797175.39,18093,0.11,6.671,6.781
4797203.91,18095,0.109,4.178,4.287
4797282.09,18094,0.092,9.151,9.242
4797607.93,18093,0.135,4.101,4.236
4797668.13,18095,0.186,8.28,8.467
4797680.15,18094,0.773,12.039,12.812
4797906.62,18095,0.127,8.017,8.144
4797932.95,18093,0.125,4.112,4.237
4797992.08,18094,0.174,6.914,7.088
4798073.16,18095,0.12,4.008,4.127
4798085.58,18093,0.083,4.259,4.343
4798133.66,18094,0.081,4.65,4.731
4798215.9,18095,0.082,5.026,5.108
4798246.45,18093,0.099,4.032,4.131
4798290.36,18094,0.118,6.11,6.228
4798301.19,18095,1.898,8.118,10.016
4798315.49,18093,0.078,5.194,5.273
4798368.96,18094,1.22,4.839,6.059
4798433.68,18095,0.099,4.064,4.163
4798448.58,18093,0.101,4.235,4.336
4798466.99,18094,0.084,4.84,4.923
4798476.39,18095,0.069,3.966,4.036
4798483.44,18093,0.069,6.17,6.239
4798491.04,18094,1.57,5.957,7.527
4798503.33,18095,0.074,6.897,6.971
4798506.8,18094,0.041,3.97,4.011
4798510.18,18093,0.097,8.053,8.15
4798511.56,18095,0.058,6.109,6.166
4798526.1,18094,1.968,5.033,7.001
4798530.18,18093,0.053,4.089,4.142
4798568.29,18094,0.078,4.943,5.021
4798587.27,18095,1.451,8.209,9.66
4798594.2,18093,1.248,4.097,5.345
4798604.5,18094,0.077,4.028,4.104
4798635.01,18095,1.932,3.899,5.831
4798681.31,18093,0.133,4.084,4.218
4798716.05,18094,0.109,7.055,7.163
4798717.13,18095,2.341,4.016,6.358
4798724.04,18093,0.061,4.931,4.991
4798741.96,18095,0.136,4.11,4.246
4798746.22,18094,1.978,4.197,6.175
4798757.89,18093,0.062,5.047,5.109
4798762.27,18095,0.055,5.075,5.13
4798780.97,18094,0.141,6.12,6.262
4798798.07,18093,0.107,8.155,8.262
4798806.16,18095,0.08,12.034,12.114
4798810.43,18094,0.071,12.197,12.268
4798812.06,18093,0.06,7.966,8.025
4798822.87,18095,0.06,6.318,6.378
4798849.09,18094,0.087,6.041,6.127
4798859.02,18093,0.064,4.111,4.176
4798867.43,18095,0.09,4.145,4.235
4798912.99,18094,0.073,5.643,5.717
4798922.01,18093,0.998,7.898,8.896
4798933.55,18095,0.577,10.862,11.438
4798934.41,18094,3.422,8.338,11.76
4798936.64,18093,1.535,5.557,7.092
4798940.83,18095,0.688,4.093,4.781
4798990.64,18094,0.134,6.242,6.375
4799007.43,18093,0.076,8.667,8.743
4799013.98,18095,0.066,9.757,9.823
4799021.21,18094,0.728,11.109,11.837
4799025.02,18093,0.061,5.218,5.279
4799064.35,18095,0.082,4.159,4.241
4799097.12,18093,0.052,8.023,8.074
4799097.43,18094,0.103,11.294,11.397
4799110.85,18095,1.067,8.035,9.102
4799133.84,18095,0.049,3.989,4.038
4799136.7,18093,0.077,12.023,12.1
4799136.98,18094,0.48,9.92,10.4
4799143.69,18095,0.088,4.045,4.133
4799160.43,18094,0.115,4.257,4.371
4799185.44,18093,0.065,11.334,11.398
4799185.61,18095,0.051,8.524,8.576
4799220.02,18094,0.089,4.118,4.207
4799241.18,18093,0.155,4.052,4.207
4799247.53,18095,0.091,6.178,6.268
4799257.14,18094,0.054,8.051,8.106
4799273.09,18093,0.052,12.002,12.054
4799273.28,18095,1.156,10.22,11.377
4799288.99,18094,0.091,4.019,4.11
4799293.35,18093,0.063,4.047,4.11
4799314.6,18095,0.09,3.989,4.079
4799351.24,18094,2.294,8.081,10.375
4799363.74,18093,0.071,5.272,5.343
4799370.55,18095,0.062,6.524,6.586
4799386.84,18094,0.068,4.028,4.096
4799428.04,18093,0.085,9.602,9.687
4799483.36,18095,0.103,4.041,4.144
4799487.76,18094,0.118,4.159,4.276
4799515.46,18093,0.082,16.338,16.42
4799519.66,18094,0.068,4.022,4.09
4799524.57,18094,0.044,3.987,4.032
4799524.85,18095,0.059,15.149,15.208
4799527.56,18093,0.048,10.459,10.507
4799537.19,18094,0.054,5.098,5.152
4799544.13,18095,0.052,6.044,6.095
4799557.36,18093,0.114,4.234,4.348
4799584.34,18094,0.076,8.006,8.082
4799617.28,18095,0.082,8.284,8.366
4799623.54,18093,0.093,5.163,5.257
4799662.35,18094,1.052,8.214,9.266
4799677.68,18095,0.07,4.069,4.14
4799740.95,18093,0.869,3.995,4.864
4799794.07,18094,0.154,3.978,4.132
4800007.84,18095,0.169,4.216,4.385
4800025.75,18093,0.11,5.968,6.079
4800121.76,18094,0.16,5.336,5.497
4800177.68,18095,0.107,7.497,7.604
4800182.21,18093,0.074,7.768,7.842
4800192.52,18094,0.087,6.08,6.167
4800314.04,18095,0.18,3.983,4.163
4800350.01,18093,0.122,4.158,4.279
4800468.43,18094,0.092,4.015,4.107
4800479.22,18095,0.091,7.077,7.168
4800536.05,18093,0.094,4.121,4.215
4800679.67,18094,0.14,4.779,4.919
4800719.56,18095,0.127,6.937,7.064
4800724.79,18093,0.091,5.693,5.784
4800855.86,18095,0.14,6.324,6.463
4800870.52,18094,0.134,7.004,7.138
4800909.42,18093,0.116,6.14,6.256
4800927.69,18095,0.098,4.081,4.178
4800960.47,18094,0.09,10.723,10.812
4801145.45,18093,0.113,4.042,4.155
4801155.69,18095,0.138,4.136,4.274
4801252.59,18094,0.158,7.11,7.268
4801328.69,18093,0.109,5.22,5.329
4801350.21,18095,0.088,13.062,13.15
4801390.63,18094,0.107,5.098,5.205
4801479.16,18093,0.128,4.07,4.198
4801514.96,18095,0.087,5.169,5.255
4801580.04,18094,0.149,4.1,4.249
4801611.1,18093,1.835,4.015,5.85
4801623.12,18093,1.415,3.968,5.383
4801625.38,18095,0.082,14.093,14.176
4801631.51,18094,1.809,12.403,14.212
4801650.28,18093,0.228,6.058,6.286
4801655.98,18095,0.086,9.266,9.351
4801665.24,18094,0.078,8.286,8.364
4801665.84,18093,0.061,4.003,4.064
4801684.91,18095,0.084,3.987,4.071
4801696.88,18094,0.083,4.342,4.425
4801709.2,18093,0.102,4.263,4.365
4801732.33,18095,0.091,12.16,12.25
4801738.37,18094,2.026,4.301,6.327
4801779.38,18093,0.124,4.891,5.015
4801815.12,18094,0.073,3.979,4.052
4801815.25,18095,0.158,8.462,8.621
4801851.7,18093,0.112,4.076,4.188
4801874.41,18094,0.094,4.053,4.147
4801882.84,18095,0.079,4.132,4.212
4801920.2,18093,0.102,4.024,4.126
4801941.48,18094,1.489,8.358,9.847
4801969.1,18095,0.116,3.978,4.094
4801973.36,18093,0.167,4.041,4.208
4801988.42,18094,0.114,4.03,4.144
4802020.54,18095,0.095,6.026,6.121
4802024.74,18093,0.072,4.04,4.112
4802038.56,18094,0.078,8.623,8.701
4802086.96,18095,0.088,6.054,6.141
4802205.22,18093,0.146,4.051,4.196
4802230.14,18094,0.136,3.947,4.082
4802236.1,18095,0.082,7.969,8.051
4802285.98,18093,0.106,4.473,4.58
4802290.64,18094,0.088,5.248,5.336
4802292.95,18093,0.049,4.738,4.787
4802294.55,18095,0.087,8.359,8.446
4802348.57,18094,0.127,4.142,4.27
4802372.08,18095,0.09,4.199,4.289
4802396.77,18093,0.099,7.019,7.118
4802405.39,18094,0.066,7.842,7.908
4802409.64,18095,0.071,4.028,4.099
4802450.6,18093,0.089,4.384,4.473
4802480.72,18094,0.087,6.126,6.213
4802513.8,18095,0.098,4.231,4.33
4802532.67,18093,0.082,4.018,4.1
4802546.57,18094,0.064,4.254,4.317
4802574.59,18095,0.122,6.456,6.578
4802577.24,18093,0.08,5.106,5.187
4802621.5,18094,0.077,5.011,5.088
4802638.92,18095,0.076,4.049,4.125
4802650.22,18093,0.065,4.212,4.277
4802667.93,18094,0.083,6.952,7.034
4802678.5,18095,0.081,4.074,4.155
4802689.69,18093,0.079,6.013,6.092
4802742.9,18094,0.443,4.825,5.267
4802748.61,18095,0.092,3.97,4.062
4802755.02,18093,0.092,4.092,4.184
4802781.32,18094,0.067,4.087,4.154
4802798.45,18095,0.096,5.906,6.003
4802801.37,18093,0.055,5.134,5.189
4802858.35,18094,0.134,8.573,8.707
4802924.46,18095,0.151,7.127,7.278
4803058.68,18093,0.123,4.195,4.318
4803171.15,18094,0.132,6.942,7.074
4803336.82,18095,0.136,8.205,8.341
4803381.18,18093,0.105,7.838,7.943
4803584.57,18094,0.165,5.605,5.771
4803598.96,18095,0.117,5.648,5.765
4803617.38,18093,2.468,8.25,10.718
4803685.33,18094,1.311,6.033,7.343
4803706.95,18095,0.116,4.368,4.484
4803751.4,18093,0.095,8.103,8.198
4803770.19,18094,2.033,8.102,10.135
4803864.96,18095,0.909,4.145,5.053
4803947.22,18093,2.419,4.01,6.429
4804035.55,18094,0.128,4.066,4.194
4804062.22,18095,1.823,10.099,11.922
4804097.65,18093,0.123,4.275,4.397
4804151.41,18094,3.813,8.291,12.105
4804207.82,18095,0.153,6.397,6.55
4804319.08,18093,0.091,7.937,8.028
4804342.25,18094,0.146,4.11,4.257
4804438.13,18095,1.911,4.013,5.924
4804489.94,18093,0.117,4.937,5.054
4804508.85,18094,0.105,4.503,4.608
4804594.78,18095,0.254,4.148,4.402
4804612.37,18093,0.427,5.359,5.787
4804711.05,18094,0.221,5.068,5.289
4804723.75,18095,1.878,7.65,9.527
4804756.46,18093,0.114,9.071,9.185
4804760.91,18094,0.079,4.175,4.254
4804765.79,18095,0.065,4.074,4.14
4804818.87,18093,0.183,8.338,8.521
4804964.15,18094,0.19,4.136,4.326
4805095.49,18095,0.257,5.274,5.531
4805172.8,18093,0.165,4.09,4.256
4805179.1,18094,0.112,4.1,4.212
4805194.07,18095,0.112,6.237,6.348
4805235.23,18093,0.088,10.081,10.169
4805362.13,18094,0.141,4.052,4.193
4805365.59,18095,0.554,4.234,4.788
4805369.35,18094,0.093,4.679,4.772
4805432.23,18095,2.087,9.083,11.171
4805436.5,18093,0.112,5.104,5.216
4805502.67,18094,0.115,6.848,6.962
4805509.23,18095,0.097,4.076,4.173
4805515.47,18093,0.066,6.349,6.415
4805543.21,18094,2.064,12.139,14.204
4805544.8,18093,0.073,4.039,4.112
4805545.13,18095,3.379,10.071,13.45
4805553.66,18093,0.068,4.11,4.179
4805557.75,18093,0.967,3.984,4.951
4805557.97,18094,0.085,10.303,10.389
4805561.28,18095,0.052,9.083,9.135
4805567.1,18093,0.074,4.084,4.158
4805571.36,18094,0.061,4.154,4.216
4805644.26,18093,0.12,4.169,4.289
4805644.84,18095,0.219,7.396,7.615
4805674.15,18094,0.112,10.011,10.123
4805678.23,18093,0.059,8.129,8.188
4805700.71,18095,0.084,4.055,4.14
4805713.63,18094,0.093,4.025,4.118
4805800.92,18093,0.094,6.084,6.178
4805806.44,18095,0.087,11.434,11.52
4805808.53,18094,0.067,5.428,5.494
4805841.13,18093,1.636,12.066,13.702
4805842.04,18095,0.311,8.973,9.283
4805849.92,18094,0.071,4.03,4.101
4805865.55,18093,0.079,4.071,4.151
4805921.11,18095,0.099,4.589,4.688
4805932.45,18093,0.072,7.175,7.247
4805934.36,18094,0.265,11.436,11.701
4805934.66,18095,1.166,6.568,7.733
4805938.8,18093,0.077,6.177,6.254
4805943.07,18094,0.076,4.1,4.176
4805961.21,18095,0.13,3.997,4.126
4805994.07,18093,0.093,5.423,5.516
4806016.31,18094,0.274,4.276,4.55
4806023.26,18095,0.124,3.944,4.068
4806080.07,18093,0.127,3.978,4.106
4806084.78,18094,0.094,4.126,4.22
4806101.44,18095,0.104,4.07,4.175
4806115.3,18093,0.088,4.161,4.249
4806134.39,18094,0.088,6.253,6.341
4806158.28,18095,0.089,4.165,4.254
4806166.66,18093,0.081,4.063,4.144
4806197.92,18094,0.083,5.226,5.309
4806202.67,18095,0.073,7.704,7.776
4806233.17,18093,1.03,11.087,12.117
4806233.82,18094,1.424,7.756,9.18
4806240.62,18095,0.071,3.958,4.029
4806249.17,18093,0.052,4.078,4.13
4806264.28,18094,0.093,4.142,4.235
4806299.71,18095,0.134,6.283,6.418
4806339.12,18093,0.139,4.047,4.186
4806344.33,18094,0.074,4.009,4.084
4806392.94,18095,0.132,4.166,4.298
4806404.42,18093,0.131,4.277,4.407
4806425.21,18094,0.105,4.067,4.173
4806433.29,18095,0.089,4.004,4.094
4806441.56,18093,0.108,4.119,4.227
4806450.59,18095,0.102,5.155,5.257
4806451.11,18094,0.082,8.969,9.051
4806487.61,18093,0.097,7.115,7.212
4806500.4,18095,0.102,4.143,4.245
4806513.86,18094,0.1,4.087,4.186
4806535.17,18093,0.097,4.069,4.165
4806545.15,18093,3.091,6.049,9.14
4806545.92,18095,0.091,10.269,10.36
4806554.46,18094,1.327,17.356,18.683
4806556.27,18095,0.121,4.096,4.217
4806564.13,18093,0.069,4.003,4.073
4806572.15,18095,0.097,6.002,6.099
4806576.26,18094,0.062,12.356,12.418
4806580.66,18093,0.194,4.138,4.332
4806608.9,18095,0.094,3.978,4.072
4806620.64,18093,0.074,4.049,4.123
4806621.47,18094,0.085,6.957,7.042
4806625.85,18095,0.072,4.083,4.155
4806648.91,18093,0.082,6.041,6.123
4806691.84,18095,0.057,8.104,8.161
4806692.32,18094,0.088,10.337,10.425
4806769.65,18093,0.084,6.047,6.131
4806785.47,18094,0.07,7.917,7.987
4806785.69,18095,0.052,4.502,4.554
4806800.65,18093,0.089,4.145,4.234
4806898.43,18094,0.133,4.683,4.816
4806918.27,18095,3.328,6.125,9.454
4806961.5,18093,0.114,4.215,4.329
4807036.23,18094,0.135,4.031,4.166
4807056.61,18095,0.117,3.978,4.095
4807123.32,18093,0.233,4.099,4.333
4807299.91,18094,0.124,6.698,6.822
4807300.88,18095,0.076,5.998,6.074
4807321.55,18093,0.092,7.032,7.124
4807371.06,18094,1.054,7.984,9.038
4807427.71,18095,0.123,4.38,4.503
4807455.99,18093,0.091,4.289,4.38
4807547.45,18094,0.132,6.006,6.138
4807587.73,18095,0.122,6.315,6.438
4807728.81,18093,0.145,4.427,4.572
4807810.29,18094,0.981,4.049,5.03
4807862.39,18095,2.896,5.281,8.177
4807914.71,18093,0.153,6.814,6.967
4807920.25,18094,0.115,7.344,7.459
4807969.31,18095,0.186,4.084,4.27
4808120.75,18093,0.159,4.044,4.203
4808212.54,18094,0.16,4.075,4.236
4808256.56,18095,0.164,6.788,6.952
4808279.14,18093,0.107,3.969,4.076
4808318.36,18094,0.093,4.006,4.099
4808390.81,18095,0.087,4.08,4.167
4808458.05,18093,0.116,7.646,7.763
4808469.86,18094,0.081,6.718,6.8
4808471.94,18095,0.059,6.819,6.878
4808476.74,18093,0.072,9.174,9.246
4808479.75,18095,0.079,4.077,4.156
4808526.46,18093,0.103,7.146,7.249
4808541.06,18094,0.102,6.854,6.955
4808543.26,18095,0.076,4.3,4.376
4808553.69,18093,0.096,4.662,4.758
4808560.11,18094,0.098,3.953,4.052
4808599.7,18095,0.08,4.62,4.7
4808612.27,18093,0.071,8.018,8.089
4808642.85,18094,0.093,5.037,5.131
4808646.71,18095,0.068,7.791,7.859
4808647.54,18093,0.061,5.95,6.011
4808653.72,18094,0.054,6.907,6.962
4808728.14,18095,0.112,4.171,4.283
4808735.94,18093,0.1,4.152,4.252
4808749.77,18094,0.077,4.04,4.117
4808754.61,18095,0.072,4.063,4.135
4808795.67,18093,0.083,4.013,4.096
4808850.55,18094,0.072,4.138,4.21
4808871.6,18095,0.092,6.016,6.108
4808873.91,18093,0.056,4.706,4.762
4808889.27,18094,0.072,4.081,4.153
4808921.65,18095,0.084,4.009,4.093
4808971.13,18093,0.265,4.094,4.359
4808988.15,18094,0.35,4.372,4.722
4809000.18,18095,0.083,4.047,4.13
4809016.45,18093,0.077,3.972,4.049
4809045.04,18094,0.134,4.248,4.382
4809070.31,18095,1.938,4.091,6.029
4809077.41,18093,0.105,4.314,4.419
4809087.91,18094,0.108,6.095,6.203
4809090.17,18095,2.105,6.072,8.177
4809107.75,18093,0.149,4.039,4.188
4809125.45,18094,0.085,6.046,6.13
4809127.77,18095,0.062,4.56,4.622
4809134.17,18093,0.071,4.309,4.38
4809143.61,18094,0.077,4.139,4.216
4809157.85,18095,0.07,6.04,6.11
4809159.95,18093,2.185,5.874,8.059
4809167.53,18094,0.075,4.122,4.197
4809178.31,18093,0.117,4.134,4.251
4809201.37,18095,0.075,7.904,7.979
4809227.65,18094,0.09,8.507,8.598
4809244.0,18093,2.197,3.953,6.15
4809283.9,18095,0.153,4.111,4.264
4809347.61,18094,0.104,5.449,5.553
4809352.44,18093,0.07,5.158,5.227
4809367.96,18095,0.075,5.101,5.176
4809374.9,18094,0.158,4.088,4.246
4809387.18,18093,0.076,4.058,4.134
4809419.56,18095,0.103,8.028,8.131
4809423.83,18093,0.052,7.159,7.211
4809424.24,18094,0.094,8.23,8.324
4809429.72,18095,2.863,10.042,12.905
4809439.64,18094,0.102,4.028,4.13
4809446.39,18093,0.064,6.4,6.464
4809448.44,18094,0.051,4.769,4.819
4809449.11,18095,0.084,8.655,8.739
4809462.33,18093,0.075,7.143,7.218
4809479.64,18094,0.093,8.567,8.66
4809509.75,18095,2.403,11.594,13.997
4809510.49,18093,0.094,10.852,10.946
4809512.45,18094,0.071,5.233,5.304
4809524.34,18095,0.073,11.036,11.109
4809531.6,18093,0.059,7.134,7.193
4809552.63,18094,0.083,6.608,6.691
4809571.06,18095,0.086,7.656,7.742
4809571.57,18093,0.09,6.091,6.181
4809602.98,18094,2.266,8.848,11.114
4809606.86,18095,0.073,4.001,4.074
4809618.1,18094,0.103,8.032,8.135
4809633.1,18093,0.064,7.994,8.057
4809635.13,18095,0.054,6.027,6.08
4809649.11,18094,0.092,7.966,8.058
4809649.57,18093,0.056,6.474,6.53
4809692.26,18095,0.094,3.962,4.056
4809701.78,18094,0.074,7.056,7.13
4809709.82,18093,0.064,6.68,6.744
4809722.24,18095,0.062,7.135,7.197
4809730.07,18094,0.088,4.013,4.101
4809765.77,18093,0.124,4.031,4.155
4809782.4,18095,0.074,5.909,5.983
4809795.74,18094,0.063,7.109,7.172
4809806.23,18093,0.075,4.113,4.188
4809821.57,18095,0.07,3.982,4.052
4809833.22,18093,1.393,9.14,10.533
4809835.11,18094,1.023,13.056,14.079
4809843.29,18095,0.079,4.177,4.256
4809846.99,18093,0.102,5.61,5.712
4809896.17,18095,0.067,4.144,4.211
4809896.64,18094,0.101,6.416,6.517
4809920.07,18093,0.099,8.018,8.117
4809940.01,18095,0.09,5.969,6.059
4809961.21,18094,0.089,4.016,4.105
4810025.4,18093,0.103,8.989,9.092
4810031.59,18095,0.076,8.022,8.098
4810100.62,18094,0.116,7.339,7.455
4810100.98,18093,0.089,3.896,3.985
4810140.27,18095,0.172,4.096,4.268
4810208.68,18093,0.169,6.264,6.432
4810219.82,18094,0.112,4.063,4.176
4810270.25,18095,0.107,4.013,4.12
4810303.0,18094,0.121,4.145,4.266
4810306.58,18093,0.095,8.085,8.18
4810341.88,18095,0.095,4.031,4.126
4810349.6,18094,0.086,4.082,4.167
4810370.19,18093,0.071,4.097,4.168
4810398.56,18095,0.077,7.912,7.989
4810419.15,18094,0.088,8.439,8.526
4810426.44,18093,0.077,6.701,6.778
4810449.21,18095,0.108,6.039,6.147
4810510.72,18094,0.137,4.093,4.23
4810545.73,18093,0.129,4.421,4.55
4810565.35,18095,0.079,6.061,6.14
4810618.95,18094,0.157,4.23,4.388
4810869.72,18093,0.148,7.014,7.162
4810913.62,18095,0.137,4.052,4.189
4810962.76,18094,0.124,8.0,8.124
4811007.61,18093,0.483,4.429,4.913
4811021.85,18095,0.089,6.12,6.209
4811274.96,18094,0.141,3.997,4.138
4811441.65,18093,0.128,4.191,4.319
4811506.75,18095,0.107,5.973,6.08
4811550.53,18094,0.123,5.014,5.136
4811648.61,18093,0.129,7.686,7.815
4811649.2,18095,0.061,4.683,4.744
4811737.46,18094,0.137,6.024,6.161
4811750.93,18093,0.076,4.459,4.535
4811762.93,18095,0.106,4.176,4.282
4811795.36,18094,0.085,3.944,4.029
4811807.68,18095,0.067,4.267,4.334
4811811.19,18093,0.08,8.043,8.123
4811812.05,18094,0.056,6.727,6.783
4811871.02,18095,0.098,5.109,5.206
4811966.63,18093,0.114,4.302,4.415
4811980.21,18094,1.64,4.072,5.712
4812001.74,18095,0.067,7.978,8.045
4812026.3,18093,0.103,8.045,8.148
4812139.63,18094,0.195,4.127,4.322
4812173.45,18095,0.126,9.357,9.482
4812287.52,18093,0.177,4.057,4.234
4812415.9,18094,0.167,5.993,6.161
4812423.82,18095,0.881,3.884,4.765
4812437.83,18093,0.1,4.023,4.123
4812452.88,18094,0.078,3.999,4.077
4812460.52,18095,0.083,4.129,4.212
4812493.58,18093,0.089,8.316,8.404
4812500.16,18094,0.068,3.927,3.995
4812514.64,18095,0.064,3.986,4.051
4812535.85,18093,0.083,7.014,7.098
4812536.58,18094,0.056,4.025,4.081
4812568.62,18095,0.176,4.095,4.271
4812575.77,18093,0.117,4.967,5.084
4812605.53,18094,0.234,4.02,4.254
4812680.15,18095,0.169,3.988,4.157
4812700.17,18093,0.084,8.037,8.121
4812714.07,18094,0.067,9.954,10.022
4812719.58,18095,0.08,8.358,8.438
4812737.67,18093,0.092,4.027,4.119
4812749.21,18094,0.163,3.998,4.161
4812763.35,18095,0.089,4.026,4.115
4812782.6,18093,0.087,6.112,6.199
4812810.73,18095,0.053,6.848,6.901
4812812.49,18094,0.097,11.182,11.279
4812813.63,18093,2.025,4.569,6.594
4812865.23,18095,1.586,8.087,9.673
4812866.29,18094,0.067,7.855,7.922
4812874.93,18093,0.094,4.907,5.0
4812894.72,18095,0.097,6.062,6.159
4812953.6,18094,0.147,6.293,6.439
4812960.71,18093,0.091,3.98,4.071
4812984.24,18095,0.094,6.096,6.189
4813085.52,18094,0.16,5.132,5.291
4813105.33,18093,0.111,4.153,4.264
4813123.61,18095,0.131,6.978,7.109
4813126.31,18094,0.083,5.072,5.155
4813193.57,18093,0.111,4.005,4.116
4813205.09,18095,0.074,9.0,9.073
4813235.4,18094,0.143,6.58,6.723
4813267.57,18093,0.288,4.002,4.29
4813271.65,18095,0.08,6.921,7.001
4813329.12,18094,4.045,7.983,12.028
4813361.77,18093,0.207,4.049,4.257
4813401.74,18095,0.11,8.321,8.431
4813438.36,18094,0.121,4.151,4.272
4813448.9,18093,0.111,4.012,4.122
4813456.29,18095,0.982,4.132,5.115
4813516.2,18094,1.652,3.937,5.589
4813533.81,18093,0.11,4.071,4.181
4813541.31,18095,0.095,8.152,8.247
4813571.14,18093,4.028,10.052,14.08
4813583.92,18095,0.152,6.047,6.199
4813584.86,18094,0.082,8.739,8.821
4813592.01,18093,0.83,5.979,6.809
4813631.76,18094,0.1,6.068,6.169
4813641.98,18095,0.083,6.124,6.207
4813655.5,18093,0.063,8.026,8.089
4813707.57,18095,0.102,4.051,4.153
4813709.43,18094,0.092,6.105,6.197
4813731.37,18093,2.1,10.236,12.337
4813740.12,18095,0.055,12.027,12.082
4813740.21,18094,0.065,4.06,4.125
4813764.97,18093,0.068,4.034,4.102
4813766.47,18095,0.087,4.176,4.262
4813777.57,18094,0.106,4.42,4.527
4813801.97,18093,0.078,6.07,6.148
4813808.83,18094,0.051,7.976,8.026
4813809.15,18095,0.051,12.04,12.091
4813824.09,18093,1.031,12.022,13.053
4813839.57,18095,0.063,4.038,4.1
4813847.16,18094,0.052,4.098,4.15
4813895.75,18093,0.082,3.96,4.042
4813921.12,18095,2.023,11.056,13.08
4813921.37,18094,0.071,9.266,9.337
4813931.12,18093,0.068,6.249,6.316
4813939.78,18095,0.065,3.986,4.051
4813946.03,18094,0.052,4.027,4.079
4813971.81,18093,0.123,4.096,4.219
4814049.91,18095,0.153,6.026,6.18
4814142.32,18094,0.127,7.181,7.308
4814242.54,18093,0.212,4.239,4.452
4814260.97,18095,0.099,6.017,6.116
4814292.84,18094,0.1,6.207,6.307
4814300.29,18093,0.067,8.092,8.159
4814403.37,18095,0.178,8.119,8.298
4814410.68,18094,0.507,7.15,7.657
4814544.79,18093,0.137,6.157,6.294
4814547.29,18095,0.074,4.063,4.137
4814562.35,18093,2.073,4.185,6.258
4814686.24,18094,0.123,4.067,4.189
4814705.67,18095,0.136,4.027,4.163
4814800.41,18093,0.113,4.26,4.373
4814882.94,18094,0.119,6.081,6.2
4814940.2,18095,0.091,4.046,4.137
4814969.84,18093,0.084,4.022,4.106
4815159.21,18095,0.074,6.06,6.134
4815161.36,18094,0.213,10.058,10.27
4815167.18,18093,0.06,8.052,8.113
4815218.49,18095,0.149,8.373,8.521
4815240.81,18094,0.099,4.115,4.214
4815404.15,18093,0.138,11.92,12.058
4815423.22,18095,0.108,8.191,8.298
4815442.65,18094,0.104,5.983,6.087
4815449.48,18093,0.077,4.156,4.233
4815479.97,18095,0.133,4.098,4.231
4815507.51,18094,0.098,6.093,6.19
4815618.77,18093,0.102,5.973,6.074
4815638.02,18095,0.08,12.326,12.405
4815638.73,18094,0.056,10.856,10.912
4815644.99,18093,0.141,6.265,6.406
4815647.21,18094,0.093,7.76,7.853
4815671.22,18095,0.082,8.071,8.152
4815690.54,18093,0.143,4.19,4.333
4815723.9,18094,0.091,5.752,5.843
4815756.21,18095,0.094,4.105,4.199
4815765.86,18093,0.068,3.997,4.065
4815787.96,18094,0.087,6.069,6.157
4815797.88,18095,0.086,8.93,9.016
4815825.56,18093,0.098,5.679,5.777
4815840.86,18094,0.07,4.099,4.17
4815855.73,18095,0.083,4.675,4.759
4815866.42,18093,0.089,3.995,4.083
4815889.97,18094,0.104,9.807,9.911
4815890.27,18095,0.066,7.059,7.125
4815904.45,18093,0.079,4.059,4.139
4815924.98,18095,0.068,3.98,4.048
4815929.35,18094,0.057,4.063,4.12
4815931.04,18093,0.075,5.036,5.111
4815941.41,18095,0.08,4.019,4.099
4815953.46,18094,0.069,8.071,8.14
4815969.12,18093,0.071,8.0,8.071
4815978.87,18095,0.063,7.611,7.674
4816019.14,18094,0.162,4.015,4.177
4816051.27,18093,2.057,8.173,10.23
4816110.73,18095,0.076,4.1,4.175
4816141.26,18094,0.087,4.12,4.206
4816144.13,18093,0.071,4.064,4.135
4816159.68,18094,0.135,3.997,4.133
4816167.92,18095,0.072,4.068,4.141
4816175.88,18093,0.101,7.695,7.796
4816176.9,18094,0.057,6.376,6.433
4816205.75,18095,0.076,5.282,5.358
4816217.59,18093,0.093,4.261,4.354
4816236.01,18094,0.107,4.046,4.153
4816257.79,18095,0.109,6.438,6.546
4816272.47,18093,0.069,7.372,7.441
4816287.72,18094,0.069,7.667,7.736
4816297.02,18095,0.061,4.179,4.24
4816322.43,18093,0.086,4.13,4.216
4816362.28,18094,0.09,7.139,7.229
4816384.72,18095,0.112,4.022,4.135
4816405.24,18093,0.123,4.15,4.272
4816407.68,18094,0.912,5.485,6.397
4816434.65,18095,0.24,12.29,12.531
4816465.27,18093,0.12,7.96,8.08
4816465.41,18094,0.623,6.302,6.925
4816474.08,18095,0.078,4.008,4.086
4816489.81,18093,0.105,4.062,4.167
4816528.44,18094,0.085,8.302,8.387
4816545.47,18095,0.258,4.156,4.414
4816558.52,18093,0.07,3.98,4.05
4816597.85,18095,0.063,10.117,10.181
4816599.96,18093,1.746,8.898,10.643
4816601.17,18094,0.082,15.498,15.579
4816611.02,18094,1.778,5.964,7.743
4816628.41,18095,0.082,10.219,10.301
4816630.2,18093,0.059,8.076,8.135
4816630.87,18094,0.047,4.793,4.84
4816644.99,18095,0.075,4.118,4.194
4816668.78,18093,0.092,6.296,6.388
4816711.1,18094,0.08,6.115,6.195
4816772.18,18095,0.077,9.186,9.263
4816772.2,18093,0.072,7.055,7.127
4816788.46,18094,0.061,5.047,5.108
4816794.8,18095,0.07,3.97,4.04
4816803.23,18093,0.089,4.05,4.14
4816806.81,18094,0.062,6.669,6.732
4816808.5,18095,0.098,4.892,4.99
4816841.71,18093,0.228,4.739,4.966
4816854.52,18094,0.067,8.088,8.155
4816894.77,18095,0.094,3.926,4.02
4816930.93,18094,0.85,5.85,6.7
4816932.88,18093,0.606,10.116,10.721
4816958.36,18095,0.087,5.408,5.495
4816975.15,18093,1.03,4.064,5.093
4816987.1,18094,0.056,8.204,8.259
4817041.49,18095,0.262,4.203,4.465
4817070.74,18093,0.095,6.04,6.135
4817106.42,18094,1.138,4.299,5.437
4817150.01,18095,0.091,6.152,6.243
4817158.92,18093,0.063,5.079,5.142
4817171.17,18094,0.056,6.055,6.11
4817181.61,18095,0.06,10.015,10.075
4817187.21,18093,0.06,9.749,9.809
4817232.31,18094,0.193,3.962,4.156
4817264.54,18095,0.107,4.008,4.115
4817282.68,18093,0.077,6.052,6.129
4817284.92,18094,2.044,4.838,6.882
4817308.01,18095,0.164,4.231,4.394
4817325.02,18093,0.1,4.226,4.326
4817328.08,18094,0.957,4.01,4.967
4817342.68,18093,0.072,8.005,8.078
4817352.21,18095,0.086,4.959,5.044
4817364.15,18094,0.062,4.048,4.11
4817383.19,18093,0.119,4.237,4.356
4817395.91,18095,0.082,6.783,6.866
4817400.43,18094,0.055,7.948,8.003
4817408.94,18093,0.067,7.413,7.48
4817424.79,18095,0.09,5.951,6.04
4817433.56,18094,0.076,4.013,4.09
4817447.62,18093,0.074,8.898,8.972
4817461.5,18095,0.137,4.119,4.256
4817487.78,18094,0.131,4.057,4.188
4817498.31,18095,1.911,6.346,8.257
4817498.46,18093,2.154,7.38,9.535
4817513.07,18094,0.093,3.991,4.084
4817546.6,18095,0.076,6.073,6.15
4817555.37,18093,0.149,4.105,4.254
4817559.04,18094,1.734,4.236,5.97
4817607.31,18093,1.133,8.217,9.35
4817624.09,18095,0.169,4.14,4.309
4817625.12,18094,0.076,4.204,4.28
4817642.51,18093,0.091,8.086,8.177
4817643.14,18095,0.077,4.732,4.809
4817696.93,18094,0.091,12.11,12.202
4817697.5,18093,0.068,6.85,6.918
4817705.81,18095,0.068,6.033,6.101
4817747.5,18094,0.164,4.203,4.368
4817765.11,18093,0.117,3.925,4.042
4817780.24,18093,0.056,3.912,3.968
4817785.29,18095,0.077,15.42,15.497
4817787.09,18093,0.046,4.002,4.049
4817787.29,18094,0.088,14.142,14.231
4817805.5,18093,0.048,4.057,4.105
4817811.37,18095,0.076,12.237,12.313
4817821.69,18094,0.077,9.443,9.52
4817823.74,18093,0.135,4.676,4.812
4817891.96,18095,0.084,5.084,5.167
4817915.73,18094,0.079,5.425,5.504
4817958.76,18093,0.112,4.037,4.149
4817979.56,18095,0.091,9.413,9.504
4818015.06,18094,0.139,6.348,6.488
4818033.34,18093,0.172,4.164,4.336
4818041.25,18095,0.114,4.531,4.645
4818139.69,18094,0.141,5.478,5.62
4818165.4,18093,0.237,4.105,4.342
4818176.48,18095,2.551,4.397,6.948
4818263.99,18094,0.117,3.889,4.006
4818320.57,18093,0.102,3.976,4.077
4818368.41,18095,0.093,6.136,6.229
4818385.21,18094,0.099,6.092,6.191
4818394.19,18093,0.107,4.033,4.14
4818408.17,18095,0.147,4.047,4.194
4818409.81,18094,0.056,4.125,4.181
4818440.71,18093,0.066,4.933,4.999
4818449.64,18095,0.078,6.513,6.591
4818462.68,18093,0.071,5.975,6.046
4818491.6,18094,0.102,4.088,4.19
4818497.47,18095,0.179,4.445,4.624
4818499.64,18093,0.077,4.273,4.35
4818605.93,18094,1.464,5.793,7.257
4818676.33,18095,0.156,3.946,4.102
4818774.28,18093,0.126,7.822,7.948
4818785.94,18094,0.222,4.303,4.525
4818830.6,18095,0.119,8.036,8.155
4818919.82,18094,0.07,6.972,7.042
4818920.58,18093,0.131,12.4,12.531
4818922.48,18095,0.06,6.62,6.68
4818961.28,18094,0.089,5.263,5.352
4819006.89,18093,0.089,5.062,5.151
4819136.64,18095,0.133,5.035,5.169
4819190.27,18094,0.921,4.093,5.015
4819304.04,18093,0.128,5.025,5.153
4819326.12,18095,0.099,8.473,8.572
4819403.21,18094,0.096,4.194,4.29
4819453.94,18093,2.099,9.748,11.846
4819476.44,18095,0.12,21.411,21.531
4819511.61,18094,0.133,24.09,24.224
4819531.28,18093,0.193,22.093,22.287
4819623.41,18095,0.214,4.683,4.897
4819675.16,18094,0.159,15.713,15.872
4819718.49,18093,2.141,16.224,18.365
4819738.23,18095,0.177,8.015,8.192
4819744.71,18094,0.081,6.18,6.261
4819771.76,18093,0.121,4.283,4.404
4819778.39,18095,0.103,4.221,4.324
4819815.23,18094,0.083,11.075,11.158
4819849.36,18093,0.085,4.015,4.1
4819851.72,18095,0.095,6.214,6.309
4820089.45,18094,0.119,4.045,4.164
4820110.23,18093,0.136,7.122,7.258
4820150.42,18095,0.136,6.854,6.991
4820155.42,18094,0.102,4.123,4.225
4820164.15,18093,0.077,4.136,4.213
4820175.62,18095,0.077,4.111,4.188
4820194.73,18093,0.057,12.529,12.586
4820196.66,18094,0.109,15.49,15.599
4820204.31,18095,1.55,14.248,15.798
4820205.57,18094,4.467,8.822,13.289
4820205.81,18093,4.544,10.986,15.53
4820226.39,18095,0.081,8.038,8.118
4820270.35,18094,0.152,4.174,4.326
4820315.91,18093,0.093,4.754,4.848
4820320.13,18095,0.076,4.791,4.867
4820328.88,18093,0.08,5.897,5.977
4820346.5,18094,0.092,7.038,7.13
4820356.34,18095,0.071,8.211,8.283
4820371.91,18093,0.07,6.07,6.14
4820379.37,18094,0.057,8.075,8.132
4820381.22,18095,0.053,8.626,8.679
4820388.4,18093,0.066,7.03,7.095
4820395.56,18094,0.057,3.965,4.023
4820407.84,18095,0.066,6.178,6.244
4820411.19,18093,0.046,6.196,6.242
4820418.29,18094,0.076,7.165,7.241
4820469.44,18093,0.11,12.148,12.258
4820475.87,18095,0.103,6.033,6.136
4820493.71,18094,0.09,4.046,4.136
4820520.47,18093,0.094,4.033,4.127
4820594.09,18095,0.118,4.154,4.272
4820631.6,18094,0.196,5.485,5.682
4820634.29,18093,0.115,4.76,4.874
4820644.44,18095,0.121,4.122,4.243
4820652.75,18094,0.092,3.997,4.089
4820700.83,18093,0.086,10.583,10.669
4820709.31,18095,0.071,8.111,8.182
4820757.86,18094,0.137,7.958,8.095
4820762.36,18093,0.069,8.136,8.205
4820770.71,18095,0.086,7.99,8.076
4820778.87,18094,0.073,7.985,8.058
4820780.85,18093,0.071,8.856,8.927
4820797.12,18095,1.989,12.056,14.045
4820798.48,18094,2.442,9.42,11.863
4820803.1,18093,0.052,11.001,11.053
4820811.01,18095,0.085,3.887,3.972
4820841.8,18094,0.163,4.084,4.247
4820846.03,18093,0.068,4.155,4.223
4820854.93,18095,0.085,7.529,7.614
4820862.51,18094,0.077,7.061,7.139
4820865.32,18093,0.074,4.172,4.246
4820885.15,18094,0.064,9.087,9.151
4820897.77,18095,0.065,9.658,9.724
4820905.92,18093,0.061,8.024,8.086
4820908.14,18094,0.051,4.061,4.112
4820947.2,18093,0.131,4.132,4.263
4820957.56,18095,0.074,4.235,4.309
4820969.55,18093,0.066,6.01,6.076
4820971.12,18094,0.156,9.239,9.395
4820992.11,18095,0.07,7.992,8.063
4820992.82,18094,0.052,5.616,5.668
4821004.95,18095,0.048,6.836,6.884
4821005.61,18094,0.069,4.146,4.215
4821005.92,18093,0.06,9.722,9.783
4821009.76,18094,0.054,4.046,4.1
4821014.56,18093,0.072,5.679,5.752
4821034.29,18094,1.454,8.227,9.681
4821038.47,18093,0.049,6.131,6.18
4821038.58,18095,0.085,8.484,8.569
4821045.07,18094,0.089,6.007,6.096
4821081.15,18094,0.048,4.063,4.111
4821083.25,18093,0.079,12.129,12.208
4821085.14,18095,0.053,10.12,10.173
4821140.54,18094,0.145,10.128,10.272
4821140.91,18093,0.064,8.806,8.87
4821165.19,18095,0.078,6.078,6.156
4821178.33,18094,0.063,4.117,4.18
4821190.67,18093,0.07,5.936,6.006
4821192.92,18095,0.051,5.705,5.756
4821205.21,18094,0.067,4.101,4.168
4821211.47,18093,0.066,4.255,4.321
4821223.37,18095,0.074,4.041,4.115
4821240.71,18094,0.081,4.012,4.093
4821290.14,18093,0.157,4.097,4.255
4821297.7,18095,0.093,4.112,4.206
4821322.29,18094,0.084,5.149,5.233
4821331.03,18095,0.094,4.19,4.284
4821331.26,18093,0.075,6.063,6.139
4821364.27,18094,0.086,8.134,8.22
4821375.55,18095,0.065,7.445,7.51
4821417.73,18093,0.132,4.077,4.209
4821424.39,18094,0.075,6.05,6.125
4821480.62,18095,0.091,4.064,4.155
4821495.89,18093,0.081,10.298,10.379
4821498.22,18094,0.062,9.947,10.009
4821523.08,18095,0.09,10.069,10.16
4821533.56,18093,0.209,10.31,10.518
4821545.11,18094,0.074,6.063,6.136
4821573.3,18095,0.176,4.322,4.498
4821605.45,18093,0.146,7.051,7.197
4821640.83,18094,1.647,8.102,9.749
4821645.4,18095,2.804,10.029,12.833
4821663.75,18093,0.16,4.163,4.323
4821672.18,18094,0.136,4.126,4.262
4821685.15,18095,2.257,7.954,10.211
4821696.98,18093,0.142,5.016,5.158
4821711.13,18094,0.097,10.959,11.056
4821731.5,18095,0.127,12.509,12.636
4821732.13,18093,0.419,10.039,10.458
4821736.78,18094,0.064,7.168,7.233
4821797.27,18095,0.24,6.071,6.311
4821811.4,18093,0.16,6.052,6.212
4821825.27,18094,0.114,11.934,12.048
4821826.05,18095,0.085,7.767,7.852
4821840.68,18093,0.276,6.334,6.609
4821876.44,18094,0.269,4.6,4.869
4821892.78,18093,1.328,5.651,6.98
4821899.32,18095,0.149,14.352,14.501
4821905.52,18094,0.059,16.05,16.109
4821912.04,18095,5.983,12.583,18.567
4821912.1,18093,1.998,5.944,7.942
4821944.33,18094,0.144,12.954,13.099
4821978.33,18095,0.234,4.179,4.412
4822005.87,18093,0.14,9.924,10.064
4822007.99,18094,0.064,9.036,9.1
4822018.33,18095,0.321,16.23,16.551
4822041.89,18093,0.16,12.318,12.478
4822089.41,18094,0.289,4.576,4.865
4822171.19,18095,0.287,4.136,4.423
4822184.87,18093,0.205,4.736,4.941
4822192.72,18094,0.155,4.229,4.384
4822213.21,18095,0.112,13.042,13.154
4822219.42,18093,1.365,8.333,9.698
4822243.19,18095,2.142,10.069,12.212
4822251.36,18094,0.103,10.304,10.407
4822259.94,18095,1.575,4.182,5.757
4822262.52,18093,0.086,4.22,4.306
4822295.6,18094,0.16,4.238,4.398
4822312.21,18095,0.989,8.002,8.99
4822320.42,18093,0.126,5.211,5.338
4822341.34,18095,2.059,4.197,6.257
4822342.47,18094,0.136,11.275,11.41
4822377.7,18093,0.177,7.967,8.144
4822481.38,18095,0.18,3.967,4.147
4822533.97,18094,0.149,4.732,4.881
4822547.5,18093,0.185,6.113,6.299
4822548.25,18095,0.285,5.127,5.413
4822626.29,18094,0.192,4.054,4.246
4822633.75,18093,0.124,4.123,4.247
4822707.71,18095,0.164,4.094,4.259
4822748.89,18094,0.149,3.95,4.099
4822768.54,18093,0.083,7.036,7.118
4822801.1,18095,0.131,6.996,7.128
4822846.85,18094,0.117,4.003,4.12
4822858.05,18093,0.083,4.035,4.118
4822879.17,18095,0.103,5.984,6.087
4822888.24,18094,0.074,4.182,4.256
4822895.15,18093,0.084,4.098,4.182
4822932.87,18095,0.182,4.79,4.972
4822935.46,18094,0.081,6.036,6.116
4823022.26,18093,0.151,8.014,8.164
4823086.36,18095,0.13,4.147,4.278
4823104.14,18094,0.869,7.986,8.856
4823123.94,18093,0.109,4.698,4.807
4823132.49,18095,3.332,7.383,10.715
4823140.26,18094,0.095,6.984,7.079
4823196.26,18093,0.153,6.806,6.959
4823211.62,18095,0.123,7.945,8.068
4823255.54,18094,0.169,9.56,9.729
4823262.09,18093,0.114,4.007,4.121
4823346.08,18095,0.145,4.123,4.268
4823353.15,18094,0.103,4.972,5.075
4823371.12,18093,0.109,8.032,8.141
4823386.7,18095,0.123,9.062,9.185
4823436.23,18094,1.045,8.093,9.138
4823598.78,18093,0.208,6.719,6.927
4823605.33,18095,0.118,4.032,4.15
4823652.27,18094,0.18,4.457,4.637
4823681.64,18093,1.401,5.426,6.826
4823704.39,18095,0.156,4.078,4.234
4823730.42,18094,0.127,4.213,4.34
4823745.43,18093,0.138,4.063,4.201
4823881.74,18095,0.153,9.009,9.162
4823933.96,18093,0.068,6.026,6.094
4823935.77,18094,0.154,10.441,10.595
4824019.06,18095,0.114,5.539,5.653
4824053.31,18094,0.113,7.777,7.89
4824122.71,18093,0.165,4.275,4.439
4824133.13,18095,0.091,4.727,4.818
4824180.72,18094,0.109,5.404,5.513
4824194.45,18093,0.085,3.926,4.012
4824257.65,18095,0.101,5.844,5.944
4824386.69,18094,0.175,4.113,4.288
4824405.17,18093,0.192,3.95,4.142
4824414.5,18095,0.126,4.266,4.391
4824435.29,18094,0.124,8.108,8.232
4824513.49,18093,0.163,7.471,7.634
4824556.31,18094,0.071,10.088,10.159
4824556.36,18095,0.15,11.032,11.182
4824709.83,18093,0.144,6.17,6.315
4824716.21,18094,0.084,4.069,4.154
4824752.74,18095,0.092,6.091,6.183
4824771.0,18093,0.078,4.452,4.53
4824794.2,18094,0.167,4.011,4.177
4824799.77,18095,0.098,4.205,4.303
4824806.89,18093,0.11,5.96,6.07
4824808.36,18094,0.067,5.051,5.118
4824812.17,18095,0.071,4.083,4.154
4824815.21,18094,0.133,4.033,4.165
4824823.87,18095,0.136,6.032,6.168
4824835.2,18093,0.07,4.018,4.088
4824866.11,18094,2.054,8.018,10.072
4824878.61,18095,0.13,3.919,4.049
4824898.52,18093,0.071,3.993,4.064
4824916.96,18094,0.132,4.289,4.421
4824943.32,18095,2.139,8.205,10.344
4824961.72,18093,0.07,4.068,4.138
4824965.94,18094,0.117,4.06,4.176
4824970.95,18095,0.085,4.101,4.186
4824973.25,18093,0.052,4.056,4.108
4824984.69,18094,0.11,4.101,4.211
4824985.06,18095,0.077,4.173,4.25
4824992.07,18093,0.104,4.012,4.116
4825002.41,18094,0.084,6.741,6.826
4825040.41,18095,1.952,4.294,6.247
4825050.14,18093,0.084,4.148,4.232
4825063.78,18094,0.141,4.062,4.202
4825092.36,18095,0.078,6.117,6.195
4825178.8,18093,0.125,4.001,4.127
4825197.13,18094,0.097,7.965,8.063
4825206.4,18095,0.088,6.209,6.297
4825210.53,18093,0.484,3.988,4.472
4825234.86,18094,0.178,4.147,4.325
4825238.98,18095,0.074,5.917,5.991
4825242.39,18094,0.081,5.959,6.04
4825254.15,18093,0.065,6.043,6.108
4825263.93,18095,0.07,6.197,6.267
4825274.29,18094,0.063,6.593,6.657
4825286.33,18095,0.049,6.107,6.156
4825286.53,18093,0.085,8.314,8.399
4825316.6,18094,0.082,4.119,4.201
4825332.17,18095,0.076,7.049,7.125
4825340.11,18093,0.053,6.021,6.075
4825358.18,18094,0.064,10.078,10.142
4825359.35,18095,0.05,9.03,9.08
4825373.53,18093,0.054,8.057,8.111
4825373.72,18094,0.487,6.655,7.142
4825393.87,18095,0.099,4.074,4.173
4825424.88,18094,0.055,14.644,14.699
4825429.66,18095,0.048,11.566,11.614
4825430.02,18093,3.002,17.959,20.961
4825435.78,18094,1.954,10.767,12.721
4825475.34,18095,0.23,5.123,5.354
4825483.64,18093,0.1,5.385,5.485
4825511.02,18094,0.116,4.052,4.168
4825528.04,18095,1.024,5.973,6.997
4825574.48,18093,0.203,9.556,9.759
4825575.1,18095,0.061,5.653,5.714
4825575.49,18094,0.065,9.22,9.285
4825601.1,18093,0.087,3.964,4.051
4825609.58,18095,0.093,4.127,4.22
4825642.35,18094,0.102,5.093,5.195
4825660.08,18093,0.083,8.696,8.778
4825666.13,18095,3.35,9.047,12.397
4825694.25,18094,0.167,4.012,4.179
4825716.68,18095,1.883,8.971,10.854
4825717.02,18093,0.943,11.151,12.095
4825717.19,18094,0.055,7.084,7.138
4825742.06,18093,0.324,5.105,5.429
4825799.6,18095,0.096,4.075,4.171
4825813.17,18094,0.1,8.724,8.823
4825855.38,18093,0.151,9.144,9.295
4825882.62,18095,0.242,5.249,5.491
4825918.83,18094,0.51,6.113,6.623
4825951.46,18093,2.036,16.294,18.33
4826006.34,18095,0.197,4.087,4.284
4826087.69,18094,0.231,11.556,11.787
4826234.67,18093,0.164,6.777,6.941
4826290.28,18095,0.171,7.35,7.521
4826321.37,18094,0.171,5.41,5.581
4826384.1,18093,2.335,10.948,13.283
4826447.25,18095,0.495,5.892,6.387
4826481.44,18094,1.545,4.351,5.896
4826508.21,18093,0.452,4.917,5.369
4826558.66,18095,0.169,7.804,7.973
4826707.11,18094,0.171,4.187,4.358
4826835.02,18093,1.587,6.518,8.105
4826861.46,18095,0.375,8.934,9.309
4826888.76,18094,0.206,12.164,12.37
4826971.2,18093,0.185,6.05,6.235
4826993.58,18095,0.243,6.065,6.307
4827049.32,18094,0.623,4.636,5.259
4827074.08,18093,0.235,6.08,6.315
4827074.96,18095,1.228,6.702,7.929
4827160.18,18094,0.213,4.058,4.27
4827180.64,18093,0.124,9.383,9.507
4827189.03,18095,0.206,5.155,5.361
4827229.06,18094,0.236,4.272,4.507
4827271.3,18093,2.459,10.133,12.593
4827287.18,18095,2.055,10.197,12.252
4827323.57,18094,0.209,4.967,5.176
4827382.56,18093,3.324,10.402,13.727
4827413.26,18095,0.441,5.708,6.15
4827420.95,18094,0.214,4.074,4.288
4827682.38,18093,0.208,4.073,4.28
4827801.2,18095,0.366,5.003,5.369
4827836.23,18094,0.234,4.438,4.671
4827869.09,18093,0.19,6.161,6.351
4827872.1,18095,0.071,3.968,4.04
4827915.14,18094,0.19,4.336,4.526
4827963.78,18093,0.18,5.503,5.683
4828003.03,18095,0.339,7.413,7.752
4828073.17,18094,0.208,9.015,9.223
4828085.49,18093,2.274,9.189,11.462
4828093.61,18095,0.128,6.266,6.394
4828166.17,18094,0.366,6.653,7.019
4828199.78,18093,0.616,8.485,9.101
4828252.99,18095,0.194,6.417,6.611
4828291.1,18094,0.17,4.226,4.396
4828433.73,18093,0.191,4.443,4.634
4828643.93,18095,0.774,9.82,10.594
4828697.53,18094,0.279,4.048,4.327
4828765.5,18093,1.098,4.137,5.235
4828859.65,18095,0.186,7.338,7.525
4828880.88,18094,0.31,4.673,4.983
4828888.91,18093,1.073,3.983,5.056
4829028.57,18095,0.183,5.157,5.34
4829117.5,18094,0.206,4.212,4.417
4829135.56,18093,0.149,8.04,8.189
4829159.21,18095,0.197,4.938,5.135
4829201.68,18094,0.155,7.151,7.306
4829289.19,18093,1.222,8.05,9.273
4829352.32,18095,0.224,8.114,8.339
4829398.55,18094,2.83,7.685,10.515
4829472.58,18093,0.173,8.257,8.43
4829493.24,18095,0.171,5.791,5.962
4829502.37,18094,0.412,10.172,10.584
4829545.58,18095,0.245,3.963,4.208
4829603.26,18093,0.203,13.065,13.267
4829603.7,18094,0.13,10.399,10.529
4829635.07,18095,0.178,4.012,4.19
4829655.58,18093,0.126,6.728,6.854
4829691.38,18094,2.33,4.179,6.51
4829717.41,18095,0.205,4.104,4.309
4829768.43,18093,0.169,6.962,7.131
4829928.31,18094,0.169,5.419,5.588
4829936.67,18095,0.245,4.065,4.31
4829946.27,18093,0.886,4.043,4.929
4829977.38,18094,1.134,16.147,17.281
4829979.4,18095,0.097,12.242,12.339
4830059.73,18093,1.001,6.355,7.355
4830102.68,18094,0.191,4.484,4.675
4830134.39,18095,0.186,6.003,6.188
4830156.2,18093,1.13,8.966,10.096
4830160.19,18094,0.103,4.111,4.214
4830168.63,18093,0.129,3.974,4.103
4830418.84,18095,0.175,4.274,4.449
4830429.51,18094,0.105,6.946,7.051
4830445.25,18093,0.155,10.832,10.988
4830492.82,18095,0.21,5.951,6.161
4830587.7,18094,1.008,8.455,9.463
4830663.82,18093,2.532,4.598,7.129
4830669.59,18095,0.121,7.393,7.514
4830750.04,18094,0.165,4.777,4.942
4830794.71,18093,0.216,4.434,4.651
4830830.96,18095,0.516,4.412,4.928
4830951.23,18094,0.187,4.748,4.935
4831071.1,18093,0.192,4.334,4.526
4831131.19,18095,1.482,6.359,7.842
4831135.49,18094,0.13,3.996,4.125
4831219.26,18093,0.156,8.096,8.253
4831329.41,18095,0.137,12.191,12.328
4831329.87,18094,0.071,8.742,8.813
4831358.7,18093,0.236,4.567,4.803
4831372.97,18095,0.158,4.11,4.267
4831377.49,18094,0.087,7.022,7.109
4831378.99,18093,0.06,6.001,6.061
4831382.4,18095,0.266,8.68,8.946
4831383.6,18094,3.931,4.522,8.453
4831391.59,18093,0.924,10.484,11.407
4831395.62,18095,0.062,8.47,8.531
4831406.18,18094,0.113,7.895,8.008
4831406.64,18093,0.056,6.391,6.447
4831431.05,18095,0.483,5.543,6.026
4831438.42,18094,0.102,4.097,4.2
4831468.31,18093,0.173,4.049,4.222
4831476.94,18095,0.102,5.022,5.125
4831493.99,18094,0.131,4.409,4.54
4831529.81,18093,0.149,8.512,8.662
4831530.19,18095,0.099,7.042,7.14
4831549.35,18094,0.13,4.048,4.178
4831605.7,18093,0.234,4.422,4.656
4831623.2,18095,1.364,8.06,9.424
4831637.92,18094,0.178,4.081,4.258
4831660.47,18095,0.085,4.297,4.382
4831664.83,18093,0.16,13.631,13.79
4831665.7,18094,0.198,8.006,8.205
4831722.28,18095,0.281,8.361,8.642
4831722.65,18093,0.101,6.491,6.591
4831732.83,18094,0.11,5.136,5.246
4831744.66,18095,0.08,8.493,8.573
4831784.47,18093,0.169,4.04,4.209
4831808.51,18094,0.233,4.596,4.83
4831811.16,18095,0.129,5.11,5.239
4831844.56,18093,0.129,6.008,6.138
4831855.47,18095,0.076,4.486,4.562
4831855.6,18094,0.125,7.98,8.105
4831863.0,18093,0.741,4.138,4.879
4831870.26,18095,0.101,4.248,4.349
4831873.64,18094,0.076,4.178,4.254
4831879.03,18093,0.083,4.013,4.096
4831931.84,18095,0.199,4.257,4.456
4831941.24,18094,0.161,4.678,4.839
4831953.8,18093,0.14,4.137,4.277
4831971.74,18095,1.297,13.059,14.356
4831972.75,18094,0.132,12.634,12.766
4831982.04,18093,1.815,8.351,10.165
4832007.52,18095,0.761,11.346,12.108
4832009.73,18094,0.071,12.38,12.451
4832012.24,18093,0.141,4.839,4.98
4832025.47,18095,0.193,8.016,8.209
4832032.1,18094,0.15,4.254,4.405
4832055.38,18093,0.244,9.298,9.543
4832059.94,18095,2.172,6.712,8.884
4832072.64,18094,0.154,7.072,7.226
4832078.83,18093,0.064,6.0,6.064
4832098.38,18095,0.073,18.843,18.916
4832104.05,18094,0.054,11.876,11.93
4832111.45,18093,1.612,11.277,12.888
4832112.54,18095,0.068,10.416,10.484
4832119.84,18094,0.52,4.448,4.968
4832127.4,18093,1.071,4.256,5.328
4832141.01,18095,0.143,4.271,4.413
4832165.54,18094,0.277,4.267,4.544
4832175.67,18093,0.161,4.417,4.578
4832214.15,18095,3.057,3.969,7.026
4832234.17,18094,0.201,3.991,4.192
4832244.67,18093,0.112,5.008,5.12
4832251.33,18095,0.149,6.175,6.324
4832257.45,18094,0.111,4.216,4.327
4832312.2,18093,1.003,4.771,5.773
4832334.27,18095,0.153,5.235,5.388
4832346.09,18094,0.104,4.869,4.972
4832352.14,18093,0.093,7.973,8.066
4832354.65,18095,0.068,4.013,4.081
4832380.83,18094,0.724,8.626,9.349
4832404.47,18093,0.16,5.089,5.249
4832411.08,18095,0.139,4.101,4.24
4832422.26,18094,0.127,4.127,4.254
4832427.61,18093,0.098,4.892,4.99
4832484.84,18095,0.158,4.161,4.319
4832545.45,18094,0.222,5.26,5.482
4832553.75,18093,0.13,4.108,4.238
4832603.35,18095,0.167,9.119,9.286
4832633.57,18094,0.153,4.063,4.215
4832664.17,18093,0.153,6.409,6.561
4832683.48,18095,0.116,15.288,15.404
4832684.44,18094,0.09,15.48,15.57
4832695.18,18093,0.097,7.973,8.07
4832714.15,18094,0.163,4.257,4.42
4832841.62,18095,0.161,7.134,7.295
4832898.79,18093,0.494,4.589,5.083
4832932.1,18094,0.164,8.008,8.172
4832966.48,18095,0.15,4.236,4.386
4833002.95,18093,0.44,7.538,7.978
4833013.89,18094,0.092,8.728,8.819
4833035.24,18093,0.117,4.052,4.168
4833035.62,18095,0.355,12.198,12.553
4833043.46,18094,0.085,4.573,4.658
4833049.38,18093,0.209,4.103,4.311
4833056.13,18095,0.069,5.003,5.072
4833099.77,18094,0.226,7.58,7.807
4833119.15,18093,0.223,5.991,6.214
4833127.05,18095,0.089,7.101,7.189
4833129.53,18093,0.135,4.099,4.235
4833165.5,18094,0.172,4.265,4.437
4833169.93,18095,0.124,5.394,5.519
4833184.4,18093,0.177,8.702,8.879
4833186.21,18094,0.091,8.903,8.994
4833188.85,18095,0.085,4.274,4.359
4833200.95,18093,0.16,7.288,7.449
4833218.06,18094,0.119,4.099,4.218
4833224.59,18095,0.072,4.126,4.198
4833229.84,18093,0.075,4.045,4.12
4833238.6,18094,0.055,6.098,6.153
4833241.49,18095,0.048,5.357,5.405
4833247.34,18093,0.165,4.353,4.517
4833261.16,18094,0.082,7.613,7.695
4833262.13,18095,0.083,7.01,7.094
4833270.24,18093,0.142,4.198,4.34
4833277.08,18094,0.086,4.043,4.13
4833283.26,18095,0.08,4.172,4.252
4833303.2,18093,0.071,8.159,8.231
4833339.67,18094,0.123,4.123,4.246
4833371.82,18095,1.133,8.611,9.744
4833379.26,18093,0.108,7.205,7.313
4833413.06,18094,0.141,8.711,8.852
4833419.52,18095,3.138,9.302,12.44
4833421.75,18093,0.092,4.588,4.68
4833444.53,18094,0.121,4.163,4.284
4833483.76,18095,0.142,4.122,4.264
4833488.64,18093,0.178,4.138,4.315
4833524.15,18094,0.171,13.885,14.056
4833524.59,18095,0.07,11.356,11.425
4833550.09,18093,0.132,4.181,4.313
4833558.34,18094,1.452,4.184,5.636
4833594.73,18095,0.165,6.059,6.224
4833607.41,18093,0.104,7.858,7.962
4833615.07,18094,0.077,7.942,8.018
4833620.02,18093,2.541,4.421,6.962
4833624.54,18093,1.071,4.417,5.488
4833625.67,18095,2.101,10.037,12.139
4833628.12,18094,1.635,11.058,12.693
4833632.52,18093,0.067,4.455,4.522
4833649.67,18094,0.144,4.246,4.391
4833665.11,18095,0.344,5.39,5.733
4833692.19,18093,1.041,8.082,9.123
4833710.65,18094,0.102,5.007,5.109
4833720.85,18095,0.724,4.063,4.787
4833744.93,18093,0.719,4.22,4.939
4833758.58,18094,0.334,8.164,8.498
4833764.84,18095,0.108,6.061,6.169
4833770.18,18093,1.009,8.01,9.019
4833788.7,18095,0.095,10.011,10.106
4833788.86,18093,0.065,4.121,4.186
4833791.25,18094,0.073,8.031,8.104
4833811.28,18095,0.084,4.085,4.17
4833831.97,18093,0.12,8.141,8.262
4833839.25,18094,0.141,13.023,13.164
4833843.55,18095,0.082,7.384,7.466
4833905.84,18094,0.074,5.131,5.204
4833906.68,18093,0.19,8.568,8.758
4833919.88,18095,0.092,9.874,9.967
4833928.43,18094,0.051,16.152,16.204
4833933.97,18095,2.288,9.886,12.174
4833934.06,18093,1.067,16.942,18.009
4833943.98,18094,0.1,6.265,6.365
4833961.2,18095,0.165,6.88,7.045
4833969.23,18093,0.132,4.156,4.288
4833970.37,18094,0.068,4.496,4.563
4834006.21,18095,0.193,4.062,4.255
4834015.94,18093,0.1,6.061,6.161
4834037.28,18094,0.138,9.074,9.213
4834046.38,18095,1.259,4.035,5.294
4834077.04,18093,0.604,4.238,4.842
4834088.61,18094,0.115,4.111,4.226
4834106.18,18095,1.493,8.069,9.562
4834114.05,18093,0.099,7.033,7.132
4834118.18,18094,0.078,8.138,8.216
4834131.74,18093,0.071,4.089,4.159
4834135.75,18095,0.151,8.505,8.656
4834136.81,18094,0.078,4.121,4.199
4834180.04,18093,0.135,7.143,7.278
4834212.51,18095,1.509,6.356,7.864
4834214.79,18094,0.133,4.865,4.998
4834241.41,18093,0.114,7.81,7.924
4834242.15,18094,1.282,5.639,6.921
4834277.85,18095,0.165,8.58,8.745
4834357.84,18093,0.134,8.234,8.368
4834366.54,18094,0.119,8.194,8.313
4834368.05,18095,0.122,9.174,9.296
4834392.44,18093,0.175,7.4,7.576
4834394.57,18094,0.216,5.452,5.668
4834397.14,18095,0.074,4.004,4.078
4834422.19,18093,0.198,4.237,4.435
4834486.24,18094,0.187,5.005,5.191
4834487.43,18095,0.103,4.382,4.484
4834494.96,18093,0.101,6.771,6.872
4834507.27,18094,0.122,4.411,4.534
4834548.44,18095,0.156,9.275,9.431
4834579.85,18093,3.297,10.31,13.607
4834602.54,18094,0.339,10.207,10.546
4834635.55,18095,0.201,7.369,7.571
4834637.67,18093,0.141,5.594,5.735
4834658.96,18094,0.209,4.513,4.722
4834682.78,18095,1.167,6.536,7.703
4834687.52,18093,0.075,9.394,9.468
4834687.58,18094,0.075,4.937,5.012
4834712.18,18095,3.03,8.097,11.128
4834723.08,18093,0.089,3.978,4.066
4834728.75,18094,0.162,3.974,4.137
4834795.18,18095,2.031,8.096,10.126
4834815.86,18093,0.151,3.981,4.132
4834824.04,18094,1.056,6.847,7.902
4834841.97,18095,0.281,4.593,4.874
4834845.87,18093,0.091,6.339,6.43
4834852.18,18094,0.104,9.978,10.082
4834854.03,18095,0.056,5.902,5.958
4834860.29,18093,0.066,7.965,8.032
4834862.36,18094,0.059,8.088,8.147
4834880.62,18095,0.07,8.847,8.916
4834886.53,18093,0.08,4.141,4.221
4834894.23,18094,0.07,8.199,8.269
4834909.23,18093,0.07,5.456,5.526
4834917.92,18095,0.075,4.056,4.131
4834930.8,18094,0.069,4.197,4.267
4834959.09,18093,0.135,4.22,4.355
4834994.49,18095,0.076,8.37,8.445
4835002.42,18094,0.078,3.951,4.029
4835012.22,18093,0.059,7.327,7.386
4835032.08,18095,0.699,6.253,6.952
4835063.63,18094,0.145,4.019,4.165
4835067.12,18093,2.846,4.022,6.868
4835099.13,18094,0.614,8.012,8.626
4835111.95,18095,0.075,5.822,5.897
4835129.44,18093,0.075,4.16,4.236
4835258.32,18094,0.164,6.742,6.905
4835291.04,18095,0.153,4.167,4.32
4835328.58,18093,0.19,7.192,7.382
4835456.34,18094,0.16,10.15,10.31
4835504.44,18095,1.288,4.074,5.362
4835508.77,18093,0.087,4.142,4.229
4835542.47,18094,0.108,6.616,6.724
4835606.08,18095,0.093,4.111,4.204
4835633.19,18093,0.071,6.07,6.141
4835687.54,18094,0.089,4.225,4.314
4835773.59,18093,0.095,6.25,6.345
4835774.43,18095,0.153,9.066,9.219
4835826.31,18094,2.08,12.166,14.246
4835828.47,18093,5.088,10.203,15.291
4835838.81,18095,0.088,3.991,4.08
4835849.95,18094,0.09,4.049,4.139
4835891.21,18093,0.09,6.057,6.147
4835930.24,18095,0.166,4.097,4.263
4835939.05,18094,0.124,4.282,4.406
4835942.8,18093,0.176,5.203,5.379
4835966.65,18095,0.596,8.727,9.323
4835978.37,18094,0.377,18.112,18.489
4835978.86,18093,3.248,10.775,14.022
4836006.97,18095,0.163,7.598,7.762
4836007.7,18094,0.064,7.059,7.123
4836063.31,18093,0.653,9.015,9.668
4836075.19,18094,0.166,7.922,8.087
4836091.67,18095,0.148,4.615,4.763
4836100.51,18093,0.193,6.449,6.642
4836152.12,18094,0.16,18.851,19.011
4836157.75,18095,0.143,19.313,19.456
4836161.51,18093,0.07,21.257,21.326
4836170.84,18094,0.27,18.296,18.566
4836177.7,18095,0.963,17.383,18.347
4836191.11,18093,0.12,20.076,20.196
4836193.44,18094,0.402,21.324,21.727
4836196.27,18095,2.128,18.294,20.422
4836220.02,18093,1.651,9.594,11.245
4836265.1,18094,0.153,14.81,14.963
4836317.31,18095,0.153,34.606,34.759
4836319.24,18093,0.591,34.721,35.312
4836330.79,18094,0.225,41.536,41.761
4836384.61,18095,6.076,38.928,45.004
4836387.42,18093,6.435,40.786,47.221
4836402.27,18094,0.108,46.338,46.445
4836425.66,18095,8.398,40.853,49.25
4836443.46,18093,3.049,38.29,41.339
4836477.2,18094,2.046,22.067,24.113
4836479.36,18095,0.126,16.383,16.508
4836487.36,18093,0.137,18.126,18.264
4836505.62,18094,0.126,16.13,16.256
4836521.42,18095,0.132,15.531,15.663
4836535.92,18093,0.131,8.574,8.705
4836557.37,18094,0.111,10.086,10.197
4836571.17,18095,3.899,7.062,10.96
4836577.84,18093,0.083,10.205,10.288
4836611.08,18094,0.133,7.632,7.765
4836638.08,18095,0.082,6.689,6.771
4836704.42,18093,0.204,10.779,10.983
4836705.53,18095,0.124,4.17,4.295
4836706.46,18094,0.112,11.296,11.408
4836739.88,18093,0.236,7.597,7.833
4836769.3,18095,0.085,4.362,4.446
4836790.52,18094,0.131,8.295,8.425
4836792.46,18093,0.061,4.777,4.838
4836827.33,18095,0.096,4.337,4.433
4836847.92,18094,0.121,9.585,9.706
4836861.43,18093,0.108,10.049,10.157
4836891.62,18095,1.077,19.465,20.542
4836893.87,18094,0.106,17.213,17.319
4836922.75,18093,0.144,21.505,21.649
4836930.6,18095,1.069,11.458,12.527
4836954.76,18093,0.181,10.548,10.729
4836965.95,18094,0.164,4.345,4.508
4836977.01,18095,0.198,4.332,4.53
4837034.81,18093,0.163,6.927,7.09
4837042.99,18094,0.13,4.604,4.734
4837044.34,18095,0.105,4.609,4.714
4837118.84,18093,1.752,12.016,13.768
4837120.81,18094,0.388,10.013,10.4
4837158.81,18095,0.138,3.987,4.125
4837170.39,18093,0.192,11.302,11.495
4837172.84,18095,0.095,7.088,7.183
4837185.65,18094,0.093,11.605,11.697
4837190.86,18093,0.096,10.647,10.743
4837196.86,18095,0.088,11.2,11.288
4837209.07,18094,1.279,13.966,15.245
4837213.68,18095,0.12,4.444,4.564
4837220.87,18093,0.077,7.031,7.108
4837233.22,18094,1.813,10.147,11.96
4837263.67,18095,0.249,6.061,6.311
4837314.2,18093,4.026,8.115,12.141
4837358.87,18094,0.172,4.168,4.34
4837365.69,18095,0.186,6.415,6.601
4837389.62,18093,0.105,6.46,6.565
4837400.97,18094,0.084,9.112,9.196
4837411.76,18095,1.615,16.071,17.685
4837415.85,18093,1.909,11.17,13.079
4837426.32,18094,2.271,17.15,19.42
4837431.91,18095,2.664,8.0,10.664
4837509.44,18093,0.12,10.039,10.159
4837525.53,18094,0.092,7.498,7.589
4837538.47,18095,0.079,8.079,8.158
4837544.49,18093,0.084,5.251,5.335
4837581.33,18094,0.107,8.161,8.268
4837612.95,18093,0.089,4.044,4.133
4837616.52,18095,3.783,10.426,14.208
4837642.06,18094,0.102,4.342,4.444
4837656.3,18093,0.081,7.558,7.639
4837665.04,18095,0.091,4.028,4.119
4837759.74,18094,0.105,4.141,4.246
4837797.53,18093,0.095,8.037,8.133
4837800.22,18095,1.064,4.107,5.17
4837815.55,18093,0.803,12.473,13.276
4837841.23,18094,0.153,4.018,4.171
4837852.26,18095,0.079,5.674,5.753
4837912.44,18093,0.117,6.011,6.128
4837934.71,18094,0.108,4.029,4.138
4837939.67,18095,0.102,4.03,4.132
4837985.0,18093,0.103,4.003,4.106
4838082.32,18094,0.128,4.122,4.249
4838117.9,18095,0.117,6.937,7.054
4838127.54,18093,0.094,6.39,6.485
4838156.13,18094,0.091,3.987,4.078
4838185.98,18095,0.086,4.031,4.118
4838250.54,18093,0.11,4.007,4.117
4838267.93,18094,0.1,4.087,4.188
4838283.62,18095,1.05,5.51,6.559
4838454.6,18093,0.153,5.984,6.137
4838461.96,18094,0.091,6.041,6.132
4838695.87,18095,0.155,7.44,7.595
4838757.26,18093,0.571,4.123,4.693
4838892.28,18094,0.157,10.038,10.195
4838923.49,18095,0.114,4.841,4.955
4839131.29,18093,0.144,4.903,5.047
4839174.57,18094,0.123,4.154,4.276
4839303.99,18095,0.127,4.424,4.552
4839310.53,18093,0.09,6.28,6.369
4839355.99,18094,0.117,4.845,4.961
4839475.48,18095,0.186,4.06,4.246
4839671.92,18093,0.157,8.774,8.931
4839714.16,18094,0.126,4.079,4.205
4839718.99,18095,0.217,3.99,4.207
4839811.53,18093,1.651,4.382,6.033
4839821.94,18094,0.088,4.032,4.121
4839861.56,18095,1.054,5.451,6.504
4839863.75,18093,0.073,4.1,4.173
4839915.71,18094,0.08,5.013,5.093
4839948.06,18095,0.163,4.052,4.215
4839957.68,18093,0.09,4.172,4.262
4840003.8,18094,0.072,7.432,7.504
4840059.07,18095,0.157,4.345,4.502
4840079.86,18094,0.069,8.111,8.181
4840082.5,18093,2.435,12.394,14.83
4840113.11,18095,2.152,8.044,10.196
4840122.64,18093,0.083,4.122,4.205
4840133.52,18094,0.095,4.34,4.434
4840139.19,18095,1.008,6.11,7.118
4840154.72,18093,0.075,13.331,13.407
4840170.08,18094,1.462,8.016,9.478
4840182.22,18093,1.155,4.096,5.251
4840184.34,18095,0.079,8.224,8.302
4840206.09,18094,0.073,6.038,6.111
4840208.16,18093,2.045,4.077,6.123
4840232.98,18095,0.155,5.864,6.019
4840241.51,18094,0.071,8.281,8.352
4840269.22,18093,0.077,3.99,4.067
4840303.04,18095,0.087,3.964,4.052
4840304.45,18094,0.058,4.244,4.302
4840316.53,18093,0.067,3.993,4.06
4840344.71,18095,0.076,8.359,8.435
4840351.57,18094,0.06,9.935,9.995
4840353.76,18093,0.163,4.08,4.243
4840389.27,18095,0.091,7.997,8.089
4840389.6,18094,0.057,6.377,6.434
4840391.87,18093,2.084,4.785,6.868
4840448.59,18095,0.094,7.139,7.233
4840473.61,18094,0.111,10.002,10.113
4840479.13,18093,0.098,7.964,8.062
4840491.87,18094,2.18,11.73,13.91
4840494.72,18095,0.088,13.236,13.324
4840498.34,18093,0.116,4.156,4.272
4840510.16,18094,0.082,8.031,8.114
4840510.28,18093,0.047,6.186,6.232
4840512.76,18095,0.098,16.231,16.329
4840522.64,18093,0.063,5.982,6.045
4840522.83,18094,0.085,8.114,8.2
4840529.51,18095,0.077,11.972,12.049
4840546.97,18094,0.076,3.985,4.062
4840589.19,18093,0.147,6.051,6.198
4840701.17,18095,0.082,8.031,8.114
4840712.75,18094,0.094,3.956,4.05
4840719.6,18093,0.078,4.017,4.095
4840745.32,18095,0.079,4.411,4.49
4840756.13,18094,0.085,4.13,4.214
4840759.28,18093,0.069,3.976,4.045
4840772.07,18095,0.067,9.083,9.15
4840776.48,18094,0.052,6.174,6.226
4840797.1,18093,0.077,3.974,4.05
4840818.81,18095,0.094,4.455,4.55
4840822.9,18094,0.735,4.022,4.757
4840841.22,18093,0.102,8.043,8.145
4840842.05,18095,0.073,6.389,6.462
4840881.12,18094,0.078,4.722,4.8
4840885.84,18093,0.128,3.936,4.064
4840897.62,18095,0.071,4.079,4.15
4840927.29,18094,0.634,13.223,13.858
4840932.06,18095,3.032,7.975,11.007
4840933.32,18093,2.871,12.202,15.073
4840933.92,18094,0.055,6.5,6.554
4840947.5,18093,0.049,5.36,5.409
4840950.97,18095,0.115,10.805,10.92
4840965.94,18094,0.085,4.026,4.111
4840981.14,18093,0.119,4.193,4.312
4840982.34,18095,0.071,4.014,4.085
4841024.83,18094,0.091,7.16,7.251
4841040.09,18093,0.069,3.982,4.051
4841050.01,18095,0.061,3.901,3.962
4841086.13,18094,0.093,8.101,8.193
4841100.16,18093,0.075,7.04,7.114
4841107.63,18095,0.056,6.765,6.822
4841127.39,18094,0.068,5.347,5.415
4841144.25,18093,0.076,5.827,5.903
4841146.81,18095,0.064,4.242,4.305
4841184.9,18094,0.09,6.989,7.079
4841187.76,18093,0.062,6.11,6.172
4841199.86,18095,0.087,11.096,11.183
4841211.24,18094,0.075,4.047,4.122
4841215.49,18093,2.187,4.13,6.317
4841227.1,18095,3.517,8.948,12.465
4841247.55,18094,0.075,9.099,9.174
4841261.82,18093,0.072,7.429,7.501
4841268.04,18095,1.023,6.964,7.987
4841276.41,18094,0.085,4.046,4.132
4841287.71,18093,0.059,4.046,4.105
4841300.53,18095,0.091,7.017,7.108
4841306.15,18094,0.064,4.04,4.104
4841310.3,18093,0.068,3.993,4.061
4841320.93,18095,0.053,10.404,10.457
4841402.21,18094,0.103,4.048,4.152
4841408.28,18093,0.076,4.063,4.139
4841460.95,18095,0.139,6.103,6.243
4841481.7,18094,0.101,12.471,12.571
4841483.45,18093,0.059,10.356,10.415
4841486.7,18095,0.082,4.989,5.071
4841547.2,18094,1.053,3.961,5.014
4841577.52,18093,0.201,6.244,6.445
4841579.85,18095,0.066,5.74,5.806
4841586.96,18094,0.08,4.832,4.912
4841591.08,18093,1.014,4.03,5.044
4841608.09,18095,0.061,3.985,4.046
4841639.35,18094,0.076,9.131,9.208
4841664.63,18093,0.076,4.126,4.202
4841706.98,18095,1.596,5.921,7.517
4841725.11,18094,0.096,5.237,5.333
4841743.23,18093,0.085,6.215,6.3
4841763.39,18095,0.083,5.113,5.196
4841772.28,18094,1.555,4.165,5.72
4841786.16,18093,0.08,4.115,4.195
4841792.0,18095,1.673,5.94,7.613
4841833.74,18093,0.089,4.164,4.253
4841843.45,18094,0.164,4.041,4.204
4841853.2,18095,0.155,4.841,4.996
4841878.62,18093,2.023,5.549,7.572
4841930.85,18095,0.068,4.259,4.327
4841931.81,18094,0.098,6.106,6.204
4841942.55,18093,0.094,4.002,4.095
4841952.31,18095,0.12,7.957,8.076
4841961.18,18094,0.08,9.059,9.14
4841969.24,18093,0.084,6.999,7.083
4841978.78,18095,1.758,7.697,9.455
4842045.02,18094,0.108,7.676,7.784
4842061.73,18093,0.09,5.052,5.142
4842072.13,18095,0.068,4.014,4.082
4842085.91,18094,0.082,4.146,4.227
4842088.05,18093,0.117,4.123,4.24
4842114.5,18095,0.097,5.186,5.284
4842128.94,18094,0.128,10.291,10.419
4842146.85,18093,0.112,4.18,4.292
4842149.91,18095,0.667,3.945,4.611
4842156.95,18093,0.093,6.067,6.16
4842184.3,18093,0.8,5.956,6.756
4842186.11,18094,3.304,11.03,14.334
4842187.39,18095,1.151,9.09,10.241
4842375.8,18094,0.083,8.977,9.059
4842376.29,18093,0.132,13.075,13.207
4842427.02,18095,0.194,6.588,6.782
4842450.25,18093,0.136,8.057,8.193
4842476.76,18094,0.132,4.12,4.252
4842679.93,18095,0.219,7.349,7.568
4842692.6,18093,0.101,4.068,4.169
4842718.76,18094,0.105,4.018,4.123
4842786.06,18095,0.091,7.976,8.067
4842786.42,18093,0.054,4.219,4.273
4842883.36,18094,0.112,4.089,4.201
4842912.14,18095,0.104,7.967,8.071
4842957.9,18093,0.113,4.409,4.522
4842968.67,18094,0.09,4.116,4.205
4843002.88,18095,0.08,6.784,6.864
4843034.3,18093,0.084,5.358,5.442
4843049.94,18094,0.1,4.069,4.168
4843066.57,18093,0.074,6.478,6.552
4843069.94,18095,0.085,10.591,10.677
4843092.04,18093,0.065,4.048,4.113
4843093.15,18094,2.132,8.049,10.181
4843096.18,18095,1.906,4.128,6.034
4843105.09,18093,0.077,4.085,4.162
4843149.69,18094,0.081,7.084,7.165
4843181.19,18095,0.225,6.07,6.295
4843251.96,18093,0.085,7.842,7.927
4843252.5,18094,0.054,6.28,6.334
4843258.09,18095,0.075,5.984,6.059
4843285.14,18094,2.389,4.077,6.466
4843306.5,18093,0.084,6.191,6.275
4843311.24,18095,0.07,5.019,5.09
4843326.81,18093,0.087,4.065,4.152
4843336.07,18094,0.148,8.306,8.454
4843348.07,18095,4.673,8.014,12.688
4843361.48,18093,0.087,4.366,4.453
4843382.36,18094,0.078,10.06,10.138
4843384.64,18095,0.058,6.004,6.062
4843404.39,18093,0.094,4.038,4.132
4843433.3,18095,0.075,11.077,11.152
4843435.04,18094,5.017,9.985,15.002
4843449.12,18093,0.114,4.031,4.145
4843470.09,18095,1.023,8.027,9.05
4843478.58,18094,0.133,7.007,7.141
4843505.25,18093,0.067,5.14,5.207
4843525.73,18095,0.138,4.197,4.336
4843552.28,18094,0.076,10.153,10.23
4843552.67,18093,0.07,4.503,4.573
4843561.42,18095,0.083,5.704,5.787
4843600.91,18094,0.081,7.962,8.043
4843607.23,18093,0.055,10.03,10.085
4843644.0,18095,0.185,4.069,4.253
4843646.16,18094,0.083,4.024,4.107
4843671.24,18093,0.14,4.038,4.178
4843679.85,18095,0.095,3.976,4.071
4843698.21,18094,0.07,6.087,6.156
4843715.4,18093,0.088,4.04,4.129
4843738.9,18095,0.1,4.011,4.111
4843769.67,18094,0.067,7.075,7.142
4843806.37,18093,0.086,8.04,8.126
4843816.46,18095,0.091,4.134,4.225
4843904.83,18093,0.062,5.102,5.164
4843909.3,18094,0.2,10.342,10.542
4843928.68,18095,0.085,4.997,5.082
4843934.39,18093,0.083,4.964,5.047
4843938.97,18095,0.058,6.927,6.985
4843941.38,18094,0.067,6.018,6.085
4843986.9,18093,0.092,6.311,6.403
4843988.76,18095,0.088,4.058,4.146
4844012.39,18094,0.073,4.357,4.43
4844021.22,18093,0.115,6.097,6.211
4844021.58,18095,0.432,3.996,4.428
4844027.65,18094,0.055,8.438,8.493
4844033.75,18093,3.044,5.996,9.041
4844047.03,18095,1.755,3.961,5.717
4844055.06,18094,0.066,5.96,6.027
4844096.07,18093,0.097,4.041,4.138
4844127.37,18095,0.599,4.031,4.63
4844131.97,18094,0.078,4.111,4.189
4844161.25,18093,1.577,4.092,5.669
4844192.17,18095,0.09,4.071,4.16
4844196.24,18094,0.066,5.019,5.085
4844219.09,18093,0.095,4.489,4.584
4844248.1,18095,4.025,8.019,12.044
4844271.04,18094,0.432,7.082,7.514
4844271.42,18093,0.062,7.322,7.384
4844279.12,18095,0.051,10.398,10.448
4844282.8,18094,2.375,5.727,8.102
4844292.74,18093,0.06,4.012,4.073
4844295.36,18095,0.051,4.06,4.111
4844302.67,18093,0.065,4.031,4.096
4844349.62,18095,0.53,10.041,10.572
4844349.84,18094,1.023,12.777,13.801
4844376.25,18093,0.082,4.185,4.267
4844390.0,18095,0.1,5.359,5.459
4844414.61,18094,0.125,4.202,4.327
4844428.92,18093,0.081,7.651,7.732
4844442.57,18095,0.078,5.88,5.958
4844448.92,18094,0.426,3.856,4.282
4844459.59,18093,0.063,4.02,4.083
4844506.98,18094,0.059,8.951,9.01
4844507.4,18095,0.107,12.009,12.116
4844519.83,18093,0.074,4.037,4.111
4844527.46,18095,0.108,5.194,5.302
4844563.21,18094,0.071,4.036,4.107
4844572.12,18093,0.074,4.097,4.171
4844577.07,18095,0.052,4.036,4.089
4844589.65,18093,0.057,5.101,5.158
4844590.37,18094,0.064,12.967,13.031
4844615.07,18095,0.08,4.644,4.725
4844624.31,18093,0.08,7.0,7.08
4844630.26,18094,1.186,4.156,5.341
4844644.24,18095,0.077,4.008,4.085
4844674.09,18093,0.135,8.105,8.24
4844694.41,18094,0.139,11.002,11.141
4844695.51,18095,0.084,8.154,8.239
4844697.08,18093,0.069,8.06,8.129
4844720.11,18094,0.08,4.123,4.203
4844721.3,18095,0.076,4.187,4.263
4844730.06,18093,0.101,5.172,5.273
4844770.09,18094,0.074,7.978,8.052
4844782.7,18095,0.071,5.056,5.128
4844787.2,18095,1.978,4.369,6.347
4844790.05,18093,1.405,5.97,7.375
4844795.06,18094,0.082,4.077,4.159
4844821.12,18095,0.087,5.102,5.189
4844828.96,18093,0.122,4.063,4.185
4844900.63,18095,0.094,4.319,4.413
4844901.66,18094,0.108,6.045,6.152
4844907.24,18093,0.147,5.1,5.248
4844914.81,18095,0.084,4.077,4.161
4844922.66,18094,0.073,4.975,5.047
4844942.82,18093,0.065,9.03,9.095
4844958.12,18095,0.076,4.107,4.183
4844971.51,18094,0.067,5.182,5.249
4845053.0,18093,0.092,5.939,6.031
4845065.84,18095,0.081,4.082,4.163
4845120.57,18094,0.087,4.114,4.201
4845230.26,18093,0.168,4.07,4.239
4845249.29,18095,0.874,8.202,9.075
4845289.74,18094,0.081,4.179,4.26
4845361.22,18093,0.12,7.046,7.166
4845368.22,18095,0.076,3.991,4.068
4845488.64,18094,0.142,4.066,4.208
4845513.34,18093,2.139,4.197,6.336
4845548.27,18095,0.097,8.989,9.086
4845554.02,18094,0.092,4.244,4.336
4845559.32,18093,0.076,6.095,6.171
4845578.08,18095,1.419,6.006,7.425
4845705.31,18094,0.117,5.453,5.57
4845720.41,18093,2.264,4.134,6.398
4845736.67,18095,0.197,6.108,6.305
4845869.57,18094,0.142,4.128,4.27
4845908.34,18093,0.132,4.036,4.168
4845944.1,18095,0.116,4.019,4.134
4845954.68,18094,0.119,7.017,7.136
4845973.09,18093,3.164,8.017,11.182
4845973.23,18095,0.07,4.007,4.078
4846058.5,18094,0.152,9.02,9.172
4846129.54,18093,0.243,4.313,4.556
4846237.28,18095,0.153,11.032,11.184
4846247.36,18094,0.109,4.18,4.289
4846339.05,18093,0.167,5.915,6.082
4846493.44,18095,0.178,4.016,4.194
4846520.12,18094,0.201,4.013,4.214
4846540.13,18093,0.088,9.979,10.067
4846557.37,18095,0.085,8.27,8.354
4846660.75,18094,0.172,4.091,4.263
4847008.48,18093,0.176,6.201,6.378
4847029.88,18095,0.13,4.02,4.15
4847072.66,18094,0.162,7.5,7.662
4847205.39,18093,0.188,4.095,4.283
4847248.87,18095,0.17,6.026,6.196
4847308.43,18094,0.161,8.176,8.337
4847472.13,18093,0.149,4.574,4.724
4847542.67,18095,0.167,5.302,5.469
4847850.07,18094,0.19,4.171,4.361
4847858.39,18093,0.137,4.078,4.215
4847910.68,18095,0.117,6.048,6.165
4847966.48,18094,0.105,7.964,8.069
4847978.73,18093,0.077,6.993,7.07
4848087.88,18095,0.148,4.104,4.252
4848105.06,18094,0.102,7.619,7.721
4848108.73,18093,0.064,6.152,6.217
4848171.97,18095,0.202,5.046,5.247
4848180.17,18094,0.989,4.054,5.043
4848186.05,18094,0.063,3.924,3.986
4848188.28,18093,0.066,11.043,11.109
4848190.08,18095,1.079,9.947,11.027
4848216.25,18094,0.165,4.105,4.271
4848220.46,18094,1.454,3.999,5.453
4848223.41,18093,1.223,8.037,9.26
4848227.18,18095,0.696,10.076,10.772
4848240.39,18094,0.086,9.718,9.804
4848240.6,18093,0.059,8.38,8.44
4848256.3,18095,0.099,4.053,4.152
4848354.22,18094,0.136,10.997,11.134
4848358.4,18093,0.083,8.268,8.351
4848375.76,18094,0.065,4.141,4.206
4848379.14,18095,0.09,8.033,8.123
4848392.81,18093,0.08,7.924,8.005
4848394.95,18094,0.046,7.647,7.693
4848434.34,18095,0.092,7.961,8.053
4848448.21,18093,0.082,6.573,6.655
4848454.27,18094,0.097,4.115,4.212
4848513.47,18095,0.124,6.92,7.044
4848609.77,18093,0.125,5.002,5.127
4848613.14,18094,0.08,6.22,6.3
4848636.74,18095,0.084,4.047,4.132
4848650.42,18093,0.076,4.088,4.164
4848681.29,18094,0.07,4.051,4.121
4848692.32,18095,0.066,4.25,4.315
4848700.12,18093,0.053,7.919,7.972
4848706.87,18095,0.062,4.05,4.112
4848729.35,18094,0.077,6.021,6.097
4848737.01,18093,0.069,5.04,5.109
4848754.44,18095,0.057,8.36,8.417
4848764.56,18094,0.071,4.131,4.202
4848767.49,18093,0.05,4.295,4.345
4848772.6,18095,0.064,5.962,6.027
4848781.19,18093,2.399,6.13,8.529
4848790.64,18094,0.062,4.018,4.08
4848798.07,18095,0.119,4.059,4.178
4848827.87,18093,1.089,5.683,6.772
4848829.56,18094,0.076,3.971,4.047
4848861.58,18095,0.129,10.991,11.12
4848863.73,18093,0.066,6.622,6.688
4848873.69,18094,0.094,4.129,4.223
4848883.78,18095,0.072,8.416,8.488
4848892.24,18093,0.071,6.076,6.146
4848949.51,18094,0.171,4.12,4.291
4848955.78,18095,0.079,4.118,4.198
4848981.17,18093,2.373,10.073,12.446
4848985.15,18094,1.714,8.076,9.79
4848988.72,18095,0.078,6.301,6.379
4848992.82,18093,0.064,6.964,7.027
4849014.86,18094,0.077,4.123,4.2
4849022.51,18095,0.076,5.848,5.924
4849034.93,18093,0.084,5.189,5.272
4849048.24,18094,0.096,8.081,8.177
4849151.39,18095,0.14,8.054,8.194
4849171.2,18093,0.957,4.047,5.004
4849182.42,18094,0.15,4.056,4.205
4849230.13,18095,2.055,8.004,10.06
4849232.11,18093,3.913,8.018,11.931
4849232.27,18094,0.089,6.201,6.29
4849252.59,18095,0.084,4.007,4.091
4849265.31,18093,0.07,3.898,3.967
4849292.07,18094,0.09,4.073,4.163
4849334.7,18095,0.079,6.86,6.939
4849376.57,18093,0.08,4.078,4.158
4849405.45,18094,0.19,4.012,4.202
4849417.14,18095,1.06,4.036,5.096
4849432.83,18093,0.073,5.058,5.131
4849442.15,18094,0.133,4.087,4.22
4849482.72,18095,2.045,10.609,12.655
4849484.63,18093,0.325,10.811,11.136
4849495.7,18094,2.035,6.613,8.648
4849553.78,18095,0.695,6.616,7.311
4849715.3,18093,0.255,4.532,4.787
4849751.28,18094,0.176,5.036,5.212
4849782.08,18095,0.508,13.001,13.509
4849784.04,18093,1.779,5.969,7.748
4849793.53,18094,0.155,3.982,4.138
4849818.11,18095,0.079,3.988,4.067
4849857.21,18093,0.093,6.063,6.156
4849900.8,18094,0.153,4.142,4.295
4849976.38,18095,0.212,4.141,4.353
4850014.16,18093,1.073,8.059,9.133
4850200.3,18094,0.169,4.04,4.209
4850290.18,18095,0.146,4.107,4.253
4850323.08,18093,0.159,6.05,6.209
4850330.31,18094,0.071,5.517,5.588
4850341.26,18095,0.145,4.172,4.317
4850379.18,18093,0.077,11.047,11.123
4850379.4,18094,0.139,9.286,9.425
4850428.2,18095,0.072,14.039,14.11
4850428.55,18093,0.058,12.172,12.231
4850436.41,18094,4.233,10.363,14.596
4850438.25,18095,0.069,9.008,9.077
4850471.22,18093,0.108,6.055,6.163
4850546.66,18094,0.267,4.002,4.269
4850579.79,18095,0.215,4.11,4.325
4850605.12,18093,0.099,4.689,4.788
4850614.38,18094,0.091,8.119,8.21
4850636.14,18095,0.081,7.011,7.092
4850649.6,18093,0.081,3.977,4.058
4850661.09,18094,0.073,3.972,4.044
4850667.6,18095,0.056,4.017,4.073
4850692.48,18093,0.071,4.023,4.094
4850697.78,18094,0.084,4.06,4.144
4850718.96,18095,0.067,4.05,4.117
4850749.32,18093,0.098,4.074,4.172
4850786.91,18094,0.08,4.928,5.007
4850799.4,18095,1.14,5.32,6.461
4850815.56,18093,0.095,3.969,4.065
4850833.26,18095,0.1,4.034,4.135
4850835.42,18094,0.076,8.296,8.372
4850841.09,18093,0.064,4.004,4.069
4850861.24,18095,0.106,8.083,8.189
4850903.01,18094,0.166,5.348,5.514
4850925.6,18093,0.181,6.539,6.72
4850945.26,18095,1.119,9.038,10.157
4850968.57,18094,0.164,4.053,4.217
4851021.58,18093,0.161,6.169,6.33
4851028.22,18095,0.101,6.12,6.221
4851064.22,18094,0.188,4.016,4.204
4851095.86,18093,0.151,5.009,5.16
4851115.61,18095,0.131,4.338,4.469
4851119.89,18094,0.092,4.038,4.13
4851147.57,18095,0.389,4.127,4.516
4851148.98,18093,1.327,3.982,5.309
4851179.84,18094,0.086,5.124,5.21
4851219.79,18095,0.086,6.205,6.291
4851235.1,18093,0.106,4.052,4.158
4851262.86,18094,2.023,7.786,9.809
4851264.96,18095,0.391,5.898,6.289
4851300.95,18093,0.078,4.084,4.162
4851326.37,18095,0.075,4.087,4.162
4851337.33,18094,0.058,6.229,6.287
4851345.83,18095,0.061,8.002,8.064
4851346.1,18093,2.401,11.018,13.419
4851348.3,18094,0.048,7.219,7.267
4851488.53,18093,0.133,4.04,4.173
4851499.11,18095,0.072,4.092,4.164
4851505.94,18094,0.215,4.172,4.387
4851559.48,18093,0.162,4.465,4.627
4851589.87,18095,0.116,4.1,4.216
4851603.61,18094,0.108,4.08,4.188
4851607.92,18093,0.101,4.079,4.18
4851625.7,18095,0.083,3.981,4.064
4851664.0,18094,0.087,5.353,5.441
4851677.43,18093,0.083,3.974,4.058
4851679.98,18095,0.065,5.468,5.533
4851691.66,18094,0.103,7.417,7.519
4851692.54,18093,0.047,5.915,5.962
4851715.61,18095,0.09,16.116,16.207
4851719.66,18094,1.418,17.591,19.01
4851719.99,18093,2.923,15.917,18.839
4851722.78,18095,4.556,7.086,11.642
4851737.03,18094,2.447,3.969,6.416
4851741.1,18093,1.823,9.987,11.811
4851747.31,18095,0.065,10.206,10.27
4851760.07,18094,0.06,3.978,4.038
4851764.95,18093,0.05,4.972,5.022
4851770.32,18094,0.062,4.155,4.217
4851787.4,18095,0.094,3.982,4.076
4851820.25,18093,0.083,3.961,4.044
4851831.21,18094,0.056,4.122,4.178
4851837.06,18093,0.06,4.057,4.118
4851840.15,18095,0.053,11.047,11.099
4851855.97,18094,0.066,4.112,4.178
4851877.05,18093,0.098,4.043,4.141
4851891.31,18095,0.1,4.911,5.011
4851905.36,18094,0.104,6.016,6.121
4851914.5,18093,0.064,5.953,6.016
4851962.74,18095,0.117,4.022,4.14
4852007.65,18094,0.147,4.161,4.308
4852065.5,18093,0.12,4.082,4.202
4852082.84,18095,0.09,4.128,4.218
4852120.34,18094,0.096,4.132,4.229
4852142.69,18093,0.101,4.055,4.156
4852147.01,18095,0.086,4.109,4.194
4852160.35,18094,0.066,4.131,4.197
4852189.49,18093,0.07,4.054,4.123
4852207.03,18095,0.075,4.027,4.102
4852237.11,18094,0.099,4.077,4.176
4852285.24,18093,0.089,4.095,4.184
4852334.17,18095,0.077,7.036,7.113
4852344.61,18094,0.084,7.075,7.159
4852358.02,18093,0.073,5.052,5.126
4852407.32,18095,0.09,8.196,8.286
4852469.28,18094,0.123,3.981,4.103
4852512.5,18093,0.106,3.945,4.05
4852539.24,18095,0.094,10.028,10.123
4852541.56,18094,0.122,4.441,4.563
4852553.37,18093,0.084,6.122,6.207
4852567.14,18095,2.027,8.061,10.088
4852575.98,18094,0.068,3.902,3.97
4852587.2,18093,0.071,3.968,4.039
4852611.69,18095,0.073,7.474,7.546
4852616.9,18094,0.081,9.089,9.17
4852620.24,18093,1.35,6.168,7.518
4852642.97,18095,0.101,3.927,4.028
4852652.03,18094,0.073,5.169,5.242
4852653.99,18093,0.088,4.041,4.129
4852668.14,18095,0.077,4.069,4.146
4852682.98,18093,0.083,4.098,4.181
4852684.56,18094,0.066,5.962,6.028
4852696.36,18095,0.073,7.999,8.072
4852706.05,18093,0.069,7.047,7.116
4852717.03,18094,0.056,5.918,5.974
4852719.41,18095,0.05,5.121,5.172
4852797.41,18093,0.078,8.298,8.376
4852810.71,18094,0.069,7.602,7.671
4852831.67,18095,0.083,4.057,4.139
4852852.62,18093,0.112,4.105,4.217
4852869.26,18094,0.141,8.068,8.209
4852870.07,18095,0.066,8.075,8.14
4852886.73,18093,0.072,7.607,7.679
4852894.66,18094,0.067,8.024,8.092
4852903.06,18093,2.037,4.001,6.039
4852909.84,18095,0.051,4.078,4.129
4852933.48,18094,0.144,5.199,5.343
4852934.09,18093,0.101,4.703,4.804
4852937.06,18095,0.076,3.948,4.025
4852947.55,18094,0.127,6.001,6.127
4852963.31,18093,0.079,3.967,4.046
4852973.61,18095,0.064,7.686,7.75
4852975.49,18094,0.089,8.037,8.126
4852987.82,18093,0.09,5.015,5.106
4853001.44,18095,0.077,4.06,4.137
4853016.43,18094,0.114,4.231,4.344
4853038.47,18093,0.12,6.0,6.121
4853094.69,18095,0.149,4.33,4.479
4853120.91,18094,0.807,5.369,6.176
4853176.38,18093,0.136,3.978,4.114
4853186.15,18095,0.093,7.374,7.466
4853209.7,18095,0.077,5.002,5.079
4853213.18,18094,0.193,13.076,13.269
4853213.37,18093,2.397,10.279,12.676
4853235.25,18095,0.083,4.057,4.139
4853243.74,18094,0.111,6.237,6.348
4853245.86,18093,2.06,4.775,6.836
4853260.15,18095,0.088,6.019,6.107
4853286.59,18094,0.08,7.191,7.27
4853305.99,18095,1.06,5.886,6.945
4853311.34,18093,0.082,14.375,14.457
4853348.72,18094,0.088,5.015,5.104
4853371.67,18095,0.153,4.355,4.508
4853396.27,18093,0.081,7.139,7.221
4853415.6,18094,0.068,7.716,7.784
4853419.0,18095,0.072,7.402,7.474
4853424.9,18093,0.057,9.141,9.198
4853430.36,18094,0.057,9.258,9.315
4853432.71,18095,0.092,7.651,7.743
4853441.38,18093,0.075,4.051,4.125
4853478.02,18094,0.095,4.191,4.286
4853536.37,18095,0.129,6.255,6.385
4853560.14,18093,0.111,8.057,8.168
4853624.2,18094,0.123,6.681,6.804
4853646.05,18095,0.138,7.079,7.217
4853650.82,18093,0.063,5.941,6.005
4853668.93,18095,0.073,5.969,6.042
4853698.2,18094,0.069,7.984,8.052
4853713.44,18093,0.073,4.008,4.081
4853766.49,18095,1.938,4.047,5.985
4853775.47,18094,0.078,9.194,9.272
4853805.21,18095,0.124,6.058,6.182
4853809.18,18093,0.061,7.063,7.124
4853834.61,18094,0.084,4.055,4.139
4853848.08,18095,2.382,3.989,6.371
4853873.03,18093,0.077,4.094,4.171
4853889.18,18094,0.079,8.058,8.137
4853912.75,18095,0.07,3.932,4.002
4853933.36,18093,0.069,7.1,7.17
4853942.95,18094,0.113,6.323,6.436
4853998.09,18095,2.495,4.859,7.354
4854107.81,18093,0.157,4.645,4.802
4854114.79,18094,0.073,8.021,8.095
4854116.89,18095,0.678,7.786,8.464
4854123.07,18093,0.064,9.026,9.091
4854258.63,18094,0.583,8.157,8.74
4854309.24,18095,0.122,7.055,7.178
4854427.92,18093,0.136,4.226,4.362
4854555.26,18094,0.268,6.015,6.284
4854571.91,18095,0.123,6.084,6.206
4854610.76,18093,0.143,4.024,4.167
4854681.08,18094,0.181,5.939,6.12
4854756.91,18095,0.156,5.031,5.187
4854914.22,18093,0.202,4.132,4.334
4854945.26,18094,0.13,6.047,6.177
4855058.61,18095,0.173,4.54,4.713
4855184.47,18093,0.201,4.184,4.385
4855245.33,18094,0.128,8.028,8.156
4855280.58,18095,0.123,4.514,4.637
4855322.55,18093,0.111,4.265,4.376
4855354.29,18094,0.122,5.151,5.272
4855377.05,18095,0.11,4.038,4.148
4855399.49,18093,0.073,8.484,8.557
4855480.1,18094,0.088,6.955,7.043
4855550.31,18095,0.097,6.179,6.276
4855602.72,18093,0.102,4.041,4.143
4855628.0,18094,0.13,4.103,4.233
4855712.3,18095,0.121,6.047,6.168
4855863.75,18093,0.234,4.151,4.385
4856066.27,18094,1.249,4.06,5.309
4856189.34,18095,0.172,4.076,4.247
4856243.74,18093,0.135,6.353,6.489
4856307.32,18094,0.226,4.12,4.346
4856313.41,18095,1.904,6.329,8.233
4856348.76,18094,0.088,4.237,4.325
4856367.17,18093,0.089,4.037,4.126
4856418.36,18095,0.097,6.995,7.092
4856458.51,18094,0.081,8.04,8.121
4856484.73,18093,0.082,4.087,4.169
4856552.53,18095,0.121,9.004,9.125
4856657.88,18094,0.172,8.175,8.347
4856657.98,18093,0.066,4.958,5.025
4856760.33,18095,0.132,4.533,4.664
4856805.3,18093,0.116,4.081,4.197
4856881.74,18094,0.101,4.142,4.244
4856902.09,18095,0.081,4.118,4.2
4857055.86,18093,1.057,8.368,9.425
4857071.46,18094,0.175,4.22,4.395
4857082.67,18095,0.112,4.107,4.219
4857094.15,18093,0.125,6.135,6.259
4857099.16,18094,0.097,7.995,8.093
4857117.08,18095,0.108,4.272,4.38
4857135.72,18093,0.096,9.564,9.659
4857164.64,18094,0.136,5.249,5.386
4857224.99,18095,0.131,3.98,4.111
4857234.2,18093,0.08,9.056,9.136
4857271.53,18095,0.11,6.028,6.138
4857277.54,18094,0.096,8.195,8.291
4857277.81,18093,0.048,6.699,6.747
4857282.59,18095,0.082,3.975,4.058
4857324.42,18094,0.092,10.041,10.133
4857324.68,18093,0.061,6.584,6.645
4857395.89,18095,0.103,6.041,6.144
4857400.23,18094,0.072,9.594,9.666
4857401.03,18093,0.058,9.399,9.456
4857409.57,18095,0.058,7.993,8.051
4857422.4,18094,0.092,4.206,4.299
4857457.9,18093,0.126,6.128,6.254
4857487.16,18095,0.083,7.032,7.115
4857505.95,18094,0.105,5.022,5.127
4857510.12,18093,0.098,4.006,4.103
4857518.15,18095,0.073,6.591,6.664
4857522.27,18094,0.083,6.323,6.406
4857535.39,18095,0.095,3.945,4.039
4857548.26,18094,0.044,8.073,8.117
4857548.43,18093,0.095,10.304,10.399
4857562.1,18095,0.059,8.008,8.067
4857580.48,18094,0.07,4.065,4.134
4857606.48,18093,0.084,4.142,4.225
4857654.55,18095,0.085,5.413,5.498
4857671.37,18094,0.105,6.183,6.288
4857673.53,18093,0.069,4.423,4.492
4857697.5,18095,0.084,4.096,4.18
4857701.33,18094,0.084,5.458,5.542
4857722.8,18093,2.415,4.73,7.145
4857729.82,18095,0.05,8.153,8.203
4857791.27,18093,0.145,4.173,4.318
4857804.33,18094,0.151,4.008,4.159
4857811.5,18095,0.096,5.772,5.868
4857911.21,18093,0.859,9.129,9.988
4857934.46,18094,0.078,4.017,4.096
4857945.1,18095,0.083,4.056,4.139
4857950.7,18093,0.08,5.291,5.37
4857962.37,18094,0.096,8.192,8.288
4857965.17,18095,0.053,9.072,9.125
4858015.63,18093,0.093,6.354,6.447
4858017.9,18094,0.069,4.789,4.857
4858023.33,18095,0.078,4.104,4.182
4858032.1,18093,0.091,3.954,4.045
4858045.15,18094,0.069,4.051,4.12
4858089.16,18095,0.083,4.103,4.186
4858122.05,18093,0.08,3.935,4.015
4858153.28,18094,0.168,6.077,6.245
4858181.26,18095,0.189,4.148,4.337
4858191.78,18093,0.152,8.441,8.593
4858192.02,18094,0.056,7.134,7.19
4858213.09,18095,0.083,8.109,8.192
4858213.43,18093,0.066,5.227,5.293
4858225.88,18094,0.122,4.079,4.201
4858265.04,18095,0.241,3.947,4.188
4858302.93,18093,0.09,4.004,4.093
4858357.98,18094,0.099,4.029,4.128
4858358.94,18095,0.083,4.134,4.217
4858375.87,18093,0.153,3.931,4.084
4858393.34,18095,0.057,11.968,12.025
4858393.65,18094,0.062,10.445,10.507
4858395.05,18093,2.022,3.943,5.965
4858420.56,18095,0.069,10.158,10.227
4858422.22,18094,0.106,10.077,10.182
4858456.81,18093,0.154,4.162,4.316
4858482.23,18095,0.081,6.115,6.195
4858507.14,18094,0.072,8.022,8.094
4858519.38,18093,0.078,6.062,6.14
4858536.41,18095,0.062,8.116,8.177
4858536.86,18094,2.028,4.776,6.805
4858541.05,18093,2.376,7.964,10.34
4858544.27,18095,0.091,4.131,4.222
4858559.96,18093,1.006,7.891,8.897
4858579.14,18094,2.352,6.031,8.384
4858618.04,18095,0.066,4.508,4.574
4858646.75,18093,0.104,5.487,5.592
4858655.44,18094,0.059,12.083,12.141
4858657.07,18095,0.055,7.976,8.031
4858672.31,18093,0.058,5.213,5.27
4858676.09,18094,0.049,4.017,4.066
4858680.48,18093,0.124,4.306,4.43
4858705.16,18095,0.071,7.044,7.115
4858709.28,18094,0.055,3.98,4.035
4858734.2,18093,0.245,6.55,6.795
4858749.98,18095,0.096,6.063,6.159
4858773.1,18094,0.087,6.077,6.164
4858783.7,18093,1.221,7.594,8.815
4858784.07,18094,4.473,3.968,8.44
4858790.53,18095,4.58,10.429,15.009
4858849.09,18094,0.082,4.146,4.228
4858912.87,18093,0.097,5.627,5.724
4859014.38,18095,0.102,7.052,7.154
4859051.14,18094,2.301,6.017,8.318
4859138.23,18093,0.104,4.062,4.166
4859169.27,18095,0.884,4.108,4.993
4859229.65,18094,0.105,4.053,4.159
4859245.08,18093,0.097,9.091,9.187
4859264.06,18095,0.158,4.344,4.501
4859326.49,18094,0.136,4.116,4.252
4859362.53,18093,0.124,4.016,4.14
4859484.67,18095,0.126,4.233,4.36
4859536.1,18094,0.113,4.091,4.204
4859568.16,18093,0.162,8.637,8.799
4859591.6,18095,0.081,6.051,6.131
4859601.37,18094,0.091,9.609,9.699
4859601.57,18093,0.048,7.465,7.513
4859625.46,18095,0.073,4.124,4.197
4859655.43,18094,0.088,7.008,7.095
4859675.1,18093,0.083,7.964,8.047
4859693.26,18095,0.075,4.149,4.224
4859705.15,18094,0.068,4.045,4.112
4859720.71,18093,0.073,4.104,4.177
4859756.67,18095,0.08,8.051,8.13
4859844.04,18094,0.089,4.029,4.118
4859853.59,18093,0.058,4.009,4.067
4859880.03,18095,1.061,5.917,6.977
4859992.08,18094,0.163,5.09,5.254
4860057.66,18093,0.108,7.056,7.165
4860075.33,18095,0.089,7.065,7.154
4860118.34,18094,0.094,5.849,5.943
4860186.82,18093,0.119,5.055,5.174
4860290.43,18095,2.298,7.22,9.518
4860394.75,18094,0.172,4.195,4.366
4860402.07,18093,2.206,6.006,8.212
4860417.23,18095,0.126,5.139,5.265
4860424.22,18094,1.612,7.048,8.66
4860446.23,18095,3.041,5.137,8.178
4860592.9,18093,0.097,3.985,4.081
4860659.89,18094,0.095,4.985,5.08
4860710.97,18095,0.098,4.284,4.382
4860716.44,18093,0.126,4.004,4.13
4860788.89,18094,0.262,4.232,4.494
4860801.48,18095,1.841,8.288,10.128
4860829.19,18093,2.04,8.059,10.099
4860840.52,18094,1.813,9.363,11.175
4860858.49,18095,0.107,3.914,4.021
4860887.95,18093,0.108,4.144,4.252
4860891.35,18094,0.093,5.115,5.208
4860978.26,18095,0.156,12.991,13.147
4861035.4,18093,0.164,7.039,7.203
4861058.63,18094,0.143,13.665,13.808
4861080.89,18095,0.138,4.135,4.272
4861124.91,18093,0.115,4.026,4.141
4861147.9,18094,0.099,5.946,6.045
4861150.74,18095,0.079,5.11,5.189
4861174.98,18093,0.131,6.023,6.153
4861218.74,18094,0.098,4.102,4.2
4861233.92,18095,0.094,4.162,4.256
4861288.63,18093,1.659,6.462,8.121
4861289.81,18094,0.093,5.129,5.221
4861298.18,18095,0.069,4.521,4.59
4861312.38,18093,0.081,5.31,5.391
4861315.71,18094,0.059,5.544,5.604
4861321.72,18095,0.081,6.566,6.647
4861360.94,18094,0.179,4.433,4.612
4861376.91,18093,0.103,6.244,6.347
4861391.63,18095,0.108,4.059,4.167
4861430.03,18094,0.093,6.335,6.429
4861452.64,18093,0.091,3.983,4.074
4861505.34,18095,0.096,8.045,8.141
4861519.11,18094,0.108,5.958,6.066
4861533.74,18093,0.093,5.305,5.397
4861538.23,18095,0.088,4.089,4.177
4861560.96,18094,0.183,6.533,6.717
4861575.63,18093,0.124,4.065,4.19
4861592.37,18095,0.098,4.144,4.242
4861620.02,18094,3.92,8.048,11.968
4861644.77,18093,0.107,8.201,8.308
4861694.91,18095,0.208,4.266,4.474
4861723.49,18094,0.108,5.977,6.085
4861813.44,18093,0.106,6.64,6.745
4861843.43,18095,0.099,7.043,7.142
4861860.76,18093,0.091,7.609,7.7
4861861.63,18094,2.223,6.566,8.789
4861870.52,18095,0.171,4.074,4.245
4861879.97,18093,0.092,4.114,4.205
4861891.84,18094,0.089,6.014,6.103
4861892.21,18095,0.064,4.101,4.165
4861935.52,18093,0.105,4.034,4.139
4861949.36,18094,0.08,4.197,4.277
4861952.66,18095,0.061,4.109,4.17
4861977.56,18094,0.092,4.114,4.206
4861991.19,18093,0.088,9.06,9.148
4862011.99,18095,0.081,4.01,4.091
4862028.13,18094,1.924,9.06,10.983
4862034.38,18093,0.068,5.99,6.058
4862072.95,18095,0.094,5.978,6.072
4862140.82,18094,0.141,4.107,4.248
4862232.87,18093,0.156,4.056,4.212
4862241.06,18095,0.093,4.075,4.168
4862261.51,18094,0.091,3.998,4.088
4862359.98,18093,0.14,4.23,4.37
4862442.99,18095,0.152,7.063,7.214
4862446.91,18094,0.084,4.026,4.109
4862464.92,18093,0.109,4.955,5.064
4862478.7,18095,0.081,8.153,8.234
4862483.47,18094,0.053,6.031,6.084
4862592.19,18093,0.117,4.044,4.161
4862604.44,18095,0.123,4.105,4.229
4862744.17,18094,0.113,3.985,4.098
4862856.41,18093,0.11,7.069,7.179
4862861.03,18095,0.063,7.526,7.589
4862927.4,18094,0.103,5.003,5.106
4862956.2,18093,0.079,3.952,4.031
4863105.82,18095,0.13,5.549,5.679
4863140.32,18094,0.838,4.095,4.932
4863147.75,18093,0.09,6.038,6.128
4863166.11,18095,0.082,8.972,9.054
4863215.74,18094,0.085,4.634,4.72
4863252.07,18093,0.748,5.153,5.901
4863412.42,18095,1.991,8.161,10.152
4863425.51,18094,0.17,4.212,4.383
4863480.28,18093,0.13,4.073,4.204
4863525.94,18095,0.132,5.913,6.044
4863545.37,18094,0.105,4.203,4.308
4863652.62,18093,0.134,4.059,4.192
4863662.04,18095,0.105,7.196,7.301
4863699.89,18094,0.16,5.08,5.24
4863757.1,18093,2.614,8.0,10.614
4863837.55,18095,2.703,4.084,6.786
4863861.75,18094,0.084,5.042,5.126
4863887.69,18093,0.085,4.104,4.188
4863900.44,18095,0.095,4.498,4.593
4863903.69,18094,0.078,4.567,4.646
4863953.93,18095,0.23,7.82,8.05
4863955.37,18093,0.051,7.244,7.294
4864034.46,18094,0.097,4.12,4.217
4864087.86,18095,0.084,4.163,4.247
4864147.23,18093,0.105,5.139,5.245
4864161.31,18094,0.078,4.05,4.128
4864205.79,18095,0.092,5.061,5.153
4864254.99,18093,0.077,4.094,4.17
4864328.99,18094,0.098,4.323,4.422
4864535.3,18095,0.202,8.205,8.407
4864542.06,18093,0.109,4.729,4.837
4864543.18,18094,0.068,4.235,4.303
4864669.46,18095,0.289,4.668,4.957
4864682.58,18093,0.117,9.334,9.451
4864699.16,18094,0.096,5.998,6.094
4864755.54,18095,0.111,4.187,4.298
4864828.62,18093,0.104,6.149,6.253
4864834.79,18094,2.949,7.68,10.63
4864837.34,18095,0.066,6.103,6.168
4864843.26,18093,0.077,4.028,4.105
4864866.72,18094,1.1,4.489,5.589
4864868.99,18095,0.056,4.881,4.937
4864873.66,18094,0.077,4.036,4.114
4864887.59,18095,0.045,8.479,8.524
4864887.76,18093,0.076,10.585,10.661
4864939.17,18094,0.079,7.632,7.712
4864942.66,18095,0.085,8.451,8.536
4864943.38,18093,0.043,4.725,4.767
4864979.12,18094,0.103,7.96,8.063
4865014.86,18095,0.084,6.999,7.083
4865015.97,18093,0.869,5.905,6.774
4865032.14,18094,0.078,8.131,8.209
4865034.13,18093,0.073,6.001,6.074
4865038.36,18095,0.044,6.287,6.331
4865051.28,18094,0.069,8.178,8.247
4865064.46,18093,0.103,4.091,4.194
4865068.63,18095,0.08,3.987,4.067
4865079.18,18094,0.073,4.065,4.139
4865081.86,18093,0.055,4.005,4.061
4865121.3,18094,0.078,4.488,4.566
4865130.76,18095,0.067,8.066,8.133
4865137.25,18093,0.053,9.151,9.204
4865139.95,18094,0.062,7.743,7.805
4865150.74,18093,0.053,5.047,5.1
4865151.4,18095,0.072,8.548,8.62
4865167.87,18094,0.079,3.979,4.058
4865225.94,18093,0.079,4.117,4.196
4865252.37,18095,0.151,8.053,8.204
4865260.56,18094,0.416,8.113,8.529
4865288.29,18093,1.958,8.182,10.14
4865297.37,18095,0.077,11.432,11.509
4865300.35,18094,0.053,9.364,9.416
4865334.73,18093,0.08,4.158,4.238
4865342.53,18095,0.071,4.062,4.133
4865358.88,18094,0.093,6.002,6.096
4865373.2,18093,0.071,4.174,4.246
4865387.3,18095,2.277,13.985,16.262
4865392.95,18093,0.054,4.006,4.06
4865395.04,18094,0.076,5.958,6.034
4865409.79,18095,0.101,4.012,4.114
4865424.53,18093,0.089,7.145,7.234
4865446.44,18094,0.153,4.105,4.258
4865461.56,18095,0.094,5.402,5.496
4865499.46,18093,0.115,8.277,8.392
4865521.66,18094,1.112,5.468,6.58
4865554.8,18095,0.138,4.133,4.271
4865566.8,18093,0.103,5.953,6.056
4865621.08,18094,0.183,4.007,4.19
4865657.13,18095,0.078,7.058,7.136
4865672.74,18093,0.084,5.95,6.034
4865681.24,18094,0.087,4.098,4.186
4865711.31,18095,0.079,4.097,4.176
4865714.14,18093,0.127,5.73,5.858
4865720.23,18094,0.067,4.108,4.175
4865724.85,18095,0.079,4.405,4.484
4865736.98,18093,0.072,9.866,9.938
4865740.97,18094,0.056,8.388,8.443
4865747.5,18095,0.084,9.372,9.456
4865750.82,18093,1.758,6.022,7.781
4865755.78,18094,0.06,6.22,6.281
4865811.67,18093,0.17,5.143,5.313
4865837.17,18094,0.059,12.921,12.981
4865837.37,18095,0.092,16.177,16.269
4865838.05,18093,0.049,10.408,10.457
4865871.7,18094,0.084,3.979,4.064
4865889.56,18095,0.094,4.091,4.185
4865899.39,18093,0.069,4.064,4.133
4865957.47,18094,0.116,4.113,4.23
4865968.21,18095,0.071,6.152,6.223
4865970.44,18093,0.059,4.343,4.402
4865990.76,18094,0.089,7.035,7.124
4866063.24,18095,0.091,11.757,11.848
4866067.4,18093,0.089,9.272,9.361
4866073.75,18094,0.066,6.017,6.083
4866079.17,18095,0.07,9.061,9.131
4866095.15,18093,0.063,8.043,8.105
4866113.02,18094,0.069,4.009,4.078
4866130.33,18095,0.088,4.061,4.149
4866159.95,18094,0.077,6.08,6.157
4866160.58,18093,0.091,14.228,14.319
4866193.9,18095,0.076,4.137,4.213
4866217.81,18093,0.104,4.044,4.147
4866238.37,18094,0.095,5.125,5.22
4866251.55,18095,0.076,7.277,7.353
4866260.39,18093,0.065,7.001,7.066
4866313.21,18094,0.096,4.34,4.436
4866323.38,18095,0.281,6.386,6.667
4866332.28,18093,0.06,9.174,9.234
4866337.09,18095,2.984,8.024,11.008
4866349.55,18094,0.059,11.033,11.092
4866349.61,18093,0.558,6.942,7.5
4866386.55,18095,0.09,4.128,4.219
4866402.45,18094,0.095,4.258,4.353
4866430.17,18093,0.783,14.098,14.881
4866431.06,18095,1.995,11.011,13.007
4866435.04,18094,0.948,4.047,4.995
4866461.71,18093,0.111,4.098,4.209
4866474.31,18095,0.079,4.171,4.25
4866476.37,18094,0.089,4.23,4.319
4866511.2,18095,0.179,4.207,4.386
4866511.81,18093,0.067,8.445,8.513
4866516.01,18094,0.077,4.065,4.143
4866555.71,18093,0.78,9.497,10.277
4866559.04,18095,0.33,9.391,9.721
4866573.35,18094,0.306,17.15,17.455
4866573.84,18095,0.089,14.462,14.551
4866576.28,18093,1.183,13.505,14.688
4866584.69,18094,0.102,5.991,6.094
4866614.46,18095,0.097,7.29,7.387
4866653.72,18093,0.091,6.959,7.05
4866657.72,18094,1.519,8.638,10.157
4866662.72,18095,0.086,4.234,4.32
4866694.95,18093,0.087,4.315,4.402
4866703.32,18094,0.075,4.096,4.171
4866706.28,18095,0.093,4.067,4.16
4866710.47,18094,0.377,4.053,4.43
4866719.52,18093,0.074,4.001,4.075
4866734.01,18095,0.074,6.114,6.188
4866736.42,18094,0.068,4.21,4.278
4866754.91,18093,0.066,8.052,8.118
4866789.09,18095,0.102,4.119,4.222
4866801.04,18094,0.168,4.459,4.627
4866819.79,18093,0.92,6.692,7.612
4866832.19,18095,0.063,9.085,9.148
4866839.08,18094,1.274,7.004,8.278
4866856.86,18095,0.063,7.211,7.274
4866899.64,18093,0.129,6.918,7.046
4866908.22,18094,0.072,8.42,8.491
4866968.05,18095,0.216,4.01,4.226
4867000.43,18093,0.161,8.165,8.326
4867185.51,18094,0.168,4.001,4.17
4867234.36,18095,0.172,4.137,4.309
4867322.95,18093,0.201,6.322,6.523
4867432.19,18094,0.134,7.985,8.118
4867454.48,18093,0.064,8.343,8.407
4867458.17,18095,0.154,13.846,14.0
4867479.32,18094,0.126,4.214,4.339
4867495.32,18093,0.127,4.122,4.249
4867537.64,18095,0.109,4.068,4.177
4867672.87,18094,0.178,8.678,8.856
4867725.3,18093,0.153,4.057,4.209
4867733.49,18095,0.108,4.207,4.315
4867752.33,18094,0.105,8.823,8.928
4867758.27,18093,0.058,7.949,8.007
4867766.49,18095,0.07,7.752,7.822
4867779.91,18094,0.067,4.898,4.965
4867809.64,18093,0.099,4.038,4.138
4867880.43,18095,0.101,4.27,4.371
4867897.77,18094,0.148,4.158,4.306
4867904.02,18093,0.088,5.624,5.712
4867929.86,18095,0.07,5.046,5.116
4867938.32,18094,0.081,5.804,5.885
4867958.25,18093,0.082,4.013,4.094
4867975.4,18095,0.145,4.235,4.379
4867987.12,18094,0.218,8.231,8.448
4867993.12,18093,1.026,4.037,5.063
4868002.67,18095,0.094,7.018,7.112
4868011.3,18094,0.065,8.388,8.454
4868024.43,18093,0.086,7.049,7.135
4868033.63,18095,0.082,4.952,5.034
4868051.96,18094,0.081,4.037,4.117
4868061.82,18093,0.173,4.081,4.254
4868077.14,18095,0.09,7.989,8.079
4868135.39,18094,2.326,6.308,8.634
4868192.21,18095,0.127,6.328,6.455
4868192.75,18093,0.144,8.271,8.415
4868245.08,18094,0.109,6.167,6.276
4868278.49,18095,0.201,4.215,4.415
4868291.72,18093,0.079,9.018,9.098
4868309.63,18094,0.082,6.091,6.174
4868362.31,18095,0.149,4.168,4.317
4868377.48,18093,0.068,4.097,4.165
4868417.2,18094,0.075,4.076,4.151
4868424.96,18095,0.073,4.041,4.114
4868434.69,18093,0.065,4.132,4.196
4868445.1,18094,0.102,3.981,4.083
4868450.25,18095,0.087,4.008,4.095
4868468.69,18093,1.564,8.136,9.7
4868475.86,18094,0.554,7.048,7.602
4868503.94,18095,0.086,5.013,5.099
4868526.72,18094,0.117,4.017,4.135
4868527.2,18093,0.09,8.761,8.851
4868540.97,18094,0.511,5.9,6.411
4868541.15,18095,0.125,7.992,8.117
4868561.8,18093,0.08,4.999,5.079
4868600.86,18094,0.098,7.702,7.801
4868602.98,18095,0.067,7.076,7.143
4868607.08,18094,3.004,4.041,7.045
4868616.36,18093,0.074,4.382,4.456
4868628.5,18095,0.057,6.043,6.1
4868643.23,18094,2.213,8.128,10.341
4868660.5,18093,0.139,6.309,6.449
4868682.08,18095,0.154,7.001,7.154
4868689.82,18094,0.077,4.697,4.773
4868691.79,18093,0.071,4.913,4.983
4868698.69,18095,0.098,4.139,4.236
4868726.15,18094,0.079,10.015,10.094
4868730.28,18093,2.02,6.223,8.244
4868745.95,18094,0.066,8.045,8.111
4868753.8,18095,0.125,6.978,7.103
4868764.09,18093,1.809,7.98,9.79
4868779.63,18094,0.063,8.162,8.225
4868801.16,18095,0.107,4.17,4.276
4868806.98,18093,0.092,3.99,4.082
4868814.48,18094,0.078,6.072,6.149
4868816.78,18095,0.055,4.669,4.724
4868819.2,18093,0.05,5.119,5.169
4868825.2,18094,0.08,7.969,8.049
4868861.38,18095,0.097,4.031,4.128
4868867.45,18093,1.541,5.752,7.294
4868877.2,18094,0.085,4.188,4.273
4868897.72,18095,0.078,4.123,4.201
4868903.45,18093,0.07,5.846,5.916
4868931.18,18093,1.503,8.066,9.569
4868932.96,18094,5.587,9.878,15.465
4868934.11,18095,2.49,16.044,18.534
4868939.3,18093,0.273,7.995,8.268
4868957.21,18094,1.338,15.953,17.291
4868961.02,18095,1.996,7.955,9.951
4869012.57,18093,0.18,4.294,4.474
4869021.55,18094,1.841,10.465,12.306
4869065.86,18093,0.11,4.0,4.11
4869080.55,18095,0.202,4.113,4.314
4869124.37,18094,2.25,8.228,10.478
4869162.85,18093,0.984,7.652,8.636
4869204.84,18095,0.15,4.147,4.297
4869222.54,18094,0.099,5.565,5.664
4869293.3,18093,0.217,7.052,7.268
4869326.12,18095,0.11,7.954,8.064
4869387.87,18093,0.087,5.117,5.204
4869388.47,18094,0.24,8.39,8.63
4869400.23,18095,0.071,8.104,8.175
4869461.69,18094,0.124,4.129,4.252
4869462.31,18093,0.314,4.965,5.279
4869498.02,18095,0.119,7.818,7.936
4869548.58,18094,0.168,3.962,4.13
4869576.08,18093,0.12,4.487,4.606
4869676.35,18095,0.137,5.0,5.137
4869729.4,18094,0.173,3.941,4.114
4869939.13,18093,0.17,4.118,4.288
4870049.28,18095,0.928,4.07,4.997
4870072.45,18094,0.092,8.091,8.182
4870111.77,18093,0.118,6.151,6.269
4870162.62,18095,4.473,5.472,9.945
4870204.76,18094,0.207,3.963,4.169
4870302.52,18093,0.136,7.109,7.245
4870429.04,18095,0.123,4.109,4.232
4870466.64,18094,0.129,4.148,4.277
4870486.15,18093,0.133,4.259,4.392
4870535.09,18095,1.82,6.083,7.903
4870539.34,18094,0.088,8.202,8.29
4870612.04,18093,0.241,5.367,5.608
4870629.22,18095,0.136,4.657,4.793
4870637.05,18094,0.099,4.45,4.549
4870773.33,18093,0.186,13.19,13.377
4870773.81,18095,0.08,11.261,11.341
4870850.09,18094,0.146,11.011,11.157
4870852.34,18093,0.068,10.114,10.182
4870870.22,18095,0.089,9.075,9.164
4870894.43,18094,0.083,4.177,4.26
4870911.91,18093,0.092,4.124,4.216
4870922.41,18095,0.128,4.036,4.164
4870971.66,18094,0.123,7.448,7.571
4870973.95,18093,0.067,4.831,4.897
4870980.7,18094,0.08,4.069,4.149
4871028.14,18095,0.078,5.761,5.839
4871043.48,18093,0.075,4.017,4.092
4871052.28,18094,0.074,4.179,4.253
4871067.16,18095,0.119,4.507,4.626
4871083.19,18093,1.595,8.079,9.674
4871088.15,18094,3.148,9.076,12.225
4871093.08,18095,0.065,7.975,8.04
4871107.09,18093,0.072,6.994,7.066
4871112.03,18094,0.053,6.085,6.137
4871127.58,18095,0.066,7.002,7.068
4871132.02,18093,0.062,4.25,4.312
4871173.04,18094,0.085,6.055,6.14
4871218.64,18095,0.088,6.181,6.269
4871220.27,18093,0.055,6.05,6.105
4871220.84,18094,0.056,4.754,4.81
4871232.68,18095,0.103,6.206,6.309
4871257.14,18093,1.041,8.011,9.052
4871284.35,18094,0.124,3.985,4.11
4871293.7,18095,0.07,4.079,4.149
4871299.9,18093,0.068,3.995,4.062
4871310.72,18094,0.092,5.207,5.299
4871326.14,18095,2.185,8.038,10.223
4871336.28,18093,0.065,3.968,4.033
4871342.74,18094,0.052,11.532,11.584
4871343.59,18095,0.046,10.205,10.251
4871355.93,18093,0.092,6.011,6.102
4871367.25,18094,2.424,4.106,6.53
4871390.53,18095,0.114,3.997,4.111
4871398.73,18094,0.047,5.994,6.042
4871400.6,18093,0.1,8.102,8.202
4871437.92,18095,0.093,4.361,4.454
4871541.04,18094,0.147,8.497,8.644
4871541.26,18093,0.095,5.576,5.671
4871550.86,18095,0.093,8.008,8.102
4871551.16,18094,1.812,6.048,7.86
4871561.99,18093,0.08,6.448,6.528
4871580.21,18094,0.099,12.089,12.188
4871582.06,18095,0.055,11.086,11.14
4871619.29,18093,0.14,4.069,4.209
4871669.97,18094,0.124,4.069,4.193
4871681.97,18093,1.481,5.892,7.373
4871683.82,18095,0.09,12.025,12.115
4871690.22,18094,0.054,11.024,11.078
4871695.93,18095,4.414,12.041,16.456
4871698.11,18093,6.444,12.042,18.487
4871698.49,18094,3.254,8.203,11.457
4871721.19,18093,0.052,8.103,8.155
4871721.27,18095,2.357,5.938,8.295
4871728.82,18094,0.063,6.034,6.097
4871767.52,18093,0.149,9.179,9.328
4871768.18,18095,1.545,8.064,9.609
4871770.32,18094,0.059,4.28,4.339
4871788.81,18093,0.211,6.415,6.627
4871807.51,18095,0.195,8.112,8.306
4871822.13,18093,0.066,3.996,4.062
4871825.13,18094,0.104,8.631,8.734
4871826.87,18095,0.08,4.751,4.832
4871828.63,18093,0.059,4.053,4.113
4871841.5,18094,0.062,4.396,4.459
4871846.05,18093,1.877,6.001,7.878
4871853.45,18095,0.081,4.14,4.221
4871857.95,18094,0.088,4.05,4.138
4871874.85,18093,0.064,5.981,6.045
4871879.18,18095,0.066,4.617,4.683
4871886.11,18093,0.879,7.058,7.937
4871907.7,18094,0.067,7.325,7.393
4871913.39,18095,0.123,7.961,8.085
4871928.35,18094,0.115,8.216,8.331
4871928.6,18093,0.052,6.413,6.465
4872002.86,18095,0.105,5.184,5.29
4872025.13,18093,2.071,4.016,6.088
4872025.46,18094,0.736,8.238,8.975
4872059.86,18095,0.099,5.059,5.159
4872073.17,18093,0.076,6.033,6.109
4872083.1,18094,1.161,8.026,9.187
4872084.69,18095,0.08,5.711,5.791
4872088.87,18093,0.062,4.022,4.084
4872104.66,18094,0.07,5.059,5.128
4872134.63,18095,0.086,7.916,8.002
4872169.53,18093,0.096,4.171,4.267
4872174.78,18094,0.086,3.935,4.021
4872206.76,18095,0.155,4.816,4.971
4872217.88,18093,0.196,10.4,10.596
4872218.34,18094,0.065,8.125,8.19
4872232.53,18095,0.065,6.164,6.229
4872247.57,18093,0.056,6.021,6.077
4872262.05,18094,0.072,8.083,8.155
4872280.9,18095,0.179,4.218,4.397
4872334.26,18093,0.088,5.119,5.207
4872385.28,18094,2.065,6.174,8.239
4872388.27,18095,0.072,7.126,7.197
4872395.57,18093,0.122,4.029,4.151
4872403.34,18094,0.072,4.153,4.226
4872441.57,18095,0.17,7.942,8.112
4872460.52,18093,0.078,4.155,4.233
4872472.08,18094,5.339,5.004,10.343
4872493.1,18095,0.876,8.023,8.899
4872519.2,18093,0.091,4.046,4.137
4872538.08,18094,2.075,11.989,14.064
4872538.41,18095,4.128,5.362,9.491
4872548.56,18093,0.079,7.382,7.46
4872552.69,18094,0.074,4.169,4.244
4872572.35,18093,0.075,6.229,6.304
4872580.24,18095,0.054,10.03,10.084
4872584.74,18094,0.056,7.272,7.328
4872614.83,18093,2.043,5.09,7.134
4872622.29,18095,0.058,7.077,7.135
4872674.41,18094,0.088,3.992,4.08
4872701.95,18093,0.143,3.979,4.122
4872710.17,18095,0.079,6.053,6.133
4872710.42,18094,0.087,4.095,4.182
4872717.41,18093,0.073,4.1,4.173
4872749.02,18095,0.071,5.979,6.05
4872766.72,18094,0.073,5.983,6.056
4872795.63,18093,0.101,4.112,4.213
4872796.56,18095,0.077,4.002,4.079
4872807.19,18094,0.094,4.035,4.129
4872811.82,18093,0.115,4.094,4.209
4872819.04,18094,0.078,4.265,4.343
4872821.25,18095,0.123,8.444,8.566
4872828.17,18093,0.069,7.03,7.1
4872846.43,18095,0.139,7.611,7.749
4872849.12,18094,0.101,4.338,4.439
4872875.76,18093,0.136,3.947,4.083
4872970.16,18094,2.254,5.015,7.269
4873007.51,18095,0.101,10.171,10.272
4873052.42,18093,0.153,4.185,4.338
4873134.31,18094,0.095,3.976,4.071
4873148.52,18095,0.086,4.486,4.573
4873158.56,18093,0.085,6.314,6.4
4873261.96,18094,0.115,4.073,4.187
4873307.42,18095,0.192,4.281,4.473
4873337.4,18093,0.179,4.187,4.367
4873363.16,18094,1.909,4.013,5.922
4873377.91,18095,0.089,4.219,4.308
4873399.2,18093,0.089,7.057,7.146
4873455.05,18094,0.716,6.29,7.007
4873521.58,18095,0.09,4.061,4.151
4873540.23,18093,0.097,6.4,6.497
4873649.87,18094,0.17,4.032,4.203
4873714.9,18095,0.138,3.971,4.109
4873729.86,18093,0.158,6.105,6.263
4873774.58,18094,0.098,6.014,6.112
4873783.21,18095,0.068,8.239,8.307
4873878.31,18093,0.558,8.589,9.147
4873881.27,18094,0.131,9.257,9.388
4873972.68,18095,0.163,4.301,4.464
4874045.52,18093,0.15,8.034,8.184
4874073.9,18094,0.166,4.559,4.725
4874097.88,18095,0.091,5.62,5.712
4874105.35,18093,0.094,3.986,4.081
4874120.97,18094,0.089,4.049,4.138
4874128.06,18095,0.072,3.945,4.018
4874199.98,18093,0.126,4.956,5.082
4874201.94,18094,0.095,4.007,4.102
4874219.59,18095,0.096,4.083,4.179
4874226.73,18094,1.59,4.102,5.692
4874259.55,18093,0.107,3.985,4.093
4874269.16,18095,0.683,4.097,4.78
4874293.39,18094,0.163,4.438,4.6
4874309.29,18093,0.087,10.095,10.182
4874319.09,18095,0.06,11.991,12.051
4874321.09,18094,0.059,9.992,10.051
4874336.88,18093,0.065,7.247,7.312
4874363.16,18095,0.081,4.057,4.138
4874386.91,18094,0.075,6.441,6.515
4874391.27,18093,0.091,7.385,7.476
4874394.05,18095,0.952,6.027,6.979
4874406.19,18094,0.088,8.137,8.226
4874407.7,18093,0.065,7.968,8.033
4874409.89,18095,0.053,7.673,7.726
4874416.4,18093,0.05,8.431,8.481
4874416.53,18094,1.069,10.275,11.344
4874424.95,18095,0.13,7.217,7.347
4874449.92,18093,0.129,5.992,6.121
4874452.06,18094,1.92,3.982,5.903
4874494.05,18095,0.13,4.347,4.477
4874513.78,18093,0.096,4.014,4.11
4874538.02,18094,1.539,3.935,5.474
4874547.69,18095,0.084,4.124,4.208
4874571.41,18093,0.075,3.979,4.054
4874579.16,18094,0.058,8.054,8.112
4874651.74,18093,0.085,6.132,6.216
4874653.83,18095,0.054,4.786,4.84
4874672.26,18093,0.072,7.728,7.8
4874673.04,18094,0.056,5.556,5.612
4874727.55,18095,0.088,4.07,4.158
4874735.01,18093,0.062,4.061,4.122
4874758.13,18094,1.068,8.016,9.084
4874774.61,18095,0.077,9.041,9.118
4874776.31,18093,0.071,9.204,9.275
4874787.6,18095,0.059,4.155,4.215
4874789.8,18094,0.075,7.473,7.549
4874806.74,18093,0.065,8.085,8.15
4874809.05,18095,0.068,4.838,4.907
4874827.07,18094,0.784,7.999,8.783
4874834.36,18093,1.214,8.261,9.474
4874840.72,18094,2.053,6.63,8.683
4874841.73,18093,0.056,6.047,6.102
4874863.14,18095,0.103,5.972,6.075
4874891.45,18093,0.132,4.065,4.197
4874903.78,18094,0.118,6.58,6.698
4874908.18,18095,0.374,4.248,4.622
4874920.22,18093,0.142,3.986,4.128
4874935.36,18094,0.25,4.062,4.311
4874947.19,18095,0.123,4.025,4.149
4874969.95,18093,0.151,4.23,4.381
4875009.09,18094,0.139,4.175,4.314
4875013.47,18095,0.138,4.067,4.205
4875035.25,18093,1.49,8.127,9.617
4875035.48,18094,0.078,6.588,6.667
4875063.05,18095,0.088,4.157,4.245
4875079.17,18093,0.124,4.05,4.174
4875092.91,18094,0.154,6.091,6.245
4875095.32,18095,0.092,4.964,5.056
4875153.17,18093,0.146,3.959,4.105
4875270.13,18095,1.967,6.057,8.024
4875272.19,18094,2.414,12.103,14.517
4875274.34,18095,3.225,4.061,7.287
4875276.43,18093,4.326,8.34,12.666
4875289.58,18094,0.074,7.468,7.542
4875310.2,18095,0.084,4.429,4.513
4875314.14,18093,0.072,4.147,4.219
4875322.03,18095,0.068,5.96,6.028
4875357.1,18094,0.078,9.018,9.097
4875361.24,18093,2.017,6.192,8.209
4875374.32,18095,0.076,7.568,7.644
4875376.55,18094,0.073,8.324,8.397
4875388.42,18093,0.089,6.037,6.126
4875391.67,18095,0.11,4.163,4.273
4875464.06,18093,0.167,5.126,5.293
4875472.54,18094,1.751,4.098,5.849
4875479.91,18095,0.064,5.056,5.12
4875497.98,18093,0.093,4.088,4.181
4875499.99,18094,0.065,4.162,4.227
4875553.19,18095,1.708,7.985,9.694
4875598.71,18093,0.091,4.054,4.145
4875605.45,18094,0.109,4.05,4.159
4875609.81,18095,0.115,4.16,4.275
4875618.8,18093,0.141,6.269,6.41
4875634.49,18094,0.083,10.357,10.44
4875638.36,18095,0.065,8.551,8.616
4875655.67,18093,0.081,4.629,4.71
4875666.66,18094,0.056,11.073,11.129
4875678.9,18093,0.066,4.987,5.053
4875706.62,18095,0.096,4.024,4.12
4875728.43,18094,0.182,4.223,4.405
4875740.85,18093,0.089,7.956,8.045
4875750.58,18095,0.054,7.09,7.144
4875790.02,18094,0.082,3.938,4.021
4875803.72,18093,0.094,4.138,4.232
4875816.7,18095,0.08,4.978,5.058
4875827.86,18094,0.062,8.748,8.81
4875843.39,18093,0.068,4.106,4.173
4875865.32,18095,0.062,4.004,4.065
4875891.38,18094,0.105,7.032,7.137
4875901.69,18093,1.576,11.58,13.156
4875902.42,18095,0.053,7.847,7.9
4875911.61,18093,0.054,7.051,7.106
4875911.67,18094,1.471,9.123,10.594
4875945.73,18095,0.071,4.027,4.098
4875986.17,18093,3.671,8.017,11.688
4876070.65,18094,0.128,13.005,13.134
4876080.62,18095,0.133,7.39,7.522
4876103.5,18093,0.097,6.019,6.116
4876129.86,18094,0.108,4.075,4.184
4876201.65,18095,0.141,4.104,4.245
4876209.18,18093,0.071,6.041,6.113
4876234.78,18094,1.08,5.647,6.727
4876270.34,18095,0.141,4.164,4.305
4876339.41,18093,0.421,4.129,4.55
4876344.93,18094,0.101,4.034,4.135
4876383.1,18095,0.083,5.189,5.272
4876415.93,18093,0.086,3.926,4.012
4876479.4,18094,3.25,8.315,11.566
4876479.72,18095,0.057,6.982,7.039
4876514.97,18093,0.098,4.064,4.162
4876520.37,18094,0.315,4.081,4.397
4876526.21,18095,0.056,8.03,8.087
4876526.69,18093,0.058,6.581,6.639
4876544.87,18094,0.148,6.97,7.118
4876570.99,18095,0.089,5.845,5.934
4876577.35,18093,0.087,4.128,4.215
4876579.52,18094,0.069,4.293,4.362
4876590.84,18095,0.067,4.997,5.065
4876636.15,18093,0.069,9.041,9.11
4876638.49,18094,1.772,6.374,8.147
4876659.56,18095,0.055,4.006,4.061
4876678.23,18093,0.084,4.15,4.234
4876715.24,18094,0.081,8.113,8.195
4876743.31,18095,0.08,4.087,4.166
4876751.72,18093,0.086,3.991,4.078
4876765.15,18094,1.298,4.03,5.328
4876821.72,18095,1.662,5.639,7.3
4876822.06,18093,1.231,3.983,5.214
4876831.56,18094,0.088,4.127,4.215
4876884.12,18095,0.084,4.025,4.109
4876895.42,18093,0.152,6.084,6.236
4876899.78,18094,0.069,4.087,4.156
4876950.36,18095,0.082,8.219,8.301
4876951.57,18093,0.065,6.075,6.141
4876956.81,18094,0.05,8.124,8.174
4876961.2,18095,0.072,8.067,8.139
4876987.64,18093,0.097,4.123,4.22
4877006.9,18094,0.278,4.066,4.345
4877028.54,18095,0.134,8.096,8.231
4877045.19,18093,1.036,8.09,9.126
4877057.59,18094,0.079,8.098,8.178
4877057.94,18095,0.053,6.812,6.865
4877086.81,18093,0.133,4.133,4.266
4877101.38,18094,1.654,8.278,9.932
4877101.61,18095,1.006,6.514,7.519
4877110.23,18093,0.087,4.091,4.179
4877158.58,18094,0.139,4.125,4.264
4877176.16,18095,0.131,4.18,4.31
4877196.91,18093,0.075,5.204,5.279
4877203.89,18094,0.077,3.937,4.014
4877217.64,18095,0.115,5.962,6.077
4877241.18,18093,0.082,8.041,8.123
4877256.35,18095,0.09,4.147,4.237
4877257.09,18094,1.198,9.99,11.187
4877266.94,18093,0.08,6.966,7.045
4877268.75,18095,0.065,5.982,6.046
4877289.58,18094,0.166,4.085,4.251
4877313.21,18095,1.924,4.094,6.018
4877323.62,18093,0.078,5.126,5.204
4877362.74,18094,0.091,4.091,4.182
4877386.65,18095,0.088,6.42,6.507
4877401.29,18093,0.089,4.116,4.205
4877432.48,18094,2.042,7.371,9.413
4877470.02,18093,0.121,4.073,4.194
4877471.28,18095,0.162,7.414,7.576
4877498.69,18094,0.731,7.568,8.299
4877522.92,18093,0.071,4.104,4.175
4877538.07,18095,2.025,3.988,6.013
4877545.3,18094,0.123,4.124,4.248
4877570.76,18093,0.138,4.057,4.195
4877586.2,18095,0.133,4.012,4.144
4877594.55,18094,0.074,5.982,6.056
4877601.18,18095,0.053,3.942,3.996
4877601.19,18093,0.068,4.096,4.164
4877688.92,18094,0.097,3.958,4.055
4877709.11,18093,0.095,5.95,6.044
4877749.81,18095,0.092,4.198,4.291
4877762.11,18094,0.111,3.996,4.107
4877773.17,18093,0.082,6.021,6.103
4877790.73,18095,0.069,3.974,4.044
4877801.64,18094,0.094,7.024,7.117
4877836.04,18093,0.116,3.973,4.089
4877861.13,18095,0.078,7.998,8.076
4877891.22,18094,1.922,12.159,14.081
4877893.02,18093,0.061,7.048,7.11
4877907.47,18095,0.095,4.951,5.046
4877914.05,18094,0.112,4.034,4.146
4877938.42,18093,0.089,3.987,4.076
4877951.48,18095,0.068,6.097,6.165
4877962.15,18094,2.088,8.007,10.095
4877970.16,18093,0.053,8.061,8.115
4877985.95,18094,0.092,4.091,4.183
4878017.79,18095,0.106,6.045,6.151
4878027.19,18093,0.09,4.065,4.156
4878099.27,18094,0.159,7.564,7.724
4878124.18,18095,2.248,7.978,10.226
4878144.19,18093,0.139,3.977,4.116
4878158.2,18094,1.294,4.043,5.337
4878175.58,18095,0.086,8.006,8.092
4878175.93,18093,0.056,4.724,4.78
4878193.97,18094,2.214,6.032,8.246
4878201.47,18095,0.064,6.104,6.167
4878233.17,18093,0.07,8.301,8.371
4878233.26,18094,0.051,5.06,5.111
4878254.84,18095,0.073,4.102,4.175
4878263.43,18093,0.063,6.014,6.077
4878265.69,18094,0.05,4.494,4.544
4878283.67,18095,0.078,6.009,6.086
4878315.92,18093,0.073,4.097,4.17
4878322.37,18094,0.079,8.125,8.204
4878325.68,18095,0.067,4.055,4.122
4878336.48,18094,0.081,8.164,8.245
4878339.0,18093,0.06,7.901,7.96
4878345.04,18095,0.043,11.945,11.988
4878347.03,18094,0.047,8.04,8.087
4878367.58,18093,0.077,7.095,7.172
4878375.47,18095,0.07,4.082,4.153
4878385.02,18093,0.046,4.136,4.182
4878387.07,18094,0.071,7.857,7.928
4878394.43,18095,0.065,5.597,5.663
4878414.57,18093,0.083,4.071,4.155
4878461.14,18094,1.025,8.051,9.075
4878467.26,18095,0.065,4.048,4.113
4878479.23,18093,0.071,4.085,4.156
4878491.82,18094,0.078,6.006,6.084
4878502.67,18095,0.072,6.099,6.171
4878515.0,18093,0.068,5.22,5.288
4878542.5,18094,0.07,7.051,7.121
4878544.65,18095,0.064,4.104,4.168
4878559.56,18093,0.089,4.056,4.145
4878599.45,18094,0.101,3.918,4.019
4878615.16,18095,0.067,8.052,8.118
4878640.38,18093,0.09,6.123,6.214
4878667.25,18094,0.105,4.039,4.144
4878677.17,18095,0.846,3.939,4.786
4878701.4,18093,0.083,6.255,6.338
4878749.58,18094,0.139,3.99,4.129
4878760.64,18095,0.081,3.995,4.076
4878805.66,18093,0.076,8.959,9.035
4878807.81,18094,0.338,7.749,8.087
4878829.97,18095,0.104,4.251,4.355
4878835.06,18095,2.264,3.935,6.198
4878835.83,18093,0.86,6.918,7.778
4878843.09,18094,0.057,6.688,6.745
4878846.81,18095,0.054,4.096,4.15
4878868.82,18094,0.073,4.059,4.132
4878875.3,18093,0.05,8.092,8.142
4878919.73,18095,0.084,4.025,4.109
4878931.71,18094,0.074,7.118,7.192
4878944.64,18093,0.094,7.541,7.634
4878955.06,18095,0.058,5.963,6.022
4878967.32,18094,0.067,5.986,6.054
4878979.6,18093,0.103,6.238,6.341
4878981.38,18095,0.054,6.61,6.664
4879005.53,18094,0.082,4.029,4.112
4879016.56,18093,0.1,4.103,4.203
4879044.09,18095,0.073,6.975,7.049
4879054.87,18094,0.069,4.058,4.126
4879062.04,18094,0.054,3.976,4.03
4879065.08,18093,0.095,10.054,10.148
4879066.84,18094,0.047,4.08,4.127
4879067.08,18095,0.057,10.644,10.701
4879166.57,18093,0.197,4.13,4.326
4879168.07,18094,0.086,4.188,4.274
4879177.59,18095,0.095,5.914,6.01
4879196.27,18093,0.081,12.137,12.217
4879202.95,18094,0.071,6.329,6.4
4879210.64,18095,0.067,5.15,5.217
4879215.03,18093,0.057,7.046,7.103
4879246.82,18094,0.092,4.046,4.138
4879275.44,18095,1.011,8.363,9.374
4879284.07,18095,0.058,7.98,8.038
4879286.04,18093,4.104,11.949,16.053
4879288.4,18094,0.05,9.131,9.181
4879297.41,18095,3.147,13.233,16.38
4879309.15,18093,0.069,4.018,4.087
4879317.12,18094,0.054,3.92,3.973
4879331.42,18095,0.121,4.152,4.273
4879334.2,18093,0.058,4.206,4.264
4879338.54,18095,0.086,4.356,4.442
4879361.38,18094,0.085,5.279,5.364
4879398.16,18093,0.072,12.047,12.119
4879410.03,18095,0.061,5.928,5.989
4879420.72,18094,0.058,5.171,5.229
4879445.07,18093,0.094,4.38,4.474
4879454.64,18095,0.064,6.322,6.387
4879498.74,18094,0.111,15.226,15.337
4879503.64,18093,0.102,9.47,9.572
4879524.48,18095,0.118,5.721,5.839
4879525.57,18094,0.073,10.936,11.009
4879536.99,18093,0.131,6.376,6.507
4879539.83,18095,0.084,5.564,5.648
4879546.87,18094,0.085,4.129,4.215
4879562.86,18093,0.078,4.322,4.401
4879585.4,18095,0.078,8.111,8.189
4879594.76,18094,0.066,6.959,7.025
4879612.8,18093,0.08,7.059,7.14
4879622.33,18095,0.077,7.704,7.781
4879623.14,18094,0.05,4.666,4.715
4879676.73,18093,0.192,10.339,10.53
4879677.29,18095,0.064,7.111,7.174
4879706.28,18095,1.221,4.909,6.13
4879710.54,18094,0.134,11.333,11.467
4879711.45,18093,2.047,10.13,12.177
4879728.99,18095,0.102,4.105,4.207
4879768.09,18094,1.771,8.032,9.803
4879772.42,18093,1.318,4.062,5.38
4879805.7,18095,0.069,4.174,4.243
4879829.74,18094,0.174,4.946,5.12
4879838.07,18093,2.214,6.006,8.219
4879839.92,18095,0.065,5.976,6.041
4879844.56,18094,0.114,6.408,6.522
4879850.12,18095,1.471,8.059,9.529
4879900.3,18093,0.088,3.938,4.026
4879928.23,18094,0.098,7.086,7.184
4879972.69,18095,0.124,4.229,4.353
4879998.15,18093,0.254,8.046,8.3
4880018.68,18094,0.102,4.452,4.554
4880029.06,18095,0.083,4.062,4.145
4880040.48,18093,0.075,3.998,4.073
4880077.56,18094,0.08,9.083,9.162
4880083.16,18095,0.061,8.064,8.125
4880125.98,18093,0.159,4.018,4.176
4880128.59,18094,0.157,6.036,6.193
4880130.98,18095,0.083,5.716,5.799
4880135.76,18093,0.09,4.601,4.692
4880170.7,18094,0.111,15.059,15.17
4880172.19,18095,0.819,15.089,15.907
4880172.31,18093,0.065,12.207,12.272
4880186.81,18094,0.077,5.692,5.769
4880215.3,18095,0.083,4.041,4.124
4880223.22,18093,0.09,4.172,4.263
4880287.85,18094,0.081,4.052,4.133
4880292.2,18095,0.07,4.084,4.154
4880307.29,18093,0.114,4.18,4.294
4880312.48,18094,0.089,4.504,4.593
4880362.04,18095,0.099,4.063,4.162
4880364.82,18093,0.055,4.608,4.663
4880369.09,18094,0.102,4.078,4.18
4880380.55,18095,0.079,4.162,4.241
4880395.34,18093,0.078,4.078,4.156
4880439.99,18094,0.08,3.978,4.058
4880453.43,18095,0.077,4.024,4.101
4880484.46,18093,2.029,10.352,12.381
4880508.67,18094,0.097,7.509,7.607
4880538.8,18095,0.123,4.11,4.233
4880541.26,18093,0.091,4.047,4.138
4880567.56,18095,0.133,6.365,6.499
4880631.79,18094,0.162,5.715,5.877
4880636.16,18093,0.085,4.212,4.296
4880649.16,18095,0.119,4.05,4.169
4880660.54,18094,0.065,10.393,10.458
4880657.7,18093,0.083,5.994,6.078
4880670.09,18095,0.059,7.989,8.048
4880688.35,18094,0.119,4.255,4.374
4880714.63,18093,0.087,4.09,4.177
4880721.2,18095,0.067,4.621,4.688
4880753.1,18094,0.603,3.988,4.591
4880811.85,18093,1.732,8.466,10.198
4880821.31,18095,0.066,12.089,12.155
4880823.06,18094,0.053,9.976,10.029
4880841.53,18093,0.088,4.314,4.402
4880877.54,18095,1.369,6.333,7.702
4880877.77,18094,0.052,4.967,5.019
4880890.15,18095,0.073,4.089,4.161
4880894.21,18093,0.758,13.142,13.9
4880897.88,18094,2.023,5.82,7.843
4880903.81,18095,0.06,6.223,6.283
4880920.23,18094,1.792,4.474,6.266
4880957.22,18093,1.61,4.081,5.692
4881028.08,18095,0.116,4.013,4.13
4881032.34,18094,0.103,4.098,4.201
4881039.74,18093,0.098,4.069,4.167
4881090.74,18095,0.098,11.58,11.678
4881092.47,18093,0.06,4.14,4.199
4881096.35,18094,0.334,11.499,11.833
4881101.27,18093,0.089,4.035,4.124
4881101.42,18095,2.921,7.355,10.276
4881159.91,18094,0.24,6.367,6.606
4881162.51,18093,1.569,4.347,5.917
4881199.16,18094,1.315,8.046,9.362
4881218.53,18095,0.179,3.996,4.175
4881220.12,18093,0.071,5.099,5.169
4881228.08,18094,0.072,7.805,7.876
4881228.49,18095,0.065,5.428,5.493
4881231.19,18093,0.056,3.991,4.047
4881240.39,18094,0.049,10.183,10.232
4881245.12,18093,0.077,4.047,4.124
4881252.04,18095,0.056,3.964,4.02
4881314.08,18094,0.173,5.18,5.353
4881357.08,18093,2.021,12.025,14.046
4881357.12,18095,2.627,7.925,10.551
4881369.14,18094,0.067,8.13,8.197
4881447.28,18093,0.175,6.141,6.316
4881489.22,18095,0.096,4.292,4.388
4881512.66,18094,0.081,4.36,4.441
4881530.49,18093,0.868,4.551,5.418
4881542.33,18095,0.08,4.077,4.158
4881555.63,18094,0.08,5.261,5.341
4881643.47,18093,0.08,3.945,4.026
4881754.48,18095,2.081,8.326,10.407
4881765.46,18094,0.117,4.05,4.167
4881796.28,18093,0.184,4.048,4.232
4881835.89,18095,0.135,4.013,4.147
4881955.56,18094,0.117,4.139,4.256
4881977.49,18093,0.117,4.224,4.341
4882071.3,18095,0.121,4.01,4.132
4882082.59,18094,0.102,4.166,4.268
4882109.01,18093,0.091,4.298,4.389
4882183.4,18095,0.091,4.112,4.203
4882211.96,18094,0.159,4.166,4.325
4882288.88,18093,0.161,4.215,4.376
4882365.99,18095,0.152,6.088,6.24
4882391.32,18094,0.128,8.119,8.247
4882410.43,18093,1.491,4.37,5.861
4882436.54,18095,0.144,3.981,4.125
4882463.01,18094,0.097,4.218,4.315
4882508.05,18093,0.124,6.016,6.14
4882534.78,18095,0.099,4.176,4.275
4882544.59,18094,0.132,5.867,5.999
4882557.51,18093,0.077,3.937,4.014
4882644.43,18095,0.106,13.523,13.629
4882646.62,18094,0.061,11.079,11.14
4882678.55,18093,0.088,6.119,6.207
4882708.41,18095,0.14,4.055,4.194
4882752.26,18094,0.083,11.125,11.208
4882912.99,18093,0.161,4.202,4.363
4882959.61,18095,0.308,4.114,4.421
4882983.61,18094,0.091,5.135,5.226
4882996.7,18093,0.095,4.024,4.118
4883015.45,18095,0.079,8.05,8.129
4883058.15,18094,0.123,4.0,4.123
4883078.16,18095,1.538,4.074,5.612
4883080.7,18093,1.546,8.101,9.647
4883126.37,18094,0.083,7.53,7.613
4883246.69,18095,0.267,9.092,9.359
4883398.88,18093,0.16,6.114,6.273
4883402.96,18094,0.419,3.954,4.373
4883422.2,18095,0.133,8.075,8.208
4883433.13,18093,0.059,15.006,15.065
4883433.24,18094,0.068,10.135,10.203
4883495.54,18095,0.308,11.402,11.71
4883499.46,18093,0.078,12.344,12.421
4883503.21,18094,0.052,12.221,12.273
4883510.79,18095,2.638,15.114,17.752
4883516.55,18093,3.539,16.994,20.533
4883516.76,18094,4.246,13.48,17.726
4883540.54,18095,0.067,7.431,7.498
4883569.97,18094,0.131,4.008,4.139
4883629.37,18093,1.266,4.248,5.515
4883638.29,18095,0.089,4.083,4.172
4883710.25,18094,0.082,8.114,8.196
4883738.05,18093,0.084,6.135,6.22
4883753.42,18095,0.087,4.121,4.208
4883774.67,18094,0.075,5.027,5.101
4883791.07,18093,0.13,4.137,4.267
4883798.1,18095,1.859,7.027,8.887
4883807.45,18093,0.09,3.968,4.057
4883827.23,18094,0.072,8.117,8.19
4883863.55,18095,0.08,5.017,5.097
4883878.4,18093,0.082,4.107,4.189
4883942.25,18094,0.115,7.086,7.201
4883955.43,18095,0.087,7.045,7.132
4883994.22,18093,1.036,14.121,15.157
4883995.01,18094,1.651,12.92,14.571
4884002.43,18095,0.07,4.164,4.234
4884016.16,18093,1.061,7.088,8.149
4884028.19,18094,2.224,8.087,10.311
4884075.43,18095,0.084,3.959,4.043
4884098.16,18093,0.07,8.051,8.121
4884124.04,18094,0.157,4.162,4.32
4884127.74,18095,0.102,4.86,4.962
4884128.36,18093,0.075,4.0,4.075
4884133.51,18094,0.087,4.15,4.237
4884172.07,18093,0.068,11.961,12.029
4884172.19,18095,1.635,10.101,11.736
4884199.7,18094,0.119,4.015,4.135
4884213.27,18093,0.126,4.135,4.261
4884220.63,18095,0.159,4.246,4.405
4884273.06,18093,3.344,3.976,7.319
4884276.19,18094,4.162,8.117,12.279
4884293.7,18095,0.111,4.064,4.175
4884301.08,18093,0.108,4.092,4.2
4884311.79,18094,0.129,4.343,4.473
4884312.78,18095,0.267,4.173,4.44
4884330.91,18093,0.086,4.028,4.114
4884344.1,18094,0.061,14.992,15.054
4884420.7,18093,0.064,12.559,12.623
4884420.78,18095,0.084,14.792,14.876
4884429.05,18094,0.071,4.956,5.027
4884448.15,18093,0.085,10.163,10.248
4884474.75,18095,0.099,4.384,4.483
4884479.78,18094,0.066,5.57,5.636
4884520.42,18093,0.078,16.125,16.203
4884520.66,18095,0.059,14.525,14.584
4884530.99,18094,0.068,5.878,5.946
4884545.41,18093,0.065,11.028,11.094
4884545.67,18095,0.071,9.543,9.614
4884575.57,18094,0.089,4.594,4.683
4884598.81,18093,0.064,5.003,5.067
4884618.96,18095,0.059,6.073,6.131
4884650.12,18094,0.088,4.024,4.112
4884654.26,18093,0.071,4.001,4.072
4884685.17,18095,0.102,6.061,6.163
4884702.76,18094,0.107,3.984,4.09
4884708.89,18093,0.066,4.046,4.112
4884731.12,18095,1.755,7.009,8.764
4884775.75,18094,0.076,7.985,8.061
4884782.0,18093,0.143,4.0,4.144
4884817.58,18095,0.145,5.535,5.68
4884819.74,18094,0.069,4.194,4.263
4884827.92,18093,0.094,3.979,4.074
4884841.61,18095,0.057,4.057,4.114
4884861.15,18094,0.065,8.042,8.107
4884877.46,18093,0.079,7.026,7.105
4884916.13,18094,0.065,4.015,4.08
4884918.04,18095,1.55,6.171,7.721
4884959.93,18093,0.087,4.91,4.997
4884981.8,18094,0.095,4.089,4.184
4885009.09,18095,1.576,8.036,9.612
4885021.21,18093,0.077,10.033,10.11
4885053.6,18094,0.121,4.072,4.193
4885084.66,18095,2.442,8.48,10.922
4885107.53,18093,0.075,10.031,10.107
4885121.0,18094,0.076,3.873,3.95
4885134.42,18095,0.079,4.149,4.227
4885155.4,18093,0.11,4.055,4.165
4885159.05,18094,0.078,7.4,7.478
4885227.64,18095,0.135,4.01,4.145
4885244.38,18093,0.121,5.191,5.312
4885252.72,18094,0.183,8.047,8.229
4885282.29,18095,0.075,12.153,12.229
4885306.68,18093,0.128,4.196,4.324
4885320.17,18094,0.083,4.125,4.208
4885359.32,18095,0.143,8.114,8.258
4885364.97,18093,0.088,8.986,9.074
4885369.34,18094,0.059,10.093,10.152
4885380.25,18095,0.076,7.973,8.049
4885458.78,18093,0.09,8.639,8.728
4885461.26,18094,1.046,6.159,7.205
4885490.12,18095,1.659,9.095,10.754
4885530.17,18093,0.134,9.094,9.228
4885573.09,18094,0.176,4.233,4.408
4885577.45,18095,0.125,4.024,4.149
4885619.24,18093,0.124,4.957,5.081
4885635.12,18094,0.078,3.998,4.076
4885642.96,18095,0.121,4.029,4.15
4885705.18,18093,1.133,8.063,9.196
4885705.31,18094,1.14,6.215,7.355
4885717.17,18095,0.061,4.075,4.136
4885793.35,18093,0.087,3.99,4.077
4885837.63,18094,1.599,4.293,5.893
4885876.27,18095,0.12,3.972,4.092
4885926.19,18093,2.383,4.058,6.441
4885942.71,18094,0.087,7.083,7.171
4885974.19,18095,0.098,6.985,7.084
4886017.68,18093,0.12,4.386,4.505
4886083.35,18094,0.123,6.035,6.158
4886193.43,18095,0.097,6.134,6.231
4886223.94,18093,0.109,5.681,5.79
4886279.12,18094,0.812,4.256,5.067
4886340.96,18095,0.08,7.016,7.097
4886404.55,18093,0.135,3.975,4.11
4886497.17,18094,2.051,8.047,10.098
4886514.16,18095,0.112,4.281,4.393
4886538.74,18093,0.099,4.486,4.585
4886591.37,18094,0.116,4.108,4.224
4886616.27,18095,1.531,4.134,5.664
4886656.63,18093,0.09,6.958,7.048
4886724.84,18094,0.085,6.056,6.141
4886732.37,18095,0.082,7.134,7.216
4886788.91,18093,0.087,7.661,7.749
4886938.62,18094,0.134,7.971,8.105
4886991.87,18095,0.127,3.993,4.12
4887138.26,18093,0.105,7.087,7.192
4887139.11,18094,0.067,5.99,6.056
4887268.29,18095,0.127,4.075,4.202
4887334.32,18093,0.122,7.219,7.34
4887338.88,18094,0.313,4.114,4.427
4887346.53,18095,0.093,4.539,4.632
4887356.12,18093,0.071,3.987,4.058
4887364.63,18094,0.078,5.021,5.099
4887487.63,18095,0.163,4.186,4.349
4887595.92,18093,0.14,4.057,4.197
4887600.65,18094,0.115,4.066,4.181
4887674.34,18095,0.121,4.069,4.19
4887767.14,18093,0.125,5.95,6.075
4887976.1,18094,2.238,7.011,9.249
4887979.19,18095,0.066,6.077,6.143
4888053.83,18093,0.167,4.139,4.306
4888107.71,18094,0.156,5.625,5.781
4888223.37,18095,0.129,4.291,4.421
4888309.44,18093,0.2,6.21,6.41
4888321.17,18094,0.086,7.993,8.079
4888346.8,18095,0.086,4.126,4.212
4888350.3,18093,0.082,4.167,4.249
4888358.21,18095,0.075,4.151,4.226
4888403.84,18094,0.088,3.993,4.081
4888413.34,18093,0.201,8.269,8.47
4888495.41,18095,0.159,3.986,4.145
4888503.53,18094,0.089,4.015,4.103
4888536.86,18093,0.096,4.08,4.176
4888597.55,18095,0.099,5.028,5.127
4888608.35,18094,0.081,6.435,6.515
4888610.32,18093,0.056,4.526,4.582
4888629.24,18095,0.066,7.211,7.277
4888654.41,18094,0.084,3.995,4.08
4888671.9,18095,0.048,9.768,9.816
4888672.65,18093,0.061,12.448,12.509
4888673.08,18094,0.059,8.987,9.047
4888701.9,18095,0.066,6.053,6.12
4888734.46,18093,0.073,8.597,8.67
4888738.19,18094,0.056,9.536,9.592
4888738.51,18095,0.044,6.33,6.375
4888782.35,18093,0.092,7.212,7.304
4888789.86,18094,0.062,6.012,6.074
4888802.28,18095,0.069,5.8,5.868
4888835.29,18094,0.071,6.201,6.272
4888837.07,18093,3.156,10.995,14.151
4888840.88,18095,0.082,4.102,4.184
4888849.93,18094,0.061,5.62,5.681
4888856.11,18093,0.447,6.048,6.495
4888859.93,18095,0.05,5.068,5.119
4888865.51,18093,0.933,7.441,8.374
4888903.44,18094,0.086,8.017,8.104
4888903.67,18095,0.05,4.485,4.534
4888925.75,18093,0.093,6.028,6.121
4888926.38,18094,0.062,6.022,6.084
4888959.44,18095,0.092,4.123,4.215
4888997.42,18094,0.096,4.004,4.1
4889025.96,18093,0.087,4.028,4.116
4889051.99,18095,0.084,6.025,6.109
4889059.77,18094,0.074,3.985,4.059
4889075.55,18093,0.117,3.96,4.077
4889105.79,18095,0.091,4.243,4.333
4889125.39,18094,0.081,4.021,4.102
4889149.61,18093,0.091,4.405,4.496
4889161.18,18095,1.47,4.068,5.538
4889168.69,18094,0.056,4.242,4.298
4889198.19,18093,0.076,4.111,4.187
4889205.81,18095,0.066,4.026,4.092
4889220.45,18094,0.054,3.947,4.0
4889229.18,18093,0.129,4.14,4.269
4889234.15,18095,1.021,6.077,7.098
4889260.11,18093,3.65,4.043,7.693
4889275.81,18094,0.069,4.987,5.057
4889286.56,18095,0.065,4.085,4.15
4889299.47,18093,0.091,4.059,4.15
4889303.39,18094,0.063,5.182,5.244
4889314.78,18095,0.068,6.152,6.22
4889328.78,18093,0.065,4.062,4.127
4889349.64,18094,0.072,4.19,4.262
4889376.62,18095,0.074,4.358,4.432
4889399.34,18093,0.113,7.121,7.234
4889406.79,18094,0.071,4.142,4.213
4889420.6,18095,0.074,6.071,6.145
4889422.78,18093,0.047,5.702,5.75
4889438.76,18094,0.05,5.674,5.724
4889441.39,18095,0.051,4.826,4.876
4889453.2,18093,0.062,4.0,4.062
4889486.74,18094,0.364,4.143,4.507
4889513.36,18095,0.201,3.95,4.151
4889522.19,18093,0.095,4.04,4.134
4889553.13,18094,0.087,9.985,10.072
4889555.38,18095,0.869,10.288,11.157
4889560.32,18093,0.062,6.841,6.903
4889562.18,18094,0.061,5.447,5.508
4889571.39,18095,0.058,4.072,4.13
4889602.42,18093,0.207,4.0,4.207
4889638.12,18094,2.919,12.052,14.971
4889638.48,18095,0.057,9.176,9.233
4889653.1,18093,1.143,13.029,14.172
4889654.22,18094,0.425,12.148,12.573
4889657.47,18095,0.058,5.602,5.66
4889703.44,18093,0.099,8.122,8.222
4889705.63,18094,0.086,7.079,7.165
4889708.82,18095,0.057,6.202,6.259
4889713.83,18093,0.063,6.03,6.092
4889723.49,18094,0.055,8.986,9.041
4889727.68,18095,0.05,8.595,8.645
4889732.69,18093,1.191,7.64,8.831
4889738.14,18094,0.051,7.728,7.779
4889791.36,18095,0.089,3.99,4.078
4889810.37,18093,0.071,5.565,5.636
4889901.48,18094,0.099,6.056,6.155
4890039.36,18095,0.631,7.587,8.217
4890087.54,18093,0.139,4.015,4.154
4890147.24,18094,2.217,4.074,6.292
4890222.69,18095,0.099,3.899,3.998
4890239.68,18093,0.1,8.518,8.618
4890247.45,18094,0.079,6.033,6.112
4890296.56,18095,0.085,4.112,4.197
4890355.46,18093,0.137,5.938,6.075
4890486.0,18094,0.121,4.576,4.697
4890584.32,18095,0.179,8.06,8.239
4890720.32,18093,0.293,3.994,4.287
4890741.26,18094,0.798,4.098,4.896
4890797.42,18095,0.113,3.988,4.101
4890909.16,18093,0.183,4.207,4.389
4890950.02,18094,2.0,3.95,5.951
4890973.19,18095,0.078,5.066,5.144
4890974.06,18093,0.076,4.054,4.129
4890998.36,18094,0.093,6.102,6.195
4891082.85,18095,0.102,5.08,5.182
4891238.59,18093,0.166,4.255,4.421
4891308.79,18094,0.137,4.118,4.255
4891464.27,18095,1.572,6.11,7.682
4891518.45,18093,0.149,6.017,6.166
4891539.57,18094,0.114,4.175,4.288
4891614.11,18095,0.206,4.804,5.01
4891649.09,18093,0.161,4.077,4.238
4891680.21,18094,0.709,7.07,7.779
4891754.89,18095,0.091,6.04,6.132
4891790.23,18093,0.091,4.016,4.107
4891891.96,18094,0.274,10.691,10.965
4891908.15,18095,0.144,7.072,7.216
4891924.21,18093,0.711,7.917,8.628
4892063.65,18094,0.12,10.183,10.303
4892066.4,18095,0.081,7.604,7.684
4892113.15,18093,0.117,4.148,4.266
4892176.83,18094,0.119,4.04,4.16
4892247.83,18095,0.105,4.084,4.19
4892329.02,18093,0.091,3.905,3.996
4892367.21,18094,0.097,6.544,6.641
4892378.1,18095,1.38,7.997,9.377
4892566.46,18093,0.133,5.968,6.101
4892591.4,18094,0.127,7.423,7.55
4892625.76,18095,2.53,4.712,7.242
4892640.15,18093,0.163,3.952,4.116
4892651.52,18094,0.112,7.908,8.02
4892659.24,18095,0.129,3.976,4.105
4892687.2,18093,0.093,3.994,4.087
4892701.93,18094,0.102,4.424,4.526
4892708.86,18095,0.113,5.078,5.192
4892799.63,18093,2.571,4.229,6.8
4892885.85,18094,0.113,8.143,8.256
4892896.66,18095,0.086,7.896,7.982
4892972.05,18093,0.104,5.968,6.071
4892994.38,18094,0.105,4.058,4.163
4893038.67,18095,1.173,4.067,5.24
4893053.18,18093,0.069,8.072,8.14
4893069.2,18094,0.134,4.019,4.153
4893078.51,18095,0.067,4.122,4.189
4893155.45,18093,0.098,4.005,4.102
4893160.16,18094,2.27,6.077,8.347
4893195.25,18093,0.087,4.122,4.208
4893204.28,18095,0.067,4.095,4.161
4893213.61,18094,0.069,5.03,5.099
4893238.15,18093,0.134,4.08,4.213
4893251.48,18095,0.064,4.165,4.229
4893262.67,18094,0.073,3.984,4.058
4893331.95,18093,1.15,3.959,5.109
4893356.69,18095,0.154,4.194,4.348
4893381.09,18094,0.08,8.117,8.197
4893398.62,18093,0.069,4.119,4.188
4893403.73,18095,0.092,4.257,4.349
4893418.3,18094,0.086,3.969,4.055
4893420.3,18093,0.064,5.804,5.868
4893423.14,18094,0.043,4.071,4.114
4893426.98,18095,0.048,9.476,9.524
4893442.62,18093,0.066,8.107,8.174
4893455.74,18094,0.062,7.097,7.159
4893473.24,18095,0.086,12.097,12.184
4893479.12,18093,0.075,7.979,8.054
4893481.18,18094,0.056,4.089,4.145
4893486.62,18095,0.052,3.949,4.001
4893500.14,18093,0.087,4.189,4.276
4893502.43,18094,0.077,4.208,4.285
4893532.17,18095,0.099,5.206,5.306
4893560.18,18093,0.081,8.004,8.085
4893568.73,18094,0.083,4.058,4.141
4893574.26,18095,0.06,5.565,5.625
4893583.83,18094,0.069,5.996,6.065
4893596.49,18093,0.059,5.974,6.032
4893609.65,18095,0.087,4.195,4.282
4893617.85,18094,0.095,4.527,4.622
4893631.28,18093,0.078,4.018,4.096
4893642.86,18095,0.09,4.028,4.118
4893683.15,18094,0.551,11.006,11.557
4893685.23,18093,0.083,4.398,4.481
4893692.22,18095,0.093,3.954,4.047
4893702.13,18094,0.059,7.029,7.088
4893703.88,18093,0.089,5.117,5.206
4893732.35,18095,0.132,4.041,4.173
4893743.29,18094,0.08,7.758,7.838
4893743.37,18093,0.052,4.984,5.036
4893757.62,18095,0.058,6.208,6.266
4893782.07,18094,0.067,6.376,6.443
4893795.13,18093,2.143,8.052,10.196
4893811.12,18095,0.074,3.999,4.073
4893819.24,18094,0.07,4.076,4.146
4893834.91,18093,0.125,3.959,4.084
4893854.47,18095,0.058,6.02,6.078
4893875.81,18094,2.021,13.739,15.76
4893877.88,18093,1.828,7.815,9.643
4893889.24,18095,0.059,6.142,6.201
4893910.31,18094,1.219,5.474,6.693
4893981.7,18093,0.076,5.995,6.071
4894005.73,18095,0.11,6.204,6.313
4894017.46,18094,0.101,8.624,8.726
4894042.62,18093,0.433,5.114,5.547
4894054.8,18095,0.074,8.239,8.313
4894057.35,18094,0.087,4.116,4.203
4894087.61,18093,0.105,4.201,4.306
4894144.53,18095,0.15,7.987,8.138
4894166.64,18094,0.172,6.406,6.578
4894173.57,18093,0.128,6.116,6.244
4894187.39,18095,0.091,5.99,6.081
4894189.68,18094,0.067,6.098,6.164
4894220.12,18093,0.071,4.002,4.073
4894230.63,18095,0.074,4.058,4.132
4894283.05,18094,0.091,4.203,4.295
4894324.21,18093,0.068,5.94,6.008
4894336.08,18095,0.068,5.962,6.03
4894341.4,18094,0.059,7.024,7.082
4894354.1,18095,0.068,3.99,4.058
4894394.58,18093,0.07,6.115,6.185
4894405.82,18095,0.077,6.055,6.132
4894406.09,18094,0.077,8.26,8.337
4894411.08,18093,0.108,4.096,4.204
4894417.09,18094,0.073,4.209,4.282
4894445.36,18095,0.068,7.705,7.774
4894447.61,18093,0.045,8.12,8.165
4894453.8,18094,0.06,6.043,6.102
4894455.94,18095,0.076,5.829,5.905
4894482.12,18093,0.101,8.192,8.292
4894536.58,18094,0.101,4.688,4.789
4894549.61,18095,0.097,4.257,4.354
4894560.1,18093,0.081,4.294,4.375
4894682.83,18094,0.17,4.802,4.972
4894689.51,18095,0.079,8.076,8.154
4894701.66,18093,1.298,8.55,9.848
4894745.64,18095,0.081,4.217,4.298
4894747.1,18094,0.152,9.955,10.107
4894750.84,18095,1.039,5.1,6.138
4894751.35,18093,0.048,8.148,8.196
4894759.74,18094,0.317,8.266,8.583
4894775.1,18095,0.063,7.995,8.057
4894793.58,18093,0.064,9.056,9.12
4894816.68,18094,0.13,4.005,4.135
4894849.08,18095,0.106,8.011,8.117
4894884.26,18093,0.081,6.001,6.082
4894890.22,18094,0.102,4.067,4.169
4894911.12,18095,0.144,4.279,4.423
4894916.32,18093,0.113,5.064,5.177
4894945.1,18095,0.105,5.027,5.132
4894960.52,18094,0.063,5.127,5.19
4894963.47,18093,0.085,4.18,4.265
4894965.75,18095,0.053,4.12,4.174
4894984.09,18094,0.072,4.013,4.085
4895021.48,18095,0.107,4.141,4.248
4895022.43,18093,0.088,5.869,5.957
4895035.78,18094,0.079,6.503,6.581
4895036.05,18095,0.067,7.184,7.251
4895040.12,18093,0.142,4.197,4.339
4895054.41,18094,5.054,4.317,9.371
4895060.99,18095,0.107,5.075,5.181
4895072.22,18093,0.062,8.118,8.18
4895087.21,18094,0.074,8.094,8.168
4895097.11,18095,0.119,4.045,4.164
4895100.3,18093,0.058,4.977,5.035
4895103.95,18094,0.056,5.666,5.722
4895108.6,18095,0.071,7.052,7.123
4895110.29,18093,1.121,4.191,5.313
4895148.27,18094,0.074,7.159,7.233
4895160.37,18095,0.088,6.375,6.463
4895167.16,18093,0.074,9.198,9.272
4895170.7,18094,0.068,7.58,7.648
4895186.56,18095,0.088,4.02,4.108
4895190.21,18093,0.064,4.105,4.168
4895195.04,18094,0.056,6.093,6.149
4895218.14,18093,2.18,5.079,7.259
4895255.55,18095,0.084,4.087,4.171
4895281.8,18094,0.088,4.119,4.207
4895290.93,18095,0.081,4.095,4.176
4895294.5,18093,0.069,8.024,8.093
4895320.22,18094,0.069,8.114,8.183
4895341.33,18095,0.089,4.066,4.155
4895380.08,18093,0.097,4.05,4.147
4895395.11,18094,0.064,8.003,8.067
4895442.21,18095,0.127,4.132,4.259
4895525.61,18093,0.123,7.094,7.217
4895559.16,18094,0.116,5.874,5.99
4895664.06,18095,0.181,4.06,4.241
4895734.32,18093,0.125,5.225,5.351
4895820.79,18094,0.231,4.069,4.3
4895885.15,18095,0.138,6.009,6.147
4895887.31,18093,0.753,4.237,4.99
4895967.36,18094,0.157,4.133,4.29
4895982.76,18093,0.107,8.023,8.131
4895983.97,18095,0.104,10.821,10.925
4896025.18,18094,0.091,4.069,4.159
4896072.33,18095,1.27,6.207,7.477
4896168.2,18093,0.148,3.972,4.12
4896231.09,18094,0.19,5.933,6.123
4896335.24,18095,2.041,8.096,10.137
4896347.71,18093,0.124,6.506,6.629
4896360.41,18094,1.037,8.307,9.344
4896376.19,18095,0.144,8.946,9.09
4896412.36,18093,0.169,13.997,14.165
4896431.21,18094,1.037,12.088,13.125
4896451.73,18095,0.158,10.627,10.785
4896454.9,18093,0.113,5.143,5.256
4896463.57,18095,0.09,7.099,7.189
4896491.25,18094,0.099,6.996,7.095
4896496.49,18093,0.057,7.278,7.335
4896499.15,18095,0.109,4.003,4.111
4896506.22,18094,0.071,4.058,4.129
4896527.67,18093,0.07,6.118,6.188
4896534.09,18095,0.06,9.463,9.523
4896535.96,18094,0.072,5.838,5.91
4896573.51,18095,0.124,4.024,4.148
4896574.29,18093,0.119,9.366,9.486
4896580.61,18094,0.056,8.468,8.523
4896581.77,18095,0.065,4.059,4.124
4896589.46,18093,0.08,6.08,6.16
4896627.28,18094,0.086,4.081,4.167
4896631.5,18095,0.06,6.294,6.354
4896639.7,18093,0.068,4.14,4.208
4896657.99,18094,0.061,7.024,7.085
4896685.96,18095,0.145,4.153,4.297
4896697.05,18093,0.173,4.389,4.562
4896735.35,18094,0.078,7.599,7.677
4896758.51,18095,1.498,3.971,5.469
4896768.84,18094,0.055,10.249,10.304
4896768.95,18093,0.055,11.558,11.613
4896818.44,18095,0.161,4.055,4.216
4896836.82,18093,0.121,3.951,4.072
4896837.57,18094,0.105,6.231,6.336
4896858.07,18095,1.229,7.978,9.207
4896892.71,18093,0.08,4.564,4.645
4896911.31,18094,0.105,8.144,8.249
4896911.54,18095,0.062,4.549,4.611
4896943.12,18093,0.072,8.101,8.173
4896950.26,18094,0.085,4.095,4.18
4897004.39,18095,0.146,10.532,10.678
4897012.37,18094,0.053,5.631,5.684
4897012.6,18093,0.075,7.821,7.897
4897025.29,18095,1.304,8.219,9.522
4897070.9,18094,0.086,7.71,7.795
4897073.62,18093,0.081,7.036,7.118
4897078.53,18095,0.065,5.409,5.474
4897132.94,18093,2.344,6.868,9.212
4897133.09,18094,3.158,9.014,12.172
4897149.62,18095,0.089,4.311,4.4
4897187.15,18093,2.38,4.016,6.396
4897225.5,18094,0.101,4.255,4.355
4897237.4,18095,0.082,7.935,8.017
4897252.53,18093,0.072,6.031,6.103
4897261.15,18094,0.1,6.45,6.55
4897267.55,18095,0.073,6.048,6.121
4897305.11,18093,0.083,8.098,8.182
4897305.52,18094,0.057,6.305,6.362
4897351.48,18095,0.068,4.042,4.111
4897374.22,18094,0.063,12.44,12.503
4897374.53,18095,0.059,6.424,6.484
4897374.7,18093,0.068,10.786,10.854
4897398.86,18094,0.07,7.914,7.984
4897399.64,18095,0.08,5.056,5.136
4897405.66,18093,0.099,5.091,5.19
4897443.92,18095,0.083,6.039,6.123
4897446.15,18094,0.056,4.055,4.111
4897460.24,18094,0.046,4.158,4.204
4897460.79,18095,0.059,9.92,9.98
4897461.14,18093,0.057,7.343,7.4
4897465.22,18094,0.355,4.014,4.369
4897479.92,18095,0.081,4.083,4.164
4897490.31,18093,0.066,12.098,12.164
4897490.53,18094,0.061,10.333,10.394
4897503.03,18095,0.055,6.326,6.381
4897510.26,18093,0.082,12.13,12.212
4897512.13,18094,2.829,10.078,12.908
4897515.47,18095,0.06,5.374,5.434
4897538.95,18094,0.062,6.216,6.278
4897543.2,18093,2.696,8.144,10.84
4897576.65,18095,0.083,8.737,8.82
4897668.16,18094,0.163,5.282,5.444
4897695.75,18093,0.109,4.081,4.19
4897714.54,18095,0.106,4.095,4.202
4897744.75,18094,0.095,4.085,4.181
4897765.73,18093,0.088,8.191,8.279
4897779.18,18095,0.128,4.574,4.702
4897832.76,18094,0.156,4.265,4.421
4897848.89,18093,2.144,5.935,8.079
4897857.84,18095,0.119,4.087,4.206
4897871.28,18094,2.281,8.104,10.384
4897885.15,18093,0.063,8.048,8.111
4897918.49,18095,0.094,6.905,6.998
4897941.51,18094,0.172,4.028,4.201
4897972.13,18093,0.081,4.006,4.087
4898034.78,18095,0.09,6.024,6.114
4898053.77,18094,0.084,9.416,9.5
4898078.6,18093,0.087,8.029,8.116
4898084.05,18095,0.066,4.482,4.548
4898102.53,18094,0.091,5.359,5.449
4898172.51,18093,0.109,4.097,4.206
4898190.74,18095,0.093,5.405,5.498
4898196.15,18094,0.078,4.012,4.09
4898231.53,18093,0.091,6.145,6.236
4898237.44,18095,0.816,4.323,5.139
4898266.49,18094,0.123,6.312,6.435
4898373.09,18093,0.111,7.12,7.231
4898374.23,18095,0.094,4.205,4.298
4898379.87,18094,0.078,4.044,4.122
4898383.26,18093,0.06,5.052,5.112
4898395.37,18095,0.071,6.241,6.312
4898460.28,18094,0.109,7.066,7.175
4898475.78,18093,0.097,4.375,4.472
4898505.76,18095,0.074,7.259,7.333
4898519.62,18094,0.071,4.884,4.955
4898595.54,18093,0.085,4.007,4.093
4898596.49,18095,0.071,4.146,4.218
4898607.22,18094,0.072,4.288,4.359
4898630.13,18093,0.081,6.454,6.535
4898648.44,18095,0.066,11.34,11.406
4898649.9,18093,0.088,6.011,6.098
4898650.17,18094,0.05,10.959,11.009
4898654.08,18095,0.05,5.257,5.307
4898667.11,18093,0.129,3.996,4.126
4898670.21,18094,0.047,4.128,4.175
4898685.2,18093,0.087,6.04,6.128
4898766.09,18095,0.156,10.227,10.383
4898780.62,18094,0.086,7.838,7.924
4898804.12,18093,0.08,6.991,7.071
4898811.18,18095,1.078,8.11,9.188
4898833.29,18094,0.08,4.058,4.137
4898861.44,18093,0.102,7.146,7.248
4898864.22,18095,0.08,6.123,6.203
4898899.34,18094,0.172,4.099,4.271
4898910.12,18093,0.113,3.999,4.112
4898931.67,18095,0.084,4.031,4.116
4899066.93,18094,0.177,4.167,4.344
4899080.53,18093,0.087,10.385,10.472
4899145.19,18095,0.132,4.133,4.265
4899215.1,18094,0.13,4.051,4.181
4899242.85,18093,0.111,4.952,5.063
4899269.32,18095,0.094,3.98,4.074
4899429.15,18094,0.102,7.282,7.383
4899522.22,18093,0.197,4.042,4.239
4899593.75,18095,0.191,4.001,4.192
4899627.77,18094,0.095,7.616,7.712
4899706.12,18093,1.825,8.023,9.849
4899822.09,18095,0.149,4.069,4.219
4899895.06,18094,0.168,4.307,4.475
4899930.18,18093,1.093,10.991,12.084
4899934.52,18095,1.832,6.431,8.263
4899955.46,18094,0.137,8.215,8.352
4899957.06,18093,0.061,3.953,4.015
4899978.77,18095,0.302,4.199,4.502
4899990.15,18094,0.08,3.91,3.99
4900002.06,18093,0.335,8.974,9.309
4900010.69,18095,0.072,3.965,4.038
4900066.01,18094,1.177,5.303,6.48
4900105.14,18093,0.095,3.992,4.086
4900119.02,18095,0.079,7.35,7.429
4900162.08,18094,0.09,3.935,4.025
4900196.21,18093,0.523,9.122,9.645
4900205.6,18095,0.087,3.992,4.079
4900253.95,18094,0.102,4.025,4.127
4900270.38,18093,0.076,7.986,8.061
4900281.72,18095,0.137,4.049,4.186
4900287.53,18094,0.074,4.307,4.382
4900311.16,18093,0.087,8.019,8.106
4900359.94,18095,0.149,4.495,4.644
4900421.36,18094,0.092,4.077,4.169
4900504.41,18093,0.094,8.176,8.27
4900675.19,18095,0.11,6.019,6.128
4900789.45,18094,0.115,4.083,4.197
4900802.29,18093,1.592,7.189,8.781
4900809.37,18095,0.071,6.152,6.223
4900813.09,18094,0.063,4.103,4.167
4900992.8,18093,0.162,5.128,5.29
4901031.12,18095,1.233,4.049,5.282
4901054.26,18094,0.158,9.345,9.503
4901066.46,18093,0.089,4.32,4.409
4901164.37,18095,0.11,4.189,4.299
4901216.03,18094,0.159,5.059,5.218
4901344.31,18093,0.161,9.116,9.277
4901440.27,18095,0.151,8.04,8.192
4901460.04,18094,0.1,4.062,4.162
4901472.95,18095,0.069,4.113,4.182
4901475.69,18093,0.081,8.156,8.237
4901605.04,18094,0.155,3.981,4.137
4901624.82,18095,0.1,4.116,4.216
4901651.42,18093,0.109,12.002,12.11
4901667.19,18094,0.079,9.061,9.14
4901751.47,18095,0.1,4.203,4.303
4901755.27,18093,0.075,3.944,4.019
4901773.64,18094,0.083,5.751,5.834
4901857.38,18095,0.092,4.089,4.182
4901892.13,18093,0.958,8.022,8.98
4901948.44,18094,0.115,6.256,6.37
4901985.39,18095,0.144,4.253,4.398
4902061.33,18093,0.176,4.284,4.459
4902093.14,18094,0.11,3.999,4.109
4902109.36,18095,0.076,8.215,8.292
4902140.74,18093,0.177,4.073,4.251
4902152.16,18094,2.07,4.029,6.099
4902244.2,18095,0.144,3.986,4.13
4902291.08,18093,0.157,4.103,4.26
4902301.06,18094,0.098,6.052,6.151
4902314.17,18095,0.119,9.079,9.198
4902356.4,18093,0.1,7.311,7.411
4902363.83,18094,0.102,4.153,4.255
4902412.6,18095,1.9,7.647,9.546
4902450.9,18093,0.103,4.058,4.161
4902525.75,18094,0.125,5.863,5.988
4902566.49,18095,0.112,7.734,7.846
4902588.59,18093,0.095,7.138,7.233
4902653.28,18094,0.151,4.128,4.279
4902896.31,18095,0.199,4.102,4.301
4902918.28,18093,0.115,7.129,7.244
4903019.73,18094,0.183,6.207,6.391
4903065.93,18095,0.187,5.096,5.283
4903105.34,18093,0.118,6.997,7.115
4903120.22,18094,0.105,4.213,4.318
4903192.45,18095,0.095,8.091,8.186
4903261.2,18093,0.101,4.031,4.132
4903300.04,18094,0.092,5.006,5.098
4903305.2,18095,0.071,8.099,8.169
4903364.82,18093,0.115,4.343,4.459
4903427.82,18094,0.095,3.872,3.967
4903454.35,18095,0.087,4.206,4.293
4903474.98,18093,0.074,4.061,4.135
4903559.76,18094,0.104,7.045,7.149
4903818.43,18095,0.131,7.111,7.242
4903868.33,18093,0.105,4.075,4.18
4903885.2,18094,0.207,4.073,4.28
4903902.12,18095,0.079,8.991,9.07
4904149.4,18093,0.185,4.082,4.267
4904244.2,18094,1.195,4.026,5.222
4904366.13,18095,0.149,10.9,11.049
4904370.48,18093,0.08,8.194,8.274
4904376.96,18094,0.125,4.036,4.161
4904489.71,18095,0.264,6.142,6.406
4904518.15,18093,1.935,5.976,7.911
4904608.55,18094,0.109,4.012,4.121
4904628.07,18095,0.09,3.98,4.071
4904664.01,18093,0.089,5.672,5.761
4904716.24,18094,0.091,7.148,7.239
4904784.53,18095,0.094,7.37,7.464
4904799.0,18093,2.02,5.934,7.954
4904812.71,18094,1.552,6.636,8.189
4904815.48,18095,0.055,5.034,5.089
4904855.17,18093,0.092,4.025,4.117
4904919.59,18094,0.089,9.835,9.924
4904983.08,18095,0.128,4.741,4.869
4905027.24,18093,0.102,6.966,7.068
4905078.29,18094,0.098,8.671,8.769
4905086.55,18095,0.094,4.097,4.191
4905088.75,18093,0.064,4.641,4.706
4905107.96,18094,0.079,9.348,9.427
4905142.33,18095,2.49,14.116,16.606
4905145.31,18093,0.115,6.908,7.022
4905254.19,18094,0.138,5.53,5.668
4905264.38,18095,0.126,4.039,4.165
4905467.41,18093,0.169,8.148,8.317
4905588.5,18094,0.158,7.088,7.247
4905618.51,18095,0.122,4.04,4.162
4905672.54,18093,0.105,4.825,4.93
4905680.82,18094,0.162,7.135,7.297
4905688.72,18095,0.107,4.131,4.238
4905710.23,18093,0.151,4.283,4.434
4905715.8,18094,0.089,4.081,4.17
4905720.88,18095,0.069,4.04,4.109
4905730.02,18093,0.066,5.047,5.113
4905848.78,18094,0.095,4.199,4.294
4905913.42,18095,0.122,7.001,7.123
4905950.11,18093,0.132,3.989,4.122
4906033.33,18094,0.712,4.068,4.78
4906178.38,18095,0.223,4.064,4.287
4906184.76,18093,0.12,4.954,5.075
4906191.93,18094,0.111,4.125,4.236
4906218.18,18095,0.141,4.17,4.312
4906244.94,18093,0.085,12.009,12.094
4906248.43,18094,0.059,9.321,9.38
4906274.04,18093,2.773,6.955,9.727
4906274.24,18095,3.312,8.164,11.477
4906280.08,18094,0.049,6.039,6.088
4906289.63,18093,0.083,5.02,5.103
4906308.01,18095,0.081,4.028,4.109
4906326.07,18094,0.273,8.993,9.266
4906344.92,18093,0.081,6.052,6.133
4906377.42,18095,0.166,4.052,4.218
4906399.6,18094,0.082,6.993,7.075
4906419.28,18093,0.071,8.166,8.237
4906423.22,18095,0.101,8.059,8.16
4906442.33,18094,1.058,8.019,9.077
4906462.77,18093,0.1,4.027,4.128
4906481.43,18095,0.133,4.164,4.298
4906493.46,18094,0.075,4.013,4.088
4906520.22,18093,0.103,6.058,6.161
4906536.49,18095,0.071,6.077,6.148
4906548.25,18093,0.069,6.136,6.206
4906548.53,18094,0.981,8.379,9.36
4906558.47,18095,0.072,4.016,4.088
4906580.47,18093,0.054,6.139,6.193
4906605.45,18094,0.078,3.996,4.074
4906628.8,18095,0.143,8.515,8.658
4906629.06,18093,0.063,6.097,6.16
4906636.42,18094,0.1,4.053,4.153
4906678.73,18095,0.091,3.927,4.019
4906737.34,18093,0.093,7.092,7.184
4906744.1,18094,0.069,3.993,4.062
4906752.04,18095,0.064,3.934,3.998
4906759.91,18093,0.119,5.723,5.842
4906791.41,18095,0.083,4.088,4.171
4906792.44,18094,0.104,6.153,6.257
4906803.43,18093,0.09,9.62,9.71
4906820.43,18094,0.068,4.181,4.25
4906821.24,18095,1.435,6.048,7.483
4906832.95,18093,0.126,4.125,4.25
4906837.2,18094,0.07,4.092,4.163
4906849.6,18095,0.057,8.989,9.046
4906851.2,18093,0.045,8.118,8.164
4906921.58,18094,0.092,4.026,4.118
4906947.08,18095,1.099,7.923,9.022
4906984.67,18093,0.151,3.995,4.146
4907047.49,18094,2.645,4.044,6.689
4907069.19,18095,2.595,4.077,6.672
4907090.35,18093,0.257,4.162,4.419
4907124.26,18094,0.172,4.112,4.284
4907151.17,18095,0.079,4.047,4.126
4907155.48,18093,0.097,4.082,4.179
4907180.23,18094,0.091,6.084,6.175
4907207.62,18095,0.093,4.143,4.236
4907232.31,18093,1.033,8.19,9.223
4907250.63,18094,0.16,8.066,8.225
4907272.97,18095,0.827,4.059,4.886
4907280.54,18093,0.15,4.14,4.29
4907307.99,18094,0.082,5.118,5.2
4907321.28,18095,0.071,7.851,7.922
4907334.73,18094,0.116,8.014,8.13
4907335.31,18093,0.065,10.207,10.272
4907357.13,18095,0.151,4.182,4.332
4907385.2,18093,1.905,4.078,5.983
4907395.4,18094,0.09,7.007,7.097
4907410.41,18095,0.144,8.211,8.355
4907437.16,18093,0.087,4.029,4.117
4907445.22,18094,0.073,4.165,4.238
4907488.57,18095,0.118,9.388,9.506
4907502.23,18093,0.24,12.073,12.313
4907508.32,18094,2.046,12.232,14.279
4907508.64,18095,2.669,10.562,13.231
4907518.88,18093,0.086,7.425,7.511
4907527.78,18094,0.088,6.175,6.263
4907530.65,18095,1.031,5.586,6.617
4907566.39,18093,0.151,4.269,4.42
4907568.61,18094,0.104,5.729,5.833
4907612.67,18095,0.073,4.034,4.107
4907623.94,18095,1.832,3.894,5.726
4907626.16,18093,0.065,11.959,12.024
4907626.36,18094,1.8,10.298,12.098
4907667.55,18093,0.088,7.117,7.205
4907679.39,18095,0.064,9.909,9.972
4907680.4,18094,0.05,9.086,9.136
4907682.09,18093,0.426,9.017,9.442
4907700.32,18095,0.082,9.062,9.145
4907715.24,18094,0.078,4.016,4.095
4907725.16,18093,0.119,4.004,4.123
4907729.41,18095,0.109,4.049,4.158
4907739.44,18094,0.074,4.059,4.133
4907771.16,18093,0.075,6.144,6.219
4907783.9,18095,0.084,4.101,4.186
4907795.68,18094,0.11,4.141,4.252
4907841.03,18093,0.081,4.067,4.149
4907869.98,18095,1.024,8.906,9.93
4907883.92,18094,0.082,8.303,8.385
4907884.29,18093,0.064,7.064,7.128
4907890.19,18095,0.063,9.071,9.135
4907892.38,18094,2.511,7.969,10.48
4907908.81,18093,0.085,6.066,6.151
4907911.84,18095,0.056,4.299,4.355
4907920.66,18094,0.085,6.429,6.514
4907934.77,18093,0.075,4.048,4.123
4907937.16,18095,0.052,3.967,4.019
4907944.35,18094,0.063,4.07,4.133
4907977.62,18095,0.052,6.105,6.157
4907979.29,18093,0.073,8.166,8.239
4907984.02,18094,0.054,4.019,4.073
4907996.72,18093,0.071,7.934,8.005
4908023.82,18095,0.088,4.093,4.181
4908051.53,18094,0.081,7.244,7.326
4908071.74,18093,0.073,7.62,7.693
4908104.42,18095,0.074,5.197,5.271
4908108.62,18095,0.083,4.041,4.124
4908113.36,18094,0.051,12.154,12.205
4908113.46,18093,1.088,10.402,11.49
4908148.39,18095,0.098,7.255,7.353
4908166.55,18094,0.189,4.154,4.343
4908173.94,18093,0.084,4.047,4.131
4908191.68,18095,0.067,5.032,5.099
4908223.8,18094,0.881,6.729,7.61
4908233.44,18095,0.074,4.022,4.095
4908234.08,18093,0.092,6.093,6.185
4908249.33,18094,0.073,5.991,6.064
4908312.58,18095,0.165,4.456,4.621
4908344.81,18093,0.111,6.974,7.084
4908357.76,18094,0.106,4.588,4.695
4908420.47,18095,0.115,4.076,4.191
4908538.59,18093,0.124,7.991,8.115
4908559.9,18094,0.101,4.079,4.18
4908595.08,18095,0.088,7.089,7.177
4908602.93,18093,0.076,5.012,5.089
4908604.77,18094,0.075,5.952,6.027
4908670.28,18095,0.08,6.22,6.3
4908674.35,18094,1.025,7.272,8.297
4908728.13,18093,0.075,7.005,7.08
4908764.54,18095,0.082,4.979,5.061
4908851.7,18094,0.176,7.105,7.281
4908852.24,18093,0.081,5.055,5.136
4908916.23,18095,0.86,4.323,5.183
4909093.87,18094,0.122,4.681,4.803
4909187.25,18093,0.171,10.144,10.315
4909187.43,18095,0.871,8.334,9.205
4909207.39,18094,0.083,6.012,6.095
4909239.19,18093,0.089,4.048,4.138
4909251.73,18095,0.186,3.971,4.157
4909286.08,18094,1.502,7.997,9.499
4909312.33,18093,0.092,6.182,6.275
4909314.52,18095,0.064,4.423,4.487
4909361.84,18094,0.166,4.066,4.231
4909397.34,18093,0.116,4.148,4.264
4909460.16,18095,0.176,8.54,8.716
4909461.94,18094,0.09,8.265,8.355
4909482.76,18093,0.108,4.087,4.195
4909584.49,18095,0.212,9.175,9.386
4909588.76,18094,1.045,8.653,9.698
4909629.1,18095,0.097,4.152,4.249
4909629.55,18093,0.133,7.359,7.492
4909633.64,18094,0.056,5.53,5.587
4909650.19,18095,0.151,4.255,4.407
4909673.24,18093,1.064,8.118,9.182
4909681.8,18094,0.067,7.015,7.082
4909694.08,18095,0.081,3.951,4.031
4909708.93,18093,0.071,5.977,6.048
4909709.9,18094,0.058,4.061,4.119
4909714.1,18095,0.061,3.944,4.005
4909729.13,18093,0.094,6.219,6.313
4909751.07,18094,0.07,9.122,9.192
4909755.25,18093,0.077,4.013,4.089
4909757.09,18095,0.067,7.977,8.045
4909810.04,18094,0.086,4.131,4.217
4909818.29,18093,0.059,8.27,8.329
4909832.95,18095,0.066,4.173,4.239
4909883.09,18094,1.025,10.014,11.04
4909883.3,18093,0.055,8.101,8.156
4909888.86,18095,0.078,4.159,4.237
4909897.4,18094,0.056,9.302,9.359
4909913.98,18095,0.069,5.047,5.115
4909929.89,18093,0.064,4.978,5.042
4910006.91,18094,0.081,6.106,6.187
4910022.3,18095,0.09,4.045,4.134
4910046.23,18093,0.08,9.106,9.185
4910055.98,18094,0.077,6.089,6.166
4910065.03,18095,3.016,7.953,10.969
4910073.59,18093,0.107,7.767,7.874
4910080.65,18094,0.061,6.106,6.167
4910097.95,18095,0.065,6.982,7.047
4910098.96,18093,1.386,3.891,5.277
4910105.63,18094,0.08,5.36,5.44
4910111.57,18095,0.065,4.116,4.181
4910115.0,18093,0.052,4.029,4.081
4910123.4,18095,0.068,8.088,8.156
4910168.32,18094,0.079,8.061,8.14
4910182.49,18093,0.079,4.016,4.095
4910220.29,18095,0.092,13.028,13.12
4910220.65,18094,0.062,10.557,10.618
4910227.83,18093,0.063,7.41,7.474
4910250.18,18094,0.063,8.14,8.204
4910265.89,18095,0.087,4.262,4.349
4910275.61,18093,0.088,7.913,8.001
4910278.42,18094,0.054,8.039,8.093
4910317.21,18095,0.085,8.029,8.114
4910342.96,18094,0.057,8.041,8.098
4910344.87,18093,0.074,12.764,12.838
4910376.83,18095,0.147,6.219,6.366
4910388.59,18093,0.108,4.391,4.499
4910390.79,18094,0.42,7.236,7.656
4910422.05,18095,0.112,4.133,4.245
4910466.44,18093,0.163,4.096,4.259
4910541.24,18094,0.352,17.054,17.406
4910541.42,18095,1.934,12.336,14.269
4910546.0,18093,0.084,5.344,5.429
4910556.55,18094,0.082,10.36,10.442
4910567.52,18095,0.078,8.642,8.721
4910569.94,18093,0.082,4.285,4.367
4910581.19,18095,1.91,10.136,12.047
4910582.01,18094,3.504,6.931,10.435
4910582.07,18093,0.067,6.163,6.23
4910594.04,18095,0.077,6.123,6.199
4910612.16,18094,1.966,4.041,6.006
4910624.43,18093,0.075,4.087,4.161
4910658.08,18095,0.084,4.029,4.113
4910664.82,18094,0.067,4.008,4.075
4910671.25,18093,0.065,4.089,4.153
4910690.96,18095,0.071,4.023,4.095
4910701.65,18094,0.084,6.01,6.095
4910709.44,18093,0.051,10.35,10.401
4910711.83,18095,0.055,8.397,8.453
4910713.62,18094,0.07,6.861,6.931
4910716.21,18093,0.471,6.708,7.178
4910727.93,18095,0.079,3.939,4.018
4910752.21,18094,0.066,3.993,4.058
4910791.76,18095,0.057,4.036,4.093
4910794.1,18093,0.17,8.3,8.469
4910799.59,18094,0.098,4.009,4.107
4910810.12,18095,0.081,5.98,6.061
4910814.46,18093,0.055,6.259,6.314
4910834.19,18094,0.068,4.076,4.144
4910852.12,18095,0.058,4.03,4.087
4910861.1,18093,0.062,4.063,4.126
4910918.16,18094,0.098,7.005,7.103
4910921.61,18095,0.106,8.32,8.426
4910923.73,18093,0.05,7.648,7.699
4910963.71,18095,0.067,5.99,6.058
4910964.17,18094,0.177,7.996,8.173
4910990.87,18093,0.082,5.147,5.228
4911021.22,18094,0.083,4.069,4.152
4911030.76,18095,0.072,4.107,4.179
4911038.63,18094,0.073,6.18,6.254
4911040.15,18093,1.819,8.067,9.886
4911056.76,18095,0.067,7.129,7.196
4911064.77,18093,0.065,5.983,6.048
4911069.06,18094,1.545,6.113,7.658
4911072.67,18095,0.121,5.309,5.43
4911074.9,18093,0.154,5.704,5.859
4911082.81,18094,0.074,4.039,4.113
4911144.32,18095,0.099,7.071,7.171
4911162.08,18093,0.805,7.982,8.787
4911162.1,18094,1.72,4.011,5.731
4911188.74,18095,0.088,4.048,4.136
4911209.16,18093,0.138,4.05,4.188
4911223.91,18094,0.061,4.983,5.044
4911235.35,18093,0.074,7.074,7.149
4911235.43,18095,0.057,9.329,9.386
4911237.75,18094,3.078,6.347,9.425
4911240.32,18095,5.464,4.813,10.277
4911255.71,18093,0.076,6.047,6.123
4911264.61,18094,0.086,4.239,4.324
4911289.69,18095,0.082,8.083,8.164
4911300.24,18093,0.166,5.069,5.235
4911319.04,18094,0.908,4.954,5.862
4911377.22,18095,0.076,6.763,6.84
4911379.01,18093,0.076,5.335,5.411
4911417.19,18094,0.143,8.241,8.384
4911417.98,18095,0.121,4.2,4.32
4911482.25,18093,0.227,5.125,5.352
4911514.51,18094,0.107,4.314,4.421
4911539.3,18095,0.071,7.269,7.34
4911545.9,18093,0.704,5.823,6.527
4911584.16,18094,0.098,9.084,9.181
4911625.61,18095,0.119,8.861,8.979
4911716.82,18093,0.161,3.961,4.122
4911846.64,18094,0.207,4.134,4.341
4911915.45,18095,0.172,4.031,4.203
4911985.97,18093,0.109,4.17,4.279
4912074.46,18094,0.149,4.05,4.199
4912143.92,18095,0.107,4.145,4.252
4912170.75,18093,0.137,5.27,5.406
4912177.78,18094,0.082,4.043,4.125
4912227.48,18095,0.091,6.016,6.107
4912412.68,18093,0.233,8.565,8.798
4912413.17,18094,0.134,6.986,7.12
4912447.26,18095,0.157,8.202,8.358
4912453.29,18093,0.12,8.102,8.222
4912469.75,18095,0.102,6.056,6.157
4912483.99,18094,0.169,4.038,4.207
4912509.81,18093,0.085,4.139,4.223
4912591.61,18095,0.087,4.091,4.178
4912608.6,18094,0.103,5.648,5.751
4912609.78,18093,0.122,4.132,4.253
4912614.24,18095,0.065,4.541,4.607
4912633.63,18093,0.082,7.509,7.591
4912675.76,18094,0.138,4.113,4.251
4912705.53,18095,0.139,8.416,8.555
4912752.08,18093,0.073,4.059,4.131
4912811.81,18094,0.092,4.187,4.279
4912858.91,18095,0.14,4.01,4.15
4912883.66,18093,0.076,4.248,4.324
4912966.23,18094,0.111,3.947,4.058
4913041.61,18095,0.109,8.177,8.286
4913185.97,18093,0.14,4.214,4.354
4913208.29,18094,0.133,8.156,8.288
4913222.83,18095,0.082,4.682,4.765
4913313.11,18093,0.085,11.104,11.189
4913372.69,18093,0.065,4.973,5.038
4913373.47,18094,1.36,9.875,11.235
4913374.67,18095,3.55,7.567,11.117
4913391.71,18093,0.078,7.116,7.193
4913408.31,18094,1.03,10.225,11.255
4913408.57,18095,1.413,8.49,9.903
4913417.97,18093,0.061,4.002,4.063
4913426.18,18094,0.058,4.083,4.141
4913436.6,18095,0.066,4.322,4.388
4913447.06,18093,0.804,3.952,4.756
4913500.19,18094,0.165,9.13,9.295
4913504.68,18095,0.11,8.398,8.508
4913509.16,18093,0.261,8.842,9.102
4913543.38,18094,0.094,5.944,6.038
4913545.94,18095,0.077,4.677,4.753
4913567.93,18093,0.159,7.614,7.774
4913580.22,18094,0.063,9.762,9.825
4913586.48,18095,0.069,6.141,6.209
4913606.9,18093,0.068,6.521,6.589
4913608.72,18094,0.05,4.957,5.007
4913617.56,18095,0.065,4.038,4.103
4913627.98,18093,0.067,4.079,4.146
4913671.85,18094,0.079,3.957,4.036
4913679.26,18095,0.057,5.728,5.786
4913705.95,18093,0.076,4.039,4.115
4913737.16,18094,1.802,4.029,5.83
4913754.73,18093,0.061,6.026,6.087
4913755.64,18095,0.066,11.3,11.366
4913763.09,18094,0.062,5.985,6.047
4913764.57,18095,0.05,4.377,4.427
4913771.8,18093,0.063,4.006,4.069
4913814.05,18094,0.092,4.096,4.187
4913830.04,18095,0.145,6.154,6.299
4913845.15,18093,0.07,4.037,4.107
4913878.84,18095,0.058,7.982,8.04
4913879.17,18093,0.043,4.085,4.128
4913879.35,18094,0.07,10.908,10.978
4913883.51,18093,0.129,4.14,4.269
4913912.89,18094,0.381,4.705,5.086
4913923.96,18095,0.089,6.135,6.224
4913937.38,18093,0.136,6.171,6.307
4913965.31,18094,0.073,6.195,6.267
4913991.84,18095,0.088,4.137,4.225
4913999.75,18093,0.116,4.051,4.167
4914020.92,18094,0.08,7.971,8.051
4914032.82,18095,0.08,5.704,5.784
4914036.59,18093,0.053,5.737,5.789
4914075.25,18095,1.506,10.169,11.675
4914075.47,18094,0.054,6.38,6.434
4914080.54,18093,0.234,5.258,5.491
4914082.48,18095,0.069,4.72,4.79
4914087.32,18094,0.068,4.19,4.258
4914094.35,18093,0.108,5.097,5.205
4914109.42,18095,0.072,6.023,6.095
4914162.69,18094,0.079,4.114,4.193
4914176.02,18093,0.109,4.085,4.194
4914196.89,18095,0.073,6.043,6.116
4914216.59,18094,0.062,4.045,4.107
4914230.43,18093,0.062,5.441,5.504
4914238.86,18095,0.109,5.141,5.25
4914263.1,18094,1.369,3.993,5.363
4914267.2,18093,0.058,3.981,4.04
4914276.77,18094,0.058,4.049,4.107
4914278.16,18095,0.067,9.634,9.7
4914286.18,18093,0.048,4.1,4.148
4914291.22,18094,0.057,3.982,4.039
4914304.99,18095,0.06,7.888,7.948
4914306.4,18093,0.066,8.006,8.072
4914311.75,18095,0.05,4.409,4.46
4914312.58,18094,0.045,8.508,8.553
4914316.74,18093,0.044,6.672,6.716
4914324.09,18095,1.395,4.031,5.426
4914331.33,18094,0.058,4.362,4.42
4914337.16,18093,0.048,6.085,6.133
4914358.48,18095,0.071,12.093,12.165
4914358.97,18094,1.358,10.905,12.264
4914370.6,18093,0.078,8.028,8.106
4914373.8,18095,0.056,5.711,5.766
4914412.58,18094,0.099,4.288,4.387
4914419.64,18093,0.058,7.421,7.48
4914436.14,18095,0.09,7.998,8.089
4914448.42,18094,0.076,7.061,7.138
4914514.15,18093,0.12,7.374,7.495
4914553.35,18095,1.666,4.149,5.815
4914559.57,18094,0.116,4.409,4.525
4914566.09,18093,0.929,5.987,6.916
4914568.31,18095,0.47,8.178,8.648
4914568.42,18094,0.054,4.334,4.388
4914615.85,18093,0.17,3.994,4.164
4914634.13,18095,2.176,4.011,6.186
4914647.09,18094,0.085,3.983,4.068
4914675.18,18093,0.758,8.104,8.861
4914679.47,18095,0.07,4.181,4.25
4914690.88,18094,0.084,4.02,4.103
4914695.22,18093,0.083,4.073,4.156
4914696.93,18095,0.061,4.076,4.137
4914702.99,18094,0.067,4.061,4.129
4914711.16,18093,0.059,8.056,8.116
4914720.43,18095,0.08,4.986,5.067
4914744.48,18094,0.095,6.64,6.734
4914749.59,18093,0.06,8.051,8.111
4914756.53,18095,0.058,7.079,7.136
4914769.88,18093,0.064,4.375,4.438
4914783.35,18094,0.07,4.067,4.137
4914791.01,18095,0.058,3.913,3.971
4914800.9,18095,0.049,6.026,6.075
4914801.44,18093,0.064,7.016,7.08
4914802.96,18094,0.084,8.351,8.435
4914811.11,18095,0.073,3.983,4.056
4914815.06,18093,0.049,6.257,6.306
4914842.97,18095,0.052,5.882,5.934
4914843.23,18094,0.069,10.126,10.195
4914847.09,18093,0.062,3.989,4.051
4914855.12,18094,0.063,4.024,4.087
4914873.45,18095,0.089,4.068,4.158
4914893.61,18094,0.079,4.205,4.283
4914895.69,18093,0.17,6.408,6.578
4914907.28,18095,0.073,9.95,10.023
4914939.95,18094,0.082,5.982,6.063
4914943.91,18093,0.052,7.684,7.736
4914946.57,18095,0.102,5.036,5.138
4914964.74,18094,0.067,4.171,4.238
4914974.63,18093,0.079,4.18,4.259
4915023.64,18095,0.071,4.518,4.589
4915040.78,18094,0.154,4.147,4.301
4915044.99,18093,0.074,4.064,4.138
4915094.67,18095,0.088,4.064,4.152
4915111.1,18094,0.114,4.122,4.236
4915130.95,18093,0.089,6.106,6.194
4915157.18,18095,0.076,8.058,8.134
4915166.45,18094,0.063,4.099,4.162
4915189.39,18093,0.098,4.168,4.265
4915197.24,18095,0.099,4.084,4.183
4915214.82,18094,0.071,4.107,4.179
4915272.45,18093,0.079,4.034,4.113
4915280.34,18095,0.057,4.027,4.084
4915292.91,18094,0.076,4.133,4.208
4915298.37,18093,0.052,6.135,6.187
4915312.1,18095,0.765,7.012,7.778
4915331.85,18094,0.081,4.109,4.189
4915356.24,18093,0.066,7.977,8.043
4915372.08,18095,0.147,4.933,5.08
4915386.16,18094,0.099,9.017,9.115
4915395.02,18093,0.057,6.316,6.372
4915407.36,18095,0.061,6.121,6.183
4915413.81,18094,0.057,4.817,4.874
4915449.8,18093,0.132,6.111,6.243
4915472.95,18095,0.093,12.791,12.884
4915469.99,18094,0.057,9.274,9.331
4915504.67,18093,0.077,8.174,8.252
4915506.84,18094,0.059,4.751,4.81
4915509.22,18095,0.047,11.107,11.154
4915541.95,18093,0.131,7.389,7.519
4915544.43,18094,0.063,6.631,6.694
4915549.81,18095,0.075,6.037,6.112
4915583.23,18093,0.14,6.188,6.328
4915603.05,18094,0.116,7.609,7.724
4915607.25,18095,0.082,4.023,4.105
4915613.25,18093,0.097,4.046,4.143
4915637.19,18094,2.116,11.07,13.186
4915684.16,18095,0.087,3.972,4.058
4915692.21,18093,0.073,5.105,5.178
4915722.09,18094,0.07,7.968,8.038
4915726.22,18095,0.056,6.128,6.184
4915759.18,18094,0.08,6.211,6.292
4915772.57,18093,0.075,4.049,4.124
4915800.36,18095,0.076,6.1,6.176
4915909.02,18094,0.148,12.568,12.716
4916048.38,18093,0.174,4.132,4.307
4916070.69,18095,0.111,6.088,6.199
4916109.7,18094,0.099,3.947,4.046
4916192.37,18093,0.177,4.02,4.197
4916298.58,18095,0.126,3.988,4.114
4916319.39,18094,0.091,6.312,6.403
4916327.3,18093,0.48,7.767,8.247
4916332.93,18095,0.069,6.023,6.092
4916355.87,18094,0.098,4.039,4.137
4916395.96,18093,1.027,4.872,5.899
4916414.07,18095,0.062,9.06,9.122
4916414.28,18094,0.054,9.157,9.211
4916419.25,18093,0.142,5.06,5.201
4916433.41,18095,0.083,7.847,7.93
4916435.27,18094,0.05,7.974,8.024
4916442.04,18093,0.075,3.988,4.063
4916450.94,18095,0.062,7.975,8.037
4916451.31,18094,0.043,6.108,6.151
4916538.3,18094,0.078,14.138,14.215
4916539.44,18093,0.147,17.008,17.156
4916541.12,18095,1.651,11.07,12.722
4916572.54,18094,3.141,6.477,9.618
4916598.03,18093,0.145,4.075,4.22
4916606.79,18095,0.098,3.961,4.059
4916648.35,18094,0.155,3.992,4.147
4916677.26,18093,0.113,4.256,4.369
4916682.11,18095,0.075,4.067,4.142
4916721.11,18094,1.226,8.009,9.235
4916729.74,18093,0.076,14.743,14.82
4916732.5,18095,0.064,13.058,13.122
4916736.52,18094,0.052,7.42,7.472
4916752.51,18093,0.078,7.116,7.193
4916783.77,18094,0.097,4.427,4.524
4916786.28,18093,0.056,5.071,5.127
4916786.71,18095,0.103,8.048,8.151
4916804.05,18094,0.07,7.941,8.011
4916833.98,18093,0.077,5.857,5.934
4916840.37,18095,0.051,10.075,10.126
4916842.05,18094,0.054,6.917,6.971
4916842.12,18093,0.047,4.092,4.139
4916844.48,18095,2.095,4.026,6.12
4916868.34,18094,0.08,4.029,4.109
4916914.39,18093,0.097,4.36,4.456
4916938.13,18095,2.081,4.022,6.103
4916951.05,18094,0.078,6.151,6.229
4916961.28,18093,0.072,10.047,10.119
4916976.52,18095,0.068,5.499,5.567
4916992.02,18094,0.073,4.129,4.202
4917018.75,18093,0.084,4.018,4.102
4917025.56,18095,0.07,4.318,4.388
4917032.04,18094,0.108,6.092,6.199
4917079.16,18093,0.798,4.026,4.824
4917097.95,18095,0.136,3.988,4.125
4917126.46,18094,0.078,14.165,14.243
4917128.12,18095,0.052,8.022,8.074
4917130.2,18093,0.086,12.067,12.152
4917145.75,18094,0.104,8.053,8.158
4917160.55,18095,0.072,5.977,6.049
4917176.26,18093,0.078,4.169,4.247
4917182.07,18095,0.057,5.423,5.48
4917184.63,18094,0.122,8.731,8.853
4917218.37,18093,0.079,8.368,8.447
4917218.79,18095,0.059,6.69,6.749
4917317.36,18094,0.091,4.09,4.181
4917320.78,18093,0.063,4.076,4.139
4917337.25,18095,0.147,4.182,4.329
4917352.61,18094,0.1,4.066,4.166
4917360.67,18093,0.084,6.22,6.304
4917376.19,18095,2.079,6.121,8.2
4917391.14,18094,0.077,7.694,7.771
4917391.62,18095,0.044,5.168,5.212
4917393.14,18093,0.057,7.611,7.668
4917432.81,18094,0.138,4.213,4.351
4917446.87,18095,0.106,4.961,5.067
4917462.69,18093,0.071,7.46,7.531
4917484.57,18094,0.085,8.053,8.138
4917485.09,18095,0.364,4.693,5.057
4917492.54,18093,0.065,4.046,4.111
4917506.31,18094,0.058,4.025,4.083
4917519.11,18095,0.07,7.037,7.107
4917530.68,18093,0.065,6.126,6.191
4917545.17,18094,0.114,9.021,9.135
4917549.57,18095,0.057,7.226,7.283
4917564.21,18093,0.155,8.079,8.235
4917566.42,18094,1.777,4.37,6.147
4917577.0,18095,0.843,3.925,4.768
4917584.61,18093,0.063,13.122,13.185
4917586.98,18094,0.052,8.081,8.133
4917594.52,18095,1.341,12.196,13.537
4917596.04,18094,1.018,8.965,9.983
4917596.78,18093,1.67,12.106,13.776
4917599.51,18095,7.67,4.927,12.597
4917612.12,18094,0.076,12.569,12.645
4917630.15,18093,0.07,7.045,7.115
4917632.28,18095,0.057,4.234,4.291
4917645.09,18094,0.076,4.208,4.284
4917708.43,18093,0.173,4.143,4.316
4917765.37,18095,0.128,9.186,9.314
4917819.06,18094,0.093,4.04,4.133
4917819.11,18093,2.028,4.034,6.061
4917823.76,18095,0.05,6.262,6.312
4917832.71,18094,0.069,8.36,8.429
4917854.21,18093,0.075,4.36,4.435
4917863.2,18095,0.072,4.098,4.169
4917897.36,18094,0.111,4.079,4.191
4917932.15,18093,1.599,4.175,5.774
4917938.19,18095,0.084,5.055,5.139
4917959.53,18094,0.08,5.178,5.258
4917975.74,18093,0.086,4.148,4.233
4917999.23,18095,0.067,6.011,6.078
4918008.29,18094,0.07,8.063,8.134
4918051.61,18093,0.083,4.049,4.132
4918089.62,18095,0.097,5.986,6.084
4918093.96,18094,0.583,4.214,4.796
4918140.8,18093,0.085,4.184,4.268
4918162.14,18095,0.075,4.19,4.265
4918171.73,18094,0.078,4.066,4.144
4918179.79,18095,0.046,6.037,6.084
4918180.19,18093,0.066,8.294,8.36
4918185.98,18094,0.055,4.055,4.11
4918198.48,18093,0.071,4.039,4.11
4918222.16,18095,0.786,8.053,8.838
4918227.11,18094,1.028,8.035,9.063
4918249.14,18093,0.069,4.085,4.154
4918332.73,18095,0.077,4.081,4.158
4918338.54,18094,0.101,4.6,4.701
4918382.11,18093,2.183,7.989,10.172
4918424.2,18095,0.08,7.077,7.157
4918439.75,18094,0.216,4.126,4.343
4918460.11,18093,0.107,8.014,8.121
4918524.86,18095,0.088,5.159,5.247
4918574.78,18094,0.099,4.095,4.194
4918669.51,18095,0.132,4.127,4.259
4918671.95,18093,0.135,8.113,8.249
4918687.16,18094,0.087,9.02,9.107
4918788.01,18095,0.156,4.224,4.38
4918797.12,18093,0.119,7.155,7.274
4918834.53,18094,2.501,8.384,10.885
4918847.73,18095,0.103,4.964,5.067
4918891.7,18093,0.082,4.145,4.226
4918942.8,18094,0.163,4.208,4.371
4918993.39,18095,0.075,8.025,8.1
4919024.52,18093,0.107,9.854,9.961
4919028.82,18094,0.087,9.675,9.763
4919031.33,18095,0.051,9.106,9.157
4919077.83,18093,0.097,6.993,7.09
4919094.01,18094,0.066,4.173,4.239
4919101.2,18095,0.072,3.985,4.056
4919109.3,18093,0.067,4.803,4.87
4919112.02,18094,0.063,4.148,4.211
4919145.27,18095,0.082,7.936,8.018
4919145.55,18093,0.067,6.323,6.39
4919157.92,18094,0.089,6.013,6.101
4919158.72,18095,0.061,3.968,4.029
4919168.25,18093,0.063,7.142,7.206
4919169.45,18094,0.075,6.326,6.4
4919202.75,18095,0.144,5.459,5.603
4919205.5,18093,0.055,6.864,6.919
4919249.38,18094,0.087,4.086,4.173
4919262.34,18095,0.071,4.119,4.19
4919274.97,18093,0.065,4.296,4.361
4919298.43,18094,0.071,10.089,10.159
4919301.89,18095,1.651,11.826,13.477
4919306.8,18093,0.062,10.275,10.337
4919311.04,18094,0.181,9.078,9.26
4919324.56,18095,0.063,8.702,8.765
4919328.25,18093,0.054,7.886,7.939
4919383.12,18094,0.16,4.143,4.303
4919447.15,18095,0.128,3.97,4.098
4919516.02,18093,0.171,4.134,4.304
4919571.12,18094,0.096,4.154,4.25
4919584.22,18095,0.076,4.084,4.16
4919631.11,18094,0.048,10.021,10.07
4919633.03,18093,0.08,9.89,9.97
4919637.4,18095,1.798,8.341,10.139
4919647.79,18094,2.009,6.723,8.731
4919658.62,18093,0.065,4.118,4.183
4919669.82,18095,0.062,4.044,4.106
4919674.91,18094,0.069,4.064,4.133
4919680.66,18093,0.066,4.065,4.131
4919710.19,18095,0.16,7.222,7.381
4919714.64,18094,0.145,8.059,8.204
4919719.65,18093,0.067,7.116,7.183
4919725.78,18095,0.057,5.076,5.133
4919755.45,18094,0.119,7.644,7.763
4919777.69,18093,0.138,4.077,4.215
4919805.91,18095,1.824,6.014,7.839
4919809.04,18094,0.075,4.908,4.983
4919818.49,18095,0.062,8.278,8.34
4919844.62,18093,0.089,4.106,4.195
4919871.91,18094,0.101,6.1,6.201
4919906.17,18095,0.093,8.036,8.128
4919919.29,18093,0.077,4.041,4.118
4919931.7,18094,0.083,4.055,4.139
4919962.33,18095,0.083,8.34,8.424
4919985.8,18093,0.075,6.352,6.426
4919990.3,18095,0.059,4.102,4.161
4919993.11,18094,0.052,12.013,12.065
4920012.49,18093,0.076,5.937,6.013
4920014.73,18095,0.051,4.533,4.584
4920027.62,18094,0.119,3.956,4.075
4920095.16,18093,2.1,11.009,13.109
4920095.58,18095,2.107,9.421,11.528
4920110.21,18094,0.136,4.111,4.247
4920117.27,18093,0.081,6.018,6.1
4920131.91,18094,0.068,6.074,6.142
4920132.12,18095,1.854,13.04,14.893
4920176.26,18093,0.098,4.112,4.21
4920215.11,18095,0.087,5.438,5.525
4920240.27,18094,0.117,3.948,4.065
4920287.08,18093,0.154,8.241,8.395
4920322.37,18095,0.128,8.133,8.261
4920322.62,18094,0.067,5.516,5.582
4920329.73,18093,0.076,4.106,4.183
4920354.31,18095,0.064,4.085,4.149
4920370.46,18094,0.06,5.188,5.248
4920399.59,18093,0.083,4.328,4.412
4920470.23,18095,0.105,9.066,9.171
4920500.05,18094,0.093,6.015,6.108
4920531.35,18095,0.08,8.458,8.538
4920533.45,18093,0.117,10.718,10.835
4920580.74,18094,0.086,6.058,6.144
4920742.52,18095,0.153,4.106,4.259
4920866.18,18093,0.169,3.983,4.152
4920895.35,18094,0.103,8.058,8.16
4920895.69,18095,0.071,6.448,6.519
4920990.17,18093,0.092,7.013,7.105
4921002.74,18094,0.076,7.102,7.177
4921009.72,18095,0.069,9.126,9.195
4921081.77,18093,0.096,4.036,4.132
4921089.51,18094,0.081,9.27,9.351
4921109.09,18095,0.112,3.993,4.105
4921128.24,18093,0.088,8.089,8.177
4921162.99,18094,0.095,5.111,5.207
4921242.14,18095,0.095,9.985,10.08
4921504.98,18093,0.157,4.283,4.439
4921718.51,18094,0.172,4.115,4.287
4921800.33,18095,0.18,4.059,4.238
4921836.03,18093,0.169,4.052,4.221
4921856.68,18094,0.171,8.075,8.246
4921893.36,18095,0.134,4.074,4.209
4921905.4,18093,1.147,4.247,5.394
4921975.47,18094,0.138,4.134,4.272
4922092.16,18095,2.272,4.981,7.253
4922308.54,18093,0.158,4.425,4.583
4922311.32,18094,0.131,4.111,4.242
4922345.23,18095,0.111,7.02,7.131
4922381.5,18093,0.094,4.35,4.444
4922391.44,18094,0.099,8.047,8.146
4922414.55,18095,0.085,4.185,4.271
4922439.19,18093,0.083,7.047,7.13
4922497.91,18094,0.154,4.278,4.433
4922528.7,18095,0.149,4.072,4.221
4922657.34,18093,0.147,8.0,8.147
4922666.54,18094,0.1,6.153,6.253
4922725.38,18095,0.127,8.151,8.277
4922774.03,18093,0.1,5.864,5.964
4922825.54,18094,0.224,6.251,6.475
4922840.19,18095,0.118,6.098,6.215
4922883.04,18094,0.062,6.463,6.525
4922885.23,18093,4.253,5.168,9.42
4922908.07,18095,0.115,3.994,4.11
4922919.3,18094,0.083,6.07,6.153
4922921.45,18093,0.054,4.365,4.419
4922931.1,18095,0.064,4.06,4.124
4923001.01,18094,0.172,4.327,4.499
4923042.64,18093,0.115,6.134,6.249
4923169.68,18095,0.102,9.509,9.611
4923268.42,18094,0.113,7.049,7.161
4923272.65,18093,0.177,8.556,8.734
4923288.59,18095,0.09,4.023,4.114
4923292.2,18094,0.076,3.971,4.046
4923423.73,18095,0.104,4.964,5.068
4923487.85,18093,0.15,7.692,7.842
4923529.15,18094,0.094,7.994,8.088
4923569.07,18095,0.134,4.161,4.294
4923631.21,18093,0.124,8.235,8.359
4923676.88,18095,0.078,8.018,8.095
4923677.05,18094,0.107,12.054,12.16
4923695.76,18093,0.662,4.052,4.714
4923703.25,18094,0.058,4.054,4.111
4923732.99,18095,0.081,8.124,8.205
4923733.34,18093,0.047,6.134,6.181
4923748.11,18094,0.15,8.656,8.805
4923754.28,18093,0.063,9.073,9.137
4923799.13,18095,0.088,4.188,4.276
4923861.65,18094,0.077,4.235,4.312
4923871.28,18093,0.061,7.922,7.984
4923872.37,18095,0.055,6.741,6.795
4923912.89,18094,0.115,7.373,7.488
4923937.26,18093,0.175,6.096,6.271
4923943.3,18095,0.115,4.022,4.136
4923984.72,18094,0.121,8.186,8.308
4924003.38,18093,0.086,10.132,10.218
4924006.62,18095,2.051,9.51,11.561
4924007.23,18094,0.051,6.132,6.182
4924013.71,18093,0.08,4.456,4.536
4924025.04,18095,1.68,5.955,7.636
4924048.84,18094,0.085,4.112,4.197
4924063.12,18093,0.089,5.909,5.998
4924070.35,18093,0.083,4.197,4.28
4924070.8,18095,0.079,7.5,7.578
4924098.96,18094,0.076,4.275,4.351
4924126.84,18093,0.079,3.998,4.077
4924186.03,18094,0.067,4.011,4.079
4924190.35,18095,0.085,13.13,13.215
4924193.78,18093,0.059,4.132,4.191
4924213.3,18095,0.122,5.096,5.218
4924217.59,18094,0.422,4.14,4.562
4924243.77,18093,0.082,5.245,5.327
4924257.18,18095,0.263,3.963,4.226
4924282.06,18094,0.082,3.944,4.026
4924302.05,18093,1.125,7.988,9.113
4924323.21,18095,0.067,3.994,4.061
4924338.45,18094,0.088,4.055,4.143
4924381.55,18093,2.019,4.958,6.977
4924422.26,18095,0.088,6.107,6.195
4924430.32,18094,0.07,8.065,8.134
4924431.75,18095,0.072,6.142,6.214
4924434.11,18093,0.048,5.023,5.071
4924444.48,18094,0.074,8.031,8.105
4924445.67,18095,0.058,6.034,6.092
4924460.99,18093,0.085,9.004,9.089
4924468.14,18094,0.068,4.995,5.063
4924485.75,18095,0.117,4.957,5.074
4924500.98,18093,0.162,4.037,4.199
4924541.99,18094,0.216,4.103,4.319
4924570.03,18095,0.104,5.969,6.073
4924625.73,18093,0.174,7.962,8.136
4924657.12,18094,0.233,4.39,4.622
4924699.59,18095,0.148,5.964,6.111
4924752.33,18093,1.207,4.143,5.35
4924767.23,18094,0.103,6.575,6.678
4924769.15,18095,0.087,4.282,4.369
4924787.67,18093,0.081,8.097,8.177
4924789.88,18094,0.07,6.765,6.835
4924802.25,18095,0.076,7.254,7.33
4924827.18,18093,0.082,10.055,10.137
4924827.58,18094,1.184,8.514,9.699
4924829.77,18095,0.349,4.694,5.044
4924851.77,18093,0.078,4.011,4.09
4924867.31,18094,1.698,5.072,6.77
4924877.31,18095,0.068,6.054,6.122
4924910.14,18093,0.07,6.002,6.073
4924914.92,18094,0.096,4.129,4.225
4924932.34,18095,0.102,4.017,4.12
4924949.32,18093,0.073,5.186,5.259
4924955.51,18094,0.127,6.187,6.314
4924964.84,18093,0.335,9.086,9.421
4924966.7,18095,0.097,6.993,7.09
4924978.38,18094,0.125,9.187,9.311
4924986.68,18093,0.077,6.016,6.093
4924988.87,18095,1.196,5.765,6.961
4925002.11,18094,3.265,8.014,11.279
4925012.39,18093,0.095,4.011,4.106
4925022.32,18095,0.075,4.026,4.1
4925026.73,18094,0.082,3.974,4.056
4925052.03,18093,2.021,5.956,7.977
4925081.67,18095,0.089,4.067,4.157
4925131.28,18094,2.417,8.2,10.616
4925189.54,18093,0.148,5.106,5.254
4925203.89,18095,0.074,7.489,7.562
4925212.5,18094,0.076,4.081,4.157
4925250.02,18093,0.087,7.95,8.036
4925251.49,18094,0.05,6.079,6.128
4925252.18,18095,0.054,7.955,8.01
4925255.75,18093,0.055,5.356,5.411
4925283.93,18094,0.076,4.067,4.143
4925296.78,18095,0.078,10.553,10.631
4925298.91,18093,0.061,6.797,6.858
4925313.51,18094,0.09,7.081,7.172
4925327.26,18095,2.23,4.052,6.282
4925354.57,18093,0.085,6.171,6.256
4925377.94,18094,0.082,3.99,4.072
4925393.5,18095,0.079,6.059,6.138
4925397.81,18093,0.054,6.611,6.665
4925410.97,18094,0.061,4.018,4.079
4925433.51,18095,0.07,9.924,9.994
4925433.98,18093,0.063,6.769,6.832
4925450.2,18094,0.057,11.185,11.241
4925452.3,18095,1.569,7.209,8.778
4925481.22,18093,0.128,4.189,4.317
4925498.15,18095,0.465,10.033,10.498
4925498.37,18094,0.096,12.234,12.33
4925498.62,18093,1.781,4.579,6.36
4925511.15,18094,0.072,6.476,6.548
4925511.85,18095,0.09,9.262,9.352
4925522.52,18093,0.078,9.381,9.459
4925561.3,18094,0.094,13.143,13.238
4925561.34,18095,2.535,14.27,16.805
4925561.57,18093,0.275,9.492,9.766
4925565.48,18095,3.726,4.065,7.791
4925619.36,18094,0.095,8.062,8.157
4925677.34,18093,0.102,4.517,4.619
4925729.51,18095,0.099,4.514,4.613
4925834.86,18094,0.135,4.32,4.455
4925863.17,18093,0.095,4.741,4.836
4925864.23,18095,0.06,4.007,4.067
4925968.82,18094,0.109,7.113,7.223
4926000.31,18093,0.144,5.568,5.712
4926032.48,18095,0.16,4.963,5.123
4926079.23,18094,0.215,4.075,4.29
4926109.58,18093,0.098,4.11,4.208
4926159.24,18095,0.144,4.087,4.231
4926235.32,18094,0.093,4.168,4.261
4926244.92,18093,0.082,4.168,4.249
4926251.2,18095,0.069,3.984,4.053
4926251.83,18094,0.085,4.011,4.096
4926267.27,18093,0.118,4.093,4.211
4926271.85,18095,0.128,4.038,4.166
4926279.82,18094,0.08,7.088,7.168
4926302.1,18093,0.244,9.014,9.258
4926349.35,18095,0.096,4.131,4.228
4926605.26,18094,0.145,7.034,7.179
4926691.87,18093,0.121,6.17,6.291
4926701.94,18095,0.097,4.048,4.145
4926806.58,18094,0.11,6.217,6.328
4926967.44,18093,0.171,8.174,8.345
4926982.97,18095,0.11,7.784,7.893
4927004.44,18094,0.098,6.057,6.155
4927046.47,18093,0.29,6.172,6.463
4927131.41,18095,0.121,5.104,5.225
4927138.6,18094,0.109,4.048,4.157
4927142.58,18093,0.065,5.466,5.531
4927230.41,18095,0.313,6.739,7.053
4927296.51,18094,0.098,5.349,5.447
4927306.08,18093,0.15,6.284,6.433
4927339.5,18095,0.081,4.025,4.106
4927359.85,18094,3.031,5.763,8.795
4927390.22,18093,0.081,4.113,4.194
4927429.79,18095,0.092,6.031,6.123
4927471.31,18094,0.098,7.997,8.095
4927476.22,18093,0.08,3.987,4.067
4927658.16,18095,0.152,4.675,4.826
4927719.59,18094,0.137,4.09,4.227
4927847.88,18093,0.137,4.285,4.422
4927978.9,18095,0.153,6.428,6.581
4928085.39,18094,0.881,5.99,6.871
4928332.59,18093,0.771,4.035,4.807
4928572.28,18095,1.208,8.042,9.25
4928584.47,18094,0.106,8.035,8.141
4928624.49,18093,0.117,6.949,7.066
4928702.74,18095,0.11,7.018,7.129
4928743.27,18094,0.083,6.011,6.094
4928786.2,18093,0.088,7.124,7.212
4928923.4,18095,0.125,8.04,8.165
4928939.4,18094,0.096,8.074,8.17
4929020.27,18093,0.102,6.645,6.747
4929188.0,18095,0.168,6.225,6.393
4929228.55,18094,0.122,8.347,8.469
4929270.52,18095,2.074,9.412,11.486
4929270.74,18093,0.94,11.649,12.589
4929460.74,18094,0.147,7.418,7.565
4929470.58,18095,0.087,4.779,4.866
4929628.01,18093,0.153,4.122,4.275
4929639.19,18094,0.861,4.047,4.909
4929694.58,18095,0.124,4.068,4.192
4929771.11,18093,0.091,6.458,6.55
4929828.16,18094,0.118,8.291,8.409
4929845.14,18095,1.738,8.048,9.787
4929846.91,18093,0.072,5.016,5.088
4929865.92,18094,0.082,4.002,4.085
4930050.57,18095,0.112,4.025,4.137
4930094.39,18093,0.106,4.144,4.25
4930232.37,18094,0.145,4.221,4.366
4930238.3,18095,0.079,6.156,6.235
4930292.17,18094,0.119,4.214,4.332
4930307.01,18093,0.106,4.14,4.246
4930331.44,18094,0.123,5.586,5.71
4930335.57,18095,0.11,12.004,12.114
4930350.75,18093,0.072,11.74,11.811
4930350.95,18094,0.062,10.512,10.575
4930354.27,18095,0.052,8.156,8.208
4930377.25,18093,0.073,9.865,9.938
4930379.83,18094,0.056,4.447,4.504
4930406.46,18093,0.082,4.909,4.991
4930407.07,18095,0.092,7.499,7.59
4930417.37,18094,0.086,4.263,4.348
4930454.87,18093,0.086,6.349,6.435
4930456.71,18095,0.063,4.915,4.977
4930482.36,18094,0.06,6.255,6.315
4930484.47,18093,0.058,4.486,4.544
4930491.68,18095,0.069,7.032,7.101
4930512.81,18094,0.073,9.019,9.093
4930514.88,18093,0.05,7.774,7.823
4930538.2,18095,0.093,3.997,4.09
4930560.23,18093,0.102,7.023,7.125
4930561.46,18094,0.058,4.206,4.264
4930593.61,18095,0.811,4.932,5.743
4930594.98,18093,0.066,5.979,6.046
4930649.67,18094,0.091,4.221,4.312
4930680.42,18095,1.642,5.629,7.271
4930699.14,18093,0.089,4.016,4.105
4930715.36,18094,0.076,4.032,4.108
4930727.17,18095,0.095,5.08,5.174
4930758.06,18093,0.099,6.261,6.36
4930764.42,18094,4.467,6.19,10.657
4930768.8,18095,0.068,4.053,4.12
4930773.09,18093,0.066,3.992,4.057
4930776.17,18094,0.063,3.971,4.035
4930806.41,18095,0.079,5.029,5.108
4930820.75,18093,0.089,6.954,7.042
4930828.67,18094,0.058,5.985,6.043
4930855.06,18095,0.093,4.657,4.75
4930865.51,18093,0.074,5.363,5.438
4930899.04,18094,2.231,5.988,8.219
4930923.62,18095,0.094,4.039,4.133
4930926.78,18093,0.069,4.016,4.086
4930956.02,18094,0.155,6.005,6.16
4930956.34,18095,0.076,6.211,6.287
4931056.52,18093,0.15,5.182,5.332
4931086.22,18094,2.173,4.057,6.231
4931110.14,18095,0.1,7.158,7.258
4931135.94,18093,1.556,5.772,7.328
4931143.86,18094,0.128,4.147,4.275
4931146.04,18095,0.072,3.982,4.054
4931154.9,18094,0.061,5.034,5.095
4931157.7,18093,0.098,8.276,8.373
4931174.15,18095,0.066,6.035,6.102
4931208.15,18094,0.073,7.027,7.099
4931221.33,18093,0.079,4.15,4.229
4931223.53,18095,0.099,4.064,4.163
4931264.43,18094,0.258,6.073,6.331
4931312.18,18093,0.162,6.057,6.219
4931319.17,18095,0.516,7.987,8.503
4931328.18,18093,0.104,3.927,4.031
4931357.04,18094,0.091,5.91,6.001
4931404.6,18095,0.095,6.957,7.052
4931441.47,18093,0.089,4.031,4.121
4931455.48,18094,0.094,4.31,4.403
4931457.3,18095,0.055,4.091,4.146
4931468.8,18093,0.09,4.208,4.298
4931483.57,18094,0.072,6.266,6.338
4931509.09,18095,3.023,6.028,9.051
4931515.84,18093,0.098,5.207,5.305
4931560.76,18094,0.101,4.819,4.92
4931592.07,18095,2.055,7.973,10.028
4931614.19,18093,0.058,26.06,26.118
4931619.19,18095,0.11,8.007,8.117
4931620.18,18094,0.101,20.199,20.299
4931674.26,18093,1.045,18.123,19.169
4931696.74,18095,2.042,9.619,11.661
4931755.8,18094,0.155,10.55,10.705
4931755.93,18093,0.124,7.057,7.182
4931887.28,18095,0.162,5.042,5.204
4931933.2,18093,1.582,4.012,5.594
4931938.4,18094,0.108,4.071,4.179
4931956.74,18095,0.087,10.64,10.727
4931974.68,18093,0.092,4.364,4.456
4932005.83,18094,0.084,3.955,4.038
4932025.72,18095,0.092,4.096,4.188
4932046.81,18093,0.087,4.076,4.163
4932053.28,18094,0.083,4.13,4.212
4932136.87,18095,0.085,4.097,4.182
4932153.64,18094,0.07,8.373,8.443
4932153.89,18093,0.079,10.885,10.964
4932155.99,18095,4.292,4.941,9.233
4932210.94,18094,0.148,4.085,4.233
4932232.42,18093,0.123,4.186,4.309
4932250.28,18095,2.302,7.146,9.448
4932264.08,18094,0.08,4.994,5.074
4932359.01,18093,0.16,4.118,4.278
4932453.68,18095,0.152,3.968,4.12
4932549.04,18094,0.183,3.928,4.112
4932558.67,18093,0.108,4.078,4.187
4932596.07,18095,0.1,6.732,6.831
4932598.4,18094,0.064,6.874,6.939
4932626.94,18093,0.108,4.131,4.239
4932637.97,18095,0.084,7.646,7.729
4932642.09,18094,0.609,3.979,4.588
4932655.63,18093,0.137,3.999,4.136
4932660.81,18095,0.066,6.094,6.16
4932686.15,18093,0.72,8.075,8.794
4932746.48,18094,0.088,4.101,4.189
4932797.55,18095,0.087,4.36,4.447
4932826.52,18093,0.088,7.981,8.068
4932832.17,18094,0.057,9.291,9.349
4932838.11,18095,0.08,7.959,8.039
4932882.07,18094,0.106,4.27,4.376
4932892.95,18093,0.133,4.321,4.454
4932923.6,18095,0.07,8.004,8.074
4932946.71,18094,0.091,4.28,4.37
4932949.93,18093,0.08,4.098,4.178
4932963.88,18095,0.083,6.09,6.173
4932982.04,18094,0.072,7.951,8.023
4932996.21,18093,3.298,5.111,8.409
4933012.75,18095,0.084,7.133,7.217
4933035.61,18094,0.072,7.496,7.568
4933036.31,18093,0.052,4.712,4.764
4933043.39,18095,0.07,3.927,3.997
4933056.19,18094,0.071,6.052,6.123
4933081.64,18093,0.08,4.191,4.271
4933166.89,18095,0.102,4.985,5.088
4933206.68,18094,0.118,10.127,10.245
4933209.17,18093,0.069,10.896,10.965
4933210.07,18095,0.083,6.652,6.734
4933223.59,18094,0.074,10.054,10.128
4933228.18,18093,0.059,7.08,7.139
4933241.09,18095,0.129,4.364,4.494
4933254.25,18094,0.088,10.106,10.194
4933256.4,18093,0.052,10.052,10.105
4933261.22,18095,0.054,7.126,7.179
4933275.03,18094,0.075,4.156,4.232
4933283.07,18093,0.056,4.01,4.067
4933288.26,18095,0.056,4.164,4.22
4933317.93,18094,0.154,7.259,7.413
4933353.14,18093,0.224,4.367,4.592
4933357.02,18095,1.004,3.953,4.957
4933371.13,18094,0.086,5.002,5.088
4933377.06,18095,1.28,3.984,5.264
4933377.95,18093,1.799,6.098,7.897
4933401.06,18094,0.081,9.799,9.881
4933401.43,18095,0.671,8.327,8.998
4933408.2,18093,0.338,7.025,7.363
4933424.14,18095,0.067,7.531,7.598
4933431.66,18094,0.12,3.953,4.074
4933450.38,18093,0.094,6.24,6.333
4933458.04,18095,0.085,3.966,4.052
4933473.36,18094,0.167,4.23,4.398
4933481.13,18093,0.068,10.028,10.096
4933487.13,18094,2.489,11.074,13.563
4933510.61,18095,0.071,5.112,5.184
4933514.72,18093,0.065,3.985,4.051
4933518.83,18094,0.05,6.093,6.143
4933541.46,18093,0.071,3.968,4.039
4933543.56,18095,0.051,4.022,4.073
4933601.77,18094,0.087,4.098,4.185
4933606.52,18093,0.071,6.446,6.517
4933616.43,18095,0.072,7.017,7.089
4933631.27,18094,0.063,9.655,9.719
4933647.6,18093,0.07,4.967,5.037
4933663.1,18095,0.072,4.013,4.085
4933685.16,18094,0.101,4.546,4.646
4933722.04,18093,2.022,5.963,7.985
4933758.93,18095,0.135,4.195,4.329
4933768.33,18094,0.08,4.101,4.181
4933795.44,18093,0.133,10.338,10.471
4933802.07,18095,0.059,8.966,9.025
4933808.02,18094,0.072,5.474,5.546
4933818.66,18093,0.08,4.029,4.109
4933865.76,18095,0.083,6.445,6.528
4933873.22,18094,0.072,8.105,8.177
4933879.73,18093,0.061,5.01,5.071
4933887.58,18095,0.071,5.422,5.493
4933899.98,18093,0.073,4.433,4.505
4933929.27,18094,0.066,8.145,8.211
4933930.99,18095,0.058,3.892,3.949
4933954.73,18093,0.073,6.192,6.265
4933980.68,18094,0.079,4.049,4.128
4933985.96,18095,0.08,3.976,4.055
4934008.28,18093,0.064,9.171,9.235
4934020.51,18094,0.071,4.254,4.325
4934033.72,18095,0.078,6.053,6.131
4934051.51,18093,0.073,5.983,6.056
4934058.67,18094,0.09,4.249,4.339
4934060.4,18095,0.077,4.108,4.185
4934064.15,18093,0.067,4.094,4.16
4934068.04,18095,0.063,4.108,4.171
4934087.56,18094,0.07,10.511,10.581
4934089.47,18093,0.086,8.95,9.036
4934101.64,18095,0.073,9.518,9.591
4934121.9,18094,1.45,3.969,5.419
4934132.89,18093,0.078,4.041,4.118
4934158.03,18095,0.085,4.058,4.143
4934173.47,18094,0.08,8.192,8.272
4934174.22,18093,0.053,7.009,7.062
4934177.99,18095,0.044,8.886,8.93
4934180.47,18093,1.256,6.185,7.441
4934190.79,18094,0.065,6.029,6.094
4934213.13,18095,0.108,4.012,4.12
4934237.51,18093,0.5,8.443,8.943
4934247.3,18094,0.134,4.22,4.354
4934279.24,18095,0.112,4.063,4.175
4934282.29,18093,0.062,4.065,4.127
4934286.15,18094,0.079,4.118,4.196
4934291.57,18093,0.08,5.298,5.378
4934318.19,18095,0.331,8.122,8.453
4934358.37,18094,0.133,4.25,4.383
4934373.64,18093,0.2,6.236,6.436
4934386.13,18095,1.577,3.935,5.512
4934424.08,18094,2.256,13.956,16.212
4934425.87,18093,0.094,4.973,5.067
4934438.49,18095,0.119,3.987,4.105
4934450.63,18094,0.131,3.993,4.124
4934454.92,18093,1.2,4.05,5.249
4934464.91,18095,0.104,4.568,4.673
4934485.12,18094,0.082,6.989,7.07
4934507.11,18093,0.098,7.942,8.039
4934516.37,18095,0.087,6.222,6.309
4934523.93,18094,0.082,4.076,4.158
4934526.16,18093,0.105,4.012,4.117
4934539.14,18095,0.075,7.753,7.828
4934539.4,18093,0.389,3.962,4.351
4934539.7,18094,0.049,6.242,6.291
4934554.27,18095,0.16,4.188,4.347
4934586.03,18093,3.636,7.94,11.576
4934590.41,18094,0.068,3.974,4.042
4934601.18,18095,0.083,4.195,4.277
4934617.62,18093,0.068,15.0,15.068
4934629.6,18094,0.077,5.054,5.13
4934634.17,18095,0.064,5.082,5.147
4934641.26,18093,1.286,7.183,8.47
4934643.48,18095,0.079,4.41,4.489
4934835.32,18094,0.354,4.129,4.483
4934882.27,18093,2.3,3.986,6.286
4934966.9,18095,0.165,8.042,8.208
4935028.57,18094,0.223,5.748,5.971
4935117.38,18093,0.758,4.119,4.877
4935162.98,18095,0.108,4.817,4.925
4935205.54,18094,0.183,9.268,9.451
4935246.38,18093,0.12,6.234,6.354
4935257.63,18095,0.095,4.221,4.317
4935287.47,18094,0.095,8.016,8.11
4935320.32,18093,0.087,4.001,4.088
4935376.85,18095,0.169,6.318,6.487
4935412.65,18094,0.165,4.032,4.197
4935477.24,18093,1.661,3.962,5.622
4935482.02,18095,0.112,4.125,4.237
4935511.58,18094,0.104,8.478,8.582
4935525.15,18093,0.077,3.993,4.07
4935572.75,18095,0.211,8.74,8.951
4935632.33,18094,0.138,4.077,4.215
4935653.21,18093,3.571,5.134,8.705
4935705.05,18095,0.104,4.218,4.323
4935928.92,18094,0.11,5.077,5.187
4935934.33,18093,0.084,4.189,4.273
4936090.83,18095,0.218,4.401,4.619
4936187.39,18094,0.132,8.043,8.175
4936272.28,18093,0.138,4.108,4.246
4936296.33,18095,0.119,8.024,8.143
4936310.58,18094,0.127,4.081,4.208
4936334.09,18093,0.097,7.923,8.02
4936376.8,18095,0.095,4.086,4.182
4936388.59,18094,0.096,8.289,8.384
4936399.72,18093,0.095,6.113,6.208
4936430.3,18095,0.196,4.203,4.399
4936450.7,18093,0.075,4.523,4.598
4936452.31,18094,0.087,9.161,9.247
4936471.84,18095,0.133,7.509,7.643
4936483.81,18093,0.11,4.943,5.053
4936523.71,18094,0.098,6.333,6.431
4936528.44,18095,0.05,7.604,7.654
4936538.67,18093,0.08,4.04,4.12
4936558.26,18094,0.061,9.13,9.19
4936559.64,18095,0.053,7.972,8.025
4936576.15,18093,1.279,12.078,13.357
4936616.97,18094,0.092,7.829,7.921
4936627.85,18095,0.078,5.1,5.178
4936659.31,18093,1.024,10.241,11.266
4936663.27,18094,0.088,9.338,9.426
4936684.97,18095,0.088,4.05,4.138
4936692.33,18093,0.117,8.063,8.18
4936696.61,18094,0.079,9.337,9.415
4936702.18,18095,0.076,4.049,4.125
4936727.4,18094,0.045,8.048,8.094
4936727.49,18093,0.122,7.727,7.85
4936744.71,18095,1.535,4.12,5.654
4936782.21,18093,3.425,7.135,10.56
4936783.07,18094,2.337,9.993,12.33
4936794.6,18095,0.08,7.422,7.502
4936799.21,18093,0.078,7.096,7.175
4936819.69,18094,0.066,7.048,7.114
4936823.17,18095,0.095,4.06,4.154
4936900.21,18093,0.102,8.651,8.754
4936902.43,18094,0.139,6.344,6.483
4936913.02,18095,0.115,5.914,6.029
4936946.92,18093,0.096,5.523,5.62
4936947.95,18094,0.055,4.689,4.744
4936977.19,18093,2.518,3.989,6.507
4936979.08,18095,2.029,7.994,10.023
4937019.09,18094,0.086,5.006,5.092
4937027.17,18095,0.058,6.067,6.125
4937027.48,18093,0.162,8.264,8.426
4937031.94,18094,0.05,5.151,5.201
4937054.8,18095,0.081,5.134,5.214
4937064.43,18093,0.064,5.847,5.911
4937086.1,18094,0.074,3.975,4.049
4937089.53,18095,0.066,3.972,4.037
4937157.24,18094,0.084,4.125,4.21
4937186.06,18093,0.096,4.157,4.252
4937248.05,18095,0.431,3.954,4.385
4937250.81,18094,0.072,4.116,4.189
4937260.18,18095,0.113,4.002,4.115
4937278.42,18093,0.07,4.613,4.683
4937284.39,18094,0.083,4.107,4.19
4937292.95,18095,0.165,6.062,6.226
4937293.85,18093,0.062,4.076,4.138
4937323.65,18094,0.093,3.955,4.048
4937366.62,18095,0.17,4.273,4.443
4937397.58,18093,1.575,4.046,5.621
4937399.23,18094,0.059,4.127,4.186
4937407.51,18095,0.085,6.103,6.188
4937411.74,18093,0.054,6.532,6.586
4937419.09,18094,2.026,8.019,10.045
4937430.35,18093,0.069,8.058,8.127
4937441.53,18095,0.1,4.952,5.052
4937446.06,18094,0.091,4.124,4.215
4937454.17,18093,0.081,8.035,8.116
4937493.14,18094,0.204,6.41,6.614
4937507.03,18095,0.145,5.786,5.932
4937508.21,18093,0.077,8.117,8.195
4937533.23,18094,0.116,4.056,4.172
4937547.21,18095,0.1,3.983,4.083
4937574.45,18093,0.09,8.058,8.148
4937587.22,18094,0.063,8.111,8.173
4937603.13,18095,0.072,5.334,5.406
4937616.06,18093,0.784,8.996,9.78
4937619.09,18094,1.186,3.991,5.177
4937636.55,18093,0.149,4.019,4.168
4937639.0,18095,0.085,4.15,4.235
4937656.53,18094,0.072,5.812,5.885
4937682.79,18093,0.09,6.01,6.1
4937721.44,18095,0.133,4.06,4.193
4937728.72,18094,0.116,4.035,4.15
4937754.07,18093,0.091,4.074,4.164
4937763.1,18094,0.065,3.99,4.055
4937767.15,18095,0.235,12.898,13.133
4937769.14,18094,0.063,4.044,4.107
4937772.14,18093,0.055,12.701,12.756
4937776.94,18095,0.07,7.029,7.099
4937817.6,18094,0.071,7.922,7.993
4937820.95,18093,0.059,10.06,10.119
4937822.66,18095,0.047,8.044,8.091
4937828.05,18094,1.828,7.993,9.821
4937829.34,18093,0.082,3.974,4.056
4937901.13,18095,0.076,8.01,8.085
4937906.5,18095,6.19,5.27,11.461
4937926.81,18093,0.071,4.03,4.101
4937934.07,18094,0.063,3.964,4.027
4937945.1,18095,0.05,8.017,8.067
4937963.83,18093,0.084,5.981,6.066
4937987.76,18094,0.087,8.478,8.565
4938018.11,18095,0.079,8.841,8.92
4938062.45,18093,0.105,4.114,4.219
4938067.86,18094,0.109,4.009,4.118
4938078.63,18095,0.068,4.109,4.177
4938089.79,18093,0.07,5.136,5.206
4938102.9,18094,0.067,7.013,7.08
4938118.35,18095,0.059,9.247,9.306
4938124.25,18093,1.174,6.138,7.312
4938128.1,18095,0.46,6.044,6.503
4938146.27,18094,0.079,4.147,4.225
4938153.09,18094,0.073,4.215,4.288
4938153.22,18093,0.057,8.082,8.139
4938157.72,18095,0.076,4.174,4.25
4938168.42,18094,0.076,4.059,4.135
4938198.44,18093,0.107,4.105,4.212
4938206.12,18095,1.919,8.036,9.955
4938241.9,18093,0.111,4.079,4.189
4938253.78,18095,0.059,6.019,6.078
4938254.28,18093,0.069,4.045,4.114
4938255.19,18094,0.285,8.193,8.478
4938269.51,18095,0.244,5.437,5.681
4938280.0,18093,0.099,3.986,4.085
4938299.32,18094,0.235,6.177,6.412
4938345.99,18095,0.127,4.16,4.287
4938394.33,18093,0.138,9.107,9.245
4938408.64,18094,0.104,7.052,7.156
4938438.67,18095,0.121,4.151,4.272
4938451.61,18093,0.658,4.359,5.018
4938454.23,18094,0.087,4.088,4.175
4938476.87,18095,0.109,8.477,8.585
4938490.29,18093,1.113,4.11,5.222
4938513.23,18094,2.918,8.112,11.03
4938519.94,18095,0.149,4.079,4.227
4938529.16,18093,0.121,4.127,4.248
4938572.24,18095,0.198,10.052,10.251
4938572.37,18094,4.348,8.313,12.661
4938597.31,18093,1.624,4.136,5.76
4938637.14,18095,0.138,5.149,5.287
4938686.88,18094,0.175,4.287,4.462
4938738.72,18093,0.153,4.141,4.295
4938756.8,18095,0.124,4.11,4.234
4938782.6,18094,0.094,8.146,8.241
4938820.84,18093,0.155,4.083,4.239
4938833.24,18095,0.122,4.025,4.148
4938989.32,18094,0.154,7.296,7.45
4939077.12,18093,0.546,8.982,9.528
4939111.36,18095,0.102,4.37,4.472
4939179.13,18094,0.131,3.999,4.13
4939245.47,18093,0.185,4.821,5.006
4939260.2,18095,0.087,4.047,4.135
4939343.58,18094,0.099,6.121,6.219
4939345.82,18093,0.058,4.727,4.784
4939448.2,18095,2.072,8.047,10.119
4939470.41,18094,0.122,4.125,4.247
4939555.87,18093,0.154,4.215,4.37
4939569.79,18095,0.101,4.203,4.305
4939868.34,18094,1.131,4.156,5.287
4939993.19,18093,0.137,4.025,4.163
4940064.0,18095,0.179,3.95,4.128
4940186.12,18094,0.141,10.016,10.157
4940245.48,18093,0.14,4.066,4.206
4940259.39,18095,0.112,7.063,7.175
4940319.2,18094,0.1,6.026,6.126
4940477.1,18093,0.148,7.738,7.887
4940514.69,18095,0.147,8.465,8.612
4940564.92,18094,0.811,5.75,6.561
4940590.14,18095,0.377,8.042,8.419
4940591.69,18093,0.131,11.058,11.19
4940594.66,18094,0.085,4.106,4.191
4940613.62,18093,0.148,4.223,4.371
4940633.55,18095,2.032,5.453,7.485
4940718.99,18094,0.204,6.572,6.776
4940750.35,18093,0.422,4.054,4.476
4940761.6,18095,0.117,4.41,4.528
4940895.14,18094,0.137,3.972,4.11
4940956.1,18093,0.188,10.202,10.39
4941048.75,18095,0.111,4.236,4.347
4941060.31,18093,0.062,4.086,4.148
4941060.55,18094,0.096,6.237,6.333
4941066.9,18095,0.087,6.18,6.267
4941327.87,18093,0.139,5.053,5.193
4941410.42,18094,0.121,8.229,8.349
4941465.42,18095,0.153,8.21,8.363
4941509.66,18094,0.059,9.063,9.122
4941510.28,18093,0.128,10.269,10.397
4941527.52,18095,0.075,8.394,8.47
4941531.26,18094,0.102,4.115,4.217
4941597.28,18093,0.135,3.95,4.086
4941605.88,18095,0.065,6.012,6.078
4941766.78,18094,0.229,8.635,8.864
4941778.97,18093,0.12,7.061,7.181
4941782.58,18095,0.117,7.078,7.195
4941831.41,18094,0.181,4.031,4.213
4941874.37,18093,0.102,4.114,4.216
4941887.63,18095,0.076,5.835,5.91
4941894.95,18094,1.002,3.914,4.917
4942119.23,18093,0.155,3.991,4.146
4942151.39,18095,0.116,6.036,6.152
4942181.1,18094,0.249,6.106,6.355
4942229.81,18093,0.118,6.984,7.102
4942492.38,18095,0.173,8.146,8.32
4942520.06,18093,0.098,8.075,8.173
4942521.47,18094,0.218,11.126,11.344
4942634.63,18095,0.137,8.047,8.184
4942635.97,18093,0.081,3.954,4.035
4942849.23,18094,0.228,4.395,4.623
4942991.88,18095,0.126,4.061,4.187
4943287.38,18093,0.159,8.082,8.241
4943341.73,18094,0.149,4.029,4.178
4943509.25,18095,2.041,8.139,10.181
4943600.82,18093,0.161,4.074,4.234
4943621.73,18094,0.151,3.963,4.114
4943718.77,18095,0.099,4.141,4.239
4943769.21,18093,0.133,4.521,4.654
4943843.19,18094,0.217,6.97,7.187
4943861.55,18095,0.126,4.036,4.162
4943876.07,18093,0.104,5.899,6.003
4943957.15,18094,0.103,7.981,8.084
4944017.05,18095,0.106,4.277,4.382
4944053.67,18093,0.098,4.219,4.316
4944091.82,18094,0.089,4.058,4.147
4944130.73,18095,0.091,6.029,6.12
4944167.43,18093,0.101,4.21,4.312
4944190.64,18094,0.08,7.458,7.537
4944232.98,18095,0.088,4.015,4.102
4944283.53,18093,0.09,8.021,8.111
4944385.37,18094,0.105,4.085,4.19
4944559.9,18095,0.112,6.321,6.433
4944678.31,18093,0.192,5.06,5.252
4944795.72,18094,0.165,4.954,5.119
4944816.31,18095,0.857,8.091,8.948
4944845.21,18093,2.003,4.13,6.134
4944900.45,18094,0.143,4.125,4.268
4944909.42,18095,0.675,4.194,4.869
4945002.17,18093,0.106,6.158,6.265
4945106.93,18094,0.1,4.166,4.267
4945148.84,18095,0.089,6.296,6.385
4945169.84,18093,0.157,6.305,6.462
4945176.69,18094,0.078,8.016,8.094
4945189.55,18093,0.103,7.99,8.093
4945201.24,18095,0.082,6.004,6.086
4945207.41,18094,0.073,4.115,4.188
4945211.51,18093,0.095,3.947,4.042
4945232.56,18095,0.066,5.977,6.043
4945246.37,18094,0.091,4.081,4.172
4945274.03,18093,0.366,3.992,4.358
4945289.47,18095,0.077,4.107,4.184
4945317.19,18094,0.08,8.056,8.136
4945337.15,18093,2.198,8.07,10.268
4945350.58,18095,0.092,5.682,5.774
4945351.26,18094,0.055,4.025,4.08
4945367.02,18093,0.133,8.226,8.36
4945373.45,18095,0.068,4.092,4.16
4945378.72,18094,0.102,6.247,6.35
4945402.4,18093,0.094,9.756,9.85
4945403.11,18095,0.062,8.499,8.561
4945508.51,18094,0.078,6.324,6.402
4945514.57,18093,0.062,8.629,8.691
4945518.25,18095,0.058,8.151,8.209
4945518.72,18094,0.046,7.037,7.083
4945532.53,18093,0.072,4.021,4.093
4945543.74,18095,0.083,4.965,5.048
4945545.11,18094,0.061,4.013,4.074
4945581.79,18093,0.092,4.053,4.145
4945646.23,18095,3.524,11.136,14.66
4945681.53,18094,0.087,4.072,4.159
4945691.24,18093,0.071,5.025,5.096
4945695.94,18095,0.063,4.07,4.132
4945717.07,18094,1.01,8.007,9.018
4945732.44,18093,0.069,5.344,5.413
4945757.08,18095,0.149,6.316,6.465
4945758.92,18094,0.086,4.105,4.191
4945771.61,18093,0.145,4.126,4.27
4945796.12,18095,0.081,12.042,12.123
4945796.26,18094,1.874,10.157,12.031
4945816.15,18093,0.948,8.069,9.017
4945834.56,18094,0.082,4.065,4.147
4945889.36,18095,0.175,8.098,8.273
4945936.31,18094,0.095,4.057,4.153
4945938.58,18093,0.238,7.414,7.652
4945939.17,18095,0.061,5.058,5.118
4945978.6,18094,0.094,13.95,14.044
4945980.74,18093,0.088,8.601,8.688
4946010.23,18095,0.145,4.044,4.19
4946053.13,18095,0.056,3.898,3.954
4946055.91,18093,0.073,9.131,9.204
4946058.28,18094,2.317,14.115,16.433
4946062.11,18095,0.071,3.991,4.062
4946078.82,18094,0.068,12.7,12.768
4946086.14,18093,0.075,8.023,8.099
4946113.53,18095,0.087,4.017,4.104
4946120.51,18094,0.132,4.219,4.352
4946129.36,18093,0.083,3.929,4.012
4946136.39,18095,0.129,5.626,5.754
4946138.38,18094,0.089,4.273,4.363
4946181.05,18093,0.068,7.805,7.873
4946183.81,18094,0.06,5.261,5.321
4946185.05,18095,1.16,5.955,7.115
4946214.68,18093,0.083,4.553,4.636
4946226.53,18094,0.174,10.198,10.372
4946283.73,18095,0.156,4.125,4.281
4946308.13,18093,0.083,7.939,8.022
4946320.08,18094,1.507,8.01,9.517
4946352.85,18095,0.068,6.661,6.729
4946354.34,18093,0.064,4.053,4.117
4946427.15,18094,0.088,8.014,8.102
4946584.24,18095,0.125,6.497,6.622
4946653.58,18093,0.13,4.029,4.159
4946673.74,18094,0.236,3.937,4.173
4946767.21,18095,2.394,12.036,14.43
4946767.51,18093,0.114,10.343,10.457
4946790.0,18094,0.171,6.988,7.16
4946874.31,18095,0.107,4.416,4.523
4946945.12,18093,0.159,4.262,4.421
4946952.62,18094,0.115,7.103,7.217
4946967.2,18095,2.236,4.028,6.265
4947012.27,18093,0.154,4.091,4.245
4947017.06,18094,0.104,4.194,4.298
4947072.38,18095,1.713,5.22,6.933
4947084.75,18093,0.099,3.986,4.086
4947104.91,18094,0.218,12.83,13.049
4947105.27,18095,0.061,10.189,10.25
4947125.24,18093,0.083,3.998,4.081
4947180.79,18094,2.028,9.714,11.741
4947183.62,18095,0.064,10.079,10.143
4947210.87,18093,0.14,6.111,6.251
4947213.28,18094,0.084,5.973,6.057
4947227.55,18095,0.075,4.063,4.139
4947248.82,18093,0.071,7.983,8.055
4947257.19,18094,0.05,13.973,14.023
4947259.48,18095,2.374,6.071,8.445
4947294.35,18093,0.092,5.667,5.759
4947306.83,18094,0.071,4.278,4.35
4947318.17,18095,0.106,5.031,5.137
4947322.99,18093,0.072,4.094,4.166
4947327.77,18094,0.065,4.029,4.094
4947354.15,18095,0.063,7.038,7.101
4947398.35,18093,0.078,7.219,7.297
4947433.7,18094,0.095,7.136,7.231
4947435.1,18095,0.058,4.075,4.133
4947452.11,18093,0.074,4.06,4.135
4947484.14,18094,0.084,5.001,5.086
4947508.63,18095,0.101,6.066,6.167
4947514.01,18093,0.704,5.26,5.964
4947518.52,18094,0.085,4.123,4.208
4947539.48,18093,0.085,3.971,4.056
4947539.5,18095,0.064,6.017,6.082
4947548.59,18094,0.081,4.273,4.354
4947563.25,18095,0.077,5.976,6.053
4947597.3,18093,0.081,4.217,4.297
4947638.23,18094,0.088,8.099,8.187
4947647.84,18095,0.065,6.057,6.122
4947678.09,18093,0.074,11.077,11.151
4947678.2,18094,0.051,6.116,6.167
4947693.8,18095,0.147,3.994,4.141
4947705.14,18093,0.082,6.136,6.218
4947726.41,18094,3.548,8.341,11.889
4947732.09,18095,2.663,8.038,10.702
4947750.62,18093,0.07,6.983,7.053
4947759.11,18094,0.068,7.065,7.133
4947766.97,18095,0.09,4.065,4.155
4947780.43,18093,0.065,6.067,6.132
4947796.2,18094,0.076,9.084,9.16
4947817.27,18095,0.082,4.076,4.158
4947826.21,18093,0.104,6.096,6.2
4947832.18,18094,2.212,8.06,10.273
4947850.37,18095,0.077,4.052,4.129
4947875.1,18093,0.069,5.99,6.059
4947894.67,18094,0.129,4.662,4.791
4947968.27,18095,1.553,6.024,7.577
4947969.35,18093,0.092,4.089,4.181
4948012.42,18094,0.146,6.13,6.276
4948019.53,18095,1.029,7.454,8.482
4948036.84,18094,0.072,9.101,9.173
4948037.37,18093,0.091,11.36,11.451
4948047.44,18095,0.105,8.063,8.168
4948047.63,18094,0.054,4.155,4.209
4948059.43,18093,0.054,4.071,4.125
4948080.0,18094,0.086,4.093,4.179
4948086.73,18095,0.075,4.812,4.887
4948110.22,18093,1.651,10.104,11.755
4948114.23,18094,0.059,9.462,9.521
4948117.84,18095,0.068,4.212,4.28
4948124.21,18094,0.921,8.144,9.065
4948131.67,18093,0.081,9.054,9.135
4948136.52,18095,0.06,8.22,8.28
4948143.73,18093,0.066,4.03,4.096
4948147.07,18094,0.062,8.109,8.171
4948147.93,18095,0.059,4.065,4.124
4948159.39,18093,0.065,3.971,4.036
4948203.73,18095,0.095,7.408,7.504
4948248.12,18094,0.089,10.088,10.178
4948275.51,18093,0.067,4.01,4.077
4948299.34,18095,0.09,4.1,4.19
4948303.92,18094,0.792,4.357,5.149
4948350.69,18093,0.071,8.03,8.101
4948372.31,18095,0.09,4.093,4.184
4948376.11,18094,0.054,5.579,5.633
4948382.85,18093,0.054,4.351,4.405
4948386.77,18095,0.077,4.26,4.337
4948389.32,18093,0.061,5.192,5.253
4948399.62,18094,0.065,6.594,6.659
4948410.57,18095,0.052,6.062,6.114
4948479.7,18093,0.082,6.024,6.106
4948520.9,18094,0.065,4.003,4.068
4948565.65,18095,0.095,4.501,4.596
4948594.12,18093,0.102,7.033,7.136
4948599.74,18094,0.061,6.221,6.282
4948607.15,18095,0.849,5.034,5.883
4948609.85,18093,1.025,7.775,8.799
4948694.86,18094,0.106,4.026,4.132
4948727.62,18095,0.163,3.976,4.139
4948734.65,18093,0.067,4.054,4.121
4948743.8,18094,0.08,6.676,6.756
4948761.95,18095,1.047,11.851,12.898
4948766.67,18093,4.195,12.586,16.781
4948772.22,18094,0.052,16.111,16.164
4948775.18,18093,8.712,8.426,17.138
4948779.9,18095,11.343,10.168,21.512
4948782.37,18094,7.295,10.035,17.33
4948822.75,18093,0.105,9.119,9.224
4948909.68,18094,0.533,4.102,4.635
4948956.15,18095,1.912,3.987,5.899
4948996.65,18093,0.159,8.145,8.304
4949136.81,18094,0.12,4.247,4.367
4949177.41,18095,0.113,4.114,4.227
4949207.06,18093,0.105,8.014,8.119
4949428.84,18094,0.144,4.026,4.17
4949445.55,18095,0.115,5.367,5.482
4949473.02,18093,0.124,5.064,5.188
4949479.29,18094,1.03,4.05,5.08
4949485.73,18095,0.079,6.135,6.214
4949487.84,18093,0.05,4.76,4.81
4949494.67,18094,0.089,4.021,4.11
4949532.12,18095,0.061,16.015,16.076
4949536.06,18093,0.045,17.01,17.055
4949542.29,18094,0.047,16.189,16.236
4949548.29,18095,1.72,16.096,17.816
4949548.53,18093,2.099,12.381,14.48
4949550.63,18094,4.342,8.259,12.6
4949562.32,18095,0.088,4.19,4.278
4949565.08,18093,0.065,4.869,4.934
4949584.09,18094,0.085,8.089,8.174
4949588.33,18095,0.055,4.009,4.064
4949594.14,18093,0.051,6.251,6.302
4949629.96,18095,0.077,8.382,8.458
4949637.41,18094,0.069,4.005,4.074
4949642.51,18093,0.064,4.03,4.094
4949669.43,18095,0.093,4.217,4.311
4949677.21,18095,0.057,4.104,4.161
4949679.0,18094,3.021,8.932,11.953
4949685.78,18093,0.064,13.169,13.233
4949693.52,18095,0.088,4.143,4.231
4949707.62,18094,0.153,4.109,4.262
4949779.16,18093,0.093,8.02,8.113
4949784.81,18095,0.069,4.059,4.128
4949806.72,18094,0.081,5.952,6.033
4949825.59,18093,0.076,4.018,4.095
4949838.76,18095,0.084,4.727,4.811
4949892.67,18094,0.111,7.884,7.995
4949893.29,18093,0.08,5.994,6.075
4949916.8,18095,0.089,4.181,4.27
4949943.09,18094,1.122,7.012,8.134
4949967.53,18093,0.137,4.034,4.171
4949971.3,18095,0.088,4.057,4.146
4950010.92,18093,0.16,4.291,4.451
4950024.33,18094,0.152,6.135,6.286
4950055.11,18095,1.705,3.96,5.665
4950078.05,18093,1.337,5.938,7.275
4950082.36,18094,0.071,9.998,10.07
4950084.1,18095,0.056,8.001,8.057
4950104.35,18094,0.06,5.255,5.315
4950104.63,18093,0.105,7.973,8.078
4950115.85,18095,0.107,4.173,4.28
4950129.48,18094,0.153,4.858,5.012
4950157.08,18093,2.124,7.965,10.089
4950173.11,18093,1.932,6.038,7.97
4950173.23,18095,0.108,12.129,12.237
4950173.59,18094,0.1,10.447,10.547
4950197.63,18093,0.064,7.52,7.584
4950199.46,18095,0.063,4.063,4.125
4950206.49,18094,0.067,4.094,4.161
4950339.15,18093,0.69,5.608,6.298
4950359.21,18095,0.08,4.231,4.311
4950373.12,18094,0.065,4.009,4.073
4950399.53,18093,0.07,5.108,5.178
4950411.16,18095,0.062,6.054,6.116
4950427.39,18094,0.16,4.141,4.301
4950466.86,18093,0.081,4.078,4.16
4950483.16,18095,0.069,9.045,9.114
4950492.78,18094,0.061,6.049,6.11
4950587.55,18093,0.098,3.95,4.047
4950610.71,18095,0.083,5.571,5.654
4950643.45,18094,0.095,5.102,5.197
4950662.2,18093,0.093,4.047,4.14
4950687.59,18095,0.069,5.471,5.539
4950731.54,18094,0.171,4.107,4.279
4950738.03,18093,0.139,4.079,4.219
4950797.77,18095,0.073,7.655,7.728
4950822.57,18094,0.139,4.108,4.247
4950897.18,18093,0.131,6.605,6.736
4950952.64,18095,0.136,4.838,4.974
4950973.14,18094,1.041,4.046,5.087
4951155.84,18093,0.189,6.405,6.593
4951171.18,18095,1.045,7.071,8.117
4951224.74,18094,0.131,4.072,4.204
4951327.15,18093,0.117,7.961,8.078
4951424.03,18095,0.177,6.079,6.255
4951432.57,18094,0.085,3.981,4.065
4951476.19,18095,0.081,5.051,5.133
4951477.13,18093,2.076,7.991,10.067
4951531.4,18094,0.232,4.247,4.48
4951621.83,18093,0.12,5.756,5.877
4951629.34,18095,0.076,7.355,7.431
4951636.85,18094,0.075,5.01,5.084
4951692.58,18093,0.112,7.908,8.019
4951694.8,18095,0.114,5.634,5.748
4951702.53,18094,0.077,5.232,5.308
4951756.6,18093,0.107,4.093,4.201
4951789.28,18095,0.101,11.136,11.237
4951795.42,18094,0.073,9.297,9.37
4951821.4,18093,0.075,4.955,5.03
4951888.57,18095,0.083,4.156,4.239
4951909.39,18094,0.131,4.049,4.18
4951916.52,18093,0.104,3.98,4.084
4951996.25,18095,0.982,4.07,5.052
4952064.34,18094,0.148,4.115,4.263
4952082.27,18093,0.129,4.245,4.374
4952194.31,18095,0.175,7.793,7.968
4952195.86,18094,0.074,7.474,7.548
4952371.4,18093,0.117,3.997,4.113
4952390.46,18095,0.097,7.295,7.393
4952436.46,18094,0.089,4.145,4.234
4952643.86,18093,0.141,6.643,6.784
4952653.28,18095,0.111,8.113,8.224
4952674.58,18094,0.105,4.007,4.112
4952716.17,18093,0.697,15.042,15.74
4952722.75,18095,0.967,14.104,15.071
4952728.17,18094,0.059,17.37,17.429
4952732.19,18093,1.802,14.133,15.935
4952737.45,18095,2.106,14.598,16.705
4952743.05,18094,4.203,14.796,18.999
4952746.48,18095,0.832,5.413,6.245
4952747.61,18093,0.061,9.083,9.144
4952763.07,18094,0.149,7.94,8.09
4952763.19,18095,0.154,7.039,7.193
4952813.62,18093,0.087,4.018,4.105
4952820.13,18095,0.079,5.404,5.483
4952828.21,18094,0.075,6.335,6.411
4952845.94,18095,0.049,6.007,6.057
4952848.52,18093,0.084,10.337,10.421
4952851.89,18094,0.058,7.887,7.945
4952854.95,18093,0.085,6.267,6.352
4952878.63,18095,0.079,5.199,5.278
4952887.02,18094,0.062,3.909,3.97
4952915.78,18093,0.075,4.095,4.17
4952916.92,18095,0.094,4.026,4.121
4952956.64,18094,1.922,11.493,13.414
4952960.49,18093,0.081,4.071,4.153
4952966.8,18094,0.064,8.237,8.301
4953001.81,18093,0.129,4.133,4.262
4953010.31,18095,0.083,4.127,4.209
4953019.87,18094,0.077,6.02,6.096
4953030.73,18093,0.09,8.278,8.368
4953042.2,18095,0.068,10.049,10.116
4953055.91,18093,1.831,6.035,7.866
4953056.18,18094,0.067,13.225,13.292
4953059.99,18093,4.21,4.003,8.214
4953061.91,18095,2.021,10.069,12.09
4953069.29,18093,0.066,4.173,4.239
4953074.05,18094,0.062,11.148,11.21
4953100.74,18095,0.086,4.049,4.135
4953104.88,18093,0.099,3.992,4.091
4953141.21,18094,0.086,8.159,8.245
4953212.23,18095,0.174,4.077,4.252
4953216.43,18093,1.228,3.991,5.219
4953238.5,18094,0.105,7.851,7.956
4953258.57,18095,0.079,7.945,8.024
4953280.6,18093,0.087,4.041,4.127
4953291.02,18094,0.111,9.563,9.675
4953291.53,18095,0.064,8.437,8.501
4953293.6,18093,0.046,5.522,5.568
4953306.02,18094,0.113,5.889,6.002
4953321.91,18095,0.071,6.063,6.133
4953336.9,18094,0.06,7.999,8.059
4953337.44,18093,2.061,10.332,12.394
4953353.95,18095,0.091,4.203,4.293
4953387.16,18094,2.712,8.089,10.802
4953390.5,18093,1.788,6.404,8.192
4953392.5,18095,0.057,6.68,6.737
4953409.51,18094,0.106,7.483,7.589
4953415.59,18093,0.084,4.314,4.398
4953422.24,18095,0.079,4.178,4.257
4953449.7,18094,0.089,4.088,4.177
4953487.88,18093,0.09,4.109,4.199
4953520.2,18095,1.913,9.1,11.013
4953525.58,18094,0.079,4.082,4.161
4953547.74,18093,0.09,4.012,4.102
4953567.17,18095,0.089,4.004,4.093
4953606.3,18094,0.101,6.127,6.228
4953616.74,18093,0.103,5.74,5.843
4953646.6,18095,0.101,4.135,4.235
4953677.06,18094,0.117,3.875,3.991
4953769.08,18093,0.141,4.186,4.326
4953794.79,18095,0.084,4.042,4.127
4953805.65,18094,0.069,7.837,7.906
4953821.84,18093,0.082,4.093,4.174
4953830.48,18095,0.08,4.028,4.108
4953875.94,18094,0.093,6.068,6.161
4953901.21,18093,0.083,9.081,9.164
4953934.56,18095,0.109,4.242,4.351
4953941.96,18094,0.078,10.239,10.318
4953945.59,18093,0.087,9.063,9.15
4953946.82,18095,0.053,6.729,6.782
4953966.59,18094,0.357,8.184,8.542
4953969.64,18093,0.067,4.034,4.101
4953995.84,18095,0.079,5.071,5.15
4954009.21,18094,0.094,8.237,8.331
4954031.59,18093,0.092,4.398,4.489
4954075.56,18095,0.087,3.924,4.011
4954159.73,18094,0.103,6.699,6.801
4954206.29,18093,0.144,4.06,4.203
4954338.48,18095,0.152,7.054,7.206
4954396.27,18094,0.168,4.148,4.316
4954440.21,18093,0.103,5.701,5.803
4954467.28,18095,0.093,5.396,5.49
4954537.64,18094,2.181,4.438,6.619
4954553.2,18093,0.092,4.317,4.409
4954586.05,18095,0.094,4.199,4.293
4954659.99,18094,0.138,6.036,6.174
4954689.25,18093,0.137,4.348,4.485
4954693.86,18095,0.088,4.697,4.785
4954702.42,18094,0.099,4.137,4.236
4954778.89,18093,0.197,4.296,4.493
4954790.87,18095,0.089,4.177,4.266
4954970.55,18094,1.98,10.293,12.273
4955001.09,18093,0.129,4.066,4.196
4955015.6,18095,0.12,4.094,4.214
4955077.15,18094,1.427,12.053,13.48
4955086.0,18093,0.079,4.004,4.084
4955291.04,18095,0.148,4.091,4.238
4955396.09,18094,0.159,8.25,8.41
4955493.67,18093,0.113,8.313,8.426
4955571.42,18095,0.124,7.228,7.352
4955616.05,18094,0.127,5.278,5.405
4955668.5,18093,0.105,4.009,4.114
4955699.26,18095,0.125,9.081,9.207
4955748.61,18094,0.13,4.366,4.496
4955814.51,18093,0.137,4.087,4.224
4955858.13,18095,1.067,8.018,9.084
4955883.27,18094,0.087,8.029,8.116
4956008.38,18093,0.121,7.038,7.159
4956027.23,18095,0.738,16.107,16.844
4956027.6,18094,1.903,12.388,14.291
4956050.25,18093,0.101,4.094,4.195
4956118.53,18095,1.031,7.443,8.475
4956286.92,18094,0.146,4.068,4.214
4956312.86,18093,0.233,4.061,4.294
4956391.99,18095,0.913,4.003,4.916
4956428.4,18094,0.09,4.079,4.169
4956435.24,18095,0.125,4.069,4.195
4956438.52,18093,0.098,8.963,9.061
4956445.78,18094,0.077,7.965,8.042
4956445.89,18095,0.052,5.804,5.856
4956453.91,18093,0.053,6.215,6.268
4956457.74,18095,0.057,3.975,4.033
4956492.39,18093,0.074,8.112,8.186
4956513.32,18094,0.188,7.662,7.85
4956513.94,18095,0.06,6.505,6.565
4956519.57,18093,0.061,6.903,6.964
4956521.64,18094,0.065,5.542,5.606
4956531.75,18095,0.073,4.55,4.623
4956540.55,18093,0.078,5.24,5.318
4956559.5,18094,2.032,6.388,8.42
4956603.51,18095,0.096,4.106,4.202
4956620.57,18093,0.095,4.061,4.156
4956648.64,18094,0.108,7.474,7.582
4956652.18,18095,1.604,6.088,7.692
4956663.97,18093,0.095,3.899,3.994
4956690.08,18094,0.081,4.097,4.177
4956729.81,18095,0.184,4.082,4.266
4956748.61,18093,0.087,5.999,6.086
4956764.87,18094,0.067,3.987,4.053
4956807.88,18095,0.162,3.982,4.144
4956839.42,18093,0.098,4.037,4.135
4956848.53,18094,0.097,4.14,4.238
4956872.35,18095,0.278,4.027,4.306
4956941.9,18093,0.085,5.021,5.106
4956952.39,18094,0.077,7.072,7.149
4956952.74,18095,0.799,4.003,4.802
4956964.16,18093,0.08,4.284,4.365
4956993.08,18094,0.095,3.919,4.014
4957039.28,18095,1.169,5.849,7.018
4957047.31,18093,0.072,5.197,5.269
4957065.32,18094,0.082,3.945,4.027
4957075.06,18095,0.109,5.956,6.065
4957105.88,18093,0.104,4.06,4.165
4957109.43,18094,0.064,5.322,5.386
4957115.85,18095,0.085,6.119,6.204
4957117.89,18093,0.047,5.785,5.832
4957126.57,18094,0.056,4.046,4.101
4957133.48,18093,0.047,5.99,6.036
4957135.69,18095,0.045,4.508,4.553
4957145.74,18094,0.092,3.993,4.085
4957199.71,18093,0.105,3.996,4.101
4957211.07,18095,0.086,4.066,4.151
4957238.02,18094,0.097,4.175,4.272
4957270.09,18093,0.068,13.975,14.043
4957276.22,18095,2.076,12.105,14.181
4957288.91,18094,0.086,5.757,5.844
4957291.87,18093,0.08,5.154,5.234
4957312.72,18095,0.13,3.963,4.093
4957343.91,18093,0.08,8.784,8.865
4957343.95,18094,0.104,6.117,6.221
4957348.48,18095,0.049,8.178,8.227
4957403.33,18094,0.316,4.145,4.461
4957415.6,18093,0.192,4.109,4.301
4957425.05,18095,0.071,7.717,7.787
4957440.46,18094,0.089,7.329,7.419
4957451.36,18093,0.063,8.097,8.16
4957459.91,18095,0.056,3.959,4.015
4957466.18,18094,0.051,6.179,6.23
4957468.33,18093,0.051,4.3,4.351
4957477.69,18095,0.05,4.273,4.323
4957487.79,18094,0.067,4.165,4.231
4957496.98,18093,0.059,4.061,4.12
4957537.2,18095,2.047,9.095,11.142
4957537.85,18094,0.079,6.718,6.797
4957550.42,18093,0.071,6.547,6.618
4957553.61,18095,0.066,6.9,6.966
4957556.19,18094,0.33,4.088,4.418
4957573.04,18095,1.114,3.956,5.07
4957602.32,18093,0.066,11.034,11.1
4957604.08,18094,2.443,10.0,12.443
4957612.44,18095,1.352,11.208,12.56
4957630.98,18093,0.141,6.33,6.47
4957663.18,18094,0.117,6.092,6.209
4957680.04,18095,0.078,7.919,7.997
4957703.58,18093,0.087,4.027,4.113
4957706.33,18094,0.067,4.075,4.142
4957718.45,18095,0.063,4.019,4.081
4957746.27,18093,0.153,4.112,4.265
4957771.22,18094,0.087,9.091,9.179
4957807.68,18095,0.086,4.201,4.286
4957842.15,18093,0.318,8.08,8.398
4957857.22,18094,0.064,12.391,12.455
4957858.02,18095,0.064,6.917,6.98
4957862.97,18093,0.055,5.089,5.144
4957904.59,18094,0.097,4.093,4.19
4957928.78,18095,0.078,6.029,6.107
4957982.05,18093,0.098,5.667,5.765
4957994.95,18094,0.081,6.81,6.891
4958007.52,18095,0.063,6.919,6.982
4958023.88,18093,0.066,6.768,6.834
4958035.39,18094,0.088,4.021,4.108
4958047.36,18095,0.081,8.254,8.335
4958047.55,18093,0.058,4.547,4.605
4958081.82,18094,0.097,7.202,7.299
4958083.79,18095,0.091,4.991,5.082
4958102.64,18093,0.081,5.211,5.292
4958118.66,18095,0.096,4.648,4.744
4958124.57,18095,0.074,3.981,4.056
4958126.7,18094,0.131,8.195,8.326
4958138.91,18093,0.079,4.17,4.249
4958139.54,18095,0.06,4.041,4.101
4958160.06,18094,0.082,8.018,8.101
4958170.02,18095,0.065,4.1,4.165
4958201.68,18093,0.179,4.275,4.455
4958329.7,18094,0.309,6.257,6.566
4958371.45,18095,1.569,6.226,7.796
4958424.66,18093,0.351,6.377,6.728
4958454.11,18094,2.066,9.993,12.06
4958468.46,18095,0.087,4.136,4.223
4958567.81,18093,0.107,5.518,5.625
4958660.31,18094,0.095,4.764,4.859
4958819.65,18095,0.101,6.271,6.372
4959015.25,18093,1.515,7.927,9.442
4959098.21,18094,0.123,6.051,6.174
4959220.79,18095,0.114,4.102,4.217
4959308.17,18093,0.121,9.749,9.87
4959314.9,18094,0.154,4.006,4.16
4959347.26,18095,0.231,4.075,4.306
4959399.86,18093,0.142,5.025,5.167
4959423.52,18094,0.133,4.967,5.1
4959521.11,18095,1.205,7.962,9.167
4959521.44,18093,0.087,6.314,6.401
4959566.37,18095,0.067,4.033,4.099
4959566.72,18094,0.11,5.11,5.22
4959662.16,18093,0.114,4.024,4.138
4959682.36,18095,0.096,5.134,5.23
4959685.34,18094,0.065,4.124,4.19
4959768.1,18095,0.161,8.093,8.254
4959785.05,18093,0.103,11.286,11.389
4959841.05,18094,0.098,4.534,4.633
4959925.89,18095,0.112,5.96,6.072
4959949.42,18093,0.086,8.182,8.268
4959958.37,18094,0.166,6.407,6.573
4960097.39,18095,0.129,4.016,4.145
4960119.62,18093,2.319,11.464,13.783
4960185.36,18094,0.223,4.244,4.467
4960201.1,18095,0.084,3.973,4.057
4960210.57,18093,0.065,10.075,10.14
4960240.75,18095,0.108,5.614,5.721
4960243.5,18094,0.064,4.956,5.019
4960245.55,18093,0.059,6.054,6.113
4960277.66,18095,0.078,4.996,5.074
4960308.62,18094,0.085,4.08,4.166
4960333.51,18093,0.179,4.06,4.239
4960352.89,18095,0.089,6.104,6.193
4960410.36,18094,1.803,7.225,9.028
4960416.31,18093,0.138,6.015,6.153
4960425.83,18094,0.074,4.488,4.562
4960442.13,18095,0.138,6.845,6.983
4960469.9,18093,0.143,7.094,7.237
4960498.15,18094,0.113,6.699,6.812
4960510.34,18095,2.243,5.254,7.497
4960528.25,18093,0.107,4.014,4.121
4960536.99,18094,0.11,4.203,4.312
4960541.82,18095,0.06,6.016,6.076
4960544.39,18094,0.081,4.146,4.227
4960551.68,18093,0.078,4.087,4.166
4960582.1,18095,3.036,8.019,11.055
4960583.15,18094,0.092,8.016,8.107
4960598.76,18093,0.068,5.043,5.111
4960678.1,18095,2.083,3.966,6.049
4960735.11,18094,0.085,6.42,6.505
4960744.41,18095,0.171,3.988,4.159
4960747.2,18093,0.188,7.668,7.857
4960750.06,18094,0.065,5.5,5.565
4960781.22,18095,2.026,8.156,10.182
4960782.2,18093,0.061,3.988,4.049
4960792.14,18094,0.072,6.007,6.079
4960807.85,18095,0.083,6.001,6.084
4960824.66,18093,0.083,6.115,6.198
4960834.05,18094,0.11,5.965,6.075
4960839.42,18093,0.077,5.987,6.064
4960839.54,18095,0.091,8.494,8.585
4960852.57,18094,0.105,10.175,10.28
4960859.39,18093,0.082,13.245,13.326
4960861.09,18095,0.07,10.988,11.059
4960885.24,18094,1.496,13.136,14.632
4960910.59,18093,0.077,3.891,3.968
4960981.31,18095,0.071,16.386,16.456
4960982.75,18094,0.079,13.664,13.743
4960987.95,18093,4.288,10.903,15.191
4960996.72,18095,0.05,15.279,15.329
4960999.73,18094,1.087,14.676,15.764
4961007.99,18094,1.694,8.147,9.841
4961008.83,18093,0.059,12.001,12.06
4961011.65,18095,0.056,14.089,14.145
4961056.46,18094,0.802,8.275,9.077
4961061.21,18093,0.065,9.098,9.163
4961077.98,18095,0.081,5.026,5.107
4961099.3,18094,0.086,4.06,4.146
4961103.07,18093,0.063,5.291,5.354
4961106.56,18094,0.07,4.238,4.307
4961125.68,18095,0.08,8.145,8.225
4961144.44,18093,0.072,5.327,5.398
4961149.36,18094,0.067,5.245,5.312
4961207.19,18095,2.014,8.117,10.131
4961215.48,18093,0.073,7.069,7.142
4961251.27,18094,0.068,8.01,8.078
4961256.01,18095,0.054,4.629,4.684
4961267.03,18093,0.074,4.136,4.21
4961281.39,18094,0.096,8.021,8.117
4961298.25,18095,1.582,8.045,9.627
4961326.41,18093,0.086,7.057,7.143
4961342.68,18094,0.125,4.075,4.2
4961380.09,18095,1.094,3.996,5.09
4961399.15,18094,1.913,4.078,5.991
4961399.2,18093,0.083,7.915,7.998
4961414.59,18095,1.554,6.478,8.032
4961459.68,18094,0.336,4.333,4.669
4961478.87,18093,0.123,11.675,11.798
4961483.13,18095,0.127,9.038,9.165
4961489.57,18094,0.093,3.943,4.035
4961499.55,18093,0.061,9.076,9.137
4961507.17,18094,1.457,6.091,7.548
4961558.21,18095,0.091,6.613,6.703
4961567.2,18093,0.076,6.207,6.283
4961631.86,18094,0.132,4.231,4.363
4961642.62,18095,0.085,8.453,8.538
4961642.99,18093,0.071,6.817,6.888
4961763.44,18094,1.408,5.351,6.759
4961777.24,18095,0.097,4.369,4.466
4961784.0,18093,0.094,4.283,4.376
4961873.39,18094,0.113,4.075,4.188
4961892.17,18095,0.085,8.954,9.039
4961969.77,18093,0.087,6.137,6.224
4961980.1,18094,0.062,14.996,15.057
4961983.52,18095,0.079,9.511,9.59
4962005.94,18093,0.074,4.275,4.349
4962008.76,18094,0.113,3.988,4.102
4962020.37,18095,0.072,9.036,9.108
4962021.41,18093,0.055,7.037,7.092
4962030.1,18094,0.085,4.109,4.194
4962053.92,18093,0.061,9.922,9.984
4962054.23,18095,0.091,14.959,15.05
4962062.65,18094,0.079,6.907,6.986
4962069.86,18095,0.072,7.109,7.181
4962085.73,18093,0.07,4.074,4.144
4962122.9,18094,0.125,4.138,4.263
4962149.87,18095,0.083,6.711,6.794
4962194.23,18093,0.101,4.438,4.539
4962242.08,18094,1.529,11.983,13.513
4962252.02,18095,0.073,5.885,5.958
4962253.24,18093,0.053,7.012,7.065
4962288.83,18094,0.089,5.133,5.223
4962297.2,18095,0.067,8.072,8.139
4962299.24,18093,0.111,4.085,4.197
4962310.41,18094,0.063,6.096,6.159
4962329.34,18095,0.07,3.997,4.067
4962351.28,18093,0.758,9.194,9.952
4962358.1,18094,0.082,5.974,6.056
4962372.62,18095,0.097,6.367,6.464
4962403.48,18093,0.091,8.431,8.522
4962457.62,18094,0.101,4.17,4.271
4962577.0,18095,0.165,7.073,7.237
4962618.16,18093,1.608,10.006,11.614
4962622.84,18094,0.072,6.092,6.164
4962688.1,18093,2.096,8.025,10.121
4962743.01,18095,0.1,4.197,4.297
4962774.25,18094,0.123,4.004,4.126
4962815.14,18093,0.102,4.197,4.299
4962828.79,18095,0.149,4.158,4.307
4962885.43,18094,0.094,4.151,4.245
4962897.94,18093,0.09,5.995,6.085
4962930.06,18095,0.182,7.897,8.079
4962991.19,18094,0.099,6.034,6.134
4963000.45,18093,0.095,4.003,4.098
4963211.05,18095,0.167,6.016,6.183
4963241.7,18094,0.154,6.12,6.275
4963265.84,18093,0.085,5.993,6.078
4963335.47,18095,0.113,8.019,8.132
4963452.21,18094,0.212,4.05,4.262
4963513.81,18093,0.095,4.139,4.235
4963538.75,18095,0.249,4.3,4.549
4963592.3,18094,0.134,6.076,6.211
4963596.42,18093,0.063,6.316,6.379
4963628.5,18095,0.109,4.05,4.158
4963646.37,18094,0.172,4.202,4.375
4963654.03,18093,0.128,3.991,4.119
4963691.7,18095,0.081,3.952,4.033
4963699.18,18094,0.051,8.089,8.14
4963700.11,18095,0.059,3.907,3.966
4963706.71,18093,0.056,3.991,4.047
4963723.09,18094,0.129,3.989,4.118
4963841.66,18095,0.121,5.126,5.247
4963867.92,18093,0.093,7.275,7.368
4963998.65,18094,0.147,6.249,6.395
4964330.99,18095,0.132,4.057,4.189
4964340.33,18093,0.104,7.165,7.269
4964498.22,18094,1.74,8.067,9.807
4964593.85,18095,0.157,4.218,4.375
4964646.8,18093,0.152,7.822,7.973
4964734.91,18094,0.146,8.98,9.126
4964782.47,18095,0.214,11.15,11.364
4964930.49,18093,0.132,7.086,7.218
4964983.23,18094,0.2,4.238,4.438
4965046.49,18095,0.119,4.155,4.274
4965076.37,18093,0.082,7.041,7.124
4965134.83,18094,0.18,4.268,4.448
4965244.65,18095,0.169,8.052,8.222
4965270.01,18093,0.086,3.989,4.075
4965312.93,18094,0.747,5.837,6.584
4965430.02,18095,0.106,4.125,4.231
4965580.07,18093,0.107,4.064,4.171
4965639.99,18094,0.143,5.05,5.194
4965780.34,18095,0.195,8.075,8.271
4965877.79,18093,0.147,4.04,4.187
4965884.79,18094,0.106,6.084,6.189
4966007.43,18095,0.101,7.994,8.095
4966028.95,18093,0.086,6.009,6.096
4966042.13,18094,0.175,4.112,4.286
4966063.93,18095,0.097,7.767,7.864
4966069.28,18093,0.073,10.119,10.192
4966144.07,18094,0.175,10.033,10.208
4966311.79,18095,0.123,8.537,8.66
4966314.29,18093,0.103,6.813,6.916
4966346.22,18094,0.11,4.038,4.148
4966467.8,18095,0.16,9.124,9.284
4966468.58,18093,0.08,7.596,7.676
4966535.51,18094,0.099,6.138,6.237
4966566.8,18095,0.085,4.095,4.18
4966677.28,18093,0.165,6.03,6.195
4966698.42,18094,0.257,4.294,4.551
4966706.26,18095,0.208,4.146,4.354
4966731.67,18093,0.244,4.907,5.151
4966747.25,18094,1.689,8.1,9.79
4966768.79,18095,0.102,4.865,4.967
4966796.0,18093,0.098,4.025,4.124
4966812.24,18094,0.135,5.648,5.783
4966814.87,18095,0.078,4.05,4.127
4966840.11,18093,2.026,8.034,10.061
4966861.28,18094,0.079,6.232,6.311
4966878.04,18095,0.083,5.163,5.246
4966961.64,18093,0.091,4.195,4.285
4967006.44,18094,0.085,6.301,6.385
4967030.16,18095,0.086,4.312,4.398
4967055.29,18093,0.138,12.151,12.288
4967105.07,18094,0.089,4.26,4.349
4967153.92,18095,0.086,9.093,9.179
4967169.05,18093,0.079,4.393,4.472
4967244.08,18094,0.159,6.107,6.266
4967247.77,18095,0.079,6.005,6.084
4967279.15,18093,0.113,4.082,4.195
4967289.68,18094,0.079,4.068,4.147
4967290.44,18095,0.089,4.066,4.155
4967334.3,18093,0.085,3.979,4.064
4967348.24,18094,0.095,3.919,4.014
4967356.76,18095,0.066,4.037,4.103
4967445.22,18093,0.173,4.085,4.259
4967474.63,18094,0.104,4.828,4.933
4967493.3,18095,0.087,9.165,9.252
4967598.23,18093,0.152,4.024,4.176
4967688.77,18094,0.109,4.1,4.209
4967816.8,18095,0.209,4.066,4.275
4967954.95,18093,0.133,10.534,10.667
4968090.29,18094,0.132,4.177,4.309
4968219.59,18095,2.325,4.386,6.711
4968296.99,18093,0.124,4.951,5.075
4968325.24,18094,0.294,9.137,9.431
4968349.24,18095,0.1,8.285,8.385
4968367.0,18093,0.092,6.05,6.141
4968389.23,18094,0.155,4.132,4.287
4968402.39,18095,0.093,5.927,6.02
4968452.08,18093,0.117,6.947,7.063
4968452.22,18094,0.075,3.983,4.058
4968460.18,18095,0.098,3.99,4.088
4968488.21,18093,0.083,4.708,4.791
4968496.93,18094,0.098,4.153,4.251
4968510.05,18095,0.42,5.887,6.307
4968524.06,18093,1.578,5.967,7.545
4968537.38,18094,0.171,4.06,4.231
4968557.27,18095,0.074,4.153,4.227
4968567.12,18093,0.052,11.989,12.041
4968587.62,18094,0.075,6.283,6.358
4968611.8,18095,0.078,3.938,4.016
4968636.96,18093,0.174,7.047,7.221
4968639.75,18094,0.059,6.022,6.081
4968641.82,18095,0.538,5.758,6.296
4968661.2,18093,0.082,8.074,8.156
4968667.63,18094,1.022,9.569,10.591
4968679.88,18095,0.063,6.781,6.844
4968683.1,18093,0.08,4.225,4.305
4968702.69,18095,0.107,4.614,4.721
4968705.97,18094,0.055,3.983,4.038
4968709.34,18093,0.101,4.185,4.286
4968710.33,18094,0.078,4.087,4.165
4968729.92,18095,0.063,5.243,5.305
4968758.04,18093,0.148,3.975,4.123
4968765.28,18094,0.092,12.983,13.075
4968765.47,18095,0.059,9.268,9.327
4968769.67,18093,0.372,4.249,4.621
4968795.4,18095,0.228,4.124,4.352
4968798.77,18093,0.052,4.04,4.091
4968800.25,18094,0.181,6.903,7.084
4968815.89,18095,0.103,9.737,9.84
4968830.77,18093,0.884,3.992,4.876
4968840.16,18094,0.114,9.959,10.073
4968849.55,18093,0.085,3.995,4.08
4968910.8,18095,0.169,3.983,4.152
4968924.32,18094,0.09,4.021,4.112
4968936.52,18093,0.079,5.955,6.034
4968944.27,18095,0.694,4.211,4.906
4968978.43,18094,0.079,5.3,5.379
4968991.43,18093,0.173,8.108,8.281
4968991.57,18095,0.05,5.485,5.536
4969019.54,18094,0.094,4.64,4.734
4969028.8,18095,0.148,4.163,4.311
4969060.38,18093,0.097,8.123,8.22
4969060.66,18094,0.047,6.573,6.621
4969071.66,18095,0.134,6.096,6.231
4969079.92,18093,0.067,6.119,6.186
4969116.26,18094,0.078,9.13,9.208
4969118.36,18095,1.029,9.286,10.315
4969136.6,18093,0.14,3.89,4.029
4969147.41,18094,0.088,4.102,4.19
4969177.37,18095,2.363,8.161,10.524
4969179.6,18093,0.064,4.497,4.562
4969221.38,18094,0.085,3.925,4.01
4969225.05,18095,0.627,5.499,6.126
4969225.87,18093,0.075,4.107,4.182
4969234.67,18094,0.131,4.313,4.444
4969253.83,18095,0.141,4.087,4.229
4969284.24,18094,0.495,4.15,4.645
4969289.68,18093,0.07,10.561,10.631
4969294.04,18095,0.083,4.156,4.239
4969300.56,18094,0.087,4.056,4.142
4969305.99,18093,0.075,4.135,4.21
4969310.62,18095,0.075,4.097,4.171
4969363.18,18094,0.073,8.953,9.026
4969365.94,18093,0.97,9.849,10.819
4969368.3,18094,0.225,5.047,5.271
4969372.56,18095,0.051,11.008,11.059
4969394.97,18093,0.087,6.579,6.665
4969396.96,18094,0.061,5.232,5.293
4969411.77,18095,0.072,11.185,11.256
4969424.09,18093,0.081,4.112,4.192
4969472.19,18094,0.085,4.054,4.139
4969491.28,18095,1.147,12.073,13.22
