timestamp_ms,pid,cpu_burst_ms,ground_truth
1920800.63,9753,34.2973,BG
1920880.34,9753,28.3969,BG
1920887.39,9752,9.2672,LC
1920949.44,9750,8.0437,LC
1920965.23,9752,16.6539,LC
1920972.22,9751,18.6403,LC
1920974.64,9753,46.934,BG
1920987.43,9750,7.1521,LC
1920998.61,9750,8.22,LC
1921006.27,9752,18.7753,LC
1921029.33,9751,11.9221,LC
1921041.61,9750,13.6247,LC
1921066.18,9751,15.2828,LC
1921073.68,9752,12.2163,LC
1921086.13,9753,61.3184,BG
1921126.22,9750,12.9867,LC
1921140.35,9751,13.2171,LC
1921153.06,9750,6.646,LC
1921165.69,9752,7.0238,LC
1921175.38,9753,38.8953,BG
1921177.89,9751,6.674,LC
1921191.38,9750,4.976,LC
1921196.67,9752,5.4155,LC
1921222.85,9750,4.3883,LC
1921231.08,9751,6.7003,LC
1921231.24,9752,5.0951,LC
1921259.06,9750,9.9495,LC
1921265.1,9753,38.0899,BG
1921265.72,9751,4.5197,LC
1921272.76,9752,4.3299,LC
1921278.39,9750,4.3143,LC
1921313.45,9751,7.7659,LC
1921332.99,9752,13.2742,LC
1921350.1,9750,17.9942,LC
1921360.66,9751,7.824,LC
1921360.8,9751,7.9129,LC
1921360.97,9752,14.3515,LC
1921367.09,9750,8.9733,LC
1921373.08,9751,5.6755,LC
1921376.13,9752,4.5308,LC
1921376.4,9753,60.9999,BG
1921409.19,9750,7.4999,LC
1921422.26,9751,8.5167,LC
1921430.67,9752,7.0294,LC
1921456.12,9753,29.3464,BG
1921489.73,9750,4.3475,LC
1921535.18,9753,28.0066,BG
1921539.04,9751,8.5553,LC
1921544.76,9752,6.396,LC
1921554.6,9751,4.1698,LC
1921566.39,9750,7.3354,LC
1921569.96,9752,6.523,LC
1921571.32,9751,4.352,LC
1921594.11,9750,5.3723,LC
1921608.89,9752,4.5277,LC
1921614.09,9753,29.5483,BG
1921700.57,9753,36.1033,BG
1921702.61,9751,4.13,LC
1921713.44,9750,4.4795,LC
1921734.49,9752,8.2031,LC
1921782.91,9753,32.2013,BG
1921795.61,9751,4.3763,LC
1921804.04,9750,4.2882,LC
1921811.88,9752,4.5516,LC
1921813.42,9751,4.8275,LC
1921823.04,9750,4.8657,LC
1921827.11,9752,8.1875,LC
1921829.31,9751,5.9469,LC
1921856.6,9753,23.4519,BG
1921891.25,9750,8.3979,LC
1921904.16,9752,7.53,LC
1921917.05,9751,11.3439,LC
1921917.16,9750,11.415,LC
1921927.43,9752,4.3873,LC
1921932.24,9753,25.5552,BG
1921936.56,9750,4.1666,LC
1921947.82,9751,4.6521,LC
1921977.47,9752,10.2494,LC
1921987.11,9750,8.6077,LC
1921989.08,9752,8.1401,LC
1921989.98,9751,4.6735,LC
1922008.34,9753,25.9361,BG
1922013.35,9750,4.433,LC
1922016.47,9752,4.2707,LC
1922069.88,9751,8.8968,LC
1922091.09,9753,32.5429,BG
1922113.21,9750,6.247,LC
1922114.64,9752,5.4788,LC
1922149.77,9751,12.0738,LC
1922161.89,9750,8.3726,LC
1922172.26,9752,4.3116,LC
1922178.11,9753,35.5403,BG
1922213.26,9751,8.4756,LC
1922220.02,9750,5.7356,LC
1922256.72,9752,4.2231,LC
1922261.23,9753,32.6974,BG
1922262.51,9751,7.9245,LC
1922262.56,9750,6.3323,LC
1922308.29,9752,8.8544,LC
1922316.59,9751,5.8353,LC
1922338.42,9753,27.1412,BG
1922422.8,9753,33.8199,BG
1922435.09,9750,3.9713,LC
1922492.1,9752,13.5586,LC
1922508.13,9753,34.5787,BG
1922508.32,9751,6.6487,LC
1922515.19,9750,6.2532,LC
1922549.67,9752,8.8685,LC
1922550.48,9751,6.0367,LC
1922588.85,9753,31.1957,BG
1922678.24,9753,38.9182,BG
1922758.18,9753,29.0768,BG
1922818.11,9750,9.3079,LC
1922839.2,9753,30.4314,BG
1922902.67,9752,6.8651,LC
1922928.3,9753,38.3013,BG
1922929.69,9751,5.0073,LC
1922963.2,9750,10.7049,LC
1922965.74,9752,7.6414,LC
1922974.8,9751,6.9404,LC
1923005.64,9750,4.737,LC
1923007.2,9753,28.1664,BG
1923017.97,9752,4.4891,LC
1923063.35,9751,5.7988,LC
1923075.67,9750,5.1534,LC
1923084.84,9753,27.876,BG
1923104.78,9752,4.5245,LC
1923128.68,9751,8.2317,LC
1923162.1,9753,26.8351,BG
1923208.85,9750,7.4052,LC
1923217.8,9752,8.1708,LC
1923221.99,9751,6.4744,LC
1923242.15,9753,29.8955,BG
1923286.05,9752,6.9748,LC
1923322.69,9753,30.0934,BG
1923361.69,9750,8.5842,LC
1923390.51,9751,4.8839,LC
1923399.8,9752,4.4324,LC
1923402.16,9753,29.7399,BG
1923456.63,9750,9.4858,LC
1923462.87,9751,7.2403,LC
1923485.76,9753,32.7744,BG
1923487.67,9752,6.4332,LC
1923510.56,9750,6.9634,LC
1923514.01,9752,5.8148,LC
1923514.82,9751,8.5539,LC
1923553.92,9750,4.0567,LC
1923562.15,9753,26.2729,BG
1923587.36,9752,8.8623,LC
1923645.18,9753,32.6331,BG
1923712.58,9751,9.7968,LC
1923735.01,9753,39.5674,BG
1923778.58,9750,10.5184,LC
1923816.54,9753,31.307,BG
1923858.22,9752,9.4624,LC
1923893.58,9751,5.0935,LC
1923898.76,9753,31.9903,BG
1923936.12,9750,9.6315,LC
1923960.96,9752,12.389,LC
1923984.91,9753,34.3708,BG
1924060.72,9753,25.5835,BG
1924125.91,9751,6.612,LC
1924137.66,9753,26.928,BG
1924205.53,9750,5.0168,LC
1924214.78,9753,26.8875,BG
1924238.0,9752,4.3508,LC
1924292.38,9753,27.4886,BG
1924294.84,9751,4.895,LC
1924339.57,9750,4.9958,LC
1924369.13,9753,26.4185,BG
1924444.1,9753,24.0323,BG
1924525.5,9753,31.7678,BG
1924546.46,9752,6.43,LC
1924560.11,9751,7.8238,LC
1924602.88,9753,27.0829,BG
1924618.6,9750,4.3525,LC
1924672.88,9752,8.0744,LC
1924678.26,9751,7.6248,LC
1924686.49,9750,4.114,LC
1924688.06,9753,34.8655,BG
1924714.33,9752,4.199,LC
1924771.13,9751,4.5282,LC
1924775.04,9753,33.8006,BG
1924778.24,9750,5.1495,LC
1924798.66,9752,4.1139,LC
1924836.12,9751,4.8937,LC
1924848.49,9753,25.2246,BG
1924884.57,9750,8.983,LC
1924894.24,9752,6.5634,LC
1924924.63,9753,25.9617,BG
1924993.6,9751,8.0149,LC
1925008.27,9753,33.2711,BG
1925042.35,9750,8.6599,LC
1925064.29,9752,8.7253,LC
1925073.79,9751,4.453,LC
1925087.2,9753,28.7696,BG
1925108.44,9750,6.0082,LC
1925144.14,9752,6.9621,LC
1925167.17,9751,7.3209,LC
1925178.5,9753,39.7509,BG
1925192.97,9750,4.2291,LC
1925199.93,9752,4.2844,LC
1925224.52,9751,5.6953,LC
1925238.31,9750,4.8414,LC
1925254.37,9753,26.1427,BG
1925270.55,9752,4.289,LC
1925323.2,9751,4.1537,LC
1925331.6,9750,4.3199,LC
1925339.5,9753,34.523,BG
1925342.8,9752,6.681,LC
1925359.89,9751,4.7505,LC
1925369.69,9750,4.5126,LC
1925385.1,9751,4.5746,LC
1925386.19,9752,4.7861,LC
1925386.3,9752,4.2669,LC
1925415.43,9753,25.6189,BG
1925419.18,9750,4.0737,LC
1925444.93,9751,4.9148,LC
1925452.17,9752,4.4275,LC
1925462.43,9750,6.6305,LC
1925481.09,9751,5.4191,LC
1925483.19,9752,7.5814,LC
1925486.36,9750,7.4751,LC
1925490.16,9751,5.923,LC
1925501.06,9752,6.6133,LC
1925502.4,9753,36.7183,BG
1925505.32,9750,4.5864,LC
1925538.4,9751,5.4079,LC
1925578.71,9753,25.9248,BG
1925619.38,9752,13.5924,LC
1925621.77,9750,11.9861,LC
1925622.73,9752,6.7629,LC
1925633.41,9751,7.039,LC
1925653.86,9750,13.562,LC
1925656.64,9752,13.0922,LC
1925663.39,9751,12.0545,LC
1925669.35,9750,8.8642,LC
1925672.19,9753,41.845,BG
1925683.34,9752,4.6077,LC
1925717.5,9751,5.0049,LC
1925736.71,9750,8.615,LC
1925760.41,9752,6.2718,LC
1925774.09,9751,7.3629,LC
1925775.54,9753,53.2038,BG
1925795.86,9750,7.1686,LC
1925796.06,9752,4.9771,LC
1925817.1,9751,4.9674,LC
1925879.35,9750,4.9682,LC
1925895.44,9753,67.6373,BG
1925912.76,9752,4.2552,LC
1925932.39,9751,5.7043,LC
1925985.1,9750,14.9104,LC
1925985.27,9752,10.0512,LC
1925989.32,9751,5.9005,LC
1926020.2,9750,4.6843,LC
1926055.17,9752,4.2052,LC
1926068.79,9751,8.2092,LC
1926087.88,9750,9.086,LC
1926109.51,9753,164.0587,BG
1926111.28,9752,4.1654,LC
1926119.1,9751,4.4073,LC
1926163.21,9750,3.9214,LC
1926191.08,9752,4.5737,LC
1926194.23,9751,4.877,LC
1926200.12,9750,4.1649,LC
1926200.18,9753,39.5826,BG
1926203.63,9751,5.1103,LC
1926211.17,9752,4.4715,LC
1926215.45,9750,4.0861,LC
1926255.56,9751,5.8711,LC
1926332.2,9752,5.7062,LC
1926356.06,9753,105.1385,BG
1926390.43,9750,4.9284,LC
1926522.59,9751,5.8947,LC
1926548.67,9753,142.4126,BG
1926637.15,9752,5.4325,LC
1926677.69,9750,6.4956,LC
1926687.36,9751,4.136,LC
1926745.99,9752,4.4957,LC
1926758.04,9753,156.6344,BG
1926899.12,9750,8.2961,LC
1926972.82,9751,7.886,LC
1927013.15,9752,4.177,LC
1927028.0,9750,8.2079,LC
1927043.59,9753,237.2264,BG
1927103.08,9751,13.1233,LC
1927103.32,9752,8.7514,LC
1927130.61,9753,36.3716,BG
1927180.4,9750,11.4072,LC
1927208.11,9751,4.7898,LC
1927214.22,9753,33.5389,BG
1927295.29,9753,30.589,BG
1927314.78,9752,4.594,LC
1927350.99,9750,13.5595,LC
1927369.55,9751,4.0984,LC
1927378.21,9753,32.7833,BG
1927394.9,9752,5.038,LC
1927463.7,9753,35.4122,BG
1927547.41,9753,33.4533,BG
1927623.69,9753,26.0232,BG
1927667.76,9750,6.9616,LC
1927680.38,9751,7.4198,LC
1927699.09,9753,24.8555,BG
1927715.12,9752,5.1208,LC
1927722.27,9750,6.7385,LC
1927777.46,9751,6.0375,LC
1927782.35,9753,32.9651,BG
1927867.54,9753,34.7176,BG
1927889.16,9752,6.3613,LC
1927924.66,9750,10.7453,LC
1927949.92,9753,31.5354,BG
1927955.15,9751,4.2893,LC
1928029.95,9753,29.8126,BG
1928081.19,9752,12.3348,LC
1928083.38,9750,11.4295,LC
1928110.48,9753,30.1921,BG
1928124.06,9751,4.2969,LC
1928170.11,9752,8.3063,LC
1928195.44,9753,34.6899,BG
1928226.13,9750,10.3505,LC
1928227.82,9751,9.1007,LC
1928232.56,9752,6.8344,LC
1928279.44,9753,33.6497,BG
1928295.99,9750,6.4551,LC
1928334.75,9751,10.8011,LC
1928362.24,9753,32.5458,BG
1928435.71,9753,23.3786,BG
1928511.46,9753,25.4746,BG
1928513.65,9752,5.0956,LC
1928518.77,9750,4.1734,LC
1928549.39,9751,4.1098,LC
1928559.09,9752,4.7442,LC
1928560.26,9750,4.2272,LC
1928583.06,9751,4.079,LC
1928584.68,9753,22.9042,BG
1928633.78,9752,7.1293,LC
1928659.3,9753,24.341,BG
1928714.61,9750,8.7458,LC
1928734.03,9751,5.8808,LC
1928748.2,9753,37.7214,BG
1928753.13,9752,4.1902,LC
1928807.97,9750,10.9991,LC
1928832.7,9753,34.4501,BG
1928838.52,9751,4.1288,LC
1928916.66,9752,7.7798,LC
1928925.23,9753,42.4806,BG
1928968.67,9750,9.6098,LC
1929008.49,9753,33.087,BG
1929050.32,9751,10.3967,LC
1929092.69,9753,33.9632,BG
1929105.48,9752,5.092,LC
1929173.99,9753,31.152,BG
1929246.67,9750,6.0301,LC
1929263.87,9753,39.13,BG
1929330.68,9751,6.8628,LC
1929350.78,9753,36.4055,BG
1929374.14,9752,8.8927,LC
1929434.94,9753,33.514,BG
1929452.94,9750,12.3833,LC
1929464.26,9751,6.0932,LC
1929467.27,9752,4.5779,LC
1929548.58,9750,8.9156,LC
1929636.24,9751,6.7529,LC
1929656.21,9752,7.4669,LC
1929671.5,9753,136.8849,BG
1929686.23,9750,4.5232,LC
1929733.69,9751,10.6665,LC
1929740.27,9752,5.3333,LC
1929761.23,9753,39.4222,BG
1929767.15,9750,4.6352,LC
1929810.41,9751,5.2699,LC
1929834.98,9752,4.084,LC
1929837.3,9753,25.7294,BG
1929844.89,9750,4.5172,LC
1929874.62,9751,7.6479,LC
1929911.29,9752,7.2947,LC
1929918.98,9750,5.7606,LC
1929920.73,9751,4.6489,LC
1929928.62,9753,41.0063,BG
1929933.25,9752,4.3692,LC
1929935.52,9750,5.9439,LC
1929936.75,9751,5.554,LC
1929941.03,9752,4.1505,LC
1930004.19,9750,5.8341,LC
1930014.33,9751,4.2204,LC
1930014.93,9753,36.1843,BG
1930019.15,9752,4.0481,LC
1930029.97,9750,5.5005,LC
1930030.48,9751,4.5009,LC
1930044.72,9752,7.0311,LC
1930054.59,9750,6.8492,LC
1930085.98,9751,6.5034,LC
1930100.65,9753,35.2756,BG
1930105.82,9752,4.5769,LC
1930113.03,9750,5.4274,LC
1930114.47,9751,4.9085,LC
1930129.91,9752,4.8964,LC
1930153.09,9750,4.3596,LC
1930164.38,9751,4.1455,LC
1930176.6,9753,25.994,BG
1930192.45,9752,4.9967,LC
1930211.77,9750,8.9038,LC
1930240.07,9751,8.7696,LC
1930255.08,9752,4.623,LC
1930257.31,9750,4.1198,LC
1930260.99,9753,34.0141,BG
1930271.44,9751,5.2341,LC
1930279.29,9752,5.7174,LC
1930305.1,9751,14.7154,LC
1930305.33,9750,15.8818,LC
1930307.64,9752,5.7166,LC
1930342.11,9753,28.763,BG
1930345.66,9750,5.4167,LC
1930375.67,9751,11.5322,LC
1930376.83,9752,10.7442,LC
1930383.58,9750,6.5873,LC
1930416.11,9751,3.9512,LC
1930419.65,9753,29.2139,BG
1930487.11,9752,9.5071,LC
1930487.83,9750,6.538,LC
1930498.5,9751,4.1382,LC
1930506.75,9753,36.991,BG
1930511.07,9752,4.1057,LC
1930516.43,9750,3.9206,LC
1930538.26,9751,5.7188,LC
1930543.99,9752,5.4653,LC
1930576.28,9750,7.1867,LC
1930583.14,9751,8.5911,LC
1930592.75,9752,9.9565,LC
1930592.95,9750,9.3532,LC
1930600.42,9753,43.257,BG
1930605.05,9751,4.183,LC
1930610.18,9750,3.8809,LC
1930614.15,9752,4.6567,LC
1930617.39,9750,4.0113,LC
1930624.08,9752,4.1109,LC
1930644.45,9750,6.6065,LC
1930644.52,9751,9.7018,LC
1930646.56,9752,6.2658,LC
1930673.44,9753,22.9596,BG
1930735.82,9750,9.2002,LC
1930753.65,9751,4.3394,LC
1930753.79,9752,4.3042,LC
1930760.48,9750,6.2874,LC
1930761.57,9753,37.7274,BG
1930816.47,9751,8.2389,LC
1930850.55,9753,38.6635,BG
1930853.52,9752,4.767,LC
1930872.17,9750,5.9643,LC
1930897.31,9751,9.6043,LC
1930910.1,9752,11.1079,LC
1930910.95,9750,10.5006,LC
1930914.06,9751,6.0619,LC
1930931.55,9753,29.1501,BG
1930935.73,9752,3.9565,LC
1930950.11,9750,5.476,LC
1930980.3,9751,10.5481,LC
1930987.14,9752,10.8337,LC
1930988.05,9750,6.2394,LC
1931005.77,9751,4.9925,LC
1931008.12,9752,3.9876,LC
1931010.46,9750,4.3362,LC
1931013.45,9753,31.8618,BG
1931038.19,9752,7.4629,LC
1931057.8,9751,9.9088,LC
1931078.59,9750,13.5473,LC
1931081.33,9752,10.6814,LC
1931084.6,9751,5.3662,LC
1931090.15,9750,8.7271,LC
1931093.19,9752,4.9593,LC
1931094.89,9751,4.3849,LC
1931105.47,9753,41.2129,BG
1931108.64,9750,4.2103,LC
1931138.97,9752,7.5658,LC
1931166.14,9751,9.5453,LC
1931175.45,9750,6.1323,LC
1931179.89,9752,4.3053,LC
1931193.06,9753,36.9801,BG
1931197.33,9751,4.3807,LC
1931244.39,9750,9.9942,LC
1931265.24,9752,4.3948,LC
1931270.83,9753,27.5404,BG
1931335.11,9751,9.6224,LC
1931355.29,9753,34.2299,BG
1931417.15,9750,11.9053,LC
1931439.3,9752,7.2891,LC
1931452.46,9751,4.1095,LC
1931452.94,9753,47.3611,BG
1931469.48,9750,6.9992,LC
1931470.99,9752,6.4932,LC
1931518.03,9750,8.4426,LC
1931519.15,9751,10.4059,LC
1931522.42,9752,9.2815,LC
1931543.33,9753,40.2599,BG
1931550.03,9750,4.9598,LC
1931571.21,9751,6.812,LC
1931605.75,9752,7.397,LC
1931624.81,9753,31.2159,BG
1931627.59,9750,4.1931,LC
1931629.62,9751,4.4751,LC
1931634.26,9752,4.3891,LC
1931660.95,9750,7.3767,LC
1931691.38,9751,7.2218,LC
1931711.84,9752,4.6418,LC
1931715.68,9753,40.4198,BG
1931740.23,9750,8.0592,LC
1931748.32,9751,5.5326,LC
1931783.86,9752,4.4124,LC
1931794.77,9750,4.8735,LC
1931799.06,9753,32.9222,BG
1931804.11,9751,4.8155,LC
1931810.07,9752,4.7566,LC
1931833.3,9750,7.0096,LC
1931834.74,9751,5.2947,LC
1931861.69,9752,9.2268,LC
1931862.71,9750,8.3367,LC
1931873.7,9753,24.4629,BG
1931911.83,9751,5.3011,LC
1931953.72,9752,4.2719,LC
1931956.64,9753,32.7781,BG
1931978.22,9750,7.543,LC
1932003.33,9751,8.7319,LC
1932017.61,9752,7.1808,LC
1932036.13,9753,29.1642,BG
1932051.71,9750,4.5068,LC
1932096.77,9751,8.2046,LC
1932125.27,9753,38.7751,BG
1932128.05,9752,5.5185,LC
1932146.95,9750,7.0803,LC
1932154.83,9751,4.5098,LC
1932168.12,9752,4.1019,LC
1932168.98,9750,4.0023,LC
1932202.59,9753,26.9882,BG
1932224.93,9751,5.1089,LC
1932249.26,9752,9.1254,LC
1932253.24,9750,9.433,LC
1932257.2,9751,9.6982,LC
1932262.63,9752,5.3116,LC
1932266.44,9750,4.1239,LC
1932273.13,9752,6.533,LC
1932273.75,9751,6.9484,LC
1932283.0,9753,29.594,BG
1932296.77,9750,4.3322,LC
1932331.14,9751,8.6176,LC
1932335.78,9750,11.443,LC
1932335.94,9752,16.2249,LC
1932344.92,9751,5.077,LC
1932360.46,9753,26.0985,BG
1932366.36,9750,3.9856,LC
1932376.17,9752,4.0665,LC
1932385.42,9751,4.7869,LC
1932417.81,9750,10.7162,LC
1932428.11,9752,11.6512,LC
1932436.1,9751,10.785,LC
1932436.3,9752,4.4573,LC
1932436.43,9750,9.7313,LC
1932452.29,9752,3.925,LC
1932455.27,9753,35.6289,BG
1932460.39,9751,4.1502,LC
1932473.46,9750,4.5941,LC
1932489.68,9752,6.2066,LC
1932507.51,9751,7.0094,LC
1932507.59,9750,6.3652,LC
1932528.92,9752,4.0983,LC
1932532.49,9753,26.2647,BG
1932576.02,9750,10.7788,LC
1932580.26,9751,9.6314,LC
1932585.86,9752,7.2451,LC
1932609.38,9753,26.2605,BG
1932655.59,9751,9.0975,LC
1932658.48,9750,11.7281,LC
1932660.53,9752,7.866,LC
1932686.93,9753,27.5042,BG
1932703.17,9751,6.0725,LC
1932744.84,9750,11.8928,LC
1932758.15,9752,7.6362,LC
1932764.83,9751,6.4151,LC
1932776.83,9753,39.641,BG
1932826.22,9750,8.209,LC
1932858.79,9753,31.5849,BG
1932925.52,9752,5.714,LC
1932930.06,9751,4.7289,LC
1932943.87,9753,34.558,BG
1933006.65,9750,4.0927,LC
1933018.21,9752,4.2159,LC
1933019.82,9753,25.7578,BG
1933028.18,9751,4.1564,LC
1933031.11,9750,4.2042,LC
1933100.47,9753,30.1271,BG
1933162.63,9751,6.297,LC
1933165.58,9752,6.6749,LC
1933182.68,9753,31.9824,BG
1933189.37,9750,3.9535,LC
1933230.18,9751,5.3699,LC
1933258.34,9753,25.499,BG
1933265.66,9752,4.2415,LC
1933292.37,9750,9.8033,LC
1933346.32,9753,37.2371,BG
1933395.2,9751,9.2572,LC
1933398.25,9752,8.4956,LC
1933428.06,9753,31.5325,BG
1933482.86,9750,11.7045,LC
1933513.73,9753,35.4907,BG
1933595.62,9753,31.5287,BG
1933606.44,9751,4.0493,LC
1933641.41,9752,12.1261,LC
1933641.83,9750,7.9227,LC
1933646.49,9751,7.5581,LC
1933655.16,9752,5.4968,LC
1933674.97,9753,29.0349,BG
1933698.83,9750,8.0791,LC
1933740.18,9751,17.0418,LC
1933750.33,9752,3.9994,LC
1933759.25,9753,34.1266,BG
1933766.25,9750,4.9367,LC
1933812.99,9751,10.0034,LC
1933823.72,9752,6.3493,LC
1933827.17,9750,5.1226,LC
1933841.74,9753,31.2965,BG
1933926.47,9753,34.2731,BG
1933930.98,9751,4.0066,LC
1933936.78,9752,4.0457,LC
1934002.66,9753,26.0068,BG
1934036.82,9750,10.2108,LC
1934067.47,9751,9.7021,LC
1934087.52,9752,4.2133,LC
1934093.0,9753,39.926,BG
1934098.71,9750,3.9571,LC
1934124.83,9751,9.249,LC
1934158.03,9752,4.5684,LC
1934170.39,9753,27.147,BG
1934257.8,9750,4.8894,LC
1934261.14,9753,40.4837,BG
1934306.34,9751,9.0815,LC
1934346.19,9753,34.7893,BG
1934350.74,9752,4.0798,LC
1934413.87,9750,7.1097,LC
1934419.15,9751,5.2474,LC
1934426.22,9752,4.3824,LC
1934430.09,9753,33.7516,BG
1934443.51,9750,4.0736,LC
1934464.9,9751,5.5553,LC
1934505.84,9752,4.3192,LC
1934505.94,9753,25.8038,BG
1934554.69,9750,8.0958,LC
1934585.21,9753,29.2092,BG
1934585.6,9751,4.0778,LC
1934596.02,9752,4.0439,LC
1934624.63,9750,8.1499,LC
1934637.81,9751,7.6117,LC
1934664.94,9753,28.7808,BG
1934749.56,9753,34.1362,BG
1934796.95,9752,4.7537,LC
1934829.7,9753,30.022,BG
1934875.95,9750,10.8122,LC
1934883.51,9751,9.8484,LC
1934908.76,9752,4.227,LC
1934910.09,9753,29.7212,BG
1934996.79,9750,4.5092,LC
1934998.72,9753,38.4369,BG
1935012.63,9751,4.9207,LC
1935029.75,9752,5.3227,LC
1935075.15,9753,26.0736,BG
1935097.16,9750,6.5388,LC
1935099.79,9751,6.1281,LC
1935110.07,9752,6.9449,LC
1935147.67,9750,7.2287,LC
1935162.29,9753,36.6396,BG
1935196.19,9751,9.0841,LC
1935197.67,9752,11.6072,LC
1935200.2,9750,8.8551,LC
1935232.68,9751,4.7419,LC
1935245.49,9753,33.2972,BG
1935323.68,9752,4.286,LC
1935330.41,9753,34.5221,BG
1935378.16,9750,9.4454,LC
1935413.63,9753,32.7419,BG
1935457.24,9751,8.4763,LC
1935484.55,9752,6.018,LC
1935491.18,9750,5.4408,LC
1935493.76,9751,6.383,LC
1935500.2,9753,36.1977,BG
1935503.52,9752,5.1346,LC
1935505.14,9750,4.2556,LC
1935517.07,9751,4.1286,LC
1935543.52,9752,4.9039,LC
1935573.89,9753,23.6076,BG
1935593.27,9750,4.4735,LC
1935594.26,9751,4.4178,LC
1935637.41,9752,8.7895,LC
1935663.1,9753,38.8415,BG
1935705.2,9750,10.2363,LC
1935709.0,9751,9.0219,LC
1935723.09,9752,8.1703,LC
1935745.8,9750,4.8111,LC
1935747.46,9753,34.3759,BG
1935749.85,9751,3.8809,LC
1935804.44,9752,9.1465,LC
1935815.11,9750,9.8252,LC
1935815.87,9751,7.3678,LC
1935819.32,9752,7.3348,LC
1935829.68,9750,4.0374,LC
1935833.47,9751,4.1762,LC
1935838.75,9753,39.4761,BG
1935840.21,9750,6.5059,LC
1935842.61,9752,6.6743,LC
1935843.08,9751,4.2312,LC
1935845.22,9750,4.805,LC
1935850.07,9752,4.1718,LC
1935893.32,9751,13.7403,LC
1935893.48,9750,10.5777,LC
1935894.91,9752,7.0333,LC
1935903.68,9751,4.2179,LC
1935916.79,9753,27.5729,BG
1935944.61,9750,8.4087,LC
1935949.86,9752,5.7345,LC
1935970.08,9751,6.63,LC
1935989.39,9750,4.1136,LC
1935996.43,9753,29.4803,BG
1936011.18,9752,5.1392,LC
1936026.94,9751,8.4688,LC
1936046.38,9750,7.8385,LC
1936050.89,9752,5.9125,LC
1936074.77,9753,27.9487,BG
1936133.55,9751,9.8152,LC
1936158.08,9750,4.4948,LC
1936158.46,9752,8.3355,LC
1936159.02,9751,6.7278,LC
1936161.72,9753,36.6801,BG
1936174.7,9750,4.3111,LC
1936202.94,9752,10.8577,LC
1936206.42,9751,8.4532,LC
1936227.13,9750,7.2242,LC
1936229.18,9752,6.856,LC
1936236.93,9751,5.6097,LC
1936239.71,9750,5.0165,LC
1936248.52,9753,36.3337,BG
1936252.93,9752,4.4006,LC
1936260.41,9751,4.0443,LC
1936294.64,9750,10.4613,LC
1936314.75,9752,6.7672,LC
1936331.17,9753,32.6269,BG
1936336.82,9751,4.1165,LC
1936347.48,9750,4.0224,LC
1936353.69,9752,4.217,LC
1936389.85,9750,10.5055,LC
1936390.85,9751,11.2972,LC
1936411.55,9752,4.233,LC
1936417.54,9753,36.1919,BG
1936428.98,9750,4.14,LC
1936431.79,9751,4.1699,LC
1936441.48,9752,4.6388,LC
1936503.35,9753,35.6195,BG
1936505.46,9750,4.3814,LC
1936516.31,9751,4.9066,LC
1936536.14,9752,8.7077,LC
1936560.33,9750,9.8676,LC
1936586.92,9753,33.171,BG
1936618.95,9751,10.0611,LC
1936645.24,9752,10.587,LC
1936656.39,9750,7.4251,LC
1936671.53,9753,34.4629,BG
1936676.82,9751,4.0235,LC
1936682.69,9752,4.261,LC
1936684.63,9750,4.1843,LC
1936713.63,9751,9.4918,LC
1936725.04,9752,7.4843,LC
1936750.1,9750,4.9993,LC
1936755.27,9753,33.348,BG
1936785.95,9751,9.9343,LC
1936789.19,9752,8.1861,LC
1936799.03,9750,7.7904,LC
1936799.26,9751,7.0399,LC
1936817.03,9752,4.4749,LC
1936825.03,9750,4.1854,LC
1936832.41,9751,4.0886,LC
1936839.83,9753,34.3732,BG
1936841.59,9752,4.1339,LC
1936896.05,9750,9.4656,LC
1936922.12,9751,4.1952,LC
1936922.79,9752,4.5069,LC
1936927.96,9753,38.033,BG
1936968.98,9750,10.5902,LC
1937000.94,9751,4.2752,LC
1937013.09,9752,6.0751,LC
1937014.38,9753,36.1505,BG
1937036.08,9750,4.2944,LC
1937079.07,9751,4.5537,LC
1937089.19,9753,24.3935,BG
1937096.07,9752,4.0538,LC
1937104.5,9750,5.1073,LC
1937119.35,9751,4.255,LC
1937132.44,9752,4.2269,LC
1937145.59,9750,4.1497,LC
1937150.99,9751,4.1212,LC
1937162.68,9753,23.5106,BG
1937166.14,9752,4.0369,LC
1937175.26,9750,3.9381,LC
1937210.16,9751,4.6271,LC
1937211.87,9752,4.5828,LC
1937216.12,9750,4.1471,LC
1937237.09,9751,3.9348,LC
1937240.59,9753,26.2321,BG
1937249.37,9752,3.906,LC
1937256.15,9750,4.0253,LC
1937262.91,9751,3.8805,LC
1937267.74,9752,4.0165,LC
1937280.12,9750,4.1776,LC
1937290.32,9751,4.0182,LC
1937298.18,9752,3.9522,LC
1937315.08,9753,24.4032,BG
1937318.45,9750,4.0692,LC
1937324.7,9751,4.3252,LC
1937369.67,9752,6.8126,LC
1937381.38,9750,4.347,LC
1937395.29,9751,6.0751,LC
1937401.16,9753,35.9227,BG
1937402.36,9752,4.0247,LC
1937411.98,9750,5.0753,LC
1937424.89,9751,5.8907,LC
1937436.88,9752,6.6931,LC
1937454.04,9750,7.335,LC
1937483.37,9753,31.7936,BG
1937506.58,9751,7.1437,LC
1937513.38,9752,7.7833,LC
1937538.06,9750,5.574,LC
1937548.19,9751,8.791,LC
1937568.38,9752,4.0519,LC
1937568.96,9753,35.3668,BG
1937584.46,9750,4.7267,LC
1937589.51,9751,4.3105,LC
1937623.26,9752,8.5757,LC
1937623.37,9750,6.1411,LC
1937646.66,9753,27.3498,BG
1937705.61,9751,7.5827,LC
1937726.58,9753,29.801,BG
1937728.65,9752,4.2567,LC
1937742.18,9750,4.247,LC
1937801.67,9753,24.764,BG
1937849.72,9751,10.5914,LC
1937856.2,9752,8.7726,LC
1937860.61,9750,6.9642,LC
1937883.04,9753,31.2536,BG
1937910.07,9751,9.408,LC
1937914.15,9752,8.5827,LC
1937968.96,9750,4.9802,LC
1937970.89,9753,37.5693,BG
1938012.97,9751,8.3136,LC
1938053.25,9753,32.0836,BG
1938140.22,9753,36.1499,BG
1938167.74,9752,7.3603,LC
1938214.23,9753,23.787,BG
1938261.86,9750,10.4154,LC
1938292.18,9753,27.9991,BG
1938353.99,9751,9.747,LC
1938365.59,9752,7.4092,LC
1938380.73,9753,38.061,BG
1938397.97,9750,7.6113,LC
1938464.52,9753,33.2157,BG
1938542.59,9751,6.8089,LC
1938570.75,9753,52.1688,BG
1938570.84,9750,7.1998,LC
1938570.9,9752,8.0083,LC
1938570.96,9752,7.1671,LC
1938572.2,9751,4.9086,LC
1938572.34,9751,4.3143,LC
1938580.99,9750,4.3276,LC
1938594.86,9752,5.2798,LC
1938621.76,9751,10.1537,LC
1938647.47,9750,8.3531,LC
1938647.58,9753,29.2862,BG
1938649.59,9751,11.0786,LC
1938650.26,9750,9.0424,LC
1938650.33,9752,9.3648,LC
1938650.39,9752,7.1449,LC
1938670.92,9751,5.7448,LC
1938672.56,9752,5.0954,LC
1938681.69,9752,4.6026,LC
1938683.0,9750,7.9425,LC
1938684.43,9751,7.9408,LC
1938688.44,9752,3.9529,LC
1938696.62,9750,4.3331,LC
1938721.09,9753,23.0942,BG
1938729.28,9751,4.5479,LC
1938733.72,9752,4.298,LC
1938742.65,9750,4.6129,LC
1938787.37,9751,7.6537,LC
1938794.34,9752,5.4842,LC
1938803.72,9750,4.32,LC
1938807.35,9753,35.882,BG
1938812.5,9751,3.9768,LC
1938818.83,9752,4.2991,LC
1938826.32,9750,5.3838,LC
1938847.9,9751,8.7015,LC
1938852.54,9752,7.5151,LC
1938862.35,9750,8.3815,LC
1938862.48,9751,6.1541,LC
1938866.43,9752,4.6952,LC
1938868.64,9750,4.0199,LC
1938885.4,9751,8.1676,LC
1938885.91,9752,6.5904,LC
1938887.73,9753,29.4628,BG
1938906.92,9750,5.8022,LC
1938966.71,9751,4.3866,LC
1938972.49,9753,34.3503,BG
1938981.07,9752,3.8798,LC
1939010.8,9750,9.8926,LC
1939047.11,9752,7.9155,LC
1939049.05,9751,10.753,LC
1939049.24,9750,4.1005,LC
1939056.62,9751,4.2151,LC
1939059.68,9753,36.6814,BG
1939062.62,9752,4.3127,LC
1939099.1,9750,8.0865,LC
1939103.98,9751,7.4277,LC
1939118.14,9752,8.0813,LC
1939133.53,9750,4.6269,LC
1939138.96,9753,29.1495,BG
1939145.52,9751,4.1217,LC
1939160.88,9752,5.3527,LC
1939161.42,9750,3.9975,LC
1939187.74,9751,8.7797,LC
1939204.34,9752,6.1298,LC
1939207.3,9750,5.2455,LC
1939222.94,9753,33.6652,BG
1939236.26,9751,4.5687,LC
1939294.36,9752,6.4405,LC
1939305.22,9750,8.6327,LC
1939307.09,9751,7.0533,LC
1939309.77,9753,36.5793,BG
1939313.28,9752,6.3506,LC
1939313.93,9751,5.1728,LC
1939344.78,9752,6.5472,LC
1939346.15,9750,10.4394,LC
1939348.07,9751,8.5783,LC
1939349.82,9752,4.6596,LC
1939355.6,9751,4.6547,LC
1939389.07,9753,25.5249,BG
1939391.91,9750,8.1758,LC
1939392.54,9751,7.1749,LC
1939393.91,9752,4.2955,LC
1939393.97,9752,4.3426,LC
1939408.73,9750,4.1092,LC
1939415.84,9751,4.1505,LC
1939428.26,9752,4.6751,LC
1939447.09,9750,4.8277,LC
1939447.94,9751,4.4677,LC
1939466.42,9753,28.7429,BG
1939469.46,9752,4.0855,LC
1939476.57,9750,4.3361,LC
1939483.44,9751,4.1329,LC
1939500.03,9750,5.2505,LC
1939500.63,9752,7.5846,LC
1939503.27,9751,5.0029,LC
1939506.33,9750,4.2523,LC
1939537.39,9752,8.113,LC
1939537.62,9751,6.3847,LC
1939545.48,9753,28.8727,BG
1939608.21,9750,7.8145,LC
1939632.86,9753,36.9391,BG
1939642.67,9752,4.9197,LC
1939681.24,9751,9.9156,LC
1939695.63,9752,7.351,LC
1939695.69,9751,4.7648,LC
1939695.86,9750,11.2346,LC
1939714.09,9753,30.9659,BG
1939722.9,9750,4.5287,LC
1939796.0,9753,31.6509,BG
1939797.37,9752,4.5182,LC
1939887.25,9753,40.8918,BG
1939892.73,9751,5.805,LC
1939924.74,9750,10.0337,LC
1939929.97,9751,12.3278,LC
1939932.09,9752,14.8815,LC
1939936.3,9750,6.0426,LC
1939937.08,9751,5.1112,LC
1939942.61,9752,4.2936,LC
1939960.88,9753,23.5814,BG
1940030.13,9750,6.5335,LC
1940047.04,9753,35.9027,BG
1940056.27,9751,4.1446,LC
1940072.16,9752,7.2606,LC
1940082.97,9750,7.0773,LC
1940113.13,9751,4.0213,LC
1940115.87,9752,4.2022,LC
1940122.8,9750,4.4581,LC
1940124.09,9753,26.7785,BG
1940165.96,9751,7.3839,LC
1940205.2,9753,30.7991,BG
1940226.62,9752,5.993,LC
1940229.14,9750,5.4621,LC
1940240.68,9751,6.3432,LC
1940250.68,9752,5.1961,LC
1940279.13,9753,23.7742,BG
1940341.19,9750,6.8934,LC
1940359.46,9753,30.1619,BG
1940432.87,9751,5.8044,LC
1940443.3,9753,33.5768,BG
1940494.36,9752,9.2274,LC
1940511.2,9750,6.3698,LC
1940527.05,9753,33.5873,BG
1940605.94,9751,6.393,LC
1940618.14,9753,40.6404,BG
1940701.11,9753,32.5814,BG
1940781.53,9752,4.0899,LC
1940790.06,9750,4.096,LC
1940793.44,9753,42.1699,BG
1940826.05,9751,4.3825,LC
1940868.53,9753,24.6817,BG
1940955.73,9753,36.6312,BG
1940982.8,9752,8.8246,LC
1941037.19,9753,31.4957,BG
1941070.24,9750,10.7274,LC
1941096.83,9751,9.7152,LC
1941109.4,9752,12.3647,LC
1941119.08,9750,3.9356,LC
1941126.18,9753,38.8399,BG
1941128.58,9751,4.2159,LC
1941214.92,9753,38.2407,BG
1941253.0,9752,9.8191,LC
1941298.56,9753,33.2301,BG
1941311.74,9750,4.2514,LC
1941368.96,9752,9.1434,LC
1941369.13,9751,11.2217,LC
1941378.11,9750,4.0704,LC
1941381.3,9753,32.4664,BG
1941385.98,9752,4.0014,LC
1941392.7,9751,4.3616,LC
1941474.37,9753,42.5344,BG
1941497.36,9750,9.1747,LC
1941566.08,9753,41.126,BG
1941649.9,9753,33.829,BG
1941667.88,9752,4.5035,LC
1941672.58,9751,4.1919,LC
1941679.57,9750,4.066,LC
1941698.31,9752,4.0064,LC
1941726.12,9753,25.9533,BG
1941735.44,9751,4.1279,LC
1941802.68,9753,26.1561,BG
1941830.13,9750,7.2182,LC
1941895.58,9752,4.241,LC
1941898.47,9753,45.5399,BG
1941916.29,9751,6.612,LC
1941982.79,9753,34.0429,BG
1942003.34,9750,5.8792,LC
1942018.58,9752,8.0026,LC
1942066.87,9753,33.7707,BG
1942081.15,9751,6.2754,LC
1942128.24,9750,4.6625,LC
1942146.14,9753,29.05,BG
1942171.97,9752,7.0275,LC
1942190.4,9751,4.354,LC
1942223.51,9753,27.2193,BG
1942302.13,9753,28.3443,BG
1942358.28,9750,9.0744,LC
1942362.47,9752,4.173,LC
1942380.94,9753,28.5946,BG
1942456.76,9750,6.3045,LC
1942465.11,9751,4.0862,LC
1942471.38,9753,40.3053,BG
1942553.3,9753,31.7142,BG
1942608.71,9752,10.8018,LC
1942615.22,9750,10.8484,LC
1942616.04,9751,10.7609,LC
1942633.51,9752,3.8952,LC
1942637.43,9753,31.019,BG
1942695.85,9750,11.2161,LC
1942723.11,9753,34.7411,BG
1942741.57,9751,6.7809,LC
1942748.99,9752,7.1875,LC
1942779.21,9750,4.821,LC
1942796.71,9753,23.128,BG
1942831.38,9751,6.1418,LC
1942880.43,9753,33.5118,BG
1942920.42,9752,9.8247,LC
1942962.23,9753,31.6867,BG
1942966.79,9750,4.4553,LC
1943011.93,9751,9.9255,LC
1943013.96,9752,9.0109,LC
1943039.78,9753,27.4825,BG
1943070.6,9750,8.5895,LC
1943123.22,9753,33.1375,BG
1943128.89,9751,4.0654,LC
1943193.57,9752,17.7467,LC
1943195.19,9750,11.9684,LC
1943208.67,9753,35.2501,BG
1943292.7,9753,33.8255,BG
1943302.01,9751,4.2569,LC
1943332.76,9752,10.0385,LC
1943335.74,9750,10.8672,LC
1943345.86,9751,7.5665,LC
1943356.21,9752,4.4364,LC
1943370.27,9753,27.3029,BG
1943441.2,9750,4.2388,LC
1943445.76,9753,25.284,BG
1943532.1,9753,35.7503,BG
1943615.81,9753,33.6085,BG
1943665.73,9751,11.0031,LC
1943677.76,9752,7.1019,LC
1943694.8,9753,28.6772,BG
1943701.15,9750,3.8686,LC
1943758.1,9751,13.6987,LC
1943761.66,9752,5.862,LC
1943782.86,9753,36.6126,BG
1943864.79,9753,31.793,BG
1943867.38,9750,4.1276,LC
1943946.17,9753,30.4309,BG
1943951.38,9751,4.2916,LC
1943999.6,9752,12.3663,LC
1944026.23,9753,29.9009,BG
1944046.44,9750,5.8123,LC
1944047.56,9751,5.0127,LC
1944071.94,9752,8.7327,LC
1944103.84,9753,27.4449,BG
1944149.71,9750,10.7132,LC
1944168.35,9751,8.263,LC
1944171.22,9752,4.6088,LC
1944184.1,9753,29.9461,BG
1944263.73,9753,29.4228,BG
1944349.06,9753,34.7227,BG
1944434.31,9753,34.9083,BG
1944445.51,9750,3.9405,LC
1944512.39,9753,27.9191,BG
1944574.44,9751,10.5686,LC
1944601.5,9753,38.8991,BG
1944616.36,9752,5.2987,LC
1944651.52,9750,11.2651,LC
1944677.88,9753,26.1297,BG
1944690.93,9751,5.7905,LC
1944697.37,9752,5.7164,LC
1944767.69,9753,39.3228,BG
1944839.6,9750,6.3187,LC
1944851.59,9753,33.6408,BG
1944887.5,9751,8.8996,LC
1944920.58,9752,4.3256,LC
1944934.47,9753,32.5048,BG
1944935.85,9750,4.1863,LC
1945018.47,9753,33.523,BG
1945104.06,9753,35.2949,BG
1945104.79,9751,4.2679,LC
1945131.54,9752,8.8906,LC
1945193.03,9753,38.4455,BG
1945196.69,9750,4.8103,LC
1945225.77,9751,9.0792,LC
1945276.5,9753,32.9158,BG
1945346.83,9752,4.8518,LC
1945358.39,9753,31.3719,BG
1945378.17,9750,5.7683,LC
1945440.53,9753,31.8656,BG
1945468.05,9751,8.3907,LC
1945473.96,9752,6.0489,LC
1945507.94,9750,8.1569,LC
1945508.87,9751,7.4214,LC
1945518.57,9753,27.9437,BG
1945556.91,9752,9.9247,LC
1945602.65,9753,33.6833,BG
1945672.76,9750,7.1753,LC
1945687.81,9753,34.5418,BG
1945716.43,9751,7.7054,LC
1945767.24,9753,29.0553,BG
1945804.73,9752,11.0001,LC
1945846.22,9753,28.5568,BG
1945888.25,9750,4.2102,LC
1945912.16,9751,4.2041,LC
1945919.71,9752,4.1442,LC
1945920.93,9753,24.6115,BG
1945976.34,9750,12.4187,LC
1946000.97,9753,27.7435,BG
1946015.35,9751,4.8535,LC
1946053.06,9752,6.9117,LC
1946079.36,9753,27.9755,BG
1946108.65,9750,7.2017,LC
1946162.81,9753,33.3428,BG
1946254.09,9753,40.9011,BG
1946303.31,9751,7.6689,LC
1946333.1,9753,28.864,BG
1946376.61,9752,5.1904,LC
1946413.23,9753,29.9896,BG
1946447.23,9750,4.2453,LC
1946464.99,9751,8.1942,LC
1946493.06,9753,29.6443,BG
1946521.17,9752,8.8551,LC
1946522.81,9750,8.9671,LC
1946525.88,9751,6.5951,LC
1946530.06,9752,5.3931,LC
1946560.64,9751,4.0816,LC
1946567.38,9753,24.1609,BG
1946600.8,9750,8.2159,LC
1946622.19,9752,11.0429,LC
1946645.05,9753,26.8133,BG
1946657.22,9751,4.3074,LC
1946692.79,9750,7.1245,LC
1946698.19,9752,6.0741,LC
1946720.4,9753,24.9539,BG
1946750.83,9751,9.0627,LC
1946788.22,9750,9.004,LC
1946805.68,9753,35.0819,BG
1946815.72,9752,3.9128,LC
1946889.28,9753,33.1158,BG
1946899.74,9751,4.1204,LC
1946974.76,9753,35.1728,BG
1947017.82,9750,5.67,LC
1947030.49,9752,8.5611,LC
1947040.03,9751,5.7328,LC
1947059.54,9753,34.7411,BG
1947100.8,9750,9.5421,LC
1947109.7,9752,8.0785,LC
1947134.52,9753,24.762,BG
1947223.15,9753,38.0522,BG
1947254.67,9751,8.5692,LC
1947264.97,9750,8.6653,LC
1947304.04,9753,30.6985,BG
1947379.91,9752,4.6131,LC
1947391.56,9753,37.2998,BG
1947403.67,9751,3.9572,LC
1947472.75,9753,30.7788,BG
1947480.99,9750,4.0369,LC
1947546.82,9752,7.3638,LC
1947560.13,9753,37.1625,BG
1947564.69,9751,4.9208,LC
1947571.96,9750,5.4769,LC
1947633.5,9753,23.071,BG
1947654.19,9752,7.3341,LC
1947695.25,9751,9.7942,LC
1947708.73,9750,5.2358,LC
1947722.58,9753,38.64,BG
1947740.86,9752,8.1625,LC
1947770.39,9751,9.3455,LC
1947783.75,9750,6.2857,LC
1947800.25,9753,27.5272,BG
1947818.99,9752,5.5478,LC
1947887.71,9753,37.1935,BG
1947975.22,9753,36.7717,BG
1947980.98,9751,4.2637,LC
1948064.94,9752,11.7561,LC
1948065.05,9750,12.8244,LC
1948069.72,9753,44.2545,BG
1948084.4,9751,5.2449,LC
1948131.55,9750,9.5211,LC
1948147.49,9752,6.1526,LC
1948158.34,9753,37.9163,BG
1948238.02,9753,29.5008,BG
1948240.97,9751,4.107,LC
1948265.63,9750,7.6223,LC
1948296.63,9752,10.6679,LC
1948315.85,9751,4.3591,LC
1948320.28,9750,4.2308,LC
1948325.36,9753,35.6898,BG
1948337.87,9752,4.4168,LC
1948410.56,9753,34.5609,BG
1948418.42,9751,4.0146,LC
1948479.64,9750,11.1069,LC
1948491.91,9752,4.1017,LC
1948498.81,9753,37.7534,BG
1948511.99,9751,4.2306,LC
1948559.59,9750,8.0292,LC
1948589.91,9753,40.4246,BG
1948600.05,9752,4.137,LC
1948638.28,9751,7.4625,LC
1948669.6,9753,27.689,BG
1948715.98,9750,9.8791,LC
1948729.22,9752,8.0282,LC
1948750.62,9753,30.6791,BG
1948805.9,9751,9.8947,LC
1948810.44,9750,9.4218,LC
1948817.75,9752,7.4729,LC
1948821.21,9750,6.9297,LC
1948836.47,9753,34.153,BG
1948861.91,9751,9.0359,LC
1948923.63,9753,36.5533,BG
1948973.44,9752,9.0664,LC
1948991.77,9750,5.9672,LC
1949002.74,9753,29.2942,BG
1949055.15,9751,7.9503,LC
1949057.62,9752,8.2375,LC
1949085.86,9753,32.5448,BG
1949123.12,9750,10.4461,LC
1949133.31,9751,6.9024,LC
1949164.92,9753,28.9886,BG
1949166.44,9752,4.1441,LC
1949232.86,9750,9.0136,LC
1949241.0,9751,6.9881,LC
1949256.01,9752,4.4832,LC
1949257.62,9753,42.3097,BG
1949263.87,9750,4.2304,LC
1949292.12,9751,9.0505,LC
1949339.91,9753,32.0645,BG
1949383.71,9752,10.745,LC
1949387.57,9750,7.1607,LC
1949417.93,9751,5.1573,LC
1949420.69,9753,30.4254,BG
1949508.12,9753,36.8974,BG
1949592.13,9753,33.6606,BG
1949612.61,9752,5.9195,LC
1949652.99,9750,10.0593,LC
1949680.46,9753,37.9137,BG
1949694.65,9751,4.0603,LC
1949718.51,9752,7.7202,LC
1949751.39,9750,4.5347,LC
1949754.23,9751,4.8998,LC
1949763.53,9752,4.0585,LC
1949765.16,9753,34.5643,BG
1949777.12,9750,4.7031,LC
1949826.96,9751,9.8678,LC
1949835.05,9752,7.5688,LC
1949850.75,9753,35.1817,BG
1949860.1,9750,4.2186,LC
1949866.83,9751,4.9923,LC
1949878.2,9752,4.8986,LC
1949897.91,9750,9.2529,LC
1949914.94,9751,7.0476,LC
1949928.5,9752,4.0554,LC
1949931.51,9753,30.5405,BG
1949957.9,9750,9.0065,LC
1949981.6,9751,10.2478,LC
1949998.73,9752,6.1552,LC
1950009.57,9750,5.1201,LC
1950015.86,9753,33.8357,BG
1950030.77,9751,5.8363,LC
1950036.87,9752,4.8909,LC
1950037.79,9750,4.5595,LC
1950038.25,9751,6.24,LC
1950049.44,9752,4.5528,LC
1950079.29,9751,7.5532,LC
1950079.37,9750,10.344,LC
1950101.09,9753,34.8393,BG
1950148.61,9752,9.3782,LC
1950182.67,9753,31.2221,BG
1950217.73,9751,9.6582,LC
1950243.37,9750,8.2927,LC
1950253.76,9752,4.7268,LC
1950261.89,9753,29.131,BG
1950281.66,9751,5.6549,LC
1950329.48,9750,13.8433,LC
1950331.17,9752,11.1115,LC
1950335.64,9751,6.0682,LC
1950348.25,9753,36.104,BG
1950380.96,9750,10.119,LC
1950416.79,9752,17.6992,LC
1950417.76,9751,16.2448,LC
1950434.47,9753,35.5454,BG
1950467.74,9750,9.7033,LC
1950499.95,9751,7.516,LC
1950509.84,9752,6.2874,LC
1950524.53,9753,39.8078,BG
1950537.42,9750,4.3757,LC
1950551.27,9751,7.0118,LC
1950570.92,9752,7.5958,LC
1950587.6,9750,6.0208,LC
1950598.8,9751,7.7844,LC
1950608.93,9753,34.2443,BG
1950620.34,9752,4.0979,LC
1950650.95,9750,6.4938,LC
1950669.81,9751,5.4042,LC
1950685.25,9753,25.7496,BG
1950696.41,9752,4.3733,LC
1950716.79,9750,7.6822,LC
1950729.39,9751,7.2001,LC
1950747.26,9752,4.7322,LC
1950753.12,9750,6.558,LC
1950754.33,9751,5.2699,LC
1950761.15,9752,3.9395,LC
1950767.16,9753,31.9136,BG
1950809.28,9750,7.8148,LC
1950820.69,9751,10.018,LC
1950844.07,9753,25.7125,BG
1950878.89,9752,8.9629,LC
1950880.47,9751,8.2021,LC
1950882.64,9750,11.9655,LC
1950923.17,9753,28.7577,BG
1950934.73,9752,4.996,LC
1950940.92,9751,5.3537,LC
1950974.79,9752,9.2847,LC
1950986.2,9751,11.7946,LC
1950986.25,9750,15.5036,LC
1950986.65,9752,9.4927,LC
1950990.02,9750,4.0398,LC
1950997.07,9751,4.0606,LC
1951004.16,9750,6.9757,LC
1951004.76,9752,8.3228,LC
1951009.54,9753,33.7352,BG
1951025.34,9751,4.3692,LC
1951067.11,9752,11.8391,LC
1951068.08,9750,8.1597,LC
1951070.78,9751,10.5913,LC
1951085.28,9750,4.0798,LC
1951092.89,9753,30.9201,BG
1951113.44,9752,7.568,LC
1951125.35,9751,7.9862,LC
1951148.81,9750,7.1473,LC
1951153.61,9752,4.596,LC
1951173.03,9750,3.9706,LC
1951174.41,9753,31.0901,BG
1951211.23,9751,9.9506,LC
1951255.67,9753,30.962,BG
1951348.29,9753,41.9432,BG
1951375.8,9752,8.7574,LC
1951394.65,9750,9.3895,LC
1951429.6,9753,31.0502,BG
1951480.1,9751,11.6841,LC
1951512.97,9753,33.1647,BG
1951522.11,9752,4.003,LC
1951529.43,9750,4.3544,LC
1951584.32,9751,5.2553,LC
1951597.78,9753,34.6321,BG
1951612.8,9752,4.7239,LC
1951615.05,9750,4.5933,LC
1951618.89,9751,4.0674,LC
1951659.3,9750,9.3692,LC
1951671.83,9752,6.8724,LC
1951684.8,9753,36.5346,BG
1951688.81,9751,3.8426,LC
1951709.96,9750,5.403,LC
1951745.59,9752,7.7906,LC
1951761.6,9751,4.0337,LC
1951767.72,9753,32.7961,BG
1951796.36,9750,4.7116,LC
1951808.33,9752,6.2087,LC
1951817.48,9751,6.9335,LC
1951830.53,9750,3.9127,LC
1951842.27,9752,4.036,LC
1951844.27,9753,26.5275,BG
1951875.88,9751,7.8888,LC
1951900.86,9750,12.3843,LC
1951918.54,9752,3.9039,LC
1951926.22,9753,31.5632,BG
1951928.57,9751,4.0879,LC
1951994.07,9750,7.2055,LC
1952013.48,9753,36.9187,BG
1952023.98,9752,4.1484,LC
1952062.12,9751,8.9849,LC
1952097.55,9750,6.4286,LC
1952097.7,9752,4.5165,LC
1952104.2,9753,40.1918,BG
1952150.49,9751,7.3865,LC
1952165.83,9750,8.1313,LC
1952166.1,9752,9.5499,LC
1952188.82,9751,3.9337,LC
1952189.05,9753,32.7849,BG
1952191.58,9750,4.4824,LC
1952199.36,9752,3.8885,LC
1952210.64,9751,5.7668,LC
1952237.91,9750,9.3062,LC
1952246.6,9752,9.3583,LC
1952251.7,9751,4.6812,LC
1952256.63,9750,5.3995,LC
1952260.29,9752,4.1611,LC
1952271.88,9750,3.8943,LC
1952274.54,9751,4.1115,LC
1952274.87,9753,35.8377,BG
1952283.55,9752,5.0061,LC
1952284.6,9750,4.8136,LC
1952290.96,9751,4.085,LC
1952348.07,9752,4.4806,LC
1952358.25,9753,33.0422,BG
1952396.57,9750,10.3246,LC
1952443.13,9753,34.5756,BG
1952454.4,9751,6.4494,LC
1952470.12,9752,5.9733,LC
1952511.46,9750,6.5844,LC
1952528.85,9751,5.7177,LC
1952529.25,9753,35.8514,BG
1952540.61,9752,4.0415,LC
1952565.14,9750,9.3052,LC
1952593.29,9751,7.5895,LC
1952600.98,9752,5.6907,LC
1952610.54,9750,4.0667,LC
1952614.87,9753,35.1095,BG
1952638.29,9751,7.6365,LC
1952689.76,9752,4.1518,LC
1952694.84,9753,29.6546,BG
1952753.34,9750,7.7474,LC
1952765.96,9751,4.9444,LC
1952771.52,9752,3.9139,LC
1952781.66,9753,36.2429,BG
1952782.19,9750,4.6416,LC
1952805.42,9751,7.3943,LC
1952814.93,9752,8.1091,LC
1952824.77,9750,7.0858,LC
1952829.37,9751,4.4546,LC
1952838.67,9752,4.0376,LC
1952855.72,9753,23.9057,BG
1952886.61,9750,11.097,LC
1952890.67,9751,7.959,LC
1952916.39,9752,8.633,LC
1952929.1,9750,7.4485,LC
1952930.62,9751,10.4014,LC
1952930.71,9752,8.0472,LC
1952940.65,9750,3.8464,LC
1952941.5,9751,4.3977,LC
1952945.84,9753,39.6668,BG
1952954.87,9752,4.4475,LC
1952959.04,9750,4.4674,LC
1952968.0,9751,4.5989,LC
1952985.78,9752,8.0258,LC
1952996.87,9750,7.7001,LC
1953016.89,9751,4.4995,LC
1953023.15,9752,5.0977,LC
1953025.59,9750,4.5763,LC
1953027.73,9753,31.7204,BG
1953054.72,9752,9.0784,LC
1953095.99,9751,7.9748,LC
1953102.91,9750,6.3946,LC
1953113.78,9753,35.7799,BG
1953122.14,9752,4.0493,LC
1953132.92,9751,4.5282,LC
1953135.44,9752,4.1998,LC
1953136.03,9750,6.3742,LC
1953163.64,9751,8.2441,LC
1953171.09,9752,8.3108,LC
1953173.78,9750,4.5394,LC
1953184.63,9752,4.0257,LC
1953192.3,9753,28.2615,BG
1953214.06,9751,5.9706,LC
1953262.68,9750,18.2938,LC
1953263.18,9752,14.574,LC
1953272.36,9751,6.9057,LC
1953275.05,9752,4.8091,LC
1953279.25,9753,36.8058,BG
1953293.89,9750,5.1622,LC
1953307.07,9751,6.6199,LC
1953318.17,9752,7.1535,LC
1953361.37,9753,31.6266,BG
1953399.52,9750,8.583,LC
1953414.63,9751,9.0804,LC
1953427.27,9752,6.9485,LC
1953431.07,9750,6.2638,LC
1953433.05,9751,4.1737,LC
1953433.67,9752,4.491,LC
1953442.91,9753,30.5951,BG
1953478.23,9750,9.8826,LC
1953490.1,9751,6.887,LC
1953495.83,9752,6.1985,LC
1953520.72,9753,27.4429,BG
1953545.77,9750,9.1806,LC
1953587.08,9751,7.8701,LC
1953597.32,9752,6.902,LC
1953614.21,9753,43.5132,BG
1953617.55,9750,4.0145,LC
1953623.79,9751,4.3559,LC
1953679.71,9752,15.4053,LC
1953681.16,9751,7.8337,LC
1953682.32,9750,16.0204,LC
1953698.12,9751,4.0008,LC
1953706.44,9753,41.8397,BG
1953720.86,9752,6.1673,LC
1953720.98,9750,5.3774,LC
1953726.59,9751,4.3156,LC
1953727.73,9750,4.1575,LC
1953753.11,9752,9.2497,LC
1953761.37,9750,7.7902,LC
1953761.46,9751,10.6208,LC
1953769.14,9752,5.3794,LC
1953789.8,9750,4.0842,LC
1953790.1,9753,28.7118,BG
1953830.52,9751,10.2016,LC
1953833.85,9752,8.4019,LC
1953841.51,9750,7.3289,LC
1953870.2,9753,29.0893,BG
1953880.38,9752,4.3881,LC
1953890.41,9751,4.3701,LC
1953924.15,9750,11.1547,LC
1953939.89,9752,6.4874,LC
1953943.44,9751,4.2187,LC
1953954.09,9753,33.583,BG
1953962.61,9750,4.3782,LC
1954026.16,9752,6.3768,LC
1954036.84,9751,5.5649,LC
1954042.23,9750,4.0917,LC
1954043.31,9753,39.0053,BG
1954127.2,9752,3.8744,LC
1954128.2,9753,34.5009,BG
1954133.8,9751,4.2354,LC
1954143.5,9750,4.4978,LC
1954200.51,9752,7.1223,LC
1954211.66,9753,32.6238,BG
1954222.52,9751,4.1178,LC
1954276.19,9750,16.2936,LC
1954278.55,9752,13.1969,LC
1954296.64,9753,34.968,BG
1954305.1,9751,4.0857,LC
1954330.74,9750,8.856,LC
1954379.93,9753,33.0116,BG
1954454.14,9752,9.9261,LC
1954472.11,9753,41.468,BG
1954530.14,9751,10.7075,LC
1954532.26,9750,14.7174,LC
1954533.0,9752,11.6346,LC
1954552.48,9753,30.2519,BG
1954623.2,9751,6.5885,LC
1954642.45,9750,4.0889,LC
1954643.47,9753,40.5403,BG
1954731.2,9752,4.3677,LC
1954731.36,9753,37.4345,BG
1954786.66,9751,10.4252,LC
1954816.42,9753,34.7369,BG
1954891.98,9750,7.4221,LC
1954899.04,9752,5.4894,LC
1954907.59,9753,40.6788,BG
1954918.49,9751,4.0357,LC
1954981.6,9753,23.9397,BG
1955014.27,9750,4.285,LC
1955051.7,9752,4.0984,LC
1955062.45,9753,30.6104,BG
1955099.62,9751,7.1838,LC
1955118.19,9750,9.3117,LC
1955146.28,9753,32.7978,BG
1955155.33,9752,4.2011,LC
1955191.78,9751,5.7183,LC
1955230.64,9753,34.1142,BG
1955235.72,9752,3.9688,LC
1955237.18,9750,6.2493,LC
1955254.19,9751,4.3016,LC
1955291.64,9752,9.661,LC
1955320.26,9753,39.4318,BG
1955334.66,9750,6.6897,LC
1955404.67,9753,34.0146,BG
1955456.28,9751,5.3375,LC
1955478.19,9753,23.2179,BG
1955490.19,9752,5.0682,LC
1955546.78,9750,7.4984,LC
1955558.88,9751,9.0682,LC
1955572.84,9753,44.3976,BG
1955593.46,9752,7.8323,LC
1955623.32,9750,10.3856,LC
1955631.12,9751,13.9421,LC
1955632.11,9752,10.798,LC
1955644.03,9750,4.309,LC
1955649.85,9753,26.33,BG
1955667.19,9751,4.9438,LC
1955675.42,9752,4.9537,LC
1955680.86,9750,6.3154,LC
1955681.42,9751,4.2869,LC
1955690.1,9752,4.8778,LC
1955719.48,9750,8.6106,LC
1955721.39,9751,9.9099,LC
1955726.09,9752,4.9036,LC
1955757.95,9753,57.9255,BG
1955783.42,9751,7.5378,LC
1955783.71,9750,8.4513,LC
1955785.6,9752,4.7765,LC
1955804.14,9751,7.338,LC
1955804.77,9750,5.2104,LC
1955837.74,9753,29.0554,BG
1955843.23,9752,4.3354,LC
1955858.99,9751,4.7515,LC
1955872.9,9750,6.6551,LC
1955878.19,9752,4.6497,LC
1955893.47,9751,7.0521,LC
1955897.49,9750,5.1321,LC
1955907.37,9752,5.2346,LC
1955919.63,9753,31.8989,BG
1955956.06,9751,7.1632,LC
1955973.4,9750,6.5272,LC
1955985.9,9752,4.1799,LC
1955996.52,9753,26.6428,BG
1956025.64,9751,6.9023,LC
1956040.47,9750,5.8626,LC
1956040.61,9752,4.9082,LC
1956043.65,9751,4.2836,LC
1956052.96,9750,4.365,LC
1956071.21,9752,3.9569,LC
1956073.73,9753,27.0861,BG
1956087.94,9751,4.5023,LC
1956108.88,9752,5.1966,LC
1956108.96,9750,5.3846,LC
1956150.08,9753,25.9564,BG
1956175.18,9751,6.244,LC
1956216.98,9750,12.5191,LC
1956219.18,9752,9.4875,LC
1956221.91,9751,6.4558,LC
1956236.69,9753,36.5072,BG
1956291.65,9750,11.3464,LC
1956325.57,9752,4.3633,LC
1956326.06,9753,38.9048,BG
1956329.97,9751,4.028,LC
1956365.52,9750,4.197,LC
1956385.2,9752,9.5382,LC
1956385.72,9751,5.4618,LC
1956401.26,9753,25.0109,BG
1956411.59,9750,4.0401,LC
1956443.23,9752,9.0079,LC
1956458.26,9751,8.3051,LC
1956459.31,9750,9.808,LC
1956463.13,9752,4.7989,LC
1956482.48,9753,29.3165,BG
1956526.63,9750,9.8027,LC
1956541.27,9751,6.2027,LC
1956557.44,9752,4.0732,LC
1956561.68,9753,28.8488,BG
1956578.63,9750,5.2556,LC
1956591.85,9751,7.8276,LC
1956632.17,9752,6.8516,LC
1956634.28,9750,7.4865,LC
1956651.98,9753,40.0044,BG
1956652.41,9751,3.9811,LC
1956701.23,9752,9.3461,LC
1956703.34,9750,8.5352,LC
1956731.95,9753,29.7726,BG
1956778.63,9751,6.5171,LC
1956810.07,9752,4.2841,LC
1956810.56,9750,4.2756,LC
1956813.14,9753,30.9781,BG
1956815.12,9751,4.3235,LC
1956818.6,9752,4.1686,LC
1956831.25,9750,4.5192,LC
1956851.24,9751,7.5618,LC
1956889.44,9752,3.8921,LC
1956898.71,9753,35.1329,BG
1956905.18,9750,4.2364,LC
1956909.4,9752,3.9984,LC
1956909.76,9751,5.1525,LC
1956952.1,9750,10.3777,LC
1956974.86,9752,4.4466,LC
1956979.42,9753,30.4566,BG
1957007.59,9751,4.2524,LC
1957059.77,9750,5.4622,LC
1957063.85,9753,34.1363,BG
1957065.16,9752,4.8054,LC
1957121.35,9750,8.8753,LC
1957123.3,9751,12.5831,LC
1957131.26,9752,6.5453,LC
1957133.99,9750,4.8286,LC
1957148.96,9753,34.6443,BG
1957174.48,9752,8.8169,LC
1957214.64,9751,6.4557,LC
1957231.82,9753,32.4324,BG
1957250.19,9750,8.4909,LC
1957305.63,9752,22.0933,LC
1957305.83,9751,18.1797,LC
1957307.53,9750,11.2648,LC
1957317.44,9753,35.6441,BG
1957320.71,9752,4.1126,LC
1957364.18,9751,7.6259,LC
1957404.98,9753,37.1603,BG
1957454.17,9750,9.4756,LC
1957477.08,9752,7.1353,LC
1957489.17,9753,33.783,BG
1957509.71,9751,6.923,LC
1957574.33,9753,34.5544,BG
1957657.58,9753,32.9259,BG
1957728.1,9750,6.2452,LC
1957741.54,9753,33.4175,BG
1957760.86,9752,6.1207,LC
1957760.97,9751,5.9741,LC
1957790.26,9750,4.0974,LC
1957815.06,9753,23.3341,BG
1957826.78,9752,4.3977,LC
1957861.55,9751,10.3973,LC
1957895.04,9753,29.6642,BG
1957981.44,9750,3.94,LC
1957983.66,9753,38.2812,BG
1957988.76,9752,4.1776,LC
1958001.52,9751,4.183,LC
1958012.94,9750,4.7062,LC
1958043.64,9752,9.9602,LC
1958043.77,9751,8.1832,LC
1958067.43,9753,32.2225,BG
1958069.87,9750,4.3751,LC
1958079.33,9751,4.0138,LC
1958140.13,9752,13.378,LC
1958141.33,9750,12.2783,LC
1958153.71,9753,36.0059,BG
1958171.46,9751,6.4837,LC
1958177.3,9752,5.9701,LC
1958192.0,9751,6.8376,LC
1958195.12,9750,6.7113,LC
1958221.07,9752,5.8715,LC
1958221.84,9751,5.0817,LC
1958234.12,9753,29.9528,BG
1958278.57,9750,16.6184,LC
1958278.99,9752,13.3877,LC
1958289.73,9751,7.9023,LC
1958298.52,9750,6.2318,LC
1958309.79,9752,3.902,LC
1958314.22,9753,29.7825,BG
1958359.46,9751,9.5097,LC
1958373.16,9750,9.2929,LC
1958395.41,9753,30.2177,BG
1958395.85,9752,4.1213,LC
1958410.31,9751,4.2148,LC
1958474.16,9750,6.5979,LC
1958477.74,9752,4.4821,LC
1958483.81,9753,37.9802,BG
1958538.24,9750,11.4454,LC
1958549.29,9751,10.2086,LC
1958551.97,9752,8.6916,LC
1958562.99,9750,4.1437,LC
1958569.34,9753,35.1514,BG
1958571.54,9751,4.0985,LC
1958597.09,9752,6.7843,LC
1958631.44,9750,4.1113,LC
1958647.59,9753,27.8212,BG
1958654.29,9752,4.0214,LC
1958655.63,9751,5.5539,LC
1958672.26,9750,4.104,LC
1958714.16,9752,6.3301,LC
1958714.77,9751,4.3456,LC
1958726.69,9753,28.9487,BG
1958739.83,9750,4.0968,LC
1958742.62,9752,4.0779,LC
1958759.89,9751,4.0635,LC
1958781.95,9750,6.6977,LC
1958796.92,9752,4.3581,LC
1958804.49,9753,27.7347,BG
1958814.08,9751,4.3305,LC
1958818.82,9750,4.008,LC
1958827.3,9752,4.0991,LC
1958863.61,9751,3.9938,LC
1958878.5,9753,23.7608,BG
1958883.1,9750,4.2486,LC
1958889.0,9752,3.9896,LC
1958896.25,9751,4.7106,LC
1958918.28,9750,9.1061,LC
1958923.4,9752,10.6306,LC
1958923.47,9751,9.012,LC
1958933.56,9750,6.3003,LC
1958937.19,9751,3.9906,LC
1958951.49,9752,8.0655,LC
1958951.82,9750,6.5767,LC
1958955.65,9753,26.5128,BG
1958955.77,9751,4.1539,LC
1958996.45,9752,11.3696,LC
1959000.76,9750,9.7996,LC
1959003.93,9751,7.0223,LC
1959010.41,9752,7.8914,LC
1959015.88,9750,4.3886,LC
1959024.62,9751,4.1413,LC
1959033.04,9752,3.9789,LC
1959034.75,9753,28.5961,BG
1959056.65,9750,8.021,LC
1959062.5,9751,6.303,LC
1959064.34,9750,5.8795,LC
1959079.36,9751,6.2642,LC
1959080.82,9752,8.1729,LC
1959093.54,9750,4.2357,LC
1959112.43,9751,4.0042,LC
1959113.01,9753,28.0017,BG
1959159.11,9752,7.2062,LC
1959171.58,9750,4.7873,LC
1959189.24,9753,25.9472,BG
1959214.44,9751,5.2978,LC
1959233.99,9752,8.4594,LC
1959234.99,9750,8.2192,LC
1959242.08,9751,7.0004,LC
1959263.55,9753,24.1991,BG
1959330.31,9752,7.8918,LC
1959331.85,9750,7.0399,LC
1959351.53,9753,37.8871,BG
1959362.42,9751,4.0175,LC
1959394.78,9752,7.7511,LC
1959423.09,9750,4.6428,LC
1959432.29,9753,30.4216,BG
1959447.22,9751,3.8891,LC
1959472.41,9752,7.3476,LC
1959480.83,9750,5.2565,LC
1959496.15,9751,5.3674,LC
1959510.34,9753,27.8148,BG
1959534.95,9752,7.3151,LC
1959545.21,9750,6.906,LC
1959563.7,9751,7.2579,LC
1959576.57,9752,10.6624,LC
1959578.04,9750,8.6065,LC
1959590.65,9753,30.1961,BG
1959630.12,9752,6.0244,LC
1959630.5,9751,7.9011,LC
1959635.67,9750,5.6166,LC
1959637.87,9751,5.5667,LC
1959646.12,9752,6.8344,LC
1959664.77,9750,4.0833,LC
1959669.73,9753,28.5758,BG
1959679.27,9751,5.2602,LC
1959699.28,9752,6.7671,LC
1959756.32,9753,36.2384,BG
1959758.46,9750,4.1694,LC
1959772.78,9751,6.3087,LC
1959809.57,9752,10.7692,LC
1959823.28,9750,6.5644,LC
1959838.67,9751,4.1117,LC
1959842.78,9753,35.9695,BG
1959853.82,9752,5.6955,LC
1959883.46,9750,11.1119,LC
1959887.81,9751,6.9605,LC
1959918.23,9752,3.8476,LC
1959920.42,9753,27.4616,BG
1959922.54,9750,4.1753,LC
1959927.19,9751,3.827,LC
1959939.37,9752,4.1524,LC
1959949.19,9750,4.9245,LC
1959963.09,9751,6.1361,LC
1959980.17,9752,7.1974,LC
1959981.92,9750,6.5572,LC
1960000.05,9753,29.1806,BG
1960005.19,9751,4.3129,LC
1960016.96,9752,4.2591,LC
1960024.88,9750,4.2305,LC
1960027.65,9751,4.2479,LC
1960057.4,9750,11.3551,LC
1960068.33,9752,5.6788,LC
1960086.96,9750,4.156,LC
1960087.06,9751,4.5746,LC
1960087.84,9753,37.764,BG
1960114.87,9752,8.1479,LC
1960156.21,9751,7.0409,LC
1960157.7,9750,5.3717,LC
1960160.27,9752,4.0431,LC
1960164.31,9753,26.3286,BG
1960182.5,9751,5.1342,LC
1960186.49,9750,5.0011,LC
1960221.34,9751,11.4082,LC
1960237.05,9751,6.7224,LC
1960238.95,9750,10.9445,LC
1960239.09,9752,11.7932,LC
1960250.15,9751,3.9689,LC
1960258.01,9753,42.8539,BG
1960260.0,9752,4.0831,LC
1960272.0,9750,4.3515,LC
1960296.36,9751,9.0069,LC
1960299.86,9752,7.9704,LC
1960321.14,9750,7.3301,LC
1960323.99,9751,7.5981,LC
1960331.12,9752,4.4418,LC
1960341.58,9753,33.3495,BG
1960346.36,9750,4.3103,LC
1960349.06,9751,4.08,LC
1960358.14,9752,3.9936,LC
1960401.07,9750,12.3675,LC
1960401.13,9750,5.7752,LC
1960403.39,9751,14.9662,LC
1960404.31,9752,11.4399,LC
1960408.17,9750,4.8901,LC
1960428.57,9753,36.3596,BG
1960451.75,9751,6.3931,LC
1960460.51,9752,10.7889,LC
1960461.7,9750,7.4173,LC
1960480.29,9751,9.737,LC
1960506.88,9753,28.0802,BG
1960517.07,9752,4.4971,LC
1960533.73,9750,7.2404,LC
1960543.97,9751,7.4257,LC
1960560.42,9752,9.7893,LC
1960583.84,9753,26.6712,BG
1960585.74,9750,4.2682,LC
1960595.75,9751,4.242,LC
1960598.41,9752,4.0846,LC
1960613.7,9750,4.3341,LC
1960654.3,9751,6.8896,LC
1960674.44,9753,40.2217,BG
1960683.64,9752,6.818,LC
1960714.39,9750,9.855,LC
1960747.87,9751,4.4699,LC
1960751.1,9752,3.8296,LC
1960757.5,9750,4.186,LC
1960759.41,9753,34.8552,BG
1960760.09,9751,4.2705,LC
1960770.28,9752,3.9778,LC
1960783.69,9750,5.58,LC
1960799.28,9751,7.1103,LC
1960814.38,9752,8.5556,LC
1960814.46,9750,7.0002,LC
1960823.14,9751,4.339,LC
1960825.13,9750,4.3633,LC
1960827.47,9752,4.2753,LC
1960836.3,9751,4.3274,LC
1960840.79,9750,4.6764,LC
1960844.31,9753,33.9723,BG
1960856.52,9752,4.4278,LC
1960898.59,9751,10.5827,LC
1960909.05,9750,4.3264,LC
1960922.91,9753,27.5078,BG
1960990.52,9752,6.9943,LC
1961016.29,9751,6.8676,LC
1961019.74,9753,46.7899,BG
1961105.48,9753,35.496,BG
1961129.87,9750,9.0568,LC
1961174.71,9752,7.1668,LC
1961197.52,9753,41.7944,BG
1961197.63,9751,4.013,LC
1961281.59,9753,33.8396,BG
1961290.76,9750,4.1122,LC
1961344.26,9752,9.2012,LC
1961358.34,9751,6.6329,LC
1961376.81,9753,44.6616,BG
1961393.91,9750,5.9281,LC
1961398.25,9752,5.1089,LC
1961430.15,9751,13.3601,LC
1961455.44,9753,28.0854,BG
1961471.77,9750,4.2839,LC
1961504.66,9752,8.4131,LC
1961545.56,9753,39.9936,BG
1961546.0,9751,6.1485,LC
1961552.53,9750,5.1629,LC
1961630.61,9753,34.717,BG
1961651.69,9752,8.1846,LC
1961688.19,9751,12.7693,LC
1961697.8,9750,5.1289,LC
1961715.15,9753,33.9659,BG
1961790.44,9753,25.1239,BG
1961815.21,9752,8.4081,LC
1961874.23,9753,33.6662,BG
1961882.17,9751,3.988,LC
1961894.33,9750,5.5421,LC
1961958.93,9753,34.3634,BG
1961968.74,9752,5.1393,LC
1962029.36,9751,7.9321,LC
1962043.38,9753,34.1659,BG
1962128.1,9753,34.2819,BG
1962211.25,9750,5.7219,LC
1962216.63,9753,38.1716,BG
1962243.87,9752,4.2628,LC
1962252.56,9751,5.0577,LC
1962277.15,9750,12.1223,LC
1962288.01,9752,3.9688,LC
1962304.42,9751,4.4075,LC
1962305.76,9753,37.4665,BG
1962318.97,9750,4.2918,LC
1962333.95,9752,7.8628,LC
1962366.45,9751,11.6348,LC
1962379.79,9750,7.2339,LC
1962382.63,9752,4.89,LC
1962390.76,9753,34.5627,BG
1962422.48,9751,9.4069,LC
1962438.87,9750,8.2904,LC
1962463.31,9752,13.7354,LC
1962463.41,9751,12.0823,LC
1962465.94,9750,4.5058,LC
1962472.85,9753,31.8432,BG
1962534.07,9752,10.9559,LC
1962551.68,9751,4.338,LC
1962555.96,9753,32.8027,BG
1962564.83,9750,4.3023,LC
1962571.77,9752,4.4534,LC
1962573.87,9751,4.3606,LC
1962608.27,9750,12.7185,LC
1962622.58,9752,4.3035,LC
1962635.15,9753,28.7389,BG
1962647.2,9751,5.3731,LC
1962654.79,9750,5.447,LC
1962656.14,9752,5.0684,LC
1962664.99,9751,5.0913,LC
1962672.63,9750,4.5715,LC
1962677.13,9752,4.6682,LC
1962695.29,9751,6.7531,LC
1962713.03,9753,27.5001,BG
1962791.3,9750,4.5469,LC
1962796.12,9753,33.0402,BG
1962831.03,9752,9.9368,LC
1962838.24,9751,8.8162,LC
1962843.28,9750,6.8621,LC
1962871.4,9752,4.0886,LC
1962873.78,9751,4.4476,LC
1962879.4,9753,32.9979,BG
1962884.54,9750,4.0311,LC
1962899.88,9752,6.4159,LC
1962962.89,9753,33.0193,BG
1962997.4,9751,9.9186,LC
1963025.05,9750,10.6628,LC
1963045.14,9752,4.3298,LC
1963046.22,9753,32.9952,BG
1963053.97,9751,3.9523,LC
1963083.74,9750,9.9203,LC
1963090.43,9752,6.51,LC
1963109.14,9751,9.8282,LC
1963112.12,9750,6.7306,LC
1963125.6,9752,4.0881,LC
1963130.07,9751,4.2946,LC
1963130.16,9753,33.5728,BG
1963134.53,9750,4.3114,LC
1963168.09,9751,9.9906,LC
1963191.25,9752,6.8454,LC
1963204.87,9750,4.4047,LC
1963210.3,9753,30.2289,BG
1963242.51,9751,9.7702,LC
1963244.13,9752,9.0149,LC
1963250.63,9750,5.5606,LC
1963255.65,9751,4.3722,LC
1963258.13,9752,4.763,LC
1963259.63,9750,4.2889,LC
1963284.77,9753,23.8961,BG
1963306.47,9751,5.9774,LC
1963354.87,9752,12.5894,LC
1963357.77,9750,8.7456,LC
1963370.8,9753,35.9148,BG
1963380.41,9751,4.0397,LC
1963391.35,9752,5.2665,LC
1963443.14,9750,5.8477,LC
1963458.09,9753,36.3484,BG
1963458.67,9751,4.3289,LC
1963473.5,9752,6.8878,LC
1963533.54,9750,4.3369,LC
1963540.55,9753,32.8674,BG
1963553.81,9751,4.2298,LC
1963560.41,9752,4.1694,LC
1963563.25,9750,4.8444,LC
1963611.69,9751,12.7687,LC
1963611.75,9752,7.9368,LC
1963614.97,9750,10.786,LC
1963617.09,9751,5.3124,LC
1963622.58,9752,3.8978,LC
1963630.15,9753,39.4595,BG
1963631.87,9750,4.0465,LC
1963672.17,9751,10.3126,LC
1963686.96,9752,9.5742,LC
1963687.85,9750,7.2855,LC
1963699.3,9751,4.1834,LC
1963710.13,9753,29.0106,BG
1963766.14,9752,5.2565,LC
1963773.97,9750,7.2349,LC
1963784.82,9751,6.2408,LC
1963794.2,9753,33.5952,BG
1963815.16,9752,6.8566,LC
1963825.58,9750,6.2275,LC
1963851.54,9752,7.418,LC
1963853.67,9751,9.6317,LC
1963865.41,9750,4.0828,LC
1963878.79,9753,32.471,BG
1963904.29,9752,7.6606,LC
1963906.79,9751,7.6422,LC
1963949.13,9750,11.8109,LC
1963951.38,9752,12.1497,LC
1963951.44,9751,5.7592,LC
1963954.25,9750,5.035,LC
1963966.55,9753,37.5477,BG
1963979.96,9751,4.0548,LC
1964000.79,9752,6.6008,LC
1964036.11,9750,9.8871,LC
1964050.88,9751,6.3447,LC
1964056.74,9753,39.8725,BG
1964081.7,9752,7.2854,LC
1964087.68,9750,6.4299,LC
1964089.35,9752,5.6911,LC
1964123.08,9751,5.8353,LC
1964132.05,9750,4.0911,LC
1964133.26,9752,4.0543,LC
1964143.22,9753,36.2742,BG
1964175.2,9751,7.3246,LC
1964180.16,9750,7.3801,LC
1964208.13,9752,8.4738,LC
1964217.32,9751,4.7032,LC
1964225.44,9753,32.0026,BG
1964248.9,9750,4.423,LC
1964295.44,9752,6.7283,LC
1964302.27,9751,4.335,LC
1964305.61,9750,5.1633,LC
1964311.33,9753,35.6268,BG
1964315.65,9752,4.0024,LC
1964374.22,9751,9.4433,LC
1964381.85,9750,6.2226,LC
1964395.46,9753,33.497,BG
1964417.57,9752,7.643,LC
1964425.48,9751,7.2359,LC
1964442.46,9750,9.2686,LC
1964453.14,9752,4.6645,LC
1964466.68,9751,3.9457,LC
1964473.04,9753,27.2526,BG
1964479.15,9750,4.4169,LC
1964489.85,9751,5.3442,LC
1964490.07,9752,8.2094,LC
1964491.32,9750,5.0877,LC
1964505.45,9751,5.7346,LC
1964511.06,9752,5.0241,LC
1964530.73,9750,6.1283,LC
1964549.17,9752,5.0811,LC
1964549.28,9750,6.8924,LC
1964551.92,9751,5.5424,LC
1964551.97,9751,5.6197,LC
1964553.42,9752,4.1736,LC
1964557.43,9753,34.3361,BG
1964567.31,9750,4.3079,LC
1964582.54,9751,6.3902,LC
1964605.51,9752,11.4954,LC
1964605.65,9750,9.204,LC
1964625.25,9751,4.4857,LC
1964636.06,9753,26.6371,BG
1964636.36,9752,4.1398,LC
1964660.91,9750,5.838,LC
1964682.14,9751,8.263,LC
1964707.71,9750,5.4464,LC
1964707.92,9752,4.7375,LC
1964710.13,9751,3.9947,LC
1964714.13,9753,29.5011,BG
1964739.29,9752,8.2397,LC
1964776.4,9750,8.8726,LC
1964798.55,9753,34.0843,BG
1964800.42,9751,4.2322,LC
1964832.45,9752,10.2667,LC
1964841.96,9750,6.7318,LC
1964858.0,9751,8.3055,LC
1964879.74,9753,30.9404,BG
1964918.38,9752,10.8336,LC
1964955.59,9750,5.7984,LC
1964962.99,9753,32.7334,BG
1965018.59,9751,9.8351,LC
1965045.86,9753,32.597,BG
1965101.96,9752,12.2429,LC
1965129.71,9753,33.2691,BG
1965158.81,9750,8.6999,LC
1965168.48,9751,6.7488,LC
1965191.86,9752,7.8161,LC
1965208.97,9753,29.0897,BG
1965251.92,9750,8.1978,LC
1965268.84,9751,9.4595,LC
1965290.52,9752,4.8196,LC
1965296.08,9753,34.5261,BG
1965352.95,9750,11.0238,LC
1965376.19,9753,29.6932,BG
1965435.22,9751,10.3508,LC
1965442.25,9752,7.1694,LC
1965448.44,9751,5.2918,LC
1965462.06,9753,34.1221,BG
1965464.84,9750,4.3611,LC
1965482.73,9752,4.4447,LC
1965496.39,9751,4.9022,LC
1965501.93,9750,4.1735,LC
1965508.91,9752,5.4109,LC
1965536.3,9753,23.8985,BG
1965557.19,9751,5.8635,LC
1965566.25,9750,8.8563,LC
1965568.91,9752,7.993,LC
1965595.8,9751,9.9643,LC
1965621.13,9753,34.6215,BG
1965650.22,9750,9.6843,LC
1965658.7,9752,8.4193,LC
1965661.42,9751,6.9638,LC
1965693.7,9750,3.9736,LC
1965702.66,9753,31.346,BG
1965765.68,9752,8.0126,LC
1965766.6,9751,7.6618,LC
1965780.72,9752,6.3032,LC
1965785.14,9751,6.9942,LC
1965785.83,9750,7.6244,LC
1965786.65,9750,6.0458,LC
1965795.59,9752,4.1233,LC
1965796.92,9753,43.6325,BG
1965858.99,9751,10.1272,LC
1965874.19,9750,11.4279,LC
1965874.27,9752,7.5414,LC
1965880.79,9751,8.5305,LC
1965882.31,9753,35.1195,BG
1965884.09,9750,7.647,LC
1965885.04,9752,6.7544,LC
1965891.67,9751,3.9069,LC
1965898.43,9750,4.1229,LC
1965904.26,9752,3.9216,LC
1965963.8,9751,5.6603,LC
1965970.84,9753,37.0371,BG
1965970.98,9750,4.3975,LC
1965978.37,9752,3.8554,LC
1965986.21,9751,4.2225,LC
1965988.78,9750,4.6875,LC
1966030.87,9752,9.9292,LC
1966055.45,9753,35.2486,BG
1966072.18,9751,5.6569,LC
1966102.15,9750,10.1781,LC
1966137.1,9753,31.4038,BG
1966186.61,9752,10.7916,LC
1966197.69,9751,6.6652,LC
1966205.9,9750,5.4879,LC
1966205.97,9752,5.4219,LC
1966210.62,9751,4.0604,LC
1966219.79,9750,3.8611,LC
1966223.58,9753,36.2103,BG
1966232.29,9751,5.2886,LC
1966232.35,9752,8.3101,LC
1966265.0,9750,8.9899,LC
1966304.32,9752,4.0117,LC
1966306.23,9753,32.5567,BG
1966308.92,9751,4.0362,LC
1966322.14,9750,4.6452,LC
1966395.79,9753,38.9755,BG
1966404.07,9752,4.4447,LC
1966407.27,9751,4.4839,LC
1966409.45,9750,3.9252,LC
1966415.26,9752,4.2062,LC
1966473.96,9751,4.1904,LC
1966474.09,9753,28.064,BG
1966483.21,9750,4.3751,LC
1966496.72,9752,4.7022,LC
1966521.28,9751,9.5152,LC
1966545.67,9750,6.4808,LC
1966561.47,9753,36.9173,BG
1966638.46,9752,5.7247,LC
1966647.83,9751,4.9449,LC
1966647.9,9750,5.0612,LC
1966651.42,9753,39.4514,BG
1966695.22,9752,10.8737,LC
1966717.08,9751,6.9858,LC
1966734.07,9753,32.3599,BG
1966742.07,9750,4.1536,LC
1966769.89,9752,8.9877,LC
1966777.03,9751,6.4152,LC
1966777.12,9752,6.9882,LC
1966778.38,9750,6.0992,LC
1966784.19,9751,4.9632,LC
1966794.94,9752,4.251,LC
1966805.62,9751,4.444,LC
1966805.67,9750,4.9833,LC
1966812.57,9753,28.2614,BG
1966824.88,9752,4.3075,LC
1966874.88,9751,9.955,LC
1966898.09,9753,35.206,BG
1966908.92,9750,4.0286,LC
1966921.65,9752,5.1259,LC
1966942.35,9751,7.1214,LC
1966959.11,9750,8.3652,LC
1966977.33,9752,6.1411,LC
1966981.0,9753,32.6524,BG
1966987.81,9751,4.2751,LC
1966999.56,9750,6.7978,LC
1967033.49,9752,10.4226,LC
1967060.36,9753,28.9802,BG
1967107.98,9751,10.0891,LC
1967135.72,9750,4.1835,LC
1967141.03,9752,5.0518,LC
1967143.54,9751,5.4011,LC
1967149.31,9753,38.5425,BG
1967152.51,9750,4.2032,LC
1967208.47,9752,11.7147,LC
1967210.19,9751,9.1364,LC
1967217.16,9750,7.2513,LC
1967230.9,9752,4.2988,LC
1967235.13,9753,34.8055,BG
1967277.95,9751,10.6673,LC
1967305.27,9750,5.2867,LC
1967316.53,9753,31.2168,BG
1967338.74,9752,6.9994,LC
1967378.9,9751,9.1754,LC
1967399.21,9751,6.8599,LC
1967399.26,9750,15.052,LC
1967399.3,9752,10.0082,LC
1967403.24,9753,36.5619,BG
1967404.63,9750,4.3392,LC
1967423.49,9752,6.2378,LC
1967472.95,9751,5.4473,LC
1967485.2,9753,31.7338,BG
1967488.33,9750,4.0203,LC
1967510.09,9752,6.8609,LC
1967551.13,9751,7.4403,LC
1967573.41,9750,5.6822,LC
1967580.07,9753,44.4123,BG
1967583.16,9752,6.0715,LC
1967617.76,9751,13.0097,LC
1967619.34,9750,11.3453,LC
1967625.39,9752,7.3664,LC
1967641.34,9751,9.2264,LC
1967643.65,9750,7.3671,LC
1967652.67,9752,3.9525,LC
1967659.98,9753,27.6781,BG
1967676.14,9751,6.434,LC
1967709.87,9750,12.2702,LC
1967713.87,9752,11.6592,LC
1967715.69,9751,8.3442,LC
1967732.08,9750,4.2254,LC
1967738.78,9753,27.5329,BG
1967758.41,9752,6.3527,LC
1967822.07,9753,32.9832,BG
1967907.96,9753,35.7369,BG
1967977.06,9750,11.6355,LC
1967977.12,9751,12.4535,LC
1967990.44,9753,32.0858,BG
1968037.32,9752,9.952,LC
1968070.99,9753,30.3798,BG
1968071.53,9751,4.1918,LC
1968133.33,9750,8.6795,LC
1968145.65,9752,6.254,LC
1968151.69,9751,5.0178,LC
1968158.24,9750,5.3386,LC
1968167.66,9753,46.2314,BG
1968243.57,9753,25.6078,BG
1968251.82,9752,4.3922,LC
1968253.74,9751,4.2462,LC
1968270.65,9750,6.9338,LC
1968276.21,9752,6.0765,LC
1968314.56,9751,4.6374,LC
1968325.08,9750,4.5444,LC
1968326.58,9752,4.2797,LC
1968329.39,9753,35.7277,BG
1968330.7,9751,4.0734,LC
1968336.86,9752,4.0033,LC
1968340.32,9750,4.0649,LC
1968345.88,9752,4.0809,LC
1968359.51,9751,6.1886,LC
1968408.63,9750,4.1053,LC
1968411.58,9753,32.031,BG
1968424.31,9752,4.2432,LC
1968449.23,9751,6.7982,LC
1968484.42,9750,6.9532,LC
1968492.65,9752,6.1736,LC
1968493.79,9751,4.2677,LC
1968498.97,9753,37.2216,BG
1968506.93,9750,4.4461,LC
1968518.23,9752,4.6164,LC
1968566.83,9751,6.0224,LC
1968574.23,9750,4.3664,LC
1968576.26,9752,4.0989,LC
1968576.78,9753,27.3932,BG
1968618.32,9751,10.3783,LC
1968646.69,9752,12.5744,LC
1968646.94,9750,13.3058,LC
1968648.76,9751,6.5447,LC
1968656.41,9750,4.1514,LC
1968662.88,9752,3.9377,LC
1968666.96,9753,40.055,BG
1968667.75,9751,4.2402,LC
1968685.1,9750,5.0229,LC
1968705.09,9752,5.0062,LC
1968709.47,9751,4.6705,LC
1968710.93,9750,4.2771,LC
1968738.15,9752,3.8934,LC
1968740.96,9753,23.8498,BG
1968749.93,9751,4.12,LC
1968755.65,9750,4.1087,LC
1968762.31,9751,6.1712,LC
1968762.4,9752,8.3164,LC
1968772.97,9750,5.2795,LC
1968824.81,9753,33.3558,BG
1968896.87,9751,7.4575,LC
1968899.26,9752,7.7404,LC
1968910.2,9750,5.1785,LC
1968918.46,9753,43.4845,BG
1968966.84,9751,7.9098,LC
1968980.2,9752,7.9382,LC
1968998.12,9752,11.8506,LC
1968998.57,9753,29.8492,BG
1968999.7,9750,12.1323,LC
1968999.75,9750,8.8746,LC
1969002.17,9751,13.8879,LC
1969002.25,9751,5.8015,LC
1969018.15,9752,5.2283,LC
1969023.25,9750,5.1838,LC
1969050.14,9752,10.4459,LC
1969057.37,9750,12.0172,LC
1969057.7,9751,14.8267,LC
1969073.55,9752,4.2362,LC
1969076.62,9751,4.198,LC
1969081.79,9753,31.36,BG
1969115.78,9750,10.2357,LC
1969121.65,9752,7.9324,LC
1969136.61,9751,7.1397,LC
1969153.36,9752,4.3544,LC
1969153.42,9750,6.939,LC
1969155.93,9751,5.055,LC
1969167.2,9753,35.2038,BG
1969208.84,9752,10.8391,LC
1969213.43,9750,12.7251,LC
1969214.19,9751,11.7412,LC
1969227.0,9752,9.7916,LC
1969250.11,9753,30.8415,BG
1969264.83,9750,8.0138,LC
1969265.17,9751,6.1949,LC
1969268.88,9752,4.1394,LC
1969288.82,9751,8.6848,LC
1969289.65,9750,7.1242,LC
1969321.4,9752,7.0659,LC
1969338.99,9753,38.4487,BG
1969344.92,9751,4.3305,LC
1969369.49,9750,7.8875,LC
1969387.76,9752,8.2092,LC
1969396.55,9751,4.9081,LC
1969412.24,9750,5.2749,LC
1969416.24,9753,26.9533,BG
1969419.73,9752,4.022,LC
1969440.7,9751,5.5268,LC
1969442.1,9750,5.4539,LC
1969448.47,9752,4.7456,LC
1969463.79,9751,7.1827,LC
1969490.4,9753,23.8525,BG
1969514.11,9750,8.0186,LC
1969535.82,9752,9.9449,LC
1969568.67,9751,4.0105,LC
1969569.71,9753,29.1041,BG
1969603.33,9750,5.742,LC
1969622.16,9752,4.0741,LC
1969643.48,9753,23.6056,BG
1969661.82,9751,6.0704,LC
1969688.92,9750,11.1425,LC
1969689.68,9752,9.9417,LC
1969705.17,9751,7.301,LC
1969725.29,9753,31.6351,BG
1969733.24,9750,4.2209,LC
1969743.64,9752,5.6269,LC
1969752.71,9751,7.1386,LC
1969765.54,9750,7.6073,LC
1969790.89,9752,5.5985,LC
1969805.46,9751,4.7617,LC
1969805.81,9753,30.0802,BG
1969812.93,9750,3.9218,LC
1969875.54,9752,18.4654,LC
1969876.92,9751,13.0584,LC
1969893.24,9753,36.9989,BG
1969896.72,9750,4.2044,LC
1969906.44,9752,5.594,LC
1969909.6,9751,4.2727,LC
1969935.2,9750,8.5168,LC
1969966.42,9752,4.1631,LC
1969980.36,9753,36.7698,BG
1970069.89,9753,38.8043,BG
1970093.56,9751,7.9193,LC
1970097.63,9750,7.1006,LC
1970130.62,9752,12.0743,LC
1970130.9,9751,7.672,LC
1970134.15,9750,8.5458,LC
1970156.91,9753,36.7455,BG
1970195.57,9752,8.5109,LC
1970204.26,9751,8.0665,LC
1970206.5,9750,7.6091,LC
1970232.02,9752,3.9426,LC
1970233.0,9753,25.8842,BG
1970263.92,9751,9.1144,LC
1970311.85,9752,8.107,LC
1970311.92,9750,9.3912,LC
1970317.39,9751,5.4308,LC
1970319.17,9753,35.6433,BG
1970347.82,9752,9.3316,LC
1970364.71,9750,8.1317,LC
1970370.39,9751,5.543,LC
1970400.13,9753,30.8086,BG
1970406.06,9752,4.1026,LC
1970454.11,9750,13.4405,LC
1970455.59,9751,13.1747,LC
1970463.19,9752,11.6953,LC
1970464.04,9750,5.363,LC
1970480.34,9753,27.0871,BG
1970480.5,9751,4.4366,LC
1970538.99,9752,9.2719,LC
1970563.59,9750,4.7183,LC
1970572.92,9753,42.2707,BG
1970577.49,9751,6.8578,LC
1970606.5,9752,7.29,LC
1970622.3,9750,7.7733,LC
1970649.4,9753,25.9892,BG
1970684.31,9751,10.2148,LC
1970694.34,9752,8.0354,LC
1970752.08,9750,5.1328,LC
1970781.65,9751,6.3633,LC
1970791.92,9750,4.3241,LC
1970791.97,9752,4.1436,LC
1970796.11,9753,96.4337,BG
1970837.71,9752,5.2081,LC
1970837.93,9751,7.8041,LC
1970850.32,9750,4.9795,LC
1970854.23,9752,5.5795,LC
1970870.59,9751,4.0021,LC
1970878.05,9753,31.5967,BG
1970903.78,9750,8.8203,LC
1970929.89,9752,11.8374,LC
1970948.7,9751,6.2756,LC
1970953.32,9750,6.8015,LC
1970953.91,9753,25.7994,BG
1970956.0,9751,4.792,LC
1970989.59,9752,9.3334,LC
1971009.21,9750,9.4245,LC
1971015.02,9751,5.7172,LC
1971040.55,9752,4.1047,LC
1971041.5,9753,37.3157,BG
1971076.23,9750,8.3189,LC
1971081.81,9751,6.9731,LC
1971099.35,9752,9.2413,LC
1971111.51,9750,4.8192,LC
1971113.8,9751,4.5803,LC
1971130.21,9752,3.959,LC
1971130.27,9753,38.4475,BG
1971140.77,9750,4.3405,LC
1971197.11,9751,8.6483,LC
1971216.66,9753,36.118,BG
1971239.33,9752,7.0045,LC
1971242.35,9750,5.8218,LC
1971271.53,9752,10.0313,LC
1971271.64,9751,13.5337,LC
1971280.22,9750,6.8653,LC
1971299.07,9752,3.8604,LC
1971300.12,9753,32.9683,BG
1971309.32,9751,3.9626,LC
1971326.46,9750,8.2055,LC
1971328.82,9752,7.1465,LC
1971341.84,9751,8.0596,LC
1971343.29,9750,7.223,LC
1971354.48,9752,7.9379,LC
1971355.51,9751,5.2505,LC
1971371.92,9750,4.1774,LC
1971379.71,9753,27.7936,BG
1971379.84,9752,4.0996,LC
1971388.46,9751,4.7078,LC
1971403.69,9750,5.9439,LC
1971416.96,9752,6.9487,LC
1971425.38,9751,6.9204,LC
1971427.47,9750,7.5435,LC
1971431.54,9752,5.5183,LC
1971452.84,9751,4.0155,LC
1971454.04,9753,24.916,BG
1971461.84,9750,3.9015,LC
1971489.33,9752,10.1727,LC
1971544.09,9751,10.4802,LC
1971544.88,9753,40.5569,BG
1971546.22,9750,8.8627,LC
1971592.72,9752,9.7621,LC
1971614.21,9751,7.1731,LC
1971617.52,9750,4.79,LC
1971627.04,9753,31.9376,BG
1971634.72,9752,4.2867,LC
1971637.88,9751,4.3323,LC
1971701.78,9753,24.4553,BG
1971721.68,9750,5.4238,LC
1971726.22,9752,4.2305,LC
1971774.86,9753,22.8119,BG
1971858.36,9753,33.2524,BG
1971869.76,9751,4.194,LC
1971893.51,9750,7.4631,LC
1971906.09,9752,8.324,LC
1971921.96,9751,6.9266,LC
1971928.15,9750,4.3012,LC
1971938.89,9753,30.0878,BG
1971948.09,9752,4.0053,LC
1971952.63,9751,4.2783,LC
1971959.67,9750,4.1761,LC
1971984.14,9752,8.9729,LC
1972002.44,9751,5.3686,LC
1972021.39,9750,5.7479,LC
1972024.7,9753,35.5743,BG
1972035.61,9752,5.2189,LC
1972044.14,9751,4.5337,LC
1972085.83,9750,9.0916,LC
1972112.27,9752,3.8465,LC
1972113.66,9753,38.4245,BG
1972121.83,9751,4.8881,LC
1972128.93,9750,4.8939,LC
1972135.13,9752,4.8613,LC
1972143.61,9751,5.7621,LC
1972172.0,9750,7.7182,LC
1972176.39,9752,6.9707,LC
1972190.22,9751,4.0923,LC
1972195.4,9753,31.2764,BG
1972206.1,9750,4.5798,LC
1972222.48,9752,4.1786,LC
1972239.95,9751,4.2193,LC
1972258.44,9750,4.1027,LC
1972272.04,9753,26.5603,BG
1972272.85,9752,4.2,LC
1972309.14,9751,3.9225,LC
1972366.48,9750,5.4156,LC
1972368.13,9752,6.2363,LC
1972401.64,9751,4.5095,LC
1972409.15,9750,4.8453,LC
1972423.66,9752,7.3047,LC
1972451.81,9753,110.3826,BG
1972456.32,9751,4.0466,LC
1972520.66,9750,6.6182,LC
1972537.82,9753,35.6859,BG
1972548.61,9752,3.9385,LC
1972553.61,9751,4.5802,LC
1972574.88,9750,9.543,LC
1972590.36,9752,6.8542,LC
1972590.75,9751,4.4235,LC
1972615.08,9753,26.7326,BG
1972635.15,9750,4.1697,LC
1972652.87,9752,4.2902,LC
1972679.3,9751,3.9239,LC
1972690.98,9750,4.4376,LC
1972692.12,9753,27.0462,BG
1972767.37,9753,24.9492,BG
1972788.16,9752,4.605,LC
1972811.26,9751,8.4402,LC
1972812.69,9750,6.2644,LC
1972828.22,9752,9.0681,LC
1972830.47,9751,5.2777,LC
1972846.8,9753,29.1015,BG
1972918.13,9750,7.2462,LC
1972924.48,9752,5.1698,LC
1972932.6,9753,35.8191,BG
1972933.27,9751,4.9625,LC
1972974.34,9750,10.796,LC
1973005.64,9752,4.8489,LC
1973015.15,9753,32.0396,BG
1973054.66,9751,10.2124,LC
1973070.15,9750,10.6166,LC
1973095.86,9753,30.4988,BG
1973103.3,9752,4.2768,LC
1973137.06,9751,10.1548,LC
1973137.33,9750,8.221,LC
1973165.42,9752,9.4499,LC
1973166.67,9751,8.4745,LC
1973179.04,9753,32.9228,BG
1973193.1,9750,4.2404,LC
1973201.08,9752,6.261,LC
1973202.53,9751,5.5313,LC
1973204.17,9750,4.7837,LC
1973261.48,9752,4.0954,LC
1973264.77,9753,35.3063,BG
1973281.61,9751,6.4047,LC
1973286.47,9750,5.8391,LC
1973307.78,9752,10.0316,LC
1973309.22,9751,10.4257,LC
1973314.0,9750,6.5656,LC
1973326.06,9752,4.4017,LC
1973342.24,9751,5.3084,LC
1973343.56,9750,4.3533,LC
1973345.95,9753,30.5342,BG
1973386.82,9752,9.4848,LC
1973421.64,9751,3.9596,LC
1973426.59,9753,30.3346,BG
1973435.31,9750,4.2316,LC
1973438.48,9752,4.094,LC
1973445.77,9751,4.3408,LC
1973446.77,9750,4.4101,LC
1973455.84,9752,4.4469,LC
1973458.31,9751,4.2264,LC
1973471.23,9750,6.4612,LC
1973477.41,9752,6.9276,LC
1973482.31,9750,4.7677,LC
1973501.89,9753,25.0893,BG
1973508.47,9751,3.8848,LC
1973537.08,9752,9.3705,LC
1973585.18,9753,32.7229,BG
1973588.55,9750,4.1777,LC
1973632.76,9751,11.427,LC
1973664.35,9753,28.7317,BG
1973727.07,9752,10.0336,LC
1973737.43,9750,8.6435,LC
1973750.35,9751,6.8358,LC
1973760.18,9753,45.5579,BG
1973833.08,9752,6.3104,LC
1973849.09,9753,38.3628,BG
1973856.11,9750,4.3346,LC
1973857.75,9751,4.1655,LC
1973861.8,9752,3.986,LC
1973862.53,9751,4.0942,LC
1973869.03,9750,4.1249,LC
1973870.86,9752,4.1483,LC
1973903.92,9751,9.4166,LC
1973927.75,9753,28.4362,BG
1973948.89,9750,6.393,LC
1973968.96,9752,8.3237,LC
1973970.33,9751,7.6819,LC
1973991.37,9750,6.9341,LC
1974008.33,9752,4.0248,LC
1974012.97,9753,35.1009,BG
1974082.97,9751,6.3131,LC
1974103.86,9753,40.2678,BG
1974171.58,9750,9.0477,LC
1974175.78,9752,7.4461,LC
1974189.62,9753,35.5665,BG
1974195.73,9751,4.4469,LC
1974227.12,9750,8.327,LC
1974240.92,9752,8.4238,LC
1974244.12,9751,7.673,LC
1974268.21,9753,28.0566,BG
1974283.71,9750,5.911,LC
1974310.61,9751,9.8472,LC
1974315.32,9752,16.3559,LC
1974317.79,9750,12.1947,LC
1974318.15,9751,6.6883,LC
1974326.6,9752,4.2043,LC
1974335.39,9750,4.6352,LC
1974341.8,9753,23.5055,BG
1974354.53,9751,4.5314,LC
1974365.55,9752,5.4921,LC
1974416.41,9750,4.7486,LC
1974422.79,9753,30.7967,BG
1974433.25,9751,4.1215,LC
1974444.23,9752,5.9968,LC
1974459.8,9750,7.287,LC
1974477.44,9751,9.8715,LC
1974484.36,9752,7.0331,LC
1974506.43,9750,5.1914,LC
1974506.71,9753,33.4308,BG
1974535.29,9752,8.4187,LC
1974537.2,9751,11.3933,LC
1974539.63,9750,6.2863,LC
1974547.32,9752,6.8546,LC
1974572.38,9751,6.645,LC
1974579.63,9750,4.7516,LC
1974584.86,9752,5.21,LC
1974590.38,9751,4.0283,LC
1974594.56,9753,37.5828,BG
1974621.89,9750,8.782,LC
1974627.41,9752,6.5687,LC
1974650.95,9750,11.8678,LC
1974662.25,9751,6.4756,LC
1974679.73,9753,33.5994,BG
1974710.0,9752,9.1953,LC
1974740.17,9750,11.2957,LC
1974760.64,9751,3.8943,LC
1974767.1,9753,36.6533,BG
1974771.82,9752,4.3959,LC
1974790.42,9750,4.1836,LC
1974802.66,9751,4.592,LC
1974810.51,9752,4.1732,LC
1974833.47,9750,4.0413,LC
1974841.6,9753,24.3838,BG
1974881.21,9751,11.2537,LC
1974890.28,9752,8.3308,LC
1974894.46,9750,10.5023,LC
1974900.48,9751,4.8732,LC
1974919.73,9752,5.0029,LC
1974924.98,9753,32.6745,BG
1974948.17,9750,8.102,LC
1974971.35,9750,6.9882,LC
1974971.48,9751,15.0465,LC
1974972.38,9752,11.447,LC
1974975.97,9750,5.9545,LC
1975001.76,9753,26.7148,BG
1975014.54,9751,5.592,LC
1975051.22,9750,10.3626,LC
1975051.54,9752,12.5765,LC
1975079.31,9753,27.4244,BG
1975085.31,9751,4.0064,LC
1975120.38,9752,10.5664,LC
1975144.4,9750,6.7713,LC
1975161.76,9753,32.1425,BG
1975169.9,9751,4.1027,LC
1975184.27,9752,4.8274,LC
1975238.23,9750,7.8575,LC
1975239.55,9751,4.8512,LC
1975246.3,9753,34.3087,BG
1975280.32,9752,10.8218,LC
1975286.69,9750,6.971,LC
1975321.3,9751,7.4831,LC
1975330.21,9752,6.5321,LC
1975336.43,9753,39.939,BG
1975339.47,9750,4.3475,LC
1975388.74,9751,10.5143,LC
1975391.86,9752,10.9532,LC
1975403.76,9750,4.6179,LC
1975415.73,9751,4.3862,LC
1975418.37,9753,31.1524,BG
1975424.1,9752,4.1716,LC
1975448.47,9750,9.7601,LC
1975474.45,9751,9.3793,LC
1975476.78,9752,9.8913,LC
1975486.6,9750,6.9508,LC
1975508.72,9751,6.2415,LC
1975513.23,9753,43.8922,BG
1975547.87,9752,10.3725,LC
1975576.84,9750,4.3562,LC
1975590.59,9753,27.1052,BG
1975609.37,9751,6.8901,LC
1975616.93,9752,5.9696,LC
1975629.37,9750,5.255,LC
1975651.43,9751,5.1145,LC
1975651.59,9752,4.7241,LC
1975668.08,9750,4.958,LC
1975673.59,9753,32.8048,BG
1975688.37,9751,3.9145,LC
1975719.74,9752,11.202,LC
1975722.13,9751,8.0126,LC
1975723.44,9750,9.6643,LC
1975748.1,9752,4.3544,LC
1975748.87,9751,4.0308,LC
1975752.39,9753,28.6248,BG
1975779.76,9750,9.1916,LC
1975788.08,9752,7.5242,LC
1975788.78,9752,4.2234,LC
1975790.36,9750,7.6578,LC
1975790.48,9751,10.265,LC
1975793.35,9752,4.3555,LC
1975811.62,9750,5.3834,LC
1975831.68,9753,28.9365,BG
1975841.48,9751,5.4051,LC
1975869.08,9752,4.1365,LC
1975870.28,9750,4.9443,LC
1975874.9,9751,5.5553,LC
1975889.87,9752,4.6952,LC
1975892.73,9750,4.3361,LC
1975894.09,9751,4.1007,LC
1975904.31,9752,4.0559,LC
1975913.01,9753,31.1161,BG
1975920.4,9750,4.1717,LC
1975924.98,9751,4.3406,LC
1975959.34,9752,9.8504,LC
1975980.41,9750,13.6191,LC
1975982.11,9751,12.7336,LC
1975994.3,9752,6.7548,LC
1975997.6,9753,34.3737,BG
1976001.1,9750,10.746,LC
1976001.2,9751,6.6973,LC
1976005.95,9752,4.349,LC
1976009.72,9750,4.1882,LC
1976019.75,9752,4.4639,LC
1976023.61,9751,4.2728,LC
1976064.23,9752,6.6822,LC
1976066.74,9750,7.473,LC
1976086.38,9753,38.4834,BG
1976148.29,9751,9.6883,LC
1976175.81,9753,39.2426,BG
1976265.64,9753,39.4881,BG
1976306.17,9752,10.8517,LC
1976341.89,9753,25.9451,BG
1976429.43,9750,5.5811,LC
1976435.74,9753,43.3717,BG
1976449.61,9751,6.2558,LC
1976506.41,9752,7.2231,LC
1976520.53,9753,34.2865,BG
1976546.98,9750,7.2888,LC
1976609.15,9753,37.8284,BG
1976695.73,9753,36.0738,BG
1976700.44,9751,4.4644,LC
1976771.54,9753,25.2433,BG
1976781.31,9752,3.981,LC
1976854.3,9753,32.3798,BG
1976867.85,9750,4.3333,LC
1976930.06,9753,25.3013,BG
1977013.46,9753,33.2175,BG
1977026.6,9751,4.7985,LC
1977077.49,9752,4.2815,LC
1977089.84,9753,26.219,BG
1977090.59,9750,3.9854,LC
1977145.95,9751,8.579,LC
1977169.92,9753,29.7674,BG
1977170.73,9752,4.8716,LC
1977217.57,9750,7.2272,LC
1977239.11,9751,7.5434,LC
1977241.03,9752,7.7237,LC
1977257.52,9750,4.1536,LC
1977259.5,9753,39.2559,BG
1977299.12,9751,6.9102,LC
1977324.96,9752,13.9125,LC
1977325.21,9750,13.5462,LC
1977326.15,9751,6.69,LC
1977334.5,9752,4.116,LC
1977345.0,9750,4.0522,LC
1977346.83,9753,37.3226,BG
1977358.04,9751,4.0298,LC
1977371.84,9752,5.2226,LC
1977432.42,9753,35.1374,BG
1977441.79,9750,3.915,LC
1977454.03,9751,4.2942,LC
1977456.14,9752,4.2004,LC
1977461.32,9750,4.7644,LC
1977493.21,9751,11.4365,LC
1977509.29,9752,9.9516,LC
1977509.8,9750,5.6568,LC
1977518.67,9753,35.4561,BG
1977523.59,9751,4.2502,LC
1977548.75,9752,8.4272,LC
1977550.83,9750,7.3692,LC
1977589.07,9751,5.9359,LC
1977590.54,9752,4.7333,LC
1977603.35,9753,34.2199,BG
1977619.56,9750,5.9742,LC
1977647.55,9751,9.9034,LC
1977651.4,9752,7.0356,LC
1977671.52,9750,4.1087,LC
1977677.6,9751,4.0081,LC
1977683.63,9753,29.9325,BG
1977692.69,9752,4.0096,LC
1977719.07,9750,6.8741,LC
1977725.86,9751,5.1788,LC
1977728.89,9752,4.3538,LC
1977739.61,9751,5.7615,LC
1977754.72,9750,4.2277,LC
1977759.11,9752,4.069,LC
1977763.08,9751,4.3208,LC
1977763.5,9752,4.0719,LC
1977765.94,9753,32.1697,BG
1977775.04,9750,4.091,LC
1977804.64,9751,4.0215,LC
1977810.78,9752,4.2721,LC
1977819.27,9750,5.1553,LC
1977834.05,9751,4.2552,LC
1977840.66,9753,24.4469,BG
1977842.98,9752,4.2063,LC
1977863.31,9750,6.6498,LC
1977869.62,9751,5.4547,LC
1977887.4,9752,7.7522,LC
1977889.65,9750,6.9894,LC
1977896.0,9751,6.7462,LC
1977920.13,9753,28.8804,BG
1977937.7,9750,6.9327,LC
1977939.21,9752,6.4501,LC
1977970.7,9751,6.4935,LC
1977983.67,9750,6.4243,LC
1977985.97,9752,4.6843,LC
1977995.61,9753,25.3254,BG
1978059.16,9751,8.0028,LC
1978081.25,9753,35.3554,BG
1978081.82,9750,4.2665,LC
1978099.22,9752,5.5549,LC
1978104.89,9751,4.3902,LC
1978142.68,9750,8.445,LC
1978164.57,9753,32.9238,BG
1978177.29,9752,4.2694,LC
1978202.5,9751,8.1662,LC
1978241.73,9750,4.1634,LC
1978248.0,9753,33.1379,BG
1978249.5,9752,4.5222,LC
1978262.78,9751,4.9409,LC
1978312.12,9750,15.6536,LC
1978313.77,9752,13.3705,LC
1978316.78,9751,6.2261,LC
1978323.94,9750,5.1887,LC
1978330.72,9752,4.0493,LC
1978334.24,9753,36.0208,BG
1978339.94,9751,3.914,LC
1978340.1,9750,4.0015,LC
1978359.63,9752,5.9931,LC
1978363.86,9751,5.2905,LC
1978373.27,9750,6.6416,LC
1978393.43,9752,10.7281,LC
1978395.66,9751,9.2586,LC
1978413.91,9753,27.4453,BG
1978432.59,9750,5.9361,LC
1978449.75,9752,7.6846,LC
1978475.1,9751,10.3133,LC
1978486.62,9750,5.1597,LC
1978499.2,9753,34.9887,BG
1978503.47,9752,4.1775,LC
1978517.24,9751,5.137,LC
1978526.21,9750,5.9591,LC
1978535.0,9752,6.7793,LC
1978579.88,9751,6.3835,LC
1978586.36,9753,37.12,BG
1978587.53,9750,4.3155,LC
1978591.48,9752,3.8661,LC
1978627.05,9751,11.258,LC
1978632.78,9750,7.9296,LC
1978666.49,9753,29.6924,BG
1978677.46,9752,4.1275,LC
1978678.83,9751,3.9982,LC
1978687.12,9750,4.075,LC
1978728.61,9752,11.4465,LC
1978753.08,9753,36.5104,BG
1978795.92,9751,11.1294,LC
1978832.88,9753,29.6273,BG
1978869.1,9750,10.5601,LC
1978901.96,9752,6.18,LC
1978918.25,9753,34.7944,BG
1978982.45,9751,8.6338,LC
1978995.75,9750,4.9297,LC
1979006.4,9753,37.4682,BG
1979051.29,9752,12.4641,LC
1979055.6,9751,6.866,LC
1979088.35,9753,31.3536,BG
1979141.82,9750,10.567,LC
1979149.63,9752,7.7752,LC
1979171.44,9753,33.3178,BG
1979212.0,9751,10.0068,LC
1979239.41,9750,6.7394,LC
1979255.35,9753,33.4964,BG
1979319.65,9752,7.9323,LC
1979340.11,9753,34.2845,BG
1979355.51,9751,4.125,LC
1979421.1,9753,30.5902,BG
1979445.18,9750,6.8594,LC
1979467.52,9752,8.3071,LC
1979470.94,9751,8.219,LC
1979502.52,9753,31.3095,BG
1979587.08,9753,34.3371,BG
1979641.18,9750,10.0507,LC
1979668.14,9753,30.7069,BG
1979704.54,9752,8.82,LC
1979711.83,9751,6.2888,LC
1979746.97,9750,4.1782,LC
1979748.27,9753,29.7151,BG
1979838.09,9753,39.492,BG
1979905.53,9752,7.704,LC
1979923.22,9753,34.6523,BG
1979959.95,9751,10.1467,LC
1980007.21,9753,33.5989,BG
1980011.55,9750,4.0195,LC
1980083.84,9753,26.4572,BG
1980091.8,9752,4.1934,LC
1980170.06,9753,35.7526,BG
1980205.5,9751,4.4314,LC
1980232.26,9750,8.2659,LC
1980243.72,9753,23.3748,BG
1980269.08,9752,4.0259,LC
1980312.18,9751,4.1338,LC
1980318.8,9753,25.0039,BG
1980326.9,9750,3.9666,LC
1980403.81,9753,34.442,BG
1980492.16,9753,37.7854,BG
1980504.75,9752,6.2381,LC
1980580.15,9753,37.6447,BG
1980665.7,9753,34.9401,BG
1980671.32,9751,3.9597,LC
1980719.31,9750,11.2623,LC
1980729.98,9752,8.5179,LC
1980746.4,9753,30.0404,BG
1980831.8,9753,35.2389,BG
1980866.27,9751,5.68,LC
1980912.45,9753,30.2935,BG
1980992.5,9753,29.7575,BG
1981017.38,9750,6.7792,LC
1981029.18,9752,6.8828,LC
1981053.5,9751,5.8575,LC
1981069.92,9753,27.1994,BG
1981092.3,9750,4.7704,LC
1981095.6,9752,4.2199,LC
1981145.77,9753,25.4636,BG
1981181.56,9750,7.6453,LC
1981187.63,9751,7.7634,LC
1981217.21,9752,4.0285,LC
1981224.85,9753,28.9181,BG
1981256.44,9750,4.1186,LC
1981262.14,9751,4.1751,LC
1981290.84,9752,4.2671,LC
1981297.32,9750,3.8895,LC
1981302.29,9753,27.3742,BG
1981337.19,9751,7.9843,LC
1981370.89,9752,10.1506,LC
1981390.13,9753,37.4769,BG
1981424.27,9750,7.0544,LC
1981446.96,9751,7.4924,LC
1981474.1,9753,33.6625,BG
1981496.5,9752,6.0898,LC
1981521.12,9750,7.5112,LC
1981521.53,9751,7.6702,LC
1981533.85,9752,7.3111,LC
1981554.72,9753,30.3915,BG
1981563.69,9750,4.1599,LC
1981582.17,9751,8.0983,LC
1981592.74,9752,5.8026,LC
1981614.15,9750,6.6771,LC
1981617.09,9751,4.7812,LC
1981633.22,9753,27.9817,BG
1981663.41,9752,6.7854,LC
1981674.73,9750,7.8205,LC
1981714.81,9753,31.2212,BG
1981747.11,9751,4.102,LC
1981798.25,9753,33.1704,BG
1981802.29,9752,3.8945,LC
1981858.85,9750,10.4438,LC
1981887.36,9753,38.9559,BG
1981950.82,9751,4.4225,LC
1981967.61,9753,29.8629,BG
1981989.11,9752,5.6968,LC
1982034.34,9750,4.0392,LC
1982037.07,9751,4.8678,LC
1982041.55,9753,23.9509,BG
1982044.48,9752,3.8216,LC
1982057.46,9750,4.0333,LC
1982076.56,9751,4.1291,LC
1982081.29,9752,4.0493,LC
1982115.13,9753,23.3355,BG
1982128.64,9750,4.1602,LC
1982188.05,9753,22.7898,BG
1982189.06,9751,4.0503,LC
1982214.92,9750,6.4526,LC
1982216.81,9752,10.3172,LC
1982218.91,9751,8.2459,LC
1982226.5,9750,4.742,LC
1982244.49,9752,8.0236,LC
1982262.01,9751,3.9543,LC
1982268.44,9753,30.2171,BG
1982288.12,9750,3.9753,LC
1982293.07,9751,3.9543,LC
1982293.28,9752,4.4152,LC
1982313.19,9750,4.0038,LC
1982342.15,9753,23.2671,BG
1982366.23,9751,6.8311,LC
1982377.39,9752,4.322,LC
1982383.72,9750,4.9885,LC
1982385.66,9751,4.1375,LC
1982396.07,9752,6.2722,LC
1982416.35,9753,23.1449,BG
1982446.29,9750,5.6444,LC
1982450.94,9751,5.4813,LC
1982455.6,9752,6.2455,LC
1982456.74,9750,4.4855,LC
1982461.83,9751,4.5093,LC
1982492.23,9753,25.6316,BG
1982558.2,9752,9.2318,LC
1982564.52,9750,8.0275,LC
1982570.66,9751,4.5629,LC
1982578.66,9753,36.1929,BG
1982581.0,9752,4.3362,LC
1982596.95,9750,5.006,LC
1982654.45,9753,25.404,BG
1982690.44,9751,7.8786,LC
1982693.41,9752,6.778,LC
1982713.19,9750,8.2093,LC
1982720.37,9751,4.3816,LC
1982733.14,9752,3.9779,LC
1982738.18,9753,33.3296,BG
1982766.11,9750,9.8097,LC
1982772.88,9751,6.187,LC
1982775.4,9752,5.4067,LC
1982815.79,9753,27.275,BG
1982829.64,9750,4.6357,LC
1982873.77,9751,10.0758,LC
1982902.29,9753,35.9052,BG
1982906.57,9752,4.1583,LC
1982914.49,9750,3.9918,LC
1982920.32,9751,4.0146,LC
1982967.41,9752,7.7943,LC
1982967.5,9750,11.6217,LC
1982967.81,9751,9.427,LC
1982982.99,9753,30.503,BG
1982992.5,9752,4.0986,LC
1982994.69,9750,4.334,LC
1983022.07,9751,4.0869,LC
1983050.63,9752,4.0281,LC
1983057.53,9753,24.5075,BG
1983072.54,9750,7.5683,LC
1983075.14,9751,4.9127,LC
1983095.44,9752,8.2088,LC
1983123.76,9751,7.5242,LC
1983126.14,9750,9.7787,LC
1983131.63,9751,4.2248,LC
1983131.83,9752,7.3352,LC
1983147.24,9750,3.9056,LC
1983150.48,9753,42.6248,BG
1983152.17,9752,4.3681,LC
1983166.82,9751,4.4265,LC
1983173.09,9750,4.3055,LC
1983178.98,9752,3.9477,LC
1983210.32,9751,7.6355,LC
1983232.9,9750,4.0105,LC
1983235.36,9753,34.6355,BG
1983237.35,9752,4.384,LC
1983256.91,9751,7.0179,LC
1983307.44,9750,6.9007,LC
1983311.96,9750,4.2417,LC
1983312.64,9752,9.1992,LC
1983312.72,9751,8.072,LC
1983318.99,9752,3.873,LC
1983329.32,9753,43.6727,BG
1983330.11,9750,4.1847,LC
1983338.13,9751,4.3035,LC
1983410.88,9751,5.6018,LC
1983410.99,9752,11.951,LC
1983411.67,9750,10.2088,LC
1983422.22,9753,42.366,BG
1983469.4,9751,9.8021,LC
1983501.19,9753,28.6215,BG
1983507.61,9750,4.0941,LC
1983534.02,9752,7.2851,LC
1983588.16,9753,36.608,BG
1983653.11,9751,7.9148,LC
1983662.64,9750,7.8236,LC
1983678.42,9753,39.9682,BG
1983737.26,9752,10.1258,LC
1983738.57,9751,7.9452,LC
1983762.67,9750,4.1062,LC
1983766.25,9753,37.5403,BG
1983819.96,9752,10.0206,LC
1983849.35,9753,32.3318,BG
1983928.11,9753,27.9367,BG
1983945.86,9751,6.6876,LC
1984012.76,9753,34.5123,BG
1984019.15,9750,4.4163,LC
1984025.89,9752,4.4893,LC
1984029.62,9751,4.1016,LC
1984065.44,9752,10.1249,LC
1984071.41,9750,9.8164,LC
1984093.78,9753,30.588,BG
1984181.06,9753,36.7956,BG
1984255.46,9753,24.2149,BG
1984285.67,9751,9.0762,LC
1984338.29,9753,32.5205,BG
1984432.94,9753,40.3534,BG
1984433.03,9752,6.5066,LC
1984433.2,9750,5.4135,LC
1984469.42,9751,5.3864,LC
1984507.1,9753,27.8345,BG
1984530.98,9752,6.6885,LC
1984590.91,9753,33.6734,BG
1984603.91,9750,5.4875,LC
1984617.53,9751,6.9744,LC
1984622.94,9752,6.3263,LC
1984636.39,9750,8.1907,LC
1984653.67,9751,7.0427,LC
1984671.16,9753,30.0869,BG
1984671.28,9752,4.1555,LC
1984685.21,9750,4.2682,LC
1984695.06,9750,4.2582,LC
1984696.58,9751,9.7562,LC
1984696.9,9752,9.3049,LC
1984748.62,9750,4.1108,LC
1984753.82,9753,32.4851,BG
1984755.12,9751,4.1446,LC
1984803.13,9752,10.9021,LC
1984811.48,9750,7.224,LC
1984822.3,9751,6.7732,LC
1984835.39,9753,31.2704,BG
1984844.62,9752,4.3245,LC
1984866.16,9750,8.3969,LC
1984880.51,9751,7.8688,LC
1984884.14,9752,7.0196,LC
1984898.16,9750,10.5965,LC
1984899.99,9751,7.4981,LC
1984915.92,9753,30.1035,BG
1984934.51,9752,4.0652,LC
1984945.13,9750,5.9993,LC
1984968.71,9751,9.3277,LC
1984990.18,9752,5.4815,LC
1985000.19,9753,33.8704,BG
1985014.92,9750,4.9109,LC
1985042.78,9751,6.5211,LC
1985053.25,9752,5.6359,LC
1985076.98,9753,25.4062,BG
1985132.79,9750,10.6286,LC
1985146.81,9751,9.5886,LC
1985153.42,9752,5.3178,LC
1985165.77,9753,39.3178,BG
1985180.61,9750,4.7586,LC
1985186.5,9751,4.6857,LC
1985215.68,9752,7.5841,LC
1985243.9,9753,27.8616,BG
1985266.73,9750,5.9031,LC
1985266.96,9751,5.4713,LC
1985273.5,9752,3.9718,LC
1985317.6,9753,23.3981,BG
1985322.73,9750,3.9115,LC
1985346.71,9751,7.7251,LC
1985380.92,9752,10.0899,LC
1985393.93,9750,6.3101,LC
1985394.36,9751,5.9486,LC
1985400.42,9752,4.1692,LC
1985404.14,9750,3.9245,LC
1985411.55,9753,43.9505,BG
1985445.86,9752,10.2892,LC
1985458.63,9751,7.5264,LC
1985467.85,9750,7.5526,LC
1985491.93,9752,5.9674,LC
1985492.78,9753,31.022,BG
1985565.28,9750,13.3793,LC
1985565.44,9751,14.029,LC
1985571.85,9752,7.0583,LC
1985581.48,9753,38.3244,BG
1985586.36,9750,4.1602,LC
1985588.72,9751,3.9693,LC
1985617.27,9752,8.8367,LC
1985617.33,9750,6.9802,LC
1985621.09,9751,6.7394,LC
1985623.65,9752,6.2657,LC
1985644.21,9750,3.8674,LC
1985660.25,9753,27.9713,BG
1985665.78,9751,4.064,LC
1985682.74,9752,4.3592,LC
1985684.16,9750,4.2275,LC
1985692.49,9751,4.0377,LC
1985705.12,9752,5.2129,LC
1985717.53,9750,4.0075,LC
1985725.04,9751,4.2501,LC
1985737.4,9753,27.1191,BG
1985759.13,9752,6.2163,LC
1985763.13,9750,5.6028,LC
1985786.98,9751,4.0911,LC
1985789.14,9752,3.925,LC
1985790.98,9750,3.9767,LC
1985800.44,9752,4.0637,LC
1985813.2,9751,7.9733,LC
1985813.45,9750,6.159,LC
1985832.49,9753,44.966,BG
1985846.64,9752,4.3776,LC
1985853.3,9750,5.8999,LC
1985861.04,9752,4.1715,LC
1985876.82,9751,4.0859,LC
1985888.32,9750,4.4318,LC
1985906.15,9752,4.0867,LC
1985908.74,9753,26.1701,BG
1985941.49,9751,4.3119,LC
1985969.26,9750,3.9402,LC
1985983.64,9753,24.6258,BG
1986044.37,9752,7.4569,LC
1986064.13,9753,30.2688,BG
1986108.86,9751,11.1706,LC
1986113.77,9750,7.4594,LC
1986141.13,9753,26.5782,BG
1986225.35,9753,33.841,BG
1986241.52,9752,6.1108,LC
1986310.95,9753,35.4191,BG
1986345.1,9751,6.1721,LC
1986345.43,9750,6.4055,LC
1986348.4,9752,5.1451,LC
1986374.12,9751,6.9427,LC
1986376.7,9750,4.7364,LC
1986390.92,9753,29.8435,BG
1986402.17,9752,4.4675,LC
1986465.95,9751,4.4466,LC
1986474.52,9753,33.3084,BG
1986495.23,9750,6.3428,LC
1986537.26,9752,10.0764,LC
1986567.0,9753,42.1387,BG
1986574.99,9751,6.2779,LC
1986587.19,9750,6.8799,LC
1986613.8,9752,10.1263,LC
1986647.7,9753,30.4949,BG
1986664.89,9751,7.043,LC
1986724.82,9750,6.8824,LC
1986738.27,9753,39.882,BG
1986817.65,9753,29.2916,BG
1986882.32,9752,7.9836,LC
1986900.87,9753,33.0578,BG
1986918.15,9751,6.0223,LC
1986964.24,9750,9.2982,LC
1986968.91,9752,6.7366,LC
1986985.03,9753,33.795,BG
1987032.43,9751,8.6847,LC
1987064.28,9753,28.9375,BG
1987069.66,9750,4.186,LC
1987094.07,9752,7.9984,LC
1987095.5,9751,6.962,LC
1987107.19,9750,7.7359,LC
1987121.09,9752,9.416,LC
1987121.29,9751,6.8034,LC
1987138.06,9750,4.1391,LC
1987144.12,9753,28.9811,BG
1987182.75,9752,8.0016,LC
1987189.07,9751,7.1155,LC
1987226.77,9753,32.4439,BG
1987254.69,9750,7.1128,LC
1987281.4,9752,10.3556,LC
1987287.16,9751,7.5625,LC
1987299.84,9750,11.9781,LC
1987313.82,9753,36.5498,BG
1987316.2,9752,4.3372,LC
1987370.85,9751,4.9091,LC
1987387.55,9750,4.8949,LC
1987390.44,9753,26.2947,BG
1987397.36,9752,4.0961,LC
1987423.27,9751,8.9095,LC
1987425.1,9750,9.4783,LC
1987430.24,9752,6.4147,LC
1987432.09,9751,5.3129,LC
1987453.72,9750,4.0481,LC
1987466.99,9753,26.145,BG
1987473.16,9752,4.1478,LC
1987484.99,9751,4.0785,LC
1987493.35,9750,4.9402,LC
1987552.39,9751,4.0004,LC
1987554.75,9752,8.4702,LC
1987555.07,9750,5.8714,LC
1987561.59,9753,44.2272,BG
1987578.92,9751,8.1848,LC
1987638.63,9752,4.7868,LC
1987646.24,9753,34.4597,BG
1987646.71,9750,4.4136,LC
1987719.15,9751,6.8257,LC
1987736.39,9753,39.7316,BG
1987811.65,9753,25.0582,BG
1987831.32,9752,5.5549,LC
1987847.36,9750,8.8577,LC
1987850.89,9751,7.583,LC
1987888.57,9752,6.5931,LC
1987898.49,9753,36.7463,BG
1987899.59,9750,4.1008,LC
1987920.34,9751,7.9216,LC
1987955.09,9752,11.4632,LC
1987957.39,9750,13.9715,LC
1987958.12,9751,9.8326,LC
1987966.46,9752,4.3189,LC
1987978.93,9753,30.1679,BG
1988000.38,9750,8.7736,LC
1988000.61,9751,6.5213,LC
1988025.14,9752,9.1997,LC
1988044.22,9751,8.8229,LC
1988060.14,9750,4.0072,LC
1988061.08,9752,4.2118,LC
1988065.67,9753,36.5899,BG
1988069.25,9751,4.0145,LC
1988073.44,9750,4.0522,LC
1988082.8,9751,4.1583,LC
1988104.44,9752,7.9973,LC
1988110.03,9750,6.9137,LC
1988133.23,9751,10.3066,LC
1988133.3,9752,6.0044,LC
1988140.06,9750,4.0112,LC
1988150.45,9753,34.5622,BG
1988150.55,9751,7.0899,LC
1988152.79,9752,4.5082,LC
1988160.18,9750,3.9563,LC
1988169.64,9751,4.1096,LC
1988200.83,9752,6.2651,LC
1988202.48,9750,6.0536,LC
1988224.92,9753,23.5666,BG
1988237.77,9751,4.0414,LC
1988244.85,9752,5.2271,LC
1988255.28,9750,4.9609,LC
1988260.31,9751,4.5294,LC
1988268.49,9752,5.3669,LC
1988273.84,9750,4.2517,LC
1988282.75,9751,6.0562,LC
1988286.95,9750,6.7285,LC
1988287.05,9751,4.0564,LC
1988287.09,9752,8.5028,LC
1988306.76,9753,31.412,BG
1988349.35,9752,9.3234,LC
1988349.41,9751,6.1963,LC
1988352.05,9750,6.297,LC
1988359.91,9751,6.5532,LC
1988374.83,9752,4.105,LC
1988381.81,9753,24.6322,BG
1988395.99,9750,4.0543,LC
1988451.12,9751,4.1406,LC
1988451.46,9752,4.5841,LC
1988458.91,9750,4.2938,LC
1988463.42,9753,31.3377,BG
1988484.3,9751,6.0859,LC
1988491.93,9752,6.5886,LC
1988511.87,9750,9.3537,LC
1988529.12,9751,3.9942,LC
1988542.12,9753,28.2976,BG
1988557.79,9752,6.8038,LC
1988581.87,9750,10.298,LC
1988585.38,9751,8.4345,LC
1988605.3,9752,11.9313,LC
1988608.13,9750,9.7296,LC
1988609.57,9751,7.1297,LC
1988625.77,9753,33.4469,BG
1988637.12,9752,4.403,LC
1988645.5,9750,4.3631,LC
1988660.06,9751,5.2902,LC
1988665.51,9752,4.2258,LC
1988665.64,9750,4.162,LC
1988682.98,9752,4.7418,LC
1988684.36,9751,7.1845,LC
1988686.87,9750,4.5327,LC
1988703.11,9752,3.9009,LC
1988708.98,9753,33.1687,BG
1988732.9,9751,7.8199,LC
1988777.35,9752,11.9427,LC
1988777.44,9750,16.061,LC
1988793.95,9753,34.3205,BG
1988824.88,9751,10.2547,LC
1988861.83,9750,8.7433,LC
1988867.06,9752,5.7161,LC
1988869.77,9751,5.6313,LC
1988882.48,9753,38.1073,BG
1988929.14,9750,8.0191,LC
1988930.1,9752,4.8417,LC
1988935.07,9751,6.7237,LC
1988944.08,9750,5.2351,LC
1988944.74,9752,8.65,LC
1988945.16,9751,7.2397,LC
1988971.14,9753,37.8556,BG
1988987.43,9750,4.1777,LC
1989043.31,9752,6.063,LC
1989045.92,9753,24.2092,BG
1989045.98,9751,4.772,LC
1989052.14,9750,4.3255,LC
1989054.44,9752,4.4121,LC
1989101.91,9751,6.2697,LC
1989116.37,9750,4.3444,LC
1989122.42,9752,4.2872,LC
1989125.03,9753,27.8311,BG
1989136.13,9751,4.0253,LC
1989169.37,9750,10.2414,LC
1989214.0,9753,38.5708,BG
1989215.26,9752,5.136,LC
1989229.84,9751,8.2343,LC
1989235.85,9752,5.5633,LC
1989236.29,9750,8.329,LC
1989242.49,9751,4.3742,LC
1989296.1,9753,31.7151,BG
1989300.67,9752,4.0682,LC
1989319.94,9751,4.5429,LC
1989320.14,9750,7.5171,LC
1989321.5,9752,6.3096,LC
1989322.21,9751,4.17,LC
1989339.98,9750,6.3275,LC
1989341.93,9752,5.8684,LC
1989372.08,9753,25.9263,BG
1989407.41,9751,10.7463,LC
1989412.95,9750,7.9462,LC
1989421.21,9752,8.4896,LC
1989445.63,9750,9.5524,LC
1989447.28,9751,7.9476,LC
1989456.38,9753,33.9553,BG
1989459.1,9752,4.2739,LC
1989491.85,9750,5.8,LC
1989535.12,9753,28.4006,BG
1989539.52,9751,4.1191,LC
1989615.79,9752,4.737,LC
1989622.31,9753,36.6099,BG
1989628.4,9750,4.0269,LC
1989646.83,9751,9.9351,LC
1989649.04,9752,6.051,LC
1989679.05,9750,10.9021,LC
1989705.48,9751,4.0404,LC
1989706.17,9753,32.8137,BG
1989713.78,9752,4.1554,LC
1989719.75,9750,4.0239,LC
1989726.23,9751,4.3487,LC
1989751.73,9752,9.4207,LC
1989755.31,9750,7.5414,LC
1989763.12,9751,5.6126,LC
1989768.74,9752,4.1918,LC
1989777.57,9750,5.5765,LC
1989786.68,9753,30.4436,BG
1989788.16,9751,4.3576,LC
1989850.2,9750,9.5841,LC
1989850.51,9752,10.1467,LC
1989883.23,9751,8.1708,LC
1989888.31,9753,51.1595,BG
1989919.52,9750,12.6622,LC
1989922.45,9752,8.0868,LC
1989932.29,9751,7.6421,LC
1989938.09,9750,5.1819,LC
1989960.99,9753,22.6639,BG
1989976.48,9752,4.3587,LC
1989984.03,9751,4.7159,LC
1989997.13,9750,4.167,LC
1990020.02,9752,4.9442,LC
1990028.14,9751,4.2307,LC
1990036.68,9753,25.3378,BG
1990056.66,9750,5.1619,LC
1990060.04,9752,4.3957,LC
1990072.55,9750,6.5961,LC
1990076.99,9751,6.2903,LC
1990110.11,9752,4.3627,LC
1990110.36,9750,4.1549,LC
1990113.44,9753,26.4723,BG
1990132.59,9751,7.4139,LC
1990132.85,9752,6.4982,LC
1990163.11,9751,7.1568,LC
1990163.41,9750,11.2513,LC
1990165.62,9752,10.1472,LC
1990185.16,9751,4.3379,LC
1990188.46,9753,24.7306,BG
1990191.56,9750,4.1462,LC
1990195.14,9752,4.1808,LC
1990237.97,9751,6.59,LC
1990257.94,9750,7.4958,LC
1990271.62,9752,4.0989,LC
1990274.96,9753,36.136,BG
1990280.44,9751,4.1197,LC
1990300.84,9750,6.2391,LC
1990310.02,9752,6.3882,LC
1990315.33,9751,5.7835,LC
1990322.38,9750,6.8213,LC
1990332.68,9752,5.9672,LC
1990353.78,9753,28.8109,BG
1990356.79,9751,4.346,LC
1990388.25,9750,7.0839,LC
1990430.37,9752,4.1384,LC
1990434.79,9753,30.8694,BG
1990437.46,9751,4.0493,LC
1990480.17,9750,10.1097,LC
1990492.37,9752,8.2627,LC
1990515.55,9751,4.1276,LC
1990520.88,9753,35.7089,BG
1990546.21,9750,8.3763,LC
1990556.37,9752,7.6831,LC
1990591.17,9751,14.5576,LC
1990591.39,9750,12.7404,LC
1990602.67,9752,3.917,LC
1990608.08,9753,36.7499,BG
1990610.59,9750,6.1291,LC
1990612.54,9751,4.3676,LC
1990632.22,9752,6.1984,LC
1990644.52,9750,6.4691,LC
1990662.05,9751,9.0337,LC
1990676.6,9752,4.1395,LC
1990685.6,9753,27.085,BG
1990689.75,9750,3.965,LC
1990710.95,9751,6.9666,LC
1990751.63,9752,8.0324,LC
1990770.23,9753,34.2812,BG
1990792.73,9750,6.7186,LC
1990807.41,9751,6.9864,LC
1990853.25,9753,32.7236,BG
1990886.82,9752,8.5558,LC
1990909.08,9750,10.4689,LC
1990933.82,9753,29.6168,BG
1990969.18,9751,9.4127,LC
1991006.49,9752,4.8834,LC
1991016.83,9753,32.567,BG
1991022.16,9750,4.0974,LC
1991072.61,9751,11.7038,LC
1991087.3,9752,4.9289,LC
1991102.39,9753,35.1957,BG
1991115.21,9750,4.3172,LC
1991195.25,9753,42.3675,BG
1991260.24,9751,8.0865,LC
1991285.59,9753,39.9984,BG
1991320.25,9752,10.356,LC
1991332.7,9750,7.7648,LC
1991367.51,9753,31.5576,BG
1991458.16,9751,4.3614,LC
1991460.3,9753,42.4377,BG
1991460.73,9752,5.3289,LC
1991488.93,9750,8.9028,LC
1991534.48,9753,23.8642,BG
1991549.38,9751,4.0115,LC
1991595.58,9752,4.7786,LC
1991610.14,9753,25.1598,BG
1991628.64,9750,4.8534,LC
1991629.85,9751,4.5236,LC
1991667.63,9752,8.981,LC
1991689.22,9750,4.6817,LC
1991691.6,9753,31.2155,BG
1991780.86,9753,38.9988,BG
1991850.21,9751,6.5858,LC
1991868.12,9753,36.9049,BG
1991894.41,9752,5.7132,LC
1991949.57,9750,4.4337,LC
1991952.31,9753,34.025,BG
1992037.59,9753,35.0124,BG
1992124.38,9753,36.5356,BG
1992129.31,9751,4.0356,LC
1992210.75,9753,36.1463,BG
1992267.86,9752,11.396,LC
1992296.83,9753,35.4154,BG
1992315.84,9750,6.8806,LC
1992347.66,9751,9.81,LC
1992363.08,9752,6.0825,LC
1992365.74,9750,4.6423,LC
1992379.14,9753,32.2306,BG
1992426.89,9751,10.2995,LC
1992443.1,9752,6.117,LC
1992469.35,9753,39.8874,BG
1992495.59,9752,9.131,LC
1992508.57,9751,8.8045,LC
1992551.21,9753,31.3487,BG
1992590.34,9750,8.277,LC
1992627.6,9753,26.0187,BG
1992693.94,9752,7.3664,LC
1992710.86,9751,6.3828,LC
1992720.32,9753,42.6046,BG
1992721.99,9750,4.3472,LC
1992735.17,9752,6.3596,LC
1992738.74,9751,6.1753,LC
1992788.16,9750,6.9427,LC
1992803.46,9753,32.7578,BG
1992870.43,9752,6.9408,LC
1992890.47,9753,35.9432,BG
1992929.14,9751,9.8282,LC
1992977.99,9753,37.0791,BG
1993063.76,9753,35.4884,BG
1993148.4,9753,34.4488,BG
1993226.35,9750,4.6499,LC
1993235.17,9753,36.3094,BG
1993271.0,9752,10.4239,LC
1993315.74,9753,30.1561,BG
1993333.12,9751,5.6688,LC
1993400.41,9753,34.2896,BG
1993408.49,9750,3.9694,LC
1993455.11,9752,9.1706,LC
1993473.1,9751,3.9244,LC
1993476.39,9750,4.2712,LC
1993483.37,9753,32.7984,BG
1993548.11,9751,8.1976,LC
1993571.88,9753,37.9856,BG
1993656.41,9752,4.0765,LC
1993660.19,9753,38.1644,BG
1993736.32,9750,4.1739,LC
1993743.39,9751,4.0775,LC
1993746.91,9753,36.2136,BG
1993747.52,9752,3.889,LC
1993813.12,9750,7.593,LC
1993814.81,9751,7.5422,LC
1993828.24,9752,3.9142,LC
1993833.28,9753,36.1862,BG
1993920.38,9753,36.3255,BG
1993991.3,9750,7.3129,LC
1993997.13,9751,7.7306,LC
1993998.75,9750,7.2367,LC
1994013.67,9753,43.2468,BG
1994035.44,9752,8.9128,LC
1994093.6,9751,7.0011,LC
1994106.95,9753,42.6729,BG
1994192.17,9753,34.6912,BG
1994276.37,9753,33.8955,BG
1994336.4,9750,11.5762,LC
1994354.87,9752,7.9382,LC
1994370.6,9753,44.047,BG
1994456.81,9753,35.7961,BG
1994471.72,9751,4.9681,LC
1994473.56,9750,4.4466,LC
1994509.99,9752,9.4688,LC
1994537.24,9753,29.8646,BG
1994601.76,9751,7.192,LC
1994617.11,9753,29.6466,BG
1994695.81,9753,28.4587,BG
1994724.26,9750,6.5093,LC
1994731.34,9752,4.7792,LC
1994743.62,9751,6.5031,LC
1994775.05,9750,4.0151,LC
1994776.2,9753,30.0751,BG
1994801.52,9752,6.515,LC
1994811.63,9751,5.0506,LC
1994814.21,9750,4.4368,LC
1994825.05,9752,4.6487,LC
1994838.44,9751,6.2663,LC
1994845.53,9750,7.1197,LC
1994849.78,9752,4.0296,LC
1994858.55,9753,32.2177,BG
1994870.09,9751,6.9314,LC
1994870.51,9750,7.9504,LC
1994888.95,9752,7.6453,LC
1994899.97,9751,5.6671,LC
1994903.78,9750,4.4689,LC
1994929.94,9751,4.7097,LC
1994942.04,9752,5.9765,LC
1994947.9,9750,7.4285,LC
1994954.0,9753,45.1513,BG
1994981.76,9751,9.3241,LC
1994987.68,9752,5.7366,LC
1994999.48,9750,8.804,LC
1994999.65,9751,8.1836,LC
1995002.47,9752,4.2954,LC
1995025.98,9750,4.4403,LC
1995028.36,9753,24.2345,BG
1995054.08,9751,8.1554,LC
1995056.6,9752,6.0452,LC
1995088.7,9750,4.2377,LC
1995102.53,9753,23.822,BG
1995108.63,9751,4.5726,LC
1995126.43,9752,8.2204,LC
1995171.4,9750,7.5591,LC
1995187.3,9753,34.4451,BG
1995198.88,9752,4.1769,LC
1995198.93,9751,6.1431,LC
1995202.24,9750,5.8726,LC
1995205.0,9751,5.732,LC
1995226.34,9752,7.3451,LC
1995235.22,9750,5.786,LC
1995263.11,9751,7.2957,LC
1995265.67,9752,5.4151,LC
1995273.08,9753,34.0887,BG
1995273.74,9750,5.3595,LC
1995317.53,9752,9.5323,LC
1995317.6,9751,16.2005,LC
1995323.62,9752,5.8871,LC
1995323.71,9752,4.4042,LC
1995323.75,9750,12.8157,LC
1995324.1,9751,5.4471,LC
1995328.27,9752,4.3076,LC
1995345.67,9753,23.3271,BG
1995424.23,9750,8.7213,LC
1995425.42,9751,6.212,LC
1995432.06,9753,36.0354,BG
1995439.82,9752,4.1628,LC
1995465.8,9750,9.0239,LC
1995495.32,9751,8.8661,LC
1995503.66,9752,5.8972,LC
1995505.43,9750,4.0103,LC
1995511.22,9751,5.0953,LC
1995521.61,9753,39.0868,BG
1995529.42,9752,4.0553,LC
1995531.93,9750,4.6483,LC
1995533.94,9751,4.2359,LC
1995550.05,9752,4.9196,LC
1995552.51,9750,4.7213,LC
1995559.16,9751,4.7201,LC
1995568.46,9752,6.3186,LC
1995589.36,9750,5.6391,LC
1995595.91,9751,3.9471,LC
1995602.72,9753,30.7767,BG
1995610.94,9752,4.7021,LC
1995654.21,9750,10.5102,LC
1995664.66,9751,11.7787,LC
1995666.47,9752,8.126,LC
1995676.55,9750,4.0798,LC
1995682.23,9753,29.4111,BG
1995703.38,9751,6.326,LC
1995719.23,9752,6.8379,LC
1995728.13,9750,7.2096,LC
1995758.11,9751,3.8025,LC
1995763.56,9753,31.188,BG
1995771.54,9752,4.168,LC
1995775.16,9750,4.1631,LC
1995795.88,9752,7.6182,LC
1995831.13,9751,13.4774,LC
1995832.52,9750,10.2426,LC
1995847.56,9753,33.8308,BG
1995849.76,9752,4.0079,LC
1995886.28,9751,9.4558,LC
1995889.59,9750,8.0626,LC
1995910.66,9752,10.9323,LC
1995926.98,9751,4.541,LC
1995928.92,9753,31.2107,BG
1995932.33,9750,3.9489,LC
1995952.67,9752,7.8959,LC
1995960.46,9751,5.7277,LC
1995961.28,9750,5.2349,LC
1995966.27,9752,4.2074,LC
1995996.86,9751,4.0408,LC
1995999.26,9750,4.038,LC
1996008.71,9751,4.0726,LC
1996011.75,9753,32.3343,BG
1996040.55,9752,9.2359,LC
1996059.61,9750,9.4247,LC
1996063.8,9751,10.4375,LC
1996066.49,9752,10.8627,LC
1996089.95,9753,27.8008,BG
1996091.59,9750,4.2892,LC
1996103.13,9751,4.1846,LC
1996130.38,9752,9.8184,LC
1996138.74,9750,11.9359,LC
1996142.84,9751,11.9811,LC
1996160.69,9752,4.0209,LC
1996168.36,9753,28.1186,BG
1996170.71,9750,4.2871,LC
1996178.63,9751,3.8372,LC
1996206.5,9752,8.183,LC
1996229.03,9750,10.0485,LC
1996232.82,9751,10.4896,LC
1996241.1,9752,6.8467,LC
1996250.79,9750,3.873,LC
1996256.7,9751,4.3293,LC
1996259.26,9752,4.0026,LC
1996262.99,9753,44.135,BG
1996264.88,9750,4.3839,LC
1996300.35,9751,9.5181,LC
1996305.54,9752,6.4231,LC
1996313.79,9750,6.8342,LC
1996330.7,9751,4.1065,LC
1996338.89,9753,25.6405,BG
1996363.91,9752,8.3515,LC
1996370.28,9750,5.6496,LC
1996375.56,9751,5.1899,LC
1996409.79,9752,4.2915,LC
1996421.29,9753,31.9513,BG
1996436.99,9750,4.9705,LC
1996464.12,9751,8.9765,LC
1996469.76,9752,7.19,LC
1996471.35,9750,6.47,LC
1996491.06,9751,5.8149,LC
1996493.87,9752,5.6255,LC
1996496.65,9753,25.3554,BG
1996531.52,9750,9.3537,LC
1996542.29,9751,6.8868,LC
1996558.79,9752,4.2341,LC
1996569.07,9750,3.9633,LC
1996569.35,9751,4.3676,LC
1996573.55,9750,3.9426,LC
1996576.06,9753,29.0168,BG
1996615.33,9752,10.371,LC
1996658.04,9753,31.7126,BG
1996665.13,9751,4.8742,LC
1996740.15,9753,31.9552,BG
1996740.23,9750,3.9456,LC
1996775.79,9752,9.1581,LC
1996775.85,9751,10.2582,LC
1996776.22,9750,5.9477,LC
1996779.14,9752,7.1419,LC
1996816.54,9753,26.202,BG
1996870.98,9751,11.1246,LC
1996899.47,9753,31.901,BG
1996924.58,9750,9.4547,LC
1996965.71,9752,11.2126,LC
1996967.02,9750,7.2966,LC
1996967.36,9751,9.2483,LC
1996979.35,9752,4.0966,LC
1996983.15,9750,3.9217,LC
1996989.32,9753,39.6193,BG
1996990.48,9751,6.1799,LC
1996994.55,9752,4.2515,LC
1996998.98,9751,4.092,LC
1997006.17,9750,4.1909,LC
1997032.76,9752,8.4312,LC
1997037.54,9751,8.0296,LC
1997044.33,9750,6.3736,LC
1997063.07,9752,5.143,LC
1997065.72,9751,4.4805,LC
1997070.56,9750,4.4303,LC
1997072.27,9753,32.829,BG
1997081.49,9752,4.0109,LC
1997101.17,9751,6.6248,LC
1997104.63,9750,6.2439,LC
1997155.58,9753,33.0849,BG
1997186.08,9752,5.0181,LC
1997212.11,9751,11.0595,LC
1997222.62,9750,8.0892,LC
1997225.08,9752,4.8652,LC
1997234.27,9751,4.2268,LC
1997236.7,9753,30.3933,BG
1997293.26,9750,10.6538,LC
1997319.64,9753,32.6871,BG
1997336.68,9752,5.5006,LC
1997353.65,9751,6.5944,LC
1997401.52,9753,31.5147,BG
1997402.83,9750,4.3698,LC
1997454.21,9752,10.2733,LC
1997486.83,9753,35.1823,BG
1997530.25,9751,8.2537,LC
1997559.81,9750,6.1914,LC
1997570.14,9753,32.8145,BG
1997600.3,9752,9.8694,LC
1997627.95,9751,7.7193,LC
1997647.61,9753,27.2947,BG
1997667.22,9750,6.2153,LC
1997668.85,9752,4.4425,LC
1997678.53,9751,4.9128,LC
1997681.21,9750,4.4252,LC
1997712.67,9752,6.319,LC
1997730.72,9753,32.9088,BG
1997741.81,9751,4.3837,LC
1997743.22,9750,4.1511,LC
1997761.35,9752,5.2111,LC
1997775.57,9751,5.3682,LC
1997782.29,9750,4.4243,LC
1997792.51,9752,3.9335,LC
1997804.38,9751,4.2209,LC
1997805.62,9753,24.6332,BG
1997838.83,9750,9.2198,LC
1997841.6,9752,7.6865,LC
1997865.12,9751,6.7061,LC
1997873.78,9750,6.1547,LC
1997885.75,9753,30.067,BG
1997896.69,9752,4.2024,LC
1997905.99,9751,5.1144,LC
1997915.13,9750,7.2105,LC
1997920.73,9752,5.6832,LC
1997945.35,9751,10.2163,LC
1997946.07,9750,10.3394,LC
1997953.91,9752,4.4956,LC
1997957.38,9751,4.0911,LC
1997970.02,9752,4.1005,LC
1997971.28,9753,34.1402,BG
1997986.53,9750,6.3,LC
1998054.95,9753,32.9871,BG
1998068.96,9751,6.4473,LC
1998095.95,9752,10.4176,LC
1998112.25,9750,10.095,LC
1998121.28,9751,5.9746,LC
1998138.94,9752,3.8612,LC
1998145.25,9750,4.2546,LC
1998145.95,9753,40.7035,BG
1998176.57,9751,8.0051,LC
1998179.57,9752,6.1956,LC
1998188.17,9750,5.9176,LC
1998214.43,9751,4.1792,LC
1998225.22,9752,4.5811,LC
1998226.75,9753,30.7952,BG
1998254.23,9750,9.046,LC
1998300.3,9751,4.2242,LC
1998309.31,9753,32.2412,BG
1998325.33,9752,4.5992,LC
1998334.2,9750,4.6563,LC
1998347.55,9751,5.7342,LC
1998356.45,9752,5.3227,LC
1998383.25,9753,23.7402,BG
1998384.04,9750,7.0982,LC
1998386.6,9751,5.249,LC
1998399.09,9752,3.94,LC
1998436.58,9750,9.9122,LC
1998456.85,9750,5.4831,LC
1998456.91,9751,9.8779,LC
1998462.07,9752,9.0714,LC
1998462.39,9751,5.2873,LC
1998471.57,9753,38.1729,BG
1998492.33,9750,7.8717,LC
1998493.99,9752,7.563,LC
1998519.63,9751,9.4885,LC
1998535.16,9750,7.1585,LC
1998538.74,9752,5.5295,LC
1998552.71,9753,30.5005,BG
1998561.18,9751,4.3529,LC
1998572.63,9750,5.0313,LC
1998609.58,9752,9.2495,LC
1998631.79,9751,4.337,LC
1998636.05,9750,3.9371,LC
1998638.02,9753,35.2875,BG
1998654.25,9752,5.5146,LC
1998671.88,9751,8.3317,LC
1998676.27,9750,8.2234,LC
1998676.96,9752,6.5359,LC
1998706.55,9752,5.6241,LC
1998706.61,9750,9.7926,LC
1998706.69,9751,13.6268,LC
1998723.73,9753,35.2476,BG
1998734.61,9750,3.9572,LC
1998742.98,9752,4.2934,LC
1998757.46,9751,7.0992,LC
1998772.05,9750,7.6501,LC
1998773.62,9752,7.0663,LC
1998803.27,9753,29.4292,BG
1998816.94,9751,4.4598,LC
1998858.46,9750,9.298,LC
1998874.3,9752,12.3072,LC
1998878.51,9751,9.7386,LC
1998887.13,9753,33.7264,BG
1998890.83,9750,4.3146,LC
1998964.38,9753,26.9817,BG
1999030.83,9752,7.3854,LC
1999044.85,9751,6.9342,LC
1999051.13,9753,36.6762,BG
1999132.35,9753,30.9683,BG
1999214.43,9750,3.9641,LC
1999215.41,9753,32.9192,BG
1999223.22,9752,4.0499,LC
1999234.05,9751,4.0613,LC
1999288.47,9753,22.8078,BG
1999370.83,9753,32.0613,BG
1999383.06,9750,4.2278,LC
1999422.62,9752,9.7411,LC
1999439.3,9751,6.7573,LC
1999455.19,9753,34.1717,BG
1999500.15,9750,7.9737,LC
1999533.07,9753,27.6065,BG
1999540.66,9752,4.0923,LC
1999561.22,9751,7.2938,LC
1999590.16,9750,11.6961,LC
1999598.02,9752,6.6893,LC
1999615.79,9753,32.4109,BG
1999671.42,9751,9.9835,LC
1999685.06,9750,7.8053,LC
1999700.41,9753,34.503,BG
1999704.77,9752,4.2699,LC
1999724.74,9751,6.3632,LC
1999783.52,9753,32.7667,BG
1999862.35,9750,3.9199,LC
1999868.93,9753,34.0662,BG
1999931.98,9752,6.6707,LC
1999955.86,9753,36.6478,BG
1999966.8,9751,3.9941,LC
2000037.17,9753,31.1092,BG
2000058.52,9750,7.6434,LC
2000117.03,9752,4.7249,LC
2000121.85,9753,33.7835,BG
2000153.82,9751,10.1487,LC
2000162.31,9750,7.2802,LC
2000193.36,9752,7.7134,LC
2000203.08,9753,31.0275,BG
2000253.44,9751,8.8512,LC
2000280.59,9753,26.9441,BG
2000353.82,9750,7.7392,LC
2000368.19,9753,35.9072,BG
2000428.8,9752,9.5327,LC
2000451.89,9751,4.002,LC
2000454.76,9753,36.1271,BG
2000533.3,9750,7.5092,LC
2000537.41,9752,6.8279,LC
2000545.63,9753,40.8778,BG
2000549.74,9751,4.2366,LC
2000634.11,9753,37.5768,BG
2000639.87,9750,4.3506,LC
2000665.2,9752,9.0073,LC
2000688.45,9751,10.104,LC
2000717.46,9753,33.1349,BG
2000782.15,9750,4.1766,LC
2000796.55,9752,4.5941,LC
2000804.18,9753,36.5117,BG
2000879.3,9753,24.2799,BG
2000893.83,9751,4.118,LC
2000929.48,9750,10.3932,LC
2000939.56,9752,5.4832,LC
2000960.23,9753,30.4945,BG
2001034.44,9753,24.0656,BG
2001081.93,9751,10.8953,LC
2001093.81,9750,10.288,LC
2001097.15,9752,5.8649,LC
2001116.04,9753,30.8356,BG
2001124.48,9751,4.866,LC
2001198.47,9750,12.0762,LC
2001200.8,9752,10.2642,LC
2001206.39,9753,40.1503,BG
2001218.4,9751,5.4256,LC
2001260.24,9750,9.6408,LC
2001292.54,9753,35.715,BG
2001369.53,9752,4.9978,LC
2001378.14,9753,35.2802,BG
2001402.91,9751,8.1833,LC
2001431.39,9750,11.5398,LC
2001455.96,9752,4.2547,LC
2001459.14,9753,31.0111,BG
2001466.96,9751,4.1163,LC
2001477.88,9750,5.2287,LC
2001485.76,9752,5.0497,LC
2001542.34,9753,32.7772,BG
2001628.79,9753,36.0337,BG
2001671.21,9751,9.914,LC
2001680.01,9750,8.1223,LC
2001704.04,9753,25.1829,BG
2001779.9,9753,25.6862,BG
2001786.34,9752,3.9582,LC
2001823.18,9751,7.5487,LC
2001865.19,9753,35.1521,BG
2001952.77,9753,37.0143,BG
2001958.59,9750,5.5293,LC
2001994.56,9752,10.0752,LC
2002010.14,9751,9.5519,LC
2002031.2,9753,27.9858,BG
2002040.75,9750,3.8885,LC
2002110.13,9753,28.7194,BG
2002112.26,9752,4.4951,LC
2002118.7,9751,4.0065,LC
2002191.7,9750,3.9669,LC
2002197.27,9753,36.8563,BG
2002243.48,9752,10.0692,LC
2002278.8,9753,31.2262,BG
2002343.69,9751,13.3295,LC
2002347.48,9750,11.1125,LC
2002357.82,9752,3.9935,LC
2002365.33,9753,36.0669,BG
2002394.22,9751,9.849,LC
2002422.18,9750,10.2145,LC
2002445.77,9753,29.6053,BG
2002453.18,9752,4.1707,LC
2002483.73,9751,10.6077,LC
2002486.85,9750,6.9919,LC
2002508.98,9752,9.1699,LC
2002530.54,9753,34.3552,BG
2002617.54,9753,36.338,BG
2002642.2,9751,9.8596,LC
2002685.92,9750,8.6386,LC
2002707.42,9753,39.5618,BG
2002729.47,9751,7.5028,LC
2002730.46,9752,9.2364,LC
2002734.55,9750,6.102,LC
2002761.22,9751,12.5012,LC
2002794.43,9753,36.2538,BG
2002878.7,9753,34.0654,BG
2002886.1,9752,4.4689,LC
2002965.22,9753,36.3669,BG
2003024.94,9750,10.9816,LC
2003048.56,9753,32.8117,BG
2003072.56,9751,4.7247,LC
2003075.77,9752,4.7101,LC
2003127.29,9753,28.2211,BG
2003163.73,9750,10.8937,LC
2003211.33,9753,33.8442,BG
2003287.57,9751,5.4903,LC
2003291.43,9752,3.8057,LC
2003296.08,9753,34.5715,BG
2003300.42,9751,4.0161,LC
2003351.96,9750,11.2533,LC
2003375.13,9753,27.9181,BG
2003425.32,9752,4.3068,LC
2003430.98,9751,4.3349,LC
2003450.51,9753,25.2418,BG
2003475.23,9750,4.21,LC
2003528.59,9753,27.8868,BG
2003593.05,9752,6.9269,LC
2003622.6,9751,4.3669,LC
2003624.03,9753,45.3677,BG
2003632.99,9750,4.4997,LC
2003635.96,9752,4.5606,LC
2003680.76,9751,7.0826,LC
2003697.08,9750,6.6007,LC
2003708.11,9753,33.9204,BG
2003794.1,9753,35.2804,BG
2003811.17,9752,6.1927,LC
2003840.55,9751,11.9853,LC
2003873.25,9753,29.0369,BG
2003876.4,9750,4.3421,LC
2003957.96,9753,34.0658,BG
2003962.41,9752,4.0444,LC
2004042.17,9753,34.0588,BG
2004046.92,9751,4.0907,LC
2004131.19,9753,37.7934,BG
2004185.5,9750,9.7333,LC
2004216.53,9753,35.0292,BG
2004230.51,9752,6.4394,LC
2004255.41,9751,9.2968,LC
2004298.96,9750,4.0359,LC
2004301.67,9753,34.7764,BG
2004308.45,9752,4.3134,LC
2004361.79,9751,12.1258,LC
2004370.9,9750,8.9913,LC
2004373.76,9751,5.3867,LC
2004385.12,9753,32.9218,BG
2004470.84,9753,35.0378,BG
2004541.49,9752,6.1336,LC
2004555.1,9750,4.242,LC
2004555.62,9751,4.361,LC
2004560.93,9753,40.1869,BG
2004612.2,9752,8.3612,LC
2004639.45,9753,26.9915,BG
2004723.58,9753,33.8516,BG
2004741.42,9750,6.8894,LC
2004747.84,9751,6.8972,LC
2004808.25,9753,33.8689,BG
2004852.19,9752,9.9332,LC
2004891.09,9753,32.4834,BG
2004977.17,9753,35.6092,BG
2005008.64,9750,10.2345,LC
2005060.4,9753,32.7841,BG
2005080.41,9751,6.4042,LC
2005106.48,9752,9.7659,LC
2005108.72,9750,8.5609,LC
2005137.22,9753,26.7904,BG
2005210.91,9753,23.3092,BG
2005277.74,9751,7.3021,LC
2005297.09,9752,9.3589,LC
2005299.93,9750,6.5364,LC
2005303.82,9752,4.8558,LC
2005307.55,9753,46.217,BG
2005318.99,9751,5.2122,LC
2005368.18,9750,9.2201,LC
2005382.34,9752,6.8022,LC
2005394.16,9753,36.2236,BG
2005403.87,9751,4.2867,LC
2005431.95,9750,9.5641,LC
2005467.72,9752,11.1471,LC
2005467.8,9751,9.3749,LC
2005481.52,9750,6.3664,LC
2005482.99,9753,38.476,BG
2005495.47,9752,5.6571,LC
2005560.52,9751,3.9781,LC
2005565.12,9753,31.6564,BG
2005618.67,9750,11.6246,LC
2005633.75,9752,3.9467,LC
2005646.28,9753,30.1022,BG
2005677.79,9751,9.0995,LC
2005705.86,9750,9.11,LC
2005730.74,9753,33.6847,BG
2005743.5,9752,5.2352,LC
2005810.43,9751,4.0567,LC
2005815.57,9753,34.4351,BG
2005855.14,9750,11.051,LC
2005859.67,9752,7.9124,LC
2005900.16,9753,34.2756,BG
2005988.45,9751,5.7779,LC
2005988.54,9753,38.1732,BG
2006022.09,9750,10.1701,LC
2006051.99,9752,8.1932,LC
2006076.53,9751,6.9836,LC
2006082.83,9753,43.7404,BG
2006156.5,9750,6.6703,LC
2006167.62,9753,34.6279,BG
2006242.67,9753,24.5677,BG
2006269.41,9752,9.2422,LC
2006312.8,9751,6.5258,LC
2006326.5,9753,33.3951,BG
2006332.29,9750,4.1145,LC
2006415.33,9753,38.3047,BG
2006500.43,9753,34.5193,BG
2006557.48,9752,8.3721,LC
2006564.83,9751,7.429,LC
2006583.62,9753,32.7076,BG
2006646.12,9752,7.8662,LC
2006674.62,9753,40.853,BG
2006687.76,9750,5.1963,LC
2006755.36,9751,4.0673,LC
2006757.64,9753,32.7785,BG
2006843.7,9753,35.729,BG
2006844.62,9752,9.6728,LC
2006882.98,9750,10.7326,LC
2006926.06,9753,31.3409,BG
2006961.8,9751,10.4686,LC
2006997.22,9752,12.2709,LC
2006997.36,9750,6.4452,LC
2007003.97,9751,3.957,LC
2007010.7,9753,34.3081,BG
2007098.14,9753,36.8443,BG
2007125.81,9752,7.5007,LC
2007185.71,9753,37.1127,BG
2007274.43,9753,38.5287,BG
2007359.32,9753,34.5851,BG
2007368.49,9750,4.097,LC
2007395.81,9751,10.7324,LC
2007444.07,9753,34.3148,BG
2007477.57,9752,9.8059,LC
2007524.16,9753,29.7507,BG
2007606.83,9753,32.1707,BG
2007614.73,9750,4.0379,LC
2007622.16,9751,3.9577,LC
2007693.44,9753,36.5763,BG
2007707.85,9752,5.2904,LC
2007774.23,9753,30.3164,BG
2007783.88,9750,4.4415,LC
2007794.16,9751,4.2482,LC
2007854.77,9753,30.239,BG
2007924.36,9752,6.0224,LC
2007932.87,9750,8.0661,LC
2007935.32,9752,6.1416,LC
2007944.81,9753,39.7666,BG
2007986.65,9751,7.2394,LC
2008030.66,9750,4.3155,LC
2008036.27,9753,41.0093,BG
2008073.16,9752,6.1554,LC
2008093.81,9751,10.1561,LC
2008103.82,9750,7.5534,LC
2008120.17,9753,33.8013,BG
2008184.13,9752,7.741,LC
2008208.72,9753,38.3845,BG
2008214.63,9751,4.0688,LC
2008221.18,9750,4.0733,LC
2008228.66,9752,4.0648,LC
2008236.47,9751,4.3572,LC
2008300.16,9750,6.7735,LC
2008307.16,9752,6.2894,LC
2008338.34,9751,6.3492,LC
2008358.14,9750,10.2981,LC
2008363.28,9752,4.2762,LC
2008372.27,9751,4.0595,LC
2008376.21,9750,5.1386,LC
2008382.52,9752,4.254,LC
2008392.77,9753,113.61,BG
2008397.25,9751,4.355,LC
2008427.0,9750,7.2877,LC
2008430.83,9752,6.2889,LC
2008441.89,9751,8.3664,LC
2008448.79,9750,7.7691,LC
2008448.9,9752,5.6611,LC
2008458.78,9751,4.1839,LC
2008473.4,9750,4.0896,LC
2008474.25,9753,31.3088,BG
2008532.41,9752,10.6487,LC
2008537.94,9751,7.5345,LC
2008558.0,9753,32.6745,BG
2008571.9,9750,4.8355,LC
2008585.12,9752,7.0525,LC
2008586.13,9751,7.1416,LC
2008615.81,9750,10.8019,LC
2008628.41,9752,9.9815,LC
2008629.7,9751,7.3285,LC
2008641.84,9753,33.3841,BG
2008661.07,9750,5.8227,LC
2008692.08,9752,10.8849,LC
2008720.34,9753,28.6412,BG
2008723.16,9751,3.8599,LC
2008747.39,9750,6.7265,LC
2008751.21,9752,5.8897,LC
2008759.2,9751,6.3,LC
2008769.29,9750,6.7076,LC
2008794.23,9753,23.6293,BG
2008798.55,9752,4.1244,LC
2008810.72,9751,4.388,LC
2008849.18,9750,12.3195,LC
2008867.45,9750,4.5336,LC
2008867.69,9752,11.6889,LC
2008867.82,9751,7.6739,LC
2008880.05,9750,5.0816,LC
2008881.77,9753,36.4451,BG
2008887.37,9752,4.0757,LC
2008933.2,9751,10.0997,LC
2008963.33,9753,31.2451,BG
2008969.97,9750,4.13,LC
2009016.27,9752,8.7773,LC
2009038.85,9751,5.1064,LC
2009046.81,9753,33.3858,BG
2009047.76,9750,3.998,LC
2009059.35,9752,5.5217,LC
2009090.66,9751,8.9344,LC
2009116.72,9750,4.0515,LC
2009127.11,9753,29.6622,BG
2009128.96,9752,4.1771,LC
2009208.86,9751,5.3568,LC
2009214.19,9753,36.9244,BG
2009232.65,9750,5.9637,LC
2009236.19,9752,8.3509,LC
2009236.72,9751,7.1772,LC
2009259.9,9750,8.2983,LC
2009263.45,9752,9.6708,LC
2009289.94,9753,25.4051,BG
2009315.09,9751,8.4117,LC
2009317.58,9750,7.5869,LC
2009364.38,9752,4.4616,LC
2009364.44,9751,5.2401,LC
2009371.39,9753,31.2345,BG
2009391.67,9750,5.3987,LC
2009405.16,9752,6.123,LC
2009407.18,9751,6.1084,LC
2009427.35,9750,8.9229,LC
2009429.11,9752,6.3009,LC
2009433.13,9751,4.5166,LC
2009435.43,9752,4.1493,LC
2009437.85,9750,4.189,LC
2009452.6,9753,29.2452,BG
2009487.21,9752,6.0372,LC
2009510.82,9751,8.2637,LC
2009532.38,9753,29.3645,BG
2009550.51,9750,7.5917,LC
2009571.19,9752,9.6935,LC
2009617.41,9753,34.6256,BG
2009620.71,9751,4.0539,LC
2009632.47,9750,4.5456,LC
2009672.24,9752,10.4522,LC
2009700.84,9753,32.4456,BG
2009763.48,9751,11.5139,LC
2009770.45,9750,6.4004,LC
2009789.26,9753,34.9467,BG
2009792.66,9752,4.1605,LC
2009797.48,9751,4.2884,LC
2009867.96,9750,4.5743,LC
2009873.49,9753,34.6545,BG
2009890.2,9752,5.1344,LC
2009948.54,9751,5.0141,LC
2009956.99,9753,33.1127,BG
2009997.66,9750,8.7185,LC
2010024.45,9752,7.4032,LC
2010043.25,9753,35.7934,BG
2010053.4,9751,5.3139,LC
2010099.14,9750,9.4935,LC
2010128.24,9753,33.4286,BG
2010187.82,9752,10.1446,LC
2010213.52,9753,34.1654,BG
2010284.34,9751,7.3791,LC
2010298.29,9753,33.8835,BG
2010320.21,9750,6.3572,LC
2010358.99,9752,8.2072,LC
2010381.23,9753,32.5302,BG
2010463.3,9753,31.6125,BG
2010533.76,9751,6.2323,LC
2010552.57,9753,38.8069,BG
2010626.1,9750,7.4249,LC
2010639.17,9753,36.0142,BG
2010688.75,9752,10.3639,LC
2010720.62,9753,31.489,BG
2010806.27,9753,35.1638,BG
2010860.1,9751,8.18,LC
2010886.53,9753,29.9787,BG
2010971.92,9753,35.1201,BG
2010987.79,9750,6.2394,LC
2011002.12,9752,6.471,LC
2011056.12,9753,33.8237,BG
2011087.89,9751,9.8862,LC
2011131.97,9750,4.3917,LC
2011144.11,9753,37.4179,BG
2011147.0,9752,6.508,LC
2011150.89,9751,4.8354,LC
2011188.16,9752,7.7818,LC
2011189.94,9750,7.3161,LC
2011215.18,9751,4.4656,LC
2011222.23,9752,4.9153,LC
2011228.58,9753,34.1754,BG
2011255.86,9750,9.8641,LC
2011257.57,9751,8.4692,LC
2011294.09,9752,10.8585,LC
2011294.17,9750,6.5671,LC
2011297.32,9751,4.8958,LC
2011308.84,9753,29.8328,BG
2011331.98,9752,9.8539,LC
2011342.22,9751,9.0151,LC
2011344.56,9750,13.8277,LC
2011347.28,9752,8.6416,LC
2011374.54,9751,9.3827,LC
2011385.17,9750,4.7294,LC
2011387.99,9752,4.4854,LC
2011397.81,9753,38.7636,BG
2011454.83,9750,13.3669,LC
2011455.8,9751,9.3894,LC
2011480.54,9752,4.9129,LC
2011480.9,9753,32.6581,BG
2011488.7,9750,4.1292,LC
2011509.37,9751,8.229,LC
2011537.54,9752,11.0342,LC
2011550.37,9750,5.7664,LC
2011564.29,9753,31.8764,BG
2011570.33,9751,4.0882,LC
2011584.15,9752,5.4387,LC
2011602.68,9750,8.7555,LC
2011623.27,9752,8.2953,LC
2011623.36,9751,10.3969,LC
2011629.52,9750,6.0481,LC
2011641.06,9752,4.0497,LC
2011652.15,9753,37.9736,BG
2011652.38,9751,4.4701,LC
2011661.13,9750,4.2316,LC
2011666.36,9752,4.327,LC
2011726.68,9751,5.9576,LC
2011735.13,9750,6.1811,LC
2011739.47,9753,36.7744,BG
2011771.22,9752,10.5474,LC
2011801.21,9750,15.6253,LC
2011801.72,9752,5.3999,LC
2011802.91,9751,16.0665,LC
2011803.24,9751,6.1763,LC
2011807.79,9750,4.1504,LC
2011822.49,9752,3.9468,LC
2011822.71,9753,32.3473,BG
2011826.44,9751,4.2622,LC
2011834.45,9752,4.3772,LC
2011836.95,9750,6.2874,LC
2011837.01,9751,4.6789,LC
2011841.3,9752,4.0598,LC
2011847.36,9751,3.9573,LC
2011851.65,9750,4.1709,LC
2011888.17,9752,7.2249,LC
2011907.43,9753,33.7795,BG
2011916.98,9751,4.5782,LC
2011925.25,9750,6.0564,LC
2011930.99,9752,5.8273,LC
2011939.79,9751,5.9451,LC
2011962.51,9750,9.3012,LC
2011968.94,9752,6.1642,LC
2011978.83,9751,4.0384,LC
2011986.57,9753,28.9315,BG
2011999.67,9750,4.5572,LC
2012017.39,9752,7.6434,LC
2012021.21,9751,6.5727,LC
2012032.7,9750,7.6124,LC
2012054.38,9752,4.2648,LC
2012062.06,9751,5.9648,LC
2012066.06,9753,29.3177,BG
2012084.29,9750,4.9499,LC
2012096.28,9752,6.6591,LC
2012112.82,9751,7.4003,LC
2012115.37,9750,7.516,LC
2012121.17,9752,7.2217,LC
2012133.32,9751,5.8263,LC
2012136.35,9750,5.0041,LC
2012141.29,9752,4.2268,LC
2012149.06,9753,31.6344,BG
2012150.03,9750,4.8775,LC
2012150.13,9751,7.7876,LC
2012163.31,9752,3.9884,LC
2012168.98,9750,4.1935,LC
2012182.46,9751,5.4242,LC
2012198.46,9752,4.0129,LC
2012204.64,9750,4.1594,LC
2012222.41,9753,23.3285,BG
2012252.81,9751,4.4058,LC
2012270.87,9752,4.6941,LC
2012277.77,9750,5.5048,LC
2012298.3,9753,25.2008,BG
2012330.07,9751,7.1483,LC
2012356.14,9752,9.6177,LC
2012366.34,9750,11.7985,LC
2012368.64,9751,8.3667,LC
2012377.03,9752,4.2556,LC
2012386.81,9750,5.089,LC
2012390.52,9753,42.2614,BG
2012401.98,9751,4.0949,LC
2012429.95,9752,5.6865,LC
2012436.43,9750,9.8016,LC
2012439.86,9751,8.7015,LC
2012445.44,9752,7.7618,LC
2012462.95,9750,3.8994,LC
2012467.45,9753,26.634,BG
2012488.08,9751,5.9169,LC
2012498.52,9752,6.4884,LC
2012525.29,9750,6.5486,LC
2012544.18,9753,26.2501,BG
2012574.8,9751,10.119,LC
2012593.26,9752,9.5098,LC
2012623.06,9753,28.523,BG
2012666.03,9750,13.1029,LC
2012672.0,9751,8.1776,LC
2012679.52,9752,8.2242,LC
2012687.64,9751,5.3601,LC
2012687.69,9750,4.4285,LC
2012691.46,9752,6.4491,LC
2012693.92,9751,4.7914,LC
2012706.94,9752,4.4657,LC
2012707.03,9750,4.2309,LC
2012709.51,9751,4.5592,LC
2012711.55,9750,4.34,LC
2012712.45,9753,39.5312,BG
2012734.17,9752,5.8852,LC
2012735.3,9751,5.5959,LC
2012743.91,9750,5.0054,LC
2012748.57,9752,4.8266,LC
2012755.46,9751,4.9464,LC
2012770.72,9750,8.4139,LC
2012776.6,9752,4.5083,LC
2012786.69,9751,5.7077,LC
2012790.24,9750,4.0502,LC
2012798.86,9753,32.5341,BG
2012800.76,9752,4.223,LC
2012878.72,9751,3.9549,LC
2012882.51,9753,35.4593,BG
2012928.33,9750,10.2508,LC
2012935.4,9752,10.9131,LC
2012937.09,9751,9.0442,LC
2012940.98,9750,5.9568,LC
2012960.45,9752,4.1691,LC
2012960.56,9753,27.3532,BG
2012963.5,9751,4.1808,LC
2012976.16,9752,4.2931,LC
2013016.9,9750,12.0449,LC
2013035.03,9751,4.2005,LC
2013041.88,9753,30.5787,BG
2013082.98,9752,10.6873,LC
2013125.78,9753,33.486,BG
2013204.32,9750,6.5831,LC
2013217.82,9751,5.4682,LC
2013220.29,9753,44.2285,BG
2013302.71,9753,31.7765,BG
2013362.09,9752,10.8639,LC
2013388.06,9753,34.9766,BG
2013412.86,9750,7.9345,LC
2013474.21,9753,34.3608,BG
2013475.24,9751,5.0457,LC
2013477.32,9752,4.858,LC
2013557.88,9753,34.4228,BG
2013586.68,9750,5.5241,LC
2013640.19,9751,7.4645,LC
2013646.43,9753,38.2608,BG
2013648.11,9752,4.9267,LC
2013708.08,9750,12.2899,LC
2013732.23,9753,34.6264,BG
2013743.06,9751,4.4528,LC
2013790.25,9752,12.169,LC
2013790.36,9750,8.4636,LC
2013815.58,9753,32.2739,BG
2013878.56,9751,9.8696,LC
2013891.14,9750,8.8557,LC
2013895.36,9752,7.8137,LC
2013910.1,9753,44.205,BG
2013931.18,9751,7.3706,LC
2013972.06,9750,10.4827,LC
2013999.96,9753,39.3459,BG
2014083.47,9753,33.1132,BG
2014159.92,9752,4.3637,LC
2014167.9,9753,33.7225,BG
2014234.65,9751,7.3321,LC
2014252.94,9753,34.3267,BG
2014284.32,9750,8.6888,LC
2014338.5,9753,35.1397,BG
2014343.48,9752,4.2698,LC
2014395.83,9751,8.6391,LC
2014423.24,9750,3.9189,LC
2014425.97,9753,37.5469,BG
2014439.33,9752,9.0702,LC
2014497.63,9751,7.6469,LC
2014511.24,9750,5.4697,LC
2014517.11,9753,40.5374,BG
2014603.67,9753,35.8562,BG
2014670.37,9752,5.688,LC
2014672.78,9751,4.7728,LC
2014686.98,9753,32.9487,BG
2014773.89,9750,7.0475,LC
2014780.19,9753,42.806,BG
2014868.26,9753,37.5915,BG
2014919.67,9752,12.4201,LC
2014940.91,9751,4.0518,LC
2014950.38,9753,31.7034,BG
2015010.23,9750,8.7077,LC
2015021.55,9752,5.6784,LC
2015030.58,9751,6.2322,LC
2015039.79,9753,36.5229,BG
2015069.53,9750,9.1182,LC
2015102.23,9752,6.7669,LC
2015121.47,9753,31.2374,BG
2015195.56,9751,7.1843,LC
2015215.37,9750,11.6831,LC
2015215.52,9752,8.5845,LC
2015217.27,9753,45.4561,BG
2015237.27,9751,7.0054,LC
2015301.88,9753,34.2331,BG
2015367.09,9750,8.9124,LC
2015392.52,9753,40.4198,BG
2015392.7,9752,3.9822,LC
2015438.23,9751,11.4416,LC
2015438.56,9750,8.1179,LC
2015466.9,9752,9.342,LC
2015467.06,9751,6.3719,LC
2015476.34,9753,33.5286,BG
2015478.83,9750,4.0353,LC
2015495.61,9752,5.5992,LC
2015523.75,9751,10.0623,LC
2015554.39,9753,27.737,BG
2015648.48,9753,43.5131,BG
2015735.82,9753,36.8194,BG
2015740.44,9750,4.4378,LC
2015761.66,9752,6.138,LC
2015799.72,9751,5.8302,LC
2015808.66,9750,6.0736,LC
2015834.62,9753,48.6458,BG
2015881.94,9752,6.1547,LC
2015893.15,9751,4.4468,LC
2015906.02,9750,4.4862,LC
2015911.54,9753,26.7431,BG
2015966.22,9752,13.5449,LC
2015969.19,9751,9.5487,LC
2015974.03,9750,7.1564,LC
2015994.56,9752,4.5189,LC
2015995.67,9753,33.5515,BG
2016079.32,9753,33.2968,BG
2016081.61,9751,4.1079,LC
2016088.92,9750,4.6178,LC
2016119.13,9752,9.87,LC
2016159.4,9753,29.6929,BG
2016237.78,9751,4.4345,LC
2016246.9,9753,36.7724,BG
2016254.54,9750,4.9914,LC
2016293.96,9752,9.7401,LC
2016296.75,9751,10.0098,LC
2016323.57,9753,26.6498,BG
2016375.05,9750,9.3777,LC
2016385.1,9752,7.0063,LC
2016387.73,9751,6.3911,LC
2016401.62,9752,5.8175,LC
2016410.66,9753,36.8882,BG
2016456.21,9750,9.5705,LC
2016495.51,9753,34.4789,BG
2016528.83,9751,7.2598,LC
2016550.17,9752,6.5772,LC
2016570.7,9750,3.9597,LC
2016572.05,9753,25.7151,BG
2016582.85,9751,4.0855,LC
2016645.36,9753,23.0207,BG
2016655.43,9752,4.2047,LC
2016695.39,9750,7.8214,LC
2016731.57,9753,36.1423,BG
2016776.51,9751,3.9751,LC
2016794.67,9752,4.1632,LC
2016802.08,9750,3.9311,LC
2016804.75,9753,23.1255,BG
2016809.71,9751,3.8911,LC
2016879.12,9752,5.5004,LC
2016883.64,9753,28.6643,BG
2016906.05,9750,8.8353,LC
2016911.95,9751,8.0894,LC
2016956.38,9752,9.3451,LC
2016959.5,9750,6.5353,LC
2016969.31,9753,35.3568,BG
2017031.87,9751,9.3819,LC
2017043.87,9752,6.8122,LC
2017058.04,9753,38.3126,BG
2017139.5,9750,4.1888,LC
2017145.52,9753,36.9763,BG
2017196.63,9751,10.3544,LC
2017225.19,9753,29.4539,BG
2017269.32,9752,10.4709,LC
2017304.42,9753,28.844,BG
2017317.97,9750,4.2642,LC
2017387.79,9753,33.3474,BG
2017449.63,9751,10.5944,LC
2017474.04,9753,35.9654,BG
2017478.45,9752,5.0264,LC
2017558.72,9753,34.2041,BG
2017631.52,9750,5.8088,LC
2017635.75,9751,4.1599,LC
2017645.14,9753,35.9714,BG
2017657.51,9750,6.2401,LC
2017657.62,9752,8.1022,LC
2017685.52,9751,8.6825,LC
2017706.72,9752,8.005,LC
2017728.11,9753,32.7877,BG
2017728.27,9750,4.2683,LC
2017741.84,9751,4.1956,LC
2017760.93,9752,8.2766,LC
2017778.11,9750,7.9032,LC
2017790.2,9751,10.3376,LC
2017790.36,9752,9.0636,LC
2017812.83,9750,4.3462,LC
2017813.14,9752,8.0156,LC
2017815.78,9750,4.5549,LC
2017815.85,9751,7.5843,LC
2017817.03,9753,38.6223,BG
2017845.08,9751,5.2743,LC
2017850.16,9752,3.8551,LC
2017854.59,9750,4.0328,LC
2017886.07,9751,15.5504,LC
2017888.08,9752,13.5282,LC
2017890.27,9750,4.2717,LC
2017903.62,9753,36.379,BG
2017903.8,9751,4.0844,LC
2017909.17,9752,4.1234,LC
2017958.51,9750,11.8281,LC
2017958.61,9751,8.9083,LC
2017968.24,9752,5.0009,LC
2017970.34,9750,4.1542,LC
2017976.27,9751,4.3304,LC
2017982.84,9752,8.1659,LC
2017983.39,9750,6.796,LC
2017989.8,9751,3.9657,LC
2017993.41,9753,39.1229,BG
2018000.2,9750,3.9592,LC
2018005.03,9752,4.4255,LC
2018015.29,9751,5.106,LC
2018029.06,9750,7.1925,LC
2018038.37,9752,7.1224,LC
2018069.89,9751,4.2463,LC
2018077.26,9753,33.5867,BG
2018118.3,9750,10.1304,LC
2018122.95,9752,6.4767,LC
2018153.38,9751,4.1475,LC
2018158.18,9753,30.4299,BG
2018163.09,9750,4.0839,LC
2018195.45,9752,10.9742,LC
2018214.77,9751,9.3101,LC
2018225.42,9750,6.0324,LC
2018239.11,9752,4.0041,LC
2018242.13,9751,3.9451,LC
2018242.49,9753,34.0614,BG
2018251.86,9750,3.9823,LC
2018310.36,9752,9.7848,LC
2018315.49,9751,8.1766,LC
2018328.25,9753,35.114,BG
2018359.51,9750,10.1625,LC
2018364.82,9751,9.1718,LC
2018364.97,9752,10.7945,LC
2018409.15,9753,30.8332,BG
2018410.05,9750,3.9917,LC
2018451.77,9751,12.4026,LC
2018454.74,9752,7.7801,LC
2018458.76,9750,10.2269,LC
2018464.1,9751,6.2411,LC
2018469.25,9752,4.7393,LC
2018479.69,9750,4.0363,LC
2018486.11,9753,26.7815,BG
2018490.42,9751,4.0718,LC
2018514.03,9752,6.3715,LC
2018525.09,9750,4.4634,LC
2018534.57,9751,4.5419,LC
2018539.7,9752,4.1318,LC
2018544.29,9750,5.9566,LC
2018546.47,9751,5.108,LC
2018551.07,9752,3.8891,LC
2018562.88,9750,4.2348,LC
2018564.46,9753,27.8286,BG
2018628.7,9751,8.0085,LC
2018648.69,9753,33.9327,BG
2018696.27,9752,10.2351,LC
2018726.65,9753,27.7209,BG
2018736.7,9750,5.3692,LC
2018736.76,9751,4.5093,LC
2018746.42,9752,4.3738,LC
2018749.35,9751,4.18,LC
2018758.42,9750,4.2698,LC
2018798.27,9752,4.1536,LC
2018806.88,9753,29.7332,BG
2018816.16,9751,5.2328,LC
2018835.48,9750,4.3051,LC
2018853.44,9752,5.458,LC
2018873.22,9751,6.0217,LC
2018878.9,9750,4.2551,LC
2018883.71,9752,3.971,LC
2018886.71,9753,29.6903,BG
2018890.34,9751,4.3414,LC
2018920.86,9750,5.7915,LC
2018971.66,9753,34.5992,BG
2018979.71,9752,6.056,LC
2019002.87,9750,9.0441,LC
2019003.4,9751,12.2798,LC
2019020.16,9752,8.9193,LC
2019047.31,9753,25.2462,BG
2019051.8,9750,3.9261,LC
2019057.48,9751,4.3819,LC
2019062.82,9752,4.0049,LC
2019093.1,9750,10.7768,LC
2019095.1,9751,11.3563,LC
2019096.74,9752,8.4085,LC
2019106.77,9750,4.3907,LC
2019110.31,9751,3.9122,LC
2019119.19,9750,3.9999,LC
2019125.87,9753,28.3146,BG
2019165.54,9752,4.3422,LC
2019167.85,9751,4.1474,LC
2019175.94,9750,4.0475,LC
2019200.18,9753,24.0612,BG
2019214.65,9752,4.4837,LC
2019260.51,9751,4.1872,LC
2019265.09,9750,4.4552,LC
2019271.91,9752,4.0456,LC
2019284.7,9753,34.3137,BG
2019286.3,9751,4.1825,LC
2019311.52,9750,4.2819,LC
2019346.63,9752,3.9633,LC
2019359.17,9753,24.3063,BG
2019367.71,9751,3.9619,LC
2019373.97,9750,3.9406,LC
2019418.78,9752,11.9003,LC
2019428.16,9751,8.9104,LC
2019431.36,9750,7.1363,LC
2019446.54,9753,36.2257,BG
2019451.03,9752,4.1395,LC
2019452.46,9751,4.0806,LC
2019493.71,9750,8.7807,LC
2019524.85,9753,28.0784,BG
2019585.18,9752,13.2583,LC
2019595.14,9751,15.3325,LC
2019598.92,9752,9.7395,LC
2019599.11,9750,9.8519,LC
2019601.35,9751,4.2288,LC
2019606.19,9753,30.8547,BG
2019676.37,9750,6.5837,LC
2019695.48,9753,39.2123,BG
2019745.56,9752,8.3345,LC
2019775.6,9751,4.2118,LC
2019776.3,9753,30.7445,BG
2019812.22,9750,8.7201,LC
2019852.69,9752,7.6949,LC
2019868.19,9753,39.2966,BG
2019897.65,9751,6.6473,LC
2019952.31,9753,33.6904,BG
2019967.07,9750,5.5072,LC
2019972.08,9752,5.4385,LC
2020010.45,9750,11.5856,LC
2020036.88,9753,33.7025,BG
2020121.34,9753,33.8011,BG
2020206.09,9753,34.219,BG
2020218.21,9751,5.0344,LC
2020282.57,9752,4.1484,LC
2020287.94,9753,31.5896,BG
2020333.49,9750,10.4297,LC
2020367.42,9753,29.2698,BG
2020370.35,9751,4.3661,LC
2020402.4,9752,10.1167,LC
2020415.53,9750,8.004,LC
2020435.06,9751,4.326,LC
2020444.33,9753,26.3812,BG
2020483.32,9752,10.3729,LC
2020529.32,9753,34.4198,BG
2020608.75,9750,12.1644,LC
2020610.44,9751,9.2784,LC
2020617.51,9753,37.9281,BG
2020692.71,9752,5.2555,LC
2020702.21,9753,33.9236,BG
2020708.18,9750,4.7507,LC
2020729.42,9751,6.1359,LC
2020746.27,9752,9.1786,LC
2020779.73,9753,27.2673,BG
2020838.44,9750,10.6892,LC
2020864.73,9753,33.5223,BG
2020937.7,9751,4.8595,LC
2020948.65,9752,5.951,LC
2020951.33,9753,36.3296,BG
2021020.73,9750,8.0705,LC
2021035.31,9753,33.5759,BG
2021056.28,9751,5.9866,LC
2021107.22,9752,12.3087,LC
2021108.59,9750,11.3094,LC
2021117.63,9753,32.1015,BG
2021152.8,9751,7.8317,LC
2021199.71,9753,31.8104,BG
2021272.29,9752,6.3894,LC
2021288.18,9753,38.1765,BG
2021315.64,9750,7.9764,LC
2021340.04,9751,9.2631,LC
2021369.06,9753,29.4487,BG
2021448.13,9752,7.3962,LC
2021458.97,9753,39.4941,BG
2021545.6,9753,36.353,BG
2021574.43,9750,8.8693,LC
2021631.37,9753,35.4909,BG
2021640.22,9751,3.9252,LC
2021721.3,9753,39.5905,BG
2021746.27,9752,9.1217,LC
2021799.87,9753,28.2928,BG
2021834.67,9750,8.8543,LC
2021839.74,9751,7.2816,LC
2021842.47,9752,5.9577,LC
2021877.9,9753,27.6282,BG
2021883.21,9750,3.9612,LC
2021889.18,9751,3.9678,LC
2021933.98,9752,9.4764,LC
2021958.16,9753,29.9849,BG
2022028.84,9750,4.3307,LC
2022036.24,9753,27.9389,BG
2022048.78,9751,5.5184,LC
2022081.71,9752,13.0679,LC
2022083.15,9750,12.3692,LC
2022115.56,9753,29.136,BG
2022158.86,9751,6.8609,LC
2022197.3,9753,31.4387,BG
2022217.79,9752,6.3022,LC
2022266.53,9750,7.2712,LC
2022287.86,9753,40.3898,BG
2022355.56,9751,11.868,LC
2022376.47,9753,38.3959,BG
2022419.92,9752,11.0196,LC
2022456.17,9753,29.4827,BG
2022468.09,9750,4.046,LC
2022531.16,9751,6.1402,LC
2022544.44,9753,37.8786,BG
2022563.55,9752,6.3199,LC
2022627.96,9753,33.0783,BG
2022710.49,9753,32.2401,BG
2022750.09,9750,10.5645,LC
2022756.88,9751,7.1548,LC
2022789.48,9753,28.6929,BG
2022812.05,9752,4.1737,LC
2022874.46,9753,34.4586,BG
2022878.82,9750,5.3752,LC
2022886.62,9751,4.4648,LC
2022940.89,9752,7.2285,LC
2022964.21,9753,39.3814,BG
2022969.89,9750,4.2287,LC
2023012.89,9751,10.398,LC
2023042.25,9753,27.5621,BG
2023125.4,9753,32.8509,BG
2023209.18,9753,33.293,BG
2023266.3,9752,10.0824,LC
2023271.74,9750,7.5962,LC
2023289.99,9753,30.4564,BG
2023316.41,9751,9.534,LC
2023353.73,9752,7.3725,LC
2023369.61,9750,4.4911,LC
2023373.64,9753,33.1706,BG
2023457.57,9753,33.6125,BG
2023483.83,9751,8.6061,LC
2023530.53,9752,7.6092,LC
2023541.83,9753,33.6771,BG
2023557.68,9750,6.8113,LC
2023562.31,9751,6.699,LC
2023626.54,9753,34.4467,BG
2023711.75,9753,34.3948,BG
2023712.2,9752,5.3012,LC
2023715.1,9750,4.5635,LC
2023732.26,9751,6.7462,LC
2023794.94,9753,33.4673,BG
2023825.76,9752,8.8606,LC
2023837.65,9750,7.9693,LC
2023851.16,9751,8.9112,LC
2023855.51,9752,5.9711,LC
2023872.97,9753,27.688,BG
2023960.6,9753,36.5284,BG
2024043.62,9753,32.8003,BG
2024120.65,9753,26.5835,BG
2024139.9,9751,5.9731,LC
2024203.3,9753,32.482,BG
2024278.28,9753,24.7706,BG
2024353.11,9753,24.6834,BG
2024397.36,9750,6.442,LC
2024412.33,9752,10.9251,LC
2024417.65,9751,9.8789,LC
2024438.4,9753,35.0092,BG
2024496.76,9750,10.2832,LC
2024508.87,9752,6.7859,LC
2024522.88,9753,32.1066,BG
2024610.62,9753,37.2722,BG
2024638.44,9751,4.3448,LC
2024698.89,9750,6.4246,LC
2024700.99,9753,40.3045,BG
2024762.11,9752,7.4237,LC
2024789.1,9753,37.6245,BG
2024857.11,9751,9.2577,LC
2024886.64,9753,47.2882,BG
2024942.36,9750,10.0616,LC
2024986.91,9752,12.0893,LC
2025006.76,9753,69.1656,BG
2025097.56,9753,40.5311,BG
2025141.62,9751,9.7567,LC
2025155.33,9750,4.768,LC
2025171.37,9752,4.1658,LC
2025175.05,9753,27.0875,BG
2025202.23,9751,9.7953,LC
2025227.23,9750,12.3626,LC
2025229.38,9752,7.3076,LC
2025252.23,9753,27.1694,BG
2025260.54,9751,3.8877,LC
2025279.44,9750,4.0977,LC
2025297.12,9752,4.2135,LC
2025309.44,9751,3.886,LC
2025329.94,9753,27.6173,BG
2025365.75,9750,4.2597,LC
2025394.85,9752,6.8311,LC
2025395.96,9751,5.6589,LC
2025412.31,9753,32.1564,BG
2025418.45,9750,3.9525,LC
2025425.0,9752,3.936,LC
2025460.73,9751,7.7981,LC
2025484.97,9750,3.9522,LC
2025491.33,9753,28.9879,BG
2025501.93,9752,6.8094,LC
2025528.77,9751,6.609,LC
2025539.57,9750,7.2945,LC
2025541.63,9752,5.4127,LC
2025557.73,9751,4.4377,LC
2025567.14,9750,4.3136,LC
2025568.28,9752,3.8764,LC
2025573.07,9753,31.275,BG
2025621.12,9751,8.4753,LC
2025628.96,9750,7.7625,LC
2025643.76,9752,10.1981,LC
2025663.54,9753,39.9623,BG
2025694.58,9751,7.1508,LC
2025707.21,9750,7.8732,LC
2025731.29,9752,5.5136,LC
2025736.18,9751,4.8633,LC
2025739.12,9750,4.8185,LC
2025750.52,9753,37.0186,BG
2025759.37,9751,4.1516,LC
2025779.12,9752,6.523,LC
2025797.63,9750,7.2917,LC
2025809.88,9751,6.9785,LC
2025830.15,9753,29.2103,BG
2025842.63,9752,4.2394,LC
2025865.19,9751,7.0336,LC
2025865.46,9750,13.1871,LC
2025866.44,9752,6.6934,LC
2025909.72,9753,29.3054,BG
2025921.59,9751,3.8747,LC
2025928.03,9750,3.9988,LC
2025940.72,9752,5.717,LC
2025989.05,9751,4.5561,LC
2025991.56,9750,4.2431,LC
2025993.7,9753,33.7778,BG
2025998.99,9752,3.9658,LC
2026004.62,9751,4.4282,LC
2026053.93,9752,9.3832,LC
2026054.07,9750,15.2391,LC
2026056.64,9751,12.527,LC
2026076.2,9753,32.3915,BG
2026112.43,9752,6.9623,LC
2026148.59,9750,16.5501,LC
2026149.18,9751,15.1985,LC
2026151.24,9752,5.8371,LC
2026167.18,9753,40.4565,BG
2026196.55,9750,4.808,LC
2026224.12,9751,6.9663,LC
2026246.58,9753,28.2214,BG
2026249.85,9752,3.963,LC
2026260.47,9750,3.9318,LC
2026305.14,9751,11.4436,LC
2026311.63,9752,6.0053,LC
2026328.72,9753,31.3928,BG
2026335.18,9750,4.3072,LC
2026384.38,9751,10.9414,LC
2026397.64,9752,11.1244,LC
2026397.71,9750,8.4906,LC
2026410.82,9753,31.6473,BG
2026462.71,9751,12.0914,LC
2026466.68,9752,11.0729,LC
2026470.72,9750,7.9118,LC
2026491.48,9753,30.3339,BG
2026499.16,9751,4.025,LC
2026505.36,9752,4.3051,LC
2026540.12,9750,10.2143,LC
2026557.3,9751,6.0666,LC
2026570.74,9753,28.8054,BG
2026576.95,9752,4.1098,LC
2026584.1,9750,3.9921,LC
2026584.83,9751,4.4459,LC
2026609.63,9752,9.7472,LC
2026630.38,9750,11.1008,LC
2026634.79,9751,7.3711,LC
2026646.1,9752,5.258,LC
2026649.47,9750,3.9142,LC
2026661.27,9753,40.0946,BG
2026668.37,9751,3.9137,LC
2026703.75,9752,11.0433,LC
2026710.88,9750,7.1107,LC
2026727.7,9751,7.0343,LC
2026737.52,9752,4.2947,LC
2026742.82,9753,31.2222,BG
2026776.15,9750,9.9275,LC
2026779.77,9751,8.7915,LC
2026792.01,9752,7.1013,LC
2026820.45,9750,4.9885,LC
2026821.13,9753,28.1063,BG
2026828.96,9751,3.8637,LC
2026839.13,9752,4.2428,LC
2026848.09,9750,4.355,LC
2026892.96,9751,4.277,LC
2026903.91,9753,32.5895,BG
2026904.64,9752,4.1907,LC
2026919.98,9751,4.1,LC
2026920.15,9750,4.2912,LC
2026923.11,9752,4.1625,LC
2026928.63,9751,4.6767,LC
2026935.31,9750,4.6936,LC
2026989.41,9752,4.1084,LC
2026990.95,9753,36.9532,BG
2027005.68,9751,6.5737,LC
2027029.19,9750,10.449,LC
2027078.99,9753,37.5886,BG
2027094.59,9752,5.5618,LC
2027103.4,9751,9.7896,LC
2027105.68,9750,9.2252,LC
2027148.45,9752,7.2436,LC
2027165.37,9753,35.9114,BG
2027171.21,9751,4.3287,LC
2027193.85,9750,7.9467,LC
2027226.31,9751,15.097,LC
2027226.93,9750,13.1784,LC
2027226.99,9752,11.3365,LC
2027227.06,9752,7.282,LC
2027238.76,9751,4.4288,LC
2027245.82,9750,5.5916,LC
2027255.93,9753,29.2295,BG
2027260.48,9752,3.9791,LC
2027269.68,9751,4.2092,LC
2027299.89,9750,9.1781,LC
2027332.09,9752,6.0818,LC
2027340.51,9753,34.2233,BG
2027353.27,9751,5.8396,LC
2027398.04,9750,14.2414,LC
2027408.15,9752,7.5496,LC
2027416.56,9751,4.8545,LC
2027426.29,9753,35.0706,BG
2027438.17,9750,4.5905,LC
2027442.23,9752,4.3362,LC
2027446.68,9751,4.2205,LC
2027491.64,9750,7.1252,LC
2027511.37,9753,34.6772,BG
2027585.54,9752,7.1086,LC
2027592.26,9750,11.9932,LC
2027592.65,9751,13.1037,LC
2027603.88,9753,42.1594,BG
2027633.0,9752,7.3452,LC
2027636.15,9751,7.0402,LC
2027642.66,9750,5.4608,LC
2027648.54,9752,5.3153,LC
2027680.26,9753,25.8087,BG
2027684.68,9751,3.9552,LC
2027699.5,9750,4.5074,LC
2027736.28,9752,12.2014,LC
2027763.25,9753,32.1116,BG
2027775.25,9751,5.0885,LC
2027802.21,9750,10.04,LC
2027845.38,9753,31.7575,BG
2027940.1,9753,44.2231,BG
2027975.14,9752,9.931,LC
2028007.86,9751,5.7682,LC
2028017.16,9750,4.1835,LC
2028022.67,9753,32.4332,BG
2028092.57,9752,6.4161,LC
2028108.96,9753,35.7285,BG
2028161.42,9751,9.5979,LC
2028195.71,9753,36.3263,BG
2028281.61,9753,35.7619,BG
2028336.71,9750,8.7599,LC
2028361.48,9753,29.1349,BG
2028400.68,9752,9.9328,LC
2028439.99,9753,28.1809,BG
2028526.12,9753,35.0249,BG
2028526.27,9751,4.604,LC
2028547.66,9750,5.6116,LC
2028612.08,9753,35.4554,BG
2028680.52,9752,7.0091,LC
2028693.72,9751,7.9079,LC
2028704.3,9753,42.059,BG
2028751.31,9750,7.5741,LC
2028768.63,9752,5.2011,LC
2028783.45,9751,6.421,LC
2028793.26,9753,38.5203,BG
2028847.52,9750,12.6246,LC
2028850.2,9752,10.4457,LC
2028875.7,9753,31.4465,BG
2028916.98,9751,9.8545,LC
2028917.33,9750,8.936,LC
2028940.81,9752,6.685,LC
2028957.14,9753,31.3295,BG
2028962.36,9751,4.0493,LC
2029043.12,9750,4.1572,LC
2029043.36,9752,4.1101,LC
2029045.66,9753,38.3198,BG
2029125.84,9751,7.2858,LC
2029142.81,9750,4.4211,LC
2029143.77,9753,47.7064,BG
2029145.6,9752,4.1225,LC
2029174.56,9751,9.4251,LC
2029220.76,9750,7.1827,LC
2029229.58,9753,35.4334,BG
2029298.73,9752,17.2012,LC
2029301.13,9751,11.8091,LC
2029316.98,9753,36.8473,BG
2029391.42,9753,24.0827,BG
2029413.28,9750,5.5449,LC
2029416.59,9752,4.4503,LC
2029447.51,9751,9.5809,LC
2029471.58,9753,29.6617,BG
2029492.35,9750,4.4025,LC
2029546.59,9753,24.7909,BG
2029562.73,9752,5.4331,LC
2029597.1,9751,8.1127,LC
2029611.23,9750,5.3046,LC
2029628.91,9753,31.2244,BG
2029637.24,9752,4.3364,LC
2029688.27,9751,11.2758,LC
2029697.39,9750,7.7585,LC
2029715.15,9753,35.95,BG
2029717.05,9752,4.6359,LC
2029767.29,9751,5.6883,LC
2029784.02,9751,5.0673,LC
2029795.12,9753,28.9489,BG
2029825.37,9752,8.053,LC
2029833.94,9750,6.737,LC
2029842.97,9751,6.6475,LC
2029873.82,9753,28.5593,BG
2029874.74,9752,3.9705,LC
2029952.77,9750,8.1161,LC
2029963.27,9753,39.0866,BG
2030048.69,9753,34.3171,BG
2030049.66,9751,4.0144,LC
2030103.21,9752,6.8781,LC
2030131.58,9753,32.5903,BG
2030166.26,9750,6.2858,LC
2030211.5,9751,12.057,LC
2030213.08,9752,9.5247,LC
2030220.16,9753,38.1724,BG
2030298.18,9750,4.0585,LC
2030306.05,9753,35.1295,BG
2030389.11,9753,32.9405,BG
2030392.52,9752,4.1327,LC
2030471.12,9753,31.5351,BG
2030523.51,9751,10.792,LC
2030552.41,9753,31.2025,BG
2030571.66,9750,6.0618,LC
2030634.2,9752,4.0171,LC
2030638.28,9753,35.5552,BG
2030657.71,9751,5.6965,LC
2030725.67,9753,36.9384,BG
2030731.23,9750,6.3313,LC
2030782.08,9752,7.301,LC
2030792.76,9751,4.2757,LC
2030797.14,9750,4.5719,LC
2030807.33,9752,4.5942,LC
2030809.09,9751,4.2959,LC
2030811.67,9750,4.3212,LC
2030831.24,9752,6.6642,LC
2030851.36,9753,70.8901,BG
2030859.25,9751,5.1071,LC
2030893.78,9750,5.2265,LC
2030897.8,9752,5.5361,LC
2030902.07,9751,4.0749,LC
2030925.19,9753,23.0356,BG
2030933.07,9750,4.4774,LC
2030938.51,9752,4.3877,LC
2030954.21,9751,6.2303,LC
2030966.12,9750,7.0674,LC
2030971.42,9752,5.3224,LC
2030973.12,9750,4.8318,LC
2030980.81,9751,3.9682,LC
2030999.6,9753,24.2115,BG
2031032.66,9752,11.3688,LC
2031036.81,9750,8.0908,LC
2031039.21,9751,8.5179,LC
2031062.06,9752,4.2916,LC
2031070.6,9750,4.129,LC
2031076.38,9753,26.4175,BG
2031079.13,9751,6.3133,LC
2031079.46,9752,5.1527,LC
2031140.53,9750,10.1083,LC
2031149.76,9751,6.5269,LC
2031162.16,9753,35.3789,BG
2031218.87,9752,9.595,LC
2031231.61,9750,6.5843,LC
2031246.02,9753,33.4142,BG
2031256.1,9751,4.4843,LC
2031257.05,9752,4.2638,LC
2031331.35,9753,34.4017,BG
2031333.3,9750,4.1772,LC
2031341.34,9751,4.0373,LC
2031395.99,9752,9.6889,LC
2031406.98,9750,6.4549,LC
2031416.12,9751,6.1663,LC
2031416.78,9752,4.4968,LC
2031418.81,9753,37.1433,BG
2031441.86,9750,4.6725,LC
2031443.89,9751,4.1516,LC
2031486.71,9752,6.4605,LC
2031500.64,9753,31.5255,BG
2031505.34,9750,4.6368,LC
2031506.82,9751,4.1211,LC
2031533.19,9752,7.3335,LC
2031552.91,9750,9.096,LC
2031557.89,9751,7.4473,LC
2031578.91,9752,4.0628,LC
2031582.2,9753,29.8612,BG
2031610.48,9750,10.5542,LC
2031613.1,9751,9.3411,LC
2031619.52,9752,5.7537,LC
2031643.13,9750,8.9285,LC
2031647.11,9751,7.3955,LC
2031649.52,9752,4.4663,LC
2031663.65,9753,31.3212,BG
2031669.31,9750,3.9709,LC
2031689.73,9751,7.6878,LC
2031724.45,9752,11.8322,LC
2031724.89,9750,10.8058,LC
2031727.87,9751,10.6344,LC
2031738.85,9752,4.1791,LC
2031750.14,9753,35.7652,BG
2031761.91,9750,5.7902,LC
2031781.16,9751,4.0865,LC
2031788.8,9752,4.1082,LC
2031797.18,9750,4.3847,LC
2031823.22,9753,22.962,BG
2031898.13,9752,13.2258,LC
2031898.19,9750,8.3186,LC
2031900.88,9751,13.4835,LC
2031901.25,9751,5.9811,LC
2031911.77,9752,4.2549,LC
2031914.6,9750,4.3088,LC
2031917.14,9751,4.156,LC
2031922.37,9753,48.8991,BG
2031974.68,9750,10.0144,LC
2031988.54,9752,4.6228,LC
2032000.57,9753,27.3511,BG
2032061.52,9751,7.9396,LC
2032083.22,9750,8.2899,LC
2032084.06,9753,33.2497,BG
2032085.87,9752,6.5411,LC
2032086.63,9751,5.4669,LC
2032090.8,9750,4.0896,LC
2032110.32,9751,7.9092,LC
2032112.94,9752,6.3017,LC
2032143.55,9750,8.0795,LC
2032151.87,9751,6.258,LC
2032154.92,9752,4.7232,LC
2032168.16,9753,33.7499,BG
2032179.64,9750,4.1711,LC
2032237.24,9751,6.7247,LC
2032253.98,9753,35.101,BG
2032270.23,9752,5.3477,LC
2032297.33,9750,9.6918,LC
2032317.32,9751,6.9783,LC
2032333.82,9753,29.6087,BG
2032356.71,9752,6.5601,LC
2032416.26,9753,32.1519,BG
2032489.94,9750,4.2953,LC
2032497.13,9753,30.5388,BG
2032552.0,9751,10.4799,LC
2032554.31,9752,11.307,LC
2032570.74,9750,4.0064,LC
2032580.36,9753,33.0409,BG
2032602.05,9751,3.9083,LC
2032632.3,9752,10.5333,LC
2032664.96,9753,34.3418,BG
2032693.43,9750,9.775,LC
2032736.6,9751,5.7891,LC
2032747.47,9753,32.1463,BG
2032771.5,9752,7.4595,LC
2032814.19,9750,6.4344,LC
2032818.93,9751,4.5454,LC
2032825.81,9752,4.4291,LC
2032833.38,9750,3.941,LC
2032838.46,9753,41.0211,BG
2032840.97,9751,4.1769,LC
2032865.95,9752,7.7482,LC
2032921.31,9753,32.5238,BG
2032970.46,9750,8.3465,LC
2033000.99,9753,29.284,BG
2033011.07,9751,4.33,LC
2033025.72,9752,4.4265,LC
2033069.43,9750,4.1679,LC
2033081.98,9753,30.6487,BG
2033167.14,9753,34.775,BG
2033224.44,9751,8.34,LC
2033251.13,9753,34.0129,BG
2033286.85,9752,10.5634,LC
2033333.31,9753,31.6374,BG
2033354.78,9750,5.8752,LC
2033378.28,9751,10.2927,LC
2033414.73,9753,30.9034,BG
2033420.64,9752,4.168,LC
2033474.85,9750,11.913,LC
2033489.15,9751,5.1979,LC
2033491.63,9752,4.4775,LC
2033497.68,9753,32.3665,BG
2033503.94,9750,4.2898,LC
2033533.5,9751,4.3353,LC
2033572.49,9752,4.1522,LC
2033573.88,9753,24.8188,BG
2033639.41,9750,8.5527,LC
2033659.34,9753,34.936,BG
2033682.55,9751,9.6508,LC
2033686.7,9752,10.3763,LC
2033690.86,9750,6.6121,LC
2033710.04,9751,8.6525,LC
2033734.18,9753,24.73,BG
2033811.12,9752,6.5595,LC
2033822.77,9750,4.0621,LC
2033823.09,9753,38.3904,BG
2033841.59,9751,6.1896,LC
2033862.86,9752,8.0355,LC
2033901.05,9750,6.8751,LC
2033908.13,9753,34.7772,BG
2033919.08,9751,5.1814,LC
2033940.47,9752,8.3313,LC
2033991.54,9753,32.7292,BG
2033998.31,9750,4.2145,LC
2034010.29,9751,4.3089,LC
2034011.45,9752,4.1121,LC
2034050.12,9750,13.4778,LC
2034072.61,9753,30.9421,BG
2034156.93,9753,34.017,BG
2034238.04,9753,30.1767,BG
2034311.55,9751,4.2754,LC
2034321.71,9753,33.5278,BG
2034353.46,9752,6.8417,LC
2034372.31,9750,7.3256,LC
2034390.27,9751,6.3575,LC
2034402.35,9753,30.6677,BG
2034440.64,9752,7.2748,LC
2034479.99,9753,27.2382,BG
2034481.27,9750,4.345,LC
2034490.5,9751,4.0988,LC
2034552.59,9752,5.9976,LC
2034564.45,9753,33.8684,BG
2034588.61,9750,4.6042,LC
2034626.66,9751,9.7132,LC
2034650.41,9753,35.7045,BG
2034736.47,9753,35.4331,BG
2034814.22,9753,27.4401,BG
2034836.84,9752,8.1837,LC
2034906.6,9753,41.4164,BG
2034994.85,9753,37.7139,BG
2035062.45,9750,15.9542,LC
2035067.92,9751,13.4663,LC
2035081.79,9753,36.1486,BG
2035165.16,9753,32.8329,BG
2035186.91,9752,6.4305,LC
2035190.14,9750,5.6169,LC
2035200.63,9751,7.4846,LC
2035238.59,9752,4.205,LC
2035251.13,9753,35.6014,BG
2035254.09,9750,5.551,LC
2035317.95,9751,7.4148,LC
2035339.92,9752,3.9009,LC
2035341.11,9753,39.1018,BG
2035354.13,9750,5.8325,LC
2035423.84,9753,32.3024,BG
2035442.86,9751,5.6353,LC
2035471.14,9752,8.7756,LC
2035500.69,9753,26.5961,BG
2035516.75,9750,5.4026,LC
2035577.42,9751,7.7079,LC
2035592.78,9753,41.756,BG
2035610.37,9752,3.9927,LC
2035657.53,9750,6.9706,LC
2035678.23,9753,35.3066,BG
2035692.24,9751,4.9865,LC
2035764.05,9753,35.5246,BG
2035854.3,9753,39.6726,BG
2035891.54,9752,9.9473,LC
2035903.52,9750,7.5139,LC
2035919.37,9751,6.6675,LC
2035934.15,9753,29.6601,BG
2035965.47,9752,7.8143,LC
2036020.27,9753,35.6415,BG
2036048.19,9750,9.0898,LC
2036105.71,9753,35.2797,BG
2036107.47,9751,4.4776,LC
2036189.37,9753,33.32,BG
2036261.82,9752,5.4001,LC
2036274.46,9753,34.7909,BG
2036302.29,9750,9.24,LC
2036364.56,9753,39.8999,BG
2036368.67,9751,4.3831,LC
2036451.38,9753,36.4159,BG
2036506.57,9752,9.9395,LC
2036536.19,9753,33.2921,BG
2036620.58,9753,33.8641,BG
2036627.91,9750,3.934,LC
2036647.16,9751,6.1488,LC
2036651.78,9752,3.9464,LC
2036667.6,9750,4.7049,LC
2036670.57,9751,4.7345,LC
2036692.54,9752,4.3794,LC
2036693.61,9753,22.9442,BG
2036739.6,9750,10.7085,LC
2036770.9,9753,27.014,BG
2036843.34,9751,4.7916,LC
2036854.23,9753,33.1692,BG
2036922.1,9752,6.6341,LC
2036943.13,9753,38.4753,BG
2036987.05,9750,10.4479,LC
2037004.28,9751,8.445,LC
2037018.08,9752,4.3122,LC
2037024.94,9753,31.5824,BG
2037108.42,9750,4.4208,LC
2037110.04,9753,34.7447,BG
2037117.9,9751,4.3047,LC
2037132.41,9752,5.1853,LC
2037193.45,9753,33.2281,BG
2037234.74,9750,8.4781,LC
2037275.27,9753,31.6577,BG
2037360.24,9753,34.4627,BG
2037361.49,9751,4.495,LC
2037380.56,9752,5.5543,LC
2037442.24,9750,6.6609,LC
2037450.93,9753,40.4674,BG
2037497.31,9751,9.5615,LC
2037534.22,9753,32.9001,BG
2037609.06,9752,6.8503,LC
2037619.08,9750,5.112,LC
2037625.11,9753,39.6611,BG
2037707.17,9751,5.8287,LC
2037709.31,9752,4.2609,LC
2037712.9,9753,37.4233,BG
2037799.42,9753,36.0816,BG
2037881.82,9753,32.1111,BG
2037891.9,9750,4.3836,LC
2037934.54,9751,9.3858,LC
2037943.6,9752,7.0177,LC
2037951.38,9750,6.1012,LC
2037964.7,9753,32.3441,BG
2038049.71,9753,34.7492,BG
2038074.08,9751,6.8084,LC
2038113.33,9752,6.4272,LC
2038119.43,9750,4.8335,LC
2038122.14,9751,3.965,LC
2038132.09,9753,32.2554,BG
2038144.19,9750,4.2586,LC
2038189.35,9752,11.0244,LC
2038214.87,9753,31.6296,BG
2038278.27,9751,8.6211,LC
2038302.9,9753,37.4345,BG
2038336.91,9750,9.3715,LC
2038345.24,9752,6.8171,LC
2038370.0,9751,6.5645,LC
2038384.19,9753,30.9984,BG
2038409.74,9750,7.4959,LC
2038423.31,9752,6.9144,LC
2038450.46,9751,4.8613,LC
2038466.6,9753,31.9196,BG
2038549.16,9753,32.2848,BG
2038576.88,9750,8.6113,LC
2038628.28,9753,29.0822,BG
2038651.97,9752,6.6324,LC
2038684.27,9751,5.7949,LC
2038696.56,9750,4.2163,LC
2038703.55,9753,25.1276,BG
2038768.7,9752,6.9527,LC
2038785.23,9753,31.1694,BG
2038868.73,9753,33.2916,BG
2038951.25,9753,32.4144,BG
2038952.87,9751,4.23,LC
2038955.99,9750,4.4204,LC
2038968.94,9752,5.52,LC
2038970.29,9751,4.7517,LC
2039032.38,9753,30.9842,BG
2039101.18,9750,8.5207,LC
2039121.07,9753,38.1429,BG
2039211.64,9753,40.1675,BG
2039257.34,9752,10.4454,LC
2039290.89,9753,29.0539,BG
2039314.1,9751,8.141,LC
2039358.93,9750,7.949,LC
2039379.29,9753,38.1521,BG
2039382.19,9752,4.227,LC
2039396.11,9751,6.7813,LC
2039441.97,9750,9.909,LC
2039465.09,9753,35.467,BG
2039505.23,9752,10.0376,LC
2039553.04,9753,37.6345,BG
2039638.11,9753,34.5181,BG
2039660.39,9751,6.2009,LC
2039701.15,9750,14.8996,LC
2039703.67,9752,7.389,LC
2039718.67,9753,30.2528,BG
2039734.6,9751,4.8402,LC
2039740.24,9750,4.1722,LC
2039745.68,9752,4.4902,LC
2039783.6,9751,7.9094,LC
2039801.08,9753,32.0558,BG
2039844.33,9750,6.6442,LC
2039861.3,9752,3.9464,LC
2039868.07,9751,3.995,LC
2039875.98,9753,24.713,BG
2039883.19,9750,3.9441,LC
2039961.81,9753,35.4922,BG
2039964.23,9752,4.4329,LC
2039976.42,9751,6.3318,LC
2039996.63,9750,7.9826,LC
2040025.76,9751,7.299,LC
2040029.49,9750,9.1369,LC
2040029.58,9752,11.9739,LC
2040035.65,9751,4.0112,LC
2040053.32,9752,4.0043,LC
2040053.42,9753,36.1081,BG
2040136.36,9753,32.7285,BG
2040176.58,9750,10.471,LC
2040182.73,9751,7.851,LC
2040213.93,9752,3.9814,LC
2040215.24,9753,28.7577,BG
2040266.08,9750,10.3273,LC
2040285.31,9751,4.5914,LC
2040299.33,9753,33.6223,BG
2040366.66,9752,7.6969,LC
2040382.37,9753,32.6934,BG
2040391.82,9750,4.4583,LC
2040463.99,9753,31.4023,BG
2040512.22,9751,8.9703,LC
2040544.97,9753,30.4236,BG
2040624.49,9752,4.1033,LC
2040629.15,9753,34.1472,BG
2040720.96,9753,41.3425,BG
2040808.35,9753,36.9559,BG
2040877.08,9750,8.6895,LC
2040900.55,9753,41.6606,BG
2040966.89,9751,8.1386,LC
2040985.16,9753,34.2509,BG
2040992.57,9752,4.0674,LC
2041066.41,9753,31.0606,BG
2041092.1,9750,10.4403,LC
2041096.25,9751,8.0963,LC
2041116.59,9752,9.4633,LC
2041135.46,9750,5.7678,LC
2041135.59,9751,5.7185,LC
2041147.73,9752,4.1874,LC
2041152.09,9753,35.4463,BG
2041152.62,9750,4.1146,LC
2041178.99,9751,9.3231,LC
2041208.32,9752,10.1202,LC
2041234.19,9753,31.9708,BG
2041237.92,9750,4.4336,LC
2041242.18,9751,3.9542,LC
2041243.38,9750,4.0874,LC
2041293.18,9752,10.6458,LC
2041296.28,9751,7.8318,LC
2041311.19,9750,8.4122,LC
2041314.1,9752,6.8093,LC
2041315.77,9751,4.6429,LC
2041321.62,9753,37.0935,BG
2041350.13,9750,8.4379,LC
2041375.77,9752,9.723,LC
2041380.29,9751,10.6029,LC
2041402.47,9753,29.3164,BG
2041415.19,9750,4.1346,LC
2041421.18,9752,4.1956,LC
2041422.63,9751,4.1541,LC
2041426.65,9750,3.8652,LC
2041436.45,9752,5.2287,LC
2041445.34,9751,5.0443,LC
2041450.01,9750,4.3008,LC
2041475.86,9753,23.2916,BG
2041521.07,9752,8.9417,LC
2041539.66,9751,4.999,LC
2041554.5,9753,28.4699,BG
2041559.97,9750,4.4283,LC
2041600.33,9752,9.0353,LC
2041618.65,9751,4.1172,LC
2041622.86,9750,3.9829,LC
2041633.43,9753,28.6081,BG
2041639.42,9752,3.8761,LC
2041656.15,9751,4.2122,LC
2041686.03,9750,9.8561,LC
2041715.16,9752,4.513,LC
2041718.72,9753,34.5237,BG
2041734.79,9751,5.78,LC
2041739.75,9750,4.2246,LC
2041749.47,9752,4.6926,LC
2041784.51,9751,7.9659,LC
2041796.22,9750,5.7135,LC
2041805.56,9752,4.1143,LC
2041808.8,9753,39.8819,BG
2041812.49,9751,4.1717,LC
2041816.51,9750,4.0624,LC
2041820.5,9751,4.1854,LC
2041821.21,9752,6.8292,LC
2041822.91,9750,4.6697,LC
2041833.85,9751,4.2096,LC
2041834.88,9752,4.0405,LC
2041842.84,9750,4.0024,LC
2041849.61,9751,3.9475,LC
2041875.39,9752,5.2545,LC
2041892.53,9753,33.4469,BG
2041893.39,9752,3.8864,LC
2041900.17,9751,3.961,LC
2041946.09,9750,7.248,LC
2041967.65,9753,24.3778,BG
2041991.37,9752,9.851,LC
2041994.5,9751,5.581,LC
2042010.17,9750,7.1644,LC
2042025.0,9752,9.2782,LC
2042029.74,9751,7.3699,LC
2042042.9,9750,4.198,LC
2042047.43,9752,4.3608,LC
2042051.38,9753,33.3873,BG
2042057.11,9751,4.5932,LC
2042058.29,9750,4.3724,LC
2042066.13,9752,4.1624,LC
2042076.07,9751,5.4293,LC
2042079.31,9750,3.9615,LC
2042083.3,9752,4.1026,LC
2042101.77,9750,6.3292,LC
2042125.34,9753,23.333,BG
2042131.64,9751,4.3717,LC
2042146.55,9752,4.0744,LC
2042184.28,9750,4.7752,LC
2042190.72,9751,4.4984,LC
2042203.67,9752,4.0274,LC
2042204.44,9753,28.9028,BG
2042223.33,9751,6.2939,LC
2042223.42,9750,5.9604,LC
2042228.14,9752,5.6154,LC
2042233.66,9751,5.1705,LC
2042238.32,9750,4.4351,LC
2042241.97,9751,4.272,LC
2042243.15,9750,4.4222,LC
2042256.0,9752,4.6652,LC
2042261.14,9751,4.2403,LC
2042271.04,9752,4.9997,LC
2042271.11,9750,6.5714,LC
2042282.4,9753,27.8644,BG
2042292.87,9751,4.0618,LC
2042328.62,9750,4.2787,LC
2042356.27,9752,5.069,LC
2042365.3,9751,4.4168,LC
2042367.51,9753,34.7903,BG
2042393.17,9750,6.3655,LC
2042417.18,9752,6.0433,LC
2042418.94,9751,5.8842,LC
2042443.96,9753,26.4184,BG
2042457.12,9750,4.4283,LC
2042484.22,9752,6.0685,LC
2042514.91,9751,6.2829,LC
2042517.53,9750,5.3716,LC
2042520.73,9753,26.5369,BG
2042527.64,9752,4.2801,LC
2042538.38,9751,4.1651,LC
2042543.84,9750,4.4734,LC
2042591.42,9752,5.444,LC
2042601.62,9753,30.4643,BG
2042638.7,9751,6.5845,LC
2042644.63,9750,6.0299,LC
2042677.09,9752,4.1939,LC
2042681.76,9753,29.9593,BG
2042684.44,9751,4.307,LC
2042687.17,9750,4.9904,LC
2042703.89,9752,4.8529,LC
2042724.5,9751,4.3167,LC
2042745.22,9750,8.077,LC
2042746.82,9752,7.5366,LC
2042752.54,9751,4.4539,LC
2042766.35,9752,6.8773,LC
2042766.6,9753,34.0046,BG
2042767.13,9750,7.7945,LC
2042777.13,9751,6.1585,LC
2042779.12,9752,5.9076,LC
2042848.5,9753,32.168,BG
2042865.55,9750,5.9644,LC
2042928.98,9751,4.5763,LC
2042931.95,9753,33.1603,BG
2042976.37,9752,7.2752,LC
2042989.08,9750,8.3245,LC
2042996.63,9751,6.887,LC
2043013.08,9753,30.71,BG
2043036.87,9752,6.8374,LC
2043041.4,9750,4.6238,LC
2043052.59,9752,6.7063,LC
2043073.97,9751,6.4621,LC
2043087.59,9750,4.1953,LC
2043091.6,9753,28.456,BG
2043160.19,9752,7.6737,LC
2043171.86,9751,6.9319,LC
2043180.39,9753,38.6888,BG
2043181.44,9750,4.0108,LC
2043237.07,9752,6.3264,LC
2043239.44,9751,4.2416,LC
2043253.47,9750,4.2236,LC
2043255.82,9753,24.942,BG
2043301.34,9752,5.6831,LC
2043311.77,9751,8.9533,LC
2043336.75,9750,4.2236,LC
2043338.32,9753,31.7324,BG
2043382.64,9752,6.5276,LC
2043393.15,9751,9.6266,LC
2043412.45,9750,7.1612,LC
2043420.99,9752,4.6518,LC
2043424.57,9751,4.2402,LC
2043425.16,9753,36.0235,BG
2043443.76,9750,7.3468,LC
2043451.45,9752,6.9391,LC
2043457.07,9751,5.5061,LC
2043459.49,9750,5.0592,LC
2043463.85,9752,4.3738,LC
2043501.39,9753,25.9445,BG
2043539.62,9751,6.1286,LC
2043579.24,9750,3.9217,LC
2043584.16,9753,32.3227,BG
2043616.91,9752,9.7414,LC
2043621.66,9751,7.0129,LC
2043668.71,9753,33.7083,BG
2043730.22,9750,8.4845,LC
2043753.93,9753,35.1911,BG
2043774.08,9752,6.0996,LC
2043805.65,9751,11.5977,LC
2043835.08,9753,30.9746,BG
2043921.14,9753,35.2597,BG
2043926.08,9750,4.4013,LC
2043964.34,9752,10.727,LC
2044000.77,9753,29.6183,BG
2044040.12,9751,7.0127,LC
2044071.92,9750,4.1697,LC
2044076.98,9753,25.9564,BG
2044160.48,9753,33.051,BG
2044230.45,9752,8.0571,LC
2044247.28,9751,4.6338,LC
2044250.28,9753,39.6029,BG
2044290.87,9750,9.7023,LC
2044325.67,9752,4.493,LC
2044332.89,9753,32.3114,BG
2044363.25,9751,9.4128,LC
2044402.24,9750,6.7246,LC
2044408.51,9752,5.7013,LC
2044417.66,9753,34.6228,BG
2044436.54,9751,5.7376,LC
2044454.21,9750,8.3847,LC
2044501.18,9753,33.2284,BG
2044502.25,9752,7.8802,LC
2044502.48,9751,7.5668,LC
2044513.37,9750,4.0106,LC
2044517.41,9752,4.1554,LC
2044584.42,9753,32.8193,BG
2044633.77,9751,8.514,LC
2044653.47,9750,6.1895,LC
2044663.53,9752,4.0646,LC
2044666.06,9753,31.4852,BG
2044732.96,9751,6.6241,LC
2044754.59,9753,37.9159,BG
2044764.72,9750,4.5663,LC
2044838.4,9753,32.9007,BG
2044839.57,9752,4.0365,LC
2044872.34,9751,10.3797,LC
2044898.16,9750,8.145,LC
2044907.19,9752,7.5588,LC
2044922.38,9753,33.7006,BG
2044924.12,9751,4.2184,LC
2044956.85,9750,8.6098,LC
2044962.79,9752,6.425,LC
2045007.31,9753,34.436,BG
2045024.14,9751,6.7026,LC
2045056.81,9750,8.9461,LC
2045084.36,9753,26.8421,BG
2045123.79,9752,6.5314,LC
2045127.51,9751,5.7968,LC
2045162.55,9753,27.6136,BG
2045252.27,9753,39.5267,BG
2045336.48,9753,33.8934,BG
2045368.54,9750,9.632,LC
2045413.86,9752,6.708,LC
2045422.96,9753,36.3114,BG
2045506.31,9751,9.7386,LC
2045506.48,9750,8.8521,LC
2045510.52,9753,36.9525,BG
2045580.36,9752,5.8561,LC
2045585.07,9751,4.6608,LC
2045599.56,9753,38.8938,BG
2045608.55,9750,4.6609,LC
2045627.42,9752,6.8176,LC
2045681.53,9751,4.0619,LC
2045681.64,9753,31.6503,BG
2045710.28,9750,8.3955,LC
2045741.12,9752,12.0398,LC
2045743.71,9751,14.2168,LC
2045744.14,9750,14.3279,LC
2045777.77,9752,4.4712,LC
2045804.91,9751,12.2864,LC
2045805.31,9750,11.3706,LC
2045822.11,9752,5.4344,LC
2045829.08,9751,5.9402,LC
2045843.43,9752,6.3019,LC
2045878.12,9753,145.8381,BG
2045937.82,9750,9.7441,LC
2045987.96,9751,4.3352,LC
2045988.06,9752,4.3366,LC
2045990.95,9750,4.3282,LC
2045991.85,9753,53.811,BG
2046002.07,9752,4.1991,LC
2046068.9,9751,10.9629,LC
2046070.39,9750,7.3981,LC
2046079.22,9753,37.0147,BG
2046111.1,9752,9.4408,LC
2046112.22,9751,9.4926,LC
2046116.26,9750,7.2727,LC
2046135.64,9752,10.6388,LC
2046159.41,9753,28.5029,BG
2046191.99,9751,7.4722,LC
2046202.85,9750,7.4572,LC
2046223.61,9752,9.0277,LC
2046238.76,9751,8.0312,LC
2046248.5,9753,39.0439,BG
2046295.23,9750,7.8327,LC
2046304.79,9752,8.2356,LC
2046305.48,9751,7.171,LC
2046325.14,9750,5.5166,LC
2046327.38,9753,28.7208,BG
2046327.98,9752,4.3635,LC
2046364.77,9751,14.2336,LC
2046366.74,9750,13.7664,LC
2046368.75,9752,7.9387,LC
2046371.62,9751,4.5806,LC
2046380.27,9750,5.0763,LC
2046383.49,9752,4.1944,LC
2046397.8,9750,3.9909,LC
2046404.1,9753,25.7777,BG
2046408.57,9751,4.263,LC
2046430.15,9752,8.379,LC
2046479.32,9750,12.4905,LC
2046481.17,9751,9.7332,LC
2046496.13,9752,4.9445,LC
2046496.23,9753,41.7979,BG
2046508.69,9750,4.842,LC
2046532.94,9751,9.1297,LC
2046608.2,9752,38.4779,LC
2046608.39,9750,37.7554,LC
2046609.14,9751,35.2847,LC
2046615.57,9753,68.9534,BG
2046619.84,9752,16.7853,LC
2046622.83,9750,9.3277,LC
2046623.59,9751,12.7638,LC
2046646.45,9752,12.2609,LC
2046660.49,9750,7.3464,LC
2046663.16,9751,7.7198,LC
2046669.16,9752,5.3508,LC
2046681.34,9750,4.0189,LC
2046685.79,9751,4.4281,LC
2046694.71,9753,29.0862,BG
2046697.38,9752,4.2663,LC
2046699.68,9750,4.0313,LC
2046764.19,9751,10.4119,LC
2046766.13,9752,7.188,LC
2046776.45,9753,31.4494,BG
2046812.23,9750,4.1101,LC
2046815.61,9751,4.083,LC
2046823.88,9750,4.128,LC
2046837.18,9752,5.3188,LC
2046839.32,9751,4.9975,LC
2046855.28,9753,28.5063,BG
2046888.52,9752,7.6445,LC
2046922.03,9750,6.1936,LC
2046931.85,9751,4.0591,LC
2046938.07,9753,32.58,BG
2046957.88,9752,8.5357,LC
2046970.32,9750,7.3679,LC
2047019.63,9753,31.4455,BG
2047020.82,9751,4.2154,LC
2047100.44,9752,6.2405,LC
2047115.42,9753,45.3945,BG
2047149.31,9750,9.2634,LC
2047183.44,9751,7.9048,LC
2047204.61,9753,39.0931,BG
2047221.66,9752,4.076,LC
2047258.15,9750,8.8635,LC
2047264.42,9751,6.8674,LC
2047282.6,9750,4.1703,LC
2047284.58,9753,29.3111,BG
2047287.02,9752,4.0663,LC
2047357.73,9751,6.4234,LC
2047376.03,9753,41.1716,BG
2047380.06,9750,4.1227,LC
2047382.06,9752,4.3198,LC
2047399.45,9751,6.3383,LC
2047400.07,9750,4.7395,LC
2047457.19,9753,30.7998,BG
2047463.16,9752,3.9479,LC
2047476.83,9751,4.6965,LC
2047543.51,9753,36.007,BG
2047630.43,9753,36.6884,BG
2047635.56,9750,7.2992,LC
2047638.5,9752,5.213,LC
2047709.19,9753,28.5646,BG
2047791.3,9753,31.8598,BG
2047846.77,9751,4.6747,LC
2047869.73,9752,4.8518,LC
2047869.97,9753,28.6441,BG
2047870.36,9750,8.0005,LC
2047894.94,9751,5.9184,LC
2047932.26,9752,8.9157,LC
2047937.58,9750,7.6279,LC
2047945.07,9751,4.8672,LC
2047947.36,9752,4.1158,LC
2047954.75,9753,34.391,BG
2047963.48,9751,4.0371,LC
2047967.56,9750,4.321,LC
2048038.48,9753,32.9608,BG
2048051.96,9751,4.1311,LC
2048127.56,9753,38.6055,BG
2048136.95,9752,4.7332,LC
2048156.27,9750,6.8753,LC
2048167.31,9751,7.3588,LC
2048187.74,9752,12.0275,LC
2048207.6,9753,29.7758,BG
2048262.28,9750,10.1824,LC
2048273.63,9751,4.1245,LC
2048286.95,9753,28.7511,BG
2048371.2,9753,33.7254,BG
2048417.41,9752,9.7449,LC
2048458.38,9753,36.9585,BG
2048467.16,9750,5.7298,LC
2048490.35,9751,8.7276,LC
2048542.08,9752,4.0842,LC
2048543.54,9753,34.6549,BG
2048601.64,9750,6.6212,LC
2048626.86,9751,7.0001,LC
2048635.09,9753,41.2978,BG
2048695.44,9752,9.9099,LC
2048720.78,9753,35.3503,BG
2048805.63,9753,34.5246,BG
2048832.92,9750,8.5878,LC
2048893.51,9753,37.3686,BG
2048938.74,9751,9.579,LC
2048951.16,9752,7.77,LC
2048955.5,9750,4.8178,LC
2048959.63,9751,4.2043,LC
2048973.67,9753,30.0978,BG
2048989.56,9750,5.4857,LC
2049008.55,9752,9.039,LC
2049017.32,9751,7.1154,LC
2049036.65,9750,6.4024,LC
2049058.65,9753,34.8422,BG
2049087.34,9752,9.1038,LC
2049105.91,9751,9.6492,LC
2049113.13,9750,6.4427,LC
2049117.92,9751,6.5323,LC
2049136.15,9753,27.0948,BG
2049149.01,9752,4.4053,LC
2049152.53,9750,4.213,LC
2049163.57,9751,5.343,LC
2049179.95,9752,7.043,LC
2049180.09,9750,7.6812,LC
2049183.21,9751,6.8497,LC
2049186.27,9752,5.2307,LC
2049210.11,9753,23.6194,BG
2049216.25,9750,5.4725,LC
2049218.83,9751,4.3619,LC
2049255.15,9752,9.8166,LC
2049257.67,9750,6.5491,LC
2049260.4,9751,5.7108,LC
2049284.17,9753,24.0465,BG
2049310.3,9752,4.0461,LC
2049315.2,9750,4.1573,LC
2049318.54,9751,6.0412,LC
2049318.63,9752,5.1349,LC
2049351.42,9750,4.0137,LC
2049361.58,9753,27.0679,BG
2049398.33,9751,4.4157,LC
2049406.28,9752,4.3443,LC
2049414.06,9750,4.1572,LC
2049437.09,9751,6.1365,LC
2049437.82,9750,6.257,LC
2049437.93,9752,8.4544,LC
2049439.84,9753,28.0354,BG
2049450.26,9751,4.063,LC
2049451.73,9752,4.0008,LC
2049459.62,9750,4.1783,LC
2049497.7,9751,4.2808,LC
2049497.76,9752,4.0037,LC
2049518.17,9753,28.1939,BG
2049529.69,9750,4.0902,LC
2049533.88,9752,4.0117,LC
2049543.69,9751,5.8776,LC
2049546.3,9750,4.796,LC
2049550.52,9752,4.1088,LC
2049558.11,9751,4.0803,LC
2049564.58,9750,6.4728,LC
2049564.72,9752,4.6246,LC
2049565.45,9751,4.2391,LC
2049569.19,9750,4.3224,LC
2049575.27,9752,4.0431,LC
2049592.64,9751,3.9219,LC
2049596.5,9753,28.2149,BG
2049627.4,9752,7.0828,LC
2049627.69,9750,9.1152,LC
2049631.25,9751,7.0445,LC
2049643.63,9752,6.1469,LC
2049653.93,9750,6.2028,LC
2049673.69,9753,26.9385,BG
2049682.33,9751,4.2543,LC
2049731.49,9752,9.9575,LC
2049758.77,9750,6.4217,LC
2049762.12,9753,38.2251,BG
2049820.15,9751,9.2829,LC
2049843.67,9752,8.386,LC
2049843.8,9750,9.1911,LC
2049844.66,9753,32.4218,BG
2049846.34,9751,5.3991,LC
2049865.64,9752,10.0313,LC
2049865.73,9750,7.0405,LC
2049875.54,9751,5.155,LC
2049875.6,9752,4.7382,LC
2049890.32,9750,7.3128,LC
2049927.7,9753,32.5401,BG
2049957.83,9751,9.2278,LC
2049983.05,9752,11.6244,LC
2049999.06,9750,4.2389,LC
2050007.47,9753,29.2794,BG
2050009.12,9751,4.5148,LC
2050013.55,9752,4.14,LC
2050026.52,9750,6.56,LC
2050029.24,9751,5.8241,LC
2050085.14,9752,8.1233,LC
2050103.13,9753,43.602,BG
2050103.78,9750,6.3259,LC
2050126.54,9751,9.5366,LC
2050153.04,9752,10.8464,LC
2050155.13,9750,10.0433,LC
2050168.11,9751,7.3393,LC
2050170.56,9752,7.3693,LC
2050187.06,9753,34.7134,BG
2050231.17,9750,10.4191,LC
2050236.83,9751,7.1172,LC
2050255.15,9752,10.0053,LC
2050255.3,9750,9.829,LC
2050260.24,9751,4.2886,LC
2050266.54,9753,29.387,BG
2050295.64,9752,7.543,LC
2050300.46,9750,9.2702,LC
2050302.23,9751,6.333,LC
2050329.57,9752,9.4723,LC
2050337.6,9750,5.2159,LC
2050343.28,9751,4.152,LC
2050347.46,9752,4.015,LC
2050354.04,9753,37.1019,BG
2050361.82,9750,4.1827,LC
2050402.87,9751,11.4113,LC
2050411.18,9752,14.9602,LC
2050412.27,9750,13.2456,LC
2050432.67,9751,4.0543,LC
2050435.21,9752,3.9256,LC
2050435.97,9753,31.3813,BG
2050451.27,9751,3.9428,LC
2050459.98,9750,4.631,LC
2050525.81,9752,10.2212,LC
2050527.27,9753,40.829,BG
2050527.8,9751,7.4837,LC
2050581.04,9750,11.2481,LC
2050581.29,9752,8.3459,LC
2050593.99,9751,5.0912,LC
2050601.55,9752,4.1657,LC
2050608.77,9753,30.6243,BG
2050648.83,9750,10.6663,LC
2050673.43,9751,6.9013,LC
2050692.2,9753,33.0914,BG
2050782.05,9753,39.2995,BG
2050808.98,9752,11.0074,LC
2050813.09,9750,7.2679,LC
2050868.18,9753,35.7912,BG
2050926.16,9751,10.2352,LC
2050929.59,9752,7.2217,LC
2050938.46,9750,4.9988,LC
2050953.96,9753,35.5678,BG
2050956.27,9751,4.7379,LC
2050965.74,9752,5.3756,LC
2050998.45,9750,11.914,LC
2051000.13,9751,13.0912,LC
2051021.13,9752,4.8012,LC
2051021.74,9750,4.2283,LC
2051025.5,9751,4.0772,LC
2051040.8,9753,36.4448,BG
2051063.14,9750,8.9176,LC
2051088.5,9752,8.3032,LC
2051110.28,9751,6.4321,LC
2051122.44,9753,31.6021,BG
2051123.95,9750,7.267,LC
2051124.16,9752,6.7741,LC
2051139.32,9751,4.5085,LC
2051141.31,9750,4.0866,LC
2051158.09,9752,6.6774,LC
2051159.38,9751,7.8633,LC
2051160.41,9750,6.9304,LC
2051167.85,9752,4.3321,LC
2051173.97,9751,4.3934,LC
2051196.46,9753,23.829,BG
2051209.73,9750,4.0816,LC
2051219.91,9752,5.2121,LC
2051222.67,9751,4.2773,LC
2051245.02,9750,9.7696,LC
2051275.81,9753,29.0144,BG
2051335.76,9752,14.4109,LC
2051340.08,9751,12.0475,LC
2051343.92,9750,8.9725,LC
2051352.36,9751,9.5188,LC
2051352.43,9752,11.9142,LC
2051352.47,9750,4.5233,LC
2051371.24,9753,33.9517,BG
2051374.28,9752,4.7179,LC
2051376.3,9750,4.3888,LC
2051388.98,9751,4.2267,LC
2051452.38,9752,5.8895,LC
2051459.25,9753,37.6805,BG
2051542.23,9753,32.4946,BG
2051558.89,9750,6.3606,LC
2051603.46,9751,6.1822,LC
2051613.26,9752,3.8075,LC
2051623.01,9750,4.0135,LC
2051624.79,9753,32.4887,BG
2051627.41,9751,3.9029,LC
2051662.57,9752,11.0125,LC
2051663.86,9750,8.7438,LC
2051675.83,9751,7.6866,LC
2051693.19,9752,4.07,LC
2051695.77,9750,4.4108,LC
2051703.56,9753,27.7676,BG
2051707.63,9751,3.9975,LC
2051729.19,9752,8.5698,LC
2051750.86,9750,9.949,LC
2051758.06,9751,5.9233,LC
2051775.46,9752,4.7438,LC
2051787.87,9750,4.4565,LC
2051791.8,9753,38.0337,BG
2051809.65,9751,7.752,LC
2051838.3,9752,9.5702,LC
2051858.06,9750,7.5736,LC
2051858.12,9750,5.5734,LC
2051858.25,9751,11.1216,LC
2051858.63,9752,11.9052,LC
2051866.48,9750,4.389,LC
2051870.07,9751,4.5239,LC
2051872.43,9752,4.1831,LC
2051880.95,9753,38.931,BG
2051903.68,9750,5.9145,LC
2051928.84,9751,10.1845,LC
2051952.24,9752,9.4421,LC
2051953.54,9750,8.1978,LC
2051963.22,9753,32.026,BG
2051972.84,9751,5.1648,LC
2052007.96,9752,8.1105,LC
2052017.53,9750,7.494,LC
2052020.3,9751,7.4734,LC
2052035.78,9752,4.1759,LC
2052042.82,9753,28.5136,BG
2052047.27,9750,3.9912,LC
2052054.81,9751,4.0931,LC
2052086.28,9752,6.9262,LC
2052103.05,9750,9.249,LC
2052107.05,9751,7.3738,LC
2052127.09,9752,3.9152,LC
2052129.56,9750,4.3178,LC
2052131.53,9753,38.4122,BG
2052142.75,9751,4.8704,LC
2052148.17,9752,5.7174,LC
2052158.94,9751,5.8074,LC
2052192.16,9750,7.4636,LC
2052194.1,9752,5.6479,LC
2052206.95,9751,4.6605,LC
2052208.6,9750,4.2619,LC
2052218.28,9752,4.2071,LC
2052220.71,9751,4.3883,LC
2052222.15,9753,39.6351,BG
2052244.69,9750,5.5222,LC
2052245.49,9752,5.9013,LC
2052301.31,9751,4.0968,LC
2052305.4,9753,32.9858,BG
2052308.05,9750,4.171,LC
2052311.05,9752,4.1783,LC
2052322.49,9750,4.068,LC
2052323.08,9751,6.028,LC
2052325.07,9752,4.6226,LC
2052348.44,9750,6.6323,LC
2052349.2,9751,6.475,LC
2052364.44,9752,9.2766,LC
2052388.46,9753,31.8891,BG
2052424.99,9750,9.1053,LC
2052433.57,9751,6.851,LC
2052434.19,9752,5.6524,LC
2052463.25,9753,24.6579,BG
2052499.04,9750,8.9337,LC
2052540.09,9751,10.4005,LC
2052542.79,9752,8.5344,LC
2052545.08,9750,4.296,LC
2052547.64,9751,4.0604,LC
2052553.07,9753,39.4448,BG
2052558.07,9750,3.9569,LC
2052561.9,9752,4.0144,LC
2052571.15,9750,4.1803,LC
2052610.93,9751,10.0428,LC
2052618.86,9752,10.4936,LC
2052622.63,9751,4.4809,LC
2052626.4,9750,10.7261,LC
2052627.02,9752,7.7406,LC
2052642.07,9753,38.5893,BG
2052656.19,9751,4.197,LC
2052659.92,9750,4.2074,LC
2052716.03,9752,6.1794,LC
2052732.73,9753,40.4081,BG
2052769.95,9751,10.3535,LC
2052785.55,9750,9.9765,LC
2052791.23,9752,7.2183,LC
2052809.09,9750,4.5241,LC
2052816.52,9753,33.2428,BG
2052822.86,9751,4.4695,LC
2052830.46,9750,4.1419,LC
2052831.29,9752,6.6068,LC
2052833.25,9751,4.0367,LC
2052850.45,9750,7.8685,LC
2052870.53,9752,9.5667,LC
2052878.2,9751,7.7456,LC
2052890.57,9750,4.1642,LC
2052899.38,9753,32.6001,BG
2052961.61,9752,10.3985,LC
2052973.07,9751,6.9012,LC
2052975.46,9750,5.5351,LC
2052988.6,9753,38.8265,BG
2053023.37,9751,10.0573,LC
2053049.37,9752,8.347,LC
2053072.84,9753,33.9123,BG
2053077.49,9751,4.3777,LC
2053078.21,9750,6.0507,LC
2053080.87,9752,4.6798,LC
2053110.14,9751,9.8271,LC
2053113.23,9750,8.3723,LC
2053134.1,9752,9.3223,LC
2053155.28,9753,32.0627,BG
2053166.69,9751,4.7902,LC
2053168.92,9750,4.5201,LC
2053176.71,9752,5.1572,LC
2053179.52,9751,5.2516,LC
2053199.37,9750,7.882,LC
2053204.61,9752,6.2589,LC
2053205.81,9750,6.0494,LC
2053228.71,9753,23.2156,BG
2053236.23,9751,4.0199,LC
2053269.17,9752,8.9415,LC
2053272.53,9751,7.0755,LC
2053273.22,9750,9.73,LC
2053284.2,9752,5.6311,LC
2053293.66,9751,6.7198,LC
2053307.09,9753,27.6875,BG
2053319.31,9750,6.0842,LC
2053329.68,9752,6.1904,LC
2053334.52,9751,7.9447,LC
2053337.61,9750,5.4393,LC
2053348.59,9752,6.2708,LC
2053358.05,9751,7.0873,LC
2053364.73,9750,5.8219,LC
2053377.37,9752,4.2278,LC
2053380.26,9751,5.6648,LC
2053385.67,9753,28.4421,BG
2053387.9,9750,4.2822,LC
2053394.28,9752,3.9554,LC
2053397.62,9751,4.3855,LC
2053454.16,9750,8.3354,LC
2053458.66,9752,6.2081,LC
2053470.18,9753,34.153,BG
2053508.29,9751,5.5432,LC
2053538.24,9750,6.6558,LC
2053543.65,9752,4.6774,LC
2053554.67,9753,34.0433,BG
2053593.13,9751,10.5367,LC
2053617.61,9750,8.754,LC
2053628.07,9752,6.9989,LC
2053640.17,9753,35.2707,BG
2053679.76,9751,10.3434,LC
2053685.28,9750,7.3969,LC
2053704.42,9752,6.7591,LC
2053709.05,9751,4.9123,LC
2053722.42,9753,32.0453,BG
2053740.85,9752,7.3212,LC
2053744.56,9750,6.9288,LC
2053761.21,9751,8.988,LC
2053804.34,9753,31.1556,BG
2053895.24,9753,40.6963,BG
2053896.3,9752,5.9647,LC
2053978.83,9753,32.965,BG
2053982.72,9750,4.256,LC
2054018.04,9751,9.5812,LC
2054037.58,9752,8.7791,LC
2054044.83,9750,4.2293,LC
2054057.4,9753,28.3072,BG
2054074.66,9751,4.9302,LC
2054131.07,9752,5.4043,LC
2054140.3,9750,4.8265,LC
2054144.36,9753,36.8512,BG
2054159.17,9751,6.9659,LC
2054194.52,9752,10.4202,LC
2054223.1,9753,28.3427,BG
2054230.51,9750,4.0031,LC
2054310.5,9753,36.9075,BG
2054393.92,9753,32.9764,BG
2054455.72,9751,7.5372,LC
2054479.61,9753,35.5904,BG
2054551.41,9752,6.4573,LC
2054553.66,9750,5.7643,LC
2054564.38,9751,4.0205,LC
2054568.45,9753,38.3976,BG
2054574.13,9752,3.9255,LC
2054651.69,9753,32.9814,BG
2054707.74,9750,12.2984,LC
2054707.87,9751,9.9837,LC
2054731.21,9753,28.9638,BG
2054740.71,9752,4.18,LC
2054751.88,9750,4.6347,LC
2054758.58,9751,6.3747,LC
2054760.83,9752,5.441,LC
2054783.59,9750,7.8008,LC
2054809.13,9753,26.6534,BG
2054815.83,9751,4.3761,LC
2054865.25,9752,9.8962,LC
2054866.26,9750,14.3763,LC
2054868.3,9751,11.7608,LC
2054875.04,9752,6.5353,LC
2054890.47,9753,30.5894,BG
2054974.73,9753,33.9953,BG
2054995.77,9750,6.2571,LC
2055036.28,9751,5.7857,LC
2055050.86,9752,7.7043,LC
2055050.94,9750,4.464,LC
2055052.36,9751,5.157,LC
2055060.27,9753,35.3526,BG
2055062.73,9750,4.1607,LC
2055072.01,9752,4.0046,LC
2055078.07,9751,4.2709,LC
2055105.09,9750,9.0445,LC
2055125.08,9752,9.951,LC
2055125.48,9751,7.0697,LC
2055126.94,9750,7.2714,LC
2055147.48,9753,36.8647,BG
2055153.65,9752,3.9921,LC
2055173.71,9751,6.1218,LC
2055176.03,9750,6.0965,LC
2055212.1,9752,10.1382,LC
2055212.33,9751,7.723,LC
2055218.28,9750,7.4983,LC
2055220.42,9752,4.2288,LC
2055235.76,9753,37.9631,BG
2055237.7,9751,4.7371,LC
2055242.65,9750,4.2198,LC
2055250.81,9752,4.0225,LC
2055291.82,9751,10.1311,LC
2055315.77,9753,29.3878,BG
2055372.33,9750,9.3218,LC
2055385.2,9752,7.3,LC
2055396.91,9751,4.4667,LC
2055405.77,9750,4.4242,LC
2055405.83,9752,3.9587,LC
2055407.4,9753,41.3356,BG
2055433.42,9751,6.5326,LC
2055436.69,9752,5.4866,LC
2055473.54,9750,10.8984,LC
2055476.66,9751,9.3446,LC
2055479.7,9752,6.1577,LC
2055481.77,9750,4.8212,LC
2055496.99,9753,39.0742,BG
2055569.73,9751,7.1976,LC
2055584.22,9753,36.715,BG
2055596.97,9752,4.1465,LC
2055612.81,9750,6.437,LC
2055613.02,9751,4.02,LC
2055615.8,9752,4.5094,LC
2055642.48,9751,8.8544,LC
2055645.64,9750,5.4412,LC
2055661.36,9753,26.9952,BG
2055663.55,9752,4.1077,LC
2055668.42,9751,4.5092,LC
2055673.02,9750,4.0824,LC
2055694.07,9752,5.7796,LC
2055711.46,9751,8.7851,LC
2055742.38,9753,30.598,BG
2055791.66,9750,10.6998,LC
2055795.81,9752,9.8235,LC
2055806.85,9750,7.5883,LC
2055811.77,9750,4.3647,LC
2055811.89,9752,10.8081,LC
2055813.98,9751,11.3929,LC
2055814.05,9751,6.4611,LC
2055832.95,9753,39.7683,BG
2055834.36,9750,3.995,LC
2055874.35,9752,10.0253,LC
2055899.84,9751,7.2068,LC
2055921.73,9753,38.421,BG
2055949.44,9750,8.8276,LC
2055971.22,9752,9.8507,LC
2055998.73,9753,26.8256,BG
2056015.66,9751,4.9584,LC
2056018.87,9750,4.3546,LC
2056025.82,9751,4.9734,LC
2056029.19,9752,4.7009,LC
2056058.71,9750,11.1689,LC
2056061.15,9751,8.7916,LC
2056066.38,9752,7.065,LC
2056083.26,9751,3.8966,LC
2056086.67,9753,37.399,BG
2056124.95,9750,9.7509,LC
2056126.88,9752,9.0351,LC
2056166.84,9753,29.8596,BG
2056181.02,9751,4.1833,LC
2056220.1,9750,11.029,LC
2056243.78,9753,26.6247,BG
2056317.84,9752,6.3414,LC
2056325.35,9751,4.4862,LC
2056329.3,9753,35.2004,BG
2056349.78,9750,6.0261,LC
2056388.17,9752,10.8611,LC
2056412.57,9753,32.985,BG
2056429.9,9751,5.2537,LC
2056443.5,9750,6.9404,LC
2056502.06,9753,39.0887,BG
2056533.12,9752,7.4239,LC
2056586.31,9753,34.0352,BG
2056634.15,9751,4.3178,LC
2056667.87,9753,31.0565,BG
2056742.14,9750,5.0877,LC
2056750.64,9753,32.5944,BG
2056760.15,9752,4.3212,LC
2056834.5,9753,33.4392,BG
2056845.75,9751,4.5514,LC
2056906.96,9750,6.1367,LC
2056920.29,9753,34.9867,BG
2057008.04,9753,37.28,BG
2057021.25,9752,5.9513,LC
2057048.49,9751,9.8749,LC
2057084.74,9750,6.3654,LC
2057097.15,9753,38.6737,BG
2057157.26,9752,10.5734,LC
2057184.01,9753,36.3341,BG
2057208.7,9751,6.7353,LC
2057250.45,9752,12.5833,LC
2057252.26,9750,16.3756,LC
2057254.7,9751,4.5541,LC
2057265.22,9753,30.8727,BG
2057349.25,9753,33.4166,BG
2057360.73,9750,5.39,LC
2057410.31,9752,8.1732,LC
2057435.07,9753,35.4008,BG
2057517.41,9751,4.9729,LC
2057525.7,9753,40.0578,BG
2057617.05,9753,41.0665,BG
2057618.49,9750,4.2735,LC
2057679.09,9752,9.3865,LC
2057701.42,9753,33.9243,BG
2057707.59,9751,3.8353,LC
2057784.27,9753,32.6663,BG
2057832.14,9750,9.6137,LC
2057861.86,9753,27.268,BG
2057894.31,9752,7.9911,LC
2057944.97,9753,32.7146,BG
2057986.46,9751,8.7769,LC
2058026.04,9753,30.6662,BG
2058031.63,9750,4.2204,LC
2058059.99,9752,6.6307,LC
2058111.0,9753,34.4249,BG
2058197.67,9753,35.9837,BG
2058262.77,9751,6.314,LC
2058269.81,9750,8.6859,LC
2058285.72,9753,37.5007,BG
2058298.88,9752,4.2448,LC
2058329.29,9751,8.5102,LC
2058331.98,9750,7.7243,LC
2058346.36,9752,4.6893,LC
2058361.6,9753,25.5827,BG
2058453.44,9751,8.4692,LC
2058454.2,9753,42.2219,BG
2058481.34,9750,9.9208,LC
2058486.56,9752,6.9451,LC
2058544.42,9753,39.9832,BG
2058630.07,9753,34.6491,BG
2058685.71,9751,8.7258,LC
2058699.18,9750,6.6189,LC
2058708.05,9752,5.0543,LC
2058715.81,9753,35.4587,BG
2058778.55,9751,6.0863,LC
2058799.56,9753,33.67,BG
2058805.99,9750,4.2615,LC
2058881.63,9753,31.5813,BG
2058965.67,9753,33.5457,BG
2058972.8,9752,4.2308,LC
2058989.92,9751,12.057,LC
2059047.55,9753,31.5639,BG
2059080.71,9750,8.5752,LC
2059087.88,9752,6.7284,LC
2059131.56,9753,33.7182,BG
2059132.27,9751,4.1281,LC
2059140.97,9750,3.9837,LC
2059147.89,9752,4.2166,LC
2059168.34,9751,7.2155,LC
2059214.31,9753,32.3785,BG
2059275.85,9750,5.2858,LC
2059291.19,9753,26.631,BG
2059375.32,9753,32.4789,BG
2059378.29,9752,4.4484,LC
2059400.07,9751,6.8599,LC
2059457.62,9750,4.2709,LC
2059459.77,9753,34.1411,BG
2059492.24,9752,9.5276,LC
2059541.75,9753,31.5738,BG
2059611.63,9751,7.4714,LC
2059618.23,9750,5.9041,LC
2059632.54,9753,40.5053,BG
2059639.07,9752,4.6791,LC
2059660.22,9751,7.6365,LC
2059714.89,9753,31.9452,BG
2059799.41,9753,34.5004,BG
2059827.35,9750,8.4865,LC
2059882.99,9753,33.2995,BG
2059895.75,9752,5.5674,LC
2059947.05,9751,8.7142,LC
2059971.86,9753,38.8039,BG
2059987.28,9750,5.5354,LC
2060058.59,9752,5.4387,LC
2060058.65,9751,4.7301,LC
2060062.91,9753,40.5886,BG
2060090.6,9750,8.2831,LC
2060108.08,9751,8.995,LC
2060123.11,9752,7.0386,LC
2060123.74,9750,5.9817,LC
2060140.58,9751,4.1044,LC
2060143.11,9753,29.9746,BG
2060153.47,9752,3.9096,LC
2060157.7,9750,4.2856,LC
2060202.84,9751,7.0701,LC
2060206.39,9752,7.2697,LC
2060226.74,9750,5.9957,LC
2060231.47,9753,38.2204,BG
2060261.95,9751,10.169,LC
2060295.41,9752,8.8813,LC
2060308.34,9750,5.2611,LC
2060317.38,9753,35.3897,BG
2060327.57,9751,4.5246,LC
2060332.62,9752,4.9619,LC
2060380.92,9751,8.0261,LC
2060411.17,9753,43.1142,BG
2060430.49,9750,9.3588,LC
2060450.54,9752,9.986,LC
2060455.79,9751,7.3652,LC
2060461.34,9750,6.1223,LC
2060471.09,9752,8.7491,LC
2060471.22,9751,7.875,LC
2060481.01,9751,4.0174,LC
2060487.15,9750,5.9588,LC
2060489.94,9752,8.5779,LC
2060490.54,9751,7.6438,LC
2060490.63,9753,29.2985,BG
2060504.19,9750,4.8293,LC
2060536.25,9752,11.3202,LC
2060538.36,9751,9.3058,LC
2060556.85,9750,5.7201,LC
2060564.17,9752,7.7149,LC
2060583.13,9753,41.0689,BG
2060585.86,9751,4.587,LC
2060586.27,9750,8.2731,LC
2060588.05,9752,4.601,LC
2060643.31,9751,9.8428,LC
2060649.84,9750,7.5314,LC
2060672.83,9753,40.4287,BG
2060674.23,9751,4.4421,LC
2060677.17,9752,4.2878,LC
2060715.34,9751,8.5221,LC
2060731.15,9750,8.571,LC
2060751.8,9752,4.3155,LC
2060756.58,9753,33.5649,BG
2060781.5,9751,4.1508,LC
2060812.99,9750,4.2066,LC
2060837.69,9752,6.2144,LC
2060851.14,9751,4.2711,LC
2060859.99,9753,52.4905,BG
2060872.75,9750,4.7241,LC
2060915.63,9752,6.9421,LC
2060923.98,9751,7.6987,LC
2060944.09,9753,34.0316,BG
2060987.35,9750,9.7188,LC
2060989.71,9752,10.057,LC
2061018.79,9751,6.5618,LC
2061018.86,9750,6.8136,LC
2061019.54,9753,25.5018,BG
2061046.37,9752,6.7343,LC
2061064.59,9751,5.9368,LC
2061082.87,9750,7.7404,LC
2061098.39,9752,4.1052,LC
2061106.42,9753,36.5964,BG
2061108.33,9751,4.9468,LC
2061140.1,9750,7.4423,LC
2061154.51,9752,7.4512,LC
2061184.11,9753,27.3838,BG
2061215.99,9751,6.115,LC
2061219.28,9750,5.5587,LC
2061226.1,9752,6.3568,LC
2061230.72,9751,5.2251,LC
2061245.21,9750,7.6864,LC
2061245.3,9751,4.1696,LC
2061245.39,9752,6.7544,LC
2061255.65,9750,4.1898,LC
2061262.59,9753,28.3972,BG
2061296.75,9751,7.7162,LC
2061310.19,9752,8.8152,LC
2061310.56,9750,7.4547,LC
2061315.81,9751,7.9943,LC
2061327.98,9752,5.5886,LC
2061331.74,9750,5.4193,LC
2061337.9,9751,4.3687,LC
2061342.42,9753,29.185,BG
2061415.15,9752,6.0924,LC
2061426.1,9750,6.5671,LC
2061432.21,9753,39.505,BG
2061461.42,9751,10.1675,LC
2061507.7,9753,25.1179,BG
2061542.65,9752,9.1097,LC
2061556.35,9750,7.542,LC
2061583.43,9751,4.0676,LC
2061584.05,9753,26.1309,BG
2061610.2,9752,6.985,LC
2061615.19,9750,6.2549,LC
2061623.15,9751,5.381,LC
2061625.13,9752,5.3398,LC
2061653.3,9750,3.9083,LC
2061663.3,9753,29.0631,BG
2061685.81,9751,4.814,LC
2061699.08,9752,6.4176,LC
2061700.31,9750,6.2306,LC
2061725.34,9751,9.2592,LC
2061735.59,9752,9.0138,LC
2061754.28,9750,4.0528,LC
2061758.71,9751,3.9464,LC
2061761.76,9753,48.2487,BG
2061766.25,9750,4.0454,LC
2061767.06,9752,5.4089,LC
2061776.37,9751,4.1606,LC
2061781.98,9750,5.78,LC
2061789.53,9751,4.0124,LC
2061799.52,9752,4.1387,LC
2061811.37,9750,3.9939,LC
2061815.04,9751,4.2052,LC
2061820.47,9752,4.0639,LC
2061834.06,9750,4.1292,LC
2061838.11,9753,26.1744,BG
2061849.35,9751,4.1607,LC
2061866.19,9752,7.2649,LC
2061871.78,9750,7.0015,LC
2061883.89,9752,6.9926,LC
2061902.95,9751,4.213,LC
2061914.27,9753,24.7181,BG
2061990.1,9750,4.1199,LC
2061997.08,9753,32.4056,BG
2062029.56,9752,8.3384,LC
2062081.81,9753,34.1615,BG
2062108.41,9751,10.2013,LC
2062161.53,9750,5.8229,LC
2062170.89,9753,38.6433,BG
2062220.08,9752,11.4537,LC
2062223.37,9750,6.8309,LC
2062224.52,9751,9.1474,LC
2062248.36,9753,26.2644,BG
2062340.88,9753,42.1083,BG
2062426.58,9753,35.2674,BG
2062489.26,9752,11.5498,LC
2062491.74,9750,9.1488,LC
2062520.76,9751,6.0294,LC
2062522.35,9753,45.7348,BG
2062583.54,9752,10.3727,LC
2062596.8,9750,9.3315,LC
2062612.41,9753,39.718,BG
2062697.38,9753,34.4365,BG
2062775.92,9751,8.9264,LC
2062783.75,9753,36.1281,BG
2062861.33,9753,27.2437,BG
2062928.14,9752,12.5629,LC
2062933.08,9750,15.649,LC
2062933.5,9751,13.9693,LC
2062949.73,9753,37.4592,BG
2063011.2,9752,10.119,LC
2063016.2,9751,16.5075,LC
2063016.41,9750,14.7924,LC
2063018.94,9752,5.6688,LC
2063037.66,9753,37.648,BG
2063096.55,9751,12.8526,LC
2063119.22,9753,28.379,BG
2063130.84,9750,4.1511,LC
2063205.85,9752,6.9529,LC
2063209.2,9753,39.6626,BG
2063252.07,9751,9.6816,LC
2063274.0,9750,8.3986,LC
2063294.16,9753,34.6451,BG
2063304.93,9752,5.2232,LC
2063329.9,9751,9.801,LC
2063376.05,9750,4.9315,LC
2063380.06,9753,35.5849,BG
2063389.59,9752,4.3228,LC
2063469.11,9753,38.3433,BG
2063558.3,9753,39.1313,BG
2063637.49,9751,4.6855,LC
2063643.64,9753,35.1041,BG
2063690.43,9750,9.4693,LC
2063722.67,9753,28.5111,BG
2063791.48,9752,6.794,LC
2063811.66,9753,38.9904,BG
2063895.74,9753,33.4126,BG
2063978.99,9751,6.4802,LC
2063988.43,9753,42.3008,BG
2063996.77,9750,4.4247,LC
2064072.1,9753,33.3103,BG
2064154.8,9752,6.5508,LC
2064162.94,9753,40.4024,BG
2064247.77,9753,34.4113,BG
2064267.57,9751,6.8236,LC
2064330.76,9753,32.7629,BG
2064410.21,9753,29.1578,BG
2064476.43,9750,7.5252,LC
2064497.79,9753,37.4894,BG
2064525.14,9752,9.7629,LC
2064556.28,9751,8.6906,LC
2064585.64,9753,36.8173,BG
2064600.21,9750,5.8056,LC
2064676.27,9753,40.0529,BG
2064770.21,9753,43.6958,BG
2064788.67,9752,8.3962,LC
2064856.89,9753,36.3928,BG
2064905.16,9751,7.991,LC
2064937.9,9753,30.5657,BG
2064946.97,9750,4.5776,LC
2064957.21,9752,4.4423,LC
2064960.23,9751,4.3738,LC
2065024.21,9753,36.0201,BG
2065024.88,9750,4.5313,LC
2065043.18,9752,4.2611,LC
2065064.93,9751,8.1432,LC
2065069.31,9750,6.7983,LC
2065071.8,9752,5.2838,LC
2065100.65,9751,5.4785,LC
2065106.37,9753,31.5639,BG
2065115.7,9750,4.4699,LC
2065134.31,9752,10.8154,LC
2065135.23,9751,7.6579,LC
2065143.48,9750,8.354,LC
2065143.56,9751,4.5131,LC
2065144.33,9752,7.189,LC
2065150.66,9751,4.4219,LC
2065150.93,9750,6.5483,LC
2065153.11,9752,4.1863,LC
2065179.38,9751,4.1819,LC
2065179.7,9753,23.1584,BG
2065226.53,9750,10.6738,LC
2065240.56,9752,7.9991,LC
2065250.58,9751,7.3636,LC
2065268.07,9753,38.2785,BG
2065269.16,9750,4.38,LC
2065275.5,9752,3.9596,LC
2065285.78,9751,6.101,LC
2065288.13,9750,4.8128,LC
2065295.19,9752,3.9884,LC
2065306.2,9751,4.6434,LC
2065311.89,9750,4.2074,LC
2065341.48,9753,23.1893,BG
2065354.23,9752,4.1127,LC
2065409.05,9751,4.218,LC
2065414.73,9753,22.9918,BG
2065426.75,9750,4.2671,LC
2065445.2,9752,5.0035,LC
2065474.05,9751,14.1657,LC
2065475.49,9750,10.986,LC
2065483.51,9752,5.3955,LC
2065490.75,9751,4.0591,LC
2065497.05,9753,30.7757,BG
2065507.91,9750,4.5178,LC
2065514.2,9752,4.7015,LC
2065518.79,9751,5.2172,LC
2065554.53,9750,9.0335,LC
2065554.84,9752,7.0829,LC
2065586.44,9753,39.2111,BG
2065587.9,9751,4.061,LC
2065619.69,9752,7.131,LC
2065643.75,9750,6.4107,LC
2065657.85,9751,7.7223,LC
2065670.53,9753,33.7097,BG
2065680.18,9752,4.0643,LC
2065691.73,9750,5.8344,LC
2065728.87,9751,10.4735,LC
2065742.05,9752,10.0876,LC
2065742.11,9751,4.6258,LC
2065742.58,9750,9.3908,LC
2065754.66,9752,4.1846,LC
2065760.1,9753,38.793,BG
2065770.44,9751,4.416,LC
2065774.89,9750,4.4658,LC
2065783.83,9751,6.2208,LC
2065786.89,9752,5.4194,LC
2065823.1,9750,10.8314,LC
2065825.09,9751,7.6921,LC
2065835.58,9752,6.6,LC
2065851.09,9753,40.8792,BG
2065856.14,9750,4.8671,LC
2065865.65,9751,5.1868,LC
2065869.87,9752,4.0716,LC
2065885.46,9751,7.0793,LC
2065901.72,9750,8.1915,LC
2065901.9,9752,8.0105,LC
2065906.74,9751,6.6153,LC
2065927.84,9753,25.7248,BG
2065969.43,9752,8.4847,LC
2065970.77,9750,10.4301,LC
2066013.67,9751,5.9808,LC
2066013.74,9752,4.9079,LC
2066020.84,9750,4.9225,LC
2066021.0,9753,42.9947,BG
2066061.56,9751,9.1827,LC
2066093.75,9752,4.1535,LC
2066102.5,9753,31.0171,BG
2066157.57,9750,9.2277,LC
2066187.19,9753,33.947,BG
2066200.89,9751,4.7739,LC
2066203.71,9752,5.2151,LC
2066207.41,9750,4.7695,LC
2066222.38,9751,7.4327,LC
2066230.7,9752,5.4645,LC
2066234.86,9750,4.507,LC
2066237.37,9751,4.2417,LC
2066250.01,9752,3.9015,LC
2066261.96,9753,24.5065,BG
2066288.49,9750,7.1025,LC
2066307.78,9751,10.4941,LC
2066336.11,9750,7.1361,LC
2066336.18,9752,8.5775,LC
2066338.3,9751,4.4175,LC
2066345.42,9753,33.3044,BG
2066371.23,9752,7.1782,LC
2066374.32,9750,6.63,LC
2066405.89,9751,9.1604,LC
2066412.26,9752,9.4646,LC
2066416.89,9750,6.1083,LC
2066430.94,9753,34.8839,BG
2066454.95,9752,6.9462,LC
2066458.24,9751,6.6166,LC
2066468.37,9750,7.341,LC
2066469.2,9752,6.2932,LC
2066486.04,9751,7.4248,LC
2066492.52,9750,4.6482,LC
2066507.11,9753,25.9898,BG
2066514.74,9752,4.31,LC
2066522.08,9751,6.4879,LC
2066523.76,9752,5.7853,LC
2066524.55,9750,7.35,LC
2066527.36,9751,4.9892,LC
2066551.53,9752,6.2304,LC
2066552.98,9750,5.3815,LC
2066576.11,9751,5.1386,LC
2066581.59,9752,4.1794,LC
2066589.88,9753,32.512,BG
2066593.29,9750,5.2385,LC
2066596.55,9751,4.2544,LC
2066616.87,9752,7.9843,LC
2066629.75,9750,7.6096,LC
2066646.57,9751,10.2675,LC
2066648.66,9752,6.0624,LC
2066670.39,9753,30.2131,BG
2066702.34,9750,9.104,LC
2066712.17,9751,6.5714,LC
2066725.15,9752,7.3076,LC
2066727.43,9750,8.0274,LC
2066748.12,9753,26.6692,BG
2066758.65,9751,4.5508,LC
2066758.7,9752,4.2595,LC
2066761.15,9750,4.268,LC
2066779.27,9752,5.6921,LC
2066837.98,9753,39.2917,BG
2066860.77,9751,8.1916,LC
2066928.14,9753,39.5451,BG
2066998.08,9750,7.3535,LC
2067015.68,9753,37.2308,BG
2067067.3,9752,10.3959,LC
2067071.35,9751,9.5245,LC
2067079.4,9750,7.4221,LC
2067080.92,9752,5.7653,LC
2067102.11,9751,3.974,LC
2067103.06,9753,36.93,BG
2067113.98,9750,4.2412,LC
2067190.52,9753,36.9308,BG
2067264.12,9752,3.9572,LC
2067272.35,9753,31.1564,BG
2067288.2,9751,4.2182,LC
2067354.12,9753,31.4563,BG
2067426.64,9750,5.7429,LC
2067437.97,9753,33.2396,BG
2067496.29,9752,10.4697,LC
2067518.75,9751,4.3842,LC
2067525.91,9753,37.3767,BG
2067568.73,9750,8.3879,LC
2067611.13,9753,34.8977,BG
2067699.55,9753,38.0651,BG
2067727.8,9752,10.6897,LC
2067731.74,9751,8.5492,LC
2067742.79,9750,8.9714,LC
2067746.76,9752,7.3202,LC
2067761.28,9751,4.9217,LC
2067772.32,9750,4.2414,LC
2067775.4,9752,4.1387,LC
2067781.47,9753,31.7133,BG
2067783.3,9751,4.2952,LC
2067788.45,9750,4.1659,LC
2067791.89,9752,4.0375,LC
2067839.51,9751,10.7581,LC
2067867.15,9753,34.9933,BG
2067886.07,9750,6.8676,LC
2067913.83,9752,10.5322,LC
2067943.47,9751,5.6362,LC
2067953.29,9753,35.9001,BG
2068001.42,9750,4.3355,LC
2068023.27,9752,3.8649,LC
2068027.13,9753,23.9064,BG
2068059.54,9751,8.7912,LC
2068109.5,9753,31.9475,BG
2068154.23,9750,10.2638,LC
2068191.46,9753,31.6804,BG
2068206.6,9752,6.3506,LC
2068240.05,9751,9.3671,LC
2068249.96,9750,6.4227,LC
2068268.97,9753,27.0837,BG
2068326.12,9752,9.6374,LC
2068353.71,9753,34.72,BG
2068441.82,9753,37.4372,BG
2068449.31,9751,4.275,LC
2068487.47,9750,11.4755,LC
2068490.11,9752,8.553,LC
2068524.81,9753,32.8766,BG
2068570.5,9750,9.9344,LC
2068571.59,9751,15.9083,LC
2068574.96,9752,12.3393,LC
2068600.2,9753,25.0028,BG
2068630.3,9750,9.2575,LC
2068637.98,9751,6.6264,LC
2068652.09,9752,7.8691,LC
2068654.86,9750,9.2949,LC
2068679.39,9753,29.07,BG
2068684.49,9751,4.0335,LC
2068693.22,9752,3.9107,LC
2068719.64,9750,8.9528,LC
2068720.94,9751,7.1836,LC
2068739.04,9752,10.5906,LC
2068741.67,9750,5.4682,LC
2068757.55,9753,27.1008,BG
2068766.31,9751,4.215,LC
2068772.04,9752,4.3022,LC
2068840.44,9750,4.3092,LC
2068842.04,9753,34.303,BG
2068846.44,9751,4.4839,LC
2068849.31,9752,3.9801,LC
2068855.67,9750,4.7885,LC
2068889.65,9751,8.9914,LC
2068912.75,9752,4.4248,LC
2068922.06,9750,6.2773,LC
2068922.42,9751,8.1762,LC
2068924.62,9753,32.4311,BG
2068928.9,9752,3.9529,LC
2068953.92,9752,6.6753,LC
2068958.28,9750,11.5663,LC
2068958.35,9751,11.5485,LC
2068959.33,9752,4.9886,LC
2068990.76,9751,6.3286,LC
2069005.1,9753,30.1652,BG
2069058.93,9750,11.5529,LC
2069065.97,9751,13.5441,LC
2069066.17,9752,14.2645,LC
2069079.2,9750,4.5934,LC
2069088.61,9752,4.9679,LC
2069089.16,9753,32.5566,BG
2069091.33,9751,4.1227,LC
2069093.75,9750,4.2891,LC
2069152.86,9752,6.9196,LC
2069158.74,9751,5.3642,LC
2069174.0,9753,35.9592,BG
2069183.01,9750,6.0439,LC
2069183.08,9752,5.7244,LC
2069188.02,9751,4.3371,LC
2069213.31,9752,5.9623,LC
2069226.31,9750,7.4109,LC
2069236.7,9751,4.2208,LC
2069248.34,9753,24.127,BG
2069250.42,9752,4.2336,LC
2069261.72,9750,4.4449,LC
2069264.72,9751,4.2424,LC
2069300.26,9752,10.1666,LC
2069301.23,9750,8.576,LC
2069330.72,9753,31.4904,BG
2069361.17,9751,7.6586,LC
2069399.44,9752,6.2153,LC
2069413.58,9753,32.4121,BG
2069426.2,9750,4.3133,LC
2069428.84,9751,4.3546,LC
2069436.21,9752,4.5993,LC
2069439.29,9750,4.0771,LC
2069448.21,9752,4.2681,LC
2069475.97,9751,8.367,LC
2069480.97,9750,5.8441,LC
2069489.94,9751,4.0917,LC
2069497.94,9753,33.9438,BG
2069527.76,9752,10.0145,LC
2069538.83,9750,7.2436,LC
2069543.58,9751,6.8544,LC
2069553.16,9752,6.785,LC
2069574.86,9750,4.1506,LC
2069575.31,9753,27.2206,BG
2069579.48,9751,4.1689,LC
2069580.96,9752,4.3388,LC
2069610.62,9750,8.9262,LC
2069624.82,9751,8.1052,LC
2069652.1,9752,4.8564,LC
2069656.91,9750,4.6033,LC
2069657.22,9753,31.6875,BG
2069674.07,9751,4.0874,LC
2069685.32,9752,4.1938,LC
2069690.34,9750,4.0377,LC
2069710.98,9751,6.868,LC
2069714.86,9752,4.5531,LC
2069732.85,9751,4.1142,LC
2069736.31,9753,28.1435,BG
2069739.68,9750,4.3027,LC
2069753.53,9752,4.3896,LC
2069782.36,9751,7.071,LC
2069784.27,9750,7.0827,LC
2069793.09,9752,5.662,LC
2069811.15,9751,3.9312,LC
2069815.43,9753,28.8715,BG
2069818.42,9750,4.0159,LC
2069825.38,9752,4.1094,LC
2069857.53,9751,4.9758,LC
2069867.38,9750,4.0526,LC
2069875.67,9752,4.03,LC
2069886.93,9751,5.0146,LC
2069887.72,9750,4.0693,LC
2069893.33,9753,27.7719,BG
2069916.97,9752,6.4244,LC
2069924.93,9751,7.3859,LC
2069926.79,9750,7.3517,LC
2069942.82,9752,7.5741,LC
2069962.56,9751,5.5399,LC
2069979.72,9753,36.2437,BG
2069980.12,9750,3.8574,LC
2070004.63,9751,4.9392,LC
2070004.7,9752,5.602,LC
2070017.16,9750,6.7545,LC
2070022.22,9752,6.3665,LC
2070035.92,9751,7.3547,LC
2070061.86,9753,31.9503,BG
2070062.55,9750,4.0544,LC
2070082.69,9752,5.7032,LC
2070103.1,9751,7.8513,LC
2070107.52,9750,8.8705,LC
2070107.69,9752,6.1735,LC
2070110.89,9751,4.2783,LC
2070135.65,9753,23.439,BG
2070174.5,9752,9.7461,LC
2070180.12,9750,7.6014,LC
2070187.96,9751,7.0608,LC
2070199.95,9752,5.578,LC
2070213.97,9753,28.0246,BG
2070227.0,9750,4.3346,LC
2070268.54,9751,5.2757,LC
2070275.91,9752,5.1318,LC
2070283.29,9750,3.8553,LC
2070294.04,9751,3.9589,LC
2070301.05,9752,3.9689,LC
2070301.12,9753,36.5844,BG
2070310.33,9750,4.0175,LC
2070323.13,9751,4.5626,LC
2070325.64,9752,6.1467,LC
2070326.5,9750,6.6534,LC
2070366.56,9751,7.3022,LC
2070369.29,9752,5.0353,LC
2070385.28,9753,34.0887,BG
2070403.03,9750,3.9161,LC
2070426.87,9751,9.5424,LC
2070432.79,9752,7.247,LC
2070444.17,9750,6.1839,LC
2070458.13,9751,6.6584,LC
2070460.44,9752,4.267,LC
2070467.19,9750,4.1217,LC
2070468.06,9753,32.4291,BG
2070480.78,9751,4.6023,LC
2070497.33,9752,4.9833,LC
2070543.74,9750,4.4627,LC
2070552.51,9753,33.8328,BG
2070552.6,9751,7.3953,LC
2070553.99,9752,6.5775,LC
2070602.42,9750,9.7941,LC
2070627.81,9751,4.2726,LC
2070631.11,9753,28.4668,BG
2070645.65,9752,4.5027,LC
2070716.5,9753,35.0688,BG
2070791.98,9750,6.1944,LC
2070805.57,9753,37.8372,BG
2070893.86,9753,37.7582,BG
2070903.74,9751,4.2326,LC
2070982.93,9753,37.9748,BG
2071061.59,9752,6.357,LC
2071068.81,9753,35.6554,BG
2071096.16,9750,8.0986,LC
2071160.44,9753,41.0952,BG
2071220.2,9751,10.7805,LC
2071249.88,9753,39.4376,BG
2071258.85,9752,4.6278,LC
2071260.96,9750,4.4125,LC
2071265.63,9751,4.6695,LC
2071274.81,9752,5.5016,LC
2071276.18,9750,4.7601,LC
2071279.99,9751,3.9477,LC
2071291.1,9750,4.6613,LC
2071305.02,9752,5.163,LC
2071313.37,9751,3.9763,LC
2071327.3,9753,25.442,BG
2071330.65,9750,5.1287,LC
2071368.65,9752,9.7005,LC
2071369.2,9751,9.4416,LC
2071395.06,9750,5.9316,LC
2071409.89,9753,32.2017,BG
2071420.01,9752,4.2103,LC
2071428.34,9751,5.4203,LC
2071469.77,9750,10.0721,LC
2071483.5,9752,5.8417,LC
2071486.96,9751,4.7539,LC
2071497.62,9753,37.3249,BG
2071502.24,9750,7.4638,LC
2071502.29,9752,5.696,LC
2071505.59,9751,4.143,LC
2071508.53,9752,4.6797,LC
2071527.36,9750,5.8554,LC
2071534.39,9751,5.1297,LC
2071536.05,9752,5.0128,LC
2071545.48,9750,4.7913,LC
2071556.88,9751,7.2827,LC
2071562.19,9752,6.2333,LC
2071564.78,9750,4.5729,LC
2071574.7,9751,4.0381,LC
2071580.46,9753,32.5324,BG
2071612.89,9752,10.9504,LC
2071646.17,9751,15.6757,LC
2071650.44,9752,8.6835,LC
2071650.52,9752,5.0545,LC
2071651.39,9750,17.4716,LC
2071651.58,9750,4.8478,LC
2071671.09,9753,40.0484,BG
2071680.63,9751,4.1374,LC
2071702.96,9752,6.8097,LC
2071707.4,9750,6.1574,LC
2071736.48,9751,6.9944,LC
2071746.18,9752,10.5796,LC
2071750.51,9750,12.3168,LC
2071750.85,9751,6.8345,LC
2071755.84,9752,4.47,LC
2071756.63,9753,35.4902,BG
2071761.41,9750,3.9365,LC
2071793.7,9751,9.0154,LC
2071798.8,9752,7.7758,LC
2071809.64,9750,7.0119,LC
2071828.69,9751,4.0053,LC
2071834.64,9753,27.7169,BG
2071854.58,9752,6.6784,LC
2071885.36,9750,9.4953,LC
2071913.48,9751,6.1535,LC
2071917.73,9753,32.6124,BG
2071924.57,9752,4.0975,LC
2071928.96,9750,8.2791,LC
2071929.13,9751,6.2519,LC
2071941.85,9752,4.428,LC
2071946.44,9750,4.1901,LC
2071987.74,9751,5.6539,LC
2071998.68,9752,4.1853,LC
2072001.83,9753,33.7195,BG
2072006.64,9750,4.3038,LC
2072023.47,9751,6.7656,LC
2072030.13,9752,7.3331,LC
2072041.16,9751,6.9469,LC
2072058.07,9750,7.8422,LC
2072059.72,9752,4.8448,LC
2072060.93,9751,4.534,LC
2072066.28,9750,4.413,LC
2072082.42,9753,30.3637,BG
2072093.02,9752,3.9142,LC
2072111.41,9751,5.5869,LC
2072130.82,9750,7.2718,LC
2072132.2,9752,8.8277,LC
2072136.13,9751,6.8979,LC
2072157.06,9753,23.8401,BG
2072161.94,9750,4.1058,LC
2072247.92,9753,40.5337,BG
2072248.08,9751,12.8611,LC
2072248.45,9752,14.3444,LC
2072250.29,9750,5.2067,LC
2072260.36,9752,4.9541,LC
2072265.81,9751,4.0126,LC
2072277.72,9750,4.9985,LC
2072318.73,9752,7.1546,LC
2072330.85,9753,32.5407,BG
2072348.04,9751,4.5628,LC
2072349.31,9750,4.326,LC
2072353.89,9752,4.3491,LC
2072359.11,9750,4.0792,LC
2072364.95,9751,4.3904,LC
2072382.96,9752,3.8738,LC
2072385.59,9750,4.5302,LC
2072389.17,9751,3.942,LC
2072406.98,9753,23.7987,BG
2072418.37,9750,3.8875,LC
2072455.39,9752,9.3684,LC
2072465.19,9751,9.1878,LC
2072474.23,9752,10.7018,LC
2072475.72,9750,8.415,LC
2072487.95,9753,30.593,BG
2072505.97,9751,5.2912,LC
2072519.74,9752,6.8206,LC
2072553.15,9750,6.908,LC
2072576.98,9753,38.7989,BG
2072587.92,9751,5.2571,LC
2072608.33,9752,7.7219,LC
2072659.8,9753,32.6517,BG
2072750.31,9753,39.9956,BG
2072792.13,9750,9.7748,LC
2072840.45,9753,39.7011,BG
2072908.61,9751,8.4488,LC
2072926.93,9753,36.0421,BG
2072941.04,9752,4.6238,LC
2072952.13,9750,4.9135,LC
2072956.91,9751,4.4371,LC
2073005.55,9752,5.1738,LC
2073012.58,9753,35.1636,BG
2073014.48,9750,4.1058,LC
2073020.35,9751,4.2861,LC
2073082.33,9752,8.2066,LC
2073095.07,9750,5.8625,LC
2073096.27,9751,5.8504,LC
2073102.58,9753,39.449,BG
2073131.8,9752,8.7738,LC
2073170.38,9750,6.9729,LC
2073189.94,9753,37.2176,BG
2073239.19,9751,8.7066,LC
2073258.12,9752,5.3147,LC
2073267.67,9753,27.6029,BG
2073344.09,9750,6.7234,LC
2073358.83,9753,40.6801,BG
2073404.14,9751,8.0555,LC
2073416.09,9752,6.9516,LC
2073437.81,9753,28.5437,BG
2073438.99,9750,4.1281,LC
2073456.19,9751,6.2515,LC
2073463.28,9752,6.1089,LC
2073483.9,9750,9.5132,LC
2073504.61,9751,6.3189,LC
2073520.42,9753,32.274,BG
2073522.63,9752,6.5896,LC
2073561.54,9750,9.7512,LC
2073602.32,9753,31.3793,BG
2073637.6,9751,9.6779,LC
2073644.94,9752,7.1086,LC
2073646.2,9750,7.6778,LC
2073659.44,9751,4.4236,LC
2073674.71,9752,4.426,LC
2073682.89,9753,29.0673,BG
2073687.29,9750,4.1029,LC
2073755.0,9751,6.8356,LC
2073767.71,9753,33.9774,BG
2073782.3,9752,6.1207,LC
2073852.62,9753,33.7708,BG
2073937.75,9753,34.9341,BG
2073938.14,9750,4.3558,LC
2074016.08,9751,4.5056,LC
2074018.88,9753,30.5783,BG
2074103.77,9752,5.6155,LC
2074104.55,9753,35.5145,BG
2074158.38,9750,7.9545,LC
2074188.73,9753,33.7772,BG
2074268.28,9753,29.4236,BG
2074350.18,9753,31.6088,BG
2074406.44,9751,9.0323,LC
2074431.66,9752,4.9154,LC
2074436.99,9753,36.8003,BG
2074462.57,9750,4.9372,LC
2074510.63,9753,23.2457,BG
2074596.07,9753,34.8202,BG
2074682.51,9753,35.524,BG
2074727.69,9751,8.9933,LC
2074762.64,9753,29.5058,BG
2074776.61,9752,5.1143,LC
2074792.3,9750,6.7111,LC
2074827.12,9751,10.145,LC
2074830.32,9752,6.5375,LC
2074847.15,9753,34.329,BG
2074881.11,9751,9.5881,LC
2074928.23,9753,30.645,BG
2074990.95,9750,8.6312,LC
2075012.13,9753,33.5074,BG
2075097.97,9753,35.5183,BG
2075135.91,9752,9.6432,LC
2075180.95,9753,32.6043,BG
2075188.57,9751,4.6538,LC
2075255.8,9750,4.112,LC
2075255.87,9753,24.6377,BG
2075294.3,9752,7.5322,LC
2075338.85,9753,32.7014,BG
2075393.18,9751,10.1786,LC
2075398.95,9750,7.3316,LC
2075417.29,9753,27.986,BG
2075443.58,9752,7.8429,LC
2075455.62,9751,6.5541,LC
2075490.87,9753,23.3243,BG
2075570.93,9753,29.8464,BG
2075634.46,9750,8.2981,LC
2075661.9,9753,40.7208,BG
2075707.63,9752,12.4181,LC
2075739.83,9753,27.6071,BG
2075748.9,9751,4.6864,LC
2075790.04,9750,4.0043,LC
2075811.05,9752,3.9311,LC
2075813.38,9753,23.3997,BG
2075890.22,9753,25.5817,BG
2075896.09,9751,4.2045,LC
2075977.42,9753,36.9052,BG
2076008.59,9750,10.9792,LC
2076015.45,9752,6.9204,LC
2076040.11,9751,8.7617,LC
2076050.34,9750,5.2742,LC
2076064.77,9753,37.2763,BG
2076065.17,9752,4.233,LC
2076153.72,9753,38.5132,BG
2076162.9,9751,5.0066,LC
2076173.85,9750,6.2767,LC
2076236.51,9753,32.5128,BG
2076258.46,9752,8.5412,LC
2076305.64,9751,7.5542,LC
2076323.63,9753,36.8768,BG
2076407.94,9753,33.5958,BG
2076421.22,9750,4.0406,LC
2076456.13,9752,9.9656,LC
2076488.93,9753,30.5461,BG
2076543.75,9751,10.8281,LC
2076548.82,9750,11.1235,LC
2076558.4,9752,5.5178,LC
2076573.44,9753,34.1421,BG
2076656.66,9753,32.5446,BG
2076695.42,9751,4.2647,LC
2076702.6,9750,4.2746,LC
2076712.8,9752,4.3021,LC
2076715.55,9751,5.2603,LC
2076732.27,9753,25.387,BG
2076733.77,9750,4.2157,LC
2076775.14,9752,4.288,LC
2076789.24,9751,4.551,LC
2076805.47,9750,6.1217,LC
2076807.94,9752,4.6584,LC
2076810.4,9753,28.0063,BG
2076813.39,9751,3.995,LC
2076844.19,9750,7.4099,LC
2076852.13,9752,9.3934,LC
2076852.59,9751,6.0881,LC
2076856.6,9750,7.39,LC
2076859.46,9752,4.0689,LC
2076870.85,9751,4.1712,LC
2076885.13,9753,24.4395,BG
2076904.21,9750,5.4466,LC
2076905.99,9752,5.0205,LC
2076917.7,9751,6.9455,LC
2076930.75,9750,8.3405,LC
2076941.2,9752,8.2755,LC
2076944.55,9751,5.6405,LC
2076952.55,9750,3.9592,LC
2076961.92,9753,25.5929,BG
2076992.46,9752,10.0615,LC
2076996.95,9751,7.1901,LC
2077012.07,9750,7.2377,LC
2077020.13,9752,4.8319,LC
2077033.33,9751,3.937,LC
2077039.47,9753,27.3647,BG
2077061.63,9750,6.1299,LC
2077064.09,9752,5.8389,LC
2077070.22,9751,4.1811,LC
2077107.35,9750,6.6752,LC
2077114.66,9752,5.9475,LC
2077122.45,9751,4.1646,LC
2077125.61,9753,35.841,BG
2077130.42,9750,3.9149,LC
2077173.64,9752,10.9304,LC
2077176.72,9751,8.6088,LC
2077189.9,9750,4.2043,LC
2077203.25,9753,27.1836,BG
2077250.11,9752,10.7367,LC
2077256.45,9751,7.591,LC
2077285.11,9750,5.0711,LC
2077287.33,9753,33.9324,BG
2077296.57,9752,5.8162,LC
2077331.85,9751,10.1278,LC
2077333.38,9750,10.4343,LC
2077346.58,9752,8.2645,LC
2077357.39,9751,4.1146,LC
2077369.13,9750,3.9521,LC
2077373.04,9752,4.0184,LC
2077373.25,9753,35.9232,BG
2077399.84,9750,12.3329,LC
2077400.25,9751,9.784,LC
2077406.95,9752,4.427,LC
2077453.8,9753,30.3398,BG
2077483.61,9750,7.746,LC
2077516.53,9751,7.8432,LC
2077535.2,9752,6.8793,LC
2077535.28,9751,6.5887,LC
2077535.4,9750,9.3038,LC
2077542.55,9752,3.9278,LC
2077543.19,9753,38.9714,BG
2077587.17,9750,10.5774,LC
2077601.92,9751,10.0022,LC
2077605.27,9752,7.2251,LC
2077625.95,9750,4.1142,LC
2077628.27,9751,4.0579,LC
2077630.39,9753,36.0743,BG
2077662.98,9752,10.2512,LC
2077665.9,9750,7.4341,LC
2077670.96,9751,5.488,LC
2077694.28,9750,8.5724,LC
2077713.56,9753,33.1185,BG
2077728.82,9752,4.3961,LC
2077729.35,9751,4.4534,LC
2077734.42,9750,4.4788,LC
2077736.96,9752,4.6469,LC
2077739.93,9751,4.3672,LC
2077764.15,9750,9.3809,LC
2077776.9,9752,7.3886,LC
2077792.29,9751,6.056,LC
2077802.56,9750,6.6684,LC
2077805.53,9753,41.8446,BG
2077821.41,9752,3.9674,LC
2077858.58,9751,8.6959,LC
2077860.84,9750,10.0774,LC
2077873.5,9752,4.0248,LC
2077877.45,9751,4.2406,LC
2077884.05,9753,27.8684,BG
2077921.46,9750,10.9585,LC
2077925.11,9752,12.6824,LC
2077927.56,9751,10.2456,LC
2077932.4,9750,5.1947,LC
2077941.04,9751,6.7225,LC
2077956.62,9752,4.2022,LC
2077958.37,9753,24.0822,BG
2077979.9,9750,7.5108,LC
2077992.76,9751,8.0099,LC
2077997.97,9752,7.2773,LC
2078040.51,9753,31.7829,BG
2078045.79,9750,4.0798,LC
2078055.35,9751,4.1367,LC
2078094.65,9752,10.4203,LC
2078127.73,9753,36.5664,BG
2078129.49,9750,7.1054,LC
2078132.04,9751,7.498,LC
2078134.16,9752,4.2173,LC
2078137.88,9750,4.3223,LC
2078144.15,9751,4.3139,LC
2078196.48,9752,7.5186,LC
2078215.96,9753,37.7198,BG
2078307.13,9750,6.5858,LC
2078307.3,9753,40.7777,BG
2078311.31,9751,5.0475,LC
2078334.88,9752,9.4659,LC
2078339.26,9750,7.9952,LC
2078368.7,9751,6.3235,LC
2078374.53,9752,4.146,LC
2078389.3,9753,32.0739,BG
2078404.43,9750,6.6496,LC
2078467.21,9751,5.415,LC
2078471.71,9752,3.9657,LC
2078475.14,9753,35.3845,BG
2078518.93,9750,8.4167,LC
2078522.72,9751,7.9781,LC
2078525.58,9752,6.4222,LC
2078528.64,9750,5.4421,LC
2078550.34,9753,25.0636,BG
2078584.41,9751,6.636,LC
2078624.08,9753,23.2457,BG
2078635.09,9752,4.2257,LC
2078637.54,9750,4.214,LC
2078658.06,9751,4.1828,LC
2078698.68,9753,24.6452,BG
2078733.21,9752,7.4148,LC
2078733.32,9752,7.2964,LC
2078734.97,9750,11.3237,LC
2078736.31,9751,10.8951,LC
2078745.11,9750,5.8848,LC
2078754.96,9752,5.7944,LC
2078773.74,9753,24.8867,BG
2078782.67,9751,4.2416,LC
2078800.59,9750,7.014,LC
2078810.98,9752,7.296,LC
2078826.77,9751,9.6792,LC
2078846.61,9750,5.2356,LC
2078857.23,9752,5.2731,LC
2078859.53,9753,35.2852,BG
2078864.39,9751,3.8993,LC
2078895.1,9750,7.2758,LC
2078916.79,9752,5.2939,LC
2078937.87,9751,3.9683,LC
2078941.42,9753,31.5213,BG
2078957.53,9750,5.923,LC
2078976.31,9752,4.6844,LC
2079005.99,9751,6.4277,LC
2079011.65,9750,6.3545,LC
2079013.9,9752,5.7067,LC
2079018.57,9751,4.0132,LC
2079024.07,9753,32.4724,BG
2079074.76,9751,16.2209,LC
2079075.03,9752,17.2093,LC
2079084.11,9750,10.5146,LC
2079084.16,9750,6.922,LC
2079084.2,9750,7.6632,LC
2079086.82,9751,9.6497,LC
2079088.06,9752,5.3995,LC
2079095.92,9750,4.0056,LC
2079098.39,9753,24.0815,BG
2079109.81,9751,4.0673,LC
2079114.91,9752,4.5286,LC
2079117.95,9750,4.3124,LC
2079148.54,9751,9.6442,LC
2079156.08,9752,7.0263,LC
2079160.27,9750,7.3164,LC
2079166.94,9751,3.8943,LC
2079183.34,9753,34.8075,BG
2079190.58,9752,4.3773,LC
2079267.76,9753,33.9637,BG
2079351.39,9753,32.574,BG
2079354.74,9750,4.2332,LC
2079437.75,9751,4.0373,LC
2079437.99,9753,34.3612,BG
2079466.74,9750,8.7078,LC
2079468.07,9752,10.1793,LC
2079518.83,9753,30.4876,BG
2079543.67,9751,6.9948,LC
2079606.5,9753,37.2194,BG
2079680.06,9753,23.3383,BG
2079698.46,9750,3.8935,LC
2079721.01,9752,4.1243,LC
2079754.18,9753,23.9571,BG
2079827.55,9753,23.3192,BG
2079861.2,9751,7.4266,LC
2079885.85,9750,12.3588,LC
2079909.77,9753,31.3745,BG
2079956.46,9752,10.1346,LC
2079990.32,9751,4.8807,LC
2079993.96,9753,33.6954,BG
2080045.23,9750,12.4775,LC
2080048.7,9752,8.207,LC
2080075.22,9753,30.8251,BG
2080082.84,9751,5.9416,LC
2080095.71,9750,6.1418,LC
2080098.66,9752,6.1785,LC
2080141.37,9751,6.9989,LC
2080157.03,9753,31.4813,BG
2080165.28,9750,4.1289,LC
2080243.56,9753,36.1775,BG
2080271.26,9752,9.4668,LC
2080296.25,9751,10.6385,LC
2080323.04,9753,28.6462,BG
2080380.09,9750,10.6775,LC
2080382.76,9752,7.3212,LC
2080408.56,9753,35.3123,BG
2080497.15,9753,38.1287,BG
2080581.22,9753,33.5529,BG
2080640.79,9750,12.2388,LC
2080642.94,9751,20.7026,LC
2080643.11,9752,18.522,LC
2080647.74,9750,4.2099,LC
2080662.61,9753,29.5543,BG
2080664.89,9751,4.1591,LC
2080674.35,9752,4.2247,LC
2080752.61,9753,39.3252,BG
2080838.96,9753,35.8471,BG
2080843.55,9750,4.1341,LC
2080848.33,9751,3.9301,LC
2080862.52,9752,6.1576,LC
2080890.84,9750,10.9691,LC
2080907.99,9751,6.3902,LC
2080920.49,9753,31.5156,BG
2080949.86,9752,9.9069,LC
2080960.26,9750,7.2042,LC
2080972.34,9751,7.5453,LC
2080982.86,9752,7.226,LC
2080985.67,9750,6.5381,LC
2081004.07,9753,33.1653,BG
2081018.51,9751,4.2257,LC
2081048.37,9752,11.7993,LC
2081051.37,9750,10.6678,LC
2081053.23,9751,8.7585,LC
2081079.35,9752,4.9065,LC
2081082.28,9753,28.0769,BG
2081120.77,9750,10.1886,LC
2081157.31,9751,4.8148,LC
2081164.29,9753,31.6786,BG
2081169.62,9752,3.9414,LC
2081180.47,9750,4.1176,LC
2081208.77,9751,8.4177,LC
2081242.65,9752,6.029,LC
2081244.79,9753,30.0296,BG
2081254.11,9750,4.0634,LC
2081264.13,9751,4.7809,LC
2081302.04,9752,12.5807,LC
2081302.21,9750,7.8636,LC
2081315.48,9752,9.6341,LC
2081316.51,9751,10.9964,LC
2081325.01,9750,4.267,LC
2081331.47,9753,35.2677,BG
2081334.23,9752,4.6516,LC
2081342.23,9751,4.0775,LC
2081346.48,9751,4.0446,LC
2081346.75,9750,8.4428,LC
2081347.32,9752,7.0221,LC
2081369.55,9751,6.6672,LC
2081384.86,9750,8.8189,LC
2081389.63,9752,8.2075,LC
2081397.21,9751,4.1136,LC
2081404.55,9750,4.3745,LC
2081414.06,9753,29.3489,BG
2081417.19,9752,4.4637,LC
2081439.1,9751,7.3735,LC
2081442.2,9750,7.4364,LC
2081444.17,9752,5.4823,LC
2081492.52,9751,7.3628,LC
2081504.0,9753,41.0896,BG
2081519.66,9750,5.1723,LC
2081560.09,9752,11.6755,LC
2081566.74,9751,6.2657,LC
2081585.35,9750,4.6728,LC
2081587.51,9753,33.1263,BG
2081611.16,9752,9.4604,LC
2081617.75,9751,9.1687,LC
2081621.1,9750,6.8244,LC
2081665.15,9752,5.1702,LC
2081671.38,9751,3.9623,LC
2081673.27,9753,35.3641,BG
2081678.31,9750,4.6039,LC
2081684.24,9752,4.6607,LC
2081691.64,9751,4.1404,LC
2081692.7,9750,4.0938,LC
2081726.76,9752,9.6812,LC
2081757.32,9751,3.9451,LC
2081758.96,9753,35.4855,BG
2081775.06,9752,4.412,LC
2081775.4,9750,6.3131,LC
2081778.59,9751,4.1998,LC
2081782.02,9752,4.5774,LC
2081785.74,9751,6.7357,LC
2081820.48,9750,3.919,LC
2081829.89,9752,5.9192,LC
2081830.7,9751,4.2898,LC
2081839.8,9753,30.3562,BG
2081883.16,9750,10.4965,LC
2081887.08,9752,6.7588,LC
2081889.75,9751,6.1758,LC
2081906.17,9750,5.2293,LC
2081920.11,9753,30.1164,BG
2081934.59,9752,4.4985,LC
2081946.92,9751,5.1523,LC
2081952.1,9750,4.1571,LC
2081953.62,9752,4.2255,LC
2081989.09,9752,6.2202,LC
2081991.6,9750,10.9033,LC
2081991.72,9751,12.3884,LC
2082008.06,9752,4.1395,LC
2082008.47,9753,38.2309,BG
2082010.85,9750,4.3595,LC
2082038.83,9751,6.2031,LC
2082064.39,9752,12.0099,LC
2082075.52,9750,8.7874,LC
2082076.58,9751,8.3159,LC
2082088.3,9753,29.0515,BG
2082119.8,9752,9.3605,LC
2082125.93,9750,7.3551,LC
2082147.39,9752,10.8221,LC
2082159.48,9751,6.2941,LC
2082175.56,9753,36.3463,BG
2082179.88,9750,4.3499,LC
2082233.37,9752,12.2299,LC
2082236.09,9751,8.4795,LC
2082244.44,9750,5.6862,LC
2082248.47,9752,4.1597,LC
2082250.84,9751,4.2352,LC
2082255.71,9750,4.393,LC
2082259.42,9752,4.0737,LC
2082267.28,9753,39.9434,BG
2082270.39,9751,4.0475,LC
2082277.97,9750,4.1086,LC
2082287.63,9752,4.3202,LC
2082317.33,9751,7.1012,LC
2082339.89,9750,4.2243,LC
2082347.74,9752,5.1389,LC
2082349.88,9753,32.1778,BG
2082388.85,9751,9.8394,LC
2082391.5,9750,9.979,LC
2082396.84,9752,8.0042,LC
2082427.15,9753,26.9294,BG
2082428.11,9751,5.8788,LC
2082430.53,9750,5.348,LC
2082454.86,9752,7.1765,LC
2082483.24,9751,8.2465,LC
2082489.37,9750,5.7887,LC
2082507.58,9753,30.0962,BG
2082514.17,9752,4.5475,LC
2082519.06,9751,4.5388,LC
2082522.07,9750,4.5911,LC
2082549.78,9752,10.7791,LC
2082594.31,9753,36.3443,BG
2082655.3,9751,9.9831,LC
2082687.19,9750,4.5242,LC
2082690.83,9753,45.9607,BG
2082732.28,9752,7.2392,LC
2082743.63,9751,9.8037,LC
2082755.71,9750,5.2499,LC
2082767.82,9752,3.9296,LC
2082769.89,9753,28.5646,BG
2082804.4,9751,8.4248,LC
2082807.35,9750,7.7692,LC
2082836.37,9752,4.8352,LC
2082839.87,9751,4.5663,LC
2082850.22,9753,29.9898,BG
2082860.3,9752,5.8328,LC
2082860.41,9750,6.0489,LC
2082886.31,9751,8.1758,LC
2082911.95,9752,9.1121,LC
2082926.39,9750,8.3666,LC
2082926.43,9751,6.3743,LC
2082926.53,9752,5.2142,LC
2082939.41,9753,38.8286,BG
2082987.22,9750,11.0725,LC
2082994.79,9751,6.3176,LC
2083005.04,9752,5.8718,LC
2083018.6,9753,29.0166,BG
2083046.21,9750,5.336,LC
2083048.7,9751,4.1637,LC
2083060.27,9752,5.0094,LC
2083060.45,9750,6.5343,LC
2083061.59,9751,6.2676,LC
2083074.15,9752,5.4191,LC
2083082.8,9751,6.63,LC
2083084.17,9750,8.2496,LC
2083093.75,9753,24.845,BG
2083114.59,9752,6.9693,LC
2083114.68,9750,5.0106,LC
2083118.03,9751,4.8541,LC
2083119.7,9750,4.0282,LC
2083123.06,9752,4.4348,LC
2083129.57,9750,4.247,LC
2083144.6,9751,5.2041,LC
2083167.98,9752,4.0849,LC
2083170.54,9750,4.2884,LC
2083172.77,9753,29.2139,BG
2083183.76,9751,4.1914,LC
2083189.75,9752,4.4733,LC
2083222.37,9750,6.8754,LC
2083233.57,9751,7.8186,LC
2083244.53,9752,5.0741,LC
2083254.31,9753,31.2451,BG
2083254.7,9750,4.1633,LC
2083260.75,9751,3.9629,LC
2083287.16,9752,7.5314,LC
2083291.36,9750,6.5382,LC
2083323.22,9751,6.5176,LC
2083341.85,9753,36.2746,BG
2083348.9,9752,4.4426,LC
2083398.75,9750,5.1687,LC
2083421.67,9753,29.3472,BG
2083425.87,9751,4.1016,LC
2083506.59,9752,4.2596,LC
2083508.98,9753,37.2727,BG
2083531.32,9750,7.1905,LC
2083589.25,9753,29.9323,BG
2083625.15,9751,9.7562,LC
2083652.94,9752,7.3497,LC
2083661.74,9750,8.7568,LC
2083671.01,9751,4.2875,LC
2083678.7,9753,39.149,BG
2083765.04,9753,35.9307,BG
2083818.55,9752,11.1307,LC
2083846.13,9753,30.6598,BG
2083922.4,9753,26.0429,BG
2083963.41,9750,9.9733,LC
2084000.04,9751,6.6062,LC
2084008.12,9753,35.5718,BG
2084095.49,9752,6.6302,LC
2084104.64,9753,46.1763,BG
2084139.31,9750,9.6508,LC
2084191.16,9753,35.9621,BG
2084278.28,9753,36.5641,BG
2084279.78,9751,4.3639,LC
2084292.63,9752,4.0573,LC
2084309.68,9750,7.3714,LC
2084318.92,9751,5.653,LC
2084320.92,9752,5.2388,LC
2084332.16,9750,6.3324,LC
2084341.16,9751,4.0249,LC
2084355.24,9753,26.7317,BG
2084377.98,9752,6.675,LC
2084378.05,9750,4.4322,LC
2084379.79,9751,4.577,LC
2084386.0,9750,4.2783,LC
2084428.14,9752,4.0877,LC
2084434.67,9751,4.1919,LC
2084436.45,9753,30.8635,BG
2084469.25,9750,7.4388,LC
2084490.8,9752,4.4643,LC
2084511.73,9753,25.2306,BG
2084513.92,9751,4.5127,LC
2084519.68,9750,4.0347,LC
2084546.71,9752,7.5992,LC
2084550.51,9751,7.8417,LC
2084579.36,9750,7.2552,LC
2084597.76,9753,35.4778,BG
2084611.15,9752,5.9338,LC
2084660.47,9751,12.783,LC
2084663.71,9750,13.3203,LC
2084675.19,9752,5.2583,LC
2084683.91,9752,3.803,LC
2084685.17,9750,8.3578,LC
2084687.05,9751,7.9647,LC
2084687.79,9751,6.4001,LC
2084688.42,9752,4.239,LC
2084693.08,9750,4.0405,LC
2084695.95,9751,4.5966,LC
2084698.65,9753,50.9544,BG
2084713.19,9752,4.6769,LC
2084718.11,9750,4.2743,LC
2084769.71,9751,4.9386,LC
2084780.24,9753,31.4095,BG
2084784.59,9752,4.3565,LC
2084816.22,9750,4.6314,LC
2084836.09,9751,6.5507,LC
2084838.86,9752,4.3869,LC
2084843.92,9750,4.4389,LC
2084856.4,9751,4.3751,LC
2084860.2,9753,28.3685,BG
2084862.61,9750,4.4719,LC
2084865.15,9752,6.6921,LC
2084865.92,9751,4.7932,LC
2084867.21,9750,4.3937,LC
2084873.91,9752,4.1788,LC
2084905.36,9751,7.9351,LC
2084931.61,9750,4.0666,LC
2084939.94,9753,30.8423,BG
2084940.15,9752,4.0678,LC
2084963.08,9751,6.0108,LC
2084974.16,9750,6.389,LC
2085007.51,9752,13.9494,LC
2085009.02,9751,11.6398,LC
2085013.97,9750,4.9963,LC
2085026.62,9753,36.5278,BG
2085062.47,9752,7.6775,LC
2085089.26,9751,8.7425,LC
2085108.18,9753,31.287,BG
2085120.81,9750,5.4145,LC
2085138.6,9752,5.6395,LC
2085158.62,9751,5.676,LC
2085185.05,9753,26.6204,BG
2085187.72,9750,4.2207,LC
2085232.94,9752,6.9638,LC
2085252.84,9751,5.4121,LC
2085261.06,9750,4.5185,LC
2085266.22,9753,31.0726,BG
2085285.09,9752,6.8136,LC
2085348.44,9753,31.996,BG
2085364.9,9751,4.8005,LC
2085378.92,9750,4.8126,LC
2085381.41,9752,4.057,LC
2085390.56,9751,4.0749,LC
2085402.46,9750,5.8974,LC
2085406.39,9752,4.0558,LC
2085423.77,9750,3.9947,LC
2085424.73,9751,4.3944,LC
2085428.45,9753,29.1175,BG
2085445.81,9752,4.3454,LC
2085469.59,9750,6.8305,LC
2085498.5,9751,4.1716,LC
2085506.44,9753,27.7206,BG
2085529.75,9752,6.8631,LC
2085539.54,9750,6.7629,LC
2085556.02,9751,9.2652,LC
2085560.27,9752,7.8985,LC
2085568.11,9750,3.8512,LC
2085582.21,9753,25.6184,BG
2085596.16,9751,6.169,LC
2085616.28,9752,6.8062,LC
2085632.5,9750,6.9318,LC
2085665.47,9753,32.8921,BG
2085716.54,9751,7.4101,LC
2085748.64,9753,32.8325,BG
2085778.93,9752,7.4682,LC
2085796.89,9750,7.2193,LC
2085802.09,9751,6.5333,LC
2085803.0,9752,4.7874,LC
2085807.39,9750,4.1493,LC
2085811.0,9751,4.0479,LC
2085824.67,9753,23.7775,BG
2085844.53,9752,4.5077,LC
2085856.83,9750,6.2006,LC
2085861.62,9751,6.4529,LC
2085897.08,9752,4.25,LC
2085901.75,9753,26.6324,BG
2085912.42,9750,3.9858,LC
2085942.63,9751,6.7548,LC
2085959.98,9752,9.915,LC
2085979.54,9750,4.7038,LC
2085984.58,9751,4.0395,LC
2085986.21,9753,32.8618,BG
2086016.61,9752,7.611,LC
2086022.46,9750,7.7474,LC
2086064.22,9751,4.1324,LC
2086065.76,9753,29.3378,BG
2086094.32,9752,6.6533,LC
2086153.26,9753,37.3835,BG
2086207.63,9750,7.31,LC
2086232.11,9753,27.9563,BG
2086316.9,9753,34.5953,BG
2086403.18,9753,36.1118,BG
2086485.69,9753,32.1868,BG
2086514.34,9751,6.0121,LC
2086514.44,9752,5.9588,LC
2086563.87,9753,27.9347,BG
2086568.03,9750,3.9696,LC
2086598.87,9751,6.6683,LC
2086614.59,9752,7.6088,LC
2086644.6,9750,4.4014,LC
2086648.28,9753,34.1051,BG
2086678.55,9751,6.6442,LC
2086726.15,9753,27.607,BG
2086807.83,9752,7.2839,LC
2086815.82,9753,39.3752,BG
2086839.91,9750,6.943,LC
2086871.42,9751,5.4522,LC
2086900.24,9753,34.1551,BG
2086924.42,9752,7.7258,LC
2086956.7,9750,9.5985,LC
2086987.19,9753,35.8795,BG
2087065.37,9753,27.8647,BG
2087086.08,9751,5.304,LC
2087132.02,9752,7.1963,LC
2087146.19,9753,30.6116,BG
2087202.15,9750,6.8159,LC
2087222.64,9753,26.3585,BG
2087229.11,9751,4.1563,LC
2087235.52,9752,4.4179,LC
2087301.5,9753,28.2731,BG
2087332.95,9750,6.2955,LC
2087378.54,9751,4.0703,LC
2087382.21,9753,30.632,BG
2087403.3,9752,4.3856,LC
2087437.18,9750,6.8511,LC
2087464.39,9753,31.9044,BG
2087538.19,9753,23.631,BG
2087584.9,9751,7.2348,LC
2087597.49,9752,9.5288,LC
2087615.96,9753,27.3661,BG
2087636.25,9750,5.4055,LC
2087654.63,9751,6.6472,LC
2087698.32,9753,32.2222,BG
2087737.19,9752,7.2773,LC
2087740.46,9750,6.956,LC
2087776.61,9753,27.8896,BG
2087846.6,9751,7.9091,LC
2087862.59,9753,35.7249,BG
2087947.43,9753,34.3258,BG
2087985.34,9752,10.1977,LC
2088009.92,9750,8.3997,LC
2088031.76,9753,33.8964,BG
2088112.95,9753,30.9308,BG
2088126.88,9751,4.9601,LC
2088160.51,9752,9.6968,LC
2088175.16,9750,7.4501,LC
2088192.54,9753,29.5055,BG
2088219.38,9751,7.2536,LC
2088277.18,9752,4.7383,LC
2088278.41,9753,35.676,BG
2088289.55,9750,4.61,LC
2088366.41,9753,37.4577,BG
2088450.96,9753,34.1399,BG
2088480.51,9751,8.2166,LC
2088519.1,9752,9.1537,LC
2088545.23,9750,5.0413,LC
2088568.15,9751,4.3458,LC
2088607.38,9752,6.0013,LC
2088635.95,9750,3.9473,LC
2088637.88,9753,127.6798,BG
2088672.64,9751,7.4247,LC
2088707.11,9752,7.2427,LC
2088719.34,9750,3.8676,LC
2088725.97,9751,5.9646,LC
2088726.49,9753,38.3033,BG
2088770.75,9752,9.8432,LC
2088809.9,9753,32.8202,BG
2088814.43,9750,4.1539,LC
2088842.93,9751,10.0506,LC
2088895.74,9753,35.5841,BG
2088896.29,9752,4.5392,LC
2088906.3,9750,4.2995,LC
2088908.88,9751,4.0402,LC
2088911.52,9752,4.1017,LC
2088959.12,9750,7.851,LC
2088963.04,9751,7.7402,LC
2088972.9,9752,4.5352,LC
2088983.27,9753,36.5573,BG
2088991.14,9750,4.5934,LC
2089039.53,9751,10.6205,LC
2089070.27,9753,35.9353,BG
2089083.81,9752,5.1821,LC
2089110.44,9750,10.702,LC
2089119.9,9751,7.0693,LC
2089153.53,9753,32.9294,BG
2089229.59,9752,5.235,LC
2089241.1,9753,36.8626,BG
2089249.1,9750,4.6843,LC
2089274.05,9751,9.4241,LC
2089321.45,9753,30.1141,BG
2089340.51,9752,4.6758,LC
2089360.33,9750,7.5133,LC
2089399.97,9753,28.317,BG
2089411.66,9751,4.4906,LC
2089462.1,9752,10.0195,LC
2089483.05,9753,32.7804,BG
2089519.11,9750,10.8445,LC
2089565.54,9753,31.8987,BG
2089636.45,9751,7.025,LC
2089649.95,9753,34.172,BG
2089713.67,9752,7.8703,LC
2089732.72,9753,32.3559,BG
2089732.92,9750,4.3686,LC
2089739.19,9751,3.988,LC
2089806.45,9752,12.1916,LC
2089806.51,9750,9.5666,LC
2089815.25,9753,32.2997,BG
2089898.87,9751,5.7904,LC
2089906.1,9753,40.0448,BG
2089959.16,9750,10.4644,LC
2089985.07,9753,28.8916,BG
2090070.08,9752,4.3436,LC
2090071.24,9753,35.8568,BG
2090133.36,9751,10.6341,LC
2090156.16,9753,34.5562,BG
2090157.08,9750,4.6234,LC
2090187.75,9752,4.7512,LC
2090219.56,9751,3.9888,LC
2090232.4,9753,25.9639,BG
2090254.46,9750,6.5936,LC
2090254.52,9752,5.8542,LC
2090316.85,9753,34.2025,BG
2090319.43,9751,4.2066,LC
2090391.3,9752,6.386,LC
2090403.59,9753,36.1477,BG
2090447.08,9750,10.0324,LC
2090458.39,9751,8.2465,LC
2090482.59,9753,28.605,BG
2090568.88,9752,4.4775,LC
2090569.29,9753,36.0419,BG
2090588.63,9750,6.3842,LC
2090637.36,9751,5.8772,LC
2090650.44,9753,30.8402,BG
2090704.39,9752,11.1681,LC
2090737.46,9753,36.6217,BG
2090743.09,9750,5.4784,LC
2090836.51,9753,48.5088,BG
2090841.12,9751,4.0372,LC
2090872.3,9752,4.14,LC
2090900.29,9750,5.948,LC
2090913.21,9753,25.9939,BG
2090996.15,9753,33.0238,BG
2090998.7,9751,4.2396,LC
2091081.1,9753,34.8173,BG
2091084.2,9752,4.5868,LC
2091109.32,9750,8.4172,LC
2091161.68,9753,30.2473,BG
2091216.02,9751,9.405,LC
2091248.11,9752,5.0515,LC
2091250.56,9753,38.1693,BG
2091337.63,9753,36.6502,BG
2091344.97,9750,4.1084,LC
2091353.01,9751,4.0829,LC
2091369.07,9752,5.0315,LC
2091423.52,9753,35.8596,BG
2091510.24,9753,35.5786,BG
2091517.59,9750,4.5104,LC
2091525.82,9751,4.2834,LC
2091537.91,9752,5.2478,LC
2091565.96,9750,9.4579,LC
2091593.46,9753,32.9267,BG
2091613.79,9751,7.8871,LC
2091679.86,9753,34.5231,BG
2091765.96,9753,35.8357,BG
2091778.16,9752,4.5478,LC
2091807.15,9750,4.1773,LC
2091836.39,9751,3.998,LC
2091840.42,9753,24.415,BG
2091843.69,9752,4.072,LC
2091852.08,9750,3.9843,LC
2091915.5,9751,4.2817,LC
2091920.93,9753,30.3189,BG
2092000.44,9752,4.6828,LC
2092004.83,9753,33.6111,BG
2092041.47,9750,6.841,LC
2092057.12,9751,7.742,LC
2092066.08,9752,7.5189,LC
2092084.14,9750,4.1797,LC
2092088.61,9753,33.4297,BG
2092157.12,9751,8.5549,LC
2092167.39,9752,3.9398,LC
2092173.04,9753,34.338,BG
2092175.62,9750,4.0587,LC
2092203.57,9751,8.2231,LC
2092218.32,9752,9.389,LC
2092233.09,9750,9.2143,LC
2092234.26,9751,7.8545,LC
2092254.5,9753,31.0686,BG
2092268.09,9752,4.3338,LC
2092278.85,9750,4.3167,LC
2092285.46,9751,4.6825,LC
2092291.46,9752,5.8699,LC
2092293.81,9750,5.3021,LC
2092318.97,9751,3.9643,LC
2092323.29,9752,4.0043,LC
2092330.85,9753,26.1817,BG
2092346.91,9750,5.6449,LC
2092407.06,9751,5.181,LC
2092408.18,9752,5.3299,LC
2092418.25,9753,36.1739,BG
2092443.74,9750,8.5112,LC
2092453.1,9751,6.27,LC
2092464.38,9752,7.1597,LC
2092466.19,9750,5.6562,LC
2092473.04,9751,4.0445,LC
2092491.99,9753,23.4115,BG
2092499.6,9752,4.2035,LC
2092509.44,9750,4.3769,LC
2092533.18,9751,8.8796,LC
2092555.5,9752,7.3201,LC
2092572.99,9750,4.4629,LC
2092582.33,9753,39.2577,BG
2092582.44,9751,4.9459,LC
2092583.22,9752,6.4686,LC
2092584.03,9750,5.4982,LC
2092591.44,9751,3.927,LC
2092639.77,9750,14.6533,LC
2092639.84,9752,10.5148,LC
2092639.88,9752,8.0271,LC
2092639.92,9751,12.4282,LC
2092652.12,9751,5.9676,LC
2092653.25,9750,4.9873,LC
2092657.58,9752,4.0271,LC
2092668.13,9753,35.7761,BG
2092720.47,9751,10.7261,LC
2092734.42,9750,7.0619,LC
2092743.02,9752,4.3012,LC
2092753.55,9753,35.3468,BG
2092754.53,9751,4.1554,LC
2092790.58,9750,10.1241,LC
2092800.42,9752,7.4403,LC
2092819.51,9751,9.4839,LC
2092835.56,9753,31.8731,BG
2092842.66,9750,5.0471,LC
2092845.53,9752,4.2706,LC
2092858.39,9751,3.9502,LC
2092897.42,9750,8.955,LC
2092913.36,9752,4.4609,LC
2092919.74,9753,33.8775,BG
2092943.48,9751,9.1723,LC
2092968.92,9750,10.0733,LC
2092982.22,9752,5.8991,LC
2092986.59,9751,5.7357,LC
2093001.84,9750,3.8531,LC
2093005.96,9753,36.0159,BG
2093038.0,9752,9.7959,LC
2093039.23,9751,9.1868,LC
2093048.68,9750,6.532,LC
2093054.36,9752,5.4541,LC
2093059.67,9750,5.7332,LC
2093065.82,9751,4.4223,LC
2093072.13,9752,4.0641,LC
2093086.35,9753,30.0197,BG
2093087.72,9750,4.241,LC
2093095.82,9751,4.3633,LC
2093122.21,9752,8.1321,LC
2093166.98,9753,30.6563,BG
2093175.21,9751,4.3038,LC
2093175.26,9751,4.4645,LC
2093175.94,9752,7.0586,LC
2093178.8,9750,9.8545,LC
2093178.88,9750,4.3468,LC
2093194.48,9751,4.4374,LC
2093198.63,9750,4.0419,LC
2093199.08,9752,4.692,LC
2093213.7,9751,4.4953,LC
2093237.19,9750,4.4956,LC
2093245.45,9753,28.3022,BG
2093264.16,9752,7.6914,LC
2093272.59,9751,7.0998,LC
2093272.64,9751,4.7701,LC
2093273.25,9750,6.3848,LC
2093276.02,9752,4.7882,LC
2093289.19,9751,5.6051,LC
2093307.9,9750,4.6905,LC
2093316.27,9752,4.6679,LC
2093321.81,9753,26.1385,BG
2093358.57,9751,8.371,LC
2093401.44,9753,29.3636,BG
2093405.3,9750,4.2985,LC
2093406.73,9752,4.9876,LC
2093409.6,9751,3.9428,LC
2093414.03,9750,4.0755,LC
2093486.43,9753,34.5261,BG
2093545.67,9752,11.2572,LC
2093563.24,9751,5.6279,LC
2093573.46,9750,4.72,LC
2093575.76,9753,37.6188,BG
2093615.35,9752,7.6183,LC
2093652.14,9751,4.5763,LC
2093658.05,9750,4.4519,LC
2093658.93,9752,4.3211,LC
2093659.42,9753,33.3683,BG
2093661.02,9750,4.2489,LC
2093664.82,9751,4.2752,LC
2093671.99,9750,4.3333,LC
2093675.75,9752,4.3296,LC
2093696.75,9750,6.9129,LC
2093715.11,9751,4.6078,LC
2093716.65,9752,5.401,LC
2093735.38,9753,25.7554,BG
2093753.62,9750,4.9234,LC
2093776.6,9751,6.8296,LC
2093814.83,9753,29.0912,BG
2093837.75,9752,5.4882,LC
2093869.33,9750,10.3484,LC
2093892.12,9751,5.6186,LC
2093893.28,9752,5.6281,LC
2093897.29,9753,31.991,BG
2093926.16,9750,6.8806,LC
2093979.04,9751,4.2023,LC
2093979.14,9753,31.6794,BG
2093993.58,9752,4.7097,LC
2094060.05,9753,30.8261,BG
2094093.43,9750,4.0384,LC
2094137.31,9753,27.1439,BG
2094176.04,9751,5.6132,LC
2094219.85,9753,32.2516,BG
2094253.92,9752,9.818,LC
2094282.25,9751,9.7115,LC
2094284.29,9750,11.2259,LC
2094290.2,9752,7.9612,LC
2094308.89,9753,38.5832,BG
2094385.44,9750,4.1724,LC
2094394.1,9753,34.1585,BG
2094409.27,9751,5.5842,LC
2094440.72,9752,13.4736,LC
2094466.72,9750,4.2093,LC
2094469.45,9753,25.1415,BG
2094561.29,9753,41.4165,BG
2094585.73,9751,9.9565,LC
2094629.85,9752,13.8749,LC
2094633.09,9750,13.4577,LC
2094646.49,9753,34.7412,BG
2094733.55,9753,35.7957,BG
2094740.14,9751,4.1119,LC
2094759.91,9752,7.3187,LC
2094812.32,9750,3.9458,LC
2094817.91,9753,34.1973,BG
2094845.7,9751,9.7728,LC
2094903.83,9753,35.3727,BG
2094987.76,9752,4.2821,LC
2094988.36,9753,34.2539,BG
2095073.57,9753,34.6082,BG
2095152.26,9750,4.2602,LC
2095158.26,9753,34.4203,BG
2095171.69,9751,4.3927,LC
2095174.97,9752,4.2671,LC
2095193.31,9751,6.7878,LC
2095216.73,9750,9.2056,LC
2095227.85,9752,7.8667,LC
2095240.82,9753,32.4301,BG
2095276.85,9751,9.8304,LC
2095323.99,9753,32.8012,BG
2095411.19,9753,36.9019,BG
2095481.67,9750,4.4677,LC
2095492.09,9753,30.708,BG
2095546.9,9752,10.6914,LC
2095576.48,9753,34.0471,BG
2095613.08,9751,8.8373,LC
2095663.9,9753,36.8529,BG
2095664.07,9750,4.6247,LC
2095727.76,9752,9.5833,LC
2095757.4,9753,42.861,BG
2095790.63,9751,9.3992,LC
2095822.81,9750,7.6032,LC
2095843.15,9753,35.6212,BG
2095906.79,9752,9.6464,LC
2095929.03,9751,6.5404,LC
2095936.24,9753,41.3734,BG
2095936.47,9750,4.8232,LC
2096007.93,9752,7.3278,LC
2096025.47,9751,5.1533,LC
2096027.24,9753,40.7195,BG
2096034.59,9750,4.8654,LC
2096073.41,9752,8.4267,LC
2096102.9,9751,6.0518,LC
2096111.5,9753,33.833,BG
2096188.79,9753,27.1038,BG
2096214.6,9750,4.2086,LC
2096271.4,9753,32.3269,BG
2096341.97,9752,3.8468,LC
2096347.77,9753,26.281,BG
2096420.75,9751,4.0726,LC
2096430.86,9753,32.6313,BG
2096455.68,9750,5.4064,LC
2096497.4,9752,4.3855,LC
2096511.92,9753,30.8265,BG
2096551.0,9751,4.0763,LC
2096592.57,9750,4.1215,LC
2096593.19,9753,31.0797,BG
2096622.65,9752,6.3599,LC
2096641.54,9751,6.907,LC
2096646.24,9750,7.867,LC
2096651.38,9752,8.8264,LC
2096671.84,9753,27.6564,BG
2096750.39,9753,28.2796,BG
2096827.82,9751,6.1332,LC
2096829.86,9750,7.3928,LC
2096833.01,9752,6.8081,LC
2096840.79,9751,3.8537,LC
2096841.25,9750,4.0564,LC
2096843.81,9753,43.1497,BG
2096847.74,9752,4.1751,LC
2096848.49,9751,4.2989,LC
2096854.96,9750,4.1117,LC
2096877.45,9752,6.9801,LC
2096918.77,9751,4.1778,LC
2096926.58,9753,32.3635,BG
2096936.08,9750,6.0343,LC
2096945.69,9752,6.5379,LC
2096956.13,9751,5.923,LC
2097009.4,9753,32.5934,BG
2097081.53,9750,5.9472,LC
2097091.91,9753,32.3191,BG
2097100.85,9752,3.9901,LC
2097105.81,9751,4.3457,LC
2097174.2,9753,31.8243,BG
2097250.04,9750,8.9524,LC
2097260.11,9753,35.3545,BG
2097320.18,9752,12.0118,LC
2097323.23,9751,12.6749,LC
2097328.29,9750,7.6428,LC
2097342.5,9752,3.9909,LC
2097346.06,9753,33.7881,BG
2097367.81,9751,6.0373,LC
2097429.55,9753,33.0992,BG
2097460.36,9750,10.2048,LC
2097499.71,9752,9.4753,LC
2097520.23,9753,40.2609,BG
2097537.23,9751,4.0715,LC
2097571.38,9750,8.0678,LC
2097601.1,9753,30.6521,BG
2097684.4,9753,33.1934,BG
2097711.93,9752,7.0473,LC
2097721.16,9751,8.0944,LC
2097764.92,9753,30.2825,BG
2097793.72,9750,8.0339,LC
2097824.22,9752,7.4088,LC
2097849.77,9753,34.7329,BG
2097932.82,9751,4.3234,LC
2097934.98,9753,34.7089,BG
2097995.85,9750,9.0109,LC
2098019.22,9753,33.8201,BG
2098054.28,9752,8.599,LC
2098078.51,9751,10.0639,LC
2098103.4,9753,33.2101,BG
2098136.4,9750,9.7729,LC
2098187.11,9753,33.3228,BG
2098203.38,9752,5.8928,LC
2098205.71,9751,4.18,LC
2098259.03,9750,6.8186,LC
2098271.54,9752,3.8474,LC
2098274.21,9753,36.7313,BG
2098363.33,9753,38.3841,BG
2098417.61,9751,9.0199,LC
2098446.65,9753,33.4704,BG
2098447.87,9750,4.09,LC
2098452.04,9752,3.9147,LC
2098504.08,9751,12.8452,LC
2098534.33,9753,36.9608,BG
2098555.66,9750,6.0377,LC
2098610.96,9753,26.2221,BG
2098634.21,9752,6.2644,LC
2098655.66,9751,9.4493,LC
2098658.15,9750,9.1252,LC
2098692.34,9753,31.2155,BG
2098715.57,9752,6.9833,LC
2098752.64,9751,9.9227,LC
2098782.43,9750,4.0664,LC
2098782.56,9753,39.8074,BG
2098811.54,9752,10.2561,LC
2098852.98,9751,5.6621,LC
2098866.51,9753,33.4932,BG
2098897.29,9750,9.0259,LC
2098929.52,9752,8.9449,LC
2098942.74,9751,6.8232,LC
2098954.07,9753,37.1321,BG
2099002.49,9750,9.4713,LC
2099023.11,9752,6.7567,LC
2099039.78,9753,35.1866,BG
2099084.8,9751,10.3309,LC
2099117.47,9750,5.1064,LC
2099126.73,9753,36.4954,BG
2099134.53,9752,4.0961,LC
2099156.27,9751,8.4077,LC
2099160.27,9750,7.611,LC
2099208.49,9753,31.4986,BG
2099292.77,9753,33.9952,BG
2099340.56,9752,10.0884,LC
2099349.17,9751,8.1336,LC
2099354.69,9750,7.191,LC
2099366.07,9752,7.6227,LC
2099366.38,9751,5.8092,LC
2099373.19,9753,29.8273,BG
2099414.08,9750,10.2425,LC
2099445.88,9752,5.5175,LC
2099460.2,9751,3.8858,LC
2099463.89,9753,40.6671,BG
2099501.66,9750,7.7462,LC
2099535.1,9752,4.9735,LC
2099535.5,9751,4.2765,LC
2099551.84,9753,37.4635,BG
2099553.98,9750,4.0054,LC
2099610.91,9752,8.4745,LC
2099618.75,9751,8.9351,LC
2099636.0,9750,4.3633,LC
2099638.61,9753,36.6029,BG
2099677.88,9752,10.601,LC
2099679.05,9751,10.8295,LC
2099685.2,9752,6.8272,LC
2099685.48,9750,10.2501,LC
2099687.18,9751,5.7704,LC
2099705.55,9752,4.3273,LC
2099713.63,9753,24.629,BG
2099746.82,9750,8.7198,LC
2099768.5,9751,10.566,LC
2099795.34,9752,9.0366,LC
2099796.02,9750,6.8332,LC
2099799.51,9753,35.6342,BG
2099841.43,9751,10.4921,LC
2099843.4,9752,9.3209,LC
2099850.12,9750,8.3494,LC
2099852.38,9751,5.6071,LC
2099876.16,9753,26.687,BG
2099884.19,9752,4.1571,LC
2099901.28,9750,7.7617,LC
2099906.25,9751,8.148,LC
2099967.12,9753,40.2093,BG
2099991.84,9752,8.6345,LC
2100008.87,9750,8.4957,LC
2100013.02,9751,8.1217,LC
2100034.8,9752,4.4787,LC
2100047.41,9753,30.2865,BG
2100050.84,9750,3.9103,LC
2100068.97,9751,4.8368,LC
2100101.23,9752,11.0302,LC
2100102.6,9750,8.5045,LC
2100114.56,9751,5.4961,LC
2100132.38,9753,34.2324,BG
2100133.83,9752,4.0258,LC
2100138.22,9750,3.939,LC
2100139.15,9751,4.3224,LC
2100144.67,9752,4.304,LC
2100146.42,9750,4.4577,LC
2100174.27,9751,7.4562,LC
2100198.79,9752,10.8574,LC
2100200.7,9750,8.8936,LC
2100204.97,9751,5.1899,LC
2100219.69,9753,36.932,BG
2100237.95,9752,5.6216,LC
2100287.13,9750,7.7927,LC
2100291.37,9751,7.1549,LC
2100309.92,9752,4.1452,LC
2100310.23,9753,40.2268,BG
2100318.42,9750,3.9815,LC
2100339.76,9751,7.8894,LC
2100375.05,9752,9.6738,LC
2100375.13,9752,8.1849,LC
2100375.17,9751,12.7915,LC
2100378.25,9750,13.6236,LC
2100378.29,9750,5.4999,LC
2100383.09,9752,4.2286,LC
2100396.69,9751,4.2749,LC
2100401.18,9750,4.2015,LC
2100402.66,9753,32.2892,BG
2100413.36,9751,4.0818,LC
2100461.3,9752,4.938,LC
2100480.13,9750,5.6525,LC
2100486.33,9753,33.2026,BG
2100504.95,9751,6.4712,LC
2100535.43,9752,10.5721,LC
2100542.37,9750,6.1963,LC
2100554.4,9752,5.9055,LC
2100555.29,9751,7.555,LC
2100569.58,9753,33.1616,BG
2100572.73,9750,4.1502,LC
2100578.58,9752,4.0345,LC
2100586.44,9751,3.8708,LC
2100594.77,9750,4.7669,LC
2100609.5,9752,4.0333,LC
2100628.52,9751,4.1197,LC
2100642.96,9753,23.1396,BG
2100649.09,9750,4.1687,LC
2100672.71,9752,4.0805,LC
2100720.46,9753,27.3777,BG
2100722.34,9751,4.127,LC
2100750.96,9750,4.2431,LC
2100769.62,9752,7.0367,LC
2100771.67,9751,6.478,LC
2100798.52,9750,4.1217,LC
2100798.82,9753,28.2688,BG
2100881.31,9753,32.1075,BG
2100887.44,9752,4.1297,LC
2100891.23,9751,4.6625,LC
2100910.59,9750,4.8317,LC
2100954.27,9752,5.6231,LC
2100964.95,9753,33.2575,BG
2101042.25,9751,3.938,LC
2101049.06,9753,33.7416,BG
2101131.31,9753,31.8926,BG
2101156.14,9750,6.3133,LC
2101212.62,9753,31.0341,BG
2101289.74,9752,4.2317,LC
2101297.08,9753,34.2325,BG
2101345.28,9751,10.1456,LC
2101374.81,9750,4.1942,LC
2101376.46,9753,28.8207,BG
2101415.83,9752,8.3666,LC
2101439.57,9751,8.6419,LC
2101444.22,9750,7.422,LC
2101466.37,9752,4.0469,LC
2101468.24,9753,41.5924,BG
2101500.72,9751,10.0255,LC
2101540.98,9750,7.0911,LC
2101545.73,9752,6.3186,LC
2101562.82,9753,41.6938,BG
2101563.13,9751,4.6083,LC
2101565.7,9750,6.0447,LC
2101566.08,9752,4.7018,LC
2101579.84,9751,4.2696,LC
2101614.18,9750,10.7448,LC
2101628.61,9752,5.0188,LC
2101633.63,9751,4.2375,LC
2101642.21,9753,31.2899,BG
2101647.41,9750,3.953,LC
2101653.78,9752,4.4244,LC
2101667.87,9751,4.4932,LC
2101687.73,9750,8.2319,LC
2101722.66,9753,30.2359,BG
2101756.42,9752,9.5843,LC
2101764.47,9751,6.218,LC
2101788.41,9750,6.0842,LC
2101807.13,9753,34.2692,BG
2101827.22,9752,7.218,LC
2101834.43,9751,10.5396,LC
2101836.16,9750,10.5187,LC
2101887.62,9752,4.8023,LC
2101893.11,9751,3.9704,LC
2101893.89,9753,35.9284,BG
2101905.65,9750,4.9375,LC
2101906.77,9752,4.266,LC
2101940.99,9751,10.9793,LC
2101944.16,9750,8.3221,LC
2101959.86,9752,4.8089,LC
2101972.93,9753,28.5909,BG
2102000.1,9751,9.1633,LC
2102006.54,9750,7.7161,LC
2102043.63,9752,6.1333,LC
2102056.62,9753,33.13,BG
2102061.78,9751,4.1049,LC
2102104.86,9750,10.1638,LC
2102108.04,9752,9.0439,LC
2102137.62,9753,29.3594,BG
2102153.13,9751,6.2042,LC
2102219.6,9753,31.6249,BG
2102263.41,9750,9.3661,LC
2102266.17,9752,8.2754,LC
2102298.56,9753,28.6665,BG
2102328.56,9751,10.0689,LC
2102339.41,9750,7.3421,LC
2102367.93,9752,4.0898,LC
2102377.64,9753,28.7898,BG
2102405.53,9751,7.7062,LC
2102409.55,9750,6.4638,LC
2102431.12,9752,7.7631,LC
2102438.55,9751,7.5662,LC
2102448.52,9750,3.9447,LC
2102458.15,9753,30.1583,BG
2102494.55,9752,7.5064,LC
2102542.31,9753,33.3734,BG
2102552.2,9751,4.6642,LC
2102570.9,9750,7.9778,LC
2102611.13,9752,7.0069,LC
2102630.28,9753,37.7525,BG
2102632.87,9751,4.5651,LC
2102645.08,9750,5.9009,LC
2102647.36,9752,5.708,LC
2102666.47,9751,7.9715,LC
2102674.63,9750,6.6984,LC
2102687.19,9752,7.8821,LC
2102694.71,9751,4.3548,LC
2102703.95,9750,4.2086,LC
2102710.93,9752,4.0323,LC
2102712.44,9753,32.0185,BG
2102721.55,9751,3.9733,LC
2102727.72,9750,4.1342,LC
2102749.11,9752,4.2264,LC
2102759.44,9751,4.821,LC
2102778.88,9750,4.2373,LC
2102787.87,9753,25.199,BG
2102836.51,9752,9.69,LC
2102868.11,9751,4.9621,LC
2102870.14,9753,31.7978,BG
2102874.5,9750,4.309,LC
2102876.72,9752,4.3112,LC
2102926.12,9751,10.2756,LC
2102954.68,9750,4.2865,LC
2102958.75,9753,38.3961,BG
2102979.85,9752,9.2638,LC
2102984.78,9751,7.6575,LC
2102989.48,9750,6.9272,LC
2103001.03,9752,7.3315,LC
2103001.14,9751,6.3928,LC
2103032.04,9750,4.2552,LC
2103040.05,9753,28.9281,BG
2103040.58,9752,4.0742,LC
2103044.97,9751,4.0964,LC
2103122.83,9753,34.1854,BG
2103131.94,9752,4.1533,LC
2103210.78,9753,37.2521,BG
2103227.29,9750,6.6676,LC
2103229.86,9751,6.2288,LC
2103278.57,9752,8.939,LC
2103295.24,9753,34.2959,BG
2103334.3,9750,9.6084,LC
2103358.31,9751,7.2793,LC
2103382.54,9753,36.9739,BG
2103435.87,9752,10.439,LC
2103441.86,9750,9.2568,LC
2103472.43,9753,38.9922,BG
2103540.54,9751,7.0638,LC
2103540.92,9752,7.4069,LC
2103547.84,9750,5.5215,LC
2103557.09,9751,3.9526,LC
2103565.46,9753,41.6201,BG
2103597.67,9752,11.0156,LC
2103603.48,9750,7.5297,LC
2103626.55,9751,8.9245,LC
2103647.91,9753,31.934,BG
2103733.17,9753,34.3806,BG
2103822.98,9753,39.0726,BG
2103910.38,9753,37.1882,BG
2103998.1,9753,37.1143,BG
2104017.76,9752,4.3186,LC
2104081.45,9753,32.9978,BG
2104089.63,9752,4.0498,LC
2104091.97,9751,4.7247,LC
2104108.28,9750,6.4202,LC
2104147.46,9752,8.416,LC
2104153.94,9751,6.6248,LC
2104167.1,9752,3.9095,LC
2104167.25,9750,4.1985,LC
2104171.21,9753,39.1124,BG
2104190.12,9751,6.7454,LC
2104200.66,9750,5.9451,LC
2104204.47,9752,4.9695,LC
2104207.01,9750,4.4854,LC
2104254.14,9753,32.5229,BG
2104266.02,9751,4.3779,LC
2104270.22,9752,7.7343,LC
2104270.77,9750,6.4117,LC
2104288.64,9751,5.7099,LC
2104307.57,9752,8.9824,LC
2104317.07,9750,7.2096,LC
2104320.56,9751,5.0436,LC
2104334.46,9753,30.0297,BG
2104350.1,9752,4.5264,LC
2104377.15,9750,10.6457,LC
2104401.54,9751,8.4614,LC
2104407.71,9752,6.0243,LC
2104408.0,9750,5.9271,LC
2104408.15,9751,4.7053,LC
2104414.99,9752,4.2404,LC
2104421.57,9753,36.8911,BG
2104451.88,9750,5.8033,LC
2104457.8,9751,5.4903,LC
2104462.23,9752,4.8286,LC
2104504.16,9753,32.545,BG
2104506.66,9751,4.0597,LC
2104513.8,9750,4.1553,LC
2104540.93,9752,9.0596,LC
2104561.27,9751,11.3013,LC
2104571.63,9750,6.6081,LC
2104587.72,9753,32.4014,BG
2104648.97,9752,11.2422,LC
2104671.06,9753,32.9806,BG
2104689.96,9751,4.7392,LC
2104716.51,9750,10.7364,LC
2104750.06,9752,5.6337,LC
2104754.08,9752,3.9433,LC
2104754.48,9751,8.2628,LC
2104754.75,9750,7.5368,LC
2104758.74,9752,3.9981,LC
2104759.24,9753,38.058,BG
2104830.05,9751,7.1149,LC
2104844.81,9750,5.2463,LC
2104847.2,9753,37.5831,BG
2104869.87,9752,4.0624,LC
2104874.01,9751,4.0186,LC
2104887.19,9752,5.1867,LC
2104913.09,9750,6.3702,LC
2104916.2,9751,4.9483,LC
2104927.08,9752,4.0454,LC
2104928.39,9750,4.0688,LC
2104931.89,9753,34.6194,BG
2104940.45,9752,3.8349,LC
2104942.11,9751,4.2651,LC
2104960.21,9752,4.0295,LC
2104968.37,9750,4.1233,LC
2104986.09,9751,6.0164,LC
2105005.27,9752,4.8409,LC
2105009.52,9753,27.2734,BG
2105044.74,9750,6.4246,LC
2105065.79,9751,8.8432,LC
2105070.38,9752,4.2516,LC
2105081.81,9750,4.0222,LC
2105087.35,9751,4.157,LC
2105092.12,9753,31.9245,BG
2105134.68,9752,9.9172,LC
2105160.07,9750,5.1365,LC
2105171.49,9753,29.146,BG
2105175.64,9751,5.1158,LC
2105181.47,9752,4.0272,LC
2105229.17,9750,4.0446,LC
2105246.27,9753,24.53,BG
2105277.75,9751,10.4726,LC
2105282.4,9752,7.7534,LC
2105299.16,9750,9.062,LC
2105302.91,9751,10.0055,LC
2105325.15,9752,4.4966,LC
2105328.29,9753,31.178,BG
2105329.15,9750,4.2092,LC
2105337.55,9752,4.1971,LC
2105346.17,9751,4.9741,LC
2105347.72,9750,4.7154,LC
2105370.54,9752,9.2277,LC
2105374.14,9751,7.4145,LC
2105387.38,9750,7.3136,LC
2105406.07,9753,27.3794,BG
2105418.34,9752,3.9721,LC
2105433.06,9751,6.6594,LC
2105435.96,9750,6.6218,LC
2105437.58,9752,5.3188,LC
2105462.47,9751,7.6404,LC
2105464.4,9750,8.6868,LC
2105479.23,9752,3.9165,LC
2105487.08,9753,29.9204,BG
2105487.77,9751,4.0622,LC
2105501.8,9750,3.9845,LC
2105528.34,9752,8.5965,LC
2105543.04,9751,7.0466,LC
2105544.49,9750,5.1272,LC
2105562.36,9753,24.9099,BG
2105571.11,9752,4.1396,LC
2105577.11,9751,4.0692,LC
2105589.15,9750,5.1954,LC
2105591.65,9752,5.4042,LC
2105621.53,9751,9.7888,LC
2105632.95,9750,7.3893,LC
2105649.5,9753,36.679,BG
2105649.89,9752,6.5581,LC
2105651.23,9751,5.9425,LC
2105671.33,9750,5.0924,LC
2105675.19,9752,4.7279,LC
2105704.08,9751,11.1182,LC
2105718.88,9750,5.3768,LC
2105725.06,9752,4.1192,LC
2105730.57,9753,31.2686,BG
2105732.7,9751,4.1756,LC
2105752.27,9750,6.4114,LC
2105820.14,9752,10.2335,LC
2105820.24,9751,8.8373,LC
2105837.64,9753,55.8799,BG
2105839.24,9750,4.3902,LC
2105848.0,9752,4.0905,LC
2105909.34,9751,4.7867,LC
2105921.44,9750,7.4192,LC
2105927.45,9753,39.7118,BG
2105953.79,9752,6.7548,LC
2105973.19,9751,10.4211,LC
2105977.13,9750,7.8788,LC
2105986.79,9752,5.6228,LC
2106004.25,9753,26.5376,BG
2106012.74,9751,4.1481,LC
2106021.14,9750,6.0775,LC
2106021.49,9752,6.1979,LC
2106034.93,9751,6.8598,LC
2106083.8,9750,4.2837,LC
2106086.56,9753,32.2457,BG
2106091.53,9752,4.7428,LC
2106100.09,9751,4.1557,LC
2106102.92,9750,5.3249,LC
2106103.65,9752,4.4301,LC
2106130.18,9751,8.644,LC
2106131.07,9750,7.3481,LC
2106164.26,9753,27.4189,BG
2106197.18,9752,8.1108,LC
2106213.07,9751,8.6346,LC
2106224.08,9750,8.7587,LC
2106228.34,9752,7.0306,LC
2106249.15,9751,4.8519,LC
2106249.31,9753,34.1851,BG
2106256.35,9750,4.1043,LC
2106262.07,9752,4.2042,LC
2106284.6,9751,6.1082,LC
2106304.94,9752,7.9231,LC
2106305.15,9750,10.5172,LC
2106318.29,9751,3.8514,LC
2106327.97,9753,26.4946,BG
2106341.88,9752,4.098,LC
2106357.45,9750,7.512,LC
2106397.23,9751,8.9453,LC
2106400.81,9752,6.5172,LC
2106410.1,9750,5.0879,LC
2106414.71,9751,8.0739,LC
2106414.88,9752,6.7254,LC
2106418.62,9753,40.6126,BG
2106426.5,9750,3.9789,LC
2106429.75,9751,4.0762,LC
2106434.98,9750,4.11,LC
2106443.67,9752,4.2027,LC
2106481.52,9751,8.0245,LC
2106494.37,9750,4.6863,LC
2106507.09,9752,4.2302,LC
2106507.95,9753,39.1322,BG
2106576.64,9751,7.1743,LC
2106589.13,9750,8.2496,LC
2106599.32,9753,40.8136,BG
2106618.18,9752,7.25,LC
2106653.81,9751,8.5645,LC
2106679.81,9753,30.2886,BG
2106769.35,9753,39.0808,BG
2106803.31,9750,4.535,LC
2106835.76,9752,4.2362,LC
2106844.74,9753,24.9882,BG
2106878.86,9751,8.9154,LC
2106928.87,9753,33.8148,BG
2106946.67,9750,4.1432,LC
2107012.17,9753,32.7738,BG
2107108.7,9753,45.9556,BG
2107130.88,9752,9.8417,LC
2107132.39,9751,9.1843,LC
2107192.19,9753,33.1178,BG
2107205.03,9750,5.4132,LC
2107207.79,9752,4.963,LC
2107265.9,9751,9.3101,LC
2107280.26,9753,37.5461,BG
2107298.06,9750,6.1456,LC
2107328.71,9752,9.1012,LC
2107358.15,9753,27.6054,BG
2107440.64,9753,32.2337,BG
2107530.82,9753,39.044,BG
2107567.28,9751,9.4291,LC
2107614.09,9753,32.6977,BG
2107699.72,9753,35.2923,BG
2107706.28,9750,4.0189,LC
2107714.97,9752,4.1007,LC
2107726.59,9751,4.3986,LC
2107738.06,9750,4.9288,LC
2107741.35,9752,5.1005,LC
2107779.92,9753,29.9194,BG
2107799.78,9751,5.3792,LC
2107861.47,9753,31.4115,BG
2107946.22,9753,34.1914,BG
2107979.84,9750,4.0718,LC
2107982.32,9752,4.2297,LC
2108022.5,9753,26.1916,BG
2108042.16,9751,6.8071,LC
2108045.78,9750,6.2084,LC
2108112.23,9753,39.5179,BG
2108196.54,9753,33.9976,BG
2108217.41,9752,8.355,LC
2108277.38,9753,30.5728,BG
2108366.75,9753,38.6542,BG
2108452.77,9753,35.7431,BG
2108536.97,9753,34.1107,BG
2108553.91,9751,6.863,LC
2108564.3,9750,7.5836,LC
2108575.66,9752,8.0305,LC
2108604.98,9751,13.7025,LC
2108605.06,9750,13.6035,LC
2108619.05,9753,31.5888,BG
2108632.65,9752,4.5926,LC
2108633.26,9751,4.6814,LC
2108646.06,9750,7.1545,LC
2108671.18,9752,10.1682,LC
2108671.91,9751,8.8304,LC
2108685.85,9750,4.1666,LC
2108695.81,9753,26.4312,BG
2108708.7,9752,4.1571,LC
2108710.62,9751,4.2717,LC
2108732.1,9750,7.4992,LC
2108751.15,9752,8.5751,LC
2108764.89,9751,8.0521,LC
2108765.04,9750,8.2226,LC
2108778.04,9753,31.52,BG
2108805.19,9752,10.5422,LC
2108807.52,9751,10.1561,LC
2108807.88,9750,12.2179,LC
2108838.47,9752,9.7531,LC
2108847.72,9751,6.289,LC
2108865.59,9753,37.1841,BG
2108903.64,9750,9.7777,LC
2108938.6,9752,6.8036,LC
2108952.4,9753,36.5263,BG
2108960.71,9751,4.9616,LC
2108986.22,9750,8.7923,LC
2109008.1,9752,6.2559,LC
2109011.53,9751,4.7395,LC
2109017.11,9750,3.93,LC
2109022.19,9752,4.8167,LC
2109030.42,9751,4.1879,LC
2109032.18,9753,29.2623,BG
2109042.52,9750,4.0062,LC
2109044.69,9752,4.2573,LC
2109076.35,9751,8.679,LC
2109099.88,9750,6.3897,LC
2109106.57,9752,4.7641,LC
2109113.39,9751,4.1752,LC
2109114.93,9753,32.4636,BG
2109118.54,9750,4.1481,LC
2109163.5,9752,9.608,LC
2109174.69,9751,7.1934,LC
2109196.59,9750,4.3359,LC
2109197.92,9753,32.9079,BG
2109208.13,9752,4.9886,LC
2109212.04,9751,4.6696,LC
2109217.67,9750,4.4477,LC
2109245.16,9752,10.3455,LC
2109246.24,9751,9.4606,LC
2109267.57,9750,4.4251,LC
2109277.74,9753,29.5944,BG
2109297.42,9752,6.8207,LC
2109305.7,9751,6.5269,LC
2109314.57,9750,6.1624,LC
2109338.7,9752,5.2347,LC
2109352.92,9751,6.2805,LC
2109361.73,9753,33.7043,BG
2109390.71,9750,7.3137,LC
2109425.75,9752,4.4438,LC
2109437.42,9751,4.0145,LC
2109438.97,9753,26.8564,BG
2109504.06,9750,6.2769,LC
2109508.9,9752,6.1543,LC
2109525.11,9753,35.8189,BG
2109537.74,9751,4.4825,LC
2109560.36,9750,8.4871,LC
2109561.29,9752,7.7297,LC
2109565.25,9751,6.7099,LC
2109570.84,9750,5.0657,LC
2109584.83,9752,4.0821,LC
2109598.62,9753,23.2525,BG
2109614.74,9751,4.4169,LC
2109674.06,9753,25.1265,BG
2109691.36,9750,6.5752,LC
2109696.65,9752,7.6195,LC
2109699.37,9751,4.8276,LC
2109718.88,9752,5.9485,LC
2109720.27,9750,9.1163,LC
2109721.98,9751,5.6074,LC
2109747.08,9753,22.8737,BG
2109748.28,9752,4.1259,LC
2109768.91,9750,5.8727,LC
2109776.38,9751,5.2924,LC
2109777.39,9752,5.0681,LC
2109788.07,9750,5.3274,LC
2109807.07,9751,6.2388,LC
2109817.24,9752,4.0771,LC
2109827.95,9753,30.5573,BG
2109845.12,9750,3.8338,LC
2109856.38,9751,4.3754,LC
2109867.47,9752,4.3025,LC
2109894.15,9750,5.0172,LC
2109900.83,9751,4.3768,LC
2109907.32,9752,5.0446,LC
2109907.37,9750,4.0686,LC
2109909.57,9753,31.4286,BG
2109920.99,9751,3.9891,LC
2109945.6,9750,4.6737,LC
2109948.26,9752,4.3715,LC
2109950.66,9751,4.0488,LC
2109982.52,9753,22.8954,BG
2109986.25,9750,4.4274,LC
2109989.31,9752,4.453,LC
2109992.51,9751,4.0844,LC
2110041.1,9752,4.1284,LC
2110048.69,9750,3.9455,LC
2110054.34,9751,4.2605,LC
2110056.09,9752,4.0622,LC
2110063.7,9753,31.0364,BG
2110111.18,9750,10.1295,LC
2110132.64,9751,4.3439,LC
2110136.28,9752,4.0176,LC
2110140.64,9750,3.8962,LC
2110145.7,9751,4.0813,LC
2110146.2,9753,32.2924,BG
2110149.18,9752,3.8793,LC
2110181.29,9750,9.4405,LC
2110201.09,9751,10.429,LC
2110216.18,9752,6.9266,LC
2110228.5,9750,4.0794,LC
2110230.28,9753,33.1732,BG
2110301.95,9751,5.9536,LC
2110315.92,9753,35.1754,BG
2110373.49,9752,9.8601,LC
2110397.38,9753,31.2148,BG
2110403.6,9750,4.0831,LC
2110425.36,9751,7.1935,LC
2110477.09,9753,29.3763,BG
2110540.06,9752,8.0394,LC
2110566.35,9753,39.0572,BG
2110617.67,9750,9.2019,LC
2110649.04,9751,5.0244,LC
2110652.13,9753,35.4944,BG
2110663.08,9752,4.1111,LC
2110734.27,9753,31.9495,BG
2110769.1,9750,10.9136,LC
2110819.85,9753,35.0433,BG
2110826.33,9751,4.273,LC
2110867.42,9752,11.0365,LC
2110872.42,9750,8.7402,LC
2110898.45,9753,28.1377,BG
2110931.17,9751,9.1806,LC
2110962.21,9752,8.3004,LC
2110982.85,9753,34.1661,BG
2111065.02,9753,31.9072,BG
2111095.05,9750,4.8526,LC
2111100.79,9751,4.5231,LC
2111143.32,9752,3.9405,LC
2111143.81,9753,28.673,BG
2111169.79,9750,8.9007,LC
2111227.63,9753,33.2784,BG
2111255.05,9751,7.7228,LC
2111311.27,9753,33.4308,BG
2111312.08,9752,7.0912,LC
2111313.18,9750,6.3218,LC
2111395.9,9753,34.3726,BG
2111473.8,9751,4.8269,LC
2111482.05,9753,35.6341,BG
2111549.08,9752,7.4933,LC
2111554.36,9750,6.7775,LC
2111570.91,9753,38.6623,BG
2111601.81,9751,6.0771,LC
2111632.6,9752,4.0962,LC
2111647.13,9753,25.838,BG
2111690.3,9750,8.0329,LC
2111729.65,9753,32.1932,BG
2111796.71,9751,7.9105,LC
2111805.33,9752,6.4913,LC
2111815.81,9753,35.804,BG
2111822.98,9750,4.2412,LC
2111829.61,9751,5.1552,LC
2111831.79,9752,4.1893,LC
2111845.44,9750,6.2109,LC
2111896.8,9753,30.6086,BG
2111980.19,9753,33.0496,BG
2111990.58,9751,5.2799,LC
2112006.15,9752,8.1466,LC
2112030.47,9750,9.0558,LC
2112055.42,9753,24.9373,BG
2112138.99,9753,33.1604,BG
2112139.5,9751,4.5577,LC
2112180.13,9752,8.9231,LC
2112214.47,9753,25.0898,BG
2112296.16,9753,31.318,BG
2112369.5,9750,5.9055,LC
2112379.7,9753,33.4449,BG
2112410.88,9751,10.1682,LC
2112418.98,9752,7.4517,LC
2112462.86,9753,32.6797,BG
2112478.28,9750,4.9703,LC
2112507.31,9751,10.1673,LC
2112541.93,9753,28.9678,BG
2112569.64,9752,8.325,LC
2112626.06,9753,33.5673,BG
2112626.12,9750,4.2905,LC
2112632.25,9751,4.1043,LC
2112649.33,9752,7.111,LC
2112716.31,9753,40.2115,BG
2112718.81,9750,4.3773,LC
2112787.7,9751,12.609,LC
2112802.71,9753,35.9271,BG
2112810.74,9752,3.9312,LC
2112816.46,9750,4.2622,LC
2112888.26,9753,35.1716,BG
2112972.68,9753,34.1694,BG
2112999.55,9751,7.9854,LC
2113028.11,9752,10.6975,LC
2113054.75,9753,31.5094,BG
2113116.54,9750,9.7157,LC
2113125.39,9751,8.305,LC
2113139.92,9753,34.6232,BG
2113159.4,9752,4.308,LC
2113213.08,9753,22.8457,BG
2113282.47,9750,7.4488,LC
2113298.18,9753,34.9183,BG
2113312.64,9751,5.4291,LC
2113314.32,9752,4.8704,LC
2113336.5,9750,9.137,LC
2113362.1,9751,9.6686,LC
2113366.9,9752,7.4694,LC
2113383.4,9753,34.8086,BG
2113467.45,9753,33.7793,BG
2113499.74,9750,9.1735,LC
2113547.46,9753,29.7646,BG
2113632.62,9753,34.6271,BG
2113638.78,9751,4.4011,LC
2113718.26,9753,35.4128,BG
2113800.46,9753,31.9025,BG
2113872.42,9752,7.4554,LC
2113880.76,9753,29.9636,BG
2113963.41,9753,32.3989,BG
2113995.95,9750,6.7003,LC
2114027.31,9751,7.8715,LC
2114046.29,9753,32.536,BG
2114050.49,9752,4.1489,LC
2114062.4,9750,6.4381,LC
2114070.11,9751,6.8024,LC
2114084.09,9752,6.7184,LC
2114099.82,9750,9.0558,LC
2114103.09,9751,5.3677,LC
2114104.19,9752,4.2743,LC
2114112.08,9750,4.0617,LC
2114113.41,9751,4.0245,LC
2114121.92,9752,8.1534,LC
2114122.12,9750,6.0322,LC
2114125.88,9753,29.5443,BG
2114149.14,9751,6.31,LC
2114192.44,9752,7.6765,LC
2114200.57,9750,4.2379,LC
2114209.62,9753,33.3073,BG
2114226.3,9751,4.063,LC
2114259.96,9752,9.3707,LC
2114290.43,9750,5.1434,LC
2114295.12,9753,35.2908,BG
2114312.15,9751,7.3637,LC
2114316.02,9750,5.9451,LC
2114316.18,9752,7.3642,LC
2114328.84,9751,6.2882,LC
2114344.73,9752,8.2437,LC
2114347.65,9750,5.4356,LC
2114372.25,9753,27.0466,BG
2114408.3,9750,8.4686,LC
2114410.77,9751,14.2362,LC
2114411.04,9752,12.5722,LC
2114433.85,9750,9.83,LC
2114441.26,9751,5.0491,LC
2114454.1,9752,6.669,LC
2114455.12,9750,4.6273,LC
2114459.53,9753,36.7169,BG
2114476.13,9751,5.9945,LC
2114483.4,9752,5.9816,LC
2114486.51,9750,4.2021,LC
2114511.12,9751,8.7121,LC
2114533.3,9752,4.0049,LC
2114538.29,9753,28.2852,BG
2114550.04,9750,4.0985,LC
2114554.88,9751,4.5798,LC
2114557.9,9752,4.1502,LC
2114607.02,9751,7.1504,LC
2114622.78,9753,34.2722,BG
2114654.55,9750,8.5906,LC
2114659.25,9752,7.0401,LC
2114692.3,9751,4.2679,LC
2114697.75,9750,3.8212,LC
2114699.52,9753,26.488,BG
2114705.88,9752,4.2249,LC
2114764.5,9751,10.2588,LC
2114769.84,9750,7.5002,LC
2114784.31,9753,34.6695,BG
2114804.3,9752,6.9594,LC
2114829.88,9751,9.3034,LC
2114845.15,9752,10.7604,LC
2114845.64,9750,13.2277,LC
2114866.05,9753,31.0171,BG
2114866.29,9751,4.127,LC
2114873.37,9752,5.9244,LC
2114875.82,9750,5.3215,LC
2114942.6,9751,6.0747,LC
2114954.02,9753,38.1354,BG
2114962.06,9752,5.0001,LC
2114988.28,9750,9.2789,LC
2115022.6,9750,5.2946,LC
2115022.66,9751,10.9681,LC
2115023.14,9752,8.8856,LC
2115033.93,9751,4.1105,LC
2115041.13,9753,36.8813,BG
2115122.76,9753,31.418,BG
2115129.29,9750,3.879,LC
2115141.3,9752,6.9629,LC
2115170.67,9750,9.6088,LC
2115172.36,9751,13.6072,LC
2115177.63,9752,9.1937,LC
2115198.3,9753,25.5063,BG
2115239.24,9750,10.3775,LC
2115246.19,9751,7.0426,LC
2115275.45,9750,4.1123,LC
2115281.41,9753,32.7457,BG
2115287.68,9752,3.9012,LC
2115296.51,9751,4.3767,LC
2115308.89,9750,6.6815,LC
2115345.96,9752,18.198,LC
2115347.4,9751,11.0292,LC
2115357.06,9750,5.6708,LC
2115358.03,9752,5.2335,LC
2115367.18,9751,4.2016,LC
2115370.06,9750,4.7086,LC
2115374.88,9753,42.6939,BG
2115382.21,9752,4.0896,LC
2115410.03,9751,9.2911,LC
2115449.97,9750,11.1576,LC
2115450.06,9752,9.6218,LC
2115452.74,9751,4.7805,LC
2115460.96,9753,35.6276,BG
2115466.96,9750,4.1187,LC
2115475.75,9752,4.1617,LC
2115483.23,9751,4.5778,LC
2115486.68,9750,4.5336,LC
2115521.85,9751,12.526,LC
2115524.86,9752,10.3018,LC
2115524.9,9752,6.095,LC
2115524.99,9750,8.662,LC
2115527.45,9751,5.4071,LC
2115540.14,9752,4.1916,LC
2115547.26,9753,35.9904,BG
2115551.4,9750,3.9631,LC
2115563.39,9751,5.0772,LC
2115580.14,9752,7.2271,LC
2115582.16,9750,6.7287,LC
2115584.52,9751,6.2629,LC
2115609.53,9752,8.6817,LC
2115628.6,9753,30.9636,BG
2115685.41,9751,10.9475,LC
2115687.35,9750,12.6253,LC
2115715.4,9753,34.2429,BG
2115723.97,9752,4.9932,LC
2115748.54,9751,9.6466,LC
2115767.84,9750,9.5794,LC
2115774.35,9752,7.0261,LC
2115780.98,9751,4.183,LC
2115784.32,9750,4.0951,LC
2115794.64,9751,4.1917,LC
2115800.3,9752,4.03,LC
2115800.71,9753,35.1311,BG
2115808.48,9750,4.0118,LC
2115812.96,9751,4.3025,LC
2115822.6,9752,5.5507,LC
2115870.54,9750,10.7969,LC
2115871.14,9751,13.2874,LC
2115871.43,9752,10.3032,LC
2115873.93,9750,5.6547,LC
2115880.71,9751,5.5721,LC
2115890.87,9753,39.9774,BG
2115892.46,9752,4.3142,LC
2115898.82,9750,4.0432,LC
2115910.45,9751,5.1451,LC
2115923.77,9752,6.8793,LC
2115947.15,9750,11.2941,LC
2115948.19,9751,8.7531,LC
2115951.25,9752,10.2578,LC
2115971.35,9753,26.3782,BG
2116015.12,9751,11.6455,LC
2116018.72,9750,13.2778,LC
2116021.53,9752,10.0966,LC
2116027.96,9751,7.4439,LC
2116043.66,9750,4.163,LC
2116049.03,9753,27.426,BG
2116059.46,9752,5.0344,LC
2116092.24,9751,10.0524,LC
2116123.95,9750,4.3169,LC
2116129.37,9753,30.2059,BG
2116130.28,9752,4.1608,LC
2116178.47,9751,8.2303,LC
2116211.16,9753,31.2586,BG
2116225.17,9750,4.6408,LC
2116265.92,9752,11.9951,LC
2116285.72,9751,8.3937,LC
2116286.03,9750,6.7867,LC
2116292.62,9753,30.4465,BG
2116380.1,9753,36.9057,BG
2116409.11,9752,8.485,LC
2116459.94,9751,4.6717,LC
2116460.4,9753,30.0828,BG
2116471.61,9750,4.1935,LC
2116543.38,9753,32.6287,BG
2116624.25,9752,4.013,LC
2116630.78,9753,36.9159,BG
2116711.89,9751,4.557,LC
2116717.31,9753,36.2382,BG
2116740.25,9750,7.8247,LC
2116746.78,9752,7.0294,LC
2116799.69,9753,32.0453,BG
2116862.77,9751,8.0986,LC
2116878.93,9750,4.4529,LC
2116885.73,9753,35.8323,BG
2116891.12,9752,3.9977,LC
2116925.82,9751,10.4222,LC
2116943.95,9750,9.227,LC
2116971.99,9753,35.5926,BG
2117002.27,9752,9.8921,LC
2117030.2,9751,11.6642,LC
2117056.5,9753,34.3216,BG
2117139.19,9753,32.4946,BG
2117156.11,9750,6.1002,LC
2117186.82,9752,9.8382,LC
2117218.32,9753,28.9726,BG
2117281.86,9751,7.4898,LC
2117303.3,9753,34.727,BG
2117364.08,9750,8.042,LC
2117374.3,9752,4.5166,LC
2117385.61,9753,31.9314,BG
2117453.39,9751,7.5759,LC
2117473.14,9753,37.2412,BG
2117485.16,9750,5.1734,LC
2117553.69,9752,4.075,LC
2117556.04,9753,32.5062,BG
2117614.77,9751,10.9922,LC
2117643.75,9753,37.5983,BG
2117652.62,9750,4.1796,LC
2117725.39,9753,31.2547,BG
2117734.45,9752,4.1872,LC
2117771.12,9751,10.4438,LC
2117804.28,9753,28.6786,BG
2117874.1,9750,6.6096,LC
2117891.4,9753,36.5045,BG
2117913.53,9752,7.7245,LC
2117973.44,9753,31.355,BG
2117996.17,9751,6.8145,LC
2118029.33,9750,9.7407,LC
2118060.12,9753,36.3923,BG
2118068.35,9752,6.3659,LC
2118119.79,9751,11.6859,LC
2118134.86,9750,5.2867,LC
2118150.6,9753,40.2657,BG
2118183.17,9752,4.3089,LC
2118230.16,9753,29.169,BG
2118309.72,9753,29.4634,BG
2118389.18,9751,10.4329,LC
2118405.6,9753,45.4902,BG
2118415.24,9750,4.2972,LC
2118442.17,9752,4.1036,LC
2118444.4,9751,4.7375,LC
2118494.73,9753,38.9186,BG
2118515.34,9750,5.3743,LC
2118527.39,9752,7.2135,LC
2118548.45,9750,8.9991,LC
2118548.98,9751,12.2968,LC
2118576.03,9752,5.5831,LC
2118580.58,9750,4.6027,LC
2118584.66,9753,39.4383,BG
2118645.16,9752,7.6173,LC
2118645.3,9751,9.4286,LC
2118662.19,9750,4.0275,LC
2118671.83,9753,36.7082,BG
2118713.78,9751,9.1878,LC
2118749.48,9753,27.323,BG
2118790.71,9752,9.0757,LC
2118809.49,9750,9.4599,LC
2118822.84,9751,6.7421,LC
2118838.76,9753,39.1875,BG
2118930.2,9753,40.8433,BG
2118995.39,9752,5.9025,LC
2119007.5,9750,6.6658,LC
2119014.45,9751,3.9839,LC
2119016.16,9753,35.804,BG
2119074.76,9752,9.675,LC
2119084.9,9750,8.2043,LC
2119103.47,9753,37.03,BG
2119140.26,9751,9.3293,LC
2119188.07,9752,7.1533,LC
2119195.14,9753,41.355,BG
2119205.61,9750,6.274,LC
2119212.82,9751,5.3457,LC
2119268.57,9753,23.0907,BG
2119277.04,9752,4.4131,LC
2119318.91,9750,10.6732,LC
2119326.55,9751,6.9986,LC
2119346.88,9753,28.0437,BG
2119416.86,9752,6.3143,LC
2119431.2,9753,33.9385,BG
2119506.8,9753,25.2307,BG
2119533.69,9750,7.4866,LC
2119542.42,9751,7.6837,LC
2119594.62,9753,37.5127,BG
2119610.46,9752,6.8676,LC
2119625.31,9750,7.5098,LC
2119627.35,9751,6.4424,LC
2119676.65,9753,31.8994,BG
2119711.57,9752,9.3383,LC
2119718.66,9750,7.0107,LC
2119759.58,9753,32.4987,BG
2119799.26,9751,13.8334,LC
2119804.92,9752,12.2472,LC
2119812.62,9750,9.7119,LC
2119836.52,9751,4.0509,LC
2119842.22,9753,32.3096,BG
2119861.27,9752,5.9027,LC
2119881.73,9750,7.8813,LC
2119920.66,9753,28.1945,BG
2119922.3,9751,4.4315,LC
2119928.05,9752,4.0493,LC
2119991.51,9750,4.1258,LC
2119996.23,9753,25.3708,BG
2119997.32,9751,4.0191,LC
2120062.07,9752,5.5677,LC
2120076.05,9750,4.3081,LC
2120079.53,9753,32.9575,BG
2120090.62,9751,4.4155,LC
2120159.83,9753,30.0893,BG
2120225.36,9752,4.7135,LC
2120232.27,9750,5.0774,LC
2120242.2,9753,32.1369,BG
2120250.45,9752,4.5527,LC
2120250.7,9751,4.6603,LC
2120321.61,9753,28.6427,BG
2120332.15,9750,4.2633,LC
2120337.32,9751,4.6204,LC
2120360.32,9752,8.5967,LC
2120387.14,9750,7.9651,LC
2120388.85,9751,6.1579,LC
2120403.07,9753,32.0483,BG
2120403.83,9752,4.7485,LC
2120418.52,9750,5.143,LC
2120426.56,9751,4.7069,LC
2120438.5,9752,4.8493,LC
2120477.47,9753,24.0201,BG
2120489.26,9750,4.1289,LC
2120496.73,9752,4.2753,LC
2120496.78,9751,5.94,LC
2120499.57,9750,4.2847,LC
2120513.94,9752,4.1884,LC
2120517.21,9751,4.1656,LC
2120550.13,9753,22.5938,BG
2120558.52,9750,4.0952,LC
2120573.38,9752,4.9375,LC
2120592.34,9751,7.1944,LC
2120605.92,9750,8.8496,LC
2120610.59,9752,6.1604,LC
2120619.43,9751,6.123,LC
2120625.95,9750,4.2258,LC
2120634.12,9753,32.8262,BG
2120651.74,9752,5.2131,LC
2120655.63,9751,4.3154,LC
2120667.85,9750,5.0192,LC
2120672.02,9752,5.4375,LC
2120687.36,9751,5.9844,LC
2120692.42,9750,4.7079,LC
2120709.08,9753,24.8895,BG
2120730.05,9752,4.4765,LC
2120805.44,9751,6.099,LC
2120805.57,9750,4.0601,LC
2120817.67,9753,58.4897,BG
2120824.36,9752,4.2898,LC
2120824.78,9750,4.1332,LC
2120901.38,9753,31.3684,BG
2120901.92,9751,4.5663,LC
2120918.28,9752,4.3384,LC
2120920.36,9750,4.6842,LC
2120928.9,9751,4.3289,LC
2120935.59,9752,8.2222,LC
2120935.8,9750,6.6252,LC
2120951.39,9751,5.766,LC
2120977.4,9753,25.869,BG
2120979.9,9752,4.285,LC
2121035.28,9750,10.2414,LC
2121039.92,9751,8.1783,LC
2121059.03,9753,31.2766,BG
2121091.43,9752,7.2563,LC
2121144.6,9753,35.3468,BG
2121145.78,9750,4.3648,LC
2121154.9,9751,4.7037,LC
2121174.21,9752,8.8165,LC
2121197.34,9750,7.7622,LC
2121201.93,9751,8.4338,LC
2121208.92,9752,4.5102,LC
2121212.45,9750,4.1913,LC
2121223.89,9753,28.5992,BG
2121243.14,9751,7.866,LC
2121245.65,9752,5.5876,LC
2121253.64,9750,5.0859,LC
2121254.16,9751,5.2205,LC
2121271.95,9752,8.7537,LC
2121272.14,9750,5.5972,LC
2121274.16,9751,4.8014,LC
2121280.78,9752,3.9746,LC
2121285.21,9750,4.0006,LC
2121298.69,9753,24.4937,BG
2121307.81,9751,3.9181,LC
2121317.81,9752,4.1497,LC
2121385.96,9753,36.9505,BG
2121403.05,9750,8.3973,LC
2121428.1,9751,10.1844,LC
2121469.06,9752,6.691,LC
2121469.17,9750,6.424,LC
2121470.85,9751,5.0943,LC
2121476.4,9752,4.2226,LC
2121477.9,9753,41.7213,BG
2121487.05,9750,3.9864,LC
2121510.88,9751,9.7582,LC
2121565.57,9752,7.7603,LC
2121571.22,9753,43.0038,BG
2121571.72,9750,5.0756,LC
2121593.39,9751,4.1998,LC
2121594.48,9752,4.0863,LC
2121606.03,9750,4.6568,LC
2121649.96,9751,8.6478,LC
2121651.16,9752,6.948,LC
2121654.52,9753,33.1017,BG
2121654.61,9750,4.1014,LC
2121678.67,9752,4.374,LC
2121727.93,9751,5.0381,LC
2121732.63,9750,4.2475,LC
2121737.48,9752,4.4528,LC
2121737.58,9753,32.8941,BG
2121745.74,9751,4.1123,LC
2121761.56,9750,5.3891,LC
2121765.36,9752,5.0111,LC
2121773.22,9751,6.4248,LC
2121792.63,9750,7.7531,LC
2121817.25,9753,27.0657,BG
2121818.38,9752,7.4359,LC
2121820.94,9751,4.5572,LC
2121842.53,9750,3.9604,LC
2121886.15,9752,6.7723,LC
2121904.05,9751,4.0899,LC
2121908.7,9753,41.0137,BG
2121941.07,9750,16.3033,LC
2121941.54,9752,13.6101,LC
2121962.15,9751,6.3151,LC
2121968.21,9752,3.9452,LC
2121968.35,9750,4.1461,LC
2121977.52,9751,3.8285,LC
2121977.63,9750,4.1385,LC
2121984.46,9752,4.1339,LC
2121991.07,9753,30.9773,BG
2121996.52,9751,3.9638,LC
2122000.34,9750,3.9855,LC
2122072.32,9751,8.8158,LC
2122075.13,9752,7.8888,LC
2122082.85,9753,41.4747,BG
2122088.2,9750,3.9888,LC
2122092.89,9751,4.1012,LC
2122108.39,9752,7.09,LC
2122152.0,9750,6.6997,LC
2122167.95,9753,34.791,BG
2122195.19,9751,7.8768,LC
2122202.46,9752,6.5311,LC
2122256.32,9753,37.6737,BG
2122265.81,9750,4.1433,LC
2122291.21,9751,9.016,LC
2122300.56,9750,7.2388,LC
2122301.23,9752,9.1938,LC
2122330.45,9753,23.7059,BG
2122416.69,9753,35.6099,BG
2122436.56,9751,6.7208,LC
2122452.39,9750,8.1777,LC
2122499.05,9753,31.9625,BG
2122513.17,9752,5.6849,LC
2122520.43,9751,6.6514,LC
2122554.53,9750,8.9902,LC
2122583.68,9753,34.4374,BG
2122657.06,9753,22.813,BG
2122731.87,9753,24.4739,BG
2122767.45,9752,6.6698,LC
2122786.75,9751,7.8338,LC
2122798.37,9750,3.9921,LC
2122809.05,9753,27.1164,BG
2122851.53,9752,4.1757,LC
2122864.56,9751,5.8534,LC
2122888.17,9753,25.4709,BG
2122896.39,9750,4.3109,LC
2122945.86,9752,10.6987,LC
2122971.49,9753,33.1891,BG
2123014.05,9751,10.7442,LC
2123060.28,9753,38.6652,BG
2123061.81,9750,6.131,LC
2123127.09,9752,8.9799,LC
2123149.47,9753,38.5816,BG
2123215.19,9751,7.9088,LC
2123236.35,9753,36.0487,BG
2123240.51,9750,4.0683,LC
2123290.99,9751,8.8599,LC
2123291.68,9752,11.7593,LC
2123316.58,9753,29.4353,BG
2123350.72,9750,8.624,LC
2123388.79,9751,7.0957,LC
2123396.77,9752,4.9793,LC
2123404.16,9753,37.0994,BG
2123492.59,9753,37.8336,BG
2123551.66,9750,11.1219,LC
2123581.04,9753,37.4903,BG
2123644.25,9751,7.4268,LC
2123662.08,9752,4.4237,LC
2123665.92,9753,34.5809,BG
2123668.28,9750,4.0841,LC
2123704.12,9751,8.8786,LC
2123704.87,9752,8.7979,LC
2123749.91,9753,33.3974,BG
2123755.81,9750,5.5485,LC
2123836.19,9753,35.905,BG
2123850.91,9751,5.3745,LC
2123902.65,9752,7.1803,LC
2123914.04,9750,4.1039,LC
2123918.18,9751,3.8315,LC
2123919.77,9753,33.2348,BG
2123956.18,9752,9.8808,LC
2124003.34,9753,33.362,BG
2124092.06,9753,38.2153,BG
2124134.68,9750,9.3068,LC
2124172.81,9753,30.3608,BG
2124188.62,9751,7.199,LC
2124228.07,9752,11.2812,LC
2124255.49,9753,32.4767,BG
2124276.35,9750,7.6546,LC
2124319.05,9751,8.4895,LC
2124332.13,9752,4.587,LC
2124340.38,9753,34.603,BG
2124343.6,9750,4.1553,LC
2124483.95,9751,6.4473,LC
2124499.34,9752,4.0373,LC
2124512.71,9750,5.0939,LC
2124533.27,9753,136.8126,BG
2124559.89,9751,6.1976,LC
2124569.7,9752,7.6746,LC
2124575.87,9750,6.3512,LC
2124613.46,9753,29.7827,BG
2124632.96,9751,5.3236,LC
2124692.35,9750,9.4175,LC
2124692.54,9752,11.0648,LC
2124697.13,9753,33.0826,BG
2124780.1,9753,32.6109,BG
2124866.62,9753,35.8344,BG
2124951.18,9753,34.1617,BG
2125007.18,9751,8.3054,LC
2125035.75,9753,34.2408,BG
2125100.7,9750,6.7729,LC
2125117.85,9752,5.3388,LC
2125120.26,9751,4.0676,LC
2125125.6,9753,39.5352,BG
2125209.77,9753,33.8401,BG
2125294.38,9753,34.2345,BG
2125353.28,9750,6.7331,LC
2125374.25,9753,29.8937,BG
2125440.06,9752,7.7621,LC
2125463.82,9753,39.1821,BG
2125469.94,9751,4.2192,LC
2125478.57,9750,4.4495,LC
2125539.41,9752,6.392,LC
2125550.44,9753,36.3425,BG
2125553.15,9751,4.5079,LC
2125557.75,9750,3.9683,LC
2125598.72,9752,9.7208,LC
2125612.61,9751,7.7025,LC
2125633.29,9753,32.5284,BG
2125675.19,9750,9.2649,LC
2125686.77,9752,7.4043,LC
2125713.72,9753,30.223,BG
2125750.89,9751,10.2217,LC
2125787.84,9750,4.1994,LC
2125792.99,9753,29.0874,BG
2125808.07,9752,5.4491,LC
2125863.47,9751,7.2958,LC
2125876.05,9750,7.0545,LC
2125884.06,9753,40.9112,BG
2125927.3,9752,9.5883,LC
2125973.19,9753,38.6372,BG
2126003.43,9751,8.6116,LC
2126057.09,9753,33.3523,BG
2126074.74,9750,7.5304,LC
2126111.29,9752,9.4125,LC
2126137.61,9753,30.4281,BG
2126164.56,9751,8.1906,LC
2126174.05,9750,6.2752,LC
2126215.91,9753,28.0367,BG
2126264.47,9752,9.1164,LC
2126295.36,9753,29.3126,BG
2126340.18,9751,9.1596,LC
2126377.08,9753,31.4104,BG
2126381.3,9750,4.1258,LC
2126434.35,9752,11.9357,LC
2126467.6,9751,6.2704,LC
2126469.42,9753,42.1981,BG
2126538.76,9750,7.7776,LC
2126554.47,9753,34.2009,BG
2126561.94,9752,4.0448,LC
2126616.38,9751,8.3464,LC
2126626.44,9750,4.9154,LC
2126637.63,9753,32.7081,BG
2126691.93,9752,10.5824,LC
2126718.18,9753,28.7912,BG
2126802.02,9751,5.3727,LC
2126806.4,9753,37.9508,BG
2126828.69,9750,4.3914,LC
2126891.15,9753,34.257,BG
2126947.82,9752,7.8183,LC
2126958.4,9751,5.7465,LC
2126975.18,9753,33.6664,BG
2126984.64,9750,4.2737,LC
2127049.74,9753,24.3672,BG
2127083.5,9752,8.0312,LC
2127132.13,9753,32.0984,BG
2127167.87,9751,7.146,LC
2127211.63,9753,29.3633,BG
2127217.41,9750,4.1437,LC
2127255.95,9752,4.0762,LC
2127285.38,9753,23.635,BG
2127299.31,9751,4.2084,LC
2127304.97,9750,4.232,LC
2127312.67,9752,4.5378,LC
2127371.13,9753,35.4194,BG
2127400.47,9751,9.5035,LC
2127454.63,9753,33.3952,BG
2127494.13,9750,10.6098,LC
2127499.35,9752,7.6591,LC
2127536.59,9753,31.1574,BG
2127628.29,9753,41.2593,BG
2127672.31,9751,9.977,LC
2127713.78,9750,4.2921,LC
2127716.1,9753,37.6096,BG
2127746.55,9752,10.2842,LC
2127769.22,9751,9.2876,LC
2127771.4,9750,7.6205,LC
2127790.48,9752,4.2899,LC
2127798.51,9753,31.4772,BG
2127798.71,9751,3.9266,LC
2127832.82,9750,8.4294,LC
2127870.57,9752,4.7661,LC
2127880.31,9753,31.2506,BG
2127914.85,9751,9.5914,LC
2127916.95,9750,8.1392,LC
2127971.41,9753,40.7607,BG
2128008.31,9752,7.3671,LC
2128028.98,9752,7.9709,LC
2128029.07,9750,12.9523,LC
2128029.13,9751,15.1142,LC
2128031.44,9752,5.4529,LC
2128039.12,9750,3.8585,LC
2128044.7,9751,5.0264,LC
2128044.75,9752,4.1617,LC
2128057.31,9753,28.0163,BG
2128084.46,9750,5.8535,LC
2128140.74,9753,32.9449,BG
2128193.37,9751,14.4872,LC
2128193.62,9752,19.1742,LC
2128193.69,9750,7.4296,LC
2128214.02,9752,5.794,LC
2128219.07,9753,25.4351,BG
2128223.69,9750,4.5368,LC
2128225.11,9751,4.29,LC
2128229.47,9752,4.1227,LC
2128237.18,9750,3.9723,LC
2128239.42,9751,4.1357,LC
2128249.77,9752,3.9397,LC
2128282.71,9750,11.1944,LC
2128286.37,9751,6.1476,LC
2128299.35,9753,29.9447,BG
2128319.54,9752,5.0724,LC
2128328.32,9750,4.695,LC
2128362.35,9751,13.8749,LC
2128365.26,9752,9.0871,LC
2128385.4,9753,35.8277,BG
2128396.93,9750,4.4641,LC
2128426.77,9751,9.7663,LC
2128443.68,9752,9.1136,LC
2128459.13,9750,4.265,LC
2128466.88,9753,30.6393,BG
2128467.04,9751,4.1851,LC
2128481.43,9752,4.3008,LC
2128532.65,9750,7.2515,LC
2128539.08,9751,7.2095,LC
2128542.55,9752,5.6565,LC
2128554.81,9753,37.6869,BG
2128558.96,9750,4.6388,LC
2128575.9,9751,7.9126,LC
2128595.23,9752,9.846,LC
2128597.47,9750,9.8357,LC
2128599.78,9751,8.4569,LC
2128604.11,9752,5.588,LC
2128610.01,9750,6.2448,LC
2128614.33,9751,4.507,LC
2128622.26,9750,4.0265,LC
2128635.19,9753,30.0202,BG
2128640.89,9752,4.3619,LC
2128656.25,9751,6.0141,LC
2128708.58,9750,7.3836,LC
2128722.07,9751,4.8864,LC
2128722.21,9752,6.4018,LC
2128727.64,9753,41.923,BG
2128728.99,9750,6.0836,LC
2128772.27,9752,9.4471,LC
2128806.05,9753,27.8447,BG
2128871.67,9751,8.6361,LC
2128879.52,9750,7.2994,LC
2128883.54,9752,7.2938,LC
2128894.22,9753,37.8765,BG
2128894.36,9751,5.9476,LC
2128896.61,9750,6.4459,LC
2128897.39,9752,5.0384,LC
2128908.29,9751,4.3394,LC
2128917.64,9750,3.8817,LC
2128929.39,9752,3.963,LC
2128935.58,9751,4.3962,LC
2128957.11,9750,5.6856,LC
2128965.28,9752,4.5246,LC
2128972.44,9753,27.7824,BG
2128994.59,9751,6.0644,LC
2129056.31,9753,33.132,BG
2129088.26,9750,7.0281,LC
2129094.18,9752,6.5767,LC
2129099.92,9750,7.2181,LC
2129135.78,9753,29.3885,BG
2129141.53,9751,4.1214,LC
2129220.82,9753,34.812,BG
2129303.91,9753,32.5964,BG
2129372.19,9752,8.7936,LC
2129375.17,9750,9.5147,LC
2129391.69,9751,4.2383,LC
2129392.42,9753,38.3407,BG
2129395.54,9752,4.1604,LC
2129468.93,9750,5.3599,LC
2129483.37,9753,40.4116,BG
2129566.69,9753,32.8233,BG
2129576.5,9751,4.3686,LC
2129650.49,9753,33.2997,BG
2129692.4,9752,9.787,LC
2129701.1,9750,8.4098,LC
2129729.6,9753,28.7054,BG
2129729.86,9751,4.0056,LC
2129779.71,9752,8.9396,LC
2129807.83,9753,27.9681,BG
2129819.91,9750,4.6137,LC
2129844.55,9751,9.8379,LC
2129875.73,9752,7.1504,LC
2129892.79,9750,4.1998,LC
2129893.87,9753,35.4611,BG
2129906.95,9751,3.9889,LC
2129922.91,9752,4.7864,LC
2129939.19,9750,5.7737,LC
2129956.27,9751,4.0793,LC
2129960.06,9752,5.4234,LC
2129964.78,9750,4.5675,LC
2129974.11,9751,5.2294,LC
2129974.45,9752,5.2157,LC
2129975.15,9753,31.1316,BG
2130016.68,9750,9.1365,LC
2130022.87,9751,7.3031,LC
2130025.02,9750,6.4771,LC
2130048.6,9753,23.1678,BG
2130058.86,9752,4.228,LC
2130064.79,9751,4.8787,LC
2130133.64,9753,34.6168,BG
2130144.2,9750,4.2921,LC
2130149.7,9752,4.1918,LC
2130171.39,9751,8.6111,LC
2130193.21,9750,9.6411,LC
2130206.31,9752,11.3567,LC
2130210.57,9751,8.35,LC
2130213.12,9750,4.8819,LC
2130222.46,9752,8.0482,LC
2130222.85,9751,5.64,LC
2130225.46,9753,39.7804,BG
2130233.69,9750,4.3157,LC
2130262.12,9752,9.111,LC
2130286.09,9751,9.2413,LC
2130288.69,9750,6.2829,LC
2130310.22,9752,4.1674,LC
2130311.66,9753,35.7389,BG
2130324.59,9751,4.3009,LC
2130333.56,9752,4.4855,LC
2130333.65,9750,6.4587,LC
2130334.47,9751,5.06,LC
2130362.53,9752,9.7922,LC
2130369.08,9750,6.2636,LC
2130379.5,9751,7.1673,LC
2130383.91,9752,7.609,LC
2130386.37,9750,5.1794,LC
2130390.64,9751,4.043,LC
2130392.1,9753,30.1446,BG
2130408.71,9752,4.6481,LC
2130428.84,9750,7.3606,LC
2130433.1,9751,7.2766,LC
2130440.55,9752,6.5806,LC
2130459.08,9750,4.5657,LC
2130460.16,9751,4.9359,LC
2130469.38,9752,3.9169,LC
2130475.27,9750,3.9501,LC
2130475.77,9753,33.442,BG
2130479.57,9751,4.2152,LC
2130504.57,9752,7.4729,LC
2130511.33,9750,6.5705,LC
2130518.21,9751,5.1919,LC
2130537.97,9750,8.623,LC
2130538.04,9752,9.5703,LC
2130551.84,9753,25.6282,BG
2130577.54,9751,6.4889,LC
2130607.64,9750,10.4664,LC
2130616.2,9752,7.2041,LC
2130636.26,9751,3.9474,LC
2130636.4,9750,4.1311,LC
2130638.59,9753,36.5623,BG
2130673.21,9752,9.9514,LC
2130678.85,9751,7.264,LC
2130714.66,9750,4.3091,LC
2130720.24,9753,31.486,BG
2130721.78,9752,4.2743,LC
2130725.87,9751,3.9976,LC
2130758.69,9750,8.5874,LC
2130759.06,9752,13.5051,LC
2130762.28,9751,9.83,LC
2130779.55,9750,6.8285,LC
2130783.41,9752,5.1141,LC
2130798.1,9750,3.9276,LC
2130801.68,9753,31.1666,BG
2130812.02,9751,4.3931,LC
2130860.05,9752,9.5865,LC
2130860.16,9750,13.071,LC
2130869.22,9752,6.0442,LC
2130869.27,9751,12.0502,LC
2130869.81,9750,5.9078,LC
2130887.49,9753,35.2043,BG
2130926.67,9752,10.1213,LC
2130942.18,9751,8.656,LC
2130955.98,9750,6.1558,LC
2130958.08,9752,4.9619,LC
2130968.69,9753,31.1331,BG
2130981.84,9751,4.5452,LC
2130985.07,9750,4.8817,LC
2130997.6,9752,4.413,LC
2131000.2,9751,4.0601,LC
2131029.43,9750,4.726,LC
2131045.09,9753,25.9717,BG
2131047.22,9752,4.2564,LC
2131050.94,9751,4.242,LC
2131079.43,9750,8.0982,LC
2131097.74,9752,10.1081,LC
2131109.68,9751,6.0641,LC
2131124.57,9753,29.2671,BG
2131167.62,9750,10.6347,LC
2131174.15,9752,7.0478,LC
2131198.35,9751,3.9555,LC
2131200.36,9753,25.6748,BG
2131208.9,9750,4.022,LC
2131233.75,9752,8.6586,LC
2131276.4,9751,6.2783,LC
2131278.92,9750,5.7403,LC
2131281.77,9753,31.074,BG
2131286.5,9752,4.2027,LC
2131336.23,9751,10.1017,LC
2131363.63,9753,31.7668,BG
2131381.71,9750,5.4236,LC
2131387.54,9752,4.0477,LC
2131435.34,9751,4.0623,LC
2131439.53,9753,23.7405,BG
2131461.41,9750,3.9671,LC
2131515.78,9753,26.1191,BG
2131562.41,9752,6.923,LC
2131596.17,9753,30.3928,BG
2131598.72,9751,4.173,LC
2131680.06,9753,33.6237,BG
2131761.62,9753,31.3377,BG
2131845.11,9753,32.7566,BG
2131892.9,9750,15.954,LC
2131893.97,9751,11.683,LC
2131897.35,9752,8.9807,LC
2131897.62,9752,7.5463,LC
2131919.46,9753,24.2271,BG
2131952.56,9750,8.4094,LC
2132003.25,9753,33.5844,BG
2132076.34,9753,22.8841,BG
2132080.46,9751,4.2384,LC
2132109.19,9752,8.7008,LC
2132163.56,9753,36.5278,BG
2132203.23,9750,8.662,LC
2132244.76,9753,30.7349,BG
2132272.27,9751,10.1905,LC
2132306.35,9752,9.3175,LC
2132329.12,9753,33.9334,BG
2132367.53,9750,8.8382,LC
2132418.18,9753,38.5028,BG
2132437.54,9751,8.8906,LC
2132452.91,9752,8.0451,LC
2132500.81,9753,32.371,BG
2132518.17,9750,5.3456,LC
2132586.21,9753,35.1606,BG
2132586.31,9751,4.1544,LC
2132671.91,9753,35.2499,BG
2132760.51,9753,37.5611,BG
2132850.66,9753,39.2062,BG
2132876.41,9752,10.2832,LC
2132931.9,9753,30.7881,BG
2132966.71,9750,9.318,LC
2132968.64,9751,7.68,LC
2132974.14,9752,6.6616,LC
2132977.52,9750,5.0699,LC
2132983.1,9751,5.2162,LC
2132999.94,9752,3.968,LC
2133008.73,9753,26.6019,BG
2133011.18,9750,4.0506,LC
2133014.48,9751,4.1612,LC
2133046.06,9752,8.7438,LC
2133067.25,9750,10.9314,LC
2133087.68,9751,4.2526,LC
2133095.19,9753,35.9395,BG
2133140.19,9752,9.4709,LC
2133142.49,9750,8.1968,LC
2133167.98,9751,4.4822,LC
2133173.93,9753,28.49,BG
2133176.2,9752,4.136,LC
2133230.92,9750,12.1806,LC
2133255.12,9751,8.0142,LC
2133255.19,9752,6.2967,LC
2133256.98,9753,32.7855,BG
2133271.71,9750,5.733,LC
2133273.7,9752,5.3749,LC
2133281.63,9751,5.397,LC
2133329.02,9750,4.704,LC
2133335.9,9752,4.0783,LC
2133340.24,9751,4.0827,LC
2133341.63,9753,34.3585,BG
2133359.54,9750,5.3254,LC
2133373.71,9752,8.4041,LC
2133428.08,9753,35.8723,BG
2133442.26,9751,5.5231,LC
2133495.33,9750,5.0081,LC
2133509.87,9753,31.6437,BG
2133511.86,9752,4.2462,LC
2133593.76,9753,33.5747,BG
2133605.1,9751,5.1282,LC
2133620.3,9750,7.284,LC
2133646.09,9752,9.7901,LC
2133664.96,9751,5.8737,LC
2133676.08,9750,4.7803,LC
2133681.68,9753,37.7816,BG
2133683.88,9752,4.4747,LC
2133722.84,9751,11.417,LC
2133750.59,9750,5.397,LC
2133763.41,9753,31.2836,BG
2133770.59,9752,4.1767,LC
2133775.69,9751,4.6517,LC
2133788.22,9750,4.3022,LC
2133807.4,9752,7.5528,LC
2133837.98,9751,4.5462,LC
2133845.5,9753,31.9849,BG
2133849.69,9750,4.0027,LC
2133863.98,9752,5.364,LC
2133894.89,9751,8.3196,LC
2133908.92,9750,6.3494,LC
2133914.12,9752,4.2225,LC
2133916.27,9751,4.276,LC
2133919.59,9752,5.2233,LC
2133927.31,9753,31.3617,BG
2133932.83,9750,4.1343,LC
2133979.89,9751,10.043,LC
2133985.7,9752,9.1955,LC
2133996.78,9750,7.6778,LC
2134016.48,9753,38.2541,BG
2134042.27,9751,9.6588,LC
2134084.55,9752,7.8756,LC
2134103.16,9753,36.3353,BG
2134123.52,9750,4.4408,LC
2134133.72,9751,4.1932,LC
2134180.55,9753,27.062,BG
2134203.98,9752,4.1449,LC
2134207.49,9750,4.0298,LC
2134218.31,9752,4.0247,LC
2134261.41,9753,30.3893,BG
2134282.64,9751,7.0564,LC
2134303.67,9750,7.6858,LC
2134330.84,9752,6.0488,LC
2134333.28,9751,6.0186,LC
2134338.82,9753,27.3292,BG
2134368.81,9750,9.541,LC
2134391.89,9752,10.2802,LC
2134405.42,9751,5.653,LC
2134413.56,9752,4.2385,LC
2134414.48,9750,5.8832,LC
2134421.09,9751,4.2466,LC
2134423.61,9753,34.4803,BG
2134445.86,9752,4.6173,LC
2134450.59,9750,4.359,LC
2134455.22,9751,4.5937,LC
2134475.02,9752,4.3317,LC
2134491.57,9750,4.0096,LC
2134498.06,9753,24.3165,BG
2134522.28,9751,7.3058,LC
2134555.17,9752,10.5598,LC
2134570.49,9750,8.2446,LC
2134578.47,9751,10.395,LC
2134578.59,9752,6.1138,LC
2134581.58,9753,33.2175,BG
2134592.51,9750,4.768,LC
2134596.13,9752,4.3506,LC
2134597.11,9751,4.3289,LC
2134608.26,9750,4.6883,LC
2134614.94,9752,4.5832,LC
2134639.99,9751,9.1811,LC
2134658.41,9750,3.9524,LC
2134662.52,9753,30.8004,BG
2134662.89,9752,4.4014,LC
2134720.33,9751,12.1007,LC
2134747.17,9750,3.9174,LC
2134748.37,9753,34.2142,BG
2134779.3,9752,11.3168,LC
2134784.29,9751,8.6274,LC
2134795.3,9750,7.7779,LC
2134828.8,9753,30.0046,BG
2134841.51,9752,4.2587,LC
2134863.72,9751,9.5178,LC
2134864.89,9750,8.2458,LC
2134884.38,9752,10.6466,LC
2134888.06,9751,5.9998,LC
2134905.08,9752,4.2116,LC
2134906.38,9753,27.2351,BG
2134936.21,9750,7.2573,LC
2134946.72,9751,6.2787,LC
2134960.08,9752,6.5255,LC
2134978.76,9750,3.9846,LC
2134982.44,9753,25.7022,BG
2135023.29,9751,10.5426,LC
2135046.5,9752,13.86,LC
2135049.77,9750,9.9057,LC
2135053.85,9751,7.2624,LC
2135065.08,9752,4.5735,LC
2135069.88,9753,37.2327,BG
2135080.12,9750,4.5096,LC
2135116.2,9751,9.8972,LC
2135120.6,9752,8.9905,LC
2135135.22,9750,5.89,LC
2135147.06,9751,3.8791,LC
2135150.39,9753,30.1871,BG
2135161.59,9752,4.3389,LC
2135169.46,9750,6.7109,LC
2135171.87,9751,5.0602,LC
2135175.8,9752,4.0192,LC
2135179.97,9750,4.0882,LC
2135222.75,9751,3.9601,LC
2135227.99,9753,27.3325,BG
2135274.24,9752,11.1637,LC
2135287.23,9750,8.8461,LC
2135305.27,9751,6.4857,LC
2135305.39,9752,4.5093,LC
2135315.45,9753,37.1465,BG
2135374.31,9750,9.4523,LC
2135403.29,9753,37.6957,BG
2135409.56,9751,3.8593,LC
2135439.19,9752,9.0947,LC
2135485.05,9753,31.2721,BG
2135546.95,9750,12.3493,LC
2135578.32,9753,42.0162,BG
2135629.94,9751,8.9565,LC
2135659.97,9753,31.2807,BG
2135694.65,9752,8.8575,LC
2135750.28,9753,39.8927,BG
2135750.8,9750,4.1373,LC
2135758.73,9751,4.4609,LC
2135791.26,9752,8.0874,LC
2135824.11,9750,6.1871,LC
2135873.6,9751,6.0884,LC
2135904.49,9753,102.3846,BG
2135987.12,9753,32.9919,BG
2136035.69,9752,8.7701,LC
2136078.83,9753,41.6561,BG
2136146.12,9750,6.4423,LC
2136163.16,9753,34.1529,BG
2136212.1,9751,6.9916,LC
2136245.38,9753,31.9361,BG
2136292.46,9752,7.8138,LC
2136296.45,9750,9.7887,LC
2136310.69,9751,4.3095,LC
2136321.09,9753,25.2016,BG
2136408.94,9753,37.694,BG
2136411.99,9752,4.4109,LC
2136492.33,9753,33.0193,BG
2136575.58,9753,33.0452,BG
2136583.41,9750,4.4288,LC
2136632.44,9751,10.6233,LC
2136657.99,9753,32.082,BG
2136742.8,9753,34.6639,BG
2136747.0,9752,4.1544,LC
2136818.82,9753,25.5544,BG
2136820.81,9750,5.2149,LC
2136857.57,9751,5.3204,LC
2136862.97,9752,4.7582,LC
2136889.02,9750,5.5093,LC
2136901.2,9753,31.9308,BG
2136988.51,9753,35.9446,BG
2137008.61,9751,7.9563,LC
2137050.11,9752,12.0277,LC
2137055.07,9750,9.3376,LC
2137078.18,9753,38.798,BG
2137105.65,9751,8.7082,LC
2137164.17,9753,35.6589,BG
2137167.34,9752,4.1595,LC
2137176.02,9750,4.2966,LC
2137210.08,9751,9.8374,LC
2137253.75,9753,38.9563,BG
2137272.96,9752,7.3608,LC
2137277.46,9750,5.6559,LC
2137335.6,9753,31.4423,BG
2137401.26,9752,7.3377,LC
2137420.19,9753,34.2904,BG
2137423.26,9751,4.2003,LC
2137507.43,9750,5.3838,LC
2137510.22,9753,39.5381,BG
2137534.17,9752,9.1259,LC
2137574.14,9751,9.4489,LC
2137590.52,9750,8.0733,LC
2137590.71,9752,6.8651,LC
2137594.1,9753,33.5035,BG
2137664.27,9751,14.7934,LC
2137665.36,9750,14.9171,LC
2137672.47,9752,6.467,LC
2137682.17,9751,4.2428,LC
2137682.7,9753,38.0445,BG
2137691.71,9750,4.5838,LC
2137700.19,9752,4.4709,LC
2137766.58,9753,33.6414,BG
2137767.72,9751,4.3693,LC
2137819.2,9750,10.9772,LC
2137832.11,9752,5.8855,LC
2137850.42,9753,33.2497,BG
2137875.69,9751,4.4073,LC
2137915.83,9750,4.042,LC
2137924.56,9753,23.7534,BG
2137929.22,9752,3.9494,LC
2137937.45,9751,4.6639,LC
2137937.6,9750,3.9917,LC
2137947.75,9752,4.0726,LC
2137954.74,9751,4.0228,LC
2137966.64,9750,7.3869,LC
2137968.72,9752,5.9165,LC
2137998.25,9753,23.4211,BG
2138057.99,9751,10.95,LC
2138070.63,9750,6.2209,LC
2138084.33,9752,4.3047,LC
2138090.21,9751,3.8374,LC
2138091.87,9753,42.5103,BG
2138105.97,9750,6.4873,LC
2138121.22,9752,7.2266,LC
2138133.63,9751,7.733,LC
2138142.1,9750,6.6101,LC
2138151.1,9752,6.0688,LC
2138153.73,9751,6.5025,LC
2138171.15,9753,28.9283,BG
2138176.43,9750,4.1401,LC
2138224.16,9752,9.9101,LC
2138224.28,9751,10.3574,LC
2138252.61,9753,31.3529,BG
2138263.19,9750,4.0755,LC
2138280.55,9752,6.3177,LC
2138296.42,9751,8.8991,LC
2138305.08,9750,6.3817,LC
2138307.95,9752,6.7707,LC
2138314.4,9751,4.575,LC
2138329.92,9753,27.2671,BG
2138338.5,9750,4.1067,LC
2138344.59,9752,4.1278,LC
2138387.24,9751,10.4838,LC
2138398.14,9750,8.1673,LC
2138402.69,9752,6.2043,LC
2138416.26,9753,36.1046,BG
2138426.06,9751,4.7358,LC
2138440.82,9750,9.0809,LC
2138440.92,9752,5.1591,LC
2138443.52,9751,5.1921,LC
2138448.36,9750,4.1512,LC
2138457.97,9752,4.1914,LC
2138481.26,9751,7.2044,LC
2138481.94,9750,6.6726,LC
2138502.0,9753,35.3632,BG
2138504.59,9752,4.3121,LC
2138515.11,9751,6.2899,LC
2138528.92,9750,7.1496,LC
2138579.22,9752,8.9222,LC
2138586.22,9750,4.0305,LC
2138586.31,9751,9.4039,LC
2138587.63,9752,4.8192,LC
2138593.51,9753,41.2084,BG
2138595.45,9751,4.3877,LC
2138598.43,9750,4.256,LC
2138631.76,9751,9.2184,LC
2138632.04,9752,10.4608,LC
2138676.82,9750,4.3758,LC
2138677.46,9753,33.6312,BG
2138682.06,9751,4.1043,LC
2138688.5,9752,4.0571,LC
2138696.41,9750,4.0018,LC
2138704.09,9751,5.2556,LC
2138717.29,9752,6.8812,LC
2138750.68,9752,4.2474,LC
2138750.74,9750,8.839,LC
2138752.05,9751,7.4296,LC
2138765.11,9753,37.3804,BG
2138784.39,9750,7.7727,LC
2138814.21,9752,10.036,LC
2138829.94,9751,10.5899,LC
2138830.01,9750,9.7315,LC
2138841.85,9752,4.2629,LC
2138845.49,9753,30.0571,BG
2138849.92,9751,4.0221,LC
2138863.41,9750,4.5833,LC
2138892.23,9752,9.668,LC
2138917.43,9751,6.4631,LC
2138925.52,9750,3.8603,LC
2138932.25,9753,36.2425,BG
2138933.42,9752,4.1814,LC
2138949.94,9751,6.9841,LC
2138952.39,9750,4.8601,LC
2138967.26,9752,6.1431,LC
2138973.28,9751,7.8987,LC
2138976.08,9750,7.6213,LC
2138979.84,9752,4.9575,LC
2138994.62,9750,4.4533,LC
2139007.11,9753,24.0048,BG
2139022.31,9751,4.427,LC
2139054.9,9752,9.699,LC
2139085.68,9753,28.3986,BG
2139134.04,9750,10.3286,LC
2139165.06,9751,4.5136,LC
2139165.66,9752,4.0669,LC
2139168.75,9753,31.4768,BG
2139172.05,9750,4.4745,LC
2139175.05,9751,4.1866,LC
2139185.97,9752,4.3671,LC
2139190.28,9750,4.4798,LC
2139194.47,9751,4.1221,LC
2139232.6,9750,7.644,LC
2139253.63,9753,34.4005,BG
2139267.41,9752,6.6959,LC
2139285.16,9751,7.6234,LC
2139301.37,9750,8.2453,LC
2139329.18,9753,25.4908,BG
2139334.91,9752,4.0573,LC
2139340.3,9751,4.0881,LC
2139383.59,9750,4.6121,LC
2139390.26,9752,4.0919,LC
2139400.66,9751,3.956,LC
2139408.88,9753,27.9728,BG
2139415.07,9750,4.258,LC
2139428.03,9752,4.9142,LC
2139428.62,9751,4.6167,LC
2139433.09,9750,4.6312,LC
2139490.6,9753,31.3044,BG
2139509.65,9752,5.5999,LC
2139513.0,9751,5.5337,LC
2139527.91,9750,7.7117,LC
2139552.81,9752,9.59,LC
2139574.33,9753,33.3514,BG
2139659.67,9753,34.9404,BG
2139675.84,9750,4.703,LC
2139676.0,9751,7.0187,LC
2139677.65,9752,5.2636,LC
2139687.61,9750,4.6611,LC
2139696.92,9751,5.0247,LC
2139698.8,9752,4.484,LC
2139722.51,9750,6.5833,LC
2139740.78,9753,30.959,BG
2139743.33,9751,3.9259,LC
2139751.49,9752,6.5599,LC
2139751.54,9751,4.1212,LC
2139752.33,9750,7.3152,LC
2139769.93,9752,4.9281,LC
2139770.71,9751,4.9053,LC
2139820.37,9750,6.3629,LC
2139828.18,9752,4.2456,LC
2139832.08,9753,40.548,BG
2139833.71,9751,4.2123,LC
2139892.94,9750,7.9737,LC
2139921.33,9753,38.7302,BG
2139979.25,9752,7.7967,LC
2140001.8,9753,29.9603,BG
2140008.42,9751,4.3354,LC
2140052.83,9750,9.7316,LC
2140081.87,9753,29.9984,BG
2140110.15,9752,4.6031,LC
2140155.51,9753,23.3774,BG
2140177.86,9751,4.0837,LC
2140228.64,9753,22.8595,BG
2140259.54,9750,3.9925,LC
2140270.29,9752,4.1006,LC
2140301.61,9753,22.8192,BG
2140343.92,9751,7.502,LC
2140346.46,9750,7.4665,LC
2140366.32,9752,6.212,LC
2140370.92,9751,4.6991,LC
2140385.51,9753,33.6602,BG
2140449.62,9750,6.2537,LC
2140466.2,9753,30.3487,BG
2140503.55,9752,8.6468,LC
2140528.09,9750,13.3746,LC
2140528.36,9751,12.7651,LC
2140528.76,9751,7.1717,LC
2140529.76,9752,12.3107,LC
2140536.92,9750,3.9743,LC
2140548.21,9751,3.9072,LC
2140554.22,9753,36.972,BG
2140582.97,9752,8.5418,LC
2140587.19,9750,7.5777,LC
2140620.91,9751,7.0494,LC
2140640.74,9753,35.9323,BG
2140726.87,9753,35.6614,BG
2140736.1,9752,4.1834,LC
2140770.06,9750,10.1405,LC
2140806.91,9751,4.0658,LC
2140809.83,9753,32.3982,BG
2140811.93,9752,4.3994,LC
2140874.45,9750,9.5915,LC
2140897.23,9753,36.8601,BG
2140963.21,9751,8.1152,LC
2140982.86,9753,35.3292,BG
2141064.83,9753,31.6334,BG
2141112.2,9752,11.188,LC
2141113.55,9750,8.799,LC
2141141.28,9753,26.1365,BG
2141216.35,9751,4.1499,LC
2141218.33,9750,4.4756,LC
2141227.1,9753,35.3218,BG
2141242.59,9752,4.6591,LC
2141257.24,9751,5.4644,LC
2141262.94,9750,5.2003,LC
2141296.93,9752,9.2645,LC
2141297.95,9751,8.7336,LC
2141309.81,9753,32.6242,BG
2141398.97,9750,5.8832,LC
2141402.69,9753,42.0561,BG
2141420.09,9752,9.2269,LC
2141490.2,9753,36.9201,BG
2141563.81,9751,5.7258,LC
2141582.74,9753,42.1059,BG
2141602.21,9750,8.6511,LC
2141667.61,9752,4.2002,LC
2141667.87,9753,34.6895,BG
2141706.58,9751,9.704,LC
2141734.34,9750,9.4254,LC
2141755.21,9753,36.9553,BG
2141838.67,9753,33.0946,BG
2141854.07,9752,4.9075,LC
2141907.92,9751,11.4187,LC
2141925.97,9753,36.8216,BG
2141953.77,9750,9.2101,LC
2141974.96,9752,9.3716,LC
2141995.02,9751,9.6971,LC
2141996.08,9750,7.7878,LC
2141997.26,9752,4.0297,LC
2142008.98,9753,32.7856,BG
2142036.68,9751,9.1269,LC
2142068.39,9750,6.1429,LC
2142089.69,9753,30.3177,BG
2142117.14,9752,9.7206,LC
2142156.9,9751,8.1164,LC
2142168.25,9750,3.9884,LC
2142174.89,9753,33.9291,BG
2142188.57,9752,3.9357,LC
2142195.33,9751,3.9903,LC
2142222.46,9750,10.4324,LC
2142252.11,9752,5.2019,LC
2142259.64,9753,34.459,BG
2142323.87,9751,8.953,LC
2142341.04,9750,8.3962,LC
2142350.23,9752,4.7573,LC
2142354.48,9753,43.8344,BG
2142427.74,9751,5.9144,LC
2142442.6,9753,37.7796,BG
2142529.32,9753,36.4669,BG
2142559.16,9750,4.0434,LC
2142615.77,9753,35.9387,BG
2142707.86,9753,40.9684,BG
2142713.24,9752,7.1568,LC
2142715.23,9751,5.3621,LC
2142753.59,9750,9.9622,LC
2142783.96,9752,4.3472,LC
2142793.54,9753,35.8988,BG
2142885.21,9753,41.374,BG
2142889.45,9751,6.7928,LC
2142954.0,9750,6.5214,LC
2142973.46,9753,37.9895,BG
2142991.98,9752,7.2533,LC
2143065.27,9753,41.2441,BG
2143089.33,9751,9.7718,LC
2143090.17,9750,8.4789,LC
2143153.13,9753,37.3003,BG
2143226.16,9752,7.488,LC
2143241.54,9751,5.1884,LC
2143243.35,9753,39.6962,BG
2143307.97,9750,11.8859,LC
2143331.17,9753,36.8219,BG
2143353.59,9752,6.3042,LC
2143414.95,9753,33.2798,BG
2143453.22,9751,9.9832,LC
2143467.98,9750,9.8447,LC
2143493.4,9753,28.1018,BG
2143514.52,9752,5.7929,LC
2143517.56,9751,5.1099,LC
2143543.15,9750,8.607,LC
2143572.23,9753,28.6986,BG
2143659.94,9753,37.3184,BG
2143746.37,9753,36.2017,BG
2143818.53,9752,7.3972,LC
2143820.86,9751,8.2981,LC
2143838.36,9753,41.5724,BG
2143845.79,9750,5.0181,LC
2143877.88,9752,10.3999,LC
2143879.96,9751,8.9855,LC
2143915.64,9750,3.9384,LC
2143920.78,9753,32.1329,BG
2143931.08,9752,4.2032,LC
2143936.7,9751,7.9292,LC
2143937.01,9750,5.1827,LC
2143981.7,9752,9.8543,LC
2143999.24,9751,5.461,LC
2144009.02,9753,36.391,BG
2144013.31,9750,4.3255,LC
2144016.42,9752,3.9819,LC
2144027.93,9751,4.6557,LC
2144031.72,9750,4.2917,LC
2144035.08,9752,4.6733,LC
2144037.71,9750,3.9943,LC
2144090.01,9751,5.2642,LC
2144092.49,9753,33.2065,BG
2144093.91,9752,5.5609,LC
2144116.41,9750,8.0061,LC
2144128.1,9750,6.9984,LC
2144129.45,9751,12.6398,LC
2144129.72,9752,11.6978,LC
2144131.65,9750,4.9672,LC
2144139.29,9751,4.4069,LC
2144154.58,9752,5.9986,LC
2144180.09,9753,36.6415,BG
2144181.08,9750,4.6282,LC
2144213.29,9751,9.4946,LC
2144214.62,9752,9.0754,LC
2144236.68,9750,9.9417,LC
2144248.08,9751,4.7147,LC
2144262.1,9752,4.3377,LC
2144264.24,9753,34.6962,BG
2144281.48,9750,6.6921,LC
2144291.44,9751,7.2554,LC
2144320.12,9752,12.0099,LC
2144328.75,9750,5.6828,LC
2144335.49,9751,3.9081,LC
2144346.53,9753,31.0569,BG
2144390.93,9752,8.8267,LC
2144421.3,9750,4.7955,LC
2144428.43,9753,31.8859,BG
2144429.16,9751,4.0367,LC
2144459.81,9752,9.0595,LC
2144467.54,9750,5.7394,LC
2144482.28,9751,9.4841,LC
2144489.14,9752,6.4151,LC
2144509.49,9753,30.1,BG
2144530.25,9750,6.2781,LC
2144537.97,9751,5.0703,LC
2144573.44,9752,6.9127,LC
2144579.8,9750,4.3238,LC
2144589.14,9753,29.5598,BG
2144598.41,9751,4.3475,LC
2144614.83,9752,5.0892,LC
2144616.87,9750,4.7255,LC
2144637.34,9751,6.559,LC
2144644.89,9752,4.4928,LC
2144649.58,9750,4.106,LC
2144659.44,9751,4.0105,LC
2144666.49,9753,27.1139,BG
2144678.68,9752,5.0928,LC
2144702.02,9750,7.8398,LC
2144741.52,9751,4.5335,LC
2144746.23,9753,29.443,BG
2144757.39,9752,4.6384,LC
2144759.35,9750,4.2991,LC
2144776.32,9751,5.5083,LC
2144797.16,9752,7.6707,LC
2144799.43,9750,7.6046,LC
2144805.27,9751,4.7895,LC
2144810.95,9752,3.9831,LC
2144823.39,9753,26.1427,BG
2144824.62,9750,3.9399,LC
2144857.29,9751,7.1392,LC
2144883.61,9752,7.7204,LC
2144889.61,9750,6.313,LC
2144905.65,9753,32.0073,BG
2144929.56,9751,6.2165,LC
2144953.38,9752,7.987,LC
2144977.55,9750,4.6732,LC
2144982.51,9751,4.1019,LC
2144988.0,9753,31.8827,BG
2145008.68,9752,6.6239,LC
2145017.08,9750,7.5438,LC
2145019.07,9752,6.0949,LC
2145020.36,9751,4.8621,LC
2145056.39,9750,14.9543,LC
2145056.49,9752,12.8769,LC
2145065.7,9751,5.5475,LC
2145065.78,9751,3.8997,LC
2145065.85,9750,6.4893,LC
2145065.91,9752,5.5107,LC
2145075.57,9750,3.9822,LC
2145080.17,9753,41.9424,BG
2145087.48,9751,4.0362,LC
2145090.9,9752,4.2169,LC
2145102.86,9751,4.3293,LC
2145128.18,9750,7.471,LC
2145154.06,9752,5.2717,LC
2145156.83,9751,4.2186,LC
2145161.54,9753,30.9802,BG
2145177.9,9750,4.511,LC
2145239.4,9752,9.3922,LC
2145239.5,9751,8.8353,LC
2145245.68,9753,33.8068,BG
2145254.99,9750,4.4899,LC
2145281.31,9752,9.4079,LC
2145309.47,9751,8.6166,LC
2145323.07,9750,4.2319,LC
2145324.47,9752,4.5426,LC
2145331.89,9753,35.9511,BG
2145335.36,9751,4.4793,LC
2145369.75,9750,10.1609,LC
2145375.55,9752,9.7032,LC
2145406.06,9751,4.7836,LC
2145407.7,9750,4.5288,LC
2145415.19,9752,4.3984,LC
2145417.4,9751,4.2578,LC
2145417.87,9753,35.8512,BG
2145474.07,9750,9.7403,LC
2145500.11,9753,31.9215,BG
2145517.94,9752,5.8506,LC
2145557.48,9751,9.6091,LC
2145583.31,9753,31.7013,BG
2145591.63,9750,4.2917,LC
2145669.61,9753,35.928,BG
2145720.22,9752,8.3859,LC
2145735.81,9751,6.0292,LC
2145748.85,9753,28.8563,BG
2145805.53,9750,11.1712,LC
2145812.09,9752,8.8738,LC
2145826.19,9751,4.0602,LC
2145829.6,9753,30.2171,BG
2145873.74,9750,10.0176,LC
2145875.67,9752,8.2267,LC
2145908.08,9753,28.2292,BG
2145909.29,9751,4.2326,LC
2145947.8,9750,9.2,LC
2145972.21,9752,9.1764,LC
2145991.64,9753,33.2528,BG
2146029.57,9751,10.5667,LC
2146074.2,9753,32.1456,BG
2146093.8,9750,8.8305,LC
2146139.31,9752,13.4626,LC
2146140.77,9751,11.3397,LC
2146156.77,9753,32.0895,BG
2146250.3,9753,42.8444,BG
2146291.4,9750,8.4307,LC
2146310.46,9752,9.9111,LC
2146333.23,9753,33.05,BG
2146422.23,9753,38.4641,BG
2146499.84,9751,8.1723,LC
2146513.59,9753,41.0141,BG
2146567.07,9750,10.0548,LC
2146596.51,9753,32.2851,BG
2146683.61,9753,36.7991,BG
2146686.91,9751,6.5488,LC
2146687.47,9752,12.3464,LC
2146688.99,9750,6.3209,LC
2146727.64,9751,10.3626,LC
2146729.25,9752,8.6214,LC
2146764.06,9750,4.3234,LC
2146766.54,9753,32.6513,BG
2146773.76,9751,4.2295,LC
2146787.79,9752,4.0191,LC
2146851.15,9753,34.2205,BG
2146853.08,9750,4.2477,LC
2146874.05,9751,5.6586,LC
2146878.16,9752,4.7212,LC
2146908.35,9750,10.3767,LC
2146934.62,9753,32.6571,BG
2146947.92,9751,5.2736,LC
2146991.55,9752,11.2126,LC
2147018.87,9753,34.124,BG
2147056.96,9750,9.8465,LC
2147058.06,9751,9.1701,LC
2147087.12,9752,4.331,LC
2147100.55,9753,31.412,BG
2147135.37,9750,9.2534,LC
2147162.54,9751,9.1565,LC
2147185.19,9753,34.2302,BG
2147254.39,9752,7.0166,LC
2147278.12,9753,42.6386,BG
2147335.22,9750,9.8259,LC
2147364.11,9753,35.6218,BG
2147364.2,9751,4.5438,LC
2147373.28,9752,4.3668,LC
2147419.5,9750,11.5684,LC
2147443.55,9753,29.2388,BG
2147493.17,9751,8.7728,LC
2147517.32,9752,3.9576,LC
2147519.07,9750,3.8676,LC
2147525.36,9753,31.6526,BG
2147530.76,9751,4.1589,LC
2147537.74,9752,3.9776,LC
2147584.93,9750,11.0282,LC
2147611.2,9753,34.9157,BG
2147697.52,9753,35.9974,BG
2147708.22,9751,5.0378,LC
2147742.38,9752,10.2248,LC
2147781.94,9753,34.2633,BG
2147857.72,9753,25.5134,BG
2147860.53,9750,4.1578,LC
2147906.61,9751,9.7317,LC
2147919.21,9752,7.4719,LC
2147942.03,9753,33.9309,BG
2147949.02,9750,4.2039,LC
2148003.44,9751,12.6099,LC
2148025.15,9753,32.9019,BG
2148088.37,9752,8.1892,LC
2148113.08,9753,37.1322,BG
2148121.41,9750,4.1719,LC
2148173.74,9751,9.6758,LC
2148194.74,9753,31.1603,BG
2148252.09,9752,10.3019,LC
2148283.25,9753,38.3255,BG
2148309.4,9750,10.2327,LC
2148344.29,9751,9.3049,LC
2148366.72,9753,33.3168,BG
2148390.74,9752,8.9788,LC
2148453.05,9753,35.9118,BG
2148505.6,9750,11.2381,LC
2148536.19,9751,6.9122,LC
2148539.46,9753,35.93,BG
2148547.7,9752,4.0648,LC
2148608.37,9750,6.6145,LC
2148623.21,9753,33.3661,BG
2148657.38,9751,9.3773,LC
2148670.62,9752,7.935,LC
2148674.8,9750,7.5697,LC
2148694.34,9751,4.2568,LC
2148703.17,9753,29.6997,BG
2148716.39,9752,6.333,LC
2148794.18,9753,40.7101,BG
2148879.84,9753,35.4238,BG
2148965.58,9753,35.3402,BG
2149044.97,9753,29.1141,BG
2149060.75,9750,4.9416,LC
2149121.13,9753,25.3206,BG
2149199.76,9751,5.2539,LC
2149206.75,9753,35.4359,BG
2149241.7,9752,7.8961,LC
2149247.24,9750,8.3211,LC
2149277.94,9751,5.6485,LC
2149286.05,9752,3.9373,LC
2149291.78,9753,34.8685,BG
2149294.46,9750,4.069,LC
2149316.2,9751,7.4278,LC
2149326.21,9752,5.9576,LC
2149344.06,9750,7.9885,LC
2149354.51,9751,8.379,LC
2149359.29,9752,7.106,LC
2149376.67,9753,34.5574,BG
2149388.54,9750,4.0432,LC
2149399.05,9751,4.7656,LC
2149446.37,9752,15.7788,LC
2149446.64,9750,13.5574,LC
2149451.81,9751,4.7599,LC
2149461.32,9753,34.3782,BG
2149475.57,9750,5.2347,LC
2149496.86,9752,9.0485,LC
2149513.3,9751,8.8755,LC
2149520.53,9750,6.5998,LC
2149538.46,9752,4.1514,LC
2149542.75,9751,4.318,LC
2149543.23,9753,31.7537,BG
2149570.32,9750,7.0688,LC
2149588.16,9752,8.4041,LC
2149609.35,9751,5.5414,LC
2149613.41,9750,4.192,LC
2149625.76,9753,32.0276,BG
2149626.15,9751,4.2092,LC
2149652.31,9752,4.2396,LC
2149672.19,9750,6.2422,LC
2149704.69,9753,28.6433,BG
2149720.06,9751,4.3729,LC
2149727.36,9752,4.8652,LC
2149759.68,9750,12.1095,LC
2149759.83,9751,9.0089,LC
2149766.51,9752,5.1817,LC
2149788.93,9753,33.6053,BG
2149826.2,9750,4.9204,LC
2149827.25,9751,4.9139,LC
2149830.45,9752,4.0903,LC
2149851.26,9751,10.9416,LC
2149851.52,9750,9.2884,LC
2149857.08,9752,4.0627,LC
2149869.65,9753,30.5165,BG
2149925.2,9751,9.9278,LC
2149950.1,9753,29.7787,BG
2149969.06,9750,5.7225,LC
2150004.39,9752,11.0442,LC
2150032.29,9753,31.8449,BG
2150071.74,9751,10.8126,LC
2150075.19,9750,13.0527,LC
2150078.34,9752,9.9949,LC
2150108.13,9751,5.0208,LC
2150110.22,9753,27.7288,BG
2150185.77,9750,7.0717,LC
2150201.54,9752,5.1696,LC
2150205.36,9753,44.484,BG
2150224.75,9751,8.4829,LC
2150247.6,9750,11.1585,LC
2150262.32,9752,9.6299,LC
2150285.95,9753,29.6777,BG
2150294.33,9751,4.2611,LC
2150319.34,9750,8.1458,LC
2150322.92,9752,5.2967,LC
2150339.9,9751,8.2434,LC
2150362.4,9753,26.4049,BG
2150365.45,9750,4.1358,LC
2150392.49,9752,8.306,LC
2150400.18,9751,6.6812,LC
2150409.27,9750,5.738,LC
2150433.32,9752,4.328,LC
2150437.11,9753,24.4343,BG
2150444.27,9751,4.1853,LC
2150480.22,9750,10.3965,LC
2150483.08,9752,10.1135,LC
2150516.87,9751,6.3644,LC
2150521.38,9750,4.6242,LC
2150529.02,9753,41.689,BG
2150529.52,9752,5.8807,LC
2150538.75,9751,4.0639,LC
2150549.73,9750,4.2769,LC
2150605.93,9752,4.7041,LC
2150614.33,9753,35.0967,BG
2150652.62,9751,10.382,LC
2150665.94,9750,8.1288,LC
2150691.79,9752,4.3246,LC
2150694.91,9753,30.4455,BG
2150695.8,9751,4.3495,LC
2150700.22,9750,4.1621,LC
2150718.64,9752,6.0853,LC
2150721.76,9751,5.8516,LC
2150729.6,9750,4.9355,LC
2150754.47,9752,9.0144,LC
2150776.75,9753,31.4143,BG
2150806.16,9751,6.1875,LC
2150832.27,9750,6.2585,LC
2150836.98,9752,4.2784,LC
2150844.69,9751,4.0615,LC
2150859.13,9750,3.9084,LC
2150861.8,9753,34.6306,BG
2150885.34,9752,4.7635,LC
2150932.85,9751,4.5002,LC
2150939.73,9753,27.6869,BG
2151009.77,9750,4.1125,LC
2151014.56,9752,4.4009,LC
2151018.97,9753,29.0383,BG
2151031.86,9751,4.2738,LC
2151072.7,9750,11.794,LC
2151083.15,9752,7.0807,LC
2151087.68,9751,4.0791,LC
2151092.24,9750,4.6035,LC
2151095.6,9752,4.2758,LC
2151101.48,9753,32.2332,BG
2151101.98,9751,4.3849,LC
2151112.37,9750,4.0944,LC
2151163.91,9752,9.225,LC
2151191.0,9753,38.4018,BG
2151218.47,9751,10.9865,LC
2151230.31,9750,8.1557,LC
2151233.05,9752,7.6157,LC
2151256.34,9751,5.7438,LC
2151264.68,9750,5.216,LC
2151274.18,9753,33.1147,BG
2151328.22,9752,12.2321,LC
2151355.07,9753,29.8774,BG
2151355.31,9751,4.0175,LC
2151387.1,9750,10.2019,LC
2151434.79,9753,29.4639,BG
2151495.94,9752,8.1267,LC
2151521.25,9753,36.0442,BG
2151588.91,9751,6.909,LC
2151609.58,9753,37.9684,BG
2151683.45,9750,8.4043,LC
2151690.89,9752,5.1923,LC
2151699.9,9753,40.181,BG
2151765.35,9751,7.9294,LC
2151774.85,9750,4.4248,LC
2151785.19,9753,33.5603,BG
2151803.9,9752,4.3927,LC
2151847.83,9751,8.0616,LC
2151847.98,9750,6.4117,LC
2151859.38,9753,23.895,BG
2151878.37,9752,5.3202,LC
2151949.13,9753,39.0136,BG
2151960.46,9751,6.6256,LC
2152025.91,9753,26.7644,BG
2152081.14,9750,11.954,LC
2152111.42,9753,35.1036,BG
2152148.06,9752,10.3402,LC
2152152.24,9751,7.9656,LC
2152193.42,9753,31.9164,BG
2152197.45,9750,4.1295,LC
2152205.93,9752,4.8548,LC
2152270.89,9751,4.3047,LC
2152277.66,9753,33.9168,BG
2152303.76,9750,7.1054,LC
2152363.66,9753,34.6694,BG
2152381.28,9752,5.7854,LC
2152383.92,9751,5.4102,LC
2152398.66,9750,7.3916,LC
2152445.45,9753,31.6149,BG
2152525.49,9752,4.1277,LC
2152529.06,9753,33.3133,BG
2152613.34,9753,34.0529,BG
2152701.31,9753,36.8625,BG
2152750.9,9751,10.8791,LC
2152761.24,9750,6.9241,LC
2152775.6,9752,4.1476,LC
2152781.76,9751,4.4686,LC
2152782.89,9753,31.4369,BG
2152841.22,9750,9.8206,LC
2152846.89,9752,9.0806,LC
2152863.21,9753,30.3329,BG
2152905.64,9751,9.1874,LC
2152942.95,9753,29.4636,BG
2152987.35,9750,9.6544,LC
2153027.71,9753,34.4498,BG
2153109.49,9753,31.4437,BG
2153179.35,9752,6.8828,LC
2153189.51,9751,7.132,LC
2153203.92,9753,43.144,BG
2153267.82,9750,7.9228,LC
2153293.37,9753,39.1488,BG
2153306.38,9752,6.3598,LC
2153375.85,9753,31.9084,BG
2153392.35,9751,5.5036,LC
2153397.55,9750,5.1924,LC
2153450.14,9751,6.8729,LC
2153462.34,9753,36.228,BG
2153530.35,9752,7.4346,LC
2153543.98,9753,31.3058,BG
2153602.5,9750,6.3644,LC
2153624.27,9753,30.0388,BG
2153664.2,9751,4.3455,LC
2153670.23,9752,4.1306,LC
2153691.77,9750,4.2485,LC
2153700.08,9753,25.5301,BG
2153785.32,9753,34.8918,BG
2153833.42,9751,7.7836,LC
2153842.6,9752,5.1764,LC
2153861.68,9753,25.8767,BG
2153894.03,9750,9.7329,LC
2153946.32,9753,34.2264,BG
2153956.87,9751,4.081,LC
2154019.31,9752,5.0354,LC
2154033.24,9753,36.5011,BG
2154087.1,9750,11.5051,LC
2154113.79,9753,29.4195,BG
2154127.34,9751,4.6001,LC
2154190.69,9752,4.2778,LC
2154197.22,9753,32.995,BG
2154267.72,9750,6.2224,LC
2154287.82,9753,40.5029,BG
2154357.17,9751,7.5522,LC
2154372.14,9753,33.3872,BG
2154403.0,9752,8.7384,LC
2154437.13,9750,7.475,LC
2154453.83,9753,31.222,BG
2154475.84,9751,5.9644,LC
2154524.48,9752,5.0273,LC
2154538.76,9753,34.8284,BG
2154588.27,9750,11.3611,LC
2154593.54,9751,7.9958,LC
2154602.93,9752,5.169,LC
2154619.15,9750,4.8832,LC
2154622.87,9753,32.7188,BG
2154679.8,9751,11.5525,LC
2154694.59,9752,5.582,LC
2154707.4,9753,34.1692,BG
2154718.75,9750,4.1014,LC
2154769.29,9751,7.5031,LC
2154788.85,9753,31.1591,BG
2154811.09,9752,8.9338,LC
2154852.29,9750,9.9826,LC
2154853.74,9751,10.9622,LC
2154879.56,9753,40.3643,BG
2154967.78,9753,37.6522,BG
2154996.42,9752,8.8889,LC
2155048.6,9753,30.4853,BG
2155089.47,9750,11.735,LC
2155131.83,9753,32.9521,BG
2155174.39,9751,7.8681,LC
2155206.35,9753,24.165,BG
2155228.97,9752,7.4115,LC
2155271.91,9750,13.8988,LC
2155275.83,9751,9.4961,LC
2155292.78,9753,36.016,BG
2155316.31,9752,8.5288,LC
2155364.98,9750,6.5733,LC
2155377.63,9753,34.3275,BG
2155381.9,9751,4.178,LC
2155455.29,9752,5.0108,LC
2155463.45,9753,35.1725,BG
2155526.54,9750,10.2049,LC
2155546.16,9753,30.6155,BG
2155575.91,9751,8.3385,LC
2155628.83,9753,31.8895,BG
2155629.09,9752,4.1849,LC
2155680.98,9750,10.873,LC
2155712.16,9753,33.5568,BG
2155743.77,9751,4.9639,LC
2155793.19,9753,30.5642,BG
2155881.08,9752,5.5539,LC
2155882.24,9753,38.9584,BG
2155966.18,9753,33.3998,BG
2156050.87,9753,33.6029,BG
2156124.75,9750,8.8079,LC
2156139.55,9753,38.3836,BG
2156195.47,9751,8.7312,LC
2156208.62,9752,4.0301,LC
2156218.81,9753,28.4682,BG
2156283.83,9750,7.9515,LC
2156300.9,9753,31.7612,BG
2156313.41,9751,5.1153,LC
2156348.18,9752,9.5988,LC
2156379.95,9753,28.6731,BG
2156409.45,9750,9.3562,LC
2156428.63,9751,9.7388,LC
2156438.93,9752,4.6441,LC
2156456.64,9753,26.4136,BG
2156522.52,9750,7.7414,LC
2156525.28,9751,8.4653,LC
2156531.15,9752,7.5982,LC
2156547.46,9753,40.5005,BG
2156579.7,9751,9.9113,LC
2156596.65,9750,8.4497,LC
2156626.36,9753,28.8161,BG
2156638.88,9752,4.9722,LC
2156680.61,9751,9.7123,LC
2156698.8,9750,6.2791,LC
2156699.08,9752,4.2983,LC
2156705.98,9751,4.0488,LC
2156713.07,9752,4.9842,LC
2156713.93,9753,36.9474,BG
2156724.6,9750,4.2744,LC
2156782.68,9752,13.6691,LC
2156782.79,9751,15.9042,LC
2156796.98,9753,32.5821,BG
2156838.84,9750,9.0729,LC
2156867.21,9751,7.5307,LC
2156875.48,9752,4.579,LC
2156883.03,9750,5.0751,LC
2156883.21,9753,36.0295,BG
2156892.97,9751,7.736,LC
2156893.78,9752,6.1968,LC
2156895.68,9750,4.2794,LC
2156922.26,9751,8.0853,LC
2156935.61,9752,7.303,LC
2156961.88,9753,28.4669,BG
2156990.27,9750,7.8968,LC
2156995.0,9751,5.5663,LC
2156997.65,9752,6.6,LC
2156999.18,9751,3.9982,LC
2157000.8,9750,6.3662,LC
2157039.89,9752,4.1492,LC
2157040.09,9753,28.0198,BG
2157049.21,9751,3.8564,LC
2157067.98,9750,6.3684,LC
2157071.17,9752,4.6007,LC
2157104.1,9751,14.1417,LC
2157106.14,9750,11.3898,LC
2157123.83,9753,31.5671,BG
2157126.0,9752,4.0224,LC
2157156.29,9751,9.0178,LC
2157158.2,9750,8.2416,LC
2157172.3,9752,7.5147,LC
2157185.04,9751,6.9166,LC
2157198.44,9750,9.9763,LC
2157198.55,9751,4.2336,LC
2157201.31,9752,8.4505,LC
2157201.38,9752,5.0939,LC
2157209.85,9753,35.7997,BG
2157219.78,9750,4.0923,LC
2157251.28,9751,5.6549,LC
2157256.64,9752,5.1905,LC
2157267.13,9751,4.7261,LC
2157286.25,9753,25.8799,BG
2157323.56,9750,9.2748,LC
2157354.4,9752,6.6392,LC
2157379.36,9753,42.8258,BG
2157406.24,9751,10.2177,LC
2157417.58,9750,7.2086,LC
2157429.96,9752,6.4032,LC
2157430.11,9751,4.8055,LC
2157453.15,9753,22.9266,BG
2157498.01,9750,11.2743,LC
2157524.7,9751,4.0098,LC
2157532.12,9753,28.8293,BG
2157544.18,9752,4.7439,LC
2157552.99,9750,5.3838,LC
2157601.31,9751,5.4006,LC
2157604.86,9752,4.6553,LC
2157615.11,9753,32.6416,BG
2157627.82,9750,4.0497,LC
2157643.92,9751,7.4015,LC
2157645.2,9752,6.5073,LC
2157660.99,9750,7.4951,LC
2157661.85,9751,7.1952,LC
2157686.46,9752,4.2588,LC
2157693.68,9753,28.2159,BG
2157769.83,9750,5.4323,LC
2157777.83,9753,33.9106,BG
2157790.96,9751,4.5532,LC
2157835.1,9752,10.9657,LC
2157835.38,9750,9.8371,LC
2157845.86,9751,3.9988,LC
2157854.26,9752,4.1357,LC
2157858.67,9750,4.2828,LC
2157861.93,9751,4.6472,LC
2157864.7,9753,35.4294,BG
2157924.23,9750,7.6756,LC
2157928.29,9752,6.9175,LC
2157942.63,9750,4.2388,LC
2157946.47,9753,31.0677,BG
2157988.88,9751,6.8417,LC
2157994.47,9752,6.3955,LC
2158005.43,9751,4.298,LC
2158021.78,9753,24.814,BG
2158034.7,9750,4.0107,LC
2158068.09,9750,5.64,LC
2158069.65,9752,11.5302,LC
2158069.84,9751,11.2679,LC
2158082.21,9752,5.3781,LC
2158082.32,9750,8.3014,LC
2158083.29,9751,7.1022,LC
2158098.93,9752,3.9437,LC
2158105.17,9753,31.897,BG
2158109.24,9750,3.9583,LC
2158138.89,9751,7.0942,LC
2158141.8,9752,7.5401,LC
2158154.35,9750,7.4218,LC
2158167.57,9751,3.9995,LC
2158180.53,9753,25.0278,BG
2158200.17,9752,6.1739,LC
2158214.95,9750,7.4841,LC
2158229.69,9751,7.3633,LC
2158241.77,9752,7.9574,LC
2158251.52,9750,6.2052,LC
2158261.63,9753,30.8322,BG
2158274.07,9751,5.3906,LC
2158311.93,9752,7.9599,LC
2158314.52,9750,5.8206,LC
2158331.88,9751,4.0981,LC
2158338.14,9753,25.9417,BG
2158378.42,9752,9.8437,LC
2158421.74,9753,33.2466,BG
2158482.12,9750,12.1504,LC
2158485.51,9751,16.7092,LC
2158485.89,9752,15.0102,LC
2158502.21,9750,4.0692,LC
2158505.62,9753,32.4891,BG
2158555.39,9751,13.6532,LC
2158556.84,9752,11.3342,LC
2158585.13,9753,29.2598,BG
2158593.45,9750,3.9863,LC
2158600.83,9751,4.0987,LC
2158642.86,9752,10.67,LC
2158649.29,9750,6.4164,LC
2158649.78,9751,6.5656,LC
2158670.56,9753,35.109,BG
2158672.68,9752,4.8129,LC
2158711.83,9750,11.511,LC
2158718.98,9751,6.0193,LC
2158724.3,9752,5.8474,LC
2158744.45,9753,23.8529,BG
2158770.94,9751,4.7309,LC
2158831.81,9753,37.0953,BG
2158863.72,9750,9.779,LC
2158903.39,9752,4.9438,LC
2158913.89,9753,31.8973,BG
2159006.04,9753,41.5923,BG
2159060.06,9751,8.1671,LC
2159087.48,9753,31.3547,BG
2159089.67,9750,4.1064,LC
2159161.57,9752,5.9209,LC
2159172.66,9753,34.7479,BG
2159184.07,9751,4.2869,LC
2159257.63,9753,34.3977,BG
2159329.3,9750,6.8545,LC
2159345.68,9753,37.5183,BG
2159350.43,9752,3.9609,LC
2159385.9,9751,4.8528,LC
2159423.37,9753,27.3011,BG
2159509.79,9753,36.1677,BG
2159592.98,9753,32.6441,BG
2159678.12,9753,34.9563,BG
2159705.43,9750,8.1723,LC
2159767.77,9753,39.2192,BG
2159794.23,9752,9.1897,LC
2159852.41,9753,33.7501,BG
2159858.59,9751,3.9149,LC
2159902.52,9750,10.4824,LC
2159931.31,9752,4.613,LC
2159933.76,9753,31.1346,BG
2159999.78,9751,7.2143,LC
2160019.51,9753,35.1944,BG
2160048.81,9750,8.6682,LC
2160070.81,9752,11.4776,LC
2160096.68,9753,26.9696,BG
2160145.97,9751,10.2784,LC
2160171.19,9750,4.6281,LC
2160175.67,9753,28.7169,BG
2160216.34,9752,8.9983,LC
2160239.38,9751,7.3331,LC
2160258.3,9753,32.3765,BG
2160299.66,9750,9.9366,LC
2160340.25,9753,31.6966,BG
2160414.47,9752,4.563,LC
2160422.88,9753,31.821,BG
2160504.33,9753,31.1984,BG
2160508.77,9751,4.6148,LC
2160589.33,9753,34.6597,BG
2160667.33,9750,4.5106,LC
2160677.93,9753,38.0488,BG
2160749.45,9752,7.8348,LC
2160771.44,9753,43.2926,BG
2160848.41,9751,6.753,LC
2160849.56,9750,6.228,LC
2160861.72,9753,39.9878,BG
2160935.05,9752,5.9471,LC
2160948.49,9751,4.1486,LC
2160950.56,9753,38.4764,BG
2160984.74,9750,10.4557,LC
2160997.46,9752,9.2154,LC
2161027.27,9753,26.3984,BG
2161036.41,9751,4.1186,LC
2161114.19,9753,36.491,BG
2161148.55,9750,9.2868,LC
2161190.8,9752,4.4177,LC
2161194.17,9753,29.5297,BG
2161269.79,9751,4.0857,LC
2161270.08,9753,25.6493,BG
2161344.39,9753,23.7964,BG
2161349.2,9750,4.0658,LC
2161359.46,9752,4.0267,LC
2161391.11,9751,8.192,LC
2161421.07,9753,26.5457,BG
2161437.45,9750,4.4153,LC
2161466.4,9752,4.0264,LC
2161494.92,9753,23.6718,BG
2161517.78,9751,4.7498,LC
2161584.05,9753,38.8946,BG
2161589.55,9750,7.2343,LC
2161662.29,9752,6.5675,LC
2161676.16,9753,39.9232,BG
2161677.33,9751,5.3779,LC
2161707.11,9750,11.5206,LC
2161709.63,9752,7.425,LC
2161760.32,9753,34.8867,BG
2161823.52,9751,9.0016,LC
2161845.2,9750,4.004,LC
2161845.52,9753,34.9198,BG
2161929.53,9753,33.5819,BG
2161964.21,9752,9.0744,LC
2161984.71,9751,11.7169,LC
2162011.05,9750,4.1929,LC
2162019.66,9752,4.3634,LC
2162022.46,9753,42.1239,BG
2162028.13,9751,4.2172,LC
2162045.92,9750,6.7787,LC
2162048.11,9752,6.4442,LC
2162054.39,9751,4.9147,LC
2162055.33,9750,4.2705,LC
2162062.96,9752,4.5499,LC
2162069.34,9751,4.0327,LC
2162079.5,9750,4.0566,LC
2162095.75,9752,4.3315,LC
2162098.65,9751,4.405,LC
2162100.61,9753,27.9671,BG
2162115.64,9750,4.5149,LC
2162133.17,9752,11.9662,LC
2162133.73,9751,11.2696,LC
2162135.57,9750,6.9771,LC
2162168.86,9752,5.2117,LC
2162186.64,9753,35.5162,BG
2162196.56,9751,5.4549,LC
2162204.95,9750,6.1741,LC
2162217.81,9752,7.6805,LC
2162232.33,9751,7.7067,LC
2162233.5,9750,6.843,LC
2162249.11,9752,5.0234,LC
2162261.42,9751,4.0448,LC
2162265.48,9753,28.402,BG
2162273.51,9750,4.2948,LC
2162312.89,9752,10.3664,LC
2162320.76,9751,9.2521,LC
2162342.03,9750,3.965,LC
2162347.39,9752,3.997,LC
2162348.32,9753,31.8755,BG
2162372.84,9751,4.1434,LC
2162374.92,9750,4.2925,LC
2162389.42,9752,4.0318,LC
2162412.53,9751,4.1431,LC
2162422.8,9753,24.437,BG
2162437.4,9750,4.6157,LC
2162459.8,9752,5.5706,LC
2162499.37,9751,4.8192,LC
2162507.89,9753,34.8378,BG
2162516.35,9750,4.1264,LC
2162520.49,9752,3.9689,LC
2162536.65,9751,6.5992,LC
2162572.11,9750,7.2665,LC
2162588.61,9753,30.4361,BG
2162598.89,9752,4.3867,LC
2162614.4,9751,6.7631,LC
2162626.39,9750,7.1173,LC
2162629.44,9752,6.7096,LC
2162654.08,9751,6.4621,LC
2162655.59,9750,6.2259,LC
2162663.26,9752,4.7453,LC
2162676.41,9753,37.4913,BG
2162682.68,9751,4.069,LC
2162691.21,9750,4.8884,LC
2162722.07,9752,8.2192,LC
2162726.12,9751,7.0164,LC
2162735.6,9750,5.3389,LC
2162754.27,9753,27.8253,BG
2162783.78,9752,8.3616,LC
2162811.39,9751,9.2447,LC
2162836.92,9753,32.3844,BG
2162842.94,9750,4.3223,LC
2162859.64,9752,4.0481,LC
2162867.25,9751,4.4912,LC
2162917.52,9750,4.7817,LC
2162923.13,9753,35.7483,BG
2162967.37,9752,8.3995,LC
2162990.47,9751,4.7462,LC
2163002.46,9750,4.5668,LC
2163004.21,9752,4.8085,LC
2163009.24,9753,35.7464,BG
2163037.09,9751,8.9767,LC
2163092.5,9753,32.8098,BG
2163102.75,9750,4.3576,LC
2163104.64,9752,3.9842,LC
2163110.94,9751,4.6221,LC
2163119.67,9750,5.1999,LC
2163146.48,9752,10.6358,LC
2163155.25,9751,6.767,LC
2163166.46,9750,3.9007,LC
2163173.65,9753,30.9997,BG
2163202.99,9752,8.4685,LC
2163207.71,9751,6.2002,LC
2163212.82,9750,5.6102,LC
2163217.88,9751,5.5356,LC
2163230.85,9750,6.2314,LC
2163249.2,9753,25.2508,BG
2163273.71,9752,6.7437,LC
2163293.96,9751,6.7669,LC
2163304.72,9752,4.0858,LC
2163309.61,9751,10.9266,LC
2163311.07,9750,4.4151,LC
2163330.57,9753,25.4402,BG
2163342.2,9752,4.2784,LC
2163384.36,9750,10.5237,LC
2163385.16,9751,12.9994,LC
2163397.84,9752,4.5976,LC
2163402.28,9750,4.2695,LC
2163406.36,9751,4.2096,LC
2163414.94,9753,33.7206,BG
2163427.36,9752,4.138,LC
2163461.33,9750,11.2292,LC
2163462.35,9751,8.2335,LC
2163476.69,9752,9.4555,LC
2163498.63,9753,33.4356,BG
2163555.11,9750,8.2942,LC
2163559.14,9751,7.0607,LC
2163637.65,9753,65.4052,BG
2163679.24,9752,10.2154,LC
2163710.29,9750,3.9304,LC
2163718.52,9751,5.5731,LC
2163724.17,9753,36.1635,BG
2163739.18,9752,6.9454,LC
2163792.68,9750,7.2755,LC
2163811.76,9753,37.2103,BG
2163827.06,9751,6.004,LC
2163838.17,9752,5.8031,LC
2163897.17,9753,33.6794,BG
2163933.22,9750,9.4293,LC
2163980.26,9753,32.6746,BG
2164047.18,9751,7.4393,LC
2164068.43,9753,37.5286,BG
2164137.39,9752,5.9682,LC
2164152.04,9753,33.4033,BG
2164214.66,9750,7.9315,LC
2164237.21,9753,35.0163,BG
2164245.21,9751,4.1481,LC
2164310.73,9752,4.8642,LC
2164319.97,9753,32.5309,BG
2164363.27,9750,8.3283,LC
2164384.41,9751,13.3914,LC
2164407.37,9753,37.0626,BG
2164426.35,9752,5.6716,LC
2164447.52,9750,8.894,LC
2164451.95,9751,8.3029,LC
2164456.97,9752,7.5727,LC
2164483.7,9753,26.0872,BG
2164572.25,9753,38.1823,BG
2164585.18,9750,7.7618,LC
2164593.57,9751,7.5932,LC
2164609.37,9752,6.3864,LC
2164620.97,9750,4.4783,LC
2164626.47,9751,4.5177,LC
2164645.92,9753,23.8442,BG
2164648.5,9752,5.9465,LC
2164650.63,9750,4.3684,LC
2164662.45,9751,4.2208,LC
2164730.94,9753,34.6514,BG
2164751.59,9752,6.8868,LC
2164771.17,9750,9.6603,LC
2164773.71,9751,8.9152,LC
2164791.09,9752,8.7794,LC
2164795.1,9750,5.5226,LC
2164799.91,9752,4.5206,LC
2164802.49,9751,4.2264,LC
2164813.91,9750,4.5134,LC
2164816.1,9753,34.0776,BG
2164819.03,9752,4.2064,LC
2164827.64,9751,4.0178,LC
2164832.88,9750,4.0524,LC
2164864.06,9752,8.8855,LC
2164864.62,9751,8.9315,LC
2164876.3,9750,8.5122,LC
2164876.35,9752,7.098,LC
2164887.16,9751,3.9051,LC
2164895.16,9753,29.4134,BG
2164919.83,9750,10.0364,LC
2164921.04,9752,7.6036,LC
2164924.21,9751,7.9546,LC
2164926.6,9752,5.0336,LC
2164978.8,9753,33.2032,BG
2164984.1,9750,4.2703,LC
2165003.4,9751,5.0185,LC
2165014.1,9752,5.3609,LC
2165046.98,9750,5.6583,LC
2165061.26,9753,32.3441,BG
2165098.86,9751,10.8778,LC
2165124.59,9752,10.7917,LC
2165129.57,9750,7.2498,LC
2165137.9,9751,6.3514,LC
2165142.06,9752,4.8793,LC
2165150.56,9751,4.3192,LC
2165153.12,9753,41.6392,BG
2165227.42,9750,6.3018,LC
2165238.06,9752,3.9938,LC
2165240.68,9753,37.105,BG
2165249.1,9751,3.9709,LC
2165250.97,9750,4.2023,LC
2165269.47,9752,6.4761,LC
2165285.8,9751,7.3658,LC
2165288.07,9750,7.262,LC
2165290.99,9752,4.6777,LC
2165303.61,9751,4.5239,LC
2165317.84,9753,27.0554,BG
2165351.77,9750,12.6204,LC
2165351.99,9752,9.1678,LC
2165355.85,9751,7.604,LC
2165358.02,9752,5.5784,LC
2165371.19,9750,7.1755,LC
2165394.69,9753,26.6228,BG
2165418.29,9751,6.8845,LC
2165444.61,9752,11.5506,LC
2165446.57,9750,7.6676,LC
2165469.27,9751,4.0767,LC
2165472.7,9753,27.8459,BG
2165474.87,9752,4.1102,LC
2165496.38,9750,5.7554,LC
2165525.81,9751,10.3365,LC
2165534.16,9751,5.8587,LC
2165534.77,9750,13.4524,LC
2165534.96,9752,13.5733,LC
2165544.19,9751,4.1451,LC
2165557.11,9750,3.8175,LC
2165563.88,9753,37.8651,BG
2165569.4,9752,4.063,LC
2165628.86,9751,7.8806,LC
2165653.03,9750,6.6753,LC
2165657.38,9753,42.9616,BG
2165669.8,9752,4.0904,LC
2165677.99,9751,4.0535,LC
2165687.27,9750,4.0925,LC
2165691.69,9752,4.1048,LC
2165725.63,9751,3.9946,LC
2165732.82,9753,25.2445,BG
2165739.57,9750,4.3219,LC
2165747.07,9752,5.007,LC
2165777.1,9751,9.7448,LC
2165778.53,9750,10.8864,LC
2165781.94,9752,6.596,LC
2165821.1,9751,6.1626,LC
2165831.96,9753,48.8317,BG
2165848.36,9750,4.1929,LC
2165879.26,9752,5.1509,LC
2165895.11,9751,4.0243,LC
2165905.49,9750,4.7155,LC
2165917.35,9753,34.6968,BG
2165917.67,9752,6.0749,LC
2165924.68,9751,4.2524,LC
2165949.54,9750,5.4718,LC
2165964.16,9752,8.1708,LC
2165976.28,9751,9.2692,LC
2165999.88,9753,30.6973,BG
2166001.59,9750,5.6126,LC
2166026.96,9752,6.9078,LC
2166046.4,9751,11.6159,LC
2166051.81,9750,7.2896,LC
2166080.34,9752,4.0505,LC
2166082.79,9751,4.5527,LC
2166084.15,9753,33.8358,BG
2166162.98,9750,4.6556,LC
2166168.96,9753,33.8045,BG
2166193.31,9752,7.2845,LC
2166250.82,9753,31.6465,BG
2166317.66,9751,6.7442,LC
2166337.13,9753,36.1823,BG
2166346.02,9750,4.2749,LC
2166422.48,9753,34.965,BG
2166440.41,9752,5.6263,LC
2166510.39,9753,37.3017,BG
2166536.69,9751,8.8479,LC
2166564.12,9750,9.9826,LC
2166590.33,9753,29.7265,BG
2166642.05,9752,11.9901,LC
2166659.96,9751,5.9184,LC
2166671.26,9753,30.7234,BG
2166723.54,9750,10.3218,LC
2166745.93,9753,24.26,BG
2166779.41,9752,7.6262,LC
2166812.1,9751,10.6909,LC
2166825.14,9753,29.2712,BG
2166862.4,9750,4.2095,LC
2166905.31,9753,29.9749,BG
2166943.11,9752,7.1372,LC
2166972.44,9751,10.9392,LC
2166973.38,9750,9.7826,LC
2166975.01,9752,5.7176,LC
2166982.07,9751,5.7355,LC
2166995.64,9753,40.1535,BG
2166998.55,9750,4.1445,LC
2167076.33,9753,30.4557,BG
2167126.29,9752,10.805,LC
2167158.07,9753,30.7912,BG
2167248.15,9753,39.7992,BG
2167287.08,9751,9.8071,LC
2167331.86,9753,28.5929,BG
2167395.61,9750,9.7318,LC
2167417.94,9753,35.8645,BG
2167492.61,9752,8.4611,LC
2167510.25,9753,41.9489,BG
2167602.7,9753,41.4655,BG
2167630.62,9751,7.5842,LC
2167682.83,9750,6.0292,LC
2167688.3,9753,35.3253,BG
2167778.79,9753,40.1808,BG
2167813.27,9752,8.0979,LC
2167816.62,9751,8.6856,LC
2167848.13,9750,4.9798,LC
2167861.27,9753,32.1122,BG
2167884.42,9752,4.0558,LC
2167944.4,9753,32.6307,BG
2168032.44,9753,37.5389,BG
2168109.86,9751,6.3292,LC
2168125.71,9753,42.6633,BG
2168213.05,9753,36.7185,BG
2168261.62,9752,8.6339,LC
2168266.21,9750,15.0081,LC
2168274.75,9751,7.2414,LC
2168292.68,9753,29.5018,BG
2168329.78,9752,8.8286,LC
2168369.39,9750,3.97,LC
2168377.5,9753,34.7073,BG
2168460.77,9751,4.1182,LC
2168463.55,9753,35.3687,BG
2168521.91,9752,12.4496,LC
2168546.86,9753,33.1977,BG
2168548.4,9750,4.0269,LC
2168564.94,9751,5.973,LC
2168609.13,9752,11.0064,LC
2168634.13,9753,36.873,BG
2168716.75,9750,3.9485,LC
2168720.98,9753,36.3465,BG
2168793.55,9751,5.3289,LC
2168806.73,9753,35.4281,BG
2168863.25,9752,8.6058,LC
2168887.9,9753,30.8858,BG
2168970.5,9753,32.003,BG
2169018.08,9750,9.8464,LC
2169030.16,9751,6.5605,LC
2169032.89,9752,5.5154,LC
2169046.06,9750,3.9387,LC
2169046.51,9751,4.1394,LC
2169054.13,9753,33.608,BG
2169083.88,9752,8.9897,LC
2169103.29,9750,8.5159,LC
2169118.7,9752,9.4403,LC
2169118.78,9751,12.5176,LC
2169131.95,9753,27.4805,BG
2169144.77,9750,4.3554,LC
2169174.83,9751,13.5863,LC
2169177.6,9752,10.2792,LC
2169206.68,9753,24.5731,BG
2169207.64,9750,3.9026,LC
2169220.48,9751,4.2947,LC
2169224.58,9752,4.0728,LC
2169236.44,9750,4.9592,LC
2169263.68,9751,4.2941,LC
2169265.2,9752,3.9811,LC
2169276.51,9752,4.1359,LC
2169276.71,9750,4.9913,LC
2169279.07,9751,9.1407,LC
2169291.67,9753,34.6126,BG
2169296.49,9752,4.2186,LC
2169304.95,9750,4.151,LC
2169324.05,9751,5.012,LC
2169353.83,9752,5.6366,LC
2169360.41,9750,4.0933,LC
2169373.37,9753,31.6417,BG
2169373.47,9751,4.0398,LC
2169396.32,9752,7.8687,LC
2169425.82,9750,8.9952,LC
2169453.12,9753,29.527,BG
2169502.37,9751,11.1453,LC
2169505.65,9752,8.0799,LC
2169512.59,9750,4.089,LC
2169527.09,9753,23.8793,BG
2169533.79,9751,3.9536,LC
2169562.68,9752,8.7064,LC
2169581.25,9750,8.6625,LC
2169591.8,9751,7.0617,LC
2169610.12,9753,32.7319,BG
2169622.18,9752,5.1686,LC
2169670.61,9750,11.5239,LC
2169671.3,9751,8.221,LC
2169681.65,9752,7.3355,LC
2169684.34,9750,6.4681,LC
2169702.22,9753,42.0471,BG
2169722.66,9751,8.5234,LC
2169729.62,9752,6.5162,LC
2169744.86,9750,8.3282,LC
2169751.08,9751,7.5909,LC
2169764.06,9750,6.0934,LC
2169764.27,9752,8.7761,LC
2169766.73,9751,4.5486,LC
2169771.12,9750,4.1523,LC
2169787.49,9753,35.2535,BG
2169792.14,9752,4.4592,LC
2169803.11,9751,4.099,LC
2169840.2,9750,10.6001,LC
2169842.78,9752,7.5543,LC
2169871.15,9753,32.7959,BG
2169885.86,9751,4.2627,LC
2169940.13,9750,6.7584,LC
2169950.08,9751,7.8642,LC
2169952.2,9752,10.1352,LC
2169954.04,9750,4.2268,LC
2169957.38,9753,35.932,BG
2169983.48,9751,6.537,LC
2169992.75,9752,5.6569,LC
2169998.64,9750,4.4263,LC
2170013.5,9751,6.4745,LC
2170016.93,9752,4.6626,LC
2170035.5,9753,27.0151,BG
2170040.14,9750,4.1545,LC
2170092.27,9751,10.8447,LC
2170103.49,9752,7.8002,LC
2170121.54,9753,35.7695,BG
2170126.55,9750,4.0509,LC
2170145.03,9751,7.306,LC
2170182.59,9752,11.707,LC
2170186.1,9750,6.7721,LC
2170196.6,9751,4.0531,LC
2170203.31,9753,31.7679,BG
2170213.13,9752,4.9399,LC
2170217.5,9751,4.0854,LC
2170217.83,9750,6.6068,LC
2170230.54,9752,5.8484,LC
2170266.6,9750,7.2268,LC
2170269.1,9751,15.483,LC
2170270.18,9752,9.5775,LC
2170291.51,9753,37.3339,BG
2170329.08,9750,7.7229,LC
2170329.99,9751,6.8698,LC
2170345.05,9752,4.4793,LC
2170357.2,9750,4.0287,LC
2170367.26,9751,5.1854,LC
2170368.82,9753,26.9331,BG
2170377.75,9752,4.0879,LC
2170378.6,9750,4.273,LC
2170384.67,9751,4.1804,LC
2170385.69,9752,4.1912,LC
2170412.74,9750,4.4716,LC
2170418.81,9751,4.2092,LC
2170430.3,9752,4.1618,LC
2170437.72,9750,4.1446,LC
2170443.68,9753,24.5696,BG
2170473.89,9751,4.4605,LC
2170476.6,9752,4.2265,LC
2170492.28,9750,4.3279,LC
2170498.68,9751,5.9785,LC
2170506.86,9752,4.0759,LC
2170518.6,9753,24.4467,BG
2170524.41,9750,3.9683,LC
2170589.17,9751,4.1112,LC
2170593.9,9753,24.9252,BG
2170614.41,9752,7.2873,LC
2170638.53,9750,9.6433,LC
2170665.19,9751,5.4462,LC
2170667.9,9752,4.1485,LC
2170676.86,9753,32.8402,BG
2170684.12,9750,4.1074,LC
2170698.46,9751,5.7467,LC
2170730.75,9752,10.6637,LC
2170738.06,9750,6.5004,LC
2170765.42,9753,37.5739,BG
2170773.42,9751,4.5339,LC
2170784.78,9752,4.3848,LC
2170821.28,9750,10.22,LC
2170848.5,9753,32.7747,BG
2170862.63,9751,6.6273,LC
2170872.28,9752,6.5093,LC
2170875.83,9751,6.1134,LC
2170875.93,9750,9.3921,LC
2170887.08,9752,5.7408,LC
2170891.58,9751,5.1074,LC
2170902.93,9750,7.2043,LC
2170920.73,9752,4.1636,LC
2170926.33,9753,27.6409,BG
2170942.65,9751,4.6941,LC
2171010.78,9753,34.1573,BG
2171058.11,9750,9.9097,LC
2171062.19,9752,8.4285,LC
2171072.24,9751,8.7128,LC
2171092.1,9753,31.0635,BG
2171125.85,9750,7.0196,LC
2171165.93,9753,23.515,BG
2171236.06,9752,7.2105,LC
2171237.19,9751,4.9106,LC
2171239.24,9753,22.9394,BG
2171256.62,9750,4.7378,LC
2171291.45,9752,6.6673,LC
2171328.25,9753,38.7248,BG
2171355.57,9751,5.04,LC
2171358.33,9750,5.5886,LC
2171409.4,9753,30.8865,BG
2171465.87,9752,14.1515,LC
2171466.18,9751,14.0166,LC
2171484.15,9753,24.655,BG
2171570.7,9753,35.9952,BG
2171657.93,9753,36.6493,BG
2171725.13,9750,8.1318,LC
2171731.22,9751,5.1966,LC
2171742.93,9753,33.5471,BG
2171770.3,9752,9.1655,LC
2171783.25,9750,8.0179,LC
2171802.65,9751,9.4708,LC
2171824.6,9753,31.6706,BG
2171860.4,9752,7.9272,LC
2171911.64,9753,36.5112,BG
2171991.91,9753,29.9733,BG
2172050.21,9750,10.8677,LC
2172064.43,9751,6.7875,LC
2172078.55,9753,35.9309,BG
2172080.81,9752,4.2902,LC
2172128.3,9750,10.2703,LC
2172130.04,9751,9.2248,LC
2172157.92,9753,29.1633,BG
2172167.15,9752,4.1533,LC
2172227.1,9750,7.4622,LC
2172234.76,9751,6.0965,LC
2172243.99,9753,35.6462,BG
2172287.81,9752,9.4719,LC
2172308.94,9750,6.4332,LC
2172325.29,9753,30.9876,BG
2172342.7,9751,4.1383,LC
2172347.34,9752,4.2248,LC
2172397.34,9750,5.9856,LC
2172399.89,9751,4.3636,LC
2172404.14,9753,28.6395,BG
2172482.68,9752,5.8859,LC
2172500.88,9750,7.6429,LC
2172502.48,9753,48.1887,BG
2172585.21,9753,32.2289,BG
2172653.22,9751,9.8565,LC
2172682.95,9753,47.2074,BG
2172763.09,9752,4.1455,LC
2172765.38,9750,4.2208,LC
2172771.22,9753,37.8331,BG
2172833.65,9752,8.2707,LC
2172856.87,9751,6.0727,LC
2172865.74,9753,44.2065,BG
2172867.85,9750,3.9063,LC
2172938.91,9752,5.4593,LC
2172951.58,9753,35.2744,BG
2173034.21,9753,32.2825,BG
2173038.87,9751,4.1505,LC
2173083.7,9750,10.202,LC
2173085.68,9752,10.6864,LC
2173093.37,9751,5.6464,LC
2173111.18,9753,26.922,BG
2173197.87,9753,36.2925,BG
2173234.28,9750,9.9227,LC
2173255.65,9752,12.5859,LC
2173284.44,9751,4.9648,LC
2173285.06,9753,37.1012,BG
2173297.51,9750,5.9895,LC
2173327.41,9752,4.94,LC
2173328.05,9751,4.4462,LC
2173344.45,9750,4.9094,LC
2173360.26,9753,25.0041,BG
2173368.8,9752,4.866,LC
2173395.49,9751,9.4221,LC
2173432.66,9750,5.4056,LC
2173444.4,9753,33.8395,BG
2173481.39,9752,10.6183,LC
2173520.51,9751,5.1681,LC
2173527.19,9750,4.151,LC
2173527.42,9752,3.9283,LC
2173535.62,9753,40.7905,BG
2173541.41,9751,4.3811,LC
2173553.17,9750,4.9212,LC
2173557.67,9752,6.0849,LC
2173561.28,9751,5.5848,LC
2173595.19,9750,7.9846,LC
2173597.42,9752,7.0557,LC
2173609.67,9751,4.1351,LC
2173619.27,9753,33.7077,BG
2173638.07,9750,6.5288,LC
2173650.6,9752,7.7861,LC
2173667.5,9751,8.3825,LC
2173697.15,9750,3.9467,LC
2173698.98,9752,4.1003,LC
2173701.82,9753,32.3667,BG
2173714.7,9751,4.9516,LC
2173770.08,9752,13.5112,LC
2173770.15,9750,16.4708,LC
2173774.34,9751,6.5245,LC
2173774.44,9752,4.5505,LC
2173789.83,9753,37.3022,BG
2173791.32,9750,4.4058,LC
2173802.85,9751,4.5675,LC
2173816.15,9752,5.5849,LC
2173840.86,9750,10.0001,LC
2173873.35,9751,4.0713,LC
2173875.45,9753,35.2821,BG
2173878.38,9752,4.0324,LC
2173903.61,9750,11.6373,LC
2173904.94,9751,10.5758,LC
2173911.15,9752,5.5134,LC
2173916.16,9750,7.3164,LC
2173916.21,9751,4.628,LC
2173945.61,9750,4.0674,LC
2173952.5,9753,26.7655,BG
2173997.81,9751,10.2976,LC
2173998.91,9752,8.8549,LC
2174032.3,9750,6.9797,LC
2174033.74,9751,6.3546,LC
2174033.83,9752,4.1899,LC
2174038.68,9753,36.2178,BG
2174045.23,9750,4.0773,LC
2174049.38,9751,4.2799,LC
2174104.23,9752,7.7808,LC
2174106.36,9750,5.9947,LC
2174118.07,9753,28.9093,BG
2174124.46,9751,4.0191,LC
2174126.73,9752,4.3905,LC
2174133.77,9750,4.0299,LC
2174148.7,9751,5.1815,LC
2174184.35,9752,13.6774,LC
2174192.09,9750,13.1499,LC
2174195.74,9751,5.3733,LC
2174206.75,9753,38.4336,BG
2174209.9,9752,4.2875,LC
2174215.1,9750,4.0165,LC
2174217.54,9751,4.1873,LC
2174222.34,9752,7.7998,LC
2174222.71,9750,5.276,LC
2174233.5,9751,4.0896,LC
2174264.35,9752,10.4055,LC
2174284.26,9750,4.3307,LC
2174285.62,9751,4.4111,LC
2174289.95,9753,32.7089,BG
2174326.97,9750,10.3119,LC
2174374.58,9753,34.2268,BG
2174377.57,9752,4.0951,LC
2174381.3,9751,4.5636,LC
2174421.39,9750,9.6697,LC
2174434.07,9752,8.9125,LC
2174435.58,9751,5.3335,LC
2174450.98,9750,4.6178,LC
2174451.11,9752,4.1728,LC
2174462.8,9751,4.1432,LC
2174465.69,9753,39.5671,BG
2174467.34,9750,4.1404,LC
2174479.5,9752,3.994,LC
2174505.14,9751,8.0888,LC
2174505.61,9750,7.1792,LC
2174514.91,9752,5.5571,LC
2174539.83,9753,23.6869,BG
2174546.8,9751,4.3214,LC
2174564.62,9750,7.4067,LC
2174611.62,9752,6.7883,LC
2174617.96,9751,4.0443,LC
2174624.65,9753,34.5172,BG
2174668.38,9750,10.4084,LC
2174691.59,9752,10.0362,LC
2174707.35,9753,32.457,BG
2174775.17,9751,7.9517,LC
2174792.25,9750,5.0311,LC
2174794.85,9753,36.9843,BG
2174806.16,9752,4.9225,LC
2174822.29,9751,7.3329,LC
2174849.09,9750,9.9475,LC
2174861.52,9752,5.1496,LC
2174871.3,9751,5.0053,LC
2174877.41,9753,32.1256,BG
2174911.63,9750,9.239,LC
2174960.18,9753,32.3014,BG
2174986.38,9752,9.4121,LC
2175022.02,9751,8.3484,LC
2175039.36,9750,3.8908,LC
2175044.72,9753,34.229,BG
2175068.98,9752,9.0843,LC
2175083.09,9751,8.2701,LC
2175106.94,9750,4.0653,LC
2175121.16,9753,26.1146,BG
2175144.97,9752,6.182,LC
2175145.37,9751,6.3035,LC
2175206.62,9753,35.1018,BG
2175269.33,9750,7.8595,LC
2175282.43,9752,5.6706,LC
2175292.97,9753,36.0645,BG
2175298.64,9751,4.1494,LC
2175365.35,9750,6.9063,LC
2175373.6,9752,4.4208,LC
2175377.58,9753,34.2713,BG
2175416.4,9751,10.4762,LC
2175456.48,9753,28.4533,BG
2175460.7,9750,4.8787,LC
2175462.49,9752,4.3585,LC
2175530.47,9753,23.7565,BG
2175534.45,9751,4.3173,LC
2175570.74,9750,4.261,LC
2175574.55,9752,4.1172,LC
2175588.68,9751,6.2951,LC
2175588.88,9750,5.5052,LC
2175610.37,9753,29.7099,BG
2175619.53,9752,4.1561,LC
2175639.06,9751,7.2512,LC
2175643.1,9750,7.4304,LC
2175662.36,9752,6.777,LC
2175675.76,9751,7.9169,LC
2175694.4,9750,3.9308,LC
2175700.23,9753,39.2502,BG
2175706.79,9752,5.6214,LC
2175724.71,9751,5.06,LC
2175780.14,9750,6.4831,LC
2175788.6,9753,38.497,BG
2175795.97,9752,4.905,LC
2175800.67,9751,4.3167,LC
2175806.3,9750,4.2555,LC
2175820.94,9752,7.474,LC
2175831.19,9751,7.2683,LC
2175836.59,9750,9.7346,LC
2175836.79,9752,7.4383,LC
2175862.42,9753,23.7991,BG
2175870.8,9751,4.1947,LC
2175892.8,9750,7.0602,LC
2175894.93,9752,7.2663,LC
2175905.85,9751,6.1146,LC
2175939.07,9753,26.1791,BG
2175949.78,9750,3.9745,LC
2175982.4,9752,10.3005,LC
2175988.09,9751,7.5753,LC
2175989.8,9750,7.1184,LC
2176002.7,9752,4.7126,LC
2176016.18,9753,26.3595,BG
2176028.97,9751,4.6608,LC
2176081.51,9750,6.8409,LC
2176091.05,9752,7.5675,LC
2176101.42,9751,4.3404,LC
2176106.97,9753,40.7258,BG
2176123.35,9750,4.7247,LC
2176168.2,9752,4.342,LC
2176181.73,9753,24.7292,BG
2176182.75,9751,4.4581,LC
2176217.26,9750,9.9081,LC
2176222.2,9752,8.5621,LC
2176225.07,9751,7.8013,LC
2176231.2,9750,6.1244,LC
2176251.83,9751,4.6954,LC
2176255.81,9753,23.8489,BG
2176258.98,9752,4.1365,LC
2176296.99,9750,10.882,LC
2176302.28,9751,8.6989,LC
2176303.9,9752,7.5013,LC
2176312.5,9750,6.9996,LC
2176315.98,9751,5.1791,LC
2176320.51,9752,4.4419,LC
2176333.96,9753,27.6528,BG
2176348.67,9750,4.3196,LC
2176372.95,9751,9.8796,LC
2176377.31,9752,10.5662,LC
2176382.1,9750,6.0026,LC
2176385.11,9752,4.8571,LC
2176385.42,9751,6.4912,LC
2176388.37,9750,3.9233,LC
2176409.12,9753,23.2246,BG
2176465.09,9752,11.2345,LC
2176475.77,9751,9.7091,LC
2176475.87,9750,5.4353,LC
2176477.32,9752,6.7334,LC
2176486.53,9751,4.3034,LC
2176489.29,9750,4.1316,LC
2176493.92,9752,4.0742,LC
2176497.64,9753,38.5072,BG
2176511.0,9751,4.4129,LC
2176556.91,9750,11.4362,LC
2176567.86,9752,6.4655,LC
2176583.27,9753,35.0746,BG
2176606.22,9751,7.8814,LC
2176631.03,9750,10.1806,LC
2176637.11,9752,11.1479,LC
2176640.93,9751,6.7366,LC
2176655.46,9750,4.0867,LC
2176658.34,9752,4.1612,LC
2176663.61,9753,30.2174,BG
2176701.42,9751,9.7169,LC
2176703.37,9750,8.5102,LC
2176727.42,9752,8.9704,LC
2176746.9,9753,32.9511,BG
2176764.36,9751,5.1459,LC
2176784.42,9750,8.8374,LC
2176798.74,9752,7.9665,LC
2176823.05,9753,25.9192,BG
2176828.81,9751,3.9936,LC
2176831.48,9750,4.4131,LC
2176888.84,9752,7.2859,LC
2176897.21,9751,6.8309,LC
2176912.55,9753,38.7821,BG
2176914.47,9750,4.7547,LC
2176942.79,9752,10.5268,LC
2176971.65,9751,6.9353,LC
2176979.68,9750,5.4006,LC
2176986.5,9752,4.0721,LC
2176995.41,9753,32.544,BG
2177046.93,9751,9.7782,LC
2177074.21,9753,28.0016,BG
2177093.24,9750,7.8742,LC
2177097.14,9752,5.7433,LC
2177099.53,9751,5.0267,LC
2177130.16,9750,12.1469,LC
2177131.89,9752,9.4283,LC
2177140.56,9751,4.349,LC
2177148.72,9750,5.915,LC
2177151.19,9752,4.9846,LC
2177157.41,9753,33.0932,BG
2177163.33,9751,4.3036,LC
2177229.19,9750,6.0762,LC
2177231.52,9752,5.2505,LC
2177231.92,9753,24.2703,BG
2177245.37,9751,4.1202,LC
2177253.42,9750,4.1953,LC
2177302.54,9752,5.025,LC
2177309.9,9753,27.5535,BG
2177317.11,9751,4.4557,LC
2177328.59,9750,6.3752,LC
2177396.83,9753,36.6696,BG
2177399.27,9752,4.198,LC
2177407.39,9751,5.8905,LC
2177416.9,9750,6.7046,LC
2177424.69,9752,5.1401,LC
2177457.82,9751,10.8684,LC
2177463.11,9750,6.7103,LC
2177477.28,9752,4.0619,LC
2177480.87,9753,33.6469,BG
2177513.77,9751,9.3173,LC
2177539.49,9750,11.0096,LC
2177556.66,9752,5.1626,LC
2177567.77,9753,35.4061,BG
2177598.34,9751,8.7326,LC
2177652.9,9750,4.7284,LC
2177653.67,9753,35.594,BG
2177738.53,9753,34.6153,BG
2177742.49,9752,4.4435,LC
2177764.65,9751,8.9939,LC
2177770.44,9750,7.6325,LC
2177820.45,9751,4.157,LC
2177820.5,9752,4.4403,LC
2177825.91,9753,36.9921,BG
2177847.76,9750,7.716,LC
2177871.58,9752,10.4042,LC
2177894.31,9751,4.1915,LC
2177903.81,9753,27.5602,BG
2177922.32,9750,5.6263,LC
2177987.28,9753,33.3346,BG
2178025.38,9752,10.9974,LC
2178071.7,9753,34.1639,BG
2178158.44,9753,35.5903,BG
2178241.09,9753,32.3011,BG
2178272.41,9751,8.0935,LC
2178325.51,9753,34.126,BG
2178368.73,9750,7.9097,LC
2178410.06,9753,34.2662,BG
2178484.19,9752,7.646,LC
2178502.84,9753,42.257,BG
2178551.89,9751,8.4715,LC
2178584.53,9753,31.2899,BG
2178655.53,9750,5.7365,LC
2178671.52,9753,36.649,BG
2178675.73,9752,4.1074,LC
2178729.09,9751,8.1001,LC
2178756.97,9753,35.2552,BG
2178785.15,9750,9.2802,LC
2178821.87,9752,7.9178,LC
2178831.34,9751,4.1093,LC
2178839.92,9753,32.6154,BG
2178884.56,9750,7.4334,LC
2178921.4,9753,31.1123,BG
2178923.76,9752,4.3737,LC
2178957.72,9751,8.0361,LC
2179004.36,9753,32.6569,BG
2179010.0,9750,3.9743,LC
2179061.46,9752,7.6689,LC
2179087.26,9753,32.6077,BG
2179174.52,9753,36.8655,BG
2179218.43,9751,8.6909,LC
2179220.63,9750,8.7774,LC
2179233.33,9752,5.1536,LC
2179252.06,9751,5.5738,LC
2179252.15,9753,27.3087,BG
2179254.92,9750,4.0744,LC
2179312.08,9752,6.1741,LC
2179318.04,9751,4.4414,LC
2179318.19,9752,3.8901,LC
2179332.38,9753,30.2118,BG
2179340.24,9750,4.3708,LC
2179390.16,9751,10.41,LC
2179405.61,9752,7.6206,LC
2179419.08,9753,36.3047,BG
2179429.91,9750,5.8638,LC
2179441.29,9751,7.3321,LC
2179445.17,9752,10.1337,LC
2179446.27,9750,8.9066,LC
2179460.36,9751,6.6941,LC
2179473.07,9752,8.573,LC
2179497.75,9753,28.5932,BG
2179511.72,9750,4.3663,LC
2179540.91,9751,10.0567,LC
2179561.44,9752,7.9653,LC
2179572.4,9750,8.4035,LC
2179587.14,9753,39.1034,BG
2179617.86,9751,10.5587,LC
2179623.5,9752,8.9082,LC
2179650.86,9750,7.6051,LC
2179666.79,9751,4.0563,LC
2179671.06,9753,33.5278,BG
2179697.54,9752,8.6729,LC
2179754.43,9753,33.0875,BG
2179755.02,9750,4.1581,LC
2179781.43,9751,6.7556,LC
2179785.87,9752,4.133,LC
2179797.73,9751,4.308,LC
2179804.18,9750,4.1806,LC
2179808.85,9750,4.2312,LC
2179816.54,9751,4.0628,LC
2179829.12,9753,24.4757,BG
2179838.5,9752,3.9938,LC
2179855.32,9750,4.1438,LC
2179886.84,9751,6.3425,LC
2179903.05,9752,4.2014,LC
2179912.59,9753,33.0983,BG
2179934.28,9750,5.6665,LC
2179936.22,9751,4.1693,LC
2179963.87,9752,7.8155,LC
2179971.73,9750,7.7269,LC
2179985.43,9751,4.1515,LC
2179993.53,9753,30.798,BG
2180009.27,9752,6.6031,LC
2180009.53,9750,6.3541,LC
2180013.57,9751,4.4728,LC
2180017.14,9752,4.1313,LC
2180032.02,9751,4.4621,LC
2180071.64,9753,27.9086,BG
2180085.28,9750,4.8005,LC
2180097.55,9752,5.216,LC
2180115.48,9751,6.9117,LC
2180116.61,9750,7.0981,LC
2180133.96,9752,7.9163,LC
2180140.31,9751,5.2291,LC
2180156.2,9750,7.0703,LC
2180157.59,9753,35.9064,BG
2180158.9,9752,7.6398,LC
2180160.47,9751,4.0031,LC
2180169.94,9750,4.0996,LC
2180187.08,9752,5.9391,LC
2180191.9,9751,6.312,LC
2180201.28,9752,5.7628,LC
2180234.04,9753,26.238,BG
2180246.52,9750,4.0867,LC
2180251.85,9751,5.2237,LC
2180261.36,9752,4.8467,LC
2180278.94,9750,5.6416,LC
2180290.78,9751,5.312,LC
2180309.41,9753,25.0859,BG
2180319.34,9752,4.0637,LC
2180326.24,9750,6.3748,LC
2180326.46,9751,5.3028,LC
2180372.55,9752,7.0008,LC
2180374.07,9750,6.3716,LC
2180387.14,9751,4.0409,LC
2180395.28,9753,35.4658,BG
2180421.13,9752,8.2112,LC
2180430.34,9750,7.3978,LC
2180460.56,9751,8.1699,LC
2180485.11,9753,39.5372,BG
2180497.11,9752,4.752,LC
2180528.4,9750,10.5867,LC
2180564.23,9751,4.1862,LC
2180566.05,9753,30.7595,BG
2180571.63,9752,4.2045,LC
2180573.51,9750,4.4788,LC
2180577.5,9751,4.0209,LC
2180594.59,9750,4.5542,LC
2180613.16,9752,8.6739,LC
2180614.91,9751,8.0272,LC
2180628.12,9750,5.7745,LC
2180635.53,9752,4.0085,LC
2180641.96,9751,4.4112,LC
2180644.35,9750,4.1614,LC
2180651.03,9753,34.7673,BG
2180660.13,9752,4.3998,LC
2180708.82,9751,10.375,LC
2180735.62,9750,4.415,LC
2180737.07,9753,35.8207,BG
2180738.53,9752,4.1004,LC
2180779.22,9751,10.49,LC
2180779.33,9752,8.6908,LC
2180782.15,9750,14.9162,LC
2180783.55,9751,8.6083,LC
2180796.29,9752,4.9464,LC
2180815.9,9750,6.4301,LC
2180832.95,9751,4.218,LC
2180852.31,9752,4.136,LC
2180861.09,9750,6.6738,LC
2180861.64,9753,74.4176,BG
2180864.04,9751,4.5302,LC
2180869.01,9752,4.622,LC
2180888.28,9750,3.9366,LC
2180932.9,9751,5.1572,LC
2180937.69,9753,25.0852,BG
2180947.7,9752,4.7799,LC
2181005.53,9750,8.1407,LC
2181013.2,9751,5.9716,LC
2181023.51,9753,35.9648,BG
2181024.45,9752,4.0386,LC
2181044.06,9750,7.6355,LC
2181057.51,9751,6.8528,LC
2181060.31,9752,8.3856,LC
2181061.25,9750,6.9723,LC
2181064.23,9751,4.0174,LC
2181077.63,9752,5.7315,LC
2181098.37,9750,4.0625,LC
2181099.96,9753,26.2966,BG
2181103.03,9751,4.2566,LC
2181120.43,9752,4.4322,LC
2181132.18,9750,4.7801,LC
2181161.22,9751,12.5356,LC
2181172.75,9752,7.5347,LC
2181182.17,9750,4.0908,LC
2181190.4,9753,39.9683,BG
2181202.11,9751,4.6924,LC
2181279.7,9753,38.9382,BG
2181286.68,9752,7.1266,LC
2181294.5,9750,5.8521,LC
2181301.56,9751,4.3869,LC
2181336.07,9752,11.1133,LC
2181336.31,9750,11.5101,LC
2181357.79,9753,27.4139,BG
2181378.93,9751,4.1579,LC
2181392.28,9752,5.0009,LC
2181424.65,9750,4.9144,LC
2181427.02,9751,5.6977,LC
2181440.52,9753,32.479,BG
2181507.2,9752,8.8818,LC
2181509.29,9750,7.8843,LC
2181528.15,9751,4.0883,LC
2181534.14,9752,4.1571,LC
2181536.37,9753,45.4814,BG
2181566.36,9750,11.9971,LC
2181568.77,9751,8.2903,LC
2181570.24,9752,5.6622,LC
2181599.69,9750,7.7802,LC
2181603.65,9751,5.3934,LC
2181618.63,9753,32.0786,BG
2181619.93,9752,4.7505,LC
2181627.32,9750,4.1149,LC
2181648.76,9751,7.6809,LC
2181688.92,9752,6.7455,LC
2181699.27,9750,6.3237,LC
2181707.13,9753,38.2105,BG
2181707.27,9751,4.0098,LC
2181720.1,9752,5.0991,LC
2181791.2,9750,4.193,LC
2181792.12,9753,34.7291,BG
2181795.91,9751,4.379,LC
2181863.35,9752,4.1532,LC
2181868.43,9750,5.0763,LC
2181871.54,9753,29.2275,BG
2181955.98,9753,34.161,BG
2181981.98,9751,9.3245,LC
2182005.33,9752,10.3836,LC
2182033.31,9753,27.0212,BG
2182106.35,9750,5.9062,LC
2182112.94,9751,4.6025,LC
2182120.58,9753,36.9443,BG
2182139.75,9752,7.7292,LC
2182206.5,9753,35.5815,BG
2182236.75,9750,10.1383,LC
2182271.55,9751,10.2233,LC
2182293.78,9753,36.8639,BG
2182320.64,9752,9.1329,LC
2182378.47,9750,4.0551,LC
2182382.31,9753,38.0886,BG
2182459.21,9753,26.4432,BG
2182469.31,9751,3.9404,LC
2182541.73,9753,32.1603,BG
2182627.1,9753,35.0403,BG
2182656.06,9752,10.2503,LC
2182662.42,9750,6.8941,LC
2182674.41,9752,8.2388,LC
2182677.04,9751,8.5033,LC
2182678.63,9750,5.4139,LC
2182704.48,9753,27.1644,BG
2182733.23,9752,10.2684,LC
2182789.24,9753,34.4769,BG
2182819.28,9751,9.9688,LC
2182828.64,9750,7.2621,LC
2182830.49,9752,7.7672,LC
2182856.64,9751,11.434,LC
2182856.69,9750,5.8855,LC
2182867.29,9752,5.0028,LC
2182880.83,9753,41.1778,BG
2182912.82,9751,6.605,LC
2182922.81,9750,8.3767,LC
2182922.88,9752,7.3932,LC
2182926.7,9751,4.3147,LC
2182932.42,9752,4.419,LC
2182940.75,9750,4.6952,LC
2182944.3,9751,4.0856,LC
2182955.48,9753,24.3655,BG
2182962.67,9750,4.2205,LC
2182969.3,9752,4.4385,LC
2182979.91,9751,4.7523,LC
2182987.11,9750,4.0814,LC
2183007.08,9752,7.3138,LC
2183009.05,9751,5.6626,LC
2183031.48,9753,25.596,BG
2183052.82,9750,6.0772,LC
2183072.35,9752,7.2066,LC
2183110.48,9753,28.7043,BG
2183124.91,9751,4.2465,LC
2183126.89,9750,4.3659,LC
2183147.07,9752,7.4204,LC
2183150.03,9751,6.372,LC
2183170.89,9750,7.849,LC
2183177.44,9752,10.6543,LC
2183177.69,9750,6.4409,LC
2183177.84,9751,7.518,LC
2183192.64,9752,4.1118,LC
2183198.56,9753,38.0264,BG
2183200.04,9751,4.1494,LC
2183241.84,9750,10.9255,LC
2183248.87,9752,14.0205,LC
2183249.46,9751,13.0149,LC
2183256.1,9750,4.6098,LC
2183273.85,9753,24.5409,BG
2183283.39,9752,4.3993,LC
2183358.85,9753,34.4884,BG
2183385.37,9751,10.18,LC
2183386.31,9750,6.9835,LC
2183390.12,9752,4.3658,LC
2183424.17,9751,7.1452,LC
2183438.61,9750,3.9114,LC
2183441.26,9753,32.4273,BG
2183454.08,9752,4.3088,LC
2183467.18,9751,3.946,LC
2183473.24,9750,4.4207,LC
2183485.77,9752,4.3627,LC
2183502.96,9751,4.52,LC
2183520.36,9753,28.6797,BG
2183608.33,9753,37.4876,BG
2183627.82,9750,6.6847,LC
2183685.71,9752,6.7484,LC
2183688.07,9751,4.8619,LC
2183693.13,9753,34.6124,BG
2183732.92,9750,9.3355,LC
2183743.05,9752,7.2602,LC
2183771.75,9753,28.517,BG
2183774.33,9751,3.8426,LC
2183780.39,9750,4.3407,LC
2183782.21,9752,4.6942,LC
2183794.24,9751,4.0439,LC
2183845.95,9750,4.4092,LC
2183851.75,9752,4.0307,LC
2183862.18,9751,4.7089,LC
2183862.96,9753,40.732,BG
2183903.89,9750,10.522,LC
2183913.74,9752,6.8562,LC
2183921.98,9751,6.6506,LC
2183926.25,9750,6.8484,LC
2183942.45,9752,8.1438,LC
2183942.52,9753,29.4092,BG
2183942.58,9751,7.1684,LC
2183964.07,9750,6.7658,LC
2183988.15,9752,9.6977,LC
2183992.22,9751,9.2583,LC
2183994.27,9750,9.8216,LC
2183997.88,9752,7.8684,LC
2184003.08,9751,4.8308,LC
2184004.09,9750,4.3651,LC
2184019.62,9753,25.4367,BG
2184040.3,9752,7.1929,LC
2184096.89,9751,9.0488,LC
2184096.94,9750,8.3844,LC
2184105.62,9753,35.6077,BG
2184176.29,9752,10.7089,LC
2184196.48,9751,7.8706,LC
2184196.54,9753,39.8976,BG
2184197.28,9750,5.599,LC
2184210.46,9752,4.4522,LC
2184278.13,9753,31.0596,BG
2184304.99,9751,7.9792,LC
2184309.85,9750,7.409,LC
2184310.45,9752,6.0755,LC
2184341.37,9751,12.5865,LC
2184343.56,9750,12.2194,LC
2184359.51,9753,31.3769,BG
2184365.11,9752,4.1624,LC
2184410.36,9751,6.4978,LC
2184445.14,9753,35.2214,BG
2184452.03,9750,4.6163,LC
2184458.82,9752,4.0903,LC
2184506.61,9751,9.8498,LC
2184513.63,9750,9.0279,LC
2184518.83,9752,5.6669,LC
2184532.54,9753,37.2803,BG
2184541.45,9751,4.0045,LC
2184555.5,9750,4.882,LC
2184588.9,9752,8.1661,LC
2184592.49,9751,11.008,LC
2184612.89,9753,29.7318,BG
2184617.65,9750,3.8361,LC
2184652.73,9752,10.7718,LC
2184655.79,9751,8.319,LC
2184683.05,9750,6.7928,LC
2184683.1,9751,4.2858,LC
2184683.37,9752,7.2223,LC
2184685.69,9750,5.2741,LC
2184696.66,9751,3.9901,LC
2184697.6,9753,34.3214,BG
2184722.45,9752,8.0227,LC
2184755.5,9750,10.7881,LC
2184763.3,9751,7.6943,LC
2184774.23,9752,3.847,LC
2184781.29,9753,33.2244,BG
2184786.88,9750,3.8935,LC
2184787.69,9751,3.9644,LC
2184833.12,9752,9.9218,LC
2184833.89,9750,8.2869,LC
2184861.83,9753,29.9771,BG
2184875.29,9751,4.8767,LC
2184877.03,9752,5.3282,LC
2184909.09,9750,6.4572,LC
2184924.11,9751,4.3856,LC
2184930.04,9752,5.7575,LC
2184931.04,9750,5.401,LC
2184933.01,9751,4.1794,LC
2184937.28,9752,4.0088,LC
2184944.0,9753,32.025,BG
2184968.14,9750,5.351,LC
2184972.24,9751,4.5925,LC
2185026.11,9753,31.939,BG
2185110.57,9753,34.2957,BG
2185152.68,9750,9.0233,LC
2185194.07,9753,33.0115,BG
2185228.05,9752,7.8468,LC
2185276.07,9753,31.5048,BG
2185362.28,9753,35.7783,BG
2185373.98,9751,7.2017,LC
2185379.73,9750,6.1301,LC
2185399.48,9752,8.8158,LC
2185404.82,9751,7.3777,LC
2185424.05,9750,7.9643,LC
2185443.09,9752,4.2747,LC
2185446.2,9753,33.6606,BG
2185477.88,9751,7.6171,LC
2185482.66,9750,8.1373,LC
2185493.7,9752,7.0065,LC
2185514.44,9751,4.1427,LC
2185522.26,9753,25.8216,BG
2185524.35,9750,3.9791,LC
2185527.54,9752,4.3421,LC
2185547.14,9751,6.7365,LC
2185578.92,9750,4.4749,LC
2185596.93,9753,24.2677,BG
2185643.51,9752,9.9008,LC
2185664.33,9751,4.5355,LC
2185672.15,9750,4.1467,LC
2185679.84,9753,32.8531,BG
2185679.92,9752,3.832,LC
2185680.82,9751,6.125,LC
2185682.16,9750,5.7527,LC
2185741.63,9752,11.175,LC
2185741.73,9751,10.3219,LC
2185768.71,9753,36.3972,BG
2185787.83,9750,5.3098,LC
2185791.93,9751,5.4137,LC
2185815.14,9752,9.566,LC
2185824.92,9750,11.684,LC
2185825.03,9751,12.0689,LC
2185825.07,9752,7.6362,LC
2185847.78,9753,28.4987,BG
2185875.94,9750,9.871,LC
2185934.83,9753,36.415,BG
2185940.07,9752,4.2149,LC
2185943.21,9752,4.2477,LC
2185943.29,9750,6.0976,LC
2185945.28,9751,6.995,LC
2185945.8,9751,6.3201,LC
2185953.89,9752,4.2885,LC
2185973.2,9750,5.6961,LC
2185983.52,9751,5.1607,LC
2186006.93,9752,6.0585,LC
2186014.41,9753,29.3901,BG
2186021.15,9750,4.1196,LC
2186100.79,9753,36.1741,BG
2186104.16,9751,4.0595,LC
2186111.42,9752,4.4022,LC
2186118.26,9750,4.8959,LC
2186125.37,9751,6.687,LC
2186125.42,9752,4.576,LC
2186127.58,9750,4.2334,LC
2186135.27,9751,3.8926,LC
2186143.32,9752,4.2157,LC
2186144.44,9750,4.1969,LC
2186161.32,9751,4.3901,LC
2186170.97,9752,4.225,LC
2186175.7,9753,24.6156,BG
2186183.94,9750,4.0238,LC
2186220.17,9751,9.5512,LC
2186253.44,9752,4.4291,LC
2186256.05,9753,30.0593,BG
2186264.24,9750,3.9332,LC
2186305.67,9750,7.7575,LC
2186308.59,9751,14.797,LC
2186310.35,9752,14.2362,LC
2186318.92,9750,4.6661,LC
2186324.89,9751,4.019,LC
2186329.23,9752,4.0022,LC
2186338.67,9753,30.5465,BG
2186341.97,9750,4.1908,LC
2186348.72,9751,6.1723,LC
2186351.37,9752,5.8629,LC
2186355.53,9750,4.2359,LC
2186355.69,9751,4.2922,LC
2186364.89,9752,3.8297,LC
2186394.97,9750,8.4365,LC
2186397.31,9751,4.9,LC
2186418.67,9752,4.0217,LC
2186421.52,9753,31.3798,BG
2186430.9,9750,4.1431,LC
2186448.99,9751,7.7886,LC
2186477.95,9752,9.9971,LC
2186491.65,9750,6.2721,LC
2186494.27,9751,4.9455,LC
2186507.31,9752,4.1285,LC
2186508.83,9753,36.7983,BG
2186547.67,9750,5.7485,LC
2186554.27,9751,5.3173,LC
2186584.44,9752,4.0865,LC
2186586.44,9753,27.3698,BG
2186601.96,9750,4.6936,LC
2186603.04,9751,4.4079,LC
2186622.98,9752,4.2244,LC
2186627.6,9750,4.0744,LC
2186632.73,9751,4.308,LC
2186637.22,9752,4.0024,LC
2186656.46,9750,4.0456,LC
2186660.52,9753,23.8225,BG
2186682.04,9751,4.8397,LC
2186684.07,9752,4.437,LC
2186691.65,9750,4.9067,LC
2186723.28,9751,10.3425,LC
2186735.04,9751,5.7445,LC
2186737.87,9750,10.2841,LC
2186737.91,9752,11.287,LC
2186737.95,9752,5.6913,LC
2186739.96,9751,4.3482,LC
2186753.52,9753,42.7827,BG
2186778.53,9750,7.0685,LC
2186793.87,9751,8.1256,LC
2186795.2,9752,10.7544,LC
2186802.14,9750,7.5226,LC
2186804.02,9751,4.7896,LC
2186805.7,9752,6.6414,LC
2186827.59,9750,4.9625,LC
2186831.69,9751,3.9775,LC
2186835.19,9753,31.2153,BG
2186842.65,9752,4.0678,LC
2186848.96,9750,4.3481,LC
2186858.63,9751,4.1131,LC
2186866.83,9752,4.0245,LC
2186874.08,9750,4.5135,LC
2186885.04,9751,5.5671,LC
2186891.05,9752,4.6063,LC
2186893.36,9750,4.1345,LC
2186904.51,9752,6.2999,LC
2186909.59,9751,4.1487,LC
2186913.97,9753,28.6111,BG
2186999.52,9753,34.8704,BG
2187035.87,9750,8.5022,LC
2187053.61,9752,9.4422,LC
2187080.1,9751,5.0835,LC
2187083.8,9753,33.5374,BG
2187158.79,9750,7.0006,LC
2187169.78,9753,35.5514,BG
2187225.46,9752,9.617,LC
2187243.62,9751,4.2753,LC
2187252.3,9753,32.3335,BG
2187326.18,9750,3.9192,LC
2187332.75,9752,5.9773,LC
2187342.12,9753,39.5491,BG
2187409.89,9751,7.8897,LC
2187425.89,9753,33.2471,BG
2187482.37,9750,9.8871,LC
2187513.79,9753,37.5506,BG
2187593.31,9753,29.2284,BG
2187634.11,9752,7.4106,LC
2187668.75,9753,25.2213,BG
2187675.31,9751,4.2295,LC
2187732.29,9750,9.1303,LC
2187757.24,9753,37.7995,BG
2187761.37,9752,4.0391,LC
2187816.77,9751,7.6275,LC
2187834.51,9750,6.5341,LC
2187844.7,9753,37.5235,BG
2187864.45,9752,6.0066,LC
2187922.22,9753,27.1747,BG
2187979.75,9751,10.685,LC
2188002.63,9750,4.2403,LC
2188005.78,9753,32.4628,BG
2188041.68,9752,8.2203,LC
2188089.6,9753,33.7116,BG
2188128.15,9751,8.1826,LC
2188162.05,9750,7.8986,LC
2188176.79,9753,36.8572,BG
2188253.41,9753,26.4369,BG
2188260.07,9752,4.5835,LC
2188318.49,9751,10.9886,LC
2188325.84,9750,5.6782,LC
2188342.31,9753,38.531,BG
2188390.82,9752,11.9121,LC
2188418.42,9751,6.429,LC
2188422.22,9753,29.8852,BG
2188488.71,9750,10.4075,LC
2188507.86,9753,35.2423,BG
2188585.27,9753,27.0648,BG
2188605.77,9752,4.3734,LC
2188654.78,9751,4.2596,LC
2188670.36,9753,34.8492,BG
2188690.77,9750,5.0274,LC
2188712.4,9752,6.8925,LC
2188714.51,9751,5.7645,LC
2188748.23,9753,27.5273,BG
2188814.1,9750,6.2465,LC
2188828.57,9753,30.4216,BG
2188908.95,9753,30.0715,BG
2188926.1,9752,4.284,LC
2188976.33,9751,8.7752,LC
2188980.07,9750,7.9185,LC
2188982.42,9752,5.0706,LC
2188991.21,9751,3.9861,LC
2188997.54,9753,38.4841,BG
2189040.42,9750,8.3915,LC
2189047.1,9752,5.7308,LC
2189070.18,9751,4.3892,LC
2189071.32,9750,4.0422,LC
2189076.8,9753,29.143,BG
2189078.69,9752,4.2088,LC
2189096.63,9751,4.182,LC
2189113.72,9750,5.4025,LC
2189135.57,9752,8.3331,LC
2189136.49,9751,7.3448,LC
2189140.84,9750,4.0403,LC
2189144.36,9752,6.3176,LC
2189146.7,9751,4.5062,LC
2189149.82,9750,3.8381,LC
2189156.53,9753,29.4284,BG
2189161.86,9752,4.0865,LC
2189167.07,9751,3.9747,LC
2189196.12,9750,6.8018,LC
2189228.86,9751,8.4638,LC
2189228.91,9750,5.8352,LC
2189228.95,9752,11.2692,LC
2189228.98,9750,3.9497,LC
2189233.13,9752,4.0727,LC
2189242.57,9751,3.9513,LC
2189243.64,9753,36.9708,BG
2189251.56,9750,4.2092,LC
2189280.83,9752,4.5283,LC
2189305.53,9751,8.1569,LC
2189310.73,9750,5.3061,LC
2189322.85,9752,4.3091,LC
2189324.74,9753,30.8471,BG
2189350.54,9751,7.6354,LC
2189363.41,9750,5.7544,LC
2189397.62,9752,5.7059,LC
2189406.49,9753,31.2924,BG
2189418.81,9751,4.2648,LC
2189430.38,9750,7.6831,LC
2189443.52,9752,8.1387,LC
2189450.09,9751,9.3096,LC
2189450.15,9750,6.6426,LC
2189452.95,9752,5.5973,LC
2189461.76,9751,6.1359,LC
2189485.06,9753,27.6245,BG
2189492.88,9750,4.7882,LC
2189497.42,9752,6.0789,LC
2189500.06,9751,5.6462,LC
2189503.7,9750,4.5622,LC
2189512.53,9752,5.5533,LC
2189542.44,9751,10.3151,LC
2189547.42,9750,7.0043,LC
2189554.82,9752,4.0718,LC
2189564.1,9753,28.8219,BG
2189577.34,9751,4.0325,LC
2189635.31,9750,8.7068,LC
2189638.69,9752,6.0276,LC
2189646.23,9753,31.8703,BG
2189685.19,9751,10.0098,LC
2189690.11,9750,9.0164,LC
2189713.41,9752,5.4182,LC
2189718.11,9751,4.0255,LC
2189719.57,9750,4.8218,LC
2189729.9,9753,33.2045,BG
2189737.85,9752,4.217,LC
2189746.12,9751,4.0019,LC
2189751.34,9750,6.3731,LC
2189753.0,9752,4.8979,LC
2189759.83,9751,4.0143,LC
2189760.82,9750,4.226,LC
2189784.2,9752,6.2605,LC
2189804.96,9753,24.6498,BG
2189835.54,9751,7.5707,LC
2189860.16,9750,9.3387,LC
2189887.4,9753,32.1709,BG
2189909.42,9752,6.6847,LC
2189916.34,9751,6.5006,LC
2189923.27,9750,5.7282,LC
2189940.42,9752,8.624,LC
2189945.44,9751,9.5562,LC
2189966.48,9753,28.2374,BG
2190020.35,9750,10.2203,LC
2190051.94,9753,34.7667,BG
2190052.41,9752,5.522,LC
2190121.22,9751,12.983,LC
2190125.13,9750,11.4608,LC
2190127.55,9752,4.508,LC
2190136.43,9753,34.0082,BG
2190154.56,9751,5.6962,LC
2190156.65,9750,4.7464,LC
2190210.2,9752,4.4884,LC
2190217.8,9753,30.7878,BG
2190234.62,9751,5.5836,LC
2190235.85,9750,4.7337,LC
2190262.62,9752,10.2314,LC
2190271.43,9751,7.9568,LC
2190273.36,9750,8.5755,LC
2190293.39,9752,4.1686,LC
2190303.25,9750,4.1131,LC
2190303.31,9751,7.8154,LC
2190304.27,9752,5.9231,LC
2190306.58,9753,38.2893,BG
2190318.93,9750,4.0852,LC
2190323.1,9751,4.3533,LC
2190334.58,9752,5.1676,LC
2190383.65,9750,4.0279,LC
2190391.59,9753,34.5828,BG
2190420.91,9751,9.5838,LC
2190444.94,9752,11.2924,LC
2190445.03,9750,13.0132,LC
2190448.51,9751,9.1797,LC
2190451.77,9752,4.5687,LC
2190456.8,9750,4.1307,LC
2190462.46,9751,5.1651,LC
2190469.99,9752,5.99,LC
2190478.8,9753,36.1755,BG
2190481.69,9750,4.1055,LC
2190501.12,9751,6.505,LC
2190505.95,9752,5.3726,LC
2190509.85,9751,5.1596,LC
2190526.13,9752,7.6041,LC
2190556.68,9753,27.51,BG
2190561.3,9750,4.2126,LC
2190593.28,9751,9.9255,LC
2190597.12,9752,8.3484,LC
2190617.12,9750,10.0147,LC
2190618.08,9751,10.5441,LC
2190622.4,9752,6.0822,LC
2190622.99,9751,5.5849,LC
2190638.22,9750,4.0332,LC
2190645.55,9753,37.3473,BG
2190649.74,9752,4.029,LC
2190657.09,9751,3.9919,LC
2190697.93,9750,10.4487,LC
2190709.77,9752,6.1154,LC
2190730.89,9751,4.2867,LC
2190731.71,9753,35.9581,BG
2190732.55,9750,4.2439,LC
2190774.19,9752,8.9282,LC
2190794.5,9751,10.9256,LC
2190808.53,9750,4.1739,LC
2190813.94,9752,3.9923,LC
2190814.96,9753,32.8613,BG
2190860.1,9751,6.4725,LC
2190878.97,9750,5.6304,LC
2190891.42,9753,26.1561,BG
2190931.73,9752,10.0546,LC
2190934.81,9751,7.6601,LC
2190940.09,9750,7.2206,LC
2190955.11,9752,6.219,LC
2190956.81,9751,6.7767,LC
2190975.14,9753,33.3676,BG
2190996.3,9750,8.144,LC
2190997.73,9752,6.9791,LC
2191001.28,9751,6.4019,LC
2191054.97,9750,4.613,LC
2191056.26,9752,3.9039,LC
2191065.58,9750,6.0893,LC
2191065.69,9753,39.8284,BG
2191065.78,9751,8.2303,LC
2191150.74,9753,34.4934,BG
2191219.31,9752,6.4758,LC
2191241.29,9750,5.6596,LC
2191246.2,9753,45.1038,BG
2191286.11,9751,10.6219,LC
2191333.94,9753,37.4231,BG
2191365.39,9752,7.7653,LC
2191396.67,9750,10.5785,LC
2191405.08,9751,7.2161,LC
2191407.71,9752,7.036,LC
2191422.52,9753,38.1464,BG
2191439.8,9750,6.2479,LC
2191508.08,9753,35.0599,BG
2191541.38,9751,9.6588,LC
2191553.95,9752,8.1401,LC
2191562.92,9750,8.2619,LC
2191586.51,9753,28.3228,BG
2191587.72,9751,5.2671,LC
2191596.75,9752,4.0531,LC
2191605.27,9750,5.4967,LC
2191607.06,9751,4.9373,LC
2191615.58,9752,4.7012,LC
2191647.29,9750,8.5257,LC
2191659.78,9751,8.5146,LC
2191659.87,9752,7.3961,LC
2191670.03,9753,33.2298,BG
2191672.82,9750,5.3921,LC
2191674.51,9751,4.0804,LC
2191742.06,9752,5.9599,LC
2191746.8,9750,4.4023,LC
2191757.91,9751,4.2599,LC
2191757.96,9753,37.6475,BG
2191760.67,9752,4.8061,LC
2191786.83,9750,5.762,LC
2191818.28,9751,8.2936,LC
2191826.25,9752,6.5562,LC
2191832.13,9750,4.7705,LC
2191843.83,9751,4.1579,LC
2191849.41,9752,4.1434,LC
2191852.47,9753,43.8889,BG
2191867.84,9750,4.2072,LC
2191887.82,9752,3.8252,LC
2191887.94,9751,4.5829,LC
2191897.44,9750,4.7305,LC
2191910.12,9752,7.0096,LC
2191910.18,9751,6.7553,LC
2191911.12,9750,5.8324,LC
2191914.29,9752,4.1473,LC
2191916.72,9751,4.3149,LC
2191930.68,9753,27.4584,BG
2191940.42,9750,4.4329,LC
2191955.69,9752,5.7671,LC
2191967.86,9751,6.8205,LC
2191973.48,9750,6.331,LC
2191989.23,9751,8.224,LC
2191997.03,9752,5.1814,LC
2192007.76,9750,4.0322,LC
2192012.9,9751,4.1953,LC
2192015.45,9753,34.58,BG
2192031.8,9752,6.9082,LC
2192041.8,9750,6.7524,LC
2192061.72,9751,9.451,LC
2192066.09,9752,13.1945,LC
2192066.85,9750,12.4207,LC
2192073.37,9751,6.509,LC
2192087.12,9750,4.9817,LC
2192095.82,9752,4.1282,LC
2192097.42,9753,30.9869,BG
2192114.47,9751,4.7339,LC
2192124.46,9750,5.4022,LC
2192149.57,9752,7.8962,LC
2192157.74,9751,6.6438,LC
2192166.56,9750,7.6406,LC
2192180.58,9753,33.0789,BG
2192212.65,9752,7.1987,LC
2192216.24,9751,8.3327,LC
2192239.29,9750,11.0993,LC
2192244.04,9752,7.8487,LC
2192256.3,9751,4.1165,LC
2192267.71,9753,36.4139,BG
2192287.25,9750,5.013,LC
2192294.49,9752,4.4772,LC
2192323.76,9751,13.7871,LC
2192325.25,9750,10.2464,LC
2192325.35,9752,11.05,LC
2192345.78,9753,23.6236,BG
2192354.89,9750,4.0224,LC
2192390.51,9751,10.4196,LC
2192415.04,9750,13.7239,LC
2192415.25,9751,7.0659,LC
2192416.25,9752,13.4259,LC
2192417.83,9752,9.4505,LC
2192435.14,9753,38.9522,BG
2192503.65,9751,6.4752,LC
2192505.52,9750,7.247,LC
2192525.59,9752,4.2697,LC
2192526.99,9753,41.372,BG
2192529.79,9751,4.3588,LC
2192553.1,9750,7.3885,LC
2192581.44,9752,9.375,LC
2192588.47,9751,7.6773,LC
2192588.6,9750,6.4673,LC
2192611.97,9753,34.4267,BG
2192648.89,9752,8.5003,LC
2192650.78,9751,8.9125,LC
2192693.0,9753,30.6583,BG
2192736.08,9752,8.1854,LC
2192736.58,9750,14.4095,LC
2192756.16,9752,6.6873,LC
2192756.3,9751,8.1555,LC
2192772.27,9750,4.6151,LC
2192774.58,9751,3.9577,LC
2192780.12,9753,37.2227,BG
2192796.89,9752,4.7401,LC
2192830.57,9750,8.6204,LC
2192861.24,9753,30.8815,BG
2192867.07,9751,4.0402,LC
2192912.74,9752,8.9785,LC
2192922.03,9750,8.1195,LC
2192924.71,9752,9.8577,LC
2192928.4,9751,4.0594,LC
2192946.41,9753,35.0141,BG
2192978.17,9750,9.2946,LC
2192993.18,9752,8.75,LC
2193011.34,9751,6.7026,LC
2193029.74,9753,32.8693,BG
2193084.13,9750,4.3412,LC
2193110.3,9753,30.2567,BG
2193120.2,9752,5.1533,LC
2193128.11,9751,7.5037,LC
2193156.7,9750,7.9235,LC
2193173.07,9752,7.9616,LC
2193181.99,9751,10.9307,LC
2193182.05,9750,7.0283,LC
2193193.35,9753,32.9052,BG
2193198.31,9752,4.0857,LC
2193201.42,9751,4.2861,LC
2193217.45,9752,4.9569,LC
2193226.98,9750,5.0272,LC
2193227.66,9751,4.9984,LC
2193238.22,9752,5.552,LC
2193269.16,9753,25.5923,BG
2193299.99,9750,7.0788,LC
2193305.59,9751,6.5118,LC
2193313.05,9752,6.8895,LC
2193313.47,9750,5.8666,LC
2193328.12,9751,6.1449,LC
2193333.35,9752,4.0281,LC
2193350.21,9750,4.1469,LC
2193351.21,9753,31.6624,BG
2193380.59,9751,6.3043,LC
2193400.23,9752,7.0569,LC
2193405.82,9751,9.3821,LC
2193408.79,9750,14.3059,LC
2193410.68,9752,8.4377,LC
2193413.89,9751,4.8136,LC
2193421.1,9750,4.2872,LC
2193434.98,9753,28.973,BG
2193439.17,9752,4.2567,LC
2193477.49,9751,7.3467,LC
2193482.27,9751,4.4537,LC
2193483.89,9750,7.3725,LC
2193488.13,9752,7.8746,LC
2193497.42,9751,3.9346,LC
2193502.56,9750,4.0485,LC
2193508.8,9752,4.0501,LC
2193511.05,9753,25.8575,BG
2193515.17,9751,4.2314,LC
2193520.95,9750,4.3184,LC
2193533.59,9752,5.0483,LC
2193597.09,9753,33.3817,BG
2193600.56,9751,5.2587,LC
2193640.76,9750,9.9098,LC
2193662.84,9752,7.3216,LC
2193674.65,9751,4.0224,LC
2193680.58,9753,35.0552,BG
2193731.09,9750,8.5632,LC
2193765.52,9753,34.6779,BG
2193811.8,9752,9.8478,LC
2193846.17,9753,30.4103,BG
2193920.35,9751,6.9701,LC
2193933.42,9750,4.6049,LC
2193936.52,9752,4.3243,LC
2193937.48,9753,40.5646,BG
2193967.37,9750,7.0762,LC
2193971.2,9751,9.3734,LC
2193982.19,9752,5.0265,LC
2194011.55,9750,4.2953,LC
2194013.09,9753,25.3737,BG
2194067.5,9751,10.3782,LC
2194093.35,9753,30.0203,BG
2194137.45,9752,9.6634,LC
2194170.23,9753,26.4566,BG
2194229.28,9750,11.7691,LC
2194233.2,9751,8.1916,LC
2194254.23,9753,33.8609,BG
2194292.55,9752,9.5407,LC
2194296.13,9750,6.9282,LC
2194307.16,9751,7.287,LC
2194311.81,9752,8.5432,LC
2194331.38,9753,26.2429,BG
2194344.49,9750,4.5724,LC
2194374.83,9751,11.0799,LC
2194379.32,9752,7.0349,LC
2194411.5,9750,6.6335,LC
2194411.59,9751,5.1708,LC
2194416.06,9752,7.9081,LC
2194417.26,9753,35.7329,BG
2194418.13,9750,5.1512,LC
2194435.08,9751,5.3337,LC
2194481.99,9752,13.3483,LC
2194488.27,9750,9.7456,LC
2194499.96,9751,3.9995,LC
2194505.25,9753,37.4363,BG
2194540.74,9752,9.5564,LC
2194542.32,9750,9.9868,LC
2194573.95,9751,6.5831,LC
2194587.45,9752,6.6743,LC
2194592.54,9750,4.5725,LC
2194593.83,9753,38.3255,BG
2194632.22,9751,9.0492,LC
2194640.09,9752,6.9997,LC
2194676.86,9753,32.4579,BG
2194681.48,9750,4.2072,LC
2194718.27,9751,8.0757,LC
2194740.11,9752,6.3769,LC
2194754.93,9750,5.1098,LC
2194764.65,9753,37.5616,BG
2194773.57,9751,4.025,LC
2194801.59,9752,7.0866,LC
2194818.38,9750,7.9136,LC
2194837.78,9751,4.2938,LC
2194846.16,9753,31.0829,BG
2194876.16,9752,9.6297,LC
2194882.25,9750,7.2789,LC
2194928.37,9753,32.043,BG
2194973.42,9751,10.7924,LC
2195002.61,9752,6.6305,LC
2195005.82,9750,4.8757,LC
2195007.82,9751,4.9085,LC
2195016.93,9753,38.3039,BG
2195019.23,9752,4.1066,LC
2195029.48,9750,4.3688,LC
2195044.45,9751,4.1249,LC
2195059.31,9752,6.4713,LC
2195083.38,9750,4.1302,LC
2195089.49,9751,4.0534,LC
2195097.04,9753,29.788,BG
2195151.47,9752,10.0927,LC
2195157.64,9750,6.3484,LC
2195178.21,9752,3.9849,LC
2195182.43,9753,35.0706,BG
2195205.25,9751,9.004,LC
2195211.63,9750,7.0375,LC
2195214.6,9751,5.3843,LC
2195265.61,9752,6.388,LC
2195275.07,9750,7.1243,LC
2195275.43,9751,4.6909,LC
2195277.55,9753,44.8219,BG
2195304.99,9752,9.3565,LC
2195311.58,9750,7.8599,LC
2195351.81,9751,19.7252,LC
2195353.73,9752,20.2766,LC
2195366.56,9750,3.8436,LC
2195368.5,9753,40.7618,BG
2195373.75,9751,4.2616,LC
2195390.41,9752,5.636,LC
2195430.75,9750,9.1689,LC
2195454.35,9751,4.0682,LC
2195455.61,9753,36.1284,BG
2195473.19,9752,6.9605,LC
2195517.42,9750,10.369,LC
2195540.16,9753,34.2041,BG
2195608.76,9751,7.1895,LC
2195625.11,9752,4.6772,LC
2195628.89,9753,38.2958,BG
2195712.21,9753,32.7491,BG
2195722.54,9750,3.8965,LC
2195792.34,9753,29.8802,BG
2195807.56,9751,6.5619,LC
2195818.17,9752,4.3948,LC
2195906.21,9753,63.575,BG
2195945.64,9750,6.7211,LC
2195948.26,9751,5.6629,LC
2195965.09,9752,4.9214,LC
2195981.69,9753,25.2,BG
2196003.72,9750,4.1407,LC
2196049.8,9751,7.6975,LC
2196068.72,9753,36.5704,BG
2196079.21,9752,4.0145,LC
2196154.85,9753,35.3588,BG
2196194.15,9750,10.5332,LC
2196234.66,9753,29.5111,BG
2196265.57,9751,9.6898,LC
2196271.55,9752,6.6997,LC
2196315.42,9753,30.6069,BG
2196354.12,9750,10.682,LC
2196356.71,9751,7.9212,LC
2196364.13,9752,7.066,LC
2196383.38,9750,4.6371,LC
2196395.42,9753,29.837,BG
2196444.67,9751,10.6937,LC
2196465.83,9752,5.3128,LC
2196478.42,9753,32.516,BG
2196548.4,9750,6.0963,LC
2196571.83,9753,43.0941,BG
2196575.27,9751,6.4834,LC
2196615.14,9752,9.4042,LC
2196655.55,9753,33.0224,BG
2196663.73,9750,4.1177,LC
2196712.31,9751,9.2908,LC
2196745.83,9753,36.8673,BG
2196832.61,9753,36.4883,BG
2196893.41,9752,7.6929,LC
2196913.15,9753,29.7594,BG
2196962.25,9750,10.8197,LC
2196965.99,9751,8.5983,LC
2196994.99,9753,31.4182,BG
2197014.32,9752,6.9619,LC
2197075.86,9753,30.6621,BG
2197154.28,9753,27.7891,BG
2197239.64,9753,35.3918,BG
2197255.94,9750,6.1733,LC
2197272.75,9751,7.6223,LC
2197322.74,9753,32.8459,BG
2197366.52,9752,7.6661,LC
2197407.09,9753,33.8148,BG
2197494.22,9753,36.8717,BG
2197578.27,9753,33.7608,BG
2197667.66,9753,38.9384,BG
2197752.21,9753,34.3419,BG
2197833.73,9753,31.2105,BG
2197871.13,9750,9.2126,LC
2197871.66,9751,7.6635,LC
2197881.18,9752,4.7538,LC
2197889.11,9750,4.4174,LC
2197892.06,9751,4.7478,LC
2197908.66,9753,24.476,BG
2197993.75,9753,34.8072,BG
2198022.04,9752,10.2478,LC
2198072.08,9750,6.4233,LC
2198072.18,9751,6.5401,LC
2198075.19,9752,4.7248,LC
2198077.5,9753,33.0734,BG
2198167.11,9753,39.078,BG
2198242.35,9753,25.1264,BG
2198312.47,9750,6.7637,LC
2198313.36,9751,6.4695,LC
2198331.66,9753,38.9854,BG
2198339.65,9752,4.0723,LC
2198415.66,9753,33.4833,BG
2198503.13,9753,36.415,BG
2198517.7,9750,6.0232,LC
2198538.32,9751,7.3701,LC
2198544.44,9752,7.4807,LC
2198582.58,9753,28.9428,BG
2198587.45,9750,4.0566,LC
2198593.6,9751,4.1947,LC
2198658.18,9752,5.7216,LC
2198665.24,9753,32.5519,BG
2198737.5,9750,4.1077,LC
2198742.54,9753,27.1307,BG
2198800.57,9751,5.6768,LC
2198821.74,9752,6.3724,LC
2198829.16,9753,36.594,BG
2198847.27,9750,6.7915,LC
2198851.98,9751,6.3527,LC
2198873.33,9752,7.6345,LC
2198901.5,9750,4.153,LC
2198910.4,9753,31.1501,BG
2198927.87,9751,6.4577,LC
2198997.69,9753,36.9095,BG
2199054.12,9752,8.8336,LC
2199061.3,9750,8.8248,LC
2199068.14,9751,3.9946,LC
2199078.58,9753,30.2831,BG
2199098.33,9752,7.9277,LC
2199107.45,9751,6.8068,LC
2199107.54,9750,9.0084,LC
2199129.3,9751,8.3267,LC
2199130.87,9752,10.419,LC
2199154.98,9750,4.7283,LC
2199160.33,9753,31.0077,BG
2199176.72,9751,3.9877,LC
2199197.52,9750,7.7439,LC
2199198.46,9752,9.9186,LC
2199216.39,9751,5.6006,LC
2199226.09,9750,5.283,LC
2199233.35,9752,4.0082,LC
2199238.48,9753,27.4665,BG
2199241.88,9751,4.1714,LC
2199245.21,9750,4.2203,LC
2199255.04,9751,3.9627,LC
2199281.14,9752,9.0265,LC
2199282.92,9750,6.0133,LC
2199287.3,9751,9.0413,LC
2199290.11,9752,5.4878,LC
2199293.88,9750,4.0221,LC
2199312.26,9753,23.6816,BG
2199366.35,9751,9.8185,LC
2199383.62,9752,11.6382,LC
2199384.25,9750,9.5178,LC
2199393.82,9751,4.136,LC
2199394.49,9753,31.9734,BG
2199448.68,9752,11.3634,LC
2199471.08,9750,6.6788,LC
2199480.54,9753,35.634,BG
2199496.73,9751,7.2269,LC
2199517.2,9752,8.439,LC
2199523.11,9750,7.1242,LC
2199524.65,9751,6.7245,LC
2199546.9,9752,4.9129,LC
2199554.12,9750,5.5261,LC
2199568.1,9753,37.071,BG
2199615.88,9751,10.0138,LC
2199627.48,9752,7.6107,LC
2199638.28,9750,6.7077,LC
2199662.93,9751,5.6292,LC
2199664.97,9753,46.6229,BG
2199678.23,9750,5.966,LC
2199678.39,9752,8.4284,LC
2199681.05,9751,5.455,LC
2199725.23,9750,8.4825,LC
2199736.61,9752,5.0226,LC
2199748.84,9753,33.609,BG
2199757.17,9751,3.9824,LC
2199764.33,9750,4.7347,LC
2199768.08,9752,4.3283,LC
2199780.38,9751,4.7909,LC
2199784.1,9750,3.9916,LC
2199807.93,9751,7.567,LC
2199831.13,9752,6.9757,LC
2199834.59,9750,5.0309,LC
2199842.58,9752,4.2162,LC
2199843.68,9751,7.1836,LC
2199847.15,9750,4.2579,LC
2199848.32,9753,49.0563,BG
2199856.12,9752,4.0909,LC
2199878.56,9751,8.3558,LC
2199919.12,9751,9.1081,LC
2199919.41,9752,14.7033,LC
2199919.48,9750,17.2873,LC
2199923.97,9751,8.195,LC
2199945.17,9750,6.0126,LC
2199945.78,9752,4.4646,LC
2199947.68,9751,4.3719,LC
2199952.52,9753,53.8391,BG
2199968.09,9750,5.668,LC
2199970.23,9752,5.5249,LC
2200021.68,9751,7.3239,LC
2200036.73,9753,33.6848,BG
2200067.11,9750,8.1537,LC
2200072.17,9752,6.3141,LC
2200081.99,9750,6.5504,LC
2200087.5,9751,5.5134,LC
2200096.71,9752,4.2371,LC
2200110.34,9753,23.3125,BG
2200134.42,9750,6.8256,LC
2200142.46,9751,5.5304,LC
2200144.09,9752,6.6031,LC
2200145.48,9750,6.1033,LC
2200164.05,9751,9.4527,LC
2200172.25,9752,6.5767,LC
2200193.69,9753,32.7494,BG
2200230.35,9750,10.3138,LC
2200243.18,9751,13.5352,LC
2200243.64,9752,11.4971,LC
2200260.37,9750,5.6813,LC
2200275.71,9753,31.7327,BG
2200294.85,9751,4.0826,LC
2200310.07,9752,6.4122,LC
2200316.66,9750,4.577,LC
2200329.3,9751,6.5844,LC
2200340.26,9752,6.1647,LC
2200346.43,9750,4.1245,LC
2200353.79,9753,27.9479,BG
2200370.81,9751,5.1007,LC
2200436.56,9752,6.6723,LC
2200441.7,9753,37.5885,BG
2200451.44,9750,6.3505,LC
2200486.41,9751,10.2841,LC
2200519.87,9752,4.5028,LC
2200523.09,9753,30.8774,BG
2200539.7,9750,6.3951,LC
2200550.42,9751,7.349,LC
2200565.1,9752,7.9345,LC
2200567.57,9750,5.1901,LC
2200570.82,9751,4.6057,LC
2200593.72,9752,4.1134,LC
2200599.9,9750,4.2091,LC
2200603.48,9753,30.2984,BG
2200628.48,9751,4.2549,LC
2200638.1,9752,3.9842,LC
2200651.4,9750,4.251,LC
2200663.18,9751,4.1411,LC
2200677.25,9753,23.7468,BG
2200721.33,9752,4.2899,LC
2200723.33,9750,4.034,LC
2200750.59,9753,23.1891,BG
2200781.43,9751,4.1111,LC
2200791.16,9752,4.1169,LC
2200816.93,9750,4.2952,LC
2200822.57,9751,4.6537,LC
2200823.99,9753,23.2104,BG
2200834.1,9752,3.9291,LC
2200857.12,9750,12.2665,LC
2200857.63,9751,12.0044,LC
2200873.24,9752,8.4727,LC
2200875.75,9751,8.8739,LC
2200884.02,9750,4.4114,LC
2200884.08,9752,4.1936,LC
2200903.17,9753,28.9963,BG
2200911.63,9751,4.5809,LC
2200989.37,9753,35.9144,BG
2201069.78,9750,4.4252,LC
2201075.56,9753,35.4408,BG
2201158.32,9753,33.0142,BG
2201162.47,9752,4.3329,LC
2201214.57,9751,10.129,LC
2201241.37,9753,32.0402,BG
2201298.56,9750,5.8836,LC
2201313.76,9752,4.3562,LC
2201322.76,9753,31.347,BG
2201338.73,9751,5.0924,LC
2201361.27,9750,10.1044,LC
2201406.86,9753,33.7616,BG
2201491.79,9753,34.716,BG
2201547.24,9752,10.3682,LC
2201573.16,9753,30.9912,BG
2201622.22,9751,11.318,LC
2201631.08,9750,6.9422,LC
2201635.18,9752,6.5968,LC
2201660.48,9753,34.1166,BG
2201726.14,9751,7.909,LC
2201727.85,9750,7.4608,LC
2201749.85,9753,39.0112,BG
2201833.58,9753,33.5242,BG
2201890.89,9752,8.8527,LC
2201899.21,9751,8.5828,LC
2201903.7,9750,7.1604,LC
2201918.3,9753,34.3632,BG
2202000.85,9753,30.0369,BG
2202014.65,9752,3.9365,LC
2202076.04,9753,24.9809,BG
2202164.32,9753,38.0919,BG
2202190.11,9751,6.6623,LC
2202231.25,9750,6.7052,LC
2202245.97,9752,4.3954,LC
2202247.9,9753,33.3738,BG
2202249.02,9751,4.3235,LC
2202268.56,9750,6.8335,LC
2202301.38,9752,8.1826,LC
2202334.76,9753,36.4287,BG
2202356.9,9751,5.4949,LC
2202416.84,9753,31.9778,BG
2202420.8,9750,4.5395,LC
2202470.2,9752,10.9664,LC
2202497.6,9753,30.4666,BG
2202514.52,9751,4.7546,LC
2202538.16,9750,8.7574,LC
2202580.38,9753,32.2425,BG
2202623.31,9752,11.0023,LC
2202646.07,9751,5.6374,LC
2202660.76,9753,30.3042,BG
2202722.15,9750,9.0357,LC
2202744.54,9753,33.5575,BG
2202832.09,9753,37.1392,BG
2202909.6,9752,4.6089,LC
2202913.7,9751,4.0623,LC
2202920.12,9753,37.9087,BG
2202922.2,9750,4.3396,LC
2203006.82,9753,36.1137,BG
2203071.36,9752,8.4906,LC
2203088.98,9751,5.0512,LC
2203097.9,9753,40.7503,BG
2203104.17,9750,7.3664,LC
2203105.6,9752,7.353,LC
2203178.04,9751,3.8759,LC
2203183.62,9753,35.1141,BG
2203214.72,9750,7.0569,LC
2203265.17,9753,31.2207,BG
2203329.13,9752,8.2736,LC
2203377.15,9751,6.1987,LC
2203410.2,9750,7.1778,LC
2203426.24,9752,4.31,LC
2203432.13,9753,116.9318,BG
2203448.42,9751,4.2577,LC
2203512.63,9753,30.2054,BG
2203514.28,9750,4.4313,LC
2203583.3,9752,15.9608,LC
2203583.59,9751,13.1918,LC
2203587.7,9750,7.239,LC
2203589.07,9750,6.7681,LC
2203602.34,9752,8.1284,LC
2203602.55,9751,6.319,LC
2203604.45,9753,41.5447,BG
2203662.84,9752,8.7151,LC
2203665.42,9750,11.5596,LC
2203674.32,9751,7.486,LC
2203690.69,9752,4.0507,LC
2203699.87,9753,42.5621,BG
2203710.45,9750,4.2868,LC
2203713.95,9751,4.4215,LC
2203723.53,9752,4.0943,LC
2203768.11,9750,5.4806,LC
2203769.92,9751,5.8986,LC
2203784.46,9752,4.3306,LC
2203784.85,9753,34.7973,BG
2203789.78,9750,4.1447,LC
2203794.08,9751,4.3748,LC
2203855.38,9752,14.2157,LC
2203855.63,9750,11.7188,LC
2203868.88,9753,33.7166,BG
2203886.38,9751,5.6396,LC
2203886.77,9752,5.742,LC
2203921.29,9750,10.681,LC
2203933.67,9751,7.0727,LC
2203955.51,9753,36.4028,BG
2203957.54,9752,4.1269,LC
2203980.85,9750,4.862,LC
2203983.87,9751,4.2253,LC
2203987.29,9752,6.2025,LC
2203989.65,9750,4.4679,LC
2204002.73,9751,4.6393,LC
2204011.5,9752,4.3064,LC
2204016.9,9750,4.4705,LC
2204028.78,9753,23.0057,BG
2204107.15,9751,5.1105,LC
2204114.16,9753,34.5814,BG
2204117.7,9752,3.8899,LC
2204126.6,9750,4.2409,LC
2204159.54,9751,8.8989,LC
2204173.93,9752,8.3757,LC
2204201.04,9753,37.2773,BG
2204201.19,9750,4.0487,LC
2204211.1,9751,4.2772,LC
2204211.15,9752,4.2075,LC
2204220.07,9750,4.9108,LC
2204222.16,9751,4.6881,LC
2204236.6,9752,6.3958,LC
2204273.06,9750,4.7816,LC
2204282.49,9753,31.1439,BG
2204295.82,9751,7.1196,LC
2204299.78,9752,6.297,LC
2204337.99,9750,9.0669,LC
2204346.58,9751,5.2203,LC
2204365.72,9753,28.2898,BG
2204377.62,9752,4.1278,LC
2204379.12,9750,4.3421,LC
2204384.58,9751,4.4042,LC
2204457.97,9753,41.8121,BG
2204481.16,9752,4.2171,LC
2204487.87,9750,4.0849,LC
2204514.57,9751,11.0149,LC
2204533.83,9752,5.2878,LC
2204542.75,9753,34.7956,BG
2204569.18,9750,13.2306,LC
2204570.41,9751,7.2115,LC
2204588.63,9752,8.5434,LC
2204602.74,9750,5.5264,LC
2204613.49,9751,3.9496,LC
2204619.62,9752,4.1874,LC
2204620.34,9753,27.5187,BG
2204651.39,9750,8.7852,LC
2204695.76,9751,8.6084,LC
2204713.85,9753,43.1386,BG
2204766.28,9752,11.0592,LC
2204794.61,9753,27.9779,BG
2204877.17,9753,32.3092,BG
2204916.77,9750,9.5955,LC
2204918.79,9751,9.9635,LC
2204949.3,9752,4.0225,LC
2204957.59,9753,30.1633,BG
2204988.37,9750,6.8992,LC
2205028.99,9751,4.4692,LC
2205034.16,9752,4.128,LC
2205039.33,9753,31.4756,BG
2205101.26,9750,11.189,LC
2205101.97,9751,9.0169,LC
2205125.49,9753,35.1659,BG
2205193.0,9752,9.2208,LC
2205213.77,9753,37.8631,BG
2205223.23,9750,4.5111,LC
2205303.25,9753,39.2129,BG
2205316.58,9751,5.0692,LC
2205384.99,9753,31.3755,BG
2205438.35,9752,10.4778,LC
2205472.15,9750,4.6768,LC
2205473.67,9753,38.3235,BG
2205505.65,9751,9.0493,LC
2205514.79,9752,7.9716,LC
2205537.07,9750,3.9526,LC
2205548.98,9753,25.0041,BG
2205633.79,9751,3.8685,LC
2205635.1,9753,35.5607,BG
2205723.44,9753,37.8096,BG
2205784.03,9752,10.7388,LC
2205803.79,9750,6.011,LC
2205814.38,9753,39.0016,BG
2205876.46,9751,8.0781,LC
2205881.79,9752,7.3791,LC
2205893.33,9750,6.2192,LC
2205901.48,9753,37.0365,BG
2205952.13,9751,12.6422,LC
2205953.62,9752,10.2396,LC
2205963.06,9750,7.38,LC
2205982.62,9753,29.7274,BG
2205984.88,9751,4.6612,LC
2205988.51,9752,4.1642,LC
2206000.7,9751,4.2488,LC
2206044.08,9750,13.3702,LC
2206044.45,9752,8.1796,LC
2206048.17,9751,5.0615,LC
2206065.55,9753,32.8225,BG
2206075.75,9750,4.0651,LC
2206092.82,9752,5.1117,LC
2206098.3,9751,4.2465,LC
2206102.0,9750,4.4897,LC
2206118.24,9752,5.8978,LC
2206150.47,9751,8.1509,LC
2206150.55,9752,4.3423,LC
2206151.12,9750,7.799,LC
2206153.33,9753,37.5658,BG
2206169.55,9751,6.896,LC
2206182.07,9752,7.6829,LC
2206199.25,9750,9.0607,LC
2206208.9,9750,5.9862,LC
2206210.5,9751,12.4796,LC
2206211.34,9752,11.9933,LC
2206215.32,9750,4.1572,LC
2206224.63,9751,4.0186,LC
2206236.25,9753,27.1547,BG
2206242.15,9752,4.2278,LC
2206278.57,9750,10.1588,LC
2206289.06,9751,7.5448,LC
2206303.23,9752,4.1781,LC
2206314.21,9753,26.4829,BG
2206316.32,9750,4.1732,LC
2206334.34,9751,3.9543,LC
2206384.26,9752,5.5593,LC
2206391.05,9753,27.751,BG
2206396.65,9750,4.2428,LC
2206407.17,9751,3.9842,LC
2206448.2,9752,9.1721,LC
2206450.63,9750,7.3783,LC
2206458.88,9751,5.2632,LC
2206470.09,9753,28.9368,BG
2206494.29,9752,6.1667,LC
2206495.74,9750,5.2533,LC
2206536.21,9751,4.8735,LC
2206545.56,9753,25.2514,BG
2206550.21,9752,4.1241,LC
2206562.16,9750,4.089,LC
2206602.85,9751,7.3476,LC
2206622.96,9753,27.2738,BG
2206635.74,9752,4.5325,LC
2206641.15,9750,4.7672,LC
2206644.19,9751,4.2521,LC
2206674.09,9752,9.8564,LC
2206702.82,9750,3.9904,LC
2206708.73,9753,35.5997,BG
2206709.92,9751,8.3989,LC
2206710.44,9752,7.4626,LC
2206723.56,9750,4.4014,LC
2206743.41,9751,8.5297,LC
2206747.72,9752,7.8087,LC
2206772.86,9750,7.9878,LC
2206783.51,9751,7.672,LC
2206785.62,9752,6.0604,LC
2206799.84,9753,40.7067,BG
2206803.84,9750,4.088,LC
2206821.58,9751,7.6115,LC
2206826.95,9752,7.5734,LC
2206827.86,9750,6.5997,LC
2206850.66,9751,8.5785,LC
2206852.11,9752,8.0189,LC
2206872.12,9750,5.8882,LC
2206872.48,9752,6.1008,LC
2206877.59,9753,27.658,BG
2206887.72,9751,4.2788,LC
2206894.12,9750,4.2101,LC
2206915.62,9752,7.0543,LC
2206919.49,9751,6.5875,LC
2206938.48,9750,4.9352,LC
2206955.73,9753,27.5089,BG
2206964.42,9752,4.7649,LC
2207012.58,9751,9.5825,LC
2207014.26,9750,8.011,LC
2207034.81,9752,6.4388,LC
2207037.68,9751,5.3371,LC
2207048.15,9753,42.198,BG
2207057.11,9750,4.0673,LC
2207080.78,9752,10.8103,LC
2207086.99,9751,7.4053,LC
2207132.35,9753,33.5894,BG
2207177.09,9751,7.607,LC
2207177.16,9750,15.8257,LC
2207177.21,9752,11.0983,LC
2207182.93,9751,7.4184,LC
2207189.29,9750,6.315,LC
2207198.39,9751,4.079,LC
2207212.15,9753,29.0816,BG
2207213.3,9752,4.2488,LC
2207215.67,9750,4.0193,LC
2207241.9,9751,9.0734,LC
2207266.16,9752,13.167,LC
2207269.66,9750,11.143,LC
2207276.04,9751,6.5288,LC
2207286.49,9750,4.215,LC
2207292.96,9752,4.0295,LC
2207299.9,9753,33.4986,BG
2207346.92,9752,7.0561,LC
2207349.72,9750,12.3781,LC
2207350.33,9751,13.7676,LC
2207351.46,9751,7.6892,LC
2207366.99,9752,4.3019,LC
2207374.2,9753,24.0095,BG
2207419.89,9750,5.548,LC
2207446.09,9751,4.5512,LC
2207449.08,9753,24.4613,BG
2207457.25,9752,3.9287,LC
2207474.42,9750,4.9121,LC
2207475.7,9751,5.1833,LC
2207481.35,9752,5.3596,LC
2207493.6,9750,6.4467,LC
2207517.14,9751,9.9734,LC
2207518.9,9752,8.2985,LC
2207528.27,9750,4.1679,LC
2207531.45,9753,32.1658,BG
2207592.73,9751,11.2005,LC
2207595.12,9752,11.7289,LC
2207597.65,9750,7.1584,LC
2207604.98,9751,5.5886,LC
2207616.63,9752,8.3231,LC
2207617.46,9750,5.8985,LC
2207621.09,9751,4.4593,LC
2207623.76,9752,4.2371,LC
2207629.14,9753,46.9194,BG
2207653.82,9751,8.9756,LC
2207713.0,9753,33.5459,BG
2207715.23,9750,4.1567,LC
2207725.85,9752,4.3686,LC
2207729.95,9751,4.3898,LC
2207769.2,9750,8.663,LC
2207785.15,9752,4.1972,LC
2207794.56,9753,31.3939,BG
2207797.23,9751,4.0793,LC
2207819.36,9750,7.5161,LC
2207835.19,9752,8.619,LC
2207840.37,9751,9.6059,LC
2207854.95,9750,7.6791,LC
2207860.34,9752,6.6177,LC
2207861.5,9750,6.0883,LC
2207884.4,9751,5.0813,LC
2207887.42,9753,42.469,BG
2207896.9,9752,4.1822,LC
2207898.34,9750,4.2161,LC
2207916.92,9751,5.6015,LC
2207951.24,9752,10.7894,LC
2207970.9,9753,32.5548,BG
2207977.66,9750,4.1253,LC
2208012.91,9751,10.2398,LC
2208030.19,9752,9.0145,LC
2208057.99,9753,36.5879,BG
2208115.07,9750,11.4896,LC
2208140.8,9751,6.3826,LC
2208149.04,9753,40.7134,BG
2208216.7,9752,7.4451,LC
2208232.95,9753,33.5967,BG
2208270.19,9750,10.0039,LC
2208281.25,9751,7.566,LC
2208287.75,9752,5.9982,LC
2208312.16,9753,29.0452,BG
2208365.39,9750,11.4853,LC
2208393.39,9753,30.9325,BG
2208433.75,9751,10.1935,LC
2208474.86,9753,31.2964,BG
2208520.41,9752,10.095,LC
2208538.34,9750,6.7474,LC
2208554.41,9753,29.3783,BG
2208580.27,9751,8.9801,LC
2208610.09,9752,11.5049,LC
2208635.18,9753,29.8997,BG
2208667.04,9750,4.6277,LC
2208698.24,9751,8.075,LC
2208723.24,9753,37.697,BG
2208777.84,9752,8.7964,LC
2208791.74,9750,8.9655,LC
2208795.97,9751,6.672,LC
2208807.96,9753,33.967,BG
2208880.66,9752,8.2946,LC
2208897.28,9753,38.8955,BG
2208903.46,9750,4.4178,LC
2208904.38,9751,4.3821,LC
2208941.37,9752,7.9382,LC
2208970.51,9750,4.1541,LC
2208978.0,9753,30.1244,BG
2209013.49,9751,7.9232,LC
2209016.44,9752,6.8363,LC
2209059.36,9753,31.1618,BG
2209136.03,9750,6.0118,LC
2209145.73,9753,36.0171,BG
2209221.94,9753,26.1387,BG
2209307.73,9753,35.3113,BG
2209332.13,9751,6.8176,LC
2209335.79,9752,6.2622,LC
2209370.17,9750,7.8447,LC
2209388.81,9753,30.848,BG
2209414.3,9751,7.1112,LC
2209415.16,9752,7.4587,LC
2209475.6,9753,35.6865,BG
2209490.96,9750,5.3536,LC
2209506.13,9751,8.3481,LC
2209568.99,9753,42.9493,BG
2209588.5,9750,7.9144,LC
2209588.61,9752,9.3775,LC
2209606.33,9751,7.9436,LC
2209607.27,9752,7.3622,LC
2209627.12,9750,7.5496,LC
2209628.0,9751,7.5484,LC
2209632.01,9752,5.5358,LC
2209652.6,9753,33.5705,BG
2209684.87,9750,5.9687,LC
2209691.53,9751,6.9191,LC
2209698.09,9752,8.1446,LC
2209700.77,9750,7.0507,LC
2209716.43,9751,4.1225,LC
2209727.82,9753,25.1388,BG
2209740.06,9752,4.5658,LC
2209745.24,9750,4.4413,LC
2209753.35,9751,5.2034,LC
2209762.52,9752,6.3589,LC
2209780.54,9750,7.1144,LC
2209800.08,9751,6.6115,LC
2209808.3,9752,4.9728,LC
2209818.07,9753,39.913,BG
2209819.86,9750,4.4688,LC
2209842.35,9751,6.8277,LC
2209845.35,9752,7.2318,LC
2209846.61,9750,6.3663,LC
2209883.32,9751,6.3088,LC
2209897.45,9752,6.8661,LC
2209905.6,9753,37.2222,BG
2209916.72,9750,4.5744,LC
2209956.1,9751,5.5708,LC
2209959.16,9752,7.6585,LC
2209961.62,9750,8.1555,LC
2209977.06,9751,7.0529,LC
2209977.76,9752,6.0929,LC
2209987.83,9753,31.3338,BG
2209994.56,9750,4.0205,LC
2209997.62,9752,4.2044,LC
2210027.6,9751,7.1885,LC
2210031.04,9750,6.4863,LC
2210051.55,9752,5.6974,LC
2210066.24,9753,28.2577,BG
2210069.32,9751,4.6095,LC
2210073.53,9750,4.0264,LC
2210113.97,9752,6.9474,LC
2210124.28,9751,10.0129,LC
2210147.9,9753,30.3667,BG
2210160.75,9752,5.0277,LC
2210176.14,9750,6.478,LC
2210229.83,9751,4.267,LC
2210233.21,9752,4.7961,LC
2210238.71,9753,40.7812,BG
2210259.36,9750,6.0002,LC
2210272.79,9751,4.9977,LC
2210277.29,9752,4.8075,LC
2210313.1,9753,24.1579,BG
2210316.72,9751,4.2392,LC
2210318.75,9750,4.1578,LC
2210386.99,9753,23.4981,BG
2210415.29,9752,9.349,LC
2210475.81,9751,4.4107,LC
2210476.56,9753,39.4204,BG
2210478.72,9750,4.6982,LC
2210485.99,9752,4.5402,LC
2210510.93,9751,4.1289,LC
2210532.61,9750,4.1344,LC
2210550.88,9753,23.9191,BG
2210558.6,9752,4.166,LC
2210561.19,9751,4.407,LC
2210589.93,9750,5.7061,LC
2210608.75,9752,7.171,LC
2210622.58,9751,3.8894,LC
2210629.63,9753,28.35,BG
2210654.12,9750,6.015,LC
2210714.62,9752,4.1319,LC
2210716.41,9753,36.6869,BG
2210722.39,9751,4.0142,LC
2210743.76,9750,7.5125,LC
2210792.98,9753,26.2838,BG
2210871.66,9753,28.5934,BG
2210904.31,9752,5.1901,LC
2210947.56,9753,25.7155,BG
2210989.19,9751,9.0948,LC
2210996.86,9750,8.5669,LC
2211026.63,9753,28.8941,BG
2211051.12,9752,7.0895,LC
2211094.37,9751,6.3303,LC
2211110.54,9753,33.6139,BG
2211153.15,9750,7.1903,LC
2211171.53,9752,6.0229,LC
2211186.41,9751,3.9908,LC
2211188.81,9753,28.114,BG
2211217.61,9750,4.163,LC
2211220.32,9752,4.1465,LC
2211232.38,9751,6.275,LC
2211263.4,9750,4.0638,LC
2211273.86,9753,34.658,BG
2211323.41,9752,11.5564,LC
2211357.47,9751,7.2342,LC
2211370.89,9753,46.9247,BG
2211376.41,9750,4.3,LC
2211391.54,9752,5.8456,LC
2211435.31,9751,5.0872,LC
2211455.57,9753,34.5064,BG
2211486.28,9750,9.9539,LC
2211516.28,9751,11.167,LC
2211516.4,9752,9.942,LC
2211540.27,9753,32.9512,BG
2211551.08,9750,4.3257,LC
2211585.9,9752,10.3725,LC
2211622.72,9753,31.9794,BG
2211666.0,9751,9.1037,LC
2211694.2,9750,5.2978,LC
2211706.9,9753,33.4075,BG
2211794.64,9753,37.3028,BG
2211796.43,9752,4.2577,LC
2211810.1,9751,4.2171,LC
2211869.24,9753,24.463,BG
2211903.53,9750,8.7885,LC
2211911.38,9752,6.5805,LC
2211952.05,9753,32.5846,BG
2211992.09,9751,6.1255,LC
2212031.88,9753,29.595,BG
2212070.88,9750,10.1236,LC
2212116.56,9753,33.9624,BG
2212205.67,9753,38.7604,BG
2212250.29,9752,10.225,LC
2212276.98,9751,4.1512,LC
2212286.9,9753,30.8691,BG
2212363.22,9750,6.7938,LC
2212379.11,9753,42.1334,BG
2212442.56,9752,7.7896,LC
2212467.63,9753,38.1622,BG
2212554.18,9753,36.0403,BG
2212558.64,9751,4.0669,LC
2212562.68,9750,3.9552,LC
2212618.03,9752,9.0459,LC
2212636.75,9753,32.5085,BG
2212651.63,9751,5.7852,LC
2212700.54,9750,9.5249,LC
2212713.51,9752,5.6468,LC
2212723.82,9753,36.7703,BG
2212806.26,9753,32.0842,BG
2212880.36,9753,24.1077,BG
2212972.09,9753,41.3851,BG
2213060.74,9753,38.3301,BG
2213114.09,9751,11.302,LC
2213119.82,9750,13.2151,LC
2213121.66,9752,13.0223,LC
2213138.56,9753,27.383,BG
2213204.07,9751,7.602,LC
2213233.27,9753,44.296,BG
2213270.2,9750,10.1448,LC
2213280.27,9752,7.7125,LC
2213300.0,9751,5.4604,LC
2213312.98,9753,29.2859,BG
2213351.13,9750,9.7729,LC
2213364.5,9752,7.8767,LC
2213391.32,9753,28.305,BG
2213392.37,9751,4.2454,LC
2213476.19,9753,34.3574,BG
2213530.3,9750,10.5263,LC
2213563.8,9753,37.3799,BG
2213633.7,9752,7.8673,LC
2213654.19,9753,40.0748,BG
2213657.02,9751,3.9961,LC
2213675.51,9752,6.1885,LC
2213676.49,9750,8.6916,LC
2213737.9,9753,33.4233,BG
2213818.39,9753,29.9518,BG
2213906.83,9753,37.8501,BG
2213955.53,9751,10.1578,LC
2213962.13,9752,9.2316,LC
2213986.28,9750,4.1622,LC
2213989.69,9753,32.4991,BG
2214046.86,9751,8.7426,LC
2214071.96,9753,32.0251,BG
2214098.34,9752,6.0196,LC
2214138.47,9750,8.3612,LC
2214166.95,9753,44.7104,BG
2214204.57,9751,10.3915,LC
2214246.72,9752,4.0501,LC
2214251.41,9753,34.107,BG
2214262.51,9750,4.3366,LC
2214335.09,9751,5.1011,LC
2214338.15,9753,36.4155,BG
2214424.12,9753,34.2887,BG
2214494.2,9752,6.4021,LC
2214505.97,9753,31.6512,BG
2214515.91,9750,4.1213,LC
2214595.34,9753,38.8363,BG
2214631.71,9751,8.5516,LC
2214678.48,9753,32.9083,BG
2214703.55,9752,6.8934,LC
2214763.28,9753,34.2145,BG
2214847.68,9750,4.0802,LC
2214848.86,9753,35.1412,BG
2214855.85,9751,4.0765,LC
2214859.38,9752,4.4638,LC
2214882.0,9751,10.2259,LC
2214888.13,9750,10.1366,LC
2214890.86,9752,6.7832,LC
2214900.28,9751,6.4508,LC
2214918.62,9750,4.4667,LC
2214922.99,9753,23.753,BG
2214925.78,9752,4.0677,LC
2214933.49,9751,5.1071,LC
2214935.99,9750,5.6887,LC
2214936.3,9752,3.9956,LC
2214954.22,9751,4.0267,LC
2214985.51,9750,4.274,LC
2214998.97,9753,25.8113,BG
2215005.2,9752,4.222,LC
2215067.29,9751,4.0039,LC
2215077.46,9753,28.328,BG
2215079.79,9750,4.0925,LC
2215085.36,9752,3.8993,LC
2215106.61,9751,7.3197,LC
2215120.31,9750,7.2308,LC
2215136.87,9752,7.3256,LC
2215161.84,9753,33.8635,BG
2215187.44,9751,7.366,LC
2215192.63,9750,8.0693,LC
2215199.46,9752,6.877,LC
2215220.4,9750,7.163,LC
2215232.02,9752,6.0304,LC
2215233.4,9751,8.3517,LC
2215242.66,9753,30.8738,BG
2215251.89,9750,4.2263,LC
2215275.8,9751,4.1336,LC
2215315.74,9753,22.7239,BG
2215344.51,9752,8.6733,LC
2215350.67,9750,7.8013,LC
2215356.22,9751,5.9896,LC
2215380.19,9750,7.9084,LC
2215386.57,9751,4.2244,LC
2215394.03,9750,8.1863,LC
2215394.13,9752,7.4865,LC
2215394.23,9752,8.7371,LC
2215395.06,9751,4.4531,LC
2215396.32,9750,4.1334,LC
2215406.3,9753,40.4652,BG
2215420.26,9751,4.0039,LC
2215424.09,9752,3.973,LC
2215453.9,9751,10.4365,LC
2215459.62,9750,7.8483,LC
2215484.77,9753,28.3017,BG
2215523.66,9752,8.8896,LC
2215543.39,9751,10.926,LC
2215555.15,9750,11.366,LC
2215557.44,9752,9.1787,LC
2215569.48,9753,34.2936,BG
2215614.42,9751,10.4846,LC
2215650.12,9753,30.3406,BG
2215692.72,9750,10.8148,LC
2215722.46,9752,5.2836,LC
2215727.91,9751,4.1693,LC
2215732.57,9753,32.2209,BG
2215740.9,9750,4.3315,LC
2215741.77,9752,4.1268,LC
2215754.68,9751,4.5834,LC
2215780.45,9750,10.1968,LC
2215804.13,9752,4.5012,LC
2215804.18,9751,4.125,LC
2215812.42,9750,3.9304,LC
2215814.28,9753,31.4459,BG
2215821.49,9752,4.4286,LC
2215877.48,9751,7.9558,LC
2215887.51,9750,7.5004,LC
2215889.08,9752,6.6014,LC
2215906.23,9753,41.5202,BG
2215907.05,9751,5.6023,LC
2215909.82,9750,4.3164,LC
2215913.45,9752,4.0458,LC
2215967.39,9750,11.0097,LC
2215977.51,9751,5.9665,LC
2215990.63,9753,33.8463,BG
2216007.67,9752,4.0535,LC
2216031.18,9750,8.3278,LC
2216048.48,9751,9.7075,LC
2216059.73,9752,6.6035,LC
2216075.27,9753,33.8651,BG
2216103.9,9750,8.56,LC
2216106.76,9751,10.9674,LC
2216107.19,9752,9.695,LC
2216138.54,9750,8.0566,LC
2216159.7,9753,34.2332,BG
2216196.2,9751,9.3022,LC
2216212.58,9752,8.3641,LC
2216219.48,9750,6.9398,LC
2216228.05,9751,4.6643,LC
2216231.42,9752,4.2347,LC
2216243.22,9753,33.225,BG
2216263.03,9751,7.06,LC
2216272.31,9750,7.0047,LC
2216291.42,9752,7.8752,LC
2216305.57,9751,6.5227,LC
2216317.27,9750,4.1079,LC
2216327.37,9752,5.705,LC
2216330.55,9753,36.8642,BG
2216335.57,9751,4.3649,LC
2216347.64,9750,4.9299,LC
2216401.53,9752,7.1568,LC
2216403.62,9751,8.5957,LC
2216418.1,9750,4.326,LC
2216420.22,9753,38.9043,BG
2216480.15,9752,8.7025,LC
2216487.38,9751,7.0701,LC
2216506.67,9753,36.3078,BG
2216509.45,9750,4.6292,LC
2216529.55,9752,5.9508,LC
2216531.57,9751,6.8623,LC
2216566.03,9750,10.024,LC
2216590.39,9753,33.4676,BG
2216630.17,9752,9.9395,LC
2216655.91,9751,11.4899,LC
2216655.98,9750,5.5536,LC
2216662.27,9752,9.9637,LC
2216662.91,9751,6.3995,LC
2216672.8,9753,32.1755,BG
2216730.22,9750,10.2949,LC
2216744.64,9752,7.2814,LC
2216754.09,9751,4.9161,LC
2216763.57,9753,40.2387,BG
2216776.21,9750,5.6436,LC
2216850.33,9753,35.9012,BG
2216909.31,9752,13.061,LC
2216934.77,9753,34.3379,BG
2216953.93,9751,6.8002,LC
2216963.8,9750,7.2844,LC
2216995.02,9752,10.5283,LC
2217017.36,9753,32.3454,BG
2217101.84,9753,34.2897,BG
2217179.67,9751,7.0371,LC
2217197.86,9753,45.7297,BG
2217209.26,9750,7.0293,LC
2217290.9,9753,42.3737,BG
2217365.44,9752,4.1131,LC
2217375.26,9753,33.6209,BG
2217410.78,9751,8.7702,LC
2217458.96,9753,33.3065,BG
2217512.64,9750,12.0547,LC
2217515.03,9752,8.44,LC
2217543.34,9753,33.9286,BG
2217603.49,9751,12.4375,LC
2217633.86,9753,39.6496,BG
2217718.49,9753,33.9774,BG
2217795.39,9750,6.3769,LC
2217809.46,9753,39.7428,BG
2217853.9,9752,10.1879,LC
2217890.24,9753,30.4614,BG
2217893.36,9751,4.1855,LC
2217909.06,9750,6.8095,LC
2217973.37,9753,32.8568,BG
2217999.91,9752,9.0801,LC
2218004.95,9751,8.4262,LC
2218056.55,9753,32.7282,BG
2218100.75,9750,7.2238,LC
2218103.83,9752,6.1394,LC
2218130.12,9753,23.3572,BG
2218207.74,9751,4.1983,LC
2218214.23,9753,33.8265,BG
2218216.06,9750,4.4925,LC
2218225.37,9752,4.0574,LC
2218237.0,9751,4.5714,LC
2218287.23,9753,22.7142,BG
2218312.11,9750,7.5153,LC
2218364.99,9753,27.533,BG
2218397.69,9752,9.2145,LC
2218409.59,9751,7.4963,LC
2218445.16,9750,4.4688,LC
2218447.42,9753,32.0159,BG
2218463.8,9752,6.2826,LC
2218527.71,9753,30.1763,BG
2218622.13,9753,42.1227,BG
2218667.03,9751,7.5175,LC
2218674.86,9752,7.2623,LC
2218675.08,9750,9.9108,LC
2218704.24,9753,32.0377,BG
2218766.55,9751,8.2366,LC
2218793.89,9753,39.463,BG
2218817.1,9752,7.788,LC
2218819.85,9750,8.1732,LC
2218872.9,9751,4.2126,LC
2218877.33,9753,33.0515,BG
2218919.99,9752,10.0191,LC
2218957.89,9753,29.3707,BG
2218967.07,9750,4.4658,LC
2218970.69,9751,4.2647,LC
2218987.37,9750,6.8702,LC
2219006.65,9752,9.5031,LC
2219035.14,9753,26.7133,BG
2219101.53,9751,8.7157,LC
2219114.3,9750,4.0945,LC
2219119.23,9753,33.9555,BG
2219120.41,9752,4.2484,LC
2219145.62,9751,4.4639,LC
2219177.09,9750,8.4603,LC
2219200.39,9753,30.9168,BG
2219287.88,9753,37.3859,BG
2219339.53,9752,8.1765,LC
2219350.03,9751,6.4815,LC
2219359.18,9750,4.0854,LC
2219369.22,9753,30.8752,BG
2219452.14,9753,32.1335,BG
2219507.63,9752,9.6199,LC
2219539.94,9753,37.5227,BG
2219582.51,9751,8.0073,LC
2219620.55,9753,30.4131,BG
2219653.41,9750,8.3392,LC
2219681.32,9752,9.7538,LC
2219689.85,9751,11.1013,LC
2219707.64,9753,36.9358,BG
2219717.6,9750,4.3529,LC
2219741.51,9752,5.9805,LC
2219752.8,9751,8.1071,LC
2219771.88,9750,8.1078,LC
2219792.2,9753,34.4725,BG
2219822.56,9752,7.0514,LC
2219872.75,9753,30.1034,BG
2219920.53,9751,5.4067,LC
2219950.23,9753,27.2572,BG
2219959.65,9750,4.3845,LC
2220034.07,9753,33.576,BG
2220119.71,9753,35.4158,BG
2220123.85,9752,4.0257,LC
2220173.19,9750,7.22,LC
2220173.36,9751,10.8101,LC
2220200.16,9753,29.6772,BG
2220218.84,9752,5.3396,LC
2220257.25,9750,10.2135,LC
2220282.59,9753,32.2777,BG
2220294.22,9751,5.1582,LC
2220360.28,9752,6.2884,LC
2220370.42,9753,37.5566,BG
2220386.1,9750,8.8692,LC
2220455.65,9753,34.4498,BG
2220485.89,9751,8.6921,LC
2220538.49,9753,32.3684,BG
2220626.66,9753,37.7315,BG
2220634.13,9752,4.0756,LC
2220650.16,9750,7.3335,LC
2220699.15,9751,7.0473,LC
2220700.25,9752,7.0144,LC
2220704.57,9750,4.0532,LC
2220709.29,9753,32.1705,BG
2220742.2,9751,10.9425,LC
2220749.76,9752,7.3111,LC
2220775.79,9750,6.0897,LC
2220789.14,9753,29.5175,BG
2220795.61,9751,4.0371,LC
2220877.6,9753,38.4652,BG
2220960.57,9753,32.5818,BG
2220985.14,9752,7.1762,LC
2220990.19,9750,7.4121,LC
2221013.93,9751,6.1979,LC
2221045.62,9753,34.8507,BG
2221054.43,9752,4.2658,LC
2221064.18,9750,5.725,LC
2221115.63,9751,4.2365,LC
2221119.95,9752,4.0178,LC
2221120.42,9753,24.5525,BG
2221194.41,9750,11.845,LC
2221195.25,9751,9.3428,LC
2221205.12,9753,34.3456,BG
2221240.45,9752,8.631,LC
2221282.26,9753,26.9928,BG
2221352.69,9750,9.1721,LC
2221378.87,9753,46.3332,BG
2221403.23,9751,6.4494,LC
2221434.1,9752,8.825,LC
2221456.75,9753,27.5678,BG
2221524.51,9750,4.1258,LC
2221529.88,9753,22.9419,BG
2221592.1,9751,9.8114,LC
2221614.68,9753,34.2808,BG
2221680.1,9752,7.7145,LC
2221698.09,9753,32.6384,BG
2221786.16,9750,8.8054,LC
2221787.82,9751,6.5225,LC
2221788.25,9753,38.8359,BG
2221820.2,9752,9.2426,LC
2221850.19,9751,13.336,LC
2221851.16,9750,15.3396,LC
2221870.04,9753,31.3546,BG
2221895.62,9752,8.7151,LC
2221945.46,9750,7.2749,LC
2221957.45,9753,37.1316,BG
2221962.92,9751,4.0926,LC
2222032.83,9752,6.2867,LC
2222043.92,9753,36.0001,BG
2222049.87,9750,4.195,LC
2222097.68,9751,10.5758,LC
2222105.25,9752,6.1311,LC
2222129.14,9753,34.7694,BG
2222179.17,9750,9.7024,LC
2222196.04,9751,4.1833,LC
2222205.5,9753,26.2061,BG
2222225.2,9752,7.1107,LC
2222227.41,9750,5.978,LC
2222245.46,9751,9.1345,LC
2222246.45,9752,8.5668,LC
2222284.96,9753,29.3656,BG
2222345.76,9750,8.7637,LC
2222369.18,9753,33.6487,BG
2222386.23,9751,8.8158,LC
2222453.2,9753,33.4618,BG
2222544.74,9753,41.3234,BG
2222545.4,9752,4.3133,LC
2222619.14,9750,8.3184,LC
2222633.34,9753,38.0794,BG
2222699.92,9751,7.5851,LC
2222722.53,9753,38.9823,BG
2222726.8,9752,4.096,LC
2222801.56,9750,4.5091,LC
2222806.41,9753,33.5707,BG
2222811.2,9751,4.1087,LC
2222835.58,9752,9.1455,LC
2222836.11,9750,8.2068,LC
2222859.69,9751,9.6192,LC
2222886.76,9753,30.1019,BG
2222961.92,9752,5.7888,LC
2222969.79,9750,5.401,LC
2222974.75,9753,37.6329,BG
2222998.91,9752,7.9407,LC
2222999.17,9751,8.5526,LC
2223015.24,9750,8.6452,LC
2223056.44,9753,31.2519,BG
2223063.22,9752,4.1123,LC
2223068.52,9751,5.1665,LC
2223069.51,9750,4.219,LC
2223144.91,9753,38.1427,BG
2223227.95,9753,32.7841,BG
2223259.91,9752,9.122,LC
2223307.3,9753,29.1282,BG
2223322.67,9751,4.7342,LC
2223328.5,9750,4.4667,LC
2223354.24,9752,5.1498,LC
2223383.56,9753,26.1167,BG
2223444.28,9751,9.7804,LC
2223455.37,9750,5.5925,LC
2223459.15,9752,5.3106,LC
2223471.7,9753,37.6659,BG
2223482.31,9751,4.4043,LC
2223517.24,9750,9.4351,LC
2223553.43,9753,31.451,BG
2223561.74,9752,3.9586,LC
2223590.33,9751,9.5743,LC
2223606.57,9750,8.8199,LC
2223638.82,9753,35.1899,BG
2223688.77,9752,9.1133,LC
2223717.67,9753,28.5986,BG
2223785.41,9751,8.2603,LC
2223807.19,9753,39.1437,BG
2223846.59,9750,6.7262,LC
2223887.19,9753,29.6369,BG
2223901.64,9752,5.7047,LC
2223948.37,9751,6.6232,LC
2223970.09,9753,32.8125,BG
2224004.23,9750,7.936,LC
2224020.32,9752,7.3917,LC
2224047.09,9751,3.8627,LC
2224054.4,9753,34.2284,BG
2224087.3,9750,6.7312,LC
2224109.21,9752,9.0627,LC
2224133.55,9751,4.031,LC
2224136.53,9753,31.2828,BG
2224208.06,9750,7.0912,LC
2224220.91,9753,34.177,BG
2224232.09,9752,4.1078,LC
2224252.32,9751,6.9157,LC
2224254.3,9750,8.3851,LC
2224254.78,9752,6.4096,LC
2224292.13,9751,4.1728,LC
2224294.51,9750,4.2924,LC
2224300.18,9753,28.857,BG
2224300.65,9752,4.1277,LC
2224305.25,9751,4.1298,LC
2224306.76,9750,4.5189,LC
2224381.85,9752,7.4997,LC
2224384.24,9751,6.0043,LC
2224390.2,9750,4.2345,LC
2224393.44,9752,4.8567,LC
2224398.65,9751,4.6141,LC
2224398.79,9753,48.4266,BG
2224399.73,9750,4.3406,LC
2224406.19,9751,4.0819,LC
2224406.51,9752,6.0812,LC
2224409.04,9750,4.8154,LC
2224449.22,9751,9.178,LC
2224458.74,9752,4.2481,LC
2224464.26,9750,4.1059,LC
2224469.29,9751,4.0499,LC
2224475.9,9753,26.6679,BG
2224494.56,9752,7.1821,LC
2224517.95,9750,9.6709,LC
2224541.71,9751,6.1123,LC
2224544.47,9752,4.1223,LC
2224557.46,9753,30.9804,BG
2224603.34,9750,9.9947,LC
2224639.53,9751,4.2706,LC
2224641.17,9753,33.5738,BG
2224642.31,9752,4.0611,LC
2224670.36,9750,8.6228,LC
2224671.07,9751,8.2818,LC
2224724.95,9753,33.3916,BG
2224729.29,9752,4.423,LC
2224742.15,9750,4.7086,LC
2224747.0,9751,4.9718,LC
2224771.81,9750,9.1048,LC
2224771.92,9752,10.9581,LC
2224784.74,9751,7.3964,LC
2224802.8,9753,27.7056,BG
2224809.49,9750,4.1081,LC
2224829.5,9752,7.2727,LC
2224865.36,9751,10.2618,LC
2224865.45,9750,8.4551,LC
2224889.85,9752,6.4626,LC
2224898.29,9753,45.1845,BG
2224904.75,9751,4.1183,LC
2224920.75,9750,6.9378,LC
2224925.83,9752,6.7481,LC
2224934.72,9751,6.0913,LC
2224979.34,9753,30.7949,BG
2225017.55,9750,8.5724,LC
2225020.52,9752,8.4552,LC
2225052.41,9751,3.9339,LC
2225058.67,9750,5.7552,LC
2225060.08,9753,30.5228,BG
2225068.38,9752,3.9227,LC
2225081.38,9751,5.2816,LC
2225094.39,9750,6.2348,LC
2225100.27,9752,4.7245,LC
2225117.53,9751,4.5324,LC
2225131.86,9750,4.0749,LC
2225135.59,9753,25.2847,BG
2225139.67,9752,4.3536,LC
2225150.31,9751,4.3551,LC
2225206.97,9750,7.4132,LC
2225213.04,9752,4.5882,LC
2225220.7,9753,34.0389,BG
2225267.7,9751,9.4485,LC
2225275.18,9750,7.4089,LC
2225287.24,9751,4.7321,LC
2225300.65,9753,29.5267,BG
2225325.15,9752,8.7131,LC
2225344.41,9750,8.5641,LC
2225346.79,9751,7.9587,LC
2225356.15,9752,7.1853,LC
2225383.17,9753,32.3187,BG
2225450.14,9750,13.5792,LC
2225450.27,9751,8.8788,LC
2225450.84,9752,6.4018,LC
2225462.88,9753,28.5421,BG
2225498.1,9750,10.1495,LC
2225508.54,9751,7.5917,LC
2225516.43,9752,6.6931,LC
2225542.29,9753,29.207,BG
2225570.81,9750,10.1955,LC
2225575.31,9751,7.2382,LC
2225586.93,9752,7.6519,LC
2225608.77,9750,5.8022,LC
2225612.38,9751,4.0196,LC
2225618.1,9752,4.1731,LC
2225627.52,9753,34.8687,BG
2225636.37,9750,4.2104,LC
2225641.0,9751,4.144,LC
2225646.14,9752,3.9471,LC
2225660.24,9750,4.9764,LC
2225665.0,9751,4.325,LC
2225680.81,9752,7.2294,LC
2225688.25,9750,4.4802,LC
2225707.41,9753,29.8042,BG
2225738.78,9751,9.7322,LC
2225749.92,9752,6.9635,LC
2225777.17,9750,8.3983,LC
2225777.51,9751,6.703,LC
2225785.97,9753,28.1799,BG
