timestamp_ms,pid,scheduling_delay_ms,service_time_ms,total_latency_ms
5307732.03,17392,8.255,7.984,16.238
5307744.41,17394,0.231,8.419,8.65
5307785.4,17393,0.213,4.169,4.382
5307788.83,17392,1.049,4.719,5.768
5307794.43,17394,0.085,4.186,4.271
5307794.57,17393,0.097,6.233,6.329
5307809.35,17392,0.066,9.409,9.475
5307813.81,17394,1.366,6.744,8.11
5307848.31,17393,0.117,6.138,6.255
5307863.44,17392,0.071,4.599,4.67
5307868.76,17394,0.08,4.461,4.54
5307960.39,17392,0.1,7.202,7.302
5307961.36,17393,0.148,13.118,13.266
5307989.73,17394,0.25,14.084,14.334
5307994.41,17392,1.556,13.986,15.542
5308060.94,17393,0.167,13.918,14.085
5308065.39,17394,2.028,10.283,12.311
5308151.44,17392,0.229,17.654,17.883
5308163.03,17393,2.116,21.795,23.911
5308189.75,17394,2.04,18.59,20.63
5308195.28,17392,3.101,18.652,21.753
5308225.29,17393,0.343,12.974,13.317
5308240.71,17394,0.686,8.781,9.467
5308261.17,17392,0.135,20.042,20.177
5308276.51,17393,0.132,6.207,6.34
5308321.81,17394,3.932,22.69,26.622
5308353.46,17392,0.14,8.216,8.356
5308362.76,17393,0.132,4.183,4.315
5308382.73,17394,0.157,4.2,4.357
5308421.59,17392,1.545,7.973,9.519
5308463.68,17393,0.156,14.136,14.292
5308468.9,17394,0.663,17.104,17.767
5308469.91,17392,0.166,13.055,13.221
5308501.83,17393,0.208,5.955,6.163
5308527.1,17394,0.165,6.807,6.972
5308549.81,17392,0.212,4.122,4.334
5308595.94,17393,0.152,17.672,17.824
5308596.24,17394,0.184,11.305,11.489
5308635.77,17392,0.165,4.149,4.314
5308684.64,17393,0.168,9.338,9.506
5308709.09,17394,0.179,13.391,13.569
5308709.09,17392,0.173,5.864,6.036
5308724.89,17393,0.123,11.962,12.085
5308742.29,17394,0.239,8.963,9.202
5308748.65,17392,0.268,10.491,10.759
5308757.8,17393,0.199,4.243,4.443
5308787.7,17394,4.076,14.318,18.394
5308800.5,17392,1.778,12.246,14.024
5308807.44,17393,2.172,13.196,15.367
5308843.11,17394,0.83,4.185,5.015
5308853.11,17392,0.221,5.857,6.078
5308859.98,17393,0.468,9.168,9.637
5308924.87,17394,4.057,15.652,19.708
5308961.38,17392,0.552,6.636,7.188
5308984.09,17393,2.444,14.766,17.21
5308985.13,17394,1.28,9.748,11.028
5309020.89,17392,0.412,18.664,19.075
5309023.53,17393,1.428,18.629,20.057
5309041.08,17394,3.805,19.74,23.545
5309083.26,17392,1.729,17.558,19.287
5309083.54,17393,0.116,16.801,16.917
5309098.3,17394,0.377,6.501,6.878
5309158.84,17392,3.623,16.256,19.878
5309244.63,17393,0.209,16.498,16.707
5309285.79,17394,5.573,12.608,18.182
5309344.83,17392,0.249,6.555,6.805
5309350.99,17393,0.125,5.253,5.378
5309837.57,17394,3.289,4.178,7.467
5309853.93,17392,0.11,4.093,4.204
5309885.14,17393,0.11,8.014,8.124
5309916.54,17394,0.076,5.123,5.2
5310002.22,17392,1.304,5.998,7.302
5310044.96,17393,0.199,8.758,8.957
5310103.21,17394,0.511,7.982,8.492
5310103.41,17392,1.959,6.307,8.266
5310209.99,17393,0.176,4.061,4.237
5310237.65,17394,0.108,6.068,6.176
5310357.65,17392,0.165,4.396,4.56
5310537.23,17393,1.815,6.117,7.931
5310539.5,17394,2.06,4.397,6.457
5310616.17,17392,2.208,8.039,10.247
5310632.88,17393,0.149,4.081,4.231
5310946.56,17394,0.15,4.149,4.298
5311009.88,17392,0.117,8.521,8.638
5311194.16,17393,0.392,4.186,4.577
5311296.26,17394,0.139,6.317,6.456
5311403.64,17392,1.545,5.526,7.07
5311441.54,17393,1.343,4.014,5.357
5311471.4,17394,0.11,5.246,5.356
5311530.3,17392,0.16,4.31,4.469
5311556.09,17393,0.104,4.705,4.809
5311636.7,17394,0.096,4.539,4.635
5311656.04,17392,0.096,5.964,6.06
5311750.16,17393,0.127,5.81,5.937
5311751.5,17394,0.062,5.086,5.148
5311769.85,17392,0.094,8.184,8.277
5312178.3,17393,0.164,8.149,8.313
5312233.59,17394,0.177,6.515,6.693
5312311.51,17392,0.172,6.879,7.051
5312525.6,17393,0.156,7.992,8.148
5312693.28,17394,0.16,5.361,5.521
5312717.68,17392,0.136,6.087,6.223
5312896.75,17393,0.304,6.362,6.666
5312912.18,17394,1.667,8.04,9.707
5313189.52,17392,0.169,4.614,4.783
5313251.47,17393,0.173,9.977,10.149
5313265.55,17394,0.164,8.657,8.822
5313365.81,17392,0.151,4.014,4.165
5313372.58,17393,0.117,8.398,8.515
5313383.49,17394,0.151,6.252,6.403
5313385.78,17392,0.072,5.719,5.791
5313411.73,17393,0.111,10.382,10.493
5313419.82,17394,1.103,8.442,9.545
5313438.42,17393,0.084,14.291,14.375
5313447.28,17392,0.128,6.249,6.376
5313462.95,17394,0.149,7.101,7.25
5313469.2,17393,0.079,9.414,9.493
5313484.92,17392,3.401,16.761,20.162
5313502.23,17393,0.12,14.024,14.144
5313509.25,17394,4.665,22.052,26.717
5313519.68,17392,2.005,19.476,21.481
5313522.43,17393,0.105,16.24,16.345
5313522.96,17394,1.466,11.816,13.283
5313533.65,17392,0.279,13.055,13.334
5313608.44,17393,0.188,4.309,4.497
5313652.7,17393,1.142,12.397,13.539
5313676.36,17392,1.046,12.205,13.251
5313689.35,17394,0.184,5.224,5.407
5313708.63,17393,0.162,4.381,4.543
5313726.79,17392,0.186,7.491,7.677
5313753.77,17394,1.573,17.081,18.654
5313760.23,17393,0.106,20.112,20.218
5313770.13,17392,0.115,19.907,20.023
5313775.68,17394,3.423,15.153,18.576
5313783.65,17393,0.296,17.262,17.558
5313788.38,17392,2.233,18.086,20.319
5313858.05,17394,0.159,8.33,8.489
5313860.03,17393,0.106,7.162,7.268
5313891.98,17392,0.179,10.726,10.904
5313899.74,17394,2.668,11.985,14.653
5313992.35,17393,0.19,10.081,10.271
5314037.86,17392,0.466,4.182,4.649
5314050.17,17394,0.253,8.903,9.157
5314078.35,17393,0.186,5.072,5.258
5314083.74,17392,1.773,6.573,8.346
5314138.05,17393,0.137,4.207,4.344
5314158.08,17394,0.126,4.076,4.202
5314166.81,17392,0.088,8.644,8.732
5314188.78,17393,0.132,4.259,4.391
5314252.51,17394,0.171,8.096,8.267
5314283.26,17392,0.13,6.048,6.178
5314304.24,17393,0.089,7.135,7.224
5314313.36,17394,0.076,4.226,4.302
5314334.52,17392,0.078,7.396,7.473
5314395.37,17393,0.121,7.506,7.627
5314432.35,17394,0.126,6.624,6.75
5314467.82,17392,0.204,4.621,4.825
5314501.07,17393,0.097,14.368,14.465
5314501.35,17394,0.087,9.222,9.308
5314520.43,17392,1.955,8.445,10.399
5314528.87,17393,0.105,9.528,9.633
5314569.89,17392,0.112,3.95,4.062
5314574.56,17394,0.092,4.112,4.204
5314597.66,17393,0.074,6.026,6.1
5314612.69,17392,0.058,12.043,12.101
5314621.49,17394,0.073,7.107,7.179
5314668.68,17393,0.075,7.039,7.114
5314689.21,17394,0.054,4.007,4.061
5314691.09,17392,2.025,12.022,14.047
5314726.66,17393,0.067,4.034,4.101
5314759.8,17394,0.159,6.145,6.304
5314765.37,17392,0.081,6.2,6.281
5314876.79,17393,0.069,6.164,6.232
5314877.11,17394,0.161,8.407,8.568
5314897.0,17392,0.124,6.107,6.231
5314909.19,17393,0.092,5.033,5.125
5314922.59,17394,0.06,10.163,10.223
5314945.62,17392,0.124,8.22,8.344
5315044.63,17393,0.246,8.146,8.392
5315049.05,17394,0.077,10.881,10.958
5315094.23,17392,0.167,10.962,11.128
5315113.12,17393,0.191,12.046,12.237
5315147.47,17394,0.23,6.124,6.354
5315159.36,17392,0.207,9.321,9.528
5315225.84,17394,0.111,3.986,4.096
5315227.26,17393,0.178,13.039,13.217
5315237.58,17392,0.123,4.009,4.132
5315259.29,17394,0.111,4.098,4.209
5315262.63,17393,0.122,4.12,4.242
5315272.39,17392,0.076,7.031,7.107
5315307.8,17394,0.152,5.196,5.348
5315313.4,17393,1.92,7.291,9.21
5315323.56,17394,0.147,4.301,4.448
5315335.59,17392,0.929,12.462,13.39
5315360.26,17394,2.042,8.113,10.154
5315382.47,17393,0.159,4.218,4.377
5315388.63,17392,0.116,4.187,4.303
5315391.59,17394,0.08,4.149,4.229
5315460.45,17392,0.177,9.811,9.988
5315462.99,17393,0.082,7.862,7.944
5315479.6,17394,0.113,4.1,4.213
5315520.18,17392,2.102,10.016,12.117
5315544.14,17393,0.103,14.665,14.768
5315574.86,17394,3.959,8.744,12.703
5315645.26,17392,0.163,3.896,4.058
5315686.7,17393,0.168,7.169,7.336
5315727.07,17394,0.163,6.021,6.184
5315730.63,17392,2.163,8.196,10.359
5315763.73,17393,0.324,5.217,5.541
5315814.63,17394,0.141,9.298,9.439
5315817.38,17392,0.201,5.367,5.568
5315859.74,17393,0.176,5.62,5.796
5315904.43,17394,0.176,8.158,8.334
5315919.53,17392,0.249,8.423,8.673
5315936.88,17393,0.092,4.424,4.516
5315945.74,17394,0.14,9.544,9.684
5315948.83,17392,0.06,9.801,9.86
5315984.22,17393,2.457,4.038,6.496
5316010.4,17394,0.133,4.242,4.376
5316030.99,17393,0.096,4.057,4.154
5316033.42,17392,1.288,8.295,9.583
5316050.36,17394,0.111,8.068,8.179
5316056.12,17393,0.074,4.06,4.133
5316101.77,17392,0.174,5.133,5.307
5316128.29,17394,0.133,10.085,10.218
5316135.23,17393,0.106,8.029,8.135
5316153.91,17392,1.747,16.778,18.525
5316156.31,17394,2.024,11.187,13.211
5316157.15,17393,0.07,6.511,6.581
5316174.6,17392,0.141,9.191,9.331
5316186.18,17394,0.129,5.851,5.98
5316194.5,17393,0.097,4.463,4.56
5316226.85,17392,4.419,9.651,14.07
5316227.87,17394,4.139,8.679,12.817
5316247.71,17393,0.147,13.405,13.552
5316267.43,17394,1.164,8.232,9.396
5316333.48,17392,0.185,5.222,5.407
5316357.28,17393,0.174,6.01,6.183
5316388.11,17394,0.189,4.283,4.472
5316404.68,17392,0.166,7.822,7.989
5316414.98,17393,0.155,8.727,8.882
5316420.5,17394,0.076,10.325,10.401
5316426.88,17392,1.034,7.79,8.824
5316458.78,17393,0.159,4.091,4.25
5316475.67,17394,0.116,4.237,4.353
5316485.41,17392,0.142,6.332,6.474
5316486.6,17393,0.084,4.2,4.284
5316507.33,17394,0.111,9.704,9.815
5316599.87,17392,0.115,7.66,7.775
5316601.4,17393,0.151,12.17,12.322
5316652.23,17394,2.092,13.029,15.12
5316682.49,17392,0.16,4.897,5.057
5316763.99,17393,0.153,8.013,8.167
5316777.9,17394,0.181,4.212,4.393
5316831.02,17392,0.16,4.417,4.577
5316841.94,17394,0.086,9.207,9.293
5316844.05,17393,0.852,10.873,11.725
5316857.06,17392,0.129,7.17,7.298
5316859.47,17394,0.088,5.594,5.682
5316907.16,17393,0.216,8.337,8.553
5316915.57,17392,0.126,8.334,8.46
5316942.59,17394,0.127,7.877,8.004
5316949.0,17392,0.107,5.033,5.14
5316951.74,17393,0.335,11.006,11.341
5316977.06,17394,0.124,6.884,7.008
5316981.11,17392,2.745,10.294,13.039
5317008.98,17393,0.254,10.199,10.453
5317058.3,17394,0.173,6.46,6.632
5317061.68,17392,0.107,5.497,5.604
5317067.69,17394,0.198,4.063,4.261
5317137.06,17393,0.371,6.688,7.059
5317165.41,17392,0.348,4.356,4.704
5317227.58,17394,0.252,8.669,8.921
5317244.3,17393,0.248,8.651,8.899
5317269.56,17392,0.221,10.892,11.113
5317285.05,17394,0.16,7.139,7.299
5317337.73,17393,0.242,4.269,4.511
5317543.58,17392,0.167,5.747,5.915
5317890.44,17394,1.518,7.532,9.049
5317969.13,17393,2.172,9.004,11.177
5318053.76,17392,0.252,9.486,9.738
5318071.02,17394,0.16,9.577,9.737
5318109.32,17393,2.089,21.064,23.154
5318109.63,17392,2.162,19.462,21.624
5318197.83,17394,0.144,18.208,18.353
5318278.14,17393,0.13,4.314,4.444
5318388.54,17394,0.091,4.748,4.839
5318394.82,17392,0.144,13.726,13.87
5318400.98,17394,0.072,4.983,5.055
5318401.58,17393,2.458,5.706,8.165
5318410.7,17392,0.093,4.281,4.374
5318427.85,17394,0.093,13.532,13.625
5318562.7,17393,0.419,8.138,8.557
5318702.31,17392,0.248,4.388,4.636
5318797.65,17394,0.164,4.386,4.55
5318824.04,17393,0.11,12.822,12.932
5318951.75,17392,2.09,14.227,16.318
5318976.53,17394,0.149,4.264,4.413
5319004.41,17393,0.271,9.618,9.89
5319083.45,17392,1.077,8.304,9.381
5319096.09,17394,0.447,7.973,8.42
5319216.33,17393,2.121,9.109,11.23
5319230.48,17392,0.114,10.469,10.583
5319317.56,17394,1.095,12.169,13.264
5319379.3,17393,0.136,8.497,8.633
5319409.75,17392,0.112,4.237,4.35
5319538.8,17394,0.19,14.906,15.095
5319540.53,17393,2.755,13.246,16.001
5319579.01,17392,0.19,8.81,9.0
5319596.94,17393,0.15,4.872,5.023
5319597.06,17394,0.339,13.619,13.958
5319794.96,17392,0.235,9.74,9.974
5319974.07,17393,0.176,6.391,6.568
5320076.52,17394,0.237,8.187,8.424
5320168.08,17392,0.183,12.776,12.959
5320170.95,17393,2.17,10.551,12.722
5320204.12,17394,0.139,10.881,11.02
5320380.27,17392,0.185,4.243,4.428
5320390.28,17393,0.107,7.337,7.444
5320522.05,17394,0.142,5.59,5.731
5320620.76,17392,0.387,18.277,18.664
5320739.98,17393,0.206,4.75,4.955
5320752.35,17394,2.037,8.242,10.279
5320821.59,17392,0.194,19.954,20.148
5320827.89,17393,0.115,20.796,20.91
5320830.69,17394,3.269,12.026,15.295
5320855.76,17392,0.436,12.219,12.655
5320889.5,17393,0.155,4.714,4.87
5320924.56,17394,0.23,4.878,5.108
5320944.17,17392,0.164,7.259,7.423
5320997.36,17393,0.118,5.037,5.155
5321039.18,17394,0.92,12.143,13.062
5321050.53,17392,0.131,15.271,15.402
5321071.43,17393,2.053,15.306,17.359
5321078.29,17392,0.101,14.128,14.229
5321092.35,17394,0.094,10.973,11.066
5321099.31,17393,0.094,4.392,4.486
5321116.21,17392,0.078,10.255,10.333
5321160.14,17394,0.161,4.627,4.789
5321192.03,17393,3.735,13.178,16.912
5321201.14,17392,2.167,18.841,21.008
5321208.57,17394,2.029,16.314,18.343
5321227.81,17392,2.527,5.65,8.177
5321229.85,17393,4.187,8.708,12.895
5321269.68,17394,0.237,7.261,7.498
5321286.81,17393,0.155,8.479,8.634
5321287.0,17392,0.103,13.212,13.316
5321296.23,17394,0.107,14.074,14.182
5321299.39,17393,0.23,11.978,12.208
5321330.47,17392,0.116,12.071,12.187
5321330.54,17394,0.066,10.762,10.828
5321347.28,17393,0.227,9.955,10.182
5321370.79,17392,0.498,6.819,7.317
5321395.08,17394,0.127,12.527,12.654
5321409.95,17393,0.109,4.179,4.287
5321439.0,17392,0.095,4.335,4.429
5321485.06,17394,0.232,6.117,6.349
5321521.81,17393,0.113,8.492,8.605
5321528.3,17392,0.089,12.432,12.521
5321536.22,17394,0.08,14.224,14.304
5321561.93,17393,0.122,11.741,11.863
5321563.96,17392,0.104,6.253,6.357
5321578.82,17394,1.084,17.669,18.753
5321632.94,17393,0.131,9.44,9.571
5321703.13,17392,0.142,12.887,13.029
5321711.99,17394,0.248,14.608,14.857
5321741.89,17393,0.14,11.522,11.662
5321752.76,17392,0.115,13.818,13.933
5321822.92,17394,1.77,9.12,10.89
5321887.48,17393,0.26,11.937,12.196
5321928.87,17392,0.22,7.296,7.516
5321938.46,17394,1.123,8.298,9.422
5321968.09,17392,0.139,8.848,8.988
5321980.72,17393,0.133,6.312,6.445
5322002.62,17394,0.16,4.267,4.427
5322076.93,17392,0.204,14.771,14.975
5322094.86,17393,0.452,8.122,8.574
5322097.33,17394,1.858,6.247,8.105
5322161.35,17392,0.183,7.898,8.081
5322230.11,17393,0.279,14.525,14.804
5322247.66,17394,0.177,18.071,18.248
5322257.59,17392,0.177,9.816,9.993
5322267.8,17393,0.099,7.31,7.409
5322278.42,17394,0.109,4.664,4.774
5322302.82,17392,0.105,11.492,11.597
5322304.59,17393,0.106,11.254,11.36
5322316.57,17394,0.083,7.055,7.138
5322356.84,17392,0.123,9.673,9.796
5322384.62,17393,0.144,9.378,9.522
5322393.58,17394,0.211,8.471,8.681
5322430.05,17392,0.146,6.467,6.613
5322440.17,17393,2.073,13.031,15.104
5322453.39,17392,0.095,4.165,4.26
5322472.74,17394,0.13,4.864,4.994
5322484.49,17393,0.09,4.341,4.43
5322518.92,17392,0.116,5.138,5.254
5322552.78,17394,0.105,12.805,12.911
5322568.29,17393,0.101,4.893,4.995
5322599.64,17392,0.115,6.439,6.554
5322647.8,17394,1.08,22.454,23.535
5322661.39,17393,2.051,22.257,24.308
5322686.7,17392,0.164,7.854,8.017
5322735.55,17394,0.129,6.961,7.09
5322815.3,17393,0.136,4.1,4.236
5322828.51,17392,0.114,4.082,4.196
5322845.72,17394,0.151,6.093,6.244
5322855.5,17393,0.077,7.368,7.446
5322857.96,17392,0.054,6.105,6.159
5322884.47,17394,0.116,4.286,4.402
5322890.36,17393,0.083,4.042,4.125
5322931.82,17392,0.103,4.236,4.34
5322935.33,17394,0.087,4.147,4.233
5322980.37,17393,0.112,6.106,6.218
5323006.21,17392,1.783,4.076,5.858
5323020.9,17394,2.049,14.791,16.84
5323046.79,17393,0.096,4.139,4.235
5323065.01,17392,0.098,4.357,4.454
5323093.2,17394,0.08,12.075,12.155
5323120.14,17393,3.12,7.997,11.117
5323167.69,17394,0.116,4.155,4.271
5323167.98,17392,0.23,6.936,7.165
5323172.07,17393,0.067,5.064,5.131
5323194.08,17394,2.026,11.995,14.022
5323234.49,17392,0.15,6.229,6.379
5323237.16,17393,0.074,4.928,5.001
5323253.87,17394,0.109,4.421,4.53
5323263.32,17392,0.09,4.051,4.142
5323330.76,17393,0.092,4.204,4.296
5323337.2,17394,0.077,4.166,4.243
5323354.78,17392,0.088,4.282,4.37
5323427.84,17393,0.124,7.947,8.071
5323428.82,17394,0.159,5.672,5.831
5323437.57,17392,0.371,5.129,5.5
5323448.03,17393,0.481,7.842,8.324
5323594.52,17394,1.947,6.361,8.308
5323601.11,17392,0.12,4.004,4.124
5323694.63,17393,0.191,4.106,4.297
5323735.57,17394,0.11,10.387,10.498
5323798.29,17393,1.455,4.1,5.555
5323805.45,17392,0.132,17.221,17.353
5323805.75,17394,1.089,10.623,11.712
5323826.5,17393,0.118,8.942,9.06
5323838.48,17392,0.117,11.362,11.48
5323855.12,17394,0.108,9.952,10.06
5323878.84,17393,0.802,5.732,6.534
5323944.46,17392,0.163,11.066,11.228
5324207.95,17394,0.77,9.52,10.289
5324250.53,17393,0.503,13.08,13.583
5324259.38,17392,0.382,9.9,10.282
5324299.77,17394,0.395,4.333,4.728
5324311.69,17393,0.186,4.537,4.723
5324335.73,17392,0.152,14.435,14.588
5324467.94,17394,2.807,17.721,20.527
5324490.55,17393,0.166,6.107,6.273
5324523.2,17392,0.214,8.846,9.06
5324573.68,17394,0.747,8.417,9.165
5324743.65,17393,0.156,5.182,5.338
5324803.91,17392,0.167,16.374,16.541
5324815.32,17394,2.123,14.03,16.153
5324841.98,17392,2.04,5.85,7.889
5324894.04,17393,0.13,5.047,5.176
5325008.59,17394,3.707,14.459,18.166
5325135.09,17392,4.043,7.95,11.993
5325145.09,17393,0.099,7.929,8.028
5325148.18,17394,3.395,6.071,9.466
5325155.32,17392,0.084,4.054,4.138
5325179.33,17393,0.19,4.157,4.347
5325201.73,17394,0.107,6.017,6.124
5325268.41,17392,0.142,4.019,4.161
5325305.65,17393,4.038,11.527,15.565
5325332.54,17394,1.403,10.343,11.746
5325566.53,17392,1.776,10.252,12.028
5325630.86,17393,0.199,10.488,10.687
5325652.89,17394,0.118,8.493,8.611
5325735.47,17392,0.162,6.477,6.639
5325765.94,17393,0.189,10.236,10.426
5325772.75,17394,0.155,11.522,11.677
5325807.29,17392,0.134,9.061,9.195
5325810.27,17393,0.124,7.181,7.305
5325902.57,17394,0.145,4.79,4.935
5325905.39,17392,0.09,6.237,6.327
5325971.33,17393,0.183,22.301,22.485
5326174.73,17392,0.181,8.305,8.487
5326175.8,17394,1.087,9.837,10.924
5326191.62,17393,0.148,6.266,6.415
5326229.19,17394,2.846,8.229,11.075
5326251.24,17392,0.186,6.144,6.33
5326357.63,17393,0.181,6.692,6.872
5326447.65,17394,0.25,6.011,6.262
5326602.07,17392,0.171,4.369,4.54
5326631.66,17393,0.493,8.517,9.01
5326763.51,17394,0.169,4.986,5.155
5326851.83,17392,0.152,4.116,4.269
5327073.86,17393,4.055,19.645,23.7
5327117.56,17394,2.129,6.432,8.561
5327119.41,17392,0.178,5.061,5.239
5327180.86,17393,0.194,8.546,8.74
5327188.56,17394,0.176,7.382,7.558
5327218.7,17392,0.168,7.542,7.709
5327309.55,17393,0.16,7.146,7.307
5327432.6,17394,0.157,3.974,4.132
5327469.94,17392,0.172,4.766,4.938
5327687.76,17393,1.325,8.583,9.908
5327727.0,17394,2.223,9.666,11.889
5327788.06,17392,0.151,6.326,6.478
5327809.29,17393,0.131,9.05,9.181
5327827.25,17394,0.132,10.408,10.54
5327838.29,17392,0.129,5.5,5.63
5327853.48,17393,0.124,7.17,7.294
5327855.82,17394,0.094,4.117,4.211
5327915.21,17393,1.798,8.05,9.848
5327918.96,17392,0.148,6.167,6.315
5327943.56,17394,0.193,4.375,4.568
5328039.04,17393,0.159,5.082,5.241
5328060.84,17392,0.137,7.624,7.762
5328067.28,17394,1.548,9.152,10.7
5328102.72,17393,1.838,7.513,9.35
5328145.9,17392,0.158,6.122,6.28
5328181.17,17394,0.189,8.475,8.664
5328194.53,17393,0.452,6.998,7.449
5328208.44,17392,0.135,4.118,4.254
5328220.54,17394,0.11,6.051,6.162
5328289.32,17393,0.15,8.45,8.6
5328292.96,17392,0.093,5.69,5.783
5328337.57,17394,0.146,8.513,8.659
5328344.45,17393,0.112,7.273,7.385
5328422.5,17392,0.148,6.128,6.276
5328435.31,17394,0.108,7.422,7.53
5328485.49,17393,0.233,8.714,8.947
5328486.49,17392,0.102,8.037,8.139
5328488.35,17394,0.063,8.193,8.256
5328491.24,17392,0.547,4.633,5.179
5328494.04,17393,3.674,8.418,12.092
5328506.16,17394,0.113,12.017,12.13
5328507.05,17392,0.06,8.941,9.001
5328507.4,17393,0.542,7.283,7.825
5328524.3,17394,0.1,7.846,7.947
5328557.52,17393,0.173,4.234,4.406
5328620.38,17392,0.173,11.993,12.166
5328620.98,17394,0.113,8.768,8.881
5328649.85,17393,0.357,4.388,4.744
5328663.72,17392,0.098,11.642,11.74
5328665.26,17393,0.11,6.951,7.061
5328667.78,17394,0.074,12.815,12.89
5328673.2,17392,1.791,9.331,11.123
5328673.71,17393,2.651,8.32,10.971
5328682.57,17394,0.123,4.791,4.915
5328706.15,17393,0.175,6.096,6.271
5328729.66,17392,0.188,4.22,4.408
5328765.84,17394,0.213,7.516,7.729
5328798.9,17392,0.085,8.343,8.429
5328803.14,17393,0.209,13.221,13.43
5328807.71,17394,0.09,11.047,11.137
5328809.26,17392,0.923,10.187,11.111
5328813.58,17393,0.164,8.476,8.639
5328817.92,17394,0.688,4.138,4.827
5328829.11,17392,1.652,10.975,12.628
5328837.56,17393,0.287,12.894,13.182
5328942.67,17392,1.07,6.473,7.543
5328945.83,17394,0.204,11.427,11.632
5328956.25,17393,1.093,7.025,8.118
5328975.23,17392,0.179,15.434,15.613
5329022.53,17394,0.172,9.22,9.392
5329055.89,17393,0.179,6.601,6.78
5329061.6,17392,0.697,6.336,7.033
5329061.87,17393,0.124,4.224,4.348
5329075.83,17394,0.419,4.422,4.842
5329088.9,17392,0.127,12.067,12.194
5329092.21,17393,0.167,7.222,7.389
5329122.45,17394,0.146,4.215,4.361
5329149.64,17393,0.108,4.267,4.375
5329151.41,17392,0.066,4.281,4.348
5329171.24,17394,0.112,4.702,4.815
5329175.48,17393,1.4,4.023,5.423
5329226.18,17392,0.157,12.142,12.299
5329226.34,17394,0.089,6.168,6.257
5329238.74,17393,0.106,8.658,8.764
5329240.61,17392,0.059,8.49,8.549
5329274.71,17394,1.068,8.446,9.514
5329284.69,17393,0.148,4.458,4.605
5329334.32,17392,0.151,4.114,4.265
5329340.76,17394,0.113,9.227,9.34
5329349.46,17393,0.747,6.456,7.203
5329379.98,17392,0.136,7.761,7.897
5329383.62,17394,0.173,4.369,4.542
5329407.61,17393,0.103,7.435,7.538
5329416.08,17392,0.068,10.64,10.709
5329420.49,17394,0.071,8.367,8.438
5329446.25,17393,0.089,4.113,4.202
5329466.46,17392,0.119,4.152,4.271
5329477.14,17394,0.079,5.998,6.077
5329485.2,17393,0.078,5.07,5.147
5329497.15,17392,0.057,11.049,11.106
5329517.69,17394,0.193,4.39,4.584
5329541.78,17393,0.106,4.021,4.127
5329583.45,17392,0.122,4.052,4.173
5329624.32,17394,0.094,7.996,8.091
5329662.58,17393,0.097,4.121,4.218
5329673.12,17392,0.083,4.097,4.18
5329739.11,17394,1.034,12.017,13.05
5329741.54,17393,1.154,6.473,7.627
5329746.71,17392,0.076,4.078,4.154
5329769.69,17394,0.089,4.633,4.723
5329787.38,17393,0.1,9.187,9.287
5329796.18,17392,2.027,9.099,11.127
5329807.0,17394,1.996,5.931,7.927
5329817.45,17393,0.06,9.064,9.124
5329834.2,17392,0.08,5.546,5.625
5329858.94,17394,0.086,6.041,6.127
5329927.0,17392,0.087,5.733,5.82
5329927.74,17393,0.123,7.302,7.425
5330127.32,17394,0.154,7.975,8.13
5330144.72,17392,0.11,4.063,4.173
5330189.32,17393,4.067,12.158,16.225
5330240.23,17394,0.17,6.338,6.508
5330427.32,17392,0.161,6.052,6.213
5330449.38,17393,0.109,10.201,10.31
5330618.26,17394,2.201,8.086,10.287
5330872.3,17392,0.184,9.427,9.61
5331146.25,17393,0.135,8.019,8.154
5331222.79,17394,0.164,7.074,7.238
5331298.53,17392,0.159,12.589,12.748
5331358.83,17393,0.15,6.178,6.328
5331402.82,17394,1.04,8.709,9.749
5331457.5,17392,0.77,18.076,18.845
5331459.52,17393,0.233,16.127,16.36
5331503.4,17394,2.052,11.234,13.286
5331518.18,17392,0.114,12.965,13.079
5331536.84,17393,0.123,5.064,5.186
5331624.27,17394,0.122,4.556,4.678
5331638.84,17392,0.108,5.554,5.661
5331707.1,17393,0.161,5.073,5.234
5331724.04,17394,0.108,8.512,8.619
5331851.96,17392,0.161,4.524,4.685
5331894.71,17393,0.164,8.398,8.562
5331943.68,17394,0.157,4.425,4.582
5331959.06,17392,0.095,11.471,11.567
5332087.61,17393,0.945,9.447,10.392
5332115.41,17394,1.411,6.305,7.717
5332153.67,17392,2.008,6.557,8.565
5332253.63,17393,0.218,5.47,5.687
5332288.86,17394,1.046,9.707,10.753
5332319.52,17392,0.164,7.156,7.32
5332394.58,17393,1.095,5.389,6.484
5332454.23,17394,0.14,4.637,4.777
5332468.33,17392,0.107,6.139,6.246
5332568.95,17393,1.964,8.72,10.684
5332610.94,17394,0.173,3.927,4.1
5332647.83,17392,0.14,4.649,4.789
5332689.76,17393,0.128,4.607,4.736
5332841.31,17394,0.186,5.464,5.65
5332869.54,17392,0.167,4.155,4.322
5332885.67,17393,0.114,7.055,7.169
5333001.84,17394,0.171,4.519,4.69
5333022.64,17392,0.105,4.462,4.567
5333079.66,17393,0.144,4.818,4.962
5333226.67,17394,0.183,8.413,8.596
5333251.69,17392,0.493,4.279,4.772
5333329.85,17393,0.127,8.656,8.783
5333468.48,17394,0.141,4.299,4.44
5333492.28,17392,1.362,6.114,7.476
5333508.44,17393,0.104,4.04,4.144
5333605.16,17394,0.123,7.939,8.062
5333679.28,17392,0.146,9.049,9.196
5333739.4,17393,0.1,4.232,4.332
5333859.96,17394,0.152,3.975,4.127
5333872.0,17392,0.877,5.827,6.705
5333882.56,17393,0.113,4.348,4.461
5333929.14,17394,0.741,8.025,8.766
5334000.82,17392,0.091,6.22,6.311
5334220.33,17393,0.142,8.102,8.244
5334612.91,17394,0.187,9.015,9.202
5334752.71,17392,0.183,6.816,6.998
5334940.56,17393,0.253,4.279,4.532
5334973.23,17394,0.249,9.293,9.542
5335353.21,17392,2.119,4.029,6.148
5335357.6,17393,0.082,4.265,4.347
5335374.9,17394,0.148,5.748,5.896
5335568.45,17392,0.141,6.089,6.23
5335609.04,17393,0.143,6.944,7.087
5335805.24,17394,0.16,5.128,5.288
5335842.49,17392,0.153,3.949,4.103
5335912.15,17393,0.162,8.024,8.186
5335915.29,17394,0.078,5.898,5.976
5336083.84,17392,0.133,7.101,7.234
5336182.38,17393,0.158,9.126,9.284
5336285.39,17394,0.146,4.153,4.299
5336364.4,17392,0.147,4.111,4.258
5336375.19,17393,0.184,4.865,5.049
5336415.59,17394,0.132,6.378,6.51
5336438.06,17392,0.148,4.018,4.166
5336459.6,17393,0.178,7.801,7.979
5336541.74,17394,0.118,4.138,4.256
5336582.75,17392,0.136,4.13,4.266
5336653.18,17393,0.139,6.964,7.103
5336724.56,17394,0.145,4.103,4.248
5336755.37,17392,2.082,5.209,7.291
5336790.0,17393,0.124,4.09,4.215
5336799.2,17394,0.1,4.241,4.341
5336980.74,17392,2.527,7.62,10.147
5337013.62,17393,0.127,4.097,4.224
5337052.24,17394,0.133,9.019,9.151
5337130.32,17392,0.205,7.328,7.533
5337223.05,17393,1.343,9.885,11.228
5337241.28,17394,0.11,6.093,6.204
5337263.71,17392,0.142,4.389,4.531
5337429.66,17393,0.149,4.01,4.159
5337473.14,17394,0.119,7.962,8.081
5337478.53,17392,0.075,5.511,5.586
5337492.96,17394,0.113,6.739,6.852
5337501.99,17393,0.084,4.847,4.932
5337506.56,17392,1.042,4.478,5.52
5337521.6,17394,0.09,6.257,6.348
5337732.3,17393,0.21,8.484,8.694
5338035.94,17392,0.148,5.713,5.861
5338046.79,17394,0.126,7.592,7.718
5338058.21,17393,0.107,8.394,8.501
5338212.53,17392,0.148,4.564,4.711
5338253.99,17394,0.18,6.528,6.708
5338296.95,17393,0.191,8.034,8.225
5338310.18,17392,0.107,4.778,4.885
5338317.1,17394,0.071,8.866,8.937
5338395.98,17392,0.156,8.513,8.669
5338532.51,17393,0.514,17.186,17.7
5338610.57,17394,0.209,8.102,8.311
5338668.99,17392,0.124,5.54,5.663
5338782.56,17393,2.269,8.404,10.673
5338804.45,17394,0.195,4.176,4.371
5338877.49,17392,0.144,4.28,4.424
5338882.66,17393,0.076,7.515,7.591
5339094.87,17394,1.327,5.229,6.556
5339164.97,17392,0.139,4.037,4.176
5339178.19,17393,0.139,4.145,4.284
5339188.32,17394,0.113,8.136,8.249
5339208.36,17392,2.044,10.252,12.296
5339238.31,17393,0.148,11.074,11.223
5339249.5,17394,0.13,6.178,6.308
5339268.15,17392,0.15,3.978,4.129
5339273.23,17393,0.082,4.274,4.356
5339322.73,17394,0.148,8.491,8.639
5339339.16,17392,5.463,14.007,19.47
5339343.24,17393,3.054,14.141,17.195
5339357.33,17394,0.098,6.174,6.271
5339361.29,17392,0.179,4.063,4.243
5339386.17,17393,0.16,4.114,4.274
5339424.43,17394,0.1,8.266,8.366
5339438.78,17392,2.612,14.108,16.719
5339441.42,17394,0.111,6.258,6.369
5339443.16,17393,3.506,15.052,18.559
5339460.52,17392,0.97,4.049,5.019
5339551.28,17394,0.16,8.116,8.276
5339553.31,17393,0.16,4.075,4.235
5339607.91,17392,0.214,9.307,9.521
5339626.77,17394,2.037,5.653,7.691
5339656.25,17392,2.487,6.08,8.567
5339656.86,17393,1.062,8.711,9.773
5339670.11,17394,0.128,8.911,9.039
5339708.85,17393,0.077,4.023,4.101
5339711.77,17392,0.133,9.528,9.662
5339749.32,17394,0.158,4.067,4.225
5339760.65,17393,0.187,9.116,9.304
5339793.46,17392,0.115,9.41,9.524
5339817.42,17394,2.031,6.303,8.334
5339820.42,17393,0.52,5.841,6.361
5339842.07,17392,0.123,5.515,5.638
5339909.02,17394,0.186,4.123,4.309
5339914.45,17393,0.095,4.193,4.288
5339933.21,17392,0.137,4.161,4.298
5339941.98,17393,0.081,5.174,5.255
5339949.26,17394,0.119,15.342,15.461
5339955.03,17392,0.066,10.033,10.099
5339975.73,17393,1.734,7.622,9.357
5340004.92,17394,0.1,7.745,7.845
5340033.72,17392,0.116,4.022,4.137
5340069.82,17393,1.811,3.949,5.761
5340081.86,17394,0.073,4.492,4.565
5340103.98,17392,0.09,3.995,4.086
5340124.71,17393,0.117,10.326,10.443
5340167.38,17394,1.503,6.145,7.648
5340169.71,17392,0.082,4.543,4.624
5340195.44,17393,0.107,6.324,6.432
5340203.7,17394,0.075,8.493,8.568
5340219.88,17393,0.124,9.323,9.447
5340234.68,17392,0.146,4.577,4.723
5340285.94,17394,0.119,6.178,6.296
5340298.18,17393,1.267,4.069,5.336
5340332.51,17392,0.152,4.509,4.662
5340390.78,17394,0.122,4.19,4.313
5340404.39,17393,0.104,4.451,4.555
5340590.09,17392,0.317,7.649,7.966
5340716.3,17394,0.159,11.0,11.159
5340745.83,17393,0.167,4.385,4.552
5340803.21,17392,0.483,11.304,11.787
5340832.32,17394,0.388,12.448,12.835
5340912.53,17393,0.152,6.187,6.34
5340939.37,17392,0.14,4.033,4.173
5340969.53,17394,0.145,4.44,4.585
5341000.35,17393,0.121,6.163,6.285
5341042.8,17392,0.126,5.08,5.206
5341061.76,17394,0.183,5.438,5.62
5341088.41,17393,0.157,7.184,7.341
5341111.05,17392,2.992,14.875,17.867
5341150.29,17394,0.389,4.317,4.706
5341180.58,17393,0.159,8.9,9.059
5341194.17,17392,0.119,17.903,18.022
5341199.76,17394,0.16,16.662,16.822
5341206.15,17393,0.147,12.823,12.969
5341215.14,17392,0.867,15.065,15.932
5341219.6,17394,0.118,10.414,10.532
5341256.04,17393,0.209,5.821,6.03
5341267.73,17392,0.209,4.356,4.565
5341316.81,17394,0.164,9.001,9.165
5341333.18,17393,1.835,12.455,14.29
5341341.07,17392,0.19,5.828,6.018
5341348.63,17394,0.14,5.515,5.655
5341355.73,17393,0.183,7.313,7.496
5341358.63,17392,0.098,8.909,9.007
5341359.63,17394,0.054,7.392,7.447
5341388.54,17393,0.614,5.375,5.989
5341420.9,17392,0.248,8.681,8.93
5341421.62,17394,0.132,7.154,7.286
5341427.46,17392,0.12,5.558,5.679
5341429.74,17393,1.234,7.861,9.094
5341455.68,17394,0.178,9.92,10.098
5341520.66,17392,0.199,4.353,4.552
5341562.71,17393,3.272,16.482,19.754
5341568.69,17394,0.482,10.264,10.746
5341580.27,17392,0.162,12.76,12.922
5341595.67,17393,0.15,12.731,12.88
5341596.19,17394,0.143,9.986,10.128
5341619.55,17392,2.588,9.261,11.849
5341631.27,17393,2.044,10.095,12.139
5341645.87,17394,0.176,11.576,11.752
5341663.78,17392,0.838,8.752,9.59
5341680.54,17394,0.091,9.252,9.344
5341684.74,17393,2.569,15.086,17.655
5341723.49,17392,0.171,5.408,5.579
5341732.1,17394,0.132,5.875,6.006
5341803.8,17393,2.021,12.671,14.692
5341833.31,17392,1.186,9.127,10.312
5341863.3,17394,0.199,6.949,7.148
5341915.21,17393,0.166,11.073,11.239
5341934.34,17392,2.825,10.142,12.967
5341943.7,17394,0.116,6.364,6.481
5341965.7,17393,0.12,4.407,4.528
5341969.55,17392,0.355,4.029,4.384
5342016.45,17393,0.114,12.172,12.286
5342036.72,17394,0.114,11.15,11.263
5342039.99,17392,0.07,10.611,10.681
5342043.24,17393,0.061,5.908,5.97
5342049.92,17394,0.727,4.14,4.867
5342115.62,17392,0.144,16.503,16.647
5342132.17,17393,0.129,8.231,8.36
5342143.42,17394,0.097,14.119,14.217
5342145.91,17392,1.036,8.817,9.853
5342158.86,17393,0.109,4.251,4.36
5342182.57,17394,0.225,4.19,4.415
5342209.8,17392,0.156,4.074,4.23
5342275.27,17393,0.161,9.011,9.172
5342285.25,17394,0.149,4.014,4.162
5342293.64,17392,0.097,4.455,4.552
5342351.5,17393,0.193,4.398,4.591
5342369.96,17394,0.169,6.689,6.858
5342373.05,17392,0.083,5.89,5.973
5342387.27,17393,0.106,11.428,11.534
5342390.95,17394,1.034,8.834,9.868
5342406.58,17392,1.043,8.434,9.476
5342417.46,17393,0.106,12.26,12.366
5342459.91,17392,0.22,4.373,4.593
5342485.75,17394,0.2,6.167,6.368
5342540.96,17393,0.186,12.016,12.202
5342549.9,17392,0.131,8.669,8.8
5342557.04,17393,0.124,9.918,10.042
5342630.34,17394,0.412,5.536,5.948
5342726.7,17392,0.244,10.85,11.095
5342738.72,17393,0.142,8.985,9.127
5342760.12,17394,0.173,4.642,4.815
5342765.81,17392,0.135,5.446,5.58
5342773.8,17394,0.217,4.485,4.702
5342787.65,17393,0.148,8.275,8.424
5342788.25,17392,0.093,6.908,7.001
5342792.86,17394,0.079,4.415,4.494
5342806.65,17393,0.088,11.643,11.731
5342810.59,17392,0.057,13.347,13.404
5342890.12,17394,0.154,9.84,9.994
5342919.94,17392,0.108,7.171,7.278
5342922.17,17393,0.123,13.89,14.012
5342924.27,17394,0.076,9.127,9.203
5342956.58,17393,0.12,4.627,4.747
5342968.3,17392,0.114,4.118,4.232
5342982.41,17394,2.157,6.263,8.42
5343010.24,17393,0.111,3.927,4.038
5343061.23,17392,2.211,12.084,14.296
5343093.6,17394,0.145,4.257,4.401
5343108.44,17393,0.119,4.16,4.279
5343146.57,17392,1.038,14.427,15.465
5343165.49,17394,1.119,12.366,13.484
5343176.26,17393,2.194,7.027,9.221
5343267.5,17392,0.16,4.243,4.403
5343273.95,17394,0.961,7.806,8.767
5343348.32,17392,0.141,8.075,8.216
5343358.95,17393,0.115,7.767,7.882
5343367.7,17394,0.107,5.383,5.49
5343387.56,17392,0.842,4.269,5.111
5343438.4,17393,0.238,3.898,4.136
5343444.25,17394,0.066,8.078,8.145
5343450.14,17392,0.089,7.999,8.088
5343479.26,17393,0.083,8.119,8.202
5343484.67,17394,0.071,6.073,6.144
5343545.08,17393,0.086,4.217,4.303
5343604.92,17392,0.096,6.188,6.285
5343643.99,17394,0.811,7.869,8.68
5343656.2,17393,1.514,7.97,9.483
5343676.83,17392,0.115,5.545,5.661
5343683.89,17394,0.915,6.928,7.843
5343694.47,17393,0.08,4.039,4.12
5343721.48,17392,0.076,4.357,4.434
5343736.29,17394,0.072,5.171,5.243
5343745.08,17393,0.061,5.974,6.035
5343766.2,17392,0.076,4.076,4.153
5343780.25,17394,0.08,4.141,4.221
5343827.44,17392,0.072,6.082,6.154
5343827.6,17393,0.094,11.597,11.691
5343841.28,17394,0.071,7.159,7.23
5343858.62,17392,0.072,7.195,7.267
5343882.94,17393,0.076,4.134,4.21
5344007.47,17394,0.123,4.281,4.404
5344244.32,17392,0.168,4.152,4.32
5344255.67,17393,0.094,4.41,4.504
5344261.71,17394,0.094,4.89,4.985
5344451.65,17392,0.129,10.214,10.344
5344458.14,17393,0.116,8.848,8.964
5344458.64,17394,0.073,5.943,6.015
5344555.11,17392,0.115,7.922,8.037
5344560.09,17393,0.131,4.773,4.904
5344599.81,17392,0.072,3.959,4.03
5344600.81,17394,0.099,6.029,6.129
5344628.18,17393,0.072,8.342,8.414
5344637.16,17392,0.061,11.054,11.114
5344665.88,17394,0.094,6.05,6.144
5344684.83,17393,0.102,3.96,4.062
5344712.34,17392,0.094,4.978,5.072
5344780.83,17394,0.101,6.029,6.131
5344800.59,17393,0.099,9.124,9.223
5344811.16,17392,0.067,13.05,13.117
5344839.43,17394,1.028,14.354,15.381
5344860.11,17393,0.079,6.111,6.19
5344864.51,17392,0.074,4.21,4.284
5344883.0,17394,0.133,4.069,4.202
5344901.98,17393,0.08,7.004,7.084
5344948.91,17392,0.098,3.959,4.057
5344996.83,17392,2.096,7.637,9.733
5345003.58,17393,0.108,4.054,4.162
5345045.4,17392,0.63,4.194,4.824
5345055.2,17394,2.092,14.084,16.176
5345059.43,17393,2.215,8.278,10.493
5345106.08,17392,0.142,4.02,4.162
5345152.9,17394,0.135,13.123,13.258
5345192.56,17393,0.157,5.941,6.098
5345204.35,17392,0.119,6.684,6.802
5345227.36,17394,0.141,8.13,8.271
5345236.44,17393,0.117,4.412,4.53
5345264.23,17392,0.151,4.372,4.523
5345306.67,17394,0.146,8.103,8.25
5345333.72,17393,0.132,4.102,4.234
5345361.25,17392,1.673,9.07,10.743
5345400.72,17394,0.166,6.866,7.032
5345416.46,17393,0.139,4.098,4.237
5345459.41,17392,0.12,7.201,7.321
5345480.22,17394,0.114,8.039,8.153
5345536.77,17393,0.134,6.026,6.16
5345552.21,17392,2.591,9.111,11.702
5345556.97,17394,0.105,7.406,7.511
5345617.98,17393,0.141,9.074,9.215
5345630.14,17392,0.122,6.886,7.009
5345638.24,17393,0.1,8.069,8.168
5345668.47,17394,0.793,8.343,9.136
5345675.28,17393,0.071,3.979,4.05
5345676.09,17392,0.437,7.467,7.904
5345757.01,17394,1.044,7.883,8.927
5345761.12,17393,0.207,4.242,4.449
5345810.37,17392,0.203,4.046,4.249
5345830.11,17394,1.593,7.998,9.591
5345932.47,17393,0.135,9.074,9.21
5346132.19,17394,0.106,7.973,8.079
5346134.71,17392,0.206,12.13,12.336
5346172.2,17393,0.09,10.049,10.138
5346187.09,17394,0.116,9.789,9.905
5346189.93,17392,0.091,5.771,5.862
5346286.84,17393,0.347,6.463,6.81
5346294.94,17394,0.154,12.71,12.864
5346299.93,17392,0.108,5.122,5.23
5346364.36,17394,4.072,8.212,12.284
5346460.0,17393,0.138,6.786,6.924
5346534.12,17392,2.364,6.984,9.348
5346685.73,17394,2.039,9.602,11.641
5346831.44,17393,0.154,8.198,8.352
5346844.51,17392,0.492,14.514,15.005
5346882.88,17394,0.194,15.559,15.753
5346887.26,17393,0.162,16.159,16.32
5347031.47,17392,1.705,9.215,10.919
5347090.38,17394,2.062,8.228,10.29
5347145.08,17393,0.159,4.027,4.186
5347190.56,17392,1.277,4.186,5.463
5347270.58,17394,0.938,6.434,7.372
5347275.88,17393,0.134,4.323,4.457
5347341.63,17392,0.17,4.085,4.255
5347348.15,17394,0.131,7.102,7.233
5347412.42,17392,4.321,12.274,16.595
5347425.21,17393,2.033,9.121,11.153
5347528.74,17394,0.138,4.036,4.173
5347542.3,17392,0.104,4.103,4.206
5347651.45,17393,0.138,3.914,4.052
5347693.61,17394,0.143,8.287,8.429
5347697.67,17392,0.157,10.992,11.15
5347719.22,17393,0.094,4.069,4.163
5347781.34,17394,0.099,14.156,14.255
5347883.29,17392,0.161,8.052,8.213
5347910.86,17393,0.117,4.68,4.797
5348057.69,17394,0.154,8.31,8.463
5348077.71,17392,0.142,4.505,4.647
5348099.86,17393,0.107,4.046,4.153
5348169.85,17393,0.129,4.056,4.185
5348296.16,17392,0.152,8.19,8.342
5348310.82,17394,0.094,7.227,7.321
5348408.51,17392,0.158,4.327,4.485
5348410.33,17393,2.474,10.234,12.709
5348421.11,17394,0.104,4.036,4.14
5348431.55,17392,0.065,3.991,4.057
5348559.13,17393,0.143,5.973,6.116
5348581.16,17394,0.127,7.462,7.588
5348610.08,17392,2.035,9.986,12.022
5348649.33,17393,0.094,4.328,4.422
5348655.19,17394,0.065,8.079,8.144
5348655.45,17392,0.042,6.367,6.409
5348661.95,17393,0.077,4.243,4.321
5348669.94,17394,0.096,7.807,7.904
5348670.63,17392,0.054,8.106,8.16
5348699.45,17393,0.082,8.215,8.297
5348737.55,17394,0.382,4.108,4.491
5348747.1,17392,0.08,3.973,4.053
5348772.03,17393,0.109,4.59,4.7
5348779.09,17394,1.888,8.033,9.921
5348780.42,17393,0.298,8.246,8.544
5348790.73,17392,0.071,6.079,6.15
5348807.35,17394,0.06,11.249,11.309
5348841.33,17393,0.088,4.276,4.364
5348848.38,17392,0.05,8.18,8.229
5348881.59,17393,0.109,14.242,14.351
5348900.43,17394,0.091,12.283,12.374
5348927.3,17392,0.095,4.183,4.279
5348963.79,17394,0.063,4.14,4.203
5348967.51,17393,1.871,8.445,10.316
5349011.5,17392,0.094,4.083,4.176
5349055.84,17394,0.094,4.341,4.435
5349120.12,17393,0.108,6.384,6.492
5349169.5,17392,3.029,9.419,12.448
5349204.36,17394,0.092,6.171,6.264
5349219.93,17393,0.199,4.322,4.521
5349293.42,17392,0.631,8.269,8.9
5349302.2,17394,0.143,4.071,4.214
5349313.71,17393,0.108,6.019,6.127
5349373.39,17392,0.096,8.051,8.147
5349378.48,17394,0.073,3.945,4.018
5349412.2,17393,0.113,6.04,6.154
5349454.69,17392,0.094,4.088,4.182
5349487.09,17394,0.089,6.944,7.033
5349536.48,17393,0.113,4.324,4.437
5349553.13,17392,0.092,3.989,4.081
5349585.23,17394,0.078,8.005,8.083
5349608.64,17393,0.081,4.001,4.082
5349640.14,17392,4.076,8.016,12.091
5349640.36,17394,2.288,8.025,10.312
5349672.49,17393,0.088,5.001,5.088
5349781.34,17392,0.09,6.199,6.29
5349785.01,17394,2.6,3.933,6.533
5349853.14,17392,0.244,7.16,7.404
5349853.14,17393,0.092,6.107,6.198
5349906.45,17394,0.13,4.107,4.236
5349923.89,17392,0.127,4.157,4.283
5349949.27,17393,3.038,8.163,11.201
5349952.3,17394,0.071,11.11,11.182
5349954.02,17392,0.054,5.879,5.934
5349976.24,17393,2.044,8.133,10.177
5350060.29,17394,1.633,8.149,9.782
5350070.29,17392,0.144,7.068,7.212
5350114.92,17393,0.147,7.769,7.916
5350125.4,17394,0.08,6.126,6.206
5350176.42,17392,0.145,8.053,8.198
5350195.51,17393,0.085,6.95,7.035
5350217.29,17394,1.025,8.189,9.214
5350276.16,17392,0.176,3.965,4.14
5350295.69,17393,0.131,4.474,4.606
5350312.06,17394,0.154,4.088,4.242
5350325.1,17392,0.091,5.951,6.042
5350333.96,17393,0.071,6.11,6.181
5350339.52,17394,0.053,8.311,8.364
5350364.5,17392,0.086,4.371,4.457
5350374.6,17393,0.062,10.479,10.541
5350401.09,17392,0.108,4.279,4.387
5350414.22,17394,0.065,8.281,8.346
5350436.36,17393,0.07,4.106,4.175
5350484.72,17392,0.096,4.361,4.457
5350523.64,17394,0.193,8.414,8.607
5350566.2,17393,4.008,12.041,16.049
5350581.26,17392,0.106,9.094,9.2
5350591.97,17394,0.081,5.006,5.087
5350612.42,17393,0.088,4.274,4.362
5350655.11,17392,0.102,4.108,4.21
5350666.67,17394,0.072,7.723,7.794
5350683.2,17393,0.102,3.931,4.033
5350697.53,17392,0.085,14.023,14.108
5350701.18,17394,0.052,13.13,13.182
5350748.03,17393,0.095,8.109,8.204
5350972.33,17392,0.179,6.129,6.308
5351091.03,17394,0.153,8.577,8.729
5351152.91,17393,0.169,8.21,8.379
5351345.08,17392,0.16,6.372,6.532
5351384.52,17394,0.129,4.327,4.456
5351406.07,17393,0.092,9.989,10.081
5351549.51,17392,0.177,8.32,8.497
5351549.74,17394,0.089,5.602,5.691
5351583.75,17393,0.119,7.373,7.492
5351619.4,17392,0.111,17.218,17.329
5351625.1,17394,0.081,19.966,20.047
5351625.92,17393,0.072,14.808,14.88
5351700.09,17392,0.113,8.429,8.542
5351776.03,17394,0.133,5.056,5.189
5351780.03,17393,0.076,6.314,6.39
5351829.64,17392,0.111,4.202,4.313
5351858.37,17394,2.068,6.24,8.309
5351883.19,17393,0.101,5.964,6.065
5351887.29,17392,0.07,3.921,3.992
5351900.54,17394,0.069,4.162,4.231
5351908.34,17393,0.07,4.096,4.167
5351926.94,17392,0.084,4.074,4.158
5351999.4,17394,0.078,8.51,8.588
5351999.68,17393,1.826,4.781,6.607
5352013.33,17392,0.08,7.019,7.099
5352085.62,17394,3.819,16.391,20.21
5352109.9,17393,0.143,15.861,16.004
5352122.77,17392,0.124,16.266,16.39
5352215.99,17393,0.151,8.236,8.387
5352220.31,17394,0.148,17.085,17.233
5352226.27,17393,0.095,8.112,8.207
5352227.41,17392,0.09,11.222,11.312
5352247.5,17394,0.097,11.633,11.73
5352255.46,17393,0.111,8.356,8.467
5352261.27,17392,0.079,10.943,11.021
5352296.79,17394,0.146,4.381,4.527
5352302.47,17393,0.092,6.312,6.404
5352306.07,17394,0.102,4.455,4.557
5352324.47,17393,0.113,6.478,6.59
5352382.2,17392,0.165,12.868,13.032
5352408.23,17394,0.113,4.063,4.176
5352437.28,17393,2.985,12.165,15.15
5352445.86,17393,0.491,8.482,8.973
5352446.93,17392,1.896,9.984,11.88
5352459.7,17394,0.071,10.295,10.366
5352468.03,17393,0.081,3.979,4.06
5352498.52,17394,0.049,6.289,6.337
5352498.69,17392,0.083,8.563,8.646
5352508.67,17393,0.09,7.049,7.139
5352515.04,17394,0.07,4.06,4.13
5352519.14,17392,0.061,3.931,3.992
5352571.08,17393,0.115,4.012,4.128
5352598.76,17394,0.085,4.065,4.15
5352623.97,17392,0.075,4.057,4.133
5352638.41,17393,0.072,4.075,4.146
5352646.88,17394,0.081,5.751,5.832
5352662.59,17392,0.086,6.998,7.084
5352705.29,17393,0.08,4.161,4.241
5352713.29,17394,0.069,4.177,4.245
5352832.34,17392,0.109,6.167,6.277
5352850.91,17393,0.089,9.019,9.107
5352857.14,17394,0.061,10.027,10.088
5352864.33,17392,2.053,11.264,13.318
5352869.14,17393,0.058,12.074,12.132
5352872.24,17394,0.084,12.093,12.177
5352874.49,17392,0.416,10.038,10.454
5352881.25,17393,0.088,6.045,6.134
5352896.26,17394,2.057,4.165,6.223
5352903.79,17392,0.074,4.351,4.425
5352925.03,17393,0.099,6.555,6.654
5352947.21,17394,2.054,6.107,8.161
5352957.36,17392,1.066,8.277,9.343
5352965.59,17392,1.028,8.137,9.166
5352967.9,17393,2.051,10.819,12.87
5352984.55,17394,0.211,13.498,13.71
5352988.17,17392,0.052,13.082,13.134
5352990.21,17393,3.027,10.149,13.176
5352991.15,17394,3.808,6.529,10.337
5353044.19,17392,0.087,7.174,7.261
5353065.04,17393,0.073,5.906,5.979
5353084.08,17394,0.084,4.009,4.093
5353108.11,17392,0.079,4.326,4.405
5353117.37,17393,0.063,4.097,4.16
5353128.36,17394,0.061,8.157,8.218
5353138.28,17392,0.102,7.518,7.619
5353148.51,17393,2.34,8.126,10.467
5353179.71,17394,0.072,4.547,4.619
5353223.74,17392,0.105,4.021,4.126
5353276.84,17393,0.23,4.716,4.946
5353307.72,17394,0.173,4.603,4.775
5353320.14,17392,0.108,4.258,4.366
5353372.51,17393,0.105,6.043,6.148
5353377.09,17394,0.065,6.869,6.934
5353392.46,17392,0.088,4.123,4.211
5353428.12,17393,0.078,10.055,10.133
5353445.62,17394,0.076,4.18,4.256
5353459.04,17392,0.075,7.12,7.195
5353518.81,17393,0.136,7.684,7.82
5353533.32,17394,0.094,7.167,7.261
5353585.06,17392,1.79,9.955,11.745
5353594.09,17393,0.083,8.104,8.187
5353619.66,17394,0.095,8.245,8.34
5353629.21,17392,0.075,4.086,4.161
5353653.61,17393,0.09,7.033,7.123
5353682.06,17394,0.075,10.039,10.114
5353721.81,17392,0.093,8.209,8.302
5353723.51,17393,0.07,7.298,7.368
5353771.21,17394,0.072,8.091,8.164
5353819.72,17392,0.078,6.591,6.669
5353828.14,17393,0.067,6.325,6.392
5353841.45,17394,0.073,4.337,4.41
5353883.18,17393,1.487,8.111,9.598
5353883.71,17392,0.764,12.613,13.378
5353908.19,17394,0.061,4.088,4.15
5353948.56,17393,0.084,4.493,4.577
5353961.0,17392,0.088,6.238,6.326
5354028.9,17394,1.92,3.995,5.915
5354326.8,17393,0.235,4.358,4.594
5354341.2,17392,0.145,6.0,6.145
5354371.58,17394,0.145,7.363,7.508
5354444.05,17393,0.285,6.815,7.1
5354686.45,17392,0.165,7.198,7.363
5354711.09,17394,0.106,4.821,4.928
5354727.38,17393,0.095,7.492,7.587
5354790.09,17392,0.114,4.05,4.165
5354802.23,17394,0.073,8.098,8.172
5354814.91,17393,0.074,5.087,5.161
5354913.85,17392,0.113,6.009,6.122
5354925.2,17394,0.088,9.071,9.159
5354941.23,17393,0.069,3.964,4.033
5355095.38,17392,0.128,4.058,4.186
5355144.21,17394,0.096,4.064,4.16
5355150.2,17393,0.094,8.049,8.143
5355297.67,17392,0.16,17.931,18.091
5355340.27,17394,0.136,8.062,8.198
5355399.79,17393,0.126,8.518,8.644
5355619.68,17392,1.95,7.543,9.493
5355632.61,17394,0.146,4.399,4.546
5355667.25,17393,0.129,6.962,7.091
5355741.59,17392,0.138,6.354,6.492
5355822.37,17394,0.209,4.242,4.45
5355830.37,17393,0.122,4.307,4.429
5355979.97,17392,0.15,4.398,4.548
5356097.69,17394,0.147,5.937,6.084
5356163.33,17393,0.952,4.212,5.163
5356261.91,17392,0.165,7.072,7.237
5356275.99,17394,0.108,5.555,5.663
5356334.17,17393,2.182,6.93,9.112
5356371.95,17392,0.124,6.753,6.877
5356428.57,17394,0.142,8.362,8.504
5356586.91,17393,0.134,9.204,9.338
5356654.16,17392,0.128,7.949,8.078
5356738.31,17394,0.14,8.101,8.24
5356744.26,17393,0.086,8.112,8.198
5356886.94,17392,0.112,4.294,4.406
5356896.43,17394,0.067,7.202,7.268
5356981.23,17393,1.895,8.127,10.022
5357045.79,17392,0.183,4.221,4.404
5357057.47,17394,0.073,8.34,8.413
5357073.82,17393,1.66,4.091,5.751
5357144.13,17392,0.131,6.967,7.097
5357176.25,17394,0.08,5.12,5.201
5357180.66,17393,0.09,4.163,4.253
5357187.41,17392,0.073,4.198,4.271
5357250.6,17394,0.139,9.906,10.045
5357255.46,17393,0.075,9.338,9.414
5357367.43,17392,0.142,10.208,10.35
5357372.11,17394,0.081,8.972,9.054
5357418.49,17393,0.107,4.319,4.426
5357510.61,17392,0.119,8.548,8.666
5357543.74,17394,0.085,10.484,10.57
5357569.89,17393,0.099,4.132,4.231
5357607.96,17392,0.091,6.087,6.178
5357629.21,17394,0.081,8.079,8.159
5357727.54,17393,0.162,10.787,10.949
5357730.28,17392,0.697,11.116,11.812
5357746.71,17394,0.108,4.263,4.371
5357765.7,17393,0.087,5.208,5.295
5357816.45,17392,0.089,5.111,5.199
5357846.23,17394,0.081,12.107,12.187
5357879.15,17393,0.068,4.022,4.09
5357985.17,17392,0.103,8.007,8.11
5358099.28,17394,0.133,8.078,8.211
5358147.13,17393,0.12,4.168,4.288
5358161.34,17392,0.101,7.609,7.711
5358244.5,17394,2.043,5.361,7.404
5358366.47,17393,0.143,5.456,5.599
5358491.84,17392,1.056,7.699,8.756
5358571.56,17394,0.151,8.319,8.469
5358767.04,17393,0.174,4.076,4.25
5358775.15,17392,0.093,8.056,8.149
5358785.93,17393,0.101,6.824,6.926
5358787.22,17394,0.057,5.974,6.031
5358795.03,17392,0.059,6.042,6.1
5358810.77,17394,0.098,8.132,8.23
5358848.96,17393,0.086,4.155,4.24
5358902.55,17392,1.907,9.468,11.376
5358912.97,17394,0.069,7.859,7.928
5358916.9,17393,0.069,9.788,9.857
5358942.87,17392,0.084,4.852,4.936
5358960.74,17393,0.085,3.989,4.074
5358979.38,17394,0.068,6.983,7.05
5359030.49,17392,0.11,6.523,6.633
5359036.21,17393,0.736,4.012,4.748
5359043.51,17394,0.096,6.087,6.184
5359046.18,17392,0.062,4.052,4.115
5359131.92,17394,0.095,8.29,8.385
5359138.25,17393,0.105,9.766,9.87
5359140.5,17392,0.079,10.06,10.139
5359165.79,17394,0.08,6.016,6.097
5359183.57,17393,0.081,4.603,4.685
5359225.02,17392,0.097,9.796,9.893
5359251.66,17394,0.893,8.087,8.98
5359321.9,17393,0.137,12.69,12.827
5359322.05,17392,0.096,12.251,12.347
5359333.34,17394,1.038,8.236,9.274
5359349.32,17393,0.065,8.212,8.277
5359354.83,17392,0.066,4.934,5.001
5359397.13,17394,0.125,5.839,5.964
5359514.25,17393,0.094,8.107,8.201
5359544.29,17392,0.096,7.14,7.235
5359545.31,17394,0.105,4.111,4.217
5359557.59,17393,0.079,7.976,8.055
5359636.12,17392,3.041,4.995,8.036
5359642.12,17394,1.955,8.005,9.96
5359693.94,17393,0.13,5.138,5.268
5359712.17,17392,0.088,5.042,5.13
5359717.29,17394,0.066,6.176,6.242
5359719.67,17393,0.076,5.558,5.634
5359733.5,17392,0.085,7.863,7.947
5359737.19,17394,0.067,8.105,8.172
5359739.26,17393,0.042,8.072,8.114
5359757.02,17392,1.946,4.023,5.969
5359766.29,17394,0.065,3.99,4.055
5359799.56,17393,0.101,5.292,5.392
5359812.29,17392,0.056,9.202,9.258
5359815.5,17394,0.058,8.398,8.455
5359817.23,17393,0.049,7.167,7.217
5359825.41,17392,0.285,8.09,8.375
5359836.08,17394,0.066,7.961,8.026
5359869.61,17393,0.121,6.188,6.309
5359929.25,17392,2.053,6.123,8.175
5360008.99,17394,0.14,4.048,4.187
5360086.82,17393,0.159,4.16,4.32
5360096.11,17392,0.097,8.502,8.599
5360372.41,17394,0.133,12.086,12.22
5360389.79,17393,0.11,5.952,6.062
5360443.49,17392,0.126,4.214,4.34
5360810.03,17394,0.139,5.72,5.858
5360934.87,17393,0.139,6.656,6.795
5360959.1,17392,4.037,3.998,8.035
5361035.78,17394,0.118,4.004,4.121
5361294.51,17393,0.197,5.238,5.435
5361328.62,17392,0.178,4.372,4.55
5361406.26,17394,0.122,8.062,8.184
5361429.16,17393,0.104,7.995,8.1
5361482.07,17392,0.128,4.376,4.504
5361502.8,17394,0.088,8.25,8.338
5361534.41,17393,0.099,8.072,8.171
5361573.22,17392,0.102,6.611,6.713
5361582.21,17394,0.775,8.124,8.9
5361603.54,17393,0.086,4.021,4.107
5361638.21,17392,0.096,3.997,4.094
5361654.91,17394,0.137,5.156,5.293
5361660.72,17393,0.062,7.145,7.207
5361669.17,17394,3.04,8.072,11.112
5361675.81,17392,0.07,6.088,6.159
5361781.97,17393,1.647,5.574,7.221
5361791.23,17394,0.071,4.003,4.074
5361798.99,17392,0.108,4.245,4.353
5361810.6,17393,0.09,7.056,7.146
5361821.56,17392,2.123,7.444,9.567
5361823.11,17394,3.415,9.022,12.437
5361846.85,17393,0.078,5.019,5.097
5361859.22,17392,0.081,7.085,7.166
5361862.3,17394,0.054,7.086,7.141
5361885.66,17393,0.073,6.402,6.475
5361887.75,17392,0.065,4.637,4.702
5361908.74,17394,1.657,6.031,7.688
5361913.09,17393,2.439,8.005,10.444
5361927.1,17392,0.066,5.988,6.054
5361936.08,17394,0.063,8.057,8.12
5361938.6,17393,0.069,7.024,7.092
5361953.07,17392,0.111,7.002,7.113
5361955.61,17394,0.193,4.365,4.558
5361961.14,17393,0.077,4.071,4.148
5361968.24,17392,0.05,3.96,4.01
5362003.08,17394,0.118,4.261,4.379
5362012.37,17393,0.076,8.036,8.112
5362071.59,17392,0.126,5.567,5.693
5362090.0,17394,0.084,6.967,7.051
5362120.11,17393,0.108,4.141,4.249
5362148.56,17392,0.137,4.028,4.165
5362183.35,17394,0.099,7.914,8.013
5362212.13,17393,0.076,11.009,11.085
5362212.22,17392,0.703,9.148,9.851
5362223.68,17394,0.061,4.972,5.033
5362250.25,17393,0.156,6.132,6.288
5362268.14,17392,0.136,12.051,12.186
5362268.38,17394,0.171,10.277,10.448
5362297.29,17393,0.121,8.098,8.219
5362324.73,17392,0.108,4.126,4.235
5362340.82,17394,0.1,5.953,6.053
5362358.52,17393,0.074,6.125,6.199
5362391.14,17392,0.114,4.069,4.183
5362397.5,17394,0.084,4.122,4.206
5362412.03,17393,0.086,4.087,4.173
5362442.84,17392,1.136,9.721,10.857
5362466.92,17394,0.068,5.071,5.14
5362488.77,17392,0.075,4.079,4.154
5362488.79,17393,0.084,6.058,6.143
5362550.19,17394,0.09,4.107,4.196
5362555.32,17393,0.074,5.068,5.142
5362564.24,17394,0.084,4.099,4.183
5362572.33,17392,0.076,6.106,6.182
5362580.25,17393,0.056,8.047,8.103
5362582.13,17392,0.052,8.042,8.094
5362635.05,17394,0.088,4.019,4.107
5362673.85,17393,0.171,9.292,9.463
5362691.42,17392,0.112,12.235,12.347
5362696.64,17394,0.095,9.496,9.591
5362702.14,17393,0.074,4.098,4.172
5362758.85,17392,0.095,7.533,7.629
5362765.59,17394,0.057,10.978,11.034
5362768.53,17393,0.059,7.42,7.479
5362807.28,17392,0.068,9.177,9.245
5362809.47,17394,0.068,5.327,5.395
5362816.8,17393,0.065,5.962,6.027
5362816.95,17392,0.062,4.082,4.143
5362847.88,17394,0.06,5.941,6.002
5362854.09,17392,0.077,9.983,10.059
5362854.64,17393,1.029,5.566,6.595
5362876.11,17394,2.018,14.05,16.068
5362880.22,17392,0.069,13.011,13.08
5362900.19,17393,0.071,6.358,6.428
5362920.09,17394,0.08,4.111,4.191
5362995.06,17393,0.968,3.983,4.951
5362996.26,17392,2.408,14.159,16.567
5362999.16,17393,1.033,4.024,5.057
5363010.42,17394,0.088,8.29,8.378
5363023.16,17392,0.062,4.051,4.113
5363061.63,17393,0.151,3.949,4.1
5363077.08,17394,2.05,7.981,10.031
5363110.1,17392,0.083,4.046,4.129
5363171.83,17393,0.081,9.524,9.605
5363262.74,17394,0.158,6.081,6.239
5363279.15,17392,0.1,7.986,8.085
5363333.43,17393,0.171,4.286,4.457
5363361.93,17394,0.101,4.139,4.24
5363377.95,17392,0.102,6.35,6.452
5363384.37,17393,0.1,9.103,9.203
5363403.27,17394,0.09,4.068,4.158
5363427.38,17392,0.084,8.239,8.322
5363495.56,17393,0.09,7.993,8.083
5363541.77,17392,0.073,7.046,7.119
5363542.5,17394,0.08,12.378,12.458
5363554.82,17393,0.086,5.243,5.33
5363591.49,17392,0.076,10.099,10.175
5363591.69,17394,0.061,4.639,4.7
5363604.47,17393,0.074,3.959,4.033
5363630.23,17392,0.075,8.101,8.176
5363644.44,17394,0.124,6.294,6.418
5363723.4,17392,0.075,12.069,12.144
5363724.1,17393,0.201,14.831,15.031
5363728.03,17394,0.064,10.234,10.298
5363745.85,17392,0.113,5.103,5.216
5363836.3,17393,0.105,7.959,8.064
5363844.27,17394,0.06,12.036,12.095
5363851.27,17392,2.056,9.161,11.217
5363856.22,17394,0.061,8.119,8.18
5363892.82,17393,0.082,5.555,5.637
5363896.09,17392,1.857,3.993,5.85
5363927.01,17394,0.052,9.787,9.839
5363927.08,17393,0.074,12.171,12.245
5363931.08,17392,0.057,4.105,4.162
5363960.34,17394,0.07,7.223,7.293
5363981.3,17393,0.063,7.197,7.26
5363991.19,17392,1.699,8.124,9.823
5364064.62,17394,0.077,4.065,4.142
5364083.38,17393,0.062,8.27,8.332
5364085.3,17392,0.079,4.17,4.249
5364138.05,17394,0.108,11.303,11.412
5364139.16,17393,0.083,10.773,10.855
5364140.45,17392,2.046,7.347,9.394
5364158.35,17394,0.064,12.728,12.791
5364160.12,17392,0.053,8.396,8.45
5364161.21,17393,0.052,13.118,13.171
5364169.01,17394,2.393,8.578,10.971
5364193.77,17393,0.069,4.084,4.153
5364196.59,17392,1.316,12.497,13.813
5364204.59,17394,0.078,5.478,5.556
5364262.92,17393,0.154,5.02,5.174
5364303.56,17392,3.046,8.436,11.481
5364309.98,17394,0.102,4.204,4.306
5364314.26,17393,0.076,4.132,4.209
5364323.42,17394,0.084,4.032,4.115
5364346.43,17392,0.092,8.278,8.37
5364366.57,17393,0.068,6.181,6.248
5364399.1,17394,0.074,4.084,4.158
5364436.03,17392,1.717,5.945,7.663
5364460.62,17393,0.09,8.088,8.177
5364476.86,17394,0.068,4.389,4.457
5364513.58,17392,0.078,5.942,6.021
5364539.27,17393,2.058,12.163,14.22
5364539.78,17394,2.036,10.712,12.748
5364540.27,17392,2.275,8.148,10.423
5364551.96,17393,0.068,4.196,4.264
5364588.98,17394,0.091,4.075,4.166
5364628.08,17392,0.074,5.968,6.041
5364664.18,17393,0.075,12.048,12.123
5364667.05,17392,1.018,7.997,9.014
5364667.29,17394,2.034,11.217,13.251
5364669.98,17393,0.227,5.72,5.947
5364770.12,17392,1.902,8.007,9.909
5364779.31,17394,0.088,4.164,4.253
5364799.66,17393,0.084,6.134,6.218
5364803.79,17394,0.05,3.949,3.999
5364804.64,17392,0.07,6.531,6.601
5364829.57,17393,0.065,5.184,5.249
5364876.72,17394,0.077,6.054,6.131
5364953.23,17392,0.153,5.048,5.202
5364973.18,17393,2.182,8.058,10.24
5364993.63,17394,0.083,6.095,6.178
5365003.69,17392,1.369,5.624,6.994
5365015.13,17393,0.111,4.274,4.385
5365160.24,17394,0.091,10.091,10.181
5365164.55,17392,0.064,6.44,6.504
5365187.38,17394,0.069,4.098,4.168
5365199.17,17393,0.072,10.046,10.117
5365201.24,17392,0.07,10.127,10.197
5365312.48,17394,0.137,11.092,11.229
5365314.14,17393,0.085,8.006,8.091
5365329.85,17392,0.079,4.031,4.11
5365346.87,17394,0.057,4.033,4.09
5365379.32,17393,0.076,4.21,4.286
5365407.96,17392,0.066,7.144,7.21
5365414.14,17394,0.07,11.032,11.102
5365420.73,17393,0.08,4.281,4.361
5365431.79,17392,0.078,9.887,9.965
5365454.52,17394,0.077,4.129,4.206
5365493.47,17393,0.084,5.669,5.753
5365549.54,17392,0.181,8.351,8.532
5365568.39,17394,0.1,7.199,7.299
5365576.52,17393,0.128,8.002,8.13
5365587.64,17392,0.078,9.165,9.243
5365603.18,17394,2.025,7.101,9.125
5365628.59,17393,0.082,7.934,8.016
5365628.99,17392,0.067,4.133,4.201
5365658.32,17394,0.074,7.678,7.752
5365664.14,17393,0.057,9.043,9.101
5365672.07,17392,0.056,5.974,6.031
5365710.34,17394,1.075,4.113,5.188
5365716.06,17393,0.082,4.009,4.092
5365801.12,17392,0.172,8.139,8.311
5365856.21,17394,1.19,6.061,7.252
5365901.24,17393,0.109,4.767,4.877
5365918.59,17392,0.07,7.47,7.541
5365956.42,17394,0.173,8.2,8.373
5366033.16,17393,0.136,7.068,7.203
5366168.29,17392,0.142,4.022,4.164
5366242.45,17394,1.051,8.329,9.381
5366256.76,17393,0.133,4.092,4.225
5366293.12,17392,0.126,7.27,7.396
5366317.52,17394,1.06,11.392,12.452
5366321.66,17393,0.072,8.808,8.88
5366423.99,17392,0.146,4.852,4.998
5366488.26,17394,0.195,8.248,8.443
5366528.89,17393,0.103,4.041,4.144
5366662.36,17392,0.128,6.048,6.176
5366697.81,17394,0.129,4.011,4.14
5366777.78,17393,0.136,3.973,4.109
5367110.22,17392,0.146,6.991,7.138
5367144.73,17394,0.122,11.537,11.659
5367149.53,17393,0.408,4.315,4.723
5367302.4,17392,0.158,4.377,4.535
5367357.56,17394,0.129,5.202,5.331
5367397.22,17393,0.104,4.047,4.151
5367494.4,17392,0.115,5.988,6.103
5367536.58,17394,0.089,10.429,10.518
5367584.24,17393,2.487,5.128,7.615
5367608.12,17392,0.085,4.005,4.09
5367619.3,17394,0.058,8.186,8.244
5367657.14,17393,0.101,7.086,7.187
5367675.43,17392,0.079,4.059,4.139
5367696.47,17394,0.073,5.929,6.002
5367706.31,17393,0.088,4.066,4.154
5367729.04,17392,0.71,9.815,10.526
5367730.01,17394,0.053,5.901,5.955
5367778.22,17393,0.133,4.017,4.15
5367807.15,17392,2.963,8.033,10.996
5367875.84,17394,0.088,5.005,5.092
5367926.9,17393,0.093,4.046,4.139
5367956.49,17392,2.444,6.408,8.853
5367964.81,17394,0.075,7.844,7.919
5367999.8,17393,0.117,8.932,9.048
5368006.14,17392,0.079,10.021,10.1
5368021.8,17394,0.149,4.19,4.339
5368078.49,17393,0.096,8.795,8.891
5368080.97,17392,0.078,7.256,7.335
5368084.7,17394,0.065,3.955,4.02
5368094.12,17393,1.837,8.055,9.891
5368120.74,17392,0.069,3.97,4.039
5368141.08,17394,1.444,9.001,10.444
5368167.54,17393,0.079,8.454,8.533
5368221.15,17392,0.111,10.028,10.138
5368224.9,17393,0.052,6.115,6.167
5368226.92,17394,0.825,9.038,9.862
5368271.22,17392,0.133,8.005,8.137
5368321.58,17394,1.98,8.021,10.001
5368348.51,17393,0.163,7.982,8.145
5368355.35,17392,0.09,6.106,6.196
5368383.75,17394,0.112,6.013,6.124
5368399.3,17393,2.08,10.136,12.217
5368406.25,17392,0.106,9.244,9.35
5368423.17,17394,0.992,3.996,4.988
5368456.83,17393,0.147,6.385,6.531
5368458.73,17392,0.082,4.894,4.975
5368499.17,17394,0.15,4.202,4.352
5368535.8,17393,1.044,4.687,5.732
5368542.52,17392,0.108,8.358,8.466
5368544.21,17393,0.064,4.13,4.194
5368610.38,17394,0.104,4.117,4.221
5368624.41,17392,0.093,7.123,7.216
5368637.3,17393,0.118,8.077,8.195
5368652.98,17394,0.086,6.081,6.167
5368681.21,17392,0.076,4.09,4.166
5368691.62,17393,0.052,7.341,7.393
5368693.18,17392,1.46,4.102,5.562
5368693.91,17394,0.045,7.804,7.85
5368697.28,17392,2.517,4.002,6.52
5368699.03,17393,2.666,7.325,9.99
5368701.06,17394,0.055,4.976,5.032
5368727.74,17393,0.06,8.022,8.081
5368729.97,17394,0.046,5.892,5.938
5368731.08,17392,1.079,12.005,13.084
5368761.17,17392,1.184,4.112,5.296
5368775.48,17393,0.066,7.256,7.322
5368796.23,17394,0.152,4.078,4.229
5368821.28,17392,2.542,8.061,10.603
5368868.23,17393,0.161,12.999,13.16
5368917.4,17394,0.157,5.629,5.786
5369027.24,17392,0.144,7.019,7.163
5369142.48,17393,0.194,12.278,12.472
5369205.2,17394,2.361,6.041,8.402
5369226.36,17392,0.13,8.285,8.415
5369238.26,17393,0.118,4.073,4.191
5369246.83,17394,0.087,4.046,4.132
5369251.06,17392,0.071,3.985,4.056
5369256.14,17393,0.057,4.111,4.168
5369259.83,17394,0.059,4.992,5.051
5369269.14,17393,0.054,6.224,6.278
5369286.74,17392,0.083,7.35,7.433
5369304.37,17394,0.136,8.157,8.293
5369344.55,17393,0.167,4.231,4.398
5369354.21,17392,0.101,7.976,8.077
5369382.96,17394,2.064,9.843,11.906
5369401.01,17393,3.852,4.079,7.931
5369408.75,17392,0.094,4.159,4.253
5369424.13,17394,0.084,4.135,4.219
5369431.27,17393,0.071,6.05,6.121
5369436.52,17392,0.06,6.295,6.355
5369467.17,17393,0.083,6.986,7.069
5369474.35,17394,0.072,4.225,4.297
5369482.1,17392,0.087,4.126,4.213
5369511.99,17393,0.129,6.292,6.422
5369536.18,17394,2.347,8.064,10.411
5369574.49,17392,0.083,4.074,4.157
5369590.39,17393,0.083,4.073,4.156
5369626.89,17394,0.078,4.061,4.14
5369639.05,17392,0.086,4.192,4.278
5369674.15,17393,0.086,8.442,8.528
5369699.82,17394,0.083,4.27,4.353
5369725.1,17392,0.092,5.945,6.037
5369733.05,17393,0.104,6.003,6.107
5369760.12,17392,2.23,8.036,10.265
5369768.15,17394,0.073,7.028,7.101
5369783.49,17393,0.085,4.192,4.277
5369818.5,17392,0.112,9.093,9.205
5369826.35,17394,1.208,11.244,12.451
5369826.52,17393,0.069,9.414,9.483
5369855.96,17392,0.086,4.991,5.078
5369864.67,17394,0.089,4.033,4.122
5369882.5,17393,0.071,8.195,8.266
5369911.07,17392,2.018,11.011,13.028
5369914.11,17394,0.064,10.002,10.066
5369917.99,17393,0.05,7.161,7.211
5369926.48,17392,0.062,8.377,8.439
5369928.15,17394,0.058,6.055,6.113
5369944.66,17393,0.141,4.213,4.354
5369962.94,17392,0.232,4.044,4.276
5370010.83,17394,0.162,12.569,12.731
5370013.16,17393,2.492,10.95,13.442
5370023.32,17392,0.085,3.991,4.077
5370037.59,17394,0.104,6.662,6.765
5370076.61,17393,2.201,6.408,8.609
5370134.5,17394,0.073,4.879,4.952
5370135.18,17392,0.114,7.656,7.771
5370235.53,17393,0.142,4.332,4.473
5370242.04,17394,0.101,4.001,4.102
5370294.18,17392,0.122,9.756,9.878
5370303.46,17393,0.092,7.285,7.377
5370311.46,17394,0.09,5.961,6.051
5370320.53,17392,0.098,4.265,4.363
5370340.1,17393,0.187,3.911,4.098
5370419.11,17394,1.245,3.942,5.188
5370451.04,17392,0.119,6.093,6.211
5370488.0,17393,0.101,5.095,5.196
5370526.59,17394,0.083,9.565,9.648
5370529.21,17392,0.065,6.091,6.156
5370544.87,17392,0.79,7.715,8.505
5370550.61,17393,0.091,15.454,15.546
5370550.98,17394,1.382,13.878,15.26
5370589.14,17392,0.73,9.296,10.026
5370593.26,17393,0.092,4.094,4.186
5370602.15,17392,0.061,12.233,12.294
5370632.19,17394,1.032,13.104,14.136
5370640.27,17393,0.071,11.425,11.496
5370673.6,17392,0.091,4.184,4.275
5370684.23,17394,0.103,4.221,4.324
5370695.98,17393,0.095,5.688,5.782
5370740.87,17392,0.09,17.366,17.456
5370747.66,17393,1.854,14.46,16.314
5370748.11,17394,0.122,16.906,17.027
5370769.92,17392,1.056,4.761,5.817
5370781.75,17393,0.116,4.272,4.388
5370806.81,17394,0.117,4.984,5.101
5370820.13,17394,2.608,5.935,8.543
5370820.69,17392,0.121,12.287,12.408
5370821.52,17393,1.244,11.401,12.646
5370848.16,17394,0.082,16.036,16.118
5370856.17,17392,0.063,20.042,20.105
5370864.39,17393,0.063,14.289,14.351
5370871.79,17394,0.057,9.909,9.966
5370873.58,17392,0.086,5.861,5.947
5370904.06,17393,2.025,7.985,10.01
5370914.08,17394,0.069,7.11,7.179
5370999.16,17392,0.168,8.287,8.455
5371015.16,17393,1.126,4.031,5.157
5371025.51,17394,1.79,7.432,9.223
5371085.21,17392,0.09,7.266,7.356
5371090.29,17393,0.072,3.947,4.018
5371103.23,17394,0.719,4.138,4.858
5371108.2,17392,1.368,7.067,8.435
5371146.15,17393,2.036,6.055,8.091
5371198.74,17394,0.103,6.16,6.263
5371205.45,17392,0.078,6.564,6.642
5371218.73,17393,0.073,7.099,7.172
5371371.06,17394,0.175,4.479,4.653
5371498.96,17392,0.139,5.979,6.118
5371567.16,17393,1.478,8.035,9.513
5371702.09,17394,0.137,10.227,10.364
5371739.16,17392,6.319,10.043,16.362
5371950.17,17393,0.152,6.391,6.543
5372001.63,17394,0.136,15.012,15.148
5372054.36,17392,0.124,4.88,5.004
5372193.03,17393,0.149,8.432,8.582
5372291.73,17394,0.176,6.092,6.268
5372303.44,17392,0.162,7.652,7.814
5372326.76,17393,0.11,6.224,6.334
5372376.38,17394,0.106,6.217,6.323
5372410.04,17392,0.175,4.061,4.237
5372539.6,17393,1.206,6.453,7.659
5372583.65,17394,0.117,8.459,8.575
5372583.73,17392,0.095,6.936,7.032
5372592.04,17393,0.09,6.073,6.163
5372742.91,17394,0.161,4.031,4.192
5372794.31,17392,0.157,4.149,4.306
5372807.62,17393,0.115,4.119,4.234
5372922.36,17394,0.141,4.018,4.159
5372927.37,17392,0.081,4.021,4.103
5372979.45,17393,0.091,7.066,7.156
5373027.69,17394,0.105,4.011,4.115
5373047.99,17392,0.277,5.171,5.449
5373129.81,17393,0.101,5.888,5.989
5373156.29,17394,0.087,8.15,8.237
5373179.93,17392,0.08,4.019,4.099
5373191.9,17393,0.071,3.988,4.059
5373331.35,17394,0.149,15.113,15.262
5373331.77,17392,0.112,12.369,12.48
5373400.56,17393,0.095,8.039,8.134
5373413.15,17394,0.089,8.002,8.091
5373435.39,17392,0.104,8.215,8.319
5373511.52,17393,0.104,10.026,10.13
5373615.46,17394,0.115,9.776,9.891
5373626.51,17392,2.474,9.364,11.838
5373686.08,17393,0.134,9.253,9.388
5373695.41,17394,0.079,8.569,8.648
5373745.64,17392,0.094,7.957,8.051
5373748.95,17393,0.088,4.071,4.16
5373939.24,17394,0.16,4.006,4.165
5374014.4,17392,0.11,4.013,4.123
5374136.31,17393,0.136,6.088,6.223
5374419.58,17394,0.151,6.118,6.269
5374478.19,17392,0.128,7.995,8.123
5374517.14,17393,0.118,4.15,4.268
5374538.08,17394,0.107,8.11,8.217
5374554.09,17392,0.096,3.935,4.031
5374751.44,17393,0.131,4.064,4.195
5374840.85,17394,0.107,7.049,7.156
5374918.52,17392,0.137,6.315,6.452
5374934.15,17393,0.13,8.558,8.687
5374989.76,17394,0.101,4.031,4.131
5375154.84,17392,0.141,6.102,6.243
5375181.69,17393,0.158,9.391,9.549
5375281.49,17394,2.124,7.255,9.378
5375315.4,17392,1.743,8.261,10.005
5375413.43,17393,0.209,6.185,6.394
5375579.15,17394,0.173,5.129,5.302
5375587.18,17392,1.04,8.077,9.117
5375667.2,17394,0.109,9.03,9.139
5375787.3,17393,1.616,8.166,9.782
5375821.92,17392,0.15,4.999,5.15
5375842.16,17394,1.687,6.009,7.695
5375845.88,17393,0.059,5.777,5.837
5375862.13,17392,0.081,8.019,8.1
5375890.23,17394,0.102,7.949,8.051
5376131.29,17393,0.174,4.178,4.352
5376209.42,17392,0.153,4.186,4.339
5376229.86,17394,0.111,6.578,6.689
5376358.17,17393,0.212,4.406,4.618
5376371.17,17392,0.107,4.012,4.119
5376418.91,17394,0.11,6.034,6.145
5376437.62,17393,0.083,4.379,4.463
5376453.16,17392,0.079,4.031,4.11
5376577.53,17394,0.145,5.469,5.614
5376623.83,17393,0.127,4.058,4.185
5376657.25,17392,0.095,5.993,6.088
5376684.76,17394,0.086,4.757,4.843
5376691.27,17393,0.077,4.049,4.126
5376810.39,17392,0.179,5.054,5.233
5376831.46,17394,0.111,8.292,8.403
5376893.75,17393,0.222,7.684,7.906
5377003.33,17392,0.182,15.261,15.443
5377110.93,17394,0.154,4.075,4.229
5377149.73,17393,0.121,4.159,4.28
5377329.97,17392,0.146,6.38,6.525
5377382.51,17394,0.14,4.236,4.377
5377426.31,17393,0.105,4.074,4.179
5377533.63,17392,0.125,9.941,10.066
5377537.93,17394,0.096,8.784,8.88
5377738.19,17393,1.155,8.074,9.229
5377768.36,17392,0.102,9.771,9.873
5377819.82,17394,0.091,6.12,6.212
5377845.34,17393,0.093,7.186,7.279
5377914.21,17392,0.098,5.312,5.41
5377941.83,17394,0.1,4.371,4.471
5377950.31,17393,0.089,6.231,6.32
5377963.21,17392,0.075,7.101,7.176
5378011.52,17394,0.106,5.948,6.054
5378022.19,17393,0.07,4.113,4.183
5378093.77,17392,0.16,4.04,4.2
5378180.08,17394,0.094,4.14,4.235
5378266.97,17393,0.161,4.073,4.234
5378412.19,17392,2.979,10.016,12.996
5378457.93,17394,0.141,4.169,4.31
5378463.89,17393,0.118,4.162,4.28
5378517.72,17392,3.634,4.622,8.256
5378550.89,17394,0.11,4.083,4.192
5378553.56,17393,0.154,4.333,4.488
5378725.33,17392,0.143,4.068,4.211
5378795.58,17394,0.131,10.067,10.197
5378799.97,17393,0.166,4.104,4.269
5378810.24,17392,0.071,7.096,7.167
5378865.34,17394,0.105,4.083,4.188
5378887.19,17393,0.175,3.965,4.14
5378925.85,17392,2.034,5.763,7.796
5378957.65,17394,0.091,8.137,8.227
5379010.19,17393,0.113,4.278,4.392
5379062.38,17392,0.097,4.215,4.312
5379125.35,17394,0.082,4.21,4.292
5379182.75,17393,0.086,6.008,6.094
5379242.72,17392,0.13,6.056,6.186
5379246.07,17394,0.063,5.841,5.905
5379295.57,17393,0.152,8.321,8.474
5379354.99,17392,0.108,5.705,5.813
5379416.33,17394,0.141,4.18,4.321
5379492.29,17393,0.141,20.015,20.157
5379565.86,17392,0.144,8.628,8.772
5379746.29,17394,0.156,8.056,8.212
5379781.05,17393,0.118,6.133,6.251
5379843.76,17392,0.153,10.127,10.28
5379844.41,17394,0.106,4.184,4.29
5379989.03,17393,0.21,4.078,4.288
5380058.19,17392,1.633,8.012,9.645
5380098.42,17394,0.119,6.237,6.356
5380113.18,17393,0.702,8.084,8.786
5380179.88,17392,0.088,6.977,7.065
5380311.26,17394,0.251,10.047,10.298
5380379.42,17393,0.117,7.181,7.298
5380400.88,17392,0.098,3.927,4.025
5380417.15,17394,0.107,14.005,14.112
5380446.39,17393,1.913,11.303,13.217
5380486.13,17392,0.079,4.007,4.087
5380538.03,17394,0.098,7.985,8.084
5380566.59,17393,0.1,7.091,7.19
5380622.28,17392,0.122,6.196,6.319
5380648.27,17394,0.093,12.114,12.207
5380652.6,17393,0.071,7.375,7.445
5380656.15,17392,0.073,6.025,6.098
5380683.98,17394,0.088,7.112,7.2
5380688.27,17393,0.07,9.012,9.082
5380685.03,17392,0.061,4.057,4.118
5380700.28,17394,1.255,10.188,11.443
5380748.53,17393,0.085,7.837,7.922
5380786.21,17392,0.079,6.086,6.165
5380840.81,17394,0.217,4.229,4.446
5380854.24,17393,0.076,7.117,7.193
5380913.59,17392,0.191,5.578,5.769
5380940.35,17394,0.15,6.135,6.286
5380946.86,17393,0.112,4.124,4.236
5381046.6,17392,0.152,8.082,8.235
5381100.18,17394,0.155,4.075,4.23
5381125.16,17393,0.106,8.289,8.395
5381128.27,17392,2.961,7.139,10.101
5381162.82,17394,0.11,6.02,6.13
5381212.47,17393,0.085,4.063,4.148
5381246.29,17392,0.151,8.052,8.203
5381275.58,17394,0.124,5.378,5.502
5381284.34,17393,0.086,6.191,6.276
5381313.23,17392,0.127,4.236,4.363
5381398.48,17394,0.093,8.325,8.417
5381415.24,17393,0.111,4.125,4.237
5381418.12,17392,0.078,4.031,4.109
5381449.28,17393,0.057,4.01,4.067
5381452.16,17394,0.085,8.494,8.579
5381465.74,17393,0.665,7.661,8.326
5381465.97,17392,0.07,9.861,9.931
5381493.7,17394,0.076,4.151,4.227
5381516.93,17393,0.075,6.011,6.086
5381547.22,17392,0.099,7.12,7.219
5381554.32,17394,0.101,11.213,11.314
5381583.63,17393,0.176,10.197,10.374
5381632.11,17392,1.709,8.013,9.722
5381713.17,17394,0.137,5.034,5.171
5381718.29,17393,0.888,7.334,8.223
5381764.69,17392,0.871,8.341,9.212
5381821.47,17394,0.479,8.049,8.528
5381831.16,17393,0.102,3.993,4.095
5381846.19,17392,0.101,6.093,6.195
5381874.48,17394,0.135,4.104,4.24
5381947.68,17393,0.23,4.203,4.432
5381962.3,17392,0.93,6.134,7.063
5382015.2,17394,0.162,7.949,8.111
5382059.42,17393,0.166,8.25,8.416
5382187.77,17392,0.168,4.401,4.569
5382217.7,17394,0.132,4.97,5.102
5382251.29,17393,0.15,4.129,4.279
5382286.74,17392,0.187,12.843,13.03
5382291.56,17394,0.127,9.37,9.497
5382327.02,17393,0.14,10.243,10.383
5382362.28,17392,0.161,4.214,4.375
5382397.23,17394,2.414,11.065,13.48
5382399.1,17393,0.096,9.386,9.482
5382415.47,17392,0.111,6.256,6.367
5382500.24,17394,0.136,9.269,9.405
5382622.29,17393,2.412,6.096,8.508
5382691.1,17392,0.156,5.055,5.211
5382761.51,17394,0.135,7.671,7.806
5382767.84,17393,0.113,4.0,4.113
5382987.84,17394,0.095,6.616,6.711
5382991.51,17392,2.029,12.376,14.405
5382991.85,17393,0.084,7.665,7.749
5383143.19,17394,0.135,3.98,4.114
5383163.88,17392,0.107,4.141,4.248
5383208.08,17393,0.094,6.927,7.021
5383277.13,17394,0.188,8.07,8.258
5383312.04,17392,0.453,5.961,6.414
5383348.29,17393,0.15,8.071,8.221
5383356.99,17394,0.077,5.936,6.013
5383517.58,17392,0.122,9.374,9.496
5383571.58,17393,0.14,4.106,4.246
5383965.79,17392,0.085,4.051,4.135
5383965.94,17394,0.208,5.743,5.951
5384001.24,17393,1.713,13.121,14.833
5384003.88,17392,0.069,9.061,9.131
5384013.15,17394,2.022,6.071,8.093
5384021.4,17393,0.063,5.289,5.351
5384052.23,17392,0.096,4.077,4.173
5384100.79,17394,0.088,6.053,6.142
5384120.06,17393,0.262,4.156,4.418
5384168.86,17392,0.089,4.056,4.145
5384251.13,17394,0.182,6.919,7.101
5384256.72,17393,0.069,6.079,6.148
5384286.36,17394,1.732,8.242,9.973
5384322.06,17392,0.155,4.115,4.27
5384374.25,17393,0.131,4.469,4.6
5384438.98,17394,0.121,4.951,5.071
5384496.26,17392,0.1,10.097,10.197
5384498.5,17393,2.424,8.353,10.777
5384511.62,17394,0.086,7.996,8.081
5384539.51,17392,0.093,4.145,4.239
5384578.42,17393,0.1,8.355,8.455
5384635.47,17394,0.148,4.185,4.333
5384732.34,17392,0.161,7.97,8.131
5384799.24,17393,0.146,9.95,10.096
5384828.58,17394,0.825,4.433,5.258
5384919.24,17392,0.12,6.395,6.515
5385006.32,17393,0.976,4.13,5.106
5385071.34,17394,0.132,8.125,8.257
5385486.19,17392,0.154,3.955,4.109
5385532.28,17393,0.127,7.952,8.079
5385801.68,17394,0.184,4.156,4.34
5385912.74,17392,0.132,10.521,10.653
5385918.71,17393,0.099,6.439,6.538
5385968.37,17394,0.135,8.151,8.286
5386077.91,17392,0.171,7.53,7.701
5386154.83,17393,0.146,4.166,4.312
5386182.9,17394,0.11,7.033,7.143
5386183.94,17392,0.076,5.96,6.036
5386231.6,17393,0.159,4.33,4.489
5386293.24,17394,0.178,4.007,4.184
5386393.44,17392,0.154,4.112,4.266
5386421.6,17393,0.113,4.122,4.235
5386633.48,17394,0.129,6.272,6.402
5386674.83,17392,0.12,9.096,9.216
5386880.54,17393,0.155,4.042,4.198
5386893.8,17394,0.127,7.018,7.145
5386901.36,17392,0.141,4.195,4.336
5386920.35,17393,0.096,8.158,8.254
5386931.55,17394,0.07,12.139,12.209
5386932.49,17393,0.099,12.051,12.15
5386969.04,17392,0.083,7.716,7.799
5387060.27,17394,0.087,12.13,12.217
5387082.24,17393,0.074,7.019,7.093
5387126.81,17392,0.116,8.157,8.273
5387404.99,17394,0.14,7.78,7.919
5387587.07,17393,0.164,6.574,6.739
5387711.63,17392,2.036,9.511,11.547
5387713.89,17394,1.03,6.809,7.839
5387761.93,17393,0.137,4.015,4.152
5387794.27,17392,0.271,6.495,6.766
5387819.33,17394,0.083,6.186,6.269
5387900.93,17393,0.107,4.106,4.213
5388025.64,17392,0.091,8.101,8.193
5388133.44,17394,0.112,4.241,4.353
5388241.99,17393,0.147,5.034,5.181
5388290.21,17392,3.513,8.076,11.589
5388455.63,17394,0.121,5.998,6.12
5388465.49,17393,0.087,8.108,8.196
5388477.19,17392,0.092,8.034,8.126
5388485.49,17394,0.118,12.32,12.437
5388604.16,17393,2.078,4.033,6.112
5388609.3,17392,0.07,4.038,4.108
5388668.27,17394,0.095,5.122,5.216
5388848.23,17393,0.127,4.031,4.158
5388880.36,17392,0.163,8.003,8.166
5388942.94,17394,0.145,5.673,5.818
5389028.34,17393,0.121,6.158,6.279
5389032.33,17392,0.088,4.151,4.239
5389048.69,17393,0.073,7.182,7.255
5389161.39,17394,0.121,7.187,7.308
5389209.01,17392,1.336,7.901,9.237
5389313.2,17393,0.151,4.154,4.305
5389371.4,17394,1.424,8.28,9.704
5389476.64,17392,0.161,3.998,4.158
5389494.14,17393,0.089,7.984,8.072
5389658.02,17394,0.13,8.806,8.936
5389660.19,17392,0.07,11.783,11.853
5389662.02,17393,0.07,7.669,7.739
5389674.05,17394,0.078,6.076,6.153
5389848.01,17392,0.165,3.933,4.098
5389885.91,17393,0.1,4.077,4.177
5389946.33,17394,1.046,4.225,5.271
5390213.5,17392,1.049,8.371,9.42
5390274.08,17393,0.133,5.092,5.225
5390279.24,17394,0.073,7.112,7.185
5390531.39,17392,0.145,6.096,6.241
5390677.51,17393,0.122,6.008,6.129
5390776.63,17394,0.143,4.109,4.253
5390802.74,17392,0.126,5.993,6.119
5390819.25,17393,0.109,4.076,4.185
5390836.59,17394,0.107,10.182,10.289
5390867.92,17392,0.134,4.779,4.913
5390936.56,17393,0.1,4.391,4.491
5391055.14,17394,0.15,4.129,4.279
5391138.62,17392,0.121,4.012,4.133
5391352.1,17393,0.187,5.018,5.205
5391370.61,17394,0.146,4.203,4.349
5391627.55,17392,0.197,8.259,8.455
5391753.92,17393,0.194,6.414,6.608
5391788.16,17394,0.105,16.346,16.451
5391788.26,17392,1.405,9.932,11.337
5391850.95,17393,0.126,6.132,6.258
5391949.98,17394,0.111,6.798,6.909
5391963.89,17392,0.102,5.956,6.058
5391975.24,17393,1.082,8.149,9.231
5392004.25,17394,0.084,4.469,4.553
5392015.45,17392,0.091,6.307,6.398
5392030.55,17393,0.074,4.005,4.08
5392045.46,17394,0.067,17.989,18.056
5392045.81,17392,0.062,12.695,12.758
5392090.43,17393,0.117,4.136,4.253
5392145.27,17394,0.081,6.135,6.216
5392164.22,17392,0.083,4.199,4.281
5392200.16,17393,1.05,9.036,10.086
5392203.9,17394,0.109,5.137,5.246
5392242.21,17393,0.158,3.932,4.09
5392245.8,17392,0.067,6.095,6.162
5392258.66,17393,0.156,3.995,4.151
5392265.65,17394,0.078,4.087,4.165
5392315.85,17392,0.146,10.182,10.328
5392319.52,17393,2.04,4.418,6.458
5392367.41,17392,0.153,4.515,4.668
5392422.56,17394,0.108,3.996,4.104
5392433.75,17393,0.082,4.987,5.07
5392473.56,17392,0.085,12.964,13.049
5392486.93,17394,0.074,11.815,11.889
5392495.17,17393,0.076,4.05,4.126
5392535.61,17392,0.123,5.197,5.32
5392566.98,17394,0.078,4.094,4.172
5392597.33,17393,1.027,8.25,9.277
5392615.99,17392,0.075,5.729,5.804
5392698.6,17394,2.206,6.417,8.623
5392702.62,17393,0.058,8.505,8.563
5392732.88,17392,0.094,4.255,4.349
5392798.37,17394,0.127,4.25,4.378
5392807.62,17393,0.103,6.008,6.111
5392809.24,17392,1.315,4.125,5.44
5392832.6,17394,0.081,7.57,7.651
5392833.11,17393,0.639,3.936,4.575
5392911.11,17392,2.471,8.002,10.473
5392940.29,17394,0.132,4.081,4.213
5392968.61,17392,0.08,6.003,6.083
5392970.91,17393,0.121,9.806,9.927
5392985.21,17394,2.029,10.135,12.165
5392988.97,17392,0.065,7.98,8.045
5393000.48,17393,1.061,4.364,5.424
5393012.78,17392,0.054,8.14,8.194
5393013.08,17394,0.058,10.88,10.938
5393017.49,17393,0.066,4.561,4.627
5393062.21,17394,0.09,8.092,8.181
5393144.93,17392,0.119,7.139,7.258
5393195.88,17393,4.029,8.793,12.823
5393263.51,17394,0.185,8.122,8.307
5393358.25,17392,1.82,8.1,9.92
5393449.35,17393,0.128,8.144,8.272
5393458.09,17394,0.095,4.186,4.281
5393478.74,17392,0.086,6.145,6.231
5393495.98,17393,0.106,4.095,4.201
5393629.3,17394,0.266,5.499,5.766
5393704.08,17392,0.148,4.009,4.157
5393995.9,17393,0.167,5.643,5.81
5394046.13,17394,0.126,7.158,7.284
5394096.43,17392,0.124,4.11,4.233
5394155.17,17393,0.1,6.017,6.117
5394194.2,17394,0.089,6.116,6.205
5394375.91,17392,0.178,8.899,9.077
5394383.99,17393,0.89,6.039,6.93
5394408.92,17394,0.11,5.278,5.388
5394625.04,17392,0.794,4.244,5.038
5394730.75,17393,0.181,5.31,5.491
5394733.11,17394,0.087,5.071,5.158
5394737.32,17392,0.097,4.001,4.098
5394743.37,17393,0.07,9.875,9.945
5394818.51,17394,0.097,7.054,7.151
5394838.16,17392,0.079,8.029,8.108
5395022.64,17393,0.125,4.108,4.232
5395148.2,17394,0.127,12.215,12.342
5395278.2,17392,0.193,5.438,5.631
5395290.47,17393,2.064,8.338,10.403
5395444.64,17394,0.118,4.034,4.152
5395510.14,17392,0.147,9.857,10.005
5395573.15,17393,3.274,10.046,13.32
5395589.06,17394,1.636,5.974,7.61
5395680.45,17392,0.095,6.864,6.959
5395698.08,17393,1.9,3.945,5.845
5395712.8,17394,0.087,4.023,4.11
5395769.21,17393,0.091,4.062,4.153
5395771.3,17392,0.087,8.155,8.241
5395820.94,17394,0.082,4.945,5.028
5395862.8,17393,0.103,4.073,4.176
5395876.66,17392,0.086,7.072,7.158
5396020.88,17394,0.131,5.164,5.296
5396159.83,17393,0.133,8.042,8.175
5396201.7,17392,0.112,4.261,4.373
5396319.73,17394,0.206,6.481,6.687
5396453.68,17393,0.155,7.038,7.193
5396545.05,17392,0.114,6.865,6.979
5396652.14,17394,0.111,7.964,8.076
5396686.56,17393,0.095,3.968,4.063
5396696.25,17392,0.094,8.089,8.183
5396808.16,17393,1.031,10.06,11.092
5396808.37,17394,0.236,14.537,14.774
5396971.29,17392,0.15,8.282,8.432
5397114.74,17393,0.132,7.13,7.262
5397303.47,17394,0.164,7.102,7.266
5397396.09,17392,0.166,6.585,6.751
5397431.01,17393,0.14,4.121,4.261
5397479.22,17394,0.114,8.039,8.153
5397564.57,17392,0.104,8.216,8.321
5397605.4,17393,0.09,4.177,4.267
5397611.28,17394,0.071,6.048,6.119
5397616.32,17392,0.067,8.202,8.27
5397639.12,17393,1.123,8.038,9.161
5397653.22,17394,1.037,8.132,9.168
5397664.38,17392,0.059,3.984,4.042
5397733.83,17394,0.061,6.003,6.064
5397735.95,17393,2.068,10.841,12.909
5397740.92,17392,0.07,5.776,5.846
5397743.34,17393,0.583,3.979,4.562
5397840.29,17394,0.172,8.068,8.24
5397857.94,17392,0.093,4.182,4.274
5397877.94,17393,0.175,4.572,4.748
5397888.78,17392,0.059,5.062,5.121
5397890.85,17394,0.999,9.782,10.782
5397953.17,17393,0.148,4.989,5.137
5398033.17,17392,0.12,8.984,9.104
5398088.43,17393,0.087,6.162,6.249
5398091.16,17394,2.089,12.057,14.147
5398117.53,17392,0.087,7.052,7.139
5398120.14,17393,0.061,4.032,4.092
5398126.84,17394,0.061,6.376,6.436
5398195.53,17392,0.096,5.253,5.349
5398203.15,17393,0.116,4.33,4.446
5398293.07,17394,2.901,5.928,8.829
5398320.09,17392,0.168,4.228,4.396
5398384.53,17393,0.156,4.26,4.416
5398391.83,17394,0.09,6.124,6.214
5398434.74,17392,0.089,6.16,6.248
5398468.02,17393,0.844,4.896,5.74
5398478.27,17394,0.086,4.389,4.475
5398540.14,17392,1.985,18.053,20.038
5398540.19,17393,0.085,11.919,12.005
5398558.91,17394,0.087,4.22,4.307
5398571.73,17392,0.077,6.02,6.098
5398576.22,17393,1.191,4.41,5.601
5398583.98,17394,0.071,4.011,4.083
5398628.13,17392,3.116,9.963,13.079
5398639.92,17393,0.063,8.012,8.076
5398694.37,17392,0.1,6.227,6.327
5398695.44,17394,0.089,9.108,9.197
5398696.16,17393,0.054,4.358,4.412
5398733.34,17392,0.078,13.213,13.292
5398754.36,17394,0.085,3.964,4.049
5398817.35,17393,0.912,9.07,9.982
5398827.87,17392,0.079,9.161,9.239
5398841.57,17394,0.093,4.148,4.241
5398858.1,17393,1.925,16.015,17.94
5398858.31,17394,3.367,11.231,14.598
5398858.38,17392,5.112,12.315,17.427
5398884.54,17393,1.018,16.474,17.492
5398887.82,17394,0.052,16.702,16.754
5398888.65,17392,1.722,8.573,10.295
5398893.05,17393,0.842,4.118,4.96
5398907.77,17394,0.101,4.397,4.498
5398914.29,17392,0.095,4.111,4.206
5398930.29,17393,1.264,4.04,5.304
5398968.16,17394,0.087,11.03,11.117
5398968.31,17392,0.056,6.22,6.276
5399017.34,17393,0.098,4.181,4.279
5399037.8,17394,0.091,6.142,6.233
5399058.61,17392,0.077,6.484,6.561
5399062.31,17393,0.052,6.609,6.661
5399064.52,17394,0.048,4.438,4.486
5399106.66,17392,0.079,7.078,7.157
5399132.93,17393,0.11,4.04,4.15
5399148.78,17394,1.924,12.124,14.047
5399172.75,17392,0.08,9.942,10.023
5399180.2,17393,0.061,8.097,8.158
5399191.31,17392,3.02,8.253,11.273
5399209.17,17394,0.087,4.223,4.31
5399240.83,17393,0.078,7.754,7.833
5399251.3,17392,5.035,8.214,13.25
5399287.94,17394,0.148,5.996,6.144
5399304.51,17393,0.115,4.102,4.217
5399374.39,17392,1.859,10.267,12.127
5399460.5,17394,1.667,8.379,10.045
5399503.18,17393,2.035,7.082,9.117
5399530.16,17392,0.107,4.044,4.151
5399592.64,17394,2.03,10.56,12.59
5399594.83,17393,0.079,4.713,4.792
5399604.51,17392,2.027,5.424,7.451
5399676.65,17394,0.086,5.883,5.969
5399716.07,17393,0.093,5.698,5.791
5399753.48,17392,0.135,11.269,11.403
5399810.05,17394,0.094,5.654,5.748
5399846.81,17393,0.093,9.654,9.747
5399859.86,17392,0.089,6.13,6.219
5399872.64,17394,0.077,4.225,4.302
5399949.89,17392,0.057,4.091,4.147
5399950.33,17393,0.095,10.076,10.171
5399972.97,17394,0.071,4.061,4.132
5399988.2,17392,0.071,8.201,8.271
5399988.32,17393,0.059,5.044,5.103
5400004.91,17394,0.139,7.885,8.024
5400027.97,17392,1.028,9.895,10.923
5400034.27,17393,0.132,13.104,13.236
5400035.19,17394,0.061,8.466,8.527
5400044.1,17392,3.022,12.025,15.046
5400044.53,17393,4.194,10.192,14.386
5400056.82,17394,0.067,6.961,7.028
5400065.08,17392,0.119,3.897,4.016
5400102.55,17393,0.172,4.339,4.511
5400107.65,17394,0.062,7.415,7.477
5400123.25,17392,0.528,12.171,12.699
5400125.1,17393,4.186,10.021,14.207
5400126.19,17394,0.055,10.0,10.055
5400147.08,17392,3.905,6.132,10.037
5400153.09,17393,0.831,10.014,10.845
5400165.32,17394,0.067,7.099,7.166
5400187.12,17392,0.056,8.032,8.088
5400190.08,17393,1.027,4.016,5.043
5400227.15,17392,0.065,4.047,4.112
5400233.91,17394,0.067,4.117,4.184
5400263.45,17393,0.127,3.995,4.123
5400273.29,17392,0.086,9.009,9.095
5400298.96,17394,0.088,8.14,8.228
5400348.27,17393,0.131,4.054,4.185
5400364.28,17392,0.102,8.113,8.216
5400390.7,17394,0.146,7.575,7.721
5400424.6,17393,0.109,3.996,4.105
5400448.33,17392,0.085,9.195,9.28
5400466.27,17394,0.101,4.106,4.207
5400475.17,17393,0.108,8.377,8.484
5400482.24,17392,1.863,8.149,10.012
5400509.29,17393,0.081,4.171,4.252
5400522.01,17394,3.021,5.93,8.951
5400528.29,17392,2.019,8.235,10.254
5400650.5,17393,0.128,11.295,11.423
5400676.19,17394,0.107,5.565,5.672
5400692.1,17392,0.091,5.949,6.04
5400700.07,17393,0.09,6.43,6.52
5400748.68,17394,0.168,4.838,5.006
5400783.42,17392,0.166,8.183,8.35
5400793.76,17393,0.105,4.984,5.089
5400800.63,17394,0.061,8.071,8.131
5400816.23,17393,0.078,11.099,11.177
5400836.59,17392,0.117,4.164,4.281
5400844.73,17394,0.068,6.035,6.103
5400853.36,17393,0.064,4.012,4.076
5400879.5,17392,0.252,8.197,8.449
5400912.85,17393,0.061,4.083,4.144
5400916.04,17394,0.082,9.144,9.225
5400934.44,17392,0.074,10.592,10.667
5400936.43,17393,0.062,7.647,7.71
5400943.32,17394,0.07,8.02,8.09
5400960.97,17392,0.076,4.26,4.336
5400984.71,17393,0.075,4.125,4.2
5400994.16,17394,0.069,8.043,8.112
5401053.06,17392,1.06,7.96,9.021
5401053.15,17393,0.169,5.931,6.1
5401076.87,17394,0.091,6.033,6.123
5401090.09,17392,1.03,4.007,5.037
5401116.55,17393,0.069,4.013,4.082
5401135.57,17394,0.062,9.56,9.623
5401143.87,17392,0.634,8.174,8.808
5401148.17,17393,1.357,10.051,11.409
5401163.04,17394,0.086,7.077,7.162
5401196.74,17392,0.073,4.323,4.396
5401252.26,17393,0.075,7.993,8.068
5401256.6,17394,0.065,8.331,8.396
5401301.52,17392,0.155,7.019,7.173
5401334.98,17393,0.127,5.967,6.094
5401415.16,17394,2.035,8.054,10.089
5401422.76,17393,0.096,9.593,9.69
5401424.17,17392,3.108,15.033,18.141
5401452.59,17394,0.1,3.975,4.074
5401466.52,17393,0.141,4.339,4.48
5401509.28,17392,0.086,4.387,4.473
5401552.38,17394,0.099,7.05,7.149
5401565.92,17393,0.141,10.004,10.145
5401612.14,17394,5.04,9.033,14.074
5401616.37,17392,5.075,15.188,20.263
5401617.13,17393,6.863,12.014,18.877
5401620.45,17394,11.838,8.224,20.063
5401637.27,17392,0.074,10.139,10.213
5401660.0,17393,0.617,7.906,8.523
5401703.05,17394,0.104,10.874,10.978
5401703.4,17392,0.118,7.324,7.442
5401747.88,17393,0.108,8.303,8.411
5401754.17,17394,2.25,4.06,6.31
5401788.87,17392,0.076,5.913,5.989
5401829.43,17393,0.089,4.067,4.156
5401839.14,17394,0.064,6.034,6.098
5401930.18,17392,0.093,8.032,8.125
5401934.15,17393,2.021,8.062,10.084
5401944.13,17394,0.069,10.022,10.09
5401961.09,17393,1.281,10.007,11.288
5401964.2,17392,0.071,6.083,6.154
5401983.11,17394,0.077,3.992,4.069
5401998.83,17393,0.106,5.03,5.136
5402036.32,17392,1.926,12.214,14.14
5402082.36,17394,0.144,3.944,4.089
5402132.02,17392,0.923,4.009,4.933
5402132.94,17393,0.172,7.692,7.863
5402154.2,17394,0.111,4.089,4.199
5402168.01,17392,0.071,3.882,3.953
5402181.25,17393,0.085,5.913,5.997
5402186.45,17394,0.058,5.076,5.134
5402226.36,17392,0.081,4.234,4.315
5402230.1,17393,0.053,5.965,6.018
5402246.97,17392,0.08,6.988,7.067
5402251.28,17394,0.097,5.878,5.975
5402323.85,17393,0.162,5.163,5.326
5402340.58,17392,0.109,4.007,4.116
5402364.03,17394,0.106,4.102,4.207
5402555.69,17393,0.163,7.436,7.6
5402655.26,17392,0.121,4.072,4.193
5402682.73,17394,0.112,6.167,6.28
5402710.32,17393,0.101,9.386,9.488
5402822.22,17392,0.124,7.878,8.003
5402899.77,17394,0.119,10.089,10.208
5402926.18,17393,1.458,12.026,13.484
5403022.39,17392,1.032,5.289,6.32
5403088.91,17394,2.039,6.822,8.862
5403103.27,17393,0.137,7.147,7.283
5403114.57,17392,0.22,4.286,4.506
5403127.59,17394,0.084,5.011,5.095
5403172.97,17393,0.094,7.141,7.235
5403197.52,17392,0.07,6.36,6.43
5403217.51,17394,0.087,4.371,4.458
5403270.92,17393,0.141,6.365,6.506
5403356.16,17392,0.148,4.902,5.05
5403453.85,17394,0.12,9.158,9.278
5403464.2,17393,2.032,6.113,8.144
5403512.17,17392,2.036,9.067,11.103
5403556.85,17394,0.111,6.966,7.077
5403562.28,17393,0.075,8.147,8.221
5403641.92,17392,0.138,3.943,4.081
5403680.34,17394,0.11,7.145,7.255
5403687.21,17393,0.077,6.081,6.158
5403704.37,17392,0.078,7.142,7.219
5403716.22,17394,0.108,4.033,4.141
5403721.55,17393,0.082,5.159,5.241
5403739.95,17392,0.087,6.999,7.086
5403767.72,17394,0.069,6.077,6.146
5403782.47,17393,0.063,8.315,8.378
5403829.55,17392,0.069,7.486,7.555
5403836.3,17394,0.053,9.212,9.265
5403844.14,17393,0.06,10.041,10.101
5403872.72,17392,0.062,6.519,6.581
5403922.01,17394,0.086,6.046,6.132
5403943.01,17393,0.076,4.1,4.176
5403954.84,17392,0.068,6.586,6.655
5403968.55,17394,0.058,4.05,4.109
5403973.21,17393,0.063,4.014,4.077
5403996.07,17392,1.881,9.981,11.862
5404002.12,17394,0.052,8.036,8.087
5404008.42,17392,0.053,6.188,6.241
5404039.04,17393,0.068,5.728,5.796
5404045.11,17394,0.055,5.952,6.007
5404064.02,17392,1.603,5.902,7.505
5404117.21,17393,0.074,10.078,10.153
5404123.19,17394,0.052,8.099,8.151
5404138.05,17393,0.06,3.949,4.01
5404140.31,17392,0.074,9.003,9.077
5404175.5,17394,0.068,5.994,6.062
5404206.84,17393,0.072,5.725,5.797
5404215.09,17392,2.655,5.021,7.676
5404219.05,17394,0.056,5.955,6.011
5404234.24,17393,0.07,8.275,8.345
5404244.21,17392,2.062,10.095,12.158
5404269.06,17393,3.004,6.348,9.351
5404274.07,17394,1.855,5.985,7.84
5404345.13,17392,2.025,12.009,14.034
5404347.04,17393,0.104,9.878,9.983
5404349.04,17394,0.098,5.876,5.974
5404370.88,17392,0.091,4.052,4.143
5404415.46,17393,0.078,7.747,7.825
5404421.27,17392,0.076,8.078,8.154
5404422.52,17394,0.082,10.039,10.122
5404438.51,17393,0.07,9.008,9.078
5404443.73,17392,0.053,9.639,9.692
5404446.09,17394,2.042,8.004,10.047
5404451.91,17393,0.077,3.911,3.987
5404480.18,17392,0.081,4.43,4.511
5404487.5,17394,0.106,5.227,5.333
5404503.12,17393,0.08,7.999,8.079
5404521.29,17392,0.117,8.234,8.351
5404554.16,17394,0.088,4.023,4.111
5404568.4,17393,0.084,4.074,4.158
5404572.62,17392,0.057,4.068,4.125
5404585.6,17394,0.062,5.981,6.042
5404621.21,17393,0.078,3.985,4.063
5404642.15,17392,0.089,4.161,4.25
5404686.06,17394,0.071,4.143,4.214
5404697.13,17393,0.068,4.018,4.087
5404719.37,17392,0.068,4.261,4.329
5404748.61,17394,0.078,6.054,6.132
5404760.54,17393,0.069,6.891,6.96
5404767.6,17392,0.052,4.092,4.144
5404929.14,17394,0.126,4.039,4.165
5404952.2,17393,0.125,4.198,4.322
5404975.99,17392,0.082,9.894,9.976
5404979.17,17394,0.05,11.51,11.559
5404981.19,17393,0.057,4.273,4.329
5404988.33,17392,0.279,8.989,9.268
5404988.97,17394,0.065,4.108,4.173
5404993.51,17393,0.051,4.094,4.145
5405043.42,17392,0.077,6.973,7.05
5405060.37,17394,0.076,6.127,6.203
5405078.98,17393,2.023,3.922,5.945
5405099.32,17392,0.083,8.729,8.812
5405103.06,17394,0.063,5.958,6.021
5405159.46,17393,0.141,4.046,4.187
5405179.3,17392,0.081,11.142,11.223
5405223.84,17393,0.105,5.688,5.793
5405227.39,17394,2.767,11.192,13.959
5405269.69,17392,0.11,11.519,11.629
5405274.27,17393,0.064,8.692,8.756
5405300.64,17394,0.187,12.054,12.241
5405300.93,17392,2.371,8.824,11.194
5405320.6,17393,0.096,9.959,10.055
5405322.61,17394,1.368,10.306,11.675
5405322.73,17392,2.411,6.658,9.069
5405335.44,17393,0.099,7.689,7.788
5405392.03,17394,0.177,4.193,4.37
5405468.56,17392,0.112,7.617,7.729
5405610.22,17393,0.117,8.031,8.148
5405614.08,17394,0.081,7.939,8.02
5405655.7,17392,0.113,6.967,7.08
5405691.28,17394,0.066,9.19,9.256
5405694.24,17393,0.106,13.155,13.261
5405697.39,17392,1.906,10.336,12.242
5405698.36,17394,1.981,6.991,8.972
5405717.79,17393,0.074,5.665,5.739
5405816.53,17392,0.098,8.263,8.36
5405965.07,17394,0.125,10.546,10.671
5406145.4,17393,0.164,22.141,22.305
5406156.23,17392,2.425,13.095,15.52
5406174.3,17393,4.057,11.15,15.207
5406242.49,17394,0.17,4.088,4.258
5406262.22,17392,0.098,4.06,4.158
5406429.2,17393,0.982,8.086,9.068
5406457.11,17394,0.121,7.08,7.201
5406796.72,17392,0.274,6.074,6.348
5406913.17,17393,0.14,8.37,8.51
5406972.79,17394,0.161,4.154,4.314
5407112.42,17392,0.164,7.949,8.112
5407135.53,17393,0.233,10.335,10.567
5407150.37,17394,0.099,6.109,6.208
5407388.88,17392,0.282,4.172,4.454
5407426.82,17393,0.121,4.023,4.143
5407431.42,17394,0.088,4.084,4.172
5407454.21,17392,0.091,7.067,7.158
5407549.48,17393,0.131,6.091,6.223
5407737.37,17394,0.195,4.073,4.268
5407799.26,17392,0.17,4.037,4.206
5407935.14,17393,1.048,8.021,9.069
5408156.22,17394,0.153,4.987,5.141
5408195.54,17392,0.104,7.365,7.469
5408220.56,17393,0.102,4.397,4.498
5408239.56,17394,0.084,5.95,6.034
5408383.33,17392,0.137,7.001,7.139
5408555.9,17393,0.141,4.461,4.602
5408588.12,17394,2.037,8.018,10.054
5408654.8,17392,0.112,7.181,7.293
5408700.71,17393,0.101,9.168,9.268
5408705.27,17394,0.08,6.941,7.021
5408753.58,17392,0.096,4.418,4.514
5408791.93,17392,0.06,6.106,6.166
5408793.35,17393,0.095,10.729,10.824
5408795.39,17394,0.061,10.994,11.054
5408803.72,17393,1.634,10.277,11.911
5408804.49,17392,0.073,5.036,5.109
5408826.17,17394,0.07,8.053,8.123
5408856.64,17393,0.092,6.299,6.391
5408878.18,17392,0.074,8.056,8.13
5408899.44,17393,0.069,7.318,7.387
5408899.65,17394,0.085,10.804,10.889
5408923.34,17392,0.073,3.972,4.045
5408937.24,17393,0.078,6.055,6.133
5408996.67,17394,2.024,10.604,12.628
5408998.84,17392,0.071,8.727,8.798
5409002.85,17393,0.064,4.115,4.178
5409006.99,17394,0.059,5.949,6.008
5409121.73,17392,0.091,3.977,4.068
5409119.99,17393,0.134,8.312,8.446
5409133.55,17394,0.088,6.011,6.099
5409138.7,17393,0.098,4.985,5.083
5409143.56,17392,0.054,8.026,8.079
5409168.1,17393,3.407,8.029,11.436
5409169.89,17394,0.08,4.093,4.173
5409187.23,17392,0.082,3.982,4.064
5409192.01,17393,0.064,3.92,3.985
5409217.31,17394,0.079,8.002,8.081
5409251.62,17392,0.094,4.054,4.148
5409269.81,17393,0.126,4.153,4.279
5409337.23,17394,0.235,8.906,9.141
5409363.77,17392,4.084,8.625,12.709
5409376.18,17393,0.092,7.491,7.584
5409444.79,17394,0.109,12.621,12.73
5409450.06,17392,0.081,7.897,7.978
5409455.32,17394,0.06,9.558,9.619
5409455.6,17393,0.128,11.272,11.4
5409464.5,17392,0.066,10.918,10.984
5409481.21,17394,0.088,3.916,4.004
5409489.51,17393,0.092,4.731,4.822
5409497.56,17392,0.07,4.2,4.269
5409566.92,17394,0.119,4.256,4.375
5409681.32,17393,0.14,10.105,10.245
5409683.17,17392,1.65,6.1,7.751
5409705.66,17394,0.1,8.162,8.262
5409725.3,17394,0.08,4.033,4.114
5409725.9,17393,1.604,10.838,12.442
5409726.02,17392,2.881,8.94,11.821
5409832.28,17394,0.121,8.202,8.324
5409856.96,17393,0.111,9.077,9.188
5409882.21,17392,0.114,6.304,6.418
5409926.89,17394,0.096,9.727,9.823
5409932.41,17393,0.107,8.075,8.182
5409949.08,17392,0.081,5.955,6.037
5409964.24,17394,0.082,4.181,4.263
5409974.13,17393,1.028,4.057,5.085
5410007.28,17392,0.087,14.116,14.203
5410012.63,17394,0.061,9.529,9.59
5410046.66,17393,0.085,3.939,4.024
5410095.39,17392,0.086,10.261,10.347
5410097.18,17394,0.077,7.056,7.134
5410116.5,17393,2.029,12.418,14.447
5410151.15,17392,0.069,10.155,10.224
5410155.04,17394,2.02,9.968,11.988
5410156.09,17393,1.021,8.023,9.043
5410159.41,17392,0.192,8.185,8.376
5410193.68,17394,0.125,6.894,7.02
5410230.69,17393,0.081,10.937,11.018
5410235.15,17392,0.075,8.762,8.837
5410250.42,17394,0.075,9.547,9.622
5410253.17,17393,0.046,9.944,9.99
5410262.93,17392,0.091,7.18,7.271
5410270.35,17394,0.063,6.032,6.095
5410284.03,17393,0.15,4.113,4.263
5410307.98,17392,0.132,4.103,4.236
5410335.74,17394,0.097,12.287,12.385
5410354.13,17393,0.106,12.967,13.072
5410355.3,17392,0.077,10.762,10.839
5410421.03,17394,0.162,7.59,7.752
5410429.3,17393,0.133,8.031,8.164
5410453.37,17392,0.125,4.431,4.556
5410469.69,17394,0.091,8.262,8.354
5410489.74,17393,0.088,12.022,12.11
5410498.38,17392,0.884,14.598,15.482
5410502.05,17394,2.724,12.148,14.872
5410546.01,17393,0.141,4.235,4.376
5410556.59,17392,0.097,8.427,8.524
5410557.04,17394,0.071,4.863,4.934
5410577.22,17393,0.094,7.024,7.119
5410615.26,17392,1.121,13.054,14.175
5410664.35,17394,0.129,4.097,4.226
5410668.55,17394,2.701,4.048,6.749
5410676.33,17392,0.103,4.102,4.205
5410685.75,17393,0.073,5.065,5.138
5410696.14,17393,1.26,8.063,9.322
5410699.42,17394,0.064,14.304,14.368
5410703.97,17393,0.99,5.932,6.922
5410705.83,17392,0.049,10.737,10.786
5410740.95,17394,0.073,4.224,4.297
5410772.42,17392,0.081,3.948,4.029
5410846.92,17393,0.095,7.212,7.307
5411255.57,17394,0.136,8.354,8.49
5411270.2,17392,0.11,8.035,8.145
5411274.09,17393,0.068,9.954,10.022
5411302.54,17394,0.143,5.011,5.154
5411368.2,17392,0.142,5.195,5.338
5411375.33,17393,2.038,8.228,10.266
5411378.18,17394,0.077,8.249,8.326
5411392.32,17392,0.076,8.202,8.279
5411396.6,17393,0.409,4.146,4.555
5411408.84,17394,0.071,15.716,15.787
5411410.25,17392,1.389,14.182,15.571
5411414.16,17393,0.117,4.087,4.204
5411427.15,17392,0.074,5.035,5.109
5411460.62,17394,0.097,4.368,4.465
5411479.58,17393,0.143,3.964,4.107
5411484.82,17392,0.076,5.087,5.164
5411493.44,17394,0.07,6.08,6.149
5411499.14,17393,0.123,3.974,4.098
5411505.37,17392,0.063,6.264,6.327
5411507.99,17393,1.656,5.938,7.594
5411570.08,17394,0.098,7.042,7.14
5411609.62,17392,0.121,4.216,4.337
5411629.7,17393,0.134,3.95,4.084
5411668.98,17394,0.106,4.556,4.662
5411690.78,17392,0.081,3.96,4.042
5411695.43,17393,0.06,4.129,4.189
5411713.41,17394,0.062,8.534,8.596
5411731.21,17392,0.078,8.079,8.157
5411769.47,17393,0.097,4.206,4.303
5411787.45,17394,0.093,4.48,4.573
5411792.06,17393,0.077,4.187,4.263
5411793.31,17392,0.072,8.05,8.122
5411826.81,17394,0.08,11.684,11.764
5411859.12,17393,0.093,4.026,4.119
5411867.79,17392,0.067,5.999,6.066
5411870.77,17394,0.075,7.927,8.002
5411871.09,17393,0.041,5.892,5.932
5411895.15,17392,1.05,9.063,10.113
5411896.21,17394,0.054,7.013,7.067
5411934.32,17393,0.446,4.097,4.543
5411954.22,17392,0.09,8.036,8.126
5411979.64,17394,0.079,12.011,12.09
5412010.41,17393,0.106,9.304,9.41
5412016.3,17392,0.08,3.937,4.017
5412031.93,17394,1.378,6.312,7.69
5412033.74,17393,0.13,4.934,5.065
5412050.19,17392,0.072,8.065,8.137
5412115.41,17394,0.091,10.13,10.221
5412117.13,17393,0.718,10.041,10.759
5412126.62,17392,0.074,6.033,6.107
5412149.88,17394,0.115,7.776,7.891
5412151.99,17393,0.068,7.926,7.994
5412174.1,17392,2.024,8.029,10.053
5412212.2,17394,0.066,10.086,10.151
5412216.38,17393,0.055,7.286,7.341
5412254.19,17392,0.075,6.064,6.139
5412294.89,17394,0.16,7.644,7.805
5412304.24,17393,0.073,11.625,11.697
5412329.41,17392,0.118,6.211,6.328
5412334.64,17394,0.091,5.042,5.133
5412340.24,17393,0.124,4.06,4.184
5412377.28,17392,0.088,3.984,4.072
5412467.49,17394,1.08,8.389,9.469
5412519.61,17393,0.141,8.132,8.273
5412550.13,17392,0.152,3.999,4.151
5412566.08,17394,0.62,3.993,4.613
5412576.84,17393,0.086,3.99,4.077
5412593.73,17392,0.629,13.616,14.245
5412603.68,17394,0.104,10.523,10.627
5412607.47,17393,0.075,6.797,6.872
5412639.64,17392,2.078,4.502,6.579
5412647.77,17394,0.066,4.082,4.149
5412661.03,17393,0.079,4.123,4.202
5412699.13,17392,0.092,7.145,7.237
5412720.93,17394,0.088,3.979,4.067
5412740.82,17393,0.113,3.979,4.093
5412750.5,17392,0.067,8.057,8.124
5412775.14,17393,0.048,10.053,10.101
5412776.05,17394,1.024,8.961,9.985
5412794.17,17392,0.075,8.048,8.123
5412812.52,17393,0.227,4.577,4.804
5412859.79,17394,0.083,13.142,13.225
5412866.39,17392,0.071,9.84,9.911
5412926.91,17393,0.167,4.406,4.573
5412937.33,17394,2.241,10.184,12.425
5412947.04,17392,0.063,9.923,9.986
5413056.27,17393,0.118,11.074,11.192
5413088.01,17394,0.091,3.934,4.025
5413107.76,17392,0.084,5.078,5.162
5413319.05,17393,0.211,4.132,4.343
5413340.19,17394,0.12,8.001,8.121
5413358.3,17392,0.096,4.012,4.108
5413506.33,17393,0.14,5.568,5.708
5413529.8,17394,0.123,6.053,6.176
5413601.09,17392,0.368,6.223,6.591
5413635.69,17393,0.092,8.089,8.18
5413740.42,17394,0.161,4.163,4.323
5413758.18,17392,0.094,4.017,4.112
5413780.59,17393,0.088,11.446,11.534
5413790.45,17394,0.24,14.163,14.402
5413822.99,17392,0.099,4.023,4.122
5413846.55,17393,0.099,6.06,6.159
5413952.14,17394,0.091,6.06,6.152
5413973.59,17392,0.097,4.003,4.1
5414009.79,17393,0.291,6.256,6.547
5414020.25,17394,0.074,8.121,8.195
5414037.18,17392,1.712,4.072,5.784
5414147.97,17394,0.063,5.995,6.059
5414148.24,17393,0.133,11.138,11.27
5414173.15,17392,0.083,8.015,8.098
5414235.07,17393,0.084,5.591,5.675
5414281.35,17394,2.047,12.239,14.286
5414477.21,17392,1.301,11.084,12.385
5414583.14,17393,0.159,4.053,4.212
5414662.15,17394,0.154,4.469,4.623
5414739.24,17392,3.222,9.11,12.333
5414937.33,17393,0.162,8.079,8.24
5415001.0,17394,0.132,3.997,4.129
5415053.21,17392,0.122,7.021,7.143
5415120.93,17393,0.121,7.887,8.008
5415298.48,17394,0.158,4.189,4.347
5415319.61,17392,0.121,6.018,6.138
5415346.53,17393,1.311,8.422,9.733
5415359.19,17394,2.025,12.107,14.132
5415359.42,17392,0.075,10.297,10.373
5415574.21,17393,0.149,5.978,6.127
5415639.56,17394,0.139,7.117,7.256
5415677.23,17392,0.145,5.1,5.245
5415696.58,17393,2.467,9.917,12.384
5415710.36,17394,0.139,8.738,8.877
5415756.66,17392,0.087,7.143,7.23
5415806.7,17393,1.222,13.164,14.386
5415846.28,17394,0.146,5.052,5.198
5415931.11,17392,0.143,4.128,4.271
5415960.34,17393,0.092,6.033,6.125
5416028.86,17394,2.074,8.726,10.8
5416132.54,17392,0.128,6.043,6.171
5416151.53,17393,0.089,3.975,4.064
5416331.49,17394,0.149,4.147,4.296
5416354.85,17392,2.054,4.084,6.138
5416477.3,17393,0.111,8.785,8.896
5416558.17,17394,0.125,11.968,12.092
5416809.74,17392,0.174,4.025,4.199
5416843.38,17394,0.299,12.186,12.484
5416844.42,17393,2.058,17.316,19.374
5416875.03,17392,0.079,5.899,5.978
5416907.45,17394,0.23,4.372,4.602
5416946.11,17393,0.079,12.177,12.256
5416986.98,17392,0.086,4.076,4.163
5416999.52,17394,0.087,6.38,6.467
5417039.28,17393,1.556,12.2,13.756
5417063.03,17392,0.08,4.079,4.159
5417079.23,17394,0.088,4.242,4.329
5417088.93,17394,0.047,5.028,5.074
5417088.99,17393,0.072,6.186,6.259
5417094.21,17392,0.077,13.153,13.23
5417147.2,17393,0.467,10.092,10.559
5417151.65,17394,1.425,16.202,17.627
5417199.9,17392,0.077,6.958,7.036
5417233.79,17393,0.077,4.126,4.203
5417300.04,17394,0.15,6.07,6.219
5417313.59,17392,0.124,6.138,6.261
5417315.75,17393,0.065,4.672,4.737
5417321.1,17394,0.087,8.018,8.104
5417389.67,17392,0.161,4.066,4.227
5417415.05,17393,0.126,6.073,6.199
5417460.12,17394,1.945,4.0,5.945
5417537.24,17392,0.114,6.143,6.257
5417546.28,17393,0.07,4.306,4.376
5417565.26,17394,0.099,7.998,8.097
5417587.35,17392,0.095,4.175,4.27
5417617.9,17393,0.081,5.346,5.427
5417632.59,17394,0.081,5.106,5.188
5417665.68,17392,0.177,5.236,5.413
5417719.91,17393,0.157,6.157,6.313
5417733.98,17394,0.104,6.062,6.166
5417773.14,17392,0.09,9.992,10.082
5417777.32,17393,0.062,8.217,8.279
5417823.3,17394,0.087,5.942,6.029
5417833.07,17392,0.066,8.156,8.221
5417865.52,17393,0.065,7.038,7.103
5417914.83,17392,0.053,4.026,4.079
5417915.73,17394,0.076,9.118,9.195
5417937.67,17393,0.07,8.383,8.453
5417953.98,17392,0.061,5.002,5.063
5417968.04,17394,0.074,3.934,4.008
5418020.7,17393,0.114,7.379,7.493
5418038.49,17392,0.087,6.019,6.106
5418074.56,17394,0.085,7.866,7.95
5418080.3,17393,0.064,6.088,6.152
5418115.76,17392,0.087,5.618,5.705
5418121.36,17394,0.064,7.588,7.652
5418128.37,17392,0.811,6.904,7.715
5418147.17,17393,0.084,6.121,6.205
5418212.11,17394,0.089,3.972,4.061
5418228.14,17392,0.126,10.827,10.953
5418250.7,17393,0.135,4.13,4.266
5418263.64,17394,0.073,7.942,8.015
5418284.23,17392,0.757,11.115,11.871
5418304.29,17394,0.059,5.169,5.228
5418308.28,17393,0.09,11.022,11.112
5418310.26,17392,1.515,8.183,9.698
5418327.89,17394,0.134,4.347,4.481
5418362.61,17393,0.115,9.421,9.535
5418367.15,17392,0.067,8.335,8.402
5418399.49,17394,0.1,4.2,4.301
5418413.66,17393,0.08,4.23,4.31
5418421.37,17394,0.062,4.594,4.655
5418425.17,17392,0.136,9.333,9.469
5418429.94,17393,0.059,9.387,9.445
5418509.59,17394,0.094,4.037,4.131
5418523.11,17392,1.477,7.035,8.512
5418561.41,17393,0.086,4.27,4.356
5418601.76,17394,0.081,3.996,4.077
5418783.94,17392,0.156,5.904,6.06
5418848.73,17393,0.143,12.354,12.497
5418866.28,17394,0.117,10.668,10.786
5418871.86,17392,0.723,13.07,13.794
5418915.28,17393,0.128,6.309,6.437
5419019.36,17394,0.193,10.084,10.278
5419076.67,17392,1.189,8.544,9.733
5419161.09,17393,2.417,7.964,10.381
5419187.12,17394,0.117,8.258,8.375
5419192.44,17392,0.129,4.336,4.465
5419422.23,17393,0.138,8.01,8.148
5419462.43,17394,0.14,4.068,4.207
5419556.24,17392,0.136,4.424,4.56
5419852.73,17393,1.664,8.531,10.195
5419888.39,17394,0.124,8.153,8.277
5420059.08,17392,0.159,6.976,7.135
5420136.36,17393,1.98,7.189,9.169
5420146.36,17394,0.109,8.181,8.29
5420162.15,17392,0.083,8.017,8.1
5420194.73,17393,0.145,5.635,5.78
5420195.29,17394,0.074,4.517,4.591
5420235.28,17392,2.031,6.193,8.225
5420253.24,17394,0.844,8.116,8.96
5420257.05,17393,1.137,11.981,13.118
5420257.18,17392,2.015,6.134,8.149
5420332.55,17394,0.162,8.179,8.341
5420377.35,17393,0.158,4.09,4.249
5420385.69,17392,0.105,4.282,4.387
5420416.32,17394,0.129,12.105,12.233
5420435.66,17393,0.08,7.524,7.604
5420448.84,17392,0.079,6.056,6.135
5420469.97,17394,0.085,5.835,5.92
5420484.24,17393,0.061,6.134,6.194
5420486.39,17392,0.94,4.314,5.254
5420508.18,17394,0.775,8.083,8.859
5420518.03,17393,0.059,8.921,8.98
5420564.58,17392,0.08,4.02,4.1
5420568.52,17394,0.065,3.994,4.06
5420634.12,17393,0.07,4.76,4.83
5420719.16,17392,0.117,3.979,4.096
5420735.36,17392,0.061,4.079,4.14
5420736.12,17394,1.638,14.022,15.66
5420736.48,17393,3.22,10.39,13.61
5420741.98,17392,0.055,5.939,5.994
5420768.46,17394,0.1,8.324,8.424
5420813.53,17393,0.096,8.105,8.201
5420850.61,17392,0.559,7.997,8.556
5420862.36,17394,0.067,12.021,12.088
5420924.32,17392,2.001,8.107,10.107
5420959.68,17393,0.089,9.58,9.669
5420971.25,17394,0.08,8.128,8.207
5420980.24,17392,1.328,7.165,8.492
5421002.34,17393,0.085,10.762,10.847
5421016.78,17394,0.079,6.023,6.103
5421022.37,17392,0.939,6.279,7.218
5421043.15,17393,0.067,4.039,4.106
5421060.41,17394,0.068,5.975,6.043
5421079.89,17392,0.089,5.099,5.188
5421093.38,17393,0.079,5.979,6.058
5421094.75,17394,0.062,5.635,5.697
5421100.55,17392,0.119,4.086,4.205
5421117.69,17393,0.067,4.106,4.173
5421134.17,17392,0.053,3.977,4.031
5421138.42,17394,0.076,12.129,12.206
5421150.81,17393,0.072,4.072,4.143
5421213.66,17392,0.093,3.99,4.083
5421250.36,17394,0.132,6.008,6.14
5421295.21,17393,0.129,4.051,4.18
5421302.38,17392,0.977,4.234,5.211
5421313.16,17394,0.086,4.021,4.108
5421325.86,17393,0.089,8.434,8.523
5421350.9,17392,0.12,6.085,6.205
5421361.2,17394,0.097,6.122,6.219
5421372.96,17393,0.098,5.128,5.226
5421412.15,17392,0.27,4.034,4.304
5421475.1,17394,1.879,4.002,5.881
5421516.05,17393,2.247,7.888,10.135
5421533.07,17392,1.809,7.395,9.204
5421544.19,17394,0.089,4.045,4.134
5421561.86,17393,0.085,6.392,6.477
5421569.11,17392,0.128,3.958,4.086
5421615.51,17394,0.098,4.065,4.164
5421713.81,17393,0.155,7.719,7.874
5421714.59,17392,0.075,5.931,6.006
5421732.92,17394,0.108,4.077,4.185
5421851.9,17393,0.208,8.66,8.869
5421852.36,17392,0.141,6.095,6.236
5421895.55,17394,1.479,7.243,8.722
5421979.08,17393,1.399,7.98,9.379
5422002.12,17392,0.115,4.032,4.148
5422074.56,17394,1.032,9.469,10.501
5422093.15,17393,0.107,4.09,4.198
5422137.13,17392,0.107,7.122,7.228
5422176.12,17394,0.125,3.936,4.061
5422204.68,17393,0.199,4.196,4.395
5422232.08,17392,2.869,8.003,10.871
5422242.03,17394,0.075,4.047,4.121
5422246.69,17393,0.103,3.92,4.023
5422251.88,17392,0.061,4.128,4.189
5422284.44,17394,0.084,4.16,4.244
5422325.23,17393,2.052,4.096,6.148
5422332.05,17392,0.085,4.045,4.13
5422388.36,17394,1.505,4.078,5.583
5422425.56,17393,0.116,4.07,4.187
5422542.68,17392,0.205,5.545,5.75
5422593.41,17394,0.148,4.046,4.193
5422622.94,17393,0.126,4.017,4.142
5422676.09,17392,0.199,6.16,6.36
5422708.95,17394,0.1,4.167,4.267
5422713.78,17393,0.068,4.629,4.698
5422729.11,17392,2.693,4.029,6.722
5422818.16,17394,0.281,3.997,4.278
5422847.94,17393,0.129,6.084,6.213
5423022.31,17392,0.131,5.937,6.068
5423070.96,17394,0.134,6.007,6.141
5423181.25,17392,1.107,10.118,11.225
5423181.54,17393,0.615,12.437,13.052
5423199.35,17394,0.084,8.403,8.487
5423221.18,17392,0.095,5.029,5.124
5423578.47,17393,0.158,6.117,6.275
5423586.23,17394,0.078,6.108,6.186
5423592.48,17392,0.064,8.776,8.84
5423608.94,17393,0.11,7.259,7.369
5423873.73,17394,0.187,6.153,6.339
5423919.15,17392,0.116,4.967,5.084
5424042.1,17393,0.117,6.069,6.186
5424096.37,17394,0.13,5.805,5.935
5424117.39,17392,0.102,8.213,8.315
5424119.27,17393,0.062,8.113,8.175
5424132.56,17394,0.134,8.271,8.406
5424166.79,17392,0.1,5.258,5.358
5424215.39,17393,0.098,4.227,4.325
5424226.02,17394,1.916,5.934,7.851
5424298.21,17392,0.09,4.071,4.161
5424313.32,17393,0.092,5.123,5.215
5424325.38,17394,0.069,9.058,9.127
5424327.19,17392,3.05,6.076,9.126
5424356.22,17393,0.124,8.024,8.148
5424383.54,17394,0.145,4.095,4.239
5424416.78,17392,0.137,4.456,4.593
5424447.56,17393,0.098,4.178,4.276
5424464.39,17394,0.092,4.143,4.234
5424476.66,17392,0.077,11.098,11.175
5424504.07,17393,2.051,11.968,14.02
5424535.39,17394,0.079,4.12,4.2
5424546.33,17392,1.903,8.245,10.147
5424588.07,17393,0.071,11.079,11.15
5424588.26,17394,0.056,13.174,13.23
5424593.07,17392,0.056,4.964,5.02
5424627.11,17393,0.065,6.18,6.245
5424628.29,17394,0.063,5.16,5.222
5424635.44,17392,0.12,3.889,4.009
5424716.6,17393,0.104,6.022,6.126
5424768.86,17394,0.805,11.982,12.787
5424770.99,17392,2.041,9.91,11.951
5424839.56,17393,0.079,5.038,5.117
5424856.52,17394,0.076,9.192,9.268
5424883.55,17392,0.123,9.16,9.283
5424890.2,17393,0.088,3.977,4.065
5424937.35,17394,0.113,15.286,15.398
5424939.91,17392,0.075,15.122,15.197
5424944.14,17393,1.758,16.04,17.798
5424950.8,17394,6.02,13.368,19.387
5424952.68,17392,0.787,11.928,12.716
5424954.71,17393,3.501,10.502,14.003
5424982.21,17392,0.049,8.016,8.065
5424982.3,17394,0.074,10.192,10.266
5424984.51,17393,0.046,4.438,4.483
5425031.28,17392,0.072,7.937,8.008
5425041.49,17394,0.087,4.092,4.18
5425068.12,17393,2.07,4.004,6.074
5425117.24,17392,0.086,4.104,4.189
5425136.31,17394,0.076,4.07,4.145
5425179.16,17393,2.058,6.057,8.115
5425196.8,17392,0.071,4.179,4.25
5425219.25,17394,0.062,3.945,4.007
5425224.11,17393,0.07,4.13,4.199
5425228.86,17392,0.084,4.041,4.124
5425235.05,17394,0.067,3.944,4.012
5425270.51,17393,0.165,3.971,4.136
5425288.55,17394,0.055,6.347,6.402
5425289.14,17392,0.08,8.592,8.673
5425294.09,17393,0.059,3.999,4.059
5425318.17,17394,0.069,10.091,10.16
5425361.25,17392,1.863,8.09,9.953
5425361.64,17393,2.813,6.525,9.338
5425372.12,17394,0.136,4.294,4.43
5425434.56,17392,0.151,4.326,4.477
5425453.02,17393,0.103,4.109,4.213
5425458.25,17394,0.065,3.973,4.038
5425468.3,17392,0.074,3.977,4.051
5425531.22,17393,0.079,12.029,12.108
5425531.37,17394,0.615,10.27,10.885
5425533.22,17392,0.063,9.151,9.213
5425603.15,17393,2.034,8.055,10.089
5425685.14,17394,0.178,3.962,4.14
5425692.14,17392,0.08,4.009,4.088
5425718.24,17393,0.072,6.114,6.185
5425752.34,17394,0.116,11.15,11.265
5425788.02,17392,0.101,4.042,4.143
5425842.21,17393,0.085,9.06,9.145
5425872.19,17394,0.089,6.054,6.143
5426101.5,17392,0.16,10.268,10.429
5426103.21,17393,0.071,10.094,10.165
5426180.5,17394,0.158,4.079,4.237
5426195.36,17392,0.164,3.912,4.076
5426229.09,17393,2.025,8.007,10.032
5426252.34,17394,0.085,4.375,4.46
5426273.63,17392,0.14,4.031,4.171
5426324.36,17393,0.106,7.956,8.062
5426401.1,17394,0.179,5.02,5.199
5426420.09,17392,0.174,9.731,9.906
5426460.26,17393,0.188,6.124,6.312
5426615.18,17394,0.154,6.047,6.201
5426646.82,17392,0.164,4.034,4.197
5426748.79,17393,1.893,8.653,10.546
5426780.11,17394,0.182,4.006,4.188
5426787.12,17392,0.074,5.981,6.055
5426848.93,17393,0.33,3.989,4.319
5426855.93,17394,0.119,4.022,4.14
5426883.23,17392,1.696,6.047,7.743
5426908.82,17393,0.157,4.127,4.284
5426932.38,17393,0.123,8.169,8.292
5426979.42,17392,0.181,6.19,6.371
5427005.36,17394,0.136,4.157,4.293
5427032.34,17393,0.142,4.159,4.301
5427170.97,17392,0.19,3.996,4.186
5427174.9,17394,0.079,5.017,5.096
5427271.95,17393,0.379,4.263,4.642
5427321.53,17392,0.122,6.336,6.458
5427356.26,17394,0.167,6.005,6.172
5427364.29,17393,0.147,8.066,8.212
5427384.53,17392,2.044,8.404,10.448
5427402.16,17394,0.137,5.961,6.098
5427455.52,17393,0.177,6.393,6.57
5427477.65,17392,0.132,12.025,12.157
5427538.31,17394,1.945,4.143,6.087
5427562.19,17393,0.106,6.028,6.134
5427629.41,17392,0.126,7.097,7.223
5427664.36,17394,0.089,8.206,8.296
5427707.65,17393,0.127,8.542,8.669
5427721.21,17392,0.706,4.115,4.821
5427732.98,17394,0.074,8.055,8.129
5427768.58,17393,0.073,4.329,4.402
5427816.37,17392,0.104,4.08,4.184
5427853.33,17394,0.089,4.183,4.272
5427861.05,17393,0.107,3.993,4.1
5427872.76,17392,0.069,8.151,8.22
5427928.38,17394,0.109,9.35,9.459
5427934.29,17393,0.101,8.135,8.236
5427939.58,17392,1.045,7.547,8.593
5427967.07,17394,0.193,3.985,4.178
5428002.08,17393,2.043,5.981,8.024
5428019.21,17392,2.047,6.097,8.144
5428027.66,17394,0.067,7.069,7.136
5428030.45,17393,0.085,4.38,4.465
5428049.59,17394,2.03,7.524,9.553
5428091.19,17392,0.084,6.108,6.191
5428122.11,17393,0.073,4.082,4.155
5428153.27,17394,0.823,4.16,4.984
5428161.72,17392,0.069,11.791,11.86
5428163.83,17393,2.02,7.77,9.791
5428222.12,17394,0.076,7.996,8.072
5428225.95,17392,0.079,6.33,6.409
5428231.22,17393,0.081,5.123,5.204
5428391.21,17394,0.215,4.102,4.317
5428416.5,17392,0.138,10.297,10.435
5428416.88,17393,1.901,4.8,6.701
5428426.0,17394,0.083,6.236,6.319
5428428.17,17392,0.082,4.059,4.141
5428443.34,17393,0.075,8.839,8.913
5428466.82,17394,0.063,4.173,4.236
5428490.23,17392,0.079,4.101,4.18
5428523.53,17393,0.084,6.142,6.227
5428529.69,17394,0.058,6.667,6.725
5428540.87,17392,0.077,8.037,8.114
5428553.05,17393,0.076,10.9,10.976
5428565.64,17394,0.086,4.136,4.222
5428583.78,17392,0.161,4.079,4.239
5428594.63,17393,0.075,4.002,4.078
5428610.04,17394,0.065,14.958,15.023
5428624.17,17392,2.025,6.106,8.132
5428650.62,17393,0.068,6.083,6.151
5428656.1,17394,0.066,4.089,4.156
5428662.94,17393,0.053,7.742,7.795
5428677.09,17394,0.084,10.339,10.422
5428696.58,17392,0.093,8.136,8.229
5428723.52,17393,0.09,12.377,12.467
5428785.16,17394,2.502,8.034,10.536
5428830.82,17392,0.138,6.103,6.242
5428852.18,17393,0.15,7.607,7.757
5428860.8,17394,0.109,5.06,5.169
5428927.36,17392,0.59,4.123,4.712
5428947.39,17393,0.115,9.697,9.812
5428956.53,17394,0.151,4.069,4.221
5429022.13,17392,0.165,7.97,8.134
5429125.56,17393,0.139,8.029,8.168
5429158.9,17394,0.136,6.072,6.208
5429204.26,17392,0.14,8.031,8.171
5429214.17,17393,2.059,8.052,10.111
5429226.13,17394,0.123,6.013,6.136
5429232.13,17392,1.447,4.053,5.499
5429302.43,17393,0.139,8.199,8.338
5429339.77,17394,0.134,9.215,9.349
5429379.49,17392,0.185,4.336,4.521
5429400.3,17393,0.12,6.412,6.532
5429402.81,17394,0.076,4.684,4.761
5429472.35,17392,3.797,8.237,12.034
5429476.86,17393,0.093,4.017,4.111
5429486.92,17394,0.094,4.164,4.258
5429497.49,17392,0.081,4.099,4.18
5429518.85,17393,0.181,5.28,5.461
5429529.12,17394,0.073,10.131,10.205
5429563.11,17392,0.078,10.981,11.06
5429694.49,17393,0.143,4.14,4.283
5429725.34,17394,0.138,12.172,12.31
5429729.44,17392,0.099,14.298,14.398
5429742.49,17393,0.11,8.825,8.934
5429747.76,17394,0.07,5.877,5.947
5429754.33,17392,0.071,10.203,10.274
5429762.64,17393,0.063,8.174,8.236
5429799.29,17392,0.067,4.07,4.137
5429801.59,17394,0.088,8.01,8.099
5429804.19,17393,0.069,4.076,4.145
5429813.55,17392,0.072,4.132,4.204
5429813.66,17394,0.071,7.432,7.502
5429863.33,17393,0.214,12.225,12.439
5429962.71,17392,0.17,7.122,7.292
5430015.66,17394,0.144,4.084,4.228
5430032.55,17393,0.095,10.637,10.732
5430055.05,17392,0.159,4.225,4.384
5430103.31,17394,0.12,5.123,5.243
5430171.81,17393,0.137,4.047,4.184
5430203.6,17392,0.129,4.093,4.222
5430251.2,17394,2.013,8.096,10.109
5430261.77,17393,0.739,4.68,5.419
5430350.75,17392,0.083,7.527,7.61
5430356.65,17394,0.119,7.428,7.547
5430418.87,17393,0.143,4.933,5.076
5430431.17,17392,0.103,4.556,4.658
5430437.34,17394,0.089,4.168,4.257
5430464.98,17393,0.099,4.081,4.181
5430477.53,17392,0.069,8.269,8.337
5430479.12,17394,0.062,8.007,8.069
5430539.63,17393,0.09,4.1,4.19
5430583.24,17392,2.059,5.125,7.184
5430610.18,17394,0.097,10.665,10.762
5430623.48,17393,0.079,7.456,7.535
5430626.72,17392,0.057,8.608,8.665
5430753.1,17394,0.251,11.539,11.791
5430882.44,17393,0.134,6.214,6.348
5431125.57,17392,0.176,3.942,4.118
5431138.35,17394,0.107,8.16,8.268
5431157.19,17393,0.09,12.08,12.17
5431186.12,17392,2.032,10.041,12.073
5431200.15,17394,1.492,5.055,6.548
5431215.37,17393,0.082,4.231,4.313
5431233.36,17392,0.083,4.227,4.31
5431351.08,17394,0.137,5.042,5.18
5431361.77,17393,0.164,5.108,5.272
5431366.97,17392,0.124,4.972,5.097
5431383.27,17394,0.117,11.329,11.446
5431389.18,17393,0.082,10.06,10.142
5431393.19,17392,0.051,12.061,12.112
5431422.1,17394,2.037,11.981,14.018
5431436.19,17393,0.096,6.036,6.132
5431477.41,17392,0.101,6.799,6.9
5431477.77,17394,0.062,6.323,6.385
5431522.71,17393,0.076,10.078,10.154
5431571.87,17392,0.128,4.629,4.757
5431616.96,17394,0.109,11.666,11.775
5431619.23,17393,0.095,10.072,10.167
5431643.98,17392,0.133,9.123,9.257
5431653.41,17394,0.097,4.126,4.223
5431682.44,17393,0.143,8.347,8.491
5431735.15,17392,1.093,8.019,9.112
5431744.73,17394,0.114,4.099,4.213
5431800.35,17393,2.09,8.183,10.274
5431833.32,17392,0.098,5.918,6.016
5431857.84,17394,0.109,4.085,4.193
5431864.18,17393,0.072,5.143,5.215
5431888.07,17392,0.092,6.247,6.339
5431916.25,17394,1.609,8.118,9.727
5431916.72,17393,1.049,4.632,5.681
5431948.11,17394,1.499,7.997,9.497
5431948.36,17392,0.111,10.252,10.363
5431990.35,17393,0.099,4.188,4.286
5431998.26,17394,0.067,4.067,4.135
5432078.99,17392,0.092,4.064,4.156
5432113.49,17393,0.079,13.67,13.749
5432117.07,17394,0.077,15.226,15.304
5432119.04,17392,0.052,11.326,11.378
5432123.8,17393,4.651,10.23,14.881
5432139.72,17394,2.071,5.912,7.982
5432172.11,17392,0.083,7.983,8.066
5432200.96,17393,0.155,9.809,9.964
5432219.04,17394,0.069,5.911,5.981
5432240.25,17392,0.087,4.029,4.115
5432255.62,17394,0.355,6.08,6.436
5432256.13,17393,0.076,8.312,8.388
5432263.34,17392,0.076,10.958,11.034
5432328.26,17394,0.111,4.269,4.381
5432483.93,17392,0.115,5.016,5.131
5432486.33,17393,2.26,10.006,12.266
5432492.18,17394,2.948,8.067,11.016
5432500.36,17392,0.098,6.364,6.463
5432510.5,17393,0.075,7.043,7.118
5432609.15,17394,0.169,4.046,4.215
5432624.52,17392,0.113,7.968,8.081
5432635.3,17393,0.1,7.959,8.059
5432646.93,17394,0.079,6.131,6.21
5432660.89,17392,0.089,7.505,7.594
5432729.43,17393,0.118,6.244,6.362
5432744.18,17394,0.096,7.024,7.12
5432770.95,17393,1.002,3.907,4.91
5432776.37,17392,2.042,12.235,14.277
5432901.7,17394,2.219,4.6,6.819
5432906.92,17393,0.084,7.312,7.396
5432913.28,17392,0.094,4.126,4.221
5432936.06,17393,0.838,3.994,4.832
5432936.09,17394,0.085,7.161,7.247
5432952.05,17392,0.081,7.999,8.079
5432978.88,17394,0.072,6.995,7.067
5433016.98,17393,0.146,6.334,6.479
5433033.16,17392,0.073,7.039,7.112
5433069.12,17394,3.813,8.041,11.854
5433076.99,17393,0.07,4.517,4.588
5433149.39,17392,0.088,11.24,11.328
5433232.85,17394,0.122,4.115,4.237
5433365.36,17393,0.149,4.149,4.297
5433384.85,17392,2.035,9.737,11.772
5433400.6,17394,0.104,6.135,6.239
5433438.92,17393,0.142,7.873,8.016
5433466.14,17392,0.113,9.661,9.775
5433529.15,17394,0.118,6.972,7.09
5433546.58,17393,0.087,4.119,4.206
5433669.95,17392,0.098,7.112,7.21
5433680.08,17394,0.078,6.957,7.035
5433749.48,17393,0.1,7.054,7.154
5433780.22,17392,1.627,4.088,5.715
5433799.84,17393,3.075,6.747,9.822
5433800.05,17394,0.074,10.931,11.005
5433804.83,17392,0.073,4.089,4.162
5433814.83,17394,0.09,4.061,4.151
5433820.8,17393,0.06,4.131,4.191
5433854.1,17392,1.03,8.019,9.048
5433859.03,17394,0.066,9.207,9.273
5433869.66,17393,0.067,9.368,9.435
5433944.21,17392,0.111,4.028,4.139
5433960.61,17394,0.077,7.217,7.294
5434014.04,17393,0.086,5.948,6.033
5434029.45,17392,0.087,5.537,5.624
5434049.06,17394,0.067,11.032,11.098
5434078.34,17393,0.083,4.064,4.147
5434087.26,17392,0.125,4.132,4.257
5434140.3,17394,0.086,8.152,8.238
5434178.46,17393,0.099,4.02,4.119
5434210.02,17392,0.085,5.871,5.956
5434278.19,17394,0.082,4.054,4.136
5434319.08,17393,0.088,4.025,4.114
5434325.1,17392,0.07,3.979,4.049
5434329.31,17394,0.057,4.034,4.091
5434438.46,17393,0.132,6.246,6.378
5434441.9,17392,0.083,7.72,7.804
5434475.23,17394,0.092,4.086,4.177
5434504.93,17393,0.083,4.076,4.158
5434512.67,17392,0.067,9.35,9.418
5434540.82,17394,0.098,12.683,12.781
5434543.1,17393,0.066,9.083,9.149
5434545.06,17394,0.887,4.146,5.032
5434548.35,17392,0.07,12.225,12.295
5434565.6,17393,0.08,8.174,8.254
5434566.06,17394,0.08,6.823,6.903
5434583.5,17393,0.052,4.376,4.428
5434585.15,17392,0.058,10.054,10.112
5434602.23,17394,0.061,8.124,8.185
5434607.77,17393,0.08,5.078,5.158
5434616.66,17392,0.077,4.139,4.217
5434630.04,17394,1.727,7.974,9.701
5434634.15,17393,0.089,4.03,4.119
5434655.1,17392,0.058,6.999,7.057
5434661.48,17394,0.079,4.008,4.088
5434693.21,17393,0.066,8.1,8.166
5434724.76,17392,0.091,5.015,5.106
5434744.36,17394,1.069,6.248,7.318
5434750.57,17393,0.062,6.077,6.139
5434775.47,17392,0.069,4.073,4.141
5434812.54,17394,0.091,4.281,4.372
5434847.11,17393,0.093,6.859,6.952
5434855.99,17392,0.106,8.208,8.313
5434860.33,17394,0.053,9.319,9.372
5434874.69,17393,0.071,6.279,6.35
5434928.26,17392,0.074,4.132,4.206
5434993.91,17393,1.692,8.104,9.796
5434994.28,17394,2.071,12.163,14.235
5435004.22,17392,0.067,8.101,8.168
5435022.06,17394,1.885,5.994,7.879
5435051.75,17393,0.099,4.043,4.142
5435066.75,17392,0.081,6.653,6.734
5435076.79,17394,0.071,5.091,5.162
5435101.43,17393,2.178,8.209,10.387
5435108.69,17392,0.513,7.14,7.653
5435133.63,17393,0.085,4.239,4.324
5435141.22,17394,0.078,14.44,14.518
5435151.16,17392,0.082,4.101,4.184
5435183.57,17393,0.111,5.289,5.4
5435190.16,17394,1.022,9.089,10.111
5435194.38,17392,0.077,4.098,4.175
5435212.03,17393,0.082,4.051,4.134
5435217.21,17394,0.05,9.019,9.069
5435268.21,17392,0.075,5.084,5.158
5435280.03,17393,0.058,4.089,4.148
5435300.14,17394,0.076,8.02,8.096
5435355.44,17392,0.078,8.143,8.221
5435356.25,17393,0.064,5.037,5.101
5435361.99,17394,0.087,4.011,4.098
5435386.11,17392,0.116,7.939,8.055
5435426.88,17393,0.094,6.554,6.649
5435450.86,17394,0.167,6.097,6.264
5435475.18,17392,0.095,8.025,8.12
5435492.5,17393,0.072,14.245,14.317
5435496.79,17394,4.037,8.707,12.744
5435512.07,17392,0.073,7.955,8.028
5435544.84,17393,0.076,4.609,4.685
5435558.16,17394,0.331,4.076,4.406
5435594.77,17393,0.074,5.698,5.772
5435599.21,17392,0.091,13.22,13.311
5435603.36,17394,2.016,6.312,8.328
5435632.95,17393,0.057,8.06,8.116
5435633.82,17392,0.08,12.342,12.422
5435639.19,17394,4.001,9.917,13.918
5435641.12,17392,3.159,7.17,10.329
5435644.95,17393,4.628,7.881,12.509
5435653.14,17394,0.403,8.1,8.504
5435660.21,17392,0.061,6.998,7.059
5435675.39,17393,2.477,6.314,8.791
5435716.87,17394,0.126,4.255,4.38
5435740.71,17392,0.1,7.778,7.878
5435823.16,17393,0.653,9.041,9.693
5435899.94,17394,1.603,9.75,11.354
5435913.58,17392,0.099,7.996,8.095
5435989.33,17393,0.131,9.137,9.268
5436007.32,17394,0.138,4.108,4.246
5436026.34,17392,0.109,4.164,4.273
5436106.33,17393,1.708,6.224,7.932
5436214.21,17394,0.158,8.109,8.267
5436216.86,17392,0.084,4.613,4.697
5436297.88,17393,0.096,8.058,8.154
5436378.0,17394,0.195,6.148,6.343
5436432.98,17392,0.137,9.765,9.902
5436480.57,17393,0.143,8.237,8.38
5436498.63,17394,0.102,9.058,9.161
5436530.15,17392,0.089,14.005,14.094
5436571.14,17393,0.09,6.994,7.084
5436717.48,17394,0.1,4.013,4.112
5436835.16,17392,0.114,7.978,8.093
5436861.47,17393,0.111,4.063,4.174
5436886.68,17394,0.098,6.339,6.437
5437059.55,17392,0.132,4.032,4.164
5437084.72,17393,0.13,6.52,6.65
5437245.9,17394,0.148,5.582,5.73
5437264.11,17392,2.393,9.968,12.361
5437299.02,17393,0.102,3.947,4.049
5437516.42,17394,0.143,18.174,18.317
5437629.11,17393,1.081,7.961,9.042
5437630.36,17392,0.164,12.125,12.289
5437655.97,17394,0.121,4.099,4.22
5437672.44,17393,0.106,4.028,4.134
5437785.56,17392,0.182,4.242,4.424
5437816.49,17394,2.014,8.262,10.275
5437826.86,17393,0.081,8.998,9.078
5437842.64,17392,0.101,4.19,4.292
5437848.05,17394,0.078,4.139,4.218
5437872.08,17393,0.086,5.188,5.273
5437899.17,17392,0.08,4.558,4.637
5437926.2,17394,0.089,4.043,4.131
5437943.26,17393,0.083,8.019,8.102
5437945.42,17392,0.094,6.354,6.448
5437963.58,17394,0.893,4.624,5.517
5437986.93,17393,0.084,6.098,6.182
5438052.1,17392,0.114,4.017,4.131
5438070.59,17394,0.083,4.43,4.513
5438138.34,17393,0.148,4.056,4.205
5438169.22,17392,2.348,8.051,10.399
5438176.18,17394,1.074,12.022,13.097
5438176.34,17393,1.047,10.231,11.277
5438186.24,17392,0.085,10.096,10.181
5438194.27,17394,0.107,4.175,4.282
5438211.27,17393,0.094,3.983,4.077
5438230.47,17392,0.083,9.586,9.669
5438242.12,17394,4.021,8.061,12.082
5438271.78,17393,0.085,4.015,4.1
5438280.34,17392,0.085,8.194,8.278
5438320.05,17394,0.077,6.036,6.113
5438344.18,17393,0.082,8.053,8.135
5438388.36,17392,0.182,8.085,8.267
5438424.39,17394,0.151,6.079,6.23
5438436.63,17393,0.098,4.005,4.103
5438453.09,17392,0.1,5.967,6.067
5438461.82,17394,0.095,6.166,6.261
5438497.23,17393,0.073,4.111,4.184
5438511.75,17392,0.236,3.966,4.203
5438557.28,17394,0.082,4.137,4.219
5438639.14,17392,0.326,5.649,5.975
5438639.95,17393,0.106,9.463,9.57
5438646.77,17392,0.06,4.016,4.077
5438647.57,17394,0.099,7.454,7.553
5438679.03,17393,1.653,3.958,5.611
5438699.27,17392,0.071,6.054,6.125
5438744.87,17394,0.108,5.867,5.975
5438799.14,17393,0.516,7.06,7.575
5438802.11,17392,1.34,8.033,9.373
5438809.84,17394,0.067,7.716,7.783
5438811.37,17392,0.057,4.014,4.071
5438834.02,17393,0.116,4.955,5.071
5438842.37,17394,0.073,6.148,6.22
5438873.97,17392,0.071,6.715,6.786
5438893.25,17393,0.069,3.968,4.037
5438912.41,17394,0.107,4.064,4.171
5438927.17,17392,0.08,9.034,9.114
5438978.55,17393,0.075,4.1,4.175
5438995.52,17394,0.083,4.635,4.718
5439039.06,17392,0.081,13.216,13.298
5439071.9,17393,0.079,3.999,4.078
5439088.9,17394,0.089,5.199,5.289
5439109.38,17392,0.096,8.238,8.333
5439144.71,17393,0.112,6.143,6.256
5439160.46,17394,0.133,4.372,4.505
5439174.27,17392,0.077,4.205,4.281
5439188.7,17393,0.099,6.192,6.291
5439209.15,17394,1.563,11.073,12.636
5439231.31,17392,0.083,13.181,13.264
5439237.07,17393,1.317,8.006,9.323
5439260.43,17394,0.076,5.579,5.655
5439269.41,17392,1.568,4.301,5.869
5439287.15,17393,0.079,6.026,6.105
5439309.03,17394,1.015,7.965,8.98
5439385.43,17392,0.206,13.454,13.66
5439411.32,17393,0.132,4.103,4.235
5439419.53,17394,0.113,3.981,4.094
5439505.31,17392,1.869,10.176,12.045
5439563.37,17393,0.125,4.286,4.411
5439627.33,17394,0.087,4.69,4.777
5439835.57,17392,0.136,6.047,6.182
5440051.87,17393,0.136,5.012,5.147
5440071.85,17392,0.152,5.619,5.771
5440074.22,17394,0.089,10.246,10.335
5440076.51,17393,0.06,3.987,4.047
5440137.36,17392,0.151,7.967,8.118
5440163.13,17394,2.035,8.023,10.058
5440175.5,17393,0.111,4.332,4.442
5440489.23,17392,0.156,3.985,4.14
5440542.18,17394,0.185,4.169,4.354
5440648.02,17393,2.296,3.953,6.249
5440652.86,17392,0.099,3.978,4.077
5440828.77,17394,0.13,12.113,12.243
5440848.92,17393,0.091,4.044,4.136
5440858.59,17392,0.091,4.032,4.123
5440938.21,17394,0.092,8.062,8.154
5441004.27,17393,0.561,8.164,8.725
5441083.57,17392,2.036,11.46,13.496
5441236.49,17394,0.128,8.292,8.42
5441262.42,17393,0.117,7.753,7.871
5441301.13,17392,0.173,3.952,4.125
5441416.3,17394,0.155,5.965,6.12
5441418.63,17393,0.074,4.398,4.472
5441461.61,17392,0.168,4.018,4.187
5441479.51,17394,0.072,8.078,8.15
5441487.62,17393,0.063,4.515,4.578
5441544.08,17393,0.089,9.708,9.797
5441737.1,17394,0.145,3.999,4.144
5441750.8,17392,0.12,4.072,4.192
5441784.41,17393,0.094,7.067,7.162
5441887.91,17394,0.099,6.374,6.473
5441984.52,17392,2.094,8.348,10.442
5442025.9,17393,0.12,4.198,4.318
5442213.29,17394,1.386,4.093,5.479
5442301.25,17392,1.085,5.099,6.184
5442304.31,17393,0.078,5.962,6.041
5442318.09,17394,0.737,8.008,8.744
5442346.41,17392,0.088,12.038,12.126
5442352.47,17393,0.074,5.882,5.956
5442371.55,17394,0.253,3.959,4.211
5442408.06,17392,0.13,5.031,5.161
5442448.76,17393,0.156,4.043,4.2
5442464.22,17394,1.035,4.127,5.162
5442495.73,17392,0.097,8.238,8.335
5442502.29,17393,1.267,9.187,10.454
5442515.22,17394,0.08,6.083,6.163
5442537.73,17392,0.068,4.07,4.138
5442558.98,17393,0.203,4.154,4.357
5442628.27,17394,2.044,4.152,6.196
5442634.17,17392,0.077,4.151,4.228
5442663.16,17393,0.108,8.051,8.159
5442681.32,17394,0.084,7.183,7.267
5442682.36,17392,1.106,4.244,5.35
5442727.31,17394,0.083,8.183,8.266
5442757.29,17393,0.092,4.137,4.229
5442774.13,17392,0.178,4.833,5.012
5442809.18,17394,1.112,7.993,9.105
5442872.22,17393,0.114,4.058,4.173
5442900.01,17392,1.091,3.978,5.069
5442905.26,17394,0.089,7.11,7.199
5442908.25,17392,0.068,4.405,4.472
5442919.43,17393,0.083,8.114,8.197
5442919.62,17394,1.072,6.552,7.624
5442936.35,17392,0.077,10.953,11.029
5442994.79,17393,0.091,5.405,5.496
5442997.89,17394,0.054,5.347,5.401
5443009.23,17392,0.096,4.206,4.301
5443058.07,17393,1.8,14.001,15.801
5443061.17,17394,2.019,5.105,7.125
5443069.69,17392,0.122,4.655,4.776
5443103.21,17393,0.09,3.952,4.042
5443145.36,17394,0.099,4.214,4.313
5443215.33,17392,0.146,4.093,4.239
5443256.28,17393,0.123,12.094,12.217
5443274.15,17394,0.088,9.996,10.084
5443335.2,17392,1.264,8.09,9.354
5443356.14,17393,0.101,11.234,11.334
5443362.14,17394,0.18,8.37,8.55
5443363.81,17392,0.086,6.55,6.636
5443387.57,17393,0.135,4.228,4.363
5443446.28,17394,1.121,14.092,15.213
5443449.22,17392,1.756,7.087,8.843
5443496.89,17393,0.122,4.166,4.288
5443527.91,17394,0.092,6.759,6.851
5443543.41,17392,0.091,5.425,5.516
5443570.33,17393,0.088,4.509,4.597
5443571.03,17394,0.066,4.012,4.078
5443599.26,17392,0.068,6.147,6.216
5443611.33,17393,6.031,9.258,15.29
5443658.33,17394,0.085,5.84,5.924
5443686.37,17392,1.064,4.244,5.308
5443790.63,17393,0.098,7.084,7.182
5443921.98,17394,0.146,4.682,4.828
5443994.06,17392,0.116,4.12,4.236
5444007.72,17393,0.092,7.259,7.351
5444187.03,17394,0.151,5.054,5.205
5444217.34,17392,0.148,6.149,6.297
5444270.21,17393,0.156,4.185,4.341
5444382.14,17394,2.048,7.997,10.045
5444606.98,17392,0.166,5.038,5.204
5444619.51,17393,0.095,3.995,4.09
5444762.34,17394,4.02,8.244,12.264
5444870.26,17392,0.13,8.068,8.198
5445048.8,17393,0.135,6.15,6.285
5445112.74,17394,0.122,3.906,4.028
5445143.47,17392,0.116,6.043,6.158
5445186.39,17393,0.113,8.762,8.875
5445263.79,17394,0.855,5.952,6.807
5445296.17,17392,0.117,6.023,6.141
5445382.16,17393,1.181,3.916,5.097
5445584.81,17394,0.225,4.196,4.421
5445687.83,17392,1.468,4.603,6.071
5445762.58,17393,0.258,6.248,6.506
5445895.65,17394,0.229,4.426,4.655
5445931.54,17392,0.131,10.324,10.455
5445984.2,17394,0.891,4.077,4.969
5445987.74,17393,0.122,7.026,7.148
5446099.23,17392,0.117,8.045,8.162
5446132.2,17394,0.114,4.203,4.317
5446196.36,17393,0.101,6.724,6.826
5446283.13,17392,0.155,4.049,4.204
5446460.12,17394,0.159,4.206,4.365
5446543.25,17393,0.168,5.74,5.907
5446676.02,17392,0.166,7.115,7.281
5446715.54,17394,0.127,4.115,4.242
5446846.17,17393,1.98,8.065,10.044
5446852.41,17392,2.223,8.037,10.26
5446861.36,17394,0.09,4.056,4.146
5446934.46,17393,0.09,5.32,5.41
5447052.27,17392,0.092,12.005,12.097
5447265.59,17394,0.149,4.105,4.253
5447278.23,17393,0.086,4.492,4.578
5447320.29,17392,0.118,9.996,10.114
5447359.3,17394,0.108,6.497,6.605
5447365.87,17393,0.119,4.143,4.262
5447383.3,17392,0.132,4.009,4.141
5447596.87,17394,0.158,5.635,5.793
5447670.2,17393,0.151,6.079,6.23
5447697.42,17392,0.121,8.229,8.349
5447792.52,17394,0.179,4.088,4.267
5447871.47,17393,2.021,6.362,8.382
5447895.22,17392,1.497,8.088,9.585
5448043.38,17394,0.122,7.995,8.117
5448078.43,17393,0.146,12.054,12.199
5448084.08,17392,0.072,7.96,8.032
5448157.21,17394,1.643,11.055,12.698
5448235.53,17393,0.113,8.018,8.131
5448260.22,17392,2.038,8.116,10.154
5448320.89,17394,0.196,10.493,10.688
5448363.71,17393,0.132,4.112,4.243
5448532.56,17392,0.146,4.027,4.174
5448677.6,17394,0.188,5.991,6.178
5448691.2,17393,0.085,8.06,8.144
5448731.13,17392,0.111,6.047,6.158
5448754.25,17394,0.111,6.057,6.168
5448796.78,17393,0.079,4.086,4.165
5448838.1,17392,0.104,10.173,10.277
5448850.55,17394,1.586,12.453,14.039
5448927.77,17392,0.102,6.024,6.126
5449010.12,17393,0.096,7.968,8.065
5449036.17,17394,0.084,4.033,4.117
5449127.75,17392,0.1,8.032,8.132
5449155.62,17393,0.09,13.054,13.144
5449214.27,17394,0.123,4.468,4.591
5449332.82,17392,0.162,5.598,5.76
5449401.88,17393,0.146,6.197,6.343
5449447.96,17394,0.149,7.01,7.159
5449453.61,17392,0.076,10.321,10.397
5449482.25,17393,0.107,7.078,7.186
5449876.58,17394,0.158,5.092,5.25
5449883.34,17392,0.104,5.056,5.16
5449893.19,17393,0.101,8.007,8.108
5449913.16,17394,0.084,4.022,4.106
5449945.54,17392,0.063,11.415,11.478
5449945.7,17393,0.076,9.584,9.661
5449953.24,17394,0.089,7.13,7.219
5449953.82,17392,0.064,4.324,4.388
5449958.44,17393,0.162,4.064,4.226
5449997.26,17394,0.078,6.141,6.219
5450003.64,17392,0.064,8.248,8.312
5450058.12,17394,0.101,4.415,4.516
5450098.64,17393,0.08,7.512,7.592
5450106.63,17392,0.066,6.246,6.313
5450125.26,17394,0.078,7.983,8.061
5450132.99,17393,0.063,6.032,6.095
5450137.23,17392,0.053,8.121,8.173
5450175.89,17394,0.136,4.078,4.214
5450213.54,17393,0.083,6.043,6.126
5450259.24,17392,0.122,8.064,8.185
5450279.36,17394,2.16,7.274,9.434
5450287.16,17393,0.061,6.19,6.251
5450291.23,17392,0.067,6.098,6.166
5450299.95,17394,2.405,5.884,8.289
5450314.16,17393,1.023,8.098,9.121
5450345.6,17392,0.141,4.089,4.23
5450360.47,17394,0.138,7.01,7.148
5450456.97,17393,1.168,8.717,9.886
5450458.37,17392,0.073,6.229,6.302
5450482.51,17394,0.115,7.549,7.664
5450487.82,17392,0.066,8.226,8.292
5450522.24,17393,0.082,4.117,4.2
5450550.1,17394,1.892,8.021,9.913
5450568.36,17392,0.1,8.199,8.299
5450576.08,17394,2.754,8.007,10.761
5450576.22,17393,1.043,10.169,11.211
5450581.94,17392,0.081,3.996,4.076
5450608.39,17394,2.083,4.271,6.354
5450622.71,17393,0.08,6.044,6.124
5450642.74,17392,0.093,4.024,4.117
5450669.43,17394,0.084,6.06,6.144
5450677.23,17393,0.081,5.103,5.185
5450690.16,17392,0.131,7.971,8.101
5450690.27,17394,0.052,6.189,6.24
5450726.47,17393,1.024,18.392,19.417
5450728.12,17392,1.497,18.046,19.544
5450732.09,17394,5.042,16.01,21.053
5450743.96,17392,1.296,7.994,9.289
5450746.71,17393,0.339,14.521,14.86
5450769.11,17394,0.074,11.182,11.256
5450769.38,17393,0.314,9.313,9.627
5450814.5,17392,0.069,7.384,7.454
5450820.11,17394,0.065,4.228,4.293
5450849.88,17393,0.079,4.646,4.725
5450884.18,17392,0.108,8.043,8.151
5450915.05,17394,2.011,7.982,9.993
5450931.12,17393,0.059,4.024,4.084
5450947.28,17392,0.095,4.146,4.241
5450976.73,17394,0.076,4.12,4.197
5451014.33,17393,0.084,8.213,8.297
5451014.57,17392,1.292,6.507,7.8
5451072.22,17394,0.093,4.949,5.042
5451104.76,17393,0.076,9.078,9.154
5451105.11,17392,0.842,7.031,7.873
5451175.61,17394,0.085,4.172,4.257
5451179.04,17392,0.077,4.048,4.125
5451197.2,17393,0.077,7.074,7.15
5451235.13,17394,0.069,4.019,4.088
5451253.64,17392,0.072,4.143,4.214
5451285.92,17393,1.092,10.768,11.859
5451294.07,17394,0.063,10.963,11.027
5451294.24,17392,0.056,4.05,4.106
5451323.24,17393,0.104,4.085,4.189
5451376.93,17394,0.154,5.483,5.638
5451387.3,17392,0.114,11.115,11.229
5451424.55,17393,0.117,8.357,8.473
5451441.61,17394,1.038,5.523,6.561
5451497.84,17392,0.121,9.009,9.13
5451515.77,17393,0.108,10.594,10.702
5451516.48,17394,0.158,6.292,6.449
5451520.72,17392,0.152,7.645,7.796
5451531.07,17394,0.074,3.958,4.032
5451542.71,17393,0.691,5.639,6.329
5451561.19,17392,0.074,5.115,5.188
5451577.7,17394,0.081,6.032,6.113
5451585.58,17393,0.083,4.031,4.113
5451590.34,17392,0.048,4.96,5.009
5451613.1,17393,0.086,7.946,8.032
5451621.22,17394,0.073,7.965,8.038
5451635.07,17392,0.067,3.97,4.036
5451673.3,17393,0.115,3.978,4.093
5451696.7,17394,0.68,5.975,6.655
5451719.44,17392,0.065,7.091,7.156
5451735.48,17393,1.899,5.404,7.303
5451753.21,17394,0.074,4.093,4.167
5451780.75,17392,0.062,6.652,6.715
5451810.2,17393,0.082,7.06,7.143
5451813.15,17394,0.069,8.043,8.112
5451821.52,17392,0.066,6.008,6.074
5451825.54,17393,0.078,3.868,3.945
5451866.81,17394,0.092,4.114,4.205
5451873.12,17392,0.066,4.08,4.146
5451883.48,17393,0.065,7.668,7.733
5451961.02,17394,0.106,8.175,8.281
5451974.94,17392,0.092,5.98,6.072
5451999.35,17393,1.129,4.257,5.386
5452020.75,17394,0.09,4.315,4.405
5452029.81,17392,0.067,4.233,4.3
5452045.41,17393,0.084,7.672,7.756
5452116.42,17394,0.081,7.339,7.42
5452150.88,17392,0.067,4.217,4.284
5452188.1,17393,1.323,7.014,8.337
5452199.3,17394,0.066,14.008,14.074
5452271.7,17392,0.123,4.256,4.379
5452510.2,17393,1.716,11.988,13.703
5452555.64,17394,0.139,9.108,9.247
5452638.54,17392,0.163,12.049,12.212
5452684.71,17393,4.992,10.091,15.084
5452720.09,17394,0.168,6.968,7.136
5452786.74,17392,0.195,10.444,10.639
5452965.52,17393,0.132,8.002,8.134
5453072.72,17394,0.134,4.127,4.261
5453244.23,17392,0.129,4.026,4.155
5453267.01,17393,0.104,4.073,4.177
5453399.88,17394,0.142,9.916,10.058
5453435.76,17392,0.144,4.103,4.247
5453470.29,17393,0.118,4.102,4.221
5453560.8,17394,0.663,4.084,4.747
5453584.81,17392,0.083,3.955,4.038
5453594.11,17393,0.071,8.268,8.339
5453635.47,17394,0.08,6.863,6.943
5453736.14,17392,1.89,8.023,9.913
5453836.79,17394,1.046,9.691,10.736
5453838.13,17393,1.033,13.042,14.075
5453950.19,17392,1.581,7.089,8.67
5454047.59,17393,0.095,4.179,4.275
5454067.13,17394,0.079,4.004,4.082
5454076.67,17392,0.092,6.007,6.098
5454151.91,17393,2.0,3.861,5.861
5454259.28,17394,0.11,5.925,6.035
5454262.6,17392,0.091,4.105,4.196
5454318.67,17393,0.116,4.14,4.256
5454396.22,17394,0.148,3.972,4.12
5454402.41,17392,0.092,4.252,4.344
5454433.47,17393,0.177,6.202,6.378
5454494.17,17394,0.193,4.108,4.301
5454539.27,17392,2.049,7.956,10.005
5454663.31,17393,0.122,6.118,6.24
5454671.87,17394,0.077,5.548,5.625
5454676.64,17392,0.076,4.986,5.062
5454708.76,17393,0.091,6.122,6.213
5454741.1,17394,0.08,10.139,10.22
5454789.0,17392,0.103,3.988,4.09
5454892.18,17393,0.094,4.029,4.123
5454922.56,17394,0.086,12.319,12.405
5455032.56,17392,0.108,6.381,6.489
5455085.88,17393,0.149,7.108,7.257
5455122.99,17394,2.03,5.913,7.943
5455175.38,17392,0.084,5.239,5.323
5455217.69,17393,0.08,5.561,5.641
5455253.94,17394,0.077,4.112,4.188
5455258.27,17392,0.126,4.091,4.217
5455354.16,17393,0.091,8.016,8.107
5455388.79,17394,0.154,5.767,5.92
5455607.77,17392,0.245,5.462,5.706
5455693.19,17393,2.087,8.033,10.12
5455740.11,17394,0.127,4.065,4.191
5455868.39,17392,1.091,4.238,5.328
5455949.25,17393,0.098,7.085,7.182
5456056.19,17394,0.125,7.896,8.02
5456195.27,17392,0.1,8.102,8.203
5456282.79,17393,0.112,6.177,6.289
5456402.53,17394,0.16,4.146,4.306
5456426.02,17392,0.119,4.07,4.189
5456564.03,17393,0.173,5.966,6.139
5456630.31,17394,0.122,12.113,12.235
5456666.54,17392,0.107,8.353,8.46
5456686.75,17393,0.118,4.045,4.163
5456703.12,17394,1.031,4.031,5.062
5456776.07,17392,0.121,6.15,6.271
5456811.2,17393,0.128,12.009,12.137
5456835.15,17394,0.085,8.013,8.098
5456872.47,17392,0.117,9.644,9.761
5456873.85,17393,0.09,4.153,4.242
5456898.48,17394,0.088,6.436,6.523
5456915.12,17392,2.056,4.008,6.064
5456925.06,17393,0.075,11.945,12.019
5456932.05,17392,1.022,7.987,9.009
5456948.33,17394,0.059,9.978,10.037
5456957.01,17393,0.085,7.274,7.359
5456961.03,17392,0.577,5.222,5.799
5456965.18,17394,0.087,4.041,4.128
5456999.2,17392,0.122,6.013,6.135
5457032.18,17393,0.12,10.012,10.132
5457118.52,17394,0.172,12.266,12.437
5457161.57,17392,0.136,3.969,4.105
5457167.17,17393,0.08,4.021,4.1
5457170.95,17394,0.089,6.642,6.731
5457230.75,17392,0.094,4.085,4.179
5457240.22,17394,0.068,4.979,5.047
5457240.88,17393,0.082,8.046,8.127
5457247.07,17392,0.073,4.165,4.238
5457282.23,17394,0.093,6.089,6.182
5457293.18,17393,0.771,5.09,5.861
5457314.32,17392,0.082,6.286,6.368
5457344.13,17394,0.087,6.084,6.171
5457400.5,17393,0.15,4.09,4.24
5457415.14,17392,0.104,5.109,5.213
5457456.68,17394,0.136,4.139,4.275
5457479.25,17393,0.104,4.282,4.386
5457481.98,17392,0.147,4.516,4.662
5457485.87,17394,0.095,4.259,4.354
5457490.52,17392,0.085,6.147,6.232
5457508.25,17394,0.097,11.026,11.123
5457522.33,17393,1.097,9.173,10.27
5457546.94,17392,0.08,8.006,8.086
5457549.07,17394,2.024,4.0,6.025
5457556.3,17393,0.073,3.935,4.008
5457570.11,17394,0.085,4.019,4.104
5457645.4,17392,0.811,6.153,6.964
5457657.22,17393,2.1,4.098,6.198
5457692.06,17394,0.086,6.102,6.189
5457723.73,17392,0.101,4.082,4.183
5457726.97,17393,0.085,4.06,4.146
5457755.56,17392,0.084,5.138,5.221
5457771.64,17394,0.069,8.328,8.396
5457790.2,17393,0.096,13.054,13.15
5457790.43,17392,2.043,8.355,10.397
5457803.88,17394,0.082,4.283,4.365
5457813.27,17393,0.065,4.065,4.13
5457821.57,17392,0.061,8.039,8.1
5457831.1,17394,2.029,4.03,6.058
5457838.85,17393,0.05,4.94,4.99
5457847.12,17392,0.052,6.034,6.086
5457894.2,17392,1.424,4.109,5.534
5457896.22,17394,0.106,10.047,10.154
5457897.72,17393,1.748,7.66,9.408
5457982.3,17394,0.067,4.086,4.153
5457983.61,17392,0.095,8.649,8.745
5457987.51,17393,0.05,4.015,4.065
5457997.12,17392,1.52,8.039,9.56
5458147.36,17394,0.121,6.164,6.285
5458207.34,17393,0.11,4.037,4.147
5458282.03,17392,0.102,4.075,4.177
5458331.75,17394,0.131,5.989,6.12
5458460.26,17393,0.173,7.002,7.175
5458669.87,17392,0.168,6.638,6.806
5458727.85,17394,1.611,8.057,9.669
5458781.0,17393,0.13,4.326,4.456
5458844.23,17392,0.154,10.001,10.155
5458850.53,17394,0.827,8.426,9.253
5458854.68,17392,0.074,9.581,9.654
5458903.32,17393,0.1,4.061,4.161
5458916.41,17394,0.059,8.112,8.171
5458946.46,17392,0.077,7.333,7.41
5458969.82,17393,0.094,4.085,4.179
5459062.35,17394,0.069,6.225,6.294
5459092.06,17392,0.077,8.259,8.335
5459204.02,17393,0.125,3.92,4.045
5459205.16,17394,0.064,4.04,4.103
5459267.78,17392,0.098,6.055,6.153
5459303.59,17393,0.097,3.908,4.005
5459304.3,17394,0.07,4.06,4.13
5459340.09,17392,0.081,8.047,8.128
5459393.4,17393,0.179,3.961,4.141
5459442.98,17394,0.137,5.177,5.314
5459447.2,17393,1.692,4.042,5.734
5459449.4,17392,2.022,6.328,8.35
5459484.94,17394,0.151,4.078,4.229
5459521.92,17393,0.131,4.048,4.178
5459580.39,17392,0.183,12.113,12.295
5459668.98,17394,0.11,8.942,9.052
5459696.93,17392,0.07,7.99,8.061
5459699.26,17393,2.429,14.112,16.541
5459706.31,17394,0.066,9.259,9.325
5459706.7,17393,0.304,7.362,7.665
5459719.37,17392,0.092,4.391,4.483
5459733.68,17394,0.089,9.544,9.633
5459758.14,17393,0.064,9.029,9.093
5459762.27,17392,0.062,6.183,6.246
5459773.94,17394,1.786,8.092,9.878
5459777.67,17393,0.051,4.995,5.046
5459844.22,17394,0.125,9.7,9.825
5459855.47,17392,0.076,11.055,11.131
5459855.62,17393,0.05,7.54,7.59
5459931.51,17394,0.078,12.382,12.46
5459958.17,17392,0.093,7.999,8.091
5460011.21,17393,0.081,8.075,8.156
5460050.31,17394,0.077,9.179,9.256
5460056.64,17392,0.056,6.1,6.156
5460083.4,17393,0.075,7.077,7.152
5460162.65,17394,0.093,4.196,4.289
5460165.05,17392,0.057,4.83,4.887
5460210.82,17393,2.058,6.717,8.775
5460217.72,17394,0.072,12.179,12.251
5460278.0,17392,0.104,4.092,4.196
5460288.93,17393,0.543,4.858,5.4
5460292.86,17394,0.062,8.127,8.189
5460336.2,17392,0.083,4.117,4.201
5460355.22,17393,0.084,6.333,6.417
5460372.67,17394,0.087,4.152,4.239
5460397.52,17392,2.062,12.395,14.457
5460440.23,17393,1.611,7.998,9.609
5460510.16,17392,0.089,4.049,4.137
5460518.24,17394,0.145,13.378,13.522
5460520.16,17393,0.054,11.958,12.012
5460564.01,17392,2.042,8.877,10.919
5460610.39,17392,0.082,4.547,4.629
5460615.93,17394,0.146,16.746,16.891
5460617.09,17393,0.13,14.082,14.211
5460634.44,17392,0.082,4.898,4.98
5460655.21,17393,0.22,8.944,9.164
5460674.82,17394,0.109,4.155,4.264
5460704.92,17393,1.028,5.83,6.858
5460706.7,17392,0.083,10.046,10.129
5460733.33,17394,0.926,10.153,11.079
5460769.71,17392,0.159,16.704,16.862
5460786.89,17393,0.18,5.17,5.35
5460808.75,17394,0.174,12.594,12.768
5460832.31,17392,2.1,4.141,6.241
5460871.66,17393,0.1,4.044,4.144
5460877.56,17394,0.085,4.03,4.115
5460902.64,17392,0.78,12.031,12.811
5460919.5,17394,0.057,9.027,9.085
5460923.27,17393,0.089,16.129,16.218
5460930.06,17392,1.177,3.977,5.153
5460981.79,17394,0.084,4.384,4.467
5461000.8,17393,0.08,12.214,12.293
5461136.86,17392,0.109,6.989,7.097
5461141.64,17394,0.092,4.121,4.213
5461155.75,17393,0.082,4.037,4.119
5461231.26,17392,0.14,3.955,4.095
5461433.3,17394,0.125,6.104,6.229
5461482.66,17393,0.13,11.989,12.119
5461714.31,17392,0.159,4.061,4.219
5461807.14,17394,0.137,4.116,4.254
5461871.67,17393,0.143,4.04,4.183
5462078.36,17392,0.15,3.97,4.12
5462220.54,17394,2.044,11.431,13.475
5462308.45,17393,0.128,5.404,5.532
5462334.25,17392,0.103,6.078,6.18
5462373.85,17394,0.136,3.98,4.117
5462534.12,17393,0.176,7.003,7.18
5462700.91,17392,0.164,4.295,4.459
5462860.13,17394,0.147,8.985,9.132
5462915.87,17393,0.16,4.049,4.209
5463178.48,17392,0.146,6.087,6.233
5463206.35,17394,0.106,8.069,8.175
5463214.55,17393,2.444,7.978,10.422
5463420.1,17392,0.138,4.127,4.265
5463437.31,17394,0.13,8.15,8.28
5463510.26,17393,2.118,5.054,7.172
5463562.41,17392,0.126,4.192,4.318
5463656.99,17394,0.12,7.311,7.431
5463734.02,17393,0.289,7.022,7.311
5463801.61,17392,0.163,9.488,9.65
5463918.27,17394,0.199,5.973,6.173
5463928.6,17393,0.378,6.153,6.531
5464006.17,17392,0.097,12.055,12.153
5464090.12,17394,2.089,8.951,11.04
5464279.29,17392,0.065,8.058,8.123
5464281.07,17393,0.118,13.086,13.204
5464531.36,17394,3.068,25.184,28.252
5464561.55,17392,0.139,13.208,13.347
5464600.55,17393,0.171,8.278,8.449
5464768.92,17394,0.336,6.11,6.446
5464800.65,17392,0.137,4.11,4.246
5464891.92,17393,0.108,4.036,4.144
5464971.85,17394,0.119,3.951,4.07
5465022.86,17392,0.129,8.44,8.569
5465079.26,17393,0.094,4.54,4.634
5465136.52,17394,1.237,3.992,5.229
5465295.42,17392,0.144,4.062,4.206
5465434.35,17393,3.206,9.153,12.359
5465574.44,17394,0.413,4.837,5.251
5465600.43,17392,0.131,7.113,7.244
5465705.2,17393,2.107,4.009,6.116
5465808.02,17394,0.147,4.042,4.189
5465966.21,17392,0.148,10.993,11.141
5465969.45,17393,0.067,6.341,6.408
5466000.75,17394,0.096,7.133,7.229
5466013.13,17392,0.072,8.006,8.078
5466030.71,17393,0.094,4.052,4.146
5466090.24,17394,2.029,8.157,10.186
5466132.47,17392,0.1,5.876,5.976
5466135.15,17393,0.071,5.125,5.196
5466338.7,17394,0.128,7.989,8.117
5466369.22,17392,0.087,4.087,4.174
5466509.45,17393,0.132,10.949,11.08
5466628.84,17394,0.144,10.053,10.196
5466631.12,17392,0.077,8.959,9.036
5466656.56,17393,0.129,4.388,4.517
5466667.22,17394,0.081,11.081,11.162
5466848.69,17393,0.183,4.048,4.231
5466939.24,17392,1.101,7.071,8.172
5467003.56,17394,0.128,4.012,4.14
5467007.44,17393,0.078,4.017,4.094
5467092.6,17394,0.16,4.335,4.494
5467314.55,17392,0.15,4.326,4.477
5467335.26,17393,0.108,3.984,4.092
5467351.23,17394,0.091,8.091,8.182
5467372.84,17392,0.129,9.118,9.247
5467466.14,17393,0.152,13.924,14.076
5467474.81,17394,0.968,3.966,4.934
5467547.24,17392,0.129,6.039,6.168
5467661.75,17393,0.165,4.474,4.639
5467707.17,17394,2.961,9.055,12.016
5467732.54,17392,0.088,3.929,4.017
5467783.17,17393,0.097,6.196,6.293
5467830.12,17394,0.193,3.947,4.139
5467895.06,17392,1.035,3.97,5.005
5467952.24,17393,0.105,4.002,4.106
5468104.88,17394,0.13,5.675,5.805
5468147.69,17392,0.119,4.066,4.185
5468213.03,17393,0.109,6.344,6.453
5468215.53,17394,0.107,10.23,10.337
5468215.68,17392,0.062,6.69,6.751
5468237.06,17393,0.086,4.103,4.188
5468249.14,17394,0.063,6.033,6.096
5468278.59,17392,0.083,11.45,11.533
5468282.88,17393,0.063,8.014,8.077
5468296.7,17394,0.082,8.068,8.15
5468376.27,17392,2.093,4.118,6.211
5468424.29,17393,0.156,8.086,8.241
5468446.88,17394,0.127,6.675,6.802
5468481.48,17392,0.133,8.013,8.146
5468501.73,17393,0.184,7.975,8.159
5468576.17,17394,1.606,4.024,5.63
5468587.97,17392,2.467,6.888,9.356
5468624.14,17393,0.09,7.994,8.084
5468632.8,17394,0.061,8.684,8.744
5468647.47,17393,0.135,10.108,10.244
5468647.76,17392,0.06,8.663,8.723
5468652.19,17394,0.078,4.236,4.314
5468665.24,17393,0.077,4.216,4.293
5468671.64,17392,0.099,6.138,6.237
5468693.04,17394,0.123,5.791,5.914
5468700.95,17393,0.146,5.718,5.863
5468743.76,17392,0.216,8.454,8.669
5468745.45,17394,0.064,8.339,8.403
5468752.32,17393,0.1,9.161,9.262
5468799.19,17392,1.437,4.076,5.512
5468862.06,17394,0.138,4.093,4.231
5468880.52,17393,0.091,8.13,8.221
5468912.89,17392,0.096,5.039,5.135
5468999.84,17394,0.107,5.052,5.16
5469039.7,17393,0.103,6.287,6.39
5469068.78,17392,0.106,5.266,5.372
5469085.61,17394,0.122,5.952,6.073
5469092.2,17393,0.074,4.072,4.146
5469108.23,17392,0.08,9.166,9.247
5469142.2,17394,0.082,4.068,4.151
5469152.11,17393,0.068,4.007,4.075
5469164.42,17392,0.07,9.373,9.443
5469170.52,17394,0.08,3.956,4.036
5469199.19,17393,0.104,10.011,10.115
5469216.03,17392,2.246,5.903,8.149
5469325.87,17393,0.35,5.771,6.121
5469327.35,17394,0.101,9.193,9.294
5469334.39,17392,0.056,13.074,13.13
5469346.12,17393,0.073,7.585,7.658
5469364.11,17394,1.539,8.037,9.576
5469372.16,17392,0.056,11.07,11.126
5469395.36,17393,0.112,4.172,4.283
5469432.47,17394,0.273,10.34,10.614
5469448.56,17392,0.141,8.091,8.232
5469461.2,17393,0.112,4.026,4.138
5469468.91,17394,0.07,4.034,4.104
5469560.2,17392,0.119,6.007,6.126
5469570.92,17393,0.179,3.993,4.173
5469588.12,17394,0.074,7.004,7.077
5469648.23,17392,0.155,3.969,4.125
5469672.86,17393,0.126,6.144,6.27
5469697.68,17394,0.139,6.776,6.915
5469702.26,17392,0.637,9.129,9.766
5469703.88,17393,0.121,8.052,8.173
5469738.17,17394,0.125,11.97,12.095
5469750.11,17392,0.086,8.011,8.097
5469842.93,17393,0.156,5.555,5.711
5469862.73,17394,0.099,4.033,4.132
5469899.19,17392,0.1,8.026,8.126
5469941.68,17393,0.101,6.925,7.025
5469947.71,17394,0.078,4.3,4.378
5469959.78,17392,0.075,4.012,4.087
5469983.39,17393,0.079,4.185,4.264
5470015.16,17394,0.079,4.038,4.117
5470076.17,17392,0.088,4.072,4.159
5470090.95,17393,0.094,7.11,7.204
5470093.12,17394,1.919,4.05,5.969
5470106.31,17392,0.074,4.047,4.12
5470156.71,17393,0.083,7.182,7.265
5470221.72,17394,0.088,4.076,4.164
5470249.07,17392,1.93,3.952,5.883
5470255.14,17393,0.064,9.029,9.093
5470261.07,17394,1.814,4.003,5.817
5470276.02,17392,0.063,4.051,4.113
5470288.68,17393,0.078,7.461,7.539
5470293.43,17394,0.057,5.067,5.123
5470304.11,17393,0.064,8.01,8.073
5470325.09,17392,0.08,4.121,4.201
5470332.21,17394,1.134,8.045,9.179
5470334.59,17392,0.083,4.466,4.55
5470396.96,17393,0.091,6.268,6.359
5470408.89,17394,1.9,5.65,7.55
5470417.14,17392,2.031,4.052,6.083
5470429.11,17393,3.449,4.029,7.478
5470464.35,17394,0.091,9.057,9.148
5470467.06,17392,2.024,7.979,10.003
5470467.2,17393,1.015,4.147,5.162
5470482.52,17394,0.077,8.209,8.286
5470497.49,17392,0.067,7.537,7.604
5470498.11,17393,0.06,4.595,4.655
5470506.3,17394,0.061,7.586,7.647
5470518.79,17392,0.673,5.082,5.755
5470535.18,17393,0.074,6.071,6.144
5470603.21,17394,0.081,8.082,8.163
5470613.93,17392,0.069,6.133,6.202
5470787.93,17393,0.124,4.077,4.201
5470835.35,17394,0.121,8.049,8.17
5470874.25,17392,0.109,4.082,4.191
5470978.57,17393,0.105,5.006,5.11
5471023.81,17394,0.716,9.025,9.741
5471025.03,17392,0.079,3.99,4.069
5471089.3,17393,0.097,9.139,9.236
5471131.14,17392,0.091,6.99,7.081
5471191.93,17394,0.105,6.061,6.166
5471212.03,17393,0.061,11.905,11.966
5471214.52,17392,0.06,13.316,13.376
5471300.2,17394,0.091,13.055,13.146
5471329.78,17393,0.077,4.751,4.829
5471346.98,17392,0.076,4.054,4.13
5471395.52,17394,0.074,9.743,9.818
5471525.98,17393,1.639,5.761,7.4
5471543.45,17392,0.122,7.97,8.092
5471567.24,17394,0.096,9.371,9.467
5471626.95,17393,0.087,4.036,4.122
5471696.45,17392,0.13,6.255,6.385
5471874.11,17394,3.104,5.922,9.026
5471975.85,17393,0.138,4.116,4.254
5471995.03,17392,0.117,4.029,4.147
5472020.3,17394,0.081,3.978,4.059
5472055.24,17393,0.074,4.114,4.189
5472128.85,17392,0.099,4.094,4.193
5472135.23,17394,0.067,6.123,6.19
5472236.52,17392,0.061,5.281,5.342
5472236.65,17393,0.088,6.978,7.067
5472274.16,17394,0.075,5.035,5.11
5472291.24,17392,0.085,8.037,8.122
5472328.19,17393,0.087,10.034,10.121
5472340.05,17394,1.516,7.986,9.503
5472364.56,17392,0.176,4.333,4.509
5472379.81,17393,0.088,6.08,6.168
5472381.64,17394,0.233,5.265,5.497
5472390.29,17393,0.084,8.158,8.242
5472414.16,17392,0.111,10.055,10.167
5472429.03,17394,0.092,6.028,6.119
5472443.43,17393,0.098,6.054,6.152
5472468.12,17392,0.141,4.122,4.263
5472479.25,17394,1.051,4.092,5.143
5472555.4,17393,2.078,8.258,10.336
5472555.61,17392,1.612,5.507,7.119
5472595.5,17394,0.083,9.001,9.084
5472604.05,17393,0.061,14.56,14.621
5472604.95,17392,0.051,12.842,12.894
5472623.45,17394,1.585,7.324,8.909
5472633.55,17393,0.105,5.855,5.96
5472642.32,17392,0.101,6.052,6.153
5472648.68,17394,0.072,8.452,8.524
5472649.17,17393,0.064,5.072,5.136
5472686.17,17392,0.072,12.049,12.121
5472697.42,17394,0.065,11.069,11.134
5472713.14,17393,0.077,14.012,14.089
5472718.19,17392,0.073,10.062,10.135
5472735.87,17394,0.094,4.056,4.151
5472745.68,17393,0.112,5.269,5.381
5472768.47,17392,0.102,6.457,6.558
5472831.81,17394,0.079,4.419,4.498
5472842.52,17393,0.086,4.147,4.233
5472874.12,17392,0.079,15.881,15.96
5472874.68,17394,0.047,14.564,14.611
5472886.92,17393,0.07,8.01,8.08
5472954.22,17392,0.099,4.098,4.197
5472980.58,17394,0.079,12.031,12.11
5472998.64,17393,0.698,10.496,11.194
5473027.5,17394,0.064,7.848,7.912
5473027.96,17392,0.067,9.597,9.664
5473099.85,17393,0.08,7.275,7.354
5473156.03,17394,0.087,5.657,5.744
5473179.32,17392,0.088,6.005,6.094
5473230.63,17394,0.066,4.282,4.348
5473233.64,17393,0.092,8.975,9.067
5473278.66,17392,0.073,3.975,4.049
5473290.11,17394,0.066,4.009,4.074
5473302.63,17393,0.125,6.541,6.666
5473315.68,17392,0.077,7.976,8.053
5473332.22,17394,0.069,6.99,7.059
5473357.86,17393,1.515,6.074,7.589
5473359.51,17392,0.063,4.136,4.199
5473382.42,17394,0.076,4.029,4.105
5473393.52,17393,0.061,8.018,8.079
5473412.21,17392,2.037,12.063,14.1
5473412.72,17394,2.068,10.614,12.682
5473417.61,17393,0.098,4.684,4.782
5473421.52,17392,0.064,5.076,5.141
5473447.21,17393,1.025,8.124,9.149
5473529.96,17394,0.163,4.018,4.181
5473542.69,17392,0.11,4.31,4.419
5473548.61,17393,0.096,7.33,7.427
5473562.09,17394,0.099,6.258,6.356
5473588.55,17393,0.084,4.945,5.029
5473592.66,17392,0.966,9.579,10.545
5473593.24,17394,0.06,4.139,4.198
5473633.16,17393,0.07,4.047,4.117
5473687.96,17392,0.085,3.951,4.036
5473696.14,17394,0.065,7.028,7.093
5473710.82,17393,0.085,4.072,4.158
5473732.21,17392,0.085,8.081,8.167
5473803.28,17394,0.125,6.042,6.166
5473853.81,17393,0.094,4.051,4.145
5473894.27,17392,0.112,8.089,8.201
5473955.89,17394,0.126,6.009,6.135
5474021.13,17393,0.135,6.007,6.141
5474242.78,17392,0.182,5.989,6.171
5474315.28,17394,1.999,4.106,6.105
5474327.13,17393,0.106,6.104,6.211
5474379.18,17392,0.089,8.284,8.373
5474379.5,17394,0.102,4.24,4.342
5474433.32,17393,0.136,4.109,4.246
5474598.12,17392,0.143,8.893,9.036
5474649.84,17394,0.45,4.666,5.116
5474675.22,17393,0.1,4.063,4.162
5474787.22,17392,2.038,8.098,10.136
5474819.41,17394,0.13,4.204,4.335
5474826.61,17392,0.069,3.974,4.043
5474829.51,17393,0.118,7.024,7.142
5474852.65,17394,0.552,5.044,5.596
5474896.2,17392,0.096,4.05,4.147
5474928.38,17393,0.104,6.041,6.145
5475003.29,17394,0.089,6.141,6.23
5475131.96,17392,0.18,3.994,4.174
5475424.83,17393,0.171,4.406,4.577
5475527.93,17394,0.162,5.043,5.206
5475601.9,17392,0.186,5.397,5.583
5475642.87,17393,5.043,7.756,12.799
5475666.76,17394,0.214,4.319,4.533
5475773.58,17392,0.679,4.332,5.01
5475774.84,17393,0.984,4.532,5.516
5475817.32,17394,0.175,10.05,10.226
5475821.1,17392,0.086,7.944,8.03
5475936.14,17393,0.161,4.005,4.166
5476007.02,17394,0.11,6.66,6.77
5476024.49,17392,1.114,4.003,5.117
5476175.51,17393,0.112,3.989,4.101
5476368.68,17394,0.126,3.91,4.036
5476458.61,17392,0.154,9.131,9.285
5476648.04,17393,0.168,8.036,8.205
5476650.07,17394,0.101,7.872,7.973
5476660.85,17392,0.105,6.03,6.135
5476695.42,17393,0.114,8.238,8.353
5476774.41,17394,0.11,9.048,9.159
5477285.59,17392,0.205,6.302,6.507
5477363.68,17393,0.14,4.181,4.321
5477513.21,17394,0.143,7.98,8.123
5477609.06,17392,3.919,7.499,11.418
5477651.76,17393,0.1,5.009,5.109
5477716.42,17394,0.127,7.653,7.78
5477755.15,17392,2.206,8.031,10.237
5477858.24,17393,0.151,4.253,4.405
5477991.58,17394,0.133,12.107,12.24
5478027.67,17392,0.123,3.95,4.073
5478073.36,17393,0.103,4.152,4.255
5478080.68,17394,0.094,3.918,4.011
5478179.01,17392,0.164,8.111,8.275
5478182.29,17393,0.092,4.082,4.174
5478351.49,17392,0.195,4.921,5.116
5478386.88,17394,0.132,4.243,4.375
5478460.12,17393,0.157,3.997,4.154
5478534.33,17392,0.196,5.769,5.966
5478604.57,17394,2.05,7.467,9.516
5478621.26,17393,2.273,4.113,6.386
5478772.39,17392,0.193,9.929,10.122
5478869.07,17394,0.134,5.113,5.247
5478898.22,17393,3.344,8.118,11.461
5478923.29,17392,1.659,9.184,10.843
5478974.34,17394,0.096,10.007,10.103
5478979.77,17393,0.056,9.659,9.715
5478988.99,17392,0.086,4.058,4.144
5479013.55,17394,0.157,8.293,8.45
5479024.14,17393,0.081,8.009,8.089
5479056.31,17392,0.082,10.169,10.251
5479072.12,17394,1.564,10.051,11.615
5479110.12,17393,0.145,8.225,8.37
5479348.09,17392,2.551,7.995,10.546
5479381.72,17394,0.099,4.131,4.23
5479458.01,17393,0.136,4.05,4.186
5479572.2,17392,0.15,6.987,7.137
5479575.13,17394,0.096,7.976,8.072
5479597.83,17393,0.112,5.054,5.165
5479629.33,17392,0.12,4.145,4.265
5479854.42,17394,0.19,4.207,4.398
5480141.24,17393,0.144,4.016,4.159
5480209.23,17392,0.11,8.053,8.164
5480210.95,17394,0.084,4.885,4.97
5480327.43,17393,0.097,8.166,8.264
5480399.2,17392,0.104,6.042,6.146
5480516.18,17394,0.159,6.912,7.071
5480643.71,17393,0.179,6.301,6.48
5480661.17,17392,0.132,5.968,6.1
5480704.83,17394,0.103,4.182,4.285
5480787.33,17393,0.109,6.16,6.269
5480910.47,17392,0.172,4.202,4.374
5480942.24,17394,1.037,9.115,10.152
5481006.42,17393,0.121,6.208,6.329
5481050.92,17392,0.107,4.123,4.229
5481118.35,17394,0.155,4.017,4.171
5481152.16,17393,0.093,10.202,10.295
5481197.13,17392,0.087,4.13,4.217
5481239.2,17394,0.074,8.081,8.155
5481265.47,17393,0.075,4.064,4.139
5481352.23,17392,0.079,4.08,4.159
5481572.61,17394,0.16,6.096,6.256
5481645.71,17393,0.132,8.536,8.668
5481659.45,17392,0.095,6.301,6.397
5481824.08,17394,0.127,4.066,4.192
5481902.67,17393,0.124,6.126,6.25
5482059.12,17392,0.18,6.033,6.213
5482075.36,17394,0.108,9.657,9.765
5482128.74,17393,0.088,4.144,4.232
5482190.31,17392,0.096,8.159,8.255
5482208.14,17394,2.031,4.051,6.082
5482238.26,17393,1.698,8.163,9.861
5482310.88,17392,0.115,5.262,5.377
5482363.17,17394,0.134,3.998,4.132
5482397.14,17393,0.131,7.1,7.231
5482430.57,17392,0.158,7.319,7.476
5482514.27,17394,0.176,4.383,4.559
5482527.35,17393,0.118,8.164,8.282
5482540.67,17392,0.09,3.909,3.999
5482559.27,17394,0.087,4.089,4.177
5482681.25,17393,0.87,4.047,4.918
5482756.48,17392,0.146,4.045,4.191
5482798.21,17394,0.143,7.011,7.154
5482834.08,17393,0.098,3.921,4.019
5482895.11,17392,0.821,8.024,8.844
5482911.31,17394,0.098,12.134,12.232
5482990.98,17393,0.162,4.766,4.928
5483096.28,17392,0.844,8.369,9.214
5483130.0,17394,0.124,6.072,6.195
5483215.77,17393,1.038,7.664,8.702
5483249.56,17392,0.127,6.103,6.23
5483456.41,17394,0.152,7.162,7.315
5483508.49,17393,0.136,8.326,8.462
5483521.55,17392,0.124,7.358,7.482
5483623.34,17394,0.122,8.059,8.181
5483640.5,17393,0.168,4.337,4.506
5483771.45,17392,0.145,5.23,5.375
5483864.64,17394,0.216,4.35,4.567
5483971.22,17393,0.148,7.028,7.176
5483987.23,17392,0.092,8.069,8.161
5484071.83,17394,1.044,5.718,6.761
5484128.36,17393,0.104,4.06,4.164
5484216.93,17392,0.106,8.315,8.42
5484234.21,17394,0.086,7.075,7.16
5484267.96,17393,0.089,6.1,6.189
5484446.32,17392,0.159,4.063,4.222
5484583.45,17394,0.123,8.022,8.145
5484697.58,17393,0.147,3.986,4.133
5484786.13,17392,1.866,3.994,5.86
5484811.99,17394,0.108,6.034,6.142
5484840.17,17393,0.116,4.024,4.14
5484892.74,17392,0.102,7.062,7.164
5485053.17,17393,0.141,3.986,4.127
5485053.41,17394,0.934,7.284,8.218
5485124.44,17392,0.122,5.248,5.37
5485134.14,17393,0.078,4.398,4.476
5485177.79,17394,0.098,6.089,6.186
5485262.93,17392,0.078,3.995,4.072
5485308.45,17393,0.088,7.049,7.137
5485320.47,17394,0.077,8.135,8.212
5485402.48,17392,0.166,7.245,7.411
5485412.42,17393,0.115,4.08,4.195
5485425.06,17394,0.091,6.589,6.679
5485428.6,17392,0.098,9.137,9.235
5485451.73,17393,0.955,4.187,5.143
5485482.06,17394,0.112,4.866,4.979
5485492.98,17392,0.071,10.048,10.119
5485547.83,17393,0.106,4.022,4.128
5485578.61,17394,0.109,4.072,4.181
5485586.43,17392,0.077,6.599,6.676
5485590.32,17393,0.057,7.11,7.167
5485602.09,17394,0.062,6.986,7.048
5485605.37,17392,0.053,6.051,6.104
5485622.04,17393,0.066,5.536,5.602
5485632.02,17394,0.076,6.125,6.202
5485674.78,17392,0.074,5.969,6.043
5485712.95,17393,0.089,8.307,8.396
5485734.75,17394,1.911,5.081,6.992
5485747.9,17392,0.094,8.656,8.751
5485793.11,17393,1.309,8.034,9.343
5485802.29,17394,0.076,8.169,8.245
5485812.33,17392,0.078,4.206,4.284
5485875.15,17393,1.963,6.0,7.963
5485923.2,17394,0.11,4.06,4.169
5485953.73,17392,0.127,6.556,6.683
5485957.16,17393,0.591,8.043,8.634
5485970.23,17394,0.085,7.088,7.173
5485973.21,17392,0.085,7.077,7.162
5485990.97,17393,0.088,9.042,9.13
5485992.51,17392,0.06,4.065,4.125
5485993.74,17394,0.077,6.923,7.0
5485999.86,17392,0.084,4.056,4.14
5486013.21,17394,0.078,12.12,12.198
5486018.8,17393,0.085,4.088,4.173
5486023.01,17392,0.064,4.068,4.132
5486037.09,17394,2.492,11.005,13.497
5486047.44,17393,0.066,8.228,8.294
5486168.05,17392,0.114,4.167,4.281
5486185.18,17394,0.075,5.943,6.019
5486217.99,17393,0.092,5.056,5.148
5486239.89,17392,0.072,8.154,8.227
5486240.22,17394,0.046,7.024,7.07
5486260.37,17393,0.059,7.477,7.536
5486276.29,17392,0.066,10.171,10.238
5486312.11,17394,0.074,3.992,4.066
5486448.16,17393,0.129,7.943,8.072
5486464.31,17392,0.137,7.758,7.895
5486498.23,17394,0.118,4.037,4.155
5486510.68,17393,0.083,7.942,8.025
5486523.51,17392,0.07,6.009,6.079
5486548.12,17394,0.079,7.987,8.067
5486563.22,17393,0.068,8.131,8.199
5486569.48,17392,0.064,6.021,6.085
5486588.49,17394,0.1,6.732,6.832
5486608.65,17393,0.083,6.07,6.153
5486652.05,17392,2.028,7.96,9.988
5486653.77,17394,0.06,10.122,10.181
5486655.91,17393,3.425,7.845,11.27
5486690.92,17392,0.095,5.987,6.082
5486698.27,17394,0.082,4.026,4.108
5486738.27,17393,1.108,12.168,13.276
5486741.98,17392,0.089,8.209,8.297
5486778.35,17394,0.084,8.148,8.232
5486778.53,17393,0.069,5.489,5.557
5486821.67,17392,0.094,5.989,6.082
5486835.29,17394,0.082,9.057,9.139
5486850.26,17393,0.073,7.128,7.201
5486891.87,17392,0.086,5.061,5.147
5486920.98,17394,0.075,3.995,4.07
5486935.73,17393,0.097,9.033,9.13
5486955.53,17392,0.071,8.417,8.488
5486984.2,17394,0.809,7.075,7.884
5487020.55,17393,0.098,8.016,8.114
5487063.73,17393,0.064,8.046,8.11
5487064.18,17392,0.08,14.039,14.119
5487067.13,17394,0.06,13.307,13.367
5487087.94,17392,0.079,6.053,6.132
5487096.16,17393,0.07,6.047,6.117
5487130.91,17394,0.08,5.935,6.015
5487133.22,17392,0.052,5.99,6.042
5487281.23,17393,0.13,4.001,4.132
5487316.31,17394,0.091,13.024,13.114
5487343.17,17392,0.089,6.024,6.113
5487468.71,17393,0.177,4.423,4.6
5487535.85,17394,0.132,6.208,6.34
5487551.72,17392,0.103,6.022,6.125
5487634.08,17393,0.124,8.971,9.095
5487647.33,17394,0.09,3.976,4.066
5487657.54,17392,0.07,6.609,6.679
5487669.24,17393,0.095,4.098,4.193
5487679.3,17394,0.056,11.09,11.146
5487773.53,17393,0.101,4.022,4.123
5487855.1,17392,0.204,3.953,4.157
5487872.19,17394,0.124,8.5,8.623
5487935.81,17393,1.62,4.508,6.128
5487938.56,17392,0.145,3.887,4.031
5488133.98,17393,0.157,6.406,6.562
5488200.04,17394,0.137,4.134,4.271
5488204.84,17392,0.08,4.226,4.306
5488226.52,17393,0.067,4.156,4.222
5488320.65,17394,0.106,4.118,4.224
5488374.33,17392,0.098,4.174,4.272
5488497.2,17393,0.186,9.037,9.224
5488554.56,17394,0.134,4.329,4.463
5488562.28,17392,0.091,4.007,4.097
5488655.36,17393,0.131,7.163,7.294
5488685.32,17394,0.117,7.122,7.239
5488717.73,17392,0.11,4.035,4.145
5488794.29,17393,0.118,10.047,10.165
5488935.05,17394,0.164,7.695,7.86
5489023.32,17392,1.585,8.036,9.621
5489376.49,17393,0.127,3.951,4.078
5489541.13,17394,0.159,4.009,4.169
5489598.23,17392,0.133,7.026,7.159
5489681.24,17393,0.134,8.011,8.144
5489847.19,17394,0.266,4.017,4.283
5489884.03,17392,0.177,3.87,4.046
5489931.49,17393,0.117,7.052,7.17
5489937.1,17394,2.028,6.014,8.042
5490174.72,17393,0.167,4.021,4.188
5490280.02,17393,0.063,3.888,3.951
5490280.25,17392,0.115,12.068,12.183
5490282.17,17394,3.459,10.064,13.523
5490323.9,17393,0.105,4.105,4.21
5490377.07,17392,0.143,3.868,4.011
5490596.78,17394,0.238,4.027,4.266
5490767.22,17393,0.264,19.078,19.342
5490853.89,17392,0.174,12.914,13.088
5490890.2,17394,0.158,8.945,9.103
5490940.97,17393,0.182,4.234,4.416
5491175.78,17392,0.146,6.935,7.081
5491179.89,17394,0.066,8.043,8.11
5491326.15,17393,0.15,4.03,4.18
5491403.5,17392,0.153,8.499,8.652
5491546.11,17394,1.043,3.991,5.034
5491580.4,17393,0.119,6.217,6.335
5491624.32,17392,0.189,4.945,5.134
5491805.93,17394,0.148,4.059,4.207
5491811.46,17393,0.096,5.754,5.85
5491869.5,17394,0.177,4.449,4.626
5491953.24,17393,0.074,4.112,4.186
5491953.58,17392,2.087,8.468,10.555
5491964.84,17394,0.679,11.115,11.794
5491996.18,17393,0.087,12.041,12.128
5492024.58,17392,0.098,8.085,8.183
5492064.41,17394,0.151,12.043,12.194
5492067.79,17393,0.072,9.67,9.742
5492098.46,17392,0.095,4.0,4.095
5492116.4,17394,0.793,5.34,6.132
5492125.83,17393,0.105,6.662,6.767
5492142.85,17392,0.088,9.205,9.293
5492175.2,17394,1.989,4.12,6.109
5492264.52,17393,0.081,7.149,7.23
5492336.76,17394,0.058,6.079,6.137
5492340.18,17392,0.089,13.042,13.131
5492364.22,17393,0.076,5.99,6.066
5492414.1,17394,0.144,6.057,6.201
5492439.41,17392,0.147,5.796,5.943
5492501.35,17394,0.112,4.344,4.457
5492504.37,17393,0.769,8.248,9.017
5492507.09,17392,0.087,4.202,4.289
5492512.93,17394,0.087,4.372,4.458
5492555.08,17393,4.033,11.996,16.03
5492563.78,17392,0.08,6.167,6.247
5492579.28,17394,1.369,7.215,8.585
5492626.91,17393,0.127,4.832,4.959
5492628.82,17392,0.13,4.066,4.196
5492660.17,17394,0.069,10.028,10.097
5492683.44,17393,0.109,6.482,6.591
5492697.22,17392,0.105,6.048,6.153
5492701.17,17394,0.092,4.195,4.286
5492705.47,17392,0.341,4.156,4.497
5492708.13,17393,0.073,4.009,4.083
5492747.09,17392,3.946,11.007,14.954
5492780.11,17394,0.084,4.076,4.16
5492794.81,17392,0.118,4.019,4.137
5492795.15,17393,0.086,6.606,6.692
5492805.17,17394,0.079,8.042,8.121
5492833.06,17392,4.025,11.989,16.014
5492844.19,17393,1.396,8.089,9.485
5492930.97,17394,0.09,3.996,4.086
5492945.31,17392,0.068,11.086,11.154
5492947.19,17393,1.467,11.118,12.584
5492948.98,17394,0.051,3.891,3.943
5492955.54,17392,1.307,6.457,7.764
5492989.44,17393,0.073,7.521,7.594
5493003.47,17394,1.135,9.404,10.539
5493021.23,17392,0.061,6.13,6.191
5493065.6,17393,0.106,3.958,4.064
5493082.2,17394,1.349,8.089,9.438
5493121.09,17392,2.033,9.992,12.025
5493127.12,17393,0.081,9.016,9.097
5493153.65,17394,0.094,9.186,9.28
5493183.07,17392,0.068,13.843,13.911
5493183.88,17393,0.068,8.506,8.574
5493207.21,17394,3.221,6.104,9.325
5493234.57,17392,0.093,4.059,4.151
5493319.15,17393,0.09,4.009,4.099
5493379.43,17394,0.103,8.372,8.475
5493431.02,17392,0.133,7.044,7.177
5493443.11,17393,0.084,11.37,11.454
5493465.19,17394,0.727,11.035,11.761
5493474.14,17392,4.026,11.057,15.083
5493496.74,17394,0.089,12.601,12.69
5493516.5,17393,0.109,4.587,4.696
5493528.78,17392,0.063,7.322,7.384
5493562.88,17394,0.097,8.697,8.794
5493596.89,17393,1.714,4.769,6.483
5493601.73,17392,0.103,4.077,4.18
5493642.73,17394,2.051,13.561,15.612
5493727.18,17393,1.855,9.065,10.92
5493741.54,17392,0.077,7.419,7.496
5493751.67,17394,0.07,14.164,14.234
5493760.19,17393,0.107,4.005,4.112
5493768.08,17392,0.068,3.963,4.031
5493805.57,17394,0.103,6.07,6.174
5493866.51,17393,0.124,4.09,4.214
5493909.16,17392,0.105,4.157,4.261
5493913.24,17394,0.064,4.265,4.329
5493919.91,17393,0.172,4.252,4.424
5493936.11,17392,0.119,5.94,6.058
5493960.05,17394,0.067,13.069,13.137
5493982.86,17393,0.075,3.949,4.025
5493993.42,17392,0.066,4.072,4.138
5494000.62,17394,0.053,7.529,7.582
5494037.6,17393,0.082,4.014,4.096
5494151.33,17392,0.181,4.07,4.251
5494279.28,17394,0.135,11.074,11.209
5494290.28,17393,0.093,6.114,6.207
5494326.08,17392,0.095,4.11,4.205
5494406.88,17394,0.087,4.061,4.149
5494443.03,17393,0.15,6.028,6.178
5494461.18,17392,0.125,3.985,4.11
5494538.42,17394,0.148,8.194,8.342
5494568.1,17393,3.33,4.981,8.312
5494611.65,17392,0.109,4.364,4.473
5494659.02,17394,0.121,9.311,9.431
5494663.09,17393,0.08,10.2,10.28
5494706.19,17392,0.099,7.026,7.125
5494748.93,17394,0.085,4.003,4.088
5494760.37,17393,0.066,10.013,10.078
5494791.1,17392,2.067,7.97,10.037
5494822.02,17394,0.127,4.421,4.548
5494892.21,17393,0.108,6.014,6.122
5494928.14,17392,0.09,9.991,10.08
5494932.16,17394,0.06,8.05,8.11
5494953.81,17393,0.106,4.122,4.229
5494978.63,17392,0.098,5.033,5.13
5495058.96,17394,0.177,4.221,4.398
5495106.3,17393,0.134,5.899,6.033
5495136.55,17392,0.162,4.288,4.45
5495149.4,17394,0.101,6.231,6.332
5495167.37,17393,0.124,6.177,6.301
5495178.26,17392,0.067,11.24,11.307
5495195.49,17393,2.29,6.421,8.712
5495329.54,17394,0.105,9.124,9.229
5495330.07,17392,0.073,4.941,5.014
5495356.41,17393,0.105,11.249,11.354
5495381.59,17394,0.1,3.96,4.06
5495401.07,17392,0.078,3.983,4.061
5495432.86,17394,0.093,8.013,8.106
5495439.55,17393,0.96,16.387,17.347
5495442.52,17394,0.083,8.394,8.478
5495444.13,17392,0.97,14.009,14.98
5495465.88,17393,0.081,8.371,8.451
5495517.13,17394,0.123,6.227,6.35
5495527.32,17392,0.089,9.194,9.282
5495547.9,17393,0.688,7.773,8.461
5495549.59,17394,0.156,9.385,9.541
5495566.13,17392,0.743,10.052,10.795
5495570.0,17393,2.992,7.947,10.939
5495570.28,17394,4.074,5.155,9.229
5495637.63,17392,0.101,6.111,6.212
5495651.36,17393,0.065,8.207,8.272
5495801.36,17394,0.124,4.319,4.443
5495809.7,17392,0.085,4.078,4.163
5495852.56,17393,0.218,4.279,4.497
5495906.99,17394,0.236,7.29,7.526
5495933.05,17392,0.114,6.022,6.136
5495970.59,17393,0.104,4.072,4.177
5495993.17,17394,0.072,4.146,4.218
5496022.67,17392,0.084,6.166,6.25
5496077.87,17393,0.078,6.576,6.654
5496128.12,17394,0.12,6.962,7.081
5496137.61,17393,0.064,10.363,10.427
5496138.31,17392,0.167,13.108,13.275
5496150.03,17394,0.158,7.649,7.807
5496190.36,17393,2.097,5.193,7.291
5496194.56,17392,0.095,3.953,4.048
5496202.52,17394,0.062,4.307,4.369
5496220.16,17393,0.088,8.926,9.014
5496224.19,17392,0.056,6.203,6.259
5496233.09,17394,1.153,9.023,10.176
5496280.22,17393,0.079,4.198,4.277
5496318.1,17392,1.034,8.016,9.049
5496337.03,17394,1.802,3.963,5.766
5496346.26,17392,0.089,4.004,4.093
5496348.06,17393,0.058,7.84,7.898
5496401.16,17394,0.064,6.054,6.118
5496411.32,17392,0.059,8.19,8.249
5496421.45,17393,0.121,9.891,10.012
5496422.91,17394,0.08,4.064,4.145
5496444.14,17392,0.159,9.092,9.251
5496488.13,17393,2.085,6.978,9.064
5496491.36,17394,0.067,6.075,6.142
5496499.23,17392,0.073,6.107,6.18
5496525.1,17393,0.083,3.973,4.056
5496529.5,17394,0.055,6.042,6.097
5496562.73,17392,0.096,7.183,7.279
5496705.4,17393,0.097,3.894,3.991
5496722.7,17394,0.092,7.21,7.302
5496781.03,17392,0.122,4.03,4.152
5496828.69,17393,0.083,10.554,10.637
5496850.16,17394,0.085,4.055,4.141
5496898.89,17392,0.086,10.746,10.832
5496969.88,17393,0.892,8.125,9.017
5497088.13,17394,0.099,7.968,8.067
5497114.92,17392,0.156,6.24,6.396
5497130.71,17393,0.087,8.105,8.192
5497160.13,17394,0.1,7.991,8.092
5497211.68,17392,0.126,7.5,7.626
5497275.32,17393,0.103,6.122,6.225
5497330.12,17394,1.12,8.028,9.148
5497388.81,17392,0.102,8.122,8.224
5497395.26,17393,1.326,9.069,10.395
5497479.36,17394,0.143,8.119,8.262
5497602.03,17392,0.261,4.254,4.515
5497621.87,17393,0.178,9.734,9.912
5497623.16,17394,0.078,7.739,7.817
5497638.1,17392,0.105,8.225,8.33
5497653.25,17393,0.082,8.121,8.203
5497681.35,17394,0.083,8.015,8.098
5497685.12,17392,0.063,4.01,4.073
5497694.6,17394,0.063,5.965,6.027
5497729.12,17393,0.071,11.999,12.07
5497735.04,17392,0.055,9.812,9.867
5497738.64,17394,0.072,3.978,4.05
5497756.97,17393,1.244,4.882,6.126
5497767.37,17392,0.073,19.188,19.261
5497788.84,17394,0.065,5.09,5.155
5497809.26,17393,0.109,4.042,4.151
5497814.51,17392,0.074,4.072,4.147
5497816.19,17394,0.052,4.088,4.141
5497829.41,17393,0.082,7.294,7.376
5497864.65,17394,0.056,6.327,6.384
5497866.45,17392,0.078,12.322,12.4
5497875.12,17393,0.053,11.853,11.906
5497878.08,17394,1.201,8.026,9.227
5497899.34,17392,0.083,3.994,4.077
5497975.75,17393,0.086,4.118,4.204
5497987.17,17394,0.073,8.057,8.129
5498025.56,17392,0.075,7.98,8.055
5498027.72,17393,0.056,4.633,4.689
5498045.93,17392,0.101,4.116,4.217
5498067.82,17394,0.067,3.97,4.036
5498086.32,17393,0.073,4.053,4.127
5498096.48,17392,0.087,4.702,4.79
5498102.16,17394,0.06,8.06,8.119
5498158.05,17393,0.115,4.129,4.244
5498235.34,17392,0.123,8.106,8.229
5498243.2,17394,0.133,4.01,4.143
5498277.06,17392,0.075,4.149,4.224
5498282.25,17393,2.159,12.074,14.233
5498299.54,17394,0.103,4.283,4.386
5498366.15,17392,2.211,4.035,6.246
5498388.92,17393,0.093,6.013,6.105
5498429.75,17394,0.088,4.095,4.182
5498446.3,17392,0.106,6.696,6.803
5498473.99,17393,0.154,6.023,6.177
5498546.76,17394,0.136,7.18,7.315
5498556.29,17392,0.099,12.139,12.238
5498556.49,17393,0.057,10.36,10.417
5498578.04,17394,3.205,5.945,9.151
5498605.5,17392,2.024,12.424,14.448
5498605.75,17393,0.071,10.671,10.742
5498643.2,17394,1.029,8.118,9.147
5498666.52,17392,0.074,7.03,7.104
5498670.89,17393,0.062,7.69,7.752
5498745.07,17394,0.103,6.155,6.258
5498772.59,17392,2.034,8.509,10.543
5498774.85,17393,0.067,4.75,4.816
5498784.08,17394,0.13,4.086,4.216
5498792.7,17392,0.065,5.023,5.088
5498812.6,17393,0.068,5.497,5.565
5498815.63,17394,0.062,6.524,6.586
5498820.1,17392,0.065,4.01,4.074
5498887.03,17393,0.084,4.091,4.175
5498951.0,17394,0.076,5.877,5.953
5498952.98,17392,0.057,4.049,4.107
5498960.82,17393,2.307,5.956,8.263
5498967.85,17394,0.088,4.072,4.16
5499002.19,17392,0.079,4.228,4.307
5499045.11,17393,0.082,6.983,7.065
5499047.48,17394,2.129,4.39,6.52
5499059.11,17392,0.076,6.074,6.149
5499070.28,17393,0.065,3.986,4.051
5499076.29,17392,0.059,4.063,4.122
5499087.56,17394,0.055,17.121,17.176
5499132.48,17393,0.075,6.361,6.436
5499146.19,17394,0.1,4.047,4.147
5499148.39,17392,0.077,8.268,8.345
5499155.14,17393,0.073,4.026,4.099
5499187.31,17394,0.069,10.088,10.157
5499206.8,17392,0.121,5.228,5.349
5499239.73,17393,0.128,6.055,6.183
5499241.85,17394,0.065,4.74,4.805
5499314.47,17392,0.169,8.23,8.399
5499346.06,17393,0.124,8.575,8.7
5499354.34,17394,0.09,8.077,8.167
5499371.59,17392,0.103,8.417,8.519
5499385.28,17393,0.099,4.084,4.183
5499394.63,17394,0.083,8.099,8.182
5499407.95,17392,0.071,4.828,4.899
5499412.92,17393,0.05,5.993,6.042
5499437.81,17392,1.799,6.738,8.537
5499444.54,17394,0.054,6.124,6.178
5499496.98,17393,0.155,5.026,5.182
5499498.72,17392,0.067,4.498,4.565
5499522.61,17394,0.121,10.335,10.456
5499525.42,17393,0.071,10.308,10.379
5499535.31,17392,0.067,8.187,8.255
5499559.06,17394,0.084,13.25,13.334
5499559.51,17393,0.051,9.422,9.473
5499578.73,17392,0.058,9.013,9.071
5499597.13,17394,2.02,6.067,8.088
5499622.51,17393,0.115,4.356,4.471
5499636.09,17392,0.11,4.031,4.141
5499702.3,17394,0.104,4.138,4.242
5499730.13,17393,0.101,7.969,8.069
5499742.06,17392,0.084,8.0,8.084
5499760.17,17394,0.07,6.06,6.13
5499781.08,17393,0.075,11.959,12.034
5499784.08,17392,0.062,8.974,9.036
5499789.24,17394,1.031,7.157,8.187
5499824.54,17393,0.095,4.028,4.123
5499845.76,17392,0.079,4.063,4.142
5499890.51,17394,0.11,3.97,4.08
5499993.71,17393,1.568,8.067,9.635
5500023.21,17392,0.117,8.015,8.132
5500089.48,17394,0.111,4.006,4.117
5500134.05,17393,0.094,6.882,6.976
5500536.43,17392,0.208,10.193,10.401
5500549.28,17394,0.1,7.125,7.225
5500552.33,17393,0.093,8.181,8.274
5500569.65,17392,0.132,4.062,4.194
5500605.54,17394,0.109,5.065,5.174
5500708.19,17393,0.141,9.983,10.124
5500730.54,17392,0.109,4.052,4.161
5500743.25,17394,0.077,7.838,7.915
5500882.28,17393,0.177,5.022,5.198
5501043.04,17392,0.147,6.362,6.509
5501077.43,17394,0.105,6.046,6.152
5501096.16,17393,0.079,4.02,4.099
5501117.06,17392,0.089,4.379,4.469
5501211.4,17394,0.21,6.152,6.362
5501226.1,17393,1.071,7.979,9.05
5501382.71,17392,1.646,6.447,8.093
5501502.35,17394,0.138,12.129,12.267
5501540.47,17393,1.577,8.328,9.904
5501555.36,17392,0.117,4.245,4.363
5501570.77,17394,0.104,4.287,4.39
5501587.5,17393,0.078,7.365,7.443
5501803.28,17392,0.172,8.054,8.225
5501848.2,17394,0.119,4.018,4.137
5501949.62,17393,0.168,7.585,7.753
5501966.23,17392,0.112,4.05,4.163
5502187.7,17394,0.167,4.3,4.467
5502260.55,17393,0.126,8.026,8.152
5502314.47,17392,0.194,11.176,11.37
5502354.72,17394,0.15,6.373,6.523
5502516.6,17393,0.176,4.329,4.505
5502714.62,17392,0.899,8.456,9.355
5502743.72,17394,0.141,4.365,4.507
5502788.78,17393,2.154,9.556,11.71
5502816.76,17392,0.168,4.495,4.663
5502911.46,17394,0.148,7.26,7.409
5502954.68,17393,0.141,13.467,13.608
5503008.74,17392,1.068,6.926,7.994
5503087.46,17394,0.109,5.294,5.403
5503152.22,17393,0.116,11.041,11.157
5503705.8,17392,0.175,4.144,4.319
5503986.66,17394,0.168,7.074,7.242
5504041.21,17393,0.141,4.212,4.353
5504060.39,17392,0.106,5.988,6.094
5504120.16,17394,0.093,4.293,4.387
5504173.36,17393,0.094,12.207,12.301
5504181.2,17392,2.031,12.106,14.137
5504226.44,17394,0.103,3.984,4.088
5504320.1,17393,0.122,4.06,4.183
5504331.26,17392,0.134,8.05,8.183
5504355.26,17394,1.924,8.128,10.053
5504478.68,17393,0.132,4.135,4.267
5504623.77,17392,0.201,14.004,14.204
5504727.88,17394,0.17,4.133,4.302
5504781.61,17393,0.136,6.14,6.277
5504875.51,17392,0.144,12.806,12.95
5504876.38,17394,0.086,10.176,10.262
5505007.3,17393,0.144,8.498,8.643
5505046.8,17392,0.123,6.072,6.196
5505050.35,17394,0.098,8.184,8.282
5505093.21,17393,0.079,7.083,7.162
5505114.27,17392,0.072,6.145,6.217
5505132.06,17394,0.064,7.948,8.012
5505171.24,17393,1.88,8.148,10.028
5505182.81,17392,0.079,4.734,4.812
5505195.96,17394,0.076,6.938,7.014
5505199.26,17393,0.061,8.032,8.093
5505234.66,17394,0.055,4.049,4.103
5505235.22,17392,1.565,6.14,7.706
5505248.8,17393,0.058,8.073,8.131
5505251.18,17394,0.048,8.084,8.132
5505269.91,17392,0.059,8.323,8.383
5505272.63,17394,0.058,10.153,10.212
5505279.27,17393,0.048,10.405,10.452
5505295.32,17392,2.286,5.257,7.543
5505346.97,17394,0.148,7.625,7.773
5505361.37,17393,0.101,11.888,11.989
5505363.38,17392,0.064,10.164,10.228
5505364.94,17394,2.519,7.856,10.375
5505369.43,17393,4.423,7.978,12.401
5505412.11,17392,0.111,4.047,4.158
5505418.02,17394,1.913,3.951,5.864
5505432.9,17393,0.09,4.034,4.123
5505471.19,17392,0.153,11.944,12.097
5505476.98,17394,0.079,4.442,4.522
5505485.89,17393,0.087,4.873,4.96
5505522.37,17392,1.91,7.239,9.15
5505537.94,17394,0.101,6.976,7.077
5505548.12,17393,0.736,8.048,8.784
5505583.85,17392,0.1,6.035,6.135
5505590.21,17394,0.085,8.07,8.155
5505608.1,17392,0.075,5.074,5.149
5505691.85,17393,0.182,6.031,6.214
5505696.8,17394,0.081,8.37,8.451
5505742.29,17392,0.987,12.312,13.3
5505744.79,17394,0.216,11.905,12.12
5505745.25,17393,0.74,13.081,13.821
5505763.05,17392,0.308,10.099,10.406
5505827.64,17394,0.165,7.197,7.362
5505837.95,17393,0.094,6.159,6.253
5505856.37,17394,0.073,8.139,8.211
5505856.76,17392,0.091,11.191,11.283
5505868.37,17393,0.067,8.257,8.324
5505880.96,17394,0.661,8.834,9.495
5505897.68,17392,0.196,4.255,4.451
5505912.1,17393,0.077,8.231,8.308
5505928.34,17394,0.102,7.172,7.274
5505991.18,17392,0.143,4.15,4.293
5506005.52,17393,0.107,7.355,7.461
5506013.45,17394,0.089,8.025,8.115
5506025.98,17393,0.095,4.145,4.24
5506113.92,17392,0.087,3.95,4.037
5506125.47,17394,2.588,5.928,8.516
5506175.62,17393,0.082,11.425,11.507
5506188.76,17392,0.075,4.084,4.158
5506232.89,17394,0.185,7.948,8.133
5506260.3,17393,0.08,13.166,13.245
5506283.34,17392,0.075,8.983,9.058
5506285.11,17394,0.062,4.006,4.068
5506315.05,17393,0.075,4.063,4.138
5506375.29,17392,0.139,10.072,10.211
5506375.3,17394,2.285,4.18,6.465
5506420.28,17393,0.124,4.312,4.436
5506460.22,17392,2.089,12.043,14.132
5506469.83,17394,0.115,4.129,4.245
5506491.53,17393,0.07,16.395,16.466
5506491.9,17392,0.054,14.767,14.822
5506492.65,17394,0.082,11.211,11.293
5506520.51,17393,0.108,4.202,4.31
5506561.34,17392,0.165,6.087,6.252
5506566.31,17394,0.071,9.168,9.239
5506591.64,17393,0.103,4.161,4.264
5506611.03,17392,0.072,4.261,4.334
5506623.23,17394,0.084,7.078,7.162
5506652.81,17393,1.967,9.715,11.682
5506662.7,17394,0.093,8.089,8.182
5506663.3,17392,0.099,9.15,9.249
5506718.31,17393,0.126,4.052,4.178
5506734.65,17392,0.112,8.28,8.392
5506753.07,17394,1.732,7.987,9.718
5506753.83,17393,0.112,8.547,8.659
5506823.49,17392,0.085,9.355,9.44
5506838.54,17394,0.068,6.992,7.06
5506843.87,17393,0.088,6.502,6.591
5506886.39,17394,2.027,8.314,10.341
5506926.34,17392,0.114,4.029,4.143
5506961.16,17393,0.081,6.026,6.107
5507028.55,17394,0.091,4.402,4.493
5507066.33,17392,2.489,8.198,10.686
5507095.81,17393,0.089,4.518,4.608
5507150.59,17394,0.087,12.081,12.168
5507266.02,17392,0.115,3.935,4.05
5507327.27,17393,0.089,7.019,7.108
5507389.9,17394,0.129,5.382,5.511
5507411.33,17392,0.094,6.172,6.266
5507449.53,17393,1.705,4.088,5.793
5507462.52,17394,0.09,11.427,11.517
5507524.74,17392,0.144,3.971,4.115
5507549.95,17393,0.116,7.108,7.224
5507645.51,17394,0.139,5.922,6.061
5507711.27,17392,0.148,9.112,9.26
5507839.15,17393,0.183,3.992,4.175
5507899.18,17394,0.144,4.171,4.315
5507952.33,17392,2.02,12.229,14.249
5507952.73,17393,3.157,10.63,13.786
5507959.68,17394,0.082,7.157,7.239
5507965.14,17393,2.023,8.081,10.104
5508064.29,17392,0.108,4.118,4.226
5508088.35,17394,1.429,5.261,6.69
5508106.77,17393,0.079,6.008,6.087
5508120.23,17392,0.066,9.124,9.19
5508179.73,17394,0.855,8.487,9.341
5508192.01,17393,0.078,4.095,4.173
5508194.13,17392,0.083,10.032,10.115
5508205.94,17394,2.029,5.858,7.887
5508245.74,17393,0.071,4.125,4.196
5508296.1,17392,0.899,11.953,12.852
5508319.55,17394,0.099,4.185,4.284
5508356.7,17393,0.202,4.184,4.385
5508394.33,17392,0.154,11.945,12.099
5508398.17,17394,0.115,3.992,4.107
5508418.18,17392,0.117,4.017,4.134
5508424.17,17393,0.058,4.071,4.129
5508435.14,17394,0.067,4.024,4.091
5508449.77,17392,0.19,5.643,5.833
5508490.85,17393,2.046,10.723,12.769
5508534.55,17392,0.151,4.041,4.192
5508535.02,17394,0.157,5.738,5.895
5508568.32,17393,0.081,14.187,14.268
5508574.44,17392,2.052,12.354,14.406
5508591.43,17394,0.089,7.4,7.488
5508604.88,17393,0.068,6.087,6.156
5508623.25,17392,0.064,4.043,4.107
5508641.72,17394,0.082,6.134,6.216
5508687.05,17393,1.987,5.947,7.934
5508711.51,17392,0.093,4.54,4.634
5508715.91,17394,0.067,4.077,4.144
5508732.05,17393,2.189,3.942,6.131
5508758.57,17392,0.058,6.006,6.064
5508801.43,17394,0.085,3.983,4.068
5508818.8,17393,0.071,3.991,4.062
5508840.47,17392,0.07,11.352,11.421
5508863.18,17394,0.084,4.065,4.149
5508900.12,17393,0.087,7.01,7.098
5508904.8,17392,0.059,6.282,6.341
5508927.13,17394,0.074,12.009,12.084
5508946.15,17393,2.304,6.046,8.35
5508950.79,17392,0.058,5.688,5.745
5508956.47,17393,3.409,4.408,7.818
5508962.62,17394,0.068,4.018,4.086
5508968.93,17392,0.072,4.037,4.109
5508973.11,17393,0.125,4.0,4.126
5508990.84,17394,0.066,4.033,4.099
5509002.1,17392,0.057,4.73,4.787
5509032.73,17393,0.921,3.923,4.844
5509136.12,17394,0.083,7.993,8.077
5509154.51,17392,0.075,7.088,7.163
5509203.14,17393,0.081,4.01,4.091
5509213.39,17394,0.066,9.793,9.859
5509235.75,17392,0.078,11.067,11.145
5509238.4,17393,0.47,11.323,11.793
5509260.16,17394,0.075,4.039,4.114
5509280.85,17392,0.078,7.164,7.241
5509282.16,17393,1.257,5.911,7.168
5509284.71,17394,0.06,7.12,7.18
5509302.65,17392,0.072,16.058,16.13
5509305.08,17393,0.468,17.019,17.487
5509308.34,17394,0.061,7.404,7.465
5509335.06,17392,0.091,14.498,14.589
5509335.98,17393,1.726,9.927,11.653
5509346.54,17394,0.075,4.268,4.343
5509358.98,17392,0.07,4.002,4.071
5509366.83,17393,0.066,5.986,6.052
5509391.72,17394,0.065,4.618,4.683
5509439.68,17392,0.109,7.483,7.592
5509443.89,17393,0.059,7.544,7.603
5509449.28,17394,0.074,8.05,8.124
5509488.31,17393,0.152,4.293,4.446
5509542.21,17392,0.145,7.999,8.145
5509558.69,17394,0.111,4.318,4.429
5509576.21,17393,0.121,4.059,4.18
5509627.14,17392,1.069,6.024,7.093
5509644.76,17394,0.065,4.219,4.284
5509653.07,17393,0.064,4.31,4.375
5509668.09,17392,0.077,4.234,4.311
5509697.44,17394,3.029,10.341,13.37
5509725.08,17393,0.103,4.154,4.257
5509737.04,17392,0.081,4.046,4.127
5509739.5,17394,0.066,4.275,4.341
5509746.66,17393,0.065,4.145,4.21
5509770.73,17392,0.076,6.207,6.283
5509808.13,17394,1.414,4.072,5.486
5509833.89,17393,0.091,4.132,4.223
5509845.08,17392,0.056,7.987,8.043
5509849.91,17394,0.059,4.04,4.099
5509858.16,17393,0.076,7.046,7.122
5509884.16,17392,1.797,16.045,17.842
5509884.29,17394,0.057,12.408,12.465
5509897.58,17393,1.153,7.502,8.655
5509926.12,17392,4.257,11.045,15.302
5509930.71,17394,0.071,4.39,4.461
5509935.22,17394,0.091,4.077,4.167
5509963.02,17392,0.078,7.11,7.188
5509975.21,17393,0.087,4.072,4.158
5510002.89,17394,0.072,5.021,5.092
5510012.52,17392,0.09,3.947,4.037
5510060.18,17393,1.836,6.03,7.866
5510074.13,17394,1.425,4.056,5.481
5510111.52,17392,0.126,7.966,8.092
5510233.86,17393,0.141,4.077,4.218
5510469.49,17394,0.153,4.226,4.379
5510514.92,17392,0.153,6.323,6.476
5510642.8,17393,0.129,6.014,6.143
5510650.24,17394,0.067,10.895,10.962
5510655.89,17392,0.09,5.007,5.097
5510791.26,17393,0.137,4.133,4.27
5511014.83,17394,0.166,6.082,6.248
5511034.68,17392,0.105,7.127,7.233
5511125.16,17393,0.142,4.084,4.226
5511135.98,17394,0.087,4.084,4.172
5511202.79,17392,0.088,4.125,4.213
5511334.91,17393,0.127,4.063,4.191
5511415.78,17394,0.113,6.011,6.124
5511599.36,17392,3.055,4.221,7.276
5511626.84,17394,0.072,11.159,11.231
5511628.41,17393,0.129,15.245,15.373
5511751.97,17392,1.019,4.098,5.117
5511816.58,17394,1.293,8.047,9.34
5511842.23,17393,0.139,4.046,4.185
5511898.33,17392,2.042,8.2,10.242
5511925.25,17394,0.108,4.076,4.185
5511990.05,17393,0.198,4.086,4.284
5511992.47,17392,0.795,4.116,4.912
5512010.27,17394,0.096,4.109,4.206
5512071.66,17393,0.143,7.561,7.704
5512073.92,17392,0.071,5.795,5.866
5512260.37,17394,0.138,10.157,10.295
5512288.15,17393,0.124,6.95,7.074
5512312.05,17392,0.268,4.149,4.417
5512330.31,17394,0.934,11.213,12.148
5512342.1,17393,0.107,8.161,8.267
5512351.67,17392,2.03,9.597,11.627
5512362.01,17393,0.071,5.89,5.962
5512371.35,17394,0.06,4.013,4.073
5512375.24,17392,0.057,4.142,4.199
5512411.85,17394,0.086,4.449,4.535
5512444.84,17393,0.125,6.196,6.321
5512456.41,17392,2.044,10.291,12.335
5512478.07,17394,0.129,4.47,4.599
5512516.85,17393,0.148,7.443,7.591
5512520.19,17392,2.085,4.026,6.111
5512576.48,17393,0.112,4.096,4.208
5512595.25,17394,0.08,8.019,8.1
5512611.23,17392,0.08,4.099,4.178
5512668.2,17393,0.077,6.077,6.153
5512711.51,17394,0.083,6.536,6.619
5512753.23,17392,0.096,10.08,10.176
5512753.93,17393,0.061,6.291,6.352
5512774.67,17394,0.077,7.141,7.219
5512798.49,17392,0.08,6.052,6.132
5512810.97,17393,0.075,3.999,4.075
5512855.21,17394,1.248,12.094,13.342
5512870.57,17392,0.237,6.151,6.388
5512885.06,17393,0.077,4.241,4.318
5512891.32,17394,0.064,4.016,4.08
5512937.89,17392,0.09,4.069,4.159
5512946.36,17393,0.068,8.329,8.397
5512994.17,17394,0.084,4.038,4.122
5513023.51,17392,0.079,9.216,9.295
5513057.22,17393,0.092,7.073,7.165
5513070.76,17394,0.07,8.024,8.094
5513082.24,17392,0.067,3.938,4.005
5513115.87,17393,0.075,5.31,5.386
5513146.18,17394,0.077,12.056,12.133
5513153.21,17392,0.082,6.138,6.22
5513180.07,17393,0.063,11.961,12.024
5513193.3,17394,0.07,5.992,6.062
5513208.54,17392,0.085,7.292,7.377
5513219.66,17393,0.074,4.078,4.153
5513252.93,17394,2.217,7.838,10.054
5513293.31,17392,0.09,4.071,4.161
5513309.14,17393,1.879,4.035,5.914
5513313.32,17394,0.056,4.071,4.127
5513327.32,17392,0.097,4.156,4.253
5513347.32,17393,0.08,7.653,7.733
5513365.11,17394,1.418,4.001,5.419
5513448.32,17392,0.164,4.136,4.3
5513457.3,17393,0.113,7.161,7.274
5513464.34,17392,0.098,4.983,5.08
5513465.6,17394,0.099,7.926,8.024
5513473.3,17393,0.11,4.169,4.278
5513500.84,17392,0.14,5.076,5.216
5513556.49,17394,0.181,8.036,8.217
5513600.56,17393,0.086,6.313,6.399
5513617.08,17392,0.924,7.965,8.89
5513625.8,17394,0.072,4.513,4.586
5513639.48,17393,0.076,12.02,12.096
5513642.33,17392,0.057,11.124,11.18
5513681.29,17394,0.081,5.976,6.057
5513688.96,17393,0.065,5.046,5.111
5513697.23,17392,1.1,6.115,7.215
5513708.14,17394,0.069,9.666,9.735
5513709.85,17393,0.273,7.134,7.407
5513737.55,17392,0.077,6.01,6.087
5513747.95,17394,0.06,4.952,5.013
5513755.23,17393,0.057,5.103,5.16
5513766.2,17392,0.064,3.996,4.06
5513771.86,17394,0.059,4.084,4.142
5513781.27,17393,0.08,6.337,6.417
5513795.79,17394,0.046,8.185,8.231
5513796.43,17392,1.52,10.345,11.865
5513824.5,17393,0.082,8.643,8.725
5513875.7,17394,0.087,7.756,7.843
5513877.8,17392,0.061,5.707,5.768
5513903.93,17393,0.078,9.018,9.096
5513922.87,17394,0.062,11.507,11.568
5513925.0,17392,0.053,7.915,7.967
5513957.08,17393,0.068,4.038,4.106
5514049.26,17394,0.116,3.935,4.051
5514062.23,17392,0.091,5.086,5.177
5514092.41,17393,0.07,8.287,8.357
5514117.61,17394,0.087,4.106,4.193
5514147.07,17392,1.025,11.978,13.003
5514154.54,17393,1.34,8.431,9.771
5514191.18,17392,0.118,13.165,13.283
5514211.14,17394,0.091,3.995,4.086
5514373.24,17393,0.151,6.018,6.169
5514389.22,17392,0.094,4.066,4.16
5514405.97,17394,0.088,4.237,4.325
5514414.21,17393,0.073,8.096,8.169
5514428.12,17394,0.077,7.982,8.059
5514433.85,17392,0.066,5.016,5.082
5514516.25,17393,0.167,7.266,7.433
5514536.97,17394,0.148,4.337,4.485
5514592.37,17392,0.103,7.069,7.172
5514614.01,17393,0.118,7.121,7.239
5514643.4,17394,1.579,8.274,9.853
5514668.65,17392,0.075,6.043,6.118
5514688.38,17393,0.069,7.054,7.124
5514691.18,17394,0.065,4.144,4.209
5514716.23,17393,1.026,7.155,8.182
5514720.35,17392,0.051,8.264,8.316
5514750.73,17394,0.063,5.984,6.047
5514766.52,17393,0.087,6.074,6.161
5514821.57,17392,1.594,7.931,9.525
5514822.32,17394,2.506,6.23,8.736
5514844.69,17393,0.077,5.998,6.075
5514863.22,17392,0.06,6.114,6.174
5514896.9,17394,1.065,5.774,6.839
5514910.36,17393,0.067,4.235,4.302
5514940.39,17392,0.087,6.987,7.074
5514998.05,17394,0.098,7.308,7.406
5515043.05,17393,0.085,10.902,10.987
5515044.75,17392,3.814,7.154,10.967
5515050.23,17394,2.037,11.152,13.188
5515053.15,17393,0.616,10.019,10.635
5515136.41,17392,0.092,8.072,8.164
5515140.3,17394,0.065,8.072,8.137
5515152.85,17392,0.052,5.942,5.994
5515155.1,17393,0.062,10.995,11.057
5515159.07,17392,0.043,4.001,4.044
5515163.29,17394,0.051,10.203,10.254
5515180.98,17393,0.072,6.044,6.116
5515187.21,17392,0.053,8.112,8.165
5515220.03,17394,0.087,3.895,3.982
5515248.32,17393,0.066,5.077,5.144
5515323.94,17392,0.08,7.089,7.168
5515353.22,17394,0.11,4.122,4.231
5515379.02,17393,0.106,6.005,6.111
5515384.21,17392,0.07,4.375,4.445
5515401.68,17394,0.081,12.011,12.091
5515404.24,17393,0.059,9.119,9.178
5515421.67,17392,0.083,6.04,6.123
5515441.34,17394,0.083,8.309,8.392
5515510.1,17393,0.154,4.094,4.248
5515541.67,17392,0.163,4.134,4.297
5515554.46,17394,0.135,10.363,10.498
5515661.12,17393,0.151,8.03,8.181
5515675.49,17392,0.1,5.114,5.214
5515740.73,17394,0.12,4.364,4.484
5515759.34,17393,0.159,7.149,7.308
5515786.72,17392,1.079,8.58,9.659
5515788.93,17394,2.304,6.822,9.126
5515843.53,17393,0.106,4.29,4.396
5515847.63,17392,0.074,5.247,5.321
5515863.99,17394,0.089,7.113,7.202
5515888.38,17393,0.078,12.25,12.328
5515898.76,17392,0.106,10.204,10.31
5516037.58,17394,0.122,6.209,6.332
5516041.53,17393,0.084,6.401,6.485
5516111.6,17392,0.124,4.08,4.204
5516118.62,17394,0.112,4.101,4.213
5516123.71,17393,0.068,4.171,4.239
5516215.91,17392,0.149,4.186,4.335
5516222.96,17394,0.098,5.724,5.821
5516229.51,17393,0.086,8.905,8.991
5516240.33,17392,0.067,8.659,8.726
5516590.83,17394,0.146,8.137,8.284
5516741.07,17393,2.102,11.884,13.985
5516745.39,17392,0.149,4.08,4.229
5516772.31,17394,0.093,4.146,4.239
5516825.85,17393,0.104,4.298,4.402
5516860.84,17392,0.093,6.034,6.127
5516982.77,17394,0.092,5.025,5.117
5517018.34,17393,0.098,8.182,8.279
5517053.17,17392,0.13,7.105,7.234
5517093.52,17394,0.101,6.062,6.163
5517163.27,17393,0.11,10.09,10.2
5517190.23,17392,1.074,6.112,7.185
5517231.53,17394,0.102,8.231,8.333
5517250.66,17393,0.092,6.1,6.192
5517272.19,17392,0.081,8.058,8.139
5517332.82,17394,0.103,5.322,5.425
5517362.64,17393,0.082,6.087,6.169
5517521.13,17392,0.172,8.324,8.496
5517532.2,17394,0.151,4.787,4.938
5517558.06,17393,0.206,7.748,7.954
5517606.3,17392,0.23,8.975,9.204
5517663.49,17394,0.172,7.613,7.785
5517780.3,17393,0.181,6.691,6.871
5517848.28,17392,0.162,12.654,12.817
5517851.34,17394,0.136,10.136,10.273
5517859.15,17393,0.098,10.656,10.754
5517921.06,17392,0.146,8.424,8.57
5518105.76,17394,0.128,8.044,8.172
5518165.65,17393,0.11,4.225,4.336
5518183.41,17392,1.266,6.27,7.535
5518237.67,17394,0.098,6.046,6.144
5518291.36,17393,2.075,12.238,14.313
5518328.16,17392,0.083,5.181,5.265
5518346.24,17394,1.033,8.148,9.18
5518349.37,17393,0.07,6.247,6.317
5518386.27,17392,0.088,4.122,4.21
5518589.08,17394,0.173,4.375,4.547
5518725.79,17393,3.282,8.314,11.595
5518754.9,17392,1.054,11.748,12.802
5518798.1,17394,0.153,8.869,9.022
5518871.83,17393,0.185,6.035,6.219
5518941.87,17392,0.159,6.301,6.461
5518988.45,17394,0.164,4.144,4.308
5519161.44,17393,1.054,4.289,5.343
5519400.95,17392,0.143,4.156,4.299
5519431.71,17394,0.103,6.07,6.173
5519599.51,17393,0.159,7.008,7.167
5519644.95,17392,0.228,8.685,8.913
5519710.49,17394,0.142,6.049,6.19
5519721.17,17393,0.104,7.263,7.367
5519770.42,17392,2.123,8.206,10.329
5519880.42,17394,0.14,6.205,6.345
5519903.35,17393,1.492,8.364,9.856
5520052.5,17392,0.161,4.287,4.449
5520084.29,17394,0.135,6.087,6.222
5520140.86,17393,0.146,5.955,6.101
5520276.11,17392,0.156,4.016,4.172
5520334.12,17394,0.154,8.005,8.159
5520357.21,17393,0.111,4.033,4.144
5520371.3,17392,0.084,6.155,6.239
5520470.23,17394,0.153,7.985,8.138
5520491.15,17393,0.121,7.953,8.074
5520539.83,17392,0.132,4.067,4.199
5520614.36,17394,0.16,6.12,6.28
5520670.32,17393,4.673,12.176,16.849
5520709.47,17392,0.12,27.176,27.296
5520713.23,17394,8.522,20.056,28.578
5521014.48,17393,0.169,4.18,4.349
5521111.39,17392,0.172,4.816,4.988
5521424.21,17394,2.047,6.084,8.131
5521439.69,17393,0.123,9.861,9.983
5521484.04,17392,0.15,4.435,4.585
5521501.14,17394,0.085,8.443,8.529
5521583.38,17393,0.227,7.201,7.428
5521592.41,17392,0.12,7.078,7.197
5521627.54,17394,0.154,4.432,4.586
5521766.23,17393,0.192,6.133,6.325
5521845.85,17392,0.184,7.057,7.241
5521962.74,17394,0.167,7.222,7.389
5521978.83,17393,0.124,4.147,4.271
5522043.3,17392,0.16,8.327,8.488
5522151.75,17394,0.193,7.431,7.624
5522167.67,17393,0.147,4.424,4.571
5522209.77,17392,0.165,8.373,8.538
5522221.48,17393,0.113,4.29,4.403
5522222.48,17394,0.138,8.278,8.417
5522242.45,17392,0.17,6.122,6.293
5522252.75,17393,0.136,7.295,7.431
5522259.47,17394,0.078,11.223,11.301
5522289.59,17392,0.166,4.359,4.525
5522298.39,17393,0.098,4.238,4.336
5522327.92,17394,0.122,6.339,6.462
5522345.46,17392,0.109,6.285,6.394
5522377.54,17393,0.13,6.327,6.457
5522387.57,17394,0.131,4.38,4.511
5522402.91,17392,0.066,6.274,6.341
5522404.59,17393,0.151,5.368,5.519
5522440.32,17394,4.201,5.134,9.335
5522452.44,17392,1.951,4.208,6.158
5522464.11,17393,0.171,7.846,8.017
5522464.79,17394,0.08,4.199,4.279
5522470.69,17392,0.114,4.02,4.134
5522476.77,17393,0.065,4.061,4.126
5522499.69,17394,0.104,8.008,8.111
5522515.25,17392,0.09,12.094,12.184
5522519.31,17393,2.088,12.139,14.227
5522522.8,17394,0.09,5.68,5.77
5522535.02,17393,0.126,4.324,4.45
5522590.2,17392,0.136,13.037,13.174
5522592.08,17394,3.149,9.981,13.13
5522594.4,17393,0.07,10.293,10.363
5522606.66,17392,0.073,5.405,5.478
5522627.61,17394,0.089,4.373,4.462
5522663.19,17393,0.109,4.31,4.419
5522711.12,17392,0.657,4.399,5.056
5522725.13,17394,0.126,4.39,4.517
5522760.3,17393,5.327,8.105,13.432
5522819.02,17392,0.177,4.08,4.257
5522831.27,17394,1.698,8.156,9.854
5522854.49,17393,0.223,4.209,4.432
5522877.99,17392,0.1,8.726,8.826
5522878.72,17394,0.065,7.371,7.435
5522892.05,17393,0.085,4.092,4.177
5522917.26,17394,0.088,8.32,8.408
5522931.81,17392,2.153,4.739,6.892
5522941.17,17393,5.533,10.098,15.631
5522941.27,17392,0.103,3.977,4.08
5522953.45,17394,0.079,6.056,6.135
5522960.62,17393,0.052,7.054,7.107
5522990.59,17392,0.07,13.285,13.355
5523001.3,17394,0.055,13.201,13.255
5523036.86,17393,0.081,6.062,6.143
5523068.13,17392,0.08,12.174,12.255
5523090.24,17394,0.096,10.079,10.176
5523124.54,17393,0.125,4.041,4.166
5523155.67,17392,0.104,4.042,4.146
5523181.97,17394,0.075,6.994,7.069
5523220.52,17393,0.075,4.037,4.112
5523283.6,17392,0.086,6.48,6.567
5523297.11,17394,0.065,8.536,8.601
5523302.42,17393,2.752,8.365,11.117
5523334.39,17392,0.087,4.243,4.331
5523341.98,17394,0.072,4.02,4.092
5523363.62,17393,0.093,10.083,10.177
5523365.82,17392,2.15,4.741,6.891
5523390.87,17393,0.071,9.106,9.176
5523393.1,17394,0.051,8.997,9.048
5523449.71,17392,0.163,5.961,6.124
5523468.17,17393,0.55,8.049,8.599
5523489.25,17394,0.089,4.005,4.093
5523572.75,17392,0.163,4.398,4.561
5523613.18,17393,2.92,8.075,10.995
5523622.52,17394,0.091,10.891,10.982
5523625.45,17392,0.057,11.175,11.232
5523636.87,17393,0.073,10.207,10.281
5523646.67,17394,0.061,6.189,6.25
5523649.12,17392,0.053,5.034,5.087
5523659.45,17393,3.062,8.386,11.447
5523675.27,17394,0.066,8.163,8.229
5523691.42,17392,0.118,8.265,8.383
5523706.48,17393,0.073,8.121,8.193
5523735.38,17394,0.076,4.045,4.121
5523745.2,17392,0.134,4.005,4.139
5523777.52,17393,0.132,6.31,6.443
5523802.38,17394,0.09,6.253,6.344
5523804.72,17392,0.074,4.593,4.667
5523821.2,17393,0.076,7.066,7.143
5523874.46,17394,0.132,5.972,6.104
5523878.74,17392,0.072,6.579,6.651
5523910.98,17393,0.124,4.194,4.318
5523932.38,17394,0.105,7.223,7.328
5523963.98,17392,0.101,6.275,6.376
5523969.09,17393,2.01,7.983,9.993
5523992.84,17394,0.088,6.164,6.252
5524009.32,17392,0.079,8.429,8.507
5524011.19,17393,0.086,7.011,7.096
5524037.66,17394,0.075,6.363,6.438
5524047.81,17392,0.082,5.073,5.155
5524059.58,17393,0.1,4.083,4.183
5524075.2,17394,0.12,4.011,4.131
5524106.1,17392,0.075,8.079,8.153
5524113.04,17393,0.631,8.148,8.779
5524137.42,17394,0.192,4.241,4.432
5524141.18,17392,0.16,3.965,4.124
5524180.62,17393,0.089,4.16,4.249
5524237.19,17394,0.088,8.351,8.439
5524251.31,17392,0.074,7.064,7.138
5524290.9,17393,0.083,3.978,4.061
5524301.62,17394,0.061,4.044,4.105
5524331.78,17392,2.055,7.67,9.725
5524382.09,17393,0.133,3.996,4.129
5524401.15,17394,0.084,8.011,8.095
5524442.85,17392,1.773,4.719,6.493
5524476.13,17393,0.147,6.499,6.646
5524517.32,17394,0.15,12.072,12.222
5524551.22,17392,0.172,4.102,4.274
5524610.31,17394,0.168,4.146,4.315
5524610.77,17393,0.14,6.495,6.635
5524639.35,17392,0.148,4.111,4.26
5524646.09,17394,0.108,4.068,4.177
5524658.0,17393,0.097,3.917,4.014
5524665.57,17392,0.057,9.084,9.141
5524671.15,17394,0.082,8.621,8.703
5524686.09,17393,2.862,12.0,14.862
5524697.96,17392,0.097,4.804,4.901
5524702.12,17394,0.072,3.991,4.063
5524719.3,17393,0.08,6.952,7.033
5524764.13,17392,0.119,6.493,6.612
5524803.02,17394,0.12,4.42,4.539
5524988.88,17393,0.13,5.667,5.797
5525119.79,17392,0.162,5.991,6.153
5525164.41,17394,0.159,12.169,12.328
5525177.47,17393,2.043,13.36,15.403
5525209.68,17394,0.151,4.35,4.502
5525219.22,17392,0.149,4.125,4.274
5525238.47,17393,0.098,8.019,8.117
5525248.58,17394,0.069,11.233,11.302
5525258.21,17393,1.05,10.101,11.15
5525269.35,17394,0.089,14.426,14.515
5525269.94,17392,0.069,10.54,10.609
5525272.09,17393,1.616,10.011,11.627
5525353.18,17394,2.04,10.077,12.117
5525357.55,17392,0.076,7.314,7.39
5525380.76,17393,0.146,4.352,4.498
5525413.66,17394,0.156,8.419,8.574
5525423.5,17392,0.123,14.121,14.245
5525426.6,17393,1.454,12.831,14.285
5525428.49,17394,0.076,7.124,7.2
5525450.21,17392,3.058,11.02,14.078
5525457.98,17393,1.041,5.867,6.907
5525484.94,17394,0.149,4.056,4.205
5525510.09,17392,0.141,10.102,10.243
5525512.34,17393,0.073,7.02,7.093
5525559.05,17394,0.121,4.786,4.907
5525572.99,17392,0.127,4.6,4.727
5525578.58,17393,0.097,4.702,4.799
5525601.54,17394,0.124,11.237,11.361
5525615.6,17392,2.04,12.482,14.522
5525635.83,17393,0.126,9.632,9.758
5525688.61,17394,0.139,4.155,4.295
5525715.75,17392,0.272,16.621,16.893
5525726.49,17393,0.102,20.925,21.027
5525732.04,17394,2.601,18.962,21.563
5525754.98,17392,0.095,8.575,8.669
5525792.18,17393,0.228,4.364,4.592
5525844.53,17394,1.039,7.417,8.456
5525866.22,17392,0.092,4.232,4.324
5525884.33,17394,0.08,6.168,6.248
5525885.06,17393,0.319,8.696,9.015
5525889.75,17392,0.082,4.177,4.259
5525894.14,17394,0.07,4.217,4.287
5525935.8,17393,0.129,5.994,6.123
5525938.6,17392,0.076,5.117,5.194
5525954.89,17394,0.103,4.407,4.51
5526004.16,17393,0.13,4.268,4.398
5526017.16,17392,0.09,4.897,4.987
5526068.85,17394,0.086,8.706,8.793
5526081.23,17393,0.072,8.205,8.278
5526126.0,17392,0.105,4.04,4.144
5526130.4,17394,0.089,4.139,4.228
5526167.29,17393,0.087,4.371,4.458
5526179.08,17392,0.068,4.127,4.195
5526182.27,17394,0.197,4.557,4.754
5526221.69,17393,0.082,5.321,5.403
5526233.4,17392,0.07,6.112,6.182
5526254.56,17394,0.07,6.218,6.288
5526266.01,17393,0.072,5.553,5.625
5526309.14,17394,0.088,5.997,6.085
5526309.15,17392,2.529,9.057,11.586
5526332.13,17393,0.085,3.995,4.08
5526354.48,17394,0.083,4.119,4.202
5526362.29,17392,2.508,8.187,10.695
5526370.33,17393,0.071,4.111,4.183
5526401.92,17394,0.674,4.095,4.769
5526411.37,17392,0.872,5.667,6.539
5526445.65,17393,0.167,7.137,7.305
5526446.84,17394,0.051,4.836,4.887
5526451.07,17392,0.072,4.05,4.121
5526501.95,17393,0.975,6.016,6.991
5526506.22,17394,0.101,3.986,4.087
5526516.02,17392,0.109,4.074,4.183
5526553.56,17393,0.092,10.418,10.511
5526556.33,17394,0.058,7.23,7.287
5526619.67,17392,0.095,6.052,6.147
5526683.13,17393,0.104,4.138,4.243
5526862.31,17394,0.136,8.08,8.216
5526978.55,17392,1.649,4.325,5.973
5527027.14,17393,0.118,4.062,4.18
5527185.22,17394,0.097,4.067,4.164
5527352.74,17392,0.12,6.024,6.144
5527389.11,17393,0.084,9.165,9.249
5527478.14,17394,1.371,7.998,9.369
5527756.7,17392,0.157,12.44,12.597
5527769.79,17393,0.123,10.343,10.466
5527827.52,17394,0.16,4.134,4.294
5527845.72,17392,1.072,18.552,19.624
5527877.08,17394,0.157,6.592,6.749
5527909.56,17393,0.144,8.028,8.172
5527926.99,17392,0.118,8.638,8.756
5528007.88,17394,0.267,7.388,7.655
5528043.44,17393,1.447,8.201,9.648
5528130.69,17392,0.141,4.459,4.6
5528242.68,17394,0.157,6.003,6.16
5528281.78,17393,0.143,7.235,7.378
5528366.28,17392,0.137,4.277,4.413
5528489.31,17394,0.182,8.439,8.621
5528549.72,17393,0.167,8.442,8.608
5528665.23,17392,0.188,6.127,6.315
5528736.96,17394,0.151,4.259,4.41
5528745.24,17393,0.08,4.095,4.175
5528764.9,17392,0.117,6.037,6.154
5528775.85,17394,1.32,8.676,9.996
5528787.99,17393,2.035,6.893,8.927
5528817.36,17392,0.136,6.148,6.284
5528860.77,17394,0.209,10.55,10.759
5528897.56,17393,1.093,8.357,9.45
5528997.49,17392,0.227,8.308,8.535
5529058.53,17394,0.549,6.272,6.82
5529080.13,17393,0.1,7.434,7.534
5529122.18,17392,0.103,8.241,8.344
5529123.09,17394,0.079,4.193,4.272
5529177.01,17393,0.2,4.278,4.478
5529203.11,17392,2.035,8.022,10.057
5529215.09,17394,0.069,6.306,6.375
5529256.93,17393,0.088,4.277,4.365
5529269.17,17392,0.071,6.552,6.623
5529361.66,17394,1.056,4.186,5.242
5529445.37,17393,0.144,4.069,4.212
5529522.66,17392,0.17,7.539,7.708
5529607.61,17394,0.138,6.029,6.166
5529832.24,17393,0.13,11.039,11.169
5530097.92,17392,0.157,4.004,4.161
5530113.02,17394,0.099,5.982,6.081
5530124.39,17393,0.08,8.244,8.324
5530203.91,17392,0.157,6.111,6.268
5530261.39,17394,0.644,3.909,4.553
5530538.24,17393,0.168,4.059,4.227
5530621.36,17392,0.17,8.604,8.775
5530663.04,17394,0.155,5.765,5.92
5530728.95,17393,0.137,6.995,7.132
5530911.58,17394,0.384,8.13,8.514
5530912.2,17392,0.175,10.947,11.122
5530919.81,17393,0.102,6.019,6.121
5530966.62,17394,0.124,4.042,4.166
5530989.2,17392,0.126,12.02,12.146
5530997.97,17393,0.077,8.111,8.188
5530999.12,17394,0.064,7.014,7.078
5531024.35,17392,0.081,4.219,4.3
5531043.47,17394,0.083,4.164,4.246
5531047.43,17393,0.054,4.227,4.281
5531087.99,17394,0.178,6.724,6.902
5531105.04,17392,0.103,6.257,6.36
5531145.36,17393,0.09,9.667,9.757
5531146.07,17394,0.065,7.487,7.552
5531149.46,17392,0.044,8.586,8.63
5531158.23,17394,1.021,8.167,9.188
5531158.23,17393,0.559,12.734,13.294
5531200.59,17392,0.082,6.469,6.551
5531273.13,17394,0.08,5.996,6.077
5531307.04,17393,0.072,4.12,4.192
5531335.47,17392,0.076,6.063,6.138
5531349.9,17394,0.072,7.564,7.636
5531395.91,17393,0.088,5.179,5.266
5531499.51,17392,0.209,4.2,4.409
5531529.51,17394,0.113,4.15,4.263
5531555.21,17393,0.153,10.016,10.17
5531580.71,17392,0.116,9.391,9.507
5531609.93,17394,0.175,7.22,7.395
5531635.77,17393,0.105,5.516,5.621
5531648.27,17392,0.073,12.354,12.426
5531654.31,17394,2.131,8.127,10.258
5531677.94,17392,1.287,7.872,9.158
5531704.46,17393,0.082,8.316,8.399
5531710.62,17394,0.069,6.016,6.085
5531717.98,17392,1.026,3.915,4.942
5531725.85,17393,0.08,5.129,5.209
5531752.66,17394,0.102,4.227,4.329
5531782.13,17392,0.118,4.059,4.177
5531800.78,17393,0.078,8.584,8.662
5531873.63,17394,0.414,4.133,4.547
5531892.43,17392,0.124,4.068,4.191
5531912.44,17393,0.159,4.021,4.18
5531935.63,17394,0.089,9.974,10.063
5531976.14,17392,0.103,3.962,4.065
5531994.83,17393,0.093,7.604,7.697
5532033.27,17394,1.294,12.174,13.468
5532033.43,17392,0.263,10.347,10.61
5532068.78,17393,0.093,8.041,8.134
5532071.17,17394,0.061,6.425,6.486
5532089.86,17392,0.079,4.321,4.4
5532125.07,17394,2.053,3.971,6.023
5532125.26,17393,0.092,13.112,13.204
5532138.08,17392,0.081,4.048,4.129
5532148.65,17394,0.066,3.928,3.995
5532159.89,17393,0.1,6.399,6.498
5532171.14,17392,0.074,4.027,4.101
5532175.44,17394,0.067,4.128,4.195
5532183.27,17393,0.058,4.023,4.08
5532199.97,17392,0.067,4.021,4.088
5532209.91,17394,0.079,8.49,8.569
5532214.56,17393,0.092,7.415,7.506
5532259.62,17392,0.075,7.503,7.578
5532260.37,17394,0.074,6.737,6.812
5532268.52,17393,0.077,3.993,4.071
5532311.23,17392,0.076,8.101,8.176
5532355.42,17394,0.095,4.182,4.277
5532409.39,17393,2.072,9.259,11.331
5532413.53,17392,0.081,9.388,9.469
5532415.71,17394,1.521,6.618,8.139
5532417.98,17393,0.091,4.266,4.357
5532466.57,17392,0.06,10.413,10.472
5532466.98,17394,0.092,14.839,14.93
5532485.99,17393,1.287,3.997,5.285
5532495.61,17392,0.062,10.492,10.554
5532568.36,17393,0.157,4.116,4.273
5532577.14,17394,0.073,7.019,7.091
5532592.81,17392,0.108,4.039,4.147
5532603.14,17393,0.912,10.067,10.978
5532613.07,17394,1.796,8.007,9.803
5532625.66,17392,0.068,8.544,8.612
5532629.25,17393,0.065,4.147,4.212
5532660.57,17392,0.08,8.062,8.142
5532666.05,17394,2.028,5.975,8.003
5532675.52,17392,0.09,4.05,4.14
5532713.54,17394,1.042,6.466,7.508
5532714.24,17393,0.079,8.684,8.764
5532745.5,17392,0.089,4.027,4.116
5532765.21,17394,1.044,8.082,9.126
5532789.15,17393,2.361,8.063,10.424
5532822.41,17392,0.28,7.749,8.029
5532830.87,17393,0.126,5.056,5.182
5532834.01,17394,0.163,10.042,10.205
5532868.13,17392,1.062,4.151,5.213
5532878.15,17393,1.879,8.034,9.913
5532907.83,17394,0.088,7.097,7.184
5532914.35,17392,0.075,8.075,8.149
5532950.42,17393,1.149,12.215,13.364
5532975.67,17394,0.085,6.532,6.618
5533012.05,17392,0.105,4.214,4.319
5533023.85,17393,0.122,6.033,6.155
5533047.19,17394,2.057,9.087,11.144
5533126.76,17392,0.144,5.513,5.658
5533163.92,17393,0.126,4.387,4.512
5533197.24,17394,0.143,8.282,8.426
5533218.26,17392,0.116,6.691,6.807
5533242.53,17394,0.211,5.145,5.356
5533245.67,17393,0.109,11.316,11.424
5533269.4,17392,0.084,8.256,8.34
5533308.29,17394,0.073,6.171,6.244
5533411.27,17393,0.166,8.06,8.227
5533447.23,17392,0.191,6.118,6.309
5533470.29,17394,0.208,7.122,7.33
5533496.5,17393,1.527,6.09,7.617
5533651.19,17392,0.146,12.002,12.148
5533674.71,17394,0.12,6.795,6.915
5533837.08,17393,0.129,5.569,5.698
5533895.65,17392,0.12,7.994,8.114
5534229.52,17393,0.088,4.047,4.135
5534231.19,17394,1.499,8.06,9.559
5534250.36,17392,0.115,5.81,5.924
5534270.52,17393,0.089,6.195,6.284
5534308.03,17394,0.11,6.502,6.612
5534320.91,17392,0.07,9.786,9.856
5534379.29,17393,0.081,10.158,10.239
5534423.11,17394,0.155,6.234,6.39
5534539.81,17392,0.174,6.472,6.646
5534607.92,17393,0.172,4.205,4.377
5534623.3,17394,0.116,4.336,4.452
5534715.34,17392,0.163,4.39,4.553
5534737.04,17393,0.108,5.123,5.232
5534757.09,17394,0.104,7.009,7.113
5534769.76,17392,0.097,4.108,4.205
5534847.25,17393,3.032,7.165,10.197
5534941.6,17394,0.122,4.434,4.557
5534979.83,17392,0.082,7.582,7.665
5535006.6,17394,0.101,5.081,5.182
5535008.35,17393,0.117,7.163,7.279
5535013.62,17392,0.063,3.937,4.0
5535020.59,17394,0.066,4.014,4.08
5535035.2,17393,4.026,8.125,12.151
5535060.38,17392,0.077,11.263,11.34
5535062.02,17394,0.061,8.906,8.967
5535079.74,17393,0.081,6.962,7.043
5535082.26,17392,1.489,7.192,8.681
5535085.08,17394,0.092,4.553,4.645
5535124.5,17392,0.17,3.964,4.134
5535169.58,17393,0.08,11.455,11.535
5535179.07,17394,0.072,6.069,6.141
5535208.89,17392,0.079,4.062,4.141
5535321.9,17393,0.127,7.629,7.755
5535359.16,17394,0.103,4.004,4.107
5535365.11,17392,0.065,4.005,4.07
5535391.08,17393,0.092,8.102,8.194
5535391.57,17394,0.063,4.366,4.429
5535439.8,17392,0.085,7.151,7.236
5535450.47,17393,0.066,8.351,8.417
5535471.89,17394,0.136,4.375,4.511
5535526.81,17393,0.099,10.171,10.27
5535523.99,17392,0.147,12.166,12.313
5535546.19,17394,2.078,6.047,8.125
5535624.77,17393,0.109,5.125,5.234
5535636.62,17392,0.081,8.299,8.381
5535637.4,17394,0.059,5.305,5.363
5535693.35,17393,0.107,12.172,12.279
5535700.6,17392,0.245,9.293,9.539
5535745.02,17393,0.095,5.32,5.415
5535785.95,17394,0.206,16.248,16.453
5535796.64,17392,0.152,17.363,17.514
5535801.87,17393,0.129,15.647,15.776
5535823.27,17394,0.164,8.065,8.228
5535825.49,17392,2.053,4.395,6.448
5535837.82,17394,0.08,4.225,4.305
5535843.03,17393,0.07,4.185,4.255
5535847.39,17392,0.054,4.197,4.252
5535870.99,17394,0.089,6.442,6.531
5535879.34,17393,0.085,8.044,8.13
5535889.27,17392,0.062,6.982,7.043
5535974.86,17394,0.102,7.702,7.804
5535988.94,17393,0.076,4.246,4.322
5535995.95,17392,0.081,4.24,4.321
5536001.9,17394,0.077,4.177,4.254
5536013.38,17393,0.068,4.269,4.337
5536022.61,17392,0.076,4.228,4.304
5536040.08,17393,0.047,8.986,9.033
5536043.27,17394,0.06,14.062,14.122
5536049.55,17392,0.048,11.366,11.414
5536053.78,17393,0.101,8.647,8.749
5536066.99,17394,0.057,4.986,5.043
5536112.9,17392,0.069,4.02,4.088
5536128.2,17393,0.069,7.579,7.648
5536138.72,17394,0.063,7.512,7.575
5536363.26,17392,0.138,9.224,9.362
5536394.46,17393,0.091,9.306,9.397
5536394.92,17394,1.563,6.593,8.156
5536399.61,17392,0.087,4.147,4.234
5536417.26,17393,0.076,7.793,7.869
5536422.92,17394,0.06,5.519,5.579
5536436.75,17392,0.055,8.07,8.124
5536440.77,17393,0.044,9.677,9.721
5536461.24,17394,2.035,16.132,18.167
5536467.69,17392,0.109,14.517,14.626
5536469.44,17393,0.08,12.127,12.206
5536519.57,17394,0.159,8.885,9.044
5536521.58,17392,0.122,5.726,5.848
5536539.87,17393,0.111,7.7,7.812
5536550.77,17394,0.065,13.203,13.268
5536614.48,17392,0.112,7.984,8.096
5536614.7,17393,0.095,6.568,6.663
5536631.64,17394,0.07,10.141,10.211
5536633.9,17392,0.064,6.784,6.848
5536656.18,17393,0.118,8.039,8.158
5536670.08,17394,0.08,4.293,4.373
5536680.77,17392,0.075,6.647,6.721
5536683.84,17393,0.095,5.219,5.314
5536693.89,17394,0.091,7.401,7.492
5536758.51,17392,0.101,4.075,4.175
5536779.82,17393,0.097,4.058,4.155
5536864.03,17394,0.098,5.867,5.965
5536868.42,17392,0.06,8.19,8.25
5536874.07,17394,0.055,3.974,4.029
5536876.75,17393,0.08,8.015,8.095
5536886.2,17394,0.051,4.014,4.065
5536890.03,17392,0.082,7.119,7.201
5536944.51,17394,0.089,4.347,4.436
5536978.69,17393,0.13,5.105,5.235
5537003.12,17392,1.666,13.004,14.67
5537010.26,17394,0.057,8.146,8.203
5537029.17,17392,0.08,14.028,14.108
5537034.24,17393,0.079,4.012,4.091
5537082.27,17394,0.099,6.075,6.174
5537143.75,17392,3.068,5.654,8.723
5537247.42,17393,0.124,5.232,5.356
5537256.31,17394,0.103,7.809,7.913
5537300.5,17392,0.123,5.77,5.894
5537331.17,17393,0.121,4.027,4.148
5537373.12,17394,0.093,7.967,8.06
5537457.8,17392,0.185,5.94,6.125
5537483.3,17393,2.088,8.146,10.234
5537494.74,17394,0.099,8.172,8.27
5537532.26,17392,0.137,4.119,4.256
5537638.88,17393,0.141,6.014,6.155
5537718.77,17394,0.153,4.057,4.21
5537731.06,17392,2.033,5.955,7.988
5537749.28,17393,0.091,6.025,6.116
5537944.52,17394,0.254,4.764,5.018
5537971.2,17392,0.146,7.979,8.126
5538003.25,17393,0.109,8.076,8.185
5538226.25,17394,0.149,7.541,7.689
5538329.18,17392,0.137,6.182,6.319
5538379.16,17393,1.045,4.045,5.089
5538386.2,17394,3.752,8.086,11.838
5538471.2,17392,0.233,5.089,5.323
5538523.4,17393,0.156,7.005,7.161
5538543.27,17394,0.081,8.108,8.189
5538610.36,17392,0.131,6.155,6.287
5538652.24,17393,0.156,4.023,4.179
5538656.42,17394,0.088,8.053,8.141
5538669.08,17392,0.088,4.235,4.323
5538706.97,17393,0.095,6.225,6.32
5538742.96,17394,0.095,4.304,4.398
5538819.48,17392,0.098,3.973,4.071
5538921.07,17393,0.558,9.485,10.043
5538998.13,17394,0.107,4.351,4.458
5539042.82,17392,0.099,6.919,7.018
5539062.12,17393,0.095,3.967,4.062
5539069.71,17394,0.081,3.981,4.062
5539127.1,17392,3.295,7.016,10.311
5539249.35,17393,0.123,6.156,6.279
5539396.14,17394,0.12,8.826,8.947
5539425.3,17392,0.102,6.141,6.243
5539437.08,17393,0.074,8.101,8.174
5539578.95,17394,0.182,12.588,12.77
5539579.81,17392,1.712,7.729,9.441
5539604.76,17393,0.125,10.258,10.383
5539609.14,17394,1.334,9.051,10.385
5539710.05,17392,0.142,7.864,8.005
5539757.3,17393,0.117,8.121,8.238
5539775.04,17394,0.097,3.985,4.082
5539825.22,17392,2.277,6.073,8.35
5539836.68,17393,0.111,4.058,4.169
5539941.2,17394,0.117,7.016,7.133
5539957.01,17392,0.091,6.755,6.846
5540015.9,17393,0.117,4.005,4.122
5540174.28,17394,2.284,8.061,10.345
5540234.52,17392,0.125,8.124,8.249
5540242.09,17393,0.11,4.097,4.206
5540340.68,17394,0.138,10.979,11.117
5540473.8,17392,0.19,8.019,8.209
5540673.19,17394,0.933,4.045,4.979
5540680.27,17393,1.596,11.987,13.582
5540729.7,17392,0.119,6.509,6.628
5540762.47,17394,0.253,3.952,4.205
5540785.74,17393,0.085,7.978,8.064
5540794.99,17392,0.071,8.13,8.201
5540818.7,17394,1.024,5.63,6.654
5540844.1,17393,0.093,5.501,5.594
5540898.75,17392,0.086,4.058,4.145
5540954.48,17394,0.089,7.327,7.417
5540985.74,17393,0.118,4.02,4.138
5541118.16,17392,2.039,14.045,16.085
5541123.38,17394,2.056,11.267,13.324
5541142.68,17393,0.092,4.013,4.105
5541201.35,17392,0.102,11.014,11.116
5541226.18,17394,0.068,6.03,6.099
5541251.43,17393,2.046,9.296,11.342
5541298.38,17392,0.201,12.192,12.393
5541299.41,17394,0.07,8.302,8.372
5541331.53,17393,0.141,8.691,8.832
5541360.0,17392,0.184,5.056,5.24
5541423.42,17394,0.138,10.039,10.177
5541429.02,17393,0.075,7.328,7.404
5541473.38,17392,0.139,4.594,4.733
5541484.94,17394,0.109,4.453,4.562
5541520.29,17393,0.135,8.397,8.533
5541521.58,17392,0.102,7.407,7.509
5541534.27,17394,2.066,8.14,10.205
5541589.88,17393,0.148,4.647,4.794
5541612.47,17394,0.062,6.361,6.423
5541612.73,17392,0.102,12.225,12.326
5541666.83,17394,0.08,8.673,8.753
5541668.07,17393,0.779,11.718,12.497
5541711.51,17392,0.128,12.294,12.423
5541749.32,17393,0.138,13.59,13.728
5541751.14,17394,0.107,10.732,10.839
5541769.73,17392,0.078,8.085,8.163
5541788.15,17393,0.105,13.998,14.102
5541794.35,17394,0.08,8.231,8.311
5541797.68,17393,0.06,7.026,7.086
5541817.78,17392,0.11,8.127,8.237
5541849.34,17394,0.129,8.141,8.27
5541891.82,17393,0.096,5.671,5.767
5541904.79,17392,0.081,8.084,8.165
5541966.17,17394,0.098,8.011,8.109
5541983.25,17393,0.094,4.045,4.139
5542054.26,17392,0.101,9.102,9.204
5542074.31,17394,0.102,4.279,4.381
5542076.22,17393,1.71,4.096,5.806
5542078.44,17392,0.574,3.993,4.567
5542112.49,17394,0.086,9.349,9.435
5542116.7,17393,0.064,11.57,11.633
5542118.64,17392,0.054,9.262,9.316
5542144.07,17394,2.021,12.011,14.031
5542166.66,17392,0.219,4.031,4.251
5542226.4,17393,1.809,6.214,8.023
5542235.38,17394,0.109,7.243,7.352
5542253.09,17392,0.1,4.189,4.29
5542273.22,17393,0.099,9.369,9.468
5542273.94,17394,0.08,4.029,4.109
5542334.31,17392,0.088,7.03,7.118
5542341.14,17393,2.923,8.057,10.98
5542403.59,17394,0.123,16.413,16.536
5542405.97,17392,1.016,8.899,9.915
5542417.86,17393,0.088,4.15,4.238
5542427.58,17394,1.19,9.505,10.695
5542434.23,17392,0.072,6.584,6.655
5542444.71,17393,0.068,13.875,13.943
5542451.31,17394,0.066,4.207,4.272
5542462.74,17392,1.804,4.61,6.414
5542482.12,17393,0.161,4.014,4.175
5542488.56,17393,0.083,4.009,4.092
5542488.77,17394,0.077,7.518,7.595
5542497.51,17392,0.07,6.043,6.113
5542548.51,17393,0.144,10.286,10.429
5542551.68,17394,0.084,4.047,4.132
5542571.99,17393,0.12,5.042,5.161
5542628.55,17392,0.159,5.43,5.589
5542655.39,17394,0.114,4.263,4.377
5542716.54,17393,0.113,11.36,11.473
5542738.54,17392,0.123,4.194,4.317
5542773.8,17394,0.259,5.319,5.578
5542807.04,17393,0.129,11.327,11.456
5542912.37,17392,0.127,6.181,6.308
5542955.87,17393,0.073,6.092,6.164
5542955.96,17394,0.118,8.873,8.991
5542967.03,17392,0.085,3.995,4.079
5542967.13,17393,0.054,4.004,4.057
5543005.28,17394,0.852,12.174,13.026
5543013.98,17392,1.108,3.923,5.03
5543052.56,17393,0.096,4.019,4.115
5543116.57,17394,0.143,12.378,12.521
5543118.26,17392,2.06,6.184,8.244
5543129.0,17393,0.093,6.304,6.396
5543138.26,17394,0.084,8.124,8.208
5543138.36,17392,0.439,6.278,6.718
5543243.48,17393,0.117,6.055,6.172
5543284.32,17394,2.04,8.214,10.254
5543295.43,17392,0.081,4.111,4.191
5543306.38,17393,0.061,11.453,11.514
5543365.24,17394,0.14,5.112,5.252
5543391.18,17392,0.125,3.965,4.091
5543462.24,17393,0.177,11.201,11.378
5543462.89,17394,0.163,4.699,4.863
5543504.42,17392,0.161,8.402,8.563
5543540.37,17393,0.156,4.304,4.46
5543551.36,17394,0.145,4.033,4.178
5543557.04,17392,0.075,4.234,4.309
5543580.82,17393,0.073,8.692,8.766
5543604.09,17394,0.095,13.092,13.187
5543611.53,17392,1.833,8.444,10.277
5543658.4,17393,0.086,15.24,15.326
5543669.22,17394,0.065,7.12,7.184
5543728.77,17392,2.937,5.635,8.572
5543736.15,17393,0.115,8.055,8.169
5543771.98,17392,0.163,5.746,5.908
5543773.14,17394,0.076,4.193,4.269
5543785.02,17393,0.104,8.434,8.538
5543822.78,17392,2.114,4.624,6.738
5543841.03,17394,0.105,9.886,9.991
5543843.56,17393,0.093,6.583,6.676
5543878.22,17392,0.11,7.265,7.375
5543884.32,17394,0.064,8.203,8.267
5543893.36,17393,0.102,6.077,6.18
5543927.73,17392,0.994,6.604,7.598
5543954.21,17394,0.121,7.01,7.131
5543987.06,17393,0.125,5.005,5.13
5544025.62,17392,0.113,9.08,9.193
5544089.64,17394,0.112,7.179,7.292
5544093.22,17393,0.066,7.003,7.069
5544118.52,17392,0.074,4.384,4.458
5544141.23,17394,0.086,8.092,8.178
5544151.27,17393,0.074,8.093,8.167
5544160.23,17392,0.078,6.138,6.216
5544191.4,17394,0.067,6.289,6.356
5544216.84,17393,0.099,6.065,6.164
5544226.88,17392,0.072,7.754,7.825
5544229.17,17394,1.658,8.116,9.774
5544268.18,17393,0.072,6.071,6.143
5544285.92,17392,0.078,4.154,4.232
5544330.48,17394,0.09,6.327,6.417
5544583.98,17393,0.181,7.241,7.422
5544712.2,17392,1.785,3.958,5.743
5544726.25,17394,0.117,8.42,8.537
5544803.32,17393,1.275,8.172,9.447
5544815.33,17392,2.073,8.196,10.269
5544877.57,17394,0.106,4.055,4.161
5544949.67,17392,0.076,4.009,4.085
5544950.21,17393,0.095,12.523,12.617
5545190.34,17394,0.165,11.067,11.232
5545192.07,17392,0.08,10.713,10.793
5545233.16,17393,1.703,12.058,13.761
5545245.98,17394,0.088,4.042,4.131
5545338.18,17392,0.168,4.076,4.245
5545353.19,17393,0.922,4.208,5.13
5545490.65,17394,0.156,3.999,4.155
5545670.56,17392,0.133,6.155,6.289
5545705.5,17393,0.122,8.307,8.429
5545722.34,17394,0.13,4.085,4.215
5545759.13,17392,0.182,8.148,8.33
5545796.11,17393,2.034,8.009,10.043
5545804.13,17394,0.06,14.015,14.075
5545808.36,17392,2.024,8.294,10.318
5545949.5,17393,0.293,4.143,4.435
5545965.86,17394,0.102,4.896,4.999
5546116.22,17392,0.111,8.036,8.147
5546193.79,17393,0.122,5.09,5.211
5546327.76,17394,0.12,7.901,8.021
5546370.19,17392,1.083,15.041,16.123
5546378.2,17393,0.097,7.041,7.138
5546419.26,17392,0.073,4.072,4.145
5546419.36,17394,0.116,4.989,5.105
5546443.69,17393,0.079,7.075,7.154
5546543.61,17392,0.176,11.334,11.509
5546706.43,17394,0.149,12.093,12.243
5546839.11,17393,3.441,7.984,11.425
5546904.19,17392,0.134,6.254,6.388
5546944.01,17394,0.107,6.879,6.987
5547027.2,17393,0.108,7.019,7.127
5547095.25,17392,0.12,5.523,5.643
5547144.71,17394,0.116,8.002,8.118
5547178.15,17393,0.083,4.02,4.103
5547252.22,17392,0.118,4.02,4.138
5547266.98,17394,0.099,4.043,4.141
5547426.23,17393,0.211,4.002,4.212
5547441.15,17392,0.092,8.009,8.1
5547459.62,17394,0.104,4.186,4.29
5547472.3,17393,0.064,10.302,10.367
5547625.3,17392,0.179,6.021,6.201
5547680.1,17393,0.417,4.002,4.419
5547681.0,17394,0.12,6.812,6.932
5547716.13,17392,0.928,13.033,13.961
5547810.47,17393,0.173,4.107,4.281
5547834.4,17394,0.09,12.242,12.332
5547893.11,17392,0.108,5.1,5.208
5547929.41,17393,0.107,4.136,4.243
5548023.47,17394,0.099,4.016,4.115
5548086.85,17392,0.092,3.982,4.073
5548114.57,17393,0.09,5.542,5.632
5548159.29,17394,0.085,8.121,8.206
5548175.17,17392,0.086,4.024,4.11
5548275.2,17393,0.131,4.01,4.141
5548377.49,17394,0.117,4.18,4.297
5548438.18,17392,3.039,8.075,11.114
5548438.66,17393,3.409,6.567,9.977
5548463.57,17394,0.106,4.093,4.199
5548503.27,17392,1.996,15.178,17.174
5548530.44,17393,2.111,4.302,6.413
5548565.35,17394,0.136,9.719,9.855
5548595.26,17392,0.078,14.122,14.2
5548595.94,17393,0.064,4.324,4.388
5548616.22,17394,0.075,4.081,4.156
5548634.38,17392,0.125,6.323,6.448
5548636.99,17393,0.151,4.69,4.841
5548666.68,17394,0.085,11.773,11.858
5548680.13,17392,2.227,8.035,10.262
5548714.15,17393,0.084,4.118,4.202
5548780.17,17394,0.853,10.078,10.93
5548801.34,17392,0.109,8.125,8.234
5548805.57,17393,0.072,6.459,6.531
5548864.14,17394,0.078,4.086,4.164
5548875.85,17392,0.068,5.946,6.014
5548889.21,17393,0.106,4.099,4.205
5548944.63,17394,0.087,4.025,4.112
5548961.5,17392,0.076,5.369,5.445
5548970.49,17393,0.087,3.918,4.005
5548977.84,17394,0.099,4.969,5.067
5548988.74,17392,0.465,3.93,4.396
5548994.92,17393,0.056,5.948,6.003
5549002.88,17394,0.186,5.75,5.937
5549022.41,17392,0.116,8.235,8.352
5549047.23,17393,0.074,7.1,7.174
5549073.35,17394,0.134,10.56,10.695
5549075.6,17392,0.067,7.135,7.202
5549092.1,17393,0.072,6.977,7.049
5549103.34,17394,0.077,9.217,9.294
5549115.22,17392,0.058,11.11,11.168
5549175.39,17393,0.092,7.081,7.173
5549198.07,17394,0.075,3.989,4.064
5549224.08,17392,0.078,9.728,9.806
5549224.26,17393,0.049,8.038,8.086
5549250.87,17394,0.103,6.107,6.21
5549266.64,17392,0.077,6.993,7.07
5549292.73,17393,0.076,7.61,7.685
5549310.09,17394,2.052,8.99,11.042
5549310.99,17392,0.06,3.893,3.953
5549346.21,17394,1.248,8.13,9.377
5549367.98,17393,0.073,6.193,6.265
5549376.9,17392,0.119,4.026,4.145
5549417.83,17394,0.091,6.974,7.065
5549426.46,17392,0.051,5.603,5.654
5549428.43,17393,0.065,9.321,9.386
5549450.54,17394,2.061,7.432,9.493
5549464.06,17392,1.024,7.993,9.016
5549468.16,17393,0.068,8.042,8.11
5549494.36,17394,0.147,6.026,6.173
5549532.79,17392,0.161,4.023,4.184
5549615.09,17393,0.26,8.453,8.713
5549737.65,17394,0.166,4.147,4.312
5549950.67,17392,2.047,8.494,10.541
5550093.9,17393,0.166,4.754,4.92
5550229.66,17394,0.151,8.754,8.905
5550230.96,17392,0.092,5.67,5.762
5550319.9,17393,0.147,5.225,5.372
5550524.32,17394,0.148,12.971,13.118
5550542.9,17392,0.12,8.708,8.828
5550662.44,17393,2.1,15.212,17.312
5550665.79,17394,2.064,16.643,18.707
5550899.38,17392,0.221,7.182,7.404
5550917.52,17393,0.132,7.585,7.718
5550962.29,17394,0.12,4.033,4.153
5551070.86,17392,0.124,6.064,6.188
5551103.37,17393,0.099,9.093,9.193
5551135.17,17394,1.615,12.061,13.676
5551173.23,17392,0.108,4.055,4.162
5551214.03,17393,0.097,4.045,4.142
5551236.8,17394,0.876,9.697,10.573
5551264.25,17392,0.098,4.085,4.183
5551277.38,17393,0.063,7.726,7.789
5551366.19,17394,0.132,11.965,12.096
5551452.08,17392,0.228,3.949,4.177
5551490.58,17393,0.132,4.088,4.22
5551496.73,17394,0.089,4.088,4.177
5551597.01,17392,0.192,6.705,6.897
5551645.5,17393,1.473,9.957,11.43
5551698.53,17394,0.121,6.845,6.967
5551725.73,17392,0.162,3.887,4.049
5551750.33,17393,0.117,5.916,6.034
5551760.79,17394,0.091,3.975,4.066
5551782.88,17392,0.079,6.862,6.941
5551839.65,17393,0.11,5.998,6.107
5552016.67,17394,2.037,8.541,10.578
5552040.56,17392,1.74,6.456,8.197
5552054.37,17393,0.086,5.098,5.184
5552067.8,17394,0.097,5.01,5.106
5552208.95,17392,0.1,4.057,4.156
5552229.68,17393,0.104,7.055,7.16
5552259.87,17394,0.091,7.723,7.813
5552273.06,17392,2.313,8.01,10.323
5552342.49,17393,0.2,4.24,4.44
5552618.42,17394,0.14,7.195,7.334
5552721.26,17392,0.487,6.677,7.165
5552740.77,17393,0.128,9.156,9.283
5552774.24,17394,0.179,4.072,4.251
5552788.46,17392,0.123,4.051,4.174
5552914.21,17393,1.507,7.073,8.58
5552949.82,17394,0.111,4.258,4.369
5553101.25,17392,0.131,4.056,4.187
5553177.18,17393,0.882,4.074,4.956
5553179.24,17394,0.061,4.304,4.365
5553214.04,17392,0.092,8.091,8.183
5553252.89,17393,0.867,3.968,4.835
5553266.26,17394,0.073,4.259,4.332
5553326.56,17392,0.172,12.164,12.335
5553581.28,17393,0.17,11.015,11.186
5553664.3,17394,0.163,3.95,4.113
5553759.68,17392,0.117,7.057,7.174
5553787.89,17393,0.115,8.152,8.266
5554099.0,17394,0.149,6.302,6.451
5554130.31,17392,1.259,13.193,14.452
5554174.35,17393,0.165,3.959,4.125
5554212.92,17394,0.143,5.946,6.088
5554226.06,17392,0.116,4.02,4.136
5554236.28,17393,0.096,7.049,7.144
5554244.02,17394,2.136,5.91,8.046
5554298.75,17393,1.916,8.424,10.34
5554523.88,17392,0.173,5.106,5.279
5554716.42,17394,0.175,12.161,12.336
5554766.04,17393,0.159,6.145,6.304
5554828.42,17392,2.266,4.232,6.498
5554849.15,17394,1.542,8.035,9.578
5554894.83,17393,0.128,6.19,6.318
5554997.1,17392,0.18,4.057,4.237
5555044.83,17394,0.136,7.613,7.749
5555074.77,17393,0.129,4.12,4.249
5555128.81,17392,0.098,7.529,7.627
5555250.96,17394,0.151,4.36,4.511
5555332.62,17393,0.142,4.075,4.217
5555353.04,17392,0.108,4.033,4.141
5555443.55,17394,0.148,8.066,8.214
5555547.85,17393,2.04,5.725,7.765
5555552.84,17392,0.096,3.974,4.07
5555561.13,17394,2.135,6.032,8.167
5555563.96,17393,0.069,6.033,6.102
5555618.26,17392,0.165,8.011,8.176
5555659.09,17394,1.652,7.962,9.614
5555670.79,17393,0.128,6.045,6.173
5555672.99,17392,0.065,5.885,5.95
5555738.12,17394,2.076,7.983,10.059
5555739.36,17393,0.072,4.113,4.185
5556005.12,17392,0.137,4.238,4.375
5556099.63,17394,0.171,3.899,4.07
5556335.68,17393,0.138,5.533,5.671
5556416.9,17392,0.188,3.978,4.167
5556445.36,17394,0.125,4.168,4.293
5556451.83,17393,0.074,8.718,8.792
5556553.53,17394,2.289,4.319,6.608
5556661.64,17392,0.133,7.971,8.104
5556772.61,17393,0.167,8.471,8.638
5556843.21,17394,0.138,12.005,12.142
5556960.9,17392,0.12,4.07,4.19
5557019.16,17393,0.13,5.036,5.166
5557075.65,17394,0.104,4.076,4.18
5557127.25,17392,0.095,9.091,9.186
5557233.34,17393,0.108,6.066,6.174
5557251.54,17394,1.625,8.415,10.04
5557258.44,17392,0.058,14.51,14.568
5557258.63,17393,0.047,11.553,11.6
5557280.64,17394,0.086,4.197,4.283
5557306.35,17392,1.882,10.246,12.128
5557368.05,17393,0.169,5.215,5.384
5557399.19,17394,0.861,8.049,8.911
5557419.09,17392,0.744,5.968,6.712
5557480.2,17393,1.958,8.057,10.015
5557510.11,17394,0.128,4.095,4.223
5557555.8,17392,0.152,7.257,7.409
5557647.92,17393,1.485,8.799,10.284
5557680.26,17394,0.137,6.603,6.74
5557688.46,17392,0.111,7.944,8.055
5557700.43,17393,0.102,3.981,4.083
5557759.24,17394,0.106,4.062,4.168
5557850.74,17392,0.122,6.198,6.32
5557914.37,17393,0.133,7.24,7.373
5557952.15,17394,0.145,12.794,12.938
5557988.09,17392,0.08,4.027,4.107
5558087.71,17393,0.11,4.044,4.154
5558121.12,17394,0.103,7.36,7.463
5558161.12,17392,0.089,4.07,4.16
5558315.43,17393,0.101,5.266,5.368
5558408.79,17394,0.18,6.517,6.697
5558529.9,17392,0.159,6.217,6.377
5558575.3,17393,0.153,4.113,4.266
5558592.93,17394,0.12,11.145,11.265
5558645.7,17392,0.171,4.485,4.656
5558671.17,17393,0.118,10.63,10.748
5558705.78,17394,0.97,4.671,5.64
5558759.77,17392,0.108,12.598,12.707
5558842.86,17393,0.143,9.258,9.401
5558875.61,17394,3.15,7.398,10.548
5558992.25,17392,0.155,4.01,4.165
5559053.09,17393,0.164,4.341,4.505
5559173.47,17394,0.219,4.167,4.386
5559225.05,17392,0.179,4.659,4.838
5559255.46,17393,0.148,7.221,7.369
5559361.57,17394,0.657,4.125,4.782
5559378.04,17392,0.134,4.114,4.248
5559396.5,17393,2.044,8.352,10.396
5559493.13,17394,1.053,9.989,11.042
5559608.18,17392,0.24,4.023,4.263
5559713.46,17393,1.952,4.335,6.286
5559837.43,17394,0.128,7.239,7.367
5559855.66,17392,0.093,3.928,4.021
5560010.15,17393,0.9,4.957,5.857
5560110.38,17394,0.114,3.995,4.11
5560256.86,17392,0.11,11.952,12.062
5560262.65,17393,0.072,10.42,10.492
5560273.88,17394,0.09,4.105,4.195
5560301.19,17392,0.073,3.97,4.043
5560318.3,17393,0.099,7.148,7.248
5560332.2,17394,0.063,11.214,11.276
5560427.16,17392,1.043,9.033,10.076
5560493.13,17393,0.116,4.111,4.227
5560519.03,17394,0.105,4.003,4.108
5560530.38,17392,0.127,6.164,6.292
5560565.37,17393,0.139,8.049,8.188
5560652.31,17394,2.434,6.154,8.588
5560668.63,17392,0.143,3.948,4.091
5560676.29,17393,0.07,5.761,5.831
5560681.14,17394,0.086,6.729,6.815
5560760.97,17393,0.154,6.751,6.905
5560769.79,17392,0.093,6.058,6.151
5560780.27,17394,0.103,8.271,8.374
5560831.33,17393,0.103,8.089,8.192
5560843.73,17392,0.16,3.987,4.147
5560869.85,17394,0.089,9.084,9.173
5560873.31,17393,0.057,8.216,8.272
5560879.09,17392,0.059,9.113,9.172
5560903.22,17394,0.09,8.066,8.156
5560942.06,17393,0.105,7.192,7.297
5560945.91,17392,2.246,6.008,8.254
5560956.37,17394,0.076,7.527,7.603
5560962.58,17393,0.074,6.077,6.151
5560981.49,17392,0.067,7.865,7.932
5560994.58,17394,0.065,7.789,7.854
5561014.89,17393,0.065,4.014,4.079
5561027.19,17392,1.026,4.123,5.149
5561061.93,17394,0.092,7.2,7.292
5561073.53,17393,0.065,6.183,6.249
5561079.53,17392,0.063,6.308,6.371
5561157.51,17394,0.124,7.125,7.249
5561165.27,17393,0.072,4.141,4.212
5561229.17,17392,2.07,9.034,11.104
5561237.89,17394,0.078,4.752,4.83
5561261.01,17393,0.12,5.032,5.152
5561293.6,17392,0.132,8.05,8.182
5561312.21,17394,0.092,14.062,14.154
5561314.21,17393,5.099,10.107,15.207
5561333.13,17392,0.078,12.998,13.075
5561348.19,17394,0.099,5.065,5.164
5561367.3,17393,0.09,4.015,4.105
5561401.63,17392,0.63,3.944,4.574
5561449.19,17394,2.044,4.056,6.099
5561465.22,17393,0.108,6.042,6.15
5561485.12,17392,1.617,11.968,13.586
5561498.12,17394,0.405,9.042,9.448
5561514.16,17393,0.067,4.05,4.117
5561520.7,17392,0.171,4.097,4.267
5561555.99,17394,0.193,7.828,8.021
5561564.88,17393,0.103,4.026,4.129
5561590.99,17392,0.084,6.842,6.925
5561598.53,17394,0.075,4.006,4.081
5561635.83,17393,0.163,6.164,6.326
5561642.15,17392,0.721,6.11,6.831
5561670.29,17394,0.089,9.122,9.211
5561670.53,17393,0.215,7.446,7.661
5561682.62,17392,0.104,7.453,7.557
5561689.93,17394,0.145,7.735,7.88
5561691.44,17392,0.063,6.15,6.213
5561694.43,17393,0.052,11.049,11.101
5561709.09,17392,0.075,3.983,4.058
5561726.02,17394,0.097,12.258,12.355
5561726.88,17393,0.073,12.883,12.956
5561734.07,17392,0.079,10.105,10.185
5561741.12,17394,1.086,4.017,5.103
5561763.44,17393,0.077,4.001,4.078
5561779.81,17392,0.087,9.072,9.159
5561786.03,17394,0.052,10.598,10.65
5561890.64,17393,0.453,6.118,6.571
5561909.37,17392,0.098,9.094,9.192
5561910.53,17394,0.074,7.037,7.111
5561925.57,17393,0.118,4.074,4.192
5561982.45,17392,2.03,18.364,20.395
5561994.11,17394,2.03,14.026,16.057
5562019.09,17393,1.926,4.008,5.934
5562046.37,17392,0.091,4.042,4.133
5562054.75,17394,0.096,4.114,4.21
5562074.46,17393,0.171,9.842,10.013
5562083.18,17392,0.069,6.067,6.136
5562210.98,17394,0.096,5.825,5.921
5562263.24,17393,0.092,6.09,6.182
5562308.04,17392,0.093,9.559,9.652
5562314.16,17393,1.989,4.037,6.026
5562314.47,17394,0.073,11.138,11.211
5562441.76,17392,0.182,4.883,5.065
5562450.45,17393,0.285,3.982,4.267
5562455.88,17394,0.087,5.006,5.092
5562505.13,17392,1.002,4.206,5.208
5562554.4,17393,0.223,8.077,8.3
5562572.76,17394,2.101,7.572,9.673
5562584.82,17392,0.111,12.13,12.241
5562585.98,17394,0.087,8.829,8.916
5562586.07,17393,0.105,6.16,6.265
5562597.27,17392,2.089,10.143,12.232
5562616.7,17394,0.166,8.44,8.606
5562631.02,17393,0.156,4.376,4.532
5562699.4,17392,1.742,11.277,13.019
5562711.04,17394,0.122,5.579,5.701
5562737.44,17393,0.137,5.233,5.37
5562755.22,17392,0.092,8.315,8.407
5562768.27,17394,2.406,8.165,10.571
5562833.33,17392,1.819,4.051,5.87
5562833.36,17393,1.866,4.198,6.064
5562944.48,17394,0.13,6.267,6.397
5562985.98,17393,0.123,4.057,4.18
5563049.18,17392,0.118,5.999,6.116
5563174.68,17394,0.106,12.066,12.173
5563200.48,17393,0.102,11.03,11.132
5563297.24,17392,0.095,4.09,4.185
5563321.13,17394,1.982,8.044,10.027
5563358.13,17393,0.097,10.038,10.134
5563375.14,17392,0.098,4.213,4.311
5563477.27,17394,0.15,4.04,4.19
5563519.48,17393,0.129,4.398,4.528
5563704.59,17392,0.176,4.016,4.193
5563776.77,17394,0.201,10.489,10.69
5563821.26,17393,0.119,5.162,5.282
5563892.52,17392,0.122,6.005,6.127
5564009.61,17394,0.138,6.894,7.033
5564045.11,17393,0.116,8.003,8.118
5564222.1,17392,0.117,7.906,8.023
5564223.65,17394,0.084,4.343,4.427
5564317.85,17393,0.111,4.105,4.216
5564327.07,17392,0.08,4.094,4.174
5564350.94,17394,0.083,9.027,9.11
5564387.67,17393,0.083,4.123,4.206
5564411.49,17392,0.073,6.11,6.183
5564441.42,17394,0.109,6.238,6.347
5564581.05,17393,0.143,8.085,8.228
5564661.38,17392,0.142,10.04,10.182
5564665.62,17394,1.306,6.544,7.85
5564693.84,17392,0.061,8.142,8.203
5564694.29,17393,0.084,12.135,12.219
5564714.67,17394,0.072,4.785,4.857
5564783.73,17393,1.035,6.632,7.667
5564800.99,17392,0.161,4.251,4.412
5564929.2,17394,0.142,10.99,11.132
5564941.58,17393,0.1,4.418,4.519
5564972.84,17392,0.111,5.04,5.151
5564987.49,17394,0.105,4.01,4.116
5565021.68,17393,0.086,6.36,6.446
5565024.06,17392,0.062,4.943,5.005
5565121.65,17394,0.093,6.509,6.602
5565131.68,17393,0.071,6.07,6.141
5565175.56,17392,0.091,6.046,6.136
5565180.23,17394,0.062,7.003,7.065
5565182.14,17393,0.066,4.343,4.409
5565195.51,17392,0.079,5.983,6.062
5565213.12,17394,0.073,9.802,9.875
5565213.66,17393,1.338,5.82,7.159
5565224.94,17392,0.061,8.016,8.077
5565305.16,17394,1.018,8.091,9.109
5565310.09,17393,0.063,7.976,8.04
5565336.13,17392,1.499,10.058,11.557
5565380.05,17394,0.096,4.283,4.379
5565394.73,17393,0.098,7.119,7.216
5565405.96,17392,1.023,7.887,8.91
5565423.16,17394,1.619,12.056,13.675
5565427.94,17393,0.064,7.236,7.3
5565442.22,17394,0.062,10.117,10.179
5565448.21,17392,0.059,7.107,7.165
5565460.98,17394,0.087,5.927,6.014
5565470.94,17393,0.071,4.075,4.146
5565472.27,17392,0.067,4.065,4.131
5565476.26,17394,0.051,4.055,4.106
5565510.25,17392,0.085,12.098,12.184
5565542.29,17393,0.199,4.021,4.22
5565548.94,17394,0.159,3.985,4.145
5565557.85,17392,0.103,4.071,4.174
5565562.05,17393,0.113,4.202,4.316
5565614.53,17392,0.202,17.173,17.375
5565641.87,17394,0.128,3.881,4.009
5565647.14,17393,0.1,4.202,4.302
5565674.49,17392,0.776,7.377,8.153
5565696.47,17394,0.087,16.326,16.413
5565696.63,17393,0.088,14.501,14.589
5565707.93,17392,0.074,10.482,10.556
5565720.75,17394,0.073,12.117,12.19
5565723.43,17393,0.077,10.295,10.372
5565763.12,17392,0.186,5.258,5.444
5565795.21,17394,0.158,11.95,12.107
5565806.83,17393,1.309,11.434,12.743
5565830.21,17392,1.92,4.1,6.02
5565860.31,17394,0.081,4.187,4.267
5565865.55,17393,0.065,5.085,5.15
5565889.13,17392,0.086,4.99,5.076
5565899.32,17394,1.477,12.215,13.692
5565924.26,17393,0.168,8.042,8.21
5565944.87,17392,0.09,4.018,4.108
5565948.5,17394,0.068,4.275,4.343
5565951.61,17393,0.063,4.067,4.13
5565953.61,17394,0.068,4.109,4.177
5566107.21,17392,0.111,4.191,4.303
5566150.11,17393,0.094,6.957,7.051
5566211.66,17394,0.095,6.24,6.335
5566272.88,17392,0.095,4.021,4.116
5566384.12,17393,1.55,3.996,5.546
5566413.56,17394,0.084,5.087,5.171
5566455.21,17392,0.123,5.012,5.135
5566487.03,17393,0.079,5.375,5.453
5566571.34,17394,0.157,4.096,4.254
5566697.35,17392,0.139,8.114,8.253
5566734.73,17393,0.117,7.088,7.205
5566943.47,17394,0.143,8.753,8.897
5566953.4,17392,0.11,7.025,7.134
5567061.53,17393,0.161,4.181,4.342
5567101.43,17394,0.127,5.654,5.782
5567112.27,17392,0.123,9.073,9.196
5567171.61,17393,0.103,6.111,6.214
5567220.35,17394,2.433,7.224,9.657
5567231.3,17392,0.096,4.673,4.769
5567295.71,17393,0.082,8.289,8.371
5567333.42,17394,0.098,4.153,4.251
5567353.75,17392,0.076,5.056,5.132
5567423.17,17393,0.09,6.488,6.579
5567425.28,17394,0.083,5.589,5.671
5567437.15,17392,0.076,7.022,7.099
5567487.26,17393,0.122,3.98,4.102
5567513.16,17394,0.073,8.038,8.111
5567581.89,17392,0.178,4.068,4.246
5567647.13,17393,1.071,5.0,6.071
5567666.31,17394,0.126,6.37,6.496
5567711.26,17392,3.035,8.165,11.2
5567729.52,17393,0.192,8.269,8.461
5567777.23,17394,0.137,6.491,6.628
5567794.09,17392,0.086,6.951,7.037
5567811.7,17393,0.066,4.028,4.094
5567814.31,17394,0.071,4.076,4.147
5567831.97,17393,0.875,5.898,6.773
5567841.11,17392,0.062,6.995,7.058
5567906.54,17394,0.136,4.074,4.21
5567938.14,17393,0.085,8.01,8.094
5567941.57,17392,0.067,8.184,8.251
5567995.07,17394,0.088,6.968,7.056
5568037.58,17393,0.095,3.965,4.06
5568090.02,17392,0.102,7.338,7.44
5568104.47,17394,0.065,7.363,7.428
5568108.31,17393,0.072,4.186,4.258
5568117.7,17394,0.054,8.051,8.105
5568119.8,17392,0.054,5.706,5.76
5568129.18,17393,0.091,7.045,7.136
5568143.08,17394,0.068,8.309,8.377
5568189.72,17392,0.085,8.076,8.161
5568196.23,17393,0.071,4.008,4.079
5568239.66,17394,0.078,7.53,7.608
5568246.02,17392,0.067,6.22,6.287
5568252.33,17393,0.089,8.213,8.302
5568254.78,17394,0.068,3.973,4.04
5568265.83,17393,0.062,4.234,4.295
5568296.52,17392,0.065,5.903,5.968
5568304.48,17394,0.057,7.838,7.894
5568373.46,17393,0.15,4.051,4.201
5568392.13,17392,1.397,8.013,9.41
5568486.22,17394,0.089,6.079,6.168
5568511.32,17393,0.078,6.177,6.255
5568554.82,17392,0.137,5.063,5.2
5568574.83,17394,0.119,4.101,4.22
5568633.32,17393,0.15,6.082,6.232
5568672.1,17392,5.043,8.002,13.044
5568672.37,17394,3.312,8.012,11.323
5568672.46,17393,1.663,4.414,6.077
5568680.44,17392,2.164,8.229,10.393
5568681.16,17394,0.074,3.953,4.026
5568711.07,17393,0.081,7.021,7.102
5568841.7,17392,0.142,7.219,7.362
5568855.13,17394,3.643,12.041,15.685
5568855.54,17393,0.122,10.382,10.505
5568917.45,17392,0.153,8.733,8.886
5568996.82,17394,1.228,4.623,5.851
5569066.19,17393,0.149,4.152,4.301
5569078.85,17392,0.147,5.977,6.124
5569102.08,17394,0.08,12.934,13.015
5569133.09,17393,0.47,10.09,10.56
5569149.27,17392,0.083,12.154,12.237
5569149.32,17393,2.74,4.215,6.955
5569149.48,17394,1.628,10.354,11.982
5569159.71,17392,0.136,10.125,10.262
5569160.4,17393,0.064,8.774,8.838
5569161.8,17394,0.057,5.698,5.755
5569209.03,17392,0.072,3.917,3.989
5569218.27,17393,0.057,9.267,9.324
5569242.58,17392,0.149,3.945,4.094
5569266.16,17394,0.83,4.077,4.907
5569270.4,17393,0.062,7.644,7.706
5569294.21,17392,0.074,5.096,5.17
5569310.04,17394,0.058,7.994,8.052
5569344.59,17393,0.09,4.169,4.259
5569352.02,17392,0.108,4.208,4.316
5569379.15,17394,0.081,8.601,8.682
5569421.9,17393,0.073,5.954,6.026
5569496.64,17392,0.141,3.992,4.133
5569510.58,17394,0.061,8.068,8.129
5569522.14,17393,0.077,4.009,4.086
5569550.18,17392,2.044,8.056,10.1
5569561.08,17394,0.148,3.999,4.146
5569598.97,17393,0.114,4.0,4.115
5569670.39,17392,0.169,5.461,5.629
5569688.44,17394,0.079,6.023,6.103
5569699.03,17393,0.067,6.069,6.136
5569715.37,17392,0.096,4.046,4.142
5569721.05,17394,3.6,3.963,7.564
5569734.75,17393,0.089,8.482,8.571
5569753.0,17392,3.405,7.926,11.331
5569754.99,17394,3.93,7.927,11.857
5569769.91,17393,0.071,3.978,4.049
5569774.14,17393,0.115,4.079,4.193
5569778.14,17392,1.825,8.125,9.95
5569786.41,17394,0.076,6.613,6.689
5569786.59,17393,0.055,3.967,4.022
5569851.61,17392,0.084,7.18,7.264
5569907.1,17394,0.085,8.018,8.103
5569987.28,17393,0.132,10.078,10.21
5570139.23,17392,0.136,4.227,4.363
5570173.11,17394,0.115,9.109,9.224
5570191.49,17393,0.101,3.98,4.081
5570206.7,17392,0.08,4.059,4.139
5570260.14,17394,0.089,12.005,12.095
5570291.71,17393,0.081,7.087,7.167
5570300.92,17392,0.07,4.06,4.13
5570318.16,17393,0.064,4.053,4.116
5570318.23,17394,0.068,6.017,6.085
5570401.74,17392,0.086,5.989,6.075
5570483.95,17394,0.089,9.013,9.102
5570493.18,17393,0.072,4.057,4.129
5570547.79,17392,0.146,10.002,10.148
5570559.05,17394,0.098,4.037,4.135
5570585.99,17393,0.131,5.784,5.915
5570627.69,17392,0.108,4.116,4.224
5570720.61,17394,1.172,8.369,9.541
5570738.84,17392,0.186,4.315,4.501
5570743.32,17393,0.246,10.995,11.241
5570814.68,17394,0.149,4.218,4.367
5570860.58,17392,0.116,12.611,12.726
5570888.07,17393,0.105,10.912,11.017
5571115.27,17394,1.631,8.244,9.876
5571126.71,17392,0.113,6.215,6.329
5571213.96,17393,0.13,7.961,8.091
5571271.9,17394,0.107,5.976,6.083
5571460.36,17392,0.128,6.969,7.097
5571522.01,17393,0.127,5.871,5.997
5571549.61,17394,0.146,5.177,5.323
5571583.07,17392,0.167,3.947,4.114
5571595.97,17393,0.141,6.038,6.178
5571598.59,17394,0.086,4.055,4.141
5571669.16,17392,0.109,3.99,4.099
5571711.11,17393,1.352,12.003,13.355
5571730.25,17394,1.317,9.151,10.468
5571745.38,17392,0.102,4.092,4.195
5571755.71,17393,0.17,4.068,4.238
5571777.22,17394,0.084,4.131,4.215
5571787.28,17392,0.068,6.322,6.39
5571831.66,17393,0.792,7.985,8.777
5571844.47,17394,0.082,4.122,4.204
5571850.0,17392,0.057,4.046,4.102
5571865.88,17393,0.109,4.646,4.755
5571869.2,17394,1.004,5.145,6.149
5571936.83,17393,0.126,8.856,8.982
5571993.25,17392,1.191,8.097,9.287
5572020.47,17394,0.096,9.694,9.79
5572027.2,17393,0.065,10.63,10.695
5572038.18,17392,0.811,10.097,10.908
5572043.05,17394,0.084,4.003,4.087
5572047.44,17393,0.055,4.238,4.293
5572062.53,17392,0.066,3.941,4.006
5572072.06,17394,0.054,7.967,8.021
5572094.14,17393,0.069,9.017,9.085
5572122.02,17392,0.071,9.896,9.967
5572169.96,17394,0.078,7.897,7.976
5572174.16,17393,0.063,7.183,7.246
5572181.19,17392,0.111,10.232,10.343
5572203.2,17394,0.069,11.088,11.157
5572221.04,17393,0.074,3.942,4.016
5572256.55,17392,0.081,4.054,4.135
5572270.28,17394,0.057,6.035,6.092
5572282.52,17393,0.069,5.426,5.495
5572292.9,17392,0.072,6.043,6.114
5572308.93,17393,0.072,4.077,4.15
5572312.24,17394,1.884,14.324,16.208
5572317.77,17392,0.051,7.914,7.964
5572351.7,17393,0.082,6.098,6.18
5572422.23,17394,1.491,9.114,10.605
5572457.24,17392,0.122,4.058,4.18
5572504.25,17393,0.859,8.113,8.972
5572508.44,17394,0.062,6.34,6.401
5572517.42,17392,0.069,13.287,13.356
5572549.69,17393,0.142,6.472,6.614
5572561.43,17394,0.187,6.181,6.367
5572582.68,17392,0.169,6.442,6.611
5572585.3,17393,0.076,6.073,6.148
5572630.26,17394,0.166,9.061,9.227
5572639.6,17392,0.107,4.026,4.133
5572644.78,17393,0.072,5.031,5.103
5572673.01,17394,0.101,6.374,6.475
5572692.21,17392,0.082,11.079,11.161
5572722.75,17393,0.138,6.552,6.69
5572749.35,17394,0.092,6.207,6.299
5572751.56,17392,1.02,4.496,5.517
5572831.41,17393,0.087,16.231,16.317
5572877.59,17392,0.085,9.432,9.517
5572878.4,17394,0.166,13.178,13.344
5572950.85,17393,0.099,6.037,6.136
5573022.49,17392,2.038,9.388,11.425
5573090.2,17394,0.123,4.129,4.252
5573140.47,17393,0.118,6.285,6.403
5573156.2,17392,1.287,8.112,9.399
5573166.06,17394,0.081,3.929,4.01
5573184.66,17393,0.084,4.101,4.185
5573222.96,17392,0.11,9.817,9.927
5573385.6,17394,0.125,8.058,8.184
5573485.86,17393,0.118,4.193,4.311
5573548.49,17392,0.138,4.254,4.392
5573659.06,17394,1.265,5.903,7.168
5573689.62,17393,2.067,5.496,7.562
5573704.94,17392,0.125,4.013,4.139
5573788.18,17394,2.282,4.037,6.32
5573852.41,17393,2.048,5.289,7.337
5573958.02,17392,0.108,4.027,4.135
5573987.3,17394,0.108,7.028,7.135
5574052.62,17393,0.45,7.46,7.91
5574200.19,17392,0.165,8.075,8.239
5574218.78,17394,0.084,8.111,8.194
5574224.94,17394,0.053,6.018,6.071
5574226.39,17393,0.063,8.275,8.339
5574278.84,17392,0.11,4.969,5.079
5574442.37,17393,0.188,4.34,4.528
5574489.44,17394,0.099,7.279,7.378
5574551.98,17392,2.938,7.862,10.8
5574586.96,17393,0.133,3.983,4.116
5574668.78,17394,1.64,7.705,9.345
5574718.11,17392,0.113,4.929,5.043
5574729.41,17393,0.076,4.078,4.155
5574750.5,17394,0.114,6.037,6.151
5574810.73,17392,0.131,4.031,4.163
5574845.2,17393,0.091,8.049,8.141
5574911.79,17394,0.096,4.052,4.148
5574959.17,17392,0.089,8.024,8.112
5575015.46,17393,0.115,11.114,11.229
5575034.59,17394,0.095,9.284,9.379
5575054.26,17392,0.097,4.111,4.208
5575079.15,17393,1.166,4.083,5.248
5575131.79,17394,0.098,4.202,4.3
5575185.84,17392,0.162,7.008,7.17
5575211.12,17393,2.044,10.01,12.054
5575218.05,17394,0.106,4.097,4.203
5575286.26,17392,0.139,10.037,10.176
5575328.07,17393,0.136,4.027,4.163
5575350.85,17394,0.676,10.309,10.985
5575371.17,17392,0.111,12.005,12.116
5575427.48,17393,0.127,5.03,5.157
5575536.15,17394,1.106,6.014,7.12
5575645.49,17392,0.176,4.075,4.251
5575667.65,17393,1.745,9.541,11.287
5575692.13,17394,0.106,3.964,4.07
5575779.45,17392,0.094,7.994,8.088
5575810.81,17393,0.109,6.051,6.16
5575943.96,17394,1.946,3.997,5.942
5575974.8,17392,0.117,9.655,9.772
5576271.87,17393,0.2,4.112,4.312
5576460.69,17394,0.115,3.988,4.103
5576468.76,17392,0.076,5.618,5.694
5576472.66,17393,0.062,6.007,6.069
5576509.95,17394,0.093,6.005,6.098
5576586.11,17392,0.178,6.23,6.408
5576597.54,17393,0.121,8.886,9.008
5576614.85,17394,0.101,3.959,4.06
5576636.99,17392,0.097,4.057,4.154
5576644.38,17393,0.077,9.144,9.222
5576655.25,17394,0.074,4.124,4.198
5576702.94,17392,0.115,4.133,4.248
5576721.33,17393,0.104,6.161,6.264
5576738.55,17394,0.143,7.485,7.629
5576749.49,17392,0.077,5.363,5.44
5576757.55,17392,0.241,7.965,8.206
5576758.29,17393,0.066,9.067,9.132
5576765.97,17394,1.672,5.917,7.589
5576768.23,17392,0.079,8.079,8.158
5576772.09,17393,0.905,6.043,6.948
5576801.18,17392,0.077,8.06,8.137
5576803.05,17394,0.06,3.955,4.015
5576818.44,17393,0.058,3.949,4.007
5576821.65,17392,0.062,4.092,4.154
5576860.96,17393,2.027,5.883,7.91
5576880.05,17394,0.084,4.618,4.702
5576894.25,17392,0.081,4.04,4.121
5576906.02,17393,0.075,4.162,4.237
5576927.04,17394,1.019,7.988,9.006
5576954.63,17392,0.071,8.511,8.582
5576959.99,17393,2.056,4.933,6.989
5576972.28,17394,0.072,3.948,4.019
5577014.18,17392,0.079,4.047,4.127
5577088.68,17393,0.143,8.256,8.399
5577098.72,17394,0.125,6.312,6.438
5577134.69,17393,0.152,7.565,7.717
5577135.81,17392,0.121,13.622,13.743
5577227.42,17394,1.959,20.252,22.211
5577245.82,17393,0.318,20.245,20.562
5577276.4,17392,0.123,15.803,15.926
5577279.73,17394,1.742,20.596,22.338
5577308.06,17393,0.144,18.427,18.57
5577318.55,17392,0.148,12.158,12.306
5577324.66,17394,0.115,12.638,12.753
5577333.71,17393,2.027,15.61,17.636
5577369.14,17392,0.141,22.882,23.023
5577378.17,17394,1.586,19.488,21.073
5577378.87,17393,2.205,18.733,20.939
5577396.24,17392,0.112,14.593,14.705
5577398.54,17393,0.103,12.366,12.468
5577402.05,17394,0.084,7.806,7.89
5577436.62,17392,0.142,4.813,4.955
5577461.52,17393,0.481,7.906,8.388
5577520.33,17394,1.448,7.477,8.926
5577526.8,17392,0.128,11.343,11.471
5577685.86,17393,1.151,7.16,8.31
5577829.95,17394,0.234,11.822,12.057
5577983.72,17392,0.176,4.435,4.611
5578009.25,17393,0.238,18.399,18.637
5578021.09,17394,0.448,9.208,9.656
5578066.87,17392,0.355,5.548,5.904
5578105.32,17393,2.046,10.161,12.207
5578234.96,17394,0.348,6.136,6.484
5578303.26,17392,2.393,8.127,10.519
5578355.43,17393,0.149,4.285,4.434
5578540.89,17394,0.181,12.34,12.522
5578541.34,17392,0.133,7.119,7.252
5578565.77,17393,0.118,8.731,8.849
5578690.65,17394,0.254,4.164,4.418
5578742.27,17392,0.164,3.961,4.125
5578751.82,17393,0.42,4.345,4.765
5578865.77,17394,0.339,4.358,4.696
5578868.24,17392,0.13,5.052,5.182
5579070.32,17393,0.149,6.095,6.244
5579152.99,17394,0.118,4.078,4.196
5579164.73,17392,0.098,4.203,4.301
5579172.91,17393,3.109,4.75,7.859
5579242.31,17394,0.167,7.946,8.112
5579294.14,17392,0.138,4.261,4.4
5579326.38,17393,0.164,7.112,7.276
5579410.04,17394,0.139,8.248,8.386
5579581.2,17392,0.142,12.973,13.115
5579589.31,17393,0.142,6.801,6.943
5579656.91,17394,0.181,4.102,4.283
5579683.33,17392,2.517,4.336,6.853
5579802.32,17393,0.162,6.069,6.231
5579835.62,17394,0.112,6.416,6.528
5579844.43,17392,0.081,4.48,4.56
5579946.74,17393,0.123,4.277,4.4
5580012.11,17394,0.133,9.953,10.086
5580020.24,17392,1.524,4.135,5.659
5580105.86,17393,0.16,4.065,4.225
5580192.89,17394,2.039,8.774,10.813
5580193.18,17392,0.1,5.039,5.138
5580202.5,17393,0.175,4.116,4.291
5580399.7,17394,0.142,6.479,6.621
5580404.55,17392,0.11,4.106,4.216
5580592.13,17394,0.081,7.834,7.916
5580592.97,17393,0.189,10.722,10.911
5580598.9,17392,0.065,8.383,8.449
5580628.34,17393,1.755,8.176,9.931
5580667.6,17394,0.221,7.802,8.023
5580827.5,17392,0.262,4.123,4.385
5580843.74,17393,0.254,4.219,4.473
5581001.47,17394,2.487,4.24,6.728
5581060.68,17392,0.11,4.011,4.121
5581192.14,17393,1.564,8.005,9.569
5581322.74,17394,0.373,7.444,7.817
5581456.12,17392,0.183,11.822,12.005
5581488.38,17393,0.169,8.693,8.862
5581684.7,17394,0.179,11.288,11.467
5581716.37,17392,0.221,5.19,5.412
5581785.96,17393,0.161,4.27,4.431
5581818.87,17394,0.172,7.173,7.345
5582020.91,17392,0.169,5.32,5.489
5582134.35,17393,1.331,3.947,5.279
5582219.35,17394,0.132,8.417,8.55
5582241.2,17392,1.014,11.091,12.105
5582313.53,17393,0.128,6.0,6.127
5582341.07,17394,0.09,13.906,13.995
5582343.22,17392,0.083,11.082,11.165
5582363.5,17393,1.42,4.031,5.45
5582436.21,17394,0.093,7.869,7.962
5582458.6,17392,0.137,4.296,4.433
5582473.47,17393,0.081,4.029,4.111
5582480.03,17394,0.094,4.343,4.437
5582502.37,17392,3.429,15.256,18.685
5582503.23,17393,0.071,13.627,13.698
5582522.14,17394,0.105,13.958,14.063
5582553.75,17392,0.149,7.878,8.027
5582554.07,17393,0.067,5.814,5.881
5582567.24,17394,0.156,4.076,4.232
5582621.14,17393,1.699,13.98,15.679
5582625.0,17392,1.54,6.138,7.678
5582674.47,17394,0.146,6.116,6.262
5582679.36,17393,0.929,8.256,9.185
5582699.16,17392,0.091,8.639,8.73
5582700.68,17394,0.065,8.069,8.134
5582726.12,17393,2.029,9.039,11.068
5582734.99,17392,1.091,6.849,7.94
5582738.26,17394,0.076,4.131,4.206
5582757.54,17393,0.125,10.36,10.485
5582758.9,17392,0.083,5.138,5.221
5582781.52,17394,0.095,12.491,12.586
5582789.97,17393,0.101,6.882,6.983
5582810.14,17392,0.08,9.004,9.084
5582914.5,17394,0.153,11.078,11.23
5582934.31,17393,0.092,4.155,4.247
5582939.67,17392,0.082,4.041,4.123
5582944.06,17394,0.091,3.975,4.066
5582955.04,17393,0.092,3.922,4.014
5583015.49,17392,0.083,8.094,8.177
5583040.1,17393,0.058,4.003,4.061
5583041.01,17394,0.073,12.844,12.918
5583058.32,17392,0.094,3.959,4.054
5583063.3,17393,0.059,3.982,4.041
5583079.57,17394,0.085,4.136,4.221
5583083.15,17392,1.041,4.056,5.097
5583104.35,17394,0.073,16.216,16.289
5583153.51,17393,0.085,3.97,4.055
5583179.37,17392,0.078,8.006,8.084
5583226.72,17394,0.096,4.094,4.19
5583230.68,17393,0.083,3.964,4.047
5583244.86,17392,0.082,4.024,4.106
5583284.2,17394,1.577,12.104,13.681
5583327.27,17393,0.634,8.182,8.816
5583327.58,17392,1.174,6.502,7.676
5583340.28,17394,0.088,4.031,4.119
5583381.56,17393,1.542,4.053,5.596
5583389.05,17392,0.063,3.948,4.011
5583413.99,17394,0.088,4.222,4.31
5583465.99,17393,2.091,7.218,9.309
5583477.23,17392,0.087,5.041,5.128
5583505.91,17394,0.102,4.396,4.498
5583509.23,17393,2.264,4.126,6.39
5583540.82,17392,0.06,7.513,7.573
5583544.53,17394,1.943,12.42,14.362
5583578.51,17393,0.196,4.245,4.441
5583626.28,17392,0.153,4.07,4.223
5583652.67,17394,0.168,5.482,5.651
5583692.0,17393,0.195,6.044,6.239
5583703.77,17392,0.107,4.02,4.127
5583707.99,17394,1.434,4.062,5.496
5583718.84,17392,0.082,6.963,7.045
5583728.88,17393,0.075,6.011,6.086
5583789.39,17394,0.166,5.121,5.287
5583864.48,17392,1.32,3.987,5.307
5583882.19,17393,0.127,5.993,6.119
5583934.11,17394,0.115,4.193,4.308
5583940.99,17392,0.098,4.15,4.248
5583945.28,17393,2.054,4.177,6.231
5583949.44,17392,1.157,8.291,9.447
5583949.51,17394,0.068,7.555,7.623
5583985.09,17393,0.743,10.99,11.733
5583988.91,17392,0.092,12.766,12.858
5584000.8,17394,0.081,10.454,10.535
5584006.94,17393,0.067,6.001,6.068
5584031.51,17392,0.081,4.022,4.103
5584068.46,17394,0.097,10.086,10.182
5584082.18,17393,0.096,10.03,10.126
5584128.94,17392,0.092,4.016,4.108
5584235.15,17394,0.098,5.526,5.623
5584276.39,17393,0.095,6.238,6.333
5584340.38,17392,0.099,3.959,4.059
5584360.08,17394,0.081,4.063,4.144
5584420.71,17393,0.11,6.632,6.743
5584429.27,17392,0.059,4.154,4.213
5584553.32,17394,0.168,6.128,6.295
5584604.37,17393,0.188,9.086,9.274
5584644.76,17392,0.166,5.046,5.212
5584726.42,17394,0.158,3.968,4.126
5584741.27,17393,0.117,10.085,10.202
5584779.35,17392,0.102,6.181,6.284
5584794.49,17394,0.091,6.098,6.189
5584946.06,17393,1.913,4.078,5.991
5585024.63,17392,0.128,12.216,12.344
5585060.72,17394,0.159,4.442,4.601
5585086.91,17393,0.142,6.573,6.715
5585102.26,17392,0.129,4.062,4.191
5585149.13,17394,0.152,5.174,5.326
5585182.48,17393,0.178,14.2,14.378
5585189.25,17394,0.691,6.455,7.145
5585193.06,17392,0.085,19.461,19.546
5585228.34,17393,0.357,8.055,8.412
5585355.11,17394,1.848,11.991,13.839
5585390.55,17392,0.141,15.404,15.545
5585495.29,17393,0.142,5.065,5.207
5585765.83,17394,1.759,5.996,7.756
5585801.21,17392,0.132,5.018,5.149
5585835.6,17393,1.242,11.491,12.733
5585949.44,17394,1.285,11.328,12.613
5585967.63,17392,0.114,8.347,8.461
5585974.37,17393,0.091,9.212,9.303
5585985.83,17394,0.09,5.984,6.073
5585991.81,17392,0.061,4.602,4.662
5586080.64,17393,0.105,3.984,4.089
5586115.71,17394,2.026,7.629,9.656
5586148.86,17392,4.737,4.964,9.701
5586209.8,17393,0.715,11.684,12.399
5586229.72,17394,0.09,11.036,11.126
5586270.14,17392,0.092,7.0,7.092
5586335.62,17393,0.115,4.127,4.242
5586435.98,17394,0.123,4.388,4.511
5586495.26,17392,0.102,8.098,8.201
5586571.21,17393,0.139,5.99,6.13
5586641.02,17394,0.149,6.031,6.18
5586645.83,17392,0.079,4.973,5.052
5586682.88,17394,0.133,10.085,10.218
5586688.97,17393,0.104,5.763,5.867
5586762.86,17392,0.129,9.66,9.789
5586765.64,17394,0.076,7.402,7.478
5586975.91,17393,0.146,5.992,6.138
5587043.95,17394,0.121,4.651,4.773
5587088.17,17392,0.107,11.997,12.103
5587120.85,17393,0.097,4.05,4.147
5587402.77,17394,0.155,3.994,4.15
5587497.22,17392,0.134,8.012,8.145
5587538.56,17393,0.183,8.02,8.204
5587613.4,17394,0.491,4.142,4.633
5587660.06,17392,0.14,4.035,4.175
5587735.97,17393,0.18,4.069,4.249
5587792.27,17394,4.059,9.135,13.194
5587936.08,17392,0.18,10.677,10.856
5587968.52,17393,0.127,11.139,11.266
5588253.54,17394,0.158,8.025,8.182
5588422.23,17392,0.15,8.992,9.142
5588753.12,17393,0.173,8.942,9.115
5588780.01,17394,0.12,3.97,4.09
5588818.27,17392,0.109,7.088,7.197
5588898.06,17393,0.126,8.848,8.975
5588924.34,17394,0.132,4.992,5.124
5588956.14,17392,1.655,3.993,5.648
5589003.53,17393,0.105,7.805,7.911
5589070.88,17394,0.094,4.45,4.544
5589094.67,17392,0.094,6.001,6.095
5589261.23,17393,0.106,4.061,4.167
5589283.49,17394,0.074,10.034,10.108
5589346.54,17392,0.129,4.778,4.907
5589499.3,17393,2.139,4.109,6.248
5589642.01,17394,0.167,4.131,4.298
5589899.14,17392,0.149,4.126,4.276
5589911.04,17393,0.095,5.88,5.975
5589993.16,17394,0.12,4.968,5.088
5590010.53,17392,0.08,10.254,10.334
5590030.17,17393,0.105,5.993,6.098
5590047.02,17394,0.129,4.341,4.47
5590084.78,17392,0.08,4.052,4.132
5590090.0,17393,0.098,4.068,4.166
5590126.17,17394,4.432,12.092,16.523
5590129.55,17392,0.076,4.055,4.131
5590140.98,17394,0.067,10.984,11.051
5590156.09,17393,0.076,4.041,4.117
5590171.84,17392,0.067,4.017,4.084
5590200.8,17394,0.059,4.244,4.303
5590216.57,17393,0.07,4.055,4.125
5590225.1,17392,0.055,4.011,4.066
5590265.75,17394,0.059,4.146,4.205
5590298.78,17393,0.08,4.047,4.128
5590303.93,17392,0.06,4.057,4.117
5590318.49,17394,0.06,4.116,4.176
5590350.54,17393,0.059,4.09,4.149
5590371.12,17392,0.064,6.019,6.083
5590377.42,17394,0.056,6.091,6.148
5590525.17,17393,0.118,11.091,11.209
5590525.48,17392,0.062,9.331,9.393
5590574.4,17394,0.166,6.113,6.279
5590593.85,17393,0.152,5.684,5.836
5590596.5,17392,0.068,5.971,6.038
5590619.23,17394,2.048,10.111,12.159
5590642.63,17393,0.09,4.102,4.192
5590648.98,17392,0.072,4.041,4.113
5590672.18,17394,0.108,8.089,8.197
5590679.45,17393,3.218,6.386,9.605
5590685.13,17392,0.06,8.028,8.088
5590693.21,17394,0.068,10.092,10.159
5590739.14,17393,1.121,8.065,9.186
5590751.32,17392,0.086,4.066,4.152
5590799.32,17394,0.095,3.989,4.084
5590834.13,17393,0.092,8.105,8.197
5590846.77,17392,0.141,8.238,8.379
5590861.64,17394,0.1,9.505,9.605
5590864.76,17393,0.048,8.959,9.007
5590895.18,17392,0.113,7.999,8.113
5590907.5,17394,0.064,12.183,12.247
5590907.64,17393,0.125,10.479,10.604
5590947.96,17392,0.079,4.087,4.166
5590955.7,17394,0.055,4.033,4.088
5591055.55,17393,0.082,9.048,9.13
5591060.31,17392,0.065,8.21,8.275
5591077.12,17394,0.077,8.009,8.086
5591114.73,17392,0.063,4.287,4.351
5591122.41,17393,3.237,13.315,16.552
5591141.13,17394,0.076,5.552,5.628
5591155.6,17392,0.072,7.118,7.191
5591168.23,17393,0.28,5.9,6.18
5591185.86,17394,0.937,7.787,8.724
5591192.36,17392,0.068,9.014,9.082
5591202.03,17393,0.923,9.524,10.447
5591287.34,17392,0.052,8.05,8.102
5591287.38,17394,0.135,7.815,7.95
5591311.24,17393,0.082,7.107,7.189
5591341.78,17392,0.066,6.123,6.189
5591364.62,17394,0.084,4.385,4.468
5591419.05,17393,0.078,8.096,8.174
5591438.53,17392,0.074,4.412,4.486
5591458.41,17394,0.061,4.08,4.141
5591498.16,17393,0.079,10.038,10.117
5591535.49,17392,0.079,4.369,4.448
5591550.83,17394,0.096,4.115,4.212
5591557.37,17393,0.123,6.136,6.259
5591591.24,17392,0.131,16.019,16.151
5591595.12,17394,0.068,14.002,14.07
5591605.66,17393,0.089,8.87,8.959
5591607.56,17392,0.083,8.737,8.82
5591623.12,17394,0.079,4.493,4.572
5591670.18,17392,0.135,7.873,8.008
5591711.02,17393,0.108,7.841,7.949
5591735.36,17394,0.113,4.063,4.176
5591743.25,17392,0.073,4.218,4.291
5591772.29,17393,0.084,12.158,12.241
5591785.96,17394,0.084,8.07,8.153
5591822.73,17392,0.118,5.187,5.304
5591965.56,17393,0.148,4.335,4.483
5591974.71,17394,0.165,4.566,4.731
5592042.83,17392,0.301,4.224,4.525
5592398.38,17393,0.129,7.983,8.112
5592458.69,17394,0.134,4.082,4.216
5592510.23,17392,6.417,6.121,12.538
5592576.99,17393,0.163,4.053,4.216
5592608.76,17394,0.131,5.541,5.672
5592752.28,17392,0.157,11.033,11.19
5592752.61,17393,0.076,9.335,9.411
5592792.14,17394,0.12,3.949,4.068
5592882.54,17392,0.16,4.316,4.476
5593024.26,17393,0.121,9.071,9.192
5593138.8,17394,0.133,9.018,9.152
5593371.02,17392,0.135,7.02,7.155
5593447.21,17393,1.593,8.059,9.652
5593495.61,17394,0.113,8.135,8.248
5593496.5,17392,0.072,6.091,6.164
5593765.7,17393,0.137,4.973,5.11
5593793.55,17394,2.2,7.421,9.621
5593830.11,17392,2.033,8.013,10.046
5593869.22,17393,0.087,4.098,4.185
5593913.18,17394,0.089,4.018,4.107
5593947.91,17392,0.212,5.018,5.23
5593995.89,17393,0.107,4.91,5.017
5594017.2,17394,0.101,7.975,8.076
5594059.36,17392,0.152,4.049,4.2
5594145.18,17393,2.037,4.068,6.104
5594245.74,17394,0.09,9.029,9.119
5594344.33,17392,0.221,12.18,12.401
5594346.3,17393,0.075,6.971,7.046
5594378.18,17394,0.076,8.046,8.122
5594419.31,17392,2.728,8.209,10.937
5594441.24,17393,0.108,8.204,8.312
5594615.58,17394,0.212,6.218,6.43
5594640.26,17392,0.168,7.005,7.173
5594647.79,17393,0.098,7.281,7.379
5594658.72,17394,0.082,6.098,6.18
5594744.23,17392,0.098,4.708,4.805
5594824.67,17393,0.105,9.503,9.609
5594829.37,17394,0.076,8.766,8.842
5594834.01,17392,1.621,4.935,6.557
5594840.5,17393,0.066,3.994,4.06
5594873.85,17394,0.072,7.058,7.131
5594941.34,17392,0.152,6.245,6.397
5595053.37,17393,0.131,6.801,6.932
5595230.49,17394,0.115,3.973,4.088
5595332.58,17392,0.134,4.062,4.196
5595555.34,17393,0.142,4.081,4.223
5595565.07,17394,0.113,4.061,4.174
5595577.11,17392,0.115,8.18,8.295
5595661.5,17393,0.181,7.22,7.401
5595728.45,17394,1.604,5.036,6.641
5595785.11,17392,2.1,10.827,12.927
5595900.95,17393,0.162,3.981,4.143
5595964.82,17394,0.155,5.245,5.4
5595986.25,17392,2.41,6.106,8.515
5596022.71,17393,0.087,8.987,9.075
5596069.26,17394,0.1,7.117,7.216
5596178.4,17392,0.087,8.07,8.157
5596189.34,17393,0.074,6.09,6.164
5596219.61,17394,0.072,8.487,8.56
5596225.3,17392,0.073,8.117,8.189
5596235.45,17393,0.072,7.208,7.28
5596237.49,17394,1.375,6.062,7.437
5596254.36,17392,0.097,4.1,4.197
5596265.2,17393,0.071,5.906,5.977
5596275.19,17394,0.072,8.047,8.118
5596288.58,17392,0.066,7.468,7.534
5596322.45,17393,0.113,3.992,4.105
5596365.18,17394,2.434,6.06,8.495
5596374.81,17392,0.102,5.963,6.065
5596408.93,17393,0.135,3.951,4.086
5596436.38,17394,0.098,8.202,8.3
5596462.99,17392,0.122,4.177,4.299
5596486.56,17393,0.104,3.969,4.073
5596493.02,17394,0.089,4.105,4.193
5596513.08,17392,0.073,7.871,7.944
5596529.17,17394,0.529,7.891,8.42
5596530.33,17392,0.048,10.097,10.145
5596531.3,17393,0.092,13.095,13.187
5596534.4,17394,6.025,5.141,11.165
5596563.72,17393,1.448,3.932,5.38
5596592.08,17392,0.155,7.993,8.148
5596604.5,17394,0.108,12.14,12.248
5596606.38,17393,0.08,7.26,7.34
5596614.16,17392,0.058,8.058,8.116
5596636.14,17394,1.686,10.031,11.716
5596636.25,17393,1.021,12.173,13.194
5596664.17,17392,0.086,7.028,7.114
5596687.2,17394,0.109,8.033,8.142
5596760.21,17393,0.226,4.408,4.634
5596776.15,17392,2.268,6.02,8.288
5596802.18,17394,0.091,8.04,8.131
5596807.94,17393,0.076,3.98,4.055
5596829.02,17392,0.07,7.896,7.966
5596838.12,17394,0.074,4.005,4.079
5596896.8,17393,0.083,4.015,4.097
5596917.66,17392,0.072,3.941,4.013
5596923.92,17394,0.065,4.059,4.124
5596930.87,17393,0.064,4.034,4.098
5596961.02,17392,0.078,3.896,3.973
5596986.22,17394,0.117,12.027,12.144
5597035.9,17393,0.095,6.049,6.145
5597058.05,17392,0.11,4.057,4.167
5597084.29,17394,0.096,11.07,11.166
5597127.4,17393,0.093,7.241,7.334
5597137.78,17392,0.098,3.989,4.087
5597140.85,17394,0.073,3.976,4.049
5597146.83,17392,0.07,4.222,4.292
5597150.49,17393,0.077,4.113,4.19
5597211.19,17392,2.062,4.078,6.141
5597223.24,17394,0.061,10.135,10.195
5597265.98,17393,0.081,6.165,6.246
5597281.95,17392,0.376,4.121,4.497
5597327.87,17393,0.053,10.974,11.026
5597329.36,17394,0.071,17.247,17.318
5597345.17,17392,0.066,4.066,4.132
5597359.43,17393,0.053,15.957,16.01
5597359.68,17392,0.05,4.598,4.648
5597361.1,17394,0.049,13.086,13.136
5597363.98,17393,0.146,4.207,4.353
5597419.71,17394,0.113,7.424,7.537
5597420.18,17392,1.707,4.101,5.809
5597431.35,17393,0.086,4.088,4.174
5597454.92,17394,0.076,9.779,9.855
5597465.12,17392,2.085,8.049,10.134
5597486.29,17393,0.066,4.627,4.694
5597508.64,17394,0.079,4.116,4.195
5597520.33,17392,0.078,3.948,4.026
5597539.53,17393,0.064,6.003,6.067
5597558.57,17394,0.08,13.438,13.518
5597580.32,17392,0.153,4.085,4.238
5597598.72,17393,0.115,4.048,4.163
5597608.63,17394,0.12,4.045,4.165
5597614.03,17394,0.374,3.941,4.315
5597614.6,17392,0.067,6.168,6.234
5597635.31,17393,1.065,8.202,9.267
5597635.82,17394,0.055,4.051,4.106
5597649.64,17392,0.08,4.179,4.26
5597696.23,17393,0.147,6.156,6.304
5597697.04,17394,0.077,4.295,4.372
5597734.85,17392,0.095,8.011,8.105
5597736.98,17393,1.875,7.898,9.773
5597751.53,17394,0.089,10.357,10.447
5597788.06,17392,0.105,8.145,8.249
5597847.13,17393,0.102,3.874,3.976
5597861.17,17394,0.078,6.037,6.114
5597872.16,17392,5.028,8.076,13.104
5597882.42,17394,0.062,5.048,5.11
5597886.15,17393,1.69,10.074,11.764
5597888.38,17392,1.909,6.321,8.23
5597897.33,17394,0.077,8.092,8.169
5597903.54,17393,0.056,6.109,6.165
5597949.68,17392,3.027,5.961,8.988
5598010.33,17394,0.147,4.101,4.248
5598018.66,17393,0.132,4.104,4.236
5598031.5,17392,0.1,12.057,12.157
5598077.1,17394,2.031,12.011,14.042
5598092.22,17393,0.068,9.959,10.026
5598136.05,17392,1.333,7.968,9.301
5598152.66,17394,0.096,8.085,8.181
5598161.59,17393,0.138,4.41,4.549
5598167.34,17392,0.071,4.217,4.288
5598191.06,17394,0.059,10.946,11.006
5598218.71,17393,0.077,8.981,9.059
5598230.15,17392,0.089,8.024,8.113
5598403.67,17394,0.181,4.103,4.284
5598470.35,17392,0.075,8.208,8.283
5598470.56,17393,0.103,10.413,10.516
5598472.88,17394,2.028,4.812,6.84
5598534.69,17392,1.699,7.617,9.316
5598549.7,17393,0.179,3.985,4.164
5598556.93,17394,0.144,4.215,4.359
5598573.12,17392,0.074,7.996,8.071
5598583.43,17393,0.096,8.135,8.231
5598591.61,17394,0.11,3.944,4.054
5598621.07,17392,4.148,7.966,12.114
5598631.03,17393,0.111,3.997,4.108
5598651.41,17394,0.109,6.135,6.244
5598667.24,17392,0.088,6.086,6.174
5598680.21,17393,0.066,9.099,9.165
5598712.48,17394,0.085,4.148,4.232
5598716.26,17392,0.072,4.027,4.1
5598797.38,17394,0.095,8.591,8.686
5598850.22,17393,0.082,14.056,14.138
5598852.28,17394,0.063,4.006,4.069
5598854.47,17392,0.065,12.701,12.767
5598873.86,17394,0.073,7.033,7.106
5598875.48,17393,2.034,12.996,15.03
5598969.72,17392,0.144,4.168,4.312
5598982.33,17393,0.072,4.084,4.156
5598993.23,17394,0.105,6.074,6.179
5599011.32,17392,0.18,3.973,4.153
5599155.91,17393,0.136,4.136,4.271
5599168.65,17394,0.109,6.121,6.231
5599176.13,17392,2.956,8.014,10.97
5599242.35,17393,0.149,4.203,4.352
5599244.14,17394,0.103,8.791,8.893
5599260.01,17392,0.076,6.083,6.159
5599301.09,17393,1.684,4.022,5.707
5599363.75,17394,0.084,7.092,7.176
5599392.78,17393,0.063,6.174,6.238
5599394.82,17392,0.231,8.554,8.785
5599402.62,17394,0.057,12.453,12.511
5599404.65,17393,0.054,9.684,9.738
5599452.14,17392,0.078,4.024,4.102
5599476.1,17394,0.08,4.114,4.193
5599507.06,17393,0.09,4.014,4.104
5599519.74,17394,0.052,8.829,8.881
5599520.22,17392,0.059,11.988,12.047
5599525.03,17393,1.565,7.142,8.707
5599528.43,17392,5.472,8.132,13.604
5599528.67,17394,5.904,6.602,12.506
5599538.23,17393,0.094,8.003,8.097
5599565.22,17392,1.61,8.03,9.64
5599585.33,17394,0.125,8.128,8.253
5599595.49,17393,0.166,4.065,4.231
5599671.33,17392,0.156,4.09,4.246
5599748.24,17394,0.135,6.047,6.182
5599750.7,17393,0.095,4.148,4.243
5599773.97,17394,0.102,3.947,4.049
5599795.13,17392,0.07,11.009,11.079
5599796.91,17393,0.057,7.768,7.824
5599803.34,17394,0.183,8.12,8.302
5599820.8,17392,0.089,7.052,7.141
5599838.11,17393,0.078,3.984,4.062
5599860.43,17394,0.082,4.158,4.24
5599881.19,17392,0.153,3.967,4.12
5599901.42,17393,0.072,4.08,4.152
5599936.98,17394,3.024,6.916,9.94
5599938.89,17392,1.301,5.991,7.291
5600000.58,17393,0.096,8.036,8.131
5600017.27,17394,0.08,5.137,5.217
5600032.48,17392,0.163,4.213,4.377
5600048.37,17393,0.144,4.239,4.383
5600088.1,17394,1.069,7.975,9.044
5600100.9,17392,0.929,3.919,4.848
5600125.69,17393,0.087,7.963,8.049
5600132.87,17394,1.177,6.052,7.229
5600156.88,17392,0.094,3.989,4.083
5600196.16,17393,0.087,8.008,8.095
5600209.0,17394,1.696,5.943,7.639
5600217.18,17392,0.123,6.104,6.227
5600272.71,17393,0.088,5.564,5.652
5600278.05,17392,0.043,5.967,6.01
5600278.73,17394,0.057,8.083,8.14
5600292.39,17392,0.047,4.037,4.084
5600292.46,17393,0.061,8.344,8.405
5600312.23,17394,0.065,5.129,5.194
5600318.62,17392,0.052,4.973,5.025
5600377.43,17393,0.113,4.8,4.914
5600382.86,17394,0.075,6.031,6.107
5600383.67,17393,0.075,4.156,4.231
5600427.61,17392,0.088,8.039,8.126
5600447.95,17394,0.088,3.989,4.077
5600455.92,17393,0.071,5.882,5.953
5600460.72,17392,0.063,8.439,8.502
5600461.68,17394,0.085,4.023,4.108
5600468.78,17392,2.359,7.99,10.348
5600522.89,17394,0.402,3.962,4.364
5600558.58,17393,0.113,4.093,4.207
5600571.15,17392,0.102,10.148,10.25
5600600.04,17394,1.81,4.13,5.939
5600611.11,17393,0.13,3.933,4.063
5600674.41,17394,0.08,4.071,4.152
5600675.32,17392,0.191,13.047,13.239
5600680.92,17393,0.092,4.065,4.157
5600714.91,17394,0.074,8.003,8.077
5600729.47,17392,0.089,4.326,4.415
5600753.54,17393,0.063,5.741,5.804
5600777.52,17394,0.07,7.073,7.143
5600779.7,17392,0.064,4.599,4.663
5600787.76,17393,0.113,5.935,6.048
5600809.23,17394,0.079,4.102,4.181
5600835.37,17392,0.066,8.257,8.323
5600978.11,17393,0.16,8.092,8.252
5601024.0,17392,0.066,9.835,9.901
5601024.51,17393,0.052,6.407,6.459
5601024.68,17394,0.112,12.033,12.145
5601050.27,17392,0.161,4.026,4.187
5601060.83,17393,0.097,5.971,6.067
5601114.16,17394,0.116,4.21,4.326
5601176.23,17392,0.095,8.077,8.172
5601185.51,17393,2.03,7.425,9.455
5601223.06,17394,0.07,8.084,8.154
5601242.01,17392,0.078,4.025,4.102
5601256.81,17394,0.052,3.971,4.023
5601257.48,17393,0.066,9.935,10.001
5601294.26,17392,0.103,7.99,8.093
5601344.89,17394,0.059,4.767,4.826
5601350.08,17393,3.03,11.986,15.017
5601388.78,17392,0.088,5.451,5.538
5601407.21,17394,0.084,6.114,6.198
5601420.48,17393,0.079,6.133,6.212
5601454.17,17392,0.079,8.047,8.126
5601465.34,17394,2.169,4.051,6.22
5601478.93,17393,0.087,4.009,4.096
5601483.1,17392,0.06,3.917,3.976
5601508.24,17394,0.065,3.955,4.02
5601516.51,17393,0.052,9.094,9.146
5601524.64,17394,0.572,8.037,8.609
5601526.38,17392,0.051,7.062,7.114
5601548.55,17393,0.061,7.097,7.157
5601569.15,17394,1.412,8.059,9.471
5601607.14,17392,0.162,9.995,10.157
5601662.19,17393,0.163,4.782,4.945
5601668.78,17394,0.108,9.327,9.435
5601700.39,17392,0.098,11.355,11.453
5601702.11,17393,1.055,10.003,11.059
5601719.12,17394,1.027,7.05,8.077
5601785.19,17392,0.11,6.875,6.985
5601806.26,17393,0.081,5.114,5.195
5601831.06,17394,0.09,7.922,8.012
5601855.78,17392,0.231,6.224,6.455
5601867.94,17393,0.067,8.165,8.232
5601876.84,17394,0.083,4.058,4.141
5601919.74,17392,2.183,8.482,10.665
5601929.64,17393,0.089,4.229,4.317
5601990.18,17394,0.095,5.866,5.961
5601992.91,17392,0.069,5.013,5.082
5602037.46,17393,0.093,5.215,5.308
5602044.53,17394,0.099,6.239,6.338
5602067.18,17392,2.027,8.063,10.09
5602080.88,17393,0.107,4.943,5.049
5602129.96,17394,0.14,6.047,6.187
5602138.19,17392,0.105,3.941,4.046
5602217.69,17393,1.285,9.06,10.345
5602288.52,17394,0.105,4.086,4.191
5602318.61,17392,0.093,3.99,4.083
5602332.23,17393,0.075,10.099,10.174
5602375.74,17394,0.077,7.17,7.248
5602400.14,17392,0.075,12.016,12.091
5602405.31,17393,0.062,8.081,8.143
5602431.12,17394,0.069,12.013,12.082
5602431.18,17392,0.077,10.067,10.144
5602446.47,17393,0.068,3.998,4.066
5602829.98,17394,0.166,5.999,6.166
5602858.99,17392,0.122,3.986,4.109
5602888.93,17393,0.098,6.229,6.327
5602953.07,17394,0.332,4.538,4.87
5602965.56,17392,0.077,8.421,8.498
5603068.95,17394,2.421,7.04,9.461
5603069.21,17393,1.037,9.125,10.162
5603096.76,17392,0.156,4.3,4.456
5603166.76,17393,0.134,9.199,9.333
5603168.86,17394,1.051,6.785,7.837
5603190.65,17392,0.114,4.444,4.559
5603206.44,17393,0.088,8.306,8.394
5603266.15,17394,0.196,3.944,4.14
5603433.72,17392,0.117,4.083,4.2
5603882.74,17393,0.276,7.461,7.737
5603929.11,17394,2.04,7.994,10.034
5604055.31,17392,0.165,6.056,6.221
5604112.19,17393,0.156,3.953,4.109
5604183.77,17394,0.14,6.171,6.311
5604320.35,17392,0.128,5.15,5.278
5604373.97,17393,0.113,4.093,4.206
5604383.18,17394,0.128,5.957,6.085
5604385.36,17392,0.072,4.252,4.324
5604437.89,17393,1.943,3.9,5.843
5604451.05,17394,0.67,6.951,7.621
5604534.15,17392,0.099,8.058,8.157
5604630.83,17393,0.145,6.602,6.747
5604651.64,17394,1.04,7.532,8.572
5604677.87,17392,0.109,3.969,4.078
5604679.73,17393,0.069,4.115,4.184
5604743.89,17394,0.162,6.645,6.807
5604751.98,17393,0.106,4.59,4.697
5604770.7,17392,2.042,8.598,10.641
5604832.18,17393,0.068,4.005,4.073
5604833.63,17394,0.136,7.319,7.455
5604870.71,17392,0.105,5.974,6.079
5604891.19,17393,0.085,6.055,6.14
5604897.84,17394,0.07,4.01,4.079
5604932.23,17392,0.088,7.082,7.17
5604937.96,17393,0.051,4.133,4.185
5604946.05,17394,0.061,7.961,8.022
5604958.09,17392,0.072,7.257,7.328
5604968.1,17393,0.053,8.01,8.063
5604976.57,17394,0.167,4.09,4.257
5605082.11,17392,0.086,7.978,8.064
5605084.05,17393,0.058,5.945,6.002
5605125.55,17394,0.139,7.335,7.474
5605127.8,17392,0.103,4.652,4.755
5605163.59,17393,0.115,4.168,4.283
5605232.2,17394,0.093,12.105,12.198
5605234.31,17392,0.058,9.21,9.268
5605272.13,17393,0.07,6.004,6.074
5605286.74,17394,0.12,3.983,4.103
5605295.17,17392,0.074,4.054,4.127
5605299.37,17393,0.055,6.276,6.33
5605333.67,17394,0.078,11.029,11.107
5605348.8,17392,0.059,7.703,7.762
5605350.63,17393,0.054,4.056,4.11
5605364.18,17394,0.068,7.104,7.172
5605372.01,17392,0.078,4.262,4.34
5605392.39,17393,2.498,7.324,9.822
5605432.11,17394,0.085,10.998,11.082
5605433.96,17392,0.057,5.093,5.149
5605493.5,17393,0.076,7.047,7.123
5605500.59,17394,0.074,3.983,4.057
5605532.17,17392,0.086,5.401,5.487
5605588.54,17393,2.835,9.59,12.425
5605672.52,17394,0.153,13.443,13.596
5605682.47,17392,0.13,10.733,10.864
5605695.24,17394,1.494,13.653,15.147
5605725.27,17393,2.051,14.137,16.188
5605798.81,17392,0.137,3.997,4.133
5605917.3,17394,0.159,3.953,4.112
5606111.14,17393,2.068,8.031,10.1
5606203.67,17392,0.185,5.008,5.194
5606276.36,17394,0.132,6.053,6.185
5606336.32,17393,1.392,4.17,5.562
5606358.51,17392,0.1,6.122,6.221
5606421.47,17394,5.294,7.374,12.668
5606430.72,17393,0.084,4.067,4.151
5606438.4,17392,0.078,5.992,6.07
5606484.87,17394,0.094,4.131,4.225
5606547.02,17393,0.111,6.85,6.961
5606631.28,17392,2.034,9.103,11.138
5606631.51,17394,1.744,7.392,9.136
5606658.18,17393,0.13,7.963,8.093
5606666.08,17392,0.127,6.092,6.219
5607020.19,17394,0.137,7.985,8.122
5607038.33,17393,1.581,10.063,11.644
5607041.38,17392,1.765,5.571,7.336
5607191.66,17394,0.146,9.839,9.985
5607226.53,17393,0.121,6.026,6.147
5607236.87,17392,0.104,4.09,4.194
5607253.33,17394,0.095,5.494,5.589
5607322.23,17393,0.089,6.092,6.181
5607344.12,17392,0.099,8.962,9.061
5607357.2,17394,0.072,7.071,7.142
5607374.21,17393,0.078,4.087,4.166
5607433.25,17392,0.089,12.099,12.188
5607443.37,17394,0.083,4.032,4.114
5607474.35,17393,0.175,4.166,4.34
5607490.74,17392,0.074,4.14,4.214
5607497.32,17394,0.055,7.112,7.166
5607505.15,17393,0.075,4.075,4.15
5607559.84,17392,0.074,4.141,4.214
5607578.22,17394,0.133,4.015,4.148
5607593.41,17393,0.1,4.175,4.274
5607638.27,17392,2.083,12.101,14.183
5607714.54,17394,0.155,7.074,7.229
5607740.82,17393,0.65,10.113,10.762
5607741.26,17392,2.488,8.167,10.654
5607743.27,17394,0.076,8.401,8.477
5607790.78,17393,0.089,8.187,8.276
5607795.24,17392,0.056,7.141,7.197
5607812.21,17394,0.075,10.084,10.159
5607816.18,17393,0.052,8.207,8.259
5607827.57,17392,0.067,4.019,4.086
5607903.6,17394,0.106,4.237,4.343
5607910.11,17393,0.079,3.985,4.064
5607948.93,17392,0.101,4.115,4.216
5607998.22,17394,0.106,4.13,4.236
5608014.15,17393,0.103,4.089,4.192
5608041.2,17392,0.086,4.05,4.136
5608120.52,17394,1.808,13.4,15.208
5608121.63,17393,3.199,10.529,13.728
5608122.74,17392,0.073,5.757,5.83
5608133.47,17394,0.076,6.068,6.144
5608168.77,17393,0.13,6.021,6.151
5608182.2,17392,0.09,7.043,7.134
5608197.63,17394,0.11,4.183,4.292
5608325.24,17393,0.146,4.392,4.538
5608331.05,17392,0.086,9.051,9.137
5608339.06,17394,0.069,8.059,8.127
5608363.59,17392,0.084,3.947,4.031
5608388.28,17393,0.079,7.051,7.13
5608390.98,17394,0.079,4.159,4.238
5608397.06,17392,0.943,6.966,7.909
5608418.42,17394,0.085,8.044,8.128
5608435.33,17393,0.064,6.93,6.994
5608456.3,17392,1.025,4.236,5.261
5608458.0,17394,0.059,4.188,4.248
5608510.7,17392,0.05,5.047,5.098
5608511.43,17393,0.071,10.263,10.335
5608550.69,17394,0.085,4.053,4.138
5608562.13,17393,0.465,6.586,7.05
5608585.14,17392,0.925,8.031,8.956
5608605.4,17394,0.106,11.226,11.333
5608634.44,17393,0.27,6.114,6.384
5608640.76,17392,0.07,6.094,6.164
5608652.74,17394,0.106,4.107,4.214
5608666.12,17393,0.857,8.042,8.899
5608683.43,17392,2.369,5.357,7.726
5608700.37,17394,0.119,8.202,8.321
5608711.02,17393,1.626,5.932,7.558
5608713.79,17392,0.07,5.179,5.249
5608723.65,17394,0.072,4.045,4.116
5608810.59,17393,0.216,7.183,7.399
5608830.74,17392,0.079,6.093,6.173
5608861.7,17394,0.109,6.425,6.534
5608894.27,17393,0.161,3.834,3.995
5608943.15,17392,0.141,7.946,8.087
5608967.64,17394,0.103,3.972,4.075
5608982.27,17393,0.071,4.047,4.118
5609005.17,17392,0.073,7.045,7.118
5609036.49,17394,0.124,4.001,4.125
5609045.42,17393,0.067,3.949,4.016
5609082.59,17392,0.182,10.071,10.253
5609104.05,17394,0.106,10.779,10.885
5609124.83,17393,0.098,3.958,4.056
5609157.9,17392,0.128,4.002,4.13
5609182.0,17394,0.079,6.889,6.969
5609222.28,17393,0.124,4.02,4.144
5609238.07,17392,0.084,3.933,4.018
5609270.21,17394,1.457,3.881,5.337
5609282.73,17393,0.069,6.22,6.288
5609292.19,17392,0.077,9.795,9.872
5609315.14,17393,1.999,8.058,10.058
5609338.55,17394,0.081,3.963,4.045
5609357.41,17392,0.069,7.942,8.012
5609374.63,17393,0.089,6.242,6.331
5609384.34,17394,0.067,9.584,9.651
5609397.15,17392,0.052,9.664,9.716
5609397.31,17393,0.106,11.683,11.789
5609421.48,17394,0.08,4.252,4.332
5609707.62,17392,0.137,9.099,9.236
5609715.09,17393,0.068,10.849,10.917
5609723.99,17394,1.244,8.672,9.916
5609745.49,17392,0.104,7.816,7.92
5609774.82,17393,0.083,4.061,4.144
5609820.18,17394,0.107,11.091,11.198
5609822.53,17392,0.056,11.291,11.347
5609836.75,17393,0.079,6.11,6.189
5609910.04,17394,0.085,6.894,6.979
5609961.94,17392,0.152,4.677,4.829
5610222.08,17393,0.155,9.09,9.246
5610227.09,17394,0.093,7.935,8.028
5610238.13,17393,1.01,9.024,10.034
5610253.19,17392,0.176,3.955,4.132
5610323.77,17394,0.119,4.07,4.189
5610355.75,17393,0.099,6.015,6.114
5610409.53,17392,0.14,4.053,4.193
5610566.0,17394,0.264,4.003,4.267
