timestamp_ms,pid,scheduling_delay_ms,service_time_ms,total_latency_ms
8288993.13,19902,1.469,5.159,6.629
8289024.8,19903,0.49,4.543,5.034
8289091.17,19904,0.685,7.853,8.539
8289106.14,19902,0.278,6.891,7.169
8289146.49,19903,0.356,10.601,10.957
8289173.98,19904,0.349,9.847,10.196
8289263.86,19902,0.579,8.527,9.106
8289299.27,19903,0.389,5.813,6.203
8289357.65,19904,0.936,8.2,9.137
8289512.56,19902,0.821,8.943,9.764
8289531.84,19903,0.365,11.179,11.544
8289534.7,19904,3.26,10.481,13.741
8289557.12,19902,0.256,4.474,4.73
8289614.37,19903,0.633,7.088,7.721
8289641.12,19904,0.231,4.301,4.532
8289655.37,19902,0.152,4.337,4.488
8289743.28,19903,0.182,5.517,5.7
8289816.95,19904,0.481,7.406,7.888
8289825.16,19902,0.195,4.984,5.179
8289949.38,19903,0.226,9.034,9.26
8289973.7,19904,0.18,5.397,5.577
8290030.23,19902,0.424,6.084,6.508
8290049.75,19903,0.138,4.818,4.956
8290130.45,19904,0.165,4.126,4.29
8290180.29,19902,0.556,10.578,11.133
8290196.56,19903,0.148,6.287,6.435
8290227.9,19904,0.456,7.144,7.6
8290295.08,19902,0.272,5.696,5.968
8290301.41,19903,0.205,4.703,4.908
8290349.44,19904,0.267,9.547,9.814
8290375.85,19902,0.223,11.501,11.725
8290377.53,19903,0.106,12.197,12.304
8290385.56,19904,0.248,5.037,5.286
8290439.88,19902,1.254,10.536,11.79
8290479.21,19903,0.245,4.497,4.742
8290523.89,19904,0.315,9.347,9.662
8290700.76,19902,0.188,9.33,9.518
8290740.46,19903,0.594,5.993,6.586
8290870.28,19904,0.328,5.793,6.121
8290888.35,19902,0.223,14.356,14.578
8290913.1,19903,0.18,5.751,5.931
8290914.6,19904,0.143,5.309,5.452
8290970.07,19902,0.177,4.04,4.216
8290976.24,19903,0.135,4.146,4.281
8291008.59,19904,0.128,4.009,4.137
8291090.78,19902,0.323,4.267,4.591
8291227.37,19903,0.153,4.326,4.479
8291288.79,19904,0.269,4.63,4.9
8291388.22,19902,0.287,11.263,11.549
8291587.48,19903,0.401,5.295,5.696
8291642.31,19904,0.235,6.642,6.877
8291650.92,19902,0.272,5.416,5.687
8291691.59,19903,0.233,4.242,4.474
8291744.1,19904,0.598,9.434,10.031
8291795.31,19902,0.187,5.079,5.266
8291908.57,19903,0.313,5.154,5.468
8291916.46,19904,0.244,4.048,4.292
8291924.69,19902,0.116,11.807,11.923
8292031.32,19903,0.498,6.133,6.631
8292173.11,19904,0.237,4.96,5.197
8292175.28,19902,0.23,4.431,4.661
8292257.18,19903,0.499,10.098,10.596
8292267.43,19904,0.181,9.955,10.137
8292278.64,19902,0.09,4.822,4.912
8292362.67,19903,0.242,4.363,4.605
8292437.05,19904,0.147,7.75,7.897
8292467.7,19902,0.386,4.295,4.681
8292479.97,19903,0.15,5.089,5.239
8292486.76,19904,0.327,4.438,4.765
8292516.08,19902,0.187,7.732,7.919
8292526.84,19903,0.17,4.104,4.274
8292565.44,19904,0.222,4.978,5.2
8292676.82,19902,0.191,4.507,4.698
8292740.05,19903,0.433,6.534,6.967
8292768.73,19904,0.586,4.431,5.016
8292792.67,19902,0.214,5.194,5.408
8292805.25,19903,0.359,6.02,6.379
8293007.11,19904,0.179,4.68,4.86
8293050.44,19902,0.437,8.909,9.347
8293155.79,19903,1.077,14.55,15.628
8293195.58,19904,0.202,5.779,5.982
8293235.57,19902,1.319,5.91,7.228
8293319.85,19903,0.372,7.217,7.589
8293373.32,19904,0.788,11.394,12.182
8293382.11,19902,0.534,8.039,8.574
8293399.24,19903,0.338,4.146,4.484
8293405.43,19904,0.141,5.241,5.381
8293463.36,19902,0.739,13.278,14.016
8293510.45,19903,0.372,5.623,5.995
8293524.07,19904,0.159,5.549,5.708
8293582.67,19902,0.198,4.024,4.222
8293645.45,19903,0.382,4.234,4.617
8293701.25,19904,0.29,7.316,7.606
8293816.77,19902,0.149,4.096,4.245
8293849.27,19903,0.561,8.937,9.498
8293944.9,19904,0.436,11.345,11.782
8293953.87,19902,0.374,5.308,5.681
8293996.3,19904,0.181,6.415,6.596
8293996.58,19903,2.724,4.47,7.194
8294022.02,19902,0.599,5.459,6.059
8294036.75,19904,0.816,5.707,6.523
8294207.54,19903,0.653,12.094,12.747
8294368.4,19902,0.987,7.301,8.288
8294373.73,19904,0.177,6.355,6.533
8294433.7,19902,0.315,4.873,5.188
8294435.87,19903,0.306,4.874,5.18
8294537.53,19904,0.513,8.485,8.998
8294611.85,19902,0.321,8.334,8.655
8294613.11,19903,0.26,8.381,8.642
8294693.74,19904,0.288,4.08,4.368
8294721.04,19902,0.148,4.383,4.532
8294745.58,19903,0.246,8.634,8.88
8295025.34,19904,0.203,4.856,5.059
8295049.79,19902,0.166,4.472,4.637
8295067.31,19903,0.265,6.627,6.892
8295068.5,19904,0.177,4.759,4.936
8295078.31,19902,0.217,4.375,4.592
8295116.76,19903,0.23,4.804,5.034
8295200.08,19904,0.341,4.538,4.88
8295240.71,19902,0.389,4.38,4.769
8295257.6,19903,0.185,4.736,4.921
8295287.54,19904,0.299,4.343,4.642
8295346.37,19902,0.234,4.134,4.368
8295381.88,19903,0.57,8.604,9.174
8295436.32,19904,0.234,5.328,5.563
8295462.44,19902,0.323,4.376,4.699
8295486.25,19903,0.147,7.997,8.144
8295533.95,19904,0.299,7.221,7.52
8295577.73,19902,0.201,4.185,4.387
8295637.68,19903,0.333,11.872,12.204
8295665.22,19904,0.225,4.073,4.298
8295712.91,19902,0.175,4.589,4.764
8295783.59,19903,0.612,9.297,9.909
8295834.81,19904,0.443,8.357,8.799
8295902.74,19902,0.169,4.354,4.523
8295909.43,19903,0.253,5.083,5.336
8295925.93,19904,0.329,6.656,6.984
8296048.06,19902,1.947,7.825,9.772
8296115.05,19903,0.393,5.853,6.246
8296185.31,19904,0.195,4.655,4.85
8296255.06,19902,0.324,5.217,5.541
8296271.45,19903,0.244,4.156,4.401
8296297.52,19904,0.406,4.143,4.549
8296428.54,19902,0.368,15.55,15.917
8296451.95,19903,0.548,8.743,9.291
8296489.6,19904,0.303,5.791,6.094
8296503.02,19902,0.194,6.086,6.28
8296665.66,19903,1.224,7.417,8.641
8296707.77,19904,0.262,4.397,4.659
8296736.95,19902,0.189,4.176,4.365
8296831.48,19903,0.218,5.024,5.242
8296908.07,19904,0.292,7.358,7.649
8296913.09,19902,0.168,8.839,9.008
8296927.82,19903,0.139,4.171,4.31
8296992.95,19904,0.352,8.399,8.751
8297083.44,19902,0.27,9.404,9.675
8297094.61,19903,0.186,4.335,4.521
8297206.08,19904,0.192,7.663,7.855
8297252.85,19902,0.389,8.973,9.362
8297451.96,19903,0.179,5.405,5.584
8297506.75,19904,0.365,9.433,9.798
8297611.64,19902,0.423,8.082,8.504
8297694.1,19903,0.171,4.565,4.736
8297700.94,19904,0.125,4.44,4.565
8297769.4,19902,0.204,5.33,5.533
8297851.13,19903,0.165,4.516,4.68
8297878.45,19904,0.255,4.26,4.515
8297940.31,19902,0.525,4.296,4.821
8297990.44,19903,0.465,10.671,11.136
8298002.74,19904,0.211,8.556,8.767
8298040.31,19902,0.183,4.877,5.06
8298104.98,19903,0.266,5.173,5.439
8298162.83,19904,0.219,4.346,4.565
8298195.52,19902,0.225,4.815,5.04
8298226.79,19903,0.5,6.844,7.345
8298265.13,19904,0.743,4.909,5.651
8298275.56,19902,0.697,4.486,5.183
8298278.04,19903,0.17,4.561,4.731
8298283.51,19904,0.114,4.154,4.268
8298349.77,19902,0.485,6.628,7.114
8298367.57,19903,0.437,7.608,8.044
8298369.95,19904,0.319,7.536,7.855
8298547.47,19902,0.37,4.423,4.792
8298556.31,19903,0.35,4.275,4.624
8298589.96,19904,0.428,5.476,5.904
8298610.08,19902,0.457,8.024,8.481
8298626.13,19903,0.201,4.504,4.705
8298674.46,19904,0.457,8.778,9.235
8298693.37,19902,0.227,7.46,7.687
8298715.19,19903,0.167,4.525,4.692
8298811.75,19904,0.339,4.104,4.443
8299003.57,19902,0.197,4.67,4.867
8299007.46,19903,0.155,4.203,4.358
8299059.51,19902,0.203,4.433,4.635
8299087.18,19904,0.3,7.493,7.793
8299213.68,19903,0.881,12.202,13.084
8299214.89,19902,0.257,11.507,11.764
8299266.46,19904,0.352,4.169,4.521
8299390.06,19903,0.275,4.418,4.692
8299441.9,19902,0.435,13.246,13.681
8299459.75,19904,0.13,4.141,4.271
8299471.31,19903,0.092,4.085,4.177
8299501.67,19902,0.312,7.658,7.97
8299537.21,19904,0.3,6.725,7.025
8299557.79,19903,0.281,4.209,4.49
8299583.34,19902,0.382,7.029,7.411
8299622.97,19904,0.372,7.442,7.814
8299706.5,19903,0.323,7.494,7.818
8299715.02,19902,0.285,4.37,4.655
8299723.44,19904,1.437,5.06,6.498
8299748.73,19903,0.302,4.215,4.517
8299755.9,19902,0.159,5.052,5.212
8299777.22,19904,0.236,8.699,8.935
8299784.39,19903,0.152,9.169,9.322
8299812.83,19902,0.183,4.025,4.208
8299813.94,19904,0.849,4.226,5.075
8299824.4,19903,0.13,6.518,6.647
8299824.42,19902,0.12,5.034,5.154
8299826.59,19904,0.058,4.484,4.542
8299836.66,19902,0.179,4.778,4.957
8299850.62,19903,0.188,5.854,6.042
8299852.14,19904,1.107,5.943,7.05
8299881.11,19903,0.171,4.689,4.86
8299881.72,19902,0.54,5.395,5.935
8299893.4,19904,0.184,4.62,4.805
8299924.75,19903,0.25,11.361,11.611
8299928.62,19902,0.356,13.083,13.439
8299929.12,19904,1.441,7.849,9.291
8299935.89,19903,0.16,5.827,5.987
8299975.04,19902,0.323,6.849,7.172
8299979.21,19904,0.247,6.9,7.148
8299987.13,19903,0.329,6.113,6.442
8299996.02,19902,0.149,7.483,7.632
8300019.43,19904,0.225,10.111,10.336
8300021.7,19903,0.171,8.043,8.213
8300041.7,19902,0.114,4.126,4.24
8300101.49,19904,0.524,8.944,9.468
8300129.36,19903,0.161,6.599,6.76
8300139.66,19902,0.366,5.325,5.691
8300176.74,19904,0.341,10.99,11.33
8300199.77,19902,0.857,5.252,6.109
8300200.4,19903,0.394,12.189,12.583
8300242.4,19904,0.283,9.062,9.344
8300296.99,19902,0.15,4.156,4.306
8300302.53,19903,0.173,4.321,4.495
8300332.29,19904,0.27,8.4,8.67
8300338.57,19902,0.289,7.22,7.508
8300351.64,19903,0.457,8.829,9.286
8300354.25,19904,0.213,8.21,8.423
8300369.21,19902,0.388,7.897,8.285
8300378.82,19903,0.131,4.134,4.265
8300393.99,19904,0.202,4.736,4.937
8300395.16,19902,0.137,5.094,5.23
8300415.17,19903,0.42,6.03,6.45
8300422.44,19904,0.886,4.832,5.718
8300444.01,19902,0.308,5.506,5.815
8300450.12,19903,0.263,5.319,5.582
8300479.69,19904,0.514,9.164,9.678
8300503.77,19902,0.494,11.037,11.531
8300532.84,19904,0.269,4.493,4.762
8300533.05,19903,0.609,11.591,12.2
8300549.44,19904,1.315,4.205,5.52
8300549.61,19902,0.502,6.447,6.949
8300555.09,19903,0.182,4.1,4.282
8300564.1,19904,0.17,4.145,4.315
8300578.52,19902,0.283,5.892,6.174
8300593.85,19903,0.394,7.57,7.964
8300602.93,19904,0.278,9.807,10.084
8300630.05,19903,2.24,3.955,6.194
8300642.68,19902,0.342,4.445,4.787
8300644.44,19904,0.125,4.346,4.471
8300648.21,19903,0.221,4.086,4.307
8300663.45,19904,0.235,5.929,6.164
8300665.33,19902,0.143,5.533,5.676
8300697.91,19903,0.273,6.039,6.312
8300711.56,19904,0.166,4.322,4.487
8300714.35,19902,0.086,4.182,4.269
8300722.56,19903,0.12,4.121,4.241
8300733.69,19904,0.543,4.133,4.676
8300736.31,19902,0.193,4.055,4.248
8300769.21,19903,0.548,10.645,11.193
8300826.47,19904,0.381,9.464,9.846
8300831.21,19902,0.319,8.776,9.095
8300868.17,19903,0.297,7.641,7.938
8300873.08,19904,0.111,9.462,9.573
8300875.63,19902,0.225,5.275,5.5
8300891.46,19904,0.098,4.061,4.159
8300894.96,19903,0.415,7.939,8.354
8300895.99,19902,0.496,6.907,7.403
8300923.2,19904,0.328,10.918,11.246
8300950.13,19903,0.23,6.604,6.834
8300966.61,19902,0.673,9.135,9.808
8300969.23,19904,0.172,6.706,6.877
8301003.46,19903,0.264,5.193,5.457
8301026.1,19902,0.429,9.189,9.618
8301034.38,19904,0.301,6.097,6.397
8301077.12,19903,0.376,6.791,7.168
8301089.99,19902,0.249,5.644,5.894
8301098.82,19904,0.204,7.561,7.765
8301101.53,19903,0.169,5.562,5.73
8301177.5,19902,0.522,7.436,7.958
8301183.3,19904,0.626,6.986,7.611
8301191.22,19902,0.192,4.844,5.035
8301203.33,19903,0.333,4.085,4.419
8301238.32,19904,0.414,8.017,8.43
8301271.74,19902,0.248,8.184,8.432
8301278.65,19903,0.202,5.91,6.111
8301366.69,19904,0.334,5.391,5.725
8301372.69,19902,0.883,4.302,5.185
8301386.99,19903,0.22,4.034,4.254
8301468.92,19904,0.154,4.2,4.354
8301470.6,19902,0.156,4.287,4.443
8301541.75,19903,0.428,4.222,4.65
8301553.35,19904,0.177,5.697,5.874
8301567.1,19902,0.339,7.116,7.455
8301604.15,19903,0.155,4.111,4.266
8301647.66,19904,0.496,7.44,7.936
8301746.74,19902,0.385,10.734,11.119
8301762.87,19903,0.261,8.483,8.744
8301766.08,19904,0.614,6.989,7.604
8301778.78,19902,0.31,4.936,5.246
8301837.3,19903,0.559,9.776,10.336
8301960.87,19904,0.343,6.07,6.412
8301972.15,19902,0.213,7.381,7.594
8302153.38,19903,0.386,6.296,6.682
8302300.35,19904,0.181,4.971,5.152
8302364.42,19902,0.406,7.352,7.758
8302614.72,19903,0.331,6.633,6.964
8302636.74,19904,0.17,4.05,4.22
8302673.06,19902,0.467,6.648,7.115
8302703.11,19903,0.336,6.757,7.093
8302721.76,19904,0.21,4.772,4.983
8302904.96,19902,0.262,7.714,7.976
8302919.68,19903,0.273,7.323,7.596
8302967.77,19904,0.448,8.327,8.775
8302976.89,19902,0.304,5.483,5.788
8302992.57,19903,0.534,6.539,7.072
8303139.92,19904,0.238,6.977,7.216
8303147.41,19902,0.092,4.126,4.218
8303157.13,19903,0.113,4.101,4.215
8303212.58,19904,1.107,8.967,10.073
8303265.8,19902,1.005,8.793,9.798
8303270.32,19903,0.361,11.844,12.205
8303272.29,19904,0.922,7.978,8.9
8303281.61,19902,0.319,4.931,5.25
8303315.13,19903,0.365,4.969,5.334
8303419.96,19904,0.653,8.901,9.555
8303425.28,19902,0.21,6.974,7.184
8303544.54,19903,0.371,9.369,9.74
8303600.22,19904,0.49,7.959,8.449
8303683.4,19902,0.542,9.078,9.62
8303817.09,19903,0.27,4.731,5.0
8303843.7,19904,1.167,8.223,9.389
8303918.6,19902,0.186,4.216,4.402
8303979.9,19903,0.347,8.293,8.64
8304040.82,19904,0.335,10.99,11.325
8304046.65,19902,0.471,7.052,7.523
8304099.4,19903,0.186,4.143,4.329
8304118.03,19904,0.357,6.494,6.851
8304218.55,19902,0.517,9.55,10.068
8304345.11,19903,0.384,4.588,4.973
8304348.14,19904,0.358,4.963,5.322
8304375.83,19902,0.458,7.831,8.288
8304516.63,19903,0.527,15.647,16.175
8304536.34,19904,0.43,5.057,5.486
8304542.25,19902,0.263,5.25,5.513
8304588.01,19903,3.24,12.74,15.98
8304606.48,19904,0.178,12.185,12.363
8304702.07,19902,0.198,5.472,5.669
8304722.35,19903,0.154,4.266,4.419
8304810.08,19904,0.146,4.121,4.267
8304838.29,19902,0.642,8.952,9.594
8304869.73,19903,0.891,7.257,8.148
8304902.02,19904,0.195,5.851,6.046
8304931.37,19902,0.822,9.036,9.858
8305022.98,19903,0.482,7.585,8.067
8305028.53,19904,0.209,7.536,7.745
8305050.22,19902,0.312,4.096,4.408
8305065.98,19903,0.403,4.249,4.652
8305116.19,19904,0.437,10.914,11.35
8305132.47,19902,0.391,6.948,7.338
8305144.86,19903,0.209,4.306,4.515
8305222.1,19904,0.342,4.862,5.204
8305224.49,19902,0.09,4.334,4.424
8305237.02,19903,0.325,4.239,4.563
8305270.65,19904,0.752,10.037,10.79
8305284.75,19902,0.231,8.825,9.056
8305294.44,19903,0.426,7.066,7.492
8305301.13,19904,0.251,4.829,5.08
8305329.43,19902,0.379,6.713,7.092
8305345.3,19903,0.347,8.833,9.18
8305433.22,19904,1.383,10.431,11.813
8305442.61,19902,0.414,8.097,8.51
8305444.51,19903,0.163,7.24,7.403
8305569.77,19902,1.072,9.501,10.573
8305569.94,19904,2.033,10.928,12.961
8305577.0,19903,0.181,11.515,11.696
8305586.3,19902,0.206,4.885,5.092
8305597.73,19904,0.299,4.704,5.003
8305600.24,19903,0.193,4.09,4.283
8305602.67,19902,0.103,4.412,4.516
8305640.45,19904,0.263,7.481,7.744
8305643.56,19903,0.152,8.182,8.334
8305654.79,19904,0.094,4.095,4.188
8305655.3,19902,0.095,6.502,6.597
8305670.27,19903,0.084,5.144,5.227
8305671.43,19904,0.065,4.272,4.338
8305682.95,19902,0.147,4.874,5.021
8305716.47,19903,0.439,10.032,10.471
8305723.2,19902,0.094,6.859,6.952
8305726.69,19904,0.163,12.325,12.488
8305754.2,19903,0.192,5.173,5.365
8305790.71,19902,0.371,9.309,9.681
8305804.29,19904,0.304,9.965,10.27
8305813.95,19903,0.434,7.56,7.994
8305917.21,19902,0.216,5.591,5.807
8305920.21,19904,0.096,4.039,4.135
8305926.94,19902,0.149,4.222,4.371
8305962.43,19903,0.28,6.945,7.225
8305962.56,19904,0.136,6.21,6.347
8305985.42,19902,0.191,4.023,4.214
8305995.07,19903,0.128,4.868,4.996
8305996.62,19904,0.089,6.319,6.409
8306023.47,19902,0.38,5.52,5.9
8306068.34,19903,0.25,5.745,5.996
8306072.91,19904,0.126,4.088,4.214
8306081.18,19902,0.155,5.073,5.229
8306109.39,19903,0.153,8.691,8.844
8306139.05,19902,0.2,11.406,11.606
8306140.25,19904,0.378,15.471,15.849
8306150.58,19902,0.219,5.301,5.52
8306151.34,19903,0.088,8.31,8.397
8306229.65,19904,0.502,8.905,9.408
8306242.69,19902,0.253,7.055,7.309
8306249.98,19903,2.545,4.681,7.226
8306275.27,19902,0.126,7.438,7.564
8306276.28,19904,0.364,10.265,10.629
8306321.77,19903,0.394,10.217,10.611
8306327.07,19902,0.252,7.097,7.35
8306336.94,19902,0.07,6.786,6.856
8306338.29,19904,0.203,15.117,15.32
8306339.0,19903,1.904,10.913,12.817
8306369.15,19904,0.229,5.906,6.135
8306382.58,19903,0.307,6.845,7.152
8306437.79,19902,0.591,5.115,5.706
8306465.99,19904,1.114,10.218,11.332
8306473.07,19903,0.467,9.442,9.909
8306475.05,19902,0.191,5.74,5.931
8306476.72,19904,0.245,4.853,5.097
8306487.55,19903,0.503,9.108,9.61
8306490.15,19902,1.124,8.757,9.881
8306491.61,19904,1.373,7.098,8.471
8306503.03,19903,0.333,5.493,5.826
8306518.54,19902,0.19,4.957,5.147
8306523.5,19904,0.786,4.605,5.391
8306539.83,19903,0.256,4.845,5.102
8306566.04,19904,0.321,6.381,6.702
8306566.49,19902,0.635,9.463,10.098
8306605.08,19903,0.199,4.672,4.871
8306607.42,19904,0.693,6.273,6.966
8306607.62,19902,2.075,4.503,6.578
8306645.88,19903,0.341,8.848,9.189
8306663.02,19904,0.586,5.476,6.062
8306669.11,19902,0.529,8.917,9.446
8306678.17,19903,0.146,4.84,4.986
8306701.84,19904,0.319,5.365,5.683
8306704.47,19902,0.135,4.546,4.681
8306707.4,19903,0.173,5.046,5.219
8306796.57,19904,0.588,8.838,9.425
8306871.56,19902,2.349,8.28,10.629
8307069.16,19903,0.19,4.646,4.836
8307192.47,19904,0.519,7.165,7.684
8307236.91,19902,0.214,5.17,5.384
8307319.93,19903,0.585,9.423,10.009
8307336.35,19904,0.445,8.02,8.465
8307395.61,19902,0.57,5.37,5.939
8307450.92,19903,0.388,4.681,5.069
8307467.42,19904,0.757,5.966,6.723
8307567.49,19902,0.352,8.244,8.596
8307654.73,19903,0.655,4.409,5.065
8307658.06,19904,0.083,7.592,7.676
8307688.85,19902,0.732,4.689,5.421
8307710.01,19903,1.883,4.582,6.465
8307894.23,19904,1.041,8.443,9.484
8307905.47,19902,1.904,9.082,10.986
8307964.09,19903,0.252,5.353,5.605
8308151.35,19904,0.627,6.271,6.898
8308228.58,19902,0.253,5.686,5.939
8308369.45,19903,0.243,5.736,5.979
8308425.14,19904,0.195,4.245,4.44
8308473.47,19902,0.342,5.976,6.318
8308482.69,19903,0.335,6.843,7.179
8308490.61,19904,0.194,4.101,4.295
8308533.41,19902,0.408,4.808,5.216
8308537.6,19903,0.151,4.504,4.655
8308631.65,19902,0.57,13.846,14.416
8308725.39,19904,0.204,10.125,10.328
8308729.03,19903,0.178,7.655,7.834
8308932.97,19902,0.235,7.295,7.53
8309042.21,19904,0.589,11.319,11.908
8309089.41,19903,0.299,4.474,4.772
8309112.66,19902,0.289,9.989,10.278
8309160.47,19904,0.22,4.176,4.396
8309335.73,19903,0.298,4.356,4.654
8309337.54,19902,0.098,5.761,5.859
8309365.23,19904,0.347,9.505,9.852
8309412.67,19903,0.498,9.585,10.082
8309492.96,19902,0.351,21.975,22.327
8309529.1,19904,0.529,7.38,7.909
8309567.23,19903,0.652,12.472,13.125
8309610.48,19902,0.246,11.03,11.276
8309634.71,19904,0.341,5.176,5.517
8309669.54,19903,0.628,12.222,12.85
8309684.54,19902,0.503,6.227,6.73
8309708.49,19904,0.727,4.111,4.838
8309716.76,19903,0.287,4.159,4.446
8309861.68,19902,2.352,8.124,10.476
8309926.46,19904,0.336,9.785,10.121
8309969.8,19903,0.222,4.081,4.304
8310003.35,19902,0.546,9.886,10.433
8310009.35,19904,0.315,9.063,9.378
8310025.18,19903,0.385,10.991,11.376
8310090.67,19902,0.45,8.883,9.333
8310193.46,19904,0.313,5.966,6.279
8310214.91,19903,0.212,5.942,6.154
8310223.13,19902,0.173,4.908,5.081
8310324.46,19904,0.281,5.349,5.629
8310422.06,19903,0.324,11.048,11.372
8310424.44,19902,1.11,8.879,9.989
8310485.19,19904,0.438,4.584,5.022
8310527.89,19903,0.411,7.608,8.019
8310533.93,19902,1.135,5.491,6.627
8310571.35,19904,0.476,7.171,7.647
8310572.45,19903,0.164,7.081,7.245
8310579.27,19902,0.309,5.487,5.796
8310596.3,19904,0.23,8.299,8.53
8310608.46,19902,0.512,9.224,9.736
8310609.18,19903,0.443,12.306,12.749
8310614.11,19904,0.291,6.614,6.905
8310707.5,19903,0.065,6.2,6.264
8310707.99,19902,0.38,8.987,9.366
8310714.49,19904,0.234,4.672,4.906
8310736.14,19903,0.305,7.854,8.159
8310745.06,19902,0.185,6.674,6.859
8310746.81,19904,0.186,6.436,6.622
8310758.92,19903,0.247,7.229,7.476
8310777.24,19902,0.198,7.676,7.874
8310797.51,19904,0.11,4.076,4.185
8310821.68,19903,0.249,7.843,8.092
8310852.39,19904,0.169,8.922,9.091
8310853.58,19902,0.615,11.655,12.27
8310883.44,19903,0.218,4.172,4.39
8310941.22,19904,0.332,8.953,9.285
8310952.04,19902,0.209,4.5,4.709
8310957.34,19903,0.147,4.1,4.247
8311012.84,19904,0.342,6.987,7.33
8311031.59,19902,0.432,10.05,10.482
8311038.35,19903,2.003,12.172,14.175
8311038.74,19904,0.065,9.508,9.573
8311045.16,19902,1.553,8.816,10.37
8311047.3,19903,3.823,8.408,12.231
8311051.48,19904,0.229,4.578,4.806
8311053.89,19903,0.428,4.294,4.722
8311076.49,19902,0.35,7.073,7.423
8311077.89,19904,0.197,5.511,5.708
8311115.78,19903,0.273,9.297,9.57
8311129.17,19904,0.118,10.628,10.745
8311130.25,19902,0.308,13.789,14.097
8311144.17,19903,0.386,4.196,4.582
8311154.5,19904,0.545,5.164,5.709
8311208.42,19902,0.221,6.458,6.679
8311211.12,19903,1.15,5.79,6.939
8311219.15,19904,0.231,4.343,4.574
8311273.73,19902,0.706,11.813,12.519
8311292.65,19903,1.076,12.347,13.422
8311302.18,19904,4.739,11.937,16.676
8311303.23,19902,0.167,7.99,8.158
8311315.22,19903,0.175,7.264,7.439
8311391.98,19902,0.391,5.651,6.042
8311440.67,19904,0.453,7.795,8.247
8311471.6,19903,0.255,6.191,6.446
8311474.42,19902,0.201,5.286,5.487
8311490.19,19903,0.315,8.477,8.791
8311492.95,19904,0.226,7.369,7.595
8311499.01,19902,0.163,4.847,5.01
8311522.04,19903,0.453,6.424,6.877
8311531.46,19904,0.272,7.272,7.544
8311550.99,19902,0.725,4.667,5.392
8311561.45,19903,0.269,4.075,4.343
8311600.13,19904,0.392,7.317,7.709
8311612.57,19902,0.359,8.578,8.937
8311625.27,19903,0.418,8.516,8.934
8311642.82,19904,0.291,4.614,4.904
8311646.29,19902,0.085,4.142,4.226
8311650.62,19904,0.519,4.466,4.986
8311657.63,19903,0.191,4.117,4.307
8311692.99,19902,0.498,9.884,10.382
8311708.28,19904,0.685,8.163,8.848
8311713.91,19903,0.738,5.071,5.809
8311725.73,19902,0.235,4.156,4.391
8311730.35,19904,0.096,4.02,4.116
8311741.35,19903,0.217,4.202,4.419
8311758.07,19902,0.855,6.539,7.394
8311760.71,19904,0.191,5.388,5.578
8311820.96,19903,0.212,5.367,5.579
8311823.6,19902,0.118,4.345,4.463
8311876.11,19904,0.592,9.545,10.137
8311903.15,19903,0.152,5.881,6.033
8311913.48,19902,0.255,4.772,5.028
8311931.28,19904,0.276,4.609,4.885
8311953.23,19903,0.282,7.614,7.896
8311973.06,19902,0.177,8.732,8.908
8312028.3,19904,0.637,9.47,10.108
8312043.88,19903,0.714,10.389,11.103
8312049.36,19902,0.464,10.719,11.183
8312058.1,19904,0.273,4.718,4.991
8312067.86,19903,0.299,4.085,4.384
8312078.1,19902,0.339,4.34,4.678
8312137.27,19903,0.193,8.044,8.237
8312140.12,19904,1.285,11.271,12.556
8312167.22,19904,0.224,4.089,4.313
8312167.36,19902,0.128,9.163,9.291
8312168.56,19903,0.194,8.299,8.492
8312203.6,19904,0.639,7.586,8.225
8312225.11,19902,0.835,8.737,9.572
8312231.45,19903,0.235,4.501,4.736
8312237.91,19904,1.033,6.813,7.846
8312249.43,19902,0.117,4.445,4.562
8312267.5,19903,0.336,6.28,6.616
8312296.77,19904,0.457,11.12,11.577
8312297.23,19902,0.19,9.787,9.976
8312309.19,19903,0.294,6.438,6.732
8312313.83,19904,0.706,4.454,5.16
8312327.24,19902,0.22,6.398,6.618
8312370.39,19903,0.308,8.725,9.033
8312385.54,19904,0.757,9.608,10.365
8312393.03,19902,0.141,4.724,4.865
8312402.63,19903,0.265,5.411,5.676
8312412.19,19904,0.104,4.03,4.135
8312431.5,19902,0.203,6.678,6.881
8312471.56,19904,0.282,8.211,8.493
8312472.88,19903,1.017,16.03,17.048
8312493.22,19902,0.175,7.926,8.101
8312538.07,19904,0.464,7.791,8.255
8312644.01,19903,0.697,9.49,10.186
8312691.77,19902,0.436,10.304,10.74
8312693.97,19904,0.252,8.847,9.099
8312695.63,19903,0.556,7.855,8.411
8312705.05,19902,0.23,6.615,6.845
8312754.74,19904,0.335,4.301,4.636
8312763.5,19903,0.28,4.709,4.989
8312766.96,19902,0.254,6.233,6.487
8312769.17,19904,0.074,3.989,4.064
8312779.35,19903,0.353,4.407,4.76
8312783.95,19902,0.097,4.188,4.285
8312817.24,19904,0.737,11.286,12.023
8312839.74,19903,0.517,5.242,5.76
8312858.68,19902,0.183,4.122,4.305
8312872.86,19904,0.146,4.582,4.728
8312890.71,19903,0.275,5.364,5.639
8312905.18,19904,0.103,4.284,4.387
8312905.48,19902,0.176,7.339,7.515
8312914.59,19903,0.132,8.091,8.223
8312915.25,19904,0.113,6.811,6.925
8312928.46,19903,0.164,4.365,4.529
8312928.94,19902,0.193,6.003,6.196
8312931.83,19904,0.105,4.662,4.767
8312957.1,19903,0.275,5.42,5.695
8312957.44,19902,0.166,5.028,5.194
8312966.17,19903,0.121,5.89,6.01
8312966.74,19904,0.199,7.615,7.815
8312969.18,19902,0.09,4.031,4.121
8312972.77,19903,0.088,5.164,5.251
8312984.94,19904,0.153,6.046,6.198
8313013.34,19902,0.356,4.136,4.492
8313061.68,19903,0.258,6.29,6.548
8313070.03,19904,0.883,9.838,10.722
8313070.78,19902,0.117,7.241,7.358
8313078.73,19903,0.278,4.107,4.385
8313085.99,19904,0.192,4.141,4.334
8313092.26,19902,0.122,4.082,4.204
8313112.39,19903,0.365,7.633,7.998
8313131.54,19904,0.269,10.692,10.961
8313140.52,19902,0.279,7.748,8.028
8313145.91,19903,1.308,5.175,6.483
8313149.11,19904,0.104,6.4,6.504
8313235.07,19902,0.317,15.471,15.789
8313239.16,19903,0.234,17.603,17.837
8313250.62,19904,0.189,14.772,14.961
8313256.03,19902,0.16,16.358,16.518
8313257.19,19903,0.174,15.866,16.04
8313291.34,19904,1.344,5.771,7.115
8313348.05,19902,0.203,4.024,4.227
8313355.63,19903,0.418,4.586,5.003
8313414.57,19904,0.234,5.057,5.291
8313423.64,19902,0.815,5.406,6.221
8313441.23,19903,0.427,4.068,4.495
8313449.87,19904,0.145,4.025,4.17
8313466.12,19902,0.367,4.538,4.906
8313478.01,19903,0.437,4.142,4.579
8313491.46,19904,0.166,8.328,8.495
8313493.87,19902,0.082,4.732,4.814
8313498.68,19903,0.087,4.109,4.196
8313504.46,19904,0.067,4.072,4.14
8313507.97,19902,0.093,4.231,4.324
8313511.14,19903,0.079,4.017,4.096
8313512.04,19902,0.192,3.988,4.18
8313523.38,19904,0.177,4.045,4.222
8313531.44,19903,0.156,4.214,4.37
8313551.33,19902,0.543,6.108,6.651
8313556.11,19904,0.211,4.472,4.683
8313566.31,19903,0.115,5.269,5.384
8313583.42,19902,0.175,4.065,4.239
8313586.53,19904,0.145,4.623,4.768
8313614.99,19903,0.265,9.417,9.682
8313640.7,19902,0.712,10.558,11.27
8313644.56,19904,0.398,6.039,6.437
8313653.91,19903,0.198,8.848,9.047
8313698.29,19902,0.457,5.269,5.726
8313699.16,19904,0.151,5.457,5.607
8313714.13,19903,0.282,7.485,7.766
8313790.57,19902,0.425,9.02,9.445
8313823.43,19904,0.598,5.079,5.677
8313839.36,19903,1.03,4.539,5.569
8313870.26,19902,0.335,4.47,4.805
8313873.36,19904,0.492,4.728,5.22
8313912.3,19903,0.206,4.285,4.491
8313925.48,19902,0.616,5.114,5.73
8313937.98,19904,0.697,4.267,4.965
8313992.36,19903,0.683,4.541,5.224
8314014.7,19902,1.148,9.194,10.342
8314025.47,19904,0.794,9.422,10.217
8314038.5,19903,0.834,10.129,10.963
8314058.83,19902,0.437,9.167,9.604
8314059.72,19904,0.193,4.364,4.558
8314089.28,19903,1.058,6.503,7.561
8314107.13,19902,0.31,9.43,9.74
8314123.62,19904,0.403,11.732,12.134
8314140.34,19903,0.226,5.058,5.283
8314144.31,19902,0.132,3.977,4.109
8314166.6,19904,0.69,5.847,6.536
8314171.18,19903,0.172,6.138,6.31
8314187.69,19902,0.524,8.612,9.136
8314199.17,19904,0.274,6.241,6.515
8314225.7,19903,2.177,4.367,6.545
8314233.86,19902,0.319,4.453,4.772
8314243.95,19904,0.195,4.283,4.478
8314269.74,19903,0.567,7.993,8.56
8314288.91,19902,0.354,7.617,7.971
8314321.58,19904,0.849,4.355,5.204
8314337.65,19903,0.532,7.781,8.314
8314344.21,19902,0.238,8.323,8.561
8314348.09,19904,0.269,4.752,5.021
8314350.52,19903,0.272,5.376,5.647
8314361.73,19902,0.281,4.9,5.181
8314394.31,19904,0.762,5.039,5.801
8314396.61,19903,0.24,5.279,5.519
8314412.46,19902,0.332,5.844,6.176
8314429.4,19904,1.023,8.663,9.686
8314440.24,19903,0.278,8.563,8.842
8314450.63,19902,0.27,8.739,9.009
8314457.13,19904,0.949,5.326,6.275
8314481.06,19903,0.176,4.493,4.669
8314510.24,19902,0.384,10.458,10.842
8314515.82,19904,0.726,10.262,10.987
8314516.6,19903,0.995,9.368,10.363
8314530.51,19902,0.263,5.332,5.595
8314556.88,19904,0.292,4.374,4.665
8314576.99,19903,0.386,7.681,8.067
8314577.67,19902,0.255,6.027,6.282
8314594.05,19904,0.555,8.623,9.178
8314602.63,19903,0.219,7.908,8.128
8314635.08,19902,0.179,4.097,4.277
8314702.11,19904,0.31,17.649,17.959
8314702.87,19903,1.108,14.38,15.489
8314704.25,19902,3.381,10.092,13.473
8314765.21,19904,0.417,8.022,8.439
8314813.38,19903,0.596,7.119,7.715
8314866.48,19902,0.75,5.149,5.899
8315118.86,19904,0.458,5.685,6.143
8315135.43,19903,0.306,5.012,5.319
8315186.61,19902,0.355,4.19,4.545
8315236.88,19904,0.337,4.443,4.78
8315242.49,19903,0.197,4.396,4.594
8315245.21,19902,0.273,4.87,5.143
8315246.18,19904,0.359,4.025,4.385
8315316.3,19903,0.26,4.103,4.363
8315330.2,19902,0.315,4.665,4.98
8315335.52,19904,0.255,4.155,4.411
8315344.35,19903,0.313,6.179,6.492
8315347.0,19902,1.061,4.864,5.925
8315365.53,19904,0.334,3.984,4.318
8315375.61,19903,0.166,4.13,4.296
8315391.28,19902,0.148,4.33,4.478
8315395.91,19904,0.146,4.113,4.259
8315399.57,19903,0.082,4.208,4.29
8315401.18,19904,0.132,4.035,4.167
8315442.61,19902,0.53,4.41,4.94
8315465.36,19903,0.302,6.502,6.804
8315471.23,19904,0.436,4.883,5.319
8315481.36,19902,0.157,6.964,7.121
8315482.37,19903,0.099,6.551,6.65
8315511.83,19904,0.09,4.129,4.219
8315530.71,19902,0.103,4.907,5.01
8315549.8,19903,0.459,8.694,9.153
8315577.24,19904,0.424,10.532,10.955
8315585.87,19902,2.043,9.748,11.791
8315589.65,19903,0.125,7.522,7.647
8315590.11,19904,1.04,11.023,12.063
8315616.25,19902,0.943,4.512,5.455
8315642.5,19903,0.273,7.903,8.175
8315649.48,19904,0.172,8.178,8.35
8315654.43,19902,0.683,9.026,9.709
8315654.64,19903,1.197,7.427,8.623
8315684.76,19904,0.209,4.205,4.415
8315739.32,19902,0.85,11.451,12.301
8315751.32,19903,0.188,11.523,11.711
8315754.28,19904,2.1,8.117,10.218
8315771.42,19902,0.121,4.654,4.776
8315824.55,19903,1.013,10.162,11.176
8315835.08,19904,0.268,6.717,6.985
8315848.71,19902,0.232,8.428,8.66
8315848.81,19903,0.06,5.141,5.201
8315912.95,19904,0.817,15.083,15.9
8315917.4,19902,0.326,8.961,9.287
8315926.89,19903,0.254,4.589,4.843
8315935.03,19904,0.282,4.292,4.575
8315944.55,19902,0.372,3.954,4.326
8315956.87,19903,0.12,5.561,5.681
8315977.27,19904,0.423,9.784,10.207
8315983.81,19902,0.241,14.456,14.697
8315985.12,19903,0.112,11.948,12.06
8315988.66,19904,0.172,5.424,5.595
8315991.51,19902,0.11,5.363,5.473
8315998.66,19904,0.199,4.027,4.226
8316054.46,19903,0.388,10.538,10.926
8316059.22,19902,0.2,8.468,8.669
8316059.87,19904,0.099,6.545,6.644
8316083.91,19903,0.119,4.199,4.318
8316087.93,19902,0.081,5.769,5.85
8316089.99,19904,0.082,4.117,4.199
8316098.94,19903,0.141,4.006,4.146
8316116.47,19904,0.103,7.153,7.256
8316117.07,19902,0.114,9.615,9.73
8316119.63,19903,1.029,4.548,5.578
8316123.89,19904,0.111,4.438,4.548
8316127.17,19903,0.108,4.058,4.166
8316163.16,19904,0.848,4.234,5.082
8316170.04,19902,0.273,4.209,4.482
8316183.85,19903,0.283,4.492,4.775
8316184.61,19904,0.121,4.755,4.876
8316194.39,19902,0.112,6.089,6.201
8316207.26,19903,0.415,7.081,7.496
8316213.55,19904,0.201,12.178,12.38
8316213.83,19902,0.091,10.56,10.651
8316229.03,19903,0.162,4.334,4.496
8316251.68,19904,0.127,6.421,6.548
8316292.95,19902,0.905,12.954,13.858
8316300.96,19903,0.276,7.606,7.882
8316305.47,19904,0.119,4.922,5.04
8316344.14,19902,0.292,5.635,5.927
8316348.96,19903,0.092,4.435,4.527
8316381.68,19904,0.25,8.85,9.1
8316387.4,19902,0.421,6.103,6.524
8316398.24,19904,0.089,4.39,4.479
8316403.9,19903,0.111,5.032,5.143
8316423.56,19902,0.24,4.834,5.074
8316425.61,19904,0.121,4.592,4.712
8316433.44,19903,0.425,5.027,5.452
8316446.5,19902,0.295,4.734,5.028
8316498.11,19904,0.161,4.86,5.021
8316519.77,19903,0.382,8.432,8.814
8316549.84,19902,0.17,6.188,6.358
8316564.86,19904,0.128,6.978,7.106
8316573.61,19903,0.09,4.079,4.169
8316593.65,19902,0.151,5.372,5.524
8316624.72,19904,0.211,9.086,9.298
8316629.82,19903,0.246,12.58,12.825
8316634.66,19902,0.098,11.466,11.564
8316640.86,19904,0.095,6.115,6.21
8316660.61,19903,0.388,4.276,4.664
8316667.65,19902,0.122,4.183,4.305
8316706.44,19904,0.335,9.495,9.831
8316730.54,19903,0.153,4.102,4.256
8316753.49,19902,0.135,4.931,5.066
8316757.01,19904,0.155,4.214,4.369
8316774.62,19903,0.495,7.956,8.451
8316815.39,19902,0.195,4.293,4.488
8316868.77,19903,0.996,10.272,11.269
8316869.55,19904,0.691,11.682,12.373
8316891.42,19902,0.238,8.481,8.719
8316893.74,19903,0.181,4.453,4.634
8316919.4,19904,0.356,4.344,4.7
8316941.92,19902,0.417,7.05,7.467
8316964.56,19903,0.342,7.563,7.906
8316988.94,19904,0.45,4.048,4.498
8316997.19,19902,0.157,4.664,4.821
8317008.19,19903,0.304,6.742,7.046
8317013.21,19904,0.262,6.564,6.826
8317026.48,19902,0.25,6.398,6.648
8317040.58,19903,0.407,10.565,10.972
8317052.67,19904,0.277,4.169,4.446
8317072.47,19903,0.125,4.141,4.267
8317073.58,19902,0.233,6.495,6.729
8317074.77,19904,0.061,4.662,4.723
8317082.13,19903,0.107,4.02,4.127
8317084.31,19902,0.105,4.115,4.22
8317136.47,19904,0.303,9.487,9.79
8317143.97,19903,0.14,4.524,4.664
8317164.71,19902,0.144,4.258,4.402
8317188.61,19904,0.454,7.345,7.799
8317191.99,19903,0.321,6.69,7.011
8317203.12,19902,0.225,7.184,7.409
8317207.72,19904,0.524,9.419,9.942
8317211.67,19903,0.109,8.321,8.429
8317212.12,19902,0.078,6.838,6.916
8317219.26,19904,0.107,4.026,4.132
8317228.19,19903,0.081,6.02,6.102
8317237.47,19902,0.199,4.082,4.281
8317271.73,19904,0.317,10.112,10.43
8317292.12,19903,0.369,10.298,10.667
8317315.15,19902,0.105,8.865,8.97
8317315.77,19904,0.058,7.646,7.704
8317317.25,19903,0.062,7.156,7.218
8317319.33,19902,0.79,4.103,4.893
8317333.48,19904,0.194,5.744,5.939
8317345.33,19903,0.203,6.834,7.038
8317396.07,19902,0.294,4.658,4.952
8317401.9,19904,0.281,4.502,4.783
8317410.42,19903,0.132,4.46,4.591
8317420.03,19902,0.225,4.663,4.887
8317433.55,19904,0.377,5.79,6.167
8317490.74,19903,0.295,6.787,7.082
8317498.44,19902,0.34,6.445,6.785
8317518.78,19904,0.297,5.628,5.925
8317529.3,19903,0.358,4.892,5.251
8317561.95,19902,1.065,4.233,5.299
8317577.58,19904,0.42,6.615,7.035
8317604.32,19903,0.63,10.618,11.248
8317615.65,19902,0.433,9.48,9.914
8317702.48,19904,0.3,12.72,13.02
8317758.52,19903,0.664,8.977,9.641
8317779.4,19902,0.663,9.886,10.549
8317789.97,19904,0.277,7.683,7.96
8317829.14,19903,0.339,6.961,7.3
8317896.06,19902,0.184,7.214,7.399
8317942.66,19904,0.223,6.838,7.061
8318013.97,19903,0.449,6.341,6.791
8318078.11,19902,0.133,5.669,5.802
8318102.65,19904,0.231,8.635,8.866
8318151.44,19903,0.181,4.086,4.267
8318161.22,19902,0.223,5.431,5.654
8318178.55,19904,0.278,7.558,7.836
8318213.13,19903,0.216,15.883,16.1
8318214.79,19902,0.089,6.655,6.744
8318253.26,19904,0.408,9.397,9.806
8318310.15,19903,0.109,4.142,4.251
8318399.64,19902,0.306,4.197,4.503
8318588.66,19904,0.703,9.705,10.408
8318636.58,19903,0.225,6.231,6.456
8318671.19,19902,0.495,7.286,7.781
8318734.61,19904,0.283,4.169,4.452
8318746.73,19903,0.694,7.069,7.763
8318824.77,19902,0.314,5.156,5.47
8318926.58,19904,0.341,6.955,7.295
8318954.74,19903,0.608,9.417,10.025
8319015.18,19902,0.366,10.178,10.544
8319016.6,19904,0.434,9.057,9.49
8319094.45,19903,0.366,7.176,7.542
8319112.36,19902,0.225,10.484,10.708
8319215.23,19904,0.245,7.438,7.684
8319320.69,19903,0.15,4.157,4.307
8319381.05,19902,0.34,8.064,8.403
8319425.68,19904,0.511,7.47,7.981
8319450.31,19903,0.298,7.138,7.436
8319466.4,19902,0.324,11.98,12.304
8319467.9,19903,0.104,8.069,8.173
8319468.45,19904,2.045,10.317,12.362
8319515.22,19902,0.415,8.515,8.929
8319540.32,19903,0.235,8.51,8.745
8319599.49,19904,0.695,10.764,11.459
8319610.41,19902,0.392,7.821,8.213
8319628.9,19903,0.22,8.309,8.529
8319682.42,19904,0.341,9.753,10.094
8319685.29,19902,0.143,5.398,5.541
8319736.76,19903,0.239,6.595,6.834
8319786.26,19904,0.545,8.555,9.1
8319812.82,19902,0.217,6.087,6.304
8319852.82,19903,0.339,8.618,8.957
8319861.92,19904,0.366,7.245,7.612
8319887.37,19902,0.216,7.596,7.812
8319921.49,19903,0.222,4.913,5.136
8320103.28,19904,0.942,10.847,11.788
8320290.91,19902,0.855,10.098,10.953
8320366.28,19903,0.44,7.759,8.198
8320408.6,19904,0.222,4.395,4.617
8320504.93,19902,0.178,4.288,4.466
8320547.28,19903,0.76,9.959,10.719
8320600.78,19904,0.217,10.101,10.318
8320726.74,19902,0.368,12.255,12.623
8320823.78,19903,0.284,4.821,5.105
8320906.07,19904,0.205,4.512,4.717
8320926.05,19902,0.176,4.819,4.995
8320953.46,19903,0.616,9.954,10.57
8320956.73,19904,0.239,8.551,8.79
8320963.98,19902,0.207,5.843,6.05
8320973.85,19903,0.141,5.628,5.769
8320982.7,19904,0.123,4.052,4.175
8320999.15,19902,0.214,4.212,4.426
8321067.88,19903,0.336,8.424,8.76
8321068.24,19904,1.007,7.076,8.082
8321100.19,19902,0.54,9.779,10.318
8321100.91,19903,0.516,9.342,9.859
8321113.77,19904,0.385,8.279,8.664
8321125.04,19902,0.218,7.853,8.071
8321155.84,19903,0.136,4.885,5.021
8321173.6,19904,0.314,11.019,11.333
8321176.81,19902,0.194,7.95,8.144
8321215.91,19903,2.021,8.794,10.815
8321226.82,19904,0.755,13.018,13.772
8321232.99,19903,2.168,9.032,11.2
8321233.11,19902,0.127,14.028,14.155
8321235.27,19904,2.256,5.217,7.473
8321242.56,19903,0.319,4.205,4.523
8321274.28,19902,0.436,8.232,8.668
8321281.68,19904,0.228,7.495,7.722
8321286.27,19902,0.093,6.185,6.278
8321290.84,19902,1.243,4.452,5.695
8321291.17,19903,0.207,14.039,14.246
8321293.67,19904,1.039,10.604,11.643
8321295.1,19902,3.268,4.14,7.408
8321308.68,19903,0.091,4.177,4.268
8321375.08,19904,0.625,10.641,11.267
8321380.73,19902,2.332,10.452,12.784
8321410.45,19903,0.263,4.022,4.285
8321418.06,19904,0.093,4.274,4.367
8321451.55,19902,0.845,10.327,11.172
8321458.55,19903,0.296,8.128,8.424
8321460.99,19902,0.527,9.195,9.722
8321481.09,19904,0.149,4.255,4.403
8321488.13,19903,0.092,3.984,4.076
8321521.8,19902,0.449,10.943,11.392
8321527.92,19904,0.191,7.349,7.54
8321545.34,19902,0.151,5.362,5.513
8321558.37,19904,0.085,4.067,4.152
8321559.98,19903,0.111,7.242,7.354
8321571.93,19902,0.077,4.054,4.131
8321579.96,19903,0.098,4.304,4.402
8321580.0,19904,0.182,5.441,5.622
8321597.12,19902,0.168,4.528,4.696
8321610.9,19904,0.17,5.864,6.034
8321613.6,19903,0.173,5.518,5.691
8321649.78,19902,0.19,9.867,10.057
8321651.37,19904,0.14,5.118,5.259
8321692.75,19903,0.287,7.639,7.926
8321705.77,19902,0.375,7.372,7.746
8321725.18,19904,0.182,10.052,10.234
8321726.1,19903,1.551,5.98,7.531
8321728.34,19902,0.06,6.231,6.291
8321738.4,19904,0.085,4.009,4.094
8321744.49,19903,0.109,4.037,4.146
8321761.34,19902,0.164,6.819,6.983
8321765.13,19904,0.187,8.862,9.049
8321767.98,19903,0.129,5.178,5.308
8321824.31,19902,0.165,6.05,6.216
8321846.88,19904,0.277,6.946,7.223
8321849.05,19903,0.18,6.341,6.521
8321860.59,19902,0.191,8.052,8.243
8321866.26,19904,2.227,8.103,10.33
8321876.57,19903,0.108,5.389,5.497
8321897.01,19902,0.088,11.585,11.674
8321899.07,19904,0.105,10.868,10.973
8321936.9,19903,0.932,7.223,8.155
8321937.37,19902,0.14,6.489,6.629
8321966.8,19902,0.133,4.455,4.588
8321966.8,19904,0.454,8.369,8.823
8321976.97,19903,0.214,4.139,4.353
8322060.57,19904,0.389,4.395,4.784
8322076.57,19902,0.161,4.158,4.319
8322081.01,19903,0.111,4.019,4.13
8322092.71,19904,0.148,5.683,5.831
8322114.83,19902,0.189,8.252,8.441
8322121.85,19903,1.162,6.625,7.786
8322128.73,19904,0.131,7.635,7.766
8322149.9,19903,0.109,6.821,6.929
8322151.33,19902,0.077,4.195,4.273
8322155.72,19904,0.089,4.039,4.128
8322182.37,19903,0.22,10.046,10.266
8322205.94,19902,0.275,8.348,8.623
8322243.63,19904,0.195,7.572,7.767
8322262.34,19903,0.719,9.107,9.826
8322272.41,19902,0.244,7.028,7.272
8322302.22,19904,0.296,4.822,5.118
8322306.54,19903,1.654,4.164,5.818
8322347.57,19902,0.37,10.613,10.983
8322352.88,19904,0.133,6.279,6.412
8322357.81,19904,0.085,4.661,4.745
8322358.44,19902,0.131,6.356,6.487
8322365.62,19903,0.068,7.016,7.084
8322374.92,19904,0.094,6.979,7.073
8322402.28,19902,0.255,5.567,5.823
8322411.87,19903,0.275,4.33,4.605
8322417.52,19904,0.117,4.219,4.336
8322426.26,19902,0.305,4.601,4.905
8322431.57,19903,0.333,4.602,4.934
8322434.54,19904,0.139,4.323,4.462
8322446.92,19902,0.226,4.291,4.517
8322465.71,19903,0.169,4.216,4.385
8322483.84,19904,0.37,4.258,4.628
8322558.33,19902,1.875,4.451,6.326
8322609.01,19903,0.584,4.472,5.057
8322630.7,19904,0.233,4.216,4.449
8322643.33,19902,0.156,4.369,4.525
8322645.71,19903,0.25,4.272,4.522
8322653.97,19904,0.273,5.771,6.043
8322656.63,19902,0.214,5.645,5.858
8322659.77,19903,0.654,4.218,4.872
8322705.99,19902,0.619,4.511,5.13
8322729.41,19904,0.223,4.31,4.533
8322754.46,19903,0.184,6.027,6.211
8322777.5,19902,0.261,4.272,4.533
8322788.55,19904,0.453,5.147,5.6
8322860.77,19903,0.994,15.59,16.584
8322870.32,19902,0.148,5.33,5.477
8322909.78,19904,0.225,5.391,5.616
8322912.34,19903,0.126,4.219,4.346
8322929.17,19902,0.16,4.464,4.623
8322945.93,19904,0.187,4.555,4.742
8322947.94,19903,0.159,4.261,4.42
8322957.8,19902,0.346,4.472,4.818
8322972.15,19904,0.18,5.707,5.887
8322990.07,19903,0.482,4.914,5.397
8323012.7,19902,0.183,4.238,4.421
8323034.82,19904,0.365,6.516,6.881
8323080.53,19903,0.642,8.708,9.35
8323107.47,19902,0.246,6.49,6.737
8323119.06,19904,0.233,5.028,5.261
8323127.41,19902,0.109,4.378,4.487
8323128.69,19903,1.039,6.503,7.542
8323133.28,19904,0.322,4.429,4.75
8323140.48,19902,0.272,5.638,5.911
8323143.36,19903,0.542,6.71,7.253
8323146.37,19904,0.123,5.718,5.841
8323151.72,19902,0.147,5.615,5.762
8323164.75,19904,1.667,4.962,6.629
8323168.44,19903,0.176,5.437,5.613
8323190.41,19902,0.182,5.106,5.288
8323214.12,19904,0.199,7.058,7.257
8323227.9,19902,0.194,8.569,8.763
8323227.97,19903,0.245,10.743,10.988
8323242.1,19904,0.253,6.065,6.318
8323281.45,19902,0.355,6.312,6.667
8323286.57,19903,0.135,5.903,6.038
8323294.32,19902,0.205,5.882,6.087
8323311.69,19904,0.285,8.934,9.219
8323312.99,19903,0.181,6.734,6.915
8323321.12,19902,0.121,4.814,4.935
8323334.91,19904,0.098,6.117,6.215
8323351.41,19903,0.096,4.853,4.949
8323385.69,19902,0.787,11.03,11.817
8323404.82,19904,0.138,6.915,7.053
8323458.05,19903,0.98,9.502,10.483
8323465.38,19903,2.508,7.144,9.652
8323465.78,19902,0.274,15.56,15.834
8323465.41,19904,0.13,13.008,13.138
8323503.04,19903,0.186,4.661,4.847
8323515.79,19904,0.099,4.782,4.881
8323556.44,19902,0.701,10.697,11.398
8323689.22,19903,0.244,4.853,5.097
8323754.22,19904,0.316,4.841,5.157
8323758.38,19902,0.183,4.133,4.316
8323796.96,19904,0.852,9.892,10.744
8323803.44,19903,0.378,8.961,9.339
8323812.81,19902,0.603,11.652,12.254
8323818.94,19904,0.152,6.758,6.91
8323832.64,19902,0.134,4.068,4.202
8323880.4,19904,1.036,9.693,10.729
8323883.5,19903,0.413,14.636,15.049
8323886.83,19902,1.121,10.642,11.763
8323888.97,19904,4.911,8.426,13.337
8323911.61,19903,0.08,4.075,4.155
8323923.74,19902,0.11,4.413,4.523
8323943.63,19904,0.31,4.817,5.127
8323954.2,19903,0.281,4.023,4.305
8323962.02,19902,0.272,6.095,6.367
8323963.73,19904,0.094,6.089,6.183
8323966.5,19903,0.056,7.4,7.455
8323968.54,19902,0.057,4.687,4.745
8323975.59,19904,0.063,6.469,6.532
8324003.0,19903,0.106,4.053,4.159
8324026.21,19902,0.35,7.006,7.356
8324042.65,19904,0.399,9.257,9.656
8324058.92,19903,0.145,4.609,4.754
8324071.16,19902,0.173,5.792,5.966
8324073.53,19904,0.361,6.112,6.472
8324091.7,19903,0.29,4.992,5.281
8324103.88,19902,0.216,5.645,5.861
8324114.33,19904,0.516,5.914,6.43
8324141.15,19903,0.591,11.882,12.473
8324141.5,19902,1.009,9.411,10.42
8324142.25,19904,0.043,7.881,7.924
8324149.91,19903,0.253,5.322,5.575
8324152.33,19902,0.211,4.239,4.45
8324158.96,19903,0.15,4.339,4.489
8324166.77,19904,0.245,4.217,4.462
8324173.98,19902,0.138,4.692,4.83
8324196.96,19903,0.4,9.666,10.066
8324215.5,19904,0.104,8.337,8.441
8324225.26,19902,0.245,4.172,4.417
8324237.02,19903,0.159,4.38,4.539
8324239.6,19904,0.086,4.752,4.838
8324241.9,19902,0.058,4.788,4.847
8324249.33,19903,0.238,4.121,4.359
8324260.5,19904,0.124,5.629,5.754
8324281.87,19902,0.404,10.018,10.422
8324285.06,19903,0.39,11.665,12.055
8324300.15,19904,0.096,8.737,8.832
8324304.34,19902,0.169,7.109,7.278
8324307.66,19903,1.722,6.491,8.213
8324310.43,19904,0.129,9.228,9.356
8324312.6,19902,0.393,8.15,8.543
8324317.14,19903,3.539,7.011,10.55
8324320.83,19904,0.111,6.047,6.158
8324371.33,19902,0.607,10.535,11.142
8324374.85,19903,0.211,9.539,9.75
8324384.26,19904,1.122,9.047,10.169
8324430.05,19902,0.376,12.004,12.38
8324436.76,19903,2.954,12.018,14.972
8324470.81,19904,0.379,14.263,14.642
8324483.91,19902,2.49,13.299,15.789
8324511.29,19904,0.512,11.562,12.074
8324533.14,19903,0.484,13.223,13.707
8324547.7,19902,0.343,4.015,4.358
8324577.25,19904,0.529,16.85,17.379
8324583.7,19903,0.355,16.841,17.197
8324589.06,19902,0.317,15.029,15.346
8324615.85,19904,0.361,5.056,5.417
8324627.38,19903,0.379,5.365,5.744
8324632.4,19902,0.279,5.404,5.683
8324674.19,19904,0.488,10.283,10.771
8324685.37,19903,0.263,15.993,16.256
8324688.19,19902,1.169,13.501,14.671
8324688.84,19904,0.128,10.54,10.668
8324693.03,19903,0.71,4.029,4.739
8324704.49,19902,0.13,4.159,4.289
8324751.53,19904,0.285,11.9,12.184
8324762.2,19903,0.485,11.922,12.407
8324775.31,19902,0.291,5.916,6.207
8324785.28,19904,0.222,8.254,8.476
8324789.37,19903,0.06,8.431,8.491
8324789.54,19902,1.581,6.457,8.038
8324801.92,19904,0.099,4.751,4.85
8324806.7,19903,0.089,5.017,5.107
8324814.15,19902,0.25,5.993,6.243
8324818.82,19904,0.132,4.606,4.738
8324822.59,19902,0.271,4.263,4.534
8324870.97,19904,0.217,4.243,4.46
8324888.41,19903,0.221,4.86,5.081
8324928.31,19902,0.93,11.711,12.641
8324934.27,19904,2.475,14.056,16.531
8324968.1,19903,0.565,4.44,5.005
8324970.65,19902,0.232,4.35,4.583
8325011.65,19904,0.769,10.087,10.856
8325025.73,19903,0.156,8.467,8.623
8325071.29,19902,0.655,8.27,8.925
8325076.85,19904,0.191,8.427,8.618
8325081.55,19903,0.15,7.019,7.169
8325092.89,19902,0.418,7.681,8.099
8325098.29,19903,0.12,5.184,5.304
8325100.26,19904,0.18,9.621,9.801
8325109.44,19902,0.093,4.124,4.217
8325123.88,19903,0.18,4.188,4.368
8325129.43,19904,0.119,4.057,4.176
8325169.63,19902,0.491,9.77,10.261
8325185.13,19903,0.19,5.85,6.04
8325214.14,19904,0.126,4.583,4.71
8325242.71,19902,0.241,6.952,7.193
8325275.27,19903,0.14,4.495,4.635
8325313.31,19904,0.628,10.543,11.171
8325337.84,19902,0.394,11.539,11.932
8325345.04,19903,0.19,5.836,6.026
8325351.69,19904,0.145,5.553,5.698
8325385.78,19902,0.205,9.849,10.053
8325391.34,19903,0.229,7.591,7.82
8325397.64,19904,0.133,6.848,6.981
8325420.82,19903,0.208,14.11,14.318
8325424.22,19902,2.232,4.928,7.159
8325429.63,19904,0.144,4.162,4.306
8325468.94,19903,0.192,6.176,6.368
8325489.89,19902,0.528,8.641,9.169
8325513.22,19904,0.159,5.555,5.713
8325585.76,19903,0.475,9.76,10.235
8325595.5,19902,0.231,9.262,9.493
8325598.42,19904,0.103,5.584,5.686
8325602.72,19903,0.729,7.052,7.781
8325607.54,19902,0.27,4.226,4.496
8325651.48,19904,0.391,7.925,8.316
8325774.69,19902,1.098,9.53,10.627
8325774.9,19903,0.224,11.557,11.782
8325838.04,19904,0.357,9.396,9.752
8325947.82,19902,0.068,6.347,6.415
8325948.38,19903,0.272,7.009,7.281
8326134.12,19904,0.407,4.502,4.909
8326144.46,19902,0.177,5.688,5.864
8326189.64,19903,0.205,5.015,5.22
8326198.43,19904,0.175,4.567,4.741
8326246.91,19902,0.796,8.566,9.362
8326274.75,19903,0.127,4.045,4.172
8326345.35,19904,0.415,8.804,9.219
8326426.51,19902,0.905,11.534,12.439
8326444.65,19903,0.149,5.33,5.48
8326525.92,19904,0.273,6.573,6.846
8326633.08,19902,0.163,5.01,5.173
8326683.62,19903,0.329,7.155,7.484
8326691.14,19904,0.204,7.819,8.023
8326744.07,19903,0.463,9.203,9.667
8326774.79,19902,0.409,9.585,9.995
8326845.75,19904,0.475,11.088,11.563
8326873.4,19903,0.179,6.569,6.748
8326887.85,19902,0.103,4.068,4.171
8326909.37,19904,0.807,8.637,9.444
8327015.55,19903,0.564,10.118,10.682
8327054.12,19902,0.21,6.823,7.033
8327108.18,19904,0.893,12.253,13.147
8327164.45,19903,0.606,8.758,9.363
8327166.1,19902,0.348,7.703,8.05
8327231.98,19904,0.404,4.543,4.947
8327248.99,19903,0.34,7.803,8.144
8327374.61,19902,0.242,6.277,6.519
8327499.68,19904,0.494,7.419,7.912
8327512.11,19903,0.269,7.157,7.426
8327539.58,19902,1.008,7.999,9.006
8327552.9,19904,0.28,4.992,5.271
8327595.93,19903,0.937,9.506,10.443
8327753.8,19902,0.292,6.226,6.519
8327786.82,19904,0.484,10.177,10.661
8327881.8,19903,0.354,9.343,9.697
8327887.29,19902,0.95,9.133,10.083
8327889.55,19904,1.532,5.363,6.895
8327897.82,19903,0.249,4.032,4.281
8327910.72,19902,0.179,5.7,5.879
8327918.93,19904,0.184,7.896,8.08
8327947.91,19903,0.483,12.569,13.052
8327948.57,19902,0.395,8.799,9.194
8327970.79,19904,0.069,5.904,5.972
8327976.44,19903,0.189,8.191,8.38
8327976.72,19902,1.206,6.648,7.854
8327987.9,19904,0.111,4.124,4.235
8328047.95,19903,2.643,6.599,9.242
8328084.38,19902,0.441,7.672,8.114
8328092.53,19904,0.163,6.555,6.718
8328094.36,19903,0.256,5.911,6.166
8328099.28,19902,0.303,4.266,4.568
8328124.03,19904,0.163,11.721,11.884
8328125.85,19903,0.168,7.227,7.396
8328173.22,19902,0.282,9.532,9.814
8328186.07,19904,0.346,7.189,7.536
8328219.2,19903,0.233,4.095,4.328
8328224.64,19902,0.191,4.383,4.574
8328282.15,19904,1.169,10.861,12.03
8328316.1,19903,0.393,4.322,4.715
8328336.23,19902,0.803,8.167,8.97
8328364.86,19904,0.43,8.401,8.831
8328373.93,19904,0.33,7.6,7.93
8328377.58,19903,2.054,14.433,16.487
8328385.38,19902,0.242,4.38,4.622
8328466.16,19904,0.446,7.01,7.456
8328483.33,19903,0.28,4.036,4.316
8328492.49,19902,0.171,4.166,4.337
8328499.46,19904,0.168,4.091,4.258
8328518.22,19903,0.148,4.202,4.35
8328525.93,19902,0.124,4.322,4.446
8328537.72,19904,0.31,6.553,6.863
8328544.65,19903,0.409,4.147,4.555
8328546.63,19902,0.111,6.021,6.132
8328559.72,19904,0.089,4.042,4.13
8328629.86,19903,0.262,16.412,16.674
8328659.26,19902,0.44,17.894,18.334
8328661.49,19904,0.111,15.403,15.515
8328672.39,19903,0.389,10.047,10.436
8328677.07,19902,3.485,5.87,9.356
8328681.56,19903,0.135,4.852,4.987
8328684.38,19904,0.111,4.965,5.076
8328692.24,19902,0.134,4.955,5.089
8328704.73,19903,0.305,6.959,7.265
8328723.57,19904,0.384,8.249,8.633
8328749.37,19902,0.217,4.616,4.833
8328762.4,19903,0.192,3.998,4.19
8328768.49,19904,0.162,4.116,4.278
8328797.97,19902,0.31,10.189,10.499
8328809.43,19903,0.333,8.518,8.85
8328827.14,19904,0.25,6.637,6.887
8328889.16,19902,0.239,9.318,9.558
8328910.42,19903,0.313,6.262,6.575
8328914.97,19904,1.171,4.238,5.41
8328933.02,19902,0.388,4.074,4.463
8328941.89,19903,0.278,4.649,4.927
8328953.06,19904,0.521,6.688,7.209
8328958.5,19902,0.696,4.727,5.423
8329018.17,19903,0.285,5.053,5.338
8329165.41,19904,0.217,5.173,5.39
8329200.98,19902,0.345,8.429,8.774
8329223.1,19903,0.283,8.727,9.011
8329334.56,19904,0.334,8.164,8.498
8329406.39,19902,0.519,13.109,13.628
8329422.45,19903,0.308,6.983,7.29
8329430.93,19904,0.139,4.348,4.486
8329437.76,19902,0.12,4.107,4.228
8329651.29,19903,0.502,11.999,12.502
8329712.73,19904,0.328,6.503,6.83
8329733.82,19902,0.273,8.679,8.952
8329739.21,19903,0.204,6.887,7.091
8329770.73,19902,0.126,4.018,4.145
8329827.27,19904,0.373,8.792,9.165
8329909.82,19903,0.598,12.31,12.907
8329942.92,19902,0.229,3.963,4.192
8329956.5,19904,0.163,6.038,6.201
8329986.68,19903,0.914,10.244,11.157
8330210.29,19902,0.398,6.03,6.428
8330258.33,19904,0.265,7.759,8.024
8330268.6,19903,0.163,6.968,7.132
8330381.09,19902,0.415,5.492,5.907
8330438.04,19904,0.249,10.557,10.806
8330464.53,19903,0.176,4.55,4.726
8330498.89,19902,0.398,9.097,9.495
8330548.19,19904,2.453,4.625,7.078
8330592.67,19903,0.204,4.068,4.271
8330618.62,19903,0.148,4.419,4.566
8330625.49,19904,0.12,4.134,4.254
8330717.13,19902,0.228,8.004,8.232
8330719.18,19903,0.207,8.234,8.442
8330736.99,19904,0.278,10.153,10.431
8330801.02,19902,0.412,8.387,8.798
8330884.17,19903,0.195,7.814,8.009
8330949.07,19904,0.72,10.195,10.915
8331050.43,19902,0.202,5.799,6.001
8331060.48,19903,0.097,4.254,4.352
8331134.56,19904,0.183,6.951,7.134
8331183.36,19902,0.307,7.103,7.409
8331210.45,19903,0.236,7.123,7.359
8331232.68,19904,0.189,4.32,4.51
8331285.71,19902,0.348,9.303,9.651
8331404.75,19903,0.235,6.837,7.072
8331580.26,19904,0.472,7.065,7.536
8331619.09,19902,0.221,10.684,10.905
8331620.61,19903,0.703,8.168,8.871
8331700.64,19904,0.383,5.945,6.328
8331772.83,19902,0.245,7.416,7.66
8331945.86,19903,0.315,10.122,10.437
8331998.31,19904,0.285,7.205,7.49
8332042.56,19902,0.3,4.165,4.465
8332195.34,19903,0.758,9.023,9.781
8332234.09,19904,0.34,4.401,4.742
8332283.31,19902,0.634,9.414,10.047
8332301.8,19903,0.219,4.109,4.328
8332455.67,19904,0.399,6.082,6.481
8332469.02,19902,0.364,5.952,6.315
8332477.29,19903,0.226,4.237,4.463
8332561.23,19904,0.393,11.295,11.688
8332563.42,19902,0.322,8.417,8.739
8332631.8,19903,0.362,7.313,7.675
8332711.57,19904,0.362,7.706,8.068
8332750.98,19902,0.268,4.929,5.196
8332784.96,19903,1.142,10.196,11.338
8332807.13,19904,0.214,6.831,7.045
8332950.45,19902,0.738,12.803,13.541
8332999.41,19903,0.157,4.097,4.254
8333021.24,19904,0.259,5.865,6.124
8333064.98,19903,0.093,8.774,8.867
8333065.79,19902,0.193,11.655,11.847
8333066.99,19904,0.094,7.752,7.845
8333205.65,19902,0.474,11.903,12.377
8333248.67,19903,0.16,5.814,5.974
8333249.17,19904,0.103,4.204,4.308
8333262.75,19902,0.164,4.54,4.703
8333276.96,19903,0.353,6.176,6.529
8333325.73,19904,1.568,4.607,6.175
8333330.97,19902,0.153,4.119,4.272
8333497.17,19903,0.282,7.607,7.888
8333543.46,19904,0.365,7.41,7.775
8333581.79,19902,0.314,5.341,5.655
8333627.73,19903,0.356,6.02,6.376
8333665.61,19904,0.324,9.106,9.43
8333749.8,19902,0.287,9.071,9.358
8333760.31,19903,0.254,8.529,8.783
8333776.47,19904,0.184,4.146,4.33
8333798.02,19902,0.282,9.332,9.614
8333804.16,19903,0.351,5.114,5.465
8333878.87,19904,0.203,4.226,4.429
8333882.17,19902,0.128,4.088,4.215
8333886.53,19904,0.432,4.301,4.733
8333900.62,19902,0.269,4.064,4.333
8333915.23,19903,0.314,4.35,4.664
8333931.77,19904,0.259,4.437,4.696
8333946.71,19902,0.201,4.091,4.292
8333963.24,19903,0.266,4.077,4.343
8334015.71,19904,0.138,4.226,4.364
8334017.94,19902,0.104,4.235,4.339
8334020.59,19904,0.224,4.459,4.683
8334025.02,19903,0.097,4.109,4.206
8334036.07,19902,0.225,3.956,4.181
8334043.72,19904,0.094,4.254,4.348
8334097.67,19903,0.145,4.644,4.789
8334099.41,19902,0.102,4.471,4.573
8334116.11,19904,0.265,4.258,4.523
8334124.44,19903,0.151,4.108,4.259
8334141.13,19902,0.085,3.979,4.064
8334169.33,19904,0.304,5.324,5.628
8334185.99,19903,0.178,4.341,4.519
8334240.21,19902,0.262,4.411,4.673
8334324.03,19904,0.211,4.153,4.364
8334358.19,19903,0.236,4.267,4.504
8334362.6,19902,0.311,4.225,4.536
8334373.02,19904,1.734,4.84,6.574
8334382.13,19903,2.247,6.925,9.172
8334393.44,19902,0.141,5.049,5.19
8334405.46,19904,0.203,5.203,5.406
8334423.24,19903,0.171,7.649,7.821
8334432.96,19902,0.335,7.926,8.26
8334494.59,19904,0.612,10.157,10.769
8334497.46,19903,0.336,8.01,8.345
8334525.22,19904,0.418,10.613,11.031
8334525.98,19902,0.357,13.72,14.077
8334530.72,19903,0.296,4.316,4.611
8334565.56,19904,0.263,5.775,6.038
8334575.18,19902,0.171,5.695,5.866
8334638.81,19903,0.305,7.088,7.393
8334674.23,19904,0.353,11.771,12.124
8334674.61,19902,0.271,8.223,8.493
8334680.88,19903,0.206,5.004,5.21
8334705.9,19904,0.194,10.811,11.006
8334708.15,19902,0.821,8.644,9.465
8334708.34,19903,0.06,7.278,7.338
8334724.94,19904,0.097,4.62,4.717
8334734.61,19902,0.263,4.348,4.61
8334766.36,19903,0.451,9.604,10.055
8334784.94,19904,0.216,4.623,4.84
8334803.1,19902,0.299,5.213,5.512
8334843.29,19903,0.609,10.553,11.162
8334871.03,19904,0.499,11.305,11.804
8334875.94,19902,0.232,9.425,9.657
8334893.86,19903,0.872,4.51,5.381
8334921.76,19904,0.6,6.474,7.074
8334963.41,19902,1.057,8.208,9.265
8334978.4,19903,0.197,5.146,5.343
8335041.06,19904,0.69,9.617,10.307
8335083.72,19902,0.144,6.141,6.285
8335152.5,19903,0.165,4.317,4.481
8335162.46,19904,0.228,4.729,4.957
8335197.56,19902,0.62,8.678,9.298
8335221.76,19903,0.275,8.555,8.83
8335291.34,19904,0.496,10.337,10.834
8335349.35,19902,0.357,7.607,7.964
8335450.59,19903,0.461,12.985,13.446
8335468.15,19904,0.721,7.139,7.861
8335525.32,19902,0.765,6.39,7.155
8335565.65,19903,0.323,4.595,4.918
8335737.61,19904,0.386,12.325,12.711
8335738.11,19902,0.954,10.865,11.819
8335796.95,19903,0.475,7.63,8.104
8335872.92,19902,0.427,9.18,9.607
8336021.36,19904,0.281,4.992,5.273
8336062.72,19903,0.348,15.169,15.517
8336082.96,19902,0.178,4.304,4.483
8336102.82,19904,0.368,7.805,8.173
8336107.63,19903,0.226,6.338,6.563
8336146.26,19902,0.671,6.905,7.576
8336163.71,19904,0.221,4.332,4.553
8336190.28,19903,0.53,4.447,4.978
8336233.59,19902,0.204,4.09,4.294
8336241.55,19904,0.235,5.273,5.508
8336253.86,19903,0.286,4.142,4.428
8336325.96,19904,0.851,7.255,8.106
8336326.11,19902,0.23,12.769,12.999
8336346.57,19903,0.542,4.42,4.962
8336348.53,19904,0.153,4.397,4.55
8336416.46,19902,0.243,4.351,4.594
8336483.52,19904,1.153,5.27,6.423
8336484.46,19903,0.265,8.091,8.356
8336488.53,19902,0.292,4.265,4.557
8336498.81,19903,0.179,4.376,4.555
8336504.71,19904,0.242,4.066,4.308
8336543.51,19902,0.319,7.068,7.387
8336554.37,19903,0.116,4.407,4.523
8336641.37,19904,0.143,6.129,6.272
8336652.92,19902,0.208,4.122,4.33
8336665.85,19903,0.313,4.383,4.696
8336681.37,19904,0.163,6.423,6.586
8336694.58,19902,0.578,4.215,4.793
8336697.41,19903,0.103,4.139,4.242
8336708.32,19902,0.285,5.804,6.088
8336711.36,19904,1.061,4.236,5.296
8336716.06,19902,0.331,4.022,4.353
8336724.25,19903,0.088,4.243,4.331
8336742.12,19904,0.152,4.19,4.342
8336751.57,19902,0.168,4.806,4.974
8336769.33,19903,0.943,6.398,7.34
8336862.38,19904,0.753,7.997,8.75
8336879.14,19902,0.197,15.453,15.651
8336881.55,19903,1.826,14.661,16.487
8336882.99,19904,0.134,11.14,11.274
8336891.77,19902,2.245,12.46,14.706
8336892.65,19903,0.645,10.956,11.601
8336895.78,19904,0.128,12.149,12.276
8336909.11,19902,0.174,5.879,6.053
8336911.78,19903,0.069,4.952,5.021
8336923.94,19904,0.126,4.398,4.523
8336930.88,19902,0.105,4.274,4.38
8336990.5,19902,3.35,14.298,17.648
8336990.79,19904,1.904,13.097,15.001
8336993.55,19903,5.057,21.586,26.643
8337016.38,19902,0.169,13.08,13.249
8337017.1,19904,0.167,8.858,9.025
8337070.71,19903,3.731,24.151,27.882
8337079.74,19903,2.604,5.8,8.404
8337086.14,19904,0.223,31.631,31.853
8337087.24,19902,3.668,34.212,37.88
8337116.26,19903,2.938,15.078,18.016
8337142.21,19904,0.341,17.346,17.688
8337181.45,19902,0.494,17.481,17.975
8337191.35,19904,0.694,7.494,8.188
8337195.17,19903,3.878,15.817,19.695
8337216.51,19902,0.209,7.69,7.899
8337227.33,19904,0.175,10.336,10.511
8337252.45,19903,0.204,11.117,11.321
8337269.12,19902,0.182,6.482,6.663
8337270.57,19904,0.243,4.352,4.594
8337293.41,19903,0.261,5.737,5.998
8337300.6,19902,0.315,4.465,4.779
8337302.66,19904,0.2,4.97,5.17
8337320.62,19903,0.251,4.561,4.812
8337324.1,19902,0.092,6.324,6.416
8337338.22,19904,0.289,4.212,4.501
8337344.94,19903,0.144,4.171,4.315
8337371.15,19902,0.192,6.697,6.888
8337374.75,19904,0.167,4.146,4.312
8337390.96,19903,1.002,4.352,5.354
8337402.85,19902,0.201,5.03,5.232
8337418.9,19904,0.317,5.071,5.387
8337443.54,19903,0.718,4.265,4.983
8337483.96,19902,0.302,4.838,5.14
8337512.02,19904,0.813,4.348,5.162
8337519.86,19903,0.249,5.782,6.031
8337548.77,19902,0.197,4.355,4.552
8337552.57,19904,0.134,4.336,4.47
8337563.27,19903,0.176,6.343,6.519
8337572.36,19902,0.189,4.24,4.429
8337577.47,19904,0.197,4.292,4.489
8337581.87,19903,0.918,3.993,4.91
8337589.99,19902,0.253,4.865,5.118
8337615.1,19904,0.256,4.247,4.503
8337629.97,19903,0.152,9.913,10.065
8337630.12,19902,0.338,6.507,6.845
8337636.26,19904,1.066,8.094,9.16
8337638.18,19903,0.131,6.581,6.712
8337651.56,19902,0.195,4.819,5.013
8337702.57,19903,0.152,5.144,5.296
8337704.8,19904,0.43,8.33,8.76
8337715.38,19902,0.568,4.042,4.61
8337723.28,19903,0.303,4.034,4.337
8337740.49,19904,0.21,5.082,5.293
8337750.25,19902,0.23,4.31,4.539
8337750.51,19903,0.093,4.401,4.494
8337757.28,19904,0.333,4.753,5.085
8337766.38,19902,0.228,4.458,4.686
8337778.5,19903,0.248,4.921,5.169
8337785.13,19904,0.461,4.434,4.895
8337863.07,19902,0.212,8.352,8.564
8337873.32,19903,1.218,9.95,11.167
8337896.39,19904,0.203,6.682,6.885
8337912.81,19902,0.239,5.817,6.056
8337928.22,19903,0.498,4.793,5.292
8337958.44,19904,0.214,5.007,5.221
8337967.39,19902,0.175,4.107,4.282
8337976.83,19903,0.303,4.214,4.518
8337995.02,19904,0.232,4.663,4.895
8338016.38,19902,0.296,5.041,5.338
8338043.77,19903,0.178,5.371,5.549
8338062.35,19904,0.185,4.939,5.124
8338073.71,19902,0.363,4.616,4.979
8338077.77,19903,0.15,4.858,5.008
8338078.19,19902,0.921,4.19,5.111
8338123.97,19904,0.207,8.423,8.63
8338124.22,19903,0.74,7.088,7.828
8338129.47,19902,0.723,7.516,8.239
8338130.74,19904,0.171,4.203,4.374
8338148.27,19903,0.77,6.12,6.89
8338148.94,19902,0.128,4.268,4.396
8338151.27,19904,0.059,5.033,5.093
8338158.89,19903,0.16,4.184,4.344
8338181.31,19902,0.43,4.515,4.945
8338204.38,19904,0.163,5.403,5.566
8338208.12,19903,0.125,4.54,4.664
8338218.69,19904,0.284,5.254,5.538
8338228.87,19902,0.317,4.363,4.68
8338244.89,19903,0.266,5.597,5.863
8338251.42,19904,0.2,4.727,4.927
8338265.35,19902,0.291,4.946,5.237
8338283.02,19903,0.189,4.075,4.264
8338297.13,19904,0.162,4.018,4.18
8338312.05,19902,0.195,4.615,4.81
8338345.05,19903,0.886,8.541,9.427
8338353.12,19904,0.745,14.223,14.968
8338357.55,19902,0.233,11.744,11.977
8338357.88,19903,0.352,9.354,9.706
8338378.82,19904,0.316,4.323,4.64
8338384.64,19902,0.125,4.148,4.272
8338386.2,19903,0.113,4.115,4.228
8338430.12,19904,0.256,6.749,7.005
8338439.8,19902,0.139,4.181,4.321
8338443.29,19903,0.107,4.111,4.218
8338448.39,19902,1.032,5.303,6.336
8338477.8,19904,0.167,4.26,4.427
8338481.46,19903,0.118,4.243,4.361
8338524.59,19902,0.196,4.178,4.375
8338553.96,19904,0.294,4.377,4.671
8338591.51,19903,0.23,4.141,4.371
8338606.73,19902,0.351,4.466,4.817
8338648.96,19904,0.21,4.2,4.41
8338657.65,19903,0.12,4.302,4.423
8338667.89,19902,0.136,4.127,4.263
8338675.32,19904,0.161,4.928,5.089
8338691.28,19903,0.195,4.293,4.488
8338695.53,19902,0.438,4.031,4.469
8338702.78,19904,0.177,4.141,4.318
8338746.41,19903,0.18,7.987,8.167
8338760.56,19902,0.288,4.136,4.423
8338801.02,19904,0.665,4.261,4.926
8338817.67,19903,0.652,4.28,4.932
8338840.95,19902,0.335,4.546,4.881
8338848.26,19904,0.135,4.211,4.346
8338865.2,19903,0.316,6.539,6.855
8338878.74,19902,0.159,6.176,6.335
8338883.53,19904,0.407,4.57,4.977
8338961.33,19903,0.253,9.007,9.26
8339057.46,19904,0.113,9.037,9.15
8339057.8,19902,0.505,10.972,11.476
8339062.61,19903,0.095,4.088,4.183
8339075.65,19904,0.103,4.138,4.242
8339077.18,19902,0.105,4.275,4.38
8339085.57,19903,0.235,4.11,4.345
8339086.53,19904,0.115,4.233,4.347
8339091.89,19902,0.082,4.109,4.191
8339107.88,19903,0.219,4.824,5.042
8339123.4,19904,2.338,4.219,6.557
8339126.34,19902,0.105,6.026,6.131
8339138.66,19903,0.148,4.046,4.195
8339144.54,19904,0.107,4.041,4.148
8339149.66,19902,0.241,4.754,4.995
8339165.57,19903,0.128,4.522,4.651
8339210.27,19904,0.183,9.297,9.48
8339212.43,19902,0.117,4.36,4.477
8339243.72,19903,0.192,6.679,6.871
8339256.38,19904,0.377,7.501,7.877
8339279.77,19902,0.581,11.777,12.357
8339297.59,19903,0.162,4.609,4.77
8339300.74,19904,0.1,4.563,4.664
8339303.36,19902,0.079,4.308,4.387
8339308.84,19903,0.112,4.261,4.373
8339328.6,19904,0.207,5.282,5.489
8339343.07,19902,0.228,8.099,8.327
8339352.09,19903,0.27,8.44,8.709
8339383.55,19904,0.143,5.002,5.145
8339411.08,19902,0.391,7.496,7.887
8339438.98,19903,0.302,9.274,9.575
8339444.47,19904,0.301,4.566,4.867
8339460.07,19902,0.258,4.315,4.573
8339470.02,19903,0.308,4.599,4.907
8339480.15,19904,0.179,4.493,4.672
8339482.74,19902,0.172,4.481,4.653
8339498.87,19903,0.275,5.512,5.787
8339514.37,19904,0.251,7.215,7.465
8339515.95,19902,0.126,4.479,4.605
8339530.8,19903,0.158,4.569,4.727
8339534.15,19904,0.082,4.015,4.097
8339550.32,19903,0.204,4.287,4.492
8339556.19,19902,0.155,4.19,4.346
8339611.32,19904,0.24,6.414,6.654
8339631.59,19903,0.291,5.471,5.762
8339637.17,19902,0.167,4.727,4.894
8339641.07,19904,1.144,4.84,5.985
8339642.73,19903,0.109,5.334,5.443
8339644.26,19902,1.018,4.145,5.163
8339656.75,19904,0.161,5.161,5.321
8339683.49,19903,0.19,4.183,4.374
8339691.24,19902,0.415,7.527,7.943
8339693.84,19904,0.11,4.943,5.053
8339710.42,19902,0.313,4.184,4.497
8339731.21,19903,0.305,6.213,6.518
8339743.29,19904,0.209,8.581,8.79
8339760.39,19902,0.277,13.669,13.946
8339760.94,19903,0.243,10.551,10.794
8339762.85,19904,0.117,7.119,7.236
8339770.31,19902,0.146,4.816,4.961
8339777.65,19903,0.145,4.175,4.32
8339784.27,19904,0.483,4.259,4.742
8339790.56,19902,0.195,4.205,4.4
8339839.95,19903,2.333,5.581,7.914
8339855.72,19904,0.168,4.041,4.209
8339865.98,19902,0.191,4.23,4.421
8339897.55,19903,0.278,7.667,7.945
8339901.67,19904,0.233,5.834,6.068
8339904.23,19903,0.159,4.954,5.113
8339929.51,19902,0.285,4.167,4.452
8339971.22,19904,0.372,6.121,6.494
8339991.57,19903,0.508,7.41,7.918
8340015.79,19902,0.329,4.179,4.509
8340075.94,19904,2.591,21.295,23.886
8340080.61,19903,0.378,19.245,19.623
8340090.11,19902,0.135,12.583,12.718
8340097.56,19904,2.223,6.16,8.382
8340097.85,19903,0.132,4.099,4.231
8340104.46,19902,0.164,4.91,5.075
8340116.5,19904,0.25,4.335,4.585
8340118.28,19903,0.147,4.272,4.42
8340125.19,19902,0.136,4.179,4.315
8340189.7,19904,0.861,4.299,5.159
8340224.52,19903,0.309,9.518,9.827
8340228.31,19902,0.314,8.991,9.305
8340231.85,19904,0.341,6.246,6.587
8340243.58,19903,0.283,4.702,4.985
8340258.1,19902,0.175,3.982,4.157
8340269.72,19904,0.177,4.268,4.445
8340285.39,19903,0.208,4.659,4.866
8340295.49,19902,0.273,5.242,5.515
8340300.62,19904,0.154,4.894,5.048
8340322.21,19902,0.223,5.269,5.491
8340335.07,19903,0.132,4.193,4.325
8340366.03,19904,0.33,5.717,6.047
8340375.5,19902,0.222,6.235,6.457
8340391.36,19904,0.172,8.424,8.596
8340391.58,19903,0.354,10.347,10.701
8340392.98,19902,0.183,7.37,7.554
8340396.49,19904,0.079,4.108,4.187
8340403.24,19903,0.099,4.084,4.184
8340408.37,19902,1.266,4.059,5.325
8340463.23,19904,0.295,7.55,7.845
8340474.43,19903,0.205,8.542,8.747
8340727.57,19902,0.242,6.322,6.564
8340762.78,19904,0.304,6.562,6.867
8340764.02,19903,0.141,6.717,6.858
8340776.32,19902,0.21,5.851,6.061
8340844.23,19904,0.259,5.229,5.488
8340846.4,19903,0.142,4.163,4.304
8340921.52,19902,0.38,4.357,4.737
8340928.61,19904,0.489,4.202,4.691
8340978.45,19903,0.238,5.088,5.325
8340992.76,19902,0.281,4.263,4.544
8341005.09,19904,0.354,4.682,5.035
8341019.83,19904,0.1,4.405,4.505
8341020.5,19903,0.424,8.788,9.212
8341020.71,19902,0.12,6.391,6.512
8341041.62,19904,0.173,4.76,4.933
8341063.78,19903,0.315,4.099,4.414
8341097.34,19902,0.244,5.219,5.463
8341383.2,19904,0.202,4.866,5.068
8341386.23,19903,0.109,6.068,6.177
8341400.02,19902,0.127,4.323,4.45
8341418.77,19904,0.404,4.207,4.612
8341504.52,19903,0.234,4.801,5.035
8341506.56,19902,0.102,4.856,4.958
8341532.96,19904,0.168,4.014,4.182
8341563.4,19903,0.286,4.085,4.37
8341570.25,19902,0.147,4.238,4.385
8341583.52,19904,0.256,6.043,6.299
8341587.23,19903,0.193,4.697,4.89
8341619.46,19902,0.188,4.402,4.59
8341647.7,19904,0.233,4.172,4.405
8341695.59,19903,0.355,4.318,4.673
8341764.22,19902,0.28,4.3,4.58
8341780.44,19904,0.218,4.139,4.357
8341906.96,19903,0.435,10.245,10.679
8341990.46,19902,0.656,10.768,11.424
8342039.9,19904,0.44,4.246,4.687
8342073.07,19903,0.481,9.811,10.293
8342173.35,19902,1.163,4.929,6.093
8342208.56,19904,0.318,6.854,7.172
8342276.61,19903,0.202,4.148,4.35
8342277.68,19902,0.175,4.296,4.471
8342314.24,19904,0.561,7.568,8.13
8342340.46,19903,0.338,4.153,4.491
8342361.57,19902,0.335,4.994,5.329
8342649.58,19904,0.307,7.074,7.381
8342670.33,19903,0.187,4.703,4.889
8342698.94,19902,0.29,4.481,4.772
8342716.99,19904,0.203,5.26,5.463
8342753.71,19903,0.371,4.176,4.547
8342806.79,19902,0.25,4.407,4.657
8342880.86,19904,0.272,15.38,15.652
8342900.32,19903,1.151,6.075,7.226
8342910.15,19902,0.289,4.634,4.923
8342918.89,19904,0.186,4.178,4.364
8342922.6,19903,0.175,4.92,5.095
8342977.68,19902,0.329,4.469,4.798
8343024.71,19904,0.401,4.14,4.542
8343053.72,19903,0.264,4.256,4.52
8343063.15,19902,0.311,4.693,5.004
8343139.06,19904,0.216,4.9,5.115
8343169.07,19903,0.751,7.179,7.93
8343195.5,19902,0.212,5.049,5.26
8343497.72,19904,0.638,10.224,10.861
8343528.86,19903,0.263,4.453,4.716
8343593.86,19902,0.349,4.441,4.79
8343653.0,19904,0.485,6.956,7.441
8343689.78,19903,0.229,4.495,4.724
8343691.85,19902,0.147,4.571,4.718
8343756.89,19904,0.364,4.247,4.611
8343805.05,19903,0.221,4.201,4.422
8343813.1,19902,0.24,4.19,4.43
8343863.3,19904,0.879,4.54,5.419
8343898.1,19903,0.375,4.098,4.473
8343932.61,19902,0.188,4.205,4.393
8343980.56,19904,0.238,6.224,6.462
8343985.46,19903,0.276,4.195,4.471
8344025.3,19902,0.186,4.093,4.279
8344062.59,19904,0.219,4.512,4.731
8344071.37,19903,0.264,5.308,5.571
8344123.92,19902,0.19,4.38,4.57
8344189.25,19904,0.185,5.618,5.803
8344305.54,19903,0.265,7.107,7.372
8344331.73,19902,0.646,4.506,5.152
8344363.87,19904,0.46,6.371,6.832
8344442.82,19903,0.347,10.073,10.42
8344584.92,19902,0.625,4.861,5.486
8344634.51,19904,0.262,4.356,4.618
8344644.26,19903,0.383,5.23,5.613
8344673.27,19902,0.376,4.984,5.36
8344758.58,19904,0.198,7.738,7.937
8344772.88,19903,0.235,4.5,4.735
8344778.82,19902,0.148,4.249,4.398
8344887.09,19904,0.305,7.398,7.703
8344903.82,19903,0.451,7.85,8.302
8344910.93,19902,0.14,6.286,6.426
8344941.53,19904,0.203,4.106,4.309
8344946.76,19903,0.538,4.23,4.767
8344957.17,19902,0.358,4.174,4.532
8344960.62,19904,0.164,5.344,5.508
8344973.98,19903,0.285,4.331,4.616
8344984.73,19902,0.169,5.723,5.892
8344999.61,19904,0.223,4.266,4.489
8345016.19,19903,0.276,4.08,4.356
8345034.53,19902,0.25,4.139,4.389
8345039.71,19904,0.251,4.309,4.56
8345060.89,19903,0.284,4.664,4.948
8345064.64,19902,0.188,5.114,5.301
8345073.27,19903,0.275,4.363,4.638
8345086.1,19904,0.502,4.676,5.177
8345088.63,19902,0.135,5.405,5.541
8345120.54,19903,0.243,7.005,7.248
8345160.69,19902,0.133,5.099,5.231
8345161.45,19904,0.251,8.049,8.3
8345171.19,19903,0.159,6.274,6.433
8345171.81,19902,0.073,4.159,4.232
8345175.43,19904,0.09,4.082,4.172
8345184.11,19902,0.189,4.223,4.412
8345203.27,19903,0.268,4.539,4.807
8345249.25,19904,0.211,4.437,4.648
8345306.63,19902,0.41,7.127,7.537
8345355.19,19903,0.811,39.387,40.197
8345357.21,19902,2.099,23.736,25.834
8345357.87,19904,0.468,33.409,33.878
8345360.47,19903,3.656,5.021,8.677
8345366.26,19904,0.157,3.964,4.121
8345375.24,19902,0.343,4.237,4.581
8345466.64,19903,0.332,7.413,7.744
8345481.61,19904,0.464,8.698,9.162
8345512.65,19902,0.15,4.044,4.194
8345521.22,19903,0.273,4.295,4.569
8345565.78,19904,0.299,10.532,10.831
8345580.78,19902,0.662,6.331,6.993
8345620.64,19903,0.224,4.947,5.171
8345627.96,19904,0.175,4.825,5.0
8345642.89,19902,0.228,4.307,4.535
8345654.34,19903,0.145,4.105,4.25
8345664.62,19904,0.085,4.208,4.294
8345677.59,19902,0.224,4.052,4.277
8345748.12,19903,0.201,4.249,4.45
8345761.44,19904,0.204,5.1,5.304
8345786.45,19902,0.333,9.938,10.271
8345792.82,19904,0.291,7.245,7.536
8345794.2,19903,1.569,7.521,9.09
8345800.04,19902,0.104,4.531,4.635
8345854.18,19904,0.344,4.823,5.167
8345855.18,19903,0.224,4.523,4.747
8345861.42,19902,0.147,4.67,4.816
8345863.46,19904,0.115,4.079,4.194
8345895.62,19903,0.186,5.832,6.017
8345898.46,19902,0.101,4.299,4.4
8345907.82,19904,0.129,4.144,4.273
8345916.37,19903,0.295,5.341,5.636
8345921.73,19903,0.736,5.071,5.806
8345921.75,19902,0.25,6.408,6.658
8345944.1,19904,0.352,5.91,6.262
8345958.47,19903,1.981,4.15,6.131
8345967.7,19902,0.156,4.022,4.178
8345978.21,19904,0.243,4.21,4.453
8346010.72,19903,0.304,8.648,8.952
8346021.28,19902,0.376,8.158,8.534
8346048.05,19904,0.361,5.554,5.915
8346065.52,19903,0.261,5.15,5.411
8346096.07,19902,0.336,10.193,10.529
8346100.31,19904,0.26,8.892,9.152
8346102.38,19903,0.12,7.272,7.392
8346116.84,19902,0.213,7.391,7.604
8346148.34,19904,0.395,5.778,6.172
8346151.91,19903,0.113,5.694,5.808
8346228.83,19902,0.236,4.332,4.568
8346253.13,19904,0.298,7.778,8.076
8346258.13,19903,0.327,7.648,7.975
8346275.1,19902,0.515,8.332,8.848
8346280.05,19904,0.249,12.72,12.969
8346299.81,19903,0.155,5.314,5.47
8346304.35,19902,0.139,4.29,4.429
8346310.36,19903,0.272,4.082,4.353
8346341.63,19904,0.346,9.257,9.602
8346362.72,19902,0.364,8.232,8.596
8346374.18,19903,0.157,6.415,6.573
8346381.57,19904,0.143,4.382,4.526
8346402.74,19902,0.196,4.683,4.879
8346407.8,19903,0.331,4.507,4.839
8346409.52,19904,0.143,4.392,4.535
8346449.69,19902,0.239,8.146,8.385
8346460.33,19903,0.317,8.401,8.718
8346462.79,19904,0.068,9.199,9.268
8346465.67,19902,1.79,5.195,6.986
8346507.05,19904,0.536,9.531,10.067
8346517.45,19903,0.247,5.776,6.023
8346522.53,19902,0.16,4.316,4.476
8346543.05,19903,0.08,6.336,6.416
8346543.82,19904,0.113,9.252,9.365
8346545.43,19902,0.072,5.138,5.21
8346560.61,19903,0.314,4.361,4.675
8346581.95,19904,0.279,8.328,8.607
8346602.87,19902,0.431,7.364,7.796
8346614.52,19904,0.081,4.309,4.39
8346615.33,19903,0.182,6.069,6.251
8346639.78,19902,0.154,5.395,5.549
8346667.72,19904,0.515,8.228,8.743
8346674.74,19902,0.204,7.236,7.439
8346676.62,19903,0.194,13.103,13.298
8346680.36,19904,1.273,9.966,11.238
8346693.52,19903,0.234,4.277,4.512
8346721.28,19902,0.243,4.536,4.779
8346764.75,19904,0.427,7.131,7.558
8346786.65,19903,0.208,4.092,4.301
8346793.14,19902,0.232,4.203,4.435
8346814.24,19904,0.512,4.524,5.036
8346858.78,19903,0.164,4.298,4.462
8346902.6,19902,0.478,9.855,10.332
8346942.22,19904,0.189,4.924,5.113
8346949.32,19903,0.128,4.207,4.336
8346995.47,19902,0.883,10.583,11.465
8347000.59,19903,0.136,9.22,9.356
8347002.31,19904,0.312,13.516,13.828
8347009.13,19902,1.375,6.546,7.921
8347022.84,19903,0.176,4.2,4.376
8347027.42,19904,0.098,4.4,4.498
8347062.26,19902,0.325,8.574,8.899
8347069.28,19903,0.214,8.205,8.419
8347097.2,19902,0.317,4.141,4.458
8347110.43,19904,0.215,4.125,4.34
8347116.28,19903,0.116,4.69,4.806
8347118.79,19902,0.5,5.143,5.643
8347136.12,19904,0.381,4.732,5.113
8347139.09,19903,0.116,5.212,5.328
8347148.81,19902,0.177,5.392,5.569
8347164.69,19904,0.243,5.294,5.537
8347285.45,19903,0.551,5.327,5.877
8347314.15,19902,0.314,10.567,10.881
8347341.61,19904,0.82,5.818,6.638
8347344.62,19903,0.148,4.398,4.545
8347390.49,19902,0.276,8.607,8.884
8347394.65,19904,0.256,9.091,9.347
8347396.67,19903,0.111,9.088,9.199
8347413.66,19902,0.443,8.967,9.409
8347429.01,19904,0.144,8.776,8.92
8347445.63,19903,0.172,4.158,4.33
8347632.56,19902,0.416,7.698,8.115
8347644.42,19904,0.721,4.985,5.707
8347653.94,19903,0.277,4.785,5.063
8347726.99,19902,0.33,7.793,8.122
8347767.76,19904,0.194,4.277,4.471
8347780.66,19903,0.436,4.382,4.818
8347815.81,19902,0.472,8.122,8.593
8347847.12,19904,0.143,4.357,4.501
8347944.79,19903,0.456,4.921,5.377
8348020.84,19902,0.26,4.074,4.333
8348033.73,19904,0.138,4.89,5.027
8348036.66,19903,0.142,4.694,4.836
8348068.59,19904,0.456,8.178,8.634
8348150.15,19902,0.705,11.925,12.63
8348155.08,19903,1.88,6.315,8.195
8348193.96,19904,0.346,6.778,7.124
8348222.54,19902,0.54,8.903,9.443
8348225.68,19903,0.305,7.237,7.542
8348302.97,19904,0.614,11.38,11.994
8348394.54,19902,0.193,4.579,4.772
8348475.35,19903,0.272,6.567,6.839
8348506.46,19904,0.25,4.997,5.247
8348524.67,19902,0.234,4.399,4.633
8348527.65,19903,0.093,4.438,4.531
8348529.17,19902,0.091,4.176,4.266
8348533.66,19904,0.115,4.386,4.501
8348544.55,19902,0.129,5.002,5.131
8348575.49,19903,0.266,4.283,4.548
8348602.99,19904,0.413,7.613,8.026
8348627.4,19902,0.302,8.821,9.123
8348631.98,19903,1.118,8.769,9.887
8348637.27,19904,0.092,4.15,4.242
8348649.09,19902,0.124,4.522,4.646
8348693.07,19903,0.322,4.794,5.116
8348707.43,19904,0.379,8.599,8.978
8348712.27,19902,1.683,5.041,6.724
8348756.45,19903,0.37,5.231,5.601
8348764.2,19904,0.289,4.312,4.6
8348805.63,19902,0.196,4.738,4.934
8348819.4,19903,0.324,4.276,4.6
8348827.63,19904,0.207,4.437,4.644
8348886.85,19902,0.212,4.13,4.342
8348954.59,19903,0.213,5.426,5.638
8349114.87,19904,0.258,12.368,12.626
8349115.08,19902,0.168,9.5,9.668
8349173.73,19903,0.263,7.822,8.085
8349216.21,19904,0.337,4.028,4.365
8349338.58,19902,0.647,9.066,9.713
8349457.53,19903,0.488,4.564,5.052
8349521.34,19904,0.561,6.473,7.034
8349568.08,19902,0.371,7.443,7.813
8349585.63,19903,0.223,6.304,6.526
8349595.35,19904,0.203,4.12,4.323
8349832.68,19902,0.642,4.404,5.046
8350011.86,19903,0.202,4.418,4.62
8350058.79,19904,0.403,10.976,11.378
8350063.54,19902,0.265,9.16,9.425
8350085.81,19903,0.248,5.089,5.338
8350092.36,19904,0.141,4.865,5.007
8350225.5,19902,0.217,4.32,4.537
8350235.64,19903,0.104,8.447,8.551
8350246.89,19904,0.24,6.652,6.892
8350248.61,19902,0.076,5.061,5.137
8350252.39,19903,0.095,4.075,4.17
8350268.24,19902,0.172,5.077,5.25
8350284.35,19904,0.231,5.165,5.396
8350317.95,19903,0.216,7.479,7.695
8350357.32,19902,0.239,6.353,6.592
8350422.9,19904,0.266,4.942,5.208
8350484.34,19903,0.313,8.944,9.257
8350510.4,19902,0.133,3.984,4.117
8350525.47,19904,0.286,6.123,6.408
8350647.47,19903,1.771,10.615,12.386
8350885.45,19902,0.616,8.234,8.85
8350940.86,19904,0.205,4.432,4.636
8350963.86,19903,0.186,4.857,5.043
8351042.75,19902,0.275,4.163,4.437
8351142.13,19904,0.244,6.186,6.43
8351171.23,19903,0.351,8.229,8.58
8351181.58,19902,0.322,7.32,7.642
8351250.23,19904,0.434,9.264,9.698
8351479.54,19903,0.987,10.169,11.157
8351674.96,19902,0.578,10.237,10.816
8351727.79,19904,0.385,4.868,5.253
8351761.89,19903,0.17,4.293,4.463
8351855.63,19902,0.402,8.148,8.55
8351889.88,19904,0.483,4.731,5.214
8351890.97,19903,0.095,5.411,5.506
8351898.05,19902,0.096,5.186,5.281
8351958.04,19904,0.499,4.375,4.874
8351973.88,19903,0.24,4.463,4.703
8352023.57,19902,0.199,4.86,5.058
8352085.59,19904,0.195,6.743,6.938
8352169.1,19903,0.243,4.844,5.088
8352208.2,19902,0.348,5.315,5.663
8352220.89,19904,0.444,5.378,5.822
8352228.07,19903,0.229,6.508,6.737
8352228.59,19902,0.079,4.925,5.004
8352242.29,19904,0.296,4.909,5.205
8352298.38,19903,0.273,6.7,6.973
8352329.78,19902,0.262,5.165,5.427
8352334.68,19904,0.261,4.321,4.581
8352339.81,19903,0.142,4.233,4.375
8352348.2,19902,0.348,4.48,4.828
8352349.4,19904,0.131,4.814,4.945
8352365.99,19903,0.371,6.336,6.707
8352377.91,19902,0.72,8.469,9.189
8352394.94,19904,1.873,8.14,10.013
8352400.57,19904,0.185,5.038,5.222
8352401.84,19903,0.297,7.717,8.014
8352406.99,19902,0.348,8.53,8.877
8352413.69,19904,0.169,8.468,8.637
8352416.26,19903,0.167,5.001,5.168
8352439.92,19902,0.253,4.646,4.898
8352463.06,19904,0.31,7.541,7.851
8352473.2,19903,2.178,5.351,7.529
8352476.55,19902,0.152,6.19,6.342
8352482.88,19903,0.452,4.265,4.717
8352490.66,19904,0.134,5.773,5.907
8352494.56,19902,0.078,4.379,4.457
8352500.42,19903,0.149,4.273,4.422
8352531.36,19902,0.16,4.302,4.462
8352531.36,19904,0.791,4.614,5.404
8352556.74,19903,0.352,4.961,5.313
8352592.93,19904,0.269,4.971,5.241
8352604.48,19902,0.187,5.505,5.692
8352652.85,19903,0.194,6.043,6.237
8352695.93,19904,0.354,5.007,5.361
8352711.27,19902,0.205,5.903,6.108
8352715.09,19903,0.417,4.452,4.87
8352718.94,19902,0.099,7.343,7.442
8352748.7,19904,0.274,10.923,11.197
8352765.89,19903,0.593,5.848,6.441
8352782.21,19902,0.309,5.661,5.971
8352838.27,19904,0.176,4.247,4.423
8352842.62,19903,0.237,4.298,4.536
8352851.03,19904,0.26,4.539,4.798
8352854.56,19902,0.264,6.207,6.471
8352866.45,19904,0.077,7.808,7.885
8352870.2,19903,0.156,13.039,13.194
8352876.21,19902,0.229,7.885,8.115
8352902.23,19904,0.15,11.796,11.946
8352905.09,19903,0.096,11.99,12.087
8352931.41,19902,0.223,4.675,4.898
8352937.92,19904,0.303,4.46,4.763
8352944.21,19903,0.303,4.451,4.754
8352961.42,19902,0.256,4.066,4.322
8352975.06,19904,0.194,4.112,4.306
8352978.3,19903,1.01,5.15,6.16
8353006.73,19902,0.261,4.548,4.809
8353039.87,19904,0.302,10.923,11.224
8353056.95,19903,0.181,4.52,4.701
8353080.68,19902,0.159,5.378,5.537
8353091.38,19904,0.312,4.099,4.411
8353100.58,19903,0.42,5.203,5.623
8353144.76,19902,0.567,8.79,9.356
8353145.26,19904,0.673,4.992,5.664
8353180.67,19903,0.203,5.567,5.77
8353194.2,19902,0.21,4.824,5.034
8353220.9,19904,0.29,4.219,4.509
8353225.97,19903,0.197,4.064,4.261
8353258.43,19902,0.461,8.077,8.538
8353270.56,19904,0.486,9.825,10.311
8353274.25,19902,0.159,5.687,5.846
8353275.8,19903,2.156,10.55,12.706
8353287.27,19904,0.258,5.524,5.782
8353304.14,19902,0.294,5.419,5.713
8353304.85,19903,0.145,5.529,5.674
8353311.59,19904,0.377,4.247,4.624
8353354.83,19902,0.546,7.187,7.732
8353373.28,19903,0.207,8.931,9.138
8353376.75,19904,0.512,4.863,5.375
8353386.85,19903,0.329,4.478,4.807
8353391.48,19902,0.17,4.329,4.499
8353414.62,19904,0.29,4.172,4.463
8353417.17,19903,0.106,4.71,4.816
8353442.97,19902,0.387,4.391,4.779
8353461.49,19904,0.258,5.051,5.309
8353465.86,19903,0.355,4.094,4.449
8353493.35,19902,0.216,4.619,4.835
8353516.45,19904,0.498,9.623,10.121
8353517.55,19903,0.15,6.742,6.892
8353535.42,19902,0.19,4.461,4.651
8353574.17,19904,0.461,5.052,5.514
8353590.82,19903,0.228,6.157,6.386
8353598.06,19902,1.009,6.882,7.892
8353689.81,19904,0.907,8.155,9.062
8353745.22,19903,0.456,8.867,9.322
8353753.67,19902,0.31,8.475,8.785
8353755.06,19903,1.824,7.776,9.6
8353797.02,19904,0.299,5.518,5.817
8353818.9,19902,0.363,10.61,10.973
8353826.86,19903,0.34,6.893,7.233
8353850.79,19904,0.205,9.474,9.679
8353851.82,19902,0.955,8.631,9.586
8353906.83,19903,0.207,8.957,9.164
8353913.85,19902,0.21,10.115,10.325
8353929.63,19904,0.196,7.305,7.501
8353937.1,19903,1.053,11.959,13.012
8353937.88,19902,0.084,11.48,11.563
8353974.36,19904,0.237,4.977,5.215
8353977.42,19903,0.148,4.364,4.512
8353986.1,19902,0.152,4.294,4.446
8353993.56,19904,0.163,4.691,4.853
8353999.57,19903,1.158,4.312,5.47
8354009.17,19902,0.118,5.996,6.115
8354016.22,19904,0.122,4.025,4.147
8354070.22,19903,0.569,9.352,9.921
8354131.99,19902,0.392,4.296,4.688
8354148.07,19904,0.192,4.667,4.859
8354152.91,19903,0.255,4.273,4.528
8354187.99,19902,0.147,4.098,4.245
8354197.81,19904,0.25,4.125,4.374
8354204.16,19903,0.131,4.066,4.197
8354214.01,19902,0.485,5.978,6.463
8354227.07,19904,1.251,7.131,8.382
8354232.68,19903,0.426,5.411,5.837
8354244.08,19902,0.256,4.214,4.469
8354291.73,19904,0.514,8.717,9.231
8354292.92,19903,0.166,8.567,8.734
8354299.32,19902,0.26,6.008,6.268
8354346.54,19904,0.273,5.866,6.14
8354358.05,19903,0.421,6.054,6.475
8354359.91,19902,0.24,5.952,6.192
8354364.43,19904,0.947,4.1,5.047
8354381.51,19903,0.34,6.258,6.598
8354387.27,19902,0.181,9.028,9.21
8354387.75,19904,0.13,5.473,5.602
8354425.53,19903,0.32,6.105,6.425
8354430.23,19902,0.18,5.427,5.607
8354447.07,19903,0.215,7.09,7.305
8354460.91,19904,0.306,6.959,7.265
8354464.12,19902,0.233,8.982,9.215
8354471.39,19903,0.091,7.22,7.311
8354484.89,19904,0.221,8.248,8.47
8354485.23,19902,0.065,6.219,6.284
8354495.32,19903,0.226,4.0,4.226
8354513.21,19904,0.214,5.674,5.888
8354551.58,19902,0.511,8.298,8.809
8354564.67,19903,0.328,4.258,4.586
8354570.71,19904,0.11,4.207,4.317
8354588.01,19902,0.317,4.512,4.829
8354675.29,19903,0.19,4.606,4.797
8354679.61,19904,1.849,4.113,5.962
8354700.38,19902,0.235,4.211,4.446
8354759.52,19903,0.235,7.445,7.679
8354782.58,19902,0.319,8.926,9.245
8354785.25,19904,0.484,13.552,14.036
8354786.72,19903,0.226,10.401,10.627
8354796.3,19902,0.124,4.315,4.439
8354813.37,19904,0.111,8.164,8.275
8354821.87,19903,0.12,4.418,4.539
8354826.41,19902,0.219,4.118,4.336
8354837.82,19904,0.102,5.588,5.69
8354839.11,19903,0.077,4.324,4.4
8354848.05,19902,0.164,4.309,4.473
8354885.63,19904,0.199,9.302,9.5
8354920.35,19903,0.285,5.868,6.153
8354960.22,19904,0.457,13.141,13.598
8354960.63,19902,0.875,14.342,15.218
8354964.27,19903,0.101,10.016,10.117
8354974.42,19904,0.141,4.443,4.584
8354976.86,19902,0.082,4.603,4.685
8355002.47,19903,0.118,5.458,5.576
8355013.48,19904,0.339,6.552,6.891
8355046.79,19902,0.466,10.781,11.247
8355055.53,19903,2.064,14.368,16.432
8355056.38,19904,2.015,10.19,12.205
8355060.44,19902,2.028,6.353,8.381
8355064.47,19904,0.818,3.902,4.719
8355082.39,19903,0.263,4.053,4.317
8355112.61,19902,0.368,8.705,9.072
8355120.86,19904,0.42,5.217,5.638
8355123.09,19903,0.107,6.571,6.678
8355123.58,19902,0.061,5.437,5.498
8355150.85,19904,0.17,5.386,5.556
8355175.55,19903,0.251,7.638,7.889
8355201.07,19902,0.698,10.487,11.185
8355222.11,19904,0.14,4.111,4.251
8355231.83,19903,0.106,4.191,4.297
8355246.08,19902,0.175,4.264,4.44
8355270.18,19904,0.521,8.195,8.716
8355279.93,19903,0.4,9.015,9.415
8355284.8,19902,0.148,5.001,5.15
8355294.35,19904,0.07,4.544,4.615
8355296.12,19903,0.127,6.518,6.645
8355332.58,19902,0.485,7.143,7.627
8355358.24,19904,0.331,7.737,8.068
8355384.5,19903,0.331,5.141,5.472
8355402.61,19902,0.262,6.116,6.378
8355461.81,19904,0.197,4.992,5.189
8355472.43,19903,0.135,4.633,4.768
8355487.55,19902,0.269,4.046,4.315
8355491.53,19904,0.114,4.182,4.296
8355544.66,19902,0.285,4.26,4.545
8355551.07,19903,0.11,6.156,6.266
8355557.68,19904,0.817,6.425,7.241
8355563.98,19902,0.103,4.022,4.125
8355617.75,19903,0.726,9.611,10.337
8355624.67,19904,0.158,5.133,5.291
8355647.12,19902,0.242,4.199,4.441
8355706.37,19903,0.286,5.656,5.942
8355715.17,19904,0.111,4.022,4.133
8355724.19,19902,0.152,5.02,5.172
8355727.17,19903,0.107,4.192,4.299
8355740.12,19902,0.317,4.183,4.5
8355743.28,19904,0.193,5.643,5.836
8355745.13,19903,0.096,4.255,4.351
8355756.73,19902,0.331,4.202,4.533
8355761.16,19904,0.232,4.098,4.33
8355771.24,19903,0.379,4.501,4.88
8355853.19,19902,0.453,9.532,9.985
8355858.78,19904,2.008,6.68,8.689
8355868.33,19902,0.216,5.599,5.815
8355871.96,19903,0.129,6.758,6.888
8355875.05,19904,0.078,4.001,4.079
8355907.32,19902,0.127,5.296,5.423
8355907.49,19903,0.469,6.929,7.398
8355919.39,19904,0.153,4.276,4.429
8355921.95,19902,0.114,4.064,4.178
8355961.78,19903,0.471,4.19,4.661
8355982.59,19904,0.39,6.223,6.613
8355989.11,19902,0.149,5.264,5.413
8355996.24,19903,0.204,4.359,4.563
8356028.81,19904,0.151,4.586,4.737
8356059.67,19902,0.443,5.159,5.602
8356065.53,19903,0.173,5.325,5.498
8356116.74,19904,0.206,4.438,4.645
8356149.35,19902,0.449,6.953,7.402
8356269.88,19903,0.349,7.354,7.702
8356376.04,19904,0.301,4.098,4.399
8356398.18,19902,0.359,6.858,7.217
8356443.66,19903,0.239,4.238,4.477
8356466.02,19904,0.198,4.116,4.314
8356473.47,19902,0.26,4.351,4.611
8356480.42,19903,0.163,4.058,4.221
8356630.48,19904,0.254,4.124,4.378
8356687.03,19902,0.598,7.357,7.954
8356740.35,19903,0.397,7.07,7.467
8356852.37,19904,0.379,9.878,10.257
8356864.13,19902,0.169,4.526,4.694
8356867.97,19903,0.079,4.824,4.903
8356877.55,19902,0.155,4.003,4.157
8356884.92,19904,0.198,4.077,4.275
8356885.82,19903,0.14,4.182,4.322
8356902.31,19902,0.383,5.092,5.474
8356921.06,19904,0.539,8.43,8.969
8356924.41,19903,0.363,6.043,6.405
8356930.05,19902,0.201,5.05,5.251
8356943.74,19904,0.32,4.435,4.755
8356968.96,19903,0.482,4.63,5.112
8356978.74,19902,0.466,4.317,4.783
8357021.64,19904,0.374,4.164,4.537
8357068.35,19903,0.617,6.481,7.098
8357080.66,19902,0.277,5.525,5.801
8357141.19,19903,0.161,9.549,9.71
8357141.27,19904,0.735,10.276,11.011
8357150.98,19902,0.366,6.927,7.293
8357167.87,19904,0.303,6.482,6.785
8357168.85,19903,1.443,14.346,15.788
8357181.24,19902,0.207,6.96,7.167
8357185.72,19904,0.184,7.434,7.619
8357187.72,19903,0.446,3.943,4.389
8357196.21,19902,0.15,4.819,4.969
8357348.28,19904,0.322,6.583,6.905
8357355.83,19903,0.229,4.556,4.785
8357373.13,19902,0.159,8.384,8.543
8357373.27,19904,0.07,5.092,5.162
8357398.82,19903,0.477,7.489,7.966
8357399.52,19902,0.149,7.745,7.894
8357418.65,19904,0.325,4.475,4.8
8357436.04,19903,0.215,13.006,13.221
8357436.39,19902,0.083,11.562,11.645
8357436.89,19904,0.069,8.409,8.477
8357444.72,19902,0.1,4.105,4.205
8357445.78,19903,0.133,6.181,6.314
8357447.09,19904,0.055,4.973,5.028
8357452.52,19902,0.282,4.12,4.402
8357456.15,19903,0.171,4.236,4.407
8357507.91,19902,0.339,11.002,11.341
8357511.56,19904,1.056,10.416,11.472
8357515.27,19903,0.686,13.788,14.474
8357519.07,19902,3.778,10.89,14.667
8357530.93,19904,0.587,9.516,10.102
8357579.63,19903,0.375,5.637,6.012
8357601.78,19902,1.09,10.404,11.493
8357603.21,19904,3.471,8.503,11.974
8357651.36,19903,0.347,5.999,6.346
8357672.46,19904,0.672,10.148,10.819
8357674.51,19902,0.252,7.053,7.304
8357694.35,19903,0.246,4.91,5.156
8357751.26,19904,0.523,5.359,5.881
8357754.06,19902,0.156,5.726,5.882
8357757.39,19903,0.203,5.827,6.03
8357766.76,19904,0.292,4.172,4.465
8357782.78,19902,0.337,4.202,4.539
8357794.19,19903,0.313,4.832,5.145
8357795.3,19904,0.165,4.646,4.811
8357860.54,19902,1.375,6.9,8.274
8357861.57,19903,0.114,6.336,6.45
8357873.34,19904,0.36,4.9,5.259
8357900.46,19902,0.626,9.223,9.849
8357935.26,19903,0.175,4.216,4.391
8357951.94,19904,0.323,5.299,5.623
8357952.66,19902,0.226,4.711,4.937
8357959.42,19903,0.111,4.41,4.521
8357968.28,19904,0.284,4.237,4.521
8357979.44,19902,0.328,5.524,5.852
8358000.13,19903,1.736,6.633,8.369
8358006.99,19904,1.156,8.73,9.886
8358022.39,19902,0.197,4.734,4.931
8358063.75,19903,0.726,10.398,11.123
8358066.96,19904,0.345,7.955,8.3
8358075.08,19902,0.163,8.203,8.366
8358081.62,19904,0.329,7.204,7.532
8358093.47,19902,0.155,4.545,4.7
8358114.7,19903,0.123,4.171,4.294
8358126.68,19904,0.294,4.417,4.711
8358135.58,19902,0.133,5.35,5.483
8358153.67,19903,0.305,6.738,7.043
8358160.37,19904,0.117,4.505,4.622
8358167.1,19902,0.109,4.209,4.318
8358171.71,19903,0.507,4.419,4.926
8358198.93,19904,0.206,6.529,6.736
8358260.46,19902,0.191,4.912,5.104
8358335.26,19903,0.312,7.097,7.409
8358357.81,19904,0.284,9.202,9.485
8358358.13,19902,0.258,5.227,5.485
8358390.12,19903,0.388,6.716,7.104
8358493.59,19904,0.53,9.695,10.225
8358523.67,19902,0.391,6.855,7.246
8358601.92,19903,0.317,9.074,9.392
8358647.93,19904,0.368,7.628,7.995
8358701.87,19902,0.239,4.322,4.561
8358749.65,19903,0.341,8.457,8.798
8358817.49,19904,0.433,7.624,8.057
8358992.78,19902,0.254,5.85,6.104
8359014.68,19903,0.523,7.506,8.029
8359226.99,19904,0.174,4.209,4.384
8359232.18,19902,0.383,4.866,5.249
8359237.27,19903,0.129,4.296,4.426
8359286.17,19904,0.355,5.591,5.947
8359362.31,19902,0.553,12.688,13.24
8359388.43,19903,0.151,5.168,5.319
8359427.77,19904,0.45,9.257,9.707
8359629.46,19902,0.98,4.161,5.141
8359682.53,19903,0.3,7.65,7.95
8359719.08,19904,0.347,5.201,5.548
8359786.19,19902,0.302,4.697,4.999
8359857.3,19903,0.463,9.345,9.808
8359921.51,19904,0.662,12.029,12.691
8359927.26,19902,0.399,7.795,8.194
8359933.11,19903,0.235,5.677,5.912
8359950.25,19904,0.139,4.439,4.578
8359954.34,19902,0.124,6.137,6.262
8360029.42,19903,0.207,4.754,4.961
8360088.6,19904,0.303,9.03,9.333
8360114.72,19902,0.262,5.317,5.579
8360136.37,19903,0.257,4.862,5.119
8360151.95,19904,0.283,6.106,6.389
8360156.19,19902,0.29,5.895,6.185
8360156.56,19903,0.2,4.414,4.613
8360172.34,19904,0.212,4.298,4.51
8360215.52,19902,0.749,6.7,7.449
8360229.44,19903,0.578,6.627,7.205
8360234.35,19904,0.286,5.6,5.887
8360242.04,19903,1.108,4.329,5.436
8360280.24,19902,0.315,4.568,4.883
8360283.71,19904,0.128,4.736,4.865
8360289.44,19903,0.16,4.032,4.191
8360304.15,19902,0.152,4.861,5.013
8360323.09,19903,0.309,4.558,4.867
8360323.09,19904,0.208,11.55,11.757
8360374.86,19902,0.454,5.863,6.317
8360387.39,19903,0.364,5.92,6.284
8360405.03,19904,0.315,9.502,9.817
8360407.69,19902,0.233,4.371,4.604
8360427.26,19903,0.24,5.204,5.445
8360429.47,19904,0.747,5.157,5.903
8360489.8,19902,0.3,8.538,8.837
8360509.86,19903,0.24,4.509,4.749
8360518.94,19904,0.499,4.361,4.86
8360524.29,19902,0.343,4.829,5.172
8360531.14,19903,0.18,5.39,5.57
8360540.57,19904,0.177,5.634,5.811
8360547.29,19902,0.186,4.897,5.083
8360548.82,19903,0.122,4.442,4.565
8360554.48,19904,0.118,4.624,4.742
8360611.51,19902,0.3,6.004,6.305
8360618.83,19903,0.265,5.551,5.816
8360649.54,19904,0.291,8.262,8.553
8360654.86,19902,0.154,4.532,4.686
8360661.39,19903,0.123,4.118,4.241
8360681.89,19904,0.167,4.898,5.065
8360702.36,19902,0.269,6.383,6.653
8360730.39,19903,0.239,4.022,4.261
8360744.72,19904,0.161,4.097,4.258
8360758.52,19902,0.208,6.273,6.481
8360760.32,19903,0.099,4.342,4.44
8360813.97,19902,2.445,15.243,17.688
8360815.12,19904,0.599,18.668,19.267
8360815.34,19903,1.648,13.021,14.67
8360822.99,19902,0.143,4.253,4.396
8360842.78,19904,0.195,4.202,4.397
8360855.24,19903,0.211,4.142,4.354
8360857.37,19902,0.138,4.186,4.324
8360867.49,19904,0.161,4.88,5.041
8360883.1,19903,0.514,5.897,6.411
8360890.51,19902,0.211,5.216,5.427
8360897.82,19904,0.301,4.318,4.618
8360900.66,19903,0.075,4.227,4.302
8360904.16,19902,0.105,4.658,4.763
8360909.41,19904,0.11,4.168,4.278
8360910.12,19903,0.105,6.099,6.205
8360920.18,19902,0.156,4.283,4.44
8360936.43,19904,0.248,4.609,4.857
8360971.43,19903,0.306,9.196,9.502
8360974.4,19902,0.184,6.127,6.311
8360983.49,19904,0.166,5.881,6.047
8360987.57,19903,0.239,6.027,6.266
8361004.07,19902,0.24,4.832,5.072
8361038.59,19904,0.309,8.953,9.262
8361041.56,19903,0.285,9.16,9.445
8361154.35,19902,0.308,4.412,4.72
8361162.02,19904,0.243,6.052,6.295
8361168.9,19903,0.206,4.36,4.566
8361272.66,19902,0.354,6.829,7.182
8361288.87,19904,0.249,8.02,8.269
8361343.14,19903,0.254,4.728,4.982
8361382.04,19902,0.789,10.41,11.199
8361383.57,19904,0.319,9.305,9.624
8361410.69,19903,0.184,9.795,9.979
8361413.31,19904,0.092,6.065,6.158
8361415.31,19902,1.025,9.193,10.218
8361420.8,19903,0.137,5.248,5.385
8361450.69,19904,0.296,6.346,6.642
8361453.69,19902,0.292,5.336,5.629
8361462.06,19903,0.172,7.033,7.205
8361477.04,19904,0.254,8.982,9.236
8361512.84,19902,0.213,4.052,4.265
8361549.61,19903,0.431,10.613,11.044
8361552.09,19904,0.824,6.726,7.549
8361554.47,19902,0.35,4.575,4.925
8361581.26,19903,0.476,5.707,6.183
8361583.49,19904,0.111,6.965,7.076
8361585.22,19902,2.279,4.138,6.416
8361634.23,19903,0.309,11.577,11.886
8361634.66,19904,0.176,10.086,10.262
8361654.89,19902,0.189,4.598,4.787
8361670.61,19903,0.208,4.926,5.135
8361671.91,19904,0.13,4.86,4.99
8361676.31,19902,1.049,4.161,5.209
8361696.45,19903,0.354,8.181,8.536
8361703.85,19904,0.353,5.76,6.113
8361711.41,19902,0.157,4.571,4.728
8361729.46,19903,0.164,6.165,6.329
8361754.75,19904,0.203,4.597,4.8
8361759.27,19902,0.113,4.286,4.399
8361762.14,19903,0.119,4.029,4.148
8361770.96,19904,0.216,4.551,4.767
8361783.08,19902,0.314,4.553,4.867
8361807.76,19903,0.203,5.396,5.6
8361875.62,19902,0.235,9.243,9.477
8361878.42,19904,0.562,14.858,15.419
8361883.81,19903,0.153,5.571,5.724
8361913.95,19904,0.301,4.378,4.679
8361949.29,19902,0.459,8.893,9.352
8362007.24,19903,0.531,7.922,8.454
8362058.72,19902,0.185,11.338,11.523
8362060.09,19904,0.449,14.708,15.157
8362061.66,19903,0.123,9.159,9.283
8362063.3,19902,0.661,4.471,5.132
8362113.73,19904,0.234,4.927,5.161
8362147.4,19903,0.2,4.461,4.66
8362179.33,19902,0.432,8.073,8.505
8362211.48,19904,0.699,8.047,8.746
8362238.94,19903,0.256,4.574,4.831
8362260.66,19902,0.334,7.412,7.746
8362266.64,19904,0.198,6.322,6.521
8362266.92,19902,0.209,5.865,6.075
8362274.46,19904,0.446,4.063,4.508
8362274.57,19903,0.134,4.474,4.608
8362277.02,19902,0.056,4.26,4.316
8362296.64,19904,0.115,6.748,6.863
8362299.11,19903,0.085,4.963,5.048
8362359.35,19902,0.53,8.358,8.888
8362372.1,19904,0.374,7.967,8.341
8362410.0,19903,0.193,4.228,4.421
8362439.59,19902,0.333,7.679,8.012
8362443.88,19904,0.203,9.866,10.069
8362451.45,19903,0.106,4.256,4.362
8362463.17,19902,0.132,4.235,4.367
8362483.39,19904,0.147,4.564,4.711
8362499.27,19903,0.319,7.876,8.195
8362535.13,19902,0.282,6.272,6.554
8362562.11,19904,0.238,4.205,4.443
8362614.11,19903,0.216,5.626,5.842
8362622.4,19902,0.12,4.105,4.225
8362629.8,19904,0.13,5.376,5.506
8362632.4,19903,0.085,4.256,4.341
8362643.11,19902,0.168,4.144,4.312
8362920.68,19904,0.429,10.555,10.984
8363012.73,19903,0.662,8.233,8.895
8363220.27,19902,0.179,4.611,4.789
8363286.72,19904,0.284,7.141,7.425
8363314.67,19903,0.338,4.077,4.415
8363325.17,19902,0.118,4.578,4.696
8363446.79,19904,0.661,14.733,15.393
8363503.96,19903,0.352,11.595,11.947
8363531.4,19902,0.303,9.956,10.26
8363533.99,19903,0.133,5.172,5.305
8363532.99,19904,0.4,8.782,9.182
8363617.76,19902,0.601,8.891,9.491
8363639.52,19903,0.201,4.369,4.57
8363698.84,19904,0.407,11.246,11.654
8363703.72,19902,1.007,8.445,9.452
8363803.45,19903,0.367,4.207,4.573
8363841.81,19904,0.645,8.958,9.603
8363866.1,19902,0.547,6.424,6.971
8363896.57,19903,0.387,6.006,6.393
8363898.27,19904,0.164,5.442,5.606
8363961.7,19902,0.985,4.246,5.231
8363981.86,19903,0.316,7.073,7.389
8364016.24,19904,0.446,11.484,11.93
8364051.39,19902,0.246,4.268,4.514
8364098.49,19903,0.541,9.757,10.298
8364221.19,19904,0.322,4.727,5.049
8364271.52,19902,0.307,10.461,10.768
8364275.38,19903,0.275,5.965,6.24
8364308.92,19904,0.269,4.322,4.591
8364344.05,19902,0.356,8.127,8.482
8364353.63,19903,0.938,7.298,8.236
8364428.53,19904,0.579,9.412,9.991
8364566.12,19902,0.533,9.661,10.194
8364570.58,19903,0.224,7.646,7.87
8364602.63,19904,0.435,4.361,4.796
8364684.9,19902,0.169,4.535,4.704
8364740.55,19903,0.389,6.466,6.855
8364873.54,19904,0.39,8.332,8.722
8364941.37,19902,0.271,4.947,5.218
8364961.18,19903,0.211,7.024,7.235
8364989.21,19904,0.34,9.179,9.519
8365044.64,19902,0.907,9.27,10.176
8365085.19,19903,0.206,4.068,4.274
8365142.31,19904,0.308,10.233,10.541
8365152.28,19902,0.215,7.419,7.634
8365172.56,19903,0.121,6.261,6.382
8365173.38,19904,0.061,5.222,5.283
8365239.23,19902,0.271,5.878,6.148
8365281.26,19903,0.321,7.377,7.698
8365324.1,19904,0.371,4.705,5.077
8365356.12,19902,0.173,5.623,5.796
8365396.59,19903,0.553,8.899,9.452
8365432.88,19904,0.207,6.005,6.212
8365580.71,19902,0.232,4.234,4.466
8365616.86,19903,0.505,8.953,9.458
8365619.7,19904,0.159,5.878,6.037
8365724.4,19902,0.327,7.037,7.364
8365752.71,19903,0.373,4.389,4.762
8365858.61,19904,0.447,8.223,8.669
8365964.56,19902,0.279,9.596,9.875
8365987.75,19903,0.145,6.988,7.133
8366022.18,19904,0.447,9.154,9.601
8366270.04,19902,0.377,9.246,9.623
8366301.96,19903,0.171,3.996,4.166
8366310.5,19904,0.113,6.299,6.412
8366349.22,19902,0.631,9.871,10.501
8366352.61,19903,0.401,5.991,6.393
8366376.67,19904,0.227,7.705,7.932
8366389.27,19902,0.097,4.544,4.641
8366395.13,19903,0.131,3.926,4.057
8366398.39,19904,0.089,4.248,4.337
8366403.44,19903,0.213,4.315,4.529
8366411.4,19902,0.09,4.033,4.123
8366413.02,19904,0.181,4.326,4.507
8366429.32,19903,0.261,5.687,5.948
8366437.34,19902,0.155,5.181,5.336
8366454.81,19904,0.278,10.584,10.863
8366458.17,19903,0.299,10.823,11.122
8366458.27,19902,1.839,6.863,8.702
8366480.61,19904,0.236,4.129,4.366
8366481.35,19903,0.064,4.161,4.225
8366492.79,19902,0.086,4.36,4.446
8366510.53,19904,0.291,4.306,4.596
8366515.63,19903,0.153,4.116,4.269
8366529.15,19902,0.159,4.432,4.59
8366553.02,19904,0.107,6.829,6.936
8366584.38,19903,0.563,9.934,10.497
8366596.35,19902,0.397,8.61,9.007
8366626.53,19904,0.259,4.179,4.439
8366634.57,19903,0.103,4.016,4.119
8366664.57,19902,0.361,7.197,7.559
8366705.26,19904,0.209,5.051,5.26
8366719.03,19903,0.19,4.725,4.915
8366747.88,19902,0.281,7.947,8.228
8366750.18,19904,0.202,7.378,7.58
8366767.02,19903,0.355,7.814,8.169
8366820.25,19902,0.201,4.091,4.292
8366843.39,19904,0.316,8.771,9.088
8366849.52,19903,0.157,5.735,5.892
8366852.41,19902,0.107,7.149,7.256
8366863.89,19904,0.068,6.041,6.109
8366902.73,19903,0.229,4.894,5.123
8366907.23,19902,0.101,4.449,4.55
8366918.64,19903,0.099,6.707,6.806
8366933.95,19904,1.268,8.646,9.913
8366979.05,19902,0.247,5.019,5.266
8366990.58,19903,0.447,4.434,4.881
8367024.64,19904,1.371,6.645,8.016
8367042.45,19902,0.386,4.913,5.299
8367051.29,19903,0.213,5.236,5.449
8367111.63,19902,0.192,13.282,13.474
8367112.0,19904,0.393,15.456,15.849
8367124.67,19903,0.136,4.224,4.36
8367142.14,19904,0.238,4.83,5.069
8367167.67,19902,0.288,8.693,8.981
8367211.8,19903,0.186,4.179,4.364
8367216.27,19904,0.103,4.289,4.391
8367218.47,19902,0.144,4.258,4.402
8367274.41,19903,0.418,5.956,6.374
8367276.92,19904,0.095,5.475,5.57
8367287.88,19902,0.092,4.497,4.59
8367308.35,19903,0.399,6.817,7.216
8367317.48,19904,0.381,7.51,7.891
8367321.75,19902,0.169,6.095,6.265
8367339.7,19903,0.299,8.297,8.596
8367353.99,19904,0.165,4.753,4.918
8367489.76,19902,0.299,6.723,7.022
8367491.81,19903,0.196,6.643,6.838
8367535.77,19904,0.214,4.427,4.642
8367539.86,19902,0.114,4.575,4.689
8367550.1,19904,0.312,4.267,4.578
8367579.92,19903,0.402,7.355,7.757
8367583.07,19902,0.315,7.255,7.57
8367585.5,19904,0.422,6.983,7.405
8367589.52,19903,0.893,4.29,5.183
8367614.38,19902,0.206,6.134,6.34
8367614.73,19904,0.162,4.313,4.474
8367642.03,19903,0.532,6.856,7.388
8367645.41,19902,0.181,6.218,6.399
8367663.01,19904,0.264,7.086,7.35
8367666.78,19903,0.56,6.604,7.164
8367699.83,19902,0.472,4.878,5.35
8367714.41,19904,0.454,4.614,5.068
8367717.16,19903,0.12,5.954,6.074
8367777.26,19902,0.293,5.33,5.623
8367778.36,19904,0.096,4.608,4.704
8367798.69,19903,0.745,5.098,5.843
8367799.17,19902,0.086,4.79,4.876
8367815.51,19904,0.245,4.37,4.614
8367882.97,19903,0.216,4.65,4.866
8367898.54,19902,0.312,9.542,9.853
8367914.9,19904,0.44,8.333,8.773
8367947.49,19903,1.728,4.75,6.478
8367952.85,19902,0.196,4.423,4.619
8367976.67,19904,0.229,5.54,5.77
8367978.68,19903,0.229,5.738,5.967
8368016.41,19902,0.207,4.225,4.431
8368028.71,19904,0.167,4.687,4.853
8368029.06,19903,0.152,4.704,4.856
8368040.32,19902,0.303,4.629,4.932
8368046.62,19904,0.211,4.522,4.733
8368065.34,19903,0.378,4.781,5.159
8368069.36,19902,0.089,6.17,6.259
8368077.5,19904,0.125,7.436,7.561
8368080.15,19902,0.105,6.46,6.565
8368104.77,19903,0.248,5.417,5.664
8368108.39,19904,0.155,5.698,5.852
8368147.18,19902,0.603,7.458,8.061
8368162.24,19903,0.774,4.313,5.087
8368182.5,19904,0.404,4.31,4.714
8368187.74,19902,0.292,4.296,4.587
8368229.69,19903,0.346,15.921,16.267
8368252.94,19904,0.511,6.798,7.309
8368254.87,19902,0.104,5.2,5.304
8368260.09,19903,0.127,4.398,4.525
8368282.68,19904,0.228,5.274,5.502
8368328.16,19902,0.154,9.87,10.025
8368330.66,19903,0.295,5.293,5.588
8368350.46,19904,0.303,4.898,5.201
8368350.84,19902,0.157,5.159,5.316
8368355.88,19903,0.249,3.993,4.242
8368401.08,19904,0.264,9.627,9.891
8368413.67,19902,0.239,6.657,6.897
8368489.21,19903,0.484,14.609,15.093
8368493.63,19904,0.199,11.334,11.533
8368495.61,19902,0.12,8.292,8.412
8368512.99,19903,0.131,8.198,8.328
8368530.68,19904,0.085,6.453,6.538
8368538.12,19902,0.164,16.341,16.505
8368561.37,19903,0.16,12.297,12.456
8368563.1,19904,0.108,10.09,10.199
8368583.35,19903,0.11,12.371,12.481
8368585.44,19902,1.583,16.238,17.82
8368607.08,19904,0.176,8.293,8.47
8368646.9,19903,0.17,6.192,6.361
8368716.67,19902,0.307,5.276,5.582
8368755.51,19904,0.704,8.649,9.353
8368767.44,19903,0.329,8.947,9.276
8368780.64,19902,0.22,4.804,5.023
8368839.84,19904,0.681,10.302,10.982
8368844.05,19903,1.065,13.443,14.509
8368853.51,19902,1.55,9.173,10.722
8368981.47,19904,0.262,9.586,9.848
8368988.78,19903,0.304,6.761,7.065
8369074.57,19902,0.933,10.176,11.109
8369138.8,19904,0.347,4.632,4.979
8369201.61,19903,0.329,4.181,4.51
8369237.67,19902,1.278,9.239,10.517
8369285.38,19904,0.739,5.781,6.521
8369317.54,19903,0.618,9.809,10.427
8369489.87,19902,0.617,9.91,10.527
8369533.93,19904,0.338,5.268,5.606
8369569.75,19903,0.214,5.302,5.516
8369587.95,19902,0.115,3.975,4.091
8369626.99,19904,0.517,9.405,9.922
8369633.04,19903,0.223,9.46,9.683
8369635.7,19902,0.11,10.293,10.403
8369637.66,19904,0.128,7.777,7.905
8369660.72,19903,0.148,6.184,6.332
8369663.09,19904,0.091,4.941,5.032
8369666.07,19902,0.9,8.984,9.884
8369669.88,19903,0.105,5.222,5.326
8369670.74,19902,0.062,4.398,4.461
8369708.96,19904,0.474,10.0,10.474
8369757.2,19903,0.353,4.549,4.902
8369769.47,19902,0.288,5.61,5.898
8369776.1,19904,0.284,5.592,5.876
8369780.8,19903,0.208,4.506,4.715
8369785.34,19902,0.166,4.184,4.35
8369787.77,19904,0.067,4.037,4.104
8369795.14,19902,0.245,3.957,4.202
8369805.75,19904,0.096,4.477,4.573
8369806.41,19903,0.089,7.252,7.341
8369842.15,19902,0.149,4.752,4.901
8369861.06,19904,0.448,7.98,8.427
8369874.06,19903,0.534,8.478,9.011
8369885.89,19902,0.553,5.382,5.935
8369914.7,19904,0.141,4.449,4.59
8369923.35,19903,0.107,8.792,8.899
8369944.66,19902,0.409,6.3,6.709
8369960.52,19904,0.187,6.24,6.427
8369964.93,19904,1.841,4.273,6.114
8369967.71,19903,0.921,9.6,10.521
8370025.09,19902,0.449,8.611,9.06
8370028.72,19904,0.208,7.91,8.118
8370030.45,19903,0.138,7.114,7.252
8370036.4,19902,0.158,5.606,5.764
8370041.36,19904,0.157,4.428,4.585
8370082.96,19903,0.395,5.157,5.551
8370097.3,19902,0.292,5.976,6.268
8370102.67,19904,0.142,4.399,4.541
8370124.14,19903,0.144,4.161,4.305
8370126.81,19902,0.084,3.973,4.057
8370138.69,19903,0.209,4.209,4.417
8370155.91,19904,0.287,7.629,7.915
8370158.77,19902,0.202,5.473,5.675
8370190.47,19903,0.451,7.532,7.983
8370202.96,19904,0.329,7.473,7.803
8370216.43,19902,0.239,4.116,4.355
8370220.76,19904,1.194,3.999,5.193
8370222.89,19902,1.823,4.815,6.638
8370222.94,19903,1.793,6.301,8.095
8370236.52,19904,0.205,7.826,8.032
8370237.03,19902,0.111,5.623,5.734
8370240.34,19903,0.101,4.272,4.373
8370259.68,19904,0.282,6.073,6.354
8370266.87,19902,0.154,6.131,6.284
8370301.78,19903,0.284,4.717,5.001
8370317.31,19904,0.203,6.501,6.704
8370348.92,19902,0.473,10.146,10.619
8370357.66,19903,0.31,14.515,14.825
8370359.61,19904,0.157,9.348,9.505
8370361.68,19902,0.268,6.147,6.415
8370373.06,19904,0.088,8.024,8.113
8370398.62,19903,0.209,4.248,4.458
8370403.78,19902,0.279,3.98,4.259
8370410.91,19904,0.174,4.756,4.93
8370412.99,19903,0.154,4.441,4.595
8370416.11,19902,0.135,4.145,4.28
8370454.25,19903,0.131,4.382,4.513
8370459.52,19904,0.098,4.176,4.274
8370463.79,19902,0.961,4.043,5.005
8370471.66,19903,0.1,4.141,4.24
8370485.64,19904,0.3,4.473,4.773
8370491.96,19902,0.204,4.178,4.382
8370512.36,19903,0.383,6.727,7.111
8370517.47,19904,0.145,11.624,11.769
8370518.86,19902,1.497,6.313,7.81
8370520.6,19903,0.163,6.388,6.551
8370538.6,19902,0.123,4.525,4.648
8370584.48,19904,0.516,9.64,10.155
8370593.26,19903,0.19,7.814,8.004
8370620.27,19902,0.139,4.41,4.549
8370633.67,19904,0.234,4.224,4.458
8370643.07,19903,0.101,4.557,4.659
8370647.81,19902,0.118,4.938,5.056
8370668.63,19903,0.427,8.409,8.836
8370712.77,19902,1.193,4.471,5.664
8370714.88,19903,0.064,5.027,5.091
8370715.28,19904,0.455,7.978,8.433
8370732.15,19902,0.223,4.949,5.172
8370766.96,19903,0.341,4.277,4.618
8370773.6,19904,0.209,4.068,4.277
8370799.37,19902,0.255,5.399,5.654
8370830.44,19904,0.196,7.173,7.369
8370833.58,19903,0.5,13.13,13.63
8370836.75,19902,0.173,5.879,6.052
8370872.08,19904,0.292,5.853,6.145
8370926.67,19903,0.269,9.006,9.275
8370945.46,19902,0.21,4.26,4.47
8370985.77,19904,0.323,7.106,7.429
8371008.6,19903,0.216,12.572,12.788
8371010.93,19902,0.606,12.596,13.202
8371013.22,19904,0.222,10.898,11.12
8371019.3,19902,4.93,8.239,13.169
8371019.49,19903,5.222,7.407,12.629
8371025.47,19904,0.112,3.991,4.103
8371033.2,19903,0.095,7.033,7.128
8371034.53,19902,0.097,4.363,4.46
8371043.42,19904,0.203,4.152,4.355
8371054.95,19903,0.162,4.293,4.455
8371056.05,19902,0.113,4.045,4.158
8371063.57,19904,0.274,4.189,4.463
8371104.48,19903,0.184,4.197,4.381
8371107.16,19902,0.6,4.035,4.635
8371114.57,19903,0.172,4.054,4.226
8371168.63,19904,0.278,8.142,8.42
8371174.32,19902,1.343,5.421,6.764
8371183.06,19903,0.12,8.159,8.279
8371183.25,19904,0.056,6.13,6.186
8371235.8,19902,0.364,9.908,10.272
8371250.99,19903,0.33,5.775,6.105
8371273.26,19904,0.108,5.464,5.573
8371278.48,19902,0.256,4.175,4.431
8371319.28,19903,0.613,11.836,12.449
8371341.8,19904,0.163,4.299,4.462
8371357.64,19902,0.21,4.072,4.281
8371375.84,19903,0.159,7.88,8.039
8371424.17,19904,0.259,8.308,8.568
8371428.65,19902,2.034,9.388,11.421
8371469.39,19903,0.283,9.301,9.584
8371491.04,19904,0.496,9.256,9.752
8371513.02,19902,0.114,4.207,4.321
8371571.36,19903,0.628,10.756,11.385
8371648.1,19904,1.376,9.0,10.376
8371707.27,19902,0.37,13.558,13.927
8371717.68,19903,0.409,4.917,5.326
8371737.7,19904,0.254,7.779,8.033
8371769.4,19902,0.251,5.539,5.79
8371802.34,19903,0.794,8.795,9.589
8371839.86,19904,0.164,4.608,4.772
8371847.32,19902,0.281,4.776,5.058
8371849.98,19903,0.256,4.617,4.873
8371862.63,19904,0.224,5.861,6.084
8371929.57,19902,0.206,5.24,5.446
8371934.66,19903,0.14,4.284,4.424
8371964.94,19904,0.496,7.417,7.913
8372005.88,19902,0.775,6.31,7.085
8372007.16,19903,0.496,5.63,6.126
8372086.62,19904,0.406,13.364,13.771
8372117.37,19902,0.173,6.518,6.691
8372164.37,19903,0.446,9.404,9.85
8372244.45,19904,1.9,12.679,14.58
8372246.83,19902,0.329,11.873,12.202
8372261.19,19903,2.18,4.017,6.197
8372280.76,19904,0.201,5.828,6.029
8372293.36,19902,0.472,7.202,7.674
8372398.77,19903,0.807,10.05,10.856
8372410.77,19904,0.174,5.091,5.265
8372415.12,19902,2.168,4.126,6.295
8372423.44,19903,0.174,4.013,4.187
8372485.67,19904,0.238,9.201,9.439
8372562.6,19902,0.242,8.506,8.748
8372574.31,19903,0.453,5.75,6.203
8372646.46,19904,0.371,9.894,10.264
8372736.97,19902,0.285,10.052,10.337
8372765.56,19903,0.341,8.414,8.755
8372766.6,19904,0.176,7.016,7.192
8372833.05,19902,0.323,4.581,4.904
8372924.73,19904,0.292,4.32,4.612
8373253.18,19903,0.372,6.18,6.552
8373412.05,19902,0.371,5.35,5.721
8373426.77,19904,0.275,4.109,4.384
8373427.65,19903,0.574,4.09,4.664
8373490.94,19902,2.021,12.281,14.303
8373496.61,19904,0.191,16.258,16.449
8373504.24,19903,0.166,3.987,4.153
8373579.42,19902,0.385,7.132,7.516
8373604.11,19904,0.311,4.019,4.33
8373674.06,19903,1.318,4.615,5.933
8373694.46,19902,0.31,4.909,5.219
8373759.31,19904,0.169,6.01,6.179
8373761.51,19903,1.133,4.524,5.657
8373794.35,19902,0.588,8.587,9.175
8373819.56,19903,0.29,8.312,8.602
8373822.21,19904,0.367,13.665,14.032
8373867.38,19902,0.199,5.43,5.629
8373924.59,19903,0.297,6.446,6.743
8373950.94,19904,0.258,7.156,7.414
8373990.36,19902,1.474,11.437,12.911
8374002.35,19903,0.721,8.48,9.201
8374017.67,19904,0.258,4.134,4.392
8374044.33,19902,0.28,7.626,7.905
8374060.81,19903,0.362,8.076,8.438
8374172.3,19904,0.248,6.442,6.69
8374272.06,19902,0.254,5.861,6.116
8374279.94,19903,0.14,4.148,4.288
8374427.28,19904,0.196,10.432,10.628
8374447.04,19902,0.151,4.17,4.321
8374455.62,19903,0.273,4.203,4.476
8374472.32,19904,0.341,4.728,5.069
8374728.27,19902,0.35,5.473,5.823
8374858.9,19903,0.36,4.136,4.496
8374859.91,19904,0.144,4.618,4.761
8374865.34,19902,0.114,4.151,4.265
8374866.72,19903,0.185,4.095,4.28
8374914.17,19904,0.268,8.707,8.975
8374924.87,19902,0.416,5.46,5.876
8374948.17,19903,0.268,4.363,4.631
8374972.56,19904,0.236,7.805,8.041
8375096.51,19902,0.274,5.226,5.5
8375160.46,19903,0.628,9.377,10.005
8375180.53,19904,0.49,6.139,6.63
8375248.15,19902,0.616,14.192,14.808
8375338.81,19903,0.182,4.407,4.589
8375357.69,19904,0.215,4.318,4.533
8375401.72,19902,0.372,9.393,9.765
8375424.43,19903,0.156,4.472,4.628
8375438.72,19904,0.229,4.163,4.391
8375477.26,19902,0.399,10.002,10.401
8375512.31,19903,0.423,4.03,4.453
8375575.85,19904,0.619,9.214,9.833
8375625.29,19902,0.286,5.66,5.946
8375639.82,19903,0.686,8.065,8.751
8375667.75,19904,0.211,7.225,7.436
8375812.65,19902,0.513,8.957,9.469
8375835.22,19903,0.14,4.4,4.54
8375866.64,19904,0.243,6.648,6.891
8375867.52,19902,0.51,5.585,6.095
8375884.3,19903,0.346,6.779,7.124
8375886.06,19904,0.164,6.148,6.312
8375902.75,19903,0.265,4.422,4.688
8375903.21,19902,0.19,9.89,10.079
8375906.04,19904,1.985,3.965,5.95
8376050.39,19903,0.469,7.98,8.449
8376059.73,19902,0.439,7.777,8.216
8376072.39,19904,0.552,8.061,8.613
8376081.03,19903,0.136,4.797,4.933
8376087.07,19902,0.183,4.057,4.24
8376094.41,19904,0.179,5.855,6.034
8376096.96,19903,1.876,4.868,6.743
8376098.04,19902,1.537,4.211,5.748
8376103.94,19904,0.204,4.123,4.327
8376105.88,19903,0.094,4.204,4.298
8376113.91,19904,0.243,4.129,4.371
8376132.58,19902,0.198,6.016,6.215
8376133.2,19903,0.164,5.671,5.835
8376169.02,19904,0.291,5.317,5.608
8376202.92,19902,0.219,5.243,5.462
8376218.46,19903,0.197,8.089,8.286
8376253.62,19904,0.238,4.273,4.511
8376264.55,19902,0.249,4.479,4.727
8376273.89,19903,0.136,3.975,4.111
8376285.95,19904,0.136,4.149,4.285
8376297.64,19902,0.101,5.379,5.48
8376306.52,19903,0.281,7.321,7.601
8376313.56,19904,0.231,5.667,5.898
8376323.34,19902,0.077,6.194,6.271
8376340.71,19903,0.162,4.149,4.311
8376354.49,19904,0.261,4.38,4.641
8376369.82,19902,0.147,6.449,6.597
8376419.16,19903,0.284,4.476,4.76
8376419.34,19904,0.077,4.013,4.09
8376447.56,19902,0.143,5.698,5.841
8376448.39,19903,0.158,5.088,5.246
8376517.73,19904,0.314,5.397,5.711
8376520.79,19902,0.556,7.254,7.809
8376528.56,19903,0.137,4.325,4.462
8376533.45,19904,0.143,4.628,4.771
8376545.25,19902,0.248,6.213,6.461
8376545.8,19903,0.162,5.715,5.877
8376568.58,19904,0.129,4.319,4.448
8376612.76,19902,0.219,8.783,9.003
8376618.95,19903,0.285,7.58,7.865
8376620.51,19902,0.182,6.978,7.159
8376634.12,19904,0.742,4.803,5.544
8376640.69,19903,0.256,4.361,4.617
8376696.3,19902,0.75,9.868,10.618
8376744.22,19904,0.203,4.214,4.417
8376778.97,19903,0.375,8.029,8.404
8376783.52,19902,0.229,8.182,8.411
8376796.49,19904,0.327,5.499,5.826
8376802.31,19903,0.244,4.131,4.375
8376808.14,19902,0.165,3.928,4.094
8376861.81,19904,0.499,10.425,10.925
8376888.95,19903,0.143,4.164,4.307
8376897.81,19902,0.104,4.55,4.654
8377086.88,19904,0.429,6.443,6.872
8377087.28,19903,0.159,6.515,6.673
8377172.69,19904,0.193,6.419,6.612
8377173.79,19902,0.289,9.105,9.394
8377175.94,19903,0.095,7.751,7.846
8377203.6,19904,0.281,10.79,11.071
8377216.21,19902,0.117,5.861,5.977
8377243.78,19903,0.151,4.098,4.249
8377291.73,19904,0.277,8.313,8.59
8377414.3,19902,0.319,6.975,7.294
8377467.93,19904,0.37,6.386,6.756
8377469.9,19903,1.038,10.739,11.777
8377478.8,19902,0.253,4.341,4.594
8377560.38,19904,0.4,6.393,6.792
8377568.85,19903,0.271,4.405,4.676
8377588.49,19902,0.308,5.463,5.772
8377675.9,19904,0.623,6.849,7.472
8377730.93,19903,0.252,5.555,5.807
8377751.42,19902,0.26,4.972,5.232
8377764.39,19904,0.303,5.546,5.849
8377771.16,19903,0.18,4.752,4.931
8377781.9,19902,0.183,5.253,5.435
8377807.0,19904,0.259,7.535,7.794
8377816.76,19903,0.192,5.001,5.194
8377830.74,19902,0.143,4.663,4.806
8377862.46,19904,0.425,7.799,8.224
8377862.71,19903,0.237,7.598,7.835
8377876.95,19902,0.281,6.931,7.211
8377882.94,19904,0.144,4.571,4.715
8377896.08,19903,0.107,4.135,4.242
8377930.81,19902,0.291,9.465,9.756
8377933.51,19904,0.167,8.329,8.495
8377965.57,19903,0.293,5.449,5.742
8378008.94,19902,0.407,6.323,6.731
8378009.94,19904,0.179,5.918,6.097
8378040.12,19903,0.387,10.191,10.578
8378099.33,19902,0.448,9.947,10.395
8378154.86,19904,0.238,5.509,5.747
8378157.31,19903,0.124,4.219,4.344
8378185.98,19902,0.21,10.049,10.259
8378186.36,19904,0.223,8.148,8.37
8378200.1,19903,0.384,7.457,7.841
8378207.11,19902,0.215,6.609,6.825
8378215.51,19904,0.207,4.223,4.431
8378224.59,19903,0.22,4.082,4.302
8378241.39,19902,0.293,4.227,4.52
8378272.74,19903,0.438,7.066,7.504
8378272.83,19904,0.5,9.109,9.609
8378285.52,19904,0.283,6.932,7.215
8378287.96,19902,0.459,10.341,10.8
8378348.54,19903,0.349,12.515,12.864
8378351.8,19904,0.283,8.361,8.644
8378357.26,19903,0.123,8.401,8.524
8378358.16,19902,0.12,12.024,12.145
8378362.06,19903,0.786,4.616,5.402
8378364.9,19904,0.765,9.812,10.576
8378372.14,19903,0.094,4.578,4.673
8378374.24,19902,0.107,7.312,7.42
8378378.71,19904,0.846,7.485,8.332
8378381.23,19903,0.087,6.111,6.198
8378419.36,19902,0.187,9.709,9.896
8378478.54,19904,0.301,4.298,4.599
8378514.91,19903,0.21,4.443,4.653
8378518.57,19902,0.128,4.335,4.463
8378584.34,19903,0.306,6.37,6.676
8378596.31,19904,0.196,4.319,4.515
8378630.52,19902,0.434,5.945,6.379
8378632.83,19903,0.181,4.741,4.922
8378714.25,19904,0.908,5.306,6.215
8378717.08,19902,0.234,6.505,6.739
8378719.21,19903,0.106,4.399,4.505
8378753.24,19904,0.272,9.649,9.921
8378758.49,19902,3.198,8.287,11.485
8378765.08,19903,0.169,11.789,11.957
8378803.76,19904,0.184,5.391,5.575
8378804.77,19902,0.157,5.222,5.38
8378847.51,19903,0.356,8.257,8.614
8378850.57,19904,0.149,9.219,9.367
8378856.82,19902,1.562,6.021,7.584
8378859.4,19903,0.074,4.99,5.064
8378880.43,19904,0.121,4.164,4.286
8378938.54,19902,0.325,8.325,8.65
8378945.6,19903,0.118,5.672,5.79
8378993.48,19904,0.313,11.586,11.899
8379000.98,19902,0.406,7.899,8.305
8379016.86,19904,0.404,10.449,10.852
8379018.69,19903,0.095,8.73,8.824
8379021.62,19902,0.458,4.099,4.556
8379027.27,19904,0.086,4.177,4.262
8379043.47,19903,0.231,4.097,4.328
8379050.81,19902,0.41,4.347,4.757
8379056.61,19904,0.266,4.288,4.554
8379061.38,19903,0.29,4.396,4.685
8379093.36,19902,0.44,8.021,8.46
8379099.1,19904,0.151,5.452,5.603
8379105.45,19903,0.121,4.218,4.339
8379112.44,19902,0.097,4.018,4.115
8379127.17,19904,0.101,4.815,4.916
8379128.28,19903,0.275,4.303,4.578
8379144.33,19902,0.183,5.375,5.557
8379169.19,19904,0.379,10.694,11.073
8379189.46,19903,0.093,4.264,4.357
8379195.43,19902,0.12,4.093,4.214
8379206.05,19904,0.097,4.066,4.163
8379216.43,19903,0.188,6.582,6.77
8379221.14,19902,0.19,5.881,6.071
8379224.02,19903,0.144,5.24,5.384
8379267.38,19904,0.133,4.286,4.418
8379271.68,19902,0.601,4.121,4.722
8379281.04,19903,0.102,6.065,6.167
8379298.15,19904,0.303,6.759,7.062
8379318.21,19902,0.324,9.967,10.291
8379335.26,19904,0.265,9.411,9.676
8379336.42,19903,0.321,13.174,13.494
8379341.17,19902,0.753,6.989,7.742
8379346.32,19904,0.105,4.596,4.702
8379351.19,19903,0.663,4.018,4.68
8379365.96,19902,0.144,3.982,4.126
8379422.77,19904,0.659,9.379,10.038
8379438.6,19903,0.108,4.119,4.227
8379452.98,19902,0.198,4.274,4.473
8379458.65,19904,0.101,4.129,4.23
8379470.76,19903,0.261,4.796,5.057
8379472.31,19902,0.189,4.129,4.317
8379496.6,19904,0.409,9.081,9.49
8379517.66,19903,0.126,6.461,6.588
8379531.73,19902,0.143,5.091,5.234
8379532.1,19904,0.969,3.976,4.945
8379536.23,19903,1.105,4.331,5.436
8379544.84,19904,0.244,4.135,4.38
8379556.5,19902,0.105,4.253,4.358
8379561.23,19903,0.127,4.016,4.143
8379578.43,19904,0.186,7.649,7.835
8379582.53,19903,1.969,6.418,8.387
8379586.29,19902,1.612,11.984,13.595
8379586.92,19904,0.671,4.211,4.882
8379595.78,19903,0.133,4.132,4.265
8379603.29,19902,0.139,4.085,4.224
8379671.25,19904,0.363,10.386,10.749
8379698.47,19903,0.664,4.488,5.151
8379775.82,19902,2.287,11.081,13.368
8379785.71,19904,0.264,7.317,7.581
8379789.29,19903,0.957,5.131,6.089
8379819.69,19904,0.347,7.392,7.738
8379928.18,19902,0.443,7.921,8.364
8379980.51,19903,0.216,8.078,8.294
8380082.15,19904,0.526,10.575,11.101
8380096.08,19902,0.554,8.33,8.884
8380183.72,19903,0.234,4.945,5.179
8380189.32,19904,0.193,4.047,4.24
8380230.02,19902,0.456,11.532,11.988
8380259.95,19903,0.604,13.001,13.605
8380285.43,19904,0.141,4.178,4.319
8380510.35,19902,0.329,9.369,9.698
8380589.82,19903,0.527,8.309,8.836
8380630.99,19904,0.399,4.324,4.723
8380662.06,19902,0.381,6.671,7.053
8380718.12,19903,0.269,5.902,6.171
8380802.82,19904,0.357,4.05,4.407
8380950.96,19902,0.352,6.464,6.816
8380999.26,19903,0.816,10.702,11.518
8381132.96,19904,0.468,6.498,6.967
8381141.49,19902,0.363,4.063,4.426
8381152.66,19903,0.148,4.931,5.08
8381166.45,19904,0.297,5.205,5.502
8381205.68,19902,0.817,8.176,8.993
8381275.48,19903,0.91,11.066,11.976
8381283.7,19904,1.649,8.878,10.526
8381356.87,19902,0.351,10.792,11.143
8381358.34,19903,0.993,12.945,13.937
8381455.77,19904,0.238,8.414,8.652
8381505.9,19902,0.49,4.443,4.933
8381509.03,19903,0.137,4.358,4.494
8381552.77,19904,0.382,4.047,4.429
8381602.3,19902,0.413,8.97,9.382
8381661.67,19903,0.312,8.56,8.872
8381699.04,19904,0.204,4.175,4.379
8381744.69,19902,0.288,7.77,8.058
8381784.05,19903,0.344,4.058,4.402
8381861.14,19904,0.235,4.563,4.798
8381866.49,19902,0.139,4.119,4.258
8382043.49,19903,0.355,5.593,5.948
8382113.08,19904,0.213,8.445,8.657
8382125.86,19902,0.329,5.2,5.53
8382147.38,19903,0.286,10.774,11.061
8382161.72,19904,0.138,4.113,4.251
8382165.13,19902,0.086,3.985,4.07
8382185.48,19904,0.16,8.712,8.872
8382185.67,19903,0.126,6.878,7.004
8382278.59,19902,0.341,6.806,7.147
8382345.73,19904,0.319,4.046,4.364
8382431.94,19902,0.261,6.287,6.548
8382432.62,19903,0.969,7.349,8.318
8382500.49,19904,0.316,5.193,5.509
8382517.7,19902,0.321,5.043,5.364
8382530.89,19903,0.296,6.876,7.172
8382554.65,19904,0.993,5.983,6.976
8382648.98,19902,0.527,4.289,4.816
8382722.73,19903,0.447,13.886,14.332
8382733.07,19904,0.356,4.858,5.214
8382771.96,19902,1.058,11.71,12.768
8383003.25,19903,0.251,4.596,4.847
8383088.18,19904,0.466,4.499,4.965
8383102.69,19902,0.454,6.627,7.081
8383164.47,19904,0.115,4.286,4.401
8383164.8,19903,0.518,6.43,6.947
8383269.21,19902,0.415,8.951,9.366
8383353.72,19904,0.54,11.463,12.004
8383364.75,19903,0.526,6.041,6.567
8383497.29,19902,0.209,7.643,7.852
8383533.68,19904,0.294,6.289,6.582
8383600.07,19903,0.599,11.444,12.043
8383729.88,19902,0.334,4.056,4.39
8383762.64,19904,0.443,4.392,4.836
8383808.45,19903,0.3,4.185,4.486
8383882.81,19902,0.288,4.102,4.39
8383892.79,19904,0.194,4.714,4.908
8383963.42,19903,0.191,5.088,5.279
8384021.6,19902,0.418,5.921,6.339
8384051.3,19904,0.409,4.405,4.814
8384104.2,19903,0.188,4.392,4.58
8384119.86,19902,0.242,4.316,4.558
8384127.19,19904,0.155,4.118,4.273
8384137.03,19903,0.157,4.274,4.431
8384147.99,19902,0.099,4.976,5.076
8384151.58,19904,0.315,5.314,5.629
8384165.66,19903,0.161,5.196,5.357
8384189.17,19902,0.119,8.447,8.566
8384189.64,19904,0.064,6.497,6.562
8384205.26,19903,0.116,4.322,4.438
8384220.58,19902,0.323,5.637,5.961
8384250.26,19904,0.244,9.883,10.127
8384251.53,19903,0.154,6.566,6.72
8384253.81,19902,2.295,4.722,7.018
8384274.13,19904,0.138,4.135,4.273
8384294.6,19903,0.258,4.049,4.306
8384295.03,19902,0.085,4.313,4.398
8384306.85,19904,0.147,4.298,4.445
8384317.47,19903,0.482,5.089,5.571
8384339.25,19902,0.276,4.35,4.626
8384361.61,19904,0.231,4.284,4.516
8384364.87,19903,0.14,4.156,4.296
8384370.59,19902,0.11,4.151,4.261
8384378.41,19904,0.138,4.291,4.429
8384419.49,19903,0.166,8.078,8.244
8384457.9,19902,0.302,5.645,5.947
8384479.83,19904,0.285,10.604,10.889
8384489.59,19903,0.169,7.336,7.505
8384545.32,19902,0.547,7.02,7.567
8384553.04,19904,0.148,4.377,4.525
8384562.24,19903,0.148,5.938,6.086
8384576.4,19902,0.132,4.178,4.311
8384594.94,19904,0.219,4.894,5.113
8384609.0,19903,0.248,4.166,4.414
8384635.84,19904,0.243,8.515,8.758
8384637.1,19902,0.628,12.067,12.695
8384660.19,19903,0.178,4.056,4.235
8384666.94,19904,0.108,4.168,4.276
8384697.69,19902,0.466,6.484,6.95
8384749.75,19903,0.278,5.292,5.57
8384775.03,19904,0.256,5.05,5.307
8384799.26,19902,0.346,8.354,8.7
8384824.77,19903,0.297,4.026,4.324
8384834.94,19904,0.29,4.723,5.012
8384858.36,19902,0.306,4.299,4.605
8384859.89,19903,0.094,4.607,4.701
8384878.95,19904,0.133,4.372,4.505
8384883.18,19902,1.143,4.017,5.161
8384924.55,19903,0.348,5.794,6.142
8384929.65,19902,0.113,5.005,5.117
8384930.0,19904,0.177,7.895,8.072
8384932.22,19903,0.661,4.128,4.788
8384960.42,19904,0.178,12.904,13.082
8384960.51,19902,0.245,15.047,15.292
8384976.05,19903,0.165,6.048,6.213
8384977.47,19902,0.067,5.291,5.358
8384980.52,19904,0.098,4.092,4.19
8385054.49,19902,0.215,4.158,4.374
8385072.9,19903,0.186,5.077,5.263
8385075.41,19904,0.276,4.27,4.546
8385084.42,19903,0.142,4.38,4.521
8385090.36,19902,0.121,5.013,5.134
8385113.39,19904,0.466,9.612,10.078
8385127.25,19903,0.198,6.946,7.144
8385131.44,19903,0.371,4.073,4.443
8385133.89,19902,0.462,6.8,7.262
8385186.58,19904,0.622,9.598,10.22
8385203.48,19903,1.048,10.148,11.196
8385204.19,19902,0.137,6.19,6.326
8385211.66,19904,0.132,4.285,4.417
8385227.61,19903,0.108,4.128,4.236
8385229.19,19902,0.095,4.274,4.37
8385276.34,19904,0.309,9.321,9.631
8385326.08,19903,0.39,5.671,6.061
8385530.46,19902,0.533,8.03,8.563
8385719.45,19904,0.278,4.61,4.887
8385754.92,19903,0.802,10.198,11.0
8385786.35,19902,0.253,4.134,4.387
8385803.96,19904,0.256,4.6,4.856
8385864.49,19903,0.78,4.994,5.774
8385870.82,19902,0.222,4.513,4.735
8385949.49,19904,0.282,5.178,5.461
8385979.73,19903,0.317,8.78,9.096
8385982.49,19902,0.251,7.203,7.454
8386043.04,19904,0.246,4.545,4.792
8386048.29,19903,0.17,4.246,4.416
8386067.73,19902,0.211,5.905,6.115
8386098.81,19904,0.412,4.511,4.923
8386104.84,19903,0.205,4.802,5.007
8386205.87,19902,0.264,4.065,4.329
8386259.49,19904,0.201,4.156,4.357
8386329.82,19903,0.471,7.924,8.396
8386337.55,19902,0.311,7.003,7.315
8386447.07,19904,0.37,4.234,4.604
8386449.12,19903,0.098,4.08,4.177
8386476.61,19902,0.4,8.862,9.261
8386529.44,19904,0.201,4.517,4.717
8386562.38,19903,0.471,7.742,8.213
8386579.98,19902,0.762,4.443,5.205
8386641.78,19904,0.859,12.916,13.775
8386689.04,19903,0.363,5.619,5.982
8386751.71,19902,0.203,5.337,5.54
8386816.44,19904,0.204,6.687,6.89
8386849.93,19903,0.186,4.556,4.743
8386857.77,19902,0.364,5.098,5.461
8386942.81,19904,0.535,8.998,9.532
8387007.56,19903,0.427,4.886,5.313
8387038.53,19902,0.401,5.46,5.862
8387073.93,19904,0.32,5.192,5.512
8387184.26,19903,0.339,9.578,9.918
8387187.98,19902,0.464,8.371,8.834
8387202.6,19904,0.353,7.926,8.279
8387337.08,19903,0.264,6.519,6.783
8387566.45,19902,0.256,8.144,8.399
8387566.53,19904,0.087,6.322,6.408
8387575.24,19903,0.235,4.684,4.919
8387618.53,19902,0.168,4.172,4.34
8387622.33,19904,0.082,4.169,4.251
8387727.6,19902,0.235,4.141,4.376
8387849.65,19903,1.182,12.701,13.884
8387937.3,19904,0.602,8.523,9.125
8388065.04,19902,0.323,7.605,7.928
8388087.18,19903,0.558,7.686,8.245
8388102.29,19904,0.224,6.596,6.82
8388200.52,19902,0.86,10.017,10.878
8388384.5,19903,0.177,4.212,4.388
8388467.77,19904,0.412,9.969,10.38
8388469.38,19902,2.598,9.053,11.651
8388482.88,19903,0.278,4.349,4.627
8388529.94,19904,0.516,10.181,10.697
8388682.43,19902,0.452,8.01,8.462
8388780.16,19903,1.173,4.984,6.157
8388820.72,19904,0.261,7.321,7.583
8388956.93,19902,0.285,5.109,5.394
8389014.79,19903,0.302,7.967,8.269
8389056.61,19904,0.306,4.185,4.492
8389088.37,19902,0.349,4.327,4.675
8389115.17,19903,0.124,4.56,4.683
8389124.32,19904,0.221,4.136,4.357
8389132.47,19902,0.231,4.325,4.556
8389151.01,19903,0.244,6.688,6.933
8389171.53,19904,0.275,4.169,4.444
8389190.7,19902,0.276,4.405,4.681
8389246.29,19903,1.444,8.809,10.253
8389249.21,19904,2.128,6.033,8.161
8389273.22,19902,0.189,4.838,5.027
8389294.14,19903,0.178,4.827,5.005
8389335.45,19904,0.199,4.615,4.814
8389404.99,19902,0.583,11.05,11.633
8389480.54,19903,0.295,5.174,5.469
8389671.67,19904,0.249,5.068,5.317
8389704.79,19902,0.4,7.836,8.236
8389724.33,19903,0.269,9.855,10.125
8389745.12,19904,0.165,4.436,4.6
8389763.5,19902,0.353,4.083,4.436
8389798.79,19903,0.249,7.805,8.054
8389883.95,19904,0.602,8.145,8.747
8389904.57,19902,0.271,4.123,4.394
8389929.72,19903,0.267,4.117,4.384
8389958.19,19904,0.474,6.022,6.496
8389980.86,19902,0.131,4.182,4.314
8390032.26,19903,0.531,9.293,9.823
8390207.88,19904,0.405,8.71,9.115
8390227.15,19902,0.152,4.126,4.278
8390269.72,19903,0.277,8.845,9.121
8390284.69,19904,0.22,7.005,7.225
8390338.05,19902,0.205,7.624,7.829
8390357.35,19903,0.369,9.507,9.876
8390396.38,19904,0.877,4.144,5.021
8390447.03,19902,0.63,15.634,16.264
8390644.8,19903,0.401,4.006,4.406
8390669.63,19904,0.282,8.007,8.289
8390689.02,19902,0.436,7.284,7.72
8390691.84,19903,1.489,5.742,7.231
8390705.51,19904,0.116,3.994,4.11
8390773.26,19902,0.461,5.609,6.07
8390780.75,19903,0.156,4.188,4.344
8390789.23,19904,0.09,5.067,5.157
8390794.89,19902,0.105,4.384,4.489
8390798.89,19903,0.125,5.283,5.408
8390819.42,19904,0.167,6.564,6.731
8390827.05,19902,0.262,5.844,6.107
8390890.6,19903,0.259,5.533,5.792
8390894.72,19904,0.167,6.154,6.321
8390905.86,19902,0.175,5.986,6.161
8390919.69,19903,0.328,9.876,10.204
8390955.9,19904,0.647,5.142,5.789
8390961.35,19902,0.221,4.142,4.364
8390972.27,19903,0.233,4.333,4.567
8391034.63,19904,0.162,4.293,4.454
8391049.06,19902,0.223,4.266,4.489
8391217.65,19903,0.203,4.298,4.501
8391241.45,19904,0.245,4.276,4.521
8391297.17,19902,0.206,6.559,6.765
8391545.83,19903,0.378,7.628,8.006
8391546.53,19904,0.163,7.935,8.098
8391565.52,19902,1.01,8.138,9.148
8391688.64,19903,0.461,4.151,4.612
8391739.28,19904,0.336,4.823,5.159
8391750.17,19902,0.146,4.405,4.551
8391797.4,19903,0.346,6.903,7.249
8391840.76,19904,0.362,4.798,5.16
8391942.44,19902,0.565,7.136,7.7
8392062.47,19903,0.291,6.056,6.347
8392166.4,19904,0.45,4.212,4.662
8392180.25,19902,0.247,5.246,5.493
8392180.69,19903,0.158,5.24,5.398
8392193.56,19904,0.564,6.504,7.068
8392198.79,19902,0.204,5.412,5.615
8392232.85,19904,0.363,4.06,4.423
8392302.3,19903,0.19,6.014,6.204
8392351.69,19902,0.725,9.886,10.611
8392352.65,19904,0.358,9.656,10.015
8392448.56,19903,1.447,11.675,13.122
8392460.65,19902,0.2,6.845,7.046
8392471.07,19904,0.101,4.655,4.756
8392488.09,19903,0.174,4.212,4.386
8392507.65,19902,0.479,8.348,8.827
8392602.31,19904,0.505,10.929,11.434
8392632.54,19903,0.297,4.162,4.458
8392668.5,19902,0.629,9.257,9.886
8392687.05,19904,0.245,5.685,5.93
8392709.64,19903,0.172,4.082,4.254
8392781.49,19902,0.254,6.213,6.467
8392859.31,19904,0.234,5.556,5.79
8392885.96,19903,0.181,5.153,5.335
8392968.74,19902,0.284,4.482,4.766
8393091.75,19904,0.442,10.144,10.586
8393133.29,19903,0.464,5.646,6.11
8393246.5,19902,0.642,9.492,10.133
8393355.51,19904,0.726,6.536,7.262
8393377.24,19903,0.411,4.357,4.768
8393479.72,19902,0.635,4.305,4.941
8393531.81,19904,0.456,5.222,5.677
8393534.9,19903,1.037,6.595,7.632
8393709.24,19902,0.242,4.337,4.579
8393825.28,19904,0.386,5.035,5.421
8393909.32,19903,0.316,7.291,7.607
8393918.82,19902,0.168,6.135,6.303
8393958.83,19904,0.289,6.046,6.335
8394171.78,19903,0.446,9.141,9.587
8394256.32,19902,0.434,10.623,11.058
8394262.27,19904,1.083,10.072,11.154
8394332.23,19903,0.571,9.957,10.528
8394343.99,19902,0.246,6.199,6.445
8394440.6,19904,0.193,4.301,4.493
8394637.24,19903,0.308,5.122,5.43
8394669.19,19902,0.359,8.392,8.751
8394735.3,19904,0.344,8.673,9.018
8394743.28,19903,0.28,8.91,9.189
8394777.92,19904,0.247,4.05,4.297
8394904.77,19902,0.62,9.175,9.795
8394912.4,19903,0.29,7.011,7.301
8394974.55,19904,0.567,8.922,9.489
8394998.07,19902,0.494,8.55,9.044
8395024.43,19903,0.169,4.139,4.307
8395114.23,19904,0.352,6.774,7.126
8395238.58,19902,0.424,8.843,9.267
8395250.65,19903,0.499,6.493,6.992
8395320.97,19904,0.511,10.141,10.652
8395363.93,19902,0.246,4.694,4.94
8395427.99,19903,0.345,7.968,8.313
8395431.71,19904,0.471,6.152,6.623
8395471.43,19902,0.319,4.624,4.944
8395503.93,19903,1.331,4.53,5.861
8395518.72,19904,0.207,4.393,4.601
8395521.25,19902,1.038,4.128,5.166
8395578.55,19903,0.277,9.175,9.452
8395585.25,19904,0.264,6.027,6.291
8395593.43,19902,0.165,4.73,4.895
8395596.36,19903,0.16,4.69,4.85
8395690.6,19904,0.309,7.656,7.965
8395704.09,19902,0.177,4.884,5.06
8395727.65,19903,0.321,10.025,10.345
8395781.05,19904,0.211,5.681,5.892
8395814.74,19902,0.351,6.086,6.438
8395919.22,19903,0.378,7.911,8.289
8395947.5,19904,0.161,5.243,5.404
8395954.14,19902,0.245,4.351,4.596
8395966.89,19903,0.14,4.442,4.582
8396014.92,19904,0.344,9.719,10.064
8396087.24,19902,0.346,7.745,8.091
8396123.67,19903,0.212,6.604,6.816
8396150.62,19902,0.229,7.853,8.082
8396153.86,19904,0.764,14.877,15.642
8396190.65,19903,3.118,16.364,19.482
8396209.56,19902,0.141,14.303,14.444
8396227.98,19904,0.154,8.028,8.181
8396246.15,19903,0.131,12.417,12.548
8396258.79,19904,0.122,12.322,12.444
8396263.1,19902,0.133,8.26,8.393
8396265.78,19903,0.122,4.572,4.694
8396304.03,19904,0.176,4.365,4.541
8396320.51,19902,0.11,4.221,4.331
8396327.25,19903,0.104,4.419,4.522
8396338.16,19904,0.107,4.204,4.311
8396349.71,19902,0.152,5.58,5.733
8396437.61,19904,0.358,9.655,10.013
8396437.86,19903,0.339,11.396,11.736
8396453.69,19902,0.406,11.431,11.836
8396477.56,19904,0.114,5.189,5.303
8396491.91,19903,0.65,4.58,5.231
8396511.18,19902,0.187,4.748,4.935
8396511.91,19904,0.164,4.397,4.56
8396564.48,19903,0.258,4.034,4.291
8396573.89,19902,0.154,4.071,4.225
8396594.99,19904,0.483,4.421,4.904
8396605.69,19903,0.173,5.102,5.276
8396620.5,19902,0.278,5.208,5.486
8396624.97,19904,0.143,4.229,4.372
8396629.58,19903,0.086,4.44,4.526
8396649.07,19902,0.221,4.263,4.484
8396664.39,19904,0.195,5.986,6.181
8396681.62,19903,0.25,6.322,6.572
8396684.46,19904,0.319,5.595,5.914
8396684.54,19902,0.148,8.217,8.365
8396700.41,19903,0.182,8.866,9.047
8396701.74,19904,0.083,8.597,8.679
8396702.76,19902,0.088,8.46,8.548
8396705.84,19903,0.116,5.242,5.357
8396718.5,19904,0.12,4.412,4.531
8396738.25,19902,0.16,5.67,5.83
8396741.41,19903,0.132,5.027,5.159
8396754.86,19904,0.289,7.533,7.822
8396755.42,19902,0.195,6.805,6.999
8396760.95,19903,0.155,5.203,5.357
8396765.97,19904,0.105,6.482,6.587
8396768.4,19902,0.083,5.242,5.325
8396770.44,19903,0.097,4.084,4.181
8396775.2,19904,0.093,6.2,6.293
8396780.74,19902,0.095,4.26,4.354
8396837.31,19903,0.258,7.41,7.668
8396870.12,19904,0.352,5.037,5.389
8396898.31,19902,2.213,5.094,7.307
8396943.81,19903,0.2,9.104,9.304
8396960.43,19904,2.371,8.171,10.542
8396965.73,19902,0.137,7.08,7.218
8396967.99,19903,1.65,5.599,7.249
8396977.98,19904,0.327,4.205,4.532
8397005.69,19902,0.343,5.134,5.477
8397008.6,19903,0.159,4.53,4.689
8397065.15,19904,0.537,5.621,6.158
8397070.44,19902,0.187,5.029,5.216
8397139.32,19903,0.335,6.941,7.276
8397151.48,19904,0.283,7.015,7.298
8397163.95,19902,0.323,6.35,6.673
8397165.92,19903,0.27,5.579,5.849
8397204.6,19904,0.252,4.577,4.829
8397208.95,19902,0.115,4.323,4.438
8397304.55,19903,0.51,8.866,9.376
8397307.28,19904,0.734,8.327,9.061
8397323.68,19902,0.433,7.851,8.283
8397347.71,19903,0.148,4.478,4.626
8397353.49,19904,0.186,4.106,4.292
8397361.4,19902,0.135,4.264,4.398
8397385.58,19903,0.207,7.925,8.131
8397389.77,19904,0.344,8.248,8.592
8397425.98,19902,0.262,4.893,5.155
8397429.3,19903,0.073,5.718,5.791
8397439.2,19904,0.227,4.485,4.712
8397450.11,19902,0.297,5.421,5.718
8397455.07,19903,0.153,4.658,4.811
8397456.7,19904,0.136,4.515,4.652
8397470.08,19902,0.27,4.76,5.03
8397503.87,19903,0.264,16.713,16.977
8397507.99,19904,0.384,13.711,14.095
8397508.96,19902,0.332,8.203,8.535
8397524.29,19903,2.424,4.191,6.614
8397557.57,19904,0.257,5.109,5.366
8397571.84,19902,0.313,6.258,6.572
8397583.03,19903,0.184,4.998,5.182
8397599.82,19904,0.17,8.169,8.339
8397606.04,19902,0.135,9.991,10.126
8397608.06,19903,0.171,4.261,4.431
8397620.57,19904,0.323,4.671,4.994
8397624.8,19902,0.116,4.471,4.586
8397644.64,19904,0.294,4.777,5.072
8397646.8,19903,2.13,4.632,6.761
8397659.98,19902,0.245,8.221,8.465
8397715.26,19904,0.503,9.559,10.062
8397720.09,19903,0.206,10.061,10.268
8397740.65,19902,1.543,5.794,7.337
8397747.07,19904,0.175,4.857,5.032
8397770.94,19903,0.181,6.204,6.386
8397792.05,19902,0.314,4.836,5.149
8397802.41,19904,0.199,6.367,6.567
8397807.64,19903,0.291,4.702,4.993
8397827.72,19902,1.349,7.581,8.93
8397839.45,19904,0.181,5.167,5.348
8397843.94,19903,0.136,4.215,4.351
8397856.61,19902,0.242,4.204,4.445
8397870.92,19904,0.214,4.294,4.508
8397912.98,19902,0.119,13.432,13.551
8397913.44,19903,0.518,13.485,14.003
8397916.38,19904,2.046,7.214,9.261
8397926.55,19902,2.129,10.417,12.547
8397991.27,19904,0.411,8.178,8.589
8398000.57,19903,0.186,6.484,6.671
8398006.18,19902,0.121,8.965,9.086
8398006.58,19904,0.428,4.637,5.065
8398037.4,19903,0.204,4.677,4.882
8398049.04,19902,0.191,4.88,5.071
8398055.04,19904,0.193,4.842,5.035
8398058.07,19903,0.148,5.044,5.192
8398083.03,19902,0.262,6.391,6.653
8398090.88,19904,0.175,4.225,4.4
8398123.56,19903,0.493,4.751,5.245
8398137.08,19902,0.561,5.25,5.811
8398147.08,19904,0.298,5.495,5.793
8398148.83,19903,0.15,6.528,6.679
8398158.35,19902,0.165,4.617,4.782
8398165.45,19904,1.717,5.164,6.881
8398236.27,19903,0.289,7.412,7.701
8398261.33,19902,0.253,5.602,5.855
8398318.68,19904,1.082,10.825,11.907
8398335.93,19903,0.214,10.606,10.82
8398359.08,19902,0.13,4.126,4.257
8398360.32,19904,0.079,4.807,4.887
8398409.35,19903,1.531,6.357,7.888
8398443.21,19902,0.222,4.182,4.405
8398551.11,19904,0.482,6.674,7.156
8398553.13,19903,0.302,5.749,6.051
8398560.53,19902,0.252,5.136,5.389
8398566.33,19904,0.106,4.148,4.254
8398579.45,19903,0.098,4.374,4.472
8398612.15,19902,0.239,8.36,8.598
8398673.2,19904,0.28,4.092,4.372
8398683.78,19903,0.242,5.318,5.56
8398689.53,19902,0.209,5.333,5.543
8398713.39,19904,0.617,9.633,10.25
8398803.95,19903,0.913,9.66,10.573
8398811.57,19902,2.224,7.38,9.604
8398881.21,19903,0.304,7.73,8.034
8399002.09,19904,0.364,3.982,4.346
8399059.62,19902,0.477,15.19,15.667
8399080.75,19903,0.232,5.415,5.647
8399122.76,19904,0.585,9.436,10.021
8399140.01,19903,0.543,11.91,12.453
8399140.2,19902,0.53,14.69,15.22
8399174.22,19904,0.513,4.195,4.709
8399193.66,19902,0.43,6.219,6.649
8399214.05,19903,0.587,8.245,8.832
8399221.7,19904,0.34,4.253,4.593
8399260.66,19902,0.625,5.484,6.109
8399296.59,19903,0.306,8.08,8.386
8399398.75,19904,0.256,5.3,5.556
8399519.86,19902,0.493,9.182,9.675
8399643.59,19903,0.178,5.849,6.026
8399679.8,19904,0.256,7.254,7.51
8399814.35,19902,0.28,5.676,5.956
8399849.38,19903,0.532,9.736,10.268
8399898.9,19904,0.355,5.48,5.835
8399991.62,19902,0.338,4.366,4.704
8399999.31,19903,0.289,4.226,4.515
8400008.55,19904,0.167,4.297,4.464
8400023.95,19902,0.311,4.18,4.491
8400025.54,19903,0.088,4.259,4.346
8400200.51,19904,0.226,5.223,5.449
8400219.56,19902,0.918,5.126,6.045
8400226.53,19903,0.152,4.299,4.45
8400252.97,19904,0.267,8.171,8.438
8400285.53,19902,0.288,8.353,8.641
8400351.6,19903,0.478,10.782,11.259
8400368.15,19904,0.655,7.502,8.157
8400432.89,19902,0.55,9.49,10.039
8400461.95,19903,0.175,6.681,6.856
8400535.19,19904,0.301,9.225,9.526
8400629.27,19902,0.997,4.676,5.673
8400696.24,19903,0.439,10.734,11.172
8400722.7,19904,0.167,9.705,9.872
8400737.48,19902,0.088,4.257,4.345
8400912.19,19903,0.272,3.942,4.214
8400957.56,19904,0.586,10.01,10.596
8401013.67,19902,0.328,7.518,7.846
8401055.22,19903,0.204,11.167,11.371
8401059.08,19904,0.153,8.923,9.076
8401061.62,19902,0.09,4.353,4.443
8401109.11,19903,0.421,9.592,10.013
8401128.43,19904,0.181,6.143,6.324
8401186.62,19902,0.58,11.251,11.831
8401190.85,19903,0.267,7.503,7.77
8401202.25,19904,0.464,7.027,7.491
8401207.6,19902,1.832,8.384,10.215
8401247.53,19903,0.313,5.708,6.021
8401299.49,19904,1.847,4.688,6.535
8401355.86,19902,0.406,10.161,10.567
8401382.59,19903,2.655,4.223,6.878
8401400.46,19904,0.309,4.302,4.611
8401441.56,19902,0.484,10.243,10.726
8401504.87,19903,0.466,10.549,11.015
8401529.29,19904,0.396,7.33,7.726
8401548.34,19902,0.159,4.101,4.261
8401559.62,19903,0.247,4.112,4.359
8401641.2,19904,0.267,4.145,4.412
8401644.6,19902,0.174,4.351,4.524
8401657.77,19904,0.245,4.801,5.046
8401659.01,19903,0.095,4.669,4.764
8401726.0,19902,0.164,4.529,4.693
8401766.91,19904,1.403,8.419,9.822
8401866.09,19903,0.297,6.457,6.755
8401898.35,19902,0.513,6.186,6.699
8401963.4,19904,0.214,4.111,4.325
8401997.15,19903,0.832,9.426,10.258
8402000.08,19902,1.606,8.275,9.88
8402021.22,19904,0.576,9.342,9.919
8402105.3,19903,0.939,10.886,11.824
8402233.46,19902,0.407,7.549,7.956
8402254.27,19904,0.606,8.711,9.317
8402276.62,19903,0.178,4.939,5.117
8402406.51,19902,0.577,9.247,9.823
8402549.7,19904,0.321,4.335,4.656
8402587.19,19903,0.477,9.697,10.174
8402758.92,19902,0.807,9.255,10.061
8402792.66,19904,0.307,4.292,4.599
8402808.29,19903,0.428,5.32,5.748
8402864.57,19902,0.409,19.144,19.553
8402864.8,19904,0.966,17.541,18.507
8402971.21,19903,0.34,4.39,4.73
8402972.36,19904,0.093,5.084,5.177
8402997.89,19902,0.428,9.684,10.112
8403015.5,19903,0.37,10.745,11.116
8403033.95,19904,0.099,4.166,4.265
8403083.22,19902,0.384,9.716,10.099
8403086.92,19903,0.126,6.684,6.811
8403095.39,19904,0.387,5.115,5.501
8403125.28,19902,0.188,4.518,4.706
8403125.78,19903,0.078,4.189,4.267
8403156.46,19904,0.309,9.343,9.652
8403164.23,19902,0.32,5.598,5.918
8403198.53,19903,0.114,4.163,4.277
8403351.31,19904,0.231,7.573,7.804
8403412.27,19902,0.551,10.351,10.903
8403417.38,19903,0.268,8.464,8.733
8403476.9,19904,0.554,7.439,7.992
8403482.39,19902,0.284,5.742,6.026
8403838.43,19903,0.421,8.635,9.055
8403861.61,19904,0.317,9.704,10.021
8403870.61,19902,0.182,7.627,7.809
8403879.83,19903,0.122,4.094,4.216
8403979.21,19904,0.157,5.419,5.577
8404027.26,19902,0.345,5.912,6.257
8404098.96,19903,0.281,9.194,9.474
8404152.33,19904,0.336,9.263,9.599
8404191.16,19902,0.371,8.494,8.866
8404204.44,19903,0.353,6.21,6.562
8404211.41,19904,0.175,3.963,4.139
8404245.32,19902,0.325,7.779,8.104
8404249.19,19903,0.228,8.441,8.67
8404250.72,19904,0.505,5.163,5.668
8404274.75,19902,0.262,9.055,9.317
8404286.0,19903,0.092,9.828,9.92
8404360.07,19904,0.869,10.41,11.279
8404385.41,19902,0.553,7.037,7.591
8404408.29,19903,0.423,5.435,5.858
8404409.49,19904,0.166,5.182,5.348
8404421.39,19902,0.169,5.928,6.097
8404432.01,19903,0.13,6.459,6.589
8404448.72,19904,0.317,8.612,8.929
8404463.65,19902,0.735,4.38,5.115
8404471.32,19903,0.196,4.057,4.253
8404483.41,19904,0.259,4.115,4.373
8404485.31,19902,1.762,4.149,5.912
8404501.86,19903,0.31,6.39,6.7
8404510.73,19904,0.149,8.599,8.748
8404511.24,19902,0.09,8.336,8.426
8404532.16,19903,0.222,4.476,4.698
8404550.69,19904,0.116,4.219,4.335
8404623.37,19903,0.173,15.376,15.549
8404624.65,19902,0.244,20.321,20.565
8404625.58,19904,0.094,11.826,11.92
8404635.43,19902,0.221,4.146,4.367
8404641.85,19904,0.128,4.168,4.296
8404644.07,19903,0.13,4.071,4.201
8404650.81,19902,0.217,4.068,4.284
8404652.1,19904,0.106,4.345,4.451
8404686.68,19903,0.919,8.28,9.199
8404725.86,19902,0.194,6.702,6.896
8404727.19,19904,0.09,4.334,4.424
8404752.8,19903,0.382,10.146,10.527
8404753.09,19902,0.232,8.884,9.116
8404766.92,19904,0.182,7.414,7.596
8404813.73,19903,0.534,6.697,7.231
8404815.43,19902,0.177,5.428,5.606
8404821.06,19904,0.125,5.111,5.235
8404826.08,19903,0.258,4.666,4.924
8404838.26,19902,0.449,5.893,6.342
8404844.61,19904,0.314,8.169,8.483
8404845.5,19903,1.372,7.272,8.644
8404867.01,19902,0.211,4.041,4.251
8404874.03,19904,0.241,4.103,4.343
8404882.45,19903,0.163,4.268,4.431
8404884.52,19902,0.103,4.105,4.208
8404893.06,19904,0.083,4.021,4.104
8404952.24,19903,0.265,4.339,4.604
8404953.07,19902,0.122,4.081,4.203
8405002.0,19904,0.873,12.148,13.021
8405007.86,19903,1.192,9.588,10.78
8405018.24,19902,0.13,3.946,4.077
8405048.75,19904,0.412,7.925,8.337
8405102.37,19903,0.177,4.457,4.634
8405110.31,19902,0.112,4.019,4.131
8405116.47,19904,0.21,4.165,4.375
8405141.53,19903,0.374,8.156,8.53
8405144.42,19902,0.134,5.929,6.063
8405167.69,19904,0.265,7.318,7.583
8405178.13,19903,0.126,4.089,4.215
8405186.39,19902,0.11,4.087,4.196
8405192.09,19904,0.062,7.984,8.046
8405200.5,19903,0.079,4.118,4.197
8405258.71,19902,0.254,16.561,16.815
8405260.28,19904,0.211,13.969,14.18
8405262.2,19903,0.132,10.833,10.965
8405284.79,19902,0.13,4.424,4.554
8405310.1,19904,0.421,7.852,8.273
8405383.47,19903,0.23,6.096,6.326
8405397.07,19902,0.532,7.679,8.211
8405436.88,19904,0.139,4.432,4.571
8405466.21,19903,0.401,5.841,6.242
8405481.08,19902,0.217,7.122,7.339
8405492.11,19904,0.354,6.253,6.607
8405509.85,19903,0.226,4.066,4.292
8405514.49,19902,1.149,4.503,5.653
8405517.11,19904,0.08,3.986,4.066
8405520.2,19903,0.082,5.081,5.163
8405536.8,19904,0.105,4.382,4.487
8405539.41,19902,0.099,4.124,4.222
8405578.18,19903,0.441,11.111,11.552
8405621.53,19904,0.186,6.146,6.332
8405628.88,19902,1.181,7.037,8.218
8405644.65,19903,0.508,7.446,7.955
8405696.23,19904,0.126,5.012,5.138
8405709.08,19902,0.326,4.158,4.483
8405721.01,19903,0.311,4.678,4.989
8405729.4,19904,0.163,4.571,4.734
8405765.34,19902,0.244,8.045,8.289
8405844.55,19903,0.253,8.318,8.571
8405920.23,19904,0.682,11.693,12.374
8405928.42,19902,2.653,9.792,12.445
8406153.78,19903,0.389,9.28,9.669
8406182.41,19904,0.469,13.482,13.951
8406186.13,19902,0.146,9.902,10.049
8406217.82,19904,0.106,4.287,4.394
8406218.71,19903,0.206,6.153,6.359
8406260.17,19902,0.879,10.489,11.368
8406366.11,19904,2.542,5.794,8.336
8406395.62,19903,0.303,7.181,7.484
8406418.84,19902,0.649,10.253,10.902
8406436.71,19904,0.284,7.58,7.863
8406571.05,19903,0.294,7.709,8.003
8406571.99,19902,0.185,5.841,6.026
8406594.35,19904,0.352,10.347,10.699
8406715.29,19903,0.446,5.115,5.56
8406722.44,19902,0.264,4.308,4.572
8406737.02,19904,0.214,5.382,5.596
8406795.73,19903,0.145,4.111,4.256
8406847.62,19902,0.245,7.062,7.306
8406872.37,19904,1.458,7.16,8.618
8406999.95,19903,0.319,6.689,7.008
8407085.51,19902,0.444,9.104,9.549
8407110.5,19903,0.267,8.82,9.087
8407110.54,19904,0.797,11.935,12.732
8407165.66,19902,0.681,8.936,9.617
8407428.83,19904,0.488,11.494,11.982
8407549.47,19903,0.253,11.627,11.88
8407575.24,19902,0.22,4.356,4.577
8407613.39,19903,0.207,7.805,8.012
8407614.13,19904,0.39,12.692,13.082
8407618.64,19902,0.729,5.522,6.251
8407626.07,19903,0.087,5.439,5.526
8407628.27,19904,1.062,5.166,6.228
8407643.21,19902,0.214,4.164,4.378
8407647.96,19903,0.125,4.294,4.419
8407649.89,19904,0.094,5.267,5.361
8407651.62,19902,0.079,4.333,4.411
8407655.77,19903,0.133,4.244,4.378
8407688.92,19902,0.23,6.954,7.183
8407745.34,19904,0.399,6.689,7.088
8407773.73,19903,0.43,7.807,8.237
8407812.31,19902,0.306,4.218,4.524
8407835.24,19904,0.386,6.189,6.575
8407841.17,19903,0.136,5.934,6.069
8407847.72,19904,0.358,8.458,8.815
8407850.56,19902,0.152,6.608,6.759
8407856.04,19903,0.135,6.058,6.193
8407865.56,19902,0.127,4.319,4.447
8407873.53,19904,0.106,5.191,5.298
8407924.66,19903,0.805,9.081,9.886
8407943.86,19902,0.33,11.341,11.671
8408001.04,19904,0.598,11.117,11.716
8408005.89,19903,0.258,9.701,9.958
8408015.22,19902,0.255,7.92,8.175
8408077.51,19904,0.792,7.167,7.959
8408099.11,19903,0.288,8.646,8.934
8408108.24,19902,0.205,5.105,5.31
8408118.26,19904,0.141,4.498,4.639
8408127.31,19903,0.146,4.376,4.522
8408140.45,19902,0.16,4.341,4.501
8408146.11,19904,0.185,4.716,4.901
8408150.65,19903,0.094,4.219,4.313
8408169.02,19902,0.408,6.88,7.287
8408181.39,19904,0.199,9.722,9.92
8408184.06,19903,0.098,7.853,7.951
8408187.79,19902,0.127,5.571,5.699
8408196.56,19904,0.104,4.083,4.187
8408219.87,19903,0.161,4.987,5.148
8408221.87,19902,0.125,4.537,4.661
8408242.05,19904,0.187,4.861,5.048
8408256.14,19903,0.454,7.153,7.607
8408274.07,19902,0.207,5.774,5.981
8408276.74,19904,0.622,6.649,7.272
8408284.1,19903,0.131,4.081,4.213
8408305.81,19902,0.186,4.816,5.002
8408314.86,19904,0.326,5.06,5.386
8408322.39,19903,0.204,4.892,5.096
8408355.01,19902,0.504,6.607,7.11
8408362.46,19904,0.466,9.338,9.804
8408372.3,19902,0.105,8.331,8.436
8408378.49,19903,0.23,4.187,4.417
8408399.89,19904,0.353,6.015,6.368
8408400.2,19902,0.159,6.213,6.372
8408409.57,19903,0.198,7.087,7.284
8408411.54,19904,0.173,5.301,5.474
8408443.52,19902,0.178,8.178,8.356
8408447.11,19903,0.121,5.921,6.042
8408475.9,19904,0.262,6.615,6.878
8408509.51,19902,1.147,10.992,12.139
8408512.41,19903,0.431,9.172,9.604
8408529.47,19904,1.163,4.213,5.376
8408541.39,19902,2.372,4.23,6.601
8408586.69,19903,0.762,10.163,10.926
8408587.4,19904,0.428,9.519,9.947
8408604.01,19902,0.193,8.683,8.876
8408606.97,19904,0.144,5.546,5.691
8408608.19,19903,0.128,7.278,7.406
8408642.79,19902,0.325,7.24,7.565
8408695.97,19904,0.345,10.676,11.021
8408700.08,19903,0.179,6.684,6.863
8408701.99,19902,0.158,6.762,6.92
8408705.16,19904,0.091,4.077,4.168
8408711.36,19902,0.13,4.039,4.169
8408719.83,19903,0.104,4.395,4.499
8408743.42,19904,0.267,6.694,6.961
8408744.82,19902,0.341,6.239,6.58
8408772.89,19903,0.483,10.298,10.781
8408788.29,19904,0.141,7.614,7.756
8408800.18,19902,0.271,4.15,4.421
8408809.52,19903,0.356,4.647,5.003
8408928.59,19904,0.671,9.272,9.942
8408936.46,19902,0.245,10.044,10.289
8408941.66,19903,0.223,11.185,11.407
8408972.73,19904,0.174,4.028,4.202
8408992.15,19903,0.388,6.74,7.128
8408993.46,19902,2.408,6.382,8.79
8408998.78,19904,0.262,4.393,4.654
8409056.25,19903,0.388,4.312,4.7
8409108.42,19902,1.451,16.895,18.347
8409109.45,19904,0.343,16.242,16.585
8409109.89,19903,2.012,12.712,14.725
8409133.4,19902,0.178,4.556,4.734
8409138.06,19904,0.25,4.308,4.558
8409151.74,19903,0.294,6.401,6.695
8409168.9,19902,0.242,6.958,7.2
8409191.8,19904,0.361,8.319,8.68
8409211.43,19903,0.234,4.229,4.463
8409219.69,19902,0.144,4.183,4.327
8409222.71,19904,0.139,4.183,4.321
8409227.16,19903,0.106,4.107,4.213
8409244.34,19902,0.123,7.39,7.513
8409258.81,19904,0.331,9.037,9.368
8409280.87,19903,0.257,9.508,9.765
8409283.31,19902,0.096,10.152,10.248
8409284.33,19904,1.044,7.238,8.281
8409304.65,19903,0.193,4.473,4.666
8409317.25,19902,0.158,6.884,7.043
8409322.86,19904,0.167,7.301,7.467
8409323.11,19903,0.089,5.783,5.872
8409353.03,19902,0.402,7.137,7.539
8409360.99,19904,0.815,4.689,5.504
8409365.22,19903,0.099,5.233,5.331
8409425.58,19904,0.463,11.019,11.482
8409431.18,19902,0.751,7.635,8.386
8409450.67,19903,0.572,4.395,4.967
8409527.96,19904,0.309,6.488,6.797
8409541.27,19902,0.187,6.708,6.895
8409542.74,19903,1.338,6.579,7.916
8409551.84,19904,0.207,4.482,4.69
8409552.51,19902,0.097,4.285,4.383
8409598.15,19903,0.501,10.262,10.763
8409607.3,19904,0.183,7.97,8.153
8409614.32,19902,0.129,4.786,4.915
8409617.33,19903,0.906,5.241,6.147
8409628.06,19904,0.093,4.768,4.861
8409637.53,19902,0.097,3.985,4.083
8409644.63,19903,0.275,4.208,4.483
8409650.84,19904,0.309,4.744,5.053
8409685.8,19902,0.583,6.921,7.504
8409696.43,19903,0.148,4.107,4.255
8409700.8,19903,2.25,4.257,6.507
8409701.23,19904,1.81,6.128,7.938
8409708.07,19902,0.132,4.12,4.252
8409717.16,19903,0.16,4.145,4.304
8409773.01,19904,0.405,9.809,10.214
8409784.01,19902,0.205,6.019,6.224
8409801.54,19903,0.29,3.954,4.245
8409803.61,19904,0.109,4.102,4.212
8409834.45,19902,0.306,9.375,9.682
8409852.93,19903,0.512,10.188,10.7
8409921.87,19904,0.565,10.807,11.373
8409967.26,19902,0.277,5.771,6.048
8409985.29,19903,0.218,7.246,7.463
8410041.55,19904,0.329,8.058,8.387
8410092.78,19902,0.466,8.919,9.385
8410199.41,19903,0.638,12.793,13.431
8410209.27,19904,1.387,7.905,9.292
8410270.99,19902,0.599,9.315,9.913
8410292.15,19903,1.484,12.552,14.035
8410292.6,19904,1.203,11.343,12.545
8410359.04,19902,1.217,10.253,11.47
8410376.38,19903,0.202,5.642,5.844
8410379.2,19904,1.394,6.068,7.463
8410407.87,19902,0.276,6.12,6.396
8410444.37,19903,1.069,8.664,9.733
8410475.62,19904,0.256,4.45,4.706
8410524.02,19902,0.739,9.154,9.893
8410633.42,19903,0.244,4.094,4.338
8410667.46,19904,0.7,8.24,8.94
8410717.14,19902,0.609,4.409,5.018
8410729.85,19903,0.188,4.216,4.404
8410925.64,19904,0.495,9.295,9.79
8411059.62,19902,0.363,4.156,4.519
8411074.18,19903,0.351,4.529,4.881
8411192.11,19904,0.5,9.236,9.736
8411247.98,19902,0.344,5.948,6.292
8411317.83,19903,0.247,5.668,5.915
8411320.57,19904,0.423,4.264,4.687
8411355.68,19902,0.399,8.733,9.133
8411398.49,19903,0.22,4.193,4.414
8411452.92,19904,0.851,4.549,5.4
8411506.94,19902,0.485,9.032,9.516
8411553.43,19903,0.189,4.335,4.524
8411561.32,19904,0.261,5.602,5.863
8411683.54,19902,4.761,10.395,15.156
8411690.75,19903,0.553,9.085,9.638
8411752.76,19904,0.602,10.158,10.76
8411799.29,19902,0.198,4.736,4.934
8411838.4,19903,0.512,8.326,8.837
8411856.85,19904,0.667,4.243,4.91
8411860.74,19902,0.644,4.036,4.679
8411864.42,19903,0.092,4.023,4.115
8411912.26,19902,0.186,4.647,4.833
8411939.52,19904,0.196,7.824,8.02
8411997.46,19903,0.309,4.172,4.481
8412028.11,19902,0.237,4.294,4.532
8412071.6,19904,0.273,8.223,8.496
8412101.29,19903,0.159,4.386,4.545
8412151.26,19902,0.622,9.848,10.47
8412215.95,19904,0.417,11.489,11.906
8412217.64,19903,0.261,9.097,9.357
8412260.66,19902,0.433,7.193,7.627
8412303.73,19904,0.769,8.86,9.629
8412371.05,19903,0.547,7.798,8.344
8412423.36,19902,0.243,11.102,11.345
8412425.79,19904,0.172,7.894,8.066
8412428.69,19903,0.133,7.887,8.02
8412506.22,19904,1.472,13.502,14.974
8412517.55,19902,0.325,5.847,6.172
8412543.12,19903,0.57,15.193,15.763
8412631.49,19904,0.298,5.227,5.525
8412652.84,19902,0.303,8.219,8.522
8412653.48,19903,0.225,8.129,8.355
8412690.02,19904,1.129,4.171,5.301
8412699.93,19902,0.326,4.265,4.592
8412701.6,19903,0.107,4.756,4.863
8412756.46,19904,0.17,4.573,4.744
8412773.74,19902,0.66,4.189,4.85
8412886.3,19904,0.242,9.708,9.95
8412887.21,19903,0.64,14.497,15.137
8412925.2,19902,0.196,8.395,8.591
8412975.81,19904,0.247,4.538,4.785
8412980.39,19903,0.547,4.415,4.962
8413043.91,19902,0.501,8.359,8.86
8413044.59,19904,0.532,7.152,7.685
8413111.24,19903,0.491,9.675,10.166
8413249.1,19902,0.22,4.626,4.846
8413320.62,19904,0.312,4.563,4.875
8413362.65,19903,0.338,4.521,4.859
8413434.25,19902,0.349,6.265,6.614
8413566.95,19904,0.344,5.178,5.522
8413648.56,19903,0.553,9.864,10.417
8413661.98,19902,0.413,8.571,8.983
8413669.35,19904,0.318,14.677,14.995
8413670.9,19903,0.141,11.683,11.824
8413690.26,19902,0.28,4.155,4.434
8413714.7,19904,0.32,5.678,5.997
8413764.63,19903,1.204,15.579,16.783
8413764.93,19902,1.676,13.239,14.915
8413976.34,19904,0.406,4.689,5.096
8414016.0,19903,0.455,8.413,8.868
8414189.36,19902,0.252,6.473,6.725
8414300.82,19904,0.43,4.51,4.94
8414303.26,19903,0.113,4.419,4.532
8414325.63,19902,0.271,5.622,5.893
8414363.89,19904,0.169,4.544,4.714
8414368.14,19903,0.105,3.992,4.097
8414412.34,19902,0.375,9.515,9.89
8414458.85,19904,0.161,4.124,4.285
8414465.79,19903,0.344,4.053,4.396
8414483.26,19902,0.289,6.928,7.217
8414495.08,19904,0.255,6.423,6.679
8414501.34,19903,0.178,5.866,6.044
8414511.01,19902,0.68,5.505,6.185
8414525.7,19904,0.195,4.424,4.619
8414529.97,19903,0.107,4.021,4.128
8414538.62,19902,0.117,4.136,4.253
8414540.72,19904,0.089,4.406,4.495
8414568.46,19903,0.208,6.928,7.136
8414578.8,19902,0.214,6.197,6.411
8414584.55,19904,0.217,5.632,5.849
8414592.7,19903,0.1,4.495,4.595
8414603.82,19902,0.09,6.025,6.115
8414608.44,19904,0.163,4.32,4.483
8414614.9,19903,0.12,4.058,4.178
8414628.47,19902,0.15,4.127,4.277
8414631.66,19903,0.045,4.824,4.869
8414631.79,19904,0.169,5.846,6.015
8414672.04,19902,0.431,14.781,15.212
8414675.48,19903,2.1,9.359,11.459
8414680.75,19904,0.318,4.836,5.154
8414705.78,19902,0.367,4.865,5.232
8414730.49,19903,0.464,8.829,9.293
8414738.35,19904,0.216,8.482,8.698
8414766.57,19902,0.108,4.238,4.346
8414802.13,19903,0.455,7.955,8.41
8414847.15,19904,0.173,4.115,4.288
8414872.52,19902,0.345,7.233,7.578
8414877.14,19903,0.187,6.831,7.018
8414883.94,19902,0.858,8.708,9.566
8414885.1,19904,0.276,11.717,11.992
8414894.49,19903,0.43,6.051,6.48
8414921.98,19902,1.184,4.158,5.342
8414976.56,19904,0.608,9.781,10.389
8414984.46,19903,0.51,7.182,7.691
8415007.64,19902,0.223,4.322,4.545
8415021.29,19903,0.144,5.14,5.284
8415021.39,19904,0.181,7.089,7.27
8415023.94,19902,0.066,5.915,5.982
8415034.84,19903,0.165,6.413,6.578
8415061.8,19904,0.548,10.409,10.956
8415068.65,19904,2.409,6.689,9.098
8415070.41,19902,0.842,10.696,11.538
8415134.24,19903,0.43,9.787,10.217
8415137.38,19904,0.251,10.295,10.546
8415160.66,19902,0.154,6.844,6.998
8415165.94,19903,0.13,4.158,4.288
8415181.67,19904,0.099,4.223,4.322
8415186.76,19902,0.416,4.006,4.422
8415194.97,19903,0.132,4.307,4.438
8415206.07,19904,0.193,5.098,5.291
8415215.25,19902,0.134,4.865,4.999
8415216.88,19903,0.119,4.667,4.785
8415232.1,19902,0.115,6.431,6.546
8415233.64,19904,0.179,8.262,8.441
8415243.34,19903,0.979,3.958,4.937
8415269.79,19902,0.135,5.282,5.417
8415288.21,19904,0.337,6.505,6.842
8415378.7,19903,0.718,8.308,9.026
8415411.46,19902,0.146,4.232,4.378
8415429.27,19903,0.207,4.406,4.612
8415429.56,19904,0.146,6.399,6.545
8415431.6,19902,0.047,4.744,4.792
8415449.19,19903,0.274,4.884,5.158
8415455.52,19904,0.101,4.244,4.344
8415496.68,19902,1.296,5.326,6.623
8415506.67,19903,0.169,4.195,4.364
8415519.94,19902,0.111,4.521,4.631
8415520.62,19904,0.196,7.097,7.292
8415603.08,19903,0.234,8.323,8.558
8415757.56,19902,0.263,4.042,4.305
8415875.34,19904,0.389,7.268,7.657
8415889.86,19903,0.247,6.315,6.563
8415903.63,19902,0.113,4.135,4.248
8415905.86,19904,0.081,4.732,4.813
8415961.24,19903,0.279,9.525,9.804
8416064.12,19902,0.287,9.685,9.972
8416117.95,19904,0.57,9.175,9.744
8416149.1,19903,0.277,9.716,9.992
8416344.18,19902,0.385,5.848,6.233
8416412.33,19904,0.384,9.636,10.019
8416438.32,19903,0.178,4.051,4.229
8416626.06,19902,0.477,6.184,6.66
8416629.62,19904,0.373,5.146,5.519
8416652.23,19903,0.429,6.631,7.061
8416691.82,19902,0.199,4.669,4.868
8416779.95,19904,0.323,6.017,6.34
8416848.26,19903,1.025,4.122,5.147
8416923.27,19902,1.122,10.495,11.617
8416951.32,19904,0.292,4.311,4.603
8416985.38,19903,0.53,10.886,11.417
8417111.82,19902,0.191,4.537,4.728
8417145.1,19904,0.446,8.195,8.642
8417203.79,19903,0.193,4.586,4.779
8417296.87,19902,0.378,7.517,7.896
8417298.67,19904,0.296,6.963,7.259
8417490.79,19903,0.522,10.298,10.82
8417508.14,19902,0.191,5.21,5.401
8417539.29,19904,0.358,8.851,9.209
8417578.83,19903,0.832,9.953,10.784
8417614.98,19902,0.248,4.286,4.534
8417699.98,19904,0.261,6.56,6.821
8417701.77,19903,0.093,4.603,4.696
8417712.34,19902,0.434,4.735,5.17
8417795.12,19904,0.236,6.394,6.63
8417817.82,19903,0.231,4.187,4.417
8417870.3,19902,0.307,4.895,5.203
8417929.95,19904,0.37,9.375,9.745
8417941.15,19903,0.25,4.564,4.813
8418024.85,19902,0.409,11.499,11.907
8418027.39,19904,0.146,10.403,10.548
8418127.48,19903,0.303,4.114,4.417
8418205.76,19902,0.205,4.468,4.673
8418228.92,19904,0.311,7.2,7.511
8418237.71,19903,0.167,7.39,7.557
8418376.36,19902,0.291,4.139,4.43
8418382.83,19904,0.159,4.072,4.23
8418488.65,19903,0.693,8.986,9.679
8418530.86,19902,0.411,14.042,14.453
8418563.5,19904,0.329,4.533,4.862
8418621.74,19903,0.241,9.348,9.59
8418732.05,19902,0.209,4.704,4.913
8418964.9,19904,0.273,5.875,6.148
8418981.33,19903,0.149,4.713,4.862
8418985.03,19902,0.386,4.943,5.328
8419057.84,19904,0.253,4.463,4.716
8419078.49,19903,0.361,4.491,4.852
8419142.77,19902,0.89,4.286,5.176
8419174.91,19904,0.302,6.536,6.839
8419242.2,19903,0.251,4.206,4.457
8419320.06,19902,0.317,4.093,4.41
8419337.17,19904,0.219,7.924,8.143
8419432.94,19903,0.758,9.221,9.979
8419503.91,19902,0.552,10.298,10.851
8419539.75,19904,0.254,4.398,4.652
8419542.49,19903,0.073,5.237,5.31
8419572.1,19902,0.228,5.757,5.985
8419608.66,19904,0.3,11.717,12.017
8419770.8,19903,2.133,10.403,12.536
8419788.7,19902,0.16,4.12,4.28
8419871.12,19904,0.255,7.352,7.607
8419877.03,19903,0.152,5.725,5.877
8419965.32,19904,0.194,5.209,5.404
8420024.48,19902,0.46,10.746,11.206
8420047.87,19903,0.426,5.432,5.859
8420053.57,19904,0.231,4.261,4.492
8420076.46,19902,0.262,6.627,6.889
8420089.49,19903,0.181,8.13,8.311
8420095.61,19904,0.263,7.222,7.486
8420112.51,19903,0.212,9.781,9.993
8420179.05,19902,0.537,9.348,9.885
8420266.59,19904,0.522,9.093,9.614
8420328.16,19903,0.367,8.348,8.715
8420407.58,19902,0.513,8.966,9.478
8420424.39,19904,0.746,10.057,10.803
8420426.02,19903,0.214,10.649,10.863
8420617.78,19902,0.151,4.364,4.516
8420646.38,19904,0.431,6.763,7.194
8420669.31,19903,0.418,9.008,9.426
8420799.77,19902,0.357,6.001,6.358
8420843.47,19904,0.444,10.973,11.417
8420927.81,19903,0.318,5.697,6.015
8420979.91,19902,0.332,7.561,7.893
8420993.95,19904,0.369,7.929,8.297
8421050.92,19903,0.321,6.436,6.757
8421097.77,19902,0.237,6.391,6.628
8421105.42,19904,0.107,4.125,4.233
8421337.4,19903,0.564,12.947,13.511
8421477.88,19902,0.259,6.444,6.704
8421478.25,19904,0.166,5.837,6.003
8421585.9,19903,0.261,7.042,7.302
8421619.67,19902,0.152,6.773,6.925
8421697.56,19904,0.282,5.043,5.325
8421723.63,19903,0.304,5.174,5.478
8421733.77,19902,0.263,6.049,6.312
8421750.05,19904,0.549,8.833,9.382
8421765.23,19903,0.18,5.542,5.722
8421768.15,19902,0.132,5.96,6.092
8421787.23,19904,0.173,4.149,4.322
8421798.28,19903,0.147,3.97,4.116
8421807.65,19902,0.173,5.231,5.404
8421810.71,19904,0.172,4.433,4.605
8421871.3,19903,0.225,4.253,4.479
8421895.99,19902,0.354,8.233,8.587
8421937.53,19904,0.181,4.865,5.046
8421940.21,19903,0.103,6.262,6.365
8421966.41,19902,0.241,5.091,5.332
8421972.09,19904,0.148,4.58,4.728
8421978.5,19903,0.282,4.202,4.484
8421981.53,19902,0.143,4.319,4.462
8422013.17,19903,0.524,15.756,16.28
8422018.37,19904,0.27,6.946,7.217
8422020.81,19902,1.041,5.965,7.006
8422035.78,19903,0.159,4.775,4.934
8422036.28,19904,0.194,4.408,4.602
8422044.82,19902,0.242,4.912,5.154
8422046.5,19903,0.067,4.106,4.173
8422053.41,19904,0.21,4.152,4.362
8422083.85,19902,0.209,8.182,8.391
8422085.74,19903,0.13,6.538,6.668
8422137.96,19904,0.39,8.363,8.753
8422149.23,19902,0.245,8.439,8.684
8422171.64,19903,0.242,6.736,6.978
8422181.41,19904,0.122,5.311,5.434
8422189.78,19902,0.116,4.11,4.226
8422216.26,19903,0.193,4.301,4.494
8422260.07,19904,0.3,7.153,7.453
8422272.24,19902,0.258,4.179,4.437
8422310.2,19903,0.6,11.828,12.428
8422341.84,19904,0.337,6.378,6.716
8422363.19,19902,0.296,4.073,4.369
8422372.32,19903,0.135,4.281,4.416
8422372.33,19904,0.083,4.106,4.189
8422381.07,19902,0.249,4.06,4.308
8422409.67,19903,0.423,10.424,10.847
8422425.03,19904,0.138,4.781,4.919
8422431.37,19902,0.18,4.436,4.617
8422462.83,19903,0.366,8.846,9.212
8422466.34,19904,0.22,7.699,7.919
8422477.14,19902,0.177,6.59,6.767
8422478.1,19903,0.311,5.883,6.194
8422495.72,19904,0.538,8.558,9.096
8422503.35,19902,0.134,5.887,6.022
8422537.55,19903,0.245,7.393,7.638
8422549.19,19904,0.219,7.201,7.42
8422554.11,19902,1.19,6.705,7.895
8422569.8,19903,0.401,8.266,8.668
8422572.86,19904,0.154,6.456,6.61
8422578.61,19902,0.132,6.397,6.529
8422587.12,19904,0.085,5.323,5.409
8422594.13,19903,0.222,4.947,5.169
8422645.14,19902,0.604,10.78,11.384
8422666.92,19904,2.516,7.714,10.23
8422666.96,19903,0.209,4.176,4.385
8422677.1,19902,0.153,6.257,6.41
8422719.44,19904,0.409,9.56,9.969
8422729.56,19903,0.387,7.85,8.238
8422737.96,19902,0.221,6.968,7.189
8422752.3,19904,0.124,4.375,4.498
8422763.99,19903,0.098,4.293,4.39
8422780.68,19902,0.326,5.946,6.272
8422783.79,19904,0.173,5.533,5.706
8422784.8,19903,0.065,4.569,4.634
8422789.84,19902,0.125,4.031,4.156
8422835.44,19904,0.225,6.44,6.665
8422877.39,19903,0.196,4.436,4.632
8422898.37,19902,0.546,10.578,11.124
8422938.54,19904,0.302,4.789,5.091
8422999.93,19903,0.286,4.523,4.809
8423035.58,19902,0.43,6.813,7.244
8423043.95,19904,0.277,7.162,7.439
8423066.45,19903,0.822,9.17,9.992
8423080.32,19902,0.18,5.678,5.858
8423091.11,19904,0.13,4.9,5.03
8423109.23,19903,0.21,5.358,5.568
8423113.87,19902,0.247,4.145,4.392
8423119.88,19904,0.243,4.355,4.598
8423127.27,19903,0.333,5.197,5.53
8423138.31,19902,0.343,5.198,5.541
8423145.44,19904,0.264,5.705,5.968
8423159.14,19903,0.105,4.314,4.418
8423165.29,19902,0.094,3.995,4.088
8423187.8,19904,0.292,6.104,6.396
8423205.8,19903,0.277,8.606,8.883
8423231.22,19902,0.576,13.924,14.501
8423239.57,19904,0.174,6.288,6.463
8423356.85,19903,0.378,5.051,5.429
8423376.74,19902,0.277,7.373,7.65
8423377.17,19904,0.197,6.802,6.999
8423398.65,19902,0.39,10.089,10.479
8423399.23,19903,0.403,12.025,12.428
8423424.01,19904,0.18,4.362,4.542
8423478.15,19902,0.613,10.832,11.446
8423508.07,19903,0.147,9.836,9.984
8423509.42,19904,3.039,5.32,8.359
8423510.75,19902,0.059,4.249,4.308
8423545.37,19903,0.401,8.765,9.165
8423573.69,19904,2.436,8.321,10.757
8423582.62,19902,0.247,4.079,4.325
8423586.82,19903,0.256,4.1,4.356
8423595.33,19904,0.134,4.113,4.247
8423616.48,19902,0.28,5.717,5.998
8423648.28,19903,0.352,10.927,11.279
8423715.94,19904,0.646,10.53,11.175
8423796.77,19902,0.38,9.887,10.267
8423860.79,19903,0.403,8.365,8.768
8423904.31,19904,0.244,3.922,4.166
8423910.78,19902,0.111,4.263,4.374
8423916.95,19903,0.148,4.155,4.303
8423919.55,19904,0.125,5.605,5.73
8423927.34,19902,0.104,4.164,4.268
8423928.37,19903,0.092,4.101,4.192
8423960.97,19904,0.184,8.676,8.859
8423976.4,19902,0.278,4.061,4.339
8423998.98,19903,0.32,3.999,4.319
8424110.59,19904,1.121,8.622,9.744
8424169.88,19902,0.417,8.627,9.044
8424210.15,19903,0.535,13.068,13.603
8424358.88,19904,0.51,8.304,8.813
8424430.39,19902,1.191,10.885,12.076
8424525.88,19903,0.851,12.233,13.085
8424532.14,19904,0.24,10.591,10.831
8424588.38,19902,0.278,9.781,10.059
8424629.37,19903,0.235,5.408,5.643
8424635.24,19904,0.106,4.47,4.576
8424680.38,19902,0.34,7.991,8.332
8424913.5,19903,0.611,8.658,9.269
8424922.63,19904,0.337,8.078,8.414
8424950.39,19902,0.738,12.489,13.227
8424971.12,19903,0.335,5.702,6.036
8425034.11,19904,0.391,8.466,8.857
8425042.95,19902,0.273,5.5,5.773
8425066.63,19903,0.384,4.099,4.483
8425147.67,19904,0.164,4.204,4.368
8425168.61,19902,0.414,8.683,9.097
8425206.67,19903,0.581,4.21,4.792
8425212.28,19904,0.181,4.031,4.212
8425243.1,19902,0.319,5.504,5.823
8425291.65,19903,0.327,7.603,7.931
8425346.64,19904,0.489,10.774,11.262
8425354.77,19902,0.362,7.633,7.995
8425409.73,19903,0.386,6.383,6.769
8425472.81,19904,0.246,5.777,6.023
8425522.82,19902,0.766,10.408,11.173
8425525.94,19903,0.33,9.961,10.292
8425575.7,19904,0.299,7.522,7.822
8425585.13,19902,0.237,7.67,7.907
8425683.55,19903,0.651,9.681,10.332
8425695.8,19904,0.328,8.364,8.692
8425714.97,19902,0.157,5.285,5.443
8425752.68,19903,0.329,10.338,10.667
8425789.65,19904,0.549,14.97,15.519
8425799.02,19902,0.453,5.423,5.875
8425815.01,19903,0.399,4.31,4.709
8425823.66,19904,0.185,4.547,4.732
8425835.56,19902,0.272,6.421,6.693
8425845.86,19903,0.262,7.656,7.918
8425847.09,19904,0.104,4.449,4.553
8425887.36,19902,0.203,4.124,4.327
8425895.17,19902,0.644,7.676,8.321
8425895.18,19903,0.484,8.071,8.555
8425897.46,19904,0.079,7.845,7.924
8425900.03,19902,0.046,4.48,4.526
8425901.58,19903,0.06,6.116,6.176
8425981.71,19904,0.211,8.13,8.341
8425986.79,19902,0.222,8.492,8.714
8426019.33,19903,0.302,9.563,9.864
8426054.77,19904,0.818,11.063,11.88
8426082.21,19902,0.28,4.015,4.296
8426146.61,19903,0.208,6.987,7.195
8426199.74,19904,0.59,10.705,11.295
8426202.82,19902,1.288,10.387,11.675
8426206.89,19903,1.481,6.907,8.388
8426213.64,19904,0.13,4.268,4.399
8426243.85,19902,0.22,4.049,4.27
8426261.87,19903,0.148,6.397,6.546
8426262.16,19904,0.146,5.697,5.843
8426266.67,19902,0.102,4.243,4.345
8426276.6,19903,0.273,4.737,5.009
8426277.35,19904,0.097,4.63,4.727
8426297.09,19902,0.226,4.136,4.362
8426303.46,19903,0.106,4.311,4.417
8426319.46,19904,0.079,6.161,6.24
8426325.88,19902,0.148,4.259,4.407
8426329.78,19903,0.106,4.332,4.438
8426340.98,19902,0.19,4.613,4.804
8426341.43,19904,0.082,4.097,4.179
8426365.86,19903,0.169,6.584,6.753
8426368.89,19902,0.116,4.719,4.835
8426387.17,19904,0.095,8.161,8.256
8426395.92,19903,0.181,4.032,4.213
8426407.62,19902,0.113,4.182,4.295
8426416.5,19904,0.137,5.605,5.743
8426417.7,19903,0.235,5.181,5.416
8426429.43,19902,0.12,5.573,5.693
8426506.7,19904,0.659,11.122,11.781
8426556.21,19903,0.252,4.079,4.331
8426612.47,19902,1.256,12.369,13.626
8426630.87,19904,0.156,4.148,4.305
8426645.62,19903,0.201,4.01,4.211
8426647.57,19902,0.07,4.128,4.198
8426690.9,19904,0.364,11.269,11.633
8426720.66,19903,0.132,4.324,4.456
8426729.3,19902,0.097,4.283,4.379
8426745.04,19904,0.261,5.777,6.038
8426747.84,19903,0.133,5.429,5.562
8426759.5,19902,0.747,6.217,6.964
8426784.13,19904,0.352,14.895,15.246
8426791.02,19902,0.089,9.859,9.948
8426792.76,19903,0.148,17.561,17.709
8426794.39,19904,0.058,9.513,9.571
8426798.44,19902,0.247,5.536,5.783
8426822.77,19903,0.193,5.036,5.229
8426823.19,19904,0.169,4.718,4.887
8426870.88,19902,0.166,4.605,4.772
8426902.29,19903,0.245,12.71,12.955
8426930.99,19904,3.12,15.768,18.888
8426945.52,19902,0.123,24.473,24.596
8426955.05,19903,0.133,19.283,19.416
8426959.29,19904,0.084,18.125,18.209
8426981.26,19902,0.357,15.806,16.163
8426981.33,19903,0.202,8.037,8.24
8426995.73,19904,0.088,18.374,18.463
8426999.09,19902,0.201,16.393,16.594
8427013.35,19903,0.162,8.093,8.255
8427020.34,19903,0.085,6.696,6.782
8427020.66,19904,0.78,8.251,9.031
8427041.56,19902,0.125,6.985,7.11
8427047.66,19903,0.115,8.188,8.303
8427065.29,19904,9.513,10.69,20.203
8427066.14,19902,3.419,10.036,13.455
8427069.14,19903,0.093,6.572,6.665
8427078.69,19904,1.305,8.323,9.629
8427084.32,19903,0.192,4.151,4.343
8427090.4,19902,0.184,12.95,13.134
8427123.99,19904,0.215,18.445,18.66
8427131.41,19903,0.432,12.63,13.063
8427151.16,19902,0.36,5.545,5.905
8427158.92,19904,2.438,8.714,11.151
8427187.46,19902,0.174,4.148,4.322
8427209.19,19903,0.379,9.058,9.437
8427213.56,19902,0.169,9.316,9.485
8427213.94,19904,0.216,11.866,12.081
8427221.21,19903,0.722,8.133,8.855
8427236.86,19902,0.106,4.729,4.835
8427263.7,19904,0.151,4.154,4.304
8427281.27,19903,0.264,7.404,7.668
8427286.81,19902,0.182,6.378,6.56
8427287.89,19903,0.14,6.092,6.232
8427313.4,19904,0.205,7.574,7.778
8427317.95,19902,0.386,4.358,4.743
8427335.85,19903,0.42,6.966,7.386
8427379.85,19904,0.315,10.846,11.161
8427400.27,19902,0.26,7.088,7.349
8427407.2,19903,0.124,7.297,7.421
8427417.91,19902,0.213,7.689,7.902
8427421.51,19904,0.168,7.443,7.611
8427434.25,19903,0.254,5.816,6.07
8427443.32,19902,0.178,4.434,4.612
8427448.17,19904,0.947,4.626,5.573
8427451.45,19903,0.146,5.189,5.335
8427476.52,19902,0.188,4.222,4.409
8427543.95,19904,0.682,8.548,9.23
8427572.3,19903,0.312,4.377,4.688
8427591.63,19902,0.192,5.318,5.51
8427592.46,19904,0.161,4.847,5.008
8427598.07,19903,0.249,4.296,4.545
8427603.03,19902,0.872,5.058,5.93
8427606.03,19904,0.24,4.935,5.176
8427610.23,19902,1.213,4.104,5.317
8427637.62,19903,0.653,4.408,5.061
8427662.28,19904,0.185,5.528,5.712
8427670.66,19902,0.643,4.307,4.95
8427675.18,19903,0.161,4.66,4.821
8427682.26,19902,0.209,5.632,5.84
8427685.06,19904,0.096,5.081,5.176
8427707.61,19903,0.163,4.212,4.375
8427721.75,19902,0.199,4.27,4.469
8427769.15,19904,0.478,8.94,9.419
8427779.45,19902,0.086,6.171,6.257
8427780.02,19903,0.186,9.009,9.195
8427791.85,19904,0.299,4.293,4.593
8427804.61,19902,1.07,4.588,5.659
8427804.63,19903,0.468,4.275,4.743
8427828.52,19904,0.191,6.249,6.44
8427832.55,19903,0.097,6.139,6.236
8427841.6,19902,0.287,4.341,4.627
8427849.87,19904,0.138,5.782,5.92
8427855.31,19903,1.662,4.483,6.145
8427878.09,19902,0.189,4.256,4.445
8427918.7,19904,0.232,6.753,6.984
8427958.01,19903,0.178,6.589,6.767
8427960.62,19902,0.585,5.517,6.102
8427961.59,19904,0.105,4.709,4.814
8427979.99,19903,0.303,4.972,5.274
8428003.12,19902,0.277,6.241,6.518
8428018.98,19904,0.175,9.377,9.552
8428025.87,19902,0.43,6.258,6.688
8428026.42,19903,0.112,10.518,10.63
8428046.03,19904,0.186,4.454,4.639
8428052.55,19902,0.129,6.109,6.238
8428056.15,19903,0.177,4.203,4.38
8428090.35,19902,0.564,8.037,8.601
8428095.31,19904,0.197,7.106,7.303
8428098.87,19903,0.11,5.85,5.96
8428103.19,19902,0.103,5.895,5.998
8428129.39,19904,0.332,4.232,4.564
8428132.88,19903,0.181,5.293,5.474
8428231.34,19902,0.531,8.605,9.137
8428297.95,19904,0.24,5.268,5.508
8428435.66,19903,4.018,9.184,13.202
8428451.26,19902,0.122,4.044,4.166
8428478.36,19904,0.44,6.298,6.738
8428535.66,19903,0.249,10.505,10.753
8428536.21,19902,0.105,8.566,8.67
8428571.21,19904,0.49,8.496,8.986
8428618.28,19903,0.221,5.161,5.382
8428634.46,19902,0.184,4.231,4.414
8428642.3,19904,0.141,5.015,5.156
8428670.76,19903,0.556,8.827,9.383
8428725.78,19902,0.34,5.418,5.758
8428764.23,19904,0.298,6.72,7.018
8428772.6,19903,0.256,4.272,4.528
8428816.65,19902,0.267,4.947,5.214
8428882.78,19904,0.193,4.311,4.504
8428931.72,19903,0.264,6.471,6.736
8429101.35,19902,0.187,6.298,6.485
8429250.73,19904,0.57,11.107,11.677
8429304.62,19903,0.336,10.921,11.257
8429329.23,19902,0.367,9.842,10.209
8429423.67,19904,1.249,5.315,6.564
8429503.17,19903,0.323,5.217,5.54
8429566.08,19902,0.319,6.113,6.432
8429693.54,19904,0.373,8.62,8.993
8429736.3,19903,0.29,8.801,9.092
8429776.29,19902,0.237,7.68,7.917
8429860.56,19904,0.296,7.634,7.93
8430003.47,19903,0.309,8.021,8.329
8430102.05,19902,0.272,4.756,5.028
8430182.74,19903,0.521,18.47,18.991
8430183.08,19904,1.244,23.411,24.655
8430184.18,19902,0.283,16.826,17.11
8430191.6,19904,0.07,6.125,6.195
8430192.41,19903,9.049,9.577,18.626
8430219.33,19902,0.306,7.68,7.987
8430243.2,19904,0.341,8.793,9.134
8430263.26,19903,0.111,4.07,4.181
8430340.42,19902,0.736,7.638,8.374
8430490.88,19904,0.889,11.252,12.141
8430522.52,19903,0.177,4.532,4.709
8430572.5,19902,0.451,9.108,9.558
8430739.28,19904,0.802,9.06,9.861
8430776.17,19903,0.257,4.038,4.295
8430792.3,19902,0.181,5.886,6.067
8430809.33,19904,0.37,4.86,5.23
8430861.03,19903,0.183,4.409,4.593
8430881.9,19902,0.383,5.917,6.3
8430920.67,19904,0.529,10.348,10.877
8430997.59,19903,0.414,9.847,10.261
8431003.94,19902,0.299,7.509,7.808
8431027.18,19904,0.165,6.598,6.763
8431062.55,19903,0.248,5.572,5.82
8431085.03,19902,0.623,8.547,9.17
8431299.1,19904,0.217,3.949,4.166
8431372.68,19903,0.479,4.108,4.587
8431401.55,19902,0.283,8.635,8.918
8431439.41,19904,0.317,12.76,13.077
8431455.93,19903,0.098,4.088,4.186
8431494.06,19902,0.51,9.64,10.15
8431515.7,19904,0.305,9.214,9.519
8431523.09,19903,0.308,14.219,14.527
8431524.21,19902,0.133,7.021,7.154
8431577.39,19904,0.74,11.063,11.804
8431634.09,19903,0.329,4.159,4.488
8431652.67,19902,0.316,4.685,5.001
8431749.9,19904,0.68,12.262,12.942
8431750.9,19903,0.45,9.493,9.943
8431775.17,19902,0.27,6.766,7.036
8431787.12,19904,0.171,6.854,7.025
8431806.97,19903,0.253,4.046,4.299
8431809.71,19902,0.118,4.375,4.493
8431987.58,19904,0.224,7.613,7.837
8432155.41,19903,0.427,5.141,5.568
8432163.44,19902,0.122,5.001,5.123
8432165.57,19904,0.179,4.602,4.781
8432203.13,19903,0.443,12.377,12.82
8432278.03,19902,0.736,9.155,9.89
8432308.45,19904,0.225,4.3,4.526
8432322.98,19903,0.227,4.371,4.598
8432336.92,19902,0.144,4.929,5.073
8432447.58,19904,0.335,11.593,11.928
8432566.56,19903,0.311,4.175,4.486
8432573.47,19902,0.279,4.116,4.394
8432617.89,19904,0.333,9.284,9.616
8432627.4,19903,0.158,6.854,7.013
8432633.37,19902,0.083,6.223,6.305
8432706.16,19904,0.443,10.276,10.72
8432735.09,19903,0.139,4.224,4.363
8432780.98,19902,0.498,9.638,10.136
8432800.54,19904,0.485,14.53,15.015
8432801.93,19903,0.94,10.776,11.716
8432814.55,19902,0.222,4.194,4.416
8432856.66,19904,0.43,7.71,8.14
8432914.95,19903,0.278,6.775,7.054
8432915.8,19902,0.286,6.297,6.583
8433063.67,19904,0.204,5.019,5.222
8433169.31,19903,0.263,4.183,4.446
8433196.83,19902,0.34,9.407,9.747
8433226.65,19904,0.174,5.937,6.112
8433263.29,19903,0.348,5.259,5.607
8433275.39,19902,0.148,6.649,6.797
8433384.75,19904,0.253,8.234,8.487
8433454.75,19903,0.947,9.738,10.685
8433461.72,19902,0.184,6.788,6.971
8433482.34,19904,0.104,4.822,4.926
8433552.67,19903,0.17,4.031,4.201
8433591.91,19902,0.168,5.887,6.056
8433638.94,19904,0.628,4.599,5.227
8433655.26,19903,0.232,5.35,5.583
8433735.25,19902,0.603,5.031,5.633
8433792.16,19904,0.303,6.716,7.02
8433943.14,19903,0.721,10.031,10.752
8434052.38,19902,0.185,6.075,6.26
8434097.67,19904,0.932,10.325,11.258
8434104.62,19903,0.193,8.533,8.726
8434135.57,19902,0.156,4.621,4.777
8434139.81,19904,0.715,4.042,4.756
8434145.64,19903,0.285,4.169,4.454
8434184.77,19902,0.539,11.501,12.04
8434211.23,19904,0.348,4.751,5.1
8434264.29,19903,0.783,9.828,10.61
8434316.96,19902,0.4,4.579,4.979
8434351.88,19904,0.347,9.373,9.719
8434376.22,19903,0.118,7.027,7.145
8434376.58,19902,0.165,4.029,4.194
8434389.35,19904,0.195,4.129,4.324
8434393.6,19903,0.216,5.328,5.544
8434461.8,19904,0.281,5.664,5.944
8434477.89,19902,0.14,4.28,4.42
8434543.97,19903,0.265,12.564,12.829
8434604.2,19904,0.434,10.398,10.832
8434664.65,19902,0.226,5.008,5.235
8434685.16,19903,0.383,7.525,7.909
8434817.54,19904,0.397,7.961,8.358
8434842.19,19902,0.199,4.34,4.539
8434850.81,19903,0.418,4.893,5.311
8434902.97,19904,0.253,6.096,6.35
8434921.21,19902,0.248,4.306,4.554
8434990.54,19903,0.213,5.833,6.046
8435020.56,19904,0.208,7.737,7.945
8435130.74,19902,0.642,9.154,9.795
8435155.94,19903,0.168,4.161,4.329
8435170.5,19904,0.166,4.3,4.466
8435240.42,19902,0.356,4.001,4.357
8435352.88,19903,0.321,6.594,6.914
8435376.76,19904,0.735,9.858,10.593
8435388.74,19902,0.768,8.044,8.812
8435440.72,19903,0.283,8.245,8.527
8435469.91,19904,0.724,14.334,15.058
8435556.09,19902,0.224,6.699,6.923
8435622.93,19903,0.397,10.163,10.56
8435760.47,19904,0.497,7.984,8.481
8435813.22,19902,0.259,5.926,6.185
8435836.03,19903,0.155,4.527,4.682
8435851.22,19904,0.219,4.923,5.143
8435876.02,19902,0.249,7.376,7.625
8435884.24,19903,0.182,5.584,5.766
8435913.18,19904,0.235,4.316,4.551
8435930.99,19902,0.212,7.445,7.656
8436033.84,19903,0.387,8.132,8.518
8436050.9,19902,0.092,4.686,4.778
8436052.65,19904,2.334,8.5,10.834
8436054.88,19903,1.403,4.809,6.212
8436110.82,19904,0.396,9.043,9.439
8436241.41,19902,0.275,4.11,4.385
8436298.5,19903,0.342,9.475,9.817
8436343.23,19904,0.506,8.402,8.908
8436345.31,19902,2.333,8.009,10.343
8436395.02,19903,0.31,6.821,7.132
8436448.21,19904,0.425,11.419,11.845
8436451.6,19902,0.256,9.047,9.303
8436520.46,19903,0.769,12.233,13.002
8436548.53,19904,0.358,5.111,5.469
8436583.54,19902,0.686,6.472,7.158
8436586.12,19903,0.272,5.071,5.343
8436635.07,19904,0.233,4.726,4.959
8436645.08,19902,0.252,3.993,4.245
8436739.86,19903,0.29,4.36,4.65
8436776.73,19904,0.611,8.531,9.142
8436830.44,19902,0.259,4.851,5.109
8436835.58,19903,0.164,5.335,5.5
8436881.07,19904,0.221,7.373,7.594
8436881.26,19902,0.116,6.203,6.319
8436953.33,19903,0.323,7.937,8.26
8437039.7,19904,0.321,13.197,13.518
8437111.08,19902,0.681,9.114,9.795
8437158.64,19903,0.214,5.593,5.807
8437480.32,19904,0.165,4.696,4.86
8437504.96,19902,0.868,6.547,7.415
8437554.56,19903,0.113,4.3,4.413
8437566.31,19904,0.141,4.06,4.201
8437613.75,19903,0.541,9.993,10.535
8437613.83,19902,0.846,12.364,13.21
8437630.03,19904,0.248,4.304,4.552
8437646.05,19902,0.181,4.14,4.32
8437652.83,19903,0.245,4.109,4.354
8437655.15,19904,0.1,3.98,4.079
8437828.12,19903,0.332,4.726,5.058
8437898.32,19902,0.224,4.171,4.395
8437939.8,19904,0.369,4.776,5.144
8437964.77,19903,0.18,4.424,4.604
8437997.79,19902,0.353,5.998,6.35
8437999.17,19904,0.184,5.536,5.719
8438023.79,19903,0.417,9.854,10.271
8438030.97,19902,0.205,6.724,6.929
8438054.22,19904,0.15,4.287,4.437
8438094.65,19903,0.322,8.77,9.091
8438514.31,19902,0.615,9.653,10.267
8438639.73,19904,0.253,4.974,5.227
8438640.91,19903,0.098,4.095,4.193
8438710.51,19902,0.389,4.168,4.557
8438748.98,19904,0.409,9.886,10.294
8438766.4,19903,0.365,9.443,9.808
8438795.26,19902,0.174,4.001,4.175
8438859.68,19904,0.241,6.985,7.226
8438887.01,19903,0.277,4.464,4.741
8438891.58,19902,0.132,4.415,4.547
8438907.97,19904,0.234,6.815,7.049
8438914.66,19902,0.123,5.454,5.576
8438914.89,19903,0.125,9.398,9.523
8438917.96,19904,0.624,4.86,5.484
8439042.47,19902,0.261,4.329,4.589
8439122.01,19903,0.349,4.076,4.426
8439149.43,19904,0.318,7.266,7.584
8439151.82,19902,0.236,7.22,7.456
8439161.85,19903,0.394,7.178,7.572
8439227.23,19904,0.381,6.472,6.853
8439283.43,19902,0.227,4.026,4.253
8439320.21,19903,0.715,9.719,10.434
8439324.82,19904,0.317,7.638,7.956
8439378.56,19902,0.536,4.314,4.85
8439490.79,19903,0.472,10.679,11.152
8439534.29,19904,0.381,13.776,14.157
8439534.84,19902,0.189,10.754,10.943
8439669.03,19903,0.535,9.681,10.216
8439695.06,19904,0.387,14.142,14.529
8439704.35,19902,1.174,12.524,13.697
8439717.88,19903,0.262,4.637,4.898
8439733.72,19904,2.208,7.525,9.733
8439783.76,19902,0.855,10.388,11.243
8439835.68,19903,0.254,5.924,6.179
8439843.75,19904,0.266,6.141,6.407
8439857.79,19902,0.539,7.85,8.389
8439884.17,19903,0.208,4.502,4.71
8439979.66,19904,0.183,4.388,4.571
8440014.14,19902,0.263,10.616,10.879
8440050.76,19903,0.274,4.375,4.649
8440105.97,19904,1.102,10.443,11.545
8440141.67,19902,0.179,4.16,4.339
8440254.77,19903,0.452,8.228,8.68
8440316.74,19904,0.261,4.12,4.381
8440408.68,19902,0.22,5.621,5.841
8440425.83,19903,0.612,6.573,7.186
8440462.75,19904,0.288,4.354,4.643
8440475.46,19902,0.155,4.303,4.459
8440497.3,19903,0.492,9.765,10.258
8440501.49,19904,0.207,6.18,6.387
8440546.96,19902,0.269,4.351,4.62
8440627.93,19903,0.149,4.239,4.389
8440652.79,19904,0.267,6.633,6.899
8440668.84,19902,0.399,8.265,8.664
8440694.13,19903,0.177,7.418,7.594
8440764.97,19904,0.482,11.365,11.847
8440887.31,19902,0.251,5.161,5.412
8440892.05,19903,0.272,4.193,4.466
8441111.84,19904,0.398,8.464,8.862
8441122.11,19902,1.42,9.904,11.325
8441172.89,19903,0.275,8.085,8.36
8441186.78,19904,0.434,8.173,8.606
8441226.1,19902,0.416,4.781,5.197
8441266.57,19903,0.658,9.815,10.473
8441269.14,19904,0.233,8.9,9.133
8441297.55,19902,0.278,12.135,12.413
8441299.24,19903,0.111,6.766,6.877
8441409.23,19904,0.205,5.564,5.769
8441419.94,19902,0.285,6.724,7.009
8441423.82,19903,0.469,6.495,6.963
8441460.09,19904,0.338,8.636,8.974
8441528.84,19902,0.642,8.283,8.926
8441600.34,19903,0.352,9.611,9.963
8441769.17,19904,0.3,4.571,4.872
8441769.89,19902,0.126,4.359,4.485
8441788.04,19903,0.253,4.5,4.753
8441881.92,19904,0.333,6.278,6.611
8441890.16,19902,0.172,4.715,4.887
8441923.39,19903,0.166,5.678,5.845
8442011.15,19904,0.558,4.209,4.767
8442064.65,19902,0.27,5.455,5.725
8442076.26,19903,0.208,4.213,4.422
8442180.74,19904,0.37,11.322,11.691
8442184.85,19902,0.264,11.44,11.704
8442290.24,19903,0.32,7.771,8.092
8442365.57,19904,0.228,7.548,7.776
8442529.11,19902,0.212,4.733,4.944
8442585.55,19903,0.397,6.272,6.669
8442654.05,19904,0.375,8.383,8.758
8442706.13,19902,0.856,4.245,5.1
8442707.03,19903,0.596,4.891,5.487
8442752.68,19904,0.198,6.722,6.921
8442797.1,19902,0.301,4.241,4.542
8442952.04,19903,0.174,6.943,7.117
8442955.23,19904,0.391,4.607,4.998
8442989.19,19902,1.684,5.019,6.704
8443116.75,19903,0.386,7.279,7.665
8443119.79,19904,0.165,9.196,9.361
8443162.69,19902,0.503,4.927,5.43
8443229.49,19903,0.195,8.017,8.212
8443245.89,19904,0.135,4.175,4.31
8443380.6,19902,0.497,9.9,10.397
8443381.68,19903,0.371,8.186,8.557
8443387.08,19904,0.119,5.12,5.239
8443522.99,19902,0.397,4.561,4.958
8443555.12,19903,0.144,4.134,4.278
8443596.29,19904,0.162,4.33,4.492
8443672.09,19902,0.446,8.038,8.484
8443675.03,19903,0.24,6.956,7.196
8443695.14,19904,0.12,4.042,4.162
8443729.71,19902,0.233,5.161,5.394
8443771.69,19903,0.216,8.257,8.472
8443888.98,19904,0.239,5.489,5.728
8443965.62,19902,0.422,4.369,4.79
8444003.98,19903,0.393,10.072,10.465
8444004.0,19904,0.342,9.727,10.068
8444021.1,19902,0.153,4.487,4.64
8444069.78,19904,0.521,8.229,8.75
8444077.1,19903,0.402,6.063,6.465
8444102.81,19902,0.205,5.959,6.163
8444144.47,19904,0.505,9.118,9.622
8444247.03,19903,0.718,10.395,11.114
8444363.71,19902,0.376,4.893,5.27
8444386.95,19904,0.351,5.874,6.225
8444391.96,19903,0.173,5.023,5.196
8444440.24,19904,0.409,19.379,19.788
8444474.85,19902,0.193,3.952,4.145
8444494.34,19903,0.284,6.271,6.556
8444523.8,19904,0.34,10.216,10.556
8444536.62,19902,0.245,7.292,7.536
8444563.09,19903,0.226,3.963,4.189
8444575.54,19904,0.124,6.093,6.217
8444579.77,19902,0.296,6.399,6.695
8444636.89,19903,0.189,6.06,6.248
8444648.45,19904,0.2,4.182,4.382
8444809.47,19902,0.284,4.101,4.384
8444858.18,19903,0.519,6.543,7.062
8444955.6,19904,0.322,8.105,8.428
8445047.65,19902,0.279,7.437,7.716
8445175.52,19903,0.552,8.324,8.876
8445208.05,19904,0.644,10.952,11.596
8445214.45,19902,0.197,9.154,9.351
8445269.28,19903,0.328,8.69,9.018
8445282.77,19904,0.319,8.453,8.772
8445309.33,19902,0.134,4.176,4.31
8445312.4,19903,0.069,5.275,5.343
8445366.47,19904,0.609,10.617,11.226
8445373.31,19902,0.199,8.113,8.312
8445386.62,19903,0.22,6.445,6.665
8445388.87,19904,0.108,5.413,5.521
8445391.85,19902,0.076,4.037,4.113
8445398.22,19904,0.684,6.208,6.892
8445400.86,19902,0.1,4.053,4.153
8445425.35,19903,0.139,4.094,4.233
8445467.16,19904,2.258,8.739,10.996
8445488.15,19902,0.187,4.498,4.686
8445497.29,19903,0.169,4.097,4.266
8445502.87,19904,0.124,4.173,4.297
8445520.85,19903,0.492,5.226,5.718
8445520.98,19902,0.147,7.858,8.005
8445530.73,19904,0.142,5.551,5.693
8445567.39,19903,0.182,3.986,4.168
8445580.18,19902,0.148,6.94,7.088
8445590.88,19904,0.356,7.645,8.001
8445600.79,19903,0.132,7.317,7.449
8445636.19,19902,0.163,7.935,8.097
8445714.49,19904,0.669,9.815,10.484
8445718.31,19903,1.239,9.14,10.379
8445723.15,19902,0.779,4.651,5.43
8445727.43,19904,1.7,4.153,5.853
8445742.54,19903,0.098,4.089,4.188
8445774.04,19902,0.458,8.384,8.842
8445780.73,19904,0.175,7.348,7.523
8445782.85,19902,0.16,6.488,6.648
8445824.11,19903,0.163,4.146,4.309
8445837.45,19904,0.369,4.489,4.858
8445849.09,19902,0.166,4.363,4.529
8445853.71,19903,0.121,6.526,6.647
8445855.79,19904,0.094,4.903,4.997
8445857.43,19902,0.087,4.15,4.237
8445879.94,19903,0.298,5.452,5.75
8445885.97,19904,0.23,4.533,4.763
8445915.71,19902,0.193,5.761,5.954
8445934.86,19903,0.406,9.293,9.699
8445963.3,19904,0.308,7.857,8.164
8445982.54,19902,0.18,5.562,5.741
8445990.42,19903,0.211,7.697,7.908
8445991.21,19902,0.056,5.576,5.632
8446001.99,19904,0.163,5.347,5.51
8446061.02,19903,0.377,14.467,14.844
8446061.47,19902,0.259,13.32,13.579
8446061.98,19904,0.087,11.556,11.643
8446067.92,19903,0.215,4.257,4.471
8446072.79,19902,0.291,4.084,4.374
8446080.21,19904,0.156,4.567,4.723
8446092.89,19903,0.143,4.987,5.13
8446147.15,19902,0.239,13.403,13.642
8446148.92,19904,0.156,8.791,8.947
8446151.1,19903,0.07,8.446,8.516
8446153.21,19902,5.527,4.152,9.68
8446157.88,19904,0.174,4.253,4.427
8446160.23,19903,0.07,5.125,5.195
8446172.35,19902,0.137,4.15,4.288
8446176.06,19904,0.097,4.075,4.172
8446209.69,19903,0.49,9.993,10.483
8446225.79,19902,0.284,12.566,12.85
8446250.69,19904,0.234,4.178,4.413
8446253.86,19903,0.385,4.393,4.777
8446267.75,19904,0.327,6.397,6.724
8446293.76,19902,0.326,4.965,5.29
8446312.49,19903,0.253,5.073,5.326
8446327.65,19904,0.131,4.21,4.341
8446362.54,19902,0.388,6.461,6.849
8446400.7,19903,0.3,4.138,4.437
8446408.69,19904,0.224,4.294,4.517
8446437.61,19902,0.477,8.154,8.631
8446465.09,19903,0.181,6.239,6.42
8446512.39,19904,0.628,11.695,12.323
8446534.68,19902,0.551,11.879,12.43
8446549.78,19903,0.15,4.467,4.617
8446564.24,19904,0.273,4.052,4.324
8446614.85,19902,0.549,15.237,15.786
8446616.81,19904,0.296,11.766,12.063
8446616.93,19903,0.193,13.645,13.838
8446646.58,19904,0.142,4.286,4.428
8446663.61,19903,0.17,9.075,9.245
8446666.23,19902,0.147,5.464,5.612
8446689.32,19904,0.427,8.215,8.642
8446700.37,19903,0.146,10.476,10.621
8446719.89,19904,0.089,7.742,7.831
8446720.17,19902,0.172,9.454,9.626
8446763.71,19903,0.44,9.16,9.601
8446769.34,19904,0.226,8.65,8.876
8446805.55,19902,0.785,4.38,5.165
8446809.17,19903,0.1,4.127,4.227
8446824.06,19902,0.163,4.276,4.439
8446850.64,19904,0.207,4.287,4.495
8446922.61,19903,0.446,8.317,8.763
8446955.83,19902,0.337,13.633,13.97
8446982.97,19904,0.193,7.289,7.481
8446987.5,19903,0.163,5.788,5.951
8446987.67,19902,0.081,4.153,4.234
8446992.31,19904,0.12,4.211,4.331
8447010.81,19903,0.306,5.499,5.806
8447015.97,19902,0.141,4.797,4.938
8447098.6,19904,0.821,10.149,10.969
8447119.12,19903,0.937,9.632,10.569
8447135.82,19902,0.142,4.259,4.401
8447147.93,19904,0.124,4.216,4.34
8447163.3,19903,0.257,4.861,5.118
8447176.35,19902,0.144,6.59,6.734
8447182.63,19903,0.129,5.213,5.342
8447183.55,19904,0.962,8.791,9.752
8447185.23,19902,0.102,5.076,5.178
8447187.94,19903,0.755,4.215,4.97
8447203.6,19904,0.159,5.633,5.792
8447215.35,19902,0.102,4.066,4.168
8447222.84,19903,0.072,5.526,5.598
8447225.52,19904,0.051,4.947,4.998
8447235.15,19902,0.088,8.19,8.278
8447235.74,19903,0.081,6.452,6.533
8447269.66,19904,0.606,12.612,13.218
8447275.01,19902,0.35,7.774,8.123
8447289.95,19904,0.2,9.671,9.871
8447291.26,19903,0.084,9.119,9.204
8447296.55,19902,0.094,4.301,4.395
8447328.16,19903,0.196,6.663,6.859
8447333.13,19904,0.304,5.008,5.312
8447358.83,19902,0.387,10.189,10.576
8447366.18,19903,0.179,4.918,5.098
8447373.13,19904,0.089,10.093,10.182
8447377.51,19902,0.922,9.421,10.344
8447377.89,19903,2.77,7.631,10.401
8447384.24,19904,0.251,4.229,4.48
8447391.22,19903,0.188,4.329,4.516
8447400.52,19902,0.21,4.284,4.493
8447407.26,19904,0.096,3.981,4.076
8447425.82,19903,0.381,6.005,6.386
8447448.74,19902,0.251,4.111,4.362
8447458.41,19904,0.256,4.071,4.327
8447468.38,19903,0.138,4.365,4.502
8447470.36,19902,0.082,4.083,4.165
8447483.97,19904,0.254,5.765,6.019
8447499.72,19903,0.257,7.639,7.896
8447509.1,19902,0.416,6.196,6.612
8447558.48,19904,0.41,6.551,6.961
8447600.48,19903,0.387,8.84,9.228
8447704.76,19902,0.199,5.432,5.63
8447709.26,19904,0.627,4.301,4.928
8447733.85,19903,0.155,7.507,7.662
8447765.26,19902,0.424,8.836,9.26
8447775.5,19904,0.339,6.036,6.374
8447807.2,19903,0.355,4.855,5.211
8447897.55,19902,0.193,5.044,5.237
8447922.8,19904,0.481,4.586,5.067
8447985.21,19903,0.291,7.949,8.24
8448003.28,19902,0.423,8.297,8.721
8448023.38,19904,0.193,7.495,7.688
8448052.5,19903,0.158,5.081,5.24
8448109.28,19902,0.274,6.455,6.729
8448171.3,19904,0.393,10.354,10.747
8448186.2,19903,0.289,7.7,7.989
8448208.63,19902,0.151,4.197,4.348
8448232.66,19904,0.338,5.307,5.645
8448246.37,19903,0.32,5.53,5.851
8448260.36,19902,0.115,4.447,4.562
8448296.98,19904,0.194,6.585,6.779
8448300.28,19903,0.231,5.974,6.205
8448357.05,19902,0.551,6.037,6.588
8448400.18,19904,0.363,7.335,7.698
8448474.81,19903,0.601,7.746,8.347
8448477.75,19902,0.375,7.234,7.609
8448504.84,19904,0.23,4.341,4.571
8448612.08,19903,0.311,5.656,5.967
8448637.7,19902,0.271,7.145,7.417
8448782.27,19904,0.337,12.796,13.134
8448783.26,19903,0.128,10.649,10.778
8448794.55,19902,0.237,4.062,4.299
8448861.34,19904,0.418,6.089,6.508
8448896.43,19903,0.316,6.861,7.177
8449020.84,19902,0.376,10.247,10.623
8449032.77,19904,0.29,6.855,7.145
8449221.05,19903,0.467,4.306,4.773
8449233.3,19902,0.13,5.303,5.433
8449368.72,19904,0.763,7.523,8.286
8449437.52,19903,0.478,9.554,10.032
8449443.63,19902,0.331,9.398,9.729
8449466.01,19904,0.27,4.25,4.519
8449512.23,19903,0.433,10.82,11.254
8449526.79,19902,0.322,5.375,5.697
8449820.61,19904,0.257,4.626,4.883
8449825.61,19903,0.131,4.27,4.401
8449954.88,19902,0.198,4.603,4.801
8449973.45,19904,0.222,4.072,4.293
8450004.38,19903,0.275,8.635,8.91
8450098.89,19902,0.818,10.126,10.944
8450141.81,19904,0.39,4.361,4.75
8450252.14,19903,0.365,9.445,9.81
8450352.15,19902,0.474,11.598,12.072
8450443.81,19904,1.636,9.415,11.052
8450506.06,19903,0.513,8.132,8.645
8450549.74,19902,0.193,4.359,4.553
8450639.83,19904,0.17,5.06,5.23
8450642.2,19903,0.219,4.882,5.1
8450750.01,19902,0.696,9.245,9.942
8450816.42,19904,0.254,4.039,4.293
8450828.92,19903,0.161,4.453,4.615
8450839.68,19902,0.154,4.201,4.355
8450861.19,19904,0.29,6.673,6.963
8450867.57,19903,0.16,8.427,8.587
8450892.6,19902,0.187,4.321,4.508
8450909.91,19904,0.338,6.238,6.577
8450994.8,19903,0.322,6.798,7.12
8451013.79,19902,0.356,8.849,9.206
8451073.28,19904,0.202,4.039,4.241
8451124.59,19903,0.562,11.149,11.712
8451140.19,19902,0.202,7.38,7.582
8451150.15,19904,0.094,4.383,4.477
8451167.32,19903,0.132,5.71,5.842
8451228.37,19902,0.175,6.099,6.274
8451237.73,19904,0.151,4.251,4.401
8451254.29,19903,0.255,6.19,6.445
8451272.23,19902,0.257,8.989,9.246
8451420.38,19904,0.219,6.883,7.102
8451489.89,19903,0.202,14.572,14.773
8451493.37,19902,0.133,12.696,12.829
8451494.03,19904,0.363,11.899,12.263
8451497.75,19903,7.931,4.238,12.169
8451504.39,19904,0.186,4.172,4.358
8451583.49,19902,0.312,4.212,4.525
8451589.85,19903,0.144,4.323,4.467
8451708.18,19904,0.818,10.527,11.345
8451719.57,19902,0.263,9.567,9.83
8451763.54,19903,0.37,7.193,7.562
8451769.98,19904,0.168,7.932,8.101
8451817.2,19903,0.184,14.917,15.101
8451817.39,19902,0.606,19.201,19.807
8451856.97,19904,0.366,5.685,6.051
8451872.21,19903,0.207,6.779,6.986
8451880.51,19902,0.275,5.379,5.654
8451909.52,19904,0.294,4.117,4.411
8452008.47,19903,0.417,4.196,4.613
8452064.31,19902,0.377,12.296,12.672
8452066.47,19904,0.183,8.215,8.398
8452119.74,19903,0.594,8.706,9.3
8452123.96,19902,0.204,10.581,10.785
8452129.37,19904,0.108,14.019,14.127
8452133.18,19902,0.106,4.661,4.767
8452133.89,19903,0.153,7.959,8.112
8452149.2,19904,0.157,4.015,4.172
8452157.36,19902,0.1,5.193,5.294
8452197.75,19903,0.472,9.91,10.382
8452199.24,19904,0.253,9.39,9.643
8452253.28,19902,0.316,5.051,5.367
8452280.04,19903,0.422,8.439,8.861
8452283.48,19904,0.255,7.172,7.427
8452293.97,19902,1.246,5.648,6.894
8452317.95,19903,0.147,4.097,4.244
8452337.21,19904,0.137,4.772,4.91
8452341.58,19902,0.115,4.382,4.497
8452392.88,19904,0.192,4.406,4.598
8452409.67,19903,0.286,4.39,4.675
8452416.84,19902,0.125,4.394,4.519
8452420.6,19904,1.464,4.452,5.916
8452444.31,19903,0.336,8.546,8.882
8452466.7,19902,0.196,9.787,9.983
8452467.72,19904,0.114,7.338,7.452
8452468.6,19903,0.075,6.215,6.29
8452486.13,19904,0.117,6.984,7.101
8452490.36,19902,0.142,4.336,4.477
8452495.59,19904,0.094,4.109,4.203
8452552.66,19903,0.317,7.402,7.719
8452562.11,19902,0.188,4.141,4.329
8452641.88,19904,0.311,6.239,6.55
8452672.85,19903,0.187,5.3,5.488
8452695.54,19902,0.384,9.588,9.972
8452717.15,19904,0.371,12.734,13.105
8452752.83,19903,0.267,4.322,4.589
8452811.79,19902,0.217,7.358,7.575
8452848.17,19904,0.29,5.023,5.313
8452890.92,19903,0.433,16.027,16.46
8452907.11,19902,0.395,6.588,6.983
8452913.95,19904,0.233,5.602,5.834
8452916.55,19903,0.204,5.444,5.648
8452935.58,19902,0.249,5.413,5.662
8452965.61,19904,0.289,8.958,9.246
8452975.85,19903,0.483,6.66,7.143
8452999.76,19902,0.101,4.387,4.488
8453019.23,19904,0.291,7.575,7.866
8453019.92,19903,0.137,6.993,7.131
8453026.78,19902,0.241,4.21,4.451
8453029.61,19904,0.088,4.092,4.18
8453034.7,19903,0.147,4.044,4.191
8453036.91,19902,0.083,4.161,4.244
8453046.36,19903,0.186,4.911,5.097
8453046.38,19904,0.11,4.795,4.905
8453052.46,19902,0.104,4.861,4.965
8453054.94,19903,0.149,4.689,4.837
8453062.71,19904,0.401,7.597,7.998
8453076.12,19902,0.225,4.381,4.606
8453092.3,19903,0.107,4.163,4.27
8453094.43,19904,0.092,4.081,4.173
8453121.37,19902,0.473,10.207,10.679
8453125.73,19903,0.207,8.506,8.713
8453133.2,19904,0.139,7.832,7.971
8453136.18,19903,0.248,5.843,6.091
8453141.17,19902,0.157,4.351,4.508
8453154.32,19904,0.271,5.231,5.502
8453160.27,19903,0.159,5.491,5.65
8453160.6,19902,0.087,4.31,4.397
8453165.18,19904,0.109,4.099,4.207
8453173.05,19903,0.173,4.021,4.194
8453183.83,19902,0.135,4.072,4.207
8453195.13,19904,0.096,4.614,4.71
8453223.36,19903,0.51,9.0,9.509
8453242.45,19902,0.132,4.194,4.326
8453256.1,19904,0.098,4.151,4.249
8453278.54,19903,0.303,8.215,8.519
8453284.91,19902,0.223,8.194,8.417
8453302.12,19904,0.228,8.753,8.981
8453308.9,19903,0.152,8.181,8.333
8453329.12,19902,0.114,4.187,4.302
8453338.61,19904,0.113,4.139,4.251
8453342.64,19903,0.332,4.248,4.58
8453350.56,19904,0.101,5.176,5.277
8453471.63,19902,0.317,10.752,11.069
8453493.19,19903,0.156,5.85,6.006
8453495.25,19904,0.114,5.814,5.929
8453525.21,19902,0.202,6.735,6.936
8453532.29,19903,0.209,5.054,5.263
8453542.65,19904,0.225,4.652,4.877
8453548.47,19902,0.112,4.603,4.715
8453575.45,19903,0.227,8.141,8.368
8453575.9,19904,0.416,6.755,7.171
8453579.03,19902,0.051,4.101,4.152
8453617.89,19903,0.608,10.388,10.996
8453619.19,19904,0.329,9.245,9.574
8453646.65,19902,0.2,7.624,7.824
8453703.3,19903,0.582,9.034,9.616
8453800.78,19904,0.449,11.099,11.548
8453812.93,19902,0.291,7.506,7.796
8453856.9,19903,0.723,7.695,8.419
8453895.69,19904,0.687,9.305,9.992
8453907.47,19902,0.25,5.095,5.344
8453921.84,19903,0.201,4.011,4.212
8453977.75,19904,1.006,11.167,12.173
8453995.85,19902,0.185,4.235,4.42
8453999.29,19903,0.093,4.129,4.222
8454158.36,19904,0.142,6.78,6.922
8454161.69,19902,0.307,10.477,10.784
8454192.38,19903,0.197,6.197,6.394
8454211.34,19904,0.488,8.721,9.21
8454226.34,19902,0.282,9.147,9.429
8454227.65,19903,0.388,8.181,8.569
8454262.22,19904,0.209,4.355,4.565
8454282.15,19902,0.21,6.358,6.568
8454283.87,19903,0.226,5.667,5.893
8454501.5,19904,0.37,5.439,5.809
8454519.02,19902,0.187,5.725,5.912
8454604.75,19903,0.182,4.204,4.385
8454659.46,19904,0.206,8.99,9.196
8454689.37,19902,0.2,4.199,4.399
8454711.82,19903,0.253,6.434,6.687
8454754.52,19904,0.182,8.228,8.41
8454754.75,19902,0.079,5.644,5.724
8454789.47,19903,0.605,5.537,6.143
8454853.72,19904,0.366,4.307,4.673
8454920.51,19902,0.301,6.983,7.285
8454995.69,19903,0.402,6.559,6.961
8455052.61,19904,1.022,12.922,13.943
8455067.78,19902,2.213,4.494,6.707
8455089.77,19903,0.308,4.394,4.702
8455121.36,19904,0.312,8.568,8.88
8455161.13,19902,0.167,4.38,4.548
8455186.49,19903,0.357,5.186,5.543
8455203.18,19904,0.27,8.888,9.158
8455236.08,19902,0.128,4.564,4.692
8455245.74,19903,0.116,4.139,4.255
8455282.94,19904,0.319,10.988,11.307
8455302.32,19902,0.377,7.485,7.862
8455307.15,19903,0.465,4.604,5.069
8455380.63,19904,0.511,9.303,9.815
8455448.07,19902,0.28,7.987,8.267
8455451.06,19903,0.306,5.652,5.958
8455470.8,19904,0.44,8.146,8.586
8455497.56,19902,0.119,4.036,4.155
8455504.57,19903,0.213,4.27,4.483
8455530.39,19904,0.451,9.031,9.482
8455567.83,19902,0.856,4.28,5.136
8455597.49,19903,0.279,5.289,5.568
8455600.71,19904,0.11,5.808,5.917
8455743.59,19903,0.163,9.512,9.675
8455744.53,19902,0.319,12.113,12.432
8455748.57,19904,0.102,4.759,4.862
8455757.04,19903,0.121,5.595,5.715
8455807.67,19902,0.532,11.558,12.091
8455817.96,19904,0.217,8.345,8.562
8455822.87,19903,1.075,8.595,9.67
8455830.16,19902,0.128,4.661,4.789
8455845.79,19904,0.146,4.553,4.699
8455900.89,19903,0.407,8.306,8.713
8455912.06,19902,0.235,4.74,4.975
8455916.89,19904,0.172,4.493,4.665
8455927.37,19903,0.136,4.339,4.474
8455936.4,19902,0.443,5.262,5.705
8455997.73,19904,0.249,5.397,5.647
8456020.99,19903,0.316,4.951,5.267
8456075.04,19902,0.212,5.554,5.767
8456081.68,19904,0.133,4.581,4.713
8456092.55,19902,0.098,5.144,5.242
8456092.68,19903,0.106,6.081,6.188
8456114.21,19904,0.128,4.431,4.56
8456119.25,19902,0.252,4.597,4.849
8456138.67,19903,0.261,4.133,4.394
8456149.78,19904,0.134,7.071,7.206
8456201.46,19902,0.53,8.635,9.166
8456260.51,19903,2.301,4.219,6.521
8456283.26,19904,0.612,7.556,8.168
8456307.05,19902,1.251,8.599,9.85
8456350.42,19903,0.201,4.265,4.466
8456366.93,19904,0.236,4.257,4.493
8456445.58,19902,0.168,4.704,4.873
8456519.27,19903,0.412,5.543,5.955
8456550.11,19904,0.539,8.271,8.81
8456561.71,19902,0.203,8.256,8.459
8456572.08,19903,0.305,8.241,8.546
8456787.33,19904,1.129,12.099,13.228
8456788.3,19902,2.234,6.129,8.362
8456934.67,19903,0.174,5.024,5.198
8456946.95,19904,0.147,4.983,5.13
8456985.74,19902,0.583,4.791,5.375
8457003.71,19903,0.192,4.399,4.591
8457020.98,19904,0.348,4.454,4.802
8457067.53,19902,0.27,4.384,4.654
8457075.05,19903,0.183,4.615,4.798
8457108.95,19904,0.342,4.272,4.614
8457155.53,19902,0.378,10.042,10.421
8457194.47,19903,0.19,6.694,6.884
8457224.47,19904,0.185,4.797,4.982
8457333.2,19902,1.019,9.767,10.786
8457403.64,19903,0.539,11.072,11.61
8457451.22,19904,0.282,7.504,7.786
8457453.27,19902,0.094,7.676,7.77
8457492.09,19903,0.325,5.74,6.065
8457537.86,19904,0.175,4.529,4.705
8457542.39,19902,0.467,4.39,4.857
8457651.33,19904,0.213,6.482,6.695
8457664.39,19903,0.338,5.488,5.826
8457713.94,19902,0.28,5.229,5.509
8457733.7,19904,0.395,7.111,7.506
8457754.22,19903,0.465,7.597,8.062
8457799.42,19902,0.268,5.148,5.416
8457915.15,19904,0.302,13.849,14.152
8457919.96,19903,0.577,13.349,13.926
8457941.0,19902,0.167,6.281,6.448
8457966.92,19904,0.197,4.412,4.609
8457969.12,19903,0.174,4.512,4.687
8458033.67,19902,0.283,4.887,5.17
8458104.75,19904,0.204,11.262,11.466
8458106.55,19903,2.06,7.414,9.474
8458108.73,19902,0.138,6.045,6.183
8458172.48,19904,0.971,11.026,11.996
8458176.17,19903,0.272,6.664,6.936
8458384.18,19902,0.794,6.404,7.199
8458385.36,19904,0.343,5.889,6.231
8458500.79,19903,0.855,10.387,11.242
8458525.07,19902,0.221,5.897,6.117
8458565.45,19904,0.609,10.446,11.055
8458570.37,19903,0.212,8.278,8.491
8458600.71,19902,0.233,8.83,9.063
8458622.22,19904,0.149,4.347,4.496
8458732.1,19903,0.306,7.751,8.057
8458732.48,19902,0.092,5.622,5.714
8458795.53,19904,0.219,4.13,4.349
8458847.33,19903,0.408,12.951,13.359
8458949.49,19902,0.4,9.11,9.51
8458958.66,19904,0.402,6.949,7.351
8458976.01,19903,0.155,9.088,9.243
8459022.87,19902,0.55,8.622,9.173
8459103.31,19904,0.369,4.755,5.124
8459138.66,19903,0.229,4.415,4.645
8459244.02,19902,0.627,10.579,11.206
8459249.5,19904,0.218,6.997,7.215
8459266.17,19903,0.167,6.913,7.08
8459332.29,19902,0.285,7.779,8.064
8459360.16,19904,0.126,4.159,4.285
8459432.71,19903,0.306,5.176,5.482
8459506.68,19902,0.608,8.276,8.884
8459514.41,19904,0.422,9.336,9.758
8459521.57,19902,0.103,4.048,4.151
8459660.39,19903,0.339,8.366,8.705
8459781.33,19904,0.159,4.368,4.527
8459796.92,19902,0.258,4.107,4.365
8459929.57,19903,0.257,7.132,7.389
8460077.85,19904,0.554,8.782,9.336
8460082.24,19902,0.204,6.969,7.173
8460096.54,19903,0.211,9.826,10.037
8460097.36,19904,0.11,7.175,7.285
8460148.07,19902,0.594,9.391,9.985
8460154.09,19903,0.217,8.574,8.791
8460174.56,19904,0.204,6.627,6.831
8460188.98,19903,0.186,4.571,4.757
8460189.28,19902,0.128,7.152,7.28
8460267.44,19904,0.292,7.619,7.911
8460302.26,19903,0.22,6.597,6.816
8460332.87,19902,0.514,8.704,9.219
8460414.98,19904,0.623,9.305,9.928
8460427.69,19903,0.499,9.13,9.629
8460671.17,19902,0.3,11.078,11.378
8460678.82,19904,1.001,7.102,8.103
8460748.71,19903,0.59,8.958,9.549
8460762.85,19902,0.276,6.491,6.767
8460773.79,19904,0.171,4.054,4.225
8460792.67,19903,0.217,4.919,5.136
8460805.51,19902,0.237,5.798,6.035
8460865.74,19904,0.272,4.346,4.618
8460911.01,19903,0.257,8.441,8.698
8460930.14,19902,0.188,4.182,4.37
8460985.29,19904,0.784,10.924,11.708
8461025.91,19903,0.13,4.146,4.276
8461112.96,19902,0.173,7.031,7.203
8461124.49,19904,0.215,4.693,4.908
8461138.55,19903,0.324,5.053,5.377
8461144.96,19902,0.228,4.887,5.115
8461175.52,19904,0.387,9.918,10.305
8461178.61,19903,0.746,10.932,11.678
8461209.07,19902,0.305,4.131,4.436
8461257.97,19904,0.382,8.192,8.574
8461269.59,19903,0.174,4.884,5.058
8461404.07,19902,0.305,7.997,8.302
8461436.03,19904,0.215,9.078,9.293
8461436.33,19903,0.132,5.271,5.403
8461621.66,19902,0.197,4.178,4.375
8461724.63,19904,0.242,5.62,5.862
8461768.95,19903,0.232,7.088,7.32
8461859.84,19902,0.257,8.062,8.319
8461872.14,19904,0.222,5.471,5.693
8461917.86,19903,0.347,9.573,9.92
8461991.59,19902,0.378,9.814,10.192
8462024.96,19904,0.423,9.41,9.833
8462080.59,19903,0.286,9.882,10.168
8462081.35,19902,0.28,6.939,7.219
8462135.68,19904,0.288,4.514,4.803
8462178.84,19903,0.866,9.534,10.4
8462277.05,19902,0.344,16.269,16.613
8462280.77,19904,0.182,10.498,10.68
8462287.2,19903,0.138,4.058,4.196
8462347.58,19902,2.279,8.567,10.846
8462364.83,19904,0.122,4.028,4.15
8462531.31,19903,0.275,7.47,7.745
8462546.77,19902,1.419,4.399,5.818
8462587.36,19904,0.615,10.941,11.557
8462717.75,19903,0.164,5.778,5.942
8462718.16,19902,0.121,4.18,4.301
8462755.93,19904,0.526,6.712,7.238
8462794.53,19903,0.27,4.158,4.428
8463088.23,19902,0.677,8.275,8.952
8463100.95,19904,0.334,7.138,7.472
8463189.35,19903,0.672,7.844,8.516
8463228.17,19902,0.223,3.988,4.211
8463477.03,19904,0.209,5.703,5.912
8463557.62,19903,0.257,4.186,4.443
8463686.34,19902,0.535,11.046,11.581
8463689.23,19904,0.427,8.947,9.374
8463823.68,19903,0.179,4.232,4.411
8463832.29,19902,0.151,4.46,4.61
8463949.37,19904,0.567,10.319,10.886
8463977.64,19903,0.136,6.622,6.758
8463993.39,19902,0.184,4.407,4.591
8464073.83,19904,0.387,4.525,4.911
8464230.17,19903,0.301,6.486,6.787
8464259.05,19902,0.179,6.184,6.363
8464265.76,19902,0.111,5.217,5.328
8464266.7,19904,0.351,9.281,9.632
8464268.19,19903,1.141,8.996,10.137
8464269.97,19902,3.745,4.078,7.823
8464272.24,19904,2.782,5.442,8.225
8464321.59,19903,0.423,7.636,8.059
8464324.47,19902,0.105,5.147,5.252
8464377.18,19904,1.281,9.663,10.944
8464377.77,19903,0.45,8.84,9.29
8464408.39,19902,0.616,8.18,8.796
8464408.67,19904,0.092,5.52,5.612
8464472.37,19903,0.807,9.082,9.888
8464484.07,19902,0.257,6.713,6.97
8464510.22,19904,0.209,4.423,4.631
8464514.12,19903,0.102,4.214,4.315
8464524.43,19904,0.229,4.957,5.186
8464562.81,19902,0.241,4.683,4.924
8464617.19,19903,0.514,8.445,8.959
8464637.29,19904,0.183,5.463,5.646
8464642.44,19902,0.41,4.586,4.996
8464657.16,19903,0.102,4.293,4.395
8464698.06,19904,0.563,9.861,10.424
8464704.86,19902,0.285,7.861,8.146
8464723.38,19904,0.361,9.376,9.737
8464729.83,19903,0.269,4.466,4.735
8464770.25,19902,0.575,13.362,13.937
8464771.89,19904,0.518,4.741,5.258
8464788.86,19903,0.334,4.614,4.948
8464791.34,19902,0.15,5.132,5.282
8464808.68,19904,0.122,4.047,4.169
8464857.03,19903,0.413,9.738,10.152
8464870.01,19902,0.716,6.773,7.488
8464886.96,19904,0.158,5.693,5.851
8464889.61,19903,0.081,5.004,5.085
8464904.77,19902,0.333,4.478,4.811
8464917.28,19904,0.385,5.114,5.5
8464918.11,19903,0.185,4.711,4.896
8464952.9,19902,0.302,9.124,9.426
8464962.33,19904,0.29,5.969,6.259
8464984.43,19903,0.135,4.676,4.811
8464992.9,19902,0.186,5.851,6.037
8465024.83,19904,0.439,14.548,14.987
8465029.2,19903,0.234,11.172,11.406
8465030.73,19902,0.235,11.735,11.97
8465050.45,19904,0.243,4.046,4.289
8465070.88,19903,0.192,4.981,5.173
8465073.87,19902,0.111,4.417,4.528
8465083.68,19904,0.294,5.816,6.109
8465097.67,19903,0.229,6.506,6.735
8465099.36,19902,0.177,6.113,6.291
8465123.77,19904,0.166,12.208,12.373
8465125.49,19903,0.105,7.312,7.417
8465128.99,19902,0.082,7.564,7.646
8465144.71,19904,0.128,4.167,4.295
8465149.18,19903,0.137,3.964,4.101
8465185.15,19902,0.253,11.247,11.5
8465200.64,19904,0.373,11.84,12.213
8465206.74,19903,1.175,16.541,17.716
8465208.07,19902,0.107,12.91,13.017
8465208.96,19904,1.327,6.892,8.22
8465213.02,19903,4.463,6.165,10.627
8465219.67,19902,0.113,6.125,6.238
8465250.28,19904,0.231,5.166,5.396
8465290.6,19903,0.31,8.649,8.958
8465377.94,19902,0.675,10.523,11.198
8465388.73,19904,0.474,9.117,9.591
8465431.35,19903,0.321,6.997,7.318
8465440.77,19902,0.174,6.935,7.109
8465517.84,19904,0.44,9.113,9.553
8465524.87,19903,0.203,7.344,7.547
8465558.17,19904,0.252,6.797,7.049
8465718.17,19902,0.468,9.196,9.664
8465803.13,19903,0.749,12.485,13.233
8465806.79,19904,0.246,7.04,7.286
8465849.19,19902,0.227,6.4,6.627
8465875.02,19903,0.437,9.093,9.53
8465907.51,19904,0.173,4.093,4.267
8465961.53,19902,0.403,9.696,10.1
8466152.66,19903,0.322,7.235,7.557
8466206.61,19904,0.445,10.997,11.442
8466214.14,19902,0.258,6.128,6.386
8466297.5,19903,1.328,9.989,11.317
8466334.86,19904,0.379,4.08,4.459
8466388.84,19902,0.256,8.256,8.512
8466398.37,19903,0.186,4.774,4.961
8466456.05,19904,0.505,11.078,11.583
8466458.13,19902,0.427,9.797,10.224
8466487.58,19903,0.241,4.163,4.404
8466550.62,19904,1.63,7.992,9.622
8466558.09,19902,0.279,4.64,4.919
8466579.28,19903,0.326,5.971,6.297
8466644.33,19904,0.197,4.778,4.975
8466715.67,19902,0.487,13.932,14.419
8466729.46,19903,1.354,6.279,7.633
8466818.02,19904,0.267,7.286,7.553
8466958.72,19902,0.336,9.227,9.563
8467001.45,19903,0.331,5.1,5.431
8467026.33,19904,0.381,4.566,4.947
8467145.33,19902,0.804,10.993,11.797
8467222.07,19903,0.66,10.224,10.884
8467324.35,19904,0.608,13.665,14.273
8467391.96,19902,0.518,9.049,9.567
8467433.52,19903,0.182,4.232,4.414
8467508.28,19904,0.292,7.043,7.335
8467608.35,19902,0.2,4.092,4.292
8467642.96,19903,0.224,7.383,7.607
8467663.61,19904,0.335,10.744,11.079
8467730.26,19902,2.202,10.548,12.749
8467782.79,19903,0.212,4.327,4.54
8467942.49,19904,0.304,9.015,9.319
8467990.24,19902,0.419,8.219,8.638
8468060.5,19903,0.56,4.921,5.481
8468203.63,19904,0.538,5.168,5.706
8468255.23,19902,0.94,9.015,9.955
8468256.56,19903,0.273,8.123,8.396
8468369.58,19904,0.266,4.159,4.425
8468597.13,19902,0.376,11.018,11.394
8468739.02,19903,0.522,8.507,9.03
8468744.38,19904,0.273,12.173,12.446
8468746.88,19902,0.157,9.619,9.776
8468780.4,19903,0.321,7.853,8.174
8468785.03,19904,0.198,5.617,5.814
8468821.18,19902,0.295,9.935,10.231
8468842.55,19903,0.472,10.159,10.631
8468902.64,19904,0.281,7.809,8.089
8468913.68,19902,0.387,9.156,9.543
8468936.44,19903,0.276,6.633,6.909
8468945.38,19904,0.126,4.046,4.171
8468950.63,19902,0.108,4.114,4.222
8468978.6,19903,0.189,7.156,7.344
8468992.49,19904,0.278,8.542,8.82
8469013.86,19902,0.201,8.736,8.937
8469020.68,19903,0.32,6.374,6.694
8469038.37,19904,0.118,4.118,4.235
8469078.7,19902,0.475,11.145,11.62
8469082.87,19903,0.193,8.563,8.756
8469089.96,19904,0.22,6.989,7.21
8469138.23,19903,0.298,4.411,4.709
8469165.44,19902,0.417,5.025,5.441
8469171.97,19904,0.159,4.58,4.739
8469187.84,19903,0.093,4.273,4.366
8469190.04,19902,0.06,4.935,4.995
8469224.53,19904,0.221,7.552,7.773
8469262.89,19903,0.375,8.03,8.405
8469277.5,19902,0.093,4.097,4.191
8469285.06,19904,0.301,4.237,4.538
8469301.83,19903,0.256,6.432,6.688
8469340.92,19902,0.286,9.444,9.73
8469372.0,19904,0.223,4.04,4.263
8469381.69,19903,0.101,4.162,4.263
8469390.71,19902,0.184,5.077,5.26
8469394.83,19904,0.21,4.639,4.85
8469405.5,19903,0.196,5.59,5.786
8469437.39,19902,0.268,5.043,5.311
8469440.27,19904,0.092,4.144,4.236
8469443.24,19902,0.83,4.154,4.984
8469453.71,19904,0.103,3.996,4.099
8469459.51,19903,0.147,4.118,4.266
8469497.22,19902,0.422,9.955,10.377
8469512.35,19904,0.287,7.772,8.06
8469551.58,19903,0.478,5.347,5.824
8469569.55,19902,0.165,8.704,8.869
8469579.56,19904,0.449,6.8,7.249
8469595.92,19903,0.135,3.959,4.094
8469631.18,19902,0.254,4.335,4.589
8469686.87,19904,0.319,6.373,6.692
8469710.55,19903,0.271,5.696,5.967
8469734.53,19902,0.293,8.376,8.669
8469736.15,19904,0.441,7.693,8.134
8469753.38,19903,0.226,10.808,11.033
8469755.62,19904,1.594,9.439,11.033
8469756.1,19902,0.653,11.373,12.026
8469760.9,19903,1.456,7.38,8.836
8469777.47,19904,0.145,4.038,4.184
8469781.64,19902,0.113,4.479,4.592
8469784.7,19903,0.186,5.432,5.618
8469787.23,19904,0.102,4.089,4.191
8469809.09,19902,0.216,6.729,6.945
8469811.52,19903,0.129,5.341,5.471
8469817.11,19904,0.126,4.291,4.417
8469837.97,19902,0.219,5.536,5.755
8469848.48,19903,0.155,4.275,4.43
8469895.66,19904,0.237,8.171,8.409
8469899.19,19902,0.388,8.707,9.095
8469910.55,19903,0.459,7.308,7.767
8469914.29,19904,0.148,6.086,6.234
8469965.98,19902,0.444,10.906,11.35
8469967.84,19903,0.366,8.717,9.083
8469998.38,19904,0.461,7.675,8.136
8470014.31,19902,0.242,4.319,4.561
8470044.23,19903,0.308,9.069,9.378
8470049.73,19904,0.319,7.807,8.126
8470070.62,19903,0.509,10.093,10.602
8470086.43,19902,0.169,7.62,7.789
8470113.66,19904,0.185,4.504,4.689
8470122.69,19903,0.199,7.06,7.259
8470162.04,19902,0.364,8.57,8.934
8470317.23,19904,0.32,9.618,9.938
8470398.94,19903,0.737,8.63,9.367
8470434.07,19902,0.318,5.515,5.833
8470482.12,19904,0.446,9.52,9.966
8470557.81,19903,0.315,8.867,9.182
8470656.37,19902,0.476,8.403,8.879
8470663.72,19904,0.167,9.855,10.021
8470708.31,19903,0.207,6.392,6.6
8470934.57,19902,0.234,4.35,4.584
8470960.67,19904,0.282,6.455,6.736
8470965.98,19903,0.153,6.197,6.35
8470995.75,19904,0.694,4.356,5.05
8471020.37,19902,0.296,4.223,4.519
8471070.0,19903,0.308,10.513,10.821
8471085.62,19904,0.213,5.229,5.442
8471110.8,19902,0.29,5.44,5.73
8471172.26,19903,0.148,7.016,7.164
8471174.74,19904,0.117,5.513,5.63
8471182.95,19902,0.225,4.091,4.316
8471222.36,19903,0.306,10.731,11.037
8471264.85,19904,0.308,5.485,5.793
8471302.51,19902,0.572,6.976,7.548
8471316.47,19903,0.264,4.205,4.469
8471323.39,19904,0.117,6.221,6.338
8471358.83,19902,0.191,4.202,4.392
8471481.17,19903,0.633,10.813,11.445
8471519.1,19904,0.288,4.178,4.466
8471603.65,19902,0.281,4.036,4.318
8471618.92,19903,0.169,4.881,5.05
8471620.11,19904,0.147,4.442,4.589
8471736.62,19902,0.488,5.3,5.787
8471738.11,19903,0.201,6.075,6.276
8471904.92,19904,0.594,10.314,10.908
8471929.56,19902,4.045,8.432,12.477
8471978.02,19903,0.223,5.766,5.989
8471995.72,19904,0.198,4.715,4.913
8472076.57,19902,0.224,4.313,4.537
8472160.08,19903,0.924,11.342,12.266
8472164.58,19904,0.148,5.332,5.48
8472219.7,19903,0.75,8.4,9.15
8472360.78,19902,0.379,5.287,5.666
8472428.84,19904,1.184,8.527,9.711
8472760.37,19903,0.267,4.906,5.173
8472800.21,19902,0.351,7.702,8.053
8472853.02,19904,0.357,4.768,5.125
8472869.67,19903,0.279,5.768,6.047
8472919.75,19902,1.048,10.361,11.408
8472940.88,19904,0.488,7.12,7.608
8472944.11,19903,0.182,5.646,5.828
8472965.17,19902,0.276,4.881,5.157
8472968.77,19904,0.169,5.502,5.671
8472971.75,19902,0.071,6.066,6.136
8472972.31,19903,0.148,6.825,6.974
8472994.72,19904,0.282,4.315,4.597
8473000.88,19902,0.1,7.473,7.572
8473095.07,19903,0.435,6.105,6.54
8473177.28,19904,0.19,4.746,4.936
8473193.77,19902,0.207,4.022,4.23
8473282.31,19903,0.425,5.668,6.093
8473345.68,19904,0.284,6.501,6.784
8473377.7,19902,0.498,10.376,10.873
8473509.65,19903,0.242,8.071,8.312
8473548.41,19904,0.246,7.476,7.723
8473770.68,19902,0.707,4.129,4.837
8473789.71,19903,0.311,4.186,4.496
8473856.32,19904,0.219,4.033,4.252
8473875.62,19902,0.222,5.722,5.945
8473882.7,19903,0.246,4.656,4.901
8473908.23,19904,0.238,5.813,6.052
8473962.09,19902,0.725,10.525,11.25
8473970.8,19903,0.179,8.164,8.343
8473984.99,19904,0.54,7.363,7.902
8474052.5,19902,0.744,12.487,13.232
8474068.99,19903,0.133,4.502,4.635
8474092.26,19904,0.219,4.39,4.61
8474114.86,19902,0.375,8.817,9.191
8474115.21,19903,0.187,6.477,6.664
8474118.28,19904,0.097,7.008,7.105
8474122.88,19902,0.116,4.189,4.306
8474124.65,19903,0.095,4.335,4.43
8474132.42,19904,0.102,3.974,4.076
8474149.95,19902,0.115,5.081,5.196
8474189.33,19903,0.261,8.763,9.023
8474195.19,19903,2.945,5.491,8.437
8474195.62,19904,0.232,14.036,14.269
8474196.31,19902,0.256,10.381,10.636
8474219.71,19903,0.19,4.302,4.493
8474252.28,19904,0.276,13.012,13.288
8474253.61,19902,0.125,12.183,12.308
8474265.77,19903,0.298,7.604,7.902
8474272.01,19904,0.18,7.746,7.926
8474280.99,19902,0.236,6.326,6.561
8474296.43,19903,0.177,8.169,8.346
8474312.04,19904,0.114,6.031,6.145
8474363.44,19902,0.323,10.462,10.785
8474368.82,19903,0.424,10.752,11.175
8474387.39,19904,0.273,4.073,4.346
8474412.33,19902,0.329,7.285,7.615
8474420.9,19903,0.253,7.5,7.753
8474456.71,19902,0.3,8.322,8.622
8474457.55,19904,0.313,14.902,15.215
8474471.56,19903,0.101,8.336,8.437
8474475.73,19902,0.071,8.614,8.685
8474475.96,19904,0.091,6.835,6.927
8474486.57,19903,0.097,4.143,4.24
8474516.59,19902,0.365,9.104,9.469
8474524.17,19904,0.308,6.275,6.583
8474541.93,19903,0.125,6.769,6.894
8474544.76,19902,0.094,5.403,5.497
8474548.33,19904,0.119,4.154,4.273
8474584.72,19903,0.249,9.133,9.382
8474610.85,19902,0.906,9.608,10.514
8474616.28,19904,1.651,8.144,9.794
8474625.21,19902,0.115,5.031,5.147
8474693.39,19903,0.775,14.758,15.533
8474693.69,19904,0.203,8.406,8.609
8474713.17,19902,0.207,6.228,6.435
8474742.82,19903,0.492,9.797,10.289
8474769.93,19904,0.75,14.905,15.655
8474770.68,19902,0.81,15.193,16.003
8474774.57,19903,2.192,14.149,16.341
8474778.99,19904,0.16,6.726,6.887
8474788.41,19902,0.168,4.162,4.33
8474814.22,19903,0.146,5.629,5.775
8474818.93,19904,0.147,5.481,5.629
8474839.95,19902,0.351,5.525,5.876
8474843.0,19903,0.327,5.574,5.902
8474894.41,19904,0.392,5.025,5.417
8474913.33,19902,0.46,8.045,8.505
8474924.52,19903,0.21,6.966,7.176
8474962.24,19904,0.503,4.903,5.406
8474996.47,19902,0.503,9.388,9.891
8475001.84,19903,0.205,7.3,7.505
8475026.82,19904,0.293,6.414,6.708
8475070.42,19903,0.193,6.89,7.082
8475073.83,19902,0.374,10.889,11.263
8475075.31,19904,1.531,7.174,8.705
8475075.53,19903,0.086,4.912,4.999
8475079.79,19902,0.06,4.35,4.41
8475084.04,19903,0.101,4.099,4.2
8475157.32,19904,0.632,8.714,9.346
8475202.18,19902,0.14,5.927,6.066
8475203.89,19903,1.791,4.046,5.838
8475242.23,19904,0.387,6.124,6.512
8475257.46,19902,0.158,7.223,7.381
8475259.95,19903,0.083,5.815,5.898
8475281.91,19904,0.1,3.995,4.095
8475287.26,19902,0.086,4.349,4.435
8475305.68,19903,0.203,4.207,4.41
8475327.03,19904,0.315,7.733,8.048
8475365.46,19902,0.204,4.189,4.393
8475389.07,19903,0.294,6.097,6.391
8475404.02,19904,0.224,9.246,9.47
8475465.65,19902,0.365,7.129,7.494
8475499.34,19903,0.31,4.25,4.561
8475546.3,19904,0.449,9.884,10.333
8475551.87,19902,0.189,7.158,7.348
8475557.99,19903,0.176,6.715,6.891
8475591.99,19902,0.256,4.448,4.704
8475594.41,19904,0.237,4.093,4.33
8475644.77,19903,0.878,10.83,11.708
8475656.21,19902,0.198,7.885,8.083
8475668.76,19904,0.165,4.741,4.906
8475684.54,19903,0.333,5.077,5.41
8475725.28,19902,0.58,10.558,11.137
8475733.64,19904,0.95,7.863,8.813
8475745.95,19903,0.147,5.234,5.38
8475773.17,19902,0.254,6.02,6.275
8475783.34,19904,0.223,6.577,6.8
8475799.38,19903,0.457,8.885,9.342
8475807.8,19902,0.345,5.16,5.505
8475815.23,19904,0.109,5.025,5.133
8475822.5,19903,0.117,4.126,4.243
8475854.92,19902,0.403,4.297,4.7
8475855.03,19904,0.083,4.288,4.372
8475896.44,19903,0.289,7.207,7.496
8475913.6,19902,0.231,4.851,5.082
8475921.55,19904,0.147,4.284,4.431
8475934.79,19903,0.246,5.294,5.539
8475992.71,19902,0.446,8.531,8.977
8476003.25,19904,0.602,4.914,5.516
8476028.33,19903,0.246,6.055,6.301
8476050.85,19902,0.315,8.181,8.496
8476065.67,19904,0.292,11.532,11.824
8476069.91,19903,0.279,4.548,4.828
8476076.26,19904,1.029,6.172,7.201
8476081.93,19902,0.249,4.156,4.405
8476121.82,19903,0.418,5.44,5.858
8476132.94,19904,0.352,6.345,6.697
8476165.32,19903,0.153,12.101,12.253
8476167.16,19904,0.078,11.194,11.272
8476167.51,19902,0.937,16.071,17.008
8476171.58,19903,2.934,6.133,9.067
8476178.03,19904,0.16,4.169,4.329
8476211.59,19904,0.214,9.028,9.242
8476214.74,19902,0.491,14.463,14.954
8476214.76,19903,0.453,12.376,12.829
8476220.0,19904,0.151,4.827,4.978
8476231.94,19902,0.11,4.961,5.071
8476244.71,19903,0.115,4.101,4.215
8476273.38,19904,0.294,6.225,6.52
8476304.12,19902,0.474,9.086,9.56
8476314.91,19903,0.177,6.645,6.821
8476341.78,19904,0.208,5.981,6.19
8476395.9,19902,0.83,8.3,9.129
8476498.59,19903,0.242,4.244,4.486
8476514.04,19904,0.2,4.12,4.319
8476592.6,19902,0.248,4.091,4.339
8476594.16,19903,0.148,4.178,4.326
8476627.32,19904,0.528,9.485,10.013
8476631.49,19902,0.198,7.431,7.629
8476732.86,19903,0.282,7.241,7.524
8476767.83,19904,0.41,7.886,8.296
8476772.39,19902,0.378,6.174,6.552
8477033.8,19903,0.223,7.224,7.447
8477080.3,19904,0.799,7.878,8.677
8477088.22,19902,0.222,4.928,5.149
8477200.82,19903,0.336,7.098,7.434
8477212.18,19904,0.219,6.72,6.939
8477311.79,19902,0.407,8.681,9.088
8477397.69,19903,0.627,12.705,13.332
8477456.24,19904,0.482,7.741,8.224
8477465.84,19902,0.211,5.908,6.119
8477537.88,19903,0.513,8.806,9.32
8477570.13,19904,0.167,4.107,4.275
8477620.17,19902,0.304,8.976,9.281
8477733.6,19903,0.363,6.065,6.428
8477749.45,19904,0.337,4.33,4.667
8477768.16,19902,0.252,7.629,7.881
8477814.0,19903,0.182,4.429,4.612
8477863.69,19904,0.328,5.336,5.664
8477872.0,19902,0.17,4.795,4.965
8477912.76,19903,0.221,4.497,4.718
8477927.22,19904,0.243,5.014,5.257
8477948.6,19902,0.273,7.52,7.793
8478005.14,19903,0.868,5.13,5.998
8478218.85,19904,0.35,9.32,9.669
8478274.12,19902,0.58,8.127,8.707
8478294.18,19903,0.638,11.203,11.841
8478313.73,19904,0.19,4.432,4.622
8478350.13,19902,0.318,4.108,4.426
8478457.46,19904,0.504,8.83,9.334
8478460.67,19903,0.608,13.022,13.631
8478473.62,19902,0.362,6.024,6.386
8478558.68,19904,0.507,6.9,7.407
8478563.17,19903,1.816,4.349,6.165
8478604.37,19902,0.739,9.014,9.753
8478641.85,19904,0.355,7.299,7.653
8478729.42,19903,0.273,7.852,8.125
8478801.57,19902,0.523,8.981,9.505
8478850.8,19904,0.472,7.805,8.277
8479031.79,19903,0.772,9.891,10.663
8479109.43,19902,0.536,6.562,7.098
8479113.34,19904,0.145,5.057,5.202
8479276.59,19903,0.431,8.217,8.648
8479394.17,19902,0.97,10.547,11.517
8479554.1,19904,0.631,7.772,8.403
8479633.42,19903,0.497,10.879,11.375
8479666.36,19902,0.328,4.401,4.729
8479668.99,19904,0.094,4.232,4.326
8479675.53,19903,0.232,4.296,4.528
8479924.96,19902,0.293,6.212,6.505
8480091.58,19904,0.217,4.252,4.469
8480136.73,19903,0.55,9.218,9.769
8480175.99,19902,0.332,4.084,4.416
8480208.18,19904,0.416,6.938,7.354
8480271.09,19903,0.469,5.301,5.77
8480280.74,19902,0.309,6.179,6.488
8480380.54,19904,0.34,4.563,4.903
8480472.29,19903,0.421,10.958,11.379
8480474.94,19902,1.682,8.435,10.117
8480645.8,19904,0.328,7.591,7.92
8480670.81,19903,0.165,4.194,4.359
8480798.94,19902,0.305,9.236,9.541
8480799.19,19904,0.203,8.451,8.655
8480811.79,19903,0.374,4.801,5.175
8480819.37,19902,0.265,6.128,6.392
8480860.53,19904,0.306,5.195,5.501
8481059.32,19903,0.604,13.837,14.441
8481063.5,19902,1.207,12.182,13.389
8481217.92,19904,0.65,9.542,10.191
8481236.62,19903,0.301,5.215,5.515
8481338.77,19902,0.348,4.326,4.674
8481625.43,19904,0.407,9.237,9.644
8481643.84,19903,0.545,9.146,9.691
8481715.61,19902,0.378,9.003,9.382
8481999.09,19904,0.182,4.264,4.446
8482014.52,19903,0.162,4.057,4.219
8482079.35,19902,0.273,7.561,7.834
8482254.31,19904,0.179,4.565,4.743
8482272.74,19903,0.311,6.238,6.549
8482336.88,19902,0.32,4.498,4.817
8482370.13,19904,0.424,8.151,8.574
8482395.32,19903,0.352,13.079,13.431
8482398.97,19902,0.28,9.563,9.843
8482408.02,19904,0.128,4.315,4.444
8482438.58,19903,0.2,5.51,5.71
8482483.28,19902,0.386,9.362,9.748
8482579.89,19904,0.248,6.894,7.142
8482604.52,19903,0.266,4.99,5.256
8482766.45,19902,0.228,5.06,5.288
8482782.24,19904,0.484,8.306,8.79
8482823.45,19903,0.198,4.522,4.72
8482897.69,19902,0.444,10.457,10.901
8482910.96,19904,0.271,8.494,8.765
8482988.96,19903,0.301,6.668,6.969
8482993.8,19902,0.147,4.58,4.727
8483163.4,19903,0.264,4.079,4.343
8483176.03,19904,0.132,4.103,4.234
8483210.15,19902,0.451,7.679,8.13
8483238.82,19903,0.23,9.484,9.714
8483250.95,19904,0.207,4.091,4.298
8483291.96,19902,0.599,9.531,10.13
8483386.19,19903,0.236,6.823,7.06
8483428.36,19904,0.266,6.191,6.457
8483493.88,19902,0.174,4.232,4.406
8483552.28,19903,0.356,8.969,9.325
8483615.47,19904,0.508,8.655,9.163
8483833.31,19902,0.21,6.402,6.611
8483959.74,19903,0.288,7.654,7.942
8484012.35,19904,0.633,7.807,8.44
8484050.01,19902,0.213,4.054,4.268
8484073.07,19903,0.198,4.46,4.658
8484100.39,19904,0.377,7.758,8.135
8484105.67,19904,1.914,5.136,7.05
8484106.7,19902,0.263,12.444,12.707
8484107.48,19903,0.258,11.104,11.362
8484121.39,19904,0.117,4.405,4.523
8484138.59,19902,0.331,4.181,4.512
8484145.9,19903,0.121,4.137,4.258
8484178.41,19904,0.39,7.719,8.11
8484187.25,19902,0.293,6.788,7.082
8484195.01,19903,0.223,4.71,4.933
8484210.03,19904,0.311,6.046,6.357
8484234.33,19902,0.289,5.052,5.341
8484267.28,19903,0.557,12.483,13.04
8484290.6,19904,0.152,4.569,4.721
8484292.68,19902,0.501,4.118,4.62
8484321.73,19903,0.351,6.668,7.019
8484361.05,19902,3.794,8.842,12.637
8484371.7,19904,5.02,20.526,25.546
8484444.57,19903,2.048,9.396,11.443
8484465.23,19902,0.193,10.497,10.691
8484498.12,19903,1.918,8.344,10.262
8484498.96,19904,1.576,20.683,22.259
8484550.32,19902,0.223,4.127,4.35
8484577.21,19903,0.251,6.484,6.736
8484582.39,19904,0.143,4.189,4.332
8484657.73,19902,0.709,16.233,16.942
8484664.93,19903,0.183,16.668,16.851
8484668.49,19904,0.174,15.241,15.415
8484673.79,19902,1.588,8.729,10.317
8484675.68,19904,1.678,7.073,8.751
8484687.13,19903,0.164,3.94,4.104
8484692.62,19902,0.16,4.075,4.235
8484699.06,19904,0.14,4.041,4.181
8484705.15,19903,0.172,4.146,4.318
8484741.17,19902,0.154,4.212,4.366
8484761.08,19904,0.153,4.197,4.351
8484797.54,19903,0.525,8.831,9.356
8484798.86,19902,0.264,8.421,8.686
8484809.55,19904,0.142,4.607,4.749
8484812.03,19903,0.074,4.781,4.855
8484820.18,19902,0.113,4.029,4.142
8484872.84,19904,0.394,11.387,11.781
8484873.37,19903,0.247,8.197,8.445
8484879.18,19903,0.531,5.661,6.192
8484879.56,19902,0.201,9.993,10.193
8484882.03,19904,0.077,5.131,5.208
8484916.56,19903,0.244,5.193,5.438
8484922.12,19902,0.149,4.805,4.953
8484958.96,19904,0.625,13.0,13.625
8484965.38,19903,0.271,9.621,9.892
8484966.68,19902,0.101,8.516,8.617
8484974.02,19904,0.152,4.159,4.311
8484981.72,19903,0.092,5.503,5.595
8484990.25,19904,0.675,6.151,6.826
8484990.37,19902,0.103,8.376,8.48
8485030.6,19903,0.437,8.045,8.482
8485042.13,19904,0.225,7.978,8.204
8485095.65,19902,0.593,8.39,8.983
8485103.31,19903,0.197,7.237,7.434
8485136.72,19902,0.305,7.464,7.769
8485139.06,19904,0.633,10.379,11.013
8485173.39,19903,0.137,4.148,4.286
8485179.07,19902,0.242,4.228,4.47
8485202.95,19904,0.546,9.899,10.445
8485204.8,19903,0.432,8.261,8.693
8485213.96,19902,0.336,6.919,7.255
8485249.17,19904,0.394,4.135,4.529
8485253.37,19903,0.206,4.085,4.291
8485303.58,19902,2.159,8.115,10.275
8485318.7,19904,0.243,5.971,6.214
8485319.68,19903,0.085,4.267,4.352
8485412.68,19902,0.17,3.97,4.14
8485421.03,19904,0.23,4.227,4.457
8485432.04,19903,0.208,5.203,5.411
8485434.05,19902,0.254,4.709,4.964
8485496.29,19904,0.228,4.347,4.575
8485499.78,19903,0.107,4.03,4.137
8485512.54,19902,0.339,5.923,6.262
8485528.56,19904,0.318,8.769,9.087
8485589.93,19903,0.362,6.788,7.15
8485608.68,19902,0.53,10.221,10.751
8485628.43,19904,0.51,10.618,11.128
8485632.88,19903,1.067,8.711,9.777
8485662.05,19902,0.14,4.064,4.204
8485669.68,19904,0.476,4.175,4.651
8485697.02,19903,0.422,8.482,8.904
8485720.9,19902,0.253,8.51,8.763
8485738.66,19904,0.231,4.316,4.547
8485743.79,19903,0.191,4.171,4.362
8485759.08,19902,0.133,6.767,6.901
8485762.74,19904,0.368,7.471,7.839
8485802.5,19903,0.393,15.823,16.216
8485802.61,19902,0.211,8.042,8.253
8485805.9,19904,2.93,6.785,9.715
8485824.2,19903,0.135,6.227,6.362
8485828.54,19902,0.714,4.173,4.887
8485842.66,19904,0.297,4.007,4.304
8485893.18,19903,0.209,4.296,4.506
8485908.8,19902,0.167,4.136,4.302
8485955.27,19904,0.714,11.08,11.795
8485974.13,19903,0.199,5.844,6.043
8485989.79,19902,0.294,4.131,4.425
8486072.79,19904,0.202,4.067,4.269
8486215.12,19903,0.277,8.625,8.903
8486291.16,19902,0.812,9.909,10.721
8486320.72,19904,0.158,5.463,5.621
8486334.85,19903,0.311,4.399,4.71
8486341.39,19902,0.15,4.258,4.408
8486368.51,19904,0.27,13.231,13.501
8486408.23,19903,0.15,4.975,5.126
8486452.59,19902,0.659,10.192,10.851
8486468.78,19904,0.346,5.361,5.707
8486531.63,19903,0.332,8.105,8.437
8486551.83,19902,0.264,4.456,4.721
8486625.86,19904,0.475,9.566,10.041
8486631.23,19903,0.191,8.421,8.612
8486692.1,19902,0.507,8.637,9.144
8486767.95,19904,0.421,8.633,9.054
8486787.61,19903,0.594,8.411,9.005
8486829.8,19902,0.261,6.234,6.494
8486874.24,19904,0.258,5.668,5.926
8486966.81,19903,0.446,6.931,7.377
8487055.66,19902,0.184,6.976,7.16
8487056.97,19904,0.099,6.045,6.144
8487425.98,19903,1.515,9.372,10.887
8487462.41,19902,0.289,5.031,5.32
8487473.2,19904,0.282,5.21,5.492
8487474.16,19903,0.231,4.483,4.714
8487516.67,19902,0.313,5.284,5.597
8487627.33,19904,0.285,5.082,5.367
8487690.74,19903,0.3,5.553,5.853
8487692.62,19902,0.295,5.819,6.114
8487831.25,19904,0.299,6.034,6.334
8487848.4,19903,0.192,5.796,5.988
8487953.39,19902,0.298,4.257,4.555
8487975.73,19904,0.258,5.77,6.028
8488081.87,19903,0.274,6.519,6.793
8488140.0,19902,0.26,4.656,4.916
8488233.32,19904,0.3,4.956,5.256
8488253.5,19903,0.196,4.254,4.45
8488283.82,19902,0.221,5.266,5.487
8488313.83,19904,1.055,10.489,11.545
8488318.73,19903,0.545,8.084,8.628
8488359.63,19902,0.322,8.077,8.399
8488454.74,19904,0.416,11.802,12.218
8488502.77,19903,0.263,4.388,4.651
8488505.15,19902,0.103,4.323,4.426
8488668.03,19904,0.151,4.546,4.697
8488693.68,19903,0.401,7.986,8.388
8488874.07,19902,0.406,6.737,7.143
8488876.61,19904,0.163,7.348,7.511
8488932.47,19903,0.373,4.328,4.7
8488971.11,19902,0.349,10.277,10.627
8488982.77,19903,0.171,13.03,13.201
8488983.16,19904,1.104,16.978,18.082
8489049.53,19902,0.565,9.913,10.478
8489066.17,19903,0.325,6.61,6.935
8489242.79,19904,0.18,5.141,5.321
8489255.59,19902,0.135,4.186,4.321
8489394.35,19903,0.648,17.964,18.612
8489403.84,19904,1.136,12.642,13.778
8489403.94,19902,1.096,8.408,9.504
8489419.25,19903,0.205,4.053,4.258
8489429.55,19904,0.146,4.05,4.196
8489473.28,19902,0.239,10.875,11.115
8489494.08,19903,0.139,3.994,4.133
8489540.46,19904,0.331,6.47,6.801
8489627.14,19902,0.303,8.606,8.909
8489793.75,19903,0.452,10.012,10.464
8489804.96,19904,0.166,7.523,7.689
8489928.99,19902,0.256,4.76,5.016
8489932.15,19903,0.321,4.722,5.043
8489945.57,19904,0.242,4.607,4.849
8490041.08,19902,1.012,11.441,12.452
8490248.07,19903,0.376,4.285,4.661
8490330.19,19904,0.224,4.903,5.127
8490606.24,19902,0.248,4.084,4.332
8490657.16,19903,0.546,9.61,10.156
8490707.13,19904,0.411,9.655,10.066
8490717.74,19902,0.302,9.297,9.599
8490725.71,19903,0.187,7.027,7.213
8490736.72,19904,0.288,8.382,8.671
8490826.55,19902,0.227,5.577,5.804
8490886.52,19903,0.333,9.056,9.389
8490903.08,19904,0.942,6.93,7.872
8490934.74,19902,0.195,5.28,5.474
8490944.94,19903,0.278,6.292,6.57
8490955.22,19904,0.291,6.067,6.358
8490955.38,19902,0.103,5.045,5.147
8490981.73,19903,0.201,7.3,7.501
8491032.5,19904,0.522,8.018,8.54
8491099.88,19902,0.351,5.39,5.741
8491109.81,19903,0.314,7.19,7.505
8491113.75,19904,0.298,7.385,7.683
8491124.63,19902,0.27,5.442,5.712
8491128.8,19903,0.13,5.083,5.213
8491155.27,19904,0.168,8.022,8.19
8491164.92,19902,0.299,4.253,4.552
8491183.88,19903,0.187,5.242,5.429
8491185.29,19904,0.078,4.144,4.222
8491192.78,19902,0.192,3.971,4.163
8491193.31,19903,0.111,4.282,4.392
8491200.16,19904,0.097,4.178,4.276
8491207.99,19902,0.201,4.381,4.581
8491210.18,19903,0.096,4.15,4.245
8491251.19,19904,0.221,5.724,5.945
8491277.67,19902,0.56,10.4,10.96
8491285.16,19903,0.204,7.921,8.125
8491290.71,19903,4.338,5.413,9.751
8491292.44,19902,0.374,13.4,13.774
8491292.5,19904,1.507,11.348,12.855
8491369.06,19903,0.751,9.643,10.395
8491378.72,19902,0.403,17.238,17.641
8491379.87,19904,0.138,6.923,7.061
8491405.19,19903,0.164,4.036,4.199
8491415.11,19902,0.172,5.975,6.147
8491418.12,19903,0.11,4.06,4.17
8491418.24,19904,0.083,5.652,5.736
8491424.5,19902,0.606,4.184,4.79
8491449.4,19903,0.311,6.055,6.366
8491464.42,19904,0.839,5.015,5.854
8491475.19,19902,0.1,6.443,6.544
8491490.95,19903,0.098,4.636,4.734
8491542.9,19904,0.276,7.309,7.585
8491558.18,19902,0.148,4.469,4.618
8491589.71,19903,0.387,8.072,8.459
8491593.65,19904,0.177,7.108,7.285
8491615.02,19902,0.424,7.469,7.893
8491623.61,19903,0.629,7.097,7.726
8491625.71,19904,1.767,5.842,7.608
8491644.61,19902,0.182,4.957,5.139
8491647.64,19903,0.061,4.375,4.436
8491687.96,19902,0.391,8.072,8.463
8491697.23,19904,0.18,5.889,6.069
8491702.73,19903,0.108,4.234,4.342
8491778.09,19902,0.548,16.335,16.883
8491780.34,19904,0.315,16.679,16.994
8491781.05,19903,0.128,15.735,15.864
8491802.42,19902,0.188,6.282,6.47
8491854.25,19904,0.917,8.239,9.157
8491871.03,19903,0.189,6.153,6.343
8491878.71,19902,0.122,4.375,4.497
8491894.61,19904,0.174,4.175,4.349
8491901.2,19903,0.141,4.034,4.175
8491903.18,19902,0.106,4.29,4.396
8491971.62,19904,0.185,5.544,5.729
8491984.01,19903,0.32,7.018,7.339
8491990.33,19902,0.25,6.606,6.856
8492076.66,19903,0.534,9.302,9.836
8492085.3,19904,0.188,7.407,7.595
8492131.83,19902,0.422,4.231,4.652
8492171.27,19903,0.474,8.499,8.973
8492182.71,19904,0.243,7.36,7.603
8492187.87,19902,1.035,9.709,10.745
8492190.43,19903,0.142,6.353,6.496
8492211.78,19904,0.149,4.251,4.4
8492213.63,19902,0.149,4.51,4.659
8492225.37,19903,0.144,4.794,4.937
8492235.69,19904,0.135,5.945,6.08
8492276.62,19902,0.243,4.258,4.502
8492289.47,19903,0.196,4.174,4.37
8492300.23,19904,0.19,5.026,5.216
8492301.96,19902,0.125,4.641,4.766
8492313.68,19904,0.101,5.257,5.357
8492313.72,19903,0.297,5.576,5.873
8492333.29,19902,0.268,5.02,5.288
8492361.1,19904,0.149,4.444,4.592
8492371.6,19903,0.635,4.32,4.955
8492400.24,19902,0.676,9.349,10.026
8492401.23,19904,0.229,8.679,8.908
8492419.31,19903,0.78,4.956,5.736
8492425.18,19902,0.115,4.235,4.349
8492443.28,19904,0.249,4.313,4.563
8492448.45,19903,0.118,4.704,4.823
8492495.19,19902,0.77,11.593,12.363
8492508.75,19904,0.227,4.443,4.67
8492522.04,19903,0.194,4.273,4.468
8492530.17,19902,0.238,4.901,5.139
8492551.68,19904,0.286,7.221,7.507
8492557.85,19903,0.176,7.165,7.342
8492563.46,19904,0.212,7.153,7.364
8492594.26,19902,0.137,7.132,7.269
8492619.65,19903,0.416,5.902,6.318
8492624.41,19904,0.174,5.166,5.34
8492633.39,19903,0.184,5.009,5.193
8492654.38,19902,0.187,4.064,4.251
8492659.6,19904,0.204,4.184,4.388
8492677.3,19903,0.2,4.141,4.341
8492708.09,19902,0.308,8.305,8.613
8492714.57,19902,1.067,6.273,7.34
8492716.54,19904,0.492,12.179,12.671
8492716.9,19903,0.121,10.599,10.72
8492719.09,19902,7.091,4.359,11.45
8492727.52,19903,0.135,5.281,5.415
8492740.21,19904,0.148,8.969,9.118
8492744.46,19902,0.085,10.739,10.824
8492744.0,19903,0.07,6.223,6.294
8492758.47,19904,0.292,5.206,5.498
8492758.67,19902,0.101,4.402,4.502
8492777.5,19903,0.16,8.051,8.211
8492777.99,19904,0.082,5.692,5.775
8492783.03,19902,0.256,4.278,4.534
8492798.02,19903,0.138,5.235,5.373
8492846.41,19904,0.246,4.354,4.6
8492858.25,19902,0.235,4.74,4.975
8492923.36,19903,0.478,6.908,7.386
8493004.99,19904,0.513,7.711,8.225
8493115.47,19902,0.49,8.046,8.536
8493228.55,19903,0.268,8.658,8.926
8493235.1,19904,0.17,4.883,5.053
8493312.79,19902,0.315,7.132,7.447
8493396.34,19903,2.622,14.046,16.667
8493487.94,19904,0.246,5.042,5.288
8493561.2,19902,0.248,10.806,11.054
8493631.24,19903,0.459,6.309,6.768
8493721.95,19904,0.358,8.3,8.658
8493833.79,19902,0.204,4.204,4.408
8494059.75,19903,0.54,10.064,10.604
8494063.48,19904,0.257,12.021,12.278
8494069.71,19902,0.19,5.349,5.539
8494072.62,19903,0.093,5.472,5.564
8494225.87,19904,0.227,10.296,10.523
8494235.06,19902,1.469,8.866,10.335
8494282.33,19903,0.346,9.874,10.22
8494359.42,19904,0.285,9.439,9.725
8494424.36,19902,0.252,4.429,4.681
8494484.82,19903,0.197,4.539,4.736
8494510.03,19904,0.228,4.92,5.148
8494557.56,19902,0.768,4.316,5.084
8494592.72,19903,0.33,5.975,6.304
8494662.38,19904,2.536,8.69,11.227
8494675.47,19902,0.504,4.214,4.718
8494720.95,19903,0.448,4.622,5.07
8494725.46,19904,2.614,4.366,6.98
8494739.66,19903,0.236,4.203,4.439
8495036.47,19902,0.395,9.908,10.303
8495124.79,19904,2.211,4.525,6.736
8495144.96,19903,0.327,4.537,4.865
8495194.12,19902,0.9,4.543,5.443
8495203.86,19904,0.147,5.205,5.352
8495214.97,19903,0.134,4.516,4.65
8495222.89,19902,0.241,3.994,4.235
8495280.21,19904,0.405,4.855,5.26
8495300.27,19903,0.308,4.284,4.591
8495440.86,19902,0.233,7.499,7.732
8495466.97,19904,0.346,4.146,4.492
8495506.22,19903,0.223,6.297,6.52
8495555.14,19902,0.276,5.189,5.465
8495574.66,19904,0.517,8.13,8.647
8495637.49,19903,0.328,4.257,4.585
8495639.8,19902,1.967,4.305,6.272
8495650.88,19904,0.189,4.549,4.738
8495651.38,19903,0.157,4.35,4.507
8495668.9,19902,0.192,7.083,7.275
8495676.13,19904,0.332,5.647,5.979
8495791.34,19903,0.189,4.453,4.642
8495870.87,19902,0.188,5.557,5.745
8495871.85,19904,0.085,4.387,4.472
8495886.25,19903,0.177,4.693,4.87
8495912.34,19902,0.282,5.999,6.281
8496057.55,19904,0.417,5.053,5.47
8496075.03,19903,0.389,6.38,6.768
8496124.37,19902,0.41,6.121,6.531
8496153.8,19904,0.525,8.92,9.445
8496179.62,19903,1.506,5.999,7.505
8496226.66,19902,0.215,4.062,4.277
8496313.5,19904,0.293,8.052,8.344
8496348.63,19903,0.243,4.266,4.509
8496355.53,19902,0.186,5.63,5.816
8496360.62,19904,0.067,7.288,7.356
8496362.64,19903,0.104,5.756,5.86
8496389.91,19902,0.397,6.646,7.043
8496420.45,19903,0.336,4.096,4.432
8496442.68,19904,0.178,4.093,4.271
8496449.6,19902,0.205,4.469,4.674
8496529.9,19903,0.315,4.592,4.906
8496544.28,19904,0.275,5.62,5.895
8496557.42,19902,0.167,8.31,8.477
8496584.63,19903,0.208,9.226,9.434
8496587.44,19904,0.146,5.706,5.852
8496592.77,19903,0.107,4.271,4.379
8496643.7,19902,0.602,10.416,11.019
8496647.06,19904,0.257,9.849,10.106
8496670.99,19903,0.173,5.64,5.813
8496717.04,19902,0.73,9.437,10.167
8496718.76,19904,0.266,9.321,9.588
8496729.39,19903,0.188,6.358,6.546
8496744.76,19902,0.131,11.69,11.821
8496746.48,19904,0.075,11.265,11.341
8496747.47,19903,0.787,10.356,11.144
8496754.17,19902,0.483,9.272,9.756
8496754.71,19904,0.091,6.153,6.244
8496811.67,19903,0.388,11.024,11.413
8496828.74,19902,0.28,4.399,4.679
8496855.28,19904,0.246,4.152,4.398
8496866.22,19903,0.216,5.328,5.544
8496886.67,19902,0.387,8.073,8.461
8496897.03,19904,1.185,5.728,6.913
8496900.09,19903,1.244,5.854,7.098
8496995.34,19902,0.215,4.037,4.252
8497009.35,19904,0.234,4.136,4.37
8497026.13,19903,0.21,4.319,4.529
8497049.11,19902,0.199,7.088,7.287
8497051.8,19904,2.543,4.684,7.227
8497065.73,19903,0.264,4.284,4.549
8497070.3,19902,0.184,4.147,4.331
8497094.46,19904,0.368,6.167,6.535
8497123.07,19903,0.266,9.5,9.766
8497130.81,19902,0.21,16.205,16.414
8497131.26,19904,0.161,13.738,13.899
8497148.44,19903,0.168,3.952,4.12
8497151.29,19904,0.109,5.839,5.948
8497199.87,19902,0.365,7.617,7.982
8497210.37,19903,0.269,7.262,7.53
8497233.63,19904,0.165,4.142,4.307
8497234.98,19902,0.085,4.09,4.174
8497287.04,19903,0.752,10.074,10.826
8497316.66,19904,0.174,6.377,6.552
8497360.08,19902,0.468,8.789,9.257
8497368.17,19904,0.111,5.919,6.03
8497368.84,19903,0.247,8.168,8.414
8497382.81,19902,0.168,4.367,4.536
8497394.15,19904,0.09,9.985,10.075
8497395.95,19903,0.156,4.146,4.302
8497418.89,19902,0.226,5.217,5.443
8497457.7,19904,0.447,12.879,13.326
8497482.33,19903,0.337,5.375,5.713
8497484.45,19902,0.092,4.181,4.273
8497525.88,19904,0.539,9.885,10.424
8497535.45,19903,0.243,7.222,7.465
8497562.57,19902,0.157,4.052,4.209
8497570.03,19904,0.26,4.709,4.968
8497596.31,19903,0.354,7.882,8.236
8497615.0,19902,0.248,6.675,6.923
8497620.59,19904,0.165,5.199,5.364
8497624.8,19903,2.671,4.392,7.063
8497632.89,19904,0.983,7.862,8.845
8497633.4,19902,0.074,8.022,8.096
8497641.75,19903,0.099,4.047,4.146
8497656.0,19902,0.303,4.242,4.544
8497660.06,19904,0.108,4.168,4.276
8497702.79,19902,0.677,18.466,19.143
8497704.44,19903,0.247,13.118,13.365
8497746.96,19904,0.36,6.192,6.552
8497804.26,19903,0.228,6.401,6.629
8497810.84,19904,1.385,6.325,7.71
8497811.83,19902,1.684,8.624,10.308
8497814.42,19903,0.084,6.276,6.36
8497816.68,19904,0.247,5.496,5.743
8497818.77,19902,1.229,4.181,5.41
8497824.6,19903,0.122,4.237,4.359
8497830.96,19904,0.308,3.999,4.307
8497836.58,19902,0.341,4.075,4.416
8497839.32,19903,0.098,4.072,4.171
8497850.83,19904,0.162,4.007,4.169
8497899.56,19902,0.375,4.399,4.773
8497907.44,19903,0.331,4.087,4.418
8497947.78,19904,0.171,4.511,4.683
8498038.77,19902,0.162,4.277,4.439
8498049.55,19903,0.199,4.119,4.318
8498083.45,19904,0.334,12.067,12.401
8498108.3,19902,0.837,10.347,11.184
8498134.22,19903,0.281,4.12,4.402
8498159.21,19904,0.474,8.383,8.857
8498181.61,19902,0.363,5.643,6.006
8498272.95,19903,0.557,8.466,9.023
8498325.98,19904,1.01,9.44,10.449
8498372.28,19902,3.177,4.428,7.605
8498434.22,19903,1.032,10.843,11.875
8498447.32,19904,0.233,10.958,11.191
8498478.39,19902,0.284,5.205,5.489
8498498.12,19903,0.3,5.523,5.824
8498577.26,19904,0.332,6.983,7.315
8498631.87,19902,0.173,4.071,4.244
8498713.12,19903,0.306,5.43,5.736
8498723.72,19904,0.13,4.698,4.828
8498766.2,19903,0.268,9.341,9.61
8498770.53,19902,0.494,17.472,17.966
8498772.52,19904,0.512,12.892,13.404
8498883.04,19903,0.263,4.804,5.067
8499046.61,19902,0.349,4.952,5.301
8499053.8,19904,0.15,4.26,4.41
8499186.93,19903,2.158,9.655,11.813
8499188.9,19902,2.88,9.715,12.595
8499195.63,19904,0.163,4.427,4.59
8499249.31,19903,0.359,10.345,10.704
8499265.24,19902,0.496,12.261,12.756
8499272.36,19904,0.157,4.164,4.322
8499290.25,19903,0.1,4.58,4.679
8499301.87,19902,0.089,4.13,4.219
8499335.86,19904,0.495,7.473,7.968
8499407.82,19903,0.47,11.742,12.212
8499434.95,19902,0.174,4.458,4.632
8499511.45,19904,0.308,6.161,6.469
8499580.39,19903,0.362,6.51,6.872
8499620.76,19902,0.348,4.4,4.748
8499655.28,19904,0.518,8.375,8.893
8499686.5,19903,0.16,4.039,4.199
8499687.54,19902,0.116,4.291,4.407
8499735.23,19904,0.649,8.548,9.197
8499739.33,19903,1.08,9.128,10.208
8499989.46,19902,0.191,6.276,6.468
8500033.21,19904,0.329,5.131,5.46
8500079.47,19903,0.202,4.577,4.778
8500154.39,19902,0.212,4.14,4.352
8500180.68,19904,0.212,4.075,4.287
8500192.73,19903,0.142,4.322,4.465
8500222.67,19902,0.418,4.141,4.559
8500229.18,19904,0.633,6.311,6.944
8500232.64,19903,0.241,4.09,4.331
8500247.57,19904,0.083,4.875,4.958
8500249.94,19902,0.231,4.356,4.588
8500254.87,19903,0.141,4.165,4.306
8500256.78,19904,0.099,4.476,4.575
8500262.88,19902,0.269,4.214,4.483
8500267.4,19903,0.131,4.1,4.23
8500284.86,19904,0.273,5.477,5.75
8500293.31,19902,0.168,4.688,4.857
8500299.59,19903,1.606,6.457,8.063
8500308.11,19902,0.147,8.227,8.375
8500308.53,19904,0.098,6.3,6.398
8500321.53,19903,0.217,4.261,4.478
8500388.48,19902,0.174,4.803,4.977
8500394.95,19904,0.126,4.258,4.384
8500446.33,19903,0.319,8.646,8.965
8500471.33,19902,0.28,6.608,6.888
8500473.27,19904,0.126,5.348,5.475
8500496.77,19903,1.774,5.804,7.578
8500504.29,19902,1.378,4.257,5.634
8500523.52,19904,0.15,9.167,9.317
8500525.94,19903,0.138,4.742,4.88
8500543.61,19902,0.251,4.698,4.949
8500552.35,19904,0.142,4.135,4.278
8500553.53,19903,0.097,4.178,4.275
8500578.42,19902,0.133,5.057,5.19
8500582.59,19904,0.163,4.953,5.116
8500585.26,19902,0.296,4.899,5.195
8500586.59,19903,1.623,4.482,6.105
8500589.41,19904,0.391,4.054,4.446
8500608.94,19903,0.737,4.378,5.115
8500616.38,19902,0.336,4.262,4.598
8500625.0,19904,0.271,4.119,4.39
8500633.78,19903,0.131,4.179,4.31
8500669.83,19902,0.292,7.476,7.768
8500676.46,19904,0.175,9.187,9.362
8500679.57,19903,0.125,6.238,6.363
8500688.23,19902,0.203,4.095,4.298
8500724.77,19904,0.268,8.572,8.84
8500728.43,19903,0.287,6.049,6.336
8500733.35,19902,0.415,6.241,6.656
8500759.85,19904,0.246,6.206,6.452
8500762.72,19903,0.102,5.469,5.571
8500771.37,19902,0.179,8.365,8.543
8500772.11,19904,0.146,4.759,4.905
8500783.73,19903,0.299,4.133,4.433
8500806.37,19902,0.339,7.794,8.134
8500851.43,19904,0.197,5.02,5.217
8500857.13,19903,0.127,8.476,8.603
8500859.21,19904,0.107,4.231,4.338
8500861.74,19902,0.086,6.082,6.167
8500871.53,19903,0.117,4.142,4.259
8500916.68,19904,0.369,7.591,7.96
8500918.57,19902,0.119,5.924,6.042
8500921.3,19903,1.027,6.206,7.234
8500935.96,19904,0.264,4.285,4.549
8500943.05,19902,0.207,4.0,4.207
8500953.5,19903,0.285,4.157,4.442
8500961.6,19904,0.099,4.118,4.217
8500989.32,19902,0.259,5.151,5.41
8501038.44,19903,0.196,4.473,4.669
8501046.63,19904,0.177,5.999,6.177
8501075.29,19902,0.305,8.958,9.263
8501094.13,19903,0.237,7.813,8.049
8501095.23,19904,0.069,6.632,6.701
8501107.79,19902,0.126,4.075,4.201
8501118.62,19903,0.254,6.359,6.613
8501121.12,19904,0.089,4.912,5.001
8501136.76,19902,0.179,4.064,4.243
8501170.98,19903,0.132,6.787,6.918
8501180.18,19904,0.127,4.29,4.418
8501236.72,19902,0.579,8.394,8.973
8501239.3,19903,0.107,5.148,5.255
8501243.87,19904,0.087,4.331,4.419
8501326.59,19902,0.168,5.71,5.878
8501349.92,19903,0.333,6.403,6.736
8501410.36,19904,0.421,4.065,4.487
8501416.75,19902,0.267,4.201,4.468
8501462.98,19903,0.546,9.192,9.738
8501469.36,19904,0.136,4.73,4.865
8501486.28,19902,0.128,4.033,4.162
8501497.39,19903,0.118,4.162,4.28
8501568.64,19904,0.174,4.92,5.095
8501620.91,19902,1.692,7.68,9.372
8501653.76,19903,0.175,4.109,4.284
8501942.25,19904,0.195,4.667,4.863
8501981.58,19902,0.21,6.251,6.461
8501989.4,19903,0.17,8.534,8.704
8502114.47,19902,0.318,4.239,4.556
8502123.51,19904,0.225,4.081,4.306
8502171.53,19903,0.232,8.949,9.18
8502284.19,19902,0.251,4.387,4.639
8502339.34,19904,0.348,9.564,9.912
8502392.56,19903,0.212,5.952,6.164
8502439.63,19902,1.427,13.023,14.451
8502441.41,19904,2.47,13.199,15.669
8502468.63,19903,0.473,4.587,5.06
8502616.67,19904,0.429,6.462,6.891
8502619.06,19902,0.178,4.502,4.68
8502667.54,19903,0.204,4.721,4.925
8502679.27,19904,0.473,5.291,5.764
8502683.56,19902,1.084,7.402,8.486
8502695.81,19903,0.604,4.344,4.948
8502896.45,19904,0.415,11.575,11.989
8502925.83,19902,0.569,10.31,10.879
8502963.78,19903,0.214,6.126,6.34
8502988.69,19904,0.238,5.191,5.429
8503017.24,19902,0.211,4.408,4.62
8503097.23,19903,1.01,6.797,7.806
8503167.67,19904,0.211,4.385,4.596
8503181.13,19902,0.382,6.419,6.8
8503225.18,19903,0.553,5.46,6.014
8503271.13,19904,0.247,6.532,6.779
8503271.46,19902,0.151,6.53,6.681
8503324.14,19903,0.221,6.227,6.447
8503339.57,19904,0.235,4.138,4.373
8503383.79,19902,0.292,7.328,7.62
8503523.87,19903,0.364,11.434,11.798
8503551.45,19904,0.174,4.418,4.592
8503764.64,19902,0.243,5.445,5.689
8503777.58,19903,0.207,4.939,5.145
8503781.58,19904,2.161,4.428,6.589
8503784.72,19903,1.367,4.593,5.96
8503788.46,19902,0.088,4.523,4.611
8503805.6,19903,0.299,4.26,4.559
8503848.8,19904,0.196,5.811,6.006
8503931.34,19902,0.199,4.268,4.467
8503969.35,19903,0.387,4.628,5.015
8503972.2,19904,0.123,6.241,6.364
8504076.4,19902,0.167,4.41,4.577
8504079.29,19903,0.117,4.749,4.866
8504102.11,19904,0.173,4.827,5.0
8504148.34,19902,0.316,6.683,6.999
8504207.59,19903,0.409,5.282,5.691
8504226.34,19904,0.507,6.527,7.034
8504255.22,19902,0.428,4.028,4.456
8504347.72,19903,0.341,5.058,5.399
8504408.56,19904,0.34,4.277,4.617
8504424.76,19902,0.751,6.275,7.026
8504452.74,19903,0.335,4.33,4.665
8504490.58,19904,0.328,4.292,4.621
8504551.11,19902,0.206,4.475,4.681
8504566.58,19903,0.312,4.287,4.598
8504636.58,19904,0.159,4.062,4.221
8504678.66,19902,0.417,8.013,8.429
8504686.97,19903,0.298,9.585,9.883
8504687.1,19904,0.533,8.155,8.688
8504723.38,19902,0.234,4.693,4.927
8504724.63,19904,0.251,4.839,5.09
8504781.23,19903,0.216,4.303,4.519
8504818.44,19902,0.309,5.089,5.398
8504845.45,19904,0.378,6.155,6.533
8504953.9,19903,0.192,4.325,4.517
8504983.47,19902,0.262,4.318,4.581
8505047.08,19904,0.327,6.398,6.725
8505089.91,19903,0.413,14.247,14.66
8505145.79,19902,0.421,5.996,6.416
8505259.84,19904,0.594,11.111,11.705
8505272.27,19903,0.243,5.066,5.31
8505303.43,19902,0.181,5.223,5.404
8505325.04,19904,0.264,8.224,8.488
8505346.66,19903,0.232,7.319,7.551
8505370.99,19902,0.227,4.695,4.922
8505458.42,19904,0.264,4.371,4.635
8505518.68,19903,0.165,4.386,4.551
8505540.8,19902,0.206,4.187,4.394
8505567.29,19904,0.354,6.958,7.312
8505571.9,19903,2.422,5.651,8.073
8505633.31,19904,0.301,8.246,8.546
8505668.73,19902,0.283,4.317,4.599
8505812.49,19903,0.464,7.174,7.637
8505833.49,19904,0.233,5.066,5.298
8505880.45,19903,0.271,9.766,10.038
8505881.53,19902,0.501,11.489,11.989
8505885.72,19904,3.269,8.547,11.816
8505981.53,19903,0.324,7.403,7.727
8506067.5,19902,0.303,6.707,7.01
8506120.16,19904,0.188,4.672,4.86
8506126.58,19903,0.283,4.678,4.96
8506241.1,19902,0.345,4.068,4.413
8506257.56,19904,0.142,4.405,4.548
8506323.9,19903,0.213,4.554,4.768
8506332.99,19902,0.205,6.452,6.656
8506334.45,19904,0.195,4.53,4.725
8506363.2,19903,0.647,7.923,8.571
8506389.38,19902,0.303,4.89,5.194
8506450.07,19904,0.475,9.246,9.721
8506504.82,19903,0.205,4.057,4.262
8506513.32,19902,0.181,4.482,4.663
8506538.6,19904,1.582,4.337,5.919
8506558.99,19903,0.219,4.051,4.27
8506591.51,19902,0.431,7.662,8.093
8506596.16,19904,0.13,5.15,5.28
8506649.03,19902,0.381,5.752,6.133
8506650.97,19903,0.139,4.471,4.61
8506658.6,19904,0.116,5.762,5.878
8506696.82,19902,0.871,6.48,7.351
8506712.58,19904,0.159,6.051,6.21
8506713.88,19903,0.204,9.563,9.767
8506726.32,19902,0.093,6.66,6.753
8506729.93,19904,0.123,4.977,5.101
8506793.38,19903,0.294,4.587,4.881
8506818.37,19902,0.263,4.983,5.247
8506881.42,19904,0.197,8.105,8.301
8506883.37,19903,0.114,8.0,8.114
8506883.79,19902,0.066,6.526,6.592
8506912.68,19904,0.355,4.46,4.815
8506953.39,19903,0.185,10.362,10.547
8506952.99,19902,0.13,6.109,6.238
8506958.43,19904,0.17,4.024,4.195
8506975.18,19903,0.169,4.122,4.291
8507014.2,19902,0.515,6.298,6.813
8507029.82,19904,0.226,5.255,5.481
8507038.81,19903,0.121,6.046,6.166
8507041.28,19902,0.059,6.031,6.091
8507088.3,19904,0.381,7.846,8.227
8507114.08,19903,0.364,4.578,4.942
8507124.06,19902,0.203,4.655,4.858
8507141.41,19904,0.359,4.175,4.534
8507150.77,19903,0.149,4.13,4.279
8507156.24,19902,0.107,4.462,4.569
8507189.24,19904,0.28,5.943,6.223
8507192.14,19903,0.066,5.201,5.268
8507196.11,19902,0.08,3.963,4.042
8507197.82,19904,0.083,4.243,4.326
8507204.48,19903,0.178,4.086,4.264
8507208.43,19902,0.116,4.458,4.574
8507210.3,19904,0.086,4.149,4.234
8507250.62,19903,0.585,13.247,13.832
8507253.66,19902,0.191,5.842,6.033
8507261.24,19903,0.222,4.738,4.96
8507270.7,19904,0.154,4.143,4.296
8507272.76,19902,0.059,4.012,4.072
8507275.57,19903,0.063,4.038,4.101
8507345.05,19902,0.282,5.947,6.228
8507387.62,19904,0.302,6.036,6.338
8507502.65,19903,0.317,10.166,10.484
8507553.93,19902,0.277,7.024,7.3
8507599.69,19904,0.36,6.024,6.383
8507678.63,19903,0.426,6.861,7.286
8507734.99,19902,0.468,11.135,11.604
8507758.99,19904,0.315,6.73,7.046
8507785.89,19903,0.186,4.118,4.303
8507891.64,19902,0.613,6.152,6.765
8508006.82,19904,1.266,18.361,19.627
8508007.59,19903,0.368,17.273,17.641
8508081.99,19902,0.457,12.355,12.812
8508097.1,19904,0.555,12.757,13.312
8508098.73,19903,0.132,12.537,12.668
8508099.8,19902,1.723,11.601,13.324
8508105.78,19904,4.585,8.546,13.131
8508107.87,19903,0.108,4.922,5.03
8508119.48,19902,0.135,4.247,4.382
8508126.18,19904,0.133,4.259,4.392
8508154.6,19903,0.426,7.295,7.721
8508244.33,19902,0.491,12.835,13.326
8508434.36,19904,0.201,5.322,5.523
8508438.04,19903,0.413,6.409,6.822
8508502.02,19902,0.418,10.998,11.415
8508530.06,19904,0.168,4.298,4.465
8508561.57,19903,0.272,4.977,5.248
8508576.65,19902,0.131,4.054,4.186
8508624.6,19904,0.474,7.309,7.783
8508628.31,19903,0.152,4.758,4.909
8508848.34,19902,0.167,5.525,5.692
8508934.34,19904,0.228,4.089,4.317
8508974.64,19903,0.493,9.078,9.571
8509011.84,19902,0.214,4.479,4.693
8509077.82,19904,0.425,6.258,6.683
8509237.59,19903,0.365,7.134,7.499
8509260.75,19902,0.184,4.231,4.415
8509281.74,19904,0.265,4.569,4.834
8509349.86,19903,0.171,4.328,4.499
8509404.58,19902,0.428,10.68,11.108
8509408.59,19904,0.184,9.295,9.479
8509449.68,19903,0.232,7.879,8.112
8509568.04,19902,0.246,5.82,6.066
8509605.04,19904,0.437,7.049,7.486
8509609.82,19903,0.292,4.298,4.59
8509630.31,19902,0.259,9.091,9.349
8509636.25,19904,0.189,8.905,9.094
8509769.05,19903,0.525,7.772,8.297
8509830.82,19902,0.393,4.06,4.454
8509866.27,19904,0.276,6.185,6.461
8509908.96,19903,0.427,4.28,4.707
8509964.45,19902,0.385,8.881,9.266
8510105.98,19904,0.372,4.933,5.306
8510128.85,19903,0.437,4.543,4.98
8510136.59,19902,0.133,4.351,4.485
8510147.86,19904,0.235,4.338,4.573
8510194.87,19903,0.484,9.05,9.533
8510208.11,19902,0.341,5.692,6.034
8510222.36,19904,0.292,4.412,4.704
8510248.25,19903,0.251,6.984,7.235
8510249.76,19902,0.928,7.348,8.276
8510305.15,19904,0.183,4.428,4.611
8510309.83,19903,0.118,4.327,4.445
8510368.22,19902,0.647,12.663,13.309
8510395.76,19904,0.169,4.252,4.422
8510412.19,19903,0.29,4.236,4.526
8510422.36,19902,0.477,5.97,6.447
8510472.16,19904,0.366,5.2,5.566
8510528.61,19903,0.516,11.56,12.076
8510577.38,19902,0.239,4.685,4.924
8510583.34,19904,0.174,4.28,4.455
8510588.6,19903,0.106,4.38,4.485
8510594.4,19902,0.108,4.713,4.821
8510616.96,19904,0.225,4.163,4.388
8510626.49,19903,0.224,4.176,4.4
8510707.26,19902,0.292,9.302,9.594
8510708.41,19904,0.167,9.172,9.34
8510709.33,19903,0.694,6.17,6.864
8510717.1,19902,2.342,9.702,12.044
8510717.4,19904,0.092,6.264,6.355
8510727.3,19903,0.15,4.163,4.313
8510738.93,19902,0.422,4.254,4.676
8510749.7,19904,0.145,4.169,4.314
8510761.36,19903,0.276,5.27,5.546
8510762.5,19902,0.176,4.239,4.415
8510779.44,19904,0.256,4.218,4.474
8510784.31,19903,0.17,4.292,4.463
8510798.61,19902,0.202,4.665,4.867
8510801.37,19904,0.09,5.029,5.119
8510816.12,19903,0.139,4.19,4.33
8510841.82,19902,0.252,5.441,5.693
8510860.88,19904,0.176,4.322,4.498
8510898.25,19903,0.295,6.612,6.907
8510914.61,19902,0.314,7.56,7.874
8510916.11,19904,0.187,7.203,7.39
8510938.4,19903,0.184,4.129,4.313
8510942.23,19902,0.128,4.033,4.161
8510982.53,19903,0.214,4.493,4.707
8510992.59,19904,0.229,4.79,5.019
8510995.33,19902,0.114,4.28,4.394
8511011.35,19904,0.128,4.532,4.66
8511027.04,19903,0.14,4.222,4.362
8511048.54,19902,0.133,6.309,6.441
8511068.72,19904,0.16,4.332,4.493
8511071.14,19903,0.1,4.301,4.401
8511100.74,19902,0.16,4.487,4.647
8511110.28,19904,0.163,4.216,4.38
8511128.23,19903,0.162,4.392,4.554
8511156.19,19902,0.401,7.533,7.934
8511181.47,19903,0.191,4.213,4.404
8511181.77,19904,0.134,8.007,8.142
8511209.67,19902,0.355,6.171,6.526
8511230.17,19903,0.327,8.678,9.005
8511236.79,19904,0.36,10.681,11.041
8511241.52,19902,0.157,7.731,7.888
8511254.04,19903,0.104,4.079,4.183
8511278.18,19904,0.251,4.575,4.826
8511298.41,19902,0.184,6.432,6.616
8511331.86,19903,1.59,7.402,8.992
8511356.23,19904,0.262,4.162,4.424
8511360.36,19902,0.177,4.102,4.279
8511368.11,19904,0.227,6.226,6.453
8511395.88,19903,0.483,6.533,7.016
8511397.31,19902,0.315,6.06,6.375
8511406.77,19904,0.22,4.632,4.852
8511427.07,19903,0.149,4.058,4.208
8511457.35,19902,0.15,6.012,6.161
8511459.26,19904,0.352,5.834,6.185
8511476.8,19903,0.463,7.405,7.868
8511482.02,19902,0.164,6.021,6.185
8511488.57,19904,0.313,4.19,4.503
8511502.69,19903,0.111,4.2,4.311
8511509.48,19902,0.227,4.205,4.432
8511520.9,19904,0.108,6.077,6.185
8511524.04,19903,0.791,4.892,5.683
8511570.75,19904,0.147,8.858,9.005
8511570.81,19902,0.296,8.574,8.87
8511585.39,19903,0.497,4.075,4.572
8511586.77,19902,0.096,4.481,4.577
8511591.39,19904,0.073,4.434,4.507
8511592.44,19903,0.173,4.031,4.205
8511598.3,19902,0.089,4.168,4.258
8511615.81,19904,0.169,4.35,4.519
8511658.63,19903,0.208,4.315,4.523
8511661.03,19902,0.13,4.812,4.942
8511669.97,19904,0.124,4.274,4.398
8511697.1,19903,0.235,5.748,5.983
8511743.73,19902,0.983,10.366,11.349
8511746.61,19904,1.049,5.481,6.53
8511774.35,19903,0.393,4.995,5.388
8511779.51,19902,0.123,7.996,8.119
8511780.93,19904,0.121,5.452,5.573
8511827.81,19903,0.17,4.232,4.401
8511856.38,19902,0.256,4.369,4.625
8511870.97,19904,0.181,6.045,6.226
8511896.37,19903,0.239,4.956,5.195
8511900.33,19902,0.665,4.203,4.868
8511903.34,19903,1.903,4.247,6.15
8511915.34,19902,0.116,4.16,4.277
8511918.25,19904,0.655,4.149,4.803
8511921.3,19902,0.081,4.258,4.339
8511925.89,19903,0.219,4.738,4.957
8511928.33,19902,0.111,4.213,4.323
8511933.14,19904,0.121,4.291,4.411
8511942.18,19903,0.29,4.296,4.586
8511988.22,19902,0.444,4.787,5.231
8512042.77,19904,0.536,9.545,10.081
8512043.36,19903,1.232,9.05,10.283
8512065.67,19902,0.187,4.376,4.563
8512070.21,19904,0.281,4.093,4.375
8512073.35,19903,1.798,4.198,5.996
8512076.03,19902,0.093,4.059,4.152
8512090.99,19904,0.185,4.196,4.382
8512091.39,19903,0.069,4.612,4.681
8512095.36,19902,1.507,4.214,5.722
8512102.82,19903,0.096,4.306,4.402
8512186.63,19904,0.413,5.753,6.166
8512299.85,19902,0.243,8.209,8.451
8512315.72,19903,0.242,4.274,4.516
8512328.97,19904,0.139,4.626,4.764
8512382.33,19902,0.342,7.844,8.186
8512402.73,19903,0.237,4.79,5.027
8512468.65,19904,0.28,9.61,9.89
8512477.63,19902,0.238,6.413,6.651
8512494.03,19903,0.299,4.297,4.596
8512498.92,19904,0.186,4.241,4.427
8512500.81,19902,0.103,4.184,4.287
8512534.84,19903,0.544,9.356,9.899
8512563.09,19904,2.253,4.839,7.092
8512583.69,19902,0.227,6.367,6.594
8512608.38,19903,0.607,11.474,12.082
8512616.1,19902,0.318,9.183,9.501
8512617.87,19904,0.947,16.608,17.556
8512626.09,19903,0.267,12.864,13.131
8512630.58,19902,3.326,14.134,17.46
8512661.8,19904,0.298,8.254,8.551
8512689.24,19902,0.243,20.542,20.785
8512691.73,19904,0.209,21.313,21.522
8512691.81,19903,0.352,23.799,24.151
8512698.8,19902,12.803,9.246,22.049
8512702.65,19903,14.902,10.588,25.491
8512712.87,19904,0.481,7.363,7.845
8512748.0,19902,0.357,10.454,10.81
8512753.13,19903,0.272,8.939,9.211
8512767.17,19904,0.324,4.139,4.462
8512797.71,19902,0.341,5.485,5.825
8512816.79,19903,0.268,6.258,6.526
8512822.75,19904,0.255,4.848,5.103
8512841.82,19902,0.308,7.203,7.511
8512863.37,19903,0.315,5.226,5.541
8512936.94,19904,0.292,4.185,4.478
8512937.72,19902,0.153,4.232,4.385
8512974.78,19903,0.339,4.708,5.047
8512983.6,19904,0.144,8.449,8.593
8512983.87,19902,0.067,6.884,6.951
8512998.15,19903,0.148,4.479,4.627
8513017.16,19904,0.256,4.174,4.43
8513050.64,19902,0.338,9.307,9.645
8513056.23,19903,0.339,12.93,13.269
8513057.75,19904,0.163,12.875,13.038
8513063.11,19902,1.748,7.936,9.683
8513065.25,19903,1.849,5.167,7.017
8513075.07,19904,0.187,4.079,4.266
8513108.03,19902,0.451,7.227,7.678
8513111.53,19903,0.264,6.171,6.436
8513116.51,19904,0.136,4.585,4.721
8513119.61,19902,0.086,4.426,4.512
8513134.63,19904,0.201,4.926,5.128
8513144.83,19903,0.152,6.195,6.346
8513147.21,19902,0.077,5.068,5.146
8513185.04,19904,0.313,5.641,5.954
8513212.42,19903,0.278,8.777,9.055
8513220.17,19902,0.227,6.663,6.89
8513249.23,19904,0.408,4.586,4.994
8513253.18,19903,0.163,4.279,4.442
8513267.86,19904,0.294,6.835,7.129
8513276.91,19902,0.274,6.599,6.873
8513310.56,19903,0.198,4.101,4.299
8513331.76,19904,0.196,4.742,4.938
8513336.22,19902,0.152,4.953,5.105
8513422.5,19904,0.4,7.232,7.632
8513427.3,19903,0.347,6.112,6.459
8513449.75,19902,0.623,5.147,5.77
8513483.74,19904,0.359,5.259,5.617
8513495.73,19903,0.372,6.303,6.674
8513502.71,19902,0.252,4.899,5.151
8513502.96,19904,0.16,4.579,4.739
8513509.42,19903,0.26,4.44,4.7
8513521.17,19902,0.137,6.248,6.385
8513529.36,19904,1.02,7.741,8.762
8513557.3,19903,0.196,4.368,4.564
8513568.2,19902,0.331,6.455,6.786
8513576.74,19904,0.375,9.228,9.603
8513577.29,19902,0.336,8.469,8.805
8513608.2,19903,0.538,8.637,9.174
8513629.35,19904,2.328,4.112,6.44
8513653.01,19902,0.267,4.688,4.954
8513655.36,19903,0.147,4.812,4.959
8513667.34,19904,0.265,5.11,5.375
8513709.91,19902,0.19,5.227,5.417
8513715.85,19903,0.162,4.216,4.378
8513775.77,19904,1.148,7.406,8.554
8513808.37,19902,0.32,4.318,4.638
8513831.19,19903,0.414,4.313,4.727
8513837.59,19904,0.214,4.268,4.482
8513854.28,19902,0.178,4.105,4.284
8513867.4,19903,0.135,4.205,4.34
8513886.21,19904,0.197,5.286,5.483
8513903.47,19902,0.436,4.227,4.663
8513906.1,19903,0.168,4.993,5.161
8513907.52,19904,0.233,4.533,4.767
8513912.08,19902,0.131,4.327,4.458
8513920.48,19903,0.094,5.963,6.057
8513927.99,19904,0.365,4.447,4.812
8513980.23,19902,0.308,7.281,7.588
8514092.02,19903,0.308,4.796,5.104
8514121.86,19904,0.508,5.812,6.32
8514126.97,19902,0.242,5.112,5.354
8514152.85,19903,0.564,8.642,9.206
8514172.23,19904,0.184,6.775,6.959
8514175.63,19902,0.151,4.394,4.545
8514325.37,19903,0.313,11.793,12.106
8514427.69,19904,0.248,5.718,5.966
8514458.61,19902,0.513,5.417,5.93
8514514.04,19903,1.033,6.815,7.849
8514521.21,19904,0.481,4.894,5.376
8514592.48,19902,0.179,4.055,4.234
8514619.77,19903,0.185,5.26,5.445
8514672.56,19904,0.307,7.103,7.409
8514704.43,19902,0.248,4.991,5.238
8514755.5,19903,0.382,9.546,9.928
8514771.73,19904,0.161,4.206,4.367
8514875.84,19902,0.291,5.408,5.699
8514891.87,19903,0.452,7.349,7.801
8514957.96,19904,0.174,4.081,4.255
8514976.93,19902,0.26,4.246,4.506
8515048.67,19903,0.169,12.366,12.535
8515082.34,19904,1.882,18.191,20.073
8515088.14,19902,1.068,17.989,19.057
8515090.95,19903,0.122,9.246,9.368
8515122.71,19904,3.058,14.341,17.4
8515218.39,19902,0.295,4.086,4.381
8515290.72,19903,0.201,4.564,4.765
8515306.07,19904,0.205,4.888,5.092
8515310.67,19902,0.247,4.359,4.606
8515315.93,19903,0.126,4.07,4.196
8515393.08,19904,0.749,5.057,5.806
8515396.17,19902,0.251,4.814,5.064
8515443.99,19903,0.249,4.233,4.482
8515520.32,19904,0.271,4.938,5.209
8515572.69,19902,0.405,10.585,10.99
8515641.58,19903,0.572,10.327,10.899
8515669.23,19904,0.428,4.725,5.153
8515759.27,19902,0.315,4.858,5.173
8515897.95,19903,0.286,8.897,9.183
8515957.81,19904,0.962,9.243,10.204
8515999.07,19902,0.19,4.421,4.611
8516088.39,19903,0.164,4.42,4.583
8516093.94,19904,0.151,4.334,4.485
8516117.77,19902,0.232,8.278,8.51
8516189.86,19903,0.608,7.429,8.037
8516230.84,19904,0.289,7.794,8.083
8516328.7,19902,0.25,4.584,4.834
8516388.52,19903,0.317,8.532,8.848
8516395.32,19904,0.494,5.212,5.706
8516399.52,19902,0.087,7.043,7.13
8516418.46,19903,0.181,4.259,4.44
8516423.63,19904,0.217,3.978,4.195
8516452.22,19902,0.241,8.226,8.467
8516457.69,19903,0.227,5.073,5.3
8516480.2,19904,0.29,4.475,4.765
8516483.99,19902,0.267,5.231,5.498
8516499.91,19903,0.394,4.261,4.655
8516510.88,19904,0.167,5.076,5.243
8516570.33,19902,0.693,5.823,6.516
8516636.25,19903,0.286,7.867,8.153
8516640.0,19904,1.31,9.82,11.13
8516641.38,19902,0.102,7.17,7.273
8516659.93,19903,0.239,4.346,4.585
8516669.38,19902,0.317,4.013,4.33
8516694.12,19904,0.201,10.295,10.496
8516698.8,19903,0.3,7.248,7.548
8516729.61,19902,0.278,4.119,4.397
8516738.45,19904,0.116,4.16,4.276
8516754.98,19903,0.195,4.813,5.008
8516762.58,19902,0.143,4.426,4.568
8516767.24,19904,0.099,5.099,5.198
8516782.67,19902,0.267,6.411,6.678
8516786.04,19904,0.098,4.831,4.929
8516788.33,19903,0.279,9.152,9.431
8516790.84,19902,0.874,4.753,5.627
8516799.15,19904,0.128,4.532,4.66
8516850.46,19903,1.227,6.088,7.314
8516870.24,19902,0.915,5.269,6.184
8516887.19,19904,0.167,3.992,4.159
8516896.82,19903,0.143,4.06,4.204
8516924.13,19902,0.264,7.434,7.697
8516987.15,19904,3.045,11.972,15.017
8517009.71,19903,0.25,6.204,6.454
8517028.37,19902,0.193,5.383,5.576
8517042.02,19904,0.179,4.806,4.984
8517052.99,19903,0.196,5.347,5.543
8517059.58,19902,0.121,5.382,5.503
8517072.29,19904,0.15,4.346,4.497
8517079.14,19903,0.31,4.713,5.023
8517095.69,19902,0.18,5.744,5.924
8517110.73,19904,0.27,6.667,6.937
8517126.8,19903,0.752,3.994,4.746
8517135.67,19902,0.164,4.406,4.57
8517141.32,19904,0.154,4.273,4.427
8517148.61,19903,0.163,4.006,4.169
8517154.86,19902,0.096,4.25,4.346
8517156.26,19904,0.057,4.14,4.197
8517176.87,19903,0.226,4.738,4.964
8517196.35,19902,0.254,6.113,6.367
8517199.31,19904,0.094,6.832,6.926
8517211.58,19903,0.23,4.404,4.634
8517221.24,19902,0.156,4.079,4.235
8517260.44,19904,0.464,6.71,7.174
8517298.98,19903,0.308,4.087,4.396
8517300.99,19902,0.161,4.318,4.479
8517304.64,19904,0.665,4.066,4.73
8517309.97,19902,0.274,4.157,4.431
8517335.03,19903,0.208,4.699,4.906
8517351.84,19904,0.252,6.638,6.89
8517370.81,19902,0.16,9.581,9.742
8517390.89,19903,0.193,4.117,4.309
8517391.52,19904,0.192,4.37,4.562
8517397.59,19902,0.14,6.411,6.551
8517398.71,19903,0.072,5.878,5.95
8517403.64,19902,0.097,4.155,4.252
8517404.26,19904,0.709,6.513,7.222
8517406.1,19903,0.058,4.886,4.944
8517418.94,19902,0.14,4.234,4.374
8517458.58,19904,1.623,12.693,14.315
8517463.8,19903,1.354,7.374,8.728
8517481.39,19902,0.296,5.68,5.976
8517490.26,19904,0.132,4.626,4.758
8517497.0,19903,0.32,5.009,5.328
8517498.46,19902,0.099,4.681,4.78
8517509.11,19904,0.432,4.309,4.741
8517532.68,19903,1.164,7.361,8.525
8517545.29,19902,0.215,4.942,5.158
8517560.27,19904,0.47,4.587,5.057
8517576.16,19903,0.54,4.359,4.898
8517582.79,19902,0.188,4.418,4.606
8517601.65,19904,0.251,6.342,6.593
8517623.98,19903,0.395,4.79,5.185
8517670.05,19902,0.22,6.52,6.739
8517676.47,19904,0.273,6.73,7.004
8517683.33,19903,0.18,6.143,6.323
8517696.08,19902,0.203,4.183,4.386
8517701.93,19904,0.426,4.789,5.215
8517808.24,19903,0.778,4.511,5.289
8517826.18,19902,0.227,5.547,5.774
8517844.22,19904,0.311,5.123,5.434
8517852.59,19903,2.158,7.557,9.714
8517856.55,19902,0.106,6.252,6.357
8517880.81,19903,0.119,4.367,4.486
8517880.86,19904,0.181,6.574,6.755
8517895.67,19902,0.418,6.55,6.968
8517926.77,19904,0.192,8.411,8.603
8517967.73,19902,0.14,4.293,4.433
8517970.47,19903,0.216,8.074,8.29
8517985.98,19904,0.22,5.82,6.04
8517998.35,19902,0.273,5.223,5.496
8518008.28,19903,0.223,4.949,5.172
8518064.02,19904,0.26,4.525,4.785
8518071.91,19902,0.268,5.226,5.494
8518077.51,19903,0.29,4.265,4.554
8518111.08,19904,0.371,5.174,5.546
8518166.61,19902,0.209,5.129,5.338
8518176.94,19903,0.321,4.461,4.782
8518182.6,19904,0.161,4.341,4.502
8518200.96,19902,0.342,4.43,4.772
8518205.38,19903,0.129,5.121,5.249
8518207.41,19904,0.154,5.472,5.626
8518213.31,19902,0.271,4.189,4.461
8518255.96,19903,0.214,4.524,4.738
8518278.45,19904,0.305,4.654,4.959
8518310.37,19903,0.218,5.912,6.129
8518312.11,19902,0.22,10.347,10.567
8518313.53,19904,2.068,6.435,8.503
8518331.16,19903,0.274,4.745,5.018
8518398.39,19902,0.327,9.177,9.504
8518405.55,19904,0.252,4.142,4.394
8518489.36,19903,0.834,16.976,17.81
8518492.41,19902,0.237,13.914,14.151
8518495.13,19904,0.136,12.929,13.065
8518497.94,19902,2.525,5.37,7.895
8518498.11,19903,1.485,8.606,10.091
8518545.88,19904,0.189,4.531,4.72
8518574.86,19902,0.537,8.684,9.221
8518589.87,19903,0.175,4.522,4.696
8518624.06,19904,0.303,5.312,5.614
8518632.45,19902,0.134,5.585,5.719
8518660.17,19903,0.231,6.291,6.523
8518705.21,19904,0.409,7.962,8.372
8518720.88,19902,0.394,10.439,10.833
8518727.41,19903,0.191,7.121,7.311
8518733.03,19902,0.169,4.324,4.493
8518753.08,19904,0.132,4.356,4.488
8518784.37,19903,0.17,6.933,7.103
8518791.82,19902,0.332,6.225,6.557
8518798.18,19904,0.119,4.945,5.064
8518814.98,19903,0.12,4.365,4.485
8518819.54,19902,0.217,4.113,4.33
8518824.08,19904,0.085,4.367,4.452
8518850.67,19902,0.287,8.631,8.917
8518870.91,19903,0.309,7.117,7.426
8518881.35,19904,0.209,10.576,10.786
8518926.1,19902,0.322,5.517,5.839
8518936.37,19903,0.371,5.168,5.539
8518952.52,19904,0.225,4.146,4.371
8518969.79,19902,0.107,4.788,4.894
8518974.12,19903,1.355,4.144,5.499
8519000.6,19904,0.165,4.439,4.604
8519005.2,19902,0.158,4.042,4.2
8519012.22,19903,0.156,4.55,4.705
8519061.63,19904,2.372,6.319,8.691
8519062.92,19902,0.079,4.869,4.948
8519074.44,19903,0.12,4.09,4.211
8519076.48,19904,0.093,4.103,4.196
8519127.71,19902,0.372,4.08,4.452
8519134.96,19903,0.111,4.258,4.369
8519153.49,19904,0.109,4.812,4.922
8519183.2,19902,0.465,6.694,7.159
8519183.88,19903,0.408,6.575,6.983
8519197.1,19904,0.202,7.091,7.292
8519201.83,19902,0.235,4.528,4.763
8519230.28,19903,0.158,5.443,5.6
8519258.06,19904,0.481,7.206,7.687
8519259.7,19902,0.202,7.765,7.967
8519307.52,19903,0.239,6.291,6.53
8519309.54,19904,0.111,4.658,4.769
8519324.72,19902,0.177,5.204,5.381
8519326.64,19903,0.117,5.585,5.702
8519332.42,19904,0.196,4.371,4.566
8519339.57,19902,0.304,4.591,4.895
8519352.36,19903,0.316,4.97,5.285
8519360.29,19904,0.405,6.017,6.422
8519365.77,19902,0.09,4.182,4.272
8519370.35,19903,0.095,4.275,4.37
8519383.52,19904,0.118,4.057,4.175
8519406.49,19903,0.159,7.25,7.409
8519406.96,19902,0.221,9.52,9.741
8519419.15,19904,0.138,5.486,5.624
8519437.88,19902,0.176,5.112,5.288
8519441.26,19903,0.14,11.03,11.17
8519442.73,19902,1.51,4.728,6.237
8519445.1,19904,1.412,8.005,9.417
8519461.19,19902,0.1,4.187,4.287
8519462.04,19903,0.142,7.144,7.287
8519491.99,19904,0.2,10.243,10.443
8519605.59,19902,0.365,8.209,8.575
8519615.45,19903,0.168,4.795,4.963
8519650.92,19904,0.36,7.846,8.206
8519697.16,19902,0.343,15.301,15.643
8519697.91,19903,0.142,13.522,13.663
8519700.85,19904,0.144,4.709,4.854
8519704.64,19902,0.089,4.03,4.118
8519715.59,19904,0.154,4.201,4.355
8519721.34,19903,0.103,4.128,4.23
8519732.78,19902,0.228,4.042,4.269
8519771.05,19904,0.599,9.592,10.191
8519776.69,19903,0.292,13.359,13.651
8519785.3,19902,0.181,4.04,4.221
8519796.86,19904,0.122,4.187,4.309
8519864.96,19903,0.311,6.798,7.109
8520102.06,19902,0.31,7.775,8.085
8520148.47,19904,0.194,4.692,4.886
8520181.22,19903,0.311,14.71,15.021
8520285.72,19902,0.871,4.702,5.573
8520294.82,19904,0.688,5.944,6.632
8520308.31,19903,0.21,4.407,4.617
8520328.66,19902,0.233,9.523,9.757
8520348.5,19904,0.25,6.62,6.87
8520404.71,19903,0.568,8.128,8.696
8520420.32,19902,0.623,7.15,7.773
8520437.93,19904,0.211,8.192,8.403
8520501.45,19903,0.65,11.096,11.746
8520515.85,19902,0.336,6.402,6.737
8520524.06,19904,0.122,4.117,4.239
8520538.65,19903,0.127,4.111,4.238
8520549.48,19902,0.215,4.032,4.247
8520585.08,19904,0.356,7.834,8.19
8520606.67,19903,0.252,4.295,4.547
8520707.82,19902,0.34,5.983,6.323
8520732.14,19904,0.462,10.424,10.887
8520738.41,19903,0.219,7.807,8.026
8520771.93,19902,0.172,4.112,4.284
8520785.36,19904,0.182,4.145,4.327
8520951.65,19903,0.315,4.479,4.794
8521007.9,19902,0.203,7.118,7.321
8521025.58,19904,0.164,4.315,4.479
8521097.51,19903,0.489,12.049,12.538
8521098.28,19902,0.294,4.914,5.208
8521138.5,19904,0.42,5.217,5.637
8521170.67,19903,0.577,9.149,9.726
8521211.61,19902,0.195,4.106,4.301
8521342.9,19904,0.778,10.845,11.623
8521376.67,19903,0.461,6.146,6.607
8521380.09,19902,0.227,4.755,4.981
8521438.31,19904,0.185,6.283,6.467
8521440.82,19903,0.086,4.672,4.757
8521457.01,19902,0.23,4.224,4.455
8521460.31,19904,2.111,4.275,6.386
8521464.88,19903,0.137,4.156,4.294
8521508.27,19902,0.461,7.254,7.715
8521515.99,19904,0.182,6.725,6.906
8521518.4,19903,1.661,5.254,6.915
8521548.71,19902,0.227,4.781,5.009
8521551.62,19904,0.158,4.124,4.283
8521611.64,19903,0.259,4.284,4.543
8521656.32,19902,0.772,11.61,12.382
8521686.06,19904,0.159,4.795,4.954
8521703.5,19903,0.249,4.218,4.466
8521706.88,19902,0.123,3.983,4.106
8521738.17,19904,0.39,7.544,7.934
8521749.03,19903,0.227,4.665,4.892
8521786.15,19902,0.358,4.166,4.524
8521829.39,19904,0.282,11.813,12.095
8521830.16,19903,0.15,10.344,10.494
8521831.83,19902,0.126,7.716,7.842
8521887.54,19904,0.265,7.775,8.04
8521897.96,19903,0.409,6.908,7.317
8521902.44,19902,0.286,6.033,6.32
8521921.15,19904,0.197,4.53,4.728
8521929.18,19903,0.359,4.313,4.672
8521940.64,19902,0.171,4.186,4.357
8521946.21,19904,0.426,4.117,4.543
8521957.72,19903,0.162,4.422,4.584
8521978.47,19902,0.189,4.232,4.421
8521986.57,19904,0.243,4.197,4.44
8521993.86,19903,0.126,4.288,4.414
8522017.22,19902,0.24,4.316,4.556
8522023.23,19904,0.2,4.364,4.564
8522048.24,19903,0.485,10.822,11.308
8522071.17,19902,0.31,4.295,4.605
8522084.09,19904,0.151,4.697,4.848
8522098.31,19903,0.312,4.773,5.085
8522101.98,19902,0.101,6.149,6.25
8522104.39,19904,0.058,6.237,6.295
8522123.17,19903,0.245,6.665,6.91
8522170.92,19902,0.335,5.532,5.867
8522183.87,19904,0.211,4.042,4.254
8522187.67,19903,0.134,4.323,4.458
8522219.71,19904,0.173,4.899,5.072
8522220.06,19902,0.144,8.76,8.904
8522250.03,19903,0.145,4.37,4.514
8522255.73,19904,0.112,4.108,4.221
8522264.48,19902,0.242,4.019,4.261
8522278.14,19903,0.119,5.353,5.472
8522321.59,19904,0.171,4.173,4.344
8522331.95,19902,0.29,4.172,4.462
8522334.88,19903,0.136,5.374,5.51
8522336.49,19904,0.117,4.202,4.319
8522359.44,19902,0.157,7.143,7.301
8522375.26,19903,0.247,11.005,11.252
8522384.75,19904,0.161,5.2,5.361
8522402.68,19902,0.097,8.49,8.587
8522406.27,19903,0.241,4.329,4.57
8522419.44,19902,0.137,4.057,4.194
8522442.76,19904,0.299,10.261,10.56
8522443.93,19903,0.322,7.535,7.857
8522447.81,19902,1.073,4.913,5.985
8522483.46,19903,0.163,3.991,4.153
8522500.85,19904,0.334,4.377,4.711
8522578.91,19902,0.406,5.143,5.549
8522579.15,19903,0.169,4.757,4.926
8522593.2,19904,0.331,9.427,9.758
8522593.76,19902,0.126,7.931,8.057
8522613.28,19903,0.164,4.485,4.649
8522626.41,19904,0.172,4.186,4.357
8522637.55,19902,0.228,4.092,4.321
8522673.56,19903,0.76,8.148,8.908
8522685.82,19904,0.269,7.516,7.785
8522716.11,19902,0.17,4.375,4.545
8522724.19,19903,0.112,4.883,4.994
8522725.14,19904,0.215,4.11,4.325
8522734.79,19902,0.214,4.181,4.395
8522741.38,19903,0.123,4.022,4.145
8522745.57,19904,0.139,6.22,6.359
8522748.52,19902,0.117,6.337,6.454
8522759.37,19904,0.158,5.465,5.624
8522760.08,19903,0.212,7.564,7.776
8522770.49,19902,0.182,7.286,7.468
8522771.75,19904,0.088,4.625,4.712
8522773.61,19903,0.088,4.933,5.022
8522806.66,19902,1.041,5.43,6.471
8522828.05,19904,0.307,7.459,7.766
8522832.63,19903,0.224,4.295,4.519
8522855.68,19902,0.376,4.363,4.739
8522864.58,19904,0.166,4.317,4.483
8522872.59,19903,0.116,4.301,4.417
8522873.59,19902,0.725,4.274,4.998
8522901.41,19904,0.424,6.218,6.642
8522918.74,19903,0.16,6.724,6.883
8522936.42,19902,0.15,8.173,8.322
8522944.68,19904,0.135,7.429,7.564
8522950.78,19903,0.126,4.698,4.823
8522978.96,19902,0.288,4.44,4.728
8523087.05,19904,1.566,9.783,11.349
8523105.37,19903,0.168,4.553,4.721
8523147.29,19902,0.331,7.187,7.517
8523190.97,19904,0.185,8.678,8.863
8523191.76,19903,0.098,7.509,7.608
8523199.18,19902,0.216,4.595,4.811
8523257.98,19904,0.277,8.287,8.563
8523287.9,19903,0.158,4.2,4.358
8523303.07,19902,0.356,5.717,6.073
8523308.59,19904,0.191,4.477,4.668
8523398.99,19903,0.525,9.015,9.539
8523402.22,19902,0.25,8.863,9.113
8523410.27,19904,0.296,4.91,5.207
8523521.93,19903,0.398,4.376,4.774
8523578.47,19902,0.283,5.059,5.342
8523662.7,19904,0.376,4.757,5.133
8523683.93,19903,0.257,4.271,4.528
8523705.05,19902,0.393,4.186,4.579
8523725.66,19904,0.309,7.909,8.218
8523801.06,19903,0.56,10.034,10.595
8523805.33,19902,0.339,9.941,10.28
8523809.86,19904,1.168,7.483,8.65
8523953.71,19903,0.47,8.401,8.871
8524010.16,19902,0.324,4.173,4.497
8524013.09,19904,0.11,4.309,4.419
8524036.32,19902,0.256,5.554,5.81
8524041.97,19903,0.112,4.406,4.518
8524047.83,19904,0.11,4.425,4.535
8524053.13,19902,0.106,4.155,4.26
8524057.42,19903,0.111,4.096,4.207
8524071.07,19904,0.138,4.3,4.439
8524095.16,19902,0.121,8.608,8.728
8524097.97,19903,2.4,5.721,8.122
8524098.74,19904,0.21,4.49,4.7
8524104.37,19902,0.107,4.322,4.428
8524139.81,19903,0.256,4.439,4.695
8524176.17,19904,0.402,4.827,5.229
8524198.17,19902,0.496,8.904,9.4
8524199.14,19903,0.264,5.785,6.049
8524227.92,19904,0.203,4.413,4.616
8524231.28,19902,0.199,4.17,4.368
8524234.08,19904,0.099,5.165,5.264
8524237.22,19903,0.121,4.031,4.152
8524262.2,19902,0.191,4.701,4.892
8524267.25,19904,0.152,4.084,4.237
8524303.13,19903,0.137,4.368,4.506
8524322.47,19902,0.25,6.659,6.909
8524325.81,19904,0.154,6.844,6.999
8524330.32,19903,0.102,4.294,4.395
8524332.52,19902,0.187,4.202,4.389
8524367.16,19904,0.163,4.589,4.752
8524370.42,19903,0.096,4.017,4.113
8524395.64,19904,0.218,4.919,5.137
8524402.29,19902,0.171,4.646,4.817
8524408.47,19903,0.208,4.026,4.234
8524412.42,19904,0.142,4.196,4.339
8524414.09,19903,0.119,4.586,4.705
8524417.44,19904,0.224,4.19,4.414
8524419.35,19902,0.07,6.773,6.843
8524420.2,19903,0.096,4.067,4.162
8524435.04,19904,0.103,7.111,7.214
8524491.79,19902,0.391,11.726,12.116
8524506.3,19903,0.411,5.523,5.934
8524531.46,19904,0.257,4.04,4.297
8524555.74,19902,0.235,4.29,4.525
8524566.36,19903,0.212,5.063,5.274
8524598.65,19904,0.213,5.799,6.012
8524607.7,19902,0.145,4.098,4.243
8524612.66,19904,0.085,4.341,4.426
8524614.38,19903,0.112,6.475,6.587
8524638.82,19902,0.219,8.134,8.353
8524641.67,19904,0.269,9.839,10.108
8524642.86,19903,0.119,8.333,8.453
8524655.38,19904,0.11,4.254,4.364
8524655.46,19902,0.258,6.275,6.533
8524657.84,19903,0.057,4.632,4.689
8524673.02,19904,0.249,4.173,4.422
8524676.93,19902,0.089,5.673,5.762
8524720.66,19903,0.401,8.726,9.127
8524728.93,19904,0.136,5.007,5.143
8524730.69,19902,0.229,4.272,4.501
8524754.83,19903,0.183,4.192,4.375
8524757.37,19904,0.08,4.218,4.298
8524842.95,19902,0.236,4.245,4.481
8524894.26,19903,0.265,6.569,6.834
8524962.51,19904,0.272,5.417,5.689
8524966.35,19902,0.177,5.079,5.255
8524979.84,19904,0.16,4.34,4.499
8524984.16,19903,0.187,4.043,4.23
8525004.58,19902,0.227,4.558,4.785
8525014.52,19904,0.146,4.333,4.479
8525026.21,19903,0.211,5.987,6.199
8525035.05,19902,0.302,7.411,7.714
8525041.11,19904,0.266,6.731,6.997
8525076.41,19902,0.401,4.196,4.597
8525087.44,19903,0.218,6.022,6.24
8525123.64,19904,0.645,7.572,8.217
8525127.39,19902,0.285,7.192,7.477
8525149.93,19903,0.232,6.148,6.379
8525153.75,19904,0.096,4.076,4.172
8525158.05,19903,0.097,7.825,7.922
8525158.44,19902,0.071,6.291,6.361
8525158.56,19904,0.239,4.34,4.579
8525174.12,19903,0.124,4.464,4.588
8525186.56,19902,0.149,4.819,4.968
8525236.27,19904,0.222,4.098,4.321
8525246.44,19903,0.132,6.388,6.52
8525260.85,19902,0.368,4.087,4.454
8525330.46,19904,0.277,4.483,4.76
8525352.4,19903,0.373,8.67,9.042
8525495.29,19902,0.427,4.56,4.987
8525503.0,19904,0.141,4.139,4.28
8525619.36,19903,0.322,8.851,9.173
8525693.39,19902,0.762,13.321,14.083
8525710.68,19904,0.237,4.318,4.555
8525723.27,19903,0.218,4.923,5.141
8525774.71,19902,0.416,10.257,10.673
8525839.45,19904,0.492,10.486,10.979
8525854.87,19903,0.243,7.979,8.222
8525858.73,19902,0.156,6.489,6.645
8525899.37,19904,0.288,5.851,6.139
8525986.24,19903,0.234,5.369,5.603
8525995.56,19902,0.392,5.796,6.188
8525997.65,19904,0.188,5.385,5.573
8526017.15,19903,0.166,4.218,4.384
8526107.89,19902,0.335,5.127,5.463
8526247.53,19904,0.861,10.997,11.858
8526278.68,19903,0.158,4.398,4.556
8526390.8,19902,0.343,9.065,9.409
8526497.41,19904,0.292,9.597,9.888
8526531.96,19903,0.172,4.374,4.547
8526543.86,19902,0.315,4.395,4.71
8526553.57,19904,0.29,6.57,6.861
8526585.93,19903,0.262,9.78,10.042
8526719.92,19902,0.56,7.334,7.894
8526725.88,19904,0.156,6.052,6.208
8526746.78,19902,0.151,4.242,4.392
8526752.75,19903,0.121,4.037,4.159
8526777.79,19904,0.223,6.02,6.244
8526786.22,19902,0.227,5.764,5.991
8526853.09,19903,0.295,5.355,5.65
8526931.13,19904,0.289,4.448,4.737
8526935.42,19902,0.102,4.168,4.271
8527163.69,19904,0.202,4.385,4.587
8527177.17,19903,0.423,4.206,4.628
8527202.53,19902,0.325,9.497,9.822
8527314.84,19904,0.193,4.378,4.571
8527339.01,19903,0.199,4.412,4.612
8527401.9,19902,0.296,7.735,8.031
8527444.25,19904,0.321,9.528,9.849
8527512.78,19903,0.309,5.028,5.337
8527516.3,19902,0.146,5.673,5.819
8527518.87,19904,0.083,4.554,4.637
8527520.62,19903,0.087,4.165,4.252
8527548.31,19902,0.409,7.135,7.544
8527728.51,19904,0.184,4.468,4.652
8527782.02,19903,0.998,7.115,8.113
8527814.62,19902,0.185,4.284,4.47
8527951.58,19904,0.315,8.975,9.29
8527954.9,19903,0.291,7.399,7.69
8527958.81,19902,0.273,6.419,6.693
8527995.55,19904,0.314,4.236,4.55
8528011.35,19903,0.171,5.618,5.789
8528099.82,19902,0.356,6.573,6.929
8528115.1,19904,0.162,4.804,4.966
8528159.62,19903,0.257,4.29,4.547
8528196.6,19902,0.408,7.331,7.74
8528303.52,19904,0.243,10.083,10.326
8528423.62,19903,0.503,7.223,7.727
8528443.78,19902,0.665,8.823,9.489
8528514.06,19904,0.266,5.577,5.844
8528526.93,19903,0.285,6.72,7.006
8528542.48,19902,0.244,4.353,4.597
8528605.13,19904,0.384,10.822,11.206
8528616.01,19903,0.264,5.765,6.029
8528658.03,19902,0.188,4.975,5.163
8528685.12,19903,0.261,8.994,9.256
8528685.43,19904,0.443,12.333,12.776
8528691.49,19902,0.146,5.745,5.892
8528710.17,19903,0.135,4.565,4.7
8528741.44,19904,0.212,5.781,5.994
8528774.52,19902,0.29,9.013,9.303
8528793.54,19903,0.419,4.878,5.297
8528830.88,19904,0.343,8.962,9.305
8528857.44,19902,0.272,9.95,10.222
8528862.81,19903,0.196,9.551,9.747
8528863.96,19904,0.141,8.769,8.91
8528874.49,19902,0.116,4.884,5.0
8528877.54,19904,0.061,4.067,4.127
8528905.96,19902,0.267,4.131,4.399
8528974.99,19903,0.175,4.154,4.329
8529008.77,19904,0.465,12.52,12.985
8529013.95,19902,0.981,4.88,5.861
8529027.97,19903,0.239,4.2,4.439
8529033.02,19904,0.213,4.07,4.283
8529103.78,19902,0.457,6.118,6.575
8529106.85,19903,0.779,4.558,5.337
8529121.62,19902,0.117,4.023,4.141
8529129.4,19904,0.258,4.471,4.729
8529151.6,19903,0.232,7.461,7.693
8529192.5,19902,0.217,4.167,4.385
8529200.32,19904,0.185,6.538,6.723
8529211.39,19903,0.149,4.426,4.574
8529214.38,19902,0.11,4.99,5.099
8529215.81,19904,0.172,4.136,4.308
8529227.13,19903,0.109,5.323,5.432
8529238.8,19902,0.239,5.61,5.849
8529257.51,19904,0.316,7.334,7.65
8529263.75,19903,0.15,5.754,5.904
8529270.26,19902,0.088,4.262,4.35
8529282.77,19904,0.099,4.419,4.518
8529291.81,19903,0.087,4.208,4.295
8529308.65,19902,0.173,5.722,5.894
8529313.01,19904,0.138,8.59,8.728
8529313.99,19903,0.067,6.732,6.799
8529344.82,19902,0.26,6.3,6.56
8529363.05,19904,0.107,4.356,4.463
8529392.86,19903,0.298,7.809,8.107
8529404.11,19902,0.294,7.218,7.512
8529433.45,19904,0.174,4.187,4.361
8529452.86,19903,0.197,4.121,4.318
8529457.13,19902,0.156,4.079,4.234
8529473.06,19904,0.187,6.044,6.231
8529494.84,19903,0.278,8.79,9.068
8529522.43,19902,0.207,4.449,4.656
8529526.61,19904,0.205,4.902,5.107
8529537.16,19903,0.21,4.4,4.611
8529545.78,19902,0.185,4.202,4.386
8529556.7,19904,0.142,4.988,5.131
8529560.57,19903,1.389,4.363,5.752
8529560.88,19904,0.686,4.039,4.725
8529581.14,19902,0.289,8.744,9.034
8529581.77,19903,0.146,7.585,7.731
8529583.91,19904,0.054,6.093,6.147
8529593.62,19903,0.195,4.042,4.237
8529623.69,19902,0.25,4.638,4.888
8529629.96,19904,0.149,4.992,5.141
8529639.21,19903,0.281,6.109,6.39
8529655.98,19902,0.249,10.409,10.659
8529657.49,19904,0.129,7.306,7.435
8529696.44,19903,0.473,5.19,5.663
8529719.21,19902,0.474,8.636,9.11
8529725.9,19904,0.232,9.518,9.75
8529726.55,19903,1.796,8.335,10.132
8529756.41,19902,0.261,4.148,4.409
8529770.53,19904,0.238,4.864,5.102
8529776.07,19903,0.167,4.087,4.254
8529837.86,19902,0.242,4.498,4.74
8529855.27,19904,0.399,5.524,5.923
8529896.24,19903,0.339,11.943,12.281
8529900.51,19902,1.012,9.215,10.228
8529907.1,19904,0.151,8.864,9.014
8529980.79,19903,0.708,13.259,13.967
8529993.55,19902,0.181,4.527,4.708
8530004.2,19904,0.407,4.324,4.73
8530065.77,19903,0.254,6.203,6.457
8530084.38,19902,0.146,4.626,4.772
8530116.64,19904,0.281,7.635,7.916
8530123.85,19903,0.16,6.806,6.966
8530124.55,19902,0.102,4.279,4.381
8530127.73,19904,0.051,6.597,6.648
8530128.17,19903,2.314,4.202,6.516
8530144.86,19904,0.089,4.317,4.405
8530147.44,19902,0.152,7.545,7.697
8530163.25,19903,0.156,4.161,4.318
8530222.66,19904,0.267,5.13,5.396
8530237.81,19902,0.265,7.031,7.296
8530240.93,19903,0.098,6.961,7.059
8530242.6,19902,0.124,4.172,4.297
8530243.89,19904,1.047,5.606,6.653
8530284.96,19903,0.594,8.354,8.948
8530306.61,19902,0.193,4.304,4.497
8530337.02,19904,0.227,4.668,4.895
8530341.78,19903,0.147,4.341,4.488
8530345.53,19902,1.95,4.23,6.18
8530351.86,19903,0.099,4.625,4.724
8530366.06,19904,0.311,8.177,8.488
8530390.37,19902,0.162,4.886,5.048
8530395.35,19904,0.105,4.14,4.245
8530396.59,19903,0.096,5.982,6.078
8530405.74,19902,0.099,4.83,4.929
8530407.64,19904,0.231,4.701,4.932
8530409.55,19903,0.064,4.175,4.239
8530415.68,19902,0.097,4.086,4.183
8530444.42,19904,0.376,9.469,9.845
8530450.26,19903,0.324,7.855,8.178
8530480.67,19902,0.152,4.235,4.387
8530487.11,19904,0.093,4.163,4.255
8530488.71,19903,0.121,4.394,4.515
8530503.15,19902,0.441,4.314,4.755
8530530.34,19904,0.381,8.436,8.818
8530538.7,19903,0.413,6.521,6.934
8530547.35,19902,0.171,11.251,11.422
8530549.84,19904,0.103,10.327,10.43
8530550.51,19903,0.694,9.437,10.132
8530614.52,19902,0.541,9.157,9.697
8530622.22,19904,2.107,8.05,10.156
8530739.11,19903,0.295,4.308,4.603
8530791.66,19902,0.241,11.746,11.987
8530792.54,19904,0.135,10.256,10.392
8530795.58,19903,0.555,5.479,6.033
8530806.76,19902,0.179,4.154,4.333
8530846.61,19904,0.385,9.84,10.224
8530904.6,19903,0.345,5.033,5.379
8530960.85,19902,0.16,4.447,4.607
8531032.84,19904,0.314,7.667,7.981
8531043.21,19903,0.148,4.249,4.397
8531066.0,19902,0.198,4.648,4.846
8531258.94,19904,0.443,8.383,8.827
8531301.16,19903,0.241,4.806,5.047
8531313.92,19902,0.282,4.88,5.163
8531335.15,19904,0.424,5.048,5.472
8531369.32,19903,1.558,9.611,11.168
8531464.43,19902,0.368,4.411,4.779
8531495.2,19904,0.312,8.265,8.576
8531500.21,19903,0.295,6.792,7.087
8531579.36,19902,0.48,7.105,7.585
8531675.02,19904,0.72,8.919,9.639
8531714.3,19903,0.23,4.347,4.577
8531807.71,19902,0.25,4.365,4.616
8531824.07,19904,0.22,6.998,7.218
8531980.36,19903,0.234,4.153,4.387
8531991.8,19902,0.183,5.508,5.691
8532019.9,19904,0.892,6.537,7.428
8532039.79,19903,0.192,5.589,5.781
8532071.03,19902,0.23,4.266,4.495
8532142.91,19904,0.414,5.287,5.7
8532186.4,19903,0.313,5.625,5.938
8532201.53,19902,0.144,4.386,4.531
8532283.75,19904,0.182,4.164,4.346
8532384.43,19903,0.335,4.561,4.896
8532403.79,19902,0.31,9.045,9.355
8532418.14,19904,0.172,6.817,6.989
8532518.87,19903,0.201,5.218,5.419
8532576.25,19902,0.22,4.864,5.085
8532639.37,19904,0.226,6.869,7.095
8532654.34,19903,0.302,5.315,5.617
8532670.76,19902,0.235,8.113,8.348
8532672.63,19904,0.448,7.881,8.329
8532703.12,19903,0.292,5.609,5.901
8532708.88,19902,0.184,4.288,4.472
8532746.58,19904,0.301,5.52,5.821
8532765.1,19903,0.231,5.245,5.477
8532798.24,19902,0.294,6.956,7.25
8532808.21,19904,0.356,4.223,4.578
8532817.45,19903,0.201,6.697,6.898
8532822.57,19902,0.074,8.311,8.385
8532824.76,19903,0.202,4.831,5.034
8532825.76,19904,0.37,8.372,8.742
8532834.21,19902,0.172,4.759,4.931
8532882.99,19903,0.319,8.516,8.835
8532908.23,19904,1.027,8.562,9.589
8532908.82,19902,1.781,7.626,9.407
8532951.34,19903,0.166,5.328,5.494
8532963.09,19904,0.232,5.15,5.382
8532986.07,19902,0.321,8.691,9.012
8532988.97,19903,0.446,4.624,5.07
8532995.08,19904,0.197,4.391,4.589
8533030.47,19902,0.235,6.337,6.573
8533041.82,19904,0.123,4.491,4.614
8533042.76,19903,0.354,7.52,7.874
8533048.6,19904,1.39,6.586,7.976
8533051.78,19902,0.97,10.957,11.926
8533056.27,19903,1.664,13.011,14.675
8533084.98,19904,0.446,5.648,6.094
8533102.61,19902,0.234,4.308,4.543
8533125.27,19903,0.198,4.379,4.577
8533129.94,19904,0.2,4.292,4.491
8533176.53,19902,0.415,4.644,5.058
8533220.96,19903,0.557,5.171,5.729
8533241.58,19904,0.583,6.142,6.725
8533244.22,19902,0.743,7.051,7.795
8533247.8,19903,0.133,5.978,6.111
8533264.86,19904,0.25,4.146,4.397
8533301.18,19902,0.435,8.253,8.687
8533360.41,19903,0.466,10.165,10.631
8533363.97,19904,0.266,8.553,8.819
8533391.73,19902,0.273,6.187,6.46
8533395.05,19903,0.164,5.833,5.996
8533411.55,19904,0.242,8.201,8.442
8533411.78,19902,0.908,5.728,6.636
8533413.17,19903,0.082,4.108,4.19
8533417.55,19904,0.111,4.043,4.154
8533419.84,19902,0.085,4.224,4.309
8533439.52,19903,0.159,5.871,6.03
8533457.66,19904,0.424,7.347,7.771
8533466.69,19902,0.223,5.353,5.576
8533469.59,19903,0.972,6.451,7.423
8533477.05,19904,0.128,4.039,4.167
8533495.96,19902,0.23,4.513,4.743
8533545.88,19903,0.293,13.363,13.657
8533549.17,19904,1.072,12.036,13.107
8533549.76,19902,0.114,9.748,9.862
8533562.78,19903,0.113,4.295,4.408
8533618.69,19902,0.58,7.453,8.033
8533639.5,19904,0.15,4.258,4.407
8533673.36,19903,0.421,6.173,6.594
8533680.49,19902,0.161,6.085,6.246
8533689.82,19904,0.339,5.889,6.228
8533715.55,19903,0.168,4.026,4.194
8533724.38,19902,0.226,4.546,4.772
8533725.43,19904,0.125,4.284,4.409
8533730.78,19903,0.102,4.46,4.562
8533742.01,19902,0.174,4.035,4.209
8533743.51,19904,0.103,4.497,4.6
8533769.46,19903,0.241,7.734,7.975
8533791.51,19902,0.163,6.22,6.383
8533815.92,19904,0.201,4.17,4.371
8533816.33,19903,0.139,4.07,4.209
8533837.71,19902,0.233,6.804,7.037
8533850.82,19904,0.218,8.087,8.305
8533875.98,19903,0.233,5.575,5.808
8533921.66,19902,0.575,9.887,10.461
8533947.28,19904,2.383,4.056,6.439
8533956.24,19903,0.124,5.314,5.437
8533976.78,19902,0.27,5.044,5.314
8533992.96,19904,0.631,4.26,4.891
8534001.84,19903,0.151,4.554,4.705
8534007.39,19902,0.107,4.13,4.238
8534037.43,19904,0.165,4.327,4.492
8534060.64,19903,0.276,6.001,6.277
8534067.62,19902,0.209,7.646,7.855
8534094.41,19903,0.923,4.374,5.297
8534104.76,19904,0.234,8.478,8.712
8534106.05,19902,0.195,4.058,4.254
8534113.91,19903,0.328,4.261,4.589
8534117.35,19904,0.101,4.258,4.36
8534119.14,19902,0.213,4.411,4.624
8534123.84,19903,0.182,4.068,4.25
8534145.76,19904,0.25,4.043,4.292
8534160.3,19902,0.244,4.155,4.399
8534161.62,19903,0.082,4.266,4.348
8534189.33,19904,0.323,4.033,4.356
8534211.94,19902,0.21,4.272,4.482
8534249.19,19903,0.387,4.246,4.633
8534268.17,19904,0.31,4.141,4.451
8534286.79,19902,0.245,4.138,4.382
8534297.81,19903,0.215,5.591,5.805
8534300.41,19904,0.156,4.184,4.34
8534311.27,19902,0.133,4.259,4.392
8534331.42,19903,0.237,4.086,4.323
8534338.62,19904,0.151,4.193,4.344
8534364.8,19902,0.333,8.545,8.878
8534371.5,19903,0.209,5.987,6.196
8534376.45,19904,0.115,4.851,4.966
8534379.1,19903,0.225,4.804,5.029
8534419.14,19902,0.223,4.391,4.614
8534484.53,19904,0.267,5.16,5.427
8534502.01,19903,0.26,4.295,4.554
8534503.4,19902,0.128,4.449,4.577
8534533.24,19904,0.4,6.916,7.316
8534540.63,19903,0.265,6.204,6.469
8534588.03,19902,0.199,5.274,5.473
8534592.56,19904,1.372,5.288,6.661
8534599.16,19902,0.245,5.894,6.139
8534614.76,19903,0.244,6.386,6.63
8534639.74,19904,0.202,4.454,4.656
8534646.86,19902,0.226,4.453,4.679
8534735.99,19903,0.393,4.308,4.702
8534754.42,19904,0.433,7.479,7.912
8534763.63,19902,0.357,6.21,6.567
8534805.57,19903,0.159,4.182,4.341
8534879.54,19904,0.182,4.41,4.592
8534883.43,19902,0.114,4.253,4.367
8534894.68,19904,0.195,4.234,4.429
8534982.41,19903,0.328,4.187,4.514
8535010.26,19902,0.377,6.458,6.835
8535052.07,19904,0.232,4.032,4.264
8535068.52,19903,0.449,4.288,4.737
8535100.72,19902,0.288,8.995,9.284
8535111.22,19904,0.204,7.072,7.277
8535114.86,19903,0.123,6.68,6.803
8535190.05,19902,0.303,7.175,7.478
8535201.97,19904,0.237,7.064,7.301
8535286.23,19903,0.181,4.204,4.385
8535336.5,19902,0.203,4.714,4.917
8535367.94,19904,0.163,4.675,4.838
8535441.75,19903,0.167,4.013,4.181
8535659.66,19902,0.604,13.669,14.272
8535690.03,19904,0.156,6.756,6.912
8535727.32,19903,0.586,8.71,9.296
8535736.72,19902,0.277,6.398,6.675
8535823.21,19904,0.372,6.726,7.098
8535856.59,19903,0.321,4.071,4.392
8535861.14,19902,0.151,4.331,4.482
8535900.87,19904,0.397,10.273,10.67
8536243.08,19903,0.301,10.514,10.815
8536322.13,19902,0.269,9.325,9.594
8536414.88,19904,0.344,7.797,8.141
8536453.79,19903,0.208,6.749,6.957
8536457.4,19902,0.379,4.049,4.428
8536529.72,19903,0.163,4.27,4.432
8536602.37,19904,0.179,4.693,4.871
8536680.68,19902,0.181,4.92,5.102
8536692.1,19903,0.391,5.482,5.874
8536698.46,19904,0.127,4.262,4.389
8536717.21,19902,0.611,7.304,7.915
8536717.69,19903,0.191,6.253,6.443
8536729.87,19904,0.207,4.233,4.441
8536752.58,19903,0.144,4.0,4.144
8536781.63,19902,0.278,5.683,5.96
8536783.82,19904,0.132,4.854,4.987
8536794.71,19903,0.146,5.979,6.124
8536814.14,19902,0.469,9.585,10.054
8536837.62,19904,0.232,4.258,4.49
8536863.78,19903,0.444,4.516,4.96
8536887.66,19902,0.382,8.073,8.455
8536930.55,19904,0.289,4.446,4.734
8536934.06,19903,0.225,4.169,4.394
8536948.77,19904,0.336,4.542,4.879
8536951.38,19902,0.131,4.189,4.32
8536956.38,19904,0.163,4.349,4.512
8536960.89,19903,0.143,4.225,4.368
8536974.0,19902,0.249,4.2,4.45
8536987.29,19904,0.146,4.073,4.219
8536994.97,19903,0.097,5.177,5.275
8536998.28,19902,0.06,4.257,4.317
8537011.3,19903,0.141,4.319,4.46
8537095.93,19904,0.182,4.368,4.55
8537135.91,19902,0.624,14.13,14.754
8537151.22,19903,0.187,5.802,5.989
8537193.99,19904,0.305,7.629,7.934
8537203.24,19902,0.316,8.175,8.491
8537245.78,19903,0.194,4.597,4.791
8537251.3,19904,0.264,4.251,4.514
8537283.1,19902,0.544,10.619,11.163
8537301.55,19903,0.315,7.92,8.235
8537314.93,19904,0.209,4.265,4.474
8537338.29,19902,0.327,4.744,5.071
8537357.12,19903,0.254,8.249,8.503
8537386.65,19904,0.232,5.269,5.502
8537395.66,19902,0.209,4.172,4.381
8537400.38,19903,0.528,4.526,5.053
8537416.2,19904,0.212,4.151,4.363
8537470.03,19902,0.262,7.606,7.868
8537487.96,19903,0.114,4.16,4.274
8537502.92,19904,0.174,4.364,4.538
8537509.7,19902,0.139,4.242,4.381
8537550.6,19903,0.204,7.135,7.339
8537555.58,19904,0.148,5.292,5.441
8537573.12,19902,0.167,3.994,4.162
8537638.25,19903,0.276,8.6,8.877
8537638.84,19904,1.307,7.721,9.028
8537639.31,19902,1.822,7.297,9.119
8537643.88,19903,0.218,4.199,4.416
8537654.63,19902,0.071,6.445,6.516
8537654.75,19904,0.12,8.439,8.558
8537683.48,19903,0.549,5.586,6.135
8537707.13,19902,0.171,4.344,4.515
8537760.21,19904,0.209,11.776,11.985
8537761.48,19903,0.248,8.128,8.376
8537765.86,19902,0.186,7.17,7.356
8537784.13,19904,0.174,4.534,4.708
8537793.7,19903,0.121,4.128,4.248
8537853.78,19902,0.263,9.704,9.967
8537854.19,19904,0.257,8.73,8.987
8537863.6,19903,0.151,4.315,4.466
8537870.49,19902,0.064,9.207,9.271
8537870.63,19904,0.109,5.746,5.855
8537880.06,19903,0.101,4.262,4.363
8537904.91,19902,0.19,5.371,5.561
8537940.59,19904,0.288,13.097,13.385
8537946.26,19903,0.252,5.769,6.021
8537973.49,19904,0.351,4.331,4.682
8537981.47,19902,0.204,4.29,4.493
8538008.52,19903,1.278,6.712,7.99
8538022.81,19904,0.197,4.521,4.717
8538028.44,19902,0.215,4.422,4.636
8538039.46,19903,0.221,5.808,6.029
8538042.13,19904,0.11,4.579,4.688
8538062.46,19903,0.295,4.253,4.547
8538088.33,19902,0.313,8.454,8.767
8538117.2,19904,0.151,4.956,5.107
8538164.38,19903,0.618,9.466,10.084
8538234.0,19902,0.397,11.085,11.482
8538237.68,19904,0.311,10.993,11.304
8538242.65,19903,1.055,8.326,9.382
8538253.57,19902,0.154,6.107,6.262
8538316.57,19904,0.783,8.88,9.663
8538337.86,19903,1.84,10.673,12.513
8538340.8,19902,2.048,5.679,7.727
8538366.9,19904,0.283,4.499,4.783
8538374.54,19903,0.284,4.391,4.675
8538386.05,19902,0.136,4.736,4.872
8538411.56,19904,0.302,4.905,5.207
8538436.09,19903,0.283,5.106,5.389
8538457.44,19902,0.193,5.799,5.993
8538485.28,19904,0.591,8.756,9.347
8538498.29,19903,1.551,4.121,5.672
8538534.6,19902,0.365,5.656,6.022
8538587.7,19904,0.2,6.863,7.063
8538589.62,19903,0.075,6.105,6.18
8538600.9,19902,0.163,8.888,9.051
8538601.33,19904,0.098,7.327,7.424
8538609.74,19903,0.164,4.265,4.429
8538620.2,19902,0.177,4.788,4.965
8538624.24,19904,0.111,4.299,4.41
8538644.94,19902,0.34,7.496,7.836
8538650.28,19903,0.113,5.019,5.132
8538655.94,19904,0.093,4.388,4.481
8538682.56,19902,0.114,4.118,4.232
8538685.4,19903,0.098,4.37,4.468
8538728.77,19904,0.466,9.303,9.769
8538731.03,19902,1.28,14.662,15.942
8538745.67,19903,0.123,4.208,4.331
8538753.99,19904,0.112,4.817,4.93
8538755.39,19902,0.055,4.131,4.186
8538762.87,19903,0.134,4.701,4.835
8538768.9,19904,0.254,4.603,4.857
8538788.91,19902,0.275,5.316,5.592
8538808.61,19903,0.56,12.469,13.029
8538815.54,19904,0.262,4.203,4.465
8538834.23,19902,0.218,4.142,4.36
8538860.78,19903,0.512,4.5,5.011
8538867.19,19904,0.173,5.661,5.834
8538900.54,19902,2.385,7.273,9.658
8538924.81,19903,0.275,6.98,7.255
8538932.09,19904,0.289,4.317,4.606
8538965.98,19902,0.257,8.052,8.309
8538971.68,19903,0.195,4.532,4.727
8538994.48,19904,0.196,4.3,4.496
8539002.31,19902,0.208,4.688,4.896
8539004.34,19903,0.109,4.338,4.447
8539038.31,19904,0.587,9.889,10.476
8539049.46,19902,0.168,4.224,4.393
8539106.35,19903,0.432,9.899,10.332
8539109.63,19904,0.213,8.296,8.509
8539127.16,19902,1.589,8.979,10.568
8539129.34,19903,0.337,8.434,8.771
8539146.76,19904,0.128,4.783,4.911
8539150.79,19902,0.109,4.359,4.468
8539153.35,19904,0.242,4.043,4.285
8539155.84,19902,0.079,4.121,4.2
8539172.12,19903,0.128,4.034,4.162
8539180.13,19904,0.195,4.318,4.512
8539187.21,19902,0.121,4.287,4.408
8539191.48,19903,1.204,4.22,5.424
8539192.26,19902,0.077,4.037,4.114
8539203.94,19904,0.113,4.662,4.775
8539206.75,19903,0.077,4.103,4.18
8539224.7,19904,0.148,4.115,4.264
8539266.69,19902,0.227,5.07,5.297
8539291.67,19903,0.168,4.295,4.463
8539296.44,19904,0.108,4.081,4.19
8539310.54,19902,0.122,4.517,4.638
8539314.48,19903,0.188,4.206,4.393
8539315.64,19902,0.091,4.259,4.35
8539348.88,19903,0.17,6.341,6.511
8539349.46,19904,0.266,9.172,9.438
8539369.17,19902,0.126,3.999,4.125
8539411.96,19903,0.541,7.216,7.758
8539415.88,19904,0.253,5.089,5.342
8539424.67,19902,0.187,5.727,5.914
8539460.81,19903,0.287,4.548,4.835
8539465.12,19904,0.124,4.276,4.4
8539467.44,19903,0.23,4.155,4.385
8539491.13,19902,0.33,7.789,8.119
8539524.26,19904,0.17,4.473,4.643
8539526.81,19903,0.225,4.069,4.294
8539538.6,19904,0.35,4.422,4.773
8539549.55,19902,0.286,8.151,8.437
8539550.13,19903,0.088,6.954,7.042
8539556.66,19904,0.114,4.126,4.24
8539565.89,19902,0.171,4.496,4.667
8539592.12,19903,1.015,3.985,5.0
8539600.57,19904,0.096,8.16,8.256
8539627.44,19902,0.204,5.771,5.974
8539632.71,19903,0.154,4.356,4.51
8539652.23,19904,0.262,6.304,6.565
8539657.89,19902,0.142,7.255,7.397
8539660.6,19903,0.101,6.422,6.523
8539682.36,19904,0.18,3.899,4.079
8539686.76,19902,0.099,3.975,4.074
8539703.67,19903,0.405,5.11,5.515
8539753.09,19904,0.166,4.365,4.531
8539756.26,19902,0.1,4.018,4.118
8539768.29,19903,0.143,4.615,4.758
8539788.77,19904,0.268,6.96,7.228
8539791.83,19902,0.15,6.589,6.739
8539815.33,19903,0.175,4.906,5.082
8539824.23,19904,0.118,4.044,4.162
8539834.51,19902,0.163,4.017,4.18
8539867.0,19903,0.344,6.421,6.765
8539902.75,19904,0.251,9.365,9.616
8539907.16,19902,0.168,4.009,4.177
8539919.38,19903,0.148,3.983,4.132
8539923.07,19904,0.101,4.147,4.248
8539927.96,19903,0.273,4.351,4.624
8539947.71,19902,0.279,5.8,6.079
8539974.14,19904,0.476,12.697,13.173
8539974.8,19903,0.242,8.536,8.778
8539980.52,19902,1.084,5.506,6.59
8539984.46,19904,0.119,4.266,4.384
8540032.09,19903,0.378,7.611,7.989
8540035.49,19902,0.121,4.899,5.02
8540038.92,19904,0.219,5.065,5.284
8540040.75,19902,0.077,4.307,4.384
8540081.14,19903,0.223,4.128,4.351
8540097.08,19904,0.247,4.145,4.392
8540100.95,19902,0.197,4.073,4.27
8540127.78,19904,0.259,5.607,5.866
8540136.08,19903,0.126,7.032,7.158
8540139.08,19902,1.03,3.972,5.002
8540181.18,19904,0.192,4.456,4.648
8540213.93,19903,0.325,8.061,8.386
8540223.3,19902,0.902,12.154,13.056
8540224.09,19904,0.133,8.176,8.308
8540228.2,19903,0.077,3.935,4.012
8540274.8,19902,0.302,9.109,9.411
8540278.48,19904,0.258,7.304,7.563
8540281.08,19903,0.978,6.044,7.022
8540301.96,19902,0.25,4.086,4.337
8540307.21,19903,0.231,4.251,4.482
8540307.81,19904,1.009,7.686,8.695
8540321.26,19902,0.149,4.428,4.578
8540341.09,19903,0.205,4.298,4.503
8540359.3,19904,0.15,7.522,7.672
8540363.81,19902,0.194,6.499,6.693
8540371.69,19903,1.017,4.568,5.585
8540380.2,19902,0.129,8.264,8.394
8540380.55,19903,0.057,6.426,6.483
8540381.17,19904,0.093,11.072,11.165
8540403.37,19902,0.124,4.652,4.776
8540459.98,19903,0.253,7.378,7.631
8540469.87,19904,0.17,4.393,4.562
8540491.13,19902,0.15,6.685,6.835
8540544.37,19904,0.137,11.691,11.827
8540545.33,19903,0.327,12.93,13.256
8540550.74,19902,2.027,10.464,12.491
8540552.56,19904,2.329,8.05,10.38
8540553.55,19903,2.291,8.096,10.387
8540557.24,19902,9.31,4.55,13.86
8540560.84,19903,0.084,3.951,4.035
8540616.04,19904,0.283,7.133,7.417
8540636.14,19902,0.163,4.322,4.485
8540661.45,19903,0.232,4.193,4.426
8540670.57,19904,0.175,4.235,4.41
8540671.77,19902,0.145,4.251,4.396
8540698.04,19903,0.353,6.934,7.287
8540708.26,19904,0.301,7.846,8.148
8540714.65,19902,0.13,4.235,4.365
8540769.12,19903,0.589,8.874,9.463
8540804.64,19904,0.192,4.281,4.473
8540887.55,19902,0.223,4.183,4.406
8540909.54,19903,0.187,4.01,4.198
8541047.86,19904,0.247,4.284,4.531
8541136.8,19902,0.195,4.447,4.641
8541139.67,19903,0.099,5.344,5.443
8541162.19,19904,0.254,7.894,8.148
8541174.4,19902,0.285,6.09,6.375
8541253.79,19903,0.264,4.725,4.989
8541290.23,19904,1.094,5.835,6.929
8541294.86,19902,0.149,4.017,4.166
8541322.25,19903,0.403,6.662,7.065
8541403.66,19904,0.366,8.594,8.96
8541433.39,19902,0.241,4.969,5.209
8541453.98,19903,0.264,4.09,4.354
8541675.61,19904,0.622,15.858,16.479
8541691.41,19902,0.125,4.569,4.694
8541696.44,19903,0.108,4.084,4.193
8541698.83,19904,0.064,4.72,4.783
8541820.07,19902,0.285,4.681,4.966
8541849.14,19903,0.801,4.451,5.251
8542075.21,19904,0.454,8.729,9.184
8542082.22,19902,0.202,9.279,9.481
8542182.8,19903,0.348,10.271,10.619
8542188.15,19904,0.343,7.815,8.158
8542297.48,19902,0.44,4.088,4.528
8542329.48,19903,0.341,7.608,7.949
8542341.29,19904,0.269,4.314,4.582
8542357.19,19902,0.237,4.078,4.316
8542413.04,19903,1.434,13.58,15.014
8542574.84,19904,0.202,5.419,5.621
8542604.04,19902,0.267,4.94,5.206
8542622.31,19903,0.176,4.975,5.151
8542640.96,19904,0.461,6.436,6.897
8542665.9,19902,0.618,6.181,6.799
8542672.68,19903,0.238,4.234,4.472
8542740.68,19904,0.255,8.738,8.993
8542747.11,19902,0.191,4.809,5.001
8542913.55,19903,0.408,10.166,10.574
8542961.91,19904,0.214,5.17,5.383
8543045.96,19902,0.661,11.08,11.741
8543060.13,19903,0.206,5.118,5.324
8543069.75,19904,0.144,4.3,4.444
8543112.75,19902,0.439,8.542,8.981
8543171.84,19903,0.502,4.268,4.77
8543186.91,19904,0.304,5.781,6.085
8543227.29,19902,0.192,4.182,4.373
8543408.0,19903,0.199,4.313,4.513
8543480.88,19904,0.195,4.05,4.245
8543546.76,19903,0.247,9.281,9.527
8543547.84,19902,0.563,12.535,13.098
8543552.19,19904,0.171,4.088,4.259
8543622.56,19903,0.246,6.282,6.528
8543690.4,19902,0.288,5.389,5.677
8543728.5,19904,0.353,4.698,5.051
8543839.83,19903,0.483,8.446,8.928
8543858.96,19902,0.18,4.352,4.533
8543900.13,19904,0.327,6.15,6.477
8543925.3,19903,0.248,5.899,6.148
8543931.38,19902,0.182,5.699,5.881
8543985.48,19904,0.419,5.753,6.172
8544015.62,19903,1.157,4.965,6.122
8544033.48,19902,0.118,4.238,4.356
8544091.14,19904,2.127,4.905,7.033
8544174.01,19903,0.311,5.163,5.474
8544206.99,19902,0.352,4.592,4.944
8544275.56,19904,0.146,4.13,4.276
8544280.6,19903,0.232,4.422,4.654
8544337.95,19902,0.294,5.205,5.499
8544348.58,19904,0.24,4.336,4.576
8544358.9,19903,0.274,3.972,4.246
8544409.66,19902,0.506,9.584,10.09
8544440.47,19904,0.192,4.048,4.24
8544445.21,19903,0.159,4.095,4.254
8544487.06,19902,0.48,16.751,17.231
8544488.35,19904,0.267,13.783,14.05
8544505.0,19902,0.254,4.64,4.893
8544510.44,19903,1.224,10.161,11.385
8544515.84,19904,0.162,4.986,5.148
8544570.19,19902,0.26,6.264,6.524
8544573.56,19903,0.777,5.333,6.11
8544592.18,19904,0.277,8.23,8.507
8544595.04,19902,0.546,7.814,8.36
8544606.43,19903,0.294,4.494,4.788
8544617.17,19904,0.179,4.528,4.707
8544627.97,19902,0.971,4.392,5.363
8544635.53,19903,0.153,4.609,4.762
8544647.99,19904,0.321,4.852,5.173
8544686.22,19902,0.687,4.345,5.031
8544698.79,19903,0.351,5.13,5.481
8544714.39,19904,0.268,4.313,4.58
8544730.04,19902,0.252,4.307,4.559
8544733.72,19903,0.319,5.05,5.369
8544757.82,19904,0.417,4.434,4.851
8544768.23,19902,0.203,5.416,5.619
8544780.97,19903,0.283,4.529,4.812
8544796.56,19904,0.41,5.53,5.941
8544819.71,19902,0.3,4.799,5.099
8544858.52,19903,0.381,4.511,4.891
8544873.86,19904,0.264,5.101,5.365
8544898.67,19902,0.202,4.296,4.497
8544910.31,19903,0.263,4.345,4.608
8544919.73,19904,0.336,4.449,4.785
8544928.35,19902,0.554,5.288,5.843
8544931.86,19903,0.439,5.134,5.573
8544958.08,19904,0.905,4.687,5.593
8544986.45,19902,0.543,4.267,4.81
8545004.59,19903,0.176,4.53,4.706
8545007.53,19904,0.179,4.302,4.481
8545027.59,19903,0.241,7.642,7.884
8545034.73,19902,0.159,4.405,4.564
8545047.94,19904,0.239,4.093,4.332
8545057.21,19903,0.247,4.307,4.554
8545059.16,19902,0.108,4.132,4.24
8545080.25,19904,0.242,5.449,5.691
8545093.71,19903,0.158,6.311,6.469
8545100.6,19902,0.132,4.323,4.454
8545118.9,19904,0.129,4.315,4.444
8545136.79,19903,0.227,4.235,4.462
8545154.01,19902,0.235,7.108,7.344
8545159.77,19904,0.622,5.367,5.989
8545185.53,19903,0.219,4.271,4.49
8545279.08,19902,0.169,4.448,4.617
8545284.19,19904,0.229,4.895,5.124
8545289.81,19903,0.256,4.528,4.784
8545319.26,19902,0.286,7.425,7.711
8545335.03,19904,0.314,6.859,7.172
8545373.22,19903,0.188,5.249,5.437
8545374.0,19902,0.221,4.351,4.571
8545380.7,19904,0.188,4.211,4.399
8545382.95,19903,0.124,4.703,4.827
8545388.19,19902,0.202,5.286,5.488
8545408.19,19903,0.21,5.13,5.34
8545425.34,19904,0.474,4.573,5.046
8545444.87,19903,0.13,5.071,5.201
8545445.6,19902,0.4,7.182,7.582
8545448.56,19904,0.924,5.466,6.39
8545466.49,19903,0.223,5.961,6.185
8545549.36,19902,0.263,4.729,4.993
8545563.39,19904,0.197,5.346,5.543
8545583.27,19903,0.18,4.208,4.388
8545590.57,19902,0.104,4.354,4.458
8545611.61,19904,0.349,5.106,5.455
8545618.49,19903,0.168,4.165,4.333
8545626.21,19902,0.182,4.35,4.532
8545648.91,19904,0.264,6.604,6.868
8545652.35,19903,1.077,4.192,5.269
8545664.99,19904,1.467,4.809,6.276
8545676.02,19902,1.126,4.668,5.794
8545714.35,19903,0.196,9.681,9.877
8545715.99,19902,0.644,4.629,5.272
8545716.83,19904,0.14,8.598,8.738
8545719.97,19903,0.439,5.48,5.919
8545724.04,19902,0.112,4.515,4.627
8545732.97,19903,0.806,7.111,7.917
8545737.81,19904,0.135,4.307,4.442
8545752.64,19902,0.137,4.238,4.375
8545781.72,19903,0.344,4.336,4.68
8545802.47,19904,0.208,7.963,8.171
8545809.24,19902,0.207,4.977,5.184
8545811.94,19903,0.105,5.694,5.799
8545837.78,19904,0.328,4.588,4.916
8545873.69,19902,0.336,6.262,6.599
8545878.9,19903,0.167,5.465,5.632
8545900.49,19902,0.189,4.248,4.437
8545912.31,19904,0.195,6.162,6.357
8545926.0,19903,0.14,5.448,5.588
8545954.28,19902,0.201,5.247,5.448
8545958.56,19904,0.165,4.291,4.456
8545972.26,19902,1.67,4.024,5.694
8545983.52,19903,0.232,4.278,4.509
8545994.85,19904,0.161,4.229,4.39
8545999.06,19902,0.1,4.2,4.3
8546000.63,19904,0.1,4.323,4.423
8546004.93,19903,0.119,4.069,4.188
8546011.77,19902,0.182,4.84,5.022
8546056.84,19904,0.472,10.097,10.569
8546058.06,19902,2.809,7.89,10.699
8546058.68,19903,2.237,9.54,11.777
8546066.76,19904,0.123,4.087,4.21
8546069.37,19902,0.077,4.196,4.273
8546072.69,19904,0.06,3.912,3.971
8546080.83,19903,0.078,6.1,6.178
8546109.77,19902,0.506,6.681,7.187
8546112.95,19904,0.168,7.457,7.625
8546116.47,19903,0.193,6.246,6.439
8546121.09,19902,0.14,5.271,5.411
8546147.4,19903,0.187,5.091,5.279
8546152.7,19904,0.139,4.084,4.223
8546192.09,19902,0.461,7.468,7.929
8546230.99,19903,0.17,5.215,5.386
8546240.12,19904,0.147,3.99,4.137
8546245.72,19902,0.265,4.713,4.978
8546250.5,19903,0.124,4.61,4.735
8546292.63,19904,0.673,15.257,15.929
8546299.15,19902,0.216,8.915,9.131
8546316.02,19903,0.273,4.454,4.727
8546328.3,19904,0.214,4.34,4.554
8546335.17,19902,0.1,4.369,4.47
8546360.33,19903,0.246,4.895,5.141
8546412.59,19904,0.361,4.031,4.392
8546418.73,19902,0.147,4.2,4.347
8546438.17,19903,0.152,6.068,6.22
8546446.21,19902,0.236,7.188,7.424
8546446.57,19904,0.516,7.941,8.457
8546491.74,19903,0.187,5.17,5.358
8546501.14,19902,0.173,4.443,4.616
8546509.53,19904,0.198,5.807,6.005
8546514.41,19903,0.41,5.096,5.505
8546550.56,19904,0.204,4.241,4.444
8546553.87,19902,0.099,4.312,4.41
8546564.33,19904,2.327,8.231,10.557
8546565.03,19903,1.472,6.897,8.368
8546577.57,19902,0.238,4.468,4.706
8546585.51,19904,0.161,4.333,4.495
8546596.85,19903,0.174,4.69,4.864
8546605.57,19902,0.207,4.412,4.619
8546650.31,19904,0.171,4.756,4.927
8546655.63,19903,0.165,4.512,4.677
8546660.05,19902,0.196,5.579,5.775
8546671.49,19903,0.267,5.863,6.13
8546684.82,19904,0.139,9.259,9.398
8546690.49,19902,0.223,8.147,8.37
8546706.78,19903,0.336,9.853,10.188
8546745.56,19904,0.194,5.693,5.887
8546826.33,19902,0.287,4.389,4.676
8546993.11,19903,3.158,8.968,12.126
8547108.09,19904,0.558,10.441,10.999
8547153.58,19902,0.218,4.3,4.518
8547205.54,19903,0.298,12.676,12.974
8547300.61,19904,0.776,6.7,7.476
8547364.15,19902,0.242,13.173,13.416
8547419.09,19903,0.164,8.24,8.404
8547470.8,19904,0.146,17.549,17.695
8547473.61,19902,0.13,14.083,14.213
8547503.55,19903,0.161,8.947,9.108
8547517.38,19904,1.751,4.801,6.552
8547563.99,19902,0.14,4.316,4.456
8547727.63,19903,0.415,8.692,9.107
8547867.26,19904,0.419,18.604,19.023
8547872.77,19902,0.515,11.958,12.473
8547876.43,19903,1.813,5.29,7.103
8547887.81,19904,0.196,6.117,6.313
8547936.7,19902,1.102,11.207,12.308
8547962.45,19903,0.152,7.223,7.375
8547966.81,19904,0.088,5.755,5.843
8548045.99,19902,0.357,3.997,4.354
8548091.09,19903,0.604,7.773,8.377
8548126.52,19904,2.403,15.946,18.349
8548173.33,19902,0.488,9.482,9.969
8548191.78,19903,0.212,8.424,8.635
8548220.17,19904,0.317,6.744,7.062
8548224.63,19902,0.123,5.796,5.919
8548255.66,19903,0.4,9.37,9.77
8548296.93,19904,0.154,6.954,7.108
8548564.29,19902,0.291,5.771,6.062
8548572.6,19903,0.177,4.913,5.09
8548608.62,19904,1.129,4.823,5.952
8548613.06,19902,0.162,4.09,4.252
8548784.36,19903,0.877,9.948,10.824
8548863.09,19904,0.378,8.707,9.085
8548930.91,19902,0.301,7.493,7.794
8548957.61,19903,0.707,10.531,11.238
8549041.19,19904,0.489,13.33,13.819
8549060.46,19902,0.19,6.5,6.69
8549190.58,19903,0.575,10.291,10.865
8549254.8,19904,0.318,5.377,5.695
8549282.32,19902,0.341,10.337,10.679
8549310.62,19903,0.17,8.354,8.524
8549348.93,19904,0.557,6.14,6.697
8549423.15,19902,0.18,4.469,4.649
8549431.61,19903,0.317,6.082,6.399
8549435.47,19904,0.103,4.796,4.898
8549494.11,19902,2.396,11.921,14.318
8549496.51,19903,0.091,8.364,8.455
8549623.29,19904,0.548,11.293,11.842
8549644.41,19902,0.236,6.75,6.986
8549666.81,19903,0.3,4.743,5.044
8549668.73,19904,0.131,4.33,4.461
8549720.83,19902,0.547,10.86,11.407
8549856.77,19903,0.228,4.23,4.457
8549873.9,19904,0.206,6.49,6.696
8549973.42,19902,0.324,11.412,11.736
8550055.87,19903,1.264,11.442,12.706
8550061.35,19904,0.216,6.484,6.699
8550104.58,19902,0.399,8.868,9.267
8550214.47,19903,0.844,11.729,12.573
8550217.75,19904,0.521,11.078,11.599
8550308.14,19902,0.763,13.264,14.027
8550372.33,19903,0.29,10.391,10.682
8550443.01,19904,0.233,6.127,6.361
8550460.93,19902,0.199,6.276,6.475
8550486.35,19903,0.279,4.373,4.652
8550515.36,19904,0.164,5.247,5.412
8550516.68,19902,0.106,4.126,4.232
8550538.32,19903,0.198,5.428,5.626
8550555.96,19904,0.149,7.735,7.884
8550586.61,19902,0.192,4.468,4.66
8550650.56,19903,0.253,4.566,4.818
8550803.75,19904,0.269,5.215,5.484
8550874.59,19902,0.364,5.42,5.784
8550891.27,19903,0.258,8.635,8.893
8550954.86,19904,0.48,9.166,9.646
8550979.87,19902,0.275,13.202,13.478
8551020.98,19903,0.313,6.437,6.75
8551035.6,19904,0.3,6.181,6.48
8551039.58,19902,0.351,4.971,5.323
8551183.81,19903,0.297,4.367,4.664
8551212.41,19904,0.351,5.637,5.987
8551337.13,19902,0.238,4.977,5.215
8551410.49,19903,0.864,6.399,7.263
8551452.09,19904,0.92,5.21,6.129
8551580.28,19902,0.238,5.223,5.461
8551628.75,19903,0.214,4.38,4.594
8551671.79,19904,0.627,7.075,7.703
8551699.06,19902,0.427,5.167,5.595
8551801.58,19903,0.273,4.07,4.343
8551811.6,19904,0.285,4.355,4.64
8551891.57,19902,0.262,4.19,4.451
8551922.61,19903,0.462,8.844,9.306
8551926.27,19904,0.412,8.698,9.11
8551952.06,19902,0.394,9.009,9.403
8551955.88,19903,0.585,8.343,8.927
8551970.46,19904,0.179,4.05,4.228
8551983.18,19902,0.382,4.075,4.457
8552040.25,19903,0.349,12.747,13.095
8552052.99,19904,0.313,4.616,4.928
8552123.9,19903,0.18,10.097,10.277
8552127.66,19902,0.361,14.478,14.84
8552136.32,19904,0.213,5.975,6.188
8552149.65,19903,0.167,4.162,4.328
8552218.03,19902,0.267,4.808,5.075
8552243.14,19904,0.178,4.553,4.731
8552354.0,19903,0.326,8.218,8.544
8552354.28,19902,0.218,7.716,7.934
8552376.94,19904,0.158,4.472,4.63
8552464.61,19903,0.204,4.082,4.286
8552476.05,19902,0.11,7.815,7.925
8552576.4,19904,0.341,8.497,8.838
8552662.94,19903,0.249,8.537,8.786
8552708.22,19902,0.176,4.325,4.5
8552713.04,19904,0.101,4.855,4.956
8552839.5,19902,0.333,12.69,13.023
8553091.13,19903,0.186,6.69,6.876
8553093.18,19904,0.1,4.208,4.308
8553159.82,19902,0.337,7.606,7.943
8553163.37,19903,0.18,8.124,8.304
8553176.05,19904,0.123,5.191,5.314
8553246.73,19902,0.324,9.507,9.832
8553260.25,19903,0.191,4.961,5.153
8553276.75,19904,0.168,4.132,4.3
8553279.8,19902,0.1,4.174,4.274
8553298.81,19904,0.395,5.736,6.132
8553317.88,19903,0.169,8.104,8.273
8553339.86,19902,0.19,4.438,4.628
8553350.6,19904,0.145,6.73,6.875
8553351.22,19903,0.102,4.978,5.081
8553356.48,19902,0.111,4.218,4.328
8553365.18,19904,0.278,3.987,4.265
8553372.49,19903,0.098,6.03,6.128
8553373.38,19902,0.073,5.088,5.161
8553381.95,19903,0.085,4.696,4.782
8553382.63,19904,0.154,5.547,5.701
8553384.93,19902,0.068,4.006,4.074
8553388.85,19903,0.102,4.781,4.884
8553415.46,19902,0.236,4.245,4.48
8553436.11,19904,0.289,4.723,5.011
8553489.68,19903,0.27,6.264,6.535
8553512.91,19902,0.325,5.146,5.471
8553522.95,19904,0.233,4.962,5.195
8553564.69,19903,0.397,9.762,10.159
8553577.95,19902,0.238,4.221,4.46
8553592.92,19904,0.864,4.024,4.888
8553605.41,19903,0.122,4.19,4.312
8553623.2,19902,0.751,6.689,7.44
8553631.9,19904,0.257,6.02,6.277
8553655.95,19903,0.137,4.159,4.296
8553715.87,19902,0.549,12.4,12.949
8553724.04,19904,0.17,6.246,6.416
8553768.58,19903,0.213,8.044,8.257
8553777.05,19902,0.441,6.702,7.142
8553802.76,19904,0.285,7.358,7.644
8553805.33,19903,0.704,6.185,6.889
8553822.41,19902,0.198,4.11,4.308
8553829.26,19904,0.204,4.239,4.442
8553852.87,19903,0.306,5.321,5.626
8553880.45,19902,0.213,4.113,4.327
8553916.22,19904,0.347,6.562,6.909
8553933.9,19903,0.36,5.13,5.49
8553952.4,19902,0.232,10.882,11.113
8554029.62,19904,0.444,8.669,9.113
8554041.71,19903,0.204,4.417,4.621
8554048.71,19902,0.255,4.331,4.586
8554063.46,19904,0.163,4.038,4.201
8554092.96,19903,0.276,4.784,5.06
8554157.12,19902,0.292,4.816,5.108
8554200.16,19904,0.246,20.394,20.641
8554201.39,19903,0.25,19.951,20.201
8554204.98,19902,0.189,5.855,6.044
8554226.73,19904,0.125,4.206,4.331
8554242.07,19903,0.342,4.227,4.57
8554258.1,19902,0.16,7.595,7.755
8554264.53,19904,0.845,5.994,6.838
8554266.97,19903,0.162,7.037,7.199
8554268.86,19902,0.075,5.053,5.127
8554276.11,19904,0.233,6.128,6.36
8554294.27,19903,0.12,4.074,4.193
8554303.69,19902,0.119,4.074,4.193
8554304.6,19904,0.089,4.13,4.219
8554347.11,19903,0.337,7.392,7.729
8554356.34,19902,1.527,4.174,5.701
8554360.8,19904,0.113,4.247,4.36
8554382.51,19903,0.201,4.062,4.262
8554387.95,19902,0.104,4.174,4.278
8554392.66,19904,0.172,4.871,5.042
8554400.64,19902,0.142,5.117,5.26
8554408.51,19903,0.262,4.356,4.618
8554415.92,19904,0.74,4.449,5.188
8554443.52,19902,0.373,4.203,4.576
8554463.1,19903,0.43,4.248,4.678
8554468.05,19904,0.13,4.776,4.907
8554474.57,19903,0.569,4.239,4.807
8554481.9,19902,0.264,4.335,4.599
8554487.24,19904,0.219,4.142,4.36
8554496.57,19903,0.26,4.348,4.608
8554519.7,19902,0.331,4.391,4.723
8554532.72,19904,0.265,4.278,4.543
8554582.12,19903,0.366,7.787,8.153
8554597.66,19902,1.102,9.341,10.443
8554598.67,19904,0.366,6.016,6.383
8554606.45,19904,1.316,4.213,5.529
8554607.82,19903,0.29,8.065,8.354
8554629.1,19902,0.328,4.388,4.716
8554634.21,19904,0.132,4.588,4.72
8554651.54,19902,0.402,4.168,4.57
8554719.38,19903,0.485,9.567,10.052
8554720.05,19904,0.252,8.453,8.705
8554728.26,19902,0.151,5.555,5.706
8554730.55,19903,0.256,6.216,6.472
8554748.19,19904,0.105,6.555,6.66
8554750.28,19902,0.094,5.348,5.442
8554778.27,19903,0.157,6.574,6.731
8554788.26,19904,0.192,6.086,6.278
8554826.5,19903,0.711,6.275,6.987
8554826.75,19902,0.231,8.981,9.212
8554827.04,19904,1.37,5.896,7.265
8554841.28,19902,0.234,4.136,4.37
8554847.55,19903,0.183,4.251,4.434
8554863.45,19904,0.299,4.692,4.991
8554874.68,19902,0.382,4.299,4.681
8554886.5,19903,0.225,4.452,4.677
8554923.28,19904,0.249,4.271,4.52
8554925.67,19902,0.191,4.389,4.58
8554936.62,19903,0.171,5.042,5.213
8554954.22,19904,0.184,5.625,5.808
8554955.7,19902,0.223,5.269,5.492
8554961.41,19903,0.139,4.587,4.726
8554987.33,19904,0.125,6.123,6.248
8555014.35,19902,0.237,4.202,4.439
8555020.16,19903,0.135,4.597,4.732
8555022.6,19904,0.108,4.241,4.348
8555043.13,19902,0.417,11.681,12.098
8555054.8,19903,0.173,4.473,4.646
8555060.86,19904,0.117,4.19,4.307
8555065.42,19902,0.08,4.37,4.45
8555084.47,19903,0.149,4.182,4.331
8555091.63,19904,0.273,5.08,5.353
8555101.66,19902,0.185,6.029,6.214
8555123.32,19903,0.385,7.74,8.125
8555134.35,19904,0.158,4.096,4.254
8555147.2,19902,0.173,4.965,5.138
8555173.47,19903,0.263,5.563,5.826
8555174.84,19904,0.134,5.167,5.301
8555214.68,19902,0.197,4.745,4.942
8555226.6,19903,0.134,4.102,4.236
8555271.49,19904,0.415,10.09,10.505
8555305.84,19902,0.178,4.208,4.386
8555312.67,19903,0.19,5.194,5.383
8555333.65,19904,0.416,6.476,6.892
8555353.32,19902,0.396,5.647,6.043
8555357.91,19902,1.87,4.448,6.318
8555361.83,19903,2.031,8.727,10.758
8555364.41,19904,0.105,6.307,6.412
8555419.35,19902,0.55,6.404,6.954
8555441.71,19903,1.282,7.122,8.404
8555462.4,19904,0.157,4.322,4.479
8555466.91,19902,0.079,7.961,8.04
8555469.39,19903,0.094,6.363,6.458
8555506.85,19904,0.719,8.707,9.426
8555514.58,19902,0.227,8.156,8.383
8555522.5,19904,0.209,4.514,4.723
8555545.81,19902,0.065,4.267,4.332
8555546.11,19903,0.198,4.701,4.899
8555609.88,19904,0.358,8.541,8.898
8555621.77,19902,0.146,4.418,4.564
8555637.17,19903,0.376,6.411,6.787
8555736.04,19904,0.349,6.789,7.138
8555771.85,19902,0.823,7.474,8.297
8555789.82,19903,0.167,4.562,4.729
8555849.99,19904,1.043,5.274,6.317
8556018.67,19902,0.241,4.935,5.176
8556054.98,19903,0.25,6.231,6.481
8556064.67,19904,0.197,4.881,5.078
8556070.55,19902,0.106,4.864,4.97
8556090.83,19904,0.117,4.122,4.239
8556090.96,19903,0.175,9.621,9.796
8556093.39,19902,0.053,5.275,5.328
8556103.85,19904,0.098,6.043,6.142
8556120.18,19903,0.27,4.133,4.403
8556199.12,19902,0.171,4.139,4.31
8556205.49,19904,0.297,4.32,4.617
8556228.35,19903,0.26,5.178,5.438
8556301.99,19902,0.262,5.199,5.461
8556304.88,19904,0.238,4.41,4.647
8556353.01,19903,0.345,3.967,4.312
8556378.56,19902,0.299,7.922,8.22
8556434.52,19904,0.148,4.236,4.384
8556509.14,19903,0.188,5.757,5.945
8556570.59,19902,0.313,7.192,7.505
8556728.41,19904,0.33,8.619,8.949
8556745.83,19903,0.232,7.945,8.177
8556767.65,19902,0.269,4.278,4.547
8556772.73,19904,0.113,4.242,4.354
8556806.76,19903,0.874,6.547,7.422
8556838.48,19902,0.189,5.682,5.871
8556874.34,19904,0.254,5.299,5.553
8556877.57,19903,0.252,5.215,5.467
8556879.67,19902,0.123,4.19,4.313
8556906.59,19904,0.165,4.222,4.387
8556913.26,19903,0.114,4.829,4.943
8556916.02,19902,0.107,4.281,4.388
8556918.88,19904,0.076,5.316,5.392
8556958.81,19903,0.377,9.208,9.585
8556964.28,19902,0.239,7.786,8.025
8557002.09,19904,0.224,4.216,4.44
8557014.38,19903,0.28,4.493,4.773
8557053.65,19902,0.281,6.49,6.771
8557071.73,19904,0.151,4.019,4.17
8557086.64,19903,0.256,5.033,5.289
8557132.2,19902,0.525,8.514,9.039
8557145.92,19904,0.193,4.711,4.905
8557148.89,19903,1.071,6.556,7.627
8557182.94,19902,0.4,9.054,9.454
8557195.41,19904,0.193,9.557,9.75
8557220.86,19903,0.235,4.536,4.771
8557225.17,19902,1.093,4.121,5.214
8557294.95,19904,0.289,12.299,12.588
8557298.6,19903,0.12,4.066,4.186
8557318.98,19904,0.154,5.707,5.861
8557321.75,19902,0.078,4.159,4.237
8557346.97,19903,0.336,7.363,7.699
8557356.92,19904,0.163,9.096,9.26
8557356.98,19902,0.093,6.63,6.722
8557365.77,19903,0.279,4.887,5.165
8557395.49,19904,0.118,4.288,4.406
8557418.35,19902,0.226,7.915,8.14
8557458.9,19903,0.375,5.356,5.732
8557487.79,19904,0.195,5.117,5.312
8557520.06,19902,0.327,12.09,12.416
8557524.58,19903,1.981,9.107,11.088
8557531.5,19904,0.148,6.641,6.789
8557538.33,19902,0.117,4.589,4.706
8557555.3,19903,0.14,4.008,4.147
8557602.71,19904,0.322,9.896,10.218
8557610.93,19902,0.317,13.03,13.347
8557611.93,19903,0.149,11.477,11.625
8557614.3,19904,3.149,9.082,12.231
8557618.97,19902,0.3,7.906,8.206
8557620.0,19903,1.454,6.912,8.366
8557626.45,19904,0.1,5.255,5.355
8557662.4,19902,0.258,6.877,7.134
8557686.22,19903,0.487,7.465,7.952
8557699.93,19904,0.18,6.073,6.253
8557713.56,19902,0.114,4.508,4.622
8557742.52,19903,0.222,8.46,8.682
8557764.41,19904,0.489,5.999,6.488
8557775.24,19902,0.285,5.775,6.059
8557791.7,19903,0.15,4.621,4.771
8557795.48,19904,0.098,4.269,4.367
8557821.02,19903,0.367,5.337,5.704
8557823.67,19902,0.176,4.796,4.971
8557828.98,19903,0.183,4.156,4.339
8557835.89,19904,0.113,8.812,8.925
8557836.34,19902,0.079,6.52,6.599
8557840.46,19903,0.178,4.285,4.464
8557872.59,19902,0.191,4.218,4.409
8557887.48,19904,0.169,4.478,4.647
8557919.42,19903,0.575,6.993,7.568
8557921.65,19902,0.24,5.4,5.64
8557929.61,19904,0.163,5.677,5.84
8557934.0,19903,0.788,4.16,4.948
8557938.67,19902,0.102,4.164,4.266
8557963.23,19904,0.158,4.234,4.391
8557978.71,19903,0.178,5.091,5.269
8558003.36,19902,0.369,10.039,10.408
8558007.99,19904,1.538,4.394,5.932
8558035.71,19903,0.259,4.887,5.146
8558041.32,19902,0.13,4.219,4.349
8558051.66,19904,0.233,4.257,4.491
8558070.44,19903,0.393,6.268,6.66
8558075.87,19902,0.255,4.395,4.65
8558092.0,19904,0.263,4.555,4.819
8558115.92,19903,0.223,4.322,4.545
8558162.44,19902,6.095,7.08,13.175
8558172.32,19904,0.182,4.524,4.706
8558227.17,19903,0.751,10.253,11.005
8558245.24,19902,0.363,5.122,5.485
8558284.84,19904,0.297,4.372,4.669
8558320.41,19903,0.333,10.166,10.5
8558326.87,19903,1.929,6.02,7.949
8558332.25,19904,2.189,9.074,11.263
8558332.72,19902,0.345,15.286,15.631
8558349.93,19903,0.173,4.181,4.354
8558356.54,19904,0.172,4.105,4.277
8558386.04,19903,0.29,8.939,9.229
8558386.11,19902,0.571,9.964,10.535
8558393.15,19904,0.214,6.377,6.591
8558399.06,19902,0.157,8.438,8.595
8558399.81,19903,0.089,6.355,6.444
8558421.49,19904,0.218,4.202,4.42
8558426.52,19902,0.101,4.135,4.236
8558441.88,19903,0.193,4.327,4.52
8558450.75,19904,0.26,4.72,4.981
8558479.87,19902,0.506,13.392,13.898
8558515.9,19903,0.314,4.244,4.558
8558534.26,19904,0.25,5.424,5.675
8558559.21,19902,0.176,4.643,4.819
8558586.47,19903,0.134,4.121,4.256
8558604.13,19904,0.41,5.901,6.311
8558617.41,19902,0.166,7.904,8.069
8558623.08,19903,0.178,7.411,7.588
8558661.22,19904,0.251,4.157,4.408
8558665.55,19902,0.223,4.255,4.478
8558696.16,19904,0.495,5.94,6.435
8558704.88,19903,0.333,4.988,5.321
8558726.32,19902,0.173,4.218,4.392
8558735.65,19904,0.097,4.29,4.388
8558749.78,19903,0.117,4.184,4.301
8558773.52,19902,0.273,8.366,8.638
8558810.52,19904,0.281,4.493,4.774
8558823.62,19903,0.165,4.113,4.279
8558941.41,19902,0.328,7.776,8.104
8558972.88,19904,0.179,4.369,4.548
8559050.48,19903,0.229,4.373,4.602
8559053.35,19902,0.939,4.203,5.142
8559078.85,19904,0.182,5.115,5.297
8559082.46,19903,0.231,4.612,4.842
8559096.6,19904,0.207,7.482,7.69
8559120.15,19902,0.9,9.994,10.894
8559136.13,19903,0.149,4.519,4.668
8559150.07,19904,0.247,4.057,4.304
8559172.75,19902,0.315,9.421,9.736
8559229.75,19903,0.202,4.348,4.55
8559244.69,19904,0.378,4.276,4.655
8559309.86,19902,0.157,4.343,4.5
8559368.62,19903,0.193,4.802,4.994
8559372.8,19904,0.77,4.675,5.444
8559391.54,19902,0.142,4.524,4.666
8559430.32,19903,0.543,9.691,10.234
8559443.2,19904,0.319,8.462,8.781
8559464.02,19902,0.181,4.281,4.462
8559469.95,19903,0.268,4.9,5.168
8559476.02,19904,0.291,4.921,5.212
8559485.08,19902,0.171,4.278,4.449
8559513.02,19903,0.416,6.041,6.457
8559562.29,19904,0.274,4.991,5.265
8559570.01,19902,0.155,4.234,4.389
8559583.53,19903,0.256,5.859,6.115
8559589.83,19904,0.146,5.713,5.859
8559593.39,19902,0.123,5.568,5.692
8559605.68,19904,0.297,7.115,7.411
8559608.34,19903,0.153,6.329,6.482
8559617.78,19902,0.579,4.427,5.006
8559644.6,19904,0.221,4.801,5.021
8559692.9,19903,0.356,7.218,7.575
8559695.81,19902,1.75,6.605,8.355
8559712.93,19904,0.43,5.881,6.311
8559716.88,19903,0.327,6.056,6.382
8559718.45,19902,0.254,5.065,5.319
8559734.4,19904,0.276,4.371,4.647
8559758.83,19903,0.567,8.803,9.37
8559760.39,19902,0.134,8.07,8.204
8559776.65,19904,0.375,7.743,8.118
8559801.86,19902,0.321,4.732,5.053
8559830.51,19903,0.423,8.207,8.63
8559886.9,19904,0.527,4.372,4.9
8559899.84,19902,0.277,4.551,4.829
8559994.02,19903,0.396,16.443,16.839
8560085.2,19904,0.783,7.399,8.183
8560101.68,19902,0.216,6.671,6.887
8560110.68,19903,0.205,4.42,4.625
8560141.33,19904,0.364,5.155,5.519
8560171.63,19902,0.224,4.815,5.039
8560200.42,19903,0.206,5.473,5.679
8560232.3,19902,0.233,4.991,5.223
8560232.39,19904,0.333,6.861,7.194
8560249.57,19903,0.251,4.45,4.701
8560253.54,19904,0.107,4.699,4.807
8560275.32,19902,0.196,4.958,5.154
8560288.2,19903,0.234,4.407,4.642
8560298.31,19904,0.949,4.683,5.633
8560301.15,19902,0.117,6.844,6.961
8560303.12,19903,0.122,4.516,4.638
8560330.14,19904,0.182,4.459,4.641
8560352.27,19902,0.181,4.227,4.408
8560392.54,19903,0.424,13.142,13.566
8560397.2,19902,0.204,11.916,12.12
8560397.69,19904,0.225,14.669,14.894
8560399.27,19903,2.537,6.555,9.092
8560413.06,19904,0.113,7.519,7.632
8560413.13,19902,0.139,7.923,8.062
8560440.28,19903,0.327,5.631,5.958
8560457.77,19904,0.448,6.309,6.757
8560512.71,19902,0.312,6.278,6.59
8560514.38,19903,0.272,5.839,6.111
8560527.28,19904,0.253,5.353,5.606
8560559.65,19902,0.268,13.147,13.415
8560560.81,19903,0.157,4.801,4.958
8560589.45,19904,0.157,4.902,5.06
8560617.46,19902,0.355,6.781,7.136
8560653.07,19903,0.364,4.801,5.165
8560665.3,19904,0.31,4.071,4.381
8560691.0,19902,0.303,6.131,6.434
8560699.22,19903,0.245,6.864,7.109
8560710.77,19904,0.378,6.827,7.204
8560738.49,19902,0.19,4.191,4.381
8560757.74,19903,0.206,4.098,4.303
8560774.0,19904,0.332,7.049,7.381
8560798.04,19902,1.183,8.652,9.834
8560825.76,19903,0.424,4.194,4.618
8560827.51,19904,0.133,4.296,4.429
8560858.91,19902,0.453,4.527,4.979
8560868.84,19903,0.213,5.568,5.78
8560880.81,19904,0.242,5.437,5.679
8560897.3,19902,0.164,4.119,4.283
8560932.13,19903,0.346,6.871,7.218
8560966.07,19904,1.468,26.678,28.146
8560998.12,19902,0.329,4.225,4.554
8561003.67,19903,0.379,4.107,4.486
8561045.41,19904,0.589,8.798,9.387
8561061.36,19902,0.305,4.209,4.514
8561065.56,19903,0.472,4.021,4.493
8561075.34,19904,0.146,4.059,4.205
8561107.08,19902,0.273,8.126,8.399
8561112.26,19903,0.284,10.901,11.186
8561115.13,19904,0.131,9.458,9.589
8561126.39,19902,0.326,7.005,7.331
8561130.93,19903,0.102,4.295,4.397
8561135.16,19904,1.095,4.08,5.175
8561203.2,19902,0.487,9.194,9.681
8561219.3,19903,0.156,4.418,4.575
8561246.38,19904,0.146,4.086,4.231
8561292.43,19902,0.226,8.461,8.687
8561305.01,19903,0.159,4.417,4.576
8561333.73,19904,0.145,4.275,4.42
8561349.48,19902,0.375,4.564,4.939
8561380.01,19903,0.173,6.971,7.145
8561382.5,19904,0.111,5.683,5.794
8561396.32,19902,0.289,4.138,4.427
8561397.22,19903,0.079,4.956,5.035
8561399.95,19904,0.051,4.253,4.304
8561411.4,19902,0.246,4.408,4.654
8561432.91,19903,0.264,8.366,8.63
8561442.42,19904,0.222,7.155,7.377
8561447.41,19902,0.949,5.285,6.234
8561450.79,19904,0.084,7.11,7.194
8561468.97,19903,0.091,5.055,5.146
8561471.34,19902,0.163,4.929,5.092
8561522.84,19904,0.642,8.446,9.088
8561528.6,19903,2.18,9.297,11.477
8561532.59,19902,0.232,7.565,7.797
8561543.11,19904,0.146,6.179,6.325
8561563.87,19903,0.17,4.189,4.359
8561616.34,19904,0.091,6.015,6.106
8561616.6,19902,0.172,8.572,8.744
8561618.82,19903,0.061,4.842,4.903
8561655.44,19902,0.167,4.52,4.687
8561670.66,19904,0.216,5.772,5.988
8561694.53,19903,0.151,4.177,4.328
8561747.18,19902,0.37,9.26,9.631
8561749.29,19904,0.235,7.363,7.597
8561786.36,19903,0.254,4.019,4.272
8561799.63,19902,0.234,4.208,4.442
8561845.43,19904,1.615,7.203,8.818
8561903.38,19903,0.718,11.409,12.127
8561906.72,19902,0.327,6.608,6.935
8561927.96,19904,0.508,9.048,9.556
8561934.11,19903,0.274,4.88,5.154
8561990.03,19902,0.173,8.296,8.47
8561990.84,19904,0.094,8.587,8.681
8561999.28,19903,0.309,4.56,4.869
8562009.58,19902,0.151,8.152,8.303
8562010.07,19904,0.128,7.681,7.809
8562012.42,19903,0.107,6.488,6.596
8562017.77,19904,0.374,4.284,4.658
8562046.64,19902,0.194,5.782,5.975
8562062.86,19903,0.283,4.66,4.944
8562087.21,19904,0.202,4.671,4.873
8562089.32,19902,0.379,4.48,4.859
8562095.33,19903,0.165,4.8,4.964
8562106.46,19904,0.129,4.158,4.287
8562118.14,19902,0.135,6.215,6.351
8562120.41,19903,0.08,4.217,4.296
8562137.53,19904,0.179,4.894,5.074
8562164.59,19902,0.381,5.588,5.969
8562171.19,19903,0.187,5.512,5.699
8562220.16,19904,0.356,6.75,7.106
8562231.43,19902,0.561,6.088,6.649
8562244.29,19903,0.437,7.025,7.462
8562245.93,19904,0.135,5.976,6.111
8562253.72,19902,0.857,4.361,5.218
8562258.22,19903,0.098,4.235,4.334
8562330.82,19904,0.327,12.383,12.711
8562331.62,19902,0.154,11.295,11.449
8562336.73,19903,0.307,6.597,6.904
8562351.86,19904,0.192,4.192,4.384
8562368.85,19902,0.181,4.885,5.066
8562377.68,19903,0.368,6.033,6.401
8562393.75,19904,0.189,10.907,11.095
8562407.76,19902,0.374,4.25,4.624
8562431.41,19903,0.245,4.185,4.429
8562487.11,19904,0.397,8.891,9.289
8562487.9,19902,1.65,7.735,9.385
8562515.89,19903,0.688,5.797,6.485
8562516.32,19904,0.662,4.727,5.389
8562531.35,19902,0.893,4.253,5.147
8562573.22,19903,0.18,4.883,5.063
8562623.73,19904,0.309,5.429,5.738
8562624.73,19902,0.154,4.935,5.09
8562638.92,19903,0.2,4.54,4.74
8562656.61,19904,0.197,6.657,6.854
8562662.76,19902,1.968,5.773,7.74
8562690.57,19903,0.273,4.323,4.596
8562749.0,19904,0.462,5.283,5.745
8562801.22,19902,0.463,9.758,10.221
8562817.74,19903,0.199,4.275,4.475
8562838.83,19904,0.167,4.516,4.683
8562845.88,19902,0.154,5.789,5.943
8562879.36,19903,0.283,9.296,9.58
8562906.15,19904,0.247,7.079,7.326
8562956.17,19902,0.206,4.803,5.009
8562990.88,19903,0.184,4.805,4.989
8562999.41,19904,0.192,4.374,4.566
8563005.53,19902,0.148,4.24,4.389
8563009.96,19903,0.162,5.755,5.917
8563011.79,19902,0.085,5.898,5.983
8563017.91,19904,0.214,4.179,4.393
8563021.3,19903,0.086,4.38,4.466
8563066.57,19902,0.17,4.293,4.462
8563068.32,19904,0.266,6.334,6.6
8563089.73,19903,0.218,4.476,4.695
8563095.71,19902,0.135,5.027,5.161
8563122.44,19904,0.24,4.952,5.192
8563127.61,19903,1.714,6.443,8.157
8563129.73,19904,1.075,5.623,6.698
8563152.88,19902,0.182,4.807,4.989
8563235.92,19903,0.211,4.989,5.2
8563243.09,19904,0.128,6.408,6.537
8563249.71,19902,0.27,4.37,4.64
8563265.75,19903,0.24,4.335,4.575
8563290.82,19904,0.176,4.522,4.698
8563329.9,19902,0.269,5.513,5.782
8563342.13,19903,0.451,7.626,8.076
8563346.85,19904,1.489,7.152,8.641
8563355.64,19902,0.223,4.819,5.042
8563369.91,19904,0.691,4.929,5.62
8563372.08,19903,0.24,7.741,7.981
8563376.62,19902,0.153,4.329,4.481
8563402.24,19904,0.321,4.984,5.305
8563403.2,19903,0.183,4.577,4.76
8563460.52,19902,0.347,8.345,8.692
8563461.4,19904,0.095,6.911,7.005
8563473.03,19903,0.598,4.339,4.937
8563473.5,19902,0.134,4.301,4.435
8563504.93,19904,0.305,7.422,7.727
8563507.67,19903,0.433,5.895,6.327
8563510.57,19902,0.15,5.305,5.455
8563532.62,19904,0.285,4.335,4.62
8563545.29,19903,0.251,5.313,5.564
8563545.58,19902,0.76,4.44,5.201
8563582.88,19904,0.473,7.205,7.678
8563596.02,19903,0.521,5.624,6.146
8563642.88,19902,0.508,4.906,5.415
8563664.08,19904,0.389,7.539,7.928
8563675.24,19903,0.292,4.387,4.679
8563715.1,19902,0.41,7.087,7.496
8563753.55,19904,0.306,10.784,11.09
8563771.53,19903,0.19,4.418,4.608
8563773.98,19902,0.096,4.82,4.917
8563784.75,19904,0.112,4.119,4.23
8563809.06,19903,0.427,5.129,5.556
8563837.32,19902,0.37,11.232,11.602
8563841.08,19904,1.239,8.746,9.985
8563856.13,19903,0.161,4.145,4.307
8563866.77,19902,0.175,4.504,4.679
8563893.84,19904,0.221,6.428,6.649
8563902.89,19903,0.287,4.405,4.692
8563931.61,19904,0.095,4.385,4.48
8563933.67,19902,0.207,6.908,7.115
8563935.26,19903,0.068,5.76,5.829
8563950.0,19904,0.196,4.178,4.374
8563982.58,19902,0.332,6.226,6.557
8564009.4,19903,0.673,8.311,8.983
8564078.37,19904,1.043,8.521,9.564
8564124.52,19902,0.222,5.704,5.926
8564135.66,19903,0.377,6.036,6.414
8564163.73,19904,0.293,5.071,5.364
8564278.69,19902,0.263,4.186,4.449
8564375.56,19903,0.158,4.132,4.29
8564405.97,19904,0.179,4.533,4.712
8564443.9,19902,0.364,4.557,4.921
8564446.94,19903,0.156,4.426,4.581
8564448.36,19902,0.172,4.18,4.352
8564471.71,19904,0.187,4.211,4.398
8564494.21,19903,0.166,4.072,4.238
8564496.81,19902,0.097,4.06,4.157
8564540.97,19904,0.298,8.57,8.868
8564571.32,19903,0.266,4.107,4.373
8564621.09,19902,0.411,9.918,10.329
8564661.33,19904,0.347,5.379,5.726
8564662.96,19903,0.142,5.212,5.354
8564736.81,19902,0.342,5.715,6.057
8564759.32,19904,0.177,5.728,5.904
8564795.83,19903,0.176,4.251,4.427
8564870.91,19902,0.251,5.505,5.756
8564909.98,19904,0.494,8.008,8.502
8564998.52,19903,0.233,5.778,6.011
8565003.31,19902,0.381,4.269,4.65
8565100.19,19904,0.303,7.55,7.853
8565148.32,19903,0.296,9.869,10.164
8565200.44,19902,0.201,4.273,4.474
8565215.91,19904,0.127,4.658,4.784
8565284.3,19903,1.229,4.37,5.599
8565310.99,19902,0.227,9.159,9.386
8565368.84,19904,0.515,4.271,4.786
8565425.4,19903,8.112,4.469,12.581
8565428.69,19902,0.597,7.525,8.122
8565439.36,19904,0.129,4.13,4.259
8565532.77,19903,0.22,4.087,4.307
8565666.86,19902,0.381,11.24,11.621
8565755.78,19904,0.367,5.382,5.749
8565767.51,19903,0.266,4.166,4.433
8565940.78,19902,0.204,4.414,4.618
8565958.5,19904,0.173,4.677,4.85
8565998.21,19903,0.352,12.7,13.052
8565999.42,19902,0.236,6.077,6.314
8566041.67,19904,0.31,9.082,9.392
8566079.24,19903,0.461,8.792,9.252
8566104.89,19902,0.164,4.45,4.614
8566145.98,19904,0.559,8.985,9.543
8566164.01,19903,0.161,4.21,4.371
8566323.71,19902,0.413,10.909,11.322
8566386.0,19904,0.578,9.093,9.672
8566387.49,19903,0.701,8.648,9.349
8566408.56,19902,0.207,4.373,4.58
8566411.13,19904,0.081,4.861,4.942
8566443.36,19903,0.223,5.11,5.333
8566489.12,19902,0.223,5.736,5.959
8566512.56,19904,0.161,4.67,4.831
8566571.41,19903,0.285,7.43,7.715
8566706.67,19902,0.53,11.353,11.884
8566805.73,19904,0.439,8.035,8.474
8566836.64,19903,0.22,4.794,5.014
8566913.41,19902,0.193,4.862,5.054
8567042.42,19904,0.989,11.367,12.356
8567051.55,19903,1.277,6.182,7.46
8567083.52,19902,0.226,4.308,4.533
8567122.87,19904,0.663,6.354,7.017
8567149.8,19903,0.508,5.637,6.145
8567356.69,19902,0.276,7.249,7.525
8567362.83,19904,0.368,5.399,5.768
8567367.21,19903,0.121,6.815,6.936
8567370.15,19902,0.129,5.724,5.854
8567389.4,19904,0.099,7.232,7.331
8567392.23,19903,1.753,5.15,6.904
8567462.96,19902,0.407,6.891,7.298
8567671.62,19904,0.446,8.566,9.012
8567678.06,19903,0.24,5.77,6.01
8567702.38,19902,0.598,8.75,9.348
8567794.39,19904,0.359,10.882,11.241
8567797.24,19903,0.112,11.828,11.94
8567797.48,19902,0.178,8.885,9.062
8567801.93,19904,0.118,4.205,4.323
8568018.37,19903,0.535,8.082,8.617
8568071.47,19902,0.262,6.235,6.497
8568127.22,19904,0.702,18.047,18.749
8568133.43,19903,0.345,10.605,10.95
8568215.37,19902,0.212,4.925,5.137
8568228.07,19904,0.119,4.24,4.359
8568232.97,19903,0.116,4.681,4.797
8568259.68,19902,0.15,4.345,4.495
8568298.67,19904,0.335,5.205,5.539
8568326.17,19903,0.318,4.827,5.146
8568383.93,19902,0.264,4.708,4.972
8568395.68,19904,0.259,4.086,4.345
8568396.83,19903,0.099,4.13,4.229
8568524.76,19902,0.567,15.212,15.78
8568562.57,19904,0.265,4.083,4.349
8568582.3,19903,0.213,6.497,6.711
8568615.79,19902,0.383,4.366,4.749
8568639.87,19904,0.339,4.163,4.502
8568717.47,19903,0.238,4.186,4.424
8568753.4,19902,0.347,5.188,5.536
8568793.0,19904,0.332,4.57,4.902
8568821.54,19903,0.253,6.103,6.356
8568834.84,19902,0.333,7.949,8.282
8568909.5,19904,0.286,10.686,10.972
8568923.82,19903,0.218,4.7,4.918
8568930.55,19902,0.126,4.268,4.394
8568989.54,19904,0.26,5.2,5.46
8569012.2,19903,0.185,4.41,4.595
8569041.98,19902,0.224,6.556,6.781
8569044.14,19904,0.216,5.518,5.734
8569104.39,19903,0.252,4.333,4.585
8569145.05,19902,0.159,5.531,5.69
8569326.57,19904,0.271,6.155,6.426
8569340.99,19903,0.13,4.029,4.159
8569403.72,19902,0.895,8.733,9.628
8569486.07,19904,0.277,5.356,5.633
8569489.61,19903,0.106,5.434,5.54
8569536.82,19902,0.36,8.558,8.918
8569559.46,19904,0.213,6.711,6.924
8569574.95,19903,0.161,7.118,7.279
8569576.23,19902,2.066,6.116,8.181
8569587.53,19904,0.13,4.128,4.258
8569606.94,19903,0.231,4.528,4.758
8569724.8,19902,0.372,16.195,16.567
8569728.31,19904,1.098,17.056,18.154
8569730.42,19903,0.21,8.371,8.581
8569744.45,19902,0.149,4.726,4.875
8569784.92,19904,0.572,8.162,8.735
8569788.91,19903,0.178,8.842,9.019
8569820.16,19902,0.264,7.573,7.837
8569825.25,19904,1.226,4.86,6.086
8569855.02,19903,0.21,6.014,6.224
8569856.71,19902,0.189,5.304,5.493
8569877.91,19904,0.306,5.655,5.961
8569901.02,19903,0.238,9.958,10.196
8569968.0,19902,0.393,7.222,7.616
8569976.28,19904,0.201,4.065,4.266
8569994.12,19903,0.164,5.374,5.538
8569996.75,19902,0.123,5.118,5.242
8570003.46,19904,0.146,4.279,4.425
8570077.51,19903,0.26,4.15,4.41
8570093.55,19902,0.236,6.705,6.941
8570108.92,19904,0.521,8.432,8.952
8570123.19,19903,0.511,6.787,7.298
8570139.71,19902,0.503,10.69,11.192
8570207.5,19904,0.347,8.347,8.694
8570209.99,19903,0.448,7.421,7.869
8570226.69,19902,0.129,6.543,6.672
8570228.55,19904,0.063,4.89,4.953
8570236.76,19903,0.143,4.647,4.79
8570240.14,19902,0.106,4.077,4.183
8570249.4,19903,0.201,4.192,4.393
8570253.09,19904,0.164,4.133,4.298
8570254.96,19903,0.083,4.161,4.245
8570279.34,19902,0.336,4.284,4.619
8570319.1,19904,0.161,5.552,5.713
8570328.5,19903,0.31,4.344,4.654
8570346.72,19902,0.246,8.267,8.514
8570354.45,19904,0.264,4.263,4.527
8570401.84,19903,0.161,4.285,4.446
8570425.73,19902,0.273,6.358,6.63
8570442.13,19904,0.148,5.577,5.725
8570497.51,19903,0.211,5.894,6.106
8570502.86,19902,0.313,5.439,5.752
8570545.93,19903,0.234,10.982,11.216
8570549.22,19904,0.12,11.402,11.523
8570552.63,19902,3.054,5.503,8.557
8570565.36,19903,0.168,4.196,4.364
8570593.79,19904,0.438,9.581,10.018
8570622.66,19902,0.256,11.687,11.943
8570622.73,19903,0.118,7.675,7.794
8570676.21,19904,0.683,10.253,10.936
8570678.92,19903,0.262,8.831,9.092
8570701.54,19902,0.332,10.23,10.561
8570705.69,19903,0.083,6.772,6.855
8570706.6,19904,0.131,9.744,9.874
8570715.23,19902,0.086,5.341,5.427
8570729.38,19903,0.299,4.097,4.396
8570740.92,19904,0.109,4.294,4.403
8570786.19,19902,0.611,9.235,9.846
8570795.29,19903,1.581,11.156,12.737
8570798.14,19904,0.156,5.295,5.451
8570810.14,19903,0.104,5.347,5.451
8570811.74,19902,0.267,7.969,8.235
8570819.76,19904,0.141,4.305,4.446
8570908.95,19903,0.226,7.061,7.287
8570922.28,19902,0.424,8.056,8.48
8570922.97,19904,0.164,4.649,4.814
8570958.7,19902,0.181,6.207,6.389
8570960.08,19903,0.29,8.501,8.791
8570983.26,19904,0.19,3.998,4.187
8571046.71,19902,0.71,9.604,10.314
8571058.16,19903,0.332,6.885,7.217
8571069.04,19904,0.124,6.052,6.176
8571077.72,19902,0.34,4.386,4.726
8571078.91,19903,0.082,4.551,4.633
8571102.6,19904,0.327,8.979,9.306
8571108.52,19902,0.198,7.532,7.73
8571132.79,19904,0.296,7.712,8.008
8571142.35,19902,0.105,4.165,4.27
8571143.09,19903,0.151,7.066,7.217
8571155.84,19904,0.123,6.104,6.227
8571159.26,19902,0.064,6.976,7.04
8571161.54,19903,0.125,4.256,4.381
8571198.93,19904,0.485,10.582,11.067
8571225.89,19902,0.256,7.669,7.925
8571247.38,19903,0.191,4.266,4.457
8571273.72,19904,0.48,8.548,9.029
8571294.43,19902,0.452,8.878,9.331
8571337.22,19903,0.382,4.524,4.905
8571361.7,19904,0.281,5.998,6.28
8571498.72,19902,0.308,4.351,4.659
8571522.99,19903,0.156,4.405,4.561
8571559.22,19904,0.623,4.706,5.328
8571598.68,19902,0.457,7.207,7.665
8571651.95,19903,0.352,4.482,4.833
8571673.55,19904,0.309,4.328,4.637
8571693.3,19902,0.18,6.329,6.508
8571725.23,19903,0.231,9.842,10.073
8571727.3,19904,0.132,7.397,7.528
8571741.72,19902,0.143,4.321,4.464
8571748.18,19903,0.138,4.861,4.999
8571770.72,19904,0.271,7.863,8.134
8571848.55,19902,0.292,4.581,4.873
8571912.63,19903,0.298,9.24,9.538
8571913.54,19904,0.101,8.855,8.956
8571939.17,19902,0.34,6.326,6.667
8571946.03,19903,0.218,4.915,5.134
8571963.44,19904,0.288,4.053,4.341
8571972.8,19902,0.262,4.177,4.439
8571977.34,19903,0.115,4.15,4.265
8571979.44,19904,0.089,4.082,4.171
8571995.29,19902,0.139,4.215,4.353
8572004.28,19903,0.161,4.306,4.467
8572028.46,19904,0.493,8.017,8.51
8572031.82,19902,1.959,4.69,6.649
8572036.78,19903,0.095,4.788,4.883
8572041.22,19904,1.666,4.282,5.948
8572071.87,19902,0.398,4.366,4.764
8572079.01,19903,0.119,4.26,4.38
8572099.41,19904,0.39,8.209,8.599
8572112.27,19903,0.13,5.852,5.982
8572112.91,19902,0.196,10.393,10.588
8572128.42,19904,0.274,4.129,4.403
8572139.41,19903,0.1,6.063,6.163
8572141.58,19902,0.086,4.252,4.338
8572147.81,19904,0.281,4.743,5.025
8572199.58,19903,0.499,11.619,12.117
8572239.3,19902,0.445,7.168,7.613
8572273.23,19904,0.488,12.545,13.034
8572275.68,19903,0.264,12.132,12.395
8572280.78,19904,0.737,4.991,5.727
8572280.95,19902,2.187,8.724,10.911
8572297.69,19903,0.155,4.378,4.533
8572305.44,19904,0.114,4.248,4.362
8572314.62,19902,0.128,4.7,4.828
8572316.34,19903,0.107,4.314,4.421
8572347.34,19904,0.366,9.958,10.324
8572350.39,19902,0.278,8.043,8.321
8572369.4,19903,0.165,5.889,6.055
8572372.45,19904,0.151,4.761,4.912
8572374.66,19902,0.066,5.545,5.611
8572380.04,19903,0.096,4.178,4.274
8572407.75,19904,0.192,6.258,6.45
8572413.23,19902,0.153,6.164,6.317
8572423.59,19903,0.237,6.42,6.657
8572435.58,19902,0.194,4.539,4.732
8572436.0,19904,0.149,9.276,9.425
8572468.69,19903,0.128,5.226,5.354
8572517.57,19902,0.278,7.701,7.979
8572530.85,19904,0.157,7.59,7.747
8572531.11,19903,0.278,4.294,4.572
8572541.28,19902,0.182,4.229,4.411
8572546.95,19904,0.211,4.282,4.493
8572561.67,19903,0.291,4.141,4.432
8572562.45,19902,0.08,4.079,4.159
8572576.77,19904,0.118,5.937,6.055
8572578.16,19903,0.138,5.749,5.887
8572603.75,19902,0.647,7.155,7.802
8572625.39,19904,0.227,4.14,4.367
8572665.37,19903,0.588,9.135,9.723
8572745.35,19902,0.313,8.765,9.079
8572759.35,19904,0.191,4.436,4.627
8572768.26,19903,0.127,4.492,4.619
8572829.13,19902,0.277,8.594,8.871
8572843.2,19904,0.12,4.254,4.374
8572880.27,19903,0.156,4.208,4.365
8572884.81,19902,0.225,4.481,4.706
8572890.65,19903,0.286,4.214,4.5
8572931.71,19904,0.232,4.1,4.333
8572938.75,19902,0.127,4.113,4.24
8572955.78,19903,0.314,4.225,4.539
8572964.57,19904,0.187,4.055,4.242
8572983.39,19902,0.242,4.082,4.324
8572989.88,19903,0.209,4.44,4.649
8573060.5,19904,0.298,8.427,8.726
8573126.21,19902,1.771,6.696,8.467
8573140.94,19903,0.317,6.466,6.783
8573164.72,19904,0.25,4.191,4.441
8573169.93,19902,0.13,4.11,4.24
8573208.06,19903,0.318,6.719,7.038
8573272.11,19904,0.459,7.018,7.477
8573308.4,19902,0.244,8.038,8.282
8573308.77,19903,1.458,6.615,8.073
8573315.05,19904,0.282,4.197,4.479
8573327.04,19902,0.152,4.204,4.356
8573333.68,19903,0.129,4.302,4.431
8573382.13,19904,0.291,7.683,7.973
8573392.75,19902,0.274,6.193,6.466
8573395.74,19903,0.818,6.279,7.097
8573439.49,19904,0.91,10.05,10.96
8573468.03,19902,0.386,6.764,7.15
8573484.05,19903,0.38,7.199,7.578
8573484.39,19904,1.919,6.292,8.21
8573527.13,19902,0.668,7.354,8.022
8573536.29,19903,0.35,7.11,7.461
8573584.35,19904,0.321,6.003,6.324
8573598.31,19902,0.303,4.632,4.935
8573617.19,19904,0.27,7.738,8.007
8573618.22,19903,0.384,9.6,9.983
8573630.36,19902,0.655,7.076,7.731
8573641.3,19904,0.204,4.095,4.299
8573649.23,19903,0.117,4.071,4.187
8573687.59,19902,0.391,5.99,6.381
8573708.92,19904,0.313,7.921,8.234
8573719.05,19903,0.271,4.233,4.504
8573753.82,19902,0.35,4.298,4.649
8573755.39,19904,0.151,4.162,4.313
8573780.87,19903,0.544,9.216,9.76
8573790.47,19902,0.259,11.583,11.842
8573794.43,19904,1.05,4.309,5.359
8573842.84,19902,0.354,7.646,8.0
8573846.62,19903,0.284,5.902,6.186
8573870.75,19904,0.4,9.548,9.948
8573928.94,19902,0.31,5.178,5.488
8573950.29,19903,0.287,8.771,9.058
8573965.55,19904,0.168,4.341,4.509
8573971.78,19902,0.098,6.037,6.135
8574050.63,19903,0.774,13.045,13.819
8574070.89,19904,0.187,4.251,4.438
8574079.24,19902,0.111,4.258,4.369
8574084.27,19903,0.894,4.769,5.663
8574098.93,19904,0.135,6.361,6.496
8574122.83,19902,0.313,10.062,10.376
8574129.22,19903,0.806,4.995,5.801
8574137.88,19904,0.118,4.149,4.267
8574148.77,19902,0.089,9.584,9.673
8574150.66,19903,0.234,4.245,4.479
8574171.41,19904,0.307,5.421,5.728
8574178.32,19902,0.146,5.574,5.72
8574198.58,19904,0.498,8.338,8.837
8574199.46,19903,1.815,9.383,11.198
8574230.1,19902,0.131,4.079,4.21
8574292.94,19904,0.193,4.617,4.81
8574459.63,19903,0.251,4.367,4.618
8574465.24,19902,0.132,4.117,4.249
8574509.52,19904,0.431,8.897,9.328
8574527.36,19903,1.064,6.19,7.254
8574697.8,19902,0.442,4.367,4.809
8574738.48,19904,0.334,6.483,6.817
8574932.68,19903,0.336,7.17,7.506
8575018.22,19902,0.478,6.877,7.354
8575066.92,19904,0.346,7.313,7.659
8575122.17,19903,0.179,4.334,4.513
8575147.63,19902,0.472,9.747,10.22
8575203.34,19904,0.387,4.786,5.173
8575206.37,19903,1.294,4.062,5.356
8575309.81,19904,0.68,9.041,9.721
8575321.97,19902,0.246,7.414,7.66
8575350.57,19903,0.164,4.038,4.203
8575357.99,19904,0.207,5.391,5.598
8575358.22,19902,0.096,4.021,4.118
8575478.66,19903,0.817,11.215,12.033
8575498.24,19904,0.332,8.427,8.759
8575513.55,19902,0.123,5.099,5.222
8575519.28,19903,0.104,4.539,4.642
8575563.72,19904,0.305,7.29,7.595
8575588.9,19902,0.175,7.345,7.52
8575634.79,19903,0.283,10.154,10.437
8575648.99,19904,0.475,7.46,7.935
8575655.28,19902,0.216,6.931,7.147
8575746.2,19904,0.522,6.595,7.116
8575789.29,19903,0.603,11.934,12.537
8575813.51,19902,0.338,8.125,8.463
8575840.12,19904,0.24,4.782,5.022
8576037.62,19903,0.551,9.172,9.722
8576058.95,19902,0.384,7.406,7.791
8576093.35,19904,0.279,4.076,4.355
8576125.85,19903,0.332,5.568,5.899
8576140.5,19902,0.316,5.376,5.692
8576144.67,19904,0.108,4.49,4.598
8576410.76,19902,0.264,4.364,4.628
8576492.29,19903,0.296,6.97,7.266
8576506.58,19904,0.13,4.372,4.503
8576650.58,19902,0.607,9.644,10.251
8576658.16,19903,0.162,4.731,4.892
8576748.38,19904,0.361,5.447,5.808
8576792.91,19902,0.332,12.158,12.49
8576864.75,19903,0.528,9.394,9.922
8576880.82,19904,0.325,5.093,5.418
8576909.41,19902,0.197,4.054,4.251
8576966.92,19903,4.054,10.393,14.447
8577055.16,19904,0.348,4.336,4.684
8577087.81,19902,0.27,4.273,4.544
8577224.11,19903,0.195,5.669,5.864
8577289.72,19904,0.207,4.739,4.945
8577343.29,19902,0.35,9.222,9.572
8577383.91,19903,0.232,4.107,4.338
8577387.51,19904,0.103,4.175,4.278
8577497.66,19902,0.27,4.313,4.583
8577524.99,19903,0.204,5.436,5.64
8577541.18,19904,0.186,5.844,6.03
8577651.92,19902,1.42,7.063,8.483
8577796.24,19903,0.18,4.692,4.871
8577806.55,19904,0.268,5.264,5.532
8577849.86,19902,0.688,4.457,5.144
8577885.75,19903,0.352,4.856,5.208
8577994.66,19904,0.602,6.38,6.982
8578004.75,19902,0.462,4.404,4.866
8578072.1,19903,2.528,6.773,9.301
8578080.09,19904,0.391,6.253,6.645
8578094.59,19902,0.556,5.136,5.692
8578174.13,19903,0.197,5.011,5.208
8578185.76,19904,0.265,4.379,4.644
8578217.97,19902,0.256,6.116,6.372
8578312.3,19903,0.723,10.208,10.931
8578327.1,19904,0.162,4.929,5.091
8578360.1,19902,0.386,7.657,8.043
8578415.77,19903,0.165,4.172,4.337
8578464.52,19904,0.471,9.968,10.439
8578495.3,19902,0.167,6.03,6.197
8578568.91,19903,0.246,5.251,5.497
8578580.94,19904,1.707,9.741,11.448
8578611.85,19902,0.517,8.536,9.053
8578675.44,19903,0.491,4.024,4.515
8578749.27,19904,0.22,6.94,7.16
8578826.94,19902,0.332,11.757,12.089
8578829.44,19903,0.13,9.257,9.387
8578840.09,19904,0.122,4.26,4.382
8578872.84,19902,0.369,8.047,8.416
8578874.25,19903,0.189,6.797,6.987
8578998.08,19904,0.212,7.807,8.018
8579037.86,19902,0.786,4.804,5.591
8579071.19,19903,0.324,8.523,8.848
8579430.46,19904,0.154,4.0,4.154
8579438.56,19902,0.163,4.132,4.295
8579443.14,19903,0.133,4.09,4.222
8579471.83,19904,0.225,8.985,9.21
8579475.49,19902,0.773,5.544,6.317
8579488.1,19904,0.151,4.532,4.684
8579491.24,19903,2.274,3.947,6.221
8579549.99,19902,0.329,10.498,10.828
8579622.57,19904,0.633,10.114,10.746
8579635.81,19903,0.357,8.334,8.691
8579646.94,19902,0.147,4.877,5.024
8579654.47,19904,0.137,4.39,4.527
8579676.41,19903,0.213,4.512,4.725
8579686.49,19902,0.172,4.926,5.098
8579749.23,19904,0.332,4.625,4.957
8579787.46,19903,0.188,6.684,6.871
8579833.39,19902,0.302,5.154,5.457
8579903.14,19904,0.168,6.855,7.023
8579915.6,19903,0.362,4.251,4.613
8580009.46,19902,0.282,4.815,5.097
8580067.13,19904,0.54,4.756,5.296
8580168.36,19903,0.217,4.501,4.718
8580184.26,19902,0.233,6.147,6.381
8580212.92,19904,0.61,4.561,5.171
8580223.19,19903,0.162,3.946,4.107
8580253.36,19902,0.279,5.5,5.779
8580282.8,19904,0.418,6.567,6.985
8580300.42,19903,0.224,4.454,4.678
8580304.23,19902,0.092,4.084,4.176
8580322.99,19903,0.244,5.703,5.947
8580323.95,19904,0.102,4.232,4.334
8580388.45,19902,0.144,4.729,4.873
8580406.12,19903,0.188,4.567,4.754
8580409.55,19904,0.278,4.205,4.483
8580413.43,19902,0.104,4.248,4.352
8580417.33,19904,0.559,4.07,4.628
8580454.58,19902,0.155,4.764,4.918
8580509.85,19903,0.358,9.306,9.665
8580515.31,19904,0.311,10.103,10.414
8580539.28,19902,2.14,4.174,6.314
8580566.79,19903,0.248,4.756,5.004
8580597.84,19904,0.44,11.732,12.172
8580598.14,19902,0.157,12.026,12.183
8580606.82,19903,0.174,4.896,5.071
8580616.01,19904,0.134,4.071,4.204
8580761.09,19902,0.294,9.989,10.284
8580775.5,19903,0.16,6.198,6.358
8580788.65,19904,0.147,5.179,5.326
8580792.79,19902,0.416,4.119,4.535
8580812.07,19903,0.27,6.474,6.744
8580822.41,19902,0.198,7.102,7.299
8580823.3,19904,0.197,9.683,9.88
8580828.15,19903,1.084,6.048,7.132
8580840.12,19902,0.119,4.764,4.883
8580858.53,19904,0.326,4.139,4.465
8580863.97,19903,0.235,4.954,5.188
8580866.01,19902,0.196,4.659,4.855
8580885.13,19904,0.254,4.953,5.207
8580906.77,19903,0.341,7.494,7.835
8580927.53,19902,0.209,4.193,4.402
8580947.2,19904,0.243,4.501,4.745
8581011.13,19903,0.212,6.73,6.942
8581036.42,19902,0.375,7.988,8.363
8581054.05,19904,0.4,8.05,8.45
8581055.12,19903,0.166,8.765,8.93
8581075.47,19904,0.285,7.366,7.651
8581076.08,19902,0.457,10.077,10.533
8581109.55,19903,0.149,4.091,4.24
8581110.79,19904,0.114,4.162,4.276
8581125.2,19902,0.199,5.831,6.03
8581147.57,19903,0.321,11.51,11.832
8581155.23,19902,0.471,14.706,15.177
8581155.51,19904,0.495,15.924,16.419
8581157.74,19903,5.388,9.984,15.372
8581163.95,19902,9.433,8.265,17.698
8581164.18,19904,3.049,7.087,10.136
8581165.97,19903,0.618,7.051,7.669
8581168.34,19904,5.431,4.064,9.495
8581173.2,19903,6.02,5.131,11.151
8581180.28,19902,0.205,4.021,4.226
8581193.95,19904,0.267,4.367,4.634
8581226.15,19903,0.295,9.535,9.83
8581230.59,19902,0.369,11.96,12.329
8581231.1,19904,0.356,10.864,11.22
8581250.34,19903,0.188,4.104,4.291
8581254.17,19902,0.846,6.013,6.859
8581265.14,19904,0.101,5.1,5.201
8581342.5,19903,0.262,4.493,4.754
8581347.83,19902,0.199,4.091,4.29
8581379.52,19904,0.383,8.227,8.61
8581420.65,19903,0.458,12.211,12.668
8581423.49,19902,0.208,10.206,10.414
8581436.39,19904,0.105,6.609,6.715
8581438.3,19903,0.134,5.845,5.979
8581501.5,19902,0.328,7.982,8.311
8581535.94,19904,0.243,4.536,4.778
8581543.99,19903,0.13,4.327,4.457
8581561.37,19902,0.656,6.597,7.253
8581577.18,19902,1.028,6.843,7.871
8581579.95,19903,0.165,11.546,11.71
8581581.84,19904,0.236,15.325,15.561
8581589.31,19902,0.215,5.062,5.277
8581599.61,19903,0.187,4.673,4.86
8581651.14,19904,0.81,8.209,9.019
8581714.55,19902,0.411,7.446,7.856
8581733.57,19903,0.388,5.342,5.73
8581733.76,19904,0.316,4.588,4.905
8581744.77,19902,0.162,5.221,5.384
8581763.07,19903,0.194,4.771,4.965
8581764.65,19904,0.09,4.442,4.532
8581771.04,19902,0.151,3.958,4.109
8581775.18,19903,0.106,4.08,4.186
8581809.13,19904,0.434,6.709,7.143
8581809.79,19902,0.285,6.492,6.777
8581815.54,19903,0.092,5.53,5.622
8581849.48,19904,0.265,4.14,4.405
8581856.1,19902,0.225,4.389,4.615
8581902.24,19903,0.355,11.915,12.27
8581949.21,19904,1.923,14.042,15.965
8581954.45,19902,0.171,14.28,14.452
8581964.28,19903,0.145,12.202,12.347
8581985.28,19904,0.092,12.104,12.197
8581988.53,19902,2.12,16.302,18.422
8581990.55,19903,0.137,12.284,12.421
8582010.89,19904,0.801,4.655,5.457
8582042.75,19902,0.17,11.434,11.604
8582075.19,19903,0.175,4.474,4.649
8582109.63,19904,0.437,8.401,8.838
8582115.14,19902,0.19,7.403,7.593
8582119.85,19903,0.143,4.583,4.726
8582145.44,19902,0.211,4.898,5.11
8582148.68,19904,0.096,4.114,4.21
8582156.85,19902,0.122,4.954,5.075
8582164.05,19903,0.134,5.251,5.385
8582167.22,19904,0.082,5.764,5.845
8582170.16,19902,0.052,4.053,4.105
8582185.37,19903,0.206,6.986,7.192
8582209.51,19904,0.165,4.234,4.4
8582239.24,19902,0.302,8.024,8.326
8582308.64,19903,0.207,4.092,4.299
8582316.51,19904,0.293,4.485,4.778
8582328.9,19902,0.238,4.817,5.055
8582358.97,19903,0.371,5.331,5.701
8582401.36,19904,0.368,4.911,5.278
8582484.18,19902,0.28,4.453,4.733
8582490.97,19903,0.117,4.373,4.49
8582564.13,19904,0.183,4.412,4.595
8582567.02,19902,0.241,4.716,4.957
8582575.01,19903,0.164,4.15,4.314
8582595.38,19904,0.232,6.123,6.354
8582628.12,19902,0.216,4.019,4.235
8582829.6,19903,0.441,8.713,9.153
8582833.27,19904,0.204,7.938,8.143
8582841.35,19902,0.42,6.338,6.758
8582883.61,19903,0.192,4.016,4.208
8582969.18,19904,0.201,4.74,4.941
8582977.62,19902,0.137,8.119,8.256
8582977.79,19903,0.065,6.637,6.701
8582992.62,19904,0.142,4.808,4.95
8583018.61,19902,0.146,4.18,4.326
8583020.91,19903,0.061,4.968,5.03
8583030.46,19902,0.133,4.106,4.239
8583080.97,19904,0.401,4.619,5.02
8583095.08,19903,0.132,4.132,4.264
8583115.64,19902,0.316,4.123,4.44
8583136.05,19904,0.19,6.012,6.202
8583143.47,19903,0.177,5.221,5.398
8583153.91,19902,0.247,6.123,6.37
8583201.22,19904,0.3,5.987,6.287
8583209.67,19903,0.306,5.949,6.255
8583237.04,19902,0.715,10.662,11.377
8583265.26,19903,0.182,4.962,5.144
8583267.71,19904,0.22,11.369,11.588
8583270.93,19902,0.121,4.064,4.186
8583279.7,19904,0.139,4.171,4.31
8583348.3,19903,0.273,4.623,4.896
8583361.58,19902,0.16,4.046,4.206
8583383.06,19904,0.229,8.657,8.886
8583416.5,19903,1.112,7.255,8.367
8583447.15,19902,0.322,4.19,4.512
8583455.96,19904,0.147,4.279,4.427
8583467.81,19903,0.247,7.226,7.473
8583472.0,19902,0.149,6.766,6.915
8583479.4,19904,0.269,5.161,5.43
8583563.16,19903,0.434,6.109,6.543
8583575.69,19902,0.145,4.665,4.81
8583591.99,19904,0.108,6.088,6.196
8583664.42,19903,0.18,4.185,4.365
8583671.76,19902,0.137,4.213,4.349
8583684.45,19904,0.216,4.125,4.341
8583711.36,19903,0.206,10.529,10.735
8583722.66,19902,0.344,8.991,9.335
8583751.02,19904,0.379,4.501,4.88
8583755.41,19903,0.142,4.107,4.249
8583759.59,19902,0.096,4.102,4.198
8583776.47,19903,0.286,6.142,6.428
8583778.95,19904,0.114,4.904,5.018
8583784.26,19902,0.135,4.576,4.71
8583793.7,19903,0.158,4.803,4.961
8583809.4,19904,0.14,8.162,8.301
8583809.7,19902,1.06,6.595,7.655
8583832.74,19903,0.145,4.913,5.058
8583836.7,19904,0.172,4.136,4.308
8583838.01,19903,0.088,4.152,4.24
8583845.5,19902,0.145,4.179,4.324
8583858.59,19904,0.165,5.909,6.074
8583870.46,19903,0.204,8.412,8.616
8583873.5,19902,0.156,6.972,7.128
8583907.58,19904,0.18,4.193,4.374
8583912.43,19903,0.595,4.755,5.35
8583939.39,19902,0.319,5.405,5.724
8583954.27,19904,0.187,4.51,4.697
8583957.44,19903,0.92,4.33,5.25
8583964.95,19904,0.157,7.084,7.241
8583965.54,19902,0.154,4.219,4.373
8584010.56,19903,0.218,5.572,5.79
8584011.02,19904,0.127,4.202,4.33
8584017.77,19902,0.141,4.271,4.412
8584020.2,19904,0.066,4.003,4.068
8584022.21,19903,0.3,8.059,8.36
8584024.65,19902,1.035,5.554,6.59
8584041.34,19904,0.129,3.99,4.119
8584060.55,19903,0.235,4.065,4.3
8584070.25,19902,0.143,4.819,4.962
8584091.3,19904,0.269,7.082,7.351
8584093.61,19903,1.326,6.147,7.473
8584098.92,19902,0.243,4.751,4.993
8584105.94,19904,0.292,6.932,7.223
8584125.84,19902,0.159,7.002,7.161
8584145.15,19903,0.191,4.024,4.215
8584167.11,19904,0.397,6.77,7.167
8584185.8,19902,0.29,8.858,9.149
8584196.77,19903,0.192,5.449,5.641
8584207.42,19904,0.239,4.108,4.347
8584232.68,19902,0.275,7.204,7.48
8584278.61,19903,0.334,8.51,8.844
8584356.89,19904,0.363,11.072,11.435
8584361.66,19902,0.229,13.183,13.412
8584363.67,19903,3.262,10.54,13.801
8584365.85,19904,1.074,6.707,7.781
8584368.18,19902,3.421,6.376,9.797
8584380.77,19903,0.102,4.037,4.139
8584415.25,19904,0.24,8.361,8.601
8584418.13,19902,0.176,5.375,5.551
8584449.84,19903,0.215,7.084,7.299
8584454.79,19904,0.529,8.653,9.182
8584460.9,19902,0.13,4.196,4.327
8584472.33,19903,0.1,4.446,4.545
8584489.16,19904,0.324,4.404,4.728
8584494.98,19902,0.273,4.845,5.118
8584508.3,19903,0.248,5.996,6.243
8584509.25,19904,0.231,6.056,6.287
8584520.39,19902,0.099,4.115,4.214
8584540.35,19903,0.128,6.12,6.248
8584612.57,19904,0.251,8.623,8.874
8584615.11,19902,0.097,4.959,5.057
8584622.45,19903,0.119,4.309,4.428
8584642.54,19904,0.147,4.355,4.502
8584691.89,19902,0.301,6.554,6.855
8584713.36,19903,0.132,4.724,4.857
8584716.51,19904,0.122,4.037,4.159
8584729.36,19902,0.291,4.425,4.715
8584731.48,19903,0.157,4.257,4.414
8584745.72,19904,0.292,6.477,6.769
8584746.6,19902,0.117,6.345,6.462
8584763.42,19903,0.224,8.768,8.991
8584764.73,19904,0.127,4.434,4.561
8584797.85,19902,0.156,4.22,4.376
8584818.78,19903,0.264,4.464,4.728
8584822.84,19904,0.107,4.18,4.287
8584843.82,19903,0.134,8.284,8.418
8584870.65,19902,0.231,4.892,5.124
8584876.29,19904,0.146,4.198,4.344
8584929.07,19903,0.938,5.867,6.805
8584996.34,19904,0.11,4.441,4.551
8584996.75,19902,0.33,5.83,6.16
8585005.85,19903,0.121,4.246,4.367
8585015.44,19904,0.118,4.052,4.17
8585040.55,19902,0.235,4.95,5.185
8585071.45,19903,0.584,11.493,12.077
8585112.6,19904,0.323,6.111,6.434
8585116.64,19902,0.202,6.298,6.5
8585117.28,19903,0.117,5.094,5.211
8585124.94,19904,0.25,4.217,4.467
8585128.76,19902,0.119,4.074,4.193
8585135.88,19904,0.193,4.37,4.563
8585142.56,19903,0.094,5.144,5.238
8585157.5,19902,0.102,4.087,4.189
8585197.38,19904,0.417,9.316,9.733
8585212.18,19903,0.165,4.238,4.403
8585220.52,19902,0.262,5.432,5.695
8585225.75,19904,0.104,7.594,7.698
8585226.48,19903,1.818,4.399,6.217
8585229.94,19902,0.346,4.024,4.371
8585258.15,19904,0.216,4.347,4.563
8585272.48,19903,0.203,5.315,5.518
8585274.94,19902,0.26,4.603,4.863
8585302.57,19904,0.427,9.892,10.319
8585309.46,19903,0.149,5.715,5.864
8585318.66,19902,0.308,8.505,8.813
8585322.1,19904,0.171,4.302,4.473
8585344.83,19902,0.222,4.833,5.055
8585346.01,19903,0.131,5.192,5.323
8585407.59,19904,0.356,7.129,7.485
8585409.66,19902,0.171,7.298,7.469
8585417.89,19903,0.097,6.118,6.215
8585426.39,19904,0.209,4.19,4.398
8585483.69,19902,2.621,4.764,7.385
8585510.13,19903,0.2,4.584,4.784
8585567.17,19904,0.27,8.362,8.633
8585736.55,19902,0.503,16.667,17.17
8585751.43,19903,0.815,13.109,13.923
8585777.73,19904,0.549,17.366,17.915
8585795.8,19902,0.446,9.271,9.716
8585812.96,19903,0.223,5.17,5.393
8585818.98,19904,0.19,6.589,6.779
8585978.91,19902,0.178,4.528,4.706
8586005.05,19903,0.264,5.53,5.795
8586029.65,19904,0.643,8.953,9.596
8586037.1,19902,0.344,9.493,9.837
8586043.58,19903,0.318,6.162,6.48
8586164.37,19904,0.504,5.778,6.282
8586181.58,19902,0.351,7.505,7.856
8586189.23,19903,0.446,5.598,6.043
8586208.6,19904,0.246,4.247,4.493
8586211.14,19902,0.895,4.024,4.92
8586287.18,19903,0.207,9.188,9.396
8586349.45,19904,0.853,4.364,5.217
8586361.74,19902,0.185,4.369,4.554
8586553.73,19903,0.272,5.031,5.303
8586576.68,19904,0.375,7.431,7.805
8586644.07,19902,0.242,5.124,5.367
8586695.25,19903,0.243,4.07,4.313
8586725.22,19904,0.244,4.531,4.775
8586742.29,19902,0.482,8.735,9.217
8586754.16,19903,0.455,6.144,6.599
8586864.68,19904,0.199,4.107,4.305
8587019.54,19902,0.751,4.161,4.912
8587030.16,19903,0.248,4.047,4.295
8587076.85,19904,0.374,7.366,7.741
8587127.8,19902,0.426,7.522,7.948
8587166.69,19903,0.616,11.297,11.914
8587188.63,19904,0.129,4.275,4.403
8587262.82,19902,0.216,4.6,4.815
8587268.66,19903,0.091,5.636,5.727
8587272.85,19904,0.117,4.552,4.668
8587285.65,19903,0.172,4.18,4.352
8587352.58,19902,0.23,5.112,5.342
8587467.93,19904,0.858,9.551,10.409
8587483.87,19903,0.561,6.305,6.866
8587513.85,19902,0.392,8.823,9.216
8587554.52,19904,0.326,5.773,6.098
8587570.07,19903,0.556,6.592,7.148
8587684.2,19902,0.525,9.647,10.172
8587709.22,19904,0.307,4.129,4.436
8587881.25,19903,0.635,4.875,5.51
8588051.45,19902,0.557,4.73,5.287
8588123.8,19904,0.287,4.404,4.691
8588187.03,19903,0.513,12.025,12.538
8588215.5,19902,0.295,4.223,4.519
8588319.84,19904,0.653,8.023,8.676
8588340.12,19903,0.323,8.95,9.273
8588369.24,19902,2.045,8.093,10.138
8588377.5,19904,1.769,4.233,6.002
8588457.73,19903,0.232,7.378,7.61
8588564.84,19902,0.378,4.625,5.003
8588642.79,19904,0.169,4.205,4.375
8588656.18,19903,0.171,4.787,4.958
8588660.17,19902,0.209,4.871,5.08
8588779.71,19903,0.898,9.858,10.756
8588836.8,19904,1.112,9.495,10.607
8588877.74,19902,1.189,4.497,5.686
8588882.55,19903,0.904,4.511,5.415
8588994.56,19904,0.223,6.803,7.027
8589108.9,19902,0.273,9.305,9.578
8589128.66,19903,0.233,4.389,4.621
8589214.47,19904,0.286,7.592,7.878
8589217.23,19902,0.108,6.06,6.169
8589293.48,19903,0.267,7.075,7.342
8589446.13,19904,0.374,14.21,14.584
8589490.17,19902,0.199,4.647,4.845
8589517.39,19903,0.535,10.702,11.237
8589589.66,19904,0.515,11.044,11.559
8589655.03,19902,0.607,8.747,9.353
8589656.62,19903,0.238,9.96,10.199
8589677.91,19904,0.157,5.063,5.22
8589705.49,19902,0.26,4.139,4.399
8589814.13,19903,0.45,6.544,6.994
8589847.81,19904,0.26,7.682,7.942
8589850.85,19902,0.435,5.519,5.955
8589857.15,19903,0.331,4.22,4.552
8589918.09,19904,0.795,9.638,10.433
8589920.59,19902,0.471,8.921,9.392
8589994.53,19903,0.312,11.102,11.414
8590060.86,19904,0.418,8.413,8.831
8590062.41,19902,0.377,8.241,8.618
8590123.7,19903,0.211,4.962,5.173
8590193.53,19904,0.215,6.193,6.409
8590347.95,19902,0.298,4.375,4.672
8590448.01,19903,0.269,4.198,4.467
8590478.31,19904,1.913,9.752,11.665
8590532.97,19902,0.342,4.368,4.71
8590710.19,19903,0.406,9.531,9.938
8591006.93,19904,0.332,4.363,4.696
8591073.97,19902,0.17,4.601,4.771
8591079.36,19903,0.376,4.17,4.546
8591115.66,19904,0.432,11.274,11.706
8591145.38,19902,0.155,4.934,5.089
8591233.68,19903,0.195,4.628,4.822
8591281.28,19904,0.695,9.757,10.452
8591300.18,19902,0.267,7.889,8.156
8591334.8,19903,0.38,5.062,5.442
8591448.17,19904,0.24,6.114,6.354
8591469.91,19902,0.397,5.911,6.308
8591483.38,19903,0.295,4.149,4.445
8591524.37,19904,0.535,6.157,6.692
8591555.08,19902,0.345,7.12,7.465
8591579.81,19903,0.18,4.366,4.546
8591644.2,19904,0.259,10.832,11.091
8591645.7,19902,1.896,8.576,10.472
8591697.36,19903,0.638,9.962,10.6
8591759.23,19904,0.316,4.199,4.515
8591813.07,19902,0.294,7.58,7.874
8591860.52,19903,0.317,7.421,7.738
8591896.36,19904,0.184,4.392,4.576
