timestamp_ms,pid,cpu_burst_ms,ground_truth
4293549.2,20546,4.0749,LC
4293564.96,20545,3.9693,LC
4293568.39,20548,28.498,BG
4293602.21,20547,4.7745,LC
4293619.76,20546,4.0041,LC
4293645.04,20548,25.8564,BG
4293713.22,20545,11.4713,LC
4293750.47,20548,56.0073,BG
4293809.1,20547,6.2922,LC
4293810.2,20546,4.5547,LC
4293829.04,20548,26.7217,BG
4293930.87,20548,49.0542,BG
4293952.22,20545,4.5007,LC
4294001.22,20547,7.3719,LC
4294014.2,20548,33.4882,BG
4294046.32,20546,4.6492,LC
4294083.47,20545,11.1115,LC
4294108.32,20548,44.0068,BG
4294178.38,20547,5.0878,LC
4294185.22,20548,26.7785,BG
4294237.56,20546,5.66,LC
4294259.05,20548,23.3808,BG
4294334.17,20548,24.9641,BG
4294347.37,20545,4.329,LC
4294408.64,20548,24.2906,BG
4294482.39,20547,7.8928,LC
4294482.47,20548,23.6939,BG
4294500.13,20546,7.6129,LC
4294556.5,20548,23.0173,BG
4294615.05,20545,5.2837,LC
4294621.52,20547,4.3676,LC
4294635.87,20548,29.0758,BG
4294700.1,20546,4.3576,LC
4294702.43,20545,4.3537,LC
4294710.55,20548,24.5873,BG
4294730.81,20547,4.8965,LC
4294737.2,20546,4.6003,LC
4294750.89,20545,6.5227,LC
4294753.16,20547,5.174,LC
4294776.95,20546,4.1222,LC
4294778.09,20545,4.8722,LC
4294788.17,20548,27.5358,BG
4294804.12,20547,4.3189,LC
4294820.8,20546,4.4026,LC
4294825.44,20545,4.4204,LC
4294833.01,20547,4.1925,LC
4294839.88,20546,3.9614,LC
4294861.97,20548,23.683,BG
4294936.79,20548,24.2001,BG
4294950.17,20545,5.9464,LC
4294951.09,20547,6.4455,LC
4294965.98,20546,4.2329,LC
4294976.49,20545,3.8929,LC
4294993.45,20547,7.6174,LC
4294996.43,20546,5.3419,LC
4295005.59,20547,3.8877,LC
4295012.44,20548,25.6746,BG
4295037.32,20545,4.8965,LC
4295054.96,20546,4.3398,LC
4295082.6,20547,4.0561,LC
4295086.52,20548,24.119,BG
4295140.38,20545,6.3337,LC
4295162.55,20548,24.6338,BG
4295173.14,20546,4.4888,LC
4295174.42,20547,5.1856,LC
4295191.79,20545,12.4655,LC
4295192.0,20546,10.8168,LC
4295193.43,20547,10.2221,LC
4295196.56,20545,4.4344,LC
4295229.72,20546,4.038,LC
4295238.22,20548,26.1892,BG
4295252.78,20547,4.7321,LC
4295276.06,20545,4.2581,LC
4295302.19,20546,16.8004,LC
4295304.06,20547,11.2849,LC
4295305.75,20547,10.0097,LC
4295305.89,20545,11.8887,LC
4295305.95,20545,7.2948,LC
4295315.12,20548,26.8005,BG
4295326.61,20546,4.2786,LC
4295352.99,20547,4.1761,LC
4295362.47,20545,4.3464,LC
4295368.63,20546,4.4104,LC
4295395.2,20547,10.37,LC
4295397.11,20545,7.8698,LC
4295398.31,20546,4.8709,LC
4295398.65,20548,33.4219,BG
4295402.91,20547,4.1761,LC
4295405.24,20546,4.2246,LC
4295416.13,20545,4.1884,LC
4295422.03,20547,4.1881,LC
4295479.9,20548,23.6333,BG
4295492.83,20546,9.8997,LC
4295513.81,20545,7.1423,LC
4295560.18,20548,35.9073,BG
4295569.04,20547,4.0702,LC
4295587.95,20546,4.0102,LC
4295621.16,20545,4.3359,LC
4295623.26,20547,5.1928,LC
4295636.09,20548,25.6835,BG
4295659.26,20546,4.2601,LC
4295711.96,20548,24.9807,BG
4295736.07,20545,4.4048,LC
4295768.33,20547,4.5473,LC
4295786.37,20548,24.6557,BG
4295796.15,20546,4.4219,LC
4295805.08,20545,4.3152,LC
4295812.8,20547,3.954,LC
4295830.82,20546,4.6132,LC
4295857.46,20547,8.0039,LC
4295857.65,20545,8.6693,LC
4295862.14,20548,25.7139,BG
4295868.77,20546,4.3182,LC
4295877.19,20545,3.9814,LC
4295886.55,20547,4.3066,LC
4295912.06,20546,4.1372,LC
4295916.85,20545,7.757,LC
4295918.72,20547,4.8133,LC
4295930.73,20546,4.0448,LC
4295936.88,20548,24.4824,BG
4295953.12,20545,4.4654,LC
4296012.94,20548,25.7913,BG
4296019.1,20547,4.2342,LC
4296020.88,20546,4.612,LC
4296043.67,20545,5.6486,LC
4296050.6,20547,4.7852,LC
4296059.51,20546,4.3769,LC
4296061.18,20545,4.5291,LC
4296071.41,20547,4.378,LC
4296088.03,20548,24.6761,BG
4296141.57,20546,6.0622,LC
4296152.44,20545,4.3363,LC
4296162.55,20548,24.3063,BG
4296219.44,20547,6.3128,LC
4296236.63,20548,23.8342,BG
4296244.0,20547,4.157,LC
4296244.21,20545,6.9232,LC
4296244.38,20546,9.0971,LC
4296257.54,20547,7.5048,LC
4296270.92,20545,5.7017,LC
4296282.67,20546,4.2868,LC
4296297.25,20547,4.4552,LC
4296300.06,20545,5.6102,LC
4296315.12,20548,28.2616,BG
4296320.75,20546,4.3315,LC
4296346.29,20547,4.81,LC
4296355.95,20545,4.3543,LC
4296372.77,20546,4.3612,LC
4296378.87,20547,4.4038,LC
4296390.65,20548,24.9078,BG
4296406.52,20545,4.3208,LC
4296432.26,20546,4.1893,LC
4296435.08,20547,4.5803,LC
4296465.34,20546,7.4483,LC
4296465.45,20545,8.6821,LC
4296467.66,20548,27.1936,BG
4296468.67,20547,4.7176,LC
4296475.94,20545,4.0671,LC
4296478.17,20546,4.2051,LC
4296485.81,20547,4.5104,LC
4296493.19,20545,5.1271,LC
4296543.31,20548,25.2344,BG
4296575.13,20546,5.3874,LC
4296584.38,20547,4.5326,LC
4296617.8,20548,24.7058,BG
4296623.26,20546,5.9249,LC
4296623.79,20545,8.4635,LC
4296658.16,20547,4.702,LC
4296665.67,20546,4.0497,LC
4296690.63,20545,4.137,LC
4296696.35,20547,4.9415,LC
4296697.45,20548,29.3901,BG
4296702.87,20546,6.5078,LC
4296758.13,20547,9.4753,LC
4296779.92,20548,29.934,BG
4296795.88,20545,4.1278,LC
4296797.25,20546,4.2311,LC
4296801.58,20547,4.2261,LC
4296818.42,20546,6.2716,LC
4296847.76,20545,4.122,LC
4296856.6,20548,26.7591,BG
4296867.35,20547,3.921,LC
4296884.67,20546,4.4921,LC
4296894.89,20545,6.1944,LC
4296933.18,20548,26.3135,BG
4296971.19,20547,4.602,LC
4296999.82,20546,4.1861,LC
4297006.3,20545,5.4134,LC
4297012.09,20548,27.3771,BG
4297024.33,20547,6.9561,LC
4297024.52,20546,5.6877,LC
4297041.63,20545,4.7979,LC
4297068.51,20547,6.5556,LC
4297083.41,20546,7.3458,LC
4297084.9,20545,6.2329,LC
4297095.22,20548,32.916,BG
4297114.78,20547,4.49,LC
4297128.18,20546,5.8593,LC
4297170.13,20548,24.711,BG
4297225.71,20545,4.7338,LC
4297230.15,20547,4.3698,LC
4297247.6,20548,27.2032,BG
4297270.62,20545,6.5482,LC
4297279.91,20546,4.6511,LC
4297297.28,20547,4.3323,LC
4297322.51,20548,24.7932,BG
4297340.18,20545,4.4195,LC
4297395.56,20548,22.7324,BG
4297473.55,20548,25.8136,BG
4297489.73,20546,5.3269,LC
4297559.7,20548,36.8755,BG
4297636.16,20547,4.2844,LC
4297636.24,20548,26.9871,BG
4297698.71,20545,11.063,LC
4297721.16,20548,34.4006,BG
4297796.74,20548,25.4104,BG
4297875.94,20548,29.0899,BG
4297962.03,20548,35.8513,BG
4298038.54,20548,25.4665,BG
4298111.31,20548,23.2552,BG
4298189.08,20548,26.8458,BG
4298262.49,20546,7.3465,LC
4298271.68,20547,8.0196,LC
4298274.56,20548,35.1184,BG
4298282.39,20545,3.9007,LC
4298283.72,20546,4.2129,LC
4298355.3,20547,5.0626,LC
4298355.48,20548,30.4865,BG
4298393.38,20545,4.3746,LC
4298395.33,20546,4.6504,LC
4298434.84,20548,28.1672,BG
4298503.12,20547,8.7102,LC
4298514.2,20548,28.3392,BG
4298533.8,20545,4.119,LC
4298556.06,20546,6.2689,LC
4298589.65,20548,26.7576,BG
4298596.39,20547,5.5387,LC
4298667.91,20545,8.1424,LC
4298669.7,20548,29.8096,BG
4298680.17,20546,5.7123,LC
4298713.5,20547,7.0698,LC
4298746.09,20548,24.477,BG
4298758.06,20545,4.2731,LC
4298763.53,20546,5.4755,LC
4298779.13,20545,4.2524,LC
4298820.68,20548,24.5671,BG
4298834.31,20547,6.9406,LC
4298835.64,20546,5.9387,LC
4298895.59,20545,7.1871,LC
4298905.86,20548,34.5725,BG
4298913.3,20547,4.8974,LC
4298929.71,20546,3.9358,LC
4298980.79,20548,25.1487,BG
4299037.51,20545,4.2594,LC
4299056.82,20548,25.1804,BG
4299078.58,20547,4.9298,LC
4299094.32,20546,3.9524,LC
4299124.07,20545,4.1804,LC
4299132.29,20548,25.8335,BG
4299207.48,20548,24.6061,BG
4299217.15,20547,4.4331,LC
4299263.16,20546,4.2369,LC
4299282.84,20548,25.1301,BG
4299359.19,20548,25.8933,BG
4299371.4,20545,4.1958,LC
4299396.93,20547,4.4944,LC
4299435.53,20548,26.4183,BG
4299462.57,20546,4.0284,LC
4299510.75,20548,25.1063,BG
4299586.11,20548,24.7071,BG
4299661.44,20548,24.831,BG
4299706.79,20545,8.2429,LC
4299709.07,20547,8.1921,LC
4299745.78,20548,33.2972,BG
4299769.74,20546,4.5543,LC
4299814.21,20545,4.6298,LC
4299823.57,20548,27.7858,BG
4299851.24,20547,4.3336,LC
4299911.5,20548,37.7419,BG
4299916.58,20546,4.5529,LC
4299939.19,20545,4.1954,LC
4299945.14,20547,4.1257,LC
4299985.89,20548,24.183,BG
4300038.03,20546,6.292,LC
4300063.96,20548,27.7801,BG
4300076.27,20545,4.4451,LC
4300108.9,20547,4.2642,LC
4300137.6,20548,23.2721,BG
4300211.72,20548,23.8117,BG
4300231.8,20546,4.2482,LC
4300272.32,20545,9.5837,LC
4300293.57,20547,8.341,LC
4300297.6,20548,35.262,BG
4300372.12,20548,23.8741,BG
4300444.13,20546,3.9641,LC
4300447.68,20548,25.8234,BG
4300455.28,20545,4.6688,LC
4300473.22,20547,4.4783,LC
4300492.57,20546,4.4174,LC
4300504.74,20545,6.9219,LC
4300504.83,20547,8.252,LC
4300521.72,20546,3.9333,LC
4300529.63,20548,31.5435,BG
4300578.3,20547,4.1843,LC
4300605.58,20548,26.0072,BG
4300607.65,20546,8.748,LC
4300608.05,20545,6.3128,LC
4300608.1,20545,6.5055,LC
4300623.64,20547,3.8654,LC
4300636.07,20546,5.2155,LC
4300651.54,20545,4.2067,LC
4300653.15,20547,4.1174,LC
4300669.41,20546,6.0485,LC
4300687.64,20548,31.6876,BG
4300714.28,20545,8.3665,LC
4300725.67,20547,8.1966,LC
4300752.58,20545,4.917,LC
4300755.14,20546,6.4764,LC
4300761.25,20547,4.8375,LC
4300768.77,20548,30.9499,BG
4300783.06,20545,4.7292,LC
4300795.58,20546,4.1972,LC
4300846.3,20548,27.3693,BG
4300882.38,20545,5.9906,LC
4300886.05,20547,10.2894,LC
4300908.1,20546,4.2865,LC
4300911.24,20545,4.5978,LC
4300917.71,20547,4.1967,LC
4300925.65,20548,27.9761,BG
4300973.75,20546,5.9599,LC
4300983.81,20545,6.5309,LC
4300991.86,20547,4.843,LC
4301005.88,20548,29.647,BG
4301014.78,20546,4.3391,LC
4301024.3,20545,4.0913,LC
4301028.26,20547,4.6818,LC
4301040.13,20545,6.3596,LC
4301041.17,20546,7.0486,LC
4301066.15,20545,4.5324,LC
4301067.19,20547,7.4944,LC
4301076.01,20546,3.8956,LC
4301085.79,20548,30.1175,BG
4301092.23,20545,4.0836,LC
4301104.79,20546,4.2851,LC
4301105.27,20547,5.4696,LC
4301107.43,20545,4.395,LC
4301114.14,20546,4.4417,LC
4301119.49,20545,4.3789,LC
4301121.04,20547,8.4978,LC
4301140.26,20546,4.0775,LC
4301150.81,20545,3.907,LC
4301164.08,20547,5.0803,LC
4301167.73,20548,30.7738,BG
4301171.57,20545,4.9285,LC
4301173.91,20546,7.6585,LC
4301174.09,20547,5.7352,LC
4301184.58,20545,4.2208,LC
4301202.49,20547,4.8347,LC
4301205.34,20546,4.9479,LC
4301230.74,20547,6.1601,LC
4301244.77,20548,26.4175,BG
4301258.24,20546,4.1455,LC
4301258.46,20545,6.879,LC
4301261.59,20547,5.0316,LC
4301267.93,20546,4.3334,LC
4301280.64,20545,4.8503,LC
4301293.24,20547,5.2394,LC
4301307.23,20546,7.4468,LC
4301307.31,20545,4.8926,LC
4301320.93,20548,25.6852,BG
4301365.94,20547,4.6187,LC
4301375.76,20545,6.2012,LC
4301375.82,20546,7.6323,LC
4301395.23,20548,24.231,BG
4301396.4,20547,5.9477,LC
4301413.51,20545,11.8681,LC
4301432.23,20546,8.4351,LC
4301463.55,20547,4.9508,LC
4301471.36,20548,25.6585,BG
4301503.41,20545,4.4101,LC
4301515.61,20546,6.4654,LC
4301524.26,20547,4.2678,LC
4301553.12,20545,9.7994,LC
4301555.94,20546,9.0058,LC
4301565.99,20548,43.5374,BG
4301590.14,20547,4.5196,LC
4301630.18,20545,6.3254,LC
4301636.39,20546,3.9876,LC
4301649.81,20547,8.2575,LC
4301649.88,20548,33.9796,BG
4301650.8,20545,4.3901,LC
4301660.92,20546,4.4667,LC
4301681.11,20547,5.1881,LC
4301682.85,20545,5.2459,LC
4301698.83,20546,4.6883,LC
4301707.65,20547,9.8316,LC
4301723.6,20545,7.807,LC
4301729.47,20546,8.062,LC
4301731.15,20548,28.3231,BG
4301731.74,20547,4.9261,LC
4301735.62,20545,8.1614,LC
4301740.2,20546,6.7124,LC
4301744.88,20547,4.5909,LC
4301745.86,20545,4.114,LC
4301763.77,20546,6.3903,LC
4301772.21,20547,4.9599,LC
4301800.23,20545,6.6909,LC
4301812.74,20548,32.9535,BG
4301839.76,20546,4.6406,LC
4301848.88,20547,4.0263,LC
4301855.9,20545,5.5789,LC
4301890.11,20548,26.5881,BG
4301896.52,20547,4.0996,LC
4301910.86,20546,4.6401,LC
4301919.69,20545,4.3174,LC
4301932.52,20547,4.3919,LC
4301935.34,20546,5.0399,LC
4301945.17,20545,4.3631,LC
4301951.82,20546,6.3772,LC
4301951.97,20547,7.5333,LC
4301957.48,20545,6.1083,LC
4301969.35,20548,29.4663,BG
4301998.95,20546,4.7081,LC
4301999.18,20547,11.2266,LC
4302017.07,20545,4.7745,LC
4302044.28,20548,24.4129,BG
4302059.94,20546,5.0346,LC
4302107.17,20547,5.061,LC
4302109.24,20545,4.3013,LC
4302120.0,20546,4.4983,LC
4302120.83,20548,26.7772,BG
4302127.71,20547,4.9287,LC
4302133.34,20545,4.239,LC
4302136.52,20546,4.3769,LC
4302141.26,20547,4.5105,LC
4302166.23,20545,3.9002,LC
4302195.7,20548,24.7883,BG
4302199.43,20546,4.0398,LC
4302203.86,20547,4.9738,LC
4302232.14,20545,4.619,LC
4302239.52,20546,4.3211,LC
4302269.04,20547,8.4182,LC
4302275.99,20548,30.238,BG
4302276.62,20545,3.9662,LC
4302297.89,20546,4.4123,LC
4302312.0,20547,4.7985,LC
4302352.32,20548,26.1759,BG
4302352.6,20545,4.1306,LC
4302364.29,20546,3.875,LC
4302386.05,20547,4.2942,LC
4302408.11,20545,4.4364,LC
4302411.41,20546,4.9573,LC
4302427.16,20548,24.6216,BG
4302483.86,20545,5.7547,LC
4302483.94,20547,5.9293,LC
4302493.11,20546,5.6299,LC
4302518.37,20548,40.6788,BG
4302518.49,20547,9.8222,LC
4302553.51,20545,4.1683,LC
4302560.88,20546,4.0458,LC
4302581.38,20547,9.0671,LC
4302604.4,20548,36.2846,BG
4302681.83,20548,27.3393,BG
4302704.66,20545,4.1631,LC
4302763.95,20548,31.7749,BG
4302774.38,20546,5.5337,LC
4302844.31,20547,7.5608,LC
4302844.38,20548,30.2033,BG
4302870.84,20545,5.0436,LC
4302879.48,20546,4.526,LC
4302921.57,20548,26.2971,BG
4302946.26,20547,4.7578,LC
4302989.42,20545,4.8062,LC
4302998.16,20548,26.2847,BG
4303072.02,20548,23.6251,BG
4303076.6,20546,3.9895,LC
4303146.98,20548,24.5845,BG
4303155.97,20547,4.5011,LC
4303183.29,20545,4.8257,LC
4303214.79,20546,4.0816,LC
4303221.71,20548,24.2638,BG
4303265.66,20547,4.433,LC
4303295.4,20548,23.3043,BG
4303322.16,20545,4.1936,LC
4303369.64,20548,24.0727,BG
4303438.49,20546,6.7238,LC
4303450.32,20548,30.0118,BG
4303465.05,20547,4.0807,LC
4303493.02,20545,4.323,LC
4303524.93,20548,24.9634,BG
4303545.51,20546,4.1341,LC
4303562.29,20547,4.5768,LC
4303575.12,20545,4.421,LC
4303576.61,20546,4.8688,LC
4303602.12,20548,26.0145,BG
4303605.62,20547,4.7675,LC
4303608.24,20545,3.9193,LC
4303658.3,20547,3.8834,LC
4303672.57,20546,4.0884,LC
4303677.49,20548,26.0742,BG
4303710.08,20545,6.6161,LC
4303757.81,20548,29.4234,BG
4303773.36,20547,4.2076,LC
4303792.26,20546,3.964,LC
4303832.14,20548,24.2111,BG
4303909.33,20548,25.9985,BG
4303986.74,20548,27.1125,BG
4304065.26,20548,28.0606,BG
4304142.15,20548,26.6319,BG
4304175.7,20545,4.3281,LC
4304222.08,20548,29.8633,BG
4304232.85,20547,4.2029,LC
4304252.66,20546,4.8423,LC
4304297.7,20548,25.3375,BG
4304305.21,20545,3.8323,LC
4304370.7,20547,4.6457,LC
4304373.55,20548,25.779,BG
4304383.72,20546,4.6575,LC
4304415.17,20545,4.2052,LC
4304437.94,20547,4.6241,LC
4304448.33,20548,24.5543,BG
4304449.68,20546,6.4986,LC
4304453.98,20545,3.9982,LC
4304458.86,20547,4.5318,LC
4304512.6,20546,4.3048,LC
4304530.91,20548,32.3625,BG
4304594.97,20545,5.0829,LC
4304605.6,20548,24.47,BG
4304661.87,20547,5.3036,LC
4304682.07,20548,26.1518,BG
4304746.2,20546,4.8253,LC
4304757.79,20548,25.5868,BG
4304779.57,20545,5.2834,LC
4304832.84,20548,24.9171,BG
4304839.61,20547,4.1338,LC
4304851.82,20546,4.3024,LC
4304918.39,20548,31.3299,BG
4304990.86,20545,6.46,LC
4304993.45,20548,26.6305,BG
4305012.69,20547,4.6729,LC
4305060.22,20546,7.6903,LC
4305063.12,20545,8.8526,LC
4305066.46,20547,5.8807,LC
4305067.83,20548,24.2219,BG
4305082.62,20546,3.9935,LC
4305087.81,20545,4.1158,LC
4305100.07,20547,4.118,LC
4305101.76,20546,4.4679,LC
4305130.44,20545,4.6206,LC
4305143.21,20548,24.8153,BG
4305157.73,20547,4.7453,LC
4305163.42,20546,4.2644,LC
4305180.73,20545,4.1655,LC
4305195.82,20547,4.2465,LC
4305222.48,20548,28.8245,BG
4305258.82,20546,4.5762,LC
4305259.63,20545,4.4332,LC
4305286.67,20547,4.4172,LC
4305286.72,20546,4.0858,LC
4305289.45,20545,5.0364,LC
4305301.46,20548,28.7998,BG
4305304.21,20547,4.5018,LC
4305312.84,20546,4.1375,LC
4305355.06,20545,4.3922,LC
4305366.59,20547,4.1293,LC
4305378.7,20548,26.1161,BG
4305386.52,20546,4.3888,LC
4305453.12,20548,24.9345,BG
4305467.2,20545,4.6244,LC
4305495.68,20547,4.2031,LC
4305525.54,20546,3.8796,LC
4305532.38,20548,29.2076,BG
4305532.74,20545,5.7374,LC
4305549.34,20547,4.6767,LC
4305556.72,20546,3.8786,LC
4305561.6,20545,4.7578,LC
4305579.08,20547,4.2252,LC
4305596.19,20546,4.0022,LC
4305600.83,20545,3.8547,LC
4305614.87,20548,32.2836,BG
4305615.66,20547,7.3202,LC
4305617.98,20546,7.4736,LC
4305618.28,20545,5.9277,LC
4305681.12,20547,5.0443,LC
4305687.58,20546,6.2295,LC
4305692.73,20548,27.4371,BG
4305698.9,20547,5.6977,LC
4305741.46,20545,6.1926,LC
4305741.53,20546,7.2882,LC
4305741.59,20545,9.0417,LC
4305760.17,20547,3.8959,LC
4305770.92,20548,27.9182,BG
4305779.99,20546,4.8891,LC
4305797.59,20545,4.0659,LC
4305806.87,20547,3.9781,LC
4305814.09,20546,5.0427,LC
4305815.7,20545,4.5034,LC
4305830.81,20547,4.2815,LC
4305846.41,20548,24.0596,BG
4305865.68,20546,4.2497,LC
4305885.96,20545,4.5633,LC
4305896.92,20547,3.9175,LC
4305924.88,20546,7.3398,LC
4305926.11,20545,5.3718,LC
4305929.18,20548,33.3879,BG
4305935.17,20547,6.2487,LC
4305944.16,20546,6.7164,LC
4305944.22,20545,4.3201,LC
4305952.48,20547,4.0463,LC
4305961.74,20545,4.3368,LC
4306011.81,20548,32.2038,BG
4306039.49,20546,4.2045,LC
4306044.06,20547,4.2293,LC
4306049.89,20545,6.7942,LC
4306085.58,20546,4.0879,LC
4306087.07,20548,25.208,BG
4306104.22,20547,4.4179,LC
4306135.36,20545,4.8824,LC
4306146.64,20546,4.0226,LC
4306163.38,20548,26.1308,BG
4306170.25,20547,5.3972,LC
4306211.94,20545,5.0089,LC
4306213.26,20546,4.9335,LC
4306237.74,20547,4.7109,LC
4306237.99,20548,24.2994,BG
4306251.98,20545,4.1077,LC
4306281.04,20546,5.0253,LC
4306313.18,20547,6.6169,LC
4306314.36,20548,26.097,BG
4306321.91,20545,4.0022,LC
4306335.19,20546,4.0101,LC
4306343.82,20547,6.1956,LC
4306344.22,20545,4.894,LC
4306374.12,20546,4.1561,LC
4306374.93,20547,4.6607,LC
4306380.71,20545,4.1404,LC
4306385.73,20546,4.5759,LC
4306393.17,20548,28.4145,BG
4306417.75,20547,4.583,LC
4306444.23,20545,4.3618,LC
4306467.51,20548,23.3106,BG
4306481.61,20546,4.0171,LC
4306519.58,20547,4.4447,LC
4306541.18,20548,24.0261,BG
4306615.54,20548,24.1307,BG
4306672.23,20545,4.1753,LC
4306691.47,20548,25.634,BG
4306766.69,20548,25.1016,BG
4306844.35,20548,26.5634,BG
4306891.16,20546,3.9778,LC
4306917.45,20548,23.3931,BG
4306949.67,20547,4.5017,LC
4306992.89,20548,25.7992,BG
4307016.64,20545,4.9759,LC
4307068.12,20548,24.6664,BG
4307145.95,20548,25.4448,BG
4307199.93,20546,4.702,LC
4307221.94,20548,27.8783,BG
4307295.12,20548,23.2097,BG
4307315.12,20547,6.6135,LC
4307316.43,20545,4.9083,LC
4307322.45,20546,3.976,LC
4307332.81,20547,4.0972,LC
4307377.71,20548,25.6681,BG
4307377.87,20545,3.9923,LC
4307386.03,20546,4.1904,LC
4307395.6,20547,8.6662,LC
4307402.7,20545,4.5291,LC
4307413.62,20546,4.1973,LC
4307419.46,20547,4.3314,LC
4307425.24,20545,4.3236,LC
4307446.35,20546,5.1519,LC
4307448.15,20548,26.2427,BG
4307448.3,20547,6.8424,LC
4307450.76,20545,6.2893,LC
4307465.26,20546,4.3274,LC
4307474.89,20547,4.6465,LC
4307496.09,20545,4.3918,LC
4307504.01,20546,4.4054,LC
4307523.67,20548,25.8401,BG
4307540.67,20547,4.0254,LC
4307555.08,20545,4.2267,LC
4307556.26,20546,3.9066,LC
4307597.86,20548,24.0583,BG
4307604.32,20547,4.1847,LC
4307639.42,20545,4.5747,LC
4307645.21,20546,4.1558,LC
4307673.5,20548,25.4796,BG
4307675.13,20547,4.7726,LC
4307690.46,20545,5.2039,LC
4307751.11,20546,5.9047,LC
4307754.36,20547,5.7271,LC
4307754.89,20548,30.7094,BG
4307800.85,20545,4.7717,LC
4307810.03,20546,4.3945,LC
4307832.82,20548,27.7761,BG
4307840.28,20547,6.1978,LC
4307843.42,20545,4.3747,LC
4307854.46,20546,4.0313,LC
4307882.65,20547,5.8843,LC
4307887.45,20545,4.9754,LC
4307914.42,20546,4.3057,LC
4307914.53,20548,31.4604,BG
4307916.43,20547,4.8853,LC
4307933.42,20545,6.808,LC
4307983.11,20546,5.7347,LC
4307992.64,20548,28.1288,BG
4307994.85,20547,4.6792,LC
4308012.85,20546,8.0278,LC
4308013.06,20545,7.9221,LC
4308015.36,20547,5.3012,LC
4308024.74,20545,4.1046,LC
4308057.14,20546,4.2579,LC
4308078.57,20548,26.198,BG
4308081.16,20547,8.9433,LC
4308083.11,20545,6.2649,LC
4308083.79,20546,4.8792,LC
4308127.78,20547,4.0671,LC
4308146.32,20548,27.1015,BG
4308153.21,20545,4.1742,LC
4308159.78,20546,4.2577,LC
4308176.26,20547,8.399,LC
4308177.44,20545,7.6942,LC
4308220.52,20548,23.8912,BG
4308232.95,20546,7.2877,LC
4308235.79,20545,5.4646,LC
4308291.99,20547,4.5003,LC
4308296.44,20548,25.8715,BG
4308300.81,20546,5.1327,LC
4308322.87,20545,4.7773,LC
4308329.44,20547,5.0242,LC
4308335.56,20546,4.2394,LC
4308361.2,20545,4.4396,LC
4308373.37,20548,26.5879,BG
4308384.07,20547,4.373,LC
4308420.11,20546,4.4733,LC
4308434.32,20545,4.352,LC
4308434.79,20547,8.4695,LC
4308450.36,20545,4.514,LC
4308454.96,20548,30.6267,BG
4308483.34,20546,4.1861,LC
4308507.11,20547,4.4952,LC
4308507.39,20545,4.0807,LC
4308529.06,20548,23.9669,BG
4308554.77,20546,4.4952,LC
4308597.42,20545,6.0702,LC
4308599.34,20547,9.6481,LC
4308604.87,20546,4.4415,LC
4308607.49,20548,28.309,BG
4308610.46,20545,4.0745,LC
4308630.47,20547,4.517,LC
4308654.81,20546,4.4013,LC
4308658.31,20545,5.6499,LC
4308671.41,20547,4.2003,LC
4308681.85,20548,24.0273,BG
4308696.67,20545,7.1474,LC
4308696.73,20546,8.3309,LC
4308717.86,20547,4.3642,LC
4308718.05,20546,4.183,LC
4308733.45,20545,5.0292,LC
4308739.65,20547,6.7591,LC
4308753.27,20546,7.3135,LC
4308757.33,20545,4.5754,LC
4308765.58,20547,5.2549,LC
4308774.65,20546,6.324,LC
4308776.29,20548,42.2809,BG
4308843.36,20545,8.6904,LC
4308843.52,20547,6.9382,LC
4308852.16,20548,25.6084,BG
4308869.17,20546,4.5032,LC
4308870.36,20545,6.8316,LC
4308874.69,20547,7.4716,LC
4308892.97,20546,4.8156,LC
4308904.02,20545,4.0306,LC
4308914.98,20547,4.2036,LC
4308929.54,20548,27.3667,BG
4308949.52,20546,4.6217,LC
4308977.52,20545,17.7453,LC
4308977.71,20547,15.4306,LC
4309004.43,20547,4.0291,LC
4309006.95,20546,17.5411,LC
4309014.9,20545,7.096,LC
4309028.38,20548,48.1483,BG
4309037.04,20547,4.046,LC
4309043.84,20546,3.9462,LC
4309059.75,20545,4.7558,LC
4309074.34,20547,4.2179,LC
4309091.68,20546,8.239,LC
4309094.19,20545,4.7308,LC
4309111.83,20548,33.3152,BG
4309114.13,20547,3.9735,LC
4309128.29,20546,3.9795,LC
4309133.16,20545,4.1333,LC
4309150.36,20547,4.3806,LC
4309190.88,20546,8.3321,LC
4309192.33,20548,30.3701,BG
4309235.44,20545,4.545,LC
4309238.68,20547,4.2781,LC
4309259.92,20546,7.9619,LC
4309270.72,20545,4.1646,LC
4309273.05,20548,30.5829,BG
4309294.25,20547,4.0318,LC
4309305.67,20546,4.1464,LC
4309319.65,20545,4.3861,LC
4309335.06,20547,4.452,LC
4309339.16,20546,6.4341,LC
4309356.71,20545,9.6818,LC
4309356.88,20548,32.5093,BG
4309384.14,20547,5.1793,LC
4309389.68,20546,4.1635,LC
4309397.64,20545,4.2971,LC
4309431.48,20547,6.8943,LC
4309436.65,20548,30.04,BG
4309450.68,20546,4.4754,LC
4309516.85,20548,30.0566,BG
4309583.53,20545,6.2016,LC
4309596.31,20548,29.1529,BG
4309617.2,20547,4.7485,LC
4309673.7,20548,27.1954,BG
4309681.54,20546,6.2474,LC
4309740.78,20545,6.1268,LC
4309761.43,20548,33.3431,BG
4309768.55,20547,4.4866,LC
4309780.27,20546,4.6905,LC
4309834.28,20548,25.4824,BG
4309887.45,20545,4.1854,LC
4309922.06,20548,33.3006,BG
4309924.11,20547,4.2666,LC
4309980.14,20546,6.2785,LC
4309994.33,20548,26.3198,BG
4310010.06,20545,4.6301,LC
4310053.37,20547,4.3265,LC
4310073.21,20548,28.3667,BG
4310094.75,20546,4.2577,LC
4310147.49,20548,24.0916,BG
4310206.22,20545,8.0885,LC
4310227.56,20548,29.8576,BG
4310250.33,20547,4.6966,LC
4310255.16,20546,4.8671,LC
4310256.09,20545,4.8575,LC
4310293.93,20547,3.8592,LC
4310301.16,20548,23.4248,BG
4310306.75,20546,3.8981,LC
4310376.17,20548,24.5588,BG
4310422.91,20545,4.4285,LC
4310449.66,20548,23.4289,BG
4310506.12,20547,4.3869,LC
4310524.76,20548,24.6603,BG
4310579.79,20546,4.8252,LC
4310602.86,20548,28.0864,BG
4310605.86,20545,4.4898,LC
4310646.09,20547,4.4995,LC
4310679.56,20548,26.4566,BG
4310738.11,20546,6.3254,LC
4310740.1,20545,5.0115,LC
4310763.29,20548,31.444,BG
4310842.98,20548,29.8489,BG
4310858.21,20547,4.4413,LC
4310900.59,20545,6.0172,LC
4310925.35,20546,4.8686,LC
4310925.41,20548,30.0242,BG
4310979.06,20547,5.2044,LC
4311001.62,20548,28.08,BG
4311062.46,20545,5.0497,LC
4311079.62,20548,27.9143,BG
4311155.85,20548,26.047,BG
4311165.49,20546,3.9499,LC
4311207.64,20547,4.6415,LC
4311230.73,20548,24.7408,BG
4311305.98,20548,25.0094,BG
4311381.55,20548,25.1508,BG
4311453.38,20545,5.9373,LC
4311463.1,20548,31.2928,BG
4311538.58,20548,23.8507,BG
4311631.37,20548,42.3866,BG
4311650.13,20546,5.3908,LC
4311715.93,20548,33.6525,BG
4311790.86,20548,24.6734,BG
4311803.83,20547,4.2528,LC
4311819.38,20545,4.8494,LC
4311837.39,20546,5.0836,LC
4311844.09,20547,4.2115,LC
4311868.26,20548,25.9765,BG
4311884.45,20545,4.0881,LC
4311965.32,20548,44.3331,BG
4312006.52,20546,4.1292,LC
4312019.55,20547,3.8584,LC
4312038.79,20548,25.7444,BG
4312045.31,20545,4.2321,LC
4312092.61,20546,6.0269,LC
4312117.04,20548,27.7446,BG
4312121.82,20547,4.4343,LC
4312162.54,20545,4.2518,LC
4312183.43,20546,7.5749,LC
4312198.06,20548,30.5389,BG
4312261.53,20547,5.6106,LC
4312273.11,20548,24.8918,BG
4312315.84,20545,4.6914,LC
4312348.94,20548,25.8534,BG
4312367.36,20546,5.1056,LC
4312419.39,20547,6.0874,LC
4312425.22,20548,26.2066,BG
4312427.6,20545,4.341,LC
4312456.46,20546,4.4853,LC
4312501.36,20548,25.9682,BG
4312566.09,20547,5.7211,LC
4312582.32,20548,30.7374,BG
4312665.94,20548,33.3389,BG
4312746.6,20548,30.2378,BG
4312808.32,20545,7.9562,LC
4312824.72,20548,28.2176,BG
4312878.97,20546,4.3573,LC
4312900.62,20548,25.7035,BG
4312962.43,20547,3.9151,LC
4312978.24,20548,26.8692,BG
4312980.16,20545,5.7255,LC
4312988.08,20546,4.3101,LC
4312988.99,20547,4.2916,LC
4313000.09,20545,4.246,LC
4313018.94,20546,5.1179,LC
4313044.53,20547,6.1136,LC
4313056.1,20548,28.5337,BG
4313062.06,20545,4.0203,LC
4313066.21,20546,5.6599,LC
4313068.37,20547,4.552,LC
4313085.81,20545,4.28,LC
4313098.56,20546,4.0373,LC
4313100.48,20547,4.0883,LC
4313114.25,20545,4.5887,LC
4313133.68,20548,25.8299,BG
4313208.47,20546,7.0496,LC
4313211.12,20548,27.2925,BG
4313222.61,20547,4.0413,LC
4313238.89,20545,6.3053,LC
4313241.31,20546,4.9748,LC
4313258.77,20547,4.0031,LC
4313288.23,20546,6.836,LC
4313288.88,20545,9.2691,LC
4313293.1,20548,31.7355,BG
4313306.39,20547,4.0375,LC
4313335.08,20545,4.4858,LC
4313367.26,20546,5.9953,LC
4313367.74,20548,24.5538,BG
4313369.8,20547,4.3939,LC
4313382.13,20545,4.2923,LC
4313396.68,20546,6.4281,LC
4313399.11,20545,4.0778,LC
4313400.2,20547,8.304,LC
4313439.8,20545,4.131,LC
4313442.92,20548,24.9137,BG
4313468.8,20546,4.9295,LC
4313487.2,20547,6.1067,LC
4313517.16,20548,24.092,BG
4313523.64,20545,4.4082,LC
4313529.2,20546,3.9207,LC
4313551.07,20547,4.1368,LC
4313551.89,20545,4.4079,LC
4313576.95,20546,6.8847,LC
4313591.56,20547,4.298,LC
4313594.97,20548,27.7007,BG
4313613.02,20545,4.4723,LC
4313636.18,20546,6.4251,LC
4313669.55,20548,24.4201,BG
4313674.17,20547,4.0481,LC
4313743.6,20548,23.8779,BG
4313756.13,20545,4.0784,LC
4313799.12,20546,4.2223,LC
4313809.12,20547,4.0325,LC
4313827.2,20545,6.1683,LC
4313828.11,20548,34.502,BG
4313837.91,20546,3.9648,LC
4313846.49,20547,7.9789,LC
4313847.68,20545,6.1092,LC
4313858.27,20546,3.954,LC
4313896.04,20547,4.2233,LC
4313902.97,20548,23.7556,BG
4313947.99,20545,4.6044,LC
4313974.68,20546,8.3837,LC
4313977.28,20547,4.6006,LC
4313985.94,20548,32.8738,BG
4314003.8,20545,4.4365,LC
4314007.45,20546,4.0677,LC
4314054.28,20547,5.3139,LC
4314056.47,20545,4.628,LC
4314064.07,20548,27.9251,BG
4314074.06,20546,4.8458,LC
4314083.03,20547,4.2032,LC
4314098.94,20545,4.2726,LC
4314101.97,20546,4.7376,LC
4314142.08,20547,5.9302,LC
4314144.03,20545,6.4527,LC
4314145.14,20548,30.9594,BG
4314146.09,20547,5.7166,LC
4314146.17,20546,7.2863,LC
4314150.99,20545,8.3197,LC
4314178.02,20547,4.1762,LC
4314224.83,20548,29.4996,BG
4314248.12,20546,5.1049,LC
4314262.17,20545,4.2344,LC
4314299.81,20548,24.6944,BG
4314339.53,20547,4.1487,LC
4314345.52,20546,4.343,LC
4314373.44,20548,23.3935,BG
4314421.35,20545,4.3734,LC
4314425.48,20547,5.593,LC
4314429.51,20546,4.1791,LC
4314453.79,20545,9.5462,LC
4314454.2,20548,30.6866,BG
4314464.18,20547,4.9715,LC
4314486.57,20546,3.861,LC
4314501.23,20545,5.3487,LC
4314529.21,20548,24.7307,BG
4314544.8,20547,4.189,LC
4314559.3,20546,4.0938,LC
4314563.39,20545,4.0628,LC
4314569.21,20547,3.9755,LC
4314593.32,20546,4.0462,LC
4314603.73,20548,24.3633,BG
4314618.46,20545,3.9083,LC
4314638.43,20547,5.9294,LC
4314678.44,20548,24.3939,BG
4314714.08,20546,4.1131,LC
4314725.99,20545,6.5519,LC
4314740.84,20547,4.4863,LC
4314754.09,20546,4.1291,LC
4314763.57,20548,32.7871,BG
4314763.66,20545,8.1359,LC
4314799.29,20547,4.7091,LC
4314818.32,20546,6.1234,LC
4314836.2,20545,4.1711,LC
4314843.48,20547,5.2623,LC
4314843.55,20548,30.2397,BG
4314852.37,20546,4.0489,LC
4314880.97,20545,4.351,LC
4314883.58,20547,6.5603,LC
4314885.75,20546,5.6185,LC
4314891.12,20545,4.7142,LC
4314896.48,20547,5.6986,LC
4314897.92,20545,4.6688,LC
4314907.19,20545,4.0113,LC
4314907.74,20546,9.7016,LC
4314925.52,20548,31.9203,BG
4314932.27,20547,4.9926,LC
4314940.06,20545,3.976,LC
4314943.19,20546,4.6777,LC
4314974.36,20547,4.4394,LC
4315008.19,20548,32.527,BG
4315014.19,20545,5.3446,LC
4315040.07,20546,6.1731,LC
4315048.84,20547,4.5089,LC
4315053.03,20545,4.3831,LC
4315086.85,20548,27.6076,BG
4315102.87,20546,4.128,LC
4315150.93,20547,6.6566,LC
4315160.5,20548,23.6876,BG
4315174.07,20545,4.0036,LC
4315189.71,20546,4.2932,LC
4315224.68,20547,4.1511,LC
4315233.64,20545,6.315,LC
4315238.06,20548,25.3016,BG
4315240.57,20546,4.3467,LC
4315249.91,20547,4.0773,LC
4315258.37,20545,4.0508,LC
4315278.38,20546,4.3332,LC
4315281.54,20547,4.1941,LC
4315284.72,20545,4.1531,LC
4315299.17,20547,4.5461,LC
4315309.96,20548,23.5818,BG
4315322.77,20546,4.3306,LC
4315331.12,20545,4.9502,LC
4315346.15,20547,4.3534,LC
4315356.2,20546,4.2959,LC
4315377.21,20545,4.326,LC
4315380.26,20547,4.4074,LC
4315383.75,20548,23.585,BG
4315401.29,20545,4.5012,LC
4315426.13,20546,10.95,LC
4315430.31,20545,6.9215,LC
4315432.58,20547,9.5575,LC
4315432.71,20547,4.4224,LC
4315440.41,20546,7.0207,LC
4315441.74,20545,4.5892,LC
4315451.06,20547,4.3256,LC
4315457.92,20547,4.2137,LC
4315458.44,20546,7.137,LC
4315463.16,20548,29.173,BG
4315478.17,20545,5.3998,LC
4315481.93,20547,4.5893,LC
4315488.73,20546,4.9621,LC
4315501.19,20545,4.7747,LC
4315534.87,20547,4.3075,LC
4315543.67,20548,29.3121,BG
4315616.18,20548,23.525,BG
4315619.96,20546,4.3437,LC
4315652.8,20545,4.2459,LC
4315660.74,20547,5.3477,LC
4315665.31,20546,4.265,LC
4315691.02,20548,23.7662,BG
4315701.94,20545,4.9558,LC
4315776.3,20548,32.685,BG
4315780.79,20546,10.0597,LC
4315781.07,20547,7.5759,LC
4315843.28,20545,7.6849,LC
4315846.71,20547,5.9976,LC
4315846.96,20546,9.2154,LC
4315853.06,20545,6.1686,LC
4315855.46,20547,4.3982,LC
4315860.08,20548,33.8231,BG
4315863.34,20546,4.2886,LC
4315868.47,20545,4.4328,LC
4315911.61,20547,6.4365,LC
4315912.85,20546,5.8785,LC
4315936.79,20545,4.3886,LC
4315938.67,20548,28.4615,BG
4315959.23,20547,4.1391,LC
4315979.72,20546,10.1063,LC
4315982.09,20545,9.8278,LC
4315982.34,20547,6.8089,LC
4315998.28,20546,4.1995,LC
4316018.55,20548,28.2699,BG
4316027.64,20545,5.1773,LC
4316061.67,20547,5.0527,LC
4316062.79,20546,4.3144,LC
4316072.12,20545,4.3985,LC
4316072.18,20547,6.1664,LC
4316090.95,20546,4.0373,LC
4316094.14,20548,24.2592,BG
4316099.44,20545,4.0213,LC
4316121.56,20547,4.2394,LC
4316130.03,20546,4.3958,LC
4316154.19,20545,5.8588,LC
4316171.15,20548,26.8623,BG
4316181.85,20547,4.3345,LC
4316186.13,20546,3.9742,LC
4316201.46,20545,4.1118,LC
4316221.09,20547,6.0333,LC
4316225.04,20546,3.9335,LC
4316242.18,20545,10.2519,LC
4316244.38,20547,5.1425,LC
4316249.88,20548,28.5844,BG
4316267.73,20546,5.3746,LC
4316306.16,20545,4.635,LC
4316319.17,20547,4.2631,LC
4316324.1,20548,23.6722,BG
4316326.68,20546,4.048,LC
4316332.31,20545,8.4843,LC
4316338.43,20547,10.093,LC
4316339.56,20546,6.6343,LC
4316358.76,20545,4.436,LC
4316364.87,20547,4.06,LC
4316389.6,20546,7.3634,LC
4316393.84,20545,4.3111,LC
4316405.35,20548,31.3956,BG
4316436.99,20547,4.1282,LC
4316437.72,20546,4.2848,LC
4316446.04,20545,4.1666,LC
4316447.54,20547,4.973,LC
4316482.21,20548,26.6002,BG
4316518.67,20546,4.6421,LC
4316559.0,20545,5.4863,LC
4316559.9,20548,27.5507,BG
4316634.99,20547,8.0257,LC
4316640.66,20548,30.5919,BG
4316720.44,20548,29.354,BG
4316803.21,20546,9.3467,LC
4316803.3,20548,32.0079,BG
4316809.78,20545,4.1485,LC
4316880.14,20548,25.3238,BG
4316908.48,20547,5.2017,LC
4316957.91,20548,27.9735,BG
4317017.87,20546,5.1564,LC
4317039.24,20548,28.9124,BG
4317055.36,20545,5.8863,LC
4317106.27,20547,4.3105,LC
4317116.46,20546,8.1636,LC
4317123.11,20548,31.9782,BG
4317127.63,20545,4.1733,LC
4317182.6,20547,4.9546,LC
4317187.95,20546,4.5222,LC
4317202.42,20548,30.7347,BG
4317262.12,20545,5.7113,LC
4317269.41,20547,4.5721,LC
4317284.33,20548,31.684,BG
4317342.06,20546,8.0503,LC
4317356.21,20545,7.7191,LC
4317365.88,20548,31.4166,BG
4317414.77,20547,7.4804,LC
4317444.33,20548,28.1814,BG
4317480.51,20546,4.3039,LC
4317526.82,20548,32.3313,BG
4317588.42,20545,4.8704,LC
4317601.76,20548,24.8882,BG
4317649.38,20547,7.4931,LC
4317694.63,20546,4.0004,LC
4317704.36,20548,52.0464,BG
4317762.14,20545,4.5055,LC
4317793.84,20548,39.2498,BG
4317868.12,20548,24.0185,BG
4317885.93,20547,4.2942,LC
4317936.11,20546,4.4624,LC
4317953.15,20548,32.0563,BG
4318024.11,20545,4.2711,LC
4318027.55,20548,25.2589,BG
4318033.45,20547,4.3343,LC
4318050.29,20546,4.4353,LC
4318061.66,20545,4.028,LC
4318067.81,20547,4.3653,LC
4318079.82,20546,5.6024,LC
4318103.19,20548,25.4686,BG
4318104.91,20545,6.9942,LC
4318124.14,20547,4.7687,LC
4318126.58,20546,4.3253,LC
4318131.09,20545,4.8782,LC
4318177.5,20546,4.0454,LC
4318177.88,20548,24.57,BG
4318185.28,20547,4.0832,LC
4318197.54,20545,4.0082,LC
4318207.45,20546,3.8602,LC
4318223.52,20547,3.9944,LC
4318230.56,20545,6.2481,LC
4318252.6,20548,24.5599,BG
4318297.14,20546,4.138,LC
4318322.83,20547,4.3998,LC
4318326.52,20548,23.8951,BG
4318343.72,20545,4.3565,LC
4318346.78,20546,4.2674,LC
4318373.1,20547,3.9722,LC
4318377.53,20545,4.0687,LC
4318393.94,20546,4.0399,LC
4318401.25,20548,24.6148,BG
4318412.25,20547,4.3219,LC
4318416.54,20545,4.0205,LC
4318445.01,20546,4.1244,LC
4318472.67,20547,4.266,LC
4318476.47,20548,23.2886,BG
4318487.64,20545,4.2316,LC
4318550.24,20548,23.5454,BG
4318550.32,20546,4.0695,LC
4318569.61,20547,4.0803,LC
4318623.1,20548,22.6696,BG
4318623.49,20545,4.9867,LC
4318660.98,20546,6.4332,LC
4318675.92,20547,6.2545,LC
4318697.42,20548,24.2467,BG
4318728.42,20546,3.8805,LC
4318729.86,20545,7.013,LC
4318745.41,20547,4.7301,LC
4318746.86,20546,4.7098,LC
4318754.58,20547,8.9697,LC
4318760.52,20545,11.3722,LC
4318773.35,20546,5.0641,LC
4318785.89,20548,37.1536,BG
4318801.55,20547,5.176,LC
4318830.52,20545,4.9295,LC
4318864.18,20548,25.7294,BG
4318872.03,20546,5.8676,LC
4318893.11,20547,4.049,LC
4318893.69,20545,4.6849,LC
4318898.85,20547,4.1029,LC
4318907.68,20546,4.1572,LC
4318917.09,20545,4.1571,LC
4318938.46,20547,6.008,LC
4318938.66,20548,26.8284,BG
4318979.87,20546,4.3275,LC
4318985.6,20545,4.6668,LC
4318998.67,20546,4.7278,LC
4318998.87,20547,10.1732,LC
4319004.82,20545,4.4698,LC
4319008.68,20547,3.8922,LC
4319023.17,20548,34.8983,BG
4319025.8,20545,4.1797,LC
4319036.06,20546,4.2866,LC
4319038.99,20547,4.4887,LC
4319047.12,20545,4.148,LC
4319074.07,20546,3.9363,LC
4319093.19,20547,7.994,LC
4319101.08,20548,27.4552,BG
4319132.21,20545,4.1409,LC
4319190.82,20548,34.1774,BG
4319191.07,20546,9.6611,LC
4319194.17,20547,4.7371,LC
4319196.52,20545,4.4997,LC
4319214.96,20546,3.8567,LC
4319267.06,20548,27.0783,BG
4319284.39,20545,7.1213,LC
4319284.45,20547,8.5217,LC
4319339.36,20546,9.1222,LC
4319354.2,20548,37.6058,BG
4319355.22,20547,4.2372,LC
4319366.46,20545,3.9618,LC
4319374.07,20546,3.8441,LC
4319381.84,20547,4.1528,LC
4319425.13,20545,11.4754,LC
4319427.61,20546,9.0944,LC
4319439.54,20547,4.0751,LC
4319440.33,20548,35.9394,BG
4319461.52,20545,4.3142,LC
4319494.48,20546,6.0449,LC
4319524.1,20547,4.4477,LC
4319530.13,20548,37.5135,BG
4319532.23,20545,10.2162,LC
4319532.89,20546,9.7983,LC
4319558.5,20547,4.0937,LC
4319609.88,20548,31.1787,BG
4319624.06,20545,4.1108,LC
4319674.88,20546,9.5355,LC
4319684.37,20545,3.8868,LC
4319689.16,20547,6.8956,LC
4319699.71,20546,4.3143,LC
4319699.82,20548,39.6796,BG
4319701.22,20545,4.1922,LC
4319707.97,20547,3.9462,LC
4319711.7,20546,4.3445,LC
4319719.17,20547,4.034,LC
4319721.72,20545,4.3591,LC
4319736.19,20546,3.9938,LC
4319746.33,20547,5.9457,LC
4319746.38,20545,4.1087,LC
4319751.65,20546,4.5606,LC
4319768.83,20547,6.4333,LC
4319787.79,20545,9.4573,LC
4319788.3,20548,38.1901,BG
4319788.52,20546,4.4872,LC
4319832.79,20547,3.9394,LC
4319863.31,20545,9.0956,LC
4319869.1,20548,30.7873,BG
4319878.86,20546,6.4856,LC
4319885.62,20547,4.0771,LC
4319890.1,20545,4.0984,LC
4319945.59,20548,24.4142,BG
4319946.14,20547,4.952,LC
4319967.06,20546,4.3281,LC
4319976.4,20545,4.2515,LC
4319992.39,20547,7.9734,LC
4319992.45,20546,8.2692,LC
4319997.54,20546,4.6014,LC
4319999.35,20545,6.4845,LC
4320018.77,20547,4.3034,LC
4320024.45,20548,28.6271,BG
4320026.99,20546,4.0456,LC
4320032.88,20545,3.9409,LC
4320078.82,20547,8.344,LC
4320107.94,20546,13.9688,LC
4320109.26,20545,8.0525,LC
4320115.05,20548,40.373,BG
4320127.26,20546,11.0551,LC
4320127.42,20547,10.9194,LC
4320128.83,20545,5.94,LC
4320137.44,20547,8.4532,LC
4320137.5,20546,4.1403,LC
4320170.75,20545,10.313,LC
4320171.96,20547,9.1719,LC
4320191.63,20548,25.4977,BG
4320192.09,20546,4.3133,LC
4320214.66,20545,5.061,LC
4320222.31,20547,4.2705,LC
4320240.52,20546,4.3477,LC
4320247.56,20545,6.6564,LC
4320251.08,20547,4.8385,LC
4320256.44,20546,8.4473,LC
4320256.6,20545,8.2096,LC
4320258.44,20547,5.308,LC
4320265.58,20546,3.9862,LC
4320272.44,20548,30.2299,BG
4320285.43,20545,8.1785,LC
4320285.51,20547,5.0114,LC
4320346.91,20548,24.2275,BG
4320368.21,20546,3.9616,LC
4320371.89,20545,4.127,LC
4320382.12,20547,6.0759,LC
4320382.8,20546,4.5124,LC
4320390.0,20545,4.1625,LC
4320391.85,20547,4.2695,LC
4320420.21,20548,23.0555,BG
4320439.65,20546,6.6031,LC
4320446.15,20545,4.161,LC
4320447.1,20547,4.1615,LC
4320493.86,20548,23.4546,BG
4320507.14,20546,4.1084,LC
4320531.42,20545,4.1109,LC
4320561.77,20547,8.1823,LC
4320561.88,20546,7.5146,LC
4320567.86,20548,23.8408,BG
4320607.11,20545,4.5778,LC
4320627.48,20547,3.9696,LC
4320643.64,20548,25.609,BG
4320686.16,20546,3.849,LC
4320716.49,20545,4.5881,LC
4320719.64,20547,4.4024,LC
4320721.89,20548,28.2122,BG
4320739.97,20545,4.5959,LC
4320786.12,20546,4.2057,LC
4320805.16,20548,32.1593,BG
4320816.48,20547,4.0694,LC
4320881.78,20548,26.4741,BG
4320898.31,20545,4.8929,LC
4320900.79,20546,4.4721,LC
4320961.66,20548,29.77,BG
4320961.9,20547,4.3307,LC
4320982.07,20545,5.269,LC
4320999.53,20546,5.4966,LC
4321000.07,20547,4.4895,LC
4321036.16,20548,24.117,BG
4321109.37,20548,22.9778,BG
4321177.1,20545,4.1147,LC
4321185.56,20548,26.1681,BG
4321226.25,20546,5.1054,LC
4321235.19,20547,4.2143,LC
4321260.2,20545,4.9616,LC
4321261.49,20548,24.3543,BG
4321335.33,20548,23.5891,BG
4321367.57,20546,6.0011,LC
4321395.59,20547,6.7915,LC
4321412.33,20548,26.7593,BG
4321420.5,20545,4.1918,LC
4321496.26,20548,33.7048,BG
4321532.92,20546,4.403,LC
4321559.81,20547,10.7041,LC
4321565.51,20545,5.4022,LC
4321580.27,20548,33.9274,BG
4321608.47,20546,4.1389,LC
4321661.14,20547,4.2175,LC
4321662.37,20548,31.8182,BG
4321749.48,20548,36.8826,BG
4321777.46,20545,4.2019,LC
4321785.4,20546,5.1917,LC
4321788.74,20547,4.0556,LC
4321793.35,20545,4.3047,LC
4321798.19,20546,4.2925,LC
4321835.15,20548,33.5618,BG
4321856.49,20547,4.0865,LC
4321876.94,20545,4.0856,LC
4321911.2,20548,25.9105,BG
4321981.83,20546,4.6256,LC
4321996.1,20548,32.9124,BG
4322062.41,20547,6.4992,LC
4322078.4,20548,33.9779,BG
4322090.56,20545,4.0708,LC
4322112.18,20546,4.5576,LC
4322163.41,20548,34.5128,BG
4322243.77,20548,30.0912,BG
4322254.8,20547,4.4168,LC
4322275.18,20545,4.1592,LC
4322317.86,20548,23.8801,BG
4322395.86,20548,27.785,BG
4322477.7,20548,31.5491,BG
4322514.43,20546,4.2579,LC
4322547.41,20547,4.1586,LC
4322556.28,20548,28.5473,BG
4322641.08,20545,4.4735,LC
4322641.16,20548,34.5746,BG
4322649.97,20546,4.0251,LC
4322693.74,20547,6.9826,LC
4322716.05,20548,24.7701,BG
4322781.04,20545,9.6405,LC
4322804.41,20548,37.5447,BG
4322874.21,20546,5.8621,LC
4322882.16,20548,27.6409,BG
4322917.41,20547,5.138,LC
4322944.43,20545,8.2174,LC
4322966.49,20548,34.0606,BG
4322991.65,20546,4.5296,LC
4323043.46,20548,26.8331,BG
4323058.84,20547,4.4943,LC
4323116.84,20545,4.4019,LC
4323119.09,20548,25.4187,BG
4323190.09,20546,4.9057,LC
4323203.57,20548,34.261,BG
4323239.07,20547,4.0786,LC
4323281.55,20548,27.7412,BG
4323369.98,20548,38.2779,BG
4323374.8,20545,3.8837,LC
4323375.15,20546,3.612,LC
4323389.92,20547,3.9927,LC
4323447.14,20545,11.6414,LC
4323447.73,20546,5.6808,LC
4323459.44,20548,39.082,BG
4323473.06,20545,3.8063,LC
4323507.65,20547,4.0928,LC
4323532.63,20548,22.9931,BG
4323543.76,20546,4.137,LC
4323605.52,20548,22.6929,BG
4323621.13,20545,4.066,LC
4323630.8,20547,3.9722,LC
4323640.53,20546,3.8842,LC
4323654.12,20545,3.8988,LC
4323680.23,20548,24.4933,BG
4323720.19,20547,6.0249,LC
4323758.33,20548,27.9352,BG
4323758.65,20546,6.4782,LC
4323783.24,20545,5.6081,LC
4323835.58,20548,26.7074,BG
4323915.98,20548,30.507,BG
4323925.69,20547,5.0012,LC
4323993.05,20546,11.6625,LC
4324015.35,20548,47.6535,BG
4324061.69,20545,7.0153,LC
4324097.78,20548,32.5012,BG
4324170.74,20548,22.8068,BG
4324246.6,20548,25.789,BG
4324246.73,20547,4.1418,LC
4324266.23,20546,4.2199,LC
4324320.45,20548,23.5414,BG
4324397.18,20548,24.633,BG
4324399.57,20545,5.504,LC
4324405.13,20547,3.9731,LC
4324463.11,20546,3.8729,LC
4324468.65,20548,23.2447,BG
4324483.3,20545,3.9552,LC
4324507.25,20547,5.3237,LC
4324543.83,20548,24.5256,BG
4324549.92,20546,4.1535,LC
4324597.03,20545,4.0085,LC
4324600.3,20547,4.031,LC
4324620.28,20548,26.4293,BG
4324646.47,20545,4.8872,LC
4324695.96,20548,25.512,BG
4324765.4,20546,4.819,LC
4324769.9,20548,23.8286,BG
4324770.99,20547,4.1009,LC
4324847.04,20548,26.1019,BG
4324852.02,20545,4.1191,LC
4324919.17,20546,4.3872,LC
4324920.17,20548,23.7794,BG
4324955.49,20547,4.0656,LC
4325005.86,20548,35.5145,BG
4325085.07,20548,29.0202,BG
4325104.55,20545,3.9364,LC
4325117.02,20546,4.315,LC
4325120.45,20547,4.3504,LC
4325126.22,20546,4.322,LC
4325158.17,20548,22.9926,BG
4325234.52,20545,14.7132,LC
4325234.69,20547,11.3855,LC
4325249.07,20548,40.6703,BG
4325280.26,20546,4.4855,LC
4325323.15,20548,23.7228,BG
4325350.18,20545,4.2993,LC
4325370.83,20547,4.3048,LC
4325398.75,20548,25.5006,BG
4325406.24,20546,3.8527,LC
4325444.89,20545,4.0418,LC
4325474.37,20548,25.4396,BG
4325489.25,20547,3.8937,LC
4325553.22,20548,27.8393,BG
4325587.28,20546,4.0379,LC
4325609.12,20545,6.5397,LC
4325621.64,20547,4.5225,LC
4325634.11,20548,29.6831,BG
4325656.2,20546,3.9336,LC
4325700.14,20545,5.7971,LC
4325711.28,20547,4.9473,LC
4325718.49,20548,35.2317,BG
4325741.34,20546,4.0537,LC
4325783.34,20545,6.8759,LC
4325800.93,20548,32.1453,BG
4325817.58,20547,6.1918,LC
4325867.49,20546,4.146,LC
4325874.99,20548,24.0341,BG
4325904.14,20545,4.2248,LC
4325950.55,20548,23.6512,BG
4325952.23,20547,4.577,LC
4326024.09,20546,4.1206,LC
4326027.94,20548,29.0532,BG
4326103.67,20548,25.441,BG
4326153.6,20545,4.2011,LC
4326161.45,20547,7.9728,LC
4326182.09,20548,26.7967,BG
4326256.24,20548,23.9637,BG
4326334.7,20548,28.1282,BG
4326364.54,20546,4.0575,LC
4326407.7,20548,22.8237,BG
4326481.28,20548,23.444,BG
4326497.18,20545,4.0712,LC
4326557.39,20548,26.03,BG
4326599.17,20547,4.2603,LC
4326632.44,20548,24.9788,BG
4326647.53,20546,4.5014,LC
4326707.11,20548,24.5077,BG
4326713.65,20545,4.1436,LC
4326785.29,20548,27.944,BG
4326872.11,20548,36.7532,BG
4326872.34,20547,4.3158,LC
4326951.65,20548,29.4069,BG
4327027.77,20548,25.8746,BG
4327071.81,20546,4.3627,LC
4327071.87,20545,4.0923,LC
4327100.75,20547,8.3882,LC
4327106.02,20548,28.2743,BG
4327127.51,20546,4.0575,LC
4327149.97,20545,4.7575,LC
4327167.94,20547,6.4281,LC
4327180.8,20548,24.5561,BG
4327221.21,20546,5.0722,LC
4327267.93,20545,8.0573,LC
4327269.14,20548,38.1051,BG
4327347.81,20548,28.2905,BG
4327436.13,20548,38.0126,BG
4327505.47,20547,3.9433,LC
4327515.25,20548,28.8549,BG
4327541.89,20546,4.201,LC
4327568.88,20545,4.7819,LC
4327588.87,20548,23.5203,BG
4327625.2,20547,4.3433,LC
4327669.69,20548,30.5694,BG
4327683.95,20546,4.1182,LC
4327728.45,20545,6.7269,LC
4327750.07,20547,8.1392,LC
4327753.5,20546,4.2974,LC
4327753.62,20548,33.6802,BG
4327775.09,20547,4.0763,LC
4327835.6,20548,31.5369,BG
4327854.97,20545,4.2591,LC
4327862.73,20546,4.0052,LC
4327913.46,20548,28.17,BG
4327950.06,20547,4.2604,LC
4327984.56,20545,6.2017,LC
4327988.12,20548,23.3294,BG
4328032.34,20546,5.5787,LC
4328065.29,20548,25.6297,BG
4328067.23,20547,8.8757,LC
4328130.4,20545,7.4449,LC
4328150.47,20548,35.0798,BG
4328164.36,20546,4.1406,LC
4328222.36,20547,11.9321,LC
4328236.2,20548,35.5997,BG
4328253.24,20545,4.0939,LC
4328276.09,20546,4.3776,LC
4328318.2,20548,31.5975,BG
4328329.26,20547,4.1855,LC
4328396.56,20548,28.2465,BG
4328413.63,20545,4.1986,LC
4328482.73,20548,35.8432,BG
4328558.6,20548,25.6841,BG
4328631.82,20548,23.1029,BG
4328651.79,20546,3.9542,LC
4328690.17,20547,8.3822,LC
4328710.72,20548,27.5149,BG
4328741.06,20545,4.1016,LC
4328784.16,20546,8.4129,LC
4328789.06,20548,28.2018,BG
4328818.47,20547,6.7069,LC
4328832.14,20545,6.4058,LC
4328835.73,20546,6.7233,LC
4328863.73,20548,24.4027,BG
4328874.7,20547,3.8336,LC
4328905.1,20545,4.027,LC
4328907.01,20546,4.048,LC
4328913.06,20545,5.4679,LC
4328931.28,20547,11.1418,LC
4328931.82,20546,12.3794,LC
4328936.27,20545,4.1352,LC
4328947.06,20547,8.0793,LC
4328954.16,20548,38.0602,BG
4328970.42,20545,4.4112,LC
4328983.49,20546,4.0648,LC
4328997.11,20547,4.1579,LC
4329005.87,20545,6.2665,LC
4329023.63,20546,7.9147,LC
4329032.62,20548,28.2733,BG
4329042.02,20547,5.1003,LC
4329049.09,20545,5.759,LC
4329054.11,20546,6.6267,LC
4329081.88,20545,4.0183,LC
4329085.83,20547,6.2435,LC
4329107.49,20548,24.332,BG
4329138.18,20546,4.0262,LC
4329161.03,20545,4.2341,LC
4329175.31,20547,8.1984,LC
4329181.71,20546,3.9416,LC
4329188.07,20548,28.7378,BG
4329226.45,20545,4.2007,LC
4329239.94,20547,3.9947,LC
4329249.53,20546,3.9389,LC
4329263.4,20545,5.9312,LC
4329269.19,20548,31.0527,BG
4329277.03,20547,4.0806,LC
4329281.96,20546,3.9569,LC
4329286.49,20545,4.1445,LC
4329294.44,20547,3.9301,LC
4329333.23,20546,7.7878,LC
4329338.12,20545,4.8155,LC
4329349.91,20548,30.5303,BG
4329365.21,20547,4.2613,LC
4329391.4,20546,4.7143,LC
4329399.22,20545,4.0998,LC
4329407.56,20547,8.0397,LC
4329426.83,20548,25.5734,BG
4329430.25,20546,3.9074,LC
4329436.94,20545,4.0292,LC
4329457.15,20547,4.1959,LC
4329470.13,20546,4.2317,LC
4329470.85,20547,6.799,LC
4329470.94,20545,8.2888,LC
4329477.98,20546,5.2546,LC
4329507.99,20548,28.5261,BG
4329508.06,20545,4.5812,LC
4329555.2,20547,4.1428,LC
4329566.4,20546,4.2911,LC
4329578.95,20548,23.4276,BG
4329587.52,20545,4.1572,LC
4329606.97,20547,4.6591,LC
4329652.35,20548,23.0561,BG
4329653.65,20546,4.2726,LC
4329666.66,20545,3.9472,LC
4329696.86,20547,4.326,LC
4329722.65,20546,4.0977,LC
4329726.28,20548,23.8168,BG
4329768.8,20545,4.0701,LC
4329792.64,20547,4.1506,LC
4329797.98,20546,6.5232,LC
4329805.99,20548,29.2491,BG
4329833.09,20547,7.994,LC
4329833.68,20545,4.2128,LC
4329835.05,20547,5.0489,LC
4329854.27,20546,4.0708,LC
4329865.4,20545,4.0303,LC
4329872.45,20546,4.21,LC
4329876.76,20547,6.1103,LC
4329882.06,20547,8.59,LC
4329884.09,20545,4.1556,LC
4329891.03,20547,6.708,LC
4329892.18,20548,36.4562,BG
4329904.07,20546,4.0106,LC
4329914.57,20545,4.3422,LC
4329947.1,20547,8.2819,LC
4329947.17,20546,6.898,LC
4329959.34,20545,4.1098,LC
4329966.88,20548,23.7009,BG
4329967.83,20547,4.3708,LC
4329974.23,20546,4.1664,LC
4330002.72,20545,8.8576,LC
4330002.8,20547,7.4513,LC
4330039.96,20548,22.9273,BG
4330056.35,20546,4.0518,LC
4330066.11,20545,4.8793,LC
4330085.46,20547,4.3064,LC
4330091.87,20546,5.1501,LC
4330118.27,20548,28.2031,BG
4330135.43,20545,4.4014,LC
4330138.0,20546,4.203,LC
4330139.76,20547,6.428,LC
4330155.12,20545,4.3586,LC
4330172.4,20546,9.3383,LC
4330194.3,20547,8.2297,LC
4330194.39,20545,7.9931,LC
4330199.22,20546,3.9668,LC
4330205.28,20548,36.9508,BG
4330207.14,20547,5.3066,LC
4330226.18,20546,3.8861,LC
4330226.24,20545,4.0827,LC
4330231.84,20547,4.3903,LC
4330271.95,20546,5.1551,LC
4330284.23,20545,10.1904,LC
4330289.85,20548,34.3659,BG
4330294.84,20547,3.929,LC
4330299.24,20546,3.8991,LC
4330307.59,20546,4.2124,LC
4330307.84,20545,7.7694,LC
4330307.93,20547,6.4637,LC
4330322.49,20546,4.2577,LC
4330368.15,20548,28.1118,BG
4330388.71,20545,3.9344,LC
4330392.42,20547,5.3318,LC
4330392.49,20546,3.79,LC
4330413.58,20545,7.1385,LC
4330415.18,20547,6.8648,LC
4330422.73,20546,4.002,LC
4330431.75,20545,4.1598,LC
4330441.81,20548,23.5735,BG
4330442.48,20547,4.2725,LC
4330501.41,20546,5.9217,LC
4330521.5,20545,5.0015,LC
4330521.67,20548,29.7506,BG
4330545.25,20547,3.9628,LC
4330554.12,20546,4.0746,LC
4330571.17,20545,4.6391,LC
4330594.73,20548,22.8445,BG
4330639.13,20547,4.13,LC
4330655.13,20546,3.8928,LC
4330667.84,20545,3.9243,LC
4330676.17,20547,6.1725,LC
4330676.32,20548,31.4678,BG
4330676.45,20545,7.098,LC
4330707.15,20546,4.0287,LC
4330711.96,20547,4.3235,LC
4330736.93,20546,4.143,LC
4330736.99,20547,6.0193,LC
4330738.28,20545,9.5236,LC
4330757.13,20548,28.9805,BG
4330812.16,20546,9.8827,LC
4330812.24,20545,5.8134,LC
4330834.11,20548,25.3914,BG
4330842.08,20547,4.9567,LC
4330906.21,20548,23.3324,BG
4330919.06,20546,4.5851,LC
4330924.5,20545,4.4178,LC
4330933.7,20547,4.2373,LC
4330979.98,20548,23.6249,BG
4331030.9,20546,6.6597,LC
4331060.12,20548,29.9333,BG
4331098.37,20545,3.9525,LC
4331141.15,20548,30.9071,BG
4331163.59,20547,4.1441,LC
4331226.65,20548,35.2684,BG
4331282.56,20546,9.9426,LC
4331296.64,20545,8.1346,LC
4331296.98,20547,7.779,LC
4331307.72,20548,30.8792,BG
4331388.77,20548,30.6319,BG
4331393.3,20546,4.2171,LC
4331472.93,20548,33.9382,BG
4331549.09,20545,5.1214,LC
4331550.79,20547,8.2642,LC
4331552.07,20546,6.9937,LC
4331558.64,20548,35.5441,BG
4331561.9,20545,4.2086,LC
4331566.61,20547,3.9742,LC
4331571.39,20546,4.3823,LC
4331577.89,20545,4.1445,LC
4331611.1,20547,5.1464,LC
4331615.9,20546,4.3224,LC
4331629.11,20545,4.1323,LC
4331634.81,20548,25.9693,BG
4331644.37,20547,6.0887,LC
4331654.73,20546,4.0508,LC
4331707.33,20545,6.1259,LC
4331709.2,20547,4.7618,LC
4331710.22,20548,25.2829,BG
4331711.99,20546,4.5405,LC
4331737.9,20545,4.0712,LC
4331747.0,20546,3.9347,LC
4331747.95,20547,5.2109,LC
4331776.01,20545,4.3263,LC
4331786.16,20548,25.6726,BG
4331790.89,20546,4.1989,LC
4331819.73,20547,4.9954,LC
4331819.91,20545,4.4427,LC
4331827.42,20546,7.3254,LC
4331852.09,20547,6.9713,LC
4331852.17,20545,7.0642,LC
4331866.08,20546,4.4496,LC
4331874.5,20547,10.0466,LC
4331874.8,20548,37.9401,BG
4331901.33,20545,6.4939,LC
4331919.26,20546,3.9764,LC
4331952.38,20547,5.8947,LC
4331952.6,20548,27.8187,BG
4331984.23,20545,4.3317,LC
4331999.45,20546,4.8387,LC
4332019.98,20547,8.454,LC
4332032.11,20548,29.5433,BG
4332048.27,20545,6.3025,LC
4332048.76,20546,5.5164,LC
4332059.43,20547,4.1631,LC
4332061.11,20545,4.1853,LC
4332084.09,20546,5.9362,LC
4332088.33,20547,7.9814,LC
4332092.07,20546,4.9402,LC
4332098.53,20545,4.2659,LC
4332115.91,20548,33.6886,BG
4332132.91,20547,3.8601,LC
4332146.95,20546,5.421,LC
4332154.59,20545,4.5974,LC
4332190.67,20547,7.2405,LC
4332194.39,20548,28.3805,BG
4332195.27,20546,3.9735,LC
4332213.06,20547,4.1746,LC
4332217.05,20545,3.8706,LC
4332250.84,20546,8.0784,LC
4332250.89,20545,6.0964,LC
4332252.78,20547,8.5972,LC
4332258.84,20546,6.0012,LC
4332263.14,20545,3.9975,LC
4332276.38,20548,30.1085,BG
4332284.33,20547,4.0087,LC
4332297.98,20546,8.681,LC
4332298.54,20545,8.265,LC
4332302.63,20547,4.1314,LC
4332336.1,20546,4.345,LC
4332350.86,20548,24.466,BG
4332367.78,20545,3.9447,LC
4332372.17,20547,3.8795,LC
4332405.63,20546,7.8039,LC
4332408.82,20545,9.0673,LC
4332427.57,20547,8.2802,LC
4332428.92,20548,27.9502,BG
4332455.16,20546,4.0828,LC
4332489.42,20545,8.04,LC
4332500.36,20547,8.7249,LC
4332502.13,20546,4.1942,LC
4332522.17,20548,41.2579,BG
4332535.08,20545,3.8065,LC
4332579.9,20547,7.5162,LC
4332583.95,20546,4.322,LC
4332600.96,20547,9.4566,LC
4332606.4,20548,35.887,BG
4332609.49,20545,4.2956,LC
4332644.71,20546,4.3949,LC
4332653.6,20547,4.2268,LC
4332679.99,20548,23.5179,BG
4332681.5,20545,4.2248,LC
4332688.32,20546,4.424,LC
4332693.43,20547,4.1235,LC
4332694.44,20545,4.2642,LC
4332705.01,20546,4.2328,LC
4332711.83,20547,4.2023,LC
4332714.06,20545,4.4894,LC
4332739.15,20546,10.3351,LC
4332743.19,20547,4.9091,LC
4332766.1,20548,35.8498,BG
4332767.18,20545,5.8934,LC
4332769.14,20546,5.3433,LC
4332790.72,20547,4.5113,LC
4332804.7,20545,5.2307,LC
4332814.56,20546,4.2885,LC
4332834.08,20547,8.2894,LC
4332834.16,20545,9.1527,LC
4332849.77,20548,33.2961,BG
4332850.17,20546,7.8799,LC
4332855.57,20547,7.1337,LC
4332883.42,20545,6.1077,LC
4332892.35,20546,7.0837,LC
4332893.37,20547,8.1547,LC
4332893.57,20545,6.4238,LC
4332927.16,20546,6.3208,LC
4332927.23,20548,26.972,BG
4332973.18,20547,4.1941,LC
4332981.19,20545,4.5384,LC
4333002.42,20548,25.1668,BG
4333005.23,20546,4.5002,LC
4333042.3,20547,4.4739,LC
4333062.99,20545,5.608,LC
4333076.16,20546,6.0916,LC
4333076.21,20547,7.6134,LC
4333078.02,20548,25.4662,BG
4333080.24,20545,6.2323,LC
4333122.34,20546,4.3193,LC
4333155.44,20548,27.0589,BG
4333163.18,20547,4.0436,LC
4333183.96,20545,4.108,LC
4333225.13,20546,5.4826,LC
4333227.61,20547,9.3887,LC
4333237.36,20546,4.1627,LC
4333238.28,20548,32.8293,BG
4333277.7,20545,4.1545,LC
4333308.36,20547,5.0623,LC
4333319.1,20546,6.5947,LC
4333323.56,20547,4.1291,LC
4333328.17,20545,11.2257,LC
4333329.98,20546,6.6303,LC
4333336.74,20548,48.2826,BG
4333355.38,20547,4.0373,LC
4333397.32,20545,15.4188,LC
4333410.65,20547,4.0398,LC
4333410.82,20546,7.5884,LC
4333417.03,20545,6.1465,LC
4333425.47,20547,3.9262,LC
4333430.85,20548,43.9761,BG
4333441.87,20546,4.0555,LC
4333458.82,20545,4.0894,LC
4333464.22,20547,4.0047,LC
4333480.46,20546,5.5598,LC
4333505.14,20545,7.9795,LC
4333507.83,20548,26.9606,BG
4333517.17,20547,4.0394,LC
4333546.81,20546,5.4196,LC
4333582.05,20545,6.9244,LC
4333582.11,20547,3.8986,LC
4333587.65,20546,5.2786,LC
4333595.6,20548,37.493,BG
4333607.46,20547,4.0216,LC
4333610.02,20545,4.5873,LC
4333631.67,20546,4.1387,LC
4333635.34,20547,4.3322,LC
4333656.49,20545,8.1554,LC
4333662.85,20546,6.0654,LC
4333668.67,20547,5.3471,LC
4333678.13,20548,32.333,BG
4333695.71,20545,4.1051,LC
4333701.26,20546,4.0818,LC
4333755.56,20548,27.2522,BG
4333763.42,20547,4.2892,LC
4333818.21,20545,9.1789,LC
4333826.07,20546,3.9408,LC
4333839.55,20548,33.8583,BG
4333877.87,20547,4.3279,LC
4333913.22,20548,23.3068,BG
4333949.54,20545,3.9825,LC
4333987.46,20548,24.2477,BG
4334001.14,20546,4.0288,LC
4334056.22,20547,8.9965,LC
4334071.69,20545,6.0538,LC
4334072.53,20548,34.7372,BG
4334087.54,20546,3.9669,LC
4334131.36,20547,4.772,LC
4334149.38,20548,26.5882,BG
4334193.65,20545,3.9807,LC
4334227.06,20548,27.1678,BG
4334235.43,20546,4.1669,LC
4334258.59,20547,4.2201,LC
4334266.25,20545,4.0814,LC
4334301.87,20548,24.7253,BG
4334382.74,20548,30.7436,BG
4334386.81,20546,6.5466,LC
4334458.23,20548,25.1243,BG
4334491.76,20547,4.3177,LC
4334504.04,20545,4.1661,LC
4334505.94,20546,6.4402,LC
4334523.09,20547,5.2711,LC
4334538.57,20548,30.354,BG
4334554.93,20545,3.8358,LC
4334579.33,20546,4.3116,LC
4334603.25,20547,4.1324,LC
4334615.58,20548,26.8385,BG
4334618.22,20545,4.0198,LC
4334639.71,20546,4.2144,LC
4334701.66,20548,35.7435,BG
4334706.25,20547,4.2415,LC
4334779.25,20548,27.3311,BG
4334814.1,20545,3.8478,LC
4334858.74,20548,29.3359,BG
4334872.62,20546,5.9745,LC
4334906.53,20547,3.9435,LC
4334928.54,20545,4.0002,LC
4334932.58,20548,23.7825,BG
4334943.18,20546,4.1902,LC
4335011.09,20548,26.1678,BG
4335011.2,20547,5.0552,LC
4335037.87,20545,4.7112,LC
4335075.34,20546,9.0329,LC
4335085.51,20547,10.6041,LC
4335100.13,20548,41.1609,BG
4335110.87,20545,6.01,LC
4335134.39,20546,4.0642,LC
4335174.14,20548,23.6296,BG
4335196.47,20547,4.2113,LC
4335197.88,20545,4.2211,LC
4335236.49,20546,6.8822,LC
4335251.91,20548,27.721,BG
4335329.96,20547,5.8484,LC
4335331.49,20548,29.3068,BG
4335409.17,20548,27.3913,BG
4335489.29,20548,29.8591,BG
4335535.13,20545,6.3095,LC
4335548.13,20546,5.7552,LC
4335580.94,20547,5.4171,LC
4335611.46,20548,68.8955,BG
4335625.9,20545,10.2959,LC
4335626.21,20546,8.9791,LC
4335626.91,20547,7.6518,LC
4335641.14,20545,3.9865,LC
4335674.87,20546,4.0247,LC
4335685.16,20547,4.3631,LC
4335689.45,20545,4.0375,LC
4335707.57,20546,4.3417,LC
4335716.15,20548,54.3918,BG
4335724.71,20547,4.2875,LC
4335768.59,20545,4.2572,LC
4335780.58,20546,7.4723,LC
4335790.17,20547,4.9733,LC
4335814.52,20545,4.3785,LC
4335823.08,20546,3.9137,LC
4335830.03,20547,4.4301,LC
4335830.87,20545,4.4914,LC
4335832.66,20548,63.6677,BG
4335840.51,20546,4.3068,LC
4335861.44,20547,4.144,LC
4335871.85,20545,6.2579,LC
4335900.1,20546,7.9141,LC
4335903.02,20545,5.3221,LC
4335903.09,20547,7.0926,LC
4335903.13,20546,4.7472,LC
4335949.12,20547,4.5415,LC
4335956.59,20545,4.3304,LC
4335959.4,20548,55.0412,BG
4336054.12,20546,4.4885,LC
4336060.0,20547,4.168,LC
4336063.47,20548,53.5654,BG
4336077.12,20545,4.2403,LC
4336107.17,20547,4.2258,LC
4336113.02,20546,4.1766,LC
4336113.13,20546,8.7249,LC
4336150.61,20548,36.9848,BG
4336172.45,20545,4.148,LC
4336202.81,20547,7.7356,LC
4336202.89,20546,10.0679,LC
4336211.05,20545,7.977,LC
4336211.72,20547,3.9661,LC
4336211.77,20546,4.1382,LC
4336237.34,20547,4.0429,LC
4336247.31,20548,46.6679,BG
4336277.27,20545,4.78,LC
4336331.23,20546,4.1251,LC
4336335.99,20548,37.8625,BG
4336379.86,20547,11.8908,LC
4336382.07,20546,11.4759,LC
4336382.73,20547,4.5766,LC
4336382.78,20545,13.5762,LC
4336395.06,20545,3.92,LC
4336415.82,20546,4.0333,LC
4336424.32,20548,38.0529,BG
4336428.77,20547,4.1648,LC
4336440.55,20545,4.3006,LC
4336444.49,20546,4.2402,LC
4336459.77,20547,4.0503,LC
4336480.34,20545,4.0936,LC
4336502.81,20548,27.5167,BG
4336535.21,20546,7.9465,LC
4336544.72,20547,5.0326,LC
4336571.57,20545,5.137,LC
4336580.37,20546,4.9274,LC
4336586.14,20548,32.9448,BG
4336603.72,20547,3.9874,LC
4336661.92,20548,25.0949,BG
4336685.31,20545,4.095,LC
4336724.24,20546,3.9405,LC
4336735.79,20548,23.8242,BG
4336737.38,20547,4.164,LC
4336769.14,20545,7.267,LC
4336769.64,20546,6.3551,LC
4336792.13,20547,4.0954,LC
4336804.1,20545,3.9029,LC
4336812.97,20546,4.0797,LC
4336816.55,20548,30.3263,BG
4336821.83,20547,4.0009,LC
4336825.66,20545,3.9321,LC
4336858.68,20546,6.5775,LC
4336865.56,20547,5.2033,LC
4336902.11,20545,4.1495,LC
4336902.17,20546,5.3339,LC
4336932.46,20547,4.0962,LC
4336938.11,20548,70.299,BG
4336951.14,20545,4.2827,LC
4336968.03,20546,4.408,LC
4336983.82,20547,3.9487,LC
4336988.44,20545,4.0481,LC
4336989.16,20546,4.5834,LC
4336994.95,20547,3.9533,LC
4337003.07,20545,4.006,LC
4337041.36,20548,51.5953,BG
4337052.2,20546,4.137,LC
4337061.52,20547,4.5804,LC
4337067.89,20545,3.9347,LC
4337101.27,20546,7.2536,LC
4337101.37,20547,4.1915,LC
4337129.51,20548,30.9986,BG
4337151.99,20546,4.2318,LC
4337154.57,20545,4.4033,LC
4337159.84,20547,4.3238,LC
4337161.07,20546,4.2772,LC
4337190.74,20545,6.6015,LC
4337190.82,20547,4.9316,LC
4337216.8,20546,3.8093,LC
4337220.47,20545,4.2283,LC
4337224.79,20548,45.5782,BG
4337262.24,20547,7.2458,LC
4337273.77,20546,5.8021,LC
4337283.85,20545,4.5722,LC
4337290.38,20547,4.2028,LC
4337312.08,20548,37.1888,BG
4337358.87,20546,9.976,LC
4337387.99,20548,25.7267,BG
4337418.87,20545,4.1126,LC
4337449.98,20547,9.5261,LC
4337475.37,20546,4.04,LC
4337481.07,20545,4.0181,LC
4337487.13,20546,5.635,LC
4337488.19,20547,4.9298,LC
4337496.87,20545,4.1352,LC
4337497.02,20548,58.6088,BG
4337509.08,20546,4.7021,LC
4337532.14,20547,6.3175,LC
4337536.34,20545,5.6489,LC
4337541.53,20546,5.0121,LC
4337551.22,20547,6.4113,LC
4337552.36,20545,6.1412,LC
4337556.78,20546,5.4811,LC
4337564.34,20547,4.1601,LC
4337591.0,20548,43.8114,BG
4337606.56,20545,4.2429,LC
4337610.64,20546,4.3664,LC
4337628.29,20547,6.1121,LC
4337648.23,20545,7.1249,LC
4337666.27,20548,25.1885,BG
4337692.17,20546,3.8605,LC
4337709.63,20547,5.8096,LC
4337721.07,20545,7.0981,LC
4337734.04,20546,6.5259,LC
4337734.17,20547,4.8587,LC
4337744.82,20546,4.1881,LC
4337762.09,20545,4.3163,LC
4337766.43,20547,4.072,LC
4337768.72,20546,4.3343,LC
4337769.52,20548,53.1453,BG
4337780.74,20545,4.3962,LC
4337787.11,20547,4.1201,LC
4337796.24,20546,4.2104,LC
4337818.61,20545,6.3049,LC
4337852.08,20547,4.6559,LC
4337859.67,20548,39.8906,BG
4337912.83,20546,3.9136,LC
4337929.18,20545,5.1224,LC
4337934.86,20547,4.2262,LC
4337963.96,20548,54.1295,BG
4337970.57,20546,4.7655,LC
4338048.22,20545,4.1198,LC
4338060.09,20547,4.3506,LC
4338081.32,20548,67.2299,BG
4338156.11,20548,24.0338,BG
4338230.52,20548,24.274,BG
4338241.43,20546,4.2953,LC
4338278.69,20545,7.943,LC
4338291.53,20547,4.9102,LC
4338298.12,20546,4.0051,LC
4338315.85,20548,35.2535,BG
4338354.09,20545,6.3114,LC
4338367.63,20547,12.2992,LC
4338367.89,20546,10.2767,LC
4338378.14,20545,4.5038,LC
4338386.07,20547,6.1773,LC
4338388.77,20546,6.5504,LC
4338401.28,20548,33.6196,BG
4338468.12,20545,8.6419,LC
4338474.77,20547,5.1183,LC
4338490.75,20548,39.2545,BG
4338505.19,20546,4.0649,LC
4338512.23,20545,4.1602,LC
4338514.32,20547,4.2265,LC
4338554.03,20546,8.426,LC
4338585.22,20545,4.6289,LC
4338586.05,20547,8.8083,LC
4338586.23,20546,7.0852,LC
4338594.53,20548,53.6014,BG
4338604.41,20545,4.4807,LC
4338607.03,20546,4.2177,LC
4338616.32,20547,3.9954,LC
4338642.48,20545,6.0607,LC
4338665.12,20546,5.9653,LC
4338671.35,20548,24.6823,BG
4338687.81,20547,4.2114,LC
4338693.87,20545,4.0608,LC
4338708.32,20546,4.0603,LC
4338735.19,20547,4.8799,LC
4338748.78,20548,27.0675,BG
4338765.42,20546,4.0092,LC
4338765.52,20545,6.0305,LC
4338785.99,20547,4.2785,LC
4338817.91,20546,4.3104,LC
4338824.76,20545,6.0856,LC
4338826.13,20548,27.0995,BG
4338843.97,20547,4.4412,LC
4338889.71,20546,6.1549,LC
4338900.81,20545,4.1997,LC
4338915.49,20547,4.1159,LC
4338922.17,20546,4.2181,LC
4338928.51,20545,5.1906,LC
4338935.16,20547,4.2085,LC
4338944.71,20546,3.9884,LC
4338958.02,20548,80.9403,BG
4338965.57,20545,3.8863,LC
4338994.37,20547,4.0188,LC
4339009.18,20546,4.2906,LC
4339031.82,20545,4.3102,LC
4339055.56,20548,46.0531,BG
4339130.72,20547,4.5811,LC
4339132.97,20546,5.7039,LC
4339135.57,20545,4.5143,LC
4339202.4,20547,15.0592,LC
4339202.76,20546,13.2039,LC
4339203.84,20545,7.8759,LC
4339217.97,20547,8.5944,LC
4339280.24,20546,6.8089,LC
4339294.12,20545,6.3878,LC
4339301.25,20547,4.3857,LC
4339325.69,20546,6.3452,LC
4339328.98,20545,6.4427,LC
4339343.25,20547,5.4424,LC
4339371.31,20546,3.8612,LC
4339372.89,20548,267.2679,BG
4339396.57,20545,4.7195,LC
4339406.89,20547,5.2192,LC
4339422.88,20546,8.0383,LC
4339439.41,20545,4.223,LC
4339460.5,20548,37.268,BG
4339471.08,20547,4.1206,LC
4339507.94,20546,4.6267,LC
4339553.12,20548,41.8392,BG
4339587.9,20545,4.8691,LC
4339630.24,20548,26.9774,BG
4339686.09,20547,11.4613,LC
4339717.77,20548,35.5248,BG
4339725.41,20546,4.1702,LC
4339752.56,20545,7.7175,LC
4339760.42,20547,7.8316,LC
4339763.43,20545,7.0585,LC
4339797.75,20548,29.597,BG
4339803.75,20546,3.9675,LC
4339832.55,20547,6.7111,LC
4339858.15,20545,5.5274,LC
4339867.43,20546,4.0405,LC
4339874.13,20547,4.113,LC
4339892.07,20545,4.0281,LC
4339912.3,20548,64.4466,BG
4339934.09,20546,4.0058,LC
4339936.5,20547,4.1228,LC
4339954.92,20546,5.0958,LC
4339984.48,20545,4.4164,LC
4339999.39,20547,4.0365,LC
4340001.72,20548,39.4071,BG
4340003.47,20546,4.0788,LC
4340009.5,20545,4.3408,LC
4340014.22,20547,4.2994,LC
4340029.33,20545,4.1647,LC
4340039.17,20546,4.3486,LC
4340039.72,20547,4.4613,LC
4340047.0,20545,4.1693,LC
4340050.37,20546,4.5259,LC
4340059.09,20545,4.5203,LC
4340063.83,20547,4.4506,LC
4340082.26,20546,4.0644,LC
4340099.86,20545,4.4943,LC
4340124.69,20548,72.6655,BG
4340130.53,20547,4.3602,LC
4340151.86,20546,4.9539,LC
4340152.86,20545,5.2135,LC
4340175.49,20547,4.0198,LC
4340189.74,20546,4.4781,LC
4340199.01,20545,3.8933,LC
4340203.83,20548,29.1219,BG
4340231.92,20547,4.1467,LC
4340289.7,20548,35.7045,BG
4340291.63,20546,4.2388,LC
4340316.08,20545,4.1337,LC
4340319.5,20547,4.5258,LC
4340353.56,20546,10.2291,LC
4340353.63,20545,8.0295,LC
4340362.89,20545,4.2254,LC
4340363.08,20547,5.5718,LC
4340392.17,20548,52.3102,BG
4340411.29,20546,4.5977,LC
4340444.53,20547,9.386,LC
4340452.54,20545,9.1606,LC
4340482.87,20546,4.0027,LC
4340491.35,20548,45.1715,BG
4340495.65,20547,3.9542,LC
4340542.95,20545,5.7911,LC
4340547.83,20546,6.4306,LC
4340560.08,20547,4.639,LC
4340563.05,20545,4.2869,LC
4340575.98,20546,4.8166,LC
4340583.28,20547,4.3303,LC
4340603.18,20548,54.8049,BG
4340609.45,20545,4.073,LC
4340633.22,20546,5.9059,LC
4340672.42,20547,3.9333,LC
4340676.48,20545,5.2807,LC
4340684.12,20548,30.0004,BG
4340685.48,20546,6.9842,LC
4340686.44,20547,6.128,LC
4340704.85,20545,4.2138,LC
4340718.23,20546,6.0903,LC
4340756.08,20547,5.9548,LC
4340758.88,20546,5.0898,LC
4340758.93,20545,6.1866,LC
4340766.98,20548,31.88,BG
4340771.8,20545,5.173,LC
4340772.26,20547,4.0197,LC
4340784.71,20546,3.955,LC
4340803.5,20545,5.1458,LC
4340826.97,20547,6.0217,LC
4340842.61,20546,4.1297,LC
4340846.46,20548,29.3656,BG
4340847.04,20545,4.3277,LC
4340864.39,20547,4.2164,LC
4340872.89,20546,4.6193,LC
4340884.39,20545,8.4133,LC
4340893.82,20547,4.0018,LC
4340922.49,20546,4.2321,LC
4340933.14,20545,6.3366,LC
4340935.73,20547,4.2222,LC
4340973.64,20548,56.5716,BG
4340975.53,20545,6.1424,LC
4340975.61,20546,4.2626,LC
4340980.1,20547,5.1099,LC
4340982.33,20546,4.3658,LC
4341021.29,20545,4.6411,LC
4341045.23,20547,4.3241,LC
4341050.87,20546,3.9168,LC
4341058.33,20548,34.3935,BG
4341079.72,20545,4.4229,LC
4341105.54,20547,4.2747,LC
4341109.68,20546,4.4436,LC
4341131.21,20545,4.6531,LC
4341162.22,20548,52.3672,BG
4341183.48,20547,4.0318,LC
4341190.79,20546,3.9866,LC
4341197.99,20545,4.6215,LC
4341204.47,20547,3.844,LC
4341217.04,20545,5.8824,LC
4341217.09,20546,5.9689,LC
4341236.51,20548,23.3604,BG
4341243.9,20547,4.115,LC
4341249.52,20546,3.9973,LC
4341262.78,20545,5.3418,LC
4341265.89,20547,4.3113,LC
4341284.53,20546,5.3249,LC
4341292.64,20545,6.4666,LC
4341305.76,20547,3.9499,LC
4341310.21,20545,4.2149,LC
4341312.06,20546,3.8722,LC
4341315.74,20548,29.1082,BG
4341376.91,20546,7.875,LC
4341377.23,20547,11.8004,LC
4341411.35,20548,45.4518,BG
4341475.48,20545,10.9249,LC
4341478.18,20547,8.6982,LC
4341484.96,20546,3.9951,LC
4341497.3,20548,35.8041,BG
4341498.3,20545,4.301,LC
4341536.42,20547,5.8529,LC
4341567.07,20546,3.8601,LC
4341567.33,20545,4.7904,LC
4341572.76,20547,3.9106,LC
4341589.08,20546,3.9423,LC
4341589.17,20548,41.6114,BG
4341608.99,20545,3.9814,LC
4341677.43,20547,3.9882,LC
4341686.31,20548,46.8284,BG
4341699.46,20546,4.3546,LC
4341733.27,20545,12.9125,LC
4341736.06,20547,7.3707,LC
4341751.17,20546,4.1589,LC
4341767.35,20545,4.0543,LC
4341774.74,20548,37.9016,BG
4341791.63,20547,3.9274,LC
4341850.09,20548,25.1534,BG
4341863.46,20546,4.4713,LC
4341881.56,20545,4.5578,LC
4341920.92,20547,4.5296,LC
4341938.08,20546,4.2948,LC
4341945.22,20545,6.6621,LC
4341968.63,20547,4.3771,LC
4341983.17,20548,82.0086,BG
4341992.76,20546,4.4396,LC
4342016.89,20545,3.9854,LC
4342029.74,20547,4.4519,LC
4342043.57,20546,4.0121,LC
4342076.64,20548,43.3294,BG
4342081.68,20545,4.1204,LC
4342126.48,20547,4.3076,LC
4342153.59,20548,26.7458,BG
4342170.84,20546,3.8751,LC
4342187.5,20545,4.3324,LC
4342202.68,20547,4.2004,LC
4342227.2,20548,23.51,BG
4342229.47,20546,4.9508,LC
4342256.4,20545,4.1677,LC
4342286.6,20547,6.5361,LC
4342305.99,20548,28.6806,BG
4342385.43,20546,4.923,LC
4342385.5,20545,4.2094,LC
4342392.57,20548,36.3592,BG
4342456.14,20547,7.1312,LC
4342481.91,20548,39.0682,BG
4342524.14,20546,8.7748,LC
4342535.87,20545,8.4089,LC
4342568.2,20548,34.7323,BG
4342587.59,20547,4.3841,LC
4342588.45,20546,4.4103,LC
4342643.22,20548,24.7866,BG
4342668.17,20545,4.3495,LC
4342691.16,20547,8.5298,LC
4342716.02,20546,3.8001,LC
4342736.33,20548,42.8976,BG
4342761.44,20545,3.9418,LC
4342789.27,20547,8.1684,LC
4342823.96,20548,36.7409,BG
4342868.6,20546,10.2294,LC
4342880.77,20545,4.0903,LC
4342943.38,20548,68.758,BG
4342952.89,20547,4.1814,LC
4342970.87,20546,4.352,LC
4342985.41,20545,5.1004,LC
4343035.1,20546,6.2453,LC
4343035.27,20547,8.2243,LC
4343073.11,20548,78.842,BG
4343090.76,20545,5.2527,LC
4343112.15,20547,4.5756,LC
4343116.87,20546,6.1849,LC
4343169.55,20548,44.164,BG
4343176.28,20545,3.9736,LC
4343186.25,20547,3.9732,LC
4343197.89,20546,4.9552,LC
4343202.39,20545,4.9491,LC
4343221.05,20547,5.131,LC
4343225.28,20546,4.0024,LC
4343245.83,20545,4.0945,LC
4343257.25,20548,37.3143,BG
4343334.45,20548,26.8016,BG
4343382.59,20547,10.4766,LC
4343382.65,20546,5.9316,LC
4343385.66,20545,9.3136,LC
4343408.45,20546,4.1483,LC
4343414.65,20545,3.9773,LC
4343415.49,20547,7.036,LC
4343417.37,20546,5.5249,LC
4343419.96,20545,4.1336,LC
4343424.31,20547,4.0026,LC
4343433.72,20546,4.0621,LC
4343441.14,20548,53.4506,BG
4343441.22,20545,4.0535,LC
4343446.1,20547,3.9891,LC
4343453.71,20546,3.9481,LC
4343461.69,20545,4.1927,LC
4343465.9,20547,4.0602,LC
4343474.39,20545,4.4069,LC
4343481.45,20546,3.9035,LC
4343504.09,20547,6.1476,LC
4343504.4,20545,4.2717,LC
4343513.49,20548,23.2997,BG
4343554.18,20547,4.6491,LC
4343561.07,20546,4.8177,LC
4343570.24,20545,6.5337,LC
4343588.17,20548,24.0214,BG
4343591.94,20547,10.1965,LC
4343592.65,20545,4.1199,LC
4343593.94,20546,8.5533,LC
4343607.31,20547,4.3858,LC
4343622.07,20545,4.1027,LC
4343634.36,20546,3.9011,LC
4343645.59,20547,4.2287,LC
4343645.64,20545,6.2216,LC
4343664.85,20548,25.6276,BG
4343680.81,20546,5.0869,LC
4343710.08,20547,4.4668,LC
4343722.66,20545,4.0213,LC
4343738.92,20548,23.968,BG
4343768.27,20546,4.3483,LC
4343771.73,20547,4.3241,LC
4343812.38,20545,3.902,LC
4343813.63,20548,24.4952,BG
4343831.23,20546,4.2256,LC
4343854.11,20547,6.4162,LC
4343858.78,20545,4.5036,LC
4343863.85,20546,5.0637,LC
4343883.81,20547,6.2912,LC
4343888.78,20548,24.8071,BG
4343957.59,20545,5.1512,LC
4343988.83,20546,4.3664,LC
4343989.98,20548,51.0745,BG
4343997.49,20547,11.1385,LC
4343997.8,20545,4.5751,LC
4344003.61,20546,4.2676,LC
4344034.31,20547,7.2495,LC
4344035.44,20545,6.0754,LC
4344053.93,20546,4.3064,LC
4344066.61,20545,3.9041,LC
4344068.18,20547,6.0857,LC
4344070.92,20546,5.4623,LC
4344073.31,20545,4.3261,LC
4344083.23,20546,8.026,LC
4344083.87,20547,6.5755,LC
4344086.08,20545,4.0591,LC
4344089.1,20546,4.4179,LC
4344093.09,20548,49.7186,BG
4344103.03,20545,3.8639,LC
4344123.87,20547,3.9952,LC
4344131.3,20546,5.6445,LC
4344136.34,20545,6.4426,LC
4344171.09,20548,27.5859,BG
4344188.27,20546,6.6621,LC
4344211.47,20547,4.0025,LC
4344226.68,20545,4.1091,LC
4344238.27,20546,4.04,LC
4344248.28,20547,6.0898,LC
4344249.11,20548,28.0239,BG
4344256.6,20545,4.0386,LC
4344311.04,20546,4.4182,LC
4344324.08,20548,24.7252,BG
4344351.61,20547,4.1658,LC
4344354.79,20545,3.9113,LC
4344400.08,20548,25.2826,BG
4344400.69,20546,6.0596,LC
4344415.09,20547,4.1759,LC
4344427.1,20545,3.949,LC
4344442.89,20546,3.9149,LC
4344467.07,20547,3.8159,LC
4344479.15,20548,28.9874,BG
4344486.11,20545,5.8436,LC
4344488.75,20546,4.5415,LC
4344507.49,20545,6.8381,LC
4344510.51,20547,8.3569,LC
4344514.07,20546,4.6053,LC
4344555.82,20548,26.507,BG
4344563.79,20545,4.1673,LC
4344566.4,20547,4.105,LC
4344577.45,20546,4.0705,LC
4344583.86,20545,5.0295,LC
4344590.29,20547,4.1915,LC
4344603.58,20546,4.0973,LC
4344609.82,20545,4.1592,LC
4344623.75,20547,6.9515,LC
4344626.13,20546,4.8831,LC
4344628.34,20545,4.4977,LC
4344636.41,20548,30.5159,BG
4344642.74,20547,4.1777,LC
4344668.85,20546,4.2345,LC
4344681.46,20545,3.9536,LC
4344709.9,20548,23.3461,BG
4344719.04,20547,4.6266,LC
4344758.96,20546,4.4371,LC
4344773.99,20545,5.7133,LC
4344787.28,20548,27.3513,BG
4344794.24,20547,4.1185,LC
4344828.24,20546,4.2868,LC
4344844.24,20545,3.8859,LC
4344851.42,20547,3.9949,LC
4344860.69,20546,4.2271,LC
4344867.28,20545,4.1314,LC
4344873.77,20547,6.5397,LC
4344873.91,20546,4.6275,LC
4344877.31,20548,39.9498,BG
4344890.08,20545,4.4416,LC
4344891.37,20547,4.2189,LC
4344899.89,20546,7.0018,LC
4344911.48,20545,5.8496,LC
4344914.54,20547,4.7983,LC
4344969.88,20548,41.4873,BG
4345051.66,20548,31.7114,BG
4345052.51,20546,3.9895,LC
4345067.06,20545,4.2979,LC
4345078.31,20547,4.4398,LC
4345088.24,20546,4.0969,LC
4345090.07,20545,4.5611,LC
4345137.08,20548,34.5115,BG
4345194.92,20547,4.3546,LC
4345212.75,20548,25.4456,BG
4345218.12,20546,4.5483,LC
4345249.7,20545,4.2402,LC
4345289.45,20547,4.1784,LC
4345289.54,20548,26.6403,BG
4345302.63,20546,4.3664,LC
4345350.04,20545,4.3274,LC
4345364.43,20548,24.5127,BG
4345369.5,20547,4.1103,LC
4345384.2,20546,3.9923,LC
4345431.99,20545,4.0852,LC
4345438.57,20548,24.0829,BG
4345441.09,20547,4.3656,LC
4345518.46,20546,6.0488,LC
4345524.38,20548,35.5788,BG
4345597.46,20548,22.9386,BG
4345686.63,20548,39.0055,BG
4345746.13,20545,8.7303,LC
4345779.79,20548,42.9598,BG
4345870.71,20548,40.804,BG
4345927.07,20547,7.7696,LC
4345990.89,20548,70.0026,BG
4346008.35,20546,4.2055,LC
4346044.8,20545,4.0558,LC
4346057.22,20547,3.8994,LC
4346120.75,20548,75.4939,BG
4346188.38,20546,4.4197,LC
4346191.36,20545,4.1054,LC
4346199.02,20547,4.0895,LC
4346205.63,20548,34.5781,BG
4346221.77,20546,5.2148,LC
4346245.02,20545,3.8163,LC
4346277.88,20547,4.0697,LC
4346279.6,20548,23.7804,BG
4346319.24,20546,3.8939,LC
4346349.65,20545,3.9487,LC
4346354.63,20548,24.872,BG
4346354.98,20547,4.4727,LC
4346361.7,20546,4.8148,LC
4346391.29,20545,4.0644,LC
4346407.6,20547,4.0312,LC
4346413.21,20546,3.9579,LC
4346424.62,20545,7.8718,LC
4346424.71,20547,8.259,LC
4346426.67,20546,4.7753,LC
4346428.59,20548,23.7063,BG
4346440.14,20545,4.4546,LC
4346458.95,20547,7.5587,LC
4346487.81,20546,4.331,LC
4346494.52,20545,4.0367,LC
4346500.7,20547,4.2362,LC
4346504.44,20548,25.8337,BG
4346504.7,20546,3.9504,LC
4346536.37,20545,5.7783,LC
4346565.45,20547,4.106,LC
4346572.3,20545,4.0402,LC
4346572.41,20546,5.9808,LC
4346585.53,20548,30.3467,BG
4346603.35,20547,5.3594,LC
4346630.51,20546,4.1917,LC
4346663.52,20548,27.9505,BG
4346668.36,20545,4.5974,LC
4346683.51,20547,6.0823,LC
4346704.39,20546,8.7741,LC
4346710.81,20545,6.2725,LC
4346725.59,20547,5.2992,LC
4346725.65,20546,3.8922,LC
4346752.22,20545,3.9904,LC
4346756.64,20548,42.9984,BG
4346798.4,20547,8.8175,LC
4346830.79,20546,4.0996,LC
4346842.64,20548,35.5053,BG
4346864.34,20545,6.6264,LC
4346884.3,20547,13.4041,LC
4346884.81,20545,6.1791,LC
4346885.23,20546,10.9273,LC
4346908.92,20547,4.4262,LC
4346926.97,20548,34.2093,BG
4346959.97,20545,4.4434,LC
4346970.86,20546,4.3003,LC
4346986.26,20547,4.059,LC
4347010.46,20548,32.8616,BG
4347023.34,20545,6.2281,LC
4347047.39,20546,4.2484,LC
4347091.82,20547,4.2645,LC
4347100.16,20545,5.6659,LC
4347106.96,20547,6.431,LC
4347107.06,20546,8.0332,LC
4347115.3,20548,53.5569,BG
4347115.67,20545,4.481,LC
4347128.86,20547,6.3296,LC
4347128.95,20546,8.5998,LC
4347161.55,20545,6.0387,LC
4347187.39,20546,4.5544,LC
4347196.32,20548,30.8971,BG
4347206.5,20547,4.5168,LC
4347209.14,20545,4.2246,LC
4347237.84,20546,4.338,LC
4347270.55,20547,5.2206,LC
4347273.12,20548,26.6527,BG
4347295.5,20545,3.9314,LC
4347309.38,20546,4.1831,LC
4347331.12,20547,4.0236,LC
4347349.48,20545,4.0879,LC
4347350.36,20546,4.646,LC
4347354.71,20548,31.5156,BG
4347357.36,20547,4.3679,LC
4347361.97,20545,3.9402,LC
4347379.74,20546,4.5249,LC
4347386.37,20547,4.1339,LC
4347390.4,20545,4.1715,LC
4347433.67,20546,3.9953,LC
4347434.09,20548,29.3631,BG
4347434.79,20547,4.4715,LC
4347439.3,20545,4.2633,LC
4347449.81,20546,4.3602,LC
4347454.05,20547,5.9126,LC
4347454.25,20545,4.2071,LC
4347467.07,20546,4.0875,LC
4347494.29,20547,3.8984,LC
4347507.7,20548,23.2444,BG
4347543.52,20545,3.9852,LC
4347559.16,20546,3.9835,LC
4347566.24,20547,6.8343,LC
4347575.37,20546,4.0455,LC
4347587.96,20545,4.1289,LC
4347593.62,20547,4.0044,LC
4347593.9,20546,3.9526,LC
4347600.1,20548,40.4593,BG
4347615.06,20545,4.1348,LC
4347666.99,20547,4.1823,LC
4347676.31,20546,3.9657,LC
4347681.84,20548,31.9429,BG
4347704.23,20545,3.8463,LC
4347727.24,20547,3.9724,LC
4347731.61,20546,8.2333,LC
4347737.19,20545,6.7508,LC
4347741.0,20547,5.5529,LC
4347750.6,20546,4.1847,LC
4347776.35,20548,44.1291,BG
4347791.37,20545,4.1986,LC
4347799.02,20547,4.2515,LC
4347811.13,20546,5.5467,LC
4347847.18,20545,3.823,LC
4347858.78,20547,3.8789,LC
4347871.87,20546,4.0683,LC
4347875.77,20548,48.5785,BG
4347883.65,20545,4.0189,LC
4347890.67,20547,4.2583,LC
4347903.48,20546,7.6084,LC
4347933.24,20545,4.352,LC
4347933.3,20547,5.0118,LC
4347966.05,20548,39.7538,BG
4348017.31,20546,5.0814,LC
4348027.53,20545,4.1533,LC
4348033.74,20547,4.0722,LC
4348046.48,20546,4.0249,LC
4348051.12,20545,4.2025,LC
4348062.32,20547,4.2086,LC
4348066.64,20546,4.0785,LC
4348070.08,20545,4.2355,LC
4348099.54,20548,73.4309,BG
4348100.16,20547,8.545,LC
4348100.89,20546,6.8139,LC
4348165.59,20545,6.2178,LC
4348184.75,20548,41.7846,BG
4348205.06,20546,4.1168,LC
4348242.17,20547,9.2824,LC
4348264.39,20545,4.9636,LC
4348278.45,20548,43.6926,BG
4348306.26,20546,4.3779,LC
4348351.84,20548,23.2194,BG
4348427.05,20548,24.7673,BG
4348479.41,20547,9.4222,LC
4348493.37,20545,4.0743,LC
4348513.21,20546,3.9085,LC
4348525.92,20548,48.7219,BG
4348531.14,20547,3.9236,LC
4348607.08,20548,31.019,BG
4348672.24,20545,10.9498,LC
4348680.7,20546,6.3472,LC
4348698.45,20547,4.0216,LC
4348709.19,20548,51.7865,BG
4348760.14,20545,8.1117,LC
4348776.06,20546,5.1291,LC
4348798.56,20548,38.2631,BG
4348871.92,20548,23.1517,BG
4348874.19,20547,4.0078,LC
4348933.7,20545,4.2534,LC
4348943.12,20547,5.9832,LC
4348945.13,20546,8.6978,LC
4348990.46,20548,68.1967,BG
4349061.61,20545,4.4268,LC
4349076.41,20548,35.9029,BG
4349096.86,20546,4.3507,LC
4349188.58,20548,54.12,BG
4349237.58,20547,10.4473,LC
4349250.08,20545,5.0013,LC
4349258.5,20546,4.2524,LC
4349267.85,20547,4.2366,LC
4349281.48,20545,5.049,LC
4349293.08,20548,54.4648,BG
4349293.75,20546,4.1018,LC
4349375.41,20548,30.9925,BG
4349412.38,20547,4.3537,LC
4349458.78,20548,32.4111,BG
4349467.18,20545,4.3593,LC
4349477.83,20546,8.5561,LC
4349478.48,20545,6.2066,LC
4349478.92,20547,7.7173,LC
4349484.39,20546,5.6959,LC
4349498.42,20545,5.2299,LC
4349500.11,20547,4.1582,LC
4349506.47,20546,5.1707,LC
4349531.06,20545,4.5913,LC
4349538.63,20546,4.2024,LC
4349538.69,20547,6.0503,LC
4349546.21,20545,7.4039,LC
4349557.02,20546,4.4991,LC
4349578.59,20547,6.1189,LC
4349586.8,20548,77.3109,BG
4349616.13,20545,5.3649,LC
4349620.86,20546,4.2275,LC
4349625.62,20547,5.6011,LC
4349647.23,20546,5.7034,LC
4349647.38,20545,5.54,LC
4349647.5,20547,5.4444,LC
4349652.13,20545,4.3689,LC
4349657.34,20546,4.0349,LC
4349665.63,20547,6.7925,LC
4349665.95,20545,4.6856,LC
4349669.54,20546,4.2097,LC
4349675.97,20547,5.9206,LC
4349684.37,20545,4.3085,LC
4349690.66,20546,4.9806,LC
4349702.84,20547,4.1722,LC
4349708.37,20545,4.3236,LC
4349711.19,20548,68.4934,BG
4349727.96,20546,6.2454,LC
4349734.19,20547,7.3065,LC
4349756.48,20545,6.732,LC
4349766.6,20546,7.7771,LC
4349768.67,20545,7.8953,LC
4349789.45,20546,11.3315,LC
4349789.54,20547,9.6382,LC
4349814.46,20545,3.9036,LC
4349818.14,20547,6.7113,LC
4349828.72,20548,68.3066,BG
4349855.81,20546,5.207,LC
4349889.82,20545,4.396,LC
4349909.16,20547,4.8635,LC
4349925.29,20546,4.4479,LC
4349930.66,20548,49.8705,BG
4349950.23,20545,4.2451,LC
4349970.3,20547,4.0483,LC
4350023.28,20546,4.1026,LC
4350053.85,20545,3.9922,LC
4350059.47,20547,5.3648,LC
4350084.3,20546,4.0495,LC
4350094.4,20545,5.3099,LC
4350104.13,20547,4.1463,LC
4350105.87,20548,118.9357,BG
4350110.66,20546,4.6045,LC
4350111.76,20545,4.0567,LC
4350119.13,20547,4.6316,LC
4350162.8,20546,4.269,LC
4350171.05,20545,4.034,LC
4350213.41,20547,4.0235,LC
4350228.99,20546,9.5055,LC
4350240.74,20548,83.9395,BG
4350253.34,20545,3.8824,LC
4350256.95,20547,4.3722,LC
4350264.65,20546,4.4444,LC
4350277.06,20545,4.1906,LC
4350279.82,20547,4.3075,LC
4350305.32,20546,6.0327,LC
4350320.31,20548,29.3206,BG
4350342.77,20545,4.3717,LC
4350346.68,20547,10.1208,LC
4350346.89,20546,7.9949,LC
4350378.79,20545,4.5883,LC
4350396.97,20548,26.4256,BG
4350408.45,20546,4.1479,LC
4350410.76,20547,4.2895,LC
4350417.56,20545,4.2171,LC
4350433.74,20546,4.6158,LC
4350435.27,20547,4.7018,LC
4350441.24,20545,4.3575,LC
4350448.19,20546,6.7712,LC
4350455.49,20547,7.8698,LC
4350489.75,20545,7.9223,LC
4350506.75,20548,56.4642,BG
4350513.48,20546,5.2756,LC
4350527.47,20547,4.3681,LC
4350539.51,20545,4.6121,LC
4350548.89,20546,5.3856,LC
4350552.54,20547,4.6616,LC
4350563.2,20546,4.8828,LC
4350581.08,20548,26.085,BG
4350581.17,20545,4.3625,LC
4350587.79,20547,5.0408,LC
4350592.45,20546,4.3203,LC
4350604.93,20545,6.309,LC
4350625.23,20547,4.5112,LC
4350635.39,20546,4.8208,LC
4350642.04,20545,3.8386,LC
4350657.37,20548,26.1775,BG
4350670.25,20547,4.1528,LC
4350677.98,20546,4.6137,LC
4350700.63,20545,5.9144,LC
4350736.11,20547,3.9588,LC
4350738.52,20548,31.0942,BG
4350740.46,20546,4.1532,LC
4350754.91,20545,4.6612,LC
4350759.48,20547,4.3492,LC
4350769.61,20546,4.7548,LC
4350811.33,20545,4.1865,LC
4350829.74,20547,6.1485,LC
4350835.04,20546,4.0015,LC
4350836.61,20548,47.0843,BG
4350883.96,20545,5.4381,LC
4350888.79,20547,5.2933,LC
4350900.57,20546,6.0206,LC
4350917.75,20548,31.4043,BG
4350926.51,20545,4.2619,LC
4350933.09,20547,5.1587,LC
4350934.11,20546,4.1984,LC
4350942.46,20547,4.1067,LC
4350963.4,20545,4.7262,LC
4350991.14,20546,4.3572,LC
4351028.0,20547,4.6028,LC
4351031.87,20545,4.6147,LC
4351032.96,20546,4.7818,LC
4351073.37,20548,105.1644,BG
4351088.14,20547,5.4565,LC
4351140.9,20545,4.3688,LC
4351180.05,20546,5.3027,LC
4351183.27,20548,60.1154,BG
4351218.5,20547,6.5761,LC
4351266.9,20545,4.2369,LC
4351284.26,20546,4.38,LC
4351288.66,20547,4.2597,LC
4351294.99,20548,55.8636,BG
4351306.05,20545,4.0621,LC
4351356.52,20546,3.9362,LC
4351373.41,20548,28.1501,BG
4351439.28,20547,4.2912,LC
4351444.79,20545,4.0212,LC
4351453.09,20548,29.4248,BG
4351518.19,20546,4.8252,LC
4351535.41,20548,31.051,BG
4351559.29,20547,4.4943,LC
4351610.94,20548,25.3732,BG
4351639.69,20545,10.611,LC
4351640.86,20546,8.4825,LC
4351644.84,20547,4.6751,LC
4351686.09,20548,25.3092,BG
4351710.04,20545,6.0151,LC
4351762.16,20548,25.7064,BG
4351799.34,20546,4.4863,LC
4351836.81,20548,24.2409,BG
4351869.13,20547,4.3827,LC
4351913.46,20548,26.6159,BG
4351975.25,20545,4.655,LC
4352016.99,20546,4.778,LC
4352023.1,20547,3.8294,LC
4352032.53,20548,67.1505,BG
4352035.3,20545,6.4703,LC
4352050.97,20546,4.5695,LC
4352055.2,20547,3.8827,LC
4352069.68,20545,4.9091,LC
4352111.81,20548,29.3011,BG
4352151.31,20546,6.4811,LC
4352163.29,20547,3.9181,LC
4352218.84,20545,8.597,LC
4352219.32,20546,4.7354,LC
4352251.77,20547,8.8331,LC
4352252.31,20545,7.0452,LC
4352284.11,20548,119.7655,BG
4352304.17,20546,4.6792,LC
4352360.87,20548,26.6524,BG
4352392.28,20547,4.2482,LC
4352439.36,20548,28.1906,BG
4352454.27,20545,4.2844,LC
4352511.5,20546,4.6485,LC
4352519.56,20548,29.1966,BG
4352549.33,20547,6.6115,LC
4352600.95,20548,31.1077,BG
4352629.39,20545,4.6076,LC
4352684.44,20548,33.1347,BG
4352716.59,20546,4.9564,LC
4352764.48,20548,29.8524,BG
4352769.92,20547,3.8271,LC
4352788.16,20545,4.1277,LC
4352819.89,20546,4.3214,LC
4352835.61,20547,4.1475,LC
4352840.89,20548,26.2259,BG
4352852.16,20545,4.483,LC
4352920.62,20548,29.4941,BG
4352961.66,20546,5.1228,LC
4352987.8,20547,7.1598,LC
4353020.37,20545,5.3335,LC
4353042.89,20546,4.8573,LC
4353054.58,20547,4.453,LC
4353058.34,20548,87.1665,BG
4353092.68,20545,5.0281,LC
4353120.6,20546,4.7105,LC
4353210.23,20548,97.6928,BG
4353215.51,20547,4.5068,LC
4353285.39,20548,25.042,BG
4353298.35,20545,6.608,LC
4353302.19,20546,4.5628,LC
4353323.17,20547,3.8571,LC
4353354.17,20545,4.09,LC
4353362.24,20548,26.5605,BG
4353395.37,20546,6.0735,LC
4353399.66,20547,4.2223,LC
4353430.13,20545,4.1096,LC
4353436.3,20548,24.1177,BG
4353518.94,20548,30.5654,BG
4353548.64,20546,4.6443,LC
4353599.61,20548,30.2528,BG
4353609.13,20547,4.6028,LC
4353662.95,20545,5.7117,LC
4353675.91,20548,26.2708,BG
4353702.22,20546,4.8779,LC
4353750.5,20548,24.3919,BG
4353805.66,20547,5.6194,LC
4353830.49,20548,29.9109,BG
4353845.43,20545,5.7517,LC
4353915.09,20546,8.4664,LC
4353917.75,20547,5.2448,LC
4353919.88,20548,38.6587,BG
4353998.56,20548,28.2325,BG
4354022.1,20545,4.4636,LC
4354037.78,20546,9.5703,LC
4354042.41,20547,8.2644,LC
4354058.05,20545,4.3638,LC
4354080.06,20548,30.7528,BG
4354165.23,20546,4.3147,LC
4354198.26,20548,67.5944,BG
4354207.41,20547,4.4311,LC
4354219.59,20546,4.3263,LC
4354219.66,20545,4.4626,LC
4354275.62,20545,4.5463,LC
4354299.78,20548,51.3825,BG
4354368.7,20547,6.1733,LC
4354382.92,20546,4.6203,LC
4354386.45,20548,36.6224,BG
4354392.16,20545,3.9033,LC
4354430.88,20547,7.4404,LC
4354455.7,20546,4.9866,LC
4354492.76,20545,6.1238,LC
4354515.68,20548,76.078,BG
4354604.2,20548,38.2055,BG
4354640.61,20547,5.4867,LC
4354657.78,20546,4.5486,LC
4354686.65,20545,4.1828,LC
4354691.78,20548,36.6178,BG
4354717.5,20547,4.2196,LC
4354751.12,20546,4.1809,LC
4354767.81,20545,6.3028,LC
4354780.32,20548,38.2621,BG
4354797.12,20547,4.3133,LC
4354806.27,20545,4.1927,LC
4354806.6,20546,5.9253,LC
4354859.99,20548,29.1604,BG
4354930.31,20547,4.8902,LC
4354934.86,20545,5.4658,LC
4354952.24,20548,42.1828,BG
4355079.92,20548,67.4732,BG
4355112.57,20546,4.7852,LC
4355129.58,20547,5.4838,LC
4355144.12,20545,4.6453,LC
4355183.21,20548,52.7592,BG
4355192.68,20546,5.4005,LC
4355228.17,20547,5.0046,LC
4355236.05,20545,4.5053,LC
4355238.75,20546,4.8614,LC
4355263.49,20547,5.4062,LC
4355263.67,20545,6.0211,LC
4355273.79,20546,4.387,LC
4355286.0,20548,49.4897,BG
4355299.83,20547,4.848,LC
4355314.77,20545,6.4361,LC
4355339.07,20546,3.9997,LC
4355352.12,20547,3.9984,LC
4355368.5,20548,32.2996,BG
4355380.56,20545,4.5085,LC
4355405.2,20546,4.2671,LC
4355411.21,20547,4.0163,LC
4355433.49,20545,6.0494,LC
4355456.68,20548,36.2895,BG
4355460.01,20546,4.858,LC
4355497.52,20547,4.0827,LC
4355557.41,20548,37.2605,BG
4355558.86,20545,6.296,LC
4355595.86,20546,9.5187,LC
4355601.42,20547,9.454,LC
4355601.54,20545,9.7477,LC
4355679.43,20546,8.2368,LC
4355693.58,20547,7.9555,LC
4355699.72,20545,7.4795,LC
4355709.28,20547,6.9939,LC
4355721.79,20548,113.6755,BG
4355736.59,20546,7.6992,LC
4355755.43,20545,5.3985,LC
4355777.81,20547,5.9398,LC
4355788.8,20546,6.7827,LC
4355800.76,20545,6.9127,LC
4355827.48,20547,6.043,LC
4355848.16,20546,4.6083,LC
4355848.23,20545,4.5788,LC
4355853.9,20548,80.6485,BG
4355937.49,20547,4.1425,LC
4355945.91,20548,42.423,BG
4355960.6,20546,4.9956,LC
4355966.21,20545,5.7086,LC
4356004.32,20546,5.4631,LC
4356012.62,20547,10.5643,LC
4356020.83,20545,6.0716,LC
4356063.52,20547,8.9213,LC
4356063.96,20546,5.6243,LC
4356092.49,20548,95.1867,BG
4356104.06,20545,9.5229,LC
4356107.33,20547,9.8101,LC
4356121.24,20546,6.1628,LC
4356121.52,20545,5.0465,LC
4356160.51,20547,8.8717,LC
4356160.77,20546,7.5716,LC
4356183.06,20545,4.0729,LC
4356193.76,20548,51.0845,BG
4356215.01,20547,4.1195,LC
4356253.05,20546,4.2905,LC
4356273.9,20545,4.2412,LC
4356309.24,20547,6.5341,LC
4356316.76,20546,5.7845,LC
4356322.9,20545,6.5325,LC
4356327.88,20548,81.7984,BG
4356373.06,20547,9.7777,LC
4356402.04,20546,3.9399,LC
4356415.84,20545,5.6489,LC
4356422.86,20548,44.8435,BG
4356456.35,20547,3.9541,LC
4356467.13,20546,4.0776,LC
4356504.56,20548,31.4493,BG
4356519.27,20545,9.8011,LC
4356520.45,20547,10.8815,LC
4356520.76,20546,4.3721,LC
4356529.27,20545,3.8551,LC
4356542.68,20547,6.1666,LC
4356568.49,20546,4.1991,LC
4356582.9,20545,7.0047,LC
4356584.97,20547,5.6176,LC
4356586.97,20548,31.7468,BG
4356592.51,20546,4.8676,LC
4356597.35,20545,5.4669,LC
4356609.28,20546,4.23,LC
4356625.38,20547,4.5216,LC
4356637.01,20545,4.2443,LC
4356642.7,20546,4.5453,LC
4356671.18,20547,4.5873,LC
4356674.45,20545,5.0602,LC
4356678.14,20548,40.553,BG
4356696.77,20546,6.4581,LC
4356701.91,20547,4.3935,LC
4356720.57,20545,4.2957,LC
4356740.72,20546,5.3185,LC
4356753.2,20547,4.4863,LC
4356757.96,20545,4.1085,LC
4356761.24,20548,32.7505,BG
4356773.24,20546,5.0845,LC
4356782.99,20547,7.3093,LC
4356818.19,20545,4.158,LC
4356837.23,20546,9.3077,LC
4356849.25,20548,35.5223,BG
4356886.2,20547,5.9769,LC
4356915.06,20545,9.7812,LC
4356921.25,20546,13.7087,LC
4356935.42,20547,4.5525,LC
4356957.83,20548,53.3466,BG
4356970.4,20545,7.8386,LC
4357015.49,20546,13.5761,LC
4357043.86,20547,15.1472,LC
4357046.41,20545,14.9608,LC
4357054.72,20546,7.1813,LC
4357070.19,20547,6.2687,LC
4357090.23,20546,11.665,LC
4357090.4,20545,9.8383,LC
4357093.16,20547,7.9344,LC
4357119.05,20545,9.0441,LC
4357147.43,20548,135.9544,BG
4357147.67,20546,4.8651,LC
4357158.11,20547,4.2535,LC
4357169.76,20545,6.6482,LC
4357170.7,20546,4.5402,LC
4357171.1,20547,5.4244,LC
4357193.48,20545,5.2173,LC
4357201.05,20546,4.294,LC
4357203.72,20547,5.2267,LC
4357274.35,20548,80.0931,BG
4357296.03,20546,4.6553,LC
4357296.38,20545,5.2746,LC
4357314.44,20547,6.1707,LC
4357343.07,20545,4.5489,LC
4357356.72,20547,5.5206,LC
4357356.81,20546,5.1463,LC
4357356.85,20546,4.2342,LC
4357380.81,20545,4.2267,LC
4357380.91,20548,56.3688,BG
4357393.11,20547,4.0536,LC
4357402.22,20546,5.8867,LC
4357422.96,20545,4.5667,LC
4357454.77,20548,23.7925,BG
4357492.89,20547,4.1319,LC
4357512.25,20546,4.4937,LC
4357515.89,20545,5.1754,LC
4357539.16,20547,6.8366,LC
4357542.96,20546,6.0801,LC
4357564.43,20548,58.9681,BG
4357612.79,20545,6.6526,LC
4357620.11,20547,6.8183,LC
4357621.34,20546,5.715,LC
4357649.04,20545,7.0645,LC
4357652.47,20548,38.279,BG
4357670.98,20547,4.4186,LC
4357704.41,20546,4.6038,LC
4357730.97,20548,27.9063,BG
4357733.42,20545,5.4027,LC
4357739.07,20547,4.4949,LC
4357747.58,20546,4.6686,LC
4357801.29,20545,6.6083,LC
4357805.81,20547,4.0157,LC
4357812.82,20548,31.9215,BG
4357865.3,20546,5.0164,LC
4357893.34,20548,30.1636,BG
4357894.35,20545,4.098,LC
4357911.37,20547,6.1312,LC
4357918.22,20546,4.9476,LC
4357953.04,20545,4.0759,LC
4357964.71,20547,4.0823,LC
4357971.37,20546,4.2536,LC
4357975.52,20548,32.02,BG
4358001.96,20545,4.734,LC
4358023.06,20547,6.4843,LC
4358023.23,20546,4.956,LC
4358054.0,20545,6.4802,LC
4358069.53,20546,5.3034,LC
4358076.14,20547,4.3036,LC
4358084.26,20545,6.0336,LC
4358089.7,20546,4.3511,LC
4358096.13,20545,7.638,LC
4358097.39,20547,9.833,LC
4358102.27,20546,4.2159,LC
4358129.17,20545,6.172,LC
4358131.13,20548,104.6819,BG
4358135.74,20547,5.6033,LC
4358147.75,20546,4.1308,LC
4358170.84,20545,7.3277,LC
4358176.11,20547,4.8379,LC
4358187.21,20546,4.4868,LC
4358201.61,20545,4.6695,LC
4358208.84,20547,4.272,LC
4358209.51,20546,5.1931,LC
4358228.05,20545,5.1525,LC
4358235.36,20547,4.8165,LC
4358244.98,20546,4.9483,LC
4358247.72,20545,6.9271,LC
4358253.61,20548,72.8209,BG
4358285.79,20547,5.9581,LC
4358300.66,20546,9.6939,LC
4358306.27,20545,5.502,LC
4358334.91,20547,9.3781,LC
4358339.06,20546,8.4474,LC
4358362.79,20547,9.964,LC
4358363.31,20545,12.0351,LC
4358370.85,20546,6.9624,LC
4358379.19,20545,10.7764,LC
4358379.77,20547,7.752,LC
4358386.51,20546,4.0905,LC
4358422.36,20545,4.8436,LC
4358429.78,20547,4.7213,LC
4358433.32,20548,128.1039,BG
4358442.53,20546,8.0589,LC
4358443.8,20545,5.3437,LC
4358467.6,20547,4.7674,LC
4358503.41,20546,4.2332,LC
4358510.14,20545,4.2041,LC
4358519.59,20548,36.4166,BG
4358538.76,20547,6.2202,LC
4358545.13,20545,6.8805,LC
4358545.88,20546,9.5838,LC
4358586.18,20547,4.4261,LC
4358608.87,20548,39.0399,BG
4358618.0,20545,5.0149,LC
4358687.61,20548,28.3807,BG
4358698.23,20546,6.1319,LC
4358734.49,20547,6.6079,LC
4358735.6,20545,5.1428,LC
4358766.64,20548,28.8141,BG
4358775.18,20546,4.2323,LC
4358818.32,20547,5.0975,LC
4358833.4,20545,6.4691,LC
4358833.45,20546,6.1997,LC
4358833.6,20547,4.8012,LC
4358862.17,20548,44.7603,BG
4358895.61,20545,5.1342,LC
4358928.32,20546,4.4313,LC
4358951.89,20547,4.9717,LC
4358953.87,20548,41.4406,BG
4359021.93,20545,4.1729,LC
4359038.19,20546,6.7286,LC
4359041.44,20547,5.1591,LC
4359062.59,20548,58.2196,BG
4359095.48,20545,5.1367,LC
4359185.95,20546,4.4814,LC
4359189.15,20547,4.4996,LC
4359227.07,20548,114.3265,BG
4359236.21,20545,4.5054,LC
4359270.54,20546,5.1463,LC
4359288.16,20547,4.9507,LC
4359319.9,20545,4.2346,LC
4359322.11,20548,42.9617,BG
4359343.43,20546,4.783,LC
4359345.05,20547,4.4222,LC
4359348.37,20545,4.4234,LC
4359357.97,20547,6.411,LC
4359359.55,20546,6.3652,LC
4359362.09,20545,4.8593,LC
4359395.48,20548,23.0621,BG
4359399.78,20547,4.5763,LC
4359410.96,20546,4.0854,LC
4359413.97,20545,4.369,LC
4359433.14,20547,4.4659,LC
4359445.55,20546,4.9997,LC
4359458.16,20545,6.1402,LC
4359471.1,20547,5.4427,LC
4359481.13,20546,6.1305,LC
4359491.07,20545,4.8253,LC
4359493.31,20548,47.707,BG
4359525.44,20547,5.4654,LC
4359526.91,20546,4.4188,LC
4359545.89,20545,6.0881,LC
4359554.11,20547,6.4164,LC
4359564.2,20546,3.98,LC
4359594.06,20545,10.4606,LC
4359595.84,20547,6.275,LC
4359598.14,20548,54.7182,BG
4359633.49,20546,5.5275,LC
4359651.61,20545,4.9636,LC
4359678.83,20548,29.5824,BG
4359681.81,20547,7.6023,LC
4359682.21,20546,5.0757,LC
4359705.25,20545,7.9058,LC
4359705.66,20547,5.8579,LC
4359721.39,20546,4.2615,LC
4359722.69,20545,4.0945,LC
4359756.63,20548,27.1215,BG
4359761.19,20547,4.3656,LC
4359767.03,20546,4.1965,LC
4359799.99,20545,4.0305,LC
4359811.51,20547,4.9763,LC
4359826.11,20546,5.2791,LC
4359831.2,20548,24.412,BG
4359857.63,20545,4.137,LC
4359864.45,20547,5.0067,LC
4359885.24,20546,6.6004,LC
4359911.68,20548,28.8949,BG
4359914.83,20545,9.5589,LC
4359918.29,20547,6.2179,LC
4359940.35,20546,4.1117,LC
4359945.21,20545,4.4359,LC
4359954.82,20547,4.1089,LC
4359978.94,20546,8.1699,LC
4359979.84,20545,7.6011,LC
4359995.71,20548,34.2957,BG
4360021.86,20547,4.611,LC
4360026.28,20546,4.5963,LC
4360036.21,20545,4.4928,LC
4360042.85,20547,6.0494,LC
4360076.33,20545,4.3957,LC
4360078.1,20546,6.2717,LC
4360078.79,20545,4.5571,LC
4360079.48,20547,8.9456,LC
4360100.74,20547,4.4593,LC
4360111.92,20546,4.1683,LC
4360137.29,20548,91.3537,BG
4360149.11,20547,5.3295,LC
4360149.17,20545,8.7934,LC
4360172.81,20546,4.2877,LC
4360191.06,20545,4.0795,LC
4360205.14,20547,4.1047,LC
4360227.0,20546,5.0527,LC
4360234.36,20545,4.0603,LC
4360240.63,20548,52.8082,BG
4360247.14,20547,4.2546,LC
4360256.63,20546,4.1234,LC
4360263.53,20545,4.1085,LC
4360270.77,20547,4.2471,LC
4360317.14,20546,4.3036,LC
4360345.4,20548,49.1226,BG
4360351.85,20545,4.2164,LC
4360364.79,20547,4.0246,LC
4360386.65,20546,6.2978,LC
4360386.84,20545,4.4777,LC
4360406.62,20547,10.1697,LC
4360406.72,20546,7.4657,LC
4360422.17,20545,8.4782,LC
4360422.57,20547,5.5582,LC
4360429.99,20546,4.5107,LC
4360449.05,20548,53.5565,BG
4360470.9,20545,4.3103,LC
4360491.39,20547,5.0843,LC
4360524.66,20548,25.497,BG
4360561.4,20546,6.0049,LC
4360613.57,20548,38.1369,BG
4360617.71,20545,4.2346,LC
4360640.78,20547,4.6553,LC
4360647.6,20546,5.1014,LC
4360692.41,20548,28.6476,BG
4360704.17,20545,5.9748,LC
4360729.1,20547,4.9917,LC
4360769.25,20546,4.1202,LC
4360773.23,20548,29.7981,BG
4360774.87,20545,5.5229,LC
4360812.75,20547,4.4948,LC
4360815.79,20546,5.0404,LC
4360821.1,20545,4.3925,LC
4360822.71,20547,4.2718,LC
4360832.97,20546,3.9785,LC
4360855.17,20548,31.7658,BG
4360866.7,20545,4.4175,LC
4360889.95,20547,4.7953,LC
4360901.91,20546,4.4243,LC
4360933.29,20548,27.9501,BG
4360938.12,20545,4.4092,LC
4360957.17,20547,5.6047,LC
4360965.97,20546,4.2757,LC
4360968.75,20545,4.5272,LC
4360975.26,20547,4.3875,LC
4361009.13,20546,4.2594,LC
4361011.43,20545,4.7811,LC
4361018.34,20548,34.8579,BG
4361035.99,20546,4.2431,LC
4361037.21,20547,6.2079,LC
4361042.56,20545,5.0005,LC
4361052.15,20546,4.9125,LC
4361094.18,20547,6.5482,LC
4361110.09,20546,4.3451,LC
4361110.19,20545,4.8884,LC
4361135.85,20548,65.597,BG
4361142.1,20547,4.8217,LC
4361182.12,20545,5.928,LC
4361186.9,20546,6.3244,LC
4361192.2,20547,4.1858,LC
4361207.14,20545,4.0743,LC
4361209.88,20546,5.1484,LC
4361224.18,20547,4.1325,LC
4361250.04,20545,4.4548,LC
4361251.52,20548,66.1685,BG
4361279.43,20546,4.5224,LC
4361290.32,20547,5.2496,LC
4361298.17,20545,7.2821,LC
4361324.89,20546,4.8143,LC
4361333.99,20547,4.413,LC
4361340.2,20548,38.5709,BG
4361384.88,20545,5.8584,LC
4361410.11,20546,4.3135,LC
4361414.62,20545,5.8517,LC
4361414.73,20547,8.3638,LC
4361434.97,20546,4.4415,LC
4361452.06,20548,61.5642,BG
4361482.87,20547,6.7055,LC
4361487.79,20545,4.5287,LC
4361491.95,20546,4.0971,LC
4361512.42,20545,4.0697,LC
4361524.28,20547,4.3025,LC
4361530.79,20546,5.1428,LC
4361536.43,20548,34.3311,BG
4361574.19,20545,9.266,LC
4361584.48,20547,6.0625,LC
4361588.95,20546,4.6147,LC
4361610.9,20545,5.2869,LC
4361614.25,20548,25.0503,BG
4361663.77,20547,4.2978,LC
4361693.86,20548,29.0228,BG
4361706.73,20546,4.4097,LC
4361712.89,20545,6.4504,LC
4361737.93,20547,4.9348,LC
4361766.69,20546,6.1034,LC
4361775.98,20548,31.7562,BG
4361824.46,20545,4.8464,LC
4361852.09,20548,25.8636,BG
4361931.68,20548,29.3837,BG
4361947.58,20547,8.0079,LC
4361949.53,20546,8.1875,LC
4361954.98,20545,4.5472,LC
4362010.5,20548,28.1758,BG
4362083.25,20547,5.9767,LC
4362117.22,20546,4.6352,LC
4362135.89,20548,75.5421,BG
4362209.7,20545,4.8521,LC
4362239.18,20547,4.479,LC
4362243.98,20546,4.6945,LC
4362282.84,20548,96.5294,BG
4362306.83,20547,4.2923,LC
4362325.14,20545,4.8749,LC
4362356.8,20546,9.0036,LC
4362409.49,20547,5.0591,LC
4362433.14,20545,5.8773,LC
4362464.14,20546,7.673,LC
4362478.21,20548,142.2563,BG
4362492.66,20547,4.6337,LC
4362508.9,20545,5.4379,LC
4362557.65,20546,8.5799,LC
4362585.66,20547,5.2029,LC
4362607.78,20548,80.3323,BG
4362621.44,20545,4.604,LC
4362659.74,20546,5.178,LC
4362674.67,20547,4.5112,LC
4362698.0,20545,4.3696,LC
4362715.28,20548,54.9653,BG
4362801.05,20546,4.099,LC
4362814.45,20548,48.8296,BG
4362819.5,20547,4.8036,LC
4362874.42,20545,6.3285,LC
4362888.9,20548,24.3737,BG
4362927.78,20546,6.1585,LC
4362978.42,20548,39.2909,BG
4363023.89,20547,10.2926,LC
4363110.97,20548,82.1298,BG
4363121.1,20545,4.3203,LC
4363197.31,20546,5.0591,LC
4363202.84,20548,41.817,BG
4363281.3,20547,4.1504,LC
4363326.48,20545,5.8419,LC
4363333.73,20546,5.5342,LC
4363339.19,20548,86.1422,BG
4363349.29,20547,4.8622,LC
4363415.97,20548,25.6604,BG
4363451.08,20545,5.0793,LC
4363491.59,20548,24.71,BG
4363558.8,20546,4.7772,LC
4363587.28,20548,45.1224,BG
4363603.39,20547,4.8255,LC
4363613.43,20545,6.596,LC
4363651.33,20546,11.158,LC
4363671.46,20547,3.956,LC
4363677.53,20545,3.9615,LC
4363683.2,20548,46.3214,BG
4363691.94,20546,4.1734,LC
4363694.69,20547,4.4803,LC
4363736.45,20545,4.0597,LC
4363769.25,20548,36.047,BG
4363853.27,20548,32.9095,BG
4363887.81,20546,10.4299,LC
4363890.96,20547,10.0407,LC
4363941.13,20548,36.7013,BG
4363974.74,20545,5.6531,LC
4364031.64,20548,39.4509,BG
4364054.26,20546,5.1072,LC
4364095.06,20547,4.1037,LC
4364191.45,20545,6.8924,LC
4364296.5,20546,8.0119,LC
4364327.74,20548,234.037,BG
4364331.72,20547,4.3263,LC
4364417.83,20548,38.7841,BG
4364446.84,20545,6.0549,LC
4364546.96,20548,79.0218,BG
4364638.07,20548,40.7779,BG
4364712.1,20546,6.5006,LC
4364724.16,20547,5.8921,LC
4364725.09,20548,36.723,BG
4364727.65,20545,5.9614,LC
4364776.72,20546,4.8923,LC
4364803.45,20548,27.2988,BG
4364878.75,20548,25.0435,BG
4364914.6,20547,5.6215,LC
4364952.76,20548,23.7294,BG
4364972.06,20545,5.0662,LC
4365014.47,20546,5.3355,LC
4365027.94,20547,4.9691,LC
4365028.99,20548,26.3312,BG
4365038.22,20545,6.0133,LC
4365135.03,20546,4.1798,LC
4365139.07,20548,57.7028,BG
4365177.98,20547,6.8551,LC
4365224.63,20548,37.444,BG
4365251.23,20545,4.5107,LC
4365263.51,20546,5.7669,LC
4365288.09,20547,4.8964,LC
4365305.5,20545,4.6195,LC
4365319.76,20548,43.7113,BG
4365395.65,20548,27.0708,BG
4365423.15,20546,4.0703,LC
4365469.82,20548,23.8059,BG
4365545.67,20548,25.6141,BG
4365613.37,20547,6.4077,LC
4365621.17,20548,23.7073,BG
4365694.94,20548,23.4914,BG
4365728.72,20545,7.1834,LC
4365770.65,20548,25.4281,BG
4365771.39,20546,5.2599,LC
4365776.77,20547,5.6351,LC
4365832.84,20546,6.4959,LC
4365837.66,20545,5.3656,LC
4365853.85,20547,4.8404,LC
4365858.99,20548,37.9317,BG
4365934.08,20546,4.8065,LC
4365942.55,20548,32.5802,BG
4366020.83,20548,28.4409,BG
4366079.9,20545,6.9743,LC
4366100.89,20547,4.6727,LC
4366120.68,20548,49.3017,BG
4366140.98,20546,7.0509,LC
4366148.15,20545,7.8693,LC
4366235.45,20548,64.2197,BG
4366304.42,20547,4.4053,LC
4366315.42,20546,4.2996,LC
4366348.32,20548,61.3888,BG
4366395.68,20545,6.9905,LC
4366428.28,20548,29.3858,BG
4366456.92,20547,4.0715,LC
4366459.78,20546,4.2681,LC
4366461.39,20545,4.1337,LC
4366515.38,20547,4.5595,LC
4366521.06,20548,40.6466,BG
4366523.1,20546,4.0406,LC
4366535.19,20545,3.8702,LC
4366539.62,20547,4.1265,LC
4366589.17,20546,4.7555,LC
4366617.6,20548,48.0968,BG
4366696.52,20548,28.1091,BG
4366779.34,20548,32.6874,BG
4366800.18,20545,5.3717,LC
4366831.31,20546,6.772,LC
4366831.5,20547,7.1319,LC
4366836.63,20545,7.5819,LC
4366838.97,20546,4.522,LC
4366864.61,20548,32.7823,BG
4366906.53,20547,5.9342,LC
4366926.19,20545,7.3914,LC
4366930.47,20546,6.8411,LC
4366953.45,20548,38.4689,BG
4366973.72,20547,4.5064,LC
4366985.86,20545,4.368,LC
4367011.49,20546,5.1225,LC
4367034.05,20547,4.2727,LC
4367039.09,20548,35.2072,BG
4367074.34,20545,4.4463,LC
4367138.13,20546,4.8177,LC
4367151.52,20547,8.7278,LC
4367157.83,20545,5.3454,LC
4367166.6,20548,76.778,BG
4367179.11,20546,5.0927,LC
4367179.91,20547,4.4956,LC
4367234.22,20546,5.1052,LC
4367236.68,20545,10.6235,LC
4367237.07,20547,9.6865,LC
4367244.28,20546,5.6291,LC
4367251.35,20545,5.4383,LC
4367260.66,20547,4.2708,LC
4367264.04,20546,5.51,LC
4367300.67,20545,6.1152,LC
4367302.41,20547,7.0379,LC
4367312.49,20546,4.1264,LC
4367314.58,20548,96.3733,BG
4367346.45,20545,8.2424,LC
4367382.75,20547,5.2367,LC
4367422.16,20546,4.0122,LC
4367427.53,20545,7.8919,LC
4367437.39,20546,4.4512,LC
4367441.07,20547,8.4688,LC
4367452.04,20545,5.0993,LC
4367452.1,20546,4.5237,LC
4367472.06,20547,6.0942,LC
4367486.42,20548,121.0098,BG
4367507.26,20545,4.3906,LC
4367526.27,20546,4.9799,LC
4367549.92,20547,4.7011,LC
4367562.54,20545,5.7928,LC
4367572.12,20548,36.0058,BG
4367579.54,20546,4.3688,LC
4367613.34,20547,7.5377,LC
4367623.05,20545,3.951,LC
4367623.47,20546,4.0416,LC
4367650.47,20547,4.1761,LC
4367655.06,20545,4.1873,LC
4367664.33,20546,4.0745,LC
4367668.8,20547,4.1679,LC
4367668.85,20545,4.3138,LC
4367677.75,20548,53.7982,BG
4367683.83,20547,4.2836,LC
4367701.84,20546,4.1434,LC
4367718.94,20545,5.1413,LC
4367726.8,20547,4.4337,LC
4367742.99,20546,4.5708,LC
4367768.36,20545,3.9191,LC
4367769.04,20548,41.0266,BG
4367790.81,20547,5.4167,LC
4367849.09,20546,5.154,LC
4367860.93,20548,41.2745,BG
4367921.9,20545,4.4819,LC
4367923.33,20547,6.4301,LC
4367935.15,20546,5.0569,LC
4367959.11,20548,46.833,BG
4367965.21,20545,4.8097,LC
4367967.95,20547,4.4017,LC
4368004.32,20546,4.5557,LC
4368034.06,20545,4.1379,LC
4368047.2,20547,7.1631,LC
4368050.19,20546,4.4497,LC
4368052.6,20548,41.6406,BG
4368066.96,20547,4.3913,LC
4368096.57,20545,5.5254,LC
4368125.65,20546,5.5667,LC
4368134.35,20547,4.2888,LC
4368143.95,20545,5.2614,LC
4368152.35,20546,6.6227,LC
4368154.71,20547,6.3688,LC
4368182.11,20545,6.0551,LC
4368183.61,20546,6.5562,LC
4368204.84,20548,101.3934,BG
4368234.78,20547,5.0759,LC
4368256.14,20545,4.8113,LC
4368258.99,20546,5.8521,LC
4368266.2,20547,6.3342,LC
4368281.41,20545,4.2812,LC
4368299.54,20546,4.4411,LC
4368343.57,20548,81.4036,BG
4368450.42,20548,54.5777,BG
4368452.5,20547,8.0533,LC
4368471.79,20545,5.3448,LC
4368506.18,20546,4.2605,LC
4368533.36,20548,31.7076,BG
4368594.72,20547,4.3139,LC
4368609.93,20548,27.206,BG
4368649.3,20545,9.0661,LC
4368655.14,20546,4.4851,LC
4368687.32,20548,25.9421,BG
4368710.82,20547,5.1074,LC
4368768.07,20548,30.7694,BG
4368847.44,20548,28.7647,BG
4368924.17,20548,26.3368,BG
4368931.37,20545,5.1313,LC
4368952.58,20546,4.6415,LC
4369003.21,20548,28.8863,BG
4369068.28,20547,7.2744,LC
4369069.09,20545,5.3771,LC
4369076.75,20546,4.3825,LC
4369089.66,20548,36.1396,BG
4369125.22,20547,5.7746,LC
4369143.87,20545,6.3315,LC
4369159.79,20546,5.2984,LC
4369213.18,20547,4.6983,LC
4369222.03,20548,77.6937,BG
4369253.22,20545,5.1435,LC
4369259.93,20546,5.143,LC
4369265.11,20547,5.5063,LC
4369269.15,20545,5.1212,LC
4369283.69,20547,7.6343,LC
4369322.39,20546,5.9185,LC
4369333.52,20545,7.3382,LC
4369361.05,20548,88.1609,BG
4369378.79,20547,4.7481,LC
4369474.52,20546,5.2658,LC
4369503.47,20545,4.4808,LC
4369521.2,20548,108.1323,BG
4369522.16,20547,5.2592,LC
4369533.33,20546,4.417,LC
4369553.62,20545,4.3492,LC
4369560.18,20547,4.077,LC
4369565.0,20546,4.4435,LC
4369591.93,20545,4.1514,LC
4369594.43,20548,23.1887,BG
4369626.46,20547,3.9815,LC
4369642.8,20546,3.8684,LC
4369644.55,20545,4.2405,LC
4369668.18,20548,23.6219,BG
4369675.38,20547,4.1363,LC
4369679.4,20546,4.1615,LC
4369685.33,20545,4.1509,LC
4369694.05,20547,3.9391,LC
4369697.07,20546,4.6576,LC
4369729.88,20545,4.103,LC
4369733.36,20547,3.947,LC
4369743.69,20548,25.2609,BG
4369790.11,20546,8.9694,LC
4369790.2,20545,6.4485,LC
4369794.24,20547,3.9695,LC
4369798.71,20546,4.128,LC
4369820.78,20548,26.8476,BG
4369850.43,20545,6.6623,LC
4369854.09,20547,7.5177,LC
4369886.45,20546,5.9844,LC
4369898.09,20548,26.9435,BG
4369899.72,20545,4.363,LC
4369951.51,20547,4.1011,LC
4369978.36,20548,26.6255,BG
4369992.81,20546,4.4018,LC
4369997.37,20545,4.183,LC
4370017.11,20547,5.3063,LC
4370032.75,20546,6.3538,LC
4370049.52,20545,4.2331,LC
4370060.71,20547,4.9895,LC
4370066.25,20548,33.4052,BG
4370096.41,20546,11.774,LC
4370096.84,20545,11.3745,LC
4370102.48,20547,7.4005,LC
4370131.11,20546,6.518,LC
4370149.0,20545,6.6617,LC
4370186.28,20547,5.1349,LC
4370187.91,20546,6.5723,LC
4370266.14,20545,4.8728,LC
4370285.85,20547,4.431,LC
4370297.23,20548,103.5073,BG
4370358.51,20546,4.8968,LC
4370365.91,20545,4.9847,LC
4370411.48,20547,4.5202,LC
4370436.6,20548,79.3953,BG
4370449.78,20546,8.2568,LC
4370450.17,20545,6.9762,LC
4370473.66,20547,6.2566,LC
4370500.29,20546,4.8632,LC
4370508.62,20545,4.3234,LC
4370515.63,20547,7.2408,LC
4370529.86,20545,12.3287,LC
4370530.62,20546,9.1574,LC
4370534.04,20547,10.4212,LC
4370543.85,20545,7.1631,LC
4370553.39,20546,7.0102,LC
4370563.75,20547,4.196,LC
4370618.17,20545,4.6217,LC
4370630.18,20546,4.7447,LC
4370631.2,20548,144.2976,BG
4370637.48,20547,4.1323,LC
4370668.2,20545,4.6182,LC
4370673.93,20546,4.4065,LC
4370705.57,20548,24.2172,BG
4370709.95,20547,4.52,LC
4370717.73,20545,4.5899,LC
4370733.07,20546,4.7862,LC
4370738.91,20547,4.2608,LC
4370756.04,20545,4.5159,LC
4370781.49,20546,6.2572,LC
4370785.66,20547,6.0983,LC
4370793.91,20548,38.1936,BG
4370794.09,20545,4.3161,LC
4370851.5,20546,5.4137,LC
4370878.09,20547,5.1292,LC
4370884.45,20548,36.4581,BG
4370890.46,20545,10.8183,LC
4370900.3,20546,8.104,LC
4370960.28,20548,25.9124,BG
4371016.53,20547,5.0877,LC
4371043.7,20548,33.1826,BG
4371046.45,20545,4.769,LC
4371118.66,20548,23.9898,BG
4371125.34,20546,4.2222,LC
4371137.21,20547,4.373,LC
4371181.21,20545,4.2875,LC
4371242.33,20548,73.6928,BG
4371295.73,20546,4.5809,LC
4371307.99,20547,4.8784,LC
4371329.77,20548,38.0554,BG
4371421.24,20548,41.3135,BG
4371430.93,20545,4.0409,LC
4371494.8,20548,23.4029,BG
4371569.78,20548,24.5297,BG
4371623.57,20546,4.4008,LC
4371649.99,20548,30.1985,BG
4371654.72,20547,4.2465,LC
4371710.63,20545,6.2319,LC
4371729.66,20548,29.4094,BG
4371807.7,20548,26.9201,BG
4371888.52,20548,30.1233,BG
4371968.85,20548,29.5768,BG
4372002.92,20546,5.4874,LC
4372048.94,20548,29.7785,BG
4372093.79,20547,5.6694,LC
4372124.25,20548,25.3117,BG
4372129.31,20545,6.9379,LC
4372245.29,20546,5.0585,LC
4372257.16,20547,5.3529,LC
4372260.05,20545,4.9529,LC
4372287.06,20546,4.99,LC
4372289.74,20547,4.4418,LC
4372290.23,20548,112.057,BG
4372312.68,20545,4.3094,LC
4372345.55,20546,5.2079,LC
4372353.38,20547,4.031,LC
4372357.14,20545,5.0226,LC
4372363.49,20546,5.2324,LC
4372365.35,20547,6.8097,LC
4372388.03,20545,4.8868,LC
4372406.32,20546,5.4075,LC
4372407.19,20547,4.2927,LC
4372409.61,20545,5.4103,LC
4372418.73,20548,78.2497,BG
4372421.67,20547,4.8147,LC
4372437.03,20546,5.1913,LC
4372487.18,20545,4.1523,LC
4372513.26,20548,43.8213,BG
4372538.1,20546,6.3885,LC
4372538.18,20547,8.0899,LC
4372539.12,20545,5.0121,LC
4372558.26,20547,4.4868,LC
4372590.75,20546,4.1748,LC
4372592.67,20548,28.4065,BG
4372603.36,20545,4.1387,LC
4372626.13,20547,5.9265,LC
4372637.42,20546,4.1839,LC
4372668.54,20548,25.3904,BG
4372706.65,20545,4.9438,LC
4372735.69,20547,4.0779,LC
4372748.81,20548,29.6094,BG
4372799.69,20546,6.3029,LC
4372804.02,20545,10.7428,LC
4372804.89,20547,7.0516,LC
4372818.41,20546,4.0262,LC
4372829.77,20545,6.0157,LC
4372829.85,20548,30.5553,BG
4372856.41,20547,6.8075,LC
4372857.44,20546,5.9386,LC
4372886.76,20545,4.19,LC
4372896.17,20547,4.6175,LC
4372896.88,20546,5.3092,LC
4372902.92,20545,4.2218,LC
4372910.9,20547,4.3931,LC
4372911.85,20548,29.3698,BG
4372948.76,20546,6.9162,LC
4372953.4,20545,6.9899,LC
4372955.54,20547,6.0543,LC
4372962.25,20546,4.0259,LC
4372977.02,20545,4.0255,LC
4372998.45,20548,36.3779,BG
4373028.1,20547,5.1546,LC
4373036.81,20546,4.7646,LC
4373078.95,20548,30.3263,BG
4373087.93,20545,5.2498,LC
4373117.16,20547,5.0312,LC
4373140.35,20545,4.878,LC
4373140.66,20546,5.337,LC
4373157.32,20547,4.9563,LC
4373175.42,20545,4.9958,LC
4373175.93,20548,46.2711,BG
4373252.98,20546,5.1002,LC
4373253.34,20547,4.7935,LC
4373267.38,20548,41.65,BG
4373270.53,20545,4.6499,LC
4373292.09,20546,4.0254,LC
4373314.12,20547,6.6347,LC
4373321.14,20545,4.7342,LC
4373358.61,20546,4.7788,LC
4373360.36,20548,42.071,BG
4373409.09,20547,5.0159,LC
4373415.19,20545,4.6311,LC
4373428.63,20546,4.906,LC
4373436.96,20547,4.7927,LC
4373457.69,20548,45.5509,BG
4373458.47,20545,4.3748,LC
4373467.07,20546,4.2591,LC
4373478.13,20547,8.3882,LC
4373481.01,20545,7.8222,LC
4373500.18,20546,7.0591,LC
4373504.88,20547,4.8086,LC
4373541.64,20548,27.6035,BG
4373548.87,20546,4.4085,LC
4373573.78,20545,8.175,LC
4373574.42,20547,7.082,LC
4373589.66,20546,4.2301,LC
4373615.09,20548,23.611,BG
4373622.67,20545,3.9242,LC
4373650.34,20547,6.3517,LC
4373651.38,20546,5.1132,LC
4373671.6,20545,4.2635,LC
4373699.4,20547,10.9613,LC
4373699.88,20546,8.3107,LC
4373700.56,20545,5.3017,LC
4373706.83,20548,41.4938,BG
4373739.74,20547,6.93,LC
4373742.41,20546,5.3028,LC
4373753.86,20545,5.824,LC
4373763.06,20547,5.0802,LC
4373768.42,20546,4.2176,LC
4373773.1,20545,4.3954,LC
4373784.96,20547,5.4777,LC
4373802.14,20548,45.223,BG
4373809.65,20546,8.0909,LC
4373810.69,20545,6.9482,LC
4373819.23,20547,4.2163,LC
4373825.87,20545,4.2191,LC
4373834.27,20546,5.3694,LC
4373866.11,20547,4.4045,LC
4373884.8,20548,31.946,BG
4373896.71,20545,10.379,LC
4373899.69,20546,11.2752,LC
4373899.93,20547,6.8724,LC
4373907.2,20545,4.3259,LC
4373923.07,20546,4.5072,LC
4373924.04,20547,4.4001,LC
4373933.45,20545,3.9891,LC
4373958.9,20548,24.4666,BG
4373963.57,20546,5.8302,LC
4373974.72,20547,4.9584,LC
4373978.45,20545,4.473,LC
4374003.59,20546,4.8964,LC
4374007.5,20547,5.7749,LC
4374038.6,20545,4.8706,LC
4374039.8,20548,30.6979,BG
4374063.46,20546,4.6662,LC
4374077.75,20547,5.9188,LC
4374092.93,20545,5.6222,LC
4374094.29,20546,4.1331,LC
4374115.27,20547,4.1178,LC
4374126.73,20548,35.4597,BG
4374210.79,20545,6.9176,LC
4374220.03,20548,38.6959,BG
4374250.19,20546,3.9962,LC
4374311.34,20547,5.4064,LC
4374321.16,20545,4.0449,LC
4374350.9,20546,4.169,LC
4374358.08,20547,5.3808,LC
4374403.87,20548,130.2355,BG
4374432.99,20545,5.7962,LC
4374459.27,20546,6.6425,LC
4374481.72,20547,5.8978,LC
4374502.57,20545,4.5712,LC
4374502.73,20546,6.2784,LC
4374515.73,20548,61.8384,BG
4374521.43,20547,5.2019,LC
4374561.89,20545,5.6207,LC
4374570.0,20546,4.5877,LC
4374596.12,20548,28.2913,BG
4374629.99,20545,7.6015,LC
4374631.86,20547,9.3765,LC
4374649.24,20546,4.7821,LC
4374654.42,20545,5.4195,LC
4374668.09,20547,4.7317,LC
4374679.76,20548,33.4714,BG
4374703.81,20546,4.3559,LC
4374707.06,20545,4.5249,LC
4374711.73,20547,4.3367,LC
4374714.28,20545,4.3859,LC
4374738.99,20546,4.0125,LC
4374741.31,20547,5.1353,LC
4374743.79,20545,4.4542,LC
4374758.62,20546,4.2198,LC
4374766.4,20548,36.2799,BG
4374799.54,20547,4.0483,LC
4374837.89,20545,4.9275,LC
4374843.17,20546,4.9921,LC
4374854.46,20548,38.0758,BG
4374866.46,20547,4.751,LC
4374880.04,20545,5.8685,LC
4374888.44,20546,4.8477,LC
4374913.22,20547,3.9145,LC
4374927.65,20545,5.297,LC
4374937.2,20548,32.4828,BG
4374988.08,20546,4.5815,LC
4374996.14,20547,4.565,LC
4375002.53,20545,4.0757,LC
4375018.69,20548,30.7007,BG
4375022.89,20546,4.3074,LC
4375059.17,20547,5.7697,LC
4375063.6,20545,7.9132,LC
4375076.92,20546,5.7513,LC
4375088.49,20547,4.2508,LC
4375096.17,20545,3.9496,LC
4375102.56,20548,33.7234,BG
4375123.04,20546,4.1213,LC
4375140.89,20547,4.7025,LC
4375144.89,20545,6.8541,LC
4375182.3,20546,8.0657,LC
4375182.37,20547,9.2943,LC
4375192.43,20545,5.8973,LC
4375193.93,20548,40.6997,BG
4375254.02,20547,4.4392,LC
4375275.52,20546,4.4219,LC
4375276.61,20545,5.3829,LC
4375280.09,20548,36.0298,BG
4375287.58,20547,4.9791,LC
4375318.62,20546,4.1852,LC
4375320.57,20545,4.6408,LC
4375323.71,20547,4.9003,LC
4375365.8,20546,4.01,LC
4375378.28,20545,5.3101,LC
4375382.82,20547,4.8668,LC
4375386.42,20548,56.0309,BG
4375394.33,20545,4.5344,LC
4375400.45,20546,4.0709,LC
4375425.98,20547,4.171,LC
4375437.09,20545,4.174,LC
4375441.89,20546,4.6744,LC
4375449.68,20545,6.1279,LC
4375476.61,20546,4.4549,LC
4375487.65,20547,6.5475,LC
4375500.83,20545,8.1684,LC
4375503.68,20546,4.3367,LC
4375506.4,20545,4.7057,LC
4375511.75,20547,5.9057,LC
4375515.69,20546,5.9596,LC
4375518.09,20548,75.8677,BG
4375526.19,20545,5.0153,LC
4375532.62,20547,5.9308,LC
4375566.32,20546,5.8065,LC
4375590.51,20545,10.5581,LC
4375592.61,20547,7.6165,LC
4375597.88,20546,4.3046,LC
4375612.11,20545,8.7007,LC
4375623.14,20547,6.0956,LC
4375658.36,20548,88.0227,BG
4375671.4,20546,4.5211,LC
4375673.1,20545,5.2974,LC
4375680.98,20547,4.6489,LC
4375723.27,20546,6.0133,LC
4375729.74,20545,5.3961,LC
4375745.21,20547,4.9588,LC
4375761.97,20548,52.5016,BG
4375772.11,20546,6.1126,LC
4375781.47,20545,4.3052,LC
4375791.82,20547,4.7609,LC
4375800.48,20546,5.0648,LC
4375844.18,20548,29.3835,BG
4375846.31,20545,4.5004,LC
4375853.61,20547,3.966,LC
4375872.16,20546,5.2009,LC
4375876.45,20545,4.6851,LC
4375890.36,20547,5.9986,LC
4375890.54,20546,5.0208,LC
4375911.52,20547,4.8887,LC
4375911.58,20545,4.046,LC
4375913.25,20546,4.4375,LC
4375914.65,20545,4.3859,LC
4375928.57,20548,36.6272,BG
4375958.59,20547,5.0681,LC
4375967.96,20546,4.2479,LC
4375989.37,20545,6.4739,LC
4375994.07,20547,6.7906,LC
4376009.23,20548,30.3223,BG
4376018.23,20546,4.8707,LC
4376023.07,20545,6.3916,LC
4376031.94,20547,4.6268,LC
4376075.59,20546,4.728,LC
4376082.62,20545,4.4226,LC
4376090.86,20548,31.4372,BG
4376101.99,20547,5.3074,LC
4376114.86,20546,4.0485,LC
4376131.25,20545,4.1583,LC
4376166.67,20548,25.5032,BG
4376193.38,20547,4.2957,LC
4376215.91,20546,4.1532,LC
4376237.14,20546,4.1008,LC
4376239.97,20545,12.1341,LC
4376243.14,20547,11.7545,LC
4376247.41,20548,30.255,BG
4376268.36,20546,4.5914,LC
4376273.57,20545,4.4335,LC
4376295.07,20547,5.6544,LC
4376324.35,20546,4.3022,LC
4376339.25,20545,5.2135,LC
4376354.12,20547,4.3138,LC
4376356.38,20548,58.8131,BG
4376374.91,20546,3.9474,LC
4376387.31,20545,6.2509,LC
4376387.38,20547,6.1961,LC
4376387.48,20546,4.4076,LC
4376413.44,20545,4.4638,LC
4376431.07,20548,24.5143,BG
4376435.73,20547,3.9746,LC
4376443.92,20546,4.2261,LC
4376464.48,20545,4.5603,LC
4376464.57,20547,4.2562,LC
4376474.48,20546,4.3089,LC
4376503.14,20545,4.2766,LC
4376504.35,20547,4.502,LC
4376514.17,20545,4.688,LC
4376526.69,20548,44.4365,BG
4376538.87,20546,6.6927,LC
4376552.84,20547,4.3606,LC
4376599.26,20545,4.144,LC
4376612.67,20548,35.5993,BG
4376624.76,20546,4.145,LC
4376683.97,20547,4.0288,LC
4376697.24,20548,33.9996,BG
4376708.84,20545,4.1601,LC
4376724.26,20546,4.3683,LC
4376779.28,20548,30.851,BG
4376801.16,20547,4.4039,LC
4376843.71,20545,4.2636,LC
4376857.22,20548,27.8176,BG
4376938.95,20548,31.6371,BG
4377005.19,20546,4.5467,LC
4377020.55,20548,31.2506,BG
4377028.51,20547,5.3381,LC
4377096.95,20548,25.677,BG
4377167.46,20545,6.2001,LC
4377172.05,20546,4.1296,LC
4377178.88,20548,31.8201,BG
4377239.87,20547,4.0183,LC
4377268.11,20545,5.1206,LC
4377278.7,20548,36.59,BG
4377369.12,20546,7.3238,LC
4377369.39,20547,5.3324,LC
4377372.47,20548,43.4723,BG
4377422.67,20545,4.17,LC
4377456.64,20548,33.3743,BG
4377493.93,20546,9.2535,LC
4377494.15,20547,8.5749,LC
4377527.4,20545,5.921,LC
4377581.46,20546,4.091,LC
4377590.98,20548,84.3447,BG
4377605.49,20547,4.1611,LC
4377724.2,20548,82.4662,BG
4377726.82,20545,4.2313,LC
4377788.19,20546,9.2682,LC
4377788.28,20547,8.0832,LC
4377813.96,20545,3.9728,LC
4377815.07,20548,36.4905,BG
4377848.7,20546,5.2111,LC
4377856.12,20547,4.6257,LC
4377870.5,20545,6.0366,LC
4377876.21,20546,4.0097,LC
4377889.37,20547,3.8697,LC
4377891.95,20548,25.8286,BG
4377930.44,20545,4.5323,LC
4377972.37,20548,30.1484,BG
4377982.38,20546,3.9536,LC
4377993.4,20547,4.4547,LC
4378036.22,20545,9.7385,LC
4378041.28,20546,4.9763,LC
4378052.67,20547,4.0101,LC
4378077.54,20545,4.1794,LC
4378087.82,20548,65.3047,BG
4378099.34,20546,6.3381,LC
4378132.62,20547,8.3941,LC
4378132.9,20545,7.5721,LC
4378151.99,20546,6.0297,LC
4378164.53,20548,26.501,BG
4378173.19,20547,3.9694,LC
4378207.56,20545,5.7902,LC
4378211.84,20546,7.801,LC
4378213.86,20547,7.9337,LC
4378219.13,20545,4.5086,LC
4378251.9,20546,5.2502,LC
4378263.8,20547,7.402,LC
4378280.19,20545,4.6159,LC
4378285.09,20546,4.1877,LC
4378289.56,20547,4.1186,LC
4378305.44,20545,3.8346,LC
4378312.39,20546,4.6229,LC
4378330.2,20547,7.3699,LC
4378352.21,20548,135.7619,BG
4378384.23,20545,4.2356,LC
4378397.42,20546,7.9264,LC
4378402.4,20547,4.5846,LC
4378409.32,20545,4.6456,LC
4378430.81,20546,5.5383,LC
4378472.69,20547,4.1447,LC
4378478.47,20545,4.6905,LC
4378482.52,20546,4.9752,LC
4378484.95,20545,4.3248,LC
4378488.06,20548,83.5902,BG
4378500.25,20547,4.47,LC
4378504.99,20546,4.4191,LC
4378530.7,20545,4.5008,LC
4378546.13,20547,4.1675,LC
4378549.03,20546,6.4816,LC
4378568.3,20545,6.2338,LC
4378577.21,20548,35.0287,BG
4378592.89,20547,4.5507,LC
4378604.18,20546,4.1141,LC
4378609.14,20545,4.1109,LC
4378614.75,20547,7.3577,LC
4378616.3,20546,7.0688,LC
4378618.24,20545,5.1272,LC
4378652.19,20548,24.6755,BG
4378657.87,20547,4.1189,LC
4378664.66,20546,4.0671,LC
4378703.82,20545,3.8767,LC
4378709.66,20547,4.2196,LC
4378720.16,20546,4.0018,LC
4378724.63,20545,4.0993,LC
4378732.39,20547,3.9866,LC
4378739.05,20546,6.0331,LC
4378752.67,20545,4.2607,LC
4378757.92,20548,55.4205,BG
4378766.26,20547,4.3711,LC
4378805.07,20546,4.5362,LC
4378837.64,20548,29.4493,BG
4378848.85,20545,4.492,LC
4378862.11,20547,7.3307,LC
4378863.9,20546,7.7439,LC
4378873.12,20545,6.2204,LC
4378874.67,20547,4.3018,LC
4378900.38,20545,4.4698,LC
4378919.84,20548,31.9491,BG
4378923.32,20546,4.5193,LC
4378949.84,20547,4.0353,LC
4378966.4,20545,6.342,LC
4378981.58,20546,6.1566,LC
4378998.43,20548,28.4236,BG
4379000.33,20547,4.7822,LC
4379003.18,20545,4.425,LC
4379020.87,20546,3.923,LC
4379026.36,20547,4.0912,LC
4379070.58,20545,6.9158,LC
4379071.16,20546,7.0398,LC
4379073.79,20548,25.0034,BG
4379078.29,20545,3.9849,LC
4379079.03,20547,5.9467,LC
4379088.41,20546,3.9835,LC
4379092.24,20547,4.2343,LC
4379101.96,20545,4.2029,LC
4379111.38,20546,5.066,LC
4379111.62,20547,3.9205,LC
4379129.4,20545,4.2214,LC
4379140.7,20546,4.2807,LC
4379151.17,20547,4.4078,LC
4379156.14,20548,31.9739,BG
4379159.89,20545,4.1482,LC
4379185.04,20546,4.5895,LC
4379191.75,20547,6.2075,LC
4379198.15,20545,6.3367,LC
4379200.45,20546,5.0895,LC
4379266.09,20547,7.4468,LC
4379266.57,20548,59.4164,BG
4379268.22,20545,6.5929,LC
4379270.66,20546,8.095,LC
4379288.62,20547,4.1995,LC
4379296.16,20545,4.3841,LC
4379302.25,20546,4.1905,LC
4379310.94,20547,5.5258,LC
4379348.77,20545,4.1171,LC
4379349.9,20546,4.9853,LC
4379375.35,20548,57.7556,BG
4379384.38,20547,4.7741,LC
4379389.03,20545,4.6831,LC
4379398.84,20546,9.5228,LC
4379399.64,20547,6.8588,LC
4379416.69,20545,4.43,LC
4379428.22,20546,7.6088,LC
4379429.41,20547,7.3697,LC
4379441.32,20545,4.1173,LC
4379464.66,20546,4.2237,LC
4379470.35,20547,4.1975,LC
4379478.39,20545,4.8036,LC
4379496.12,20548,70.6052,BG
4379512.23,20546,10.315,LC
4379514.26,20547,4.9553,LC
4379539.95,20546,12.8253,LC
4379542.8,20545,12.9849,LC
4379545.73,20547,11.0165,LC
4379546.12,20547,4.8948,LC
4379553.92,20546,4.9831,LC
4379612.32,20545,4.009,LC
4379630.2,20548,80.8282,BG
4379660.9,20547,4.4545,LC
4379705.5,20548,26.4058,BG
4379740.78,20546,3.9711,LC
4379744.42,20545,5.718,LC
4379783.41,20548,27.4929,BG
4379832.6,20546,6.6375,LC
4379870.66,20548,36.3216,BG
4379890.05,20547,5.9712,LC
4379947.71,20548,26.3288,BG
4379949.12,20545,7.2157,LC
4379972.16,20546,4.2538,LC
4380024.06,20548,26.2205,BG
4380033.37,20547,6.3311,LC
4380070.54,20545,4.0549,LC
4380096.02,20546,3.8794,LC
4380102.48,20547,5.9153,LC
4380103.61,20548,29.5496,BG
4380116.49,20545,4.749,LC
4380178.21,20548,24.2404,BG
4380305.42,20546,3.9292,LC
4380314.58,20547,6.2798,LC
4380325.82,20545,4.252,LC
4380339.44,20548,109.8711,BG
4380348.65,20546,6.9512,LC
4380355.56,20547,4.0055,LC
4380378.46,20545,4.0667,LC
4380385.3,20546,4.7031,LC
4380418.15,20547,4.8002,LC
4380422.48,20545,4.8721,LC
4380424.24,20547,4.1726,LC
4380468.58,20548,79.0307,BG
4380543.23,20548,24.4895,BG
4380610.75,20546,4.0248,LC
4380617.71,20548,24.3922,BG
4380629.38,20545,4.0692,LC
4380704.32,20548,36.4853,BG
4380721.92,20547,3.9289,LC
4380781.54,20548,27.0019,BG
4380794.5,20546,5.0916,LC
4380814.29,20545,4.5926,LC
4380861.1,20547,4.0143,LC
4380869.22,20546,4.6203,LC
4380873.14,20548,39.9491,BG
4380904.35,20545,5.0147,LC
4380939.29,20547,5.2729,LC
4380956.75,20546,4.1903,LC
4380962.41,20548,38.7169,BG
4380973.13,20545,5.3317,LC
4381037.95,20547,4.2504,LC
4381055.28,20548,40.915,BG
4381097.04,20546,5.4106,LC
4381121.55,20545,4.0359,LC
4381135.2,20548,29.5743,BG
4381147.98,20547,3.978,LC
4381205.38,20546,4.0097,LC
4381225.02,20548,39.5728,BG
4381291.58,20545,4.6511,LC
4381315.28,20547,4.2426,LC
4381320.85,20548,44.4324,BG
4381363.1,20546,4.7439,LC
4381398.59,20545,5.1187,LC
4381437.08,20548,65.4631,BG
4381483.41,20547,6.7508,LC
4381499.19,20546,4.5478,LC
4381514.74,20545,5.9445,LC
4381546.34,20548,58.9073,BG
4381548.75,20547,5.8744,LC
4381601.36,20546,5.9957,LC
4381608.09,20545,3.9363,LC
4381614.05,20547,3.8661,LC
4381629.47,20546,4.1668,LC
4381642.56,20545,4.2006,LC
4381648.56,20548,46.8727,BG
4381722.08,20548,23.1762,BG
4381733.67,20547,6.0193,LC
4381800.62,20548,28.4465,BG
4381827.32,20546,4.7724,LC
4381831.34,20545,4.3977,LC
4381852.18,20546,3.8581,LC
4381873.74,20547,4.0331,LC
4381886.26,20548,33.9108,BG
4381964.5,20545,7.1287,LC
4381977.94,20548,40.5739,BG
4381988.33,20546,4.4707,LC
4382064.34,20547,7.4679,LC
4382066.83,20548,38.4319,BG
4382152.04,20545,4.3003,LC
4382157.62,20548,40.869,BG
4382172.06,20546,4.2767,LC
4382200.89,20547,11.4711,LC
4382201.22,20546,5.2661,LC
4382201.28,20545,10.7586,LC
4382241.37,20548,32.5099,BG
4382279.79,20547,7.1188,LC
4382325.91,20545,4.6152,LC
4382343.92,20546,4.2645,LC
4382369.23,20547,7.8536,LC
4382369.56,20545,6.5409,LC
4382371.61,20548,81.116,BG
4382389.64,20546,4.6451,LC
4382406.74,20547,4.03,LC
4382427.89,20545,4.1968,LC
4382454.15,20546,5.0556,LC
4382467.59,20547,4.2831,LC
4382477.15,20545,4.8047,LC
4382483.38,20548,61.6285,BG
4382483.84,20546,5.5394,LC
4382540.25,20547,4.1699,LC
4382545.52,20545,5.9344,LC
4382576.21,20546,7.0927,LC
4382577.4,20547,5.0182,LC
4382580.59,20545,8.2931,LC
4382582.23,20546,7.8462,LC
4382604.57,20548,70.1902,BG
4382608.77,20547,4.4774,LC
4382613.12,20545,4.8588,LC
4382624.49,20547,4.257,LC
4382635.79,20546,4.1248,LC
4382642.58,20545,4.0934,LC
4382677.86,20548,22.9706,BG
4382700.47,20547,4.0889,LC
4382718.76,20546,5.3865,LC
4382722.83,20545,4.0139,LC
4382757.13,20548,28.3793,BG
4382757.47,20547,4.0886,LC
4382770.13,20546,8.0791,LC
4382770.2,20545,6.0988,LC
4382771.51,20547,5.4811,LC
4382780.77,20546,5.932,LC
4382783.38,20545,8.6256,LC
4382807.69,20547,4.1501,LC
4382833.83,20548,26.5573,BG
4382867.85,20546,4.6112,LC
4382904.87,20545,3.9487,LC
4382911.49,20548,27.4866,BG
4382919.49,20547,4.773,LC
4382920.99,20546,4.1461,LC
4382938.64,20545,4.6591,LC
4382962.82,20547,5.0936,LC
4382963.17,20546,4.1568,LC
4382996.56,20547,5.3435,LC
4382997.57,20548,35.3893,BG
4383044.94,20545,4.1164,LC
4383069.14,20546,3.9716,LC
4383080.13,20548,31.7723,BG
4383081.18,20547,5.3405,LC
4383096.18,20545,5.2222,LC
4383099.24,20546,5.7182,LC
4383100.6,20545,5.8407,LC
4383103.95,20547,4.1689,LC
4383130.33,20545,8.252,LC
4383136.89,20546,8.1749,LC
4383136.98,20547,7.8427,LC
4383151.35,20545,4.3938,LC
4383168.65,20548,38.0001,BG
4383168.94,20546,5.0464,LC
4383183.65,20547,4.2941,LC
4383206.74,20545,4.2618,LC
4383223.24,20546,4.2776,LC
4383248.27,20547,6.0805,LC
4383260.41,20548,40.1984,BG
4383262.47,20545,5.4596,LC
4383275.26,20546,7.132,LC
4383310.16,20547,4.3694,LC
4383318.22,20545,4.6824,LC
4383324.29,20546,4.4595,LC
4383346.25,20547,5.5317,LC
4383353.4,20545,4.9344,LC
4383361.76,20546,4.4583,LC
4383371.99,20547,3.9674,LC
4383373.95,20548,63.4434,BG
4383380.1,20545,4.7687,LC
4383390.85,20546,4.2003,LC
4383392.25,20547,4.4152,LC
4383400.57,20545,4.6795,LC
4383402.51,20546,4.9983,LC
4383458.62,20547,5.1268,LC
4383493.24,20545,4.8509,LC
4383495.83,20548,70.6749,BG
4383512.97,20546,4.818,LC
4383537.21,20547,10.0058,LC
4383537.71,20545,8.6144,LC
4383566.61,20546,4.0308,LC
4383571.21,20547,5.4059,LC
4383577.62,20546,4.06,LC
4383581.37,20545,4.0592,LC
4383585.92,20546,4.7111,LC
4383595.68,20547,5.5962,LC
4383599.12,20548,43.1477,BG
4383602.89,20545,4.1573,LC
4383609.42,20546,5.1341,LC
4383627.66,20547,4.2145,LC
4383671.24,20545,3.9227,LC
4383673.07,20548,23.8099,BG
4383682.31,20546,4.0482,LC
4383691.95,20547,4.3239,LC
4383722.62,20545,4.1321,LC
4383733.5,20546,4.1708,LC
4383748.12,20547,5.9372,LC
4383752.15,20545,4.2567,LC
4383769.55,20546,4.1014,LC
4383774.09,20547,4.003,LC
4383779.95,20545,4.16,LC
4383784.22,20548,60.0483,BG
4383789.49,20546,4.287,LC
4383821.53,20547,5.2423,LC
4383841.7,20545,4.0937,LC
4383853.96,20546,4.5014,LC
4383867.66,20548,33.3741,BG
4383872.43,20547,4.5501,LC
4383877.16,20545,4.1753,LC
4383889.22,20546,4.4452,LC
4383900.1,20547,4.2336,LC
4383905.94,20545,4.107,LC
4383945.85,20548,27.9741,BG
4383957.55,20546,4.8367,LC
4383984.64,20547,4.5806,LC
4384001.57,20545,4.5465,LC
4384022.74,20548,26.3403,BG
4384030.34,20546,4.3652,LC
4384032.71,20547,4.3295,LC
4384097.86,20548,24.986,BG
4384111.09,20545,4.0171,LC
4384130.49,20546,4.8846,LC
4384155.47,20547,4.4684,LC
4384176.54,20545,4.1198,LC
4384179.91,20548,31.9696,BG
4384188.6,20546,4.1722,LC
4384228.57,20547,4.9459,LC
4384259.34,20548,28.9898,BG
4384282.14,20545,4.0119,LC
4384316.26,20546,6.8326,LC
4384437.29,20548,126.8585,BG
4384445.56,20547,8.8878,LC
4384462.69,20545,6.6585,LC
4384480.7,20546,7.0639,LC
4384526.36,20547,5.0389,LC
4384541.41,20548,53.2104,BG
4384596.42,20545,6.3696,LC
4384619.29,20548,27.6999,BG
4384622.21,20546,4.3008,LC
4384652.83,20547,4.0575,LC
4384696.22,20548,25.5031,BG
4384752.43,20545,4.2025,LC
4384778.71,20548,32.3899,BG
4384830.19,20546,6.5012,LC
4384859.06,20547,4.3531,LC
4384860.96,20548,31.6986,BG
4384879.94,20545,5.8265,LC
4384889.69,20546,4.8229,LC
4384941.88,20548,30.1392,BG
4384976.11,20547,4.2769,LC
4384988.89,20545,5.2468,LC
4385025.05,20548,28.8616,BG
4385025.14,20546,7.6792,LC
4385028.06,20547,4.4103,LC
4385074.38,20545,6.9863,LC
4385088.97,20546,5.9939,LC
4385101.54,20548,29.2145,BG
4385180.63,20548,28.8432,BG
4385270.26,20548,38.3952,BG
4385421.28,20547,6.1097,LC
4385464.92,20548,132.6928,BG
4385471.98,20545,4.1316,LC
4385519.95,20546,4.6872,LC
4385536.51,20547,6.5087,LC
4385587.48,20548,69.7406,BG
4385633.8,20545,4.3519,LC
4385650.14,20546,4.143,LC
4385651.82,20547,4.58,LC
4385667.86,20548,30.1044,BG
4385668.89,20545,5.6041,LC
4385683.77,20546,4.1223,LC
4385689.82,20547,4.0394,LC
4385714.76,20545,6.5366,LC
4385716.8,20546,4.8061,LC
4385735.65,20547,4.2627,LC
4385741.88,20548,25.0023,BG
4385754.43,20545,4.0538,LC
4385821.33,20548,29.2367,BG
4385843.71,20546,4.3383,LC
4385844.06,20547,4.3116,LC
4385856.51,20545,4.2547,LC
4385889.98,20546,4.4144,LC
4385891.49,20547,4.1043,LC
4385899.69,20545,4.9456,LC
4385902.41,20548,30.8554,BG
4385923.3,20546,4.4215,LC
4385933.25,20547,4.5036,LC
4385937.15,20545,6.0682,LC
4385957.17,20546,4.0172,LC
4385961.43,20547,5.3147,LC
4385968.19,20546,9.1631,LC
4385968.28,20545,10.8342,LC
4385979.34,20547,4.2733,LC
4385991.28,20546,6.1842,LC
4385991.72,20545,4.5384,LC
4385997.37,20548,44.8597,BG
4386012.48,20547,5.3557,LC
4386037.55,20546,3.8661,LC
4386061.73,20545,5.0466,LC
4386072.35,20547,6.455,LC
4386077.38,20546,4.9054,LC
4386080.76,20548,33.121,BG
4386086.52,20545,4.1932,LC
4386093.11,20547,4.0483,LC
4386100.23,20545,4.2919,LC
4386100.45,20546,5.4276,LC
4386129.78,20547,4.7312,LC
4386140.66,20545,4.0587,LC
4386146.81,20546,4.4864,LC
4386155.53,20547,3.9765,LC
4386163.6,20548,32.608,BG
4386229.77,20545,8.2586,LC
4386229.94,20546,5.0616,LC
4386242.24,20547,6.9041,LC
4386243.87,20545,8.2711,LC
4386252.52,20548,38.7285,BG
4386267.34,20546,6.2978,LC
4386273.78,20547,6.1868,LC
4386301.3,20545,9.0498,LC
4386311.19,20546,14.8778,LC
4386313.99,20547,11.9808,LC
4386323.98,20545,7.449,LC
4386324.06,20546,7.2903,LC
4386352.36,20545,6.5397,LC
4386352.58,20547,8.5072,LC
4386366.27,20546,4.3734,LC
4386376.76,20547,4.3696,LC
4386393.99,20545,4.6585,LC
4386400.83,20548,96.434,BG
4386410.74,20546,4.4599,LC
4386429.28,20547,6.7667,LC
4386437.6,20545,7.9744,LC
4386440.82,20546,9.3551,LC
4386478.04,20547,8.8051,LC
4386478.17,20545,6.3034,LC
4386485.81,20546,4.7923,LC
4386501.41,20545,5.3731,LC
4386507.23,20547,4.3133,LC
4386531.98,20546,4.7867,LC
4386543.94,20545,4.4395,LC
4386552.11,20547,5.2645,LC
4386552.46,20548,88.0536,BG
4386569.62,20546,5.0036,LC
4386630.95,20548,28.2582,BG
4386647.35,20545,6.5826,LC
4386690.69,20547,4.7234,LC
4386699.2,20546,6.5369,LC
4386700.04,20545,4.7914,LC
4386707.08,20547,4.0791,LC
4386710.17,20548,29.1923,BG
4386712.34,20546,4.1442,LC
4386769.25,20545,7.6632,LC
4386799.78,20548,39.3004,BG
4386810.6,20547,4.2813,LC
4386821.24,20546,6.2132,LC
4386822.09,20545,4.8024,LC
4386833.33,20547,4.1953,LC
4386865.6,20546,5.2552,LC
4386871.26,20545,4.4245,LC
4386878.45,20548,28.6202,BG
4386895.03,20547,5.7485,LC
4386904.81,20546,4.22,LC
4386915.38,20545,4.2324,LC
4386953.81,20548,24.9339,BG
4386983.47,20547,4.6469,LC
4387021.59,20546,4.2207,LC
4387034.1,20548,30.0053,BG
4387112.89,20548,28.4969,BG
4387184.85,20545,4.3524,LC
4387188.41,20547,4.2114,LC
4387193.61,20548,30.7592,BG
4387199.09,20545,4.0971,LC
4387256.51,20546,6.4258,LC
4387270.3,20548,26.2944,BG
4387320.2,20547,4.3733,LC
4387326.25,20545,5.1695,LC
4387361.11,20546,4.7784,LC
4387362.22,20548,38.3029,BG
4387372.73,20547,4.5264,LC
4387411.18,20545,6.4591,LC
4387497.14,20546,6.9779,LC
4387497.6,20548,76.1834,BG
4387574.87,20548,25.202,BG
4387650.94,20548,25.9477,BG
4387712.2,20547,6.0744,LC
4387729.82,20545,5.6586,LC
4387738.04,20548,36.8845,BG
4387773.15,20546,4.1808,LC
4387804.09,20547,7.9405,LC
4387848.86,20548,60.4585,BG
4387922.29,20548,23.3093,BG
4387952.17,20545,4.1044,LC
4388005.26,20548,32.6935,BG
4388084.98,20548,29.4303,BG
4388099.05,20546,5.5273,LC
4388157.48,20547,4.3442,LC
4388174.81,20548,39.5836,BG
4388184.66,20545,4.0881,LC
4388188.69,20546,4.314,LC
4388257.59,20547,5.1008,LC
4388263.3,20548,37.9291,BG
4388269.39,20545,4.4587,LC
4388349.46,20548,35.9101,BG
4388443.75,20548,44.1788,BG
4388481.09,20546,4.3512,LC
4388535.22,20548,40.949,BG
4388616.86,20548,31.5717,BG
4388644.86,20547,4.3731,LC
4388691.32,20548,24.3138,BG
4388747.69,20545,7.0522,LC
4388772.47,20548,30.332,BG
4388779.73,20546,4.1376,LC
4388809.29,20547,6.2323,LC
4388826.3,20545,6.2993,LC
4388854.4,20548,31.1847,BG
4388856.1,20546,5.0417,LC
4388860.57,20547,5.7609,LC
4388876.59,20545,4.1051,LC
4388897.35,20546,5.1587,LC
4388926.7,20547,4.7375,LC
4388930.08,20548,25.3662,BG
4388932.19,20545,5.0432,LC
4389005.47,20548,25.0515,BG
4389035.78,20546,4.04,LC
4389083.32,20548,27.564,BG
4389111.26,20547,5.4377,LC
4389157.33,20548,24.0148,BG
4389230.82,20548,23.3619,BG
4389301.77,20545,4.2624,LC
4389310.41,20548,29.5415,BG
4389321.35,20546,6.296,LC
4389398.57,20548,35.0436,BG
4389421.37,20547,4.8553,LC
4389471.72,20545,6.1964,LC
4389565.35,20546,4.698,LC
4389572.59,20547,4.1914,LC
4389598.24,20548,139.6058,BG
4389598.4,20545,4.2698,LC
4389632.93,20546,6.2329,LC
4389648.57,20547,4.5962,LC
4389682.21,20548,39.029,BG
4389776.12,20548,43.7298,BG
4389843.37,20545,6.3635,LC
4389879.48,20548,52.7368,BG
4389973.42,20548,42.7769,BG
4389979.2,20546,4.3253,LC
4389990.8,20547,5.1792,LC
4389992.82,20545,4.9096,LC
4389995.76,20546,4.4504,LC
4390009.79,20547,5.9253,LC
4390037.05,20545,4.5905,LC
4390047.72,20548,24.5029,BG
4390056.08,20546,4.2948,LC
4390060.7,20547,4.1234,LC
4390102.85,20545,4.5945,LC
4390114.49,20546,4.0514,LC
4390121.77,20547,4.8131,LC
4390131.41,20548,33.2834,BG
4390152.5,20545,3.9565,LC
4390163.6,20546,4.1903,LC
4390210.56,20547,6.6404,LC
4390216.13,20548,34.469,BG
4390224.73,20545,6.0846,LC
4390234.36,20546,4.0299,LC
4390235.9,20547,4.0608,LC
4390243.47,20545,7.2363,LC
4390271.79,20546,6.2899,LC
4390295.78,20548,28.4409,BG
4390300.66,20547,4.5642,LC
4390388.22,20545,4.1893,LC
4390406.05,20548,59.7029,BG
4390433.03,20546,4.3758,LC
4390434.24,20547,4.3938,LC
4390469.06,20545,4.1097,LC
4390485.93,20546,3.9673,LC
4390501.56,20548,44.8273,BG
4390531.61,20547,4.6247,LC
4390535.61,20545,4.1501,LC
4390547.97,20547,4.8096,LC
4390600.75,20546,5.6155,LC
4390609.22,20548,57.3305,BG
4390667.25,20545,4.4823,LC
4390718.34,20547,4.1678,LC
4390718.66,20548,53.5276,BG
4390778.65,20546,4.4522,LC
4390801.73,20548,32.4882,BG
4390882.59,20548,30.2529,BG
4390955.23,20545,3.9757,LC
4390966.14,20548,33.3161,BG
4390973.55,20547,4.2173,LC
4391001.89,20546,4.4055,LC
4391051.54,20548,33.8075,BG
4391056.43,20545,4.6694,LC
4391100.42,20547,7.1773,LC
4391140.33,20548,36.4961,BG
4391173.55,20546,4.2314,LC
4391211.7,20545,12.375,LC
4391211.84,20547,8.5979,LC
4391245.17,20548,54.4587,BG
4391277.84,20546,7.1729,LC
4391305.82,20545,10.1306,LC
4391309.99,20547,9.3788,LC
4391311.46,20546,4.208,LC
4391332.02,20547,7.2527,LC
4391351.36,20545,4.5638,LC
4391365.82,20546,9.4122,LC
4391378.12,20547,10.9285,LC
4391380.36,20546,6.3392,LC
4391380.43,20545,12.0711,LC
4391414.31,20548,117.9993,BG
4391421.35,20547,4.9931,LC
4391427.22,20546,4.132,LC
4391464.49,20545,5.2481,LC
4391479.41,20547,4.2477,LC
4391489.25,20546,4.8274,LC
4391505.47,20545,4.5567,LC
4391516.39,20548,52.0707,BG
4391541.13,20547,4.3833,LC
4391581.16,20546,4.6877,LC
4391581.67,20545,4.3018,LC
4391617.44,20547,4.6684,LC
4391639.74,20546,4.7809,LC
4391640.62,20548,74.0622,BG
4391707.15,20545,4.202,LC
4391721.23,20548,30.0263,BG
4391744.53,20547,4.1581,LC
4391754.65,20546,6.3559,LC
4391791.4,20545,6.0427,LC
4391798.34,20548,26.1519,BG
4391808.07,20547,5.2662,LC
4391812.39,20546,4.0417,LC
4391835.35,20545,6.7179,LC
4391847.67,20547,4.1022,LC
4391851.74,20546,4.0621,LC
4391862.64,20545,5.3104,LC
4391891.43,20547,4.3454,LC
4391903.8,20548,51.4875,BG
4391905.48,20546,4.0619,LC
4391925.64,20545,4.5571,LC
4391938.93,20547,5.8391,LC
4391970.18,20546,4.0521,LC
4391975.39,20545,3.9641,LC
4391999.08,20548,44.6798,BG
4392006.31,20547,4.3789,LC
4392015.53,20546,4.2608,LC
4392038.85,20545,5.2767,LC
4392049.45,20547,4.1653,LC
4392079.84,20548,30.681,BG
4392087.46,20546,4.7103,LC
4392088.21,20545,4.9678,LC
4392130.97,20547,5.7982,LC
4392138.75,20546,5.492,LC
4392145.45,20545,4.8144,LC
4392149.73,20547,3.9656,LC
4392159.53,20546,4.2279,LC
4392160.83,20548,30.6558,BG
4392173.9,20545,5.3119,LC
4392189.03,20547,4.4305,LC
4392192.08,20546,5.2269,LC
4392235.68,20548,24.5117,BG
4392239.04,20545,5.0907,LC
4392250.81,20547,4.9671,LC
4392260.34,20546,5.1001,LC
4392287.84,20545,4.693,LC
4392300.19,20547,4.5898,LC
4392300.41,20546,4.109,LC
4392320.09,20548,33.8399,BG
4392357.96,20547,6.0636,LC
4392362.32,20545,11.3535,LC
4392363.39,20546,5.5859,LC
4392383.29,20547,6.5415,LC
4392453.69,20548,83.4685,BG
4392471.56,20545,4.5545,LC
4392537.95,20547,6.0738,LC
4392538.09,20546,4.4584,LC
4392542.04,20545,6.4448,LC
4392549.6,20547,4.4555,LC
4392549.84,20546,4.9684,LC
4392568.76,20545,4.8413,LC
4392577.5,20546,3.9863,LC
4392578.06,20547,6.4794,LC
4392581.24,20548,76.8075,BG
4392592.15,20546,3.9492,LC
4392595.63,20545,7.0703,LC
4392602.92,20547,5.3318,LC
4392604.9,20546,4.1878,LC
4392615.14,20545,4.8572,LC
4392630.05,20547,4.3869,LC
4392658.07,20546,3.8741,LC
4392666.26,20545,4.3943,LC
4392678.21,20547,4.7868,LC
4392683.48,20546,4.1653,LC
4392695.1,20548,63.778,BG
4392738.09,20545,8.6332,LC
4392738.22,20547,6.5278,LC
4392738.85,20546,5.5084,LC
4392786.55,20545,4.5949,LC
4392799.69,20547,4.0627,LC
4392801.77,20548,50.5083,BG
4392822.06,20546,3.9314,LC
4392826.58,20545,5.151,LC
4392882.07,20547,4.3241,LC
4392898.81,20548,45.4335,BG
4392947.62,20546,4.0572,LC
4392971.42,20545,4.8015,LC
4392981.45,20548,31.96,BG
4392996.26,20547,4.1599,LC
4393023.76,20546,4.8199,LC
4393038.42,20545,8.1662,LC
4393061.06,20548,28.842,BG
4393148.2,20548,34.9194,BG
4393185.82,20547,5.9093,LC
4393188.31,20546,5.6653,LC
4393262.64,20548,64.225,BG
4393346.36,20548,33.4488,BG
4393370.12,20545,7.0863,LC
4393397.72,20547,4.1205,LC
4393412.44,20546,4.9884,LC
4393434.29,20548,34.0815,BG
4393468.26,20545,4.4076,LC
4393482.23,20547,3.8488,LC
4393535.24,20548,48.4809,BG
4393545.05,20546,4.5262,LC
4393567.72,20545,4.2712,LC
4393641.05,20547,5.1271,LC
4393669.8,20546,4.762,LC
4393674.88,20548,88.5318,BG
4393685.92,20545,4.3312,LC
4393698.42,20547,4.2304,LC
4393766.83,20548,41.6291,BG
4393819.0,20546,11.029,LC
4393850.09,20545,4.0257,LC
4393855.76,20548,36.1244,BG
4393915.88,20547,8.0619,LC
4393938.46,20548,32.0511,BG
4393966.56,20546,4.5797,LC
4394007.63,20545,7.4081,LC
4394038.39,20548,49.694,BG
4394056.99,20547,4.2386,LC
4394119.21,20548,30.6372,BG
4394132.66,20546,4.1257,LC
4394147.22,20545,5.5194,LC
4394155.68,20547,4.6939,LC
4394200.48,20546,4.4146,LC
4394204.69,20545,4.162,LC
4394217.79,20548,48.3159,BG
4394295.29,20548,27.2801,BG
4394407.61,20546,5.9458,LC
4394427.25,20548,80.4108,BG
4394448.26,20547,5.4922,LC
4394482.32,20545,3.897,LC
4394503.62,20546,5.1654,LC
4394513.17,20548,35.659,BG
4394605.24,20548,43.1808,BG
4394667.85,20547,4.5637,LC
4394717.69,20548,61.6573,BG
4394740.51,20545,5.6544,LC
4394755.21,20546,4.3304,LC
4394790.56,20547,4.3292,LC
4394791.73,20548,23.5229,BG
4394884.26,20548,39.7838,BG
4394884.35,20545,3.9013,LC
4394886.46,20546,6.002,LC
4394910.07,20545,5.4913,LC
4394946.84,20547,6.0712,LC
4394946.9,20546,4.4978,LC
4394955.16,20545,4.8688,LC
4394968.17,20548,34.1601,BG
4395044.72,20548,26.6795,BG
4395069.52,20547,4.3068,LC
4395122.5,20548,27.49,BG
4395129.91,20546,5.4986,LC
4395203.05,20548,30.1457,BG
4395218.83,20545,7.7077,LC
4395220.6,20547,5.249,LC
4395238.07,20546,4.9979,LC
4395281.54,20548,28.2504,BG
4395298.32,20545,4.5704,LC
4395333.43,20547,4.807,LC
4395346.5,20546,4.0716,LC
4395360.81,20548,28.4628,BG
4395391.19,20545,4.199,LC
4395391.81,20547,4.5502,LC
4395411.28,20546,5.8985,LC
4395495.55,20548,65.2756,BG
4395505.33,20545,6.615,LC
4395565.53,20547,7.7293,LC
4395594.28,20546,11.5764,LC
4395604.27,20545,10.3226,LC
4395627.59,20547,5.3671,LC
4395635.47,20546,5.4582,LC
4395657.56,20548,109.1477,BG
4395736.42,20545,4.4077,LC
4395737.14,20548,32.128,BG
4395810.26,20547,4.8494,LC
4395928.95,20546,6.5338,LC
4395966.62,20545,8.8736,LC
4396029.35,20548,239.9074,BG
4396091.46,20547,4.9479,LC
4396108.66,20546,4.1928,LC
4396128.39,20548,48.5816,BG
4396150.39,20545,4.2418,LC
4396217.26,20548,37.4648,BG
4396249.53,20547,6.7217,LC
4396264.7,20546,10.5931,LC
4396305.41,20545,6.8895,LC
4396305.96,20547,4.6452,LC
4396322.63,20548,56.3054,BG
4396377.71,20546,7.8476,LC
4396409.26,20545,4.1694,LC
4396440.18,20547,4.6653,LC
4396480.14,20546,5.2183,LC
4396480.9,20548,98.2586,BG
4396486.04,20545,3.9721,LC
4396495.12,20547,4.3792,LC
4396499.07,20546,4.2864,LC
4396507.36,20547,4.7504,LC
4396523.81,20545,4.6579,LC
4396530.98,20546,4.3622,LC
4396531.65,20547,4.3843,LC
4396550.85,20545,4.1523,LC
4396556.76,20546,5.0382,LC
4396560.8,20547,5.0974,LC
4396572.03,20545,4.8021,LC
4396584.04,20546,5.356,LC
4396585.06,20547,4.504,LC
4396591.23,20545,4.8728,LC
4396600.76,20546,4.0978,LC
4396604.73,20548,72.7189,BG
4396618.24,20547,4.3963,LC
4396658.09,20545,3.9047,LC
4396660.8,20546,4.7153,LC
4396675.99,20547,5.8356,LC
4396695.95,20546,4.9004,LC
4396696.3,20545,6.1551,LC
4396715.64,20547,4.2702,LC
4396718.0,20548,55.9805,BG
4396724.68,20545,4.2264,LC
4396734.88,20546,4.2565,LC
4396763.78,20547,4.1315,LC
4396786.53,20545,4.2597,LC
4396795.29,20546,3.9968,LC
4396804.84,20548,31.7301,BG
4396810.64,20547,5.6211,LC
4396820.3,20545,7.0357,LC
4396841.23,20546,3.8718,LC
4396849.21,20547,3.8129,LC
4396867.86,20545,4.3356,LC
4396883.2,20548,27.9286,BG
4396916.55,20546,3.9447,LC
4396922.1,20547,4.0169,LC
4396940.91,20545,8.4704,LC
4396941.25,20546,7.3559,LC
4396947.32,20547,5.174,LC
4396959.76,20546,4.0375,LC
4396978.94,20548,45.6961,BG
4397013.43,20545,4.3493,LC
4397029.47,20547,5.3277,LC
4397060.11,20548,28.6427,BG
4397062.02,20546,5.1631,LC
4397062.69,20545,4.7447,LC
4397070.23,20547,4.7234,LC
4397073.23,20546,4.0486,LC
4397136.79,20548,28.3921,BG
4397155.94,20545,5.0392,LC
4397178.25,20547,4.5447,LC
4397187.6,20546,5.9639,LC
4397198.59,20547,3.988,LC
4397198.82,20545,5.2185,LC
4397229.45,20548,41.2001,BG
4397267.97,20546,7.0936,LC
4397315.35,20548,34.3304,BG
4397334.67,20547,5.4273,LC
4397336.28,20545,7.4587,LC
4397341.36,20546,4.4034,LC
4397372.35,20545,6.2135,LC
4397400.67,20547,4.1641,LC
4397406.84,20545,4.3232,LC
4397406.98,20546,7.3823,LC
4397424.32,20547,10.1468,LC
4397428.28,20546,7.4289,LC
4397428.68,20545,7.0525,LC
4397435.98,20548,67.6363,BG
4397485.46,20547,4.7767,LC
4397521.18,20545,4.7087,LC
4397545.57,20546,8.169,LC
4397551.23,20548,63.6064,BG
4397551.54,20547,8.5661,LC
4397604.3,20545,4.0979,LC
4397610.36,20546,7.6564,LC
4397613.5,20547,6.6015,LC
4397613.56,20545,4.5739,LC
4397663.81,20545,7.2431,LC
4397670.79,20546,7.0039,LC
4397684.63,20547,5.0749,LC
4397688.73,20548,83.2063,BG
4397700.27,20545,5.1026,LC
4397706.82,20546,4.7724,LC
4397730.19,20547,4.5056,LC
4397793.36,20548,55.0569,BG
4397823.4,20545,5.314,LC
4397827.0,20546,4.5077,LC
4397857.6,20547,4.2327,LC
4397857.67,20545,4.4513,LC
4397870.41,20546,4.0721,LC
4397872.62,20548,28.4156,BG
4397874.8,20547,4.2229,LC
4397899.81,20545,7.9245,LC
4397901.52,20546,6.8266,LC
4397904.58,20547,4.4338,LC
4397926.52,20545,9.1295,LC
4397928.43,20546,7.4216,LC
4397937.94,20547,3.9309,LC
4397956.9,20545,4.9864,LC
4397965.0,20546,6.0345,LC
4397968.97,20547,4.0823,LC
4397974.32,20545,8.2232,LC
4397988.42,20546,5.6885,LC
4397999.55,20547,6.5437,LC
4398005.55,20545,4.9807,LC
4398017.07,20546,6.6921,LC
4398019.85,20547,4.306,LC
4398032.19,20545,8.3983,LC
4398034.85,20546,6.9442,LC
4398037.32,20548,108.5905,BG
4398057.39,20547,4.6082,LC
4398108.14,20545,4.549,LC
4398118.11,20546,4.2909,LC
4398128.21,20548,39.7904,BG
4398132.91,20547,4.104,LC
4398171.23,20545,4.6736,LC
4398185.76,20546,5.2955,LC
4398217.73,20548,39.4255,BG
4398218.39,20547,4.0021,LC
4398234.94,20545,4.9217,LC
4398239.52,20546,4.8162,LC
4398295.92,20548,27.8901,BG
4398310.37,20545,6.3863,LC
4398320.26,20547,5.087,LC
4398324.6,20546,6.5371,LC
4398331.43,20545,4.5012,LC
4398342.4,20545,4.7213,LC
4398342.52,20547,8.9997,LC
4398343.15,20546,9.8932,LC
4398353.37,20545,3.8979,LC
4398358.62,20547,5.8119,LC
4398364.86,20546,4.1312,LC
4398381.46,20545,4.3789,LC
4398382.76,20548,36.8665,BG
4398384.33,20547,4.3974,LC
4398397.94,20546,5.4269,LC
4398408.87,20545,4.6191,LC
4398429.09,20547,5.1256,LC
4398442.89,20546,8.8787,LC
4398478.85,20545,5.3725,LC
4398482.77,20547,4.8503,LC
4398485.56,20545,4.456,LC
4398497.92,20546,5.108,LC
4398507.37,20548,72.0727,BG
4398510.89,20547,7.0104,LC
4398519.09,20545,4.0167,LC
4398520.0,20546,4.2883,LC
4398529.57,20547,6.2319,LC
4398539.36,20545,4.4929,LC
4398548.83,20546,4.7057,LC
4398566.45,20547,4.7684,LC
4398580.64,20545,5.2238,LC
4398602.37,20546,5.6766,LC
4398620.9,20548,60.8708,BG
4398653.86,20547,4.97,LC
4398677.78,20545,5.0202,LC
4398712.13,20546,4.3792,LC
4398738.61,20548,66.4819,BG
4398769.12,20547,4.3152,LC
4398813.46,20548,24.8243,BG
4398819.11,20545,6.2263,LC
4398889.69,20548,25.4603,BG
4398980.17,20548,37.7955,BG
4399059.16,20548,28.1588,BG
4399063.87,20546,4.2752,LC
4399084.12,20547,6.129,LC
4399117.61,20545,4.2083,LC
4399126.55,20546,4.7731,LC
4399141.47,20548,31.1343,BG
4399169.68,20547,4.1319,LC
4399197.72,20545,9.3668,LC
4399224.21,20548,29.3239,BG
4399233.58,20546,4.1005,LC
4399253.89,20547,4.1698,LC
4399304.16,20548,29.988,BG
4399311.99,20545,4.4656,LC
4399327.19,20546,5.0694,LC
4399381.62,20548,27.3336,BG
4399398.5,20547,4.1478,LC
4399430.9,20545,5.1065,LC
4399454.71,20546,6.1474,LC
4399491.32,20548,56.1542,BG
4399597.35,20548,57.0271,BG
4399680.13,20547,4.8581,LC
4399682.06,20545,4.3563,LC
4399689.23,20548,41.2524,BG
4399698.15,20547,4.7118,LC
4399751.11,20546,4.3884,LC
4399757.08,20545,5.1505,LC
4399762.41,20547,4.3541,LC
4399787.06,20548,49.3108,BG
4399832.79,20546,4.4926,LC
4399837.18,20545,4.1123,LC
4399863.11,20548,25.9841,BG
4399899.23,20547,4.0445,LC
4399941.47,20548,28.239,BG
4399968.21,20546,4.3957,LC
4400020.12,20548,28.33,BG
4400100.64,20548,30.1476,BG
4400176.19,20548,25.4117,BG
4400218.88,20545,5.0126,LC
4400244.59,20547,5.3316,LC
4400255.39,20548,29.0554,BG
4400332.2,20545,9.0569,LC
4400332.28,20547,4.8051,LC
4400332.32,20546,10.8476,LC
4400340.06,20548,34.3339,BG
4400356.65,20545,7.009,LC
4400356.9,20546,7.8734,LC
4400379.87,20547,4.3984,LC
4400387.15,20546,9.0101,LC
4400416.95,20548,26.2745,BG
4400422.86,20547,4.3577,LC
4400496.49,20545,4.8121,LC
4400530.36,20546,4.003,LC
4400543.53,20548,71.1704,BG
4400552.22,20547,4.2152,LC
4400568.25,20545,4.3766,LC
4400601.2,20547,8.2763,LC
4400601.26,20545,5.6359,LC
4400601.71,20546,12.4098,LC
4400631.2,20545,5.9174,LC
4400633.81,20546,5.1894,LC
4400655.09,20547,4.9987,LC
4400662.62,20548,59.0587,BG
4400663.06,20545,5.4145,LC
4400681.34,20546,4.6126,LC
4400718.24,20547,4.5633,LC
4400718.47,20545,4.117,LC
4400761.67,20546,5.9459,LC
4400767.65,20547,4.3283,LC
4400777.5,20548,63.0691,BG
4400827.41,20545,4.5899,LC
4400830.91,20546,5.1228,LC
4400842.04,20547,4.4534,LC
4400847.35,20545,4.5523,LC
4400885.35,20546,7.1462,LC
4400888.94,20547,4.8757,LC
4400896.3,20548,65.2454,BG
4400927.08,20545,4.262,LC
4400930.26,20546,4.1257,LC
4400962.36,20547,3.9149,LC
4400993.48,20545,10.5007,LC
4400998.11,20546,10.1978,LC
4401004.46,20547,8.6143,LC
4401007.16,20545,6.9684,LC
4401018.61,20548,71.1936,BG
4401045.19,20546,4.5938,LC
4401048.16,20547,5.069,LC
4401050.65,20545,4.4898,LC
4401054.23,20547,4.5948,LC
4401060.83,20545,4.5095,LC
4401066.31,20546,5.7132,LC
4401099.11,20548,29.6608,BG
4401158.34,20547,6.5343,LC
4401166.21,20545,4.1782,LC
4401185.45,20546,5.5666,LC
4401197.49,20548,47.7885,BG
4401221.51,20547,4.1913,LC
4401235.71,20545,4.9475,LC
4401269.77,20546,4.2687,LC
4401275.41,20548,28.0714,BG
4401275.59,20547,4.0614,LC
4401282.19,20545,4.9321,LC
4401322.23,20546,4.428,LC
4401340.73,20547,4.3013,LC
4401349.06,20545,5.2523,LC
4401365.72,20548,38.8464,BG
4401378.82,20546,4.438,LC
4401395.43,20547,5.1061,LC
4401420.19,20545,6.7667,LC
4401451.7,20545,4.1033,LC
4401456.01,20546,6.6875,LC
4401456.11,20545,3.982,LC
4401456.25,20547,6.3889,LC
4401458.94,20548,41.7739,BG
4401474.16,20546,8.2168,LC
4401474.35,20547,6.0993,LC
4401486.26,20545,4.1508,LC
4401531.49,20547,9.1087,LC
4401546.24,20546,4.0845,LC
4401548.45,20545,5.0086,LC
4401562.33,20547,6.2786,LC
4401575.12,20546,4.4266,LC
4401610.6,20548,99.3038,BG
4401627.31,20545,4.4077,LC
4401671.48,20547,6.8631,LC
4401677.23,20546,6.479,LC
4401677.37,20545,4.3128,LC
4401707.85,20547,4.6095,LC
4401719.12,20546,4.3033,LC
4401731.17,20548,67.143,BG
4401788.23,20545,4.0484,LC
4401798.97,20547,8.5987,LC
4401801.79,20546,5.8321,LC
4401812.69,20545,5.3178,LC
4401828.32,20548,46.9931,BG
4401833.12,20547,4.1888,LC
4401837.64,20546,4.1632,LC
4401865.54,20545,4.1716,LC
4401899.23,20547,5.0296,LC
4401901.56,20546,5.3088,LC
4401905.35,20548,27.0398,BG
4401911.53,20545,4.1394,LC
4401916.28,20547,4.036,LC
4401921.47,20546,3.884,LC
4401938.09,20545,4.0273,LC
4401951.15,20547,6.5427,LC
4401976.54,20546,4.1525,LC
4401987.57,20548,32.1198,BG
4401988.95,20545,4.5944,LC
4401994.98,20547,5.1416,LC
4401997.23,20546,4.1614,LC
4401999.76,20545,4.5322,LC
4402020.79,20547,4.7945,LC
4402043.67,20546,5.0119,LC
4402069.65,20545,7.8809,LC
4402070.43,20547,7.1709,LC
4402072.3,20548,34.6058,BG
4402074.29,20546,4.3778,LC
4402102.59,20545,4.8552,LC
4402133.19,20547,4.2695,LC
4402145.43,20546,4.87,LC
4402156.12,20548,32.7822,BG
4402178.38,20545,4.8343,LC
4402189.67,20547,4.2131,LC
4402195.32,20546,4.6435,LC
4402207.14,20545,4.2885,LC
4402236.25,20548,30.0325,BG
4402254.68,20547,4.4852,LC
4402316.8,20548,29.5266,BG
4402321.67,20546,4.4086,LC
4402379.42,20545,8.0031,LC
4402382.22,20547,4.5374,LC
4402392.35,20546,4.6674,LC
4402394.57,20545,4.2609,LC
4402405.91,20547,4.8427,LC
4402409.7,20548,42.3847,BG
4402491.3,20546,5.547,LC
4402528.74,20545,4.9331,LC
4402535.22,20548,72.4476,BG
4402546.15,20547,4.9569,LC
4402558.89,20546,5.3497,LC
4402587.33,20545,4.31,LC
4402619.68,20547,3.9403,LC
4402633.37,20548,43.8704,BG
4402656.33,20546,4.8364,LC
4402664.52,20545,4.3748,LC
4402672.72,20547,4.4582,LC
4402726.37,20548,39.6277,BG
4402730.82,20546,4.3588,LC
4402810.23,20548,33.8251,BG
4402835.73,20545,4.1964,LC
4402884.7,20547,4.1659,LC
4402894.47,20548,34.157,BG
4402918.67,20546,4.5325,LC
4402962.53,20545,5.1415,LC
4403000.54,20548,52.6217,BG
4403010.69,20547,4.6064,LC
4403024.97,20546,4.5911,LC
4403048.4,20545,4.3765,LC
4403083.4,20548,30.7193,BG
4403100.39,20547,3.9082,LC
4403174.89,20548,40.708,BG
4403226.17,20546,7.9226,LC
4403232.9,20545,5.235,LC
4403255.2,20548,27.6866,BG
4403283.18,20547,4.3108,LC
4403300.12,20546,4.3096,LC
4403338.42,20548,30.6343,BG
4403402.88,20545,4.1159,LC
4403426.8,20547,4.2162,LC
4403432.44,20548,44.1079,BG
4403479.23,20546,8.3681,LC
4403563.66,20545,4.4226,LC
4403568.79,20547,3.8872,LC
4403577.16,20548,84.774,BG
4403579.88,20546,4.2285,LC
4403611.43,20545,4.1368,LC
4403617.4,20547,4.0324,LC
4403678.8,20548,51.1067,BG
4403706.04,20546,4.6117,LC
4403778.19,20545,4.2923,LC
4403790.57,20548,61.6489,BG
4403871.86,20548,31.0559,BG
4403925.73,20547,8.7287,LC
4403954.1,20546,3.853,LC
4403964.2,20548,40.5038,BG
4404017.56,20545,6.386,LC
4404055.77,20548,41.3971,BG
4404083.1,20547,4.2628,LC
4404135.3,20546,4.1721,LC
4404147.19,20548,41.2873,BG
4404157.99,20545,4.324,LC
4404194.69,20547,5.0248,LC
4404228.55,20548,30.926,BG
4404306.95,20548,28.4321,BG
4404351.22,20546,6.472,LC
4404385.45,20548,28.2912,BG
4404477.5,20548,41.3173,BG
4404585.55,20545,4.1,LC
4404609.87,20548,81.1643,BG
4404616.73,20547,3.9733,LC
4404618.08,20546,4.9488,LC
4404642.57,20545,5.6684,LC
4404690.17,20547,5.2569,LC
4404718.43,20548,55.873,BG
4404781.09,20546,5.3382,LC
4404828.47,20548,57.8523,BG
4404840.11,20545,4.4552,LC
4404859.98,20547,4.4079,LC
4404883.52,20546,4.141,LC
4404900.54,20545,3.8634,LC
4404909.81,20548,30.5897,BG
4404983.09,20548,23.0667,BG
4405032.78,20547,4.234,LC
4405067.73,20548,32.3601,BG
4405072.92,20546,4.2487,LC
4405131.1,20545,4.4959,LC
4405144.0,20547,4.0472,LC
4405153.33,20548,34.7521,BG
4405229.78,20548,26.4537,BG
4405283.07,20546,5.5225,LC
4405307.57,20548,27.3253,BG
4405368.71,20545,5.2183,LC
4405380.2,20547,3.9859,LC
4405388.71,20548,29.9634,BG
4405456.34,20546,4.2191,LC
4405469.15,20548,29.4158,BG
4405544.97,20545,7.5268,LC
4405554.66,20547,5.1387,LC
4405572.06,20546,4.0922,LC
4405603.12,20548,84.0623,BG
4405625.86,20545,4.5415,LC
4405686.19,20547,4.7,LC
4405715.29,20548,62.5039,BG
4405743.66,20546,5.8797,LC
4405833.35,20548,64.95,BG
4405847.21,20545,4.2719,LC
4405875.27,20547,4.1635,LC
4405889.86,20546,4.1094,LC
4405905.59,20548,25.192,BG
4405906.88,20545,4.2338,LC
4405914.33,20547,4.0784,LC
4405923.51,20546,4.1187,LC
4405938.83,20545,4.0294,LC
4405943.23,20547,4.8927,LC
4405946.14,20546,4.2022,LC
4405964.73,20545,4.1383,LC
4405978.89,20548,22.9947,BG
4406010.12,20547,3.9139,LC
4406026.83,20546,4.113,LC
4406035.1,20545,4.051,LC
4406046.86,20547,4.2559,LC
4406056.36,20545,7.7519,LC
4406057.2,20548,28.1399,BG
4406057.66,20546,7.3388,LC
4406070.67,20547,4.2899,LC
4406077.88,20545,5.7875,LC
4406095.14,20546,4.4372,LC
4406125.75,20547,4.5338,LC
4406132.65,20545,5.5742,LC
4406136.4,20548,29.0115,BG
4406158.18,20546,6.4565,LC
4406161.32,20547,6.1113,LC
4406192.97,20545,3.9957,LC
4406214.06,20548,27.3165,BG
4406231.47,20546,4.4192,LC
4406243.8,20547,5.0593,LC
4406244.79,20545,4.4385,LC
4406292.04,20548,27.827,BG
4406312.81,20546,5.6561,LC
4406327.2,20547,5.4049,LC
4406340.23,20546,4.0607,LC
4406340.29,20545,5.6405,LC
4406360.28,20545,4.6755,LC
4406362.39,20547,5.5328,LC
4406377.62,20546,5.7093,LC
4406377.7,20548,34.7262,BG
4406397.17,20545,4.3105,LC
4406450.16,20547,4.7909,LC
4406455.22,20548,27.4347,BG
4406472.99,20546,4.4487,LC
4406484.19,20545,5.1555,LC
4406491.09,20547,6.6792,LC
4406494.94,20545,5.2494,LC
4406511.45,20546,5.1713,LC
4406542.82,20547,6.0152,LC
4406564.63,20546,4.6883,LC
4406565.43,20545,7.2321,LC
4406579.79,20547,6.1694,LC
4406581.67,20545,4.7925,LC
4406611.1,20546,4.1194,LC
4406623.83,20547,5.4149,LC
4406637.9,20546,5.5636,LC
4406637.99,20548,118.045,BG
4406638.05,20545,6.2919,LC
4406664.47,20547,4.0802,LC
4406675.3,20545,6.6092,LC
4406676.1,20546,5.2844,LC
4406684.28,20547,4.2964,LC
4406704.46,20545,4.5489,LC
4406722.22,20546,4.2504,LC
4406746.21,20547,4.907,LC
4406749.85,20545,4.8849,LC
4406764.07,20548,79.1569,BG
4406793.33,20547,4.6662,LC
4406800.69,20547,4.2703,LC
4406800.76,20546,8.228,LC
4406802.21,20545,7.6335,LC
4406870.11,20547,4.9598,LC
4406873.09,20545,9.3129,LC
4406873.77,20546,11.7641,LC
4406875.61,20548,61.4051,BG
4406883.4,20547,4.1632,LC
4406894.43,20545,4.415,LC
4406908.21,20546,5.1226,LC
4406913.69,20547,4.1129,LC
4406945.88,20545,4.6268,LC
4406966.96,20548,41.2776,BG
4406986.37,20546,4.0861,LC
4407031.24,20547,8.9672,LC
4407062.2,20545,4.0301,LC
4407087.2,20547,4.1691,LC
4407087.36,20546,4.368,LC
4407090.14,20548,70.4623,BG
4407090.38,20545,4.5402,LC
4407103.43,20547,4.0979,LC
4407115.42,20546,4.5835,LC
4407127.57,20545,5.8473,LC
4407132.08,20547,4.9756,LC
4407146.43,20546,5.0151,LC
4407157.02,20545,6.8766,LC
4407157.08,20547,4.2092,LC
4407187.96,20546,4.301,LC
4407194.36,20548,56.0683,BG
4407201.44,20547,4.2888,LC
4407202.91,20545,4.003,LC
4407215.94,20546,4.6881,LC
4407227.16,20547,4.6055,LC
4407237.03,20545,4.4383,LC
4407251.53,20546,6.324,LC
4407261.64,20547,4.9059,LC
4407277.79,20545,6.7715,LC
4407278.31,20548,31.1337,BG
4407283.76,20546,4.2725,LC
4407290.73,20547,4.1122,LC
4407340.13,20545,6.182,LC
4407343.48,20546,4.7937,LC
4407347.15,20545,4.8334,LC
4407373.31,20548,44.7498,BG
4407380.18,20546,4.3159,LC
4407390.12,20547,4.79,LC
4407436.82,20545,4.301,LC
4407444.58,20546,6.1611,LC
4407454.05,20547,8.7327,LC
4407454.32,20545,7.166,LC
4407470.42,20548,45.4642,BG
4407480.76,20546,5.2517,LC
4407501.11,20545,4.6391,LC
4407554.11,20547,4.87,LC
4407578.75,20546,4.0723,LC
4407594.21,20546,4.8528,LC
4407595.63,20545,8.3143,LC
4407596.16,20547,6.974,LC
4407600.38,20546,4.8872,LC
4407605.82,20545,4.7864,LC
4407614.15,20548,92.4587,BG
4407623.52,20546,6.3461,LC
4407659.39,20547,4.3123,LC
4407679.94,20545,4.6261,LC
4407703.11,20546,4.6512,LC
4407738.14,20547,3.9653,LC
4407753.46,20545,4.4134,LC
4407768.99,20546,4.5285,LC
4407771.68,20548,107.3761,BG
4407776.95,20547,7.3211,LC
4407778.26,20545,5.0001,LC
4407784.21,20546,4.6573,LC
4407801.73,20547,4.418,LC
4407816.26,20545,5.4953,LC
4407832.34,20546,6.1736,LC
4407875.26,20547,4.2408,LC
4407893.37,20545,4.4113,LC
4407896.23,20546,4.7658,LC
4407896.72,20547,4.9497,LC
4407903.94,20545,4.0616,LC
4407908.36,20548,86.136,BG
4407965.82,20546,4.0857,LC
4407998.16,20548,39.7519,BG
4408003.68,20547,6.0095,LC
4408006.39,20545,5.021,LC
4408029.81,20546,5.6343,LC
4408044.79,20545,5.121,LC
4408045.09,20547,8.6924,LC
4408060.14,20546,4.1759,LC
4408062.03,20545,4.2042,LC
4408075.56,20547,4.2388,LC
4408085.89,20548,37.6484,BG
4408161.3,20548,25.0364,BG
4408252.31,20548,38.333,BG
4408295.19,20546,5.8801,LC
4408336.14,20548,33.7992,BG
4408368.9,20545,5.9837,LC
4408390.07,20547,6.7249,LC
4408420.67,20548,33.4,BG
4408432.28,20546,4.146,LC
4408497.1,20548,26.2344,BG
4408539.27,20545,4.9774,LC
4408571.23,20547,4.1674,LC
4408624.38,20546,5.0647,LC
4408647.04,20548,99.361,BG
4408726.39,20545,5.2733,LC
4408754.77,20548,57.3572,BG
4408774.26,20547,5.1295,LC
4408798.63,20546,4.5367,LC
4408802.13,20545,4.3235,LC
4408850.88,20548,44.1829,BG
4408900.62,20547,4.115,LC
4408924.34,20548,23.371,BG
4409003.23,20548,27.1258,BG
4409003.75,20546,6.8719,LC
4409032.88,20545,4.0708,LC
4409055.38,20547,5.7604,LC
4409072.67,20546,4.2199,LC
4409094.35,20545,5.6222,LC
4409094.43,20548,38.6703,BG
4409106.1,20547,5.3063,LC
4409143.67,20546,5.5077,LC
4409178.91,20548,34.1038,BG
4409227.18,20545,6.0994,LC
4409258.58,20548,29.3766,BG
4409348.23,20548,37.9293,BG
4409355.17,20547,4.5919,LC
4409360.95,20546,3.9395,LC
4409364.99,20545,4.0571,LC
4409421.96,20546,3.991,LC
4409433.2,20548,34.8571,BG
4409473.18,20547,4.0903,LC
4409514.15,20545,4.6084,LC
4409522.57,20548,38.9746,BG
4409657.54,20546,4.7791,LC
4409668.0,20548,80.7497,BG
4409672.62,20547,4.3076,LC
4409678.86,20545,5.6314,LC
4409690.35,20546,4.4586,LC
4409701.96,20547,4.1462,LC
4409742.42,20545,7.1491,LC
4409767.15,20546,4.115,LC
4409822.36,20547,4.0123,LC
4409827.08,20548,108.9704,BG
4409890.21,20545,4.1836,LC
4409890.4,20546,4.1426,LC
4409909.38,20548,32.1089,BG
4409913.91,20547,4.1522,LC
4410007.38,20545,3.8924,LC
4410012.25,20548,52.6035,BG
4410119.89,20548,57.3834,BG
4410210.97,20548,40.9661,BG
4410265.44,20546,5.1452,LC
4410292.49,20547,3.9354,LC
4410305.35,20548,43.0433,BG
4410355.78,20545,7.6675,LC
4410397.29,20548,41.2973,BG
4410425.29,20546,4.4715,LC
4410481.32,20548,32.7723,BG
4410540.16,20547,3.8363,LC
4410554.16,20545,3.9042,LC
4410563.81,20546,7.6261,LC
4410578.67,20547,6.4587,LC
4410582.8,20545,4.8286,LC
4410588.5,20548,55.1383,BG
4410726.35,20546,4.3881,LC
4410735.42,20548,96.3896,BG
4410739.6,20547,3.974,LC
4410790.2,20545,4.6226,LC
4410797.55,20546,4.8163,LC
4410813.83,20547,4.3761,LC
4410839.32,20545,4.432,LC
4410848.79,20548,58.1133,BG
4410869.75,20546,4.1509,LC
4410908.05,20547,4.2392,LC
4410939.61,20548,40.4239,BG
4410944.32,20545,4.5594,LC
4410995.72,20546,7.0494,LC
4411014.83,20548,25.4564,BG
4411021.14,20547,3.8699,LC
4411039.11,20545,3.9239,LC
4411060.31,20546,4.445,LC
4411075.15,20547,5.7646,LC
4411096.27,20545,5.6128,LC
4411115.4,20548,50.2044,BG
4411160.55,20546,5.226,LC
4411203.25,20548,35.8155,BG
4411226.1,20547,5.911,LC
4411259.26,20545,9.3253,LC
4411293.26,20548,39.5219,BG
4411370.74,20548,26.9889,BG
4411393.11,20546,4.5647,LC
4411453.12,20547,3.9112,LC
4411460.81,20548,39.9162,BG
4411533.27,20545,4.7906,LC
4411553.79,20548,42.5635,BG
4411659.7,20548,55.611,BG
4411709.37,20546,5.0875,LC
4411752.84,20548,40.99,BG
4411794.13,20547,4.2198,LC
4411840.51,20548,37.3177,BG
4411904.77,20545,4.5042,LC
4411922.24,20548,30.9369,BG
4411949.37,20546,4.6356,LC
4411975.66,20547,6.0556,LC
4411996.55,20548,23.3586,BG
4412004.49,20545,5.0223,LC
4412016.97,20546,5.9111,LC
4412060.39,20547,4.0592,LC
4412072.26,20548,25.5113,BG
4412079.56,20545,4.037,LC
4412137.75,20546,4.371,LC
4412149.42,20547,6.0371,LC
4412151.36,20545,7.6065,LC
4412154.37,20548,31.4876,BG
4412169.56,20546,4.9775,LC
4412184.22,20547,6.9913,LC
4412185.38,20545,6.6333,LC
4412206.1,20547,4.2468,LC
4412206.28,20546,5.1675,LC
4412229.89,20548,25.5299,BG
4412234.74,20545,4.428,LC
4412243.09,20546,4.8895,LC
4412257.94,20546,5.3432,LC
4412261.75,20545,9.988,LC
4412263.79,20546,5.0624,LC
4412264.17,20547,9.3024,LC
4412264.22,20547,5.1971,LC
4412309.32,20548,29.0842,BG
4412316.12,20545,4.2165,LC
4412331.21,20546,4.1527,LC
4412340.22,20547,6.3953,LC
4412351.34,20545,4.9748,LC
4412360.53,20546,4.1948,LC
4412366.06,20547,4.0663,LC
4412383.62,20545,4.4743,LC
4412392.82,20548,32.0306,BG
4412420.23,20546,5.5584,LC
4412447.64,20547,3.8607,LC
4412454.64,20545,4.1137,LC
4412464.51,20546,4.142,LC
4412471.33,20547,4.6443,LC
4412484.32,20545,4.2883,LC
4412485.43,20548,42.1725,BG
4412521.26,20546,8.1364,LC
4412522.64,20547,7.1699,LC
4412546.7,20545,6.5399,LC
4412546.76,20546,4.4153,LC
4412550.37,20547,3.8869,LC
4412579.84,20546,4.4785,LC
4412583.31,20548,47.0734,BG
4412594.9,20545,4.2529,LC
4412606.19,20547,7.4871,LC
4412617.72,20546,9.1621,LC
4412645.32,20545,4.9916,LC
4412683.67,20548,48.7519,BG
4412684.3,20547,5.1708,LC
4412693.92,20546,4.5193,LC
4412708.15,20545,4.5458,LC
4412710.13,20547,4.6719,LC
4412722.21,20546,5.1038,LC
4412742.51,20545,3.9585,LC
4412743.56,20547,4.6295,LC
4412757.37,20546,4.7755,LC
4412757.51,20545,4.5262,LC
4412758.76,20547,5.0985,LC
4412779.14,20546,4.0633,LC
4412855.65,20548,119.5664,BG
4412864.34,20545,4.1858,LC
4412865.89,20547,5.5384,LC
4412895.43,20546,4.2583,LC
4412903.29,20545,5.5356,LC
4412904.21,20547,4.6655,LC
4412940.04,20548,33.9665,BG
4412945.13,20546,4.1185,LC
4412959.64,20545,4.3813,LC
4412995.35,20547,7.4231,LC
4413007.38,20546,4.1582,LC
4413025.63,20548,35.3727,BG
4413031.61,20545,4.0376,LC
4413050.47,20547,4.2445,LC
4413067.25,20546,6.3038,LC
4413076.57,20545,5.8521,LC
4413082.08,20547,7.114,LC
4413119.38,20548,42.3553,BG
4413120.52,20546,4.3495,LC
4413144.77,20545,4.9653,LC
4413146.97,20547,5.318,LC
4413195.09,20546,3.9226,LC
4413195.76,20545,4.467,LC
4413218.92,20547,9.9515,LC
4413219.91,20546,6.6258,LC
4413221.76,20548,52.3129,BG
4413234.72,20545,4.9759,LC
4413287.61,20547,11.5867,LC
4413291.34,20546,5.778,LC
4413328.94,20548,56.6076,BG
4413337.32,20545,4.2706,LC
4413367.37,20547,8.0222,LC
4413367.59,20546,6.9293,LC
4413389.09,20545,9.215,LC
4413389.29,20547,8.0104,LC
4413413.1,20546,4.1571,LC
4413425.79,20548,46.6778,BG
4413435.75,20545,5.8979,LC
4413438.95,20547,5.7866,LC
4413445.8,20546,4.8969,LC
4413447.67,20545,4.296,LC
4413477.93,20547,4.4106,LC
4413499.17,20546,4.0354,LC
4413500.46,20545,5.0629,LC
4413505.97,20547,4.2767,LC
4413522.5,20548,44.2446,BG
4413541.36,20546,4.2711,LC
4413550.71,20545,4.9281,LC
4413585.19,20547,4.8141,LC
4413613.53,20546,6.0795,LC
4413616.14,20548,41.1121,BG
4413618.78,20545,4.3437,LC
4413620.64,20547,4.3279,LC
4413636.9,20546,5.1259,LC
4413666.06,20545,5.1068,LC
4413670.77,20547,8.2644,LC
4413671.0,20546,4.5377,LC
4413683.58,20545,4.1119,LC
4413685.05,20546,4.084,LC
4413709.14,20548,41.703,BG
4413714.84,20547,4.293,LC
4413734.87,20545,5.1614,LC
4413739.59,20546,4.142,LC
4413744.77,20547,4.6291,LC
4413768.05,20545,4.6956,LC
4413836.81,20546,4.1891,LC
4413858.76,20548,97.7673,BG
4413883.15,20547,5.1963,LC
4413886.89,20545,4.6966,LC
4413918.42,20546,4.3939,LC
4413939.85,20548,32.279,BG
4413948.28,20547,3.9916,LC
4413980.56,20545,4.1046,LC
4414004.42,20546,4.9957,LC
4414017.12,20548,27.1019,BG
4414076.67,20547,6.4831,LC
4414087.8,20545,5.4427,LC
4414094.23,20546,3.9732,LC
4414108.62,20548,38.6003,BG
4414115.15,20547,3.836,LC
4414129.59,20545,5.3754,LC
4414131.87,20546,4.5317,LC
4414136.64,20547,4.4392,LC
4414145.19,20545,4.9298,LC
4414149.86,20546,4.8226,LC
4414170.5,20545,5.9292,LC
4414183.79,20548,25.3912,BG
4414201.11,20547,4.1593,LC
4414211.53,20546,4.2848,LC
4414226.36,20545,4.1732,LC
4414236.73,20547,6.6059,LC
4414262.59,20548,28.669,BG
4414299.13,20546,4.1658,LC
4414303.61,20545,4.1279,LC
4414317.34,20547,6.7342,LC
4414347.59,20548,34.3169,BG
4414391.45,20546,9.2676,LC
4414391.52,20545,8.3891,LC
4414402.68,20547,6.0815,LC
4414422.66,20546,4.1174,LC
4414430.85,20548,32.5182,BG
4414448.26,20545,4.2187,LC
4414540.9,20548,59.5299,BG
4414564.82,20547,3.9945,LC
4414610.32,20546,3.9026,LC
4414629.21,20548,34.0394,BG
4414656.99,20545,5.9643,LC
4414661.82,20547,7.9034,LC
4414664.81,20546,4.2904,LC
4414672.89,20547,6.1419,LC
4414686.27,20545,5.9201,LC
4414686.42,20546,3.9288,LC
4414731.25,20547,4.6549,LC
4414747.61,20545,4.1335,LC
4414771.14,20546,4.0209,LC
4414784.7,20547,4.3353,LC
4414798.98,20548,119.4359,BG
4414822.59,20545,4.1518,LC
4414837.54,20546,6.8008,LC
4414860.0,20547,4.4668,LC
4414882.38,20548,33.5444,BG
4414901.52,20545,5.2187,LC
4414906.27,20546,6.3186,LC
4414910.72,20547,6.27,LC
4414950.73,20545,3.8819,LC
4414955.41,20548,22.975,BG
4414964.15,20546,4.1744,LC
4414976.23,20547,4.4215,LC
4414981.56,20545,6.0341,LC
4415028.58,20548,22.9266,BG
4415043.92,20547,4.114,LC
4415075.79,20546,7.0264,LC
4415080.46,20545,4.2681,LC
4415114.15,20548,33.3114,BG
4415151.4,20547,4.9061,LC
4415163.82,20546,4.1693,LC
4415173.79,20545,4.3674,LC
4415181.36,20547,4.1163,LC
4415196.24,20546,6.5705,LC
4415201.1,20545,3.9342,LC
4415214.13,20548,49.3633,BG
4415216.34,20547,5.8887,LC
4415216.82,20546,4.4572,LC
4415222.09,20545,4.1059,LC
4415227.49,20547,6.8571,LC
4415236.49,20546,4.1813,LC
4415245.7,20545,5.6319,LC
4415249.04,20547,4.2184,LC
4415269.44,20546,3.9867,LC
4415276.62,20545,4.4211,LC
4415280.13,20547,4.5344,LC
4415295.15,20545,8.8618,LC
4415295.53,20546,6.5649,LC
4415307.57,20547,6.0342,LC
4415316.75,20548,52.5091,BG
4415317.02,20546,5.425,LC
4415320.21,20545,4.5779,LC
4415332.64,20547,4.1497,LC
4415342.4,20546,4.4184,LC
4415381.7,20545,4.1973,LC
4415393.67,20548,25.6947,BG
4415395.24,20547,5.3119,LC
4415421.5,20546,6.9669,LC
4415421.56,20545,4.1026,LC
4415431.86,20547,5.621,LC
4415476.88,20548,32.7302,BG
4415516.69,20546,4.1469,LC
4415553.13,20545,4.0669,LC
4415570.54,20548,40.2163,BG
4415574.6,20547,5.0692,LC
4415581.92,20546,4.852,LC
4415609.53,20545,5.4243,LC
4415631.1,20547,4.9281,LC
4415632.55,20546,5.2332,LC
4415655.05,20548,35.0181,BG
4415663.28,20545,7.3046,LC
4415797.05,20547,4.1128,LC
4415812.79,20546,4.3395,LC
4415834.6,20545,4.1665,LC
4415845.21,20548,137.6186,BG
4415921.1,20548,26.7982,BG
4415984.47,20547,4.125,LC
4415998.79,20548,27.6124,BG
4416072.6,20548,23.4121,BG
4416159.9,20546,6.2777,LC
4416178.17,20545,4.9221,LC
4416187.62,20547,4.0709,LC
4416194.15,20548,71.2516,BG
4416257.83,20546,5.1683,LC
4416266.82,20545,4.5874,LC
4416268.75,20547,4.35,LC
4416276.83,20546,5.6336,LC
4416281.96,20548,37.7723,BG
4416355.58,20548,23.2811,BG
4416376.24,20545,4.214,LC
4416380.64,20547,6.0744,LC
4416433.59,20548,27.8288,BG
4416513.18,20548,29.4214,BG
4416534.72,20546,4.3405,LC
4416546.6,20545,5.3972,LC
4416592.82,20548,29.3572,BG
4416635.22,20547,4.4466,LC
4416677.35,20548,34.1683,BG
4416717.73,20546,4.4281,LC
4416797.16,20545,5.7494,LC
4416829.43,20547,5.8995,LC
4416845.96,20548,116.9506,BG
4416848.76,20546,8.0524,LC
4416908.34,20545,5.9671,LC
4416960.08,20548,63.2606,BG
4416981.15,20547,4.1968,LC
4416988.68,20546,4.4843,LC
4417033.2,20548,23.0156,BG
4417106.57,20545,4.1868,LC
4417108.23,20548,24.7074,BG
4417166.54,20547,4.2048,LC
4417197.32,20546,5.2099,LC
4417198.2,20548,39.6739,BG
4417280.16,20548,31.6227,BG
4417317.33,20545,4.348,LC
4417354.46,20548,23.9924,BG
4417369.57,20547,4.072,LC
4417376.77,20546,5.6507,LC
4417386.45,20545,3.9047,LC
4417388.05,20547,3.9333,LC
4417431.61,20548,26.9581,BG
4417508.3,20548,26.479,BG
4417509.76,20546,5.2082,LC
4417521.52,20547,4.4112,LC
4417521.77,20545,6.3522,LC
4417536.08,20546,4.5218,LC
4417585.05,20548,26.442,BG
4417604.59,20545,4.7307,LC
4417611.23,20547,4.799,LC
4417618.83,20546,6.2035,LC
4417661.11,20548,25.641,BG
4417680.68,20545,4.4078,LC
4417709.75,20547,5.6317,LC
4417744.71,20546,5.1934,LC
4417773.31,20548,61.8494,BG
4417815.77,20545,4.6412,LC
4417838.62,20547,4.0559,LC
4417882.06,20548,58.3474,BG
4417892.93,20546,6.2608,LC
4417958.58,20545,4.1316,LC
4417966.25,20548,23.9773,BG
4418019.12,20547,3.8548,LC
4418040.68,20548,24.2791,BG
4418059.68,20546,3.8762,LC
4418083.91,20545,4.2366,LC
4418114.32,20548,23.3783,BG
4418197.3,20548,30.6738,BG
4418234.17,20547,4.0866,LC
4418272.2,20546,3.9994,LC
4418275.96,20548,30.4897,BG
4418297.61,20545,6.2129,LC
4418327.7,20547,5.8781,LC
4418350.4,20548,24.2045,BG
4418358.86,20546,4.3125,LC
4418423.54,20548,23.0275,BG
4418503.55,20548,29.8776,BG
4418530.37,20545,5.2479,LC
4418555.05,20547,6.5395,LC
4418587.16,20548,32.84,BG
4418604.34,20546,4.3481,LC
4418634.96,20545,5.0326,LC
4418662.09,20548,24.7293,BG
4418698.66,20547,6.6304,LC
4418743.81,20548,30.2799,BG
4418796.77,20546,5.0898,LC
4418828.32,20548,34.4913,BG
4418853.31,20545,4.37,LC
4418912.75,20548,34.2743,BG
4418976.94,20547,5.4332,LC
4418997.45,20548,34.327,BG
4418999.29,20546,4.1605,LC
4419034.45,20545,4.5177,LC
4419035.87,20547,4.3318,LC
4419070.45,20548,22.9916,BG
4419085.5,20546,4.2417,LC
4419102.3,20545,4.0197,LC
4419104.53,20547,4.054,LC
4419144.4,20548,23.7301,BG
4419152.13,20546,4.3301,LC
4419192.23,20545,6.6199,LC
4419223.17,20547,4.6099,LC
4419232.85,20548,37.6131,BG
4419311.51,20548,28.5452,BG
4419332.62,20546,4.5723,LC
4419393.94,20548,31.4632,BG
4419409.43,20545,5.0258,LC
4419479.02,20548,34.1958,BG
4419524.41,20547,5.6543,LC
4419542.3,20546,6.1852,LC
4419557.07,20545,6.3572,LC
4419577.8,20547,5.0545,LC
4419586.14,20548,56.8657,BG
4419672.23,20548,36.0466,BG
4419748.13,20546,7.8602,LC
4419748.23,20545,7.016,LC
4419780.28,20548,55.4009,BG
4419835.5,20547,4.0723,LC
4419886.04,20546,4.5311,LC
4419895.95,20548,64.993,BG
4419903.66,20545,4.9157,LC
4419934.3,20547,4.4552,LC
4420004.18,20548,57.464,BG
4420046.18,20546,12.3984,LC
4420086.57,20545,4.2106,LC
4420088.56,20548,34.7408,BG
4420110.38,20547,4.7835,LC
4420176.79,20548,37.4497,BG
4420193.22,20546,4.7972,LC
4420208.98,20545,4.68,LC
4420283.19,20548,56.0172,BG
4420295.9,20547,5.7452,LC
4420354.31,20546,4.0576,LC
4420364.12,20548,29.8004,BG
4420373.15,20545,4.3308,LC
4420441.65,20548,26.172,BG
4420499.33,20547,7.0071,LC
4420521.25,20546,4.0055,LC
4420534.06,20548,42.129,BG
4420618.27,20548,33.9028,BG
4420621.11,20545,5.0979,LC
4420622.96,20547,4.6942,LC
4420649.64,20546,5.4365,LC
4420692.2,20545,4.3813,LC
4420698.42,20547,5.9055,LC
4420709.32,20546,5.8692,LC
4420711.11,20548,39.5217,BG
4420727.8,20545,4.3016,LC
4420729.28,20547,7.8574,LC
4420733.58,20546,9.6688,LC
4420733.9,20545,10.3489,LC
4420736.53,20547,6.9703,LC
4420743.71,20546,4.3122,LC
4420760.35,20545,5.2019,LC
4420786.89,20547,4.339,LC
4420811.62,20548,52.7659,BG
4420851.18,20546,7.1509,LC
4420859.92,20545,5.7842,LC
4420881.34,20547,4.202,LC
4420888.56,20547,4.7476,LC
4420888.66,20545,8.4542,LC
4420888.73,20546,10.6922,LC
4420896.17,20547,4.7043,LC
4420912.96,20545,4.5934,LC
4420931.06,20548,67.4315,BG
4420931.14,20546,4.8921,LC
4420965.19,20547,4.3198,LC
4420990.13,20545,4.0533,LC
4421030.2,20546,6.11,LC
4421039.27,20547,4.5753,LC
4421042.61,20545,4.9808,LC
4421044.6,20548,63.3603,BG
4421056.44,20546,4.1156,LC
4421069.14,20547,5.2252,LC
4421094.34,20545,4.4234,LC
4421100.59,20546,4.2927,LC
4421104.71,20547,4.4138,LC
4421106.43,20546,4.2843,LC
4421121.74,20548,27.7734,BG
4421130.28,20545,7.7431,LC
4421144.85,20547,5.9128,LC
4421144.99,20546,4.3675,LC
4421164.65,20545,4.2353,LC
4421169.22,20547,3.991,LC
4421176.58,20546,4.818,LC
4421194.76,20545,4.9771,LC
4421198.06,20547,3.8841,LC
4421200.14,20548,28.2243,BG
4421243.04,20545,6.139,LC
4421252.45,20546,4.9861,LC
4421272.27,20547,4.6041,LC
4421285.59,20548,35.2192,BG
4421300.58,20545,8.1467,LC
4421300.64,20546,4.3121,LC
4421330.89,20547,4.4471,LC
4421364.71,20548,28.9361,BG
4421385.39,20545,6.2822,LC
4421395.71,20546,4.9434,LC
4421419.1,20547,6.2124,LC
4421437.43,20545,4.3028,LC
4421444.3,20548,28.3657,BG
4421456.19,20546,4.9521,LC
4421465.11,20547,4.5314,LC
4421476.52,20545,5.9714,LC
4421511.9,20546,5.6633,LC
4421516.28,20547,4.292,LC
4421522.82,20548,28.253,BG
4421532.14,20545,8.4629,LC
4421532.28,20546,6.2218,LC
4421559.11,20547,5.4556,LC
4421565.75,20546,4.3773,LC
4421576.84,20545,5.173,LC
4421588.52,20547,8.3015,LC
4421588.58,20546,6.2071,LC
4421600.08,20545,4.9969,LC
4421605.15,20546,4.2062,LC
4421612.0,20548,38.5667,BG
4421631.27,20547,6.6273,LC
4421639.08,20545,5.92,LC
4421677.47,20546,6.2879,LC
4421685.66,20547,6.162,LC
4421693.9,20548,27.3276,BG
4421695.53,20545,4.6796,LC
4421717.24,20546,7.7676,LC
4421717.98,20547,7.3567,LC
4421726.97,20545,5.8449,LC
4421733.31,20546,8.7701,LC
4421782.13,20547,4.661,LC
4421787.5,20545,4.6918,LC
4421798.09,20546,6.9155,LC
4421798.96,20545,4.4776,LC
4421822.33,20548,72.7722,BG
4421822.76,20547,8.9616,LC
4421822.81,20546,8.708,LC
4421823.13,20545,5.4484,LC
4421847.28,20547,5.8393,LC
4421853.32,20546,4.5001,LC
4421869.17,20545,4.399,LC
4421875.42,20547,5.8408,LC
4421924.49,20548,60.6656,BG
4421959.95,20546,6.844,LC
4422005.46,20545,4.6309,LC
4422012.36,20547,5.7799,LC
4422030.16,20546,5.0867,LC
4422030.69,20545,4.673,LC
4422043.65,20547,4.2925,LC
4422068.74,20548,93.1473,BG
4422074.55,20545,4.2794,LC
4422075.11,20546,6.4161,LC
4422081.28,20547,4.3218,LC
4422104.67,20545,4.122,LC
4422127.72,20546,6.661,LC
4422127.79,20547,7.6443,LC
4422128.43,20545,5.4096,LC
4422157.91,20548,38.9543,BG
4422177.99,20546,4.3198,LC
4422235.04,20547,7.3224,LC
4422263.85,20548,45.4143,BG
4422293.35,20545,5.4534,LC
4422313.27,20546,4.7428,LC
4422344.15,20548,29.4939,BG
4422412.32,20547,6.6884,LC
4422435.95,20548,41.7793,BG
4422440.17,20545,5.2361,LC
4422513.74,20548,27.6009,BG
4422628.22,20546,7.683,LC
4422632.73,20547,4.1979,LC
4422636.1,20548,69.9043,BG
4422694.65,20545,6.3873,LC
4422707.41,20546,4.1591,LC
4422708.08,20547,6.7983,LC
4422729.16,20545,4.3012,LC
4422741.21,20546,4.1685,LC
4422748.58,20547,3.9785,LC
4422776.58,20545,4.321,LC
4422784.33,20546,5.4629,LC
4422792.79,20548,97.5127,BG
4422813.61,20547,4.4787,LC
4422822.61,20545,5.3052,LC
4422834.17,20546,4.7236,LC
4422854.89,20547,5.2105,LC
4422865.13,20545,4.4957,LC
4422872.37,20546,4.7011,LC
4422882.78,20547,11.9031,LC
4422883.93,20546,4.4914,LC
4422884.05,20545,10.7659,LC
4422908.97,20547,5.9224,LC
4422915.11,20545,8.1572,LC
4422925.23,20546,4.1217,LC
4422973.27,20545,4.2278,LC
4422976.84,20548,133.5548,BG
4423004.78,20547,4.238,LC
4423005.28,20546,4.0683,LC
4423010.44,20545,4.4641,LC
4423047.14,20547,4.6641,LC
4423066.9,20546,4.6174,LC
4423071.66,20545,3.9777,LC
4423072.23,20547,4.2831,LC
4423078.05,20548,50.3943,BG
4423101.63,20546,4.6981,LC
4423107.41,20545,4.252,LC
4423115.24,20547,4.7389,LC
4423123.16,20546,4.6648,LC
4423123.22,20545,3.9793,LC
4423169.14,20548,40.4131,BG
4423169.74,20547,7.6724,LC
4423170.82,20546,6.3277,LC
4423188.4,20545,3.9993,LC
4423197.51,20547,4.4203,LC
4423217.59,20546,4.7059,LC
4423228.54,20545,6.5564,LC
4423239.98,20547,4.0471,LC
4423248.72,20546,4.1671,LC
4423254.04,20545,4.1997,LC
4423262.6,20548,43.7951,BG
4423284.0,20547,5.5901,LC
4423314.86,20546,5.5373,LC
4423338.36,20548,25.078,BG
4423384.08,20545,5.3645,LC
4423386.4,20547,4.5462,LC
4423433.33,20548,38.0042,BG
4423446.34,20546,4.6422,LC
4423464.43,20545,8.4609,LC
4423493.39,20547,4.6549,LC
4423503.2,20546,3.9521,LC
4423511.94,20548,28.4433,BG
4423539.74,20545,4.6842,LC
4423589.89,20548,27.71,BG
4423591.58,20546,7.3645,LC
4423592.6,20547,6.4254,LC
4423624.8,20545,5.8013,LC
4423629.54,20546,4.4886,LC
4423633.54,20545,5.3154,LC
4423667.0,20548,26.8242,BG
4423672.05,20547,4.0171,LC
4423679.54,20546,4.3927,LC
4423681.51,20545,4.8385,LC
4423720.46,20547,7.1649,LC
4423745.54,20546,5.0465,LC
4423748.58,20545,6.9453,LC
4423753.82,20547,4.1951,LC
4423758.78,20548,40.3574,BG
4423793.61,20546,5.5466,LC
4423807.07,20545,5.961,LC
4423810.6,20547,4.744,LC
4423841.17,20545,4.8575,LC
4423841.25,20546,4.7223,LC
4423848.42,20548,36.7264,BG
4423867.54,20545,7.1124,LC
4423873.88,20547,4.1245,LC
4423914.46,20546,4.9397,LC
4423929.17,20547,4.8526,LC
4423929.53,20545,6.1333,LC
4423945.18,20548,47.6403,BG
4423952.76,20546,5.1416,LC
4423979.23,20547,4.4976,LC
4423994.81,20545,4.5833,LC
4424005.39,20546,4.3046,LC
4424029.16,20547,3.9066,LC
4424056.15,20545,4.5946,LC
4424056.95,20548,61.3995,BG
4424057.1,20546,5.8801,LC
4424082.69,20547,4.2522,LC
4424082.85,20545,6.3024,LC
4424105.44,20546,9.0923,LC
4424120.13,20547,6.0152,LC
4424148.42,20545,5.1169,LC
4424155.16,20546,4.6789,LC
4424161.15,20547,6.804,LC
4424174.24,20545,4.0152,LC
4424176.77,20546,6.4163,LC
4424189.87,20547,5.5519,LC
4424194.1,20545,4.0647,LC
4424194.86,20546,4.3918,LC
4424202.33,20545,7.0749,LC
4424216.21,20547,8.1696,LC
4424223.4,20546,4.0779,LC
4424261.04,20545,4.8811,LC
4424261.3,20548,128.1227,BG
4424281.73,20547,5.0018,LC
4424305.16,20546,4.6791,LC
4424306.99,20545,5.221,LC
4424341.18,20547,4.3414,LC
4424348.57,20546,6.1312,LC
4424349.72,20548,38.1127,BG
4424356.74,20545,4.2785,LC
4424365.46,20547,7.3379,LC
4424382.23,20546,4.281,LC
4424397.08,20545,4.8848,LC
4424404.51,20547,4.4003,LC
4424416.29,20546,5.2439,LC
4424428.72,20545,4.1955,LC
4424431.97,20548,31.7808,BG
4424451.33,20547,4.0652,LC
4424500.05,20546,5.282,LC
4424529.28,20548,46.8993,BG
4424549.0,20545,9.8377,LC
4424549.96,20547,6.6383,LC
4424585.79,20546,7.1263,LC
4424612.8,20548,32.1406,BG
4424614.29,20545,5.6593,LC
4424624.21,20547,6.4267,LC
4424632.21,20546,7.0358,LC
4424635.07,20545,5.8156,LC
4424667.48,20547,4.5601,LC
4424678.27,20546,3.847,LC
4424693.98,20548,30.3427,BG
4424696.44,20545,5.3706,LC
4424705.32,20547,4.9857,LC
4424712.81,20546,4.4273,LC
4424719.85,20545,4.9243,LC
4424751.73,20547,4.4754,LC
4424757.29,20546,6.3451,LC
4424759.94,20545,4.4035,LC
4424779.5,20547,4.4664,LC
4424809.82,20546,4.2371,LC
4424819.51,20545,4.4299,LC
4424832.21,20547,4.7721,LC
4424838.07,20546,4.3398,LC
4424845.24,20548,100.3985,BG
4424872.98,20545,4.112,LC
4424884.83,20547,7.3708,LC
4424911.42,20546,4.9279,LC
4424954.83,20545,5.2447,LC
4424958.91,20547,4.7119,LC
4424965.5,20548,70.2719,BG
4424995.49,20546,5.7174,LC
4425033.16,20545,6.9494,LC
4425076.24,20548,59.8131,BG
4425085.81,20547,5.1736,LC
4425149.09,20546,4.9921,LC
4425151.87,20548,26.4888,BG
4425191.17,20545,4.0534,LC
4425192.05,20547,4.3952,LC
4425226.87,20548,24.7767,BG
4425309.8,20548,32.7772,BG
4425319.26,20546,4.2886,LC
4425350.8,20545,4.3023,LC
4425383.7,20548,23.7041,BG
4425400.89,20547,4.6139,LC
4425450.95,20546,6.253,LC
4425462.51,20548,28.6582,BG
4425532.97,20545,4.8973,LC
4425538.35,20548,25.7119,BG
4425620.95,20548,32.3307,BG
4425696.2,20548,24.9926,BG
4425734.29,20547,4.7968,LC
4425788.2,20546,4.2939,LC
4425808.68,20545,3.9908,LC
4425812.96,20548,66.1249,BG
4425844.82,20547,8.6811,LC
4425869.69,20546,4.6307,LC
4425895.31,20545,4.4602,LC
4425908.4,20548,44.5558,BG
4426011.18,20547,5.5043,LC
4426040.11,20548,82.7282,BG
4426101.27,20546,4.404,LC
4426114.23,20548,23.9449,BG
4426187.33,20548,22.9774,BG
4426232.72,20545,6.0063,LC
4426265.79,20548,27.5711,BG
4426343.78,20548,27.58,BG
4426382.89,20547,4.2771,LC
4426421.61,20548,26.8616,BG
4426502.22,20548,29.8151,BG
4426551.7,20546,7.9894,LC
4426553.58,20545,7.42,LC
4426556.08,20547,5.9959,LC
4426567.48,20546,8.1523,LC
4426568.21,20545,6.0739,LC
4426571.86,20547,5.227,LC
4426578.06,20546,6.4914,LC
4426591.9,20545,5.5968,LC
4426594.98,20547,5.5404,LC
4426601.08,20548,48.333,BG
4426606.27,20546,5.5716,LC
4426619.56,20545,5.2308,LC
4426638.64,20547,5.0526,LC
4426648.81,20546,4.4444,LC
4426669.81,20545,4.7606,LC
4426682.81,20548,31.5248,BG
4426689.32,20547,4.5332,LC
4426728.81,20546,3.8334,LC
4426744.38,20545,4.1563,LC
4426748.61,20547,4.4478,LC
4426761.09,20548,27.9874,BG
4426779.65,20546,7.1231,LC
4426779.86,20545,4.7214,LC
4426818.07,20547,5.2929,LC
4426861.65,20546,5.2315,LC
4426875.8,20545,4.3604,LC
4426886.4,20548,60.7477,BG
4426896.34,20547,5.7265,LC
4426904.84,20546,4.4517,LC
4426905.13,20545,4.5333,LC
4426916.68,20547,9.8801,LC
4426918.47,20546,6.893,LC
4426948.28,20545,4.277,LC
4426977.1,20547,5.4357,LC
4426984.42,20548,47.8273,BG
4426993.63,20546,4.3562,LC
4427026.78,20545,4.5978,LC
4427048.04,20547,5.5505,LC
4427059.69,20545,4.2241,LC
4427059.84,20546,8.7982,LC
4427066.95,20547,5.8665,LC
4427081.72,20545,4.6366,LC
4427081.86,20546,6.3752,LC
4427087.94,20548,51.7067,BG
4427095.89,20547,6.2544,LC
4427112.35,20546,8.0361,LC
4427119.23,20545,4.2156,LC
4427123.76,20547,4.0087,LC
4427134.87,20546,5.578,LC
4427136.27,20545,4.8955,LC
4427143.69,20547,6.2556,LC
4427165.2,20548,27.1545,BG
4427175.47,20546,3.8514,LC
4427185.78,20545,3.9821,LC
4427190.17,20547,3.95,LC
4427213.4,20546,4.3577,LC
4427226.08,20545,4.3558,LC
4427230.39,20547,3.8463,LC
4427236.16,20546,3.9186,LC
4427247.1,20545,3.9738,LC
4427247.74,20548,32.3853,BG
4427258.18,20547,4.2281,LC
4427267.67,20546,4.2841,LC
4427287.54,20545,4.0456,LC
4427320.14,20547,4.0263,LC
4427321.96,20548,24.0354,BG
4427336.11,20546,3.985,LC
4427376.65,20545,4.3807,LC
4427398.27,20547,5.2207,LC
4427405.81,20548,33.5404,BG
4427414.11,20546,4.6676,LC
4427439.71,20545,4.4731,LC
4427457.8,20547,5.6567,LC
4427463.6,20546,5.8005,LC
4427484.26,20548,28.0911,BG
4427498.39,20545,3.9177,LC
4427500.44,20547,4.0363,LC
4427545.57,20546,6.0857,LC
4427557.31,20545,5.4604,LC
4427565.11,20548,30.6606,BG
4427581.99,20547,4.5588,LC
4427614.15,20546,4.4925,LC
4427616.86,20545,5.2202,LC
4427624.79,20547,5.0476,LC
4427645.9,20546,6.0128,LC
4427649.22,20548,32.8929,BG
4427658.46,20545,4.2304,LC
4427701.49,20547,6.1858,LC
4427707.16,20545,5.2352,LC
4427707.77,20546,8.3094,LC
4427711.83,20547,7.7613,LC
4427714.41,20545,4.1576,LC
4427734.92,20548,35.4702,BG
4427814.55,20546,5.1566,LC
4427824.99,20547,3.8452,LC
4427832.8,20545,6.3522,LC
4427836.99,20546,3.9635,LC
4427851.2,20547,3.9788,LC
4427863.36,20548,78.016,BG
4427867.09,20545,5.4574,LC
4427870.53,20546,4.3288,LC
4427916.19,20547,4.7261,LC
4427923.62,20545,4.3138,LC
4427931.52,20546,4.1974,LC
4427950.16,20547,4.2252,LC
4427951.08,20548,37.6553,BG
4427976.91,20546,5.1559,LC
4427977.1,20545,4.378,LC
4428011.07,20547,4.8239,LC
4428029.64,20545,4.2596,LC
4428041.86,20548,40.4935,BG
4428085.41,20546,4.0463,LC
4428104.17,20547,5.5856,LC
4428148.45,20548,43.1737,BG
4428152.64,20545,3.9174,LC
4428221.79,20548,23.3144,BG
4428223.75,20546,4.2857,LC
4428274.43,20547,4.4178,LC
4428286.74,20545,4.1116,LC
4428303.67,20548,31.6627,BG
4428372.78,20546,4.9373,LC
4428379.95,20548,25.658,BG
4428384.49,20547,5.21,LC
4428454.51,20548,24.3254,BG
4428532.76,20548,27.3884,BG
4428586.78,20545,7.5822,LC
4428596.2,20546,4.6369,LC
4428605.39,20547,4.4552,LC
4428612.03,20548,28.0291,BG
4428699.94,20548,37.6729,BG
4428716.51,20545,4.345,LC
4428720.25,20546,5.0345,LC
4428770.04,20547,4.434,LC
4428784.98,20548,34.7144,BG
4428794.25,20545,5.77,LC
4428795.95,20546,5.3902,LC
4428818.91,20547,4.9448,LC
4428882.55,20548,46.7549,BG
4428894.45,20545,5.3619,LC
4428906.77,20546,4.9514,LC
4428937.77,20547,5.9421,LC
4428947.38,20545,5.2879,LC
4428974.86,20548,41.2153,BG
4429029.65,20546,6.465,LC
4429054.96,20547,4.6579,LC
4429056.23,20545,4.921,LC
4429061.93,20546,4.7705,LC
4429083.6,20547,4.9223,LC
4429098.55,20548,69.698,BG
4429102.16,20545,4.6026,LC
4429118.68,20546,4.791,LC
4429152.43,20547,5.3455,LC
4429166.12,20545,4.5734,LC
4429174.72,20548,26.2722,BG
4429198.1,20546,3.9302,LC
4429207.32,20547,4.0722,LC
4429234.52,20545,6.3113,LC
4429237.07,20546,4.8694,LC
4429250.1,20547,3.8531,LC
4429256.78,20548,31.8511,BG
4429306.91,20545,4.4658,LC
4429351.59,20548,44.1598,BG
4429377.92,20546,5.257,LC
4429397.95,20547,4.1147,LC
4429409.31,20545,3.987,LC
4429416.04,20546,4.3759,LC
4429417.16,20547,4.0663,LC
4429427.79,20545,6.4317,LC
4429440.08,20547,4.9811,LC
4429442.05,20546,9.0636,LC
4429443.07,20547,4.9735,LC
4429445.02,20545,7.539,LC
4429462.6,20546,6.858,LC
4429465.38,20547,4.4965,LC
4429474.19,20545,4.4354,LC
4429486.19,20546,5.2618,LC
4429495.6,20547,6.914,LC
4429503.31,20545,5.6102,LC
4429516.95,20548,115.3993,BG
4429524.51,20546,5.8099,LC
4429528.16,20547,4.8965,LC
4429541.23,20545,5.3214,LC
4429553.19,20546,6.0616,LC
4429554.59,20547,7.955,LC
4429562.88,20545,6.0418,LC
4429593.21,20546,8.4916,LC
4429593.27,20547,7.7904,LC
4429602.54,20548,33.9058,BG
4429618.63,20545,4.8912,LC
4429642.35,20546,5.6035,LC
4429642.96,20547,4.3311,LC
4429664.32,20545,6.9541,LC
4429667.71,20546,7.6755,LC
4429669.97,20547,5.2898,LC
4429679.34,20545,4.7901,LC
4429687.18,20546,5.1827,LC
4429694.23,20547,5.3017,LC
4429711.47,20548,58.8429,BG
4429744.49,20545,4.8363,LC
4429769.87,20546,5.4319,LC
4429798.57,20547,6.7411,LC
4429805.72,20545,4.5466,LC
4429806.01,20546,6.5963,LC
4429820.34,20548,58.5685,BG
4429848.12,20545,6.0485,LC
4429850.98,20545,6.1075,LC
4429855.15,20546,12.711,LC
4429857.24,20547,11.3896,LC
4429857.29,20547,7.9681,LC
4429862.77,20545,6.4352,LC
4429906.6,20547,7.8629,LC
4429908.21,20546,8.203,LC
4429909.57,20545,4.8411,LC
4429917.58,20546,4.3725,LC
4429929.29,20548,57.7955,BG
4429967.19,20547,4.6014,LC
4429973.2,20545,4.2297,LC
4429994.1,20546,5.8181,LC
4430006.94,20547,5.3028,LC
4430028.48,20548,49.1024,BG
4430031.99,20545,4.9641,LC
4430047.4,20546,5.9678,LC
4430052.15,20547,6.9241,LC
4430063.58,20545,5.3405,LC
4430079.95,20546,4.2387,LC
4430096.52,20547,4.206,LC
4430108.35,20545,6.2924,LC
4430124.08,20548,42.0529,BG
4430174.88,20546,6.2462,LC
4430199.35,20547,5.315,LC
4430201.44,20548,26.233,BG
4430202.93,20545,5.0911,LC
4430217.53,20546,4.2689,LC
4430227.35,20547,4.5864,LC
4430275.15,20548,23.5696,BG
4430284.88,20545,4.2002,LC
4430341.16,20546,3.9231,LC
4430358.08,20547,5.3747,LC
4430360.16,20548,32.9839,BG
4430388.26,20545,5.0731,LC
4430388.35,20546,4.5348,LC
4430417.18,20545,4.35,LC
4430434.54,20547,4.3018,LC
4430442.12,20546,4.1759,LC
4430444.61,20548,35.7453,BG
4430448.15,20547,4.9611,LC
4430448.38,20545,7.8833,LC
4430452.22,20546,5.455,LC
4430466.84,20547,6.5302,LC
4430474.7,20545,4.5167,LC
4430483.74,20546,4.1396,LC
4430496.3,20547,4.1437,LC
4430499.96,20545,4.3546,LC
4430525.28,20548,29.9025,BG
4430536.19,20546,5.0629,LC
4430551.76,20547,4.7369,LC
4430560.33,20545,6.299,LC
4430582.19,20546,4.6282,LC
4430599.77,20547,4.7414,LC
4430621.89,20548,39.3525,BG
4430631.08,20545,4.187,LC
4430646.57,20546,4.3053,LC
4430663.97,20547,5.2391,LC
4430666.57,20545,4.9789,LC
4430673.62,20546,4.883,LC
4430683.27,20547,4.8437,LC
4430691.51,20545,4.9435,LC
4430705.11,20548,31.0177,BG
4430716.21,20546,4.4218,LC
4430720.4,20547,4.1775,LC
4430763.57,20545,8.9526,LC
4430795.34,20548,40.0668,BG
4430913.17,20546,5.8942,LC
4430914.47,20548,68.6398,BG
4430920.12,20547,4.2013,LC
4430923.31,20545,4.7357,LC
4430935.57,20546,4.8459,LC
4431002.63,20547,4.5001,LC
4431015.55,20548,50.2899,BG
4431117.79,20545,4.931,LC
4431121.49,20546,5.8933,LC
4431150.25,20548,84.8007,BG
4431223.12,20547,4.2764,LC
4431225.11,20545,6.6018,LC
4431231.14,20546,4.4288,LC
4431255.23,20548,55.0103,BG
4431307.43,20547,8.742,LC
4431336.05,20545,4.2755,LC
4431336.24,20548,30.6227,BG
4431337.29,20546,4.8563,LC
4431391.58,20547,4.7496,LC
4431403.69,20545,5.1275,LC
4431418.64,20548,32.2324,BG
4431448.69,20546,4.6769,LC
4431476.74,20547,5.1596,LC
4431494.88,20545,6.2741,LC
4431495.11,20546,4.8847,LC
4431508.85,20548,39.3622,BG
4431515.87,20547,4.0955,LC
4431520.63,20545,4.4235,LC
4431525.77,20547,4.0966,LC
4431575.87,20546,4.8523,LC
4431584.44,20548,25.1656,BG
4431599.21,20545,4.443,LC
4431622.65,20547,4.1888,LC
4431626.74,20546,5.2796,LC
4431659.53,20548,24.8914,BG
4431675.63,20545,6.0308,LC
4431693.52,20547,7.5023,LC
4431694.27,20546,5.5601,LC
4431703.68,20545,3.9192,LC
4431735.45,20548,25.5063,BG
4431738.25,20547,4.3912,LC
4431743.18,20546,4.0963,LC
4431758.12,20545,5.0947,LC
4431776.17,20547,5.3441,LC
4431776.63,20546,4.19,LC
4431789.17,20545,7.3616,LC
4431808.36,20547,4.1023,LC
4431810.6,20548,24.2905,BG
4431834.32,20546,5.5564,LC
4431861.37,20547,7.1069,LC
4431863.51,20545,8.7118,LC
4431913.03,20546,5.8335,LC
4431913.47,20548,49.4259,BG
4431944.37,20545,9.8064,LC
4431977.38,20547,6.9151,LC
4431991.36,20546,6.0199,LC
4431997.48,20545,7.4704,LC
4432010.23,20548,48.6267,BG
4432023.47,20547,4.3966,LC
4432035.09,20546,3.9614,LC
4432080.22,20545,4.8772,LC
4432099.95,20547,5.3416,LC
4432129.74,20546,5.1778,LC
4432147.21,20545,4.8475,LC
4432151.64,20548,92.1644,BG
4432161.42,20547,4.4729,LC
4432182.07,20546,4.3128,LC
4432206.36,20545,6.4529,LC
4432220.96,20545,4.9296,LC
4432221.47,20547,6.6789,LC
4432221.59,20546,5.4648,LC
4432225.72,20547,3.9698,LC
4432240.62,20548,37.4193,BG
4432245.65,20545,4.0066,LC
4432250.0,20546,3.9831,LC
4432260.44,20547,3.9271,LC
4432277.45,20545,4.5472,LC
4432282.65,20546,4.3649,LC
4432289.99,20547,4.7624,LC
4432304.72,20545,5.2843,LC
4432312.28,20546,4.011,LC
4432320.54,20548,29.8216,BG
4432355.12,20547,4.6411,LC
4432367.66,20545,4.6221,LC
4432397.68,20548,26.1969,BG
4432409.99,20546,5.0758,LC
4432446.97,20547,5.9576,LC
4432476.34,20548,27.0953,BG
4432500.68,20545,4.1584,LC
4432520.15,20546,4.2175,LC
4432528.86,20547,6.291,LC
4432532.34,20545,5.4195,LC
4432547.99,20546,6.2281,LC
4432555.41,20548,27.8145,BG
4432594.1,20547,6.3951,LC
4432611.58,20545,5.9982,LC
4432611.66,20546,5.528,LC
4432615.54,20547,4.5304,LC
4432622.65,20545,6.0681,LC
4432632.05,20546,4.114,LC
4432643.78,20545,4.3088,LC
4432644.08,20547,6.4928,LC
4432648.29,20546,4.0251,LC
4432651.49,20548,45.3527,BG
4432681.55,20545,4.0822,LC
4432684.65,20547,5.061,LC
4432685.16,20546,4.1933,LC
4432712.81,20545,4.4621,LC
4432738.55,20547,5.592,LC
4432745.29,20548,43.3687,BG
4432747.26,20546,4.1654,LC
4432752.57,20545,4.2395,LC
4432763.1,20547,6.0121,LC
4432782.01,20546,3.9772,LC
4432801.21,20545,6.0788,LC
4432822.91,20545,4.5051,LC
4432823.69,20547,6.0329,LC
4432825.73,20546,7.0704,LC
4432836.2,20548,37.1533,BG
4432847.35,20547,9.3908,LC
4432848.56,20545,4.2584,LC
4432915.46,20548,28.574,BG
4432963.86,20546,4.4041,LC
4432982.2,20547,8.299,LC
4432994.61,20545,5.6143,LC
4432997.62,20546,4.2545,LC
4433013.08,20547,4.9203,LC
4433015.5,20545,4.1256,LC
4433031.17,20548,65.276,BG
4433091.74,20546,3.9884,LC
4433122.68,20548,41.2709,BG
4433137.95,20547,5.7044,LC
4433142.42,20545,6.1425,LC
4433176.33,20546,4.0153,LC
4433196.41,20547,6.9805,LC
4433205.9,20548,29.3607,BG
4433208.19,20545,5.8067,LC
4433219.28,20546,4.6098,LC
4433225.43,20547,4.0161,LC
4433243.84,20545,6.1515,LC
4433256.84,20546,5.7697,LC
4433256.93,20547,4.9237,LC
4433281.65,20548,24.4678,BG
4433299.62,20545,4.667,LC
4433304.55,20547,4.1972,LC
4433308.48,20546,3.8196,LC
4433331.07,20547,5.0028,LC
4433331.13,20545,6.9611,LC
4433331.55,20546,8.0373,LC
4433336.44,20545,7.9069,LC
4433340.7,20547,3.8921,LC
4433341.08,20546,4.0555,LC
4433361.9,20545,6.5221,LC
4433363.06,20548,31.2458,BG
4433384.35,20547,3.99,LC
4433391.23,20546,8.1935,LC
4433391.66,20547,3.9812,LC
4433391.75,20545,10.6762,LC
4433401.2,20545,4.0749,LC
4433420.22,20546,4.2509,LC
4433436.27,20547,5.0065,LC
4433449.88,20548,31.4778,BG
4433467.78,20545,6.623,LC
4433501.98,20546,6.0533,LC
4433515.92,20547,5.2187,LC
4433532.46,20548,31.0721,BG
4433552.26,20545,3.9807,LC
4433557.82,20546,4.3046,LC
4433561.92,20547,4.6583,LC
4433604.97,20545,4.6142,LC
4433610.64,20548,28.4552,BG
4433655.44,20546,4.118,LC
4433666.38,20547,5.8716,LC
4433691.11,20548,28.8995,BG
4433697.14,20545,4.5355,LC
4433769.99,20548,28.5549,BG
4433807.34,20546,4.352,LC
4433833.86,20547,4.3332,LC
4433849.58,20548,29.1484,BG
4433905.15,20545,4.0266,LC
4433951.24,20548,47.0225,BG
4433968.95,20546,4.0846,LC
4434037.81,20548,37.0978,BG
4434069.07,20547,4.0145,LC
4434086.08,20545,4.6567,LC
4434093.3,20546,4.201,LC
4434117.12,20547,5.4158,LC
4434126.27,20548,38.3617,BG
4434204.41,20545,4.2776,LC
4434210.94,20548,33.9001,BG
4434248.29,20546,4.318,LC
4434290.55,20548,28.6456,BG
4434406.36,20547,8.3206,LC
4434442.6,20548,102.0461,BG
4434528.57,20545,4.9683,LC
4434533.59,20546,4.5031,LC
4434537.27,20548,45.1776,BG
4434583.44,20547,4.034,LC
4434595.91,20545,4.1749,LC
4434617.12,20548,29.4704,BG
4434661.98,20546,6.4564,LC
4434691.82,20548,24.5739,BG
4434755.09,20547,4.6456,LC
4434760.13,20545,5.9186,LC
4434769.69,20548,27.7473,BG
4434784.45,20546,4.3432,LC
4434821.78,20547,4.8798,LC
4434848.97,20548,29.0271,BG
4434881.35,20545,5.4162,LC
4434919.09,20546,6.6922,LC
4434923.18,20547,5.8423,LC
4434975.24,20546,3.9995,LC
4434977.63,20545,4.6873,LC
4434991.3,20548,92.156,BG
4435031.88,20546,5.2437,LC
4435091.27,20548,49.7946,BG
4435098.13,20547,4.887,LC
4435153.17,20545,6.3564,LC
4435169.48,20546,4.1693,LC
4435196.4,20548,53.7009,BG
4435269.44,20548,23.2096,BG
4435309.17,20547,6.6285,LC
4435346.2,20548,26.5237,BG
4435406.51,20545,4.2223,LC
4435428.58,20546,5.4233,LC
4435437.16,20548,40.8954,BG
4435514.21,20548,26.9054,BG
4435540.49,20547,4.5955,LC
4435602.23,20548,36.9476,BG
4435610.47,20545,6.1608,LC
4435637.26,20546,4.4116,LC
4435664.23,20547,4.3917,LC
4435684.03,20545,4.5725,LC
4435691.43,20548,38.075,BG
4435713.56,20546,4.5663,LC
4435724.52,20547,4.4774,LC
4435764.65,20545,6.675,LC
4435767.64,20548,26.0456,BG
4435788.27,20546,4.0933,LC
4435813.45,20547,4.5033,LC
4435847.91,20548,30.0577,BG
4435923.11,20545,4.0845,LC
4435961.4,20548,62.584,BG
4435980.52,20546,3.9599,LC
4436001.07,20547,8.2013,LC
4436001.84,20545,5.4558,LC
4436013.14,20546,4.1911,LC
4436038.87,20548,24.7103,BG
4436096.15,20547,4.8823,LC
4436133.47,20548,41.2341,BG
4436190.56,20545,8.3059,LC
4436195.28,20546,6.8567,LC
4436205.08,20547,4.087,LC
4436217.08,20545,4.1358,LC
4436220.02,20548,30.6072,BG
4436220.14,20546,6.2812,LC
4436237.95,20547,5.4875,LC
4436292.41,20545,4.1421,LC
4436295.36,20548,25.0693,BG
4436307.81,20546,4.0123,LC
4436322.58,20547,4.1417,LC
4436375.35,20548,29.6494,BG
4436415.39,20545,4.1317,LC
4436451.37,20548,25.7674,BG
4436506.04,20546,6.345,LC
4436528.32,20548,26.0542,BG
4436597.55,20547,5.0781,LC
4436603.83,20548,25.323,BG
4436631.16,20546,7.6314,LC
4436631.26,20545,10.4062,LC
4436678.91,20548,24.7248,BG
4436687.99,20547,5.7959,LC
4436718.51,20546,4.0927,LC
4436752.7,20548,23.4694,BG
4436770.95,20545,4.5526,LC
4436799.1,20547,4.247,LC
4436829.77,20548,26.7976,BG
4436843.68,20546,4.8844,LC
4436866.75,20545,4.3035,LC
4436871.73,20547,4.1524,LC
4436880.05,20546,5.8979,LC
4436880.3,20545,5.7259,LC
4436899.25,20547,6.6355,LC
4436915.19,20548,34.4185,BG
4437012.84,20548,46.2436,BG
4437097.65,20545,5.0988,LC
4437162.59,20548,95.416,BG
4437170.09,20546,5.472,LC
4437194.48,20547,4.002,LC
4437201.79,20545,3.784,LC
4437248.55,20548,33.6275,BG
4437304.58,20546,6.1454,LC
4437326.28,20548,25.6448,BG
4437372.65,20547,4.1473,LC
4437399.96,20548,23.6202,BG
4437440.35,20545,4.165,LC
4437479.39,20548,28.8298,BG
4437563.27,20546,4.2413,LC
4437567.83,20548,37.8245,BG
4437605.91,20547,3.9307,LC
4437732.8,20548,104.4102,BG
4437736.83,20545,4.1685,LC
4437739.73,20546,5.5488,LC
4437827.85,20547,5.1097,LC
4437850.13,20548,65.2506,BG
4437880.51,20545,5.157,LC
4437916.32,20546,3.9157,LC
4437926.28,20547,7.9493,LC
4437927.02,20545,5.7787,LC
4437971.04,20546,4.0109,LC
4437974.38,20548,73.9144,BG
4438004.95,20547,4.2749,LC
4438036.59,20545,4.0508,LC
4438063.11,20546,3.9906,LC
4438066.97,20548,42.5062,BG
4438076.24,20547,4.5578,LC
4438163.95,20548,46.6742,BG
4438221.47,20545,3.9257,LC
4438244.5,20548,30.53,BG
4438248.54,20546,3.941,LC
4438331.11,20548,35.7449,BG
4438342.14,20547,4.4777,LC
4438358.7,20545,4.3006,LC
4438411.84,20548,30.6314,BG
4438492.57,20548,28.9777,BG
4438588.28,20546,6.5263,LC
4438591.59,20548,47.1594,BG
4438669.13,20547,4.4616,LC
4438681.91,20548,39.752,BG
4438729.58,20545,10.4588,LC
4438770.65,20548,38.9153,BG
4438819.06,20546,5.2835,LC
4438858.67,20548,37.4218,BG
4438880.96,20547,4.4966,LC
4438936.65,20545,4.7913,LC
4438953.15,20548,41.3469,BG
4439026.82,20546,6.3083,LC
4439044.27,20547,5.1612,LC
4439060.56,20545,4.6592,LC
4439089.23,20548,86.4305,BG
4439128.41,20546,5.3504,LC
4439144.87,20547,5.4139,LC
4439164.29,20545,5.0154,LC
4439166.8,20546,4.3961,LC
4439193.32,20548,53.1507,BG
4439259.76,20547,5.065,LC
4439262.29,20545,4.9892,LC
4439275.47,20548,32.0031,BG
4439328.14,20546,3.9249,LC
4439329.55,20547,6.112,LC
4439330.88,20545,6.6435,LC
4439350.99,20548,25.3732,BG
4439357.99,20546,4.356,LC
4439426.17,20548,25.0111,BG
4439518.81,20548,37.9366,BG
4439575.56,20547,5.0689,LC
4439582.78,20545,9.4118,LC
4439605.07,20546,6.4902,LC
4439619.79,20548,50.9083,BG
4439660.53,20547,5.2121,LC
4439698.23,20548,28.0257,BG
4439760.19,20545,4.1052,LC
4439775.32,20548,26.9343,BG
4439789.02,20546,4.2813,LC
4439848.96,20547,4.1821,LC
4439856.19,20548,27.8793,BG
4439858.06,20545,4.717,LC
4439878.24,20546,4.2843,LC
4439920.94,20547,5.9032,LC
4439931.75,20548,28.0449,BG
4439951.15,20545,5.1275,LC
4439962.69,20546,4.0991,LC
4440005.31,20547,4.1396,LC
4440011.64,20545,5.1815,LC
4440026.36,20546,6.4055,LC
4440033.14,20547,6.4505,LC
4440052.78,20548,55.3549,BG
4440081.19,20546,6.0167,LC
4440084.18,20545,4.3166,LC
4440098.76,20547,4.8663,LC
4440114.97,20545,7.1551,LC
4440115.71,20546,10.2385,LC
4440132.19,20547,6.0383,LC
4440163.34,20546,5.4765,LC
4440165.69,20545,6.1801,LC
4440166.94,20548,64.063,BG
4440179.84,20547,9.4428,LC
4440180.83,20546,7.4339,LC
4440193.45,20545,5.7002,LC
4440203.64,20547,4.4605,LC
4440219.16,20546,5.4584,LC
4440231.5,20545,4.1981,LC
4440252.62,20547,5.1568,LC
4440260.51,20548,40.8849,BG
4440308.13,20546,5.1367,LC
4440308.87,20545,3.8034,LC
4440330.06,20547,6.3911,LC
4440332.69,20546,4.3499,LC
4440346.75,20548,36.069,BG
4440367.57,20545,3.8962,LC
4440393.8,20547,4.3703,LC
4440402.79,20546,3.9683,LC
4440424.33,20548,27.1215,BG
4440464.22,20545,4.0853,LC
4440482.25,20547,6.0956,LC
4440482.38,20546,6.0799,LC
4440496.74,20545,4.9675,LC
4440514.58,20546,4.9598,LC
4440517.66,20548,43.441,BG
4440536.7,20547,4.0019,LC
4440545.12,20545,4.398,LC
4440560.3,20546,3.921,LC
4440578.61,20547,7.3776,LC
4440582.34,20545,9.2413,LC
4440583.72,20546,5.1646,LC
4440589.64,20547,4.0527,LC
4440612.86,20548,45.0477,BG
4440618.63,20545,5.1964,LC
4440626.74,20546,9.6761,LC
4440626.97,20547,7.7195,LC
4440679.64,20545,4.29,LC
4440696.32,20548,33.2754,BG
4440744.2,20546,4.2384,LC
4440776.4,20548,29.6539,BG
4440806.82,20547,9.4434,LC
4440809.95,20545,10.838,LC
4440819.35,20546,11.2027,LC
4440819.56,20545,9.5368,LC
4440834.45,20547,4.3108,LC
4440840.19,20546,4.1906,LC
4440845.9,20545,5.097,LC
4440858.3,20548,31.1773,BG
4440860.49,20547,5.2934,LC
4440866.31,20546,4.3111,LC
4440871.33,20545,4.1419,LC
4440887.91,20547,4.5198,LC
4440901.19,20546,4.161,LC
4440921.56,20545,4.2998,LC
4440937.98,20547,4.1779,LC
4440949.22,20548,39.0294,BG
4440988.8,20546,5.8755,LC
4441014.23,20545,5.0311,LC
4441018.52,20547,6.4719,LC
4441034.07,20546,4.0329,LC
4441060.8,20548,60.1453,BG
4441061.7,20545,4.9245,LC
4441074.25,20547,4.0318,LC
4441077.41,20546,6.6082,LC
4441090.97,20547,4.1118,LC
4441107.83,20545,4.1656,LC
4441115.23,20546,6.2372,LC
4441123.33,20547,4.1996,LC
4441149.8,20545,4.2784,LC
4441156.09,20548,41.0977,BG
4441163.59,20546,5.8394,LC
4441167.26,20547,4.5749,LC
4441218.17,20546,4.2215,LC
4441225.65,20545,4.5307,LC
4441235.1,20547,3.8702,LC
4441248.66,20548,40.9104,BG
4441255.76,20546,4.4389,LC
4441262.9,20545,8.126,LC
4441267.46,20547,4.4004,LC
4441278.95,20546,5.3175,LC
4441284.07,20545,4.1785,LC
4441284.6,20546,4.4102,LC
4441308.79,20547,6.6769,LC
4441311.62,20545,4.97,LC
4441330.36,20546,4.1918,LC
4441330.61,20547,4.2044,LC
4441339.66,20548,41.0989,BG
4441344.48,20545,4.0834,LC
4441380.62,20546,4.1875,LC
4441385.51,20547,6.2602,LC
4441388.79,20545,4.5634,LC
4441418.56,20548,28.6935,BG
4441426.13,20546,4.7389,LC
4441480.63,20547,4.1514,LC
4441485.92,20545,4.3068,LC
4441496.54,20547,4.1064,LC
4441499.85,20545,6.3554,LC
4441500.05,20546,9.7609,LC
4441527.95,20548,58.6592,BG
4441544.88,20547,5.3091,LC
4441561.62,20546,6.7758,LC
4441564.84,20545,4.6254,LC
4441596.1,20547,6.9141,LC
4441599.52,20546,5.7669,LC
4441612.07,20545,5.7507,LC
4441616.59,20547,5.1477,LC
4441627.82,20548,49.7899,BG
4441627.96,20546,4.3111,LC
4441629.08,20545,5.382,LC
4441638.14,20547,5.1082,LC
4441679.78,20546,5.1949,LC
4441689.49,20545,5.894,LC
4441714.31,20546,4.3758,LC
4441717.37,20547,4.2688,LC
4441725.88,20547,5.191,LC
4441730.98,20548,52.7121,BG
4441737.72,20545,6.306,LC
4441739.32,20546,5.4275,LC
4441746.33,20547,7.0332,LC
4441782.61,20545,7.1968,LC
4441795.05,20546,5.7447,LC
4441795.12,20547,4.5708,LC
4441812.93,20545,4.2033,LC
4441815.08,20548,33.8582,BG
4441851.9,20546,5.0649,LC
4441858.19,20547,4.994,LC
4441894.54,20548,29.1935,BG
4441899.44,20545,4.1342,LC
4441899.9,20546,4.9916,LC
4441908.77,20547,5.1484,LC
4441930.4,20545,4.1164,LC
4441993.73,20548,48.7334,BG
4442083.3,20546,5.4402,LC
4442135.27,20548,91.085,BG
4442164.58,20547,4.4197,LC
4442174.92,20545,4.9491,LC
4442208.84,20546,4.9612,LC
4442261.44,20548,68.9103,BG
4442261.54,20547,6.0555,LC
4442287.64,20545,5.3756,LC
4442333.14,20548,27.691,BG
4442429.71,20548,46.3017,BG
4442453.1,20546,7.5617,LC
4442461.85,20547,6.3062,LC
4442479.25,20545,4.6463,LC
4442518.12,20548,37.9766,BG
4442550.16,20546,4.5147,LC
4442599.86,20548,31.3272,BG
4442639.15,20547,7.1698,LC
4442667.12,20545,4.1478,LC
4442686.07,20548,36.0468,BG
4442704.54,20546,4.8564,LC
4442724.25,20547,4.6682,LC
4442753.65,20545,9.4565,LC
4442754.4,20546,7.0464,LC
4442782.68,20548,45.6815,BG
4442862.35,20548,30.2191,BG
4442894.51,20547,4.4857,LC
4442942.53,20548,29.9433,BG
4443019.34,20548,26.5842,BG
4443037.14,20545,6.0288,LC
4443041.31,20546,7.2029,LC
4443104.79,20548,35.4103,BG
4443192.56,20548,36.7112,BG
4443235.57,20547,6.0124,LC
4443250.88,20545,4.3972,LC
4443291.27,20548,48.3858,BG
4443339.16,20546,5.4704,LC
4443364.06,20548,22.729,BG
4443364.72,20547,4.2239,LC
4443413.2,20545,4.4286,LC
4443454.54,20548,38.8502,BG
4443486.76,20546,4.1732,LC
4443526.11,20547,6.14,LC
4443535.75,20548,31.4914,BG
4443570.55,20545,4.3366,LC
4443590.07,20546,5.754,LC
4443597.63,20547,4.2427,LC
4443611.41,20548,25.1155,BG
4443635.09,20545,4.0279,LC
4443654.44,20546,4.7549,LC
4443662.25,20547,4.4557,LC
4443686.44,20548,24.3265,BG
4443699.97,20545,4.2294,LC
4443754.25,20546,4.6182,LC
4443764.19,20548,27.936,BG
4443839.28,20547,4.391,LC
4443842.78,20548,28.3757,BG
4443911.34,20545,5.0166,LC
4443920.6,20548,26.9281,BG
4443934.6,20546,7.7684,LC
4443935.92,20547,7.1098,LC
4443995.76,20548,25.2318,BG
4444011.42,20545,6.2073,LC
4444050.31,20546,5.6725,LC
4444096.25,20547,6.9225,LC
4444100.15,20545,5.4842,LC
4444116.24,20548,69.7399,BG
4444199.88,20546,4.0705,LC
4444229.99,20548,63.7383,BG
4444237.36,20547,4.625,LC
4444325.62,20548,27.1672,BG
4444389.44,20545,4.033,LC
4444401.81,20548,26.0681,BG
4444438.7,20546,4.3135,LC
4444462.29,20547,3.9971,LC
4444478.37,20548,26.3473,BG
4444549.4,20545,7.0596,LC
4444561.47,20548,32.4038,BG
4444598.38,20546,4.1591,LC
4444623.63,20547,5.6892,LC
4444626.33,20545,5.6448,LC
4444642.37,20548,30.7664,BG
4444683.19,20546,4.4027,LC
4444712.46,20547,4.7454,LC
4444717.91,20548,25.4661,BG
4444751.55,20545,4.1624,LC
4444793.63,20546,5.2924,LC
4444795.27,20548,27.2335,BG
4444873.37,20548,27.1672,BG
4444885.65,20547,4.0688,LC
4444948.98,20548,25.9655,BG
4444950.48,20545,4.4327,LC
4445015.36,20546,4.6709,LC
4445029.78,20548,29.4591,BG
4445041.25,20547,6.8783,LC
4445063.99,20545,7.0535,LC
4445125.42,20548,45.1964,BG
4445133.0,20546,4.5589,LC
4445192.85,20547,4.5195,LC
4445221.66,20545,4.1563,LC
4445244.75,20546,6.2809,LC
4445265.38,20548,86.6006,BG
4445268.19,20547,4.7803,LC
4445282.93,20545,4.9203,LC
4445341.44,20546,4.274,LC
4445353.56,20548,40.2758,BG
4445408.38,20547,6.781,LC
4445423.61,20545,3.9684,LC
4445431.32,20548,27.2194,BG
4445491.16,20546,6.4099,LC
4445491.51,20547,4.3257,LC
4445509.59,20548,26.3364,BG
4445514.82,20546,4.2281,LC
4445568.78,20545,10.6579,LC
4445574.08,20547,6.6286,LC
4445578.2,20546,5.6884,LC
4445579.87,20545,4.6024,LC
4445596.58,20547,4.2282,LC
4445618.71,20548,58.1329,BG
4445664.64,20546,4.4863,LC
4445699.16,20548,30.4711,BG
4445701.16,20545,8.7325,LC
4445701.69,20547,6.7797,LC
4445711.72,20546,8.8267,LC
4445712.84,20545,6.4245,LC
4445714.48,20547,4.9355,LC
4445719.02,20546,4.4556,LC
4445727.49,20545,5.1212,LC
4445730.14,20547,3.927,LC
4445741.44,20546,4.4407,LC
4445775.37,20548,25.9089,BG
4445779.58,20545,4.6124,LC
4445786.79,20547,5.8598,LC
4445820.19,20546,5.2504,LC
4445823.54,20545,4.5805,LC
4445829.07,20547,4.7263,LC
4445848.95,20546,4.5529,LC
4445856.16,20545,4.1027,LC
4445859.06,20548,32.9496,BG
4445863.07,20547,4.3839,LC
4445892.53,20546,6.1592,LC
4445916.5,20545,5.0176,LC
4445936.55,20547,5.0096,LC
4445937.76,20548,28.2344,BG
4445956.38,20546,5.5539,LC
4445960.27,20545,5.5223,LC
4445965.32,20547,3.9746,LC
4446015.99,20548,27.9734,BG
4446065.77,20546,6.2968,LC
4446075.35,20545,5.9714,LC
4446076.03,20547,5.8345,LC
4446097.19,20546,5.1954,LC
4446127.8,20545,4.2988,LC
4446162.23,20547,5.4184,LC
4446164.56,20546,4.0018,LC
4446177.75,20547,5.9047,LC
4446180.32,20545,4.4527,LC
4446196.08,20547,8.2275,LC
4446200.0,20546,4.42,LC
4446204.66,20547,6.1447,LC
4446235.63,20546,4.2581,LC
4446236.58,20548,159.5714,BG
4446278.39,20545,4.344,LC
4446288.57,20547,4.742,LC
4446291.18,20546,5.743,LC
4446297.47,20545,4.8117,LC
4446319.1,20547,5.9991,LC
4446332.4,20546,4.65,LC
4446342.83,20545,4.8863,LC
4446355.24,20547,4.0426,LC
4446361.35,20548,69.1609,BG
4446365.18,20546,7.4645,LC
4446365.25,20545,6.5417,LC
4446368.27,20547,4.2735,LC
4446382.25,20546,5.8096,LC
4446382.39,20545,5.9903,LC
4446415.03,20547,7.6675,LC
4446434.52,20546,6.9912,LC
4446460.61,20548,47.4643,BG
4446465.03,20545,4.2032,LC
4446519.13,20547,11.2242,LC
4446523.19,20546,7.3833,LC
4446526.78,20547,5.5401,LC
4446530.81,20546,4.1015,LC
4446548.24,20545,5.494,LC
4446564.01,20547,4.0696,LC
4446579.02,20546,4.5588,LC
4446580.69,20545,4.8048,LC
4446586.08,20547,4.3698,LC
4446589.44,20548,77.7138,BG
4446598.91,20546,4.8855,LC
4446680.06,20548,40.9036,BG
4446769.79,20548,39.4484,BG
4446864.37,20548,43.8844,BG
4446953.81,20548,38.7374,BG
4447004.8,20545,14.7804,LC
4447038.75,20547,5.3395,LC
4447057.77,20548,53.3401,BG
4447117.38,20546,4.2186,LC
4447144.84,20548,36.4668,BG
4447160.75,20547,6.9471,LC
4447160.8,20545,9.1773,LC
4447225.57,20548,30.6339,BG
4447255.42,20546,4.5206,LC
4447294.54,20545,5.1217,LC
4447331.41,20548,54.1992,BG
4447406.47,20548,26.0512,BG
4447480.44,20547,8.0741,LC
4447496.41,20548,39.7706,BG
4447554.27,20545,11.2404,LC
4447554.46,20546,12.8954,LC
4447579.06,20548,31.9873,BG
4447596.1,20547,4.7602,LC
4447604.31,20546,4.6161,LC
4447656.62,20548,26.9458,BG
4447670.02,20545,4.7246,LC
4447696.55,20547,4.2927,LC
4447734.43,20548,27.7791,BG
4447774.86,20546,5.5333,LC
4447784.82,20545,7.9775,LC
4447785.61,20547,7.3075,LC
4447814.42,20548,29.1713,BG
4447826.95,20546,5.4969,LC
4447879.91,20545,4.1901,LC
4447890.32,20548,25.0067,BG
4447896.15,20547,5.3583,LC
4447897.66,20546,4.1326,LC
4447928.1,20545,6.0281,LC
4447970.39,20548,29.1244,BG
4448028.35,20547,9.6563,LC
4448054.17,20548,33.2297,BG
4448078.29,20546,5.816,LC
4448146.67,20548,31.3305,BG
4448176.39,20545,4.7085,LC
4448246.78,20547,4.5467,LC
4448254.05,20546,6.507,LC
4448276.47,20548,80.3395,BG
4448350.78,20545,4.3852,LC
4448369.98,20548,43.0426,BG
4448411.01,20547,5.0419,LC
4448446.87,20548,26.7355,BG
4448453.76,20546,4.059,LC
4448523.31,20548,26.4522,BG
4448557.49,20545,9.2489,LC
4448614.63,20547,4.7953,LC
4448624.39,20546,4.5241,LC
4448628.87,20545,6.3624,LC
4448631.08,20548,56.5759,BG
4448706.67,20548,25.5693,BG
4448726.56,20547,5.8386,LC
4448739.14,20546,4.2506,LC
4448785.79,20548,28.8413,BG
4448824.22,20545,4.3781,LC
4448841.49,20547,5.5422,LC
4448870.8,20548,34.778,BG
4448948.64,20546,4.8382,LC
4448953.84,20548,32.6391,BG
4448996.9,20545,4.6298,LC
4449005.64,20547,5.7082,LC
4449009.05,20546,5.9347,LC
4449024.37,20545,5.4437,LC
4449025.26,20547,4.8449,LC
4449030.39,20546,4.3559,LC
4449046.14,20548,38.6875,BG
4449070.96,20547,4.3424,LC
4449109.84,20545,4.9403,LC
4449120.51,20546,4.1433,LC
4449129.49,20547,4.7341,LC
4449176.23,20545,6.9688,LC
4449203.38,20548,105.218,BG
4449215.04,20546,4.9075,LC
4449282.49,20547,4.5724,LC
4449344.61,20548,87.7204,BG
4449378.53,20545,3.9425,LC
4449415.87,20546,4.0491,LC
4449417.02,20548,25.6286,BG
4449434.94,20547,4.0323,LC
4449490.39,20548,23.066,BG
4449564.1,20545,4.2472,LC
4449564.61,20546,4.1696,LC
4449574.15,20547,4.3283,LC
4449575.43,20548,34.2667,BG
4449630.3,20545,4.8027,LC
4449635.69,20546,4.7239,LC
4449655.96,20548,27.6826,BG
4449704.62,20547,6.3826,LC
4449714.14,20545,4.7288,LC
4449715.11,20546,4.6795,LC
4449752.9,20548,47.0357,BG
4449761.52,20547,4.7258,LC
4449786.42,20545,5.2477,LC
4449831.08,20546,4.8875,LC
4449831.27,20547,4.4259,LC
4449841.39,20545,6.5235,LC
4449847.3,20548,43.7987,BG
4449875.07,20546,4.895,LC
4449917.69,20547,8.3979,LC
4449919.11,20545,8.336,LC
4449939.24,20548,41.5757,BG
4450013.81,20546,7.0951,LC
4450018.21,20547,3.9871,LC
4450021.52,20548,32.3559,BG
4450048.73,20545,4.5471,LC
4450079.18,20546,5.1117,LC
4450111.41,20547,6.0526,LC
4450121.48,20545,6.3115,LC
4450126.25,20548,54.6667,BG
4450165.18,20546,4.0724,LC
4450208.84,20547,5.5178,LC
4450229.12,20545,4.7936,LC
4450250.31,20548,73.7968,BG
4450285.13,20546,4.4491,LC
4450291.27,20547,5.8164,LC
4450296.39,20546,5.7837,LC
4450316.95,20545,10.5719,LC
4450317.15,20547,9.5011,LC
4450318.62,20546,4.728,LC
4450346.42,20545,5.3043,LC
4450376.45,20548,75.9391,BG
4450397.97,20547,6.0839,LC
4450434.13,20546,4.2528,LC
4450443.39,20545,7.0096,LC
4450457.55,20546,4.3934,LC
4450464.12,20547,4.6797,LC
4450470.37,20546,6.2533,LC
4450494.17,20545,5.0519,LC
4450506.94,20547,5.2846,LC
4450507.02,20546,4.0866,LC
4450514.09,20545,5.0214,LC
4450514.43,20546,4.1409,LC
4450517.67,20548,91.1642,BG
4450541.1,20547,4.7308,LC
4450552.7,20545,4.0044,LC
4450558.55,20546,4.6369,LC
4450560.41,20547,4.8387,LC
4450587.71,20545,3.9022,LC
4450606.15,20548,38.2877,BG
4450619.16,20546,6.0122,LC
4450619.5,20547,6.2965,LC
4450654.61,20546,6.6692,LC
4450655.09,20545,9.0437,LC
4450668.53,20547,4.1675,LC
4450689.15,20548,31.9639,BG
4450704.86,20546,4.428,LC
4450709.37,20545,4.2296,LC
4450722.38,20547,4.1493,LC
4450762.81,20546,6.2758,LC
4450774.73,20548,34.4558,BG
4450788.09,20545,8.3344,LC
4450788.18,20547,6.0457,LC
4450796.14,20546,4.0589,LC
4450820.52,20545,7.9929,LC
4450826.6,20547,4.2882,LC
4450837.09,20546,3.8601,LC
4450851.0,20545,3.926,LC
4450860.36,20548,34.1942,BG
4450884.81,20547,4.4201,LC
4450885.3,20546,4.3014,LC
4450894.07,20545,4.7109,LC
4450903.54,20547,3.9906,LC
4450914.47,20546,3.9139,LC
4450916.15,20545,5.9224,LC
4450916.21,20547,4.2273,LC
4450919.07,20546,4.3127,LC
4450943.71,20545,4.0997,LC
4450948.53,20547,4.1015,LC
4450953.12,20548,37.8655,BG
4450953.87,20546,4.4163,LC
4450967.17,20545,4.0645,LC
4450987.77,20547,6.7326,LC
4451007.71,20546,6.5444,LC
4451031.45,20548,25.7423,BG
4451105.55,20545,4.3042,LC
4451114.14,20546,4.0549,LC
4451114.78,20547,3.9859,LC
4451190.93,20545,5.0848,LC
4451193.07,20547,4.117,LC
4451198.06,20546,4.5862,LC
4451220.31,20548,140.2191,BG
4451253.95,20545,4.1109,LC
4451263.3,20547,4.0451,LC
4451275.03,20546,4.434,LC
4451288.64,20545,4.2865,LC
4451330.12,20547,3.8848,LC
4451331.61,20546,4.7916,LC
4451340.12,20547,4.1753,LC
4451340.83,20545,8.4023,LC
4451342.14,20546,7.4689,LC
4451344.79,20548,67.4466,BG
4451395.9,20547,4.7531,LC
4451422.32,20548,26.7088,BG
4451483.04,20546,4.6403,LC
4451483.1,20545,6.1713,LC
4451492.07,20547,3.8518,LC
4451492.98,20545,4.4598,LC
4451509.89,20548,37.5762,BG
4451521.15,20546,4.2204,LC
4451526.21,20547,4.4767,LC
4451537.78,20545,4.2014,LC
4451541.92,20546,4.3594,LC
4451543.14,20545,4.633,LC
4451550.91,20547,4.2944,LC
4451556.07,20546,4.6274,LC
4451588.27,20545,5.0168,LC
4451593.98,20548,33.9379,BG
4451629.1,20547,7.6923,LC
4451640.1,20546,4.2183,LC
4451644.09,20545,5.7732,LC
4451677.47,20547,6.2492,LC
4451695.11,20546,9.0517,LC
4451704.51,20545,6.8633,LC
4451704.67,20547,4.9357,LC
4451734.44,20546,7.944,LC
4451737.1,20545,6.3667,LC
4451748.66,20547,10.4605,LC
4451754.95,20546,6.2103,LC
4451772.47,20545,6.4644,LC
4451788.46,20547,6.3397,LC
4451834.5,20546,4.3723,LC
4451843.59,20548,164.3914,BG
4451846.61,20545,8.7174,LC
4451848.32,20547,7.4655,LC
4451849.5,20546,5.0225,LC
4451865.15,20545,4.5938,LC
4451883.87,20547,4.077,LC
4451905.07,20546,4.4961,LC
4451908.6,20545,5.8541,LC
4451911.88,20546,4.3391,LC
4451932.53,20548,38.0402,BG
4451975.33,20545,5.0549,LC
4451982.48,20547,5.2348,LC
4451983.12,20546,4.1471,LC
4452004.64,20545,4.1445,LC
4452011.08,20548,27.9356,BG
4452087.53,20548,26.2616,BG
4452158.23,20547,4.7661,LC
4452196.5,20548,39.8338,BG
4452283.34,20546,5.3904,LC
4452304.97,20548,57.4461,BG
4452327.14,20545,8.6073,LC
4452394.61,20548,39.3618,BG
4452470.69,20547,4.1355,LC
4452473.21,20548,28.0613,BG
4452576.88,20548,52.1265,BG
4452610.55,21893,38.8728,BG
4452651.61,20546,4.1471,LC
4452684.46,20545,5.0773,LC
4452710.17,21893,51.2676,BG
4452711.01,20547,6.3391,LC
4452727.29,20548,100.1189,BG
4452791.39,20546,4.0892,LC
4452796.84,21893,36.8618,BG
4452826.83,20545,4.5135,LC
4452831.2,20548,48.9029,BG
4452865.77,20547,5.6287,LC
4452869.51,20546,5.9557,LC
4452881.53,21893,30.3783,BG
4452936.31,20548,53.0182,BG
4452964.45,20545,6.0322,LC
4452970.84,21893,42.215,BG
4453019.12,20548,32.833,BG
4453033.09,20547,5.0053,LC
4453036.88,20546,4.2173,LC
4453048.99,21893,27.8753,BG
4453110.42,20547,5.8072,LC
4453110.54,20545,4.2496,LC
4453135.3,21893,34.9668,BG
4453169.4,20546,4.4433,LC
4453172.66,20548,101.4871,BG
4453193.29,20547,3.9169,LC
4453214.17,21893,27.1433,BG
4453230.45,20545,4.1637,LC
4453261.09,20546,4.5739,LC
4453272.07,20547,4.1734,LC
4453278.14,20545,4.2686,LC
4453282.26,20548,59.3727,BG
4453293.7,21893,30.999,BG
4453299.65,20546,4.4096,LC
4453372.56,21893,24.7862,BG
4453401.81,20548,65.2977,BG
4453444.71,20547,6.0796,LC
4453451.48,21893,28.6644,BG
4453460.13,20545,8.1731,LC
4453464.1,20546,6.7267,LC
4453503.07,20547,3.8029,LC
4453517.16,20545,4.4811,LC
4453522.14,20548,54.0787,BG
4453527.6,21893,30.1061,BG
4453536.61,20546,4.2937,LC
4453537.87,20547,4.0917,LC
4453559.35,20545,5.132,LC
4453626.36,21893,48.3217,BG
4453684.19,20548,109.2716,BG
4453699.15,20546,4.2603,LC
4453699.97,20547,4.1613,LC
4453717.58,21893,41.1435,BG
4453723.33,20546,4.3854,LC
4453789.26,20545,6.1333,LC
4453792.37,20547,4.1921,LC
4453840.14,20548,107.3417,BG
4453842.6,21893,68.2516,BG
4453896.25,20546,5.7261,LC
4453898.38,20545,6.1501,LC
4453926.31,20548,29.1656,BG
4453936.19,20547,3.8823,LC
4453942.23,21893,49.1342,BG
4454018.5,20548,42.0057,BG
4454025.42,20546,4.0817,LC
4454030.17,20545,4.1619,LC
4454035.91,20547,4.0638,LC
4454040.55,20546,3.9769,LC
4454040.63,20545,4.0891,LC
4454046.66,21893,52.7976,BG
4454085.47,20547,7.1275,LC
4454097.61,20546,4.1648,LC
4454099.07,20548,30.4117,BG
4454144.75,21893,47.8473,BG
4454181.48,20548,31.683,BG
4454278.47,21893,64.8862,BG
4454279.57,20548,48.0692,BG
4454327.05,20545,5.3801,LC
4454377.74,20548,47.3763,BG
4454399.71,21893,67.9684,BG
4454401.21,20547,4.9276,LC
4454448.1,20546,5.6689,LC
4454460.63,20545,7.0695,LC
4454499.54,20547,7.0563,LC
4454537.58,20546,12.1202,LC
4454568.14,20545,10.3878,LC
4454568.87,20548,132.5746,BG
4454597.6,20547,13.3435,LC
4454597.96,20546,7.677,LC
4454644.28,20545,5.3985,LC
4454653.34,20546,9.496,LC
4454785.61,20547,10.3745,LC
4454799.17,20545,14.7245,LC
4454819.82,20546,7.6117,LC
4454872.82,20547,14.7157,LC
4454913.19,21893,463.6716,BG
4454943.25,20548,315.5056,BG
4454957.11,20545,4.7985,LC
4454964.33,20546,8.6103,LC
4454972.72,20547,5.1814,LC
4454994.21,20545,5.728,LC
4455004.62,20546,4.3845,LC
4455009.64,21893,49.1244,BG
4455040.2,20548,41.8799,BG
4455072.26,20547,4.6621,LC
4455090.11,21893,29.918,BG
4455124.18,20548,34.5901,BG
4455166.57,21893,26.8631,BG
4455201.36,20545,8.1035,LC
4455225.55,20548,50.9081,BG
4455240.79,20546,4.7581,LC
4455319.05,20547,3.7984,LC
4455343.56,20548,62.8949,BG
4455346.96,21893,128.692,BG
4455404.31,20545,4.0861,LC
4455465.5,20546,11.0647,LC
4455469.0,20547,9.9425,LC
4455521.24,20545,8.9294,LC
4455532.65,20548,139.731,BG
4455539.6,21893,139.1085,BG
4455628.51,20546,10.7533,LC
4455628.58,20547,10.798,LC
4455645.37,20545,5.1405,LC
4455647.3,20547,5.1862,LC
4455657.48,20548,73.0611,BG
4455658.54,21893,70.8134,BG
4455741.59,20548,34.16,BG
4455790.5,21893,76.8434,BG
4455826.14,20548,32.2345,BG
4455866.02,20546,6.9935,LC
4455881.27,21893,40.4522,BG
4455908.55,20548,32.191,BG
4455912.05,20545,5.4712,LC
4455966.97,20547,5.5865,LC
4456012.0,20548,42.6046,BG
4456017.96,21893,81.8543,BG
4456037.89,20546,4.1192,LC
4456098.83,21893,30.8201,BG
4456105.38,20548,43.2877,BG
4456137.11,20545,4.6255,LC
4456154.69,20547,4.2294,LC
4456160.23,20546,5.2516,LC
4456185.78,20548,28.5404,BG
4456199.5,20545,10.6136,LC
4456199.88,20547,6.1601,LC
4456206.27,21893,55.0525,BG
4456278.38,20546,4.5176,LC
4456311.21,20548,70.1142,BG
4456317.47,21893,60.895,BG
4456362.66,20545,4.9887,LC
4456366.38,20547,4.001,LC
4456372.75,20545,6.16,LC
4456410.81,20548,49.3854,BG
4456413.41,20546,4.8671,LC
4456425.66,21893,56.0198,BG
4456430.96,20547,4.3657,LC
4456444.2,20545,5.0565,LC
4456510.6,21893,34.3981,BG
4456515.65,20546,4.1779,LC
4456562.25,20548,101.5794,BG
4456589.86,21893,29.1167,BG
4456600.54,20547,4.7236,LC
4456617.68,20545,4.2321,LC
4456646.07,20548,33.6251,BG
4456669.79,21893,29.8001,BG
4456687.3,20546,4.2068,LC
4456747.28,21893,27.3015,BG
4456769.71,20548,54.2948,BG
4456775.54,20547,4.3252,LC
4456800.53,20545,7.0308,LC
4456828.17,21893,29.2416,BG
4456834.73,20546,4.2447,LC
4456858.96,20548,39.1481,BG
4456870.45,20547,4.4287,LC
4456904.71,21893,26.6586,BG
4456917.08,20545,4.3992,LC
4456937.55,20548,27.9736,BG
4456945.05,20546,5.079,LC
4456981.58,21893,26.7815,BG
4457012.52,20548,24.815,BG
4457066.12,21893,30.5774,BG
4457066.71,20547,6.0313,LC
4457078.24,20545,7.8572,LC
4457107.84,20548,44.6529,BG
4457151.21,21893,38.2939,BG
4457195.15,20548,35.4957,BG
4457281.92,20548,37.7619,BG
4457295.17,20546,5.8981,LC
4457307.22,21893,104.6618,BG
4457330.14,20547,5.0916,LC
4457330.92,20545,4.8674,LC
4457340.32,20546,4.9097,LC
4457373.39,20548,40.681,BG
4457442.1,21893,83.9495,BG
4457444.06,20547,5.6975,LC
4457449.97,20545,4.4809,LC
4457461.02,20546,5.7076,LC
4457479.3,20548,54.718,BG
4457515.31,20547,5.8434,LC
4457557.31,20545,4.4237,LC
4457604.78,21893,111.2682,BG
4457608.49,20546,4.4848,LC
4457610.54,20548,81.0057,BG
4457682.76,20547,4.1209,LC
4457702.45,20548,41.3597,BG
4457708.39,20545,4.2235,LC
4457709.07,21893,52.5818,BG
4457787.42,20548,33.1635,BG
4457800.56,21893,40.2419,BG
4457806.07,20546,5.0261,LC
4457808.38,20547,4.0608,LC
4457852.55,20545,4.1402,LC
4457870.47,20546,5.2241,LC
4457876.13,20548,35.8433,BG
4457886.35,21893,35.0172,BG
4457962.68,20547,4.0473,LC
4457967.4,20548,41.0055,BG
4457979.34,20545,3.9755,LC
4457981.59,21893,44.1358,BG
4457994.26,20546,4.2095,LC
4458005.36,20547,4.3967,LC
4458041.08,20548,23.5954,BG
4458054.93,21893,23.186,BG
4458077.13,20545,4.8278,LC
4458115.61,20548,24.3562,BG
4458117.41,20546,4.1321,LC
4458132.87,21893,27.8238,BG
4458189.14,20548,23.3491,BG
4458212.16,21893,28.8058,BG
4458285.98,20548,42.6111,BG
4458311.17,20547,4.0128,LC
4458316.17,20545,4.5004,LC
4458324.52,21893,62.2634,BG
4458328.96,20547,4.0987,LC
4458337.95,20546,3.9567,LC
4458355.53,20545,4.5663,LC
4458419.13,20548,81.8334,BG
4458426.17,21893,49.9467,BG
4458460.13,20547,6.1764,LC
4458510.87,20546,4.0465,LC
4458513.86,20548,43.3368,BG
4458527.86,21893,39.1992,BG
4458594.63,20545,4.319,LC
4458597.11,20548,31.7433,BG
4458610.15,21893,31.9495,BG
4458614.39,20547,3.9582,LC
4458628.29,20546,4.0968,LC
4458683.2,20548,32.8339,BG
4458694.95,21893,33.6725,BG
4458773.21,20548,37.6473,BG
4458782.88,21893,37.7671,BG
4458863.23,20548,37.6805,BG
4458870.52,21893,36.3015,BG
4458891.62,20545,4.8099,LC
4458910.75,20547,5.9522,LC
4458923.13,20546,6.0073,LC
4458956.22,21893,34.7618,BG
4458958.1,20548,44.5274,BG
4458965.22,20545,3.956,LC
4458977.11,20547,4.3498,LC
4458980.77,20546,4.1598,LC
4458985.7,20545,3.997,LC
4459040.1,20547,5.4781,LC
4459043.61,21893,36.433,BG
4459052.9,20548,44.9775,BG
4459059.49,20546,4.2006,LC
4459135.22,21893,39.2547,BG
4459143.63,20548,40.4574,BG
4459167.37,20545,6.3115,LC
4459168.46,20547,6.228,LC
4459259.58,21893,74.0627,BG
4459288.34,20548,94.1859,BG
4459318.29,20546,5.3897,LC
4459329.03,20545,4.3405,LC
4459354.87,21893,45.2832,BG
4459355.66,20547,4.1164,LC
4459409.13,20548,70.2162,BG
4459428.13,20546,3.9879,LC
4459464.74,21893,59.5397,BG
4459477.1,20545,4.022,LC
4459548.2,20548,88.6731,BG
4459560.7,21893,45.5248,BG
4459629.34,20548,30.9857,BG
4459635.25,21893,24.4243,BG
4459681.54,20547,3.7783,LC
4459693.61,20546,4.3726,LC
4459708.78,21893,23.4583,BG
4459716.08,20548,36.6738,BG
4459792.37,20548,25.0466,BG
4459792.71,21893,33.8298,BG
4459802.72,20545,4.2278,LC
4459816.49,20547,5.9374,LC
4459839.44,20546,4.1288,LC
4459866.87,21893,23.7134,BG
4459871.2,20548,27.4091,BG
4459940.64,21893,23.5895,BG
4459946.28,20548,24.9768,BG
4459962.05,20545,4.2609,LC
4459967.38,20547,4.028,LC
4459985.45,20546,4.1208,LC
4460014.43,21893,23.6432,BG
4460020.05,20548,23.5243,BG
4460088.53,21893,23.8705,BG
4460094.23,20548,24.1191,BG
4460109.74,20545,3.9152,LC
4460162.29,21893,23.6063,BG
4460173.03,20548,27.6945,BG
4460189.15,20547,3.8639,LC
4460229.78,20546,5.9353,LC
4460249.45,20545,5.6828,LC
4460267.13,20547,4.1313,LC
4460279.89,20546,3.885,LC
4460281.21,21893,68.8106,BG
4460300.88,20545,4.4998,LC
4460325.18,20548,99.6287,BG
4460326.25,20547,4.0655,LC
4460333.85,20545,4.533,LC
4460334.22,20546,3.9253,LC
4460360.49,21893,29.0503,BG
4460373.6,20546,6.022,LC
4460373.96,20547,8.212,LC
4460405.81,20545,4.5211,LC
4460413.19,20547,7.6881,LC
4460413.32,20546,5.112,LC
4460426.86,20545,4.2503,LC
4460431.82,20548,56.5892,BG
4460435.09,20547,4.3633,LC
4460449.1,21893,35.2876,BG
4460474.94,20546,5.0125,LC
4460480.17,20545,4.444,LC
4460486.09,20547,4.5111,LC
4460486.48,20545,4.3483,LC
4460502.11,20546,4.0937,LC
4460520.23,20548,33.5365,BG
4460522.77,20547,4.1015,LC
4460532.8,20545,4.8224,LC
4460544.05,21893,40.9227,BG
4460554.65,20546,4.4993,LC
4460577.76,20547,4.7079,LC
4460577.92,20545,4.4315,LC
4460596.29,20546,4.3395,LC
4460604.15,20547,5.1878,LC
4460604.27,20545,4.7059,LC
4460618.74,20546,11.7052,LC
4460622.11,20547,5.9264,LC
4460636.03,20545,4.702,LC
4460646.8,20546,6.4175,LC
4460661.07,20548,82.5804,BG
4460663.67,20547,4.354,LC
4460711.63,21893,117.354,BG
4460738.93,20548,27.6594,BG
4460765.23,20545,4.0734,LC
4460779.23,20546,4.2781,LC
4460795.85,21893,34.234,BG
4460813.77,20547,4.2136,LC
4460813.9,20545,4.064,LC
4460828.56,20548,36.4449,BG
4460849.74,20546,3.8976,LC
4460866.78,20545,7.8017,LC
4460869.71,20547,8.9985,LC
4460876.44,21893,30.226,BG
4460885.79,20546,4.0228,LC
4460909.87,20548,31.1107,BG
4460925.01,20545,4.336,LC
4460929.8,20547,4.0824,LC
4460939.65,20546,4.1458,LC
4460959.26,21893,32.0087,BG
4460990.96,20548,30.7932,BG
4461008.53,20545,10.1868,LC
4461008.88,20547,5.9836,LC
4461026.41,20546,4.5039,LC
4461046.22,21893,34.4438,BG
4461048.03,20545,4.4742,LC
4461054.43,20547,4.322,LC
4461069.95,20546,4.3979,LC
4461074.79,20548,32.1745,BG
4461083.79,20545,6.2245,LC
4461127.97,20547,8.0709,LC
4461129.14,21893,32.7414,BG
4461139.6,20546,17.1382,LC
4461140.66,20545,6.1406,LC
4461144.21,20547,7.8061,LC
4461146.71,20545,10.9546,LC
4461156.12,20548,31.1142,BG
4461156.28,20546,4.4128,LC
4461157.59,20547,4.9228,LC
4461200.1,20545,4.2291,LC
4461215.34,20546,4.8133,LC
4461220.12,21893,40.5736,BG
4461230.83,20547,4.0911,LC
4461249.52,20545,4.175,LC
4461249.59,20546,4.8522,LC
4461252.85,20548,44.5785,BG
4461263.29,20545,4.1775,LC
4461347.37,20548,42.7332,BG
4461347.77,21893,76.7569,BG
4461413.42,20547,4.7914,LC
4461419.74,20546,4.2621,LC
4461421.06,20545,4.101,LC
4461452.99,20547,4.2506,LC
4461468.78,21893,70.4512,BG
4461470.76,20548,72.4617,BG
4461475.49,20546,5.3413,LC
4461480.21,20545,4.3435,LC
4461503.53,20547,7.7126,LC
4461504.65,20545,4.4448,LC
4461505.23,20546,6.8121,LC
4461557.39,20547,4.927,LC
4461569.89,20545,5.4347,LC
4461570.21,20546,6.5567,LC
4461574.81,20547,7.4475,LC
4461591.46,20545,4.6483,LC
4461600.87,21893,81.8004,BG
4461617.95,20548,96.1988,BG
4461623.74,20546,5.8138,LC
4461668.18,20547,6.1297,LC
4461668.32,20545,4.3799,LC
4461678.02,20546,5.1511,LC
4461678.87,20547,4.2643,LC
4461678.91,20545,4.147,LC
4461687.18,20546,3.9246,LC
4461703.49,20547,5.2324,LC
4461711.27,20545,4.6949,LC
4461717.33,20546,5.7989,LC
4461719.91,20547,5.3702,LC
4461728.98,20545,5.5931,LC
4461729.17,21893,70.2438,BG
4461739.23,20548,70.0011,BG
4461774.22,20546,4.8061,LC
4461815.98,20547,5.7348,LC
4461826.39,21893,49.8233,BG
4461839.22,20548,49.4378,BG
4461914.22,21893,37.5434,BG
4461944.22,20548,53.8583,BG
4461963.61,20545,4.2121,LC
4461966.37,20546,4.7715,LC
4461993.84,21893,29.4624,BG
4462028.5,20548,33.1939,BG
4462046.16,20547,4.1724,LC
4462071.39,21893,27.3855,BG
4462112.96,20545,4.5774,LC
4462121.55,20546,5.2056,LC
4462127.17,20548,47.3239,BG
4462140.16,20547,5.0025,LC
4462168.89,21893,45.2798,BG
4462171.1,20545,4.2989,LC
4462182.98,20546,6.2598,LC
4462202.14,20548,25.7083,BG
4462219.94,20547,4.5514,LC
4462227.57,20545,5.811,LC
4462246.28,21893,27.403,BG
4462278.7,20548,26.3026,BG
4462283.66,20546,4.3438,LC
4462361.34,20547,4.7974,LC
4462377.17,21893,78.8439,BG
4462420.45,20548,91.0902,BG
4462458.74,20545,4.6012,LC
4462497.31,21893,65.5828,BG
4462519.68,20546,4.9112,LC
4462534.29,20548,63.4473,BG
4462549.33,20547,4.9922,LC
4462590.5,20545,5.8453,LC
4462602.14,20546,6.4915,LC
4462653.38,21893,98.9823,BG
4462656.15,20548,64.0041,BG
4462679.85,20547,5.0409,LC
4462711.25,20545,6.0911,LC
4462712.38,20546,4.1899,LC
4462744.81,21893,41.6893,BG
4462748.69,20548,37.0772,BG
4462757.41,20547,3.8772,LC
4462833.54,20545,4.1933,LC
4462841.65,21893,46.2639,BG
4462845.87,20548,42.7047,BG
4462927.12,20548,30.6679,BG
4462938.14,21893,44.9839,BG
4462965.84,20546,4.2229,LC
4463003.39,20547,5.0648,LC
4463009.71,20548,32.4538,BG
4463023.07,20545,4.5333,LC
4463032.79,21893,41.2866,BG
4463101.92,20548,41.6735,BG
4463123.27,21893,38.7261,BG
4463155.24,20546,5.1548,LC
4463199.67,20548,44.4405,BG
4463205.83,20547,4.0055,LC
4463218.21,21893,42.8999,BG
4463284.86,20545,4.3308,LC
4463296.41,20548,46.6347,BG
4463344.62,21893,76.3025,BG
4463424.38,20548,76.1223,BG
4463447.22,21893,52.4299,BG
4463494.96,20546,5.2053,LC
4463564.37,20548,88.9938,BG
4463569.67,21893,71.1674,BG
4463638.11,20547,5.0635,LC
4463656.55,21893,32.2735,BG
4463658.24,20545,6.8056,LC
4463670.1,20546,3.7679,LC
4463678.39,20548,63.3371,BG
4463730.43,21893,24.0437,BG
4463752.53,20548,23.87,BG
4463757.38,20547,4.0338,LC
4463808.71,21893,28.0149,BG
4463837.39,20548,33.3701,BG
4463845.29,20545,7.4419,LC
4463880.65,20546,5.2641,LC
4463885.92,21893,27.105,BG
4463899.79,20547,4.2988,LC
4463915.23,20548,28.4436,BG
4463915.41,20545,4.2876,LC
4463917.96,20546,4.6688,LC
4463946.09,20547,5.4406,LC
4463964.16,21893,27.8858,BG
4463990.12,20548,24.1069,BG
4464022.79,20545,4.6469,LC
4464048.42,21893,33.7291,BG
4464071.92,20548,31.631,BG
4464078.4,20546,4.7265,LC
4464099.31,20547,6.541,LC
4464100.8,20545,7.1731,LC
4464142.25,21893,41.6033,BG
4464154.76,20548,30.3657,BG
4464208.11,20546,5.4388,LC
4464237.4,21893,44.9974,BG
4464247.69,20548,42.7182,BG
4464279.82,20547,4.7672,LC
4464295.36,20545,4.9635,LC
4464345.21,20546,6.5541,LC
4464381.9,20548,83.052,BG
4464390.28,21893,92.2241,BG
4464429.87,20547,4.1673,LC
4464521.18,20545,5.3403,LC
4464525.34,20548,93.2567,BG
4464527.55,21893,85.063,BG
4464551.53,20546,4.2135,LC
4464577.46,20547,4.0643,LC
4464590.47,20545,6.8246,LC
4464595.96,20546,5.1666,LC
4464615.05,20547,5.9293,LC
4464623.02,20545,5.0513,LC
4464632.27,20546,6.7145,LC
4464633.99,20547,6.1251,LC
4464662.41,20548,86.0049,BG
4464662.8,21893,84.4556,BG
4464675.17,20545,4.6214,LC
4464677.77,20546,4.211,LC
4464726.37,20545,6.2192,LC
4464726.56,20547,5.2768,LC
4464741.86,20546,5.8636,LC
4464761.87,20547,5.3292,LC
4464794.68,21893,73.6539,BG
4464794.98,20548,73.7954,BG
4464806.09,20545,4.0153,LC
4464826.43,20546,6.272,LC
4464840.07,20547,4.3526,LC
4464856.92,20546,4.9961,LC
4464858.73,20545,6.2054,LC
4464884.51,21893,39.7431,BG
4464897.74,20547,5.1004,LC
4464902.75,20546,4.7893,LC
4464905.35,20545,4.0091,LC
4464910.76,20548,64.4869,BG
4464954.67,20547,4.0445,LC
4464960.66,20546,4.709,LC
4464974.96,20545,4.8822,LC
4464982.75,21893,46.1452,BG
4465004.26,20547,4.4472,LC
4465008.19,20548,47.1945,BG
4465075.6,21893,43.0169,BG
4465086.73,20546,3.8967,LC
4465101.22,20545,4.1703,LC
4465110.22,20547,6.6466,LC
4465110.28,20548,49.8518,BG
4465111.53,20546,6.1653,LC
4465115.76,20545,7.1874,LC
4465118.23,20547,5.5423,LC
4465127.16,20546,5.4423,LC
4465130.2,20545,4.3363,LC
4465132.24,20547,6.5702,LC
4465138.12,20546,4.0663,LC
4465142.6,20545,5.5375,LC
4465158.38,20547,4.4336,LC
4465173.48,20546,4.147,LC
4465179.75,21893,52.376,BG
4465204.68,20545,4.0283,LC
4465205.08,20548,44.8961,BG
4465252.37,20547,5.5193,LC
4465271.94,20546,4.1061,LC
4465288.48,20545,3.926,LC
4465288.73,21893,53.0106,BG
4465309.66,20548,54.3185,BG
4465320.2,20547,4.3595,LC
4465332.58,20545,4.855,LC
4465332.7,20546,6.3927,LC
4465336.12,20547,6.5271,LC
4465349.68,20546,6.1215,LC
4465376.69,20545,4.7882,LC
4465381.31,20547,6.3244,LC
4465383.63,20546,6.46,LC
4465395.82,20545,4.062,LC
4465407.74,20546,7.8158,LC
4465408.12,20545,5.2167,LC
4465408.25,20547,9.4827,LC
4465427.34,20548,67.01,BG
4465438.19,20547,4.3001,LC
4465455.8,20545,5.1787,LC
4465461.21,20546,4.5174,LC
4465470.93,20547,4.6886,LC
4465477.17,20545,8.6951,LC
4465478.9,21893,140.0312,BG
4465511.95,20546,8.3841,LC
4465531.23,20548,52.1709,BG
4465546.11,20547,7.3522,LC
4465548.71,20545,9.5809,LC
4465576.22,20547,10.1852,LC
4465576.34,20546,10.3046,LC
4465576.64,20545,4.8151,LC
4465600.99,20545,5.3293,LC
4465610.95,20547,5.4749,LC
4465629.22,20546,6.7741,LC
4465629.28,20545,4.6908,LC
4465642.15,20547,6.6331,LC
4465654.13,20548,73.8421,BG
4465657.95,21893,128.8864,BG
4465682.45,20546,4.3404,LC
4465689.26,20545,4.0689,LC
4465694.12,20547,5.0953,LC
4465703.15,20546,4.2354,LC
4465710.89,20545,3.9625,LC
4465749.58,20547,4.0247,LC
4465772.72,20546,8.0947,LC
4465810.42,21893,98.9595,BG
4465811.11,20548,102.1393,BG
4465811.69,20545,4.5808,LC
4465827.0,20547,4.1613,LC
4465891.61,20546,5.0313,LC
4465898.4,20545,4.3686,LC
4465916.91,20547,4.4158,LC
4465926.97,20548,68.6525,BG
4465929.69,21893,69.177,BG
4465942.42,20546,6.2602,LC
4465948.03,20545,4.5846,LC
4465962.88,20547,4.1804,LC
4466022.56,20546,6.9188,LC
4466023.37,20545,7.4556,LC
4466035.17,20546,7.6733,LC
4466035.35,20547,8.9138,LC
4466036.65,20548,57.6239,BG
4466068.08,20545,4.8589,LC
4466073.46,20547,8.4988,LC
4466074.03,20546,5.6879,LC
4466080.15,21893,99.9668,BG
4466083.97,20545,4.3188,LC
4466108.72,20547,4.2212,LC
4466112.86,20548,26.4134,BG
4466119.36,20546,3.954,LC
4466150.84,20545,4.4031,LC
4466162.79,21893,32.3384,BG
4466173.68,20547,8.1711,LC
4466174.5,20546,6.2013,LC
4466184.07,20545,4.0132,LC
4466186.0,20547,4.131,LC
4466192.59,20546,4.5716,LC
4466195.04,20548,32.0842,BG
4466214.08,20545,3.9876,LC
4466219.35,20547,4.2167,LC
4466242.34,20546,4.0754,LC
4466242.95,21893,28.7565,BG
4466254.08,20545,6.4832,LC
4466256.3,20547,8.4893,LC
4466256.51,20546,7.1301,LC
4466259.62,20545,4.2952,LC
4466273.2,20547,4.2702,LC
4466277.34,20548,31.4821,BG
4466285.26,20546,3.9152,LC
4466289.77,20545,4.1623,LC
4466309.32,20547,6.1132,LC
4466309.4,20546,4.8961,LC
4466318.05,20545,4.218,LC
4466318.48,20547,4.2439,LC
4466324.09,20545,4.2038,LC
4466325.53,21893,32.3601,BG
4466334.2,20547,4.342,LC
4466364.72,20546,4.5205,LC
4466371.45,20545,4.118,LC
4466380.59,20547,6.1182,LC
4466421.51,20546,3.9557,LC
4466426.25,20545,4.5945,LC
4466441.17,20548,106.6758,BG
4466461.17,21893,68.9434,BG
4466507.58,20547,4.2149,LC
4466526.09,20546,4.249,LC
4466545.9,20545,4.2051,LC
4466556.11,20547,6.1071,LC
4466557.1,20546,4.6345,LC
4466557.32,20545,4.8765,LC
4466567.17,20547,4.0516,LC
4466577.96,21893,66.4044,BG
4466590.11,20548,98.9231,BG
4466657.64,21893,28.4903,BG
4466659.67,20546,4.1981,LC
4466669.97,20548,29.6611,BG
4466683.47,20545,5.2015,LC
4466704.03,20547,4.1162,LC
4466704.08,20546,4.2219,LC
4466713.22,20545,4.4244,LC
4466717.64,20547,4.208,LC
4466729.95,20546,3.9952,LC
4466734.6,21893,26.3954,BG
4466747.63,20548,27.4831,BG
4466804.32,20545,4.1932,LC
4466812.54,21893,27.8438,BG
4466825.1,20548,26.8933,BG
4466826.71,20547,3.9171,LC
4466832.87,20546,3.9426,LC
4466873.26,20545,3.9729,LC
4466892.45,20547,4.2344,LC
4466893.38,20546,5.1723,LC
4466897.28,20545,4.2615,LC
4466907.56,20548,32.3393,BG
4466908.54,21893,45.911,BG
4466941.57,20546,6.0381,LC
4466943.82,20547,4.6642,LC
4466952.14,20545,3.975,LC
4466966.47,20546,6.0522,LC
4466983.57,21893,24.8747,BG
4466985.39,20548,27.5922,BG
4467038.13,20547,4.5805,LC
4467056.86,21893,23.1507,BG
4467064.3,20548,28.5552,BG
4467091.18,20545,4.4532,LC
4467096.72,20546,4.2953,LC
4467127.65,20547,4.1285,LC
4467139.1,21893,31.9783,BG
4467141.28,20548,26.0475,BG
4467168.43,20545,4.0774,LC
4467171.44,20546,4.1765,LC
4467200.43,20547,4.0851,LC
4467205.8,20545,4.0391,LC
4467215.08,20548,23.6157,BG
4467220.95,21893,31.7325,BG
4467228.11,20546,3.8872,LC
4467244.09,20547,4.0816,LC
4467246.57,20545,4.2478,LC
4467270.4,20546,6.4952,LC
4467294.59,20547,10.2707,LC
4467294.64,20545,10.2224,LC
4467294.68,20546,10.4798,LC
4467295.5,20547,5.1425,LC
4467297.49,21893,25.3025,BG
4467313.17,20548,45.2847,BG
4467348.92,20545,4.2027,LC
4467352.26,20546,6.073,LC
4467371.08,20547,7.9768,LC
4467371.13,20545,8.5403,LC
4467372.63,20546,5.4855,LC
4467420.13,20545,8.3245,LC
4467420.19,20547,7.6089,LC
4467429.24,20546,4.2113,LC
4467437.91,20545,4.7446,LC
4467443.94,21893,84.3116,BG
4467459.13,20548,94.3688,BG
4467466.09,20547,6.0767,LC
4467485.81,20546,4.149,LC
4467515.83,20545,7.6331,LC
4467517.14,20547,8.5965,LC
4467548.86,21893,54.6162,BG
4467556.92,20548,47.2478,BG
4467578.19,20546,4.6665,LC
4467610.26,20545,4.0597,LC
4467618.31,20547,3.9608,LC
4467628.99,20546,4.2182,LC
4467640.34,20545,5.9615,LC
4467659.14,20547,4.2941,LC
4467659.25,20546,4.7404,LC
4467660.19,21893,61.1959,BG
4467691.43,20547,5.1511,LC
4467721.16,20545,6.1748,LC
4467730.9,20546,7.5151,LC
4467749.62,21893,35.424,BG
4467767.31,20547,4.0988,LC
4467768.19,20548,159.8927,BG
4467794.6,20545,5.6947,LC
4467828.09,20546,4.399,LC
4467828.16,20547,4.5011,LC
4467852.33,20545,3.9891,LC
4467880.11,20546,4.4423,LC
4467888.54,20547,5.6944,LC
4467890.15,21893,90.3745,BG
4467899.85,20545,4.6566,LC
4467911.5,20546,3.914,LC
4467918.34,20547,4.0671,LC
4467918.41,20548,96.593,BG
4467990.48,20545,5.2612,LC
4468001.73,20546,4.9005,LC
4468037.23,20548,62.4615,BG
4468043.09,21893,102.8137,BG
4468050.3,20547,4.167,LC
4468052.51,20545,4.2342,LC
4468085.62,20546,4.9333,LC
4468110.52,20547,4.31,LC
4468117.64,20545,4.9679,LC
4468128.73,20548,41.4575,BG
4468130.87,20546,4.6082,LC
4468151.8,21893,56.4991,BG
4468164.36,20547,4.2938,LC
4468166.15,20545,4.1933,LC
4468183.34,20546,4.2803,LC
4468221.21,20548,41.7642,BG
4468252.59,21893,49.946,BG
4468268.47,20547,4.1884,LC
4468272.11,20545,5.1591,LC
4468277.56,20546,5.2636,LC
4468290.06,20547,4.7906,LC
4468299.7,20545,4.7192,LC
4468299.76,20546,5.0802,LC
4468307.52,20547,7.5691,LC
4468314.92,20546,4.0665,LC
4468329.74,20548,58.4655,BG
4468346.83,20545,7.4013,LC
4468349.01,20547,4.8624,LC
4468361.89,21893,57.6595,BG
4468377.04,20546,6.0244,LC
4468401.46,20545,6.9259,LC
4468404.39,20547,6.0002,LC
4468433.11,20546,5.2902,LC
4468457.06,20545,4.6864,LC
4468465.87,20548,84.5623,BG
4468484.83,20547,5.8394,LC
4468493.69,20546,6.5955,LC
4468514.93,20545,6.8458,LC
4468519.03,20547,5.9642,LC
4468541.68,20546,7.9308,LC
4468565.22,20545,9.7223,LC
4468565.8,20548,51.257,BG
4468566.7,20547,7.7407,LC
4468582.33,21893,154.7198,BG
4468593.42,20546,5.0414,LC
4468598.69,20545,4.2108,LC
4468635.9,20547,4.149,LC
4468658.79,20546,4.7952,LC
4468663.36,20548,47.0592,BG
4468680.31,20545,4.6931,LC
4468719.36,21893,83.0517,BG
4468752.13,20547,4.1852,LC
4468763.44,20546,4.2748,LC
4468771.28,20548,58.1682,BG
4468775.26,20545,4.5837,LC
4468781.43,20547,4.236,LC
4468790.16,20546,4.6778,LC
4468795.22,20545,4.2204,LC
4468802.79,20547,4.462,LC
4468810.14,20546,5.6208,LC
4468843.45,20545,6.3903,LC
4468854.38,20547,4.1734,LC
4468864.9,20546,3.9429,LC
4468868.63,20548,45.5589,BG
4468892.49,20545,4.8592,LC
4468904.99,21893,135.5468,BG
4468908.26,20547,4.3069,LC
4468952.88,20548,33.9318,BG
4468953.15,20546,3.9757,LC
4468999.05,21893,43.5018,BG
4469020.35,20545,4.4879,LC
4469032.4,20548,29.1986,BG
4469040.04,20547,6.1318,LC
4469041.59,20546,4.1816,LC
4469092.83,21893,43.4278,BG
4469117.73,20548,34.3216,BG
4469140.07,20545,4.0901,LC
4469167.79,20547,4.6786,LC
4469184.3,20546,4.7971,LC
4469188.17,21893,42.7502,BG
4469196.74,20545,5.553,LC
4469213.69,20548,43.1654,BG
4469270.29,21893,31.8974,BG
4469290.14,20547,5.098,LC
4469298.2,20546,4.9563,LC
4469300.35,20548,36.9429,BG
4469347.98,20545,6.6343,LC
4469354.84,21893,34.4157,BG
4469377.13,20548,25.9059,BG
4469423.51,20547,6.2671,LC
4469429.71,20546,5.0227,LC
4469473.89,20548,43.6641,BG
4469504.33,21893,97.0487,BG
4469587.63,20545,5.2797,LC
4469592.09,20547,4.2593,LC
4469605.53,20548,81.5396,BG
4469611.75,21893,57.2798,BG
4469652.61,20545,7.0156,LC
4469737.27,20548,79.2279,BG
4469747.88,20546,4.0698,LC
4469755.4,20547,5.2488,LC
4469765.09,21893,103.1206,BG
4469787.09,20545,4.2469,LC
4469818.14,20548,28.3635,BG
4469842.38,21893,26.5673,BG
4469891.57,20548,23.0416,BG
4469916.93,21893,24.3562,BG
4469979.65,20548,37.8023,BG
4469993.93,21893,26.5878,BG
4470065.7,20548,35.3977,BG
4470068.75,21893,23.8716,BG
4470096.37,20546,6.6462,LC
4470108.39,20547,4.9321,LC
4470149.52,20548,33.7295,BG
4470160.11,21893,41.1776,BG
4470234.46,20548,34.4685,BG
4470248.75,21893,38.5199,BG
4470324.14,20548,39.3449,BG
4470339.35,21893,40.4826,BG
4470394.94,20545,6.0712,LC
4470443.55,20548,67.8141,BG
4470466.93,20546,7.3511,LC
4470475.72,21893,85.6402,BG
4470503.06,20547,4.7617,LC
4470541.49,20545,6.4838,LC
4470574.73,20548,79.7682,BG
4470596.14,20546,4.8903,LC
4470612.56,20547,5.5672,LC
4470645.85,20545,4.4761,LC
4470650.75,21893,120.8325,BG
4470666.12,20546,4.8263,LC
4470668.87,20548,43.7568,BG
4470685.08,20547,4.5477,LC
4470721.06,20545,4.3657,LC
4470748.84,21893,47.2463,BG
4470769.84,20546,6.3032,LC
4470788.42,20548,65.7424,BG
4470828.86,20547,4.5617,LC
4470835.88,21893,36.9014,BG
4470861.43,20548,22.9644,BG
4470861.58,20545,3.8643,LC
4470869.21,20546,3.9703,LC
4470899.86,20547,4.5099,LC
4470916.57,21893,30.2705,BG
4470924.79,20545,5.9056,LC
4470960.0,20548,45.4797,BG
4470997.44,21893,30.8902,BG
4471034.04,20548,24.4871,BG
4471076.33,20546,13.8254,LC
4471110.05,20547,10.3742,LC
4471132.25,21893,82.2754,BG
4471140.38,20548,55.5243,BG
4471140.88,20545,5.4314,LC
4471161.69,20546,4.3648,LC
4471234.73,21893,52.3075,BG
4471239.94,20548,45.1499,BG
4471265.12,20547,4.1294,LC
4471335.17,21893,50.1619,BG
4471338.6,20548,48.6872,BG
4471435.93,20548,46.7549,BG
4471478.0,21893,90.7378,BG
4471529.24,20545,10.1664,LC
4471529.33,20546,8.4002,LC
4471567.26,20548,77.0827,BG
4471567.85,20547,4.2595,LC
4471573.76,21893,45.0561,BG
4471608.13,20545,5.4585,LC
4471626.3,20546,7.4729,LC
4471632.75,20547,14.0667,LC
4471633.98,20545,6.2549,LC
4471651.58,20546,4.5258,LC
4471664.28,20547,5.1381,LC
4471680.06,21893,53.7301,BG
4471685.12,20548,67.6189,BG
4471700.93,20545,4.7751,LC
4471720.6,20546,5.6972,LC
4471727.06,20547,4.4259,LC
4471764.62,20545,5.0725,LC
4471810.22,21893,78.344,BG
4471814.41,20546,12.3739,LC
4471818.0,20547,6.5433,LC
4471823.56,20545,4.1316,LC
4471829.78,20546,4.6574,LC
4471845.23,20548,108.9176,BG
4471874.99,20547,4.1001,LC
4471892.82,21893,34.0616,BG
4471918.72,20548,23.3126,BG
4471919.68,20546,4.1853,LC
4471921.29,20545,8.5279,LC
4471959.12,20547,4.2215,LC
4471983.54,20546,4.071,LC
4471993.99,20545,4.1109,LC
4471999.06,21893,46.7138,BG
4472011.36,20548,42.3054,BG
4472011.58,20547,4.2867,LC
4472019.22,20546,4.6124,LC
4472027.68,20545,6.1322,LC
4472032.49,20547,4.2878,LC
4472044.76,20546,4.1725,LC
4472070.6,20545,4.6261,LC
4472081.27,21893,31.9453,BG
4472104.99,20547,4.1563,LC
4472111.92,20548,49.6738,BG
4472123.52,20546,5.0349,LC
4472130.23,20545,4.094,LC
4472143.36,20547,4.5388,LC
4472161.73,20546,4.3435,LC
4472172.97,21893,41.2454,BG
4472195.49,20548,33.3775,BG
4472207.87,20545,5.3781,LC
4472225.08,20547,5.2041,LC
4472231.45,20546,4.1038,LC
4472263.54,20545,4.0445,LC
4472264.32,21893,40.6988,BG
4472268.4,20547,3.9885,LC
4472284.51,20548,38.2026,BG
4472297.13,20546,5.9041,LC
4472299.65,20545,4.7694,LC
4472327.45,20547,4.5679,LC
4472336.16,20546,3.9446,LC
4472349.74,20545,4.2362,LC
4472354.76,21893,39.9163,BG
4472356.44,20547,4.551,LC
4472375.58,20548,40.3075,BG
4472413.59,20546,3.9799,LC
4472440.15,20545,6.4319,LC
4472460.39,20547,4.7037,LC
4472466.3,21893,53.781,BG
4472484.48,20548,44.3001,BG
4472510.65,20546,4.5597,LC
4472523.49,20545,5.8026,LC
4472528.78,20547,4.8523,LC
4472534.16,20546,4.2129,LC
4472579.74,20545,4.7044,LC
4472580.35,21893,63.9958,BG
4472597.38,20547,4.4639,LC
4472597.47,20546,4.4221,LC
4472604.98,20548,70.3295,BG
4472616.41,20545,4.0632,LC
4472631.97,20547,4.4243,LC
4472664.35,20546,4.3882,LC
4472676.45,20545,4.4661,LC
4472683.24,21893,50.3095,BG
4472694.59,20547,4.7062,LC
4472714.58,20546,4.6307,LC
4472716.92,20548,61.8955,BG
4472738.45,20545,6.6946,LC
4472743.38,20547,7.0104,LC
4472766.59,20546,5.3552,LC
4472786.54,20545,4.4017,LC
4472798.59,21893,54.8733,BG
4472815.25,20548,47.1341,BG
4472815.55,20547,5.5775,LC
4472827.08,20546,5.1767,LC
4472840.42,20545,5.6896,LC
4472886.8,20546,8.471,LC
4472886.86,20547,10.1136,LC
4472907.8,20548,42.1816,BG
4472933.21,21893,82.476,BG
4472947.79,20545,7.5693,LC
4472949.7,20547,6.3341,LC
4472951.21,20546,5.5211,LC
4472954.08,20545,4.2281,LC
4472962.25,20547,4.0613,LC
4472972.97,20546,4.264,LC
4473008.96,20547,4.4776,LC
4473009.06,20545,6.4537,LC
4473028.86,20548,67.9029,BG
4473028.96,20546,4.7278,LC
4473033.73,20545,4.2039,LC
4473045.13,20547,4.9067,LC
4473046.97,20546,4.5736,LC
4473051.88,20545,4.4331,LC
4473057.85,21893,74.0413,BG
4473059.11,20547,4.8922,LC
4473110.03,20546,4.9541,LC
4473112.43,20548,36.5561,BG
4473116.67,20545,4.1087,LC
4473120.11,20546,5.3533,LC
4473129.58,20545,3.9754,LC
4473158.14,20547,5.6113,LC
4473160.13,21893,52.0556,BG
4473178.68,20546,4.0988,LC
4473190.84,20545,6.9166,LC
4473195.91,20548,33.3032,BG
4473224.7,20547,5.371,LC
4473232.36,20546,4.1178,LC
4473256.82,20545,4.2882,LC
4473259.83,21893,48.3637,BG
4473280.27,20547,4.3315,LC
4473281.43,20548,35.2643,BG
4473287.66,20546,4.6181,LC
4473347.92,20545,3.9489,LC
4473357.71,21893,47.833,BG
4473369.48,20547,4.8501,LC
4473370.37,20548,37.9722,BG
4473401.08,20546,4.3399,LC
4473401.18,20547,4.4301,LC
4473404.49,20545,8.7815,LC
4473404.67,20546,6.3309,LC
4473429.79,20547,6.0731,LC
4473444.44,20545,4.2498,LC
4473458.81,20546,5.0587,LC
4473461.28,21893,53.4887,BG
4473472.55,20547,4.9312,LC
4473475.21,20548,53.4141,BG
4473505.28,20545,4.0132,LC
4473524.8,20546,4.3002,LC
4473540.38,20547,4.7554,LC
4473566.91,20545,4.1094,LC
4473575.89,20546,4.643,LC
4473577.34,20548,45.1984,BG
4473595.32,21893,78.6492,BG
4473614.89,20547,4.331,LC
4473666.26,20548,38.4937,BG
4473682.66,21893,36.0965,BG
4473753.16,20545,4.2628,LC
4473756.21,20548,38.5245,BG
4473765.89,20546,4.028,LC
4473801.91,21893,69.1602,BG
4473815.49,20547,5.812,LC
4473866.13,20545,3.9991,LC
4473884.07,20546,4.4862,LC
4473888.24,20548,83.73,BG
4473910.3,21893,56.0378,BG
4473918.71,20547,4.0991,LC
4473963.54,20548,25.0996,BG
4473981.52,20545,3.9618,LC
4474003.72,20546,4.2281,LC
4474016.91,21893,56.1923,BG
4474045.34,20548,31.0722,BG
4474079.7,20547,4.0605,LC
4474101.88,21893,34.2798,BG
4474127.64,20548,31.3844,BG
4474152.4,20545,4.1838,LC
4474164.11,20546,3.904,LC
4474184.87,21893,33.1384,BG
4474208.12,20548,30.207,BG
4474212.24,20547,4.069,LC
4474232.58,20545,4.4242,LC
4474267.62,21893,32.1519,BG
4474288.18,20548,29.9025,BG
4474316.55,20546,4.1053,LC
4474350.13,21893,30.5211,BG
4474359.29,20547,5.4625,LC
4474373.63,20545,5.0145,LC
4474374.55,20548,34.1308,BG
4474380.57,20546,4.077,LC
4474417.42,20547,5.2301,LC
4474434.66,21893,34.4489,BG
4474452.86,20548,28.1055,BG
4474459.6,20545,5.0394,LC
4474469.39,20546,3.9122,LC
4474510.32,20547,5.2516,LC
4474567.11,20545,4.7906,LC
4474574.33,20546,6.0185,LC
4474577.19,21893,92.3144,BG
4474593.12,20547,5.8617,LC
4474607.59,20545,4.7199,LC
4474623.89,20548,112.8834,BG
4474641.2,20546,4.2425,LC
4474660.82,20547,5.9908,LC
4474668.42,20545,4.5559,LC
4474673.97,20546,4.8006,LC
4474677.52,20547,5.8605,LC
4474685.0,20545,4.4346,LC
4474714.85,21893,80.432,BG
4474722.11,20546,4.6395,LC
4474729.16,20547,6.5623,LC
4474734.18,20545,4.4299,LC
4474736.86,20546,4.6102,LC
4474746.11,20547,6.6826,LC
4474749.06,20548,70.2761,BG
4474749.11,20545,4.2149,LC
4474812.29,20547,4.4413,LC
4474817.46,21893,53.0785,BG
4474838.63,20546,5.3723,LC
4474841.56,20548,44.2992,BG
4474862.97,20545,4.196,LC
4474895.21,21893,26.6825,BG
4474919.48,20548,27.7604,BG
4474925.99,20546,8.5461,LC
4474927.52,20547,14.8784,LC
4474946.65,20546,4.176,LC
4474951.96,20545,8.6163,LC
4474952.02,20547,9.0507,LC
4474952.07,20546,4.8033,LC
4474960.78,20545,4.5201,LC
4474960.91,20546,4.3091,LC
4474995.1,20547,4.0943,LC
4474998.73,20546,4.0748,LC
4475009.93,20548,38.7125,BG
4475024.17,21893,71.6786,BG
4475030.69,20545,4.1653,LC
4475067.36,20547,3.9324,LC
4475075.18,20546,4.706,LC
4475096.48,20548,36.2785,BG
4475100.42,21893,26.1456,BG
4475123.81,20545,4.1626,LC
4475160.1,20547,5.6727,LC
4475166.61,20546,4.0735,LC
4475180.45,20548,33.7275,BG
4475182.67,21893,32.0056,BG
4475204.13,20545,8.1509,LC
4475204.21,20547,6.9821,LC
4475212.17,20546,4.163,LC
4475233.37,20545,6.0711,LC
4475237.84,20547,7.4576,LC
4475253.88,20546,6.3444,LC
4475262.78,21893,27.5074,BG
4475264.94,20548,34.3775,BG
4475272.85,20545,4.4238,LC
4475294.6,20547,4.4411,LC
4475301.56,20546,4.4981,LC
4475301.72,20545,4.3192,LC
4475306.25,20547,4.2199,LC
4475311.12,20546,4.1251,LC
4475319.71,20545,4.0422,LC
4475330.59,20546,3.9731,LC
4475330.77,20547,6.2796,LC
4475350.89,20548,35.8403,BG
4475352.52,20545,4.1629,LC
4475356.23,21893,43.068,BG
4475396.33,20546,4.1304,LC
4475398.24,20547,4.1798,LC
4475414.54,20545,4.1334,LC
4475432.69,20548,31.4258,BG
4475444.62,21893,38.5421,BG
4475454.61,20546,5.0971,LC
4475488.3,20547,6.2046,LC
4475497.69,20545,4.2869,LC
4475510.24,20546,4.5793,LC
4475530.19,20547,4.652,LC
4475556.7,20545,4.3197,LC
4475577.24,21893,79.1731,BG
4475581.76,20546,3.8799,LC
4475582.26,20548,99.0933,BG
4475631.96,20547,4.5733,LC
4475644.87,20545,4.1143,LC
4475685.1,20546,4.3439,LC
4475715.08,21893,83.1075,BG
4475717.39,20548,80.9344,BG
4475744.94,20547,4.4044,LC
4475753.15,20545,4.1148,LC
4475759.99,20546,6.4412,LC
4475764.0,20547,4.9515,LC
4475778.37,20546,4.5409,LC
4475792.22,20545,5.0253,LC
4475797.94,20547,4.1399,LC
4475822.5,20546,5.3357,LC
4475830.33,20545,4.2895,LC
4475838.84,20547,4.4469,LC
4475850.5,20548,79.5613,BG
4475865.21,20546,7.3069,LC
4475868.68,21893,103.3637,BG
4475871.43,20545,5.8886,LC
4475876.75,20547,3.9473,LC
4475929.99,20548,29.3415,BG
4475933.67,20546,4.783,LC
4475938.51,20545,4.3555,LC
4475955.05,20547,4.2234,LC
4475959.35,20546,4.3923,LC
4475967.28,21893,43.7999,BG
4475973.91,20545,4.6835,LC
4475987.48,20547,4.1326,LC
4475996.58,20546,5.3256,LC
4476005.91,20545,5.0217,LC
4476012.17,20548,31.9904,BG
4476025.51,20547,4.2879,LC
4476026.15,20546,4.5958,LC
4476041.14,20545,4.1573,LC
4476052.94,20547,4.5265,LC
4476053.72,20546,5.1491,LC
4476063.1,21893,43.7004,BG
4476096.74,20545,4.2272,LC
4476096.83,20548,33.291,BG
4476138.03,20547,6.511,LC
4476145.7,20546,5.0728,LC
4476150.85,21893,36.9953,BG
4476160.21,20547,7.5186,LC
4476160.85,20545,9.7996,LC
4476161.06,20546,4.3969,LC
4476174.03,20547,5.0787,LC
4476179.85,20548,33.0252,BG
4476190.52,20545,4.2047,LC
4476201.97,20546,5.427,LC
4476241.59,21893,38.356,BG
4476247.29,20545,8.2311,LC
4476248.11,20547,9.7838,LC
4476248.69,20546,8.3961,LC
4476264.19,20547,9.1007,LC
4476275.21,20546,7.6686,LC
4476275.58,20545,5.0015,LC
4476304.35,20546,4.7928,LC
4476304.45,20547,4.4124,LC
4476315.86,20548,83.1054,BG
4476323.6,20546,5.5215,LC
4476343.76,20545,5.6696,LC
4476344.31,21893,53.1015,BG
4476353.41,20547,4.9833,LC
4476357.6,20546,6.8613,LC
4476385.72,20545,4.7198,LC
4476397.97,20547,4.5817,LC
4476401.98,20548,36.3403,BG
4476428.4,21893,33.1454,BG
4476444.26,20546,4.43,LC
4476456.32,20545,4.7447,LC
4476481.21,20548,27.1936,BG
4476499.48,20547,3.958,LC
4476542.38,21893,60.2733,BG
4476552.53,20546,4.5263,LC
4476565.65,20548,34.3563,BG
4476573.27,20545,4.8605,LC
4476586.92,20547,4.1091,LC
4476597.1,20546,4.6312,LC
4476604.07,20547,7.6877,LC
4476605.0,20545,7.8095,LC
4476614.57,20546,5.8111,LC
4476623.48,20545,5.8097,LC
4476638.02,20547,4.3729,LC
4476662.76,21893,72.5535,BG
4476668.76,20548,51.1822,BG
4476696.87,20546,4.7911,LC
4476703.73,20545,9.7969,LC
4476704.32,20547,5.6348,LC
4476725.62,20546,4.4641,LC
4476760.16,20545,5.8907,LC
4476782.36,20547,5.1803,LC
4476782.89,21893,70.2708,BG
4476786.8,20548,63.0493,BG
4476824.64,20546,4.6572,LC
4476836.8,20545,4.248,LC
4476847.52,20547,4.304,LC
4476860.34,20546,6.0583,LC
4476871.15,20547,5.8671,LC
4476871.27,20545,8.1925,LC
4476871.77,20546,4.3904,LC
4476904.94,21893,71.6972,BG
4476908.81,20548,71.1085,BG
4476915.83,20545,7.1215,LC
4476917.28,20547,6.8555,LC
4476959.64,20546,4.5425,LC
4476965.37,20545,5.5684,LC
4476985.39,20547,6.282,LC
4477017.85,20546,3.9119,LC
4477031.2,21893,69.8493,BG
4477031.74,20548,71.5225,BG
4477079.46,20545,8.9116,LC
4477094.98,20546,4.2027,LC
4477095.06,20547,5.2314,LC
4477113.04,20548,29.872,BG
4477141.55,21893,60.178,BG
4477193.0,20548,29.6501,BG
4477206.11,20545,4.2472,LC
4477223.64,20547,4.2094,LC
4477225.27,21893,32.214,BG
4477238.46,20546,4.2014,LC
4477266.79,20548,23.5704,BG
4477276.21,20545,5.2301,LC
4477280.41,20547,5.979,LC
4477315.37,21893,39.1824,BG
4477342.77,20548,25.8279,BG
4477395.5,20546,6.7495,LC
4477411.58,20545,4.1862,LC
4477415.05,21893,48.7882,BG
4477419.77,20547,4.7053,LC
4477424.22,20548,31.0907,BG
4477440.25,20546,3.9675,LC
4477446.54,20545,4.2888,LC
4477487.14,20547,4.0981,LC
4477502.29,20548,27.9475,BG
4477504.24,21893,38.9427,BG
4477511.54,20546,4.1919,LC
4477544.33,20545,8.5978,LC
4477555.56,20547,4.3521,LC
4477589.01,20546,4.2802,LC
4477599.38,20545,5.2958,LC
4477656.84,21893,100.6593,BG
4477657.31,20548,86.7693,BG
4477660.73,20547,3.9602,LC
4477707.35,20546,4.333,LC
4477747.26,20545,5.5595,LC
4477755.81,20547,8.0942,LC
4477758.14,20546,6.2673,LC
4477785.05,21893,78.0936,BG
4477786.18,20548,74.0242,BG
4477794.86,20545,4.3379,LC
4477819.76,20547,4.3801,LC
4477898.62,20548,30.1396,BG
4477901.6,21893,66.3208,BG
4477939.44,20546,4.2704,LC
4477944.85,20545,4.4623,LC
4477973.46,20548,24.8575,BG
4477977.54,20547,3.8255,LC
4477982.09,21893,30.2812,BG
4478035.64,20546,6.4077,LC
4478042.86,20545,6.8321,LC
4478051.91,20547,5.6064,LC
4478064.33,20548,40.1508,BG
4478067.05,21893,34.7805,BG
4478071.34,20546,4.2819,LC
4478081.49,20545,3.9332,LC
4478082.45,20547,4.2031,LC
4478102.58,20546,4.2977,LC
4478121.16,20545,8.4018,LC
4478121.21,20547,6.6043,LC
4478125.19,20546,6.128,LC
4478137.55,20545,6.3612,LC
4478137.9,20548,23.482,BG
4478139.86,20547,4.6488,LC
4478157.21,21893,35.763,BG
4478168.49,20546,3.9432,LC
4478174.46,20545,4.4336,LC
4478178.86,20547,4.0661,LC
4478187.06,20546,3.9831,LC
4478192.95,20545,4.0618,LC
4478206.34,20547,3.9847,LC
4478219.43,20546,4.0409,LC
4478239.65,20545,8.191,LC
4478239.74,20547,6.5536,LC
4478242.79,20548,53.6144,BG
4478251.18,20546,4.1384,LC
4478259.61,21893,51.4517,BG
4478281.97,20547,4.4061,LC
4478298.78,20545,4.2617,LC
4478316.19,20547,6.9664,LC
4478316.24,20546,8.0373,LC
4478327.11,20548,32.3611,BG
4478336.39,20545,4.0358,LC
4478343.54,20547,4.174,LC
4478346.53,21893,32.1546,BG
4478355.22,20546,6.1407,LC
4478357.65,20545,4.483,LC
4478362.54,20547,4.1997,LC
4478380.11,20546,6.0398,LC
4478380.93,20545,5.801,LC
4478400.38,20548,23.1482,BG
4478417.95,20547,6.0453,LC
4478420.08,20546,4.8313,LC
4478426.11,20545,4.7214,LC
4478433.33,21893,36.6735,BG
4478457.16,20547,4.4394,LC
4478463.8,20546,4.2348,LC
4478468.88,20545,3.9957,LC
4478474.36,20548,23.8856,BG
4478482.13,20547,4.2984,LC
4478484.52,20546,4.2481,LC
4478508.67,20545,4.1292,LC
4478518.63,20547,4.354,LC
4478519.21,21893,35.8049,BG
4478547.5,20546,5.0012,LC
4478552.26,20545,4.381,LC
4478557.21,20547,3.8912,LC
4478565.11,20546,6.0407,LC
4478574.37,20545,4.0888,LC
4478583.37,20547,4.0686,LC
4478585.05,20546,4.1027,LC
4478619.12,20546,3.8371,LC
4478621.19,20547,6.0575,LC
4478621.29,20545,7.9498,LC
4478625.16,20546,4.7198,LC
4478625.87,20548,100.6238,BG
4478636.38,20545,4.09,LC
4478643.07,20547,4.6333,LC
4478651.77,20546,4.6388,LC
4478656.17,20545,4.9497,LC
4478665.73,20546,4.1195,LC
4478670.4,21893,82.2614,BG
4478674.73,20547,4.6692,LC
4478696.03,20545,4.0503,LC
4478711.44,20548,32.8932,BG
4478727.2,20546,4.429,LC
4478738.18,20547,3.9843,LC
4478744.69,20545,4.0833,LC
4478764.24,20546,4.2128,LC
4478768.71,20547,4.0344,LC
4478794.6,20548,33.1568,BG
4478804.37,20545,4.1563,LC
4478805.78,21893,85.234,BG
4478813.07,20546,4.449,LC
4478817.6,20547,4.3664,LC
4478830.9,20545,4.3462,LC
4478837.6,20546,4.6707,LC
4478846.64,20547,7.6289,LC
4478848.23,20545,5.1321,LC
4478864.11,20546,4.2766,LC
4478865.41,20547,4.7729,LC
4478885.9,20545,4.4202,LC
4478902.24,20546,4.3537,LC
4478909.16,21893,53.2952,BG
4478917.15,20547,3.8753,LC
4478932.22,20548,82.6774,BG
4478957.45,20545,4.3401,LC
4478984.04,21893,24.7019,BG
4478989.04,20546,4.4575,LC
4479011.19,20548,29.7304,BG
4479019.09,20547,5.294,LC
4479027.25,20545,4.1112,LC
4479053.17,20546,4.0022,LC
4479057.32,21893,23.2069,BG
4479074.25,20547,4.2396,LC
4479085.41,20548,23.9908,BG
4479105.99,20545,4.0657,LC
4479134.84,21893,26.6419,BG
4479159.6,20548,23.7551,BG
4479196.18,20546,3.9319,LC
4479201.04,20547,4.0165,LC
4479207.26,20545,3.8964,LC
4479215.63,21893,30.4545,BG
4479225.85,20546,4.0639,LC
4479234.73,20547,6.4214,LC
4479235.48,20545,4.3138,LC
4479239.63,20546,7.3354,LC
4479241.96,20548,30.4986,BG
4479242.24,20547,5.8294,LC
4479246.1,20545,3.9914,LC
4479253.03,20546,4.3295,LC
4479258.59,20547,4.5995,LC
4479275.25,20545,4.0088,LC
4479300.16,21893,34.3892,BG
4479316.65,20548,25.7768,BG
4479325.95,20546,3.9435,LC
4479338.61,20547,4.9816,LC
4479348.11,20545,3.8275,LC
4479369.69,20546,4.6882,LC
4479371.14,20547,4.4112,LC
4479382.96,20545,4.0974,LC
4479386.31,21893,35.1502,BG
4479397.19,20546,4.0711,LC
4479398.76,20548,32.123,BG
4479439.31,20547,4.748,LC
4479464.39,21893,26.446,BG
4479474.46,20545,4.7692,LC
4479477.27,20548,28.4237,BG
4479492.27,20547,5.0445,LC
4479492.32,20546,5.9074,LC
4479507.12,20545,4.2766,LC
4479524.14,20547,4.8591,LC
4479524.29,20546,4.5496,LC
4479555.08,20545,6.0428,LC
4479555.4,20547,5.0412,LC
4479560.37,20546,7.1385,LC
4479575.24,20545,4.9168,LC
4479602.3,20547,5.7431,LC
4479610.88,20546,9.4627,LC
4479616.46,20545,7.2469,LC
4479617.87,20547,6.5684,LC
4479657.17,20546,8.7497,LC
4479665.32,20545,11.1997,LC
4479665.4,20547,10.0256,LC
4479672.44,20546,8.9587,LC
4479689.23,20545,6.6279,LC
4479701.88,20547,7.3946,LC
4479704.54,20546,7.9549,LC
4479705.47,20545,4.8837,LC
4479724.76,20547,4.4696,LC
4479737.8,20545,4.8963,LC
4479749.04,20546,4.2356,LC
4479768.22,20547,4.2791,LC
4479812.25,20545,3.9634,LC
4479822.33,20546,4.3384,LC
4479825.96,20547,4.2874,LC
4479830.4,21893,311.8243,BG
4479831.8,20548,302.6726,BG
4479837.76,20545,3.8598,LC
4479861.44,20546,4.4703,LC
4479865.9,20547,4.1399,LC
4479878.28,20546,6.0412,LC
4479892.75,20545,4.1595,LC
4479901.81,20547,4.1736,LC
4479909.35,20546,4.142,LC
4479922.83,20545,4.341,LC
4479927.38,20548,40.0452,BG
4479934.16,20547,4.0645,LC
4479937.29,20546,4.7146,LC
4479947.32,21893,65.2684,BG
4479954.96,20547,4.2303,LC
4480090.19,20545,4.3169,LC
4480104.1,20548,123.4542,BG
4480105.9,21893,108.7038,BG
4480114.04,20546,4.0903,LC
4480125.41,20547,4.7572,LC
4480162.15,20545,5.5959,LC
4480199.11,20548,46.9219,BG
4480207.5,20546,4.2365,LC
4480209.59,21893,51.4143,BG
4480286.57,21893,26.3252,BG
4480290.56,20548,41.3302,BG
4480325.03,20547,4.2118,LC
4480364.71,21893,27.5076,BG
4480372.86,20548,31.2134,BG
4480384.67,20545,5.1965,LC
4480409.96,20546,5.0557,LC
4480444.48,21893,29.6225,BG
4480446.82,20548,23.3709,BG
4480520.45,20548,23.502,BG
4480526.03,21893,31.447,BG
4480551.16,20547,3.9925,LC
4480660.77,20545,4.2882,LC
4480666.55,20548,95.3811,BG
4480677.5,21893,101.3824,BG
4480694.98,20546,4.972,LC
4480715.44,20547,4.3167,LC
4480776.82,21893,49.2321,BG
4480783.86,20548,63.9504,BG
4480813.48,20545,7.238,LC
4480852.37,20546,4.897,LC
4480872.73,20548,38.4461,BG
4480897.17,21893,68.6943,BG
4480960.67,20547,4.124,LC
4480962.75,20548,38.4874,BG
4480967.96,20545,4.2689,LC
4480981.84,21893,34.5056,BG
4480986.39,20546,3.9485,LC
4480991.43,20547,4.714,LC
4481000.93,20545,5.323,LC
4481037.71,20548,24.8554,BG
4481053.6,20546,4.1462,LC
4481061.21,21893,28.9662,BG
4481111.94,20548,24.1306,BG
4481137.3,21893,25.8577,BG
4481173.45,20547,3.9346,LC
4481192.72,20548,30.5643,BG
4481197.72,20545,4.4348,LC
4481202.14,20546,4.1754,LC
4481214.87,21893,26.6611,BG
4481270.41,20547,6.411,LC
4481271.05,20548,28.1739,BG
4481294.34,20545,5.0646,LC
4481296.24,21893,30.7554,BG
4481352.05,20548,30.8,BG
4481371.93,21893,25.5254,BG
4481378.86,20546,4.6011,LC
4481428.56,20548,26.3923,BG
4481430.2,20547,4.9241,LC
4481451.93,21893,29.7083,BG
4481459.36,20545,4.9178,LC
4481467.77,20546,4.7552,LC
4481478.92,20547,3.8987,LC
4481513.45,20548,34.3078,BG
4481531.36,21893,27.5036,BG
4481607.61,20548,43.3468,BG
4481627.09,20545,4.6527,LC
4481636.58,21893,42.4706,BG
4481709.71,20548,48.0751,BG
4481731.64,20546,4.2183,LC
4481738.49,20547,4.7807,LC
4481741.07,21893,53.6318,BG
4481814.04,20548,54.0675,BG
4481818.78,20545,4.2058,LC
4481852.84,21893,60.8719,BG
4481874.91,20546,4.5397,LC
4481893.25,20547,4.0181,LC
4481900.27,20548,34.3312,BG
4481905.52,20545,4.7513,LC
4481956.21,20546,9.2609,LC
4481972.91,21893,68.7837,BG
4482009.56,20548,59.1889,BG
4482052.86,21893,29.539,BG
4482086.32,20548,26.4298,BG
4482103.79,20547,5.8069,LC
4482130.85,21893,27.7677,BG
4482135.41,20545,5.4176,LC
4482141.89,20546,5.2047,LC
4482166.6,20547,5.939,LC
4482174.14,20548,35.5611,BG
4482208.79,21893,27.8834,BG
4482220.26,20545,5.3046,LC
4482226.47,20546,6.3655,LC
4482237.3,20547,4.0939,LC
4482244.86,20545,5.2866,LC
4482254.17,20546,3.9693,LC
4482271.2,20548,45.8995,BG
4482274.61,20547,4.0017,LC
4482300.46,21893,41.4742,BG
4482356.29,20548,34.9121,BG
4482391.6,21893,39.7913,BG
4482446.38,20548,36.7289,BG
4482481.43,20545,5.6599,LC
4482485.28,20546,5.9404,LC
4482502.87,21893,60.4335,BG
4482534.31,20548,37.688,BG
4482540.83,20547,5.2099,LC
4482560.38,20545,4.3922,LC
4482596.23,21893,41.7409,BG
4482621.31,20548,37.0166,BG
4482630.23,20546,4.9239,LC
4482644.19,20547,6.173,LC
4482708.82,21893,62.4025,BG
4482724.37,20548,51.6224,BG
4482738.11,20545,7.6517,LC
4482773.21,20546,5.4901,LC
4482795.74,21893,36.7633,BG
4482820.21,20547,4.5147,LC
4482827.48,20545,4.6252,LC
4482837.48,20546,4.5831,LC
4482857.14,20548,83.4453,BG
4482863.93,20547,3.9635,LC
4482905.61,21893,59.2831,BG
4482928.48,20545,5.0499,LC
4482977.18,20548,69.9548,BG
4482997.69,20546,5.1955,LC
4483023.94,21893,42.4035,BG
4483058.84,20547,4.1715,LC
4483065.39,20545,3.9182,LC
4483093.53,20548,66.1173,BG
4483132.18,20546,4.456,LC
4483151.72,21893,77.3404,BG
4483208.49,20548,61.1191,BG
4483268.67,21893,64.607,BG
4483287.12,20545,4.8603,LC
4483290.19,20547,8.0885,LC
4483290.4,20547,4.9046,LC
4483305.19,20548,45.3868,BG
4483352.25,21893,33.6569,BG
4483380.11,20548,24.6876,BG
4483404.88,20546,6.5089,LC
4483439.17,20545,4.0798,LC
4483453.43,21893,51.085,BG
4483477.27,20547,5.5372,LC
4483481.42,20548,51.3568,BG
4483536.56,21893,33.0088,BG
4483553.2,20546,4.1124,LC
4483566.28,20548,34.0232,BG
4483598.63,20545,4.0113,LC
4483639.2,21893,46.7505,BG
4483653.77,20548,36.5147,BG
4483725.07,20547,5.5898,LC
4483737.51,21893,49.3632,BG
4483771.2,20548,66.549,BG
4483796.66,20546,4.2043,LC
4483839.12,20545,7.3318,LC
4483861.07,21893,72.0624,BG
4483877.65,20548,55.5795,BG
4483903.96,20547,5.1457,LC
4483958.63,20546,4.7438,LC
4483964.87,20548,36.8695,BG
4484013.9,21893,102.3308,BG
4484040.06,20548,24.8428,BG
4484086.87,21893,23.0074,BG
4484113.19,20548,22.9622,BG
4484167.17,20545,4.3405,LC
4484192.98,21893,54.9154,BG
4484200.54,20548,26.3609,BG
4484220.42,20547,4.0971,LC
4484278.89,21893,34.9348,BG
4484281.14,20548,29.8797,BG
4484291.59,20546,4.5606,LC
4484298.34,20545,6.2737,LC
4484348.11,20547,4.908,LC
4484366.15,21893,36.7845,BG
4484368.25,20548,37.0498,BG
4484381.44,20546,8.5763,LC
4484381.53,20545,9.6133,LC
4484383.63,20547,5.8036,LC
4484411.81,20546,5.3997,LC
4484444.83,21893,28.2782,BG
4484448.46,20545,5.7317,LC
4484450.47,20548,32.0498,BG
4484529.46,20547,5.7296,LC
4484552.91,20546,5.5446,LC
4484556.18,20545,5.7816,LC
4484564.72,21893,66.289,BG
4484600.66,20548,99.7875,BG
4484641.43,21893,26.9105,BG
4484663.05,20547,4.2979,LC
4484717.72,21893,26.0922,BG
4484740.65,20546,4.4347,LC
4484759.7,20545,5.7701,LC
4484763.45,20548,112.5642,BG
4484826.12,20547,6.5461,LC
4484846.71,20546,4.1993,LC
4484855.5,20545,6.7566,LC
4484901.58,20547,6.7961,LC
4484909.74,21893,139.9425,BG
4484933.36,20546,7.3329,LC
4484938.18,20548,123.4746,BG
4484949.81,20545,5.2157,LC
4484999.7,21893,40.5107,BG
4485022.06,20548,35.064,BG
4485055.67,20547,6.145,LC
4485074.65,20546,5.9282,LC
4485077.2,20545,4.0158,LC
4485081.29,21893,28.1011,BG
4485090.93,20547,4.118,LC
4485098.23,20548,26.069,BG
4485157.72,21893,26.0275,BG
4485172.93,20548,24.4264,BG
4485192.42,20546,6.0003,LC
4485209.9,20545,7.0655,LC
4485243.1,21893,32.7538,BG
4485257.75,20548,34.7034,BG
4485301.31,20547,6.1988,LC
4485306.81,20546,4.8398,LC
4485332.6,21893,39.2185,BG
4485348.69,20545,5.5074,LC
4485359.12,20547,4.1607,LC
4485360.14,20548,51.9531,BG
4485372.54,20546,4.5659,LC
4485377.76,20545,4.5641,LC
4485384.79,20547,5.7922,LC
4485395.26,20546,4.4454,LC
4485427.79,21893,40.1908,BG
4485432.07,20545,6.3313,LC
4485433.05,20547,4.8022,LC
4485453.74,20546,4.1872,LC
4485469.74,20548,57.8078,BG
4485484.52,20545,4.7888,LC
4485493.18,20547,7.281,LC
4485495.73,20546,8.2235,LC
4485503.27,21893,28.8108,BG
4485511.3,20545,4.3812,LC
4485517.76,20547,4.6047,LC
4485533.07,20546,5.0677,LC
4485537.94,20545,4.822,LC
4485547.46,20548,28.0726,BG
4485563.36,20547,5.3676,LC
4485566.96,20546,4.5333,LC
4485589.66,21893,34.2273,BG
4485599.38,20547,4.864,LC
4485599.96,20545,4.72,LC
4485607.47,20546,4.3779,LC
4485626.42,20547,5.4776,LC
4485637.9,20545,6.1472,LC
4485638.88,20546,5.3096,LC
4485644.89,20548,45.6891,BG
4485659.86,20547,5.6564,LC
4485666.86,20545,4.5361,LC
4485686.6,20547,4.3612,LC
4485739.17,20546,13.2626,LC
4485739.51,20547,6.5138,LC
4485739.61,20545,8.0135,LC
4485749.32,21893,102.833,BG
4485780.62,20545,7.9206,LC
4485781.2,20546,5.6696,LC
4485782.67,20548,89.1275,BG
4485806.94,20547,4.2372,LC
4485831.46,21893,33.0082,BG
4485844.22,20545,7.9533,LC
4485848.57,20546,8.5075,LC
4485853.08,20547,5.0453,LC
4485857.75,20545,6.2953,LC
4485863.07,20547,4.6559,LC
4485872.31,20546,6.0441,LC
4485881.82,20545,4.349,LC
4485892.8,20547,4.1278,LC
4485915.7,20548,82.6506,BG
4485930.07,21893,47.6336,BG
4485974.81,20546,5.2689,LC
4485981.17,20545,4.5917,LC
4486030.12,21893,48.3381,BG
4486031.79,20548,66.1035,BG
4486066.8,20547,4.2082,LC
4486071.22,20546,4.3671,LC
4486075.13,20545,4.277,LC
4486102.84,20547,3.9014,LC
4486113.23,20546,4.3175,LC
4486121.48,20545,4.0403,LC
4486121.71,20548,35.3446,BG
4486144.06,21893,47.7043,BG
4486156.26,20547,4.4521,LC
4486202.64,20548,31.6419,BG
4486203.21,20546,9.1814,LC
4486207.93,20545,4.4582,LC
4486212.93,20547,4.5271,LC
4486240.52,20546,4.2344,LC
4486246.03,20545,5.996,LC
4486251.87,21893,48.4453,BG
4486264.15,20547,5.1821,LC
4486277.19,20546,4.8177,LC
4486277.5,20545,4.6416,LC
4486290.91,20548,38.1187,BG
4486327.09,21893,24.9122,BG
4486333.09,20547,4.1699,LC
4486361.69,20546,5.1178,LC
4486369.66,20548,28.5394,BG
4486397.45,20545,4.8143,LC
4486406.81,21893,29.5796,BG
4486411.04,20547,5.2163,LC
4486419.89,20546,3.9592,LC
4486458.43,20548,38.6395,BG
4486482.59,21893,25.614,BG
4486494.87,20545,4.5518,LC
4486514.15,20547,4.2782,LC
4486551.09,20546,6.2249,LC
4486551.27,20548,42.0172,BG
4486552.61,20545,5.087,LC
4486567.68,21893,34.7706,BG
4486606.59,20547,6.1558,LC
4486634.26,20546,4.9736,LC
4486635.09,20545,3.9798,LC
4486649.46,20548,42.7092,BG
4486657.07,21893,38.8143,BG
4486677.16,20547,5.0746,LC
4486682.82,20546,3.9637,LC
4486685.06,20545,4.8255,LC
4486702.61,20547,4.8746,LC
4486722.97,20546,4.6252,LC
4486731.2,20545,4.0836,LC
4486745.27,20547,4.6025,LC
4486753.98,20546,4.0578,LC
4486759.77,20545,5.3821,LC
4486772.14,20548,72.5433,BG
4486790.11,20547,4.0273,LC
4486791.39,20546,4.9974,LC
4486800.94,20547,8.6082,LC
4486802.47,20545,8.3145,LC
4486813.27,20546,4.048,LC
4486834.57,20547,4.5693,LC
4486845.07,20545,5.3495,LC
4486857.39,20546,4.823,LC
4486858.53,21893,147.0818,BG
4486889.45,20548,66.8694,BG
4486893.97,20547,4.6111,LC
4486910.66,20545,4.7286,LC
4486917.65,20546,4.1274,LC
4486925.17,20547,4.48,LC
4486958.44,20545,6.271,LC
4486981.1,20546,4.4916,LC
4486990.07,20547,5.4868,LC
4486997.57,20545,5.1987,LC
4487008.95,20546,3.7881,LC
4487017.79,20547,4.6019,LC
4487017.93,20545,4.1473,LC
4487029.07,20546,5.5435,LC
4487037.19,20547,4.0338,LC
4487041.83,21893,130.7974,BG
4487075.79,20548,135.1084,BG
4487126.13,20545,4.0374,LC
4487129.77,20546,6.2433,LC
4487135.36,20547,4.6722,LC
4487140.72,20545,3.9086,LC
4487150.21,21893,56.4536,BG
4487167.4,20546,4.6189,LC
4487168.33,20548,42.1889,BG
4487223.65,20547,4.3622,LC
4487235.29,20545,4.1411,LC
4487240.82,20546,6.2839,LC
4487277.46,21893,76.8243,BG
4487290.17,20548,69.2908,BG
4487302.29,20545,4.12,LC
4487321.39,20547,9.6179,LC
4487323.65,20546,6.4289,LC
4487330.81,20545,7.9396,LC
4487351.25,20547,4.0395,LC
4487365.08,20546,4.5649,LC
4487384.44,20545,8.3853,LC
4487384.5,20547,6.0132,LC
4487397.24,21893,63.4874,BG
4487403.58,20546,4.5562,LC
4487408.61,20548,66.0918,BG
4487414.43,20545,10.5717,LC
4487416.25,20546,6.3506,LC
4487417.62,20547,9.3827,LC
4487423.51,20546,5.4795,LC
4487427.12,20545,9.2591,LC
4487427.76,20547,7.0546,LC
4487429.6,20546,4.6053,LC
4487449.54,20545,8.444,LC
4487449.84,20547,6.6234,LC
4487456.63,20546,4.5246,LC
4487473.82,20547,9.098,LC
4487473.92,20545,8.5889,LC
4487473.96,20546,4.914,LC
4487512.15,20545,6.4957,LC
4487516.07,21893,68.5832,BG
4487523.29,20546,4.4557,LC
4487526.24,20547,9.9909,LC
4487528.82,20545,8.4917,LC
4487535.6,20548,73.4328,BG
4487545.3,20546,8.0752,LC
4487548.67,20547,4.0961,LC
4487567.25,20546,4.1847,LC
4487581.6,20545,5.2995,LC
4487597.65,21893,31.4805,BG
4487624.39,20547,7.0193,LC
4487628.07,20548,42.3847,BG
4487655.33,20546,8.2709,LC
4487657.4,20545,7.7549,LC
4487662.37,20547,4.1739,LC
4487680.26,21893,32.5366,BG
4487729.57,20548,51.2079,BG
4487791.22,20546,6.0701,LC
4487792.13,20545,5.7654,LC
4487798.15,21893,65.6418,BG
4487799.05,20547,4.1691,LC
4487820.09,20548,40.2162,BG
4487861.47,20546,4.5199,LC
4487895.74,20545,3.9688,LC
4487909.89,21893,60.4701,BG
4487923.55,20548,50.8676,BG
4488014.29,21893,50.5031,BG
4488034.9,20548,60.1961,BG
4488039.06,20547,5.0812,LC
4488138.16,20548,52.8304,BG
4488141.22,21893,76.8007,BG
4488187.45,20546,9.102,LC
4488187.8,20545,9.4379,LC
4488189.23,20547,4.8029,LC
4488241.54,21893,48.8942,BG
4488249.07,20548,59.1569,BG
4488303.63,20545,5.4366,LC
4488320.91,20546,4.0705,LC
4488333.8,20547,6.4192,LC
4488350.56,20545,4.4257,LC
4488365.95,20546,4.9358,LC
4488367.89,21893,75.6419,BG
4488378.3,20548,72.0844,BG
4488415.18,20547,8.0726,LC
4488446.44,20545,5.4706,LC
4488450.7,21893,32.4687,BG
4488469.91,20548,40.7988,BG
4488498.6,20546,4.6192,LC
4488519.26,20547,4.393,LC
4488530.5,21893,29.0602,BG
4488551.27,20548,30.9884,BG
4488552.43,20545,4.0215,LC
4488604.79,20546,3.8812,LC
4488612.26,21893,31.2976,BG
4488632.07,20548,29.1802,BG
4488671.61,20547,5.8416,LC
4488680.11,20545,4.9257,LC
4488696.16,21893,33.7944,BG
4488715.93,20548,33.7715,BG
4488803.12,21893,51.3654,BG
4488815.15,20546,4.1778,LC
4488820.2,20547,5.1185,LC
4488833.1,20545,4.6809,LC
4488842.2,20546,7.1095,LC
4488846.43,20548,73.3671,BG
4488849.79,20547,13.1867,LC
4488853.2,20545,8.7702,LC
4488858.41,20546,15.5065,LC
4488865.13,20547,14.2897,LC
4488865.26,20545,11.1889,LC
4488918.17,20546,6.0186,LC
4488920.73,20545,5.6269,LC
4488931.48,21893,65.8306,BG
4488943.3,20547,4.5605,LC
4488956.73,20546,9.1215,LC
4488956.82,20545,6.8164,LC
4488977.66,20548,79.0837,BG
4488994.78,20547,4.3383,LC
4489014.41,20546,4.9487,LC
4489044.29,21893,60.8562,BG
4489054.62,20545,8.9398,LC
4489067.29,20547,5.7815,LC
4489073.91,20546,6.5663,LC
4489089.56,20545,5.1996,LC
4489097.27,20547,4.0092,LC
4489101.33,20548,72.7693,BG
4489108.85,20546,4.4857,LC
4489123.08,20545,4.0704,LC
4489136.65,20547,4.2898,LC
4489146.34,20546,5.097,LC
4489167.33,20545,5.4821,LC
4489167.47,21893,68.1129,BG
4489193.26,20548,43.287,BG
4489245.79,20547,9.5926,LC
4489246.24,21893,29.9173,BG
4489249.42,20546,7.781,LC
4489267.54,20545,4.156,LC
4489280.53,20547,6.5804,LC
4489298.67,20546,4.5357,LC
4489312.03,20545,10.6762,LC
4489312.84,20548,63.3355,BG
4489313.67,20547,6.8218,LC
4489343.41,20546,4.7654,LC
4489349.26,20545,5.5127,LC
4489350.51,21893,52.4738,BG
4489360.14,20547,4.6866,LC
4489373.58,20546,5.1115,LC
4489394.58,20548,31.4721,BG
4489404.85,20545,7.0162,LC
4489412.23,20547,4.9351,LC
4489440.55,21893,38.8707,BG
4489460.17,20546,4.5373,LC
4489478.75,20548,33.3974,BG
4489553.4,21893,62.6063,BG
4489561.87,20545,5.0347,LC
4489578.54,20548,48.2705,BG
4489587.67,20547,5.1236,LC
4489589.24,20546,6.238,LC
4489616.52,20545,4.1482,LC
4489631.64,20546,5.9548,LC
4489636.86,20547,4.5519,LC
4489644.95,21893,41.3832,BG
4489654.27,20548,25.0456,BG
4489705.48,20545,4.5457,LC
4489711.53,20546,5.7997,LC
4489734.03,20547,6.0831,LC
4489747.52,20545,4.5521,LC
4489760.71,20546,7.7512,LC
4489802.24,21893,105.9174,BG
4489806.75,20548,100.9811,BG
4489827.49,20547,4.0065,LC
4489838.35,20545,4.4128,LC
4489841.85,20546,4.5787,LC
4489848.35,20547,5.5353,LC
4489891.27,20545,4.6736,LC
4489893.33,21893,39.9722,BG
4489893.43,20546,4.2854,LC
4489928.69,20548,68.3896,BG
4489951.08,20545,4.3487,LC
4489981.93,21893,38.3874,BG
4489987.49,20547,4.1308,LC
4489996.21,20546,4.3071,LC
4490023.29,20548,43.2748,BG
4490038.47,20545,4.4268,LC
4490065.02,20547,4.8165,LC
4490072.08,20546,4.6489,LC
4490077.28,21893,45.0558,BG
4490082.98,20545,4.3573,LC
4490126.21,20547,4.1761,LC
4490133.02,20546,4.3004,LC
4490137.12,20545,4.3674,LC
4490141.57,20547,4.0685,LC
4490147.69,20546,6.1086,LC
4490162.15,20545,4.8546,LC
4490173.51,20547,4.6732,LC
4490181.14,20548,106.3814,BG
4490187.95,20546,3.8941,LC
4490193.38,20545,4.0102,LC
4490196.91,21893,47.1501,BG
4490226.19,20547,6.0837,LC
4490237.49,20546,4.1724,LC
4490262.24,20548,30.9798,BG
4490266.4,20545,4.256,LC
4490271.67,20547,7.7984,LC
4490278.11,20546,5.0187,LC
4490278.16,20545,4.1094,LC
4490281.05,20546,4.635,LC
4490294.48,21893,47.4131,BG
4490301.21,20547,4.0956,LC
4490330.66,20545,4.2407,LC
4490337.22,20546,5.9912,LC
4490339.14,20547,5.2889,LC
4490340.72,20545,4.5683,LC
4490346.42,20546,3.8878,LC
4490352.14,20548,37.3542,BG
4490358.12,20547,4.0054,LC
4490386.34,21893,41.1576,BG
4490396.07,20545,4.3005,LC
4490396.5,20546,4.0545,LC
4490408.37,20547,4.0992,LC
4490426.66,20548,24.2348,BG
4490439.22,20545,5.9992,LC
4490445.07,20546,4.0592,LC
4490456.75,20547,4.1457,LC
4490456.8,20545,3.982,LC
4490461.42,20546,4.0843,LC
4490482.16,20545,4.2085,LC
4490483.43,21893,45.2894,BG
4490493.11,20547,4.5304,LC
4490503.02,20546,4.2048,LC
4490504.94,20548,24.2898,BG
4490519.99,20545,4.2175,LC
4490537.89,20547,4.1415,LC
4490575.13,21893,38.7543,BG
4490584.1,20548,27.9157,BG
4490606.5,20546,4.2251,LC
4490616.5,20545,4.1859,LC
4490660.76,20547,4.3359,LC
4490666.31,20548,31.1667,BG
4490674.07,20546,4.1203,LC
4490678.2,20545,4.1349,LC
4490678.73,21893,53.5602,BG
4490692.19,20547,4.4904,LC
4490723.64,20546,4.4166,LC
4490724.75,20545,4.029,LC
4490729.19,20547,4.1861,LC
4490744.86,20546,4.2649,LC
4490755.24,20545,4.2826,LC
4490758.1,20548,40.9869,BG
4490759.7,20547,4.1881,LC
4490767.2,20546,4.5506,LC
4490776.71,21893,47.4603,BG
4490802.15,20545,4.906,LC
4490825.23,20547,4.2713,LC
4490845.11,20546,4.3475,LC
4490903.56,20548,87.7818,BG
4490922.27,21893,89.7789,BG
4490932.16,20545,4.3337,LC
4490932.37,20547,4.3688,LC
4490949.17,20546,3.9903,LC
4490962.45,20545,4.1977,LC
4490995.46,20547,4.2145,LC
4491003.5,20546,4.1058,LC
4491006.26,21893,33.6865,BG
4491013.66,20548,60.5052,BG
4491033.31,20545,4.8746,LC
4491035.08,20547,4.1982,LC
4491051.47,20546,6.8915,LC
4491063.09,20545,5.2709,LC
4491083.85,20547,4.3254,LC
4491122.16,20546,3.9128,LC
4491123.77,20545,4.6467,LC
4491125.67,20548,60.6299,BG
4491128.89,21893,62.2955,BG
4491136.79,20547,4.0289,LC
4491155.6,20546,4.2082,LC
4491164.29,20545,6.197,LC
4491174.14,20547,5.137,LC
4491200.09,20546,3.8709,LC
4491211.07,21893,31.8796,BG
4491219.98,20548,44.2045,BG
4491227.61,20545,4.2555,LC
4491244.71,20547,8.2835,LC
4491245.11,20546,6.9259,LC
4491245.61,20545,4.1285,LC
4491275.59,20547,4.5234,LC
4491294.68,21893,33.2532,BG
4491300.64,20546,3.986,LC
4491304.05,20548,33.9432,BG
4491326.1,20545,5.1454,LC
4491332.65,20547,4.7049,LC
4491334.45,20546,4.0881,LC
4491339.25,20545,3.8827,LC
4491366.49,20547,4.2459,LC
4491370.99,20546,4.1282,LC
4491374.15,21893,27.3192,BG
4491387.61,20548,33.3617,BG
4491410.81,20545,4.0846,LC
4491422.54,20546,4.2174,LC
4491423.28,20547,6.4994,LC
4491445.37,20545,4.3413,LC
4491458.03,21893,33.7371,BG
4491458.29,20546,3.9866,LC
4491462.96,20547,4.0888,LC
4491463.02,20545,4.0006,LC
4491470.22,20546,3.9384,LC
4491480.5,20548,41.3561,BG
4491495.13,20547,4.0652,LC
4491517.81,20545,6.0757,LC
4491517.86,20546,3.9491,LC
4491541.08,20547,4.0315,LC
4491541.21,21893,28.1176,BG
4491558.17,20548,27.5941,BG
4491559.66,20545,4.3442,LC
4491576.09,20546,4.1559,LC
4491590.88,20547,4.5312,LC
4491599.03,20545,5.0469,LC
4491626.5,20546,6.0259,LC
4491627.24,21893,35.9546,BG
4491641.13,20548,31.9956,BG
4491657.13,20547,4.9717,LC
4491681.69,20545,6.3124,LC
4491716.12,20546,4.1868,LC
4491718.94,20548,27.2696,BG
4491719.3,21893,41.9785,BG
4491730.4,20547,3.939,LC
4491799.0,20545,4.5445,LC
4491807.31,20546,5.1409,LC
4491812.08,21893,31.3747,BG
4491813.23,20547,5.5636,LC
4491858.66,20545,7.5589,LC
4491875.68,20548,106.0709,BG
4491876.05,20546,4.6207,LC
4491892.59,20547,4.3278,LC
4491928.43,21893,68.7482,BG
4491965.95,20545,4.0713,LC
4491969.03,20546,6.1062,LC
4491982.39,20547,4.0776,LC
4491984.69,20548,58.9258,BG
4491998.89,20545,4.2741,LC
4492013.51,21893,33.4969,BG
4492025.91,20546,4.1413,LC
4492068.22,20547,4.452,LC
4492076.19,20545,4.7174,LC
4492088.5,20548,52.353,BG
4492094.18,20546,4.3033,LC
4492103.67,20547,4.0155,LC
4492118.05,21893,49.4504,BG
4492146.05,20545,6.7259,LC
4492148.49,20546,5.2991,LC
4492152.51,20547,4.1369,LC
4492167.61,20548,29.3729,BG
4492185.09,20545,4.1037,LC
4492191.11,21893,23.0174,BG
4492199.6,20546,3.8625,LC
4492214.43,20547,4.1567,LC
4492215.34,20545,4.3498,LC
4492226.32,20546,4.0574,LC
4492230.6,20547,3.9173,LC
4492241.56,20548,23.7115,BG
4492265.16,20545,4.9547,LC
4492268.48,20546,3.9933,LC
4492272.48,21893,31.167,BG
4492282.8,20547,4.0817,LC
4492315.5,20548,23.6782,BG
4492326.52,20545,4.0637,LC
4492329.17,20546,4.8953,LC
4492336.07,20547,4.0793,LC
4492350.25,21893,27.5929,BG
4492359.52,20545,4.5759,LC
4492360.16,20546,3.9364,LC
4492372.21,20545,5.9425,LC
4492396.21,20546,3.981,LC
4492396.68,20545,4.1277,LC
4492397.95,20547,7.8087,LC
4492404.16,20545,5.2918,LC
4492411.95,20548,46.499,BG
4492426.46,21893,25.2169,BG
4492436.86,20546,6.1056,LC
4492450.5,20547,3.9886,LC
4492471.37,20545,4.0103,LC
4492478.09,20546,4.047,LC
4492497.63,20548,35.4725,BG
4492501.51,20547,4.3978,LC
4492504.58,21893,28.0054,BG
4492533.61,20545,8.2868,LC
4492583.66,20548,35.9562,BG
4492584.13,21893,29.4849,BG
4492632.28,20546,12.0856,LC
4492667.54,20547,4.3843,LC
4492680.9,21893,45.7384,BG
4492681.08,20548,46.7326,BG
4492750.79,20545,6.3689,LC
4492775.23,20546,4.2301,LC
4492783.97,20547,4.2386,LC
4492794.11,20548,60.9845,BG
4492800.07,20545,5.4009,LC
4492800.26,21893,68.204,BG
4492819.02,20546,4.0632,LC
4492851.1,20547,4.7066,LC
4492865.87,20545,4.747,LC
4492880.32,20546,3.7981,LC
4492895.78,21893,45.4435,BG
4492897.41,20548,53.1611,BG
4492923.35,20547,4.4225,LC
4492972.8,20545,4.3011,LC
4492978.16,21893,32.1281,BG
4493016.29,20548,68.4988,BG
4493057.44,21893,28.9614,BG
4493093.99,20548,27.5253,BG
4493132.83,21893,24.4118,BG
4493147.98,20546,6.3736,LC
4493169.51,20548,25.2934,BG
4493195.43,20547,4.1792,LC
4493206.91,21893,23.8695,BG
4493230.04,20545,3.8701,LC
4493234.58,20546,4.081,LC
4493246.94,20548,27.3429,BG
4493260.8,20547,3.9103,LC
4493280.6,21893,23.4961,BG
4493305.13,20545,4.2801,LC
4493321.28,20548,24.1266,BG
4493352.58,20546,4.2169,LC
4493361.9,21893,31.0701,BG
4493395.5,20548,23.8591,BG
4493434.99,21893,22.9276,BG
4493468.82,20548,23.0592,BG
4493490.94,20547,4.3494,LC
4493508.93,21893,23.8694,BG
4493537.98,20545,4.1857,LC
4493542.8,20548,23.8902,BG
4493568.22,20546,3.8206,LC
4493575.33,20547,3.9683,LC
4493586.51,21893,27.19,BG
4493617.04,20548,24.028,BG
4493617.25,20545,4.1851,LC
4493662.03,20546,3.9965,LC
4493664.13,21893,27.4374,BG
4493685.69,20547,3.9758,LC
4493690.31,20548,23.1292,BG
4493697.16,20545,3.9021,LC
4493720.78,20546,6.089,LC
4493741.55,21893,27.3089,BG
4493764.97,20548,23.28,BG
4493805.77,20547,4.5137,LC
4493824.97,20545,4.5085,LC
4493838.72,21893,46.7365,BG
4493886.96,20548,58.5472,BG
4493895.27,20546,4.2964,LC
4493912.61,20547,4.3439,LC
4493954.03,21893,65.161,BG
4493985.25,20548,47.5555,BG
4494014.77,20545,4.2453,LC
4494074.15,21893,70.0029,BG
4494091.47,20548,56.0045,BG
4494110.58,20546,3.9701,LC
4494161.18,21893,34.0863,BG
4494177.34,20548,35.2883,BG
4494237.64,21893,26.3845,BG
4494270.21,20548,41.9586,BG
4494312.38,21893,24.5465,BG
4494344.92,20548,24.6161,BG
4494374.82,20547,4.1765,LC
4494386.78,21893,24.0566,BG
4494394.69,20545,4.0683,LC
4494409.49,20546,8.1645,LC
4494409.83,20547,6.308,LC
4494418.15,20548,23.1441,BG
4494422.95,20545,5.9542,LC
4494428.78,20547,4.0751,LC
4494466.92,21893,29.5691,BG
4494496.2,20548,25.7638,BG
4494539.1,20546,5.2273,LC
4494561.13,21893,43.8628,BG
4494579.91,20545,4.6613,LC
4494582.58,20547,4.2099,LC
4494584.76,20548,38.5009,BG
4494634.13,21893,22.8787,BG
4494654.54,20546,4.0193,LC
4494658.61,20545,4.0656,LC
4494664.14,20548,28.0718,BG
4494707.42,21893,23.053,BG
4494737.45,20548,23.1579,BG
4494780.54,21893,22.9757,BG
4494812.75,20548,25.1257,BG
4494879.13,20547,6.1541,LC
4494884.15,21893,51.6293,BG
4494912.66,20546,4.2695,LC
4494917.68,20548,54.4518,BG
4495019.35,21893,86.5668,BG
4495032.5,20548,60.2799,BG
4495059.83,20545,4.5295,LC
4495064.79,20547,4.5383,LC
4495122.19,21893,50.805,BG
4495134.46,20548,49.015,BG
4495200.24,20546,4.1127,LC
4495203.18,21893,32.7209,BG
4495230.96,20548,46.1122,BG
4495275.93,20545,4.0531,LC
4495279.06,21893,25.7779,BG
4495299.16,20547,4.8642,LC
4495307.49,20546,4.0731,LC
4495314.45,20548,33.4306,BG
4495343.5,20545,3.9835,LC
4495353.43,20547,4.2315,LC
4495355.29,21893,26.0692,BG
4495388.09,20548,23.3804,BG
4495434.73,21893,28.441,BG
4495462.99,20548,24.7051,BG
4495464.91,20546,4.0232,LC
4495509.45,21893,24.6887,BG
4495517.79,20545,6.0572,LC
4495549.47,20548,36.2951,BG
4495559.5,20547,4.2652,LC
4495581.57,20546,3.9406,LC
4495603.16,21893,43.3906,BG
4495611.22,20545,4.1359,LC
4495624.12,20548,24.4764,BG
4495629.24,20547,4.2248,LC
4495678.94,21893,25.6104,BG
4495698.46,20548,24.2244,BG
4495719.83,20546,3.9717,LC
4495753.81,21893,24.776,BG
4495757.07,20545,4.122,LC
4495773.44,20548,24.6649,BG
4495831.96,20547,4.1332,LC
4495837.57,21893,33.6653,BG
4495844.11,20546,4.083,LC
4495853.48,20548,29.3104,BG
4495857.89,20545,4.2259,LC
4495887.09,20547,6.0398,LC
4495943.6,20546,4.2393,LC
4495950.37,21893,55.7837,BG
4495967.99,20548,63.4335,BG
4496023.2,20545,4.1886,LC
4496046.16,20547,4.2053,LC
4496079.53,21893,79.2218,BG
4496085.74,20548,67.826,BG
4496143.97,20546,4.4312,LC
4496178.13,21893,48.4514,BG
4496181.79,20548,44.5155,BG
4496194.17,20545,4.2308,LC
4496222.52,20547,4.0064,LC
4496251.24,21893,22.8126,BG
4496269.31,20548,35.9765,BG
4496300.21,20546,4.1475,LC
4496321.37,20545,4.0612,LC
4496325.9,20547,4.2917,LC
4496340.66,21893,39.2767,BG
4496361.57,20548,39.9072,BG
4496368.23,20546,4.1683,LC
4496441.99,21893,50.6164,BG
4496444.15,20545,3.8564,LC
4496455.46,20548,43.0116,BG
4496482.15,20547,4.2237,LC
4496495.58,20546,4.403,LC
4496502.72,20545,3.9899,LC
4496539.21,21893,44.6259,BG
4496551.11,20548,44.7189,BG
4496557.84,20547,4.1945,LC
4496571.24,20546,4.6529,LC
4496620.84,21893,31.4222,BG
4496650.7,20548,47.4693,BG
4496685.43,20545,5.155,LC
4496703.35,21893,32.3355,BG
4496724.56,20548,23.7387,BG
4496753.91,20547,4.2056,LC
4496777.34,21893,23.8708,BG
4496798.89,20548,24.2111,BG
4496815.35,20546,3.922,LC
4496837.16,20545,3.9098,LC
4496846.78,20547,4.1615,LC
4496853.82,21893,25.985,BG
4496862.14,20546,4.1577,LC
4496875.73,20548,26.6034,BG
4496956.3,21893,47.1113,BG
4496962.98,20548,36.5842,BG
4497011.04,20545,4.2387,LC
4497053.37,20548,38.6136,BG
4497066.73,21893,61.02,BG
4497113.79,20547,3.9415,LC
4497134.63,20548,31.2615,BG
4497152.63,20546,4.8275,LC
4497188.96,21893,70.5422,BG
4497201.83,20545,3.9502,LC
4497214.06,20548,29.2557,BG
4497276.82,21893,37.6082,BG
4497286.62,20547,4.0012,LC
4497291.24,20548,26.8848,BG
4497317.04,20546,6.1176,LC
4497323.58,20545,4.176,LC
4497330.62,20547,5.9741,LC
4497351.64,21893,23.4102,BG
4497373.08,20548,29.8267,BG
4497378.37,20546,4.0833,LC
4497432.44,20545,3.9162,LC
4497446.16,21893,42.4328,BG
4497453.4,20547,3.9733,LC
4497463.34,20548,40.2189,BG
4497521.51,20546,4.0736,LC
4497526.73,20545,3.9609,LC
4497535.35,20547,5.8996,LC
4497539.05,20546,4.1493,LC
4497548.14,21893,49.8176,BG
4497562.35,20548,48.1075,BG
4497610.97,20545,10.7405,LC
4497656.81,20548,43.5329,BG
4497676.55,20547,3.906,LC
4497713.02,20546,4.1567,LC
4497713.92,21893,114.7035,BG
4497719.38,20545,4.0568,LC
4497735.53,20548,28.4778,BG
4497820.7,20547,3.9284,LC
4497823.48,21893,59.4576,BG
4497824.33,20548,38.6202,BG
4497841.26,20546,4.3455,LC
4497910.19,20545,4.3261,LC
4497911.37,20547,4.2788,LC
4497926.38,20546,4.5928,LC
4497948.57,20545,5.4318,LC
4497966.35,20547,4.6853,LC
4497976.23,20546,7.2787,LC
4497977.58,20545,7.6693,LC
4497992.94,21893,118.6042,BG
4497993.46,20548,118.7231,BG
4498028.68,20547,4.5569,LC
4498065.81,20546,6.9224,LC
4498069.11,20545,5.9028,LC
4498078.19,20547,4.5591,LC
4498081.28,20548,37.2351,BG
4498095.24,20546,9.3299,LC
4498095.32,20545,8.7374,LC
4498095.47,20547,5.0102,LC
4498102.94,21893,59.0752,BG
4498109.76,20546,4.6858,LC
4498124.74,20545,4.5856,LC
4498129.06,20547,3.9505,LC
4498155.05,20546,4.5183,LC
4498164.08,20545,4.4332,LC
4498176.77,20547,4.6109,LC
4498196.77,20546,4.8476,LC
4498222.84,20548,89.5005,BG
4498230.59,21893,75.2842,BG
4498294.52,20545,6.1011,LC
4498304.16,20548,27.9467,BG
4498344.61,21893,62.333,BG
4498366.32,20547,3.9448,LC
4498377.31,20548,26.1174,BG
4498421.15,20546,7.028,LC
4498421.36,20545,4.3639,LC
4498433.67,20547,5.135,LC
4498435.16,21893,40.3349,BG
4498442.39,20546,4.4798,LC
4498453.06,20545,4.2548,LC
4498465.21,20548,36.8565,BG
4498488.19,20547,3.9165,LC
4498501.26,20546,4.0207,LC
4498513.15,20545,3.8779,LC
4498515.83,20547,4.1433,LC
4498518.2,20546,4.0303,LC
4498524.33,20547,3.9767,LC
4498524.38,20545,4.0561,LC
4498532.4,21893,47.0891,BG
4498551.68,20548,35.7819,BG
4498557.88,20546,4.4109,LC
4498599.3,20547,4.2414,LC
4498611.18,21893,26.2786,BG
4498616.16,20545,4.0856,LC
4498632.51,20548,30.7743,BG
4498646.03,20546,4.6618,LC
4498663.69,20547,6.3777,LC
4498681.17,20546,4.1652,LC
4498681.93,20545,7.0868,LC
4498696.65,21893,35.2836,BG
4498712.91,20548,28.7418,BG
4498718.19,20547,4.0393,LC
4498722.57,20546,4.1607,LC
4498727.05,20545,4.1713,LC
4498731.22,20547,4.1423,LC
4498767.05,20545,4.9457,LC
4498775.23,20546,5.1638,LC
4498778.72,21893,31.9346,BG
4498791.91,20548,28.933,BG
4498799.36,20547,4.0991,LC
4498809.6,20545,4.3887,LC
4498812.92,20546,4.7002,LC
4498830.72,20547,4.1096,LC
4498831.23,20545,5.9286,LC
4498839.05,20546,6.1861,LC
4498839.14,20545,3.9848,LC
4498839.99,20547,4.8224,LC
4498850.76,20546,4.5846,LC
4498856.25,20545,4.6205,LC
4498863.11,21893,33.8428,BG
4498872.74,20547,4.5285,LC
4498892.24,20548,50.1842,BG
4498918.04,20546,6.0436,LC
4498922.62,20545,4.2045,LC
4498940.16,20547,4.0312,LC
4498952.06,20546,4.1339,LC
4498965.06,20545,4.7971,LC
4498975.78,21893,62.5367,BG
4498983.38,20547,6.1209,LC
4498985.76,20546,4.5529,LC
4499016.55,20545,3.8378,LC
4499017.27,20548,62.3165,BG
4499028.59,20547,4.0119,LC
4499036.22,20546,3.8578,LC
4499040.17,20545,6.2554,LC
4499078.11,20546,4.0527,LC
4499078.2,20547,3.8285,LC
4499110.73,21893,84.7619,BG
4499121.84,20545,5.0632,LC
4499129.26,20548,61.1429,BG
4499138.03,20546,4.6489,LC
4499158.28,20547,4.0723,LC
4499160.35,20545,5.1795,LC
4499190.21,20546,4.2006,LC
4499217.52,20547,4.1964,LC
4499217.58,20545,6.0848,LC
4499237.38,20546,5.3571,LC
4499252.7,20547,5.2411,LC
4499272.05,21893,111.1951,BG
4499275.59,20545,4.251,LC
4499278.2,20548,95.9024,BG
4499301.33,20546,4.0076,LC
4499355.3,20547,3.9275,LC
4499361.16,21893,37.6076,BG
4499365.92,20545,3.9708,LC
4499370.64,20548,41.5143,BG
4499378.55,20546,4.1345,LC
4499404.33,20547,4.9058,LC
4499433.64,20545,4.2701,LC
4499439.47,20546,4.1564,LC
4499445.03,20547,3.866,LC
4499446.71,20545,3.9725,LC
4499457.34,21893,46.0122,BG
4499463.58,20546,4.4359,LC
4499465.53,20548,44.7749,BG
4499483.23,20547,4.767,LC
4499484.47,20545,4.5459,LC
4499506.64,20546,4.0416,LC
4499527.85,20547,4.2639,LC
4499545.11,20545,5.2053,LC
4499566.35,20546,4.6373,LC
4499575.64,20548,59.1845,BG
4499575.92,21893,67.9275,BG
4499584.32,20547,4.1581,LC
4499600.42,20545,5.296,LC
4499600.97,20546,4.339,LC
4499606.28,20547,4.8678,LC
4499609.33,20545,4.3237,LC
4499611.81,20546,4.2341,LC
4499625.89,20547,3.9893,LC
4499637.85,20545,5.9804,LC
4499641.38,20546,4.2784,LC
4499647.26,20547,3.9581,LC
4499652.37,20545,4.2745,LC
4499673.23,21893,44.9251,BG
4499684.76,20546,5.0801,LC
4499687.13,20548,59.063,BG
4499695.58,20547,4.2936,LC
4499702.63,20545,4.1136,LC
4499719.59,20546,4.3708,LC
4499735.3,20547,3.9574,LC
4499751.26,20545,3.932,LC
4499752.73,21893,29.2263,BG
4499784.14,20548,46.8452,BG
4499810.99,20546,4.9508,LC
4499819.94,20547,3.9755,LC
4499829.2,20545,5.0659,LC
4499834.76,21893,31.8346,BG
4499872.47,20548,37.4603,BG
4499887.42,20546,5.7668,LC
4499911.32,21893,25.1928,BG
4499917.48,20547,5.9718,LC
4499935.79,20545,4.3503,LC
4499943.06,20546,5.1134,LC
4499979.12,20547,3.8047,LC
4499999.09,21893,35.7511,BG
4500022.37,20545,4.7456,LC
4500049.37,20548,126.747,BG
4500067.71,20546,4.1527,LC
4500071.9,20547,3.9323,LC
4500073.54,20545,4.3742,LC
4500081.03,20546,4.2805,LC
4500116.07,20547,4.2351,LC
4500125.31,21893,75.7816,BG
4500126.37,20545,4.0188,LC
4500130.65,20546,4.1528,LC
4500141.45,20548,41.5328,BG
4500210.53,20547,3.9113,LC
4500230.99,21893,55.3269,BG
4500256.09,20548,62.7268,BG
4500266.73,20545,3.9957,LC
4500270.11,20546,4.1103,LC
4500272.81,20545,4.4531,LC
4500276.53,20547,4.9955,LC
4500312.71,20546,4.6167,LC
4500312.86,20545,4.7194,LC
4500313.6,21893,32.2126,BG
4500354.37,20548,45.9855,BG
4500386.86,21893,22.7711,BG
4500430.49,20546,4.7052,LC
4500456.21,20548,51.7725,BG
4500471.07,21893,32.6465,BG
4500485.7,20547,6.026,LC
4500513.2,20545,3.8749,LC
4500532.73,20548,25.4936,BG
4500555.8,21893,34.7973,BG
4500606.16,20548,23.315,BG
4500627.93,20546,4.4367,LC
4500631.93,21893,25.6174,BG
4500679.39,20548,22.9465,BG
4500706.09,21893,23.9432,BG
4500761.21,20547,4.4105,LC
4500761.36,20548,31.8918,BG
4500783.61,21893,24.6156,BG
4500800.13,20545,6.5139,LC
4500827.1,20546,3.8406,LC
4500831.82,20547,4.0254,LC
4500852.18,20548,39.6894,BG
4500856.5,21893,22.8019,BG
4500883.6,20545,5.1959,LC
4500926.33,20546,8.0566,LC
4500939.07,20548,37.0495,BG
4500946.41,21893,39.7258,BG
4500951.34,20547,4.4557,LC
4501008.13,20545,5.0861,LC
4501011.53,20546,4.652,LC
4501029.21,20548,40.0513,BG
4501037.45,21893,39.7661,BG
4501076.71,20545,4.3132,LC
4501115.08,20548,30.0863,BG
4501115.89,20547,4.4438,LC
4501131.09,21893,39.7117,BG
4501132.48,20546,4.6113,LC
4501196.27,20545,3.878,LC
4501215.35,21893,30.8498,BG
4501243.24,20548,83.3633,BG
4501288.33,21893,22.9242,BG
4501324.31,20548,31.0119,BG
4501342.09,20547,4.2243,LC
4501351.3,20546,3.9094,LC
4501361.5,21893,23.0718,BG
4501397.14,20548,22.7126,BG
4501437.95,21893,26.3635,BG
4501440.54,20545,4.8638,LC
4501459.98,20547,3.9678,LC
4501477.87,20548,30.6069,BG
4501513.05,21893,24.7673,BG
4501548.4,20546,6.1106,LC
4501555.73,20548,27.5034,BG
4501587.31,21893,24.2353,BG
4501600.63,20545,4.1389,LC
4501628.53,20548,22.6559,BG
4501644.33,20547,4.0542,LC
4501660.21,21893,22.7468,BG
4501701.87,20548,22.8282,BG
4501713.25,20546,3.8944,LC
4501717.9,20545,4.1176,LC
4501739.57,21893,28.3246,BG
4501750.07,20547,4.1061,LC
4501774.85,20548,23.1275,BG
4501812.71,21893,22.9628,BG
4501848.28,20548,23.1723,BG
4501868.47,20546,6.1971,LC
4501889.47,21893,25.1486,BG
4501895.66,20545,4.1705,LC
4501897.06,20547,4.0567,LC
4501921.94,20548,23.371,BG
4501929.62,20546,3.862,LC
4501931.22,20545,4.1367,LC
4501995.46,21893,54.9212,BG
4502026.77,20547,4.0376,LC
4502036.38,20548,56.9071,BG
4502070.51,20546,4.1615,LC
4502078.59,21893,32.8977,BG
4502112.93,20548,28.9168,BG
4502157.66,21893,28.7673,BG
4502192.48,20548,29.3817,BG
4502241.66,21893,33.9185,BG
4502269.26,20548,26.6639,BG
4502319.07,21893,26.8002,BG
4502345.7,20548,26.1771,BG
4502392.16,21893,22.9231,BG
4502397.08,20545,4.0826,LC
4502420.11,20548,24.2189,BG
4502461.31,20547,4.1171,LC
4502466.12,21893,23.8683,BG
4502486.23,20546,3.9099,LC
4502498.49,20548,28.2053,BG
4502540.75,21893,24.4062,BG
4502556.7,20545,4.1252,LC
4502572.04,20548,23.4171,BG
4502613.77,21893,22.9396,BG
4502638.28,20547,3.9657,LC
4502645.06,20548,22.9337,BG
4502654.06,20546,4.4001,LC
4502686.73,21893,22.7666,BG
4502706.85,20545,6.6804,LC
4502719.53,20548,24.2208,BG
4502720.99,20547,4.2731,LC
4502755.64,20546,3.8336,LC
4502764.43,21893,27.4259,BG
4502791.68,20545,4.4646,LC
4502796.1,20548,26.3958,BG
4502837.18,21893,22.6592,BG
4502869.19,20548,22.8589,BG
4502910.23,21893,22.832,BG
4502933.39,20547,4.1024,LC
4502942.4,20548,23.0341,BG
4502992.64,20546,6.2178,LC
4503001.3,20545,4.0779,LC
4503039.4,21893,75.622,BG
4503049.48,20548,43.7638,BG
4503062.17,20547,4.0993,LC
4503087.31,20546,4.1024,LC
4503127.36,20545,4.0762,LC
4503133.19,20547,4.2912,LC
4503138.55,21893,49.1695,BG
4503147.82,20548,48.1207,BG
4503152.8,20546,4.2416,LC
4503235.76,21893,46.1863,BG
4503244.29,20548,44.9763,BG
4503268.37,20545,3.9731,LC
4503316.96,21893,30.9746,BG
4503323.97,20548,29.1717,BG
4503334.03,20547,3.927,LC
4503376.02,20546,4.0141,LC
4503387.93,20545,3.9266,LC
4503392.06,20547,3.9032,LC
4503397.13,20548,23.0655,BG
4503407.14,21893,39.3818,BG
4503409.94,20546,4.3101,LC
4503410.65,20545,4.0787,LC
4503470.45,20548,23.142,BG
4503480.67,21893,24.0566,BG
4503526.3,20547,4.1022,LC
4503548.18,20548,27.559,BG
4503565.44,21893,34.2558,BG
4503593.01,20546,4.1942,LC
4503602.13,20545,6.3253,LC
4503621.44,20548,23.2059,BG
4503638.85,20547,3.9991,LC
4503645.08,21893,28.9215,BG
4503661.88,20546,5.0541,LC
4503696.47,20548,24.8035,BG
4503721.37,21893,26.2072,BG
4503775.5,20548,28.8299,BG
4503793.79,20545,4.3626,LC
4503803.5,21893,31.3108,BG
4503849.1,20548,23.4191,BG
4503853.8,20547,4.0851,LC
4503876.28,20546,4.0712,LC
4503881.12,21893,27.2196,BG
4503925.66,20545,4.0258,LC
4503926.26,20548,27.027,BG
4503953.93,21893,22.7028,BG
4504031.76,20548,55.2006,BG
4504066.25,21893,53.354,BG
4504153.12,20548,71.3073,BG
4504178.25,21893,61.2903,BG
4504186.45,20547,4.3879,LC
4504252.83,20546,7.2352,LC
4504264.03,20548,60.3108,BG
4504268.12,20545,4.3195,LC
4504291.53,21893,61.1046,BG
4504320.85,20547,4.9418,LC
4504342.69,20548,28.5976,BG
4504381.22,21893,39.0308,BG
4504397.1,20546,4.1254,LC
4504405.76,20545,4.1805,LC
4504416.82,20548,23.9404,BG
4504467.34,21893,34.7883,BG
4504492.17,20548,25.184,BG
4504514.51,20547,3.9211,LC
4504528.27,20546,6.2193,LC
4504546.49,20545,4.6239,LC
4504565.25,21893,47.7387,BG
4504587.2,20548,41.2619,BG
4504591.13,20547,4.3712,LC
4504604.42,20546,4.3286,LC
4504625.26,20545,5.8339,LC
4504644.11,20547,4.0942,LC
4504659.36,21893,43.9825,BG
4504677.47,20548,39.2667,BG
4504687.55,20546,4.3164,LC
4504705.19,20545,4.3682,LC
4504726.22,20547,4.0478,LC
4504744.94,21893,35.3768,BG
4504757.41,20548,29.2209,BG
4504822.31,20546,4.0209,LC
4504831.17,21893,34.0266,BG
4504844.83,20548,36.6447,BG
4504932.39,21893,50.9596,BG
4504939.74,20548,44.5345,BG
4504987.41,20545,9.8156,LC
4505059.58,21893,77.0875,BG
4505076.26,20548,76.4197,BG
4505113.66,20547,4.1398,LC
4505157.06,20546,4.2516,LC
4505176.16,21893,64.862,BG
4505181.74,20548,55.3795,BG
4505257.61,20545,3.8176,LC
4505293.85,20548,61.972,BG
4505295.36,21893,69.0675,BG
4505342.25,20547,6.6407,LC
4505347.37,20546,4.6613,LC
4505370.37,21893,22.6704,BG
4505384.27,20548,40.3734,BG
4505391.16,20545,3.9385,LC
4505408.55,20547,4.1078,LC
4505419.46,20545,4.1037,LC
4505419.79,20546,6.2717,LC
4505422.65,20547,4.6478,LC
4505454.18,21893,31.4108,BG
4505469.4,20545,4.3514,LC
4505471.6,20546,4.3278,LC
4505473.87,20548,39.5161,BG
4505483.77,20547,4.5168,LC
4505533.2,21893,26.6329,BG
4505541.35,20545,4.0153,LC
4505546.55,20546,4.0416,LC
4505551.85,20548,27.7876,BG
4505571.58,20547,4.1445,LC
4505587.72,20545,5.5247,LC
4505601.5,20546,3.8262,LC
4505608.48,21893,25.1854,BG
4505611.44,20547,4.1094,LC
4505626.57,20548,24.6215,BG
4505632.61,20545,4.1019,LC
4505683.93,21893,25.1713,BG
4505704.35,20548,27.1196,BG
4505757.06,21893,22.9152,BG
4505777.58,20548,23.0139,BG
4505822.73,20546,4.0528,LC
4505831.73,21893,23.495,BG
4505845.3,20547,4.0584,LC
4505852.95,20548,25.283,BG
4505905.64,21893,24.7467,BG
4505926.5,20548,23.3512,BG
4505979.73,21893,24.0019,BG
4506000.03,20548,23.4408,BG
4506001.33,20545,5.0158,LC
4506023.1,20546,4.0547,LC
4506057.81,20547,5.0642,LC
4506082.56,20545,4.7429,LC
4506087.38,20546,4.5883,LC
4506096.18,21893,66.3801,BG
4506097.97,20545,4.3651,LC
4506103.07,20547,4.3392,LC
4506131.95,20548,79.2782,BG
4506168.55,20546,4.0298,LC
4506172.07,20545,4.3272,LC
4506174.77,20547,4.3505,LC
4506189.4,21893,41.7709,BG
4506201.85,20545,5.8443,LC
4506244.17,20548,60.8814,BG
4506248.99,20546,4.1003,LC
4506257.02,20547,4.2637,LC
4506279.81,21893,40.0198,BG
4506283.36,20545,4.5269,LC
4506289.81,20546,4.4082,LC
4506313.63,20547,4.6712,LC
4506336.08,20545,4.5893,LC
4506337.11,20546,4.702,LC
4506353.4,20545,5.1333,LC
4506363.82,21893,33.5216,BG
4506384.99,20547,5.1749,LC
4506390.06,20548,94.7923,BG
4506397.34,20546,4.0331,LC
4506401.15,20545,3.9385,LC
4506410.58,20547,3.9131,LC
4506426.18,20546,4.8943,LC
4506429.43,20545,4.4273,LC
4506434.54,20547,4.1558,LC
4506439.27,20546,4.0011,LC
4506456.82,21893,42.9378,BG
4506466.33,20548,26.2389,BG
4506477.1,20545,4.0357,LC
4506499.29,20547,3.974,LC
4506507.78,20546,5.9748,LC
4506517.87,20545,6.3662,LC
4506520.25,20547,4.5382,LC
4506531.43,20546,4.4836,LC
4506536.13,20545,4.3482,LC
4506547.15,20548,26.5701,BG
4506548.87,21893,40.9407,BG
4506555.94,20547,4.093,LC
4506570.36,20546,5.7342,LC
4506582.19,20545,3.8709,LC
4506597.41,20547,5.0451,LC
4506629.46,20548,31.6917,BG
4506630.48,21893,31.1345,BG
4506639.33,20546,4.4185,LC
4506643.92,20545,4.3792,LC
4506655.3,20547,4.4169,LC
4506702.89,20546,4.4613,LC
4506707.33,21893,26.116,BG
4506712.04,20548,31.8364,BG
4506728.62,20545,4.1188,LC
4506742.71,20547,6.0418,LC
4506742.82,20546,4.1921,LC
4506774.61,20547,4.3396,LC
4506787.44,20548,25.2021,BG
4506790.23,21893,32.0423,BG
4506807.48,20545,4.0029,LC
4506836.34,20546,3.9795,LC
4506866.13,20547,4.5044,LC
4506869.09,20548,30.9548,BG
4506869.91,21893,29.2319,BG
4506878.21,20545,4.0776,LC
4506894.11,20546,4.7422,LC
4506898.7,20547,4.1421,LC
4506919.76,20545,4.0352,LC
4506930.64,20546,4.4035,LC
4506935.59,20547,4.6458,LC
4506941.01,20545,4.4493,LC
4506955.42,21893,35.3612,BG
4506957.54,20548,37.471,BG
4507004.12,20546,4.0178,LC
4507010.58,20547,6.0882,LC
4507031.79,21893,25.6017,BG
4507061.11,20545,6.1597,LC
4507076.17,20546,3.8869,LC
4507079.29,20547,4.2453,LC
4507093.34,20546,4.0372,LC
4507102.16,20548,93.0154,BG
4507124.33,20545,4.4091,LC
4507141.52,20547,4.3579,LC
4507148.83,20546,4.0871,LC
4507157.62,20545,4.1695,LC
4507170.95,20547,4.0061,LC
4507179.81,20546,4.4515,LC
4507185.14,20545,4.4665,LC
4507186.76,21893,104.8791,BG
4507205.64,20548,54.2768,BG
4507221.85,20547,4.1426,LC
4507226.11,20546,3.8955,LC
4507235.21,20545,4.2783,LC
4507236.32,20547,4.09,LC
4507249.76,20546,4.1117,LC
4507254.36,20545,4.2763,LC
4507255.85,20547,4.0844,LC
4507276.94,20546,4.1604,LC
4507301.42,20545,3.9272,LC
4507305.87,20547,4.3227,LC
4507313.24,21893,68.1512,BG
4507350.5,20545,3.8492,LC
4507352.7,20546,6.0599,LC
4507364.72,20547,4.0497,LC
4507379.19,20548,123.338,BG
4507386.27,20545,3.9082,LC
4507403.91,21893,38.8109,BG
4507419.5,20547,5.1518,LC
4507421.28,20546,7.4873,LC
4507427.43,20545,4.1019,LC
4507447.42,20547,4.2045,LC
4507456.44,20548,27.1852,BG
4507472.42,20545,6.9925,LC
4507478.78,20547,5.4349,LC
4507479.09,20546,8.2896,LC
4507489.82,21893,35.601,BG
4507497.36,20546,4.3183,LC
4507501.97,20545,4.1603,LC
4507511.43,20547,4.1758,LC
4507522.02,20546,4.2383,LC
4507535.79,20548,29.1441,BG
4507538.09,20545,6.7446,LC
4507538.4,20547,5.4553,LC
4507547.78,20546,4.2601,LC
4507569.2,20545,4.0054,LC
4507579.45,20547,4.3021,LC
4507584.17,21893,42.7158,BG
4507608.05,20546,4.5999,LC
4507612.05,20545,4.7375,LC
4507614.72,20547,4.522,LC
4507616.89,20548,30.892,BG
4507636.95,20545,6.0644,LC
4507656.63,20546,4.418,LC
4507666.83,21893,32.5136,BG
4507679.7,20547,4.5393,LC
4507684.38,20545,4.5951,LC
4507698.39,20548,31.3022,BG
4507705.18,20546,3.9193,LC
4507723.58,20547,4.2997,LC
4507731.59,20545,4.1392,LC
4507742.18,20546,3.9634,LC
4507756.39,20547,7.9794,LC
4507756.5,20545,6.0373,LC
4507757.89,21893,40.9027,BG
4507777.96,20548,28.0126,BG
4507778.65,20546,4.1153,LC
4507818.13,20545,6.2496,LC
4507818.66,20547,4.4983,LC
4507854.08,21893,45.9909,BG
4507854.42,20546,5.0474,LC
4507855.6,20548,27.4712,BG
4507860.02,20545,4.01,LC
4507887.79,20547,3.9322,LC
4507892.18,20546,4.2449,LC
4507899.22,20545,4.3143,LC
4507928.86,20547,5.8818,LC
4507934.4,20548,28.5888,BG
4507935.39,20546,5.6474,LC
4507937.45,20545,4.1315,LC
4507941.88,21893,37.6594,BG
4507943.48,20547,4.0329,LC
4507948.77,20546,3.8511,LC
4507963.1,20545,3.8995,LC
4507970.61,20547,3.9462,LC
4507976.73,20546,4.0146,LC
4507981.06,20545,4.2298,LC
4507987.33,20547,6.2909,LC
4507994.11,20546,4.131,LC
4508008.21,20545,4.2797,LC
4508009.31,20548,24.1429,BG
4508022.71,21893,30.7018,BG
4508045.56,20547,4.0283,LC
4508064.56,20546,4.1522,LC
4508151.25,20545,4.3045,LC
4508168.26,20547,4.8232,LC
4508168.47,20546,4.1374,LC
4508203.28,20548,138.6614,BG
4508220.81,21893,134.8451,BG
4508226.53,20547,4.4738,LC
4508252.51,20545,4.4681,LC
4508273.24,20546,4.3686,LC
4508277.64,20547,4.1204,LC
4508283.18,20545,6.1022,LC
4508283.29,20546,5.6598,LC
4508283.96,20547,4.0509,LC
4508326.64,20545,6.8661,LC
4508337.59,21893,64.2018,BG
4508343.33,20546,4.7399,LC
4508349.47,20547,3.913,LC
4508357.81,20548,104.2889,BG
4508382.92,20545,4.3235,LC
4508421.13,21893,33.3227,BG
4508422.67,20546,4.4367,LC
4508440.89,20548,32.6873,BG
4508454.89,20547,4.0801,LC
4508473.69,20545,3.9651,LC
4508494.24,20546,3.9099,LC
4508508.45,20547,6.0757,LC
4508508.53,20545,4.0924,LC
4508510.17,21893,31.7293,BG
4508515.84,20547,3.9592,LC
4508528.41,20548,36.2528,BG
4508533.44,20546,3.9136,LC
4508543.99,20545,4.0058,LC
4508566.14,20547,3.898,LC
4508583.98,21893,23.6225,BG
4508609.08,20548,29.8709,BG
4508638.91,20546,6.8239,LC
4508643.13,20547,4.4869,LC
4508650.22,20545,6.5277,LC
4508650.26,20546,3.9729,LC
4508662.48,21893,28.4211,BG
4508669.78,20547,4.0051,LC
4508673.76,20545,3.9106,LC
4508682.86,20546,4.7612,LC
4508705.51,20548,46.1594,BG
4508724.59,20547,4.3772,LC
4508729.27,20545,4.4084,LC
4508733.53,20546,3.9307,LC
4508737.95,21893,25.1979,BG
4508745.62,20547,5.425,LC
4508768.58,20545,4.2056,LC
4508786.65,20546,5.1771,LC
4508793.91,20548,37.7403,BG
4508812.73,21893,24.625,BG
4508812.9,20547,4.7138,LC
4508820.62,20546,4.0361,LC
4508821.24,20545,5.2076,LC
4508838.15,20547,4.2532,LC
4508838.22,20546,5.8832,LC
4508848.85,20545,4.2463,LC
4508848.9,20547,4.1259,LC
4508863.46,20546,4.0452,LC
4508883.03,20545,5.8086,LC
4508887.4,20547,4.5564,LC
4508887.47,20546,4.1439,LC
4508894.2,21893,30.6525,BG
4508894.56,20548,45.4556,BG
4508905.7,20545,4.2022,LC
4508907.55,20547,4.0445,LC
4508929.34,20546,3.9327,LC
4508936.14,20545,3.8767,LC
4508956.22,20547,5.7695,LC
4508973.65,20548,28.9529,BG
4508975.71,20546,4.6132,LC
4508977.96,21893,33.6085,BG
4508982.74,20545,4.3364,LC
4509024.61,20547,8.1601,LC
4509024.76,20546,6.5457,LC
4509038.6,20545,4.3024,LC
4509052.51,21893,24.3709,BG
4509067.11,20547,4.0278,LC
4509068.86,20546,7.3579,LC
4509078.65,20545,6.3422,LC
4509080.14,20547,5.3128,LC
4509095.14,20546,7.2793,LC
4509118.03,20548,93.8046,BG
4509121.14,20545,4.1252,LC
4509171.3,20547,4.4388,LC
4509190.83,20546,4.2111,LC
4509196.89,20545,3.9208,LC
4509209.61,21893,104.1158,BG
4509236.36,20548,67.7204,BG
4509242.73,20547,4.0791,LC
4509284.46,20545,4.051,LC
4509286.07,20546,8.3558,LC
4509289.91,20547,5.0127,LC
4509295.55,20545,4.3424,LC
4509307.67,20546,4.2327,LC
4509324.41,21893,64.6143,BG
4509324.57,20547,4.6104,LC
4509331.41,20545,3.8664,LC
4509347.11,20548,59.812,BG
4509365.25,20546,4.1986,LC
4509386.24,20547,6.0792,LC
4509403.31,20545,5.1943,LC
4509419.91,21893,45.485,BG
4509435.23,20548,31.9088,BG
4509436.23,20546,3.9488,LC
4509467.21,20547,4.0733,LC
4509483.8,20545,5.9565,LC
4509497.74,20546,6.0413,LC
4509508.0,21893,38.0309,BG
4509521.62,20547,4.1011,LC
4509527.5,20545,4.1269,LC
4509529.18,20548,43.0512,BG
4509554.65,20546,4.3855,LC
4509555.87,20547,4.5641,LC
4509585.29,21893,27.1539,BG
4509605.03,20548,24.8429,BG
4509637.33,20545,7.0486,LC
4509638.48,20546,4.3009,LC
4509647.01,20547,4.2753,LC
4509673.63,21893,34.9165,BG
4509683.33,20545,4.0009,LC
4509685.5,20548,30.3992,BG
4509710.45,20546,4.018,LC
4509715.07,20547,3.863,LC
4509727.85,20545,6.8578,LC
4509732.35,20546,7.7809,LC
4509754.52,21893,26.5897,BG
4509773.35,20548,37.1859,BG
4509781.09,20547,4.6848,LC
4509786.48,20545,4.296,LC
4509796.32,20546,4.1033,LC
4509820.72,20547,4.5347,LC
4509826.08,20545,4.2525,LC
4509832.18,21893,27.4704,BG
4509852.07,20548,27.9132,BG
4509859.23,20547,3.8369,LC
4509886.69,20546,6.2446,LC
4509913.79,21893,30.5479,BG
4509930.03,20545,4.2991,LC
4509933.28,20547,5.0838,LC
4509937.5,20548,35.2932,BG
4509946.66,20546,3.8009,LC
4509963.44,20545,4.1901,LC
4509986.64,21893,22.7015,BG
4509997.08,20547,5.0796,LC
4510002.9,20546,4.1311,LC
4510019.79,20548,32.0533,BG
4510028.32,20545,4.484,LC
4510032.78,20547,4.5601,LC
4510037.26,20546,4.0918,LC
4510054.92,20545,4.6484,LC
4510082.11,20547,4.3884,LC
4510086.1,21893,48.6146,BG
4510086.59,20546,4.1903,LC
4510094.41,20545,4.1186,LC
4510133.66,20547,5.0283,LC
4510147.57,20548,77.5536,BG
4510154.51,20546,4.9112,LC
4510161.03,20545,4.2997,LC
4510165.9,20547,4.6363,LC
4510176.65,21893,39.6971,BG
4510184.01,20545,4.1107,LC
4510199.32,20546,4.0876,LC
4510209.44,20547,4.1327,LC
4510219.56,20545,4.0501,LC
4510229.37,20546,4.7958,LC
4510241.04,20547,5.9035,LC
4510266.41,20548,66.3288,BG
4510275.21,20545,4.3841,LC
4510293.19,21893,61.0972,BG
4510294.71,20546,5.0167,LC
4510304.07,20547,5.893,LC
4510334.28,20545,4.0457,LC
4510354.67,20546,4.1741,LC
4510368.12,20547,4.3972,LC
4510375.84,20548,58.5265,BG
4510386.54,21893,42.9888,BG
4510411.16,20545,4.3231,LC
4510412.45,20546,4.2314,LC
4510465.69,20548,39.4545,BG
4510474.05,21893,37.2244,BG
4510512.8,20547,7.841,LC
4510559.18,21893,33.6392,BG
4510560.64,20548,44.4655,BG
4510621.92,20545,5.0414,LC
4510642.5,21893,32.2484,BG
4510653.13,20548,41.9632,BG
4510724.04,20546,5.2095,LC
4510736.15,21893,41.1288,BG
4510742.37,20548,38.2399,BG
4510745.86,20547,4.0973,LC
4510801.13,20545,4.6271,LC
4510836.73,21893,50.4121,BG
4510843.52,20546,4.2268,LC
4510847.67,20548,54.5362,BG
4510891.75,20547,4.112,LC
4510913.52,21893,26.5477,BG
4510939.07,20548,39.8758,BG
4510988.81,21893,24.969,BG
4511013.41,20548,24.1793,BG
4511018.39,20545,5.4901,LC
4511062.13,21893,23.0496,BG
4511120.11,20546,3.9766,LC
4511130.48,20548,67.0476,BG
4511155.74,20547,5.5008,LC
4511206.72,21893,77.5174,BG
4511228.21,20548,43.3932,BG
4511270.7,20545,4.0267,LC
4511309.07,21893,51.8866,BG
4511312.72,20548,34.4216,BG
4511356.96,20546,4.5594,LC
4511375.87,20547,4.0281,LC
4511402.17,20548,39.2525,BG
4511416.18,21893,57.1122,BG
4511421.54,20545,4.1768,LC
4511423.71,20546,4.1168,LC
4511477.05,20548,24.8321,BG
4511491.16,21893,25.1273,BG
4511551.12,20547,7.7962,LC
4511567.38,21893,25.5349,BG
4511570.08,20548,42.8991,BG
4511604.91,20545,4.0943,LC
4511623.09,20546,6.363,LC
4511641.23,21893,23.7926,BG
4511647.35,20548,27.2284,BG
4511714.91,21893,23.4995,BG
4511723.04,20548,25.2389,BG
4511743.5,20547,4.2016,LC
4511762.05,20545,4.6818,LC
4511790.26,20546,4.0269,LC
4511794.52,21893,29.5448,BG
4511799.1,20548,25.9709,BG
4511803.65,20547,6.339,LC
4511835.03,20545,5.1587,LC
4511845.67,20546,4.0283,LC
4511866.47,20547,4.1489,LC
4511875.81,20548,23.6432,BG
4511877.29,20545,4.2521,LC
4511879.96,20546,3.9235,LC
4511885.14,21893,37.3067,BG
4511896.91,20547,4.1172,LC
4511915.36,20545,4.0342,LC
4511923.28,20546,4.0802,LC
4511949.21,20548,23.2806,BG
4511961.37,21893,25.9693,BG
4511973.5,20547,4.1805,LC
4511985.3,20545,5.8894,LC
4512022.99,20548,23.5716,BG
4512036.3,21893,24.6499,BG
4512058.31,20546,7.9465,LC
4512058.45,20547,4.6286,LC
4512060.36,20545,4.2037,LC
4512079.29,20547,3.9668,LC
4512096.32,20548,23.1372,BG
4512120.64,20546,3.9687,LC
4512134.35,20545,3.8924,LC
4512140.17,20547,4.4102,LC
4512144.67,20546,4.1871,LC
4512157.3,20545,3.9364,LC
4512160.08,20547,4.4157,LC
4512187.88,20546,4.6005,LC
4512194.18,20545,4.495,LC
4512199.66,20547,4.1628,LC
4512204.33,20546,4.2592,LC
4512224.93,21893,124.6437,BG
4512230.7,20545,4.2225,LC
4512238.27,20547,4.2152,LC
4512247.12,20546,7.896,LC
4512247.19,20545,4.9647,LC
4512248.27,20548,101.0839,BG
4512279.65,20547,4.4539,LC
4512285.16,20546,5.7062,LC
4512347.27,21893,71.4337,BG
4512364.75,20548,66.0126,BG
4512379.06,20545,4.0762,LC
4512379.39,20547,4.1595,LC
4512384.05,20546,4.13,LC
4512390.19,20545,4.3676,LC
4512413.36,20547,4.4281,LC
4512417.99,20546,4.1981,LC
4512439.79,21893,43.2558,BG
4512472.23,20545,4.1041,LC
4512481.66,20548,60.4743,BG
4512482.17,20547,4.1686,LC
4512505.98,20546,4.0115,LC
4512510.48,20545,4.1538,LC
4512521.84,21893,31.919,BG
4512530.68,20547,4.3796,LC
4512542.89,20546,4.0693,LC
4512552.98,20548,27.1678,BG
4512599.09,20545,4.0168,LC
4512601.09,21893,27.273,BG
4512602.18,20547,4.9564,LC
4512651.09,20546,7.1152,LC
4512656.8,20545,7.5159,LC
4512672.24,20547,3.9615,LC
4512683.13,20546,5.9312,LC
4512709.18,20545,6.4818,LC
4512724.9,20547,4.5209,LC
4512731.19,20546,4.1234,LC
4512756.17,20548,152.7897,BG
4512764.36,20545,4.0291,LC
4512769.8,21893,44.0799,BG
4512835.11,20547,3.9932,LC
4512841.9,20546,4.3018,LC
4512849.16,20545,4.1604,LC
4512849.23,20547,4.3054,LC
4512869.0,20546,4.1492,LC
4512873.46,21893,45.6787,BG
4512878.22,20545,4.0235,LC
4512885.59,20547,4.4516,LC
4512895.78,20545,6.3115,LC
4512896.27,20546,9.0881,LC
4512908.1,20548,100.7575,BG
4512931.64,20547,4.1541,LC
4512939.9,20545,4.2484,LC
4512962.63,20546,3.8989,LC
4512967.63,20547,4.3799,LC
4512968.49,21893,36.5574,BG
4512978.92,20545,3.9927,LC
4513010.93,20548,52.8142,BG
4513028.15,20546,5.0454,LC
4513040.19,20547,4.6498,LC
4513051.85,20545,8.114,LC
4513052.54,20546,7.3072,LC
4513055.68,20547,6.453,LC
4513067.93,20545,5.927,LC
4513074.68,20546,4.1268,LC
4513085.43,21893,27.5764,BG
4513087.13,20545,3.9617,LC
4513087.17,20547,3.9358,LC
4513104.45,20546,4.0442,LC
4513108.34,20547,6.3686,LC
4513121.2,20548,60.3669,BG
4513128.79,20545,4.2188,LC
4513132.62,20546,4.5651,LC
4513142.81,20547,5.2396,LC
4513153.08,20545,3.9627,LC
4513159.38,20546,5.7584,LC
4513167.17,20547,4.2142,LC
4513189.16,20545,5.2014,LC
4513203.29,21893,60.2862,BG
4513221.65,20546,4.8698,LC
4513246.2,20547,5.5423,LC
4513259.66,20548,86.0144,BG
4513269.86,20545,4.4179,LC
4513271.59,20546,4.4265,LC
4513288.38,20547,5.3185,LC
4513298.51,20545,4.3907,LC
4513313.1,20546,4.1156,LC
4513316.56,20547,4.3735,LC
4513335.84,21893,82.5005,BG
4513357.2,20545,4.8791,LC
4513364.12,20546,4.2532,LC
4513390.75,20548,75.46,BG
4513405.28,20547,4.0991,LC
4513476.22,21893,90.223,BG
4513480.66,20545,4.2536,LC
4513491.61,20548,43.5279,BG
4513518.76,20546,4.4615,LC
4513560.84,21893,33.87,BG
4513574.17,20548,31.9719,BG
4513606.26,20547,7.6126,LC
4513646.14,21893,33.1899,BG
4513657.75,20548,32.5389,BG
4513695.29,20545,7.6451,LC
4513711.09,20546,6.6951,LC
4513755.57,21893,59.2925,BG
4513757.64,20548,46.5928,BG
4513786.69,20547,4.9571,LC
4513813.07,20545,4.9917,LC
4513834.21,20546,4.0168,LC
4513838.06,21893,32.3486,BG
4513850.25,20548,39.2969,BG
4513931.16,21893,42.9096,BG
4513939.69,20548,39.0019,BG
4513955.35,20547,4.2981,LC
4514011.14,21893,29.8855,BG
4514019.29,20548,29.0893,BG
4514093.62,21893,31.4181,BG
4514100.26,20548,30.0481,BG
4514106.39,20545,4.1587,LC
4514158.27,20546,4.8011,LC
4514196.2,20547,4.2415,LC
4514212.87,21893,68.6605,BG
4514222.15,20548,71.348,BG
4514241.95,20545,4.1127,LC
4514306.4,21893,42.0121,BG
4514312.51,20548,39.3231,BG
4514330.75,20546,4.6987,LC
4514383.09,20547,4.1904,LC
4514385.57,20545,4.288,LC
4514420.58,21893,64.046,BG
4514435.37,20548,70.3531,BG
4514497.7,21893,26.9297,BG
4514512.71,20546,5.166,LC
4514520.12,20548,32.6608,BG
4514545.19,20547,6.0622,LC
4514577.97,21893,30.2069,BG
4514595.16,20548,22.6889,BG
4514606.42,20545,3.8546,LC
4514651.57,21893,23.4999,BG
4514664.12,20546,4.2574,LC
4514668.95,20548,23.7579,BG
4514691.04,20547,4.3054,LC
4514725.33,21893,23.6546,BG
4514741.78,20548,22.6917,BG
4514764.05,20545,4.132,LC
4514787.97,20546,4.0063,LC
4514803.71,21893,27.6401,BG
4514817.05,20548,25.1566,BG
4514881.96,20547,5.0728,LC
4514882.09,21893,22.9058,BG
4514894.75,20548,27.5506,BG
4514905.7,20545,3.9409,LC
4514923.03,20546,4.1694,LC
4514928.48,20547,4.0234,LC
4514934.32,20545,4.1295,LC
4514948.4,20546,6.1987,LC
4514957.01,21893,28.4341,BG
4514976.21,20548,31.0285,BG
4514988.49,20547,4.2239,LC
4515010.3,20545,4.0606,LC
4515021.29,20546,5.0663,LC
4515031.45,20547,5.3125,LC
4515041.29,20545,3.9775,LC
4515045.57,20546,3.8866,LC
4515052.13,21893,43.4137,BG
4515061.69,20547,4.1154,LC
4515066.13,20548,34.6489,BG
4515070.93,20545,3.9756,LC
4515075.19,20546,3.9252,LC
4515086.09,20547,3.8963,LC
4515093.52,20545,4.1081,LC
4515116.18,20546,5.9266,LC
4515126.77,21893,24.4942,BG
4515138.1,20547,3.9851,LC
4515150.58,20548,34.1733,BG
4515194.68,20545,5.347,LC
4515216.55,20546,3.9149,LC
4515235.59,20548,34.8861,BG
4515238.15,20547,4.0613,LC
4515240.68,20545,4.5527,LC
4515259.97,20547,6.2759,LC
4515265.41,20546,4.2565,LC
4515294.23,20545,4.0196,LC
4515298.17,20547,4.2113,LC
4515307.92,21893,129.6764,BG
4515333.2,20546,4.1072,LC
4515336.02,20548,49.6137,BG
4515362.52,20547,4.6898,LC
4515362.63,20545,7.2542,LC
4515365.2,20546,5.7503,LC
4515394.17,20547,4.4203,LC
4515395.51,20545,4.2878,LC
4515411.51,20546,4.0874,LC
4515439.09,21893,75.5338,BG
4515453.56,20548,66.1497,BG
4515463.72,20547,4.0704,LC
4515476.65,20545,4.2261,LC
4515484.15,20546,4.048,LC
4515494.15,20547,4.0805,LC
4515503.69,20545,4.1553,LC
4515538.1,20548,31.7741,BG
4515548.27,21893,59.1554,BG
4515553.31,20546,4.6365,LC
4515566.55,20547,4.3169,LC
4515581.23,20545,6.756,LC
4515584.65,20546,7.7372,LC
4515589.18,20547,4.3597,LC
4515619.94,20545,8.4039,LC
4515620.06,20546,7.4467,LC
4515630.91,20548,41.6755,BG
4515643.5,21893,42.4686,BG
4515654.81,20547,3.8701,LC
4515659.88,20546,4.2154,LC
4515666.4,20545,4.129,LC
4515712.48,20548,31.4227,BG
4515716.89,21893,23.239,BG
4515726.85,20547,4.9357,LC
4515738.61,20546,4.0848,LC
4515770.7,20545,4.16,LC
4515786.13,20547,5.9205,LC
4515794.42,20546,4.3742,LC
4515794.62,21893,27.5927,BG
4515799.84,20545,4.1213,LC
4515804.08,20548,41.3784,BG
4515815.13,20547,6.194,LC
4515866.06,20546,6.0463,LC
4515868.38,20545,5.2061,LC
4515879.42,20548,25.2059,BG
4515884.35,21893,39.5218,BG
4515890.05,20547,4.1415,LC
4515894.26,20546,5.7947,LC
4515916.72,20545,4.0506,LC
4515949.08,20547,3.8847,LC
4515953.21,20546,4.0369,LC
4515956.96,20548,27.3356,BG
4515966.74,21893,28.3729,BG
4515966.9,20545,3.8136,LC
4515981.15,20547,6.2149,LC
4515990.02,20546,4.8918,LC
4515997.79,20545,4.0572,LC
4516002.3,20547,4.4169,LC
4516009.72,20546,4.0419,LC
4516029.17,20545,4.0688,LC
4516030.74,20548,23.51,BG
4516040.46,21893,27.4155,BG
4516044.91,20547,4.1581,LC
4516052.38,20546,4.8003,LC
4516070.08,20545,6.2202,LC
4516073.04,20547,4.211,LC
4516075.17,20546,4.1172,LC
4516080.65,20547,4.0684,LC
4516104.08,20548,23.2197,BG
4516113.65,21893,23.0021,BG
4516142.35,20545,6.1058,LC
4516152.1,20546,3.8336,LC
4516191.56,20547,9.7498,LC
4516195.02,20545,5.6046,LC
4516197.78,20547,5.1378,LC
4516197.83,20546,5.7178,LC
4516219.09,20545,6.3408,LC
4516220.32,20547,6.0457,LC
4516244.73,20546,4.4235,LC
4516254.1,20548,98.9056,BG
4516254.85,20545,4.51,LC
4516269.24,21893,105.0801,BG
4516272.94,20547,4.4982,LC
4516277.6,20546,4.069,LC
4516300.32,20545,5.6584,LC
4516303.98,20547,5.2407,LC
4516322.32,20546,4.3005,LC
4516358.97,20548,54.7367,BG
4516379.17,21893,55.0961,BG
4516390.74,20545,4.3114,LC
4516443.72,20546,6.4077,LC
4516443.79,20547,8.5802,LC
4516463.96,20545,6.2307,LC
4516465.11,20548,52.416,BG
4516469.1,20547,5.2342,LC
4516486.94,20546,7.1758,LC
4516511.08,20545,4.079,LC
4516513.91,21893,84.6234,BG
4516535.47,20548,23.5796,BG
4516541.18,20547,3.9437,LC
4516553.45,20546,3.9864,LC
4516577.07,20545,5.5667,LC
4516578.47,20545,4.3636,LC
4516578.54,20547,4.6332,LC
4516601.17,20546,4.039,LC
4516611.51,21893,47.5371,BG
4516619.08,20547,3.8117,LC
4516627.55,20548,42.0233,BG
4516631.03,20545,4.0443,LC
4516632.17,20546,4.0953,LC
4516659.18,20547,6.7347,LC
4516662.11,20545,5.9221,LC
4516685.51,20546,4.0113,LC
4516689.58,20547,4.0819,LC
4516704.14,21893,40.6594,BG
4516717.38,20548,39.2429,BG
4516749.48,20545,6.2618,LC
4516768.5,20546,7.0636,LC
4516785.1,20547,4.3006,LC
4516795.73,20545,3.9208,LC
4516801.07,20546,4.1438,LC
4516802.09,20548,33.5735,BG
4516807.02,20547,3.868,LC
4516812.95,21893,58.567,BG
4516828.9,20545,3.9345,LC
4516883.8,20548,31.5421,BG
4516887.96,20546,3.9522,LC
4516896.1,20547,3.8186,LC
4516899.33,21893,36.1331,BG
4516908.24,20545,4.0843,LC
4516912.57,20546,4.1294,LC
4516916.32,20547,4.1126,LC
4516926.37,20545,4.9373,LC
4516944.19,20546,4.0109,LC
4516958.27,20548,24.2203,BG
4516973.36,21893,23.9345,BG
4516981.73,20547,6.0621,LC
4517026.18,20545,5.8524,LC
4517032.05,20548,23.6732,BG
4517045.27,20546,4.0947,LC
4517048.99,20547,4.8075,LC
4517050.73,21893,26.8659,BG
4517071.77,20545,4.1465,LC
4517083.05,20546,3.8663,LC
4517083.4,20547,4.0591,LC
4517107.4,20548,23.9553,BG
4517114.76,20545,3.9134,LC
4517127.83,21893,27.0158,BG
4517141.15,20546,3.9568,LC
4517161.06,20547,6.0178,LC
4517161.12,20545,4.8447,LC
4517169.04,20546,6.0978,LC
4517183.95,20545,4.0591,LC
4517184.03,20547,4.0982,LC
4517194.42,20548,35.2534,BG
4517201.71,20547,3.9962,LC
4517202.02,20546,4.5814,LC
4517214.55,20545,8.0688,LC
4517219.08,20547,3.9794,LC
4517269.08,20546,4.0934,LC
4517282.86,20548,37.6696,BG
4517285.73,20545,4.1577,LC
4517297.4,20547,6.2212,LC
4517302.33,20546,4.5069,LC
4517314.39,20545,4.373,LC
4517336.1,21893,153.04,BG
4517336.21,20547,3.8242,LC
4517342.64,20546,3.8647,LC
4517383.17,20548,46.5098,BG
4517421.11,20545,4.2084,LC
4517441.2,21893,53.0976,BG
4517484.64,20547,3.9859,LC
4517514.72,20548,79.2704,BG
4517533.27,21893,41.8579,BG
4517573.35,20546,9.1856,LC
4517591.05,20545,4.0279,LC
4517622.87,20548,58.2699,BG
4517630.21,21893,40.8137,BG
4517666.07,20547,5.0224,LC
4517703.77,20548,30.7325,BG
4517707.96,20546,4.1078,LC
4517715.85,20545,3.9772,LC
4517719.15,21893,37.9348,BG
4517747.88,20547,5.4844,LC
4517790.65,20548,36.829,BG
4517799.44,21893,29.2012,BG
4517813.58,20546,4.2337,LC
4517841.28,20545,10.0065,LC
4517887.59,20548,46.2899,BG
4517888.73,21893,39.0629,BG
4517955.98,20547,6.7318,LC
4517991.12,20548,51.6264,BG
4517995.73,21893,56.9357,BG
4518100.79,20548,59.4067,BG
4518102.7,20546,4.0684,LC
4518104.12,21893,57.8915,BG
4518135.82,20545,6.4967,LC
4518185.92,20548,34.8903,BG
4518190.34,20547,4.0973,LC
4518233.03,20546,6.1505,LC
4518259.59,20548,23.5344,BG
4518279.19,21893,122.8947,BG
4518316.15,20545,4.2034,LC
4518329.93,20547,4.3027,LC
4518368.43,20548,51.9975,BG
4518387.73,21893,55.2372,BG
4518426.1,20546,3.9964,LC
4518442.1,20545,4.2283,LC
4518467.54,20547,4.2076,LC
4518470.21,20548,49.9432,BG
4518500.03,21893,59.7838,BG
4518532.49,20546,3.9813,LC
4518549.74,20548,29.1874,BG
4518577.94,21893,27.7743,BG
4518585.76,20545,4.0993,LC
4518622.75,20548,22.8584,BG
4518650.06,20547,4.0397,LC
4518655.69,21893,27.667,BG
4518674.51,20546,3.9901,LC
4518695.97,20548,23.1189,BG
4518730.03,21893,24.1794,BG
4518750.17,20545,5.9721,LC
4518759.43,20547,4.0789,LC
4518776.74,20548,28.9659,BG
4518780.64,20546,4.1995,LC
4518802.07,20545,4.0064,LC
4518813.16,21893,33.0349,BG
4518842.65,20547,4.0993,LC
4518849.14,20548,23.7735,BG
4518868.07,20546,4.0813,LC
4518884.59,20545,4.1176,LC
4518894.75,21893,30.7736,BG
4518901.9,20547,4.0492,LC
4518906.18,20546,3.9318,LC
4518922.85,20548,23.1414,BG
4518932.41,20545,4.1922,LC
4518972.93,21893,28.0691,BG
4518993.59,20547,4.0487,LC
4518996.36,20548,23.3805,BG
4518999.06,20546,4.0454,LC
4519046.14,20545,3.8945,LC
4519053.86,21893,30.8166,BG
4519070.42,20548,23.2169,BG
4519080.63,20547,4.2378,LC
4519095.35,20546,5.0699,LC
4519134.53,20545,4.8208,LC
4519138.48,21893,34.3352,BG
4519151.4,20548,30.2147,BG
4519211.39,20547,5.013,LC
4519259.47,21893,69.9249,BG
4519266.34,20548,64.0602,BG
4519303.45,20546,4.1341,LC
4519318.02,20545,4.161,LC
4519325.53,20547,4.2528,LC
4519345.16,20548,28.5032,BG
4519353.96,21893,44.7453,BG
4519366.38,20546,3.9911,LC
4519377.02,20545,4.1771,LC
4519444.1,20547,6.4481,LC
4519447.1,21893,41.7848,BG
4519449.22,20548,51.9669,BG
4519463.82,20546,5.555,LC
4519495.9,20545,5.428,LC
4519518.09,20547,3.9014,LC
4519548.13,20546,4.1327,LC
4519566.91,21893,68.2306,BG
4519587.76,20548,87.1202,BG
4519604.6,20545,5.7325,LC
4519623.96,20547,4.1335,LC
4519642.71,21893,26.0184,BG
4519678.74,20548,38.4787,BG
4519698.68,20546,4.1883,LC
4519719.38,21893,25.3159,BG
4519732.58,20545,4.1894,LC
4519762.95,20548,33.4251,BG
4519776.82,20547,4.0281,LC
4519793.7,21893,24.1212,BG
4519803.47,20545,4.0208,LC
4519808.11,20546,10.4338,LC
4519846.94,20548,30.6087,BG
4519865.33,20547,3.9999,LC
4519868.77,21893,24.9069,BG
4519924.87,20548,27.9371,BG
4519929.7,20545,4.1135,LC
4519950.1,21893,30.834,BG
4519964.32,20546,4.0651,LC
4520000.93,20547,4.144,LC
4520003.52,20548,28.6859,BG
4520027.82,21893,27.71,BG
4520043.32,20545,4.0451,LC
4520081.93,20548,27.7613,BG
4520105.29,21893,27.064,BG
4520123.6,20546,4.3107,LC
4520158.14,20548,23.7919,BG
4520179.19,21893,23.0559,BG
4520257.12,20547,4.4538,LC
4520275.75,20548,67.4092,BG
4520333.35,21893,103.6014,BG
4520359.57,20548,30.9426,BG
4520367.25,20545,4.3156,LC
4520405.41,20546,4.19,LC
4520442.15,21893,57.2011,BG
4520444.23,20548,34.6135,BG
4520476.08,20547,3.968,LC
4520545.22,20548,50.4369,BG
4520558.43,21893,61.3571,BG
4520639.83,20548,44.4966,BG
4520647.84,21893,38.6045,BG
4520660.62,20545,4.1593,LC
4520729.55,20548,39.6514,BG
4520736.49,21893,38.5747,BG
4520769.22,20546,7.7714,LC
4520816.53,20548,36.8908,BG
4520822.3,21893,33.1532,BG
4520837.2,20547,6.0652,LC
4520903.45,20548,36.8298,BG
4520904.74,21893,31.5798,BG
4520993.12,20545,4.0785,LC
4520994.04,20546,4.3069,LC
4521005.09,21893,49.7545,BG
4521006.4,20545,3.9249,LC
4521008.08,20548,53.9558,BG
4521066.21,20547,7.822,LC
4521093.15,20546,3.8752,LC
4521115.16,21893,59.1126,BG
4521116.14,20548,48.1909,BG
4521210.6,21893,45.8564,BG
4521225.54,20548,59.1197,BG
4521275.6,20545,4.9329,LC
4521297.76,20547,3.9074,LC
4521355.6,20546,4.2233,LC
4521358.58,20548,76.3317,BG
4521360.45,21893,99.2721,BG
4521436.14,20545,3.9938,LC
4521449.15,20547,4.6855,LC
4521484.86,20548,75.0384,BG
4521484.87,21893,74.1932,BG
4521570.26,20548,35.3085,BG
4521570.85,21893,34.2946,BG
4521649.68,20548,28.2315,BG
4521652.02,20546,4.2295,LC
4521657.18,21893,36.2726,BG
4521697.57,20545,4.3607,LC
4521740.22,21893,32.0231,BG
4521741.87,20547,4.0702,LC
4521744.71,20548,44.5809,BG
4521827.96,21893,37.6135,BG
4521840.56,20548,44.1245,BG
4521879.71,20546,6.0525,LC
4521920.17,21893,38.1479,BG
4521927.41,20548,38.2815,BG
4521930.22,20545,4.0805,LC
4521938.65,20547,4.1532,LC
4521965.75,20546,4.2162,LC
4521999.2,20545,5.9223,LC
4522001.06,20548,23.3485,BG
4522011.22,21893,40.8563,BG
4522018.93,20547,3.8924,LC
4522081.56,20548,30.3286,BG
4522097.17,21893,33.2008,BG
4522152.74,20546,5.6187,LC
4522170.41,20548,38.6287,BG
4522182.16,20545,3.9873,LC
4522188.08,20547,3.8195,LC
4522188.34,21893,36.9208,BG
4522295.34,20548,74.6817,BG
4522302.11,21893,63.5684,BG
4522372.34,20546,4.5013,LC
4522377.0,20545,4.0438,LC
4522384.28,20548,36.5244,BG
4522389.77,21893,37.5641,BG
4522408.12,20547,3.8559,LC
4522416.41,20546,5.5277,LC
4522456.23,20545,4.1846,LC
4522467.43,20547,4.517,LC
4522467.52,20546,4.0855,LC
4522477.74,21893,36.9079,BG
4522498.34,20545,4.3722,LC
4522498.7,20548,64.3303,BG
4522510.65,20547,4.0209,LC
4522550.29,20546,4.8404,LC
4522560.12,20545,3.9897,LC
4522592.32,21893,60.2943,BG
4522597.21,20548,48.3619,BG
4522690.24,21893,49.8719,BG
4522699.42,20548,51.1914,BG
4522739.87,20547,5.257,LC
4522776.13,20546,4.0655,LC
4522777.15,21893,35.9646,BG
4522786.0,20545,4.0998,LC
4522788.03,20548,37.8976,BG
4522815.13,20547,4.9877,LC
4522844.16,20546,6.3167,LC
4522857.99,20545,3.8012,LC
4522879.34,20546,3.8583,LC
4522879.46,20547,4.0757,LC
4522883.55,21893,56.2384,BG
4522892.39,20548,49.7877,BG
4522896.51,20545,6.5562,LC
4522897.44,20547,5.6441,LC
4522913.19,20546,4.2049,LC
4522915.55,20545,4.0799,LC
4522947.86,20547,6.8262,LC
4522970.56,20546,4.0903,LC
4522970.75,21893,34.7789,BG
4522995.79,20548,47.76,BG
4523029.82,20545,6.1736,LC
4523038.83,20547,6.537,LC
4523052.15,21893,31.2116,BG
4523058.15,20546,3.9206,LC
4523075.26,20548,29.1425,BG
4523097.97,20545,3.8111,LC
4523119.83,20547,4.04,LC
4523128.13,21893,23.5929,BG
4523138.3,20546,6.0705,LC
4523144.0,20545,4.3119,LC
4523147.11,20547,3.9352,LC
4523158.82,20548,32.8593,BG
4523166.65,20546,4.0053,LC
4523184.43,20545,4.1866,LC
4523187.42,20547,4.2495,LC
4523197.4,20546,4.0447,LC
4523205.13,21893,26.6969,BG
4523231.32,20545,4.1239,LC
4523238.54,20548,29.5871,BG
4523317.57,20548,28.7969,BG
4523329.08,20547,3.8851,LC
4523344.91,20546,8.0874,LC
4523345.1,20545,5.8861,LC
4523355.2,21893,98.9955,BG
4523359.1,20547,4.3378,LC
4523367.53,20546,8.3291,LC
4523370.07,20545,6.5862,LC
4523370.79,20547,4.0026,LC
4523370.84,20547,4.561,LC
4523374.06,20546,3.9588,LC
4523390.52,20547,3.9743,LC
4523421.41,20545,4.0702,LC
4523429.76,20546,4.0763,LC
4523429.94,20548,56.1864,BG
4523441.25,20547,4.5313,LC
4523471.86,20546,6.5729,LC
4523472.0,20545,10.9425,LC
4523472.21,21893,55.5736,BG
4523479.19,20547,9.7835,LC
4523479.61,20545,5.4519,LC
4523508.54,20546,4.0596,LC
4523529.17,20547,3.999,LC
4523539.93,20545,4.4253,LC
4523544.14,20548,61.75,BG
4523556.84,21893,44.644,BG
4523579.93,20546,6.5665,LC
4523625.8,20547,4.4461,LC
4523634.32,21893,27.3794,BG
4523634.51,20545,4.0463,LC
4523648.49,20546,4.5524,LC
4523654.46,20548,60.2288,BG
4523677.04,20547,4.0234,LC
4523681.24,20545,4.0244,LC
4523685.16,20546,3.9571,LC
4523686.55,20547,4.2915,LC
4523709.63,21893,24.4662,BG
4523716.56,20545,4.0188,LC
4523727.73,20546,3.8426,LC
4523731.52,20548,26.9058,BG
4523733.5,20547,4.2861,LC
4523771.91,20545,4.3861,LC
4523775.29,20546,4.1462,LC
4523797.45,20547,8.1359,LC
4523797.52,20545,3.9364,LC
4523800.62,21893,40.8956,BG
4523809.15,20546,5.8003,LC
4523809.28,20548,25.2469,BG
4523845.88,20547,4.1858,LC
4523876.14,21893,23.2802,BG
4523882.3,20548,22.888,BG
4523887.17,20545,3.894,LC
4523940.47,20546,4.2555,LC
4523946.09,20547,5.5964,LC
4523960.71,20548,28.1872,BG
4523962.43,20545,4.1661,LC
4523962.61,21893,29.485,BG
4523972.16,20546,6.0939,LC
4523984.32,20547,4.0688,LC
4524012.08,20545,4.1175,LC
4524033.07,20546,3.8622,LC
4524036.22,21893,23.4612,BG
4524038.56,20548,27.7905,BG
4524041.32,20547,3.8982,LC
4524048.03,20545,3.9271,LC
4524109.63,21893,23.0736,BG
4524112.09,20548,23.3289,BG
4524117.43,20546,4.2885,LC
4524118.54,20547,4.2084,LC
4524174.29,20545,3.8817,LC
4524184.68,21893,25.0151,BG
4524189.54,20548,27.3141,BG
4524191.57,20546,4.151,LC
4524196.6,20546,4.0856,LC
4524197.13,20545,4.6953,LC
4524197.89,20547,8.0579,LC
4524203.96,20546,4.0821,LC
4524214.2,20545,3.888,LC
4524258.53,21893,23.4987,BG
4524259.09,20547,4.1551,LC
4524266.85,20548,27.1123,BG
4524276.22,20546,5.1127,LC
4524277.1,20545,4.683,LC
4524293.17,20547,4.1622,LC
4524320.08,20546,3.9044,LC
4524320.7,20545,4.385,LC
4524337.13,20547,4.0478,LC
4524382.21,20546,4.8066,LC
4524413.44,20545,4.0855,LC
4524426.06,20547,4.0311,LC
4524426.83,20548,94.6172,BG
4524442.92,21893,127.2945,BG
4524467.17,20546,4.6695,LC
4524474.08,20545,8.4872,LC
4524474.15,20547,6.1171,LC
4524532.81,20546,5.2549,LC
4524568.97,21893,76.1884,BG
4524592.69,20548,108.0855,BG
4524661.2,21893,40.6007,BG
4524674.84,20548,31.6479,BG
4524718.88,20547,11.1208,LC
4524770.41,21893,59.0816,BG
4524771.66,20548,45.8154,BG
4524837.97,20545,8.7101,LC
4524866.45,20546,4.1405,LC
4524882.14,21893,59.8306,BG
4524882.81,20548,59.0951,BG
4524887.14,20547,4.1877,LC
4524914.3,20545,6.28,LC
4524987.71,21893,55.2678,BG
4524993.4,20548,60.3586,BG
4525020.63,20546,6.4307,LC
4525087.09,21893,46.2998,BG
4525088.79,20548,44.6511,BG
4525089.53,20547,4.1693,LC
4525111.97,20545,4.4543,LC
4525152.44,20546,6.0969,LC
4525185.62,20548,46.441,BG
4525197.43,20547,3.9422,LC
4525201.43,21893,66.8114,BG
4525296.3,20548,60.3505,BG
4525302.34,20545,6.0924,LC
4525306.95,21893,54.9495,BG
4525409.19,20548,60.6525,BG
4525422.04,21893,64.4709,BG
4525442.95,20546,4.0869,LC
4525524.19,20547,4.3462,LC
4525527.31,20548,65.9036,BG
4525531.65,21893,57.8268,BG
4525542.78,20545,4.1562,LC
4525598.04,20546,4.1759,LC
4525611.27,20547,3.9807,LC
4525647.4,20548,69.6817,BG
4525657.49,20545,8.0561,LC
4525663.34,21893,78.5208,BG
4525681.34,20546,4.0052,LC
4525723.07,20548,24.8497,BG
4525729.46,20547,4.0427,LC
4525737.96,20545,4.1904,LC
4525743.28,21893,29.1148,BG
4525772.44,20546,4.1232,LC
4525779.2,20547,4.171,LC
4525800.62,20548,27.4482,BG
4525816.6,21893,23.1546,BG
4525874.2,20548,23.4583,BG
4525888.58,20545,4.1017,LC
4525890.24,21893,23.4896,BG
4525942.56,20546,4.1821,LC
4525953.51,20548,29.188,BG
4525965.76,21893,24.5977,BG
4525986.01,20547,3.9843,LC
4525998.16,20545,5.6038,LC
4526039.55,21893,23.636,BG
4526046.22,20548,42.0346,BG
4526093.98,20546,10.0908,LC
4526117.81,21893,27.626,BG
4526132.91,20548,36.6059,BG
4526156.29,20547,4.1178,LC
4526167.31,20545,3.964,LC
4526182.19,20546,4.2551,LC
4526202.14,21893,32.0849,BG
4526210.46,20548,27.3916,BG
4526229.76,20547,4.3178,LC
4526234.91,20545,4.2099,LC
4526254.65,20546,4.5319,LC
4526280.91,20547,4.1444,LC
4526285.62,21893,33.4068,BG
4526288.12,20548,26.0891,BG
4526304.21,20545,4.0216,LC
4526313.91,20546,4.2893,LC
4526318.38,20547,6.203,LC
4526333.69,20545,4.0513,LC
4526366.24,20546,7.5011,LC
4526376.16,20547,4.5931,LC
4526387.7,20545,4.2612,LC
4526390.72,20548,52.2794,BG
4526400.92,20546,4.2317,LC
4526403.15,20547,4.366,LC
4526422.15,20545,4.0809,LC
4526425.14,20546,4.4495,LC
4526442.67,21893,106.8587,BG
4526466.67,20547,4.0883,LC
4526484.35,20545,4.007,LC
4526487.37,20548,46.5035,BG
4526492.67,20546,4.7675,LC
4526494.21,20547,4.226,LC
4526529.7,20545,4.1923,LC
4526539.96,20546,4.2708,LC
4526542.78,20547,6.5992,LC
4526551.47,21893,57.0597,BG
4526556.8,20545,4.2122,LC
4526568.26,20546,4.0223,LC
4526577.5,20548,37.543,BG
4526586.35,20547,4.2301,LC
4526593.25,20545,4.0933,LC
4526598.64,20546,5.3767,LC
4526607.08,20545,4.0915,LC
4526627.29,20547,3.877,LC
4526634.94,20546,3.9317,LC
4526663.63,20545,4.5976,LC
4526664.3,20548,30.5624,BG
4526676.42,21893,74.8599,BG
4526678.93,20547,4.1474,LC
4526682.38,20546,4.4572,LC
4526689.68,20545,4.8377,LC
4526694.18,20547,3.9757,LC
4526705.07,20546,4.0843,LC
4526713.03,20545,4.3124,LC
4526727.84,20547,3.8293,LC
4526762.22,20545,5.2643,LC
4526762.91,20546,5.0347,LC
4526762.97,20546,6.7034,LC
4526768.8,20547,4.0468,LC
4526777.0,20545,5.114,LC
4526785.84,20546,3.9018,LC
4526794.56,20548,80.1608,BG
4526800.94,20547,3.9124,LC
4526803.8,21893,72.1753,BG
4526805.74,20545,5.8128,LC
4526806.54,20546,4.1297,LC
4526830.6,20547,5.2916,LC
4526835.1,20545,4.2584,LC
4526836.13,20546,4.0832,LC
4526856.38,20547,4.0336,LC
4526870.39,20545,4.1117,LC
4526874.53,20546,4.1626,LC
4526892.17,20547,5.8886,LC
4526894.36,20545,5.2326,LC
4526898.48,21893,40.2953,BG
4526900.32,20548,54.193,BG
4526929.28,20546,6.5617,LC
4526936.13,20547,5.4735,LC
4526938.02,20545,4.1847,LC
4526982.1,20546,4.5675,LC
4526982.71,20547,4.2703,LC
4526989.27,21893,40.1111,BG
4526990.26,20548,39.1478,BG
4527006.06,20545,4.1755,LC
4527010.49,20546,3.9166,LC
4527017.19,20547,4.1432,LC
4527074.42,20548,33.2906,BG
4527075.28,21893,34.8725,BG
4527083.15,20545,4.0957,LC
4527111.32,20546,7.1655,LC
4527164.48,20547,4.108,LC
4527165.64,21893,40.0975,BG
4527169.92,20548,45.2925,BG
4527172.75,20545,4.1969,LC
4527174.96,20546,4.4173,LC
4527196.3,20547,4.0679,LC
4527203.9,20545,4.488,LC
4527204.13,20546,4.4014,LC
4527238.06,20545,4.378,LC
4527239.31,20547,3.9898,LC
4527239.36,20547,4.0374,LC
4527247.12,20546,4.2415,LC
4527261.9,21893,46.168,BG
4527269.81,20545,4.0746,LC
4527271.34,20548,50.2145,BG
4527286.5,20547,4.1125,LC
4527320.67,20546,5.9074,LC
4527320.74,20545,5.3672,LC
4527337.25,20547,3.9967,LC
4527368.12,20546,4.0363,LC
4527376.72,20548,53.1263,BG
4527377.53,20545,4.0784,LC
4527383.4,20547,4.1161,LC
4527418.8,20546,4.1696,LC
4527419.14,21893,101.2566,BG
4527457.16,20545,4.5684,LC
4527465.21,20547,4.104,LC
4527466.97,20548,40.0458,BG
4527490.12,20546,3.9297,LC
4527500.75,20545,4.3376,LC
4527500.82,20547,4.2007,LC
4527505.49,20546,4.4513,LC
4527508.65,20545,4.3467,LC
4527515.4,20547,4.1338,LC
4527515.54,21893,46.3869,BG
4527524.33,20546,3.895,LC
4527561.09,20548,43.8666,BG
4527576.58,20545,4.354,LC
4527606.07,20547,4.426,LC
4527613.37,21893,47.6057,BG
4527649.18,20548,36.2002,BG
4527654.13,20546,4.1395,LC
4527654.87,20545,5.1513,LC
4527707.76,20547,4.8294,LC
4527715.91,20546,4.6239,LC
4527722.94,20545,6.5808,LC
4527729.65,21893,65.3832,BG
4527748.33,20547,4.5922,LC
4527763.03,20546,4.5681,LC
4527795.05,20545,6.5812,LC
4527819.72,20547,4.5895,LC
4527830.16,21893,48.0744,BG
4527868.9,20546,4.2887,LC
4527877.87,20545,4.3812,LC
4527882.53,20547,4.6078,LC
4527884.48,20545,4.6323,LC
4527892.11,20548,188.8705,BG
4527903.92,20546,4.8771,LC
4527949.31,20547,4.6521,LC
4527956.57,20545,4.6238,LC
4527956.92,21893,73.8543,BG
4527963.74,20546,4.6612,LC
4527987.97,20548,45.4088,BG
4527994.27,20547,4.3439,LC
4528025.75,20545,4.0584,LC
4528029.29,20546,4.2287,LC
4528044.32,21893,35.021,BG
4528052.54,20545,4.2796,LC
4528067.89,20548,29.7037,BG
4528075.58,20547,4.1215,LC
4528093.99,20546,4.112,LC
4528096.5,20545,4.2728,LC
4528113.09,20547,6.0903,LC
4528118.13,20546,5.8279,LC
4528118.18,20545,4.0104,LC
4528124.14,20547,3.9836,LC
4528154.99,20545,4.0155,LC
4528165.04,21893,69.7866,BG
4528165.83,20546,4.0755,LC
4528166.31,20548,32.897,BG
4528173.63,20547,4.4424,LC
4528192.85,20545,4.1488,LC
4528215.77,20546,8.1049,LC
4528215.99,20547,6.3588,LC
4528216.77,20545,4.0772,LC
4528228.11,20546,3.9104,LC
4528230.73,20547,4.5856,LC
4528232.18,20545,4.1997,LC
4528248.71,20548,32.2826,BG
4528257.52,21893,40.7256,BG
4528304.58,20546,4.2917,LC
4528331.61,21893,23.3326,BG
4528343.21,20548,44.2981,BG
4528352.39,20547,4.1201,LC
4528414.03,20545,4.2439,LC
4528439.71,20546,4.36,LC
4528476.82,21893,94.582,BG
4528478.65,20548,81.7552,BG
4528519.17,20547,4.4519,LC
4528540.1,20545,4.1534,LC
4528582.86,21893,55.9125,BG
4528596.21,20548,65.0247,BG
4528607.8,20546,4.6793,LC
4528622.95,20547,4.5849,LC
4528681.13,20545,6.0011,LC
4528698.33,20546,6.0494,LC
4528700.61,20548,54.4415,BG
4528702.58,21893,69.2939,BG
4528774.53,20548,23.6159,BG
4528774.71,20547,3.8486,LC
4528780.36,21893,27.8073,BG
4528828.9,20545,6.0449,LC
4528850.89,20548,25.7315,BG
4528854.61,21893,24.2905,BG
4528856.19,20546,3.9514,LC
4528889.66,20547,4.0651,LC
4528925.87,20548,24.751,BG
4528929.86,21893,25.1373,BG
4529003.84,20548,27.0809,BG
4529006.91,21893,26.9543,BG
4529078.29,20548,24.9708,BG
4529081.22,21893,24.195,BG
4529152.42,20548,23.9557,BG
4529154.7,21893,23.3317,BG
4529180.51,20545,4.2131,LC
4529194.04,20546,4.0891,LC
4529202.07,20547,4.2691,LC
4529218.97,20545,3.7691,LC
4529227.46,20548,24.9725,BG
4529232.72,21893,27.8164,BG
4529285.14,20546,4.1328,LC
4529305.26,20548,27.5678,BG
4529306.39,21893,23.5673,BG
4529378.63,20548,23.0834,BG
4529412.45,20547,6.0982,LC
4529424.15,21893,67.6511,BG
4529464.89,20545,4.4793,LC
4529485.53,20548,56.126,BG
4529513.95,21893,39.5532,BG
4529567.5,20546,4.1235,LC
4529582.19,20547,4.3664,LC
4529586.92,20545,4.3296,LC
4529587.02,20546,4.2367,LC
4529605.12,20548,67.2437,BG
4529636.9,21893,72.6996,BG
4529729.34,20547,4.2836,LC
4529736.09,20548,80.8478,BG
4529739.75,21893,52.9569,BG
4529819.49,20548,33.2093,BG
4529830.99,21893,40.7847,BG
4529884.97,20545,4.7616,LC
4529914.16,21893,28.9174,BG
4529914.76,20548,44.585,BG
4529924.19,20546,4.4205,LC
4529947.3,20547,5.8101,LC
4529997.64,20548,32.8213,BG
4529999.15,21893,33.7266,BG
4530092.12,20548,43.9599,BG
4530092.13,21893,41.4044,BG
4530157.46,20545,6.9476,LC
4530195.55,20548,52.3965,BG
4530197.25,21893,54.35,BG
4530263.21,20546,7.178,LC
4530270.15,20547,4.0423,LC
4530296.95,20545,3.9128,LC
4530304.53,20546,3.9799,LC
4530309.48,20548,63.86,BG
4530310.73,21893,62.5478,BG
4530397.84,20547,5.5676,LC
4530405.24,20545,3.9698,LC
4530441.89,21893,80.5017,BG
4530442.34,20548,81.1168,BG
4530459.17,20546,4.1091,LC
4530546.29,20548,50.8912,BG
4530547.44,21893,55.4409,BG
4530652.55,20548,54.6016,BG
4530653.03,21893,54.1415,BG
4530661.3,20547,4.6005,LC
4530731.19,20545,4.5796,LC
4530748.14,20546,4.0702,LC
4530757.96,20548,55.328,BG
4530766.62,21893,60.0231,BG
4530772.47,20547,4.3447,LC
4530795.99,20545,4.2658,LC
4530822.97,20546,4.4551,LC
4530840.44,21893,23.4628,BG
4530849.12,20548,39.8452,BG
4530849.23,20547,3.9074,LC
4530851.41,20545,4.2163,LC
4530869.15,20547,5.9495,LC
4530917.15,21893,25.9436,BG
4530928.17,20548,30.1334,BG
4530947.22,20546,3.9436,LC
4530994.66,21893,26.4899,BG
4531007.0,20548,27.8491,BG
4531052.93,20545,4.1383,LC
4531070.54,21893,25.7353,BG
4531085.13,20548,28.0579,BG
4531148.97,20547,4.8066,LC
4531149.28,21893,25.8709,BG
4531161.4,20548,26.1469,BG
4531223.8,21893,24.5559,BG
4531238.5,20548,26.9544,BG
4531246.71,20546,6.0817,LC
4531248.9,20545,5.6891,LC
4531271.15,20547,4.0967,LC
4531278.92,20546,4.2177,LC
4531298.32,21893,24.3717,BG
4531312.39,20545,4.5544,LC
4531316.25,20548,27.1179,BG
4531328.16,20546,4.206,LC
4531330.24,20547,5.6549,LC
4531335.48,20545,4.1204,LC
4531340.53,20547,4.2351,LC
4531353.72,20546,6.1445,LC
4531374.98,21893,25.7992,BG
4531384.36,20545,4.1496,LC
4531387.45,20547,4.3013,LC
4531391.63,20548,25.2086,BG
4531398.84,20546,4.0694,LC
4531406.27,20545,7.0195,LC
4531422.9,20547,5.6836,LC
4531423.51,20546,4.2926,LC
4531429.39,20545,3.9732,LC
4531440.63,20547,4.4725,LC
4531489.63,21893,64.4112,BG
4531498.76,20546,4.1147,LC
4531504.5,20545,4.6484,LC
4531525.15,20548,65.5876,BG
4531527.41,20547,4.4727,LC
4531537.11,20546,4.0842,LC
4531559.12,20545,4.2656,LC
4531568.71,21893,29.0517,BG
4531586.81,20547,4.5924,LC
4531592.38,20546,4.2176,LC
4531625.7,20548,52.8552,BG
4531650.08,21893,30.6058,BG
4531707.02,20545,4.1878,LC
4531721.46,20547,6.0227,LC
4531728.15,20546,5.9069,LC
4531741.97,20545,6.9096,LC
4531742.18,21893,40.2238,BG
4531774.43,20547,6.1107,LC
4531782.02,20548,105.6861,BG
4531793.93,20546,5.5336,LC
4531818.1,21893,25.7838,BG
4531835.26,20545,4.0431,LC
4531839.59,20547,4.1049,LC
4531856.04,20546,4.1031,LC
4531871.58,20548,36.0498,BG
4531877.99,20545,4.0556,LC
4531883.65,20547,3.9936,LC
4531887.3,20546,4.1057,LC
4531895.79,20547,5.241,LC
4531897.29,20545,4.0818,LC
4531902.0,21893,33.7323,BG
4531910.04,20546,5.6274,LC
4531926.28,20547,4.0975,LC
4531931.16,20545,4.0006,LC
4531945.06,20546,4.0425,LC
4531951.32,20547,4.3285,LC
4531971.21,20545,5.8396,LC
4531973.85,20546,4.4939,LC
4531974.96,20548,53.4038,BG
4531975.83,21893,23.7244,BG
4531981.98,20547,4.1378,LC
4531994.07,20545,4.2773,LC
4531998.57,20546,5.099,LC
4532004.58,20547,4.3219,LC
4532028.07,20545,6.4396,LC
4532030.43,20546,5.3131,LC
4532054.75,20547,4.1961,LC
4532056.12,20545,3.931,LC
4532057.49,20548,26.9998,BG
4532058.6,21893,31.7946,BG
4532080.35,20546,4.2115,LC
4532092.25,20545,4.5024,LC
4532092.3,20547,5.9319,LC
4532110.49,20546,6.0961,LC
4532131.88,20548,23.7496,BG
4532142.27,21893,33.5581,BG
4532150.56,20545,4.0496,LC
4532157.37,20547,6.0033,LC
4532187.54,20545,6.3846,LC
4532190.14,20546,8.27,LC
4532215.12,20548,25.6481,BG
4532226.63,21893,33.4649,BG
4532227.08,20547,3.9369,LC
4532236.52,20545,4.0626,LC
4532246.96,20546,4.0769,LC
4532258.21,20547,5.0164,LC
4532292.27,20545,3.9435,LC
4532298.67,20548,33.43,BG
4532309.63,21893,32.8212,BG
4532316.87,20546,3.9811,LC
4532330.13,20547,4.156,LC
4532333.2,20545,4.649,LC
4532372.33,20548,23.4972,BG
4532386.73,21893,27.0488,BG
4532438.31,20546,6.0024,LC
4532444.51,20547,4.2385,LC
4532453.11,20545,6.5053,LC
4532485.48,20546,4.0669,LC
4532521.38,20548,98.8647,BG
4532522.74,20547,4.5145,LC
4532532.37,20545,4.9541,LC
4532536.81,21893,98.6211,BG
4532540.33,20546,5.2439,LC
4532557.59,20547,3.9851,LC
4532569.66,20545,6.6959,LC
4532570.96,20546,5.839,LC
4532575.07,20547,4.6158,LC
4532577.27,20545,4.121,LC
4532607.49,20546,4.1682,LC
4532607.98,20547,4.0522,LC
4532629.39,20545,4.0823,LC
4532644.27,20548,66.7542,BG
4532657.13,20546,3.8694,LC
4532658.87,21893,71.7239,BG
4532666.04,20547,6.4144,LC
4532669.4,20545,4.3637,LC
4532704.57,20546,4.0323,LC
4532746.8,20547,5.4058,LC
4532760.63,20545,7.4303,LC
4532762.46,20546,7.0666,LC
4532763.68,20547,5.0866,LC
4532775.16,20545,9.8569,LC
4532775.78,20546,9.2631,LC
4532778.27,20548,83.0205,BG
4532790.7,21893,78.3259,BG
4532805.75,20547,4.3596,LC
4532811.62,20545,5.2812,LC
4532821.48,20546,4.2581,LC
4532826.24,20547,3.8976,LC
4532833.21,20545,4.3867,LC
4532835.15,20546,4.1115,LC
4532854.09,20547,4.2048,LC
4532854.25,20545,4.011,LC
4532861.54,20546,4.3451,LC
4532865.75,20547,4.1291,LC
4532871.73,20545,3.973,LC
4532877.42,20546,3.9782,LC
4532878.14,20548,49.8588,BG
4532885.75,21893,45.0516,BG
4532898.37,20547,4.0642,LC
4532923.54,20545,4.4228,LC
4532944.14,20546,4.0338,LC
4532957.11,20547,3.8769,LC
4532967.74,21893,31.7909,BG
4532971.57,20545,4.14,LC
4532974.59,20548,46.2281,BG
4532977.49,20546,4.0707,LC
4533002.19,20547,4.4719,LC
4533012.93,20545,4.3653,LC
4533045.89,20546,6.2354,LC
4533052.43,20547,4.1941,LC
4533052.74,21893,34.8501,BG
4533064.1,20545,3.9019,LC
4533067.1,20548,40.8815,BG
4533119.36,20546,5.8601,LC
4533154.16,21893,47.9571,BG
4533159.07,20548,41.8239,BG
4533171.19,20547,4.2295,LC
4533173.58,20545,4.2846,LC
4533181.8,20546,4.1883,LC
4533188.06,20547,4.0753,LC
4533198.79,20545,4.098,LC
4533205.07,20546,4.578,LC
4533217.87,20547,3.8608,LC
4533238.11,20545,6.1074,LC
4533238.17,20546,3.9125,LC
4533246.17,21893,39.827,BG
4533255.67,20548,46.4354,BG
4533272.53,20547,4.1296,LC
4533276.83,20545,4.2464,LC
4533300.73,20546,7.5928,LC
4533333.83,20547,5.9841,LC
4533344.12,20548,36.1509,BG
4533344.41,21893,48.1133,BG
4533409.39,20545,8.6428,LC
4533418.13,20546,4.8735,LC
4533432.17,20547,4.1974,LC
4533440.18,20545,3.9575,LC
4533453.33,20548,58.9835,BG
4533483.95,20546,5.0252,LC
4533491.15,21893,94.6722,BG
4533491.41,20547,4.3508,LC
4533509.64,20545,3.8614,LC
4533522.57,20546,4.2578,LC
4533560.12,20547,4.16,LC
4533567.17,20545,4.368,LC
4533567.72,20546,4.7709,LC
4533577.47,20548,74.0628,BG
4533577.78,20547,6.5526,LC
4533579.65,20545,6.1777,LC
4533603.14,20546,7.1558,LC
4533603.37,20547,4.717,LC
4533610.61,20545,4.2671,LC
4533613.63,21893,61.3517,BG
4533635.02,20546,4.856,LC
4533673.05,20547,5.2573,LC
4533725.39,20545,4.1203,LC
4533726.97,21893,62.7554,BG
4533753.48,20546,4.2602,LC
4533753.57,20548,122.2867,BG
4533770.14,20547,4.4797,LC
4533793.77,20545,4.3255,LC
4533796.61,20546,4.2596,LC
4533810.68,20547,4.3207,LC
4533816.7,20545,5.9878,LC
4533816.98,21893,39.8457,BG
4533834.52,20546,4.1626,LC
4533839.33,20548,38.086,BG
4533846.89,20547,3.9222,LC
4533892.12,21893,24.8713,BG
4533915.11,20548,25.6397,BG
4533917.42,20545,3.9803,LC
4533967.11,21893,24.6855,BG
4533991.96,20548,26.6341,BG
4534040.2,21893,22.9744,BG
4534064.82,20546,4.1256,LC
4534066.79,20548,24.685,BG
4534093.28,20547,4.1727,LC
4534115.49,21893,23.2839,BG
4534140.78,20548,23.6005,BG
4534165.87,20545,5.1053,LC
4534192.9,21893,26.8804,BG
4534198.67,20546,4.3129,LC
4534214.36,20548,23.4521,BG
4534242.45,20547,4.945,LC
4534272.51,21893,28.3231,BG
4534288.32,20548,23.7612,BG
4534311.82,20545,7.1772,LC
4534356.68,21893,33.4692,BG
4534365.46,20548,26.2657,BG
4534421.11,20546,4.0509,LC
4534434.38,21893,27.2209,BG
4534445.92,20548,29.7414,BG
4534482.56,20547,4.221,LC
4534516.17,20545,4.1858,LC
4534573.67,21893,89.1572,BG
4534596.98,20546,4.0268,LC
4534599.16,20548,57.1391,BG
4534622.45,20547,4.62,LC
4534641.95,20545,4.1278,LC
4534643.76,20546,4.5063,LC
4534669.08,21893,45.2767,BG
4534685.17,20547,4.6817,LC
4534690.18,20545,4.0687,LC
4534695.5,20546,3.9847,LC
4534697.82,20548,47.6728,BG
4534705.81,20547,4.023,LC
4534711.98,20545,4.1707,LC
4534741.08,20546,4.0943,LC
4534747.01,20547,3.9877,LC
4534747.12,20545,3.8446,LC
4534770.84,21893,50.2085,BG
4534806.61,20546,4.0243,LC
4534818.61,20548,69.5189,BG
4534826.09,20547,3.8477,LC
4534864.33,20545,4.6621,LC
4534869.98,20546,4.4357,LC
4534873.76,20547,5.0921,LC
4534881.36,21893,60.4175,BG
4534920.21,20545,6.1436,LC
4534920.57,20546,5.3259,LC
4534921.32,20547,4.402,LC
4534930.29,20548,60.5192,BG
4534933.39,20546,6.7223,LC
4534933.74,20545,8.2966,LC
4534934.69,20547,4.2164,LC
4534954.33,20546,4.6961,LC
4534959.3,21893,24.4227,BG
4534972.52,20545,4.1357,LC
4534984.21,20547,4.2455,LC
4535014.27,20548,29.9675,BG
4535028.48,20546,4.1683,LC
4535035.69,21893,25.4238,BG
4535045.13,20545,6.3682,LC
4535053.08,20547,3.8736,LC
4535068.79,20546,4.1979,LC
4535093.48,20548,26.5174,BG
4535109.33,21893,23.5461,BG
4535117.58,20545,4.1603,LC
4535126.36,20547,6.1766,LC
4535166.1,20546,4.0767,LC
4535171.88,20545,4.1391,LC
4535176.53,20548,32.9336,BG
4535193.13,21893,32.9633,BG
4535196.02,20547,4.0613,LC
4535210.22,20546,4.2831,LC
4535218.44,20545,4.8182,LC
4535232.53,20547,4.3114,LC
4535265.32,20546,3.9139,LC
4535265.38,20548,34.4092,BG
4535279.06,20545,3.8748,LC
4535284.38,21893,39.7537,BG
4535286.92,20547,3.9297,LC
4535320.08,20546,4.1031,LC
4535321.7,20545,4.2861,LC
4535342.71,20548,31.3117,BG
4535373.08,21893,37.858,BG
4535373.8,20547,4.2726,LC
4535377.4,20546,4.0163,LC
4535399.91,20545,4.488,LC
4535413.77,20547,4.2087,LC
4535413.84,20546,4.096,LC
4535422.04,20548,29.2059,BG
4535444.26,20546,3.9768,LC
4535444.41,20545,4.2784,LC
4535450.83,21893,27.6204,BG
4535461.86,20547,3.8235,LC
4535469.08,20545,4.0665,LC
4535495.66,20546,3.9297,LC
4535499.31,20548,27.0425,BG
4535524.19,21893,23.2187,BG
4535529.68,20547,4.1944,LC
4535563.56,20545,6.3463,LC
4535574.15,20546,4.6575,LC
4535595.13,20547,4.3523,LC
4535608.48,20545,4.2379,LC
4535626.8,20546,4.0486,LC
4535648.45,21893,71.6379,BG
4535651.18,20548,93.1986,BG
4535656.91,20547,4.0751,LC
4535661.34,20545,4.1786,LC
4535682.48,20546,4.1664,LC
4535716.67,20547,4.1861,LC
4535763.22,20545,4.495,LC
4535791.38,20547,4.1594,LC
4535791.53,20548,89.1893,BG
4535791.91,21893,86.544,BG
4535792.09,20546,8.524,LC
4535797.92,20545,4.2832,LC
4535814.08,20546,4.2845,LC
4535838.17,20547,3.8317,LC
4535860.05,20545,4.1034,LC
4535874.85,20548,32.9025,BG
4535884.33,21893,46.0597,BG
4535912.05,20546,4.663,LC
4535915.2,20547,4.3179,LC
4535918.21,20545,4.0509,LC
4535920.61,20546,4.4447,LC
4535933.97,20547,4.0384,LC
4535955.11,20545,3.8999,LC
4535964.41,20546,4.2133,LC
4535968.1,20548,40.9691,BG
4535975.81,21893,41.1093,BG
4535978.38,20547,4.9904,LC
4535991.71,20545,4.2292,LC
4535998.25,20546,5.9312,LC
4536000.78,20547,4.483,LC
4536014.97,20545,4.5623,LC
4536046.78,20548,28.3282,BG
4536051.56,20546,4.4409,LC
4536064.24,21893,38.2913,BG
4536090.45,20547,4.4394,LC
4536120.86,20548,23.8384,BG
4536137.82,21893,23.3584,BG
4536151.45,20545,3.8364,LC
4536173.07,20546,4.1495,LC
4536177.53,20547,4.1621,LC
4536184.35,20545,4.118,LC
4536194.19,20546,4.0056,LC
4536202.84,20547,4.2935,LC
4536214.08,20545,3.8774,LC
4536214.25,20546,4.1652,LC
4536219.11,20548,46.1619,BG
4536220.39,21893,32.4859,BG
4536255.33,20547,4.1162,LC
4536258.51,20545,4.3184,LC
4536265.81,20546,5.3034,LC
4536267.52,20547,4.2769,LC
4536276.64,20545,8.4638,LC
4536276.73,20546,7.6827,LC
4536284.05,20547,3.88,LC
4536293.28,20545,4.1283,LC
4536299.41,20546,4.0602,LC
4536302.07,20547,4.0185,LC
4536305.98,21893,35.461,BG
4536311.74,20548,39.6182,BG
4536314.4,20545,4.177,LC
4536330.86,20546,4.2712,LC
4536335.4,20547,4.0142,LC
4536339.93,20545,4.1788,LC
4536340.68,20546,4.0399,LC
4536370.1,20547,5.9539,LC
4536370.5,20545,4.2785,LC
4536379.1,20546,4.0915,LC
4536381.52,20547,4.3219,LC
4536390.17,21893,33.1116,BG
4536396.07,20545,4.0278,LC
4536401.31,20546,4.1426,LC
4536403.21,20548,41.1243,BG
4536413.7,20547,4.2991,LC
4536417.71,20545,3.9585,LC
4536451.47,20546,4.1636,LC
4536452.4,20547,4.9201,LC
4536467.18,21893,27.777,BG
4536476.63,20548,23.2092,BG
4536495.0,20547,3.9806,LC
4536497.08,20545,8.4182,LC
4536499.09,20546,6.3731,LC
4536502.13,20547,4.55,LC
4536518.26,20546,4.0607,LC
4536527.1,20545,4.1074,LC
4536542.84,20547,4.2662,LC
4536551.11,20546,4.0388,LC
4536562.61,20545,4.3596,LC
4536576.58,20547,4.0857,LC
4536576.64,20546,4.2471,LC
4536595.56,20545,4.1766,LC
4536603.34,20548,50.3016,BG
4536620.91,21893,102.5501,BG
4536624.17,20547,4.1124,LC
4536634.07,20546,4.5934,LC
4536644.66,20545,4.196,LC
4536658.09,20547,4.2881,LC
4536659.16,20546,4.0113,LC
4536687.44,20545,4.1204,LC
4536698.98,20548,42.2485,BG
4536712.54,20547,4.3776,LC
4536717.62,20546,4.7464,LC
4536720.33,20545,4.2788,LC
4536734.52,21893,63.2702,BG
4536742.1,20546,4.9268,LC
4536742.67,20547,4.4625,LC
4536778.42,20546,4.2778,LC
4536791.49,20545,4.1302,LC
4536796.34,20548,46.9092,BG
4536846.33,20547,4.0985,LC
4536880.2,20546,4.0958,LC
4536880.61,21893,96.0093,BG
4536897.93,20548,48.7755,BG
4536900.93,20545,4.3923,LC
4536963.1,20547,4.117,LC
4536982.13,21893,51.2828,BG
4536990.83,20548,42.7405,BG
4537076.2,21893,41.7313,BG
4537080.92,20548,39.7238,BG
4537154.3,20546,3.9622,LC
4537174.45,20545,4.117,LC
4537178.64,20547,3.9495,LC
4537184.79,21893,58.5092,BG
4537191.49,20548,60.5177,BG
4537204.94,20546,3.9865,LC
4537240.28,20545,5.0996,LC
4537250.11,20547,5.7322,LC
4537282.71,21893,47.7489,BG
4537294.4,20548,51.9925,BG
4537355.13,20546,4.1569,LC
4537386.46,21893,53.5039,BG
4537391.32,20548,45.73,BG
4537459.95,20545,4.1252,LC
4537489.23,21893,50.8158,BG
4537494.16,20548,50.9443,BG
4537535.21,20547,4.5888,LC
4537573.14,20546,4.2107,LC
4537592.48,20545,4.2446,LC
4537616.1,20548,70.872,BG
4537638.59,21893,99.0483,BG
4537726.08,20547,3.9377,LC
4537728.95,20546,4.7404,LC
4537768.29,21893,77.9979,BG
4537775.51,20548,109.3009,BG
4537841.73,21893,23.2498,BG
4537857.55,20548,31.3457,BG
4537918.42,21893,26.5255,BG
4537940.54,20548,32.9217,BG
4537994.68,21893,26.0098,BG
4538023.89,20545,3.8253,LC
4538025.03,20548,34.4362,BG
4538043.04,20547,4.2156,LC
4538068.94,21893,24.0466,BG
4538100.99,20548,25.7397,BG
4538130.09,20546,4.1919,LC
4538144.12,21893,23.0113,BG
4538146.48,20545,4.2213,LC
4538173.78,20548,22.6861,BG
4538213.56,20547,8.0803,LC
4538214.05,20546,6.7175,LC
4538215.98,21893,23.7308,BG
4538247.13,20548,23.1777,BG
4538289.78,21893,23.5031,BG
4538317.64,20545,3.9981,LC
4538323.03,20548,25.5485,BG
4538349.35,20547,3.9888,LC
4538363.45,21893,23.6586,BG
4538397.25,20548,24.3867,BG
4538399.71,20546,4.2607,LC
4538437.19,21893,23.5986,BG
4538472.49,20545,4.1161,LC
4538474.54,20548,26.3951,BG
4538501.21,20547,5.1469,LC
4538511.48,21893,24.1635,BG
4538558.82,20548,33.2359,BG
4538567.29,20546,4.0029,LC
4538642.34,20545,6.5065,LC
4538654.99,20547,4.5842,LC
4538663.95,21893,101.9162,BG
4538687.39,20548,77.8578,BG
4538731.19,20546,4.322,LC
4538748.88,20545,4.9438,LC
4538760.15,20547,4.4638,LC
4538762.23,20546,4.3153,LC
4538790.63,21893,73.472,BG
4538797.5,20548,59.5227,BG
4538830.09,20545,4.1431,LC
4538883.4,21893,42.5748,BG
4538889.8,20548,41.82,BG
4538936.11,20547,4.3953,LC
4538960.96,21893,27.4722,BG
4538973.7,20546,4.2323,LC
4538974.15,20548,34.0132,BG
4538981.96,20545,4.9866,LC
4539006.1,20547,4.1372,LC
4539020.59,20546,4.2121,LC
4539034.85,21893,23.6409,BG
4539049.68,20548,25.3957,BG
4539108.8,21893,23.7378,BG
4539127.38,20548,27.4191,BG
4539137.33,20545,3.956,LC
4539182.52,21893,23.4232,BG
4539200.95,20548,23.2946,BG
4539208.96,20547,4.1662,LC
4539226.43,20546,3.9067,LC
4539256.21,21893,23.5622,BG
4539273.87,20548,22.8491,BG
4539329.76,20545,5.9218,LC
4539334.46,21893,28.0512,BG
4539336.23,20547,4.0269,LC
4539349.78,20548,25.8923,BG
4539408.54,21893,23.5254,BG
4539422.97,20548,22.7072,BG
4539474.69,20546,4.0542,LC
4539482.87,21893,24.2692,BG
4539497.11,20545,5.2025,LC
4539499.74,20548,25.0337,BG
4539550.48,20547,4.1732,LC
4539555.25,20546,4.3211,LC
4539559.45,21893,25.7375,BG
4539566.88,20545,4.1531,LC
4539602.13,20547,4.0377,LC
4539607.24,20546,4.2626,LC
4539612.53,20545,6.2581,LC
4539627.14,20546,4.0163,LC
4539638.68,20548,74.5138,BG
4539664.02,20547,3.996,LC
4539671.81,21893,57.3026,BG
4539686.23,20545,4.0572,LC
4539715.15,20548,25.9954,BG
4539731.35,20546,4.251,LC
4539764.14,20547,4.5007,LC
4539765.13,21893,43.147,BG
4539788.99,20545,4.4852,LC
4539804.61,20548,39.0346,BG
4539844.8,21893,29.4955,BG
4539887.62,20548,32.9121,BG
4539921.26,20546,5.9683,LC
4539931.31,20547,5.1007,LC
4539949.38,21893,53.612,BG
4539982.63,20548,44.3308,BG
4539991.3,20545,4.0882,LC
4540022.2,21893,23.0784,BG
4540024.41,20546,4.2457,LC
4540055.41,20547,4.0726,LC
4540068.99,20548,35.7028,BG
4540080.65,20545,4.0791,LC
4540096.4,21893,23.8782,BG
4540103.82,20546,4.1637,LC
4540119.89,20547,4.1939,LC
4540143.47,20548,23.3821,BG
4540145.49,20545,4.0962,LC
4540165.43,20546,4.1069,LC
4540174.34,21893,26.9139,BG
4540211.15,20547,4.0481,LC
4540221.29,20548,27.6126,BG
4540250.24,21893,25.0181,BG
4540297.61,20548,26.0898,BG
4540325.41,21893,23.5136,BG
4540328.98,20545,4.8203,LC
4540373.29,20548,25.136,BG
4540385.32,20546,4.1607,LC
4540398.83,21893,24.647,BG
4540447.61,20548,24.1517,BG
4540472.08,21893,23.0068,BG
4540532.42,20548,34.6498,BG
4540533.37,20547,4.0917,LC
4540543.14,20545,4.16,LC
4540555.57,21893,33.4126,BG
4540609.42,20546,6.6647,LC
4540613.12,20547,4.0991,LC
4540633.99,20545,3.8816,LC
4540649.13,20548,64.3931,BG
4540655.09,21893,49.4267,BG
4540662.72,20546,6.0379,LC
4540698.21,20547,4.7035,LC
4540764.24,20545,4.3378,LC
4540798.61,20548,99.3334,BG
4540804.43,20546,4.1488,LC
4540807.64,21893,101.7295,BG
4540881.23,20547,4.6692,LC
4540893.35,20545,4.129,LC
4540897.76,20546,3.924,LC
4540908.3,21893,50.4777,BG
4540908.4,20548,58.7154,BG
4540918.11,20547,6.0741,LC
4540920.24,20545,4.72,LC
4540928.77,20546,4.8147,LC
4541004.99,20548,46.6248,BG
4541005.84,21893,45.5274,BG
4541014.43,20547,4.0735,LC
4541018.82,20545,3.9899,LC
4541035.0,20546,6.8229,LC
4541041.82,20547,4.435,LC
4541053.1,20545,4.2706,LC
4541061.83,20546,4.2122,LC
4541083.1,20547,4.0846,LC
4541091.1,21893,34.2054,BG
4541098.33,20548,43.2973,BG
4541101.78,20545,4.4441,LC
4541115.04,20546,4.0543,LC
4541158.07,20547,3.9246,LC
4541179.8,21893,39.3198,BG
4541184.04,20545,4.4308,LC
4541189.28,20548,40.1565,BG
4541190.45,20546,4.284,LC
4541199.74,20547,5.9931,LC
4541232.4,20545,6.2701,LC
4541232.75,20546,4.0997,LC
4541258.15,20547,3.9347,LC
4541268.39,20545,4.0583,LC
4541270.72,21893,40.5089,BG
4541273.82,20548,33.6791,BG
4541278.84,20546,4.2265,LC
4541315.95,20547,3.9428,LC
4541324.02,20546,3.7874,LC
4541324.89,20545,5.7949,LC
4541347.52,21893,26.7065,BG
4541355.57,20547,3.883,LC
4541359.41,20548,35.2493,BG
4541375.4,20546,4.0133,LC
4541397.52,20545,5.0635,LC
4541398.39,20547,4.1982,LC
4541439.81,20546,4.5635,LC
4541447.64,20545,4.0331,LC
4541452.24,20547,4.4367,LC
4541452.37,21893,52.806,BG
4541459.27,20548,49.1536,BG
4541476.64,20546,4.2715,LC
4541501.75,20545,4.5446,LC
4541506.64,20547,6.4099,LC
4541516.02,20545,5.9438,LC
4541518.25,20546,6.0555,LC
4541535.49,20548,25.2763,BG
4541546.98,21893,42.0574,BG
4541605.18,20547,5.8593,LC
4541634.25,21893,35.0014,BG
4541680.75,20548,94.4159,BG
4541704.69,20545,6.1682,LC
4541715.24,21893,30.7887,BG
4541720.07,20546,4.3245,LC
4541723.6,20547,4.5029,LC
4541734.3,20545,4.0545,LC
4541752.53,20546,4.1594,LC
4541762.95,20548,32.2708,BG
4541782.81,20547,4.0193,LC
4541788.51,21893,23.241,BG
4541802.6,20545,4.247,LC
4541813.92,20547,4.2359,LC
4541813.97,20546,4.2518,LC
4541828.51,20545,3.9739,LC
4541838.41,20546,3.9955,LC
4541863.66,20547,4.3505,LC
4541863.74,21893,25.0459,BG
4541876.95,20548,62.7305,BG
4541884.84,20545,3.9352,LC
4541904.76,20546,3.9427,LC
4541933.43,20547,5.4478,LC
4541948.21,21893,34.3418,BG
4541950.23,20545,6.43,LC
4541959.25,20546,3.9753,LC
4541989.2,20547,6.07,LC
4542021.67,21893,23.3733,BG
4542032.12,20548,89.5939,BG
4542096.44,20545,11.7317,LC
4542098.64,20546,10.1682,LC
4542104.99,21893,33.2608,BG
4542137.74,20548,32.0944,BG
4542141.36,20547,4.4697,LC
4542184.53,20545,5.3674,LC
4542184.7,21893,27.1387,BG
4542264.22,21893,29.8976,BG
4542266.76,20546,6.5784,LC
4542267.91,20548,77.6581,BG
4542293.47,20547,4.0678,LC
4542337.31,21893,22.9658,BG
4542353.78,20548,36.0654,BG
4542390.21,20545,4.1435,LC
4542416.2,20546,7.9287,LC
4542416.36,20547,5.0257,LC
4542419.39,21893,31.5108,BG
4542435.36,20545,4.1077,LC
4542445.73,20548,29.1847,BG
4542492.52,21893,22.6586,BG
4542519.05,20548,23.0152,BG
4542566.45,21893,23.8107,BG
4542570.68,20547,4.1514,LC
4542593.4,20548,24.2798,BG
4542612.14,20546,4.4473,LC
4542643.44,21893,26.9091,BG
4542716.43,21893,22.9216,BG
4542718.13,20548,73.7176,BG
4542734.18,20545,4.0786,LC
4542791.17,20546,6.0768,LC
4542793.09,20547,4.3579,LC
4542797.09,21893,30.4534,BG
4542870.88,21893,23.6562,BG
4542885.55,20548,117.2935,BG
4542947.85,21893,26.8743,BG
4543000.45,20548,64.5569,BG
4543022.18,21893,24.2224,BG
4543080.67,20545,7.2644,LC
4543088.41,20547,4.1669,LC
4543103.3,21893,30.8369,BG
4543108.56,20546,4.0289,LC
4543113.86,20548,63.5683,BG
4543121.56,20545,4.4895,LC
4543173.4,20547,4.2758,LC
4543177.34,21893,24.0945,BG
4543194.39,20546,5.6251,LC
4543201.13,20545,4.1112,LC
4543220.2,20547,6.3331,LC
4543236.23,20548,70.5788,BG
4543253.37,21893,25.9171,BG
4543328.39,21893,24.9078,BG
4543336.32,20548,49.9258,BG
4543407.92,21893,29.3305,BG
4543434.47,20548,47.228,BG
4543491.22,21893,33.0156,BG
4543526.85,20548,40.4837,BG
4543564.6,21893,23.2717,BG
4543615.43,20548,38.2401,BG
4543637.57,21893,22.7982,BG
4543712.36,20546,8.0508,LC
4543723.33,21893,35.667,BG
4543782.05,20548,115.8465,BG
4543799.55,21893,25.8826,BG
4543873.32,21893,23.9235,BG
4543880.87,20548,41.0092,BG
4543919.07,20545,4.0414,LC
4543937.68,20547,4.4904,LC
4543947.63,21893,24.2408,BG
4544007.55,20548,76.2929,BG
4544024.13,21893,26.3129,BG
4544028.42,20546,4.4054,LC
4544081.62,20545,7.8593,LC
4544098.14,20548,38.5942,BG
4544101.88,21893,26.6747,BG
4544179.86,21893,27.8659,BG
4544190.85,20548,42.4359,BG
4544264.59,21893,34.3971,BG
4544283.9,20547,6.4851,LC
4544286.0,20546,5.0366,LC
4544293.18,20548,51.9349,BG
4544305.29,20545,4.0745,LC
4544308.52,20547,4.1456,LC
4544311.35,20545,5.2893,LC
4544312.34,20546,4.5633,LC
4544323.26,20547,4.191,LC
4544339.2,21893,23.4586,BG
4544379.26,20548,34.9832,BG
4544391.13,20545,4.7945,LC
4544395.95,20546,4.3872,LC
4544406.43,20547,4.0396,LC
4544411.51,21893,23.0991,BG
4544419.19,20545,4.2284,LC
4544428.45,20546,4.0325,LC
4544449.05,20547,6.0917,LC
4544451.13,20545,4.3957,LC
4544466.04,20546,6.1658,LC
4544466.43,20548,36.3154,BG
4544487.44,21893,24.2184,BG
4544506.08,20547,3.915,LC
4544530.59,20545,4.1884,LC
4544530.66,20546,4.3158,LC
4544548.52,20547,5.8827,LC
4544565.87,21893,27.0775,BG
4544573.13,20548,54.2449,BG
4544630.18,20545,11.4812,LC
4544637.35,20547,6.8425,LC
4544639.16,20546,11.2437,LC
4544650.31,20545,4.1725,LC
4544651.92,21893,36.5742,BG
4544662.84,20546,4.4966,LC
4544668.09,20547,3.875,LC
4544670.43,20546,4.2567,LC
4544678.35,20548,55.1018,BG
4544729.08,20547,10.034,LC
4544741.95,21893,40.4888,BG
4544747.11,20545,7.2443,LC
4544765.56,20546,4.0678,LC
4544803.34,20548,60.4213,BG
4544819.73,21893,27.6851,BG
4544830.07,20547,3.8637,LC
4544834.4,20545,4.1339,LC
4544834.45,20546,4.1345,LC
4544843.24,20547,4.1534,LC
4544860.76,20545,4.7779,LC
4544883.13,20546,4.1842,LC
4544892.24,20547,9.0818,LC
4544897.45,21893,27.6475,BG
4544930.44,20545,4.5197,LC
4544972.16,20546,4.0839,LC
4544972.91,20548,120.1612,BG
4544974.03,20547,6.4148,LC
4544977.7,21893,30.18,BG
4544984.09,20545,4.2125,LC
4544996.31,20546,5.1615,LC
4545002.74,20545,4.7562,LC
4545003.06,20547,6.0116,LC
4545026.32,20546,6.2818,LC
4545051.16,20548,25.6487,BG
4545053.89,20545,4.5594,LC
4545062.3,21893,34.4682,BG
4545069.64,20546,6.2802,LC
4545078.15,20547,10.9086,LC
4545080.15,20545,6.2033,LC
4545081.3,20546,4.9609,LC
4545122.3,20548,23.4774,BG
4545137.12,21893,24.6177,BG
4545166.11,20547,4.3372,LC
4545166.53,20545,4.4882,LC
4545186.33,20546,4.2325,LC
4545203.11,20548,29.9743,BG
4545211.42,21893,24.2598,BG
4545224.57,20547,3.9805,LC
4545231.12,20545,4.3724,LC
4545235.82,20547,6.5716,LC
4545236.15,20546,9.0733,LC
4545280.59,20548,26.4579,BG
4545286.38,20545,8.1484,LC
4545289.07,21893,27.5908,BG
4545289.86,20547,7.9183,LC
4545289.91,20546,6.4707,LC
4545293.71,20545,4.3778,LC
4545301.52,20547,6.9065,LC
4545302.53,20546,6.1861,LC
4545320.27,20545,4.3509,LC
4545357.96,20548,26.9726,BG
4545364.56,21893,25.3916,BG
4545371.51,20547,4.2183,LC
4545392.12,20546,5.1183,LC
4545435.14,20548,26.2847,BG
4545438.24,21893,23.5989,BG
4545449.06,20545,5.9933,LC
4545453.51,20547,4.3191,LC
4545475.67,20546,4.0523,LC
4545513.77,21893,23.5378,BG
4545516.23,20548,32.0425,BG
4545591.09,20548,23.7255,BG
4545597.48,21893,30.8576,BG
4545599.24,20545,4.6281,LC
4545615.89,20547,4.4991,LC
4545623.91,20546,5.3318,LC
4545666.81,20548,25.6446,BG
4545669.55,21893,24.4754,BG
4545715.38,20545,4.2742,LC
4545740.76,20548,23.7652,BG
4545762.06,20546,4.0574,LC
4545762.11,20547,7.7905,LC
4545763.71,21893,42.5238,BG
4545781.16,20545,4.2063,LC
4545828.32,20548,35.4456,BG
4545839.07,21893,25.2436,BG
4545912.85,21893,23.6396,BG
4545930.14,20546,4.0147,LC
4545948.18,20548,68.2775,BG
4545966.77,20547,4.4349,LC
4545987.61,21893,24.6487,BG
4546035.95,20545,3.9465,LC
4546069.81,21893,31.5879,BG
4546079.17,20546,3.8631,LC
4546092.58,20548,93.3316,BG
4546122.76,20547,4.3324,LC
4546146.17,21893,24.0103,BG
4546148.27,20545,4.2822,LC
4546171.1,20548,29.0115,BG
4546219.33,21893,22.9084,BG
4546248.18,20548,27.0027,BG
4546274.86,20546,4.1423,LC
4546291.14,20547,5.9078,LC
4546293.44,20545,4.1976,LC
4546299.09,21893,29.5797,BG
4546322.29,20548,23.1521,BG
4546372.84,21893,23.483,BG
4546395.53,20548,22.6556,BG
4546421.27,20546,4.5517,LC
4546447.33,21893,23.1841,BG
4546461.68,20547,5.2277,LC
4546473.6,20548,27.4325,BG
4546497.8,20545,4.0731,LC
4546520.58,21893,23.1568,BG
4546547.65,20548,23.8123,BG
4546596.11,21893,25.324,BG
4546599.72,20546,7.4621,LC
4546621.89,20548,24.1567,BG
4546670.73,21893,24.4203,BG
4546680.98,20547,4.2877,LC
4546695.2,20548,23.2005,BG
4546713.1,20545,4.1035,LC
4546755.0,21893,30.1774,BG
4546758.08,20546,4.2407,LC
4546759.74,20547,4.3839,LC
4546776.93,20546,4.0502,LC
4546790.1,20545,4.2359,LC
4546804.07,20548,58.6013,BG
4546826.82,21893,23.5279,BG
4546834.07,20547,4.0891,LC
4546878.47,20546,6.6046,LC
4546902.64,21893,25.7229,BG
4546911.75,20548,56.4939,BG
4546976.74,20545,7.2512,LC
4546980.5,21893,27.8042,BG
4546986.03,20547,4.8628,LC
4547074.3,21893,41.4632,BG
4547098.21,20548,135.7716,BG
4547105.1,20546,6.5479,LC
4547124.05,20545,7.1551,LC
4547153.89,21893,31.6652,BG
4547215.75,20547,4.0197,LC
4547227.26,21893,23.2788,BG
4547248.4,20548,94.2009,BG
4547302.85,21893,25.4656,BG
4547324.29,20548,25.1292,BG
4547367.1,20546,3.9225,LC
4547372.13,20545,4.9901,LC
4547380.8,21893,27.7024,BG
4547380.93,20547,4.2298,LC
4547401.82,20548,26.6482,BG
4547451.07,20546,4.2371,LC
4547455.38,21893,24.3735,BG
4547461.95,20545,4.1142,LC
4547489.52,20548,37.1482,BG
4547529.43,21893,23.7822,BG
4547562.8,20548,23.1558,BG
4547602.66,21893,22.919,BG
4547604.04,20547,4.0833,LC
4547640.12,20548,25.212,BG
4547676.05,21893,23.2112,BG
4547683.23,20546,3.8623,LC
4547711.86,20548,23.4667,BG
4547725.28,20545,4.0392,LC
4547750.19,21893,24.0387,BG
4547782.21,20547,5.0328,LC
4547810.3,20548,35.9918,BG
4547823.85,21893,23.4728,BG
4547834.45,20546,4.6425,LC
4547864.2,20545,4.0647,LC
4547882.9,20547,4.6591,LC
4547897.09,21893,23.1923,BG
4547900.4,20548,40.0504,BG
4547919.54,20546,4.0218,LC
4547973.66,21893,26.4463,BG
4548004.75,20545,4.0404,LC
4548006.21,20548,49.8162,BG
4548027.3,20547,4.177,LC
4548047.28,21893,23.5886,BG
4548075.23,20546,4.0997,LC
4548093.95,20545,3.9352,LC
4548122.18,20548,64.3667,BG
4548129.79,21893,32.2212,BG
4548136.99,20547,4.3742,LC
4548142.21,20546,4.3395,LC
4548153.45,20545,4.6614,LC
4548197.95,20548,25.9229,BG
4548202.61,21893,22.8234,BG
4548209.47,20547,4.1506,LC
4548220.36,20546,4.0992,LC
4548260.76,20545,4.7603,LC
4548280.36,21893,27.6801,BG
4548281.44,20548,33.2251,BG
4548317.09,20547,5.0294,LC
4548321.02,20546,4.0531,LC
4548353.28,21893,22.8239,BG
4548362.14,20548,30.015,BG
4548366.76,20547,4.1495,LC
4548383.76,20545,4.4843,LC
4548411.18,20546,7.9281,LC
4548415.43,20547,3.9421,LC
4548422.45,20545,4.0138,LC
4548434.33,21893,29.1804,BG
4548434.89,20546,7.4428,LC
4548435.46,20547,4.2671,LC
4548441.5,20545,4.3032,LC
4548453.92,20548,38.3423,BG
4548454.7,20546,6.1429,LC
4548476.1,20547,4.1802,LC
4548488.11,20545,5.4477,LC
4548508.16,20546,7.9522,LC
4548513.03,21893,28.5633,BG
4548513.13,20547,4.292,LC
4548521.88,20545,4.5747,LC
4548528.11,20546,4.118,LC
4548541.14,20548,35.4151,BG
4548547.92,20547,3.9134,LC
4548552.84,20545,4.302,LC
4548571.89,20546,4.21,LC
4548581.49,20547,6.0545,LC
4548589.76,21893,26.6454,BG
4548596.77,20545,6.1026,LC
4548603.1,20546,3.9348,LC
4548616.74,20548,27.0491,BG
4548632.28,20547,3.8863,LC
4548658.04,20545,3.9378,LC
4548664.27,20546,4.0831,LC
4548666.74,21893,25.5247,BG
4548678.84,20547,4.1958,LC
4548690.83,20545,4.0958,LC
4548694.7,20548,27.8552,BG
4548716.4,20546,4.2377,LC
4548721.51,20547,4.4089,LC
4548741.73,21893,24.9596,BG
4548746.04,20545,4.1746,LC
4548750.4,20546,6.1626,LC
4548750.61,20547,4.4008,LC
4548758.54,20545,5.6214,LC
4548776.79,20546,4.4057,LC
4548794.33,20547,5.963,LC
4548812.2,20545,5.992,LC
4548815.64,21893,23.7866,BG
4548817.34,20548,66.6593,BG
4548832.61,20546,4.3097,LC
4548842.35,20547,4.3642,LC
4548867.36,20545,4.0192,LC
4548895.94,20546,4.6714,LC
4548896.15,21893,28.0614,BG
4548906.7,20547,3.9198,LC
4548916.7,20545,3.9773,LC
4548928.82,20548,61.2426,BG
4548936.1,20546,3.8334,LC
4548959.07,20547,4.0143,LC
4548965.17,20545,3.8776,LC
4548972.32,20546,6.4016,LC
4548974.7,21893,30.6973,BG
4548976.78,20547,4.3502,LC
4548987.22,20546,3.9731,LC
4548987.84,20545,4.5436,LC
4549003.17,20547,4.9518,LC
4549016.06,20546,3.9836,LC
4549030.61,20545,4.3984,LC
4549040.11,20547,4.4215,LC
4549049.21,21893,24.4941,BG
4549058.81,20546,4.003,LC
4549067.09,20545,4.1872,LC
4549069.11,20548,84.2245,BG
4549073.33,20547,4.7179,LC
4549075.37,20546,4.1406,LC
4549102.21,20545,8.0534,LC
4549110.74,20547,6.2596,LC
4549124.79,20546,7.8406,LC
4549136.29,21893,36.5459,BG
4549137.09,20545,5.1022,LC
4549152.91,20547,4.4461,LC
4549156.71,20548,35.938,BG
4549167.47,20546,4.0863,LC
4549209.21,21893,22.9723,BG
4549239.21,20545,4.1206,LC
4549242.09,20548,33.7134,BG
4549246.93,20547,4.1385,LC
4549282.66,21893,23.375,BG
4549284.4,20546,3.9631,LC
4549296.37,20545,5.1988,LC
4549319.52,20547,4.0279,LC
4549321.37,20548,29.1289,BG
4549356.12,21893,23.2557,BG
4549389.63,20546,4.0221,LC
4549397.41,20545,4.003,LC
4549402.58,20547,4.3776,LC
4549410.32,20546,4.1376,LC
4549419.12,20548,45.8908,BG
4549435.16,21893,25.3993,BG
4549436.07,20545,4.3531,LC
4549443.09,20547,4.2731,LC
4549467.49,20546,5.9999,LC
4549476.2,20545,5.4567,LC
4549508.38,20547,4.0408,LC
4549510.59,21893,28.8156,BG
4549511.07,20548,40.4277,BG
4549527.31,20546,3.9975,LC
4549549.31,20545,4.015,LC
4549585.65,21893,24.9649,BG
4549592.22,20548,30.9366,BG
4549601.12,20547,4.13,LC
4549629.87,20546,3.968,LC
4549660.11,21893,24.3677,BG
4549665.36,20548,23.0475,BG
4549700.74,20545,4.3933,LC
4549709.92,20547,4.3083,LC
4549733.24,21893,23.0781,BG
4549738.58,20548,23.0878,BG
4549758.16,20546,4.0024,LC
4549813.25,20548,24.4872,BG
4549817.24,21893,33.2708,BG
4549834.57,20545,6.2405,LC
4549875.74,20547,4.1844,LC
4549888.16,20546,4.6936,LC
4549894.64,21893,27.8026,BG
4549912.82,20545,4.4341,LC
4549923.9,20547,4.0267,LC
4549932.44,20548,66.2324,BG
4549945.77,20546,4.184,LC
4549975.99,21893,31.1531,BG
4550012.66,20548,29.768,BG
4550037.65,20545,4.0153,LC
4550049.37,21893,23.3753,BG
4550088.31,20548,25.6861,BG
4550102.69,20547,5.3471,LC
4550125.38,21893,25.6603,BG
4550131.72,20546,5.8019,LC
4550185.2,20545,4.2517,LC
4550189.8,20548,50.6502,BG
4550199.79,21893,24.378,BG
4550271.25,20548,31.0682,BG
4550273.96,21893,24.0702,BG
4550305.31,20547,8.4555,LC
4550341.72,20546,4.3725,LC
4550347.58,21893,23.549,BG
4550357.28,20548,35.5016,BG
4550367.05,20545,4.1057,LC
4550383.8,20547,5.1321,LC
4550421.76,21893,24.0439,BG
4550430.08,20548,22.6108,BG
4550496.74,21893,24.8325,BG
4550504.62,20548,24.4479,BG
4550570.6,21893,23.6838,BG
4550603.65,20546,4.0309,LC
4550610.83,20548,55.5742,BG
4550640.0,20545,3.8968,LC
4550643.8,21893,23.0766,BG
4550686.32,20548,25.0305,BG
4550717.25,21893,23.2539,BG
4550759.82,20548,23.371,BG
4550795.88,21893,28.4487,BG
4550833.88,20548,23.9557,BG
4550838.66,20547,4.1301,LC
4550869.62,21893,23.6572,BG
4550916.35,20546,4.069,LC
4550943.11,20548,50.1453,BG
4550945.41,21893,25.6364,BG
4550949.76,20545,4.2776,LC
4551019.71,21893,24.2336,BG
4551047.49,20548,61.8621,BG
4551048.19,20547,4.1319,LC
4551094.1,21893,23.8051,BG
4551128.07,20546,4.0719,LC
4551129.02,20548,31.2554,BG
4551174.12,21893,29.7478,BG
4551184.79,20545,4.0788,LC
4551205.1,20548,25.9043,BG
4551245.43,20547,5.9939,LC
4551255.06,21893,30.8448,BG
4551261.9,20546,4.5358,LC
4551279.1,20548,23.7191,BG
4551310.6,20545,4.1394,LC
4551316.14,20547,5.044,LC
4551334.73,21893,29.5332,BG
4551356.47,20548,27.171,BG
4551407.25,20545,4.2966,LC
4551410.04,21893,25.1804,BG
4551410.28,20546,4.5694,LC
4551414.89,20547,4.0394,LC
4551430.97,20548,23.809,BG
4551485.54,21893,25.3568,BG
4551507.22,20548,26.0206,BG
4551560.82,21893,25.0589,BG
4551583.6,20548,25.973,BG
4551637.24,21893,26.15,BG
4551645.21,20545,4.0251,LC
4551658.26,20548,24.2675,BG
4551671.43,20546,4.4045,LC
4551712.07,21893,24.8016,BG
4551733.41,20548,24.2511,BG
4551748.18,20547,5.8358,LC
4551787.3,21893,25.0917,BG
4551810.1,20548,25.9047,BG
4551814.17,20545,5.8523,LC
4551874.32,21893,36.0758,BG
4551892.12,20546,8.3193,LC
4551892.19,20547,5.8783,LC
4551926.02,20545,3.9137,LC
4551950.76,21893,26.3521,BG
4551956.02,20546,4.2133,LC
4551957.79,20548,88.761,BG
4551958.21,20547,4.0155,LC
4551967.47,20545,3.9738,LC
4551999.73,20546,4.0986,LC
4552012.33,20547,4.1772,LC
4552027.18,21893,26.2763,BG
4552069.9,20548,57.6719,BG
4552072.55,20545,4.4403,LC
4552101.57,21893,24.3238,BG
4552177.63,21893,25.3367,BG
4552185.93,20548,63.4895,BG
4552250.09,20546,13.0852,LC
4552262.77,21893,35.0176,BG
4552291.46,20548,55.5449,BG
4552339.59,21893,26.5563,BG
4552349.27,20547,3.967,LC
4552365.15,20545,3.8989,LC
4552365.76,20546,4.1258,LC
4552373.09,20548,31.5068,BG
4552389.55,20547,4.1803,LC
4552414.25,20545,7.9774,LC
4552417.11,21893,27.3036,BG
4552446.4,20548,23.1781,BG
4552446.79,20546,3.9857,LC
4552490.54,21893,23.2084,BG
4552504.18,20547,3.9081,LC
4552513.92,20545,3.8763,LC
4552527.05,20548,30.5131,BG
4552545.43,20546,4.1427,LC
4552564.11,21893,23.363,BG
4552600.17,20548,22.9893,BG
4552621.3,20547,4.0965,LC
4552637.61,21893,23.3355,BG
4552647.34,20545,4.0007,LC
4552666.26,20546,4.2032,LC
4552673.89,20548,23.5689,BG
4552676.41,20547,4.0062,LC
4552705.62,20545,3.9354,LC
4552712.11,21893,23.9179,BG
4552747.51,20548,23.4904,BG
4552785.62,21893,23.3983,BG
4552823.6,20548,25.824,BG
4552865.05,21893,29.3202,BG
4552878.62,20546,6.2201,LC
4552900.65,20548,26.4833,BG
4552938.92,21893,23.7185,BG
4553013.18,21893,24.0623,BG
4553020.58,20548,69.5671,BG
4553091.13,20545,4.2195,LC
4553091.3,20547,8.38,LC
4553093.75,21893,30.2966,BG
4553119.4,20548,42.0715,BG
4553172.95,21893,29.0877,BG
4553201.68,20548,31.4016,BG
4553246.44,21893,23.2271,BG
4553248.09,20546,4.6352,LC
4553280.79,20548,28.9727,BG
4553320.95,21893,24.3623,BG
4553356.23,20548,25.2358,BG
4553394.05,21893,22.9604,BG
4553439.12,20548,30.3399,BG
4553467.54,21893,23.3781,BG
4553475.08,20545,4.0867,LC
4553503.32,20547,3.9657,LC
4553528.16,20546,10.9739,LC
4553530.79,20545,7.6333,LC
4553531.01,20548,41.7294,BG
4553541.85,20547,4.2072,LC
4553552.75,20546,7.8358,LC
4553556.68,21893,37.4631,BG
4553558.88,20545,5.7584,LC
4553561.28,20547,4.1977,LC
4553604.95,20546,6.1826,LC
4553619.51,20547,4.3954,LC
4553622.04,20545,8.3501,LC
4553629.05,20546,4.094,LC
4553632.08,20545,6.5162,LC
4553637.07,20547,3.8429,LC
4553639.69,21893,32.9441,BG
4553641.57,20548,60.3389,BG
4553651.68,20546,4.189,LC
4553661.19,20545,5.0047,LC
4553686.78,20547,4.7906,LC
4553689.41,20546,4.5674,LC
4553703.12,20545,9.0351,LC
4553705.08,20547,3.8725,LC
4553720.12,20547,4.4121,LC
4553721.22,20546,8.0595,LC
4553723.27,21893,33.4747,BG
4553733.44,20545,4.4254,LC
4553733.49,20547,4.3136,LC
4553741.47,20546,8.2715,LC
4553741.58,20545,6.2082,LC
4553747.66,20547,4.1052,LC
4553759.07,20548,63.3117,BG
4553767.55,20545,3.9327,LC
4553771.81,20546,3.8529,LC
4553784.79,20547,4.4628,LC
4553802.07,21893,28.631,BG
4553804.71,20545,11.0343,LC
4553804.96,20546,8.6928,LC
4553813.94,20547,3.8783,LC
4553829.31,20545,4.1066,LC
4553836.34,20548,27.18,BG
4553851.65,20546,4.0615,LC
4553866.24,20547,6.0612,LC
4553866.29,20545,8.8248,LC
4553880.37,20546,7.0164,LC
4553891.16,21893,37.5663,BG
4553897.11,20547,3.9038,LC
4553913.16,20545,3.9798,LC
4553962.31,20546,8.9306,LC
4553963.56,20548,53.4145,BG
4553976.79,20547,7.1658,LC
4553978.95,21893,39.1338,BG
4554021.15,20545,4.5352,LC
4554030.1,20546,4.3479,LC
4554031.67,20547,5.195,LC
4554042.7,20546,4.4316,LC
4554049.88,20545,4.3756,LC
4554055.31,21893,24.9814,BG
4554058.94,20547,4.2162,LC
4554068.44,20546,4.5627,LC
4554082.12,20545,8.5439,LC
4554082.19,20547,7.1925,LC
4554090.4,20548,76.7513,BG
4554091.17,20546,7.9276,LC
4554093.19,20545,6.388,LC
4554128.47,21893,23.0874,BG
4554135.7,20547,4.095,LC
4554146.82,20546,4.2448,LC
4554162.76,20545,8.3494,LC
4554162.89,20547,6.0019,LC
4554190.07,20546,4.1623,LC
4554190.13,20545,4.2657,LC
4554203.04,20548,61.6171,BG
4554203.34,21893,24.6611,BG
4554208.19,20547,4.3849,LC
4554217.24,20546,3.9852,LC
4554225.05,20545,6.2265,LC
4554229.65,20547,7.3668,LC
4554246.02,20546,5.2734,LC
4554255.59,20545,6.3015,LC
4554281.04,20547,4.0353,LC
4554282.17,21893,28.6321,BG
4554285.31,20548,29.208,BG
4554297.48,20546,4.1074,LC
4554341.06,20545,7.8413,LC
4554345.61,20547,3.8883,LC
4554362.14,20546,7.1553,LC
4554364.03,21893,31.7004,BG
4554378.51,20545,4.0044,LC
4554392.18,20548,55.4425,BG
4554405.54,20547,3.9772,LC
4554412.2,20546,4.1446,LC
4554435.92,20545,6.1235,LC
4554436.09,20547,4.6431,LC
4554439.09,21893,24.8532,BG
4554441.59,20546,5.3605,LC
4554453.44,20545,6.3902,LC
4554486.91,20548,43.7651,BG
4554512.36,21893,23.1035,BG
4554531.09,20547,6.7305,LC
4554540.1,20546,5.5345,LC
4554553.42,20545,4.1977,LC
4554568.09,20547,4.0018,LC
4554577.09,20546,3.9739,LC
4554588.11,21893,23.3704,BG
4554594.25,20545,4.3544,LC
4554599.63,20547,4.2061,LC
4554611.02,20546,4.1548,LC
4554614.3,20548,77.3187,BG
4554659.31,20547,11.0383,LC
4554663.79,20546,4.2753,LC
4554674.06,20545,12.9541,LC
4554674.12,20545,10.917,LC
4554677.56,21893,39.4212,BG
4554699.83,20548,30.6784,BG
4554755.19,21893,26.2993,BG
4554776.89,20548,26.6806,BG
4554788.05,20547,4.1274,LC
4554791.48,20546,4.1703,LC
4554808.9,20545,4.1486,LC
4554813.15,20547,4.0482,LC
4554830.46,21893,26.122,BG
4554851.57,20546,4.3531,LC
4554853.78,20548,26.7251,BG
4554867.02,20545,6.3337,LC
4554869.1,20547,6.107,LC
4554884.13,20546,5.8669,LC
4554884.82,20545,4.1021,LC
4554889.99,20547,4.1215,LC
4554908.46,21893,27.9086,BG
4554938.1,20546,6.1454,LC
4554952.75,20545,4.3489,LC
4554972.18,20547,4.2798,LC
4554984.51,21893,25.0821,BG
4554992.41,20546,4.2259,LC
4554996.45,20548,92.2998,BG
4555030.89,20545,5.4784,LC
4555032.67,20547,5.817,LC
4555048.5,20546,8.4051,LC
4555050.1,20545,4.1398,LC
4555067.11,20547,9.2316,LC
4555069.76,21893,35.0424,BG
4555097.02,20548,30.3537,BG
4555123.49,20545,4.5546,LC
4555146.99,20546,6.2209,LC
4555152.16,21893,30.7062,BG
4555154.53,20547,6.4738,LC
4555175.89,20548,23.3505,BG
4555193.44,20545,8.6907,LC
4555230.0,21893,27.6298,BG
4555263.86,20546,4.0899,LC
4555271.1,20548,27.0462,BG
4555290.4,20547,4.1386,LC
4555303.8,21893,23.7164,BG
4555348.92,20548,27.6522,BG
4555360.08,20545,3.9363,LC
4555379.69,21893,25.6587,BG
4555422.49,20548,23.4196,BG
4555452.84,21893,23.047,BG
4555469.94,20546,4.6463,LC
4555495.15,20547,3.9345,LC
4555505.06,20548,31.8516,BG
4555505.18,20545,6.1652,LC
4555526.18,21893,22.9316,BG
4555539.37,20546,5.0308,LC
4555548.07,20547,3.9647,LC
4555588.15,20545,7.7912,LC
4555598.11,20546,4.2257,LC
4555610.68,21893,34.4972,BG
4555612.12,20548,56.3495,BG
4555613.45,20547,7.3015,LC
4555614.25,20545,6.0049,LC
4555685.89,20548,23.7053,BG
4555686.09,21893,25.1585,BG
4555761.6,20546,4.2629,LC
4555761.88,21893,25.6509,BG
4555764.35,20548,28.3089,BG
4555834.93,21893,22.7261,BG
4555838.88,20548,24.3229,BG
4555846.07,20547,4.033,LC
4555874.95,20545,3.9041,LC
4555912.53,20548,23.5537,BG
4555917.15,21893,30.5136,BG
4555971.3,20546,6.1182,LC
4555990.94,21893,23.5348,BG
4556042.89,20548,62.5395,BG
4556067.64,21893,26.6579,BG
4556140.67,21893,22.9445,BG
4556171.18,20548,75.2431,BG
4556221.38,21893,30.2027,BG
4556260.32,20548,38.4323,BG
4556272.18,20547,4.1814,LC
4556280.66,20545,8.1847,LC
4556294.0,20546,4.154,LC
4556302.11,21893,30.9155,BG
4556333.59,20548,23.1877,BG
4556344.52,20547,4.2503,LC
4556370.08,20545,4.9749,LC
4556377.56,21893,25.4401,BG
4556407.53,20548,23.7497,BG
4556415.21,20546,4.0398,LC
4556438.49,20547,4.2745,LC
4556451.89,21893,24.1541,BG
4556483.05,20548,24.8592,BG
4556518.1,20545,3.9846,LC
4556527.33,21893,25.2147,BG
4556532.9,20546,4.6439,LC
4556565.3,20548,30.0965,BG
4556601.55,21893,23.8756,BG
4556648.45,20548,32.2183,BG
4556674.85,21893,23.1587,BG
4556682.31,20547,4.1223,LC
4556742.13,20545,4.6218,LC
4556744.0,20548,44.8407,BG
4556747.68,20546,4.349,LC
4556755.37,21893,30.4486,BG
4556819.48,20548,25.2251,BG
4556821.27,20547,6.129,LC
4556832.38,21893,26.8417,BG
4556844.41,20545,4.2475,LC
4556893.33,20548,23.701,BG
4556895.64,20546,8.0518,LC
4556909.68,21893,27.2713,BG
4556934.68,20547,6.2659,LC
4556980.83,20548,36.5726,BG
4556998.07,21893,38.1566,BG
4557076.01,21893,27.7683,BG
4557089.43,20548,58.4003,BG
4557112.34,20545,4.0974,LC
4557154.71,21893,28.2314,BG
4557192.59,20546,4.6831,LC
4557193.52,20547,4.1623,LC
4557202.48,20548,62.2241,BG
4557229.44,21893,24.5527,BG
4557304.32,21893,25.0144,BG
4557307.2,20548,53.3296,BG
4557389.84,21893,35.3741,BG
4557395.44,20545,3.8899,LC
4557409.52,20546,3.9632,LC
4557409.61,20547,4.2862,LC
4557416.87,20548,58.6273,BG
4557423.43,20545,4.1818,LC
4557445.99,20546,4.3217,LC
4557458.25,20547,4.0052,LC
4557463.5,21893,23.4924,BG
4557486.1,20545,4.4192,LC
4557495.23,20548,28.1154,BG
4557512.83,20546,4.0424,LC
4557536.81,21893,23.1673,BG
4557544.93,20547,4.1668,LC
4557563.59,20545,4.2751,LC
4557579.28,20548,33.9383,BG
4557610.34,21893,23.3999,BG
4557667.14,20546,4.1367,LC
4557685.58,21893,24.9045,BG
4557693.27,20547,4.33,LC
4557699.86,20545,4.4431,LC
4557704.44,20546,4.3688,LC
4557740.16,20548,110.7407,BG
4557751.54,20547,7.1618,LC
4557763.99,21893,28.4362,BG
4557813.02,20545,4.2648,LC
4557837.03,21893,22.9547,BG
4557840.43,20548,49.6698,BG
4557901.09,20546,4.0501,LC
4557912.58,21893,25.462,BG
4557918.31,20547,3.8603,LC
4557949.19,20545,4.2482,LC
4557978.99,20546,4.5017,LC
4557993.27,21893,30.3514,BG
4558045.19,20547,4.1155,LC
4558054.12,20545,5.295,LC
4558055.62,20546,4.0137,LC
4558065.4,20547,7.9957,LC
4558067.1,20548,170.9359,BG
4558071.78,21893,28.3853,BG
4558074.55,20545,4.1215,LC
4558080.82,20546,4.4434,LC
4558088.9,20547,4.6413,LC
4558118.91,20545,4.1758,LC
4558130.08,20546,8.5482,LC
4558149.64,21893,27.6566,BG
4558156.65,20547,4.0793,LC
4558172.83,20548,58.4274,BG
4558223.56,21893,23.8945,BG
4558228.15,20545,7.2259,LC
4558237.43,20546,6.5847,LC
4558237.6,20547,5.8198,LC
4558249.02,20545,4.2802,LC
4558284.93,20546,6.246,LC
4558292.26,20548,68.4756,BG
4558298.82,20547,5.0121,LC
4558305.47,21893,31.8284,BG
4558331.27,20545,4.7913,LC
4558341.11,20546,7.8972,LC
4558342.12,20547,5.4127,LC
4558359.78,20545,5.0854,LC
4558368.13,20546,11.3806,LC
4558375.63,20547,7.9218,LC
4558383.07,20545,3.7812,LC
4558396.72,21893,41.0549,BG
4558397.06,20546,6.7335,LC
4558406.02,20548,63.6709,BG
4558430.43,20547,4.1682,LC
4558439.7,20545,4.2819,LC
4558443.91,20546,4.8774,LC
4558446.07,20547,4.0308,LC
4558446.33,20545,4.0131,LC
4558470.1,20546,3.9565,LC
4558474.71,20547,8.2889,LC
4558478.29,21893,30.138,BG
4558500.13,20548,43.9215,BG
4558505.84,20545,8.4939,LC
4558505.98,20546,5.1794,LC
4558536.42,20547,10.0237,LC
4558542.1,20545,4.0997,LC
4558545.94,20546,7.1806,LC
4558560.95,21893,32.5949,BG
4558582.32,20548,31.158,BG
4558594.47,20547,4.2791,LC
4558604.01,20545,3.7838,LC
4558636.09,21893,25.0336,BG
4558640.35,20546,4.056,LC
4558661.97,20548,28.7542,BG
4558674.7,20547,4.0426,LC
4558704.31,20545,4.059,LC
4558710.17,21893,23.9415,BG
4558717.49,20546,3.9288,LC
4558724.81,20547,4.0701,LC
4558743.72,20548,31.6239,BG
4558757.16,20545,4.2365,LC
4558782.81,20546,5.9515,LC
4558787.99,21893,27.7342,BG
4558807.25,20547,4.0387,LC
4558823.2,20545,3.8646,LC
4558824.4,20548,30.4353,BG
4558827.16,20546,3.8719,LC
4558846.25,20547,6.0484,LC
4558863.54,20545,4.0041,LC
4558866.39,21893,28.1711,BG
4558875.97,20546,4.034,LC
4558891.18,20547,4.2114,LC
4558906.11,20548,30.8919,BG
4558907.72,20545,4.2933,LC
4558919.2,20546,4.1129,LC
4558931.08,20547,3.8976,LC
4558940.92,21893,23.9428,BG
4558949.14,20545,4.0318,LC
4558949.19,20546,3.8708,LC
4558969.88,20547,4.0331,LC
4558983.21,20548,26.9858,BG
4558991.11,20545,5.8495,LC
4558993.95,20547,5.4799,LC
4558996.53,20546,8.2244,LC
4559024.95,21893,30.6533,BG
4559026.76,20545,7.2405,LC
4559052.32,20547,4.2469,LC
4559058.19,20546,4.2397,LC
4559071.93,20545,6.8367,LC
4559074.61,20547,5.0132,LC
4559099.45,21893,24.4112,BG
4559107.36,20546,4.0563,LC
4559118.77,20545,4.3124,LC
4559119.44,20548,80.6645,BG
4559132.85,20547,4.1068,LC
4559156.12,20546,4.1888,LC
4559161.47,20545,4.1972,LC
4559176.59,21893,26.9372,BG
4559191.59,20547,4.0041,LC
4559219.86,20546,6.2941,LC
4559219.98,20545,6.5783,LC
4559220.16,20547,5.6405,LC
4559239.99,20548,70.4666,BG
4559253.67,21893,27.0954,BG
4559336.08,20546,4.2925,LC
4559340.24,21893,36.4816,BG
4559356.82,20548,66.2376,BG
4559418.24,21893,27.7876,BG
4559448.17,20548,41.5683,BG
4559466.54,20545,4.6517,LC
4559491.55,20547,5.175,LC
4559493.55,21893,25.1574,BG
4559563.5,20546,9.0278,LC
4559567.14,20548,67.5264,BG
4559572.27,21893,28.2319,BG
4559576.63,20545,4.1973,LC
4559645.39,21893,23.0303,BG
4559665.36,20548,48.5774,BG
4559691.15,20547,4.035,LC
4559718.55,21893,23.0363,BG
4559742.06,20548,25.8905,BG
4559791.99,21893,23.1863,BG
4559819.81,20548,27.5373,BG
4559865.99,21893,23.9347,BG
4559892.85,20548,22.9097,BG
4559940.42,21893,24.2781,BG
4559966.19,20548,22.9346,BG
4560015.34,20546,5.974,LC
4560016.08,21893,25.5452,BG
4560038.22,20545,6.151,LC
4560062.92,20548,46.508,BG
4560075.62,20547,10.0535,LC
4560094.04,21893,27.8829,BG
4560108.04,20546,4.4731,LC
4560141.04,20548,28.0666,BG
4560142.84,20545,4.4143,LC
4560166.55,20547,6.0904,LC
4560172.63,21893,28.5396,BG
4560175.02,20546,4.5662,LC
4560219.61,20548,28.3907,BG
4560246.39,21893,23.5747,BG
4560277.63,20545,4.288,LC
4560319.92,21893,23.4018,BG
4560321.71,20548,52.0612,BG
4560389.6,20547,6.1103,LC
4560394.19,20546,3.8716,LC
4560402.3,21893,32.294,BG
4560406.91,20545,4.0683,LC
4560423.66,20548,51.8385,BG
4560477.74,21893,25.301,BG
4560499.61,20548,25.5187,BG
4560555.32,21893,27.3445,BG
4560562.95,20547,4.5637,LC
4560583.99,20548,34.0147,BG
4560629.95,21893,24.5024,BG
4560652.48,20546,4.192,LC
4560657.2,20548,23.0989,BG
4560662.1,20545,4.1405,LC
4560664.28,20547,4.2328,LC
4560680.77,20546,4.8004,LC
4560703.89,21893,23.0459,BG
4560707.69,20545,5.5006,LC
4560732.14,20548,24.337,BG
4560761.77,20547,8.3014,LC
4560785.15,21893,27.8115,BG
4560799.4,20546,4.2834,LC
4560801.75,20545,4.3917,LC
4560811.46,20548,28.4641,BG
4560839.75,20547,7.6843,LC
4560859.03,21893,23.7358,BG
4560885.14,20548,23.4994,BG
4560932.33,21893,23.0483,BG
4560958.36,20548,23.0361,BG
4561005.05,20546,7.5254,LC
4561012.28,21893,29.7004,BG
4561018.61,20545,3.9863,LC
4561026.13,20547,3.9028,LC
4561037.96,20546,6.1375,LC
4561038.11,20548,28.7678,BG
4561038.4,20547,5.868,LC
4561061.75,20545,4.1402,LC
4561091.42,21893,28.9264,BG
4561124.95,20548,33.1658,BG
4561147.17,20546,6.6014,LC
4561167.3,21893,25.079,BG
4561202.15,20547,4.3079,LC
4561212.72,20548,37.7331,BG
4561246.08,21893,28.629,BG
4561251.1,20545,4.7795,LC
4561257.18,20546,4.1375,LC
4561330.65,20547,8.4316,LC
4561330.86,21893,33.5684,BG
4561354.35,20545,4.051,LC
4561368.66,20548,105.113,BG
4561407.15,21893,26.1073,BG
4561408.7,20546,4.2637,LC
4561424.18,20547,4.1123,LC
4561451.29,20548,33.0958,BG
4561459.25,20545,4.2582,LC
4561480.81,21893,23.1267,BG
4561531.99,20546,4.3199,LC
4561536.4,20548,34.2645,BG
4561554.42,21893,23.5106,BG
4561587.06,20547,7.1602,LC
4561624.21,20545,5.8237,LC
4561629.88,20548,42.7395,BG
4561632.89,21893,28.4068,BG
4561636.83,20546,4.1149,LC
4561714.52,20547,4.0592,LC
4561714.74,21893,27.2872,BG
4561732.18,20548,51.9898,BG
4561740.59,20545,4.1876,LC
4561762.7,20546,5.6624,LC
4561787.11,21893,26.5663,BG
4561820.43,20547,4.6154,LC
4561822.67,20548,40.4169,BG
4561842.03,20545,4.2968,LC
4561861.71,21893,24.342,BG
4561872.28,20546,4.2404,LC
4561880.53,20547,4.1968,LC
4561896.48,20548,23.6815,BG
4561914.28,20545,3.9499,LC
4561936.8,21893,25.0248,BG
4561953.26,20546,6.957,LC
4561967.99,20547,7.6119,LC
4561969.9,20545,8.1053,LC
4561974.11,20546,4.1978,LC
4561979.79,20548,31.6405,BG
4561988.19,20547,4.1369,LC
4562012.33,21893,25.4253,BG
4562030.81,20545,4.1201,LC
4562054.1,20548,23.0836,BG
4562096.2,21893,31.909,BG
4562136.93,20548,22.6297,BG
4562168.32,21893,23.8504,BG
4562178.62,20546,5.1567,LC
4562196.2,20547,3.965,LC
4562206.91,20545,4.8839,LC
4562249.32,20548,59.391,BG
4562252.6,20546,6.2565,LC
4562257.21,21893,38.677,BG
4562291.55,20547,4.1096,LC
4562332.24,21893,24.7282,BG
4562343.21,20548,44.7102,BG
4562345.85,20545,5.1322,LC
4562407.46,21893,25.1672,BG
4562454.61,20548,59.321,BG
4562481.94,21893,24.1125,BG
4562493.96,20546,4.2624,LC
4562531.1,20548,26.4922,BG
4562532.92,20547,5.1506,LC
4562555.53,21893,23.5238,BG
4562604.86,20548,23.5822,BG
4562628.73,21893,23.0987,BG
4562683.12,20548,26.4793,BG
4562710.84,20545,8.3877,LC
4562711.08,20547,4.0735,LC
4562711.3,21893,32.4923,BG
4562711.31,20546,6.1448,LC
4562746.14,20545,3.8544,LC
4562761.24,20548,29.0794,BG
4562769.31,20547,8.0312,LC
4562788.35,21893,25.1666,BG
4562819.52,20546,4.1088,LC
4562824.46,20545,3.8819,LC
4562836.53,20548,24.2715,BG
4562857.27,20547,3.9787,LC
4562863.56,21893,24.9822,BG
4562884.56,20546,6.1064,LC
4562899.35,20545,4.4616,LC
4562904.73,20547,6.0351,LC
4562908.1,20546,4.0645,LC
4562912.81,20547,4.4026,LC
4562916.89,20548,30.4029,BG
4562936.42,21893,22.7662,BG
4562964.99,20545,4.0872,LC
4562977.35,20546,4.0149,LC
4562990.69,20548,23.5211,BG
4563003.3,20547,5.0384,LC
4563012.17,21893,25.6955,BG
4563015.7,20546,3.9296,LC
4563017.15,20545,6.5732,LC
4563020.77,20547,4.2436,LC
4563055.3,20545,4.2525,LC
4563083.18,20546,3.9087,LC
4563089.18,21893,25.7786,BG
4563090.23,20547,4.9108,LC
4563104.39,20545,8.2165,LC
4563121.18,20548,78.7235,BG
4563127.66,20546,4.1206,LC
4563133.76,20547,4.1316,LC
4563154.06,20545,4.1331,LC
4563168.69,21893,30.5229,BG
4563210.27,20546,4.3882,LC
4563214.92,20548,43.6631,BG
4563231.43,20547,7.9423,LC
4563235.86,20545,4.1835,LC
4563253.99,21893,35.0885,BG
4563269.03,20546,3.8944,LC
4563306.7,20545,4.0682,LC
4563308.2,20547,5.5995,LC
4563312.79,20546,4.4524,LC
4563321.83,20547,9.6532,LC
4563336.27,20545,4.1972,LC
4563336.32,20546,4.0632,LC
4563342.6,20547,4.8646,LC
4563342.72,21893,38.3651,BG
4563342.93,20548,72.9222,BG
4563363.91,20545,4.1662,LC
4563395.65,20546,6.0979,LC
4563401.18,20547,4.9759,LC
4563411.5,20545,4.3955,LC
4563418.51,20546,4.0259,LC
4563426.45,21893,33.4498,BG
4563447.59,20548,51.1393,BG
4563485.56,20547,5.947,LC
4563486.34,20545,4.368,LC
4563496.42,20546,4.1875,LC
4563504.86,21893,28.3029,BG
4563518.37,20547,6.236,LC
4563526.68,20545,3.9702,LC
4563530.15,20548,29.9256,BG
4563547.41,20546,3.9887,LC
4563563.1,20547,5.8775,LC
4563582.09,21893,27.0968,BG
4563599.64,20545,3.9252,LC
4563607.23,20548,26.9521,BG
4563612.3,20546,4.3033,LC
4563615.26,20547,3.9526,LC
4563623.36,20545,4.2585,LC
4563634.77,20546,6.0947,LC
4563655.7,21893,23.5303,BG
4563660.68,20547,3.9313,LC
4563669.28,20545,3.9855,LC
4563677.52,20546,4.1956,LC
4563688.17,20548,30.8251,BG
4563694.1,20547,6.1705,LC
4563694.68,20545,4.4876,LC
4563702.99,20546,4.0315,LC
4563725.98,20547,3.9934,LC
4563734.58,20545,12.0627,LC
4563736.2,20546,7.9963,LC
4563741.55,21893,35.7065,BG
4563751.23,20547,3.8923,LC
4563755.81,20545,4.1976,LC
4563761.95,20546,4.2182,LC
4563769.17,20548,30.8398,BG
4563779.12,20547,4.085,LC
4563817.76,20545,7.4045,LC
4563819.09,21893,27.4117,BG
4563829.42,20546,4.1486,LC
4563842.78,20547,4.1183,LC
4563846.63,20548,27.3297,BG
4563881.37,20545,4.125,LC
4563894.18,21893,24.2013,BG
4563895.84,20546,5.2144,LC
4563898.15,20547,4.4459,LC
4563907.07,20545,4.0875,LC
4563921.71,20548,24.9647,BG
4563942.73,20546,5.8574,LC
4563958.08,20547,4.3729,LC
4563966.53,21893,22.9399,BG
4563978.08,20545,4.1125,LC
4563982.44,20546,4.0631,LC
4563993.13,20547,4.2571,LC
4563997.37,20548,25.475,BG
4563997.53,20545,6.0159,LC
4564001.43,20546,4.173,LC
4564022.1,20547,6.0569,LC
4564034.09,20545,4.1078,LC
4564042.17,21893,24.9569,BG
4564045.09,20546,4.012,LC
4564047.22,20547,4.0341,LC
4564061.24,20545,4.0202,LC
4564070.71,20548,23.2651,BG
4564077.68,20546,4.0109,LC
4564080.54,20547,4.2935,LC
4564100.12,20545,6.408,LC
4564123.54,21893,31.3229,BG
4564133.65,20546,4.0589,LC
4564141.85,20547,4.4457,LC
4564166.48,20548,42.6352,BG
4564185.24,20545,3.9436,LC
4564204.58,20546,4.2105,LC
4564204.74,20547,5.2417,LC
4564207.8,21893,34.1978,BG
4564238.37,20546,6.7956,LC
4564241.58,20545,4.7294,LC
4564252.37,20547,7.6121,LC
4564254.64,20546,5.6582,LC
4564259.74,20545,6.2809,LC
4564274.58,20546,8.0668,LC
4564285.89,21893,27.9674,BG
4564298.86,20548,81.4714,BG
4564315.11,20547,4.0299,LC
4564329.99,20545,4.721,LC
4564356.32,20546,7.9857,LC
4564365.02,20547,6.0176,LC
4564370.37,21893,34.3302,BG
4564372.55,20545,4.4606,LC
4564382.58,20546,4.2227,LC
4564384.83,20547,6.5746,LC
4564386.8,20545,4.922,LC
4564388.94,20546,4.1798,LC
4564393.97,20547,4.2269,LC
4564406.09,20545,4.0479,LC
4564412.66,20546,4.1999,LC
4564417.81,20547,4.6888,LC
4564427.58,20548,59.1586,BG
4564446.23,21893,25.868,BG
4564510.12,20545,4.19,LC
4564517.5,20546,13.1435,LC
4564533.68,20547,4.2254,LC
4564543.14,20545,3.8086,LC
4564546.3,20548,68.6209,BG
4564546.97,21893,50.6395,BG
4564560.1,20546,3.9659,LC
4564593.18,20547,4.456,LC
4564608.66,20545,5.3304,LC
4564621.83,21893,24.752,BG
4564634.31,20546,4.2022,LC
4564636.88,20548,40.5053,BG
4564660.07,20547,4.6879,LC
4564672.59,20545,4.4618,LC
4564691.06,20546,7.9915,LC
4564699.73,21893,27.7915,BG
4564717.29,20548,30.2308,BG
4564745.67,20547,4.1695,LC
4564757.79,20545,4.1587,LC
4564778.49,20546,5.3307,LC
4564778.61,21893,26.5888,BG
4564803.18,20548,35.8379,BG
4564819.84,20547,4.7451,LC
4564829.42,20545,4.3104,LC
4564845.03,20546,5.9194,LC
4564849.57,20547,4.2553,LC
4564853.93,21893,27.3948,BG
4564857.8,20545,4.1806,LC
4564862.63,20546,4.8822,LC
4564866.99,20547,4.0381,LC
4564885.43,20548,28.1199,BG
4564912.51,20545,4.1403,LC
4564916.49,20546,4.0464,LC
4564924.86,20547,8.0997,LC
4564932.07,20546,4.0915,LC
4564932.92,21893,28.7952,BG
4564959.14,20548,23.3073,BG
4564961.58,20545,4.2663,LC
4564971.13,20547,3.9875,LC
4564986.5,20546,3.9934,LC
4565006.34,21893,23.2548,BG
4565026.89,20545,4.4036,LC
4565033.04,20548,23.6772,BG
4565040.68,20547,4.0246,LC
4565052.86,20546,4.2068,LC
4565057.42,20545,4.2325,LC
4565081.33,21893,24.8337,BG
4565090.41,20547,6.3216,LC
4565100.36,20546,5.1614,LC
4565104.71,20545,4.1023,LC
4565106.64,20548,23.4691,BG
4565139.17,20547,7.8729,LC
4565156.16,21893,24.5922,BG
4565198.26,20546,6.3614,LC
4565203.32,20545,6.9437,LC
4565233.24,21893,26.9621,BG
4565254.28,20547,4.6019,LC
4565261.74,20548,104.9316,BG
4565263.69,20546,4.2101,LC
4565273.22,20545,4.9578,LC
4565309.96,21893,23.9956,BG
4565314.13,20547,6.7928,LC
4565338.48,20545,6.3143,LC
4565340.08,20546,8.3008,LC
4565357.3,20548,45.2702,BG
4565380.84,21893,23.2635,BG
4565457.05,21893,25.6633,BG
4565459.54,20548,51.4926,BG
4565514.16,20547,4.9527,LC
4565533.42,21893,26.394,BG
4565566.34,20546,4.1237,LC
4565575.1,20548,65.4263,BG
4565607.75,21893,24.2413,BG
4565612.91,20545,4.1182,LC
4565629.55,20547,5.2718,LC
4565635.98,20546,5.2145,LC
4565669.12,20548,41.8828,BG
4565682.56,21893,24.7366,BG
4565750.13,20548,25.8523,BG
4565757.77,21893,25.1393,BG
4565828.35,20548,33.9412,BG
4565837.29,20545,4.1145,LC
4565837.45,21893,25.8332,BG
4565877.16,20547,4.3486,LC
4565904.91,20548,26.2808,BG
4565909.85,21893,25.9017,BG
4565987.89,20548,32.6186,BG
4565988.07,21893,27.7339,BG
4566070.21,21893,30.2123,BG
4566074.41,20548,36.4671,BG
4566152.26,21893,33.7588,BG
4566168.55,20546,6.0662,LC
4566178.31,20545,4.2177,LC
4566185.25,20548,60.5781,BG
4566229.8,21893,27.2245,BG
4566260.04,20547,4.5129,LC
4566277.67,20546,4.1939,LC
4566303.71,21893,23.8069,BG
4566310.07,20548,73.7199,BG
4566343.14,20545,3.9246,LC
4566343.5,20547,4.1476,LC
4566378.64,21893,24.8789,BG
4566453.18,21893,24.2917,BG
4566458.52,20545,6.4144,LC
4566463.68,20548,96.385,BG
4566530.27,21893,26.8999,BG
4566547.08,20548,33.338,BG
4566596.56,20546,4.1067,LC
4566609.38,21893,28.7749,BG
4566613.36,20547,3.9782,LC
4566623.6,20548,26.5111,BG
4566684.31,21893,24.9379,BG
4566699.34,20548,25.6151,BG
4566755.74,20545,4.696,LC
4566759.38,21893,24.9181,BG
4566782.7,20548,33.2135,BG
4566832.88,21893,23.3443,BG
4566860.29,20548,27.4342,BG
4566872.39,20546,4.2017,LC
4566881.68,20547,4.0367,LC
4566897.67,20545,4.0424,LC
4566905.72,21893,22.669,BG
4566935.13,20548,23.0367,BG
4566947.25,20546,4.0373,LC
4566963.07,20547,3.8833,LC
4566980.08,21893,24.2974,BG
4567000.91,20545,4.0975,LC
4567013.3,20548,27.9807,BG
4567053.59,21893,23.1218,BG
4567086.48,20548,23.0036,BG
4567117.88,20546,4.0448,LC
4567130.07,21893,26.2116,BG
4567160.05,20548,23.3444,BG
4567208.14,21893,27.8936,BG
4567222.14,20547,6.3966,LC
4567240.48,20545,5.2793,LC
4567287.76,21893,28.5716,BG
4567301.26,20546,3.9808,LC
4567334.61,20548,116.3232,BG
4567359.05,20547,6.0324,LC
4567370.0,21893,32.1518,BG
4567389.66,20545,4.2754,LC
4567444.08,20546,4.0614,LC
4567451.62,20548,66.9567,BG
4567454.06,21893,33.9146,BG
4567526.59,20548,24.1978,BG
4567528.27,20547,3.8446,LC
4567532.56,21893,28.3499,BG
4567541.42,20545,4.5394,LC
4567601.02,20548,24.3453,BG
4567605.78,21893,23.0791,BG
4567637.26,20546,6.1159,LC
4567639.63,20547,4.4657,LC
4567652.94,20545,3.9405,LC
4567674.82,20548,23.0561,BG
4567681.07,21893,25.1188,BG
4567682.22,20546,4.1054,LC
4567751.38,20548,26.4588,BG
4567754.13,21893,22.9728,BG
4567766.8,20547,3.9579,LC
4567773.62,20545,4.1231,LC
4567828.63,21893,24.3922,BG
4567830.43,20548,28.2735,BG
4567835.48,20546,4.0584,LC
4567860.63,20547,4.3215,LC
4567876.73,20545,5.733,LC
4567902.92,21893,23.914,BG
4567913.86,20548,32.7117,BG
4567925.41,20546,4.5365,LC
4567939.03,20547,4.0623,LC
4567942.08,20545,3.8657,LC
4567976.33,21893,23.5153,BG
4567986.72,20546,4.1522,LC
4567997.09,20547,4.0534,LC
4568001.15,20548,36.9859,BG
4568002.86,20545,4.0436,LC
4568011.15,20546,4.1867,LC
4568015.32,20547,4.1587,LC
4568020.67,20546,4.0586,LC
4568031.47,20545,6.42,LC
4568039.3,20547,6.1292,LC
4568050.64,20546,8.0421,LC
4568061.3,21893,34.2536,BG
4568061.45,20545,5.9269,LC
4568063.38,20547,4.1398,LC
4568090.12,20546,6.0267,LC
4568090.36,20545,4.0143,LC
4568091.52,20548,38.3764,BG
4568096.97,20547,3.8489,LC
4568138.34,21893,26.7307,BG
4568138.85,20546,5.674,LC
4568146.47,20545,4.0843,LC
4568150.17,20547,3.9469,LC
4568167.18,20545,3.994,LC
4568171.11,20548,29.4475,BG
4568174.22,20546,3.9242,LC
4568187.88,20547,5.9857,LC
4568216.4,20546,10.1765,LC
4568216.52,20545,8.9266,LC
4568220.85,21893,32.4517,BG
4568231.45,20547,4.0059,LC
4568240.14,20545,4.5103,LC
4568242.35,20546,4.2919,LC
4568248.46,20547,4.0799,LC
4568248.5,20545,3.9641,LC
4568253.14,20546,3.9776,LC
4568298.86,21893,27.8719,BG
4568302.95,20547,4.4981,LC
4568305.92,20548,84.6148,BG
4568321.31,20545,4.683,LC
4568321.88,20546,4.6085,LC
4568372.83,21893,23.8983,BG
4568390.43,20547,3.8616,LC
4568399.93,20548,26.7664,BG
4568420.17,20545,3.9351,LC
4568440.26,20546,7.6595,LC
4568440.32,20547,4.3977,LC
4568442.08,20545,8.7029,LC
4568454.39,20546,7.2046,LC
4568458.26,20547,3.9687,LC
4568470.59,20546,9.741,LC
4568470.79,21893,43.0053,BG
4568470.93,20545,7.2367,LC
4568473.75,20547,3.9755,LC
4568491.74,20546,4.0173,LC
4568518.09,20545,4.2103,LC
4568524.96,20547,3.767,LC
4568536.45,20546,4.0697,LC
4568550.58,21893,33.9717,BG
4568551.16,20547,5.2366,LC
4568560.24,20545,4.515,LC
4568562.81,20546,4.5435,LC
4568569.56,20548,98.3146,BG
4568582.76,20547,3.9978,LC
4568594.45,20545,6.5135,LC
4568596.02,20546,3.9611,LC
4568599.07,20547,4.252,LC
4568607.06,20546,6.5184,LC
4568608.36,20545,7.1531,LC
4568618.08,20546,3.8475,LC
4568620.07,20547,7.1585,LC
4568629.98,21893,29.3357,BG
4568634.57,20545,4.314,LC
4568640.09,20546,3.9735,LC
4568640.16,20547,3.9907,LC
4568656.29,20548,36.0565,BG
4568668.31,20545,4.0307,LC
4568674.54,20546,3.9513,LC
4568690.24,20547,8.1479,LC
4568709.22,21893,29.1255,BG
4568711.63,20545,6.0805,LC
4568730.83,20548,23.6821,BG
4568741.86,20546,4.5903,LC
4568784.49,21893,25.137,BG
4568789.45,20547,4.2114,LC
4568809.0,20548,27.7148,BG
4568845.62,20545,4.0961,LC
4568857.49,20547,3.9665,LC
4568857.69,20546,5.1064,LC
4568864.88,21893,30.3025,BG
4568872.37,20545,4.0776,LC
4568896.14,20547,4.0179,LC
4568906.44,20548,47.3142,BG
4568916.58,20546,6.1809,LC
4568929.74,20545,4.2986,LC
4568939.89,21893,24.9427,BG
4568945.44,20547,3.9818,LC
4568950.05,20546,4.3167,LC
4568969.47,20545,4.0917,LC
4568980.65,20547,4.0341,LC
4569003.11,20548,44.1637,BG
4569011.56,20546,4.3235,LC
4569014.48,21893,24.5144,BG
4569024.81,20545,4.237,LC
4569041.29,20547,4.7085,LC
4569045.74,20546,4.257,LC
4569051.61,20545,4.5147,LC
4569054.4,20547,4.3133,LC
4569089.94,20545,5.7696,LC
4569090.06,20546,6.1808,LC
4569090.1,20546,4.9836,LC
4569094.2,20547,6.0934,LC
4569094.26,21893,29.6269,BG
4569102.11,20548,46.8447,BG
4569110.41,20545,4.2357,LC
4569135.25,20546,4.0469,LC
4569146.72,20547,6.3371,LC
4569150.67,20545,4.3369,LC
4569170.15,21893,23.7739,BG
4569181.19,20548,28.9335,BG
4569205.99,20547,3.9398,LC
4569214.9,20546,4.777,LC
4569249.11,20545,4.7305,LC
4569251.29,20547,10.9956,LC
4569253.94,21893,32.3952,BG
4569254.07,20545,4.3606,LC
4569281.11,20546,4.4075,LC
4569310.14,20545,4.4521,LC
4569315.67,20547,7.6335,LC
4569318.08,20546,8.9029,LC
4569322.09,20545,4.741,LC
4569330.13,20546,4.8746,LC
4569337.21,21893,33.0202,BG
4569354.02,20547,4.3119,LC
4569367.05,20548,127.3012,BG
4569399.36,20545,3.954,LC
4569411.11,21893,23.6965,BG
4569431.61,20546,4.2833,LC
4569473.07,20548,52.5072,BG
4569484.9,21893,23.6628,BG
4569561.16,21893,25.9484,BG
4569567.71,20547,4.4856,LC
4569605.38,20548,82.0405,BG
4569624.21,20545,5.1212,LC
4569640.08,21893,28.6112,BG
4569678.89,20548,23.3834,BG
4569713.31,21893,23.057,BG
4569749.22,20546,4.383,LC
4569752.57,20548,23.5434,BG
4569762.49,20547,4.4378,LC
4569786.69,21893,23.3,BG
4569794.43,20545,4.0491,LC
4569822.43,20546,3.9903,LC
4569825.81,20548,23.1527,BG
4569840.49,20547,4.1572,LC
4569860.37,21893,23.5503,BG
4569867.28,20545,4.0315,LC
4569901.41,20546,8.2031,LC
4569901.67,20547,6.479,LC
4569915.71,20548,39.7414,BG
4569935.52,21893,25.072,BG
4569976.88,20545,6.5427,LC
4570010.75,21893,25.1468,BG
4570020.94,20548,54.7581,BG
4570052.39,20546,7.0575,LC
4570064.28,20547,8.2278,LC
4570086.5,21893,25.5788,BG
4570091.03,20545,4.2678,LC
4570108.19,20548,37.0552,BG
4570143.98,20546,6.0944,LC
4570166.11,21893,29.353,BG
4570187.82,20548,28.6731,BG
4570228.91,20547,5.2662,LC
4570244.62,21893,28.3378,BG
4570270.1,20545,4.2191,LC
4570310.09,20546,4.1048,LC
4570321.03,21893,26.2038,BG
4570323.44,20547,4.2008,LC
4570329.91,20548,88.9497,BG
4570396.31,21893,25.1971,BG
4570430.69,20548,51.482,BG
4570432.7,20545,4.3475,LC
4570447.97,20546,4.117,LC
4570469.8,21893,23.4453,BG
4570507.17,20547,4.294,LC
4570545.13,21893,25.1302,BG
4570565.08,20548,83.9511,BG
4570619.3,21893,24.0899,BG
4570642.15,20548,26.9356,BG
4570694.17,21893,23.1746,BG
4570716.18,20548,23.5947,BG
4570769.49,21893,25.0976,BG
4570791.46,20548,24.2933,BG
4570802.64,20545,4.0309,LC
4570845.32,21893,25.6035,BG
4570868.11,20548,25.9575,BG
4570922.0,21893,26.5463,BG
4570943.77,20548,25.2676,BG
4570952.41,20546,4.1153,LC
4571000.58,21893,28.3964,BG
4571023.81,20548,29.6141,BG
4571036.9,20547,5.1015,LC
4571038.83,20545,4.3388,LC
4571074.18,21893,23.316,BG
4571079.24,20546,5.9382,LC
4571101.04,20548,23.7545,BG
4571130.93,20547,4.0701,LC
4571149.62,21893,25.2205,BG
4571155.26,20545,4.1791,LC
4571178.82,20548,22.678,BG
4571205.21,20546,6.8328,LC
4571227.12,21893,24.8242,BG
4571229.4,20547,4.3214,LC
4571246.93,20545,6.2175,LC
4571299.2,20548,68.1172,BG
4571306.86,21893,30.5197,BG
4571329.96,20546,3.9942,LC
4571352.78,20547,4.1818,LC
4571381.79,20545,6.3416,LC
4571391.26,21893,34.3748,BG
4571413.64,20548,59.9922,BG
4571469.8,21893,28.3061,BG
4571478.92,20546,4.183,LC
4571505.32,20548,37.6362,BG
4571546.32,21893,25.6433,BG
4571556.04,20547,4.4927,LC
4571599.59,20545,5.965,LC
4571621.13,21893,25.4213,BG
4571628.23,20548,71.7285,BG
4571662.65,20546,4.3151,LC
4571687.44,20547,8.1093,LC
4571701.49,20545,8.2737,LC
4571703.74,21893,32.4404,BG
4571704.96,20548,25.7721,BG
4571724.89,20546,4.0365,LC
4571749.14,20547,4.3296,LC
4571777.43,21893,23.3966,BG
4571778.74,20548,23.5234,BG
4571805.14,20545,3.8771,LC
4571823.34,20546,4.0627,LC
4571851.13,21893,23.4379,BG
4571852.96,20548,24.0961,BG
4571855.31,20547,3.9901,LC
4571900.44,20545,3.9663,LC
4571904.5,20546,4.1279,LC
4571923.09,20547,5.1831,LC
4571925.42,21893,24.2072,BG
4571931.08,20548,27.9373,BG
4571991.44,20545,5.3326,LC
4572001.1,20546,7.7612,LC
4572003.58,21893,27.878,BG
4572010.05,20547,4.4354,LC
4572014.09,20548,29.2813,BG
4572014.93,20545,4.3584,LC
4572021.2,20546,6.0124,LC
4572060.08,20545,4.3545,LC
4572074.67,20547,4.2607,LC
4572080.53,21893,25.6849,BG
4572080.65,20546,4.1902,LC
4572087.07,20545,4.0727,LC
4572093.25,20547,8.1759,LC
4572093.87,20546,6.5287,LC
4572115.3,20548,54.1531,BG
4572133.24,20545,4.1007,LC
4572139.68,20547,6.2639,LC
4572156.25,21893,26.534,BG
4572159.07,20546,4.1436,LC
4572171.13,20545,6.2843,LC
4572217.21,20548,49.8995,BG
4572223.6,20547,4.1239,LC
4572231.41,21893,25.1202,BG
4572233.78,20546,4.2296,LC
4572270.77,20545,6.1695,LC
4572300.34,20547,4.0496,LC
4572310.06,21893,27.8021,BG
4572330.22,20546,4.017,LC
4572334.31,20545,3.9095,LC
4572346.08,20548,77.8414,BG
4572373.25,20547,4.2172,LC
4572383.3,20546,4.0156,LC
4572383.41,21893,23.2438,BG
4572424.23,20545,4.0314,LC
4572457.27,21893,23.777,BG
4572457.71,20546,4.4897,LC
4572457.77,20547,6.0618,LC
4572467.25,20545,3.8336,LC
4572468.8,20548,68.5016,BG
4572479.38,20547,4.2343,LC
4572483.78,20546,4.0531,LC
4572493.84,20545,4.1117,LC
4572522.21,20547,4.087,LC
4572533.27,20546,4.1457,LC
4572533.38,21893,23.9377,BG
4572568.1,20545,4.178,LC
4572573.42,20547,6.6098,LC
4572575.91,20546,6.8142,LC
4572578.56,20545,4.4113,LC
4572584.92,20547,6.3052,LC
4572603.1,20548,77.0096,BG
4572606.78,20545,5.8717,LC
4572606.99,20546,4.3734,LC
4572611.23,20547,4.2663,LC
4572611.34,21893,28.0582,BG
4572625.93,20545,4.0746,LC
4572626.43,20546,4.7404,LC
4572647.91,20547,4.0382,LC
4572689.35,20545,7.922,LC
4572702.18,21893,40.6135,BG
4572769.02,20548,117.3035,BG
4572773.7,20546,4.171,LC
4572776.16,21893,23.8759,BG
4572832.96,20547,8.2402,LC
4572848.66,20545,7.6699,LC
4572850.1,20546,4.2115,LC
4572857.39,21893,31.143,BG
4572903.97,20547,6.2782,LC
4572918.09,20545,8.8613,LC
4572922.09,20546,6.2253,LC
4572938.48,21893,30.6738,BG
4572951.57,20547,4.6082,LC
4572952.44,20548,132.8646,BG
4572958.33,20546,4.1141,LC
4572960.58,20545,8.5725,LC
4572973.13,20547,4.3838,LC
4573012.93,21893,24.263,BG
4573016.83,20546,3.9457,LC
4573035.35,20548,32.2102,BG
4573044.83,20545,3.9441,LC
4573066.57,20547,3.9261,LC
4573071.58,20546,4.8072,LC
4573090.2,21893,26.9335,BG
4573102.62,20545,4.1918,LC
4573114.7,20548,28.564,BG
4573139.09,20547,4.1284,LC
4573142.66,20546,4.3957,LC
4573157.58,20545,8.3044,LC
4573167.81,20546,3.9004,LC
4573174.05,20547,6.0801,LC
4573176.29,20545,8.2648,LC
4573177.09,21893,36.782,BG
4573184.09,20546,4.1825,LC
4573186.25,20547,4.1055,LC
4573190.68,20545,4.2828,LC
4573206.48,20548,38.4311,BG
4573242.32,20546,6.5712,LC
4573246.62,20547,4.0877,LC
4573255.25,20545,8.5629,LC
4573255.95,21893,28.6695,BG
4573280.16,20548,23.5342,BG
4573288.76,20546,3.9371,LC
4573311.33,20547,7.1571,LC
4573331.89,21893,25.7227,BG
4573341.11,20545,6.3807,LC
4573343.54,20546,5.4254,LC
4573369.05,20547,4.0101,LC
4573409.71,20546,8.8966,LC
4573412.21,20545,11.6794,LC
4573415.81,21893,33.8763,BG
4573416.25,20548,85.9169,BG
4573422.8,20547,3.905,LC
4573435.02,20545,4.3493,LC
4573494.13,21893,26.4655,BG
4573501.3,20546,4.084,LC
4573501.44,20548,34.8458,BG
4573512.71,20547,3.9171,LC
4573546.17,20545,6.5356,LC
4573569.44,21893,26.9129,BG
4573581.97,20548,29.3794,BG
4573631.94,20546,10.0165,LC
4573655.53,21893,36.0145,BG
4573684.76,20548,52.4818,BG
4573732.31,21893,26.4813,BG
4573772.19,20548,36.8564,BG
4573777.97,20547,4.0086,LC
4573806.06,21893,23.6032,BG
4573844.97,20548,22.7863,BG
4573879.79,21893,23.6107,BG
4573886.31,20545,4.0542,LC
4573922.84,20548,27.6301,BG
4573955.78,21893,25.9615,BG
4573957.58,20546,4.1247,LC
4573997.22,20548,24.0174,BG
4574030.38,21893,24.503,BG
4574070.79,20548,23.3378,BG
4574103.81,21893,23.227,BG
4574110.99,20547,3.9362,LC
4574137.3,20545,3.9821,LC
4574149.55,20548,28.4104,BG
4574150.72,20546,4.4239,LC
4574176.29,20547,4.0604,LC
4574177.33,21893,23.2102,BG
4574194.48,20545,3.8746,LC
4574210.96,20546,4.3105,LC
4574217.15,20547,3.9499,LC
4574224.5,20545,4.1027,LC
4574226.09,20548,26.4477,BG
4574251.24,21893,23.6455,BG
4574267.19,20546,3.986,LC
4574280.64,20547,4.2652,LC
4574305.5,20548,24.8271,BG
4574320.59,20546,4.0576,LC
4574325.13,20547,4.039,LC
4574325.21,20545,7.5454,LC
4574332.12,21893,30.7538,BG
4574377.19,20545,3.8682,LC
4574382.2,20546,4.2512,LC
4574409.42,21893,27.2243,BG
4574422.21,20548,66.0333,BG
4574437.98,20547,4.2044,LC
4574484.0,21893,24.3509,BG
4574516.65,20545,4.2472,LC
4574530.75,20546,8.293,LC
4574534.22,20547,7.8882,LC
4574559.19,20548,84.7339,BG
4574562.44,21893,27.9902,BG
4574636.11,21893,23.677,BG
4574656.74,20545,3.8959,LC
4574656.95,20548,47.4651,BG
4574710.18,21893,23.9149,BG
4574726.91,20546,7.4856,LC
4574755.35,20547,4.0865,LC
4574788.2,21893,27.0626,BG
4574796.09,20545,3.9321,LC
4574806.06,20548,98.8918,BG
4574818.94,20546,4.1716,LC
4574857.34,20547,9.167,LC
4574875.18,21893,36.9515,BG
4574897.29,20545,3.971,LC
4574901.21,20548,43.6718,BG
4574921.24,20546,4.6555,LC
4574959.66,21893,34.2666,BG
4574961.15,20547,6.9274,LC
4574981.07,20548,23.9118,BG
4575024.63,20545,7.6748,LC
4575044.95,21893,35.07,BG
4575054.81,20546,6.1845,LC
4575056.26,20548,25.0882,BG
4575075.96,20547,5.027,LC
4575109.6,20545,6.1347,LC
4575118.97,21893,23.6035,BG
4575134.85,20548,27.6861,BG
4575167.48,20546,4.0104,LC
4575192.32,21893,23.4051,BG
4575208.41,20548,23.3767,BG
4575225.24,20547,3.9393,LC
4575234.02,20545,3.7957,LC
4575265.21,21893,22.7892,BG
4575282.68,20548,24.1485,BG
4575338.54,21893,23.2425,BG
4575364.43,20548,31.6134,BG
4575416.18,21893,27.429,BG
4575440.91,20546,4.214,LC
4575441.02,20547,4.6421,LC
4575443.1,20546,3.9998,LC
4575462.47,20548,46.2272,BG
4575479.62,20545,5.2225,LC
4575496.69,21893,30.5236,BG
4575556.97,20547,6.0148,LC
4575565.25,20548,52.589,BG
4575576.28,20546,4.6541,LC
4575580.9,20545,7.3042,LC
4575582.23,21893,35.4576,BG
4575651.19,20547,6.0697,LC
4575661.28,21893,28.0499,BG
4575683.44,20546,5.5895,LC
4575697.81,20548,78.6265,BG
4575742.35,21893,30.9461,BG
4575773.52,20548,25.1777,BG
4575806.24,20545,10.1058,LC
4575809.09,20547,8.5839,LC
4575826.95,21893,34.4429,BG
4575848.2,20548,24.0369,BG
4575864.41,20546,6.1921,LC
4575901.83,21893,24.7514,BG
4575921.53,20545,4.2231,LC
4575924.08,20548,24.976,BG
4575963.75,20547,7.3642,LC
4575981.64,21893,29.7026,BG
4576003.31,20548,28.1848,BG
4576041.99,20546,4.3589,LC
4576057.14,21893,25.3073,BG
4576062.74,20545,4.9318,LC
4576082.41,20548,28.2793,BG
4576093.0,20547,4.1334,LC
4576116.06,20546,4.0349,LC
4576130.26,21893,23.0513,BG
4576133.6,20545,4.0392,LC
4576159.04,20548,25.8739,BG
4576193.65,20547,4.0217,LC
4576204.53,21893,24.1312,BG
4576233.69,20548,24.5305,BG
4576258.85,20546,4.0875,LC
4576279.29,21893,24.5559,BG
4576287.08,20545,7.5969,LC
4576287.18,20547,6.7574,LC
4576299.95,20546,5.7501,LC
4576300.65,20545,9.1535,LC
4576301.74,20547,6.1443,LC
4576323.65,20548,36.3956,BG
4576338.25,20546,4.2017,LC
4576355.73,21893,26.23,BG
4576386.91,20545,5.696,LC
4576420.24,20547,6.122,LC
4576435.56,21893,29.6673,BG
4576456.08,20546,4.2665,LC
4576457.95,20548,83.8123,BG
4576464.56,20545,4.2022,LC
4576510.35,21893,24.7655,BG
4576515.79,20547,4.2137,LC
4576527.66,20546,9.3363,LC
4576527.82,20545,8.6672,LC
4576530.6,20547,4.2119,LC
4576544.04,20546,7.8366,LC
4576544.79,20545,10.0047,LC
4576568.93,20548,59.6946,BG
4576586.42,20547,6.1363,LC
4576588.61,21893,28.1296,BG
4576592.76,20545,5.7289,LC
4576603.85,20546,5.4738,LC
4576617.13,20547,4.3498,LC
4576642.37,20545,4.7987,LC
4576648.54,20546,4.2431,LC
4576666.43,21893,27.697,BG
4576666.71,20548,47.6311,BG
4576666.98,20547,4.7562,LC
4576711.77,20545,4.2476,LC
4576747.99,21893,31.3041,BG
4576748.28,20546,5.2809,LC
4576766.46,20548,49.434,BG
4576771.16,20547,4.2463,LC
4576773.78,20545,4.237,LC
4576776.77,20547,4.9401,LC
4576779.06,20546,5.5118,LC
4576781.2,20545,4.0273,LC
4576821.93,21893,23.83,BG
4576834.73,20546,4.1886,LC
4576838.99,20547,4.0728,LC
4576848.78,20545,3.8385,LC
4576862.49,20548,45.3356,BG
4576884.72,20546,4.0981,LC
4576896.22,21893,24.0218,BG
4576916.06,20547,3.9645,LC
4576918.29,20545,4.1115,LC
4576945.98,20546,3.8737,LC
4576948.13,20548,28.8768,BG
4576970.18,21893,22.607,BG
4576977.16,20547,4.6237,LC
4576979.73,20545,4.0533,LC
4576998.29,20546,4.1544,LC
4577005.49,20547,5.9804,LC
4577020.37,20545,4.0637,LC
4577024.08,20546,3.9332,LC
4577044.86,20547,5.188,LC
4577047.37,21893,27.213,BG
4577055.96,20548,58.4262,BG
4577082.97,20545,6.5748,LC
4577094.64,20546,4.0119,LC
4577098.86,20547,3.9168,LC
4577106.87,20545,4.0563,LC
4577119.07,20546,3.9199,LC
4577121.68,21893,22.7318,BG
4577146.45,20548,24.734,BG
4577149.16,20547,3.9607,LC
4577175.84,20545,5.1362,LC
4577195.74,21893,23.9025,BG
4577203.04,20546,4.1355,LC
4577207.36,20547,4.0326,LC
4577211.79,20545,4.1123,LC
4577235.75,20548,38.4439,BG
4577250.57,20546,6.5504,LC
4577267.29,20547,4.0749,LC
4577273.74,20545,6.277,LC
4577276.39,21893,30.6036,BG
4577276.95,20546,4.1826,LC
4577291.8,20547,4.2699,LC
4577296.47,20545,5.3061,LC
4577311.32,20546,4.1756,LC
4577323.98,20548,38.1528,BG
4577329.79,20547,4.1991,LC
4577334.14,20545,5.9493,LC
4577351.12,21893,24.6369,BG
4577354.81,20546,4.0006,LC
4577374.69,20547,4.0847,LC
4577429.86,21893,26.6334,BG
4577438.22,20545,5.9889,LC
4577442.5,20546,6.4371,LC
4577471.11,20548,96.2832,BG
4577479.41,20547,3.9532,LC
4577498.06,20545,4.1213,LC
4577504.76,21893,24.8014,BG
4577511.41,20546,4.0848,LC
4577532.84,20547,4.2135,LC
4577537.76,20545,4.921,LC
4577551.66,20546,5.0871,LC
4577557.81,20547,6.6626,LC
4577563.7,20548,42.5964,BG
4577574.13,20545,8.0257,LC
4577574.22,20546,6.9345,LC
4577580.58,20547,7.2672,LC
4577585.74,21893,30.5406,BG
4577590.25,20545,4.5262,LC
4577600.67,20546,4.2889,LC
4577646.6,20547,6.9746,LC
4577663.79,20545,4.0892,LC
4577663.99,21893,28.0285,BG
4577670.41,20546,4.1167,LC
4577692.36,20547,4.0329,LC
4577708.42,20545,4.1003,LC
4577714.14,20548,99.5438,BG
4577736.63,20546,6.3746,LC
4577741.94,21893,27.5683,BG
4577748.15,20547,3.9356,LC
4577758.21,20545,6.5319,LC
4577774.03,20546,4.0047,LC
4577780.99,20547,4.1178,LC
4577790.15,20545,4.6468,LC
4577798.75,20548,34.3497,BG
4577802.34,20546,4.6098,LC
4577807.26,20547,3.9191,LC
4577821.35,20545,4.9852,LC
4577827.1,21893,35.0318,BG
4577843.21,20546,4.1545,LC
4577847.89,20547,4.0523,LC
4577871.85,20548,23.0898,BG
4577887.75,20545,4.2136,LC
4577900.68,21893,23.4941,BG
4577920.47,20546,6.8869,LC
4577922.33,20547,4.6292,LC
4577938.93,20545,5.4386,LC
4577943.36,20546,4.3424,LC
4577952.91,20548,30.7021,BG
4577974.75,21893,23.9258,BG
4578028.82,20548,25.7745,BG
4578053.93,21893,24.8274,BG
4578054.07,20547,4.163,LC
4578087.67,20545,4.1562,LC
4578112.78,20547,3.9878,LC
4578112.96,20546,8.1717,LC
4578120.67,20548,41.7568,BG
4578125.75,20545,4.0434,LC
4578130.83,21893,30.9675,BG
4578131.72,20546,7.2031,LC
4578156.62,20547,4.054,LC
4578159.94,20545,4.347,LC
4578162.7,20546,4.3368,LC
4578185.22,20547,5.9942,LC
4578198.46,20548,27.5247,BG
4578205.33,21893,24.3915,BG
4578216.14,20545,4.0823,LC
4578228.37,20546,3.9493,LC
4578255.4,20547,4.5732,LC
4578280.93,21893,25.4965,BG
4578287.34,20548,38.1253,BG
4578302.17,20545,3.9447,LC
4578319.45,20546,4.0838,LC
4578327.9,20547,4.0732,LC
4578345.05,20545,8.2287,LC
4578345.17,20546,6.2226,LC
4578351.45,20547,6.088,LC
4578359.23,21893,28.0956,BG
4578377.74,20545,3.8643,LC
4578387.15,20548,48.011,BG
4578394.55,20546,4.1772,LC
4578408.31,20547,7.185,LC
4578412.11,20545,4.327,LC
4578428.37,20546,7.8274,LC
4578428.43,20547,6.0799,LC
4578437.05,20545,11.2238,LC
4578438.02,20547,5.033,LC
4578438.43,20546,8.1207,LC
4578442.72,21893,32.7111,BG
4578466.02,20548,27.7651,BG
4578515.86,21893,22.9462,BG
4578529.72,20545,4.4113,LC
4578560.45,20546,4.4922,LC
4578577.2,20545,5.8132,LC
4578577.25,20547,4.0163,LC
4578577.29,20547,5.8216,LC
4578578.26,20546,8.1578,LC
4578598.39,20545,7.8857,LC
4578601.82,21893,35.8902,BG
4578605.1,20548,87.5092,BG
4578672.16,20546,4.2766,LC
4578677.81,21893,25.8581,BG
4578690.57,20547,4.6179,LC
4578714.2,20548,58.7907,BG
4578731.69,20545,6.0629,LC
4578758.28,21893,29.0436,BG
4578788.6,20546,4.236,LC
4578799.46,20548,35.1699,BG
4578831.64,21893,23.1472,BG
4578872.75,20548,23.0599,BG
4578887.36,20547,4.5673,LC
4578905.5,21893,23.7761,BG
4578946.02,20548,23.082,BG
4578983.14,21893,26.6947,BG
4578983.86,20545,5.5149,LC
4579009.59,20546,4.1506,LC
4579021.88,20548,25.7683,BG
4579055.19,21893,22.7529,BG
4579069.23,20547,4.2947,LC
4579097.05,20548,24.852,BG
4579128.28,21893,22.903,BG
4579143.15,20545,3.8571,LC
4579174.12,20548,23.4223,BG
4579175.13,20547,6.4632,LC
4579175.36,20546,9.5382,LC
4579193.14,20545,6.8933,LC
4579206.6,21893,28.2561,BG
4579243.66,20548,22.9043,BG
4579277.92,20546,4.3332,LC
4579279.74,21893,23.0525,BG
4579307.97,20547,4.0939,LC
4579317.13,20548,23.2489,BG
4579353.83,21893,23.815,BG
4579372.72,20545,4.0595,LC
4579394.83,20548,27.4928,BG
4579426.97,21893,23.0095,BG
4579503.26,21893,26.0471,BG
4579510.12,20548,64.9129,BG
4579533.12,20546,5.6975,LC
4579581.57,21893,28.3515,BG
4579584.77,20547,4.3089,LC
4579615.13,20548,30.9982,BG
4579625.67,20545,3.8912,LC
4579628.37,20546,5.266,LC
4579631.25,20545,4.3109,LC
4579640.15,20547,4.1282,LC
4579641.48,20546,4.1488,LC
4579659.16,20545,8.0883,LC
4579662.45,21893,30.8027,BG
4579697.16,20547,4.3225,LC
4579710.07,20546,4.1341,LC
4579712.42,20545,4.2541,LC
4579736.59,21893,23.7668,BG
4579738.63,20548,73.3998,BG
4579752.27,20547,4.1329,LC
4579766.46,20546,6.7729,LC
4579792.38,20545,7.4226,LC
4579793.71,20547,4.4649,LC
4579823.28,21893,33.1911,BG
4579823.7,20548,31.2566,BG
4579832.11,20546,4.0194,LC
4579844.17,20545,3.8555,LC
4579863.23,20547,6.5705,LC
4579866.35,20546,6.5071,LC
4579883.04,20545,5.0135,LC
4579897.36,20548,23.5705,BG
4579900.44,21893,27.0656,BG
4579914.19,20547,3.9458,LC
4579933.1,20546,3.9628,LC
4579947.87,20545,4.0555,LC
4579960.89,20546,11.3036,LC
4579961.09,20547,11.0353,LC
4579971.69,20548,23.596,BG
4579979.97,21893,28.7238,BG
4579985.78,20545,4.1535,LC
4580004.34,20546,3.9583,LC
4580008.27,20547,3.9953,LC
4580019.15,20546,4.0336,LC
4580025.12,20545,3.9656,LC
4580053.26,20548,31.1251,BG
4580054.29,21893,24.2616,BG
4580064.74,20547,4.0318,LC
4580074.39,20546,3.8596,LC
4580081.7,20545,4.4219,LC
4580120.1,20547,7.0446,LC
4580131.89,21893,27.4747,BG
4580141.63,20546,4.1495,LC
4580143.31,20548,39.2123,BG
4580154.57,20547,8.2757,LC
4580154.66,20545,8.1254,LC
4580174.85,20546,5.8208,LC
4580180.72,20545,6.3504,LC
4580194.05,20546,6.7708,LC
4580201.78,20545,8.1736,LC
4580206.05,20547,8.2782,LC
4580212.67,21893,30.6964,BG
4580217.24,20547,4.1252,LC
4580241.4,20545,4.0131,LC
4580241.48,20546,4.2977,LC
4580247.31,20548,53.0041,BG
4580258.62,20547,4.423,LC
4580260.11,20545,4.4305,LC
4580277.99,20546,4.3864,LC
4580285.52,20547,4.5063,LC
4580288.13,21893,23.509,BG
4580321.56,20545,4.0564,LC
4580328.48,20546,4.2007,LC
4580332.66,20547,3.9094,LC
4580339.77,20548,41.6382,BG
4580363.17,21893,23.4253,BG
4580401.04,20545,4.1097,LC
4580415.28,20546,8.4335,LC
4580416.08,20547,6.342,LC
4580421.52,20545,10.1042,LC
4580426.63,20546,4.1023,LC
4580427.15,20548,37.2905,BG
4580441.16,21893,27.9139,BG
4580449.51,20547,4.241,LC
4580491.62,20545,4.0719,LC
4580521.52,21893,29.718,BG
4580552.55,20546,4.1376,LC
4580560.92,20547,5.0667,LC
4580578.37,20548,101.0072,BG
4580598.2,21893,26.3618,BG
4580615.75,20545,4.6309,LC
4580665.3,20548,36.8671,BG
4580672.32,21893,24.0768,BG
4580681.06,20547,6.6311,LC
4580682.26,20545,4.0598,LC
4580682.49,20546,10.9221,LC
4580689.06,20547,6.1726,LC
4580710.4,20545,4.0674,LC
4580717.11,20546,6.3889,LC
4580723.26,20547,7.093,LC
4580724.41,20545,5.9881,LC
4580734.47,20546,7.5842,LC
4580741.7,20547,6.1944,LC
4580741.75,20547,4.2636,LC
4580742.08,20545,8.7988,LC
4580746.1,20546,4.1603,LC
4580754.86,20545,8.4661,LC
4580756.38,21893,34.0294,BG
4580760.54,20547,4.427,LC
4580776.62,20546,6.0174,LC
4580791.82,20545,4.3174,LC
4580795.07,20547,5.6107,LC
4580800.86,20546,4.4836,LC
4580812.73,20545,7.8357,LC
4580814.11,20548,93.7513,BG
4580834.89,21893,28.1655,BG
4580858.75,20547,3.922,LC
4580896.74,20546,4.9079,LC
4580921.6,20545,6.638,LC
4580923.71,20547,4.3074,LC
4580923.83,21893,36.8602,BG
4580945.39,20548,78.7944,BG
4580956.08,20546,4.2551,LC
4580958.06,20545,4.3762,LC
4580960.75,20547,4.1547,LC
4580971.24,20545,4.4086,LC
4580972.11,20546,4.1878,LC
4580997.21,21893,23.141,BG
4581008.76,20547,4.0533,LC
4581024.99,20548,29.6679,BG
4581029.97,20545,4.1606,LC
4581070.82,21893,23.5595,BG
4581078.2,20546,5.9925,LC
4581099.33,20548,24.0967,BG
4581111.67,20547,5.0046,LC
4581144.45,21893,23.485,BG
4581154.73,20545,3.9908,LC
4581175.93,20548,26.3787,BG
4581220.86,21893,25.7138,BG
4581230.5,20546,4.1619,LC
4581252.37,20547,3.9124,LC
4581256.67,20545,4.1228,LC
4581260.21,20548,33.992,BG
4581282.12,20546,5.9593,LC
4581284.41,20547,4.9897,LC
4581295.19,21893,24.3078,BG
4581305.81,20545,4.0148,LC
4581310.08,20546,4.2434,LC
4581316.55,20547,4.1439,LC
4581322.06,20545,4.0385,LC
4581323.94,20546,4.0698,LC
4581336.73,20548,26.2965,BG
4581341.7,20545,3.9736,LC
4581368.21,21893,22.8231,BG
4581370.24,20547,4.902,LC
4581372.35,20546,3.9095,LC
4581387.74,20545,5.0403,LC
4581409.44,20547,4.036,LC
4581412.85,20548,24.8837,BG
4581425.7,20546,4.0488,LC
4581434.06,20545,4.2518,LC
4581443.14,21893,23.2623,BG
4581453.08,20547,3.9312,LC
4581455.25,20546,4.0284,LC
4581467.28,20545,3.8325,LC
4581503.89,20547,4.4565,LC
4581519.66,21893,26.4261,BG
4581541.6,20548,78.3027,BG
4581566.9,20546,8.3756,LC
4581567.16,20545,5.9483,LC
4581583.06,20547,4.2444,LC
4581591.06,20546,4.38,LC
4581595.15,21893,23.3181,BG
4581624.19,20545,4.1714,LC
4581627.54,20548,34.4065,BG
4581669.24,21893,23.9462,BG
4581704.69,20548,26.9061,BG
4581706.14,20547,10.1073,LC
4581710.27,20546,8.4049,LC
4581710.72,20545,7.2571,LC
4581745.28,21893,25.602,BG
4581754.2,20547,4.9717,LC
4581768.17,20546,7.6594,LC
4581769.59,20545,6.1351,LC
4581799.48,20547,8.3703,LC
4581799.55,20546,6.3624,LC
4581819.59,21893,24.5287,BG
4581824.56,20548,69.2974,BG
4581865.39,20545,4.0995,LC
4581892.28,20547,6.9411,LC
4581909.89,21893,40.1864,BG
4581949.83,20548,44.0394,BG
4581984.64,21893,24.5252,BG
4581999.6,20546,4.1025,LC
4582023.38,20548,23.5463,BG
4582032.26,20545,4.4403,LC
4582038.4,20547,4.1126,LC
4582060.61,21893,25.3858,BG
4582070.66,20546,5.9462,LC
4582089.32,20545,6.2024,LC
4582097.18,20548,23.5922,BG
4582135.67,21893,24.9897,BG
4582172.87,20548,24.5916,BG
4582198.46,20547,4.0835,LC
4582205.58,20546,4.9578,LC
4582208.49,21893,22.6273,BG
4582226.06,20545,4.0369,LC
4582232.93,20547,4.6134,LC
4582250.92,20546,4.4465,LC
4582256.19,20548,32.0641,BG
4582284.17,21893,23.54,BG
4582329.71,20548,23.3853,BG
4582359.18,21893,22.5689,BG
4582361.69,20545,4.3744,LC
4582404.49,20548,24.3097,BG
4582432.18,21893,22.8988,BG
4582432.7,20547,4.3695,LC
4582446.18,20546,5.3622,LC
4582483.59,20548,28.3134,BG
4582506.93,21893,24.6235,BG
4582514.94,20545,4.1934,LC
4582553.17,20547,7.3759,LC
4582582.9,21893,25.7632,BG
4582611.24,20546,4.1682,LC
4582620.3,20548,69.0855,BG
4582663.76,21893,30.3045,BG
4582673.14,20545,4.1238,LC
4582678.06,20547,4.5407,LC
4582706.08,20546,4.3775,LC
4582711.0,20545,4.6639,LC
4582740.42,21893,26.7603,BG
4582768.05,20548,96.3208,BG
4582815.62,21893,24.7532,BG
4582845.0,20548,26.8149,BG
4582862.15,20547,4.201,LC
4582891.59,21893,25.9066,BG
4582923.22,20548,26.3379,BG
4582927.17,20546,5.5155,LC
4582964.39,20545,4.1344,LC
4582964.62,21893,22.9665,BG
4582994.79,20548,23.2101,BG
4583037.95,21893,23.2209,BG
4583049.5,20547,6.4894,LC
4583071.12,20548,26.1551,BG
4583076.79,20546,5.1964,LC
4583101.52,20545,8.0769,LC
4583115.54,21893,27.4283,BG
4583134.19,20547,4.1809,LC
4583134.27,20546,4.1594,LC
4583140.39,20545,4.0577,LC
4583171.18,20547,7.9473,LC
4583171.32,20545,8.1493,LC
4583171.38,20546,7.8502,LC
4583172.16,20548,50.9949,BG
4583189.59,20545,5.8515,LC
4583190.71,21893,25.0749,BG
4583192.16,20547,8.7609,LC
4583218.62,20546,4.0466,LC
4583246.35,20548,23.3063,BG
4583260.32,20545,8.076,LC
4583269.97,20547,8.1818,LC
4583270.08,20546,4.877,LC
4583275.17,21893,32.2595,BG
4583275.43,20545,6.4563,LC
4583324.36,20548,27.1389,BG
4583350.81,21893,25.4436,BG
4583373.34,20547,3.979,LC
4583380.61,20546,4.288,LC
4583403.35,20545,6.3596,LC
4583404.75,20547,4.0981,LC
4583404.9,20548,25.4972,BG
4583424.66,21893,23.7478,BG
4583444.92,20546,4.2896,LC
4583446.57,20545,4.9865,LC
4583451.89,20547,4.0772,LC
4583466.93,20546,5.0201,LC
4583478.43,20548,27.1073,BG
4583478.86,20545,6.3949,LC
4583501.9,21893,26.726,BG
4583507.77,20547,4.2167,LC
4583520.77,20546,5.209,LC
4583527.17,20545,4.1181,LC
4583545.81,20547,4.1577,LC
4583567.06,20545,6.1211,LC
4583567.12,20546,8.2948,LC
4583567.16,20547,7.3752,LC
4583576.07,20545,4.0485,LC
4583581.17,20548,51.2768,BG
4583584.53,21893,31.0959,BG
4583600.4,20546,4.1772,LC
4583621.09,20547,4.0119,LC
4583649.0,20545,4.8915,LC
4583657.4,21893,23.8993,BG
4583661.43,20546,5.0972,LC
4583688.2,20547,4.248,LC
4583693.15,20545,6.2515,LC
4583696.52,20548,66.0891,BG
4583714.84,20547,8.0792,LC
4583734.77,21893,26.5912,BG
4583778.02,20548,31.2891,BG
4583790.55,20546,4.3227,LC
4583810.16,21893,23.6383,BG
4583834.32,20545,4.1441,LC
4583884.78,21893,24.4616,BG
4583907.72,20546,4.0578,LC
4583907.8,20547,8.1542,LC
4583909.23,20548,79.8983,BG
4583921.69,20545,4.072,LC
4583930.37,20545,4.0671,LC
4583930.7,20547,6.0554,LC
4583931.2,20546,7.375,LC
4583945.04,20547,4.2023,LC
4583958.05,20545,8.6251,LC
4583967.72,21893,32.8289,BG
4583977.45,20546,8.1705,LC
4583977.55,20545,3.8913,LC
4583977.63,20547,6.4509,LC
4583994.01,20548,33.8277,BG
4584010.13,20546,4.4956,LC
4584027.96,20547,4.573,LC
4584030.13,20545,5.3166,LC
4584046.76,21893,28.9747,BG
4584059.06,20546,5.2952,LC
4584078.12,20547,6.0405,LC
4584086.25,20545,6.1262,LC
4584086.42,20548,40.5369,BG
4584088.73,20546,4.5671,LC
4584103.61,20547,4.0325,LC
4584119.72,21893,22.8233,BG
4584132.38,20545,4.0541,LC
4584148.06,20546,6.098,LC
4584152.13,20547,6.171,LC
4584153.33,20545,4.643,LC
4584158.85,20546,4.1837,LC
4584179.3,20547,4.1343,LC
4584195.56,21893,25.3578,BG
4584196.98,20548,60.3498,BG
4584199.86,20545,4.1442,LC
4584216.34,20546,4.2422,LC
4584221.73,20547,4.0236,LC
4584272.09,21893,26.3505,BG
4584276.34,20545,3.9985,LC
4584294.22,20548,47.0014,BG
4584310.37,20546,4.2298,LC
4584347.16,20547,5.8207,LC
4584358.14,21893,35.8728,BG
4584380.36,20548,32.9102,BG
4584383.27,20545,4.0459,LC
4584398.12,20546,4.1289,LC
4584434.56,21893,26.031,BG
4584463.55,20547,6.3515,LC
4584466.47,20548,35.3566,BG
4584471.99,20545,4.0157,LC
4584496.32,20546,3.9616,LC
4584505.11,20547,4.0059,LC
4584507.08,20545,5.4448,LC
4584512.84,21893,28.0485,BG
4584530.06,20546,4.0594,LC
4584531.95,20547,4.4682,LC
4584566.45,20545,4.1255,LC
4584581.3,20546,4.4324,LC
4584587.29,20547,6.3749,LC
4584593.08,20545,7.2201,LC
4584593.16,20546,5.6321,LC
4584604.7,20547,9.4724,LC
4584604.92,21893,40.1779,BG
4584613.77,20545,4.0874,LC
4584626.06,20546,4.0444,LC
4584633.99,20548,117.3689,BG
4584640.79,20547,3.9056,LC
4584682.22,21893,27.1897,BG
4584699.56,20545,4.0176,LC
4584721.16,20546,4.229,LC
4584733.44,20547,4.0589,LC
4584756.13,20545,4.5145,LC
4584756.18,20548,64.4135,BG
4584756.85,21893,24.5543,BG
4584759.13,20546,4.4832,LC
4584769.11,20547,4.1076,LC
4584769.97,20545,4.5323,LC
4584778.55,20546,4.1791,LC
4584785.16,20547,4.2744,LC
4584795.3,20545,3.9931,LC
4584800.5,20546,4.3974,LC
4584832.37,21893,25.2921,BG
4584835.12,20548,34.1546,BG
4584875.26,20547,3.9756,LC
4584892.41,20545,4.0756,LC
4584907.32,21893,24.9314,BG
4584914.8,20546,9.5221,LC
4584917.64,20545,6.7978,LC
4584917.7,20547,9.3184,LC
4584975.28,20546,3.94,LC
4584985.72,21893,28.2974,BG
4584985.94,20548,68.2537,BG
4584996.58,20545,7.8972,LC
4585011.19,20545,5.4513,LC
4585011.25,20547,20.7922,LC
4585011.33,20545,6.2247,LC
4585013.17,20546,16.7054,LC
4585066.44,21893,30.6091,BG
4585068.09,20547,9.1063,LC
4585084.87,20545,6.2345,LC
4585150.12,20546,4.0321,LC
4585152.88,21893,35.6238,BG
4585157.23,20547,4.1405,LC
4585186.97,20545,3.9144,LC
4585199.49,20546,4.1108,LC
4585211.87,20547,3.9974,LC
4585211.92,20548,145.1489,BG
4585219.07,20545,6.0326,LC
4585229.73,21893,26.7523,BG
4585235.38,20546,6.0246,LC
4585246.14,20547,3.9816,LC
4585254.19,20545,4.0458,LC
4585261.53,20546,4.2097,LC
4585298.72,20547,6.9599,LC
4585300.68,20548,38.7562,BG
4585307.55,21893,27.7213,BG
4585325.78,20545,4.7308,LC
4585348.33,20546,5.4126,LC
4585350.43,20547,4.0531,LC
4585369.1,20545,4.0108,LC
4585382.58,21893,24.9713,BG
4585393.84,20548,43.0064,BG
4585400.47,20546,4.1082,LC
4585442.26,20547,8.217,LC
4585461.89,21893,29.1602,BG
4585466.69,20545,6.0075,LC
4585479.63,20548,35.7198,BG
4585483.42,20546,4.0487,LC
4585542.66,21893,30.5295,BG
4585548.84,20547,4.2817,LC
4585565.9,20545,3.9883,LC
4585574.38,20548,43.2351,BG
4585594.31,20546,4.0142,LC
4585626.41,21893,33.5917,BG
4585673.7,20548,46.3601,BG
4585700.13,21893,23.5935,BG
4585759.24,20547,8.1442,LC
4585772.97,20545,6.7227,LC
4585773.04,20546,4.071,LC
4585780.88,21893,30.5681,BG
4585784.45,20548,60.6521,BG
4585820.86,20547,5.1173,LC
4585842.08,20546,4.1369,LC
4585854.86,21893,23.8238,BG
4585869.62,20545,4.2373,LC
4585895.47,20548,40.207,BG
4585936.25,21893,31.1897,BG
4585978.49,20548,31.1315,BG
4586010.82,21893,24.4718,BG
4586014.49,20547,4.2564,LC
4586051.73,20548,22.9832,BG
4586064.08,20546,4.0545,LC
4586068.18,20545,6.2321,LC
4586086.36,21893,25.4476,BG
4586124.66,20548,22.8209,BG
4586141.84,20547,6.0032,LC
4586153.16,20546,5.7008,LC
4586153.61,20545,5.0986,LC
4586163.11,21893,24.9195,BG
4586170.48,20547,3.984,LC
4586184.34,20546,4.0364,LC
4586203.3,20548,28.152,BG
4586236.16,21893,22.85,BG
4586276.45,20548,22.9743,BG
4586301.17,20545,4.2655,LC
4586309.87,21893,23.5,BG
4586352.09,20548,24.9089,BG
4586388.39,21893,28.319,BG
4586389.18,20547,7.22,LC
4586391.99,20546,4.6262,LC
4586432.6,20548,30.46,BG
4586461.72,21893,23.0831,BG
4586472.2,20545,4.8824,LC
4586490.45,20547,4.2154,LC
4586515.98,20548,31.8475,BG
4586531.79,20546,4.3246,LC
4586536.21,21893,24.3747,BG
4586598.34,20548,32.1532,BG
4586607.33,20545,6.0082,LC
4586612.1,21893,24.2962,BG
4586685.33,21893,24.2468,BG
4586712.61,20547,4.0594,LC
4586717.59,20546,4.5784,LC
4586717.87,20548,57.8311,BG
4586735.96,20545,4.5289,LC
4586763.24,21893,28.0223,BG
4586801.55,20547,3.9675,LC
4586818.48,20548,48.9428,BG
4586838.75,21893,25.5805,BG
4586915.24,21893,24.0891,BG
4586939.8,20548,70.0119,BG
4586949.65,20546,5.2413,LC
4586994.75,21893,30.7783,BG
4587015.78,20548,25.8016,BG
4587066.62,20545,4.6515,LC
4587073.49,21893,29.1116,BG
4587101.21,20548,32.9592,BG
4587150.24,21893,24.2045,BG
4587153.09,20547,4.84,LC
4587180.44,20546,4.1026,LC
4587182.53,20548,30.4015,BG
4587222.83,21893,22.5254,BG
4587240.54,20545,4.2808,LC
4587261.26,20548,28.1033,BG
4587290.86,20547,4.3305,LC
4587297.1,21893,24.0593,BG
4587300.74,20546,4.4653,LC
4587328.47,20545,4.0458,LC
4587339.15,20548,27.6592,BG
4587364.62,20547,4.2529,LC
4587372.32,21893,25.1704,BG
4587378.27,20546,4.0451,LC
4587414.3,20548,24.9835,BG
4587440.1,20545,4.3526,LC
4587447.54,21893,24.953,BG
4587490.4,20548,25.83,BG
4587506.83,20547,3.8967,LC
4587521.56,21893,23.7667,BG
4587564.33,20548,23.673,BG
4587597.08,21893,23.7069,BG
4587597.88,20546,4.3406,LC
4587679.8,21893,33.5657,BG
4587696.08,20545,4.2462,LC
4587723.27,20548,107.8338,BG
4587758.66,21893,28.7974,BG
4587800.98,20548,28.5303,BG
4587832.37,21893,23.6292,BG
4587844.92,20547,4.8465,LC
4587872.51,20546,4.5738,LC
4587886.81,20548,35.7952,BG
4587906.27,21893,23.7611,BG
4587978.28,20545,4.211,LC
4587992.64,21893,36.2232,BG
4587992.85,20547,5.409,LC
4588043.38,20546,5.0497,LC
4588053.14,20548,114.9302,BG
4588065.9,21893,23.2068,BG
4588134.64,20545,8.1214,LC
4588144.22,21893,28.2393,BG
4588164.79,20548,58.9759,BG
4588202.17,20547,4.1553,LC
4588218.62,21893,24.2895,BG
4588243.76,20546,4.1114,LC
4588288.11,20545,6.0504,LC
4588297.72,21893,28.9959,BG
4588298.37,20547,4.3242,LC
4588311.1,20548,95.1062,BG
4588327.45,20546,6.2297,LC
4588354.27,20545,4.1261,LC
4588374.79,21893,26.8166,BG
4588384.14,20548,23.2303,BG
4588387.1,20547,3.9796,LC
4588394.29,20546,4.0676,LC
4588399.7,20545,3.919,LC
4588414.24,20547,3.9492,LC
4588448.71,21893,23.4414,BG
4588457.86,20548,23.3954,BG
4588506.65,20546,4.1169,LC
4588522.88,21893,24.1148,BG
4588531.47,20548,23.2052,BG
4588596.74,21893,23.6099,BG
4588604.92,20548,23.2946,BG
4588628.45,20545,4.04,LC
4588670.81,21893,23.8067,BG
4588722.02,20547,4.2212,LC
4588742.61,20548,87.4434,BG
4588746.71,21893,25.4297,BG
4588754.31,20546,4.0198,LC
4588760.92,20545,4.2114,LC
4588767.73,20547,4.2571,LC
4588821.44,21893,24.6631,BG
4588836.76,20548,43.7931,BG
4588853.53,20546,3.9834,LC
4588884.15,20545,4.121,LC
4588895.52,21893,24.0508,BG
4588931.59,20547,4.3015,LC
4588952.94,20548,57.4123,BG
4588969.45,21893,23.8738,BG
4589050.35,21893,28.3115,BG
4589066.81,20548,63.6604,BG
4589101.45,20546,8.0885,LC
4589110.91,20545,4.3519,LC
4589130.93,21893,30.489,BG
4589160.27,20548,43.3016,BG
4589207.55,20547,6.1252,LC
4589213.4,21893,32.3188,BG
4589247.14,20548,35.9637,BG
4589289.19,21893,25.5095,BG
4589293.14,20546,3.8509,LC
4589314.75,20545,4.197,LC
4589325.68,20548,28.4785,BG
4589336.46,20547,4.797,LC
4589348.0,20546,9.8356,LC
4589365.1,21893,25.7547,BG
4589403.82,20548,27.8865,BG
4589411.02,20545,4.2536,LC
4589435.28,20547,4.0666,LC
4589440.12,21893,24.9209,BG
4589481.88,20548,27.8207,BG
4589523.19,21893,32.9309,BG
4589549.51,20546,3.9467,LC
4589566.57,20548,32.6628,BG
4589599.03,21893,25.6189,BG
4589609.02,20545,4.5057,LC
4589642.11,20548,24.8468,BG
4589653.07,20547,4.0951,LC
4589670.14,20546,4.4923,LC
4589674.75,21893,25.6782,BG
4589751.4,21893,26.4612,BG
4589762.99,20548,69.259,BG
4589778.35,20545,4.2621,LC
4589825.9,21893,24.4461,BG
4589837.06,20547,4.0972,LC
4589852.5,20546,4.5722,LC
4589859.99,20545,4.3104,LC
4589864.34,20547,4.2851,LC
4589884.13,20548,69.2747,BG
4589900.81,21893,24.6362,BG
4589936.22,20546,4.0724,LC
4589963.39,20545,4.1181,LC
4589975.52,21893,24.6971,BG
4590003.63,20548,68.8854,BG
4590038.27,20547,4.0678,LC
4590053.29,21893,27.6101,BG
4590073.18,20546,5.144,LC
4590077.85,20545,5.8006,LC
4590092.54,20548,38.7395,BG
4590129.9,21893,26.4488,BG
4590166.16,20548,23.4182,BG
4590171.6,20546,4.1054,LC
4590189.23,20547,5.5506,LC
4590203.24,21893,23.13,BG
4590221.29,20545,4.0218,LC
4590241.35,20548,24.9997,BG
4590259.29,20546,7.3753,LC
4590279.92,21893,26.5878,BG
4590314.75,20548,23.2373,BG
4590317.65,20547,4.3167,LC
4590353.19,21893,22.9701,BG
4590364.33,20545,4.0378,LC
4590389.79,20548,24.9658,BG
4590428.96,21893,25.5486,BG
4590442.76,20546,6.3099,LC
4590465.44,20548,25.1462,BG
4590481.74,20547,4.5104,LC
4590502.24,21893,23.1686,BG
4590538.6,20548,23.0962,BG
4590555.12,20545,4.1296,LC
4590575.65,21893,23.2945,BG
4590609.07,20546,4.2259,LC
4590619.59,20548,30.9459,BG
4590634.36,20547,4.6607,LC
4590639.9,20545,3.9232,LC
4590651.6,21893,25.843,BG
4590674.85,20546,4.3474,LC
4590687.55,20547,3.9884,LC
4590697.55,20548,27.8959,BG
4590701.88,20545,4.0752,LC
4590710.73,20546,8.2977,LC
4590736.53,21893,34.3024,BG
4590798.09,20545,4.182,LC
4590810.1,21893,23.448,BG
4590814.58,20548,66.3955,BG
4590828.41,20546,4.0948,LC
4590828.51,20547,4.182,LC
4590845.72,20545,4.7763,LC
4590858.1,20547,4.1713,LC
4590858.51,20546,4.3962,LC
4590885.95,21893,25.5683,BG
4590913.69,20548,41.4312,BG
4590924.19,20547,8.9527,LC
4590925.13,20545,11.4407,LC
4590959.51,21893,23.5925,BG
4590988.83,20546,4.2237,LC
4590998.73,20548,34.8632,BG
4591031.07,20547,4.3247,LC
4591034.27,21893,24.6306,BG
4591061.49,20545,6.143,LC
4591081.48,20546,5.1393,LC
4591086.13,20548,37.2269,BG
4591109.83,21893,25.3866,BG
4591142.3,20547,4.5621,LC
4591159.11,20545,4.1613,LC
4591164.62,20548,27.947,BG
4591183.13,21893,23.0123,BG
4591237.71,20548,22.8885,BG
4591257.0,21893,23.7484,BG
4591311.34,20548,23.5235,BG
4591319.54,20546,4.3457,LC
4591332.52,21893,25.3941,BG
4591388.29,20548,25.9489,BG
4591406.23,21893,23.5616,BG
4591427.4,20547,5.9092,LC
4591466.04,20548,26.8653,BG
4591479.27,20545,5.5764,LC
4591484.56,21893,28.2041,BG
4591536.36,20546,3.9835,LC
4591544.51,20548,28.2858,BG
4591550.44,20547,3.9809,LC
4591560.19,21893,25.55,BG
4591585.15,20545,3.8916,LC
4591620.29,20548,25.6625,BG
4591632.98,21893,22.6763,BG
4591695.28,20548,24.1356,BG
4591706.23,21893,23.0982,BG
4591720.42,20546,4.7471,LC
4591724.32,20547,4.0714,LC
4591742.63,20546,4.208,LC
4591744.1,20545,4.1878,LC
4591750.19,20547,4.4089,LC
4591768.75,20546,6.0539,LC
4591790.36,21893,33.1589,BG
4591816.87,20545,4.0754,LC
4591851.95,20548,101.0756,BG
4591863.33,21893,23.7196,BG
4591929.09,20547,4.0418,LC
4591929.31,20546,4.3431,LC
4591943.43,20545,7.9922,LC
4591945.85,20548,43.8459,BG
4591947.7,21893,34.2946,BG
4591986.94,20546,4.1861,LC
4592026.74,21893,28.8103,BG
4592052.74,20548,55.4008,BG
4592112.41,21893,30.4619,BG
4592112.44,20547,4.276,LC
4592130.3,20548,27.4548,BG
4592151.18,20545,4.4213,LC
4592188.89,21893,28.5528,BG
4592205.21,20546,3.8653,LC
4592213.16,20548,31.7814,BG
4592227.42,20547,4.2092,LC
4592265.2,21893,24.0832,BG
4592290.17,20548,25.9578,BG
4592347.29,21893,31.9224,BG
4592372.91,20548,31.7169,BG
4592433.99,21893,36.5093,BG
4592465.6,20548,42.4516,BG
4592466.77,20545,4.2323,LC
4592476.64,20546,3.9698,LC
4592500.54,20547,6.1208,LC
4592504.82,20545,4.3677,LC
4592514.53,21893,30.3521,BG
4592514.61,20546,6.343,LC
4592551.77,20548,35.5701,BG
4592560.15,20547,4.2442,LC
4592581.44,20545,3.9535,LC
4592587.75,21893,22.9429,BG
4592599.71,20546,4.1773,LC
4592606.24,20547,3.9588,LC
4592634.56,20545,4.074,LC
4592636.46,20548,34.6648,BG
4592639.25,20546,4.2743,LC
4592656.35,20547,4.021,LC
4592661.56,21893,23.6721,BG
4592690.08,20545,4.3447,LC
4592720.61,20546,4.3826,LC
4592729.32,20548,42.7695,BG
4592736.9,21893,23.6614,BG
4592774.08,20547,9.2558,LC
4592777.7,20545,9.3067,LC
4592778.61,20546,7.2355,LC
4592810.11,20545,5.9826,LC
4592816.06,20547,9.3471,LC
4592820.15,21893,31.4039,BG
4592823.88,20546,4.972,LC
4592830.76,20547,4.406,LC
4592837.9,20545,4.1143,LC
4592842.21,20546,4.0749,LC
4592855.48,20548,74.7929,BG
4592893.8,21893,25.3357,BG
4592901.62,20547,4.3653,LC
4592907.0,20545,4.2894,LC
4592942.43,20548,35.0834,BG
4592960.66,20546,4.4747,LC
4592965.17,20547,4.3755,LC
4592968.83,21893,24.9491,BG
4593003.42,20546,4.8226,LC
4593024.65,20545,7.7477,LC
4593024.72,20547,5.8406,LC
4593033.14,20546,4.2607,LC
4593033.89,20548,41.3205,BG
4593043.84,21893,24.9471,BG
4593060.51,20545,10.2845,LC
4593060.73,20547,11.0396,LC
4593071.16,20546,4.2032,LC
4593073.9,20545,4.3063,LC
4593098.92,20546,6.2326,LC
4593108.77,20547,4.019,LC
4593108.9,20545,4.5758,LC
4593118.9,21893,24.9246,BG
4593125.88,20546,4.1529,LC
4593136.24,20547,6.2085,LC
4593136.39,20545,5.8577,LC
4593156.09,20546,4.1751,LC
4593174.1,20547,4.489,LC
4593179.34,20545,4.7361,LC
4593194.44,20546,4.1856,LC
4593194.6,20548,102.1701,BG
4593194.64,21893,25.5036,BG
4593204.17,20547,4.3254,LC
4593259.26,20545,4.085,LC
4593269.47,20547,5.9202,LC
4593270.12,20546,8.0933,LC
4593274.55,21893,29.8136,BG
4593279.4,20545,4.2024,LC
4593293.4,20548,52.9329,BG
4593306.57,20546,4.2765,LC
4593308.63,20547,4.0911,LC
4593335.05,20545,4.5523,LC
4593350.46,21893,25.6721,BG
4593354.29,20546,3.828,LC
4593367.89,20547,3.9142,LC
4593378.83,20548,35.3113,BG
4593391.77,20545,3.9354,LC
4593416.2,20546,3.9999,LC
4593425.79,21893,25.0741,BG
4593453.62,20548,24.6428,BG
4593461.08,20547,4.0835,LC
4593471.37,20545,3.9895,LC
4593479.37,20546,5.8808,LC
4593489.55,20547,4.2029,LC
4593493.88,20546,4.1735,LC
4593494.74,20545,6.7505,LC
4593499.44,20547,4.5375,LC
4593507.56,21893,31.4067,BG
4593519.28,20546,4.103,LC
4593519.7,20545,4.3982,LC
4593529.67,20547,4.1269,LC
4593534.17,20548,30.474,BG
4593546.68,20546,4.2355,LC
4593561.59,20545,7.4854,LC
4593581.13,21893,23.4801,BG
4593598.55,20547,4.5963,LC
4593611.59,20548,27.1622,BG
4593615.77,20546,4.0943,LC
4593626.28,20545,3.9565,LC
4593645.07,20547,4.19,LC
4593655.08,21893,23.8041,BG
4593684.96,20548,23.2005,BG
4593712.69,20546,3.9438,LC
4593722.26,20545,7.379,LC
4593732.19,20547,4.159,LC
4593734.78,21893,29.419,BG
4593735.14,20546,4.6175,LC
4593762.31,20548,27.2003,BG
4593787.13,20545,5.3869,LC
4593811.82,20545,4.074,LC
4593813.46,20547,13.9834,LC
4593813.51,20545,5.9076,LC
4593821.22,20546,8.9795,LC
4593821.28,20545,5.2983,LC
4593821.32,20546,9.1857,LC
4593836.14,21893,49.4705,BG
4593837.09,20547,5.8807,LC
4593875.34,20545,4.1312,LC
4593896.9,20548,53.9901,BG
4593914.52,20546,12.1178,LC
4593914.79,20545,4.2357,LC
4593920.31,20547,11.3028,LC
4593923.2,20546,7.9928,LC
4593929.19,21893,43.4386,BG
4593931.92,20545,4.3392,LC
4593938.29,20546,6.2987,LC
4593974.12,20547,5.2148,LC
4593977.0,20545,4.1238,LC
4593983.67,20546,6.2708,LC
4593996.28,20547,6.0748,LC
4593999.35,20548,52.0055,BG
4594005.37,21893,27.1602,BG
4594018.23,20545,3.9945,LC
4594053.99,20546,4.633,LC
4594065.34,20547,4.0073,LC
4594080.27,21893,24.8476,BG
4594100.07,20545,4.1432,LC
4594100.74,20546,4.4469,LC
4594115.38,20548,61.0363,BG
4594118.09,20545,4.4442,LC
4594120.86,20547,4.6318,LC
4594155.77,21893,25.3788,BG
4594207.55,20548,41.8808,BG
4594229.84,21893,23.9516,BG
4594237.48,20545,6.0573,LC
4594290.48,20548,32.0858,BG
4594302.44,20546,3.9869,LC
4594304.87,21893,23.665,BG
4594324.09,20547,3.8987,LC
4594369.53,20548,28.2434,BG
4594369.91,20545,6.5688,LC
4594383.18,20546,3.9364,LC
4594384.28,21893,29.3041,BG
4594447.57,20548,27.7008,BG
4594460.85,21893,26.4181,BG
4594532.0,20548,30.8071,BG
4594542.0,21893,30.9974,BG
4594603.82,20548,25.0637,BG
4594614.93,21893,22.8467,BG
4594679.48,20547,4.0965,LC
4594686.17,20548,32.1404,BG
4594688.72,21893,23.5794,BG
4594706.08,20545,4.9767,LC
4594708.39,20546,4.4448,LC
4594761.11,20548,24.7012,BG
4594763.55,21893,24.7084,BG
4594845.55,21893,31.8915,BG
4594865.28,20547,3.9567,LC
4594867.74,20545,4.6099,LC
4594869.11,20548,57.9558,BG
4594928.09,21893,32.2769,BG
4594938.89,20546,4.0341,LC
4594959.96,20548,40.4107,BG
4594988.74,20547,4.1846,LC
4595002.9,20546,10.0405,LC
4595003.27,20545,12.2688,LC
4595005.49,21893,27.0611,BG
4595005.62,20547,9.2271,LC
4595028.36,20545,4.2358,LC
4595043.0,20546,5.9242,LC
4595045.26,20547,4.2789,LC
4595060.97,20546,8.0958,LC
4595063.06,20545,6.704,LC
4595065.27,20547,4.096,LC
4595085.14,20545,4.2803,LC
4595086.84,21893,31.4367,BG
4595089.94,20546,4.5544,LC
4595116.2,20548,104.6677,BG
4595121.62,20545,4.3574,LC
4595121.68,20547,5.6954,LC
4595154.49,20546,6.5301,LC
4595161.6,20547,6.8689,LC
4595162.51,21893,25.2366,BG
4595171.26,20545,4.35,LC
4595197.85,20548,31.5608,BG
4595220.85,20546,8.6961,LC
4595220.92,20547,4.3842,LC
4595228.44,20545,4.2613,LC
4595236.38,21893,23.7931,BG
4595236.76,20546,4.201,LC
4595243.92,20547,6.9409,LC
4595271.5,20548,23.5074,BG
4595284.93,20545,8.6414,LC
4595285.86,20546,5.4479,LC
4595290.4,20547,4.2293,LC
4595295.83,20546,4.0395,LC
4595311.68,21893,25.2236,BG
4595331.07,20545,4.2088,LC
4595333.31,20547,4.1128,LC
4595341.76,20545,4.8117,LC
4595344.1,20546,6.3436,LC
4595347.91,20547,5.9973,LC
4595349.79,20546,5.4241,LC
4595354.11,20545,4.0558,LC
4595361.09,20547,4.5125,LC
4595385.78,20546,6.5547,LC
4595388.67,20545,5.2262,LC
4595390.36,21893,27.1921,BG
4595399.47,20548,77.8293,BG
4595404.36,20547,4.4246,LC
4595414.7,20546,4.092,LC
4595421.14,20545,4.0995,LC
4595450.63,20547,6.3747,LC
4595453.22,20546,4.933,LC
4595463.92,21893,23.4371,BG
4595488.48,20548,34.8875,BG
4595539.49,21893,25.3031,BG
4595566.29,20548,27.357,BG
4595599.18,20545,4.7669,LC
4595614.16,21893,24.3194,BG
4595634.13,20547,4.1149,LC
4595638.09,20546,6.2527,LC
4595639.21,20545,4.6909,LC
4595647.92,20547,3.9999,LC
4595657.66,20548,41.3376,BG
4595663.95,20546,4.117,LC
4595670.52,20545,4.2463,LC
4595682.47,20547,3.981,LC
4595694.47,21893,30.2685,BG
4595694.63,20546,7.1423,LC
4595694.69,20545,10.5845,LC
4595699.22,20547,4.1452,LC
4595703.95,20546,3.9543,LC
4595712.08,20547,6.3901,LC
4595714.06,20545,8.2318,LC
4595759.31,20546,8.0322,LC
4595770.35,20545,4.2637,LC
4595772.75,21893,28.2068,BG
4595772.96,20548,39.2803,BG
4595775.87,20547,4.1667,LC
4595795.69,20546,4.3894,LC
4595813.22,20545,10.0682,LC
4595815.23,20547,6.2727,LC
4595815.32,20546,3.9544,LC
4595827.31,20545,6.1474,LC
4595837.11,20547,6.4141,LC
4595852.57,20546,6.2725,LC
4595854.21,20545,4.344,LC
4595855.67,21893,32.7737,BG
4595885.0,20547,4.191,LC
4595924.15,20546,6.7178,LC
4595925.39,20545,4.0474,LC
4595933.1,20546,7.4106,LC
4595939.22,20547,4.6963,LC
4595940.84,21893,33.6184,BG
4595953.48,20545,4.4601,LC
4595954.44,20548,129.904,BG
4595966.47,20546,4.1414,LC
4596016.58,20547,4.0809,LC
4596016.76,21893,25.491,BG
4596021.1,20545,4.4205,LC
4596031.16,20546,4.2921,LC
4596037.13,20547,4.6119,LC
4596051.24,20545,4.9,LC
4596077.12,20546,7.9918,LC
4596094.76,21893,26.4494,BG
4596102.58,20548,97.3575,BG
4596118.51,20547,4.4763,LC
4596135.91,20545,4.2922,LC
4596136.09,20546,4.2288,LC
4596140.12,20547,4.4681,LC
4596141.26,20546,4.5468,LC
4596158.18,20545,5.9159,LC
4596160.33,20547,4.1581,LC
4596171.04,21893,26.047,BG
4596188.35,20546,6.6725,LC
4596202.15,20545,7.9327,LC
4596202.82,20546,4.33,LC
4596203.77,20547,6.5637,LC
4596210.76,20545,4.2092,LC
4596220.37,20546,4.3099,LC
4596235.07,20547,7.0641,LC
4596235.18,20545,6.1101,LC
4596255.2,21893,29.4565,BG
4596255.52,20546,4.0056,LC
4596262.53,20548,99.3605,BG
4596287.02,20547,4.6191,LC
4596313.46,20545,4.9382,LC
4596325.31,21893,24.5028,BG
4596341.6,20548,28.1319,BG
4596389.21,20546,5.9191,LC
4596400.11,20547,4.0991,LC
4596407.19,21893,31.4325,BG
4596413.09,20545,4.016,LC
4596415.61,20546,4.1002,LC
4596421.32,20547,4.3253,LC
4596430.82,20545,4.0523,LC
4596434.27,20546,4.5488,LC
4596437.06,20547,3.8781,LC
4596445.48,20548,53.7906,BG
4596448.27,20546,4.2362,LC
4596480.12,21893,22.9542,BG
4596512.69,20545,4.0872,LC
4596525.99,20548,29.8196,BG
4596532.18,20547,4.7525,LC
4596547.19,20546,4.4011,LC
4596553.14,21893,22.8797,BG
4596556.49,20545,4.7002,LC
4596566.85,20547,6.1745,LC
4596569.33,20546,5.1453,LC
4596590.56,20545,4.2173,LC
4596609.08,20548,32.9166,BG
4596626.77,21893,23.5471,BG
4596657.7,20547,4.4415,LC
4596669.28,20546,4.083,LC
4596688.18,20545,7.6051,LC
4596691.56,20547,4.7028,LC
4596702.15,20548,42.0161,BG
4596704.17,21893,25.9613,BG
4596723.2,20546,3.9688,LC
4596778.52,20545,8.2531,LC
4596781.85,21893,27.5311,BG
4596791.85,20548,39.0737,BG
4596818.28,20547,3.942,LC
4596862.46,21893,30.2558,BG
4596863.14,20546,7.9471,LC
4596886.25,20548,44.0409,BG
4596924.96,20545,5.6052,LC
4596946.27,21893,33.7604,BG
4596954.27,20547,4.3111,LC
4596978.21,20548,40.3728,BG
4596994.37,20546,4.1479,LC
4597019.57,21893,23.1854,BG
4597050.56,20548,23.471,BG
4597055.24,20545,4.0499,LC
4597095.27,21893,25.297,BG
4597136.69,20547,4.1767,LC
4597162.73,20546,5.4628,LC
4597170.51,20545,6.28,LC
4597179.38,21893,33.1238,BG
4597197.26,20548,96.398,BG
4597244.37,20547,15.1232,LC
4597266.16,21893,36.0311,BG
4597294.29,20548,45.9164,BG
4597348.19,21893,29.6857,BG
4597378.69,20546,3.9508,LC
4597383.47,20548,38.4746,BG
4597421.69,21893,26.1727,BG
4597453.05,20545,3.832,LC
4597457.93,20548,24.2518,BG
4597475.52,20547,6.2363,LC
4597497.45,21893,25.2106,BG
4597536.42,20546,4.1094,LC
4597541.27,20548,33.3021,BG
4597570.19,21893,22.5986,BG
4597619.67,20548,28.2063,BG
4597644.59,21893,23.354,BG
4597704.26,20548,34.4533,BG
4597717.78,21893,23.1138,BG
4597792.09,21893,24.2232,BG
4597792.1,20548,37.125,BG
4597833.32,20545,7.1946,LC
4597874.07,20546,4.3703,LC
4597880.07,20547,9.9601,LC
4597885.89,21893,43.4932,BG
4597931.19,20548,87.81,BG
4597964.75,20545,4.4399,LC
4597964.9,21893,28.7027,BG
4597992.17,20546,4.8624,LC
4598003.54,20547,4.5174,LC
4598022.57,20545,4.2292,LC
4598040.91,21893,25.5869,BG
4598092.71,20548,111.1241,BG
4598115.1,21893,24.6013,BG
4598157.2,20546,3.9927,LC
4598192.22,21893,26.8723,BG
4598219.96,20548,77.0352,BG
4598266.34,21893,23.9242,BG
4598302.5,20548,32.5408,BG
4598326.99,20547,6.0277,LC
4598342.67,21893,26.0011,BG
4598357.42,20545,4.1912,LC
4598376.54,20548,23.944,BG
4598381.88,20546,4.1541,LC
4598387.19,20547,4.0376,LC
4598391.79,20545,4.3448,LC
4598401.89,20546,4.2025,LC
4598417.71,21893,24.829,BG
4598432.65,20547,6.4691,LC
4598458.07,20548,29.9191,BG
4598493.13,21893,25.2715,BG
4598539.38,20548,30.1374,BG
4598551.03,20545,4.3499,LC
4598557.32,20546,4.1411,LC
4598569.28,21893,26.0655,BG
4598577.32,20547,4.0407,LC
4598612.43,20548,22.9576,BG
4598642.48,21893,23.0373,BG
4598665.34,20545,6.3437,LC
4598686.71,20548,23.5552,BG
4598715.67,21893,23.0825,BG
4598760.07,20548,23.1969,BG
4598789.15,21893,23.4155,BG
4598809.52,20546,4.4363,LC
4598832.87,20548,22.6775,BG
4598862.49,21893,22.9285,BG
4598874.52,20547,4.1668,LC
4598906.18,20548,23.1107,BG
4598920.06,20545,4.1376,LC
4598944.09,21893,30.7265,BG
4599017.8,21893,23.5822,BG
4599023.17,20546,4.2545,LC
4599092.29,21893,24.3845,BG
4599109.33,20547,4.0856,LC
4599141.19,20548,182.7191,BG
4599172.33,21893,30.0896,BG
4599208.39,20545,4.4299,LC
4599213.18,20546,4.258,LC
4599219.77,20548,29.6386,BG
4599247.04,21893,24.6326,BG
4599272.8,20547,6.6779,LC
4599290.41,20545,4.1727,LC
4599311.29,20546,4.1658,LC
4599320.22,21893,23.1138,BG
4599326.58,20548,53.2835,BG
4599326.63,20547,4.1756,LC
4599368.65,20545,4.6415,LC
4599395.46,21893,25.0249,BG
4599403.13,20548,25.7401,BG
4599442.17,20546,9.1413,LC
4599468.56,21893,22.9412,BG
4599481.15,20548,25.8537,BG
4599543.08,21893,24.3119,BG
4599563.31,20547,3.9575,LC
4599585.92,20548,54.6064,BG
4599617.45,21893,24.2082,BG
4599660.81,20548,24.6973,BG
4599664.65,20545,4.0765,LC
4599692.76,21893,25.2707,BG
4599700.19,20546,4.1751,LC
4599716.44,20547,4.0788,LC
4599735.3,20548,24.287,BG
4599749.89,20545,4.1772,LC
4599760.12,20546,5.9726,LC
4599771.78,21893,28.8877,BG
4599809.76,20548,24.1804,BG
4599845.47,21893,23.4857,BG
4599853.51,20547,4.1988,LC
4599864.7,20545,4.0662,LC
4599882.96,20548,23.0217,BG
4599910.37,20546,8.1494,LC
4599923.2,21893,27.6529,BG
4599963.23,20548,30.0895,BG
4600004.93,21893,30.6661,BG
4600039.89,20547,4.9425,LC
4600079.2,21893,24.2458,BG
4600090.63,20548,75.8342,BG
4600140.95,20545,4.2914,LC
4600156.14,20546,8.4474,LC
4600157.6,21893,28.2582,BG
4600216.58,20548,73.2538,BG
4600231.19,21893,23.4639,BG
4600291.25,20547,5.1223,LC
4600305.21,20545,3.7984,LC
4600309.68,21893,28.3276,BG
4600325.96,20548,59.3186,BG
4600381.46,20546,9.1128,LC
4600397.53,21893,37.7239,BG
4600411.67,20547,4.4057,LC
4600424.96,20545,4.092,LC
4600429.7,20548,53.5617,BG
4600486.97,21893,39.1886,BG
4600487.17,20546,5.8089,LC
4600520.97,20548,40.815,BG
4600566.12,20547,5.8966,LC
4600566.48,21893,29.333,BG
4600614.79,20548,43.5604,BG
4600640.12,21893,23.3757,BG
4600663.59,20545,4.2438,LC
4600712.18,20548,46.9899,BG
4600715.17,20546,3.9092,LC
4600715.37,21893,24.2204,BG
4600789.46,21893,23.3086,BG
4600797.2,20548,34.0597,BG
4600833.52,20547,4.9312,LC
4600864.93,21893,25.297,BG
4600874.2,20548,26.0609,BG
4600888.53,20545,4.4124,LC
4600936.14,20546,3.8773,LC
4600942.73,21893,27.623,BG
4600972.87,20548,48.2072,BG
4601023.02,21893,28.9087,BG
4601051.47,20548,28.1752,BG
4601096.51,21893,24.4381,BG
4601120.87,20547,4.3766,LC
4601135.96,20548,34.4282,BG
4601171.13,21893,23.8751,BG
4601189.26,20545,4.8486,LC
4601193.46,20546,3.9088,LC
4601215.22,20548,29.0985,BG
4601245.77,20547,5.1816,LC
4601246.71,21893,26.2835,BG
4601288.75,20545,4.5969,LC
4601328.18,21893,31.1031,BG
4601342.37,20548,76.1951,BG
4601369.78,20546,5.0515,LC
4601373.27,20547,4.7858,LC
4601384.82,20545,5.3153,LC
4601407.35,21893,29.0165,BG
4601414.91,20548,22.7293,BG
4601443.21,20546,4.0618,LC
4601449.29,20547,4.143,LC
4601481.43,21893,24.004,BG
4601492.14,20548,25.4371,BG
4601515.09,20545,3.8328,LC
4601528.36,20546,4.1865,LC
4601535.35,20547,4.2731,LC
4601554.95,21893,23.3565,BG
4601570.13,20548,26.2032,BG
4601629.28,21893,24.1133,BG
4601647.13,20548,25.3152,BG
4601707.09,21893,25.5898,BG
4601707.34,20545,6.7359,LC
4601715.09,20546,4.0181,LC
4601723.87,20548,26.6109,BG
4601737.76,20547,4.0259,LC
4601780.31,21893,23.0804,BG
4601798.08,20548,23.9131,BG
4601853.48,21893,22.9179,BG
4601872.03,20548,23.8168,BG
4601893.28,20545,4.1568,LC
4601917.08,20546,4.4129,LC
4601928.23,20547,8.1556,LC
4601929.27,21893,25.1754,BG
4601931.17,20545,5.9031,LC
4601932.45,20546,4.9152,LC
4601953.28,20548,31.1092,BG
4601965.42,20547,4.0563,LC
4601975.18,20545,4.0203,LC
4602003.0,21893,23.3657,BG
4602011.28,20546,5.1287,LC
4602021.42,20547,8.4562,LC
4602022.47,20545,5.6055,LC
4602045.92,20546,5.0985,LC
4602077.0,21893,23.7255,BG
4602078.74,20547,4.291,LC
4602080.94,20548,77.5436,BG
4602119.05,20545,4.381,LC
4602128.22,20546,4.2436,LC
4602151.26,20547,4.1748,LC
4602153.57,21893,26.397,BG
4602163.78,20548,32.5714,BG
4602170.6,20545,4.3166,LC
4602187.62,20546,4.0933,LC
4602195.22,20547,4.513,LC
4602204.26,20545,3.9735,LC
4602217.13,20546,3.9952,LC
4602221.11,20547,4.3381,LC
4602228.41,21893,24.6623,BG
4602238.94,20545,4.5206,LC
4602256.63,20546,4.0741,LC
4602263.87,20547,6.4534,LC
4602274.76,20545,4.3022,LC
4602280.53,20546,6.0293,LC
4602285.97,20548,66.4485,BG
4602303.63,21893,25.3155,BG
4602331.05,20545,4.0943,LC
4602332.33,20547,6.342,LC
4602332.41,20546,3.9835,LC
4602334.65,20545,5.3925,LC
4602362.06,20547,4.2079,LC
4602365.57,20546,8.0946,LC
4602368.82,20545,4.3609,LC
4602383.04,20546,6.0583,LC
4602386.55,21893,32.7778,BG
4602394.15,20547,6.6567,LC
4602394.96,20545,5.5027,LC
4602395.98,20546,3.9785,LC
4602415.61,20547,4.182,LC
4602422.58,20545,6.2446,LC
4602436.34,20546,6.8708,LC
4602436.55,20548,99.6842,BG
4602449.31,20547,6.3458,LC
4602466.8,20545,5.5794,LC
4602467.97,21893,31.2979,BG
4602517.69,20546,6.0749,LC
4602530.52,20548,43.772,BG
4602540.44,20547,4.0054,LC
4602543.48,21893,23.2674,BG
4602580.08,20545,4.1147,LC
4602604.6,20548,24.0116,BG
4602609.28,20546,4.3759,LC
4602617.85,21893,24.3168,BG
