timestamp_ms,pid,scheduling_delay_ms,service_time_ms,total_latency_ms
5621814.77,18294,4.802,18.436,23.238
5622019.8,18293,2.245,6.364,8.609
5622050.65,18295,0.258,10.107,10.365
5622104.65,18294,0.27,6.111,6.381
5622212.24,18293,2.389,12.064,14.453
5622303.29,18295,0.191,6.629,6.82
5622348.97,18294,0.156,4.051,4.207
5622369.16,18293,0.103,6.981,7.083
5622432.62,18295,0.153,10.971,11.125
5622553.95,18294,0.16,3.93,4.09
5622711.93,18294,0.157,10.407,10.564
5622926.3,18295,0.189,10.919,11.109
5622943.31,18293,0.115,8.66,8.775
5622954.24,18294,0.11,8.067,8.177
5622962.05,18295,2.026,9.969,11.995
5623029.24,18293,0.101,9.079,9.18
5623084.24,18294,0.087,4.1,4.187
5623136.41,18295,0.097,11.077,11.174
5623289.44,18293,0.162,13.848,14.01
5623301.74,18294,0.091,5.029,5.12
5623322.17,18295,1.85,13.05,14.9
5623322.42,18293,2.05,11.329,13.378
5623389.19,18294,0.142,3.95,4.092
5623632.43,18295,0.173,8.169,8.342
5623636.83,18293,1.765,6.555,8.321
5623678.26,18294,0.14,8.028,8.168
5623944.06,18295,0.175,6.027,6.202
5624074.35,18293,0.2,8.114,8.314
5624101.44,18294,2.042,7.937,9.979
5624103.63,18295,0.109,11.456,11.565
5624131.26,18293,0.141,4.014,4.156
5624347.2,18294,0.153,3.958,4.112
5624422.2,18295,0.144,7.033,7.177
5624530.12,18293,3.44,7.979,11.418
5624536.29,18294,0.097,4.118,4.216
5624588.89,18295,0.167,10.663,10.83
5624630.9,18293,0.209,4.422,4.631
5624647.52,18294,0.76,6.373,7.133
5624690.84,18295,0.097,7.13,7.226
5624711.1,18293,0.082,3.963,4.044
5624721.37,18294,0.117,7.305,7.423
5624767.26,18295,0.083,7.989,8.071
5624807.04,18293,0.182,4.076,4.258
5624863.33,18294,2.566,12.186,14.752
5625084.33,18295,1.766,7.098,8.863
5625135.24,18293,0.106,4.09,4.196
5625148.28,18294,5.174,7.111,12.285
5625483.06,18295,0.155,4.989,5.144
5625568.26,18293,0.123,12.096,12.219
5625573.26,18294,1.897,9.137,11.035
5625586.2,18295,0.192,6.063,6.255
5625609.1,18293,0.11,4.072,4.182
5625729.98,18295,0.127,11.16,11.286
5625734.17,18294,0.129,19.984,20.113
5625746.86,18293,0.089,10.703,10.792
5625753.15,18295,0.068,14.031,14.1
5625922.44,18294,0.181,4.691,4.872
5625974.36,18293,0.152,12.118,12.27
5625982.27,18295,0.112,6.311,6.423
5626001.12,18294,0.115,6.047,6.162
5626317.66,18293,0.15,8.12,8.27
5626333.27,18295,0.102,4.105,4.207
5626339.41,18294,0.062,8.048,8.109
5626431.53,18295,0.102,7.356,7.458
5626524.62,18293,0.131,6.078,6.209
5626543.62,18294,0.096,3.972,4.069
5626578.49,18295,0.172,5.025,5.197
5626615.92,18293,0.128,5.617,5.745
5626739.3,18294,0.131,16.098,16.229
5626749.06,18293,3.068,12.93,15.998
5626749.37,18295,2.066,18.24,20.306
5626949.78,18294,0.137,4.234,4.371
5627020.25,18293,0.124,4.048,4.173
5627029.85,18295,0.133,4.252,4.384
5627033.32,18294,0.07,4.043,4.114
5627071.65,18293,0.103,5.25,5.354
5627072.31,18295,1.016,6.157,7.173
5627163.07,18294,0.135,6.162,6.297
5627236.06,18293,0.134,4.852,4.986
5627246.04,18295,0.146,6.078,6.224
5627287.11,18294,0.123,3.954,4.078
5627372.76,18293,0.143,3.919,4.062
5627379.17,18295,2.229,4.055,6.284
5627412.15,18294,1.445,4.621,6.066
5627462.75,18293,0.132,3.845,3.976
5627507.12,18295,1.039,4.022,5.062
5627536.69,18294,0.085,4.09,4.174
5627619.99,18293,0.151,3.948,4.098
5627644.16,18295,2.103,3.975,6.078
5627648.15,18294,0.096,6.002,6.097
5627675.6,18293,0.108,4.096,4.203
5627679.99,18295,0.076,4.857,4.933
5627683.78,18294,0.083,4.013,4.096
5627716.75,18295,0.437,9.251,9.688
5627720.28,18293,0.114,4.069,4.183
5627746.14,18295,0.107,5.922,6.029
5627746.79,18294,0.072,6.058,6.13
5627796.64,18293,0.093,3.872,3.965
5627828.13,18295,0.081,4.283,4.364
5627833.93,18294,0.088,4.253,4.341
5627888.24,18293,0.084,3.936,4.019
5627939.54,18295,0.08,5.778,5.858
5627944.41,18294,0.071,3.986,4.057
5627959.44,18293,0.066,4.107,4.173
5627979.16,18295,1.508,6.073,7.581
5628000.38,18294,0.065,4.165,4.23
5628012.08,18293,0.068,3.971,4.039
5628021.24,18295,0.068,4.111,4.18
5628118.59,18294,0.09,4.289,4.379
5628159.24,18293,0.084,4.107,4.191
5628283.3,18295,0.135,6.18,6.315
5628286.1,18294,0.12,5.002,5.123
5628298.01,18293,0.077,3.879,3.956
5628325.19,18295,0.079,4.052,4.131
5628358.68,18294,0.082,4.081,4.163
5628366.44,18293,0.076,5.931,6.008
5628374.14,18295,0.532,4.066,4.599
5628384.84,18294,0.052,8.733,8.785
5628385.35,18293,0.06,6.023,6.084
5628389.48,18295,0.093,3.974,4.067
5628393.29,18294,2.025,4.202,6.227
5628396.05,18295,1.014,3.959,4.973
5628408.46,18293,0.069,6.391,6.46
5628424.06,18294,0.085,3.931,4.016
5628474.99,18295,0.075,4.052,4.127
5628481.54,18293,0.091,5.391,5.483
5628502.28,18294,0.09,4.009,4.099
5628519.94,18295,0.168,5.819,5.986
5628538.17,18293,2.335,5.955,8.291
5628573.35,18294,0.165,4.09,4.255
5628599.22,18295,1.799,4.075,5.874
5628602.26,18293,0.074,6.139,6.213
5628618.14,18294,0.137,4.042,4.179
5628624.43,18295,0.088,4.028,4.116
5628647.06,18293,0.191,3.933,4.125
5628712.15,18294,1.633,5.935,7.567
5628730.77,18295,0.131,5.904,6.035
5628732.96,18293,0.062,5.704,5.767
5628749.12,18294,1.148,6.014,7.162
5628763.42,18293,0.084,6.062,6.146
5628771.06,18295,0.075,5.933,6.008
5628805.81,18294,0.136,5.029,5.164
5628810.22,18293,0.078,3.976,4.054
5628846.03,18295,0.155,4.001,4.157
5628897.07,18294,1.11,3.929,5.039
5628900.23,18293,0.082,3.985,4.067
5628917.34,18294,0.32,4.305,4.626
5628939.25,18295,1.093,8.081,9.174
5628943.4,18293,0.079,6.243,6.323
5628960.98,18294,0.125,5.084,5.209
5628993.69,18295,0.111,4.099,4.209
5629015.13,18293,0.116,4.211,4.327
5629026.88,18294,0.077,6.878,6.955
5629031.74,18295,0.08,4.121,4.201
5629088.15,18293,0.136,4.106,4.242
5629155.47,18294,0.141,6.085,6.225
5629172.31,18295,0.094,6.152,6.246
5629193.19,18293,0.138,4.11,4.249
5629208.98,18294,0.089,4.126,4.215
5629228.53,18295,0.084,4.141,4.225
5629264.83,18293,0.091,4.024,4.114
5629351.9,18294,0.105,4.054,4.158
5629422.93,18295,0.105,4.128,4.233
5629430.83,18293,2.744,7.703,10.447
5629431.65,18294,0.088,7.049,7.137
5629463.62,18295,0.098,4.146,4.244
5629506.08,18293,0.091,4.089,4.18
5629602.47,18294,0.14,4.036,4.177
5629631.36,18295,0.118,6.167,6.285
5629710.21,18293,0.139,3.988,4.126
5629730.17,18294,0.109,7.994,8.104
5629762.78,18295,0.124,5.639,5.763
5629861.18,18293,0.238,3.983,4.221
5629881.27,18294,0.092,4.128,4.22
5629945.99,18295,0.132,4.199,4.33
5630017.28,18293,2.088,4.108,6.196
5630041.24,18294,0.119,4.123,4.243
5630095.44,18295,0.154,4.434,4.589
5630127.28,18293,0.111,6.372,6.483
5630142.05,18294,0.101,5.361,5.461
5630210.19,18295,0.142,6.065,6.207
5630270.34,18293,0.123,5.688,5.81
5630354.25,18294,0.126,4.068,4.194
5630392.29,18295,0.322,4.156,4.478
5630409.91,18293,0.084,4.039,4.123
5630422.18,18294,1.571,4.074,5.645
5630489.45,18295,0.093,4.057,4.15
5630537.99,18293,0.72,3.989,4.709
5630555.41,18294,0.103,4.143,4.246
5630576.94,18295,0.091,4.015,4.107
5630661.02,18293,0.155,3.901,4.057
5630680.53,18294,0.119,4.054,4.173
5630834.02,18295,0.166,4.005,4.171
5630956.52,18293,4.361,5.335,9.696
5631008.59,18294,0.164,4.309,4.474
5631021.86,18295,0.156,4.17,4.326
5631031.83,18293,0.098,4.103,4.202
5631121.38,18294,0.209,5.018,5.227
5631140.49,18295,0.129,5.994,6.123
5631247.55,18293,0.178,6.013,6.191
5631270.41,18294,0.156,4.02,4.176
5631343.07,18295,1.042,3.958,5.0
5631376.06,18293,0.094,5.908,6.002
5631406.15,18294,0.123,4.021,4.144
5631428.59,18295,0.087,6.046,6.133
5631435.98,18293,2.313,3.874,6.187
5631466.88,18294,0.086,3.967,4.053
5631485.33,18295,0.061,4.212,4.273
5631496.28,18293,0.071,3.875,3.946
5631606.25,18294,0.173,4.252,4.425
5631645.15,18295,0.135,3.936,4.072
5631688.4,18293,0.18,6.04,6.22
5631757.87,18294,0.134,5.615,5.749
5631819.08,18295,0.124,7.709,7.834
5631829.16,18293,2.04,4.036,6.076
5632071.35,18294,0.157,6.005,6.162
5632135.29,18295,0.137,4.092,4.229
5632176.01,18293,2.04,3.892,5.932
5632187.15,18294,0.105,3.999,4.104
5632315.24,18295,0.683,5.306,5.989
5632386.14,18293,5.612,4.003,9.615
5632392.14,18294,1.85,4.061,5.911
5632432.65,18295,0.098,4.021,4.119
5632433.76,18293,0.071,4.044,4.115
5632579.1,18294,0.139,4.027,4.166
5632584.67,18295,0.072,4.337,4.409
5632605.01,18293,0.168,4.098,4.266
5632673.64,18294,0.154,4.068,4.221
5632773.39,18295,0.143,5.071,5.215
5632895.46,18293,0.145,6.002,6.147
5633021.93,18294,0.186,3.993,4.179
5633064.08,18295,0.157,4.214,4.371
5633122.09,18293,1.091,3.931,5.022
5633257.37,18294,0.148,4.161,4.308
5633320.83,18295,0.108,4.059,4.166
5633329.14,18293,0.089,4.045,4.133
5633347.19,18294,2.334,4.094,6.427
5633384.24,18295,0.09,4.142,4.232
5633441.8,18293,0.103,5.699,5.803
5633462.61,18294,1.158,4.075,5.232
5633465.72,18295,1.517,4.142,5.659
5633469.89,18294,2.715,4.035,6.75
5633484.9,18293,0.077,4.14,4.217
5633491.83,18295,0.096,4.302,4.398
5633531.24,18294,3.984,4.138,8.122
5633551.11,18293,2.06,5.989,8.048
5633553.24,18295,2.803,4.155,6.958
5633562.16,18294,0.111,4.074,4.185
5633610.42,18293,0.207,4.105,4.312
5633621.45,18295,0.116,3.931,4.046
5633658.33,18294,0.116,4.144,4.26
5633673.55,18293,0.145,4.365,4.51
5633682.29,18295,0.167,4.108,4.275
5633694.58,18294,0.14,6.214,6.353
5633704.2,18293,0.608,4.043,4.651
5633722.73,18295,1.672,6.232,7.904
5633727.42,18294,0.118,4.463,4.581
5633756.08,18293,2.274,4.902,7.177
5633765.29,18295,0.101,4.119,4.22
5633801.75,18294,0.093,4.092,4.186
5633806.05,18293,0.838,4.142,4.98
5633826.33,18295,0.093,6.18,6.272
5633830.08,18294,0.059,5.984,6.044
5633834.15,18293,0.155,3.952,4.106
5633840.53,18295,0.74,6.275,7.015
5633846.66,18294,0.067,5.108,5.175
5633850.75,18293,3.091,3.99,7.081
5633874.65,18295,0.114,4.376,4.49
5633901.67,18294,0.104,4.02,4.124
5633906.03,18293,0.078,4.047,4.125
5633912.35,18295,0.069,6.108,6.177
5633928.03,18294,0.062,4.009,4.071
5633943.62,18293,0.067,3.992,4.06
5633986.54,18295,0.069,4.014,4.083
5634015.99,18294,0.061,4.037,4.098
5634054.03,18293,0.093,4.075,4.167
5634090.96,18295,0.074,4.033,4.107
5634099.68,18294,0.075,4.036,4.111
5634117.72,18293,1.749,3.929,5.678
5634151.84,18295,0.074,4.042,4.116
5634156.03,18294,0.114,3.982,4.096
5634182.06,18293,1.54,3.943,5.483
5634186.17,18295,0.059,3.986,4.044
5634194.18,18294,0.056,4.086,4.142
5634255.81,18293,0.197,6.615,6.812
5634301.61,18295,0.128,8.41,8.538
5634316.15,18294,0.083,5.052,5.135
5634330.46,18293,0.504,3.901,4.405
5634345.26,18295,0.086,4.021,4.107
5634393.21,18294,0.099,5.054,5.153
5634405.93,18293,0.099,5.761,5.859
5634412.11,18295,0.059,3.999,4.058
5634432.84,18293,0.056,3.871,3.927
5634433.12,18294,0.11,7.958,8.069
5634450.25,18295,0.09,4.036,4.125
5634455.93,18293,0.057,3.838,3.895
5634480.77,18294,0.14,3.947,4.086
5634484.93,18295,0.755,3.996,4.751
5634499.08,18293,0.058,6.015,6.073
5634505.22,18294,0.119,4.053,4.171
5634510.06,18295,0.052,4.041,4.093
5634522.65,18293,0.054,3.865,3.919
5634546.04,18295,0.051,3.948,3.999
5634546.13,18294,0.087,8.643,8.729
5634554.18,18293,0.058,4.084,4.142
5634563.83,18295,0.06,4.059,4.119
5634576.55,18294,0.071,3.975,4.045
5634584.34,18293,0.064,3.922,3.986
5634590.88,18295,0.049,5.858,5.907
5634604.61,18294,0.067,7.484,7.551
5634627.76,18293,0.132,3.926,4.057
5634646.06,18295,0.114,3.939,4.053
5634655.17,18294,1.681,4.07,5.751
5634670.34,18293,0.075,6.311,6.386
5634671.73,18295,0.116,3.941,4.057
5634724.2,18293,1.061,4.086,5.146
5634725.25,18294,1.579,6.073,7.651
5634749.25,18295,0.102,4.129,4.231
5634753.35,18293,0.091,3.961,4.051
5634766.17,18294,0.098,4.013,4.11
5634893.2,18295,0.135,6.797,6.932
5634895.45,18293,0.093,6.02,6.113
5634929.32,18294,0.097,4.153,4.25
5634951.89,18295,0.083,4.954,5.037
5635011.11,18293,0.089,4.156,4.245
5635031.97,18295,0.054,6.045,6.1
5635032.81,18294,1.96,9.709,11.668
5635047.5,18293,0.067,6.375,6.442
5635093.07,18294,0.082,3.958,4.039
5635167.09,18295,0.085,3.956,4.041
5635205.32,18293,0.074,4.229,4.304
5635224.16,18294,0.054,5.067,5.121
5635294.9,18295,0.078,7.918,7.996
5635326.36,18293,0.071,3.964,4.035
5635564.38,18294,0.137,4.159,4.296
5635614.65,18295,0.15,5.079,5.229
5635819.93,18293,0.183,3.821,4.004
5635873.3,18294,0.156,4.055,4.211
5636000.3,18295,0.165,3.917,4.082
5636042.69,18293,0.169,3.917,4.086
5636050.96,18294,0.135,3.977,4.112
5636077.09,18295,0.187,3.938,4.125
5636101.26,18293,0.215,3.935,4.151
5636150.76,18294,0.14,4.016,4.157
5636402.08,18295,0.123,4.054,4.177
5636434.2,18293,1.045,4.089,5.134
5636452.3,18294,0.11,5.999,6.109
5636566.54,18295,0.125,4.07,4.195
5636617.53,18293,3.038,4.393,7.431
5636630.52,18294,0.108,6.139,6.247
5636639.13,18295,1.002,6.059,7.061
5636643.43,18293,1.052,6.334,7.386
5636689.77,18294,0.13,3.992,4.122
5636849.69,18295,0.208,6.67,6.878
5637045.33,18293,2.064,4.181,6.244
5637077.33,18294,0.154,4.148,4.302
5637228.08,18295,0.175,7.705,7.879
5637256.23,18293,0.094,5.087,5.181
5637286.51,18294,0.075,4.375,4.45
5637315.4,18295,0.098,4.763,4.861
5637494.16,18293,0.125,5.971,6.095
5637535.85,18294,0.104,4.05,4.155
5637661.31,18295,0.158,6.245,6.402
5637667.64,18293,0.907,4.344,5.251
5637675.5,18294,0.066,6.12,6.185
5637712.86,18295,0.104,4.062,4.166
5637749.19,18293,0.146,3.931,4.077
5637777.14,18294,0.102,7.974,8.077
5637779.44,18295,0.079,7.014,7.094
5637803.28,18293,1.821,4.11,5.931
5637818.42,18294,0.121,4.094,4.215
5637856.6,18295,0.094,4.072,4.166
5637864.04,18293,0.079,3.97,4.049
5637883.88,18294,0.064,4.028,4.091
5637894.03,18295,0.06,4.161,4.221
5637921.76,18293,0.073,4.088,4.161
5637929.46,18294,1.246,7.559,8.805
5637930.34,18295,0.063,4.694,4.757
5637934.84,18293,0.064,4.058,4.122
5637951.45,18294,1.601,4.347,5.948
5637969.01,18295,0.059,4.119,4.178
5637991.95,18293,0.071,3.839,3.91
5638054.16,18294,0.079,3.984,4.063
5638083.09,18293,0.05,7.956,8.006
5638083.29,18295,0.065,10.19,10.256
5638097.9,18294,0.076,4.351,4.427
5638099.03,18293,0.086,4.047,4.133
5638130.74,18295,0.056,3.941,3.997
5638156.18,18294,0.073,4.058,4.131
5638205.71,18293,0.087,4.069,4.155
5638282.6,18295,0.092,4.22,4.312
5638342.31,18294,0.097,4.061,4.158
5638390.25,18293,0.082,6.287,6.368
5638409.17,18295,0.085,7.042,7.127
5638415.04,18294,3.073,3.898,6.971
5638417.99,18293,0.084,3.858,3.942
5638488.26,18295,0.163,4.05,4.213
5638508.76,18294,0.119,4.486,4.604
5638510.03,18293,0.063,3.86,3.923
5638518.49,18295,0.101,4.394,4.495
5638537.19,18293,0.058,6.041,6.1
5638537.8,18294,0.108,8.162,8.27
5638563.86,18295,0.127,5.777,5.904
5638564.79,18293,0.076,3.908,3.984
5638575.79,18294,0.108,4.023,4.131
5638584.94,18295,0.068,3.983,4.051
5638619.27,18293,0.162,3.983,4.144
5638660.84,18294,0.239,4.113,4.352
5638678.98,18295,0.148,5.11,5.258
5638695.05,18293,0.104,5.856,5.96
5638730.28,18294,3.037,8.175,11.212
5638730.42,18295,1.736,6.323,8.06
5638749.82,18293,0.114,3.915,4.028
5638756.8,18294,0.112,5.971,6.083
5638800.88,18295,0.083,4.057,4.14
5638840.3,18293,0.169,5.019,5.188
5638856.02,18294,0.098,5.85,5.948
5638879.3,18295,0.11,3.975,4.085
5638955.11,18293,0.088,5.966,6.053
5638961.42,18294,0.07,4.261,4.331
5639035.38,18295,0.094,4.114,4.208
5639037.16,18293,0.065,4.043,4.108
5639054.39,18294,0.076,3.948,4.024
5639067.06,18295,0.065,3.842,3.907
5639071.96,18293,0.089,3.864,3.952
5639083.2,18294,0.069,4.067,4.136
5639107.1,18295,0.075,3.982,4.057
5639124.52,18293,4.36,8.375,12.735
5639136.22,18294,0.062,4.109,4.17
5639142.07,18295,0.056,3.978,4.034
5639160.5,18293,0.077,3.915,3.992
5639179.31,18294,0.069,7.695,7.764
5639179.78,18295,0.103,5.39,5.492
5639256.12,18293,0.078,4.004,4.082
5639274.43,18294,0.109,5.645,5.755
5639288.55,18295,0.107,8.464,8.571
5639332.72,18293,0.092,6.948,7.04
5639338.98,18294,0.074,3.861,3.935
5639344.25,18295,0.057,3.969,4.026
5639353.11,18293,0.058,6.007,6.064
5639357.14,18294,0.092,5.91,6.001
5639384.53,18295,0.092,3.947,4.039
5639390.16,18293,0.07,4.089,4.158
5639394.52,18294,0.075,4.084,4.159
5639414.13,18295,0.07,4.016,4.086
5639418.09,18293,0.056,3.988,4.045
5639451.12,18295,1.03,6.056,7.086
5639475.99,18294,0.094,4.18,4.273
5639511.6,18293,0.079,3.969,4.047
5639551.06,18295,0.075,5.03,5.105
5639553.72,18294,0.086,5.082,5.169
5639593.1,18293,0.101,4.126,4.227
5639650.92,18295,0.155,7.923,8.078
5639666.03,18294,0.106,4.098,4.204
5639679.04,18293,0.098,3.887,3.985
5639683.84,18295,0.064,4.123,4.188
5639724.35,18294,0.142,6.121,6.264
5639742.37,18293,0.094,4.21,4.304
5639769.3,18294,0.059,3.976,4.035
5639770.56,18295,0.634,6.021,6.655
5639778.36,18293,0.058,6.049,6.107
5639790.1,18294,0.069,5.99,6.059
5639795.03,18295,0.071,4.136,4.207
5639803.21,18293,0.043,11.018,11.061
5639803.3,18294,2.023,7.23,9.253
5639820.6,18295,2.08,4.441,6.521
5639852.19,18293,0.123,4.069,4.192
5639879.22,18294,0.087,6.071,6.157
5639886.12,18295,0.077,3.984,4.061
5639920.82,18293,0.073,3.874,3.947
5639981.93,18294,0.095,4.63,4.725
5640012.41,18295,0.079,6.065,6.144
5640131.06,18293,0.085,5.879,5.964
5640161.13,18294,0.092,3.986,4.078
5640223.05,18295,0.087,6.911,6.998
5640534.05,18293,0.157,4.307,4.464
5640664.2,18294,0.151,6.961,7.112
5640674.48,18295,0.131,5.253,5.384
5640696.87,18293,0.147,6.758,6.905
5640737.11,18294,0.108,3.944,4.052
5640743.47,18295,0.074,4.022,4.096
5640779.15,18293,0.096,5.978,6.074
5640791.44,18294,0.193,6.182,6.375
5640881.96,18295,0.207,5.068,5.275
5640884.04,18293,1.527,3.893,5.421
5640935.68,18294,0.137,4.161,4.298
5640943.8,18295,0.06,4.163,4.223
5640951.09,18293,0.097,4.915,5.013
5641045.15,18294,0.111,5.655,5.766
5641050.3,18295,0.109,4.137,4.246
5641058.04,18293,2.061,3.943,6.004
5641080.28,18294,0.08,8.138,8.218
5641082.39,18293,0.07,4.93,5.0
5641083.06,18295,0.053,8.946,8.999
5641088.1,18294,0.051,6.16,6.212
5641115.18,18293,0.077,6.056,6.133
5641124.85,18295,0.079,3.995,4.074
5641150.12,18294,1.98,6.084,8.063
5641157.8,18293,0.059,3.936,3.996
5641189.1,18295,0.069,3.993,4.062
5641296.12,18294,0.091,3.973,4.064
5641346.24,18293,0.107,4.062,4.169
5641377.78,18295,0.087,4.011,4.099
5641392.31,18294,0.111,6.027,6.139
5641395.05,18293,0.073,6.934,7.007
5641411.01,18295,3.003,5.855,8.858
5641415.2,18294,0.08,4.026,4.106
5641421.35,18293,0.072,4.112,4.184
5641429.04,18295,0.063,3.942,4.005
5641490.15,18294,0.082,4.04,4.122
5641491.39,18293,0.084,4.015,4.099
5641532.32,18295,0.111,4.457,4.568
5641537.87,18294,0.085,7.574,7.66
5641542.18,18293,1.045,7.092,8.137
5641559.17,18294,1.5,4.107,5.607
5641651.71,18295,0.125,4.115,4.24
5641667.51,18293,0.148,4.987,5.135
5641719.81,18294,2.242,4.434,6.675
5641808.34,18295,0.213,4.027,4.24
5641820.46,18293,0.127,6.357,6.484
5641824.78,18294,3.734,4.146,7.88
5641839.81,18295,0.136,4.089,4.224
5641879.72,18293,0.256,4.847,5.103
5641891.6,18294,0.126,5.596,5.722
5641902.42,18295,0.089,3.977,4.066
5641908.26,18293,0.071,3.961,4.032
5641936.9,18294,0.084,4.116,4.2
5641945.38,18295,0.086,5.747,5.833
5641963.37,18293,2.072,8.246,10.318
5641965.39,18294,0.413,7.449,7.862
5641981.35,18295,0.086,6.205,6.291
5642061.03,18293,0.1,5.869,5.968
5642073.17,18294,1.805,8.09,9.895
5642109.77,18295,0.119,4.101,4.22
5642130.51,18293,0.159,4.097,4.257
5642154.68,18294,0.157,4.064,4.221
5642189.27,18295,0.078,6.121,6.199
5642214.75,18293,0.074,4.199,4.273
5642249.74,18294,0.089,3.947,4.036
5642276.49,18295,0.078,4.033,4.111
5642297.95,18293,2.21,3.906,6.116
5642314.2,18294,0.067,8.088,8.155
5642320.78,18295,0.069,4.013,4.083
5642345.04,18293,0.074,3.91,3.985
5642353.31,18294,0.065,3.994,4.06
5642357.73,18295,0.061,4.04,4.1
5642412.19,18293,0.766,6.123,6.889
5642443.62,18294,0.13,3.93,4.06
5642459.31,18295,0.091,4.061,4.151
5642460.94,18293,0.081,4.016,4.097
5642481.05,18294,0.068,6.023,6.09
5642506.15,18295,0.083,4.014,4.097
5642596.32,18293,2.092,5.142,7.234
5642604.84,18294,0.106,4.028,4.134
5642616.81,18295,0.112,4.178,4.29
5642656.82,18293,0.111,4.078,4.189
5642685.88,18294,0.155,4.008,4.164
5642692.75,18295,0.108,5.079,5.187
5642702.17,18293,0.101,6.976,7.078
5642761.17,18294,0.14,4.742,4.881
5642853.52,18295,0.138,4.035,4.173
5642876.16,18293,0.127,5.621,5.747
5642930.48,18294,0.17,5.989,6.159
5642932.4,18295,0.113,4.31,4.423
5642938.16,18293,0.079,4.031,4.111
5642953.33,18294,1.837,6.263,8.1
5642954.79,18295,0.063,3.978,4.042
5642959.06,18293,0.052,4.022,4.073
5642998.67,18294,0.139,4.042,4.182
5643013.61,18295,0.078,4.859,4.938
5643026.97,18293,0.1,3.951,4.051
5643184.14,18294,0.145,3.938,4.083
5643196.23,18295,0.083,4.089,4.172
5643210.92,18293,0.081,3.905,3.986
5643216.88,18295,0.06,4.071,4.132
5643219.02,18294,0.069,6.942,7.011
5643227.04,18293,0.065,3.972,4.036
5643245.71,18295,0.058,3.97,4.028
5643250.1,18294,0.062,4.032,4.094
5643255.81,18293,0.047,4.103,4.15
5643260.54,18295,0.15,6.341,6.491
5643262.49,18294,0.049,6.719,6.768
5643270.26,18293,0.117,4.085,4.202
5643303.65,18295,0.066,3.979,4.046
5643320.82,18294,0.084,6.018,6.103
5643328.26,18293,0.058,10.158,10.216
5643328.44,18295,0.082,4.321,4.404
5643355.76,18294,0.07,4.224,4.295
5643382.19,18293,0.071,7.077,7.147
5643385.38,18295,1.094,5.252,6.346
5643391.8,18294,0.067,4.048,4.115
5643482.97,18293,1.606,3.89,5.496
5643489.56,18295,0.06,3.949,4.009
5643513.22,18294,0.068,4.026,4.093
5643527.25,18293,0.094,4.101,4.195
5643535.53,18295,0.082,5.396,5.478
5643549.2,18294,0.07,9.083,9.153
5643553.1,18293,2.017,9.047,11.064
5643553.84,18295,0.067,6.407,6.474
5643565.72,18294,1.584,4.313,5.897
5643585.89,18293,0.136,4.0,4.136
5643598.13,18295,0.059,4.033,4.092
5643611.25,18294,0.067,7.099,7.166
5643615.69,18293,0.076,6.459,6.534
5643703.39,18294,0.209,8.108,8.317
5643731.42,18295,0.14,8.217,8.357
5643733.27,18293,1.844,4.387,6.231
5643773.4,18294,0.08,10.273,10.353
5643773.61,18295,2.028,4.543,6.571
5643788.27,18293,2.03,4.17,6.2
5643818.34,18294,0.088,7.971,8.059
5643821.3,18295,0.069,8.208,8.277
5643837.96,18293,0.457,4.442,4.9
5643879.12,18294,0.2,5.071,5.271
5643932.43,18295,0.13,4.227,4.358
5643956.49,18293,0.093,6.34,6.433
5643968.35,18294,0.101,4.191,4.292
5644013.59,18295,0.105,4.18,4.285
5644059.51,18293,0.102,3.887,3.988
5644070.16,18294,1.153,4.011,5.164
5644070.69,18295,0.074,4.071,4.145
5644087.63,18293,0.072,4.032,4.104
5644094.06,18294,0.058,3.965,4.023
5644131.79,18295,0.086,4.043,4.129
5644180.85,18293,0.099,4.079,4.178
5644205.14,18294,0.082,4.006,4.088
5644220.23,18295,0.072,4.067,4.139
5644249.4,18293,0.085,4.083,4.168
5644261.11,18294,1.649,6.024,7.673
5644286.83,18295,0.071,5.707,5.778
5644323.31,18293,0.079,4.088,4.167
5644329.64,18294,0.111,4.076,4.187
5644370.16,18295,2.025,4.083,6.108
5644377.01,18293,2.067,3.887,5.953
5644405.41,18294,0.088,4.098,4.186
5644449.81,18295,0.081,3.946,4.027
5644465.61,18293,0.079,4.483,4.562
5644499.62,18294,0.077,6.139,6.215
5644506.96,18295,0.08,3.987,4.067
5644577.06,18293,0.11,6.262,6.372
5644594.07,18295,1.019,3.971,4.99
5644594.37,18294,1.03,8.296,9.327
5644623.98,18293,0.15,3.993,4.142
5644689.12,18295,0.181,5.908,6.088
5644711.09,18294,0.089,3.956,4.045
5644773.68,18293,0.106,4.114,4.22
5644783.85,18295,0.151,4.04,4.191
5644797.12,18294,0.093,3.97,4.063
5644804.68,18293,0.071,3.881,3.952
5644810.99,18295,2.287,3.95,6.237
5644821.05,18294,2.022,5.998,8.019
5644823.56,18293,0.055,4.005,4.06
5644856.93,18295,0.064,4.977,5.041
5644858.93,18294,0.118,8.134,8.252
5644875.83,18293,0.086,4.03,4.116
5644886.99,18294,0.105,4.985,5.09
5644893.03,18295,0.065,3.927,3.992
5644919.18,18293,0.072,5.058,5.13
5644956.5,18294,0.119,4.305,4.424
5644984.24,18293,0.072,4.06,4.132
5644984.39,18295,0.12,5.476,5.596
5645013.17,18294,0.091,4.025,4.116
5645021.06,18293,0.058,3.961,4.019
5645025.42,18295,0.494,4.241,4.735
5645037.05,18294,0.072,3.938,4.01
5645040.46,18293,0.05,3.902,3.952
5645054.74,18294,1.019,7.682,8.7
5645070.75,18295,0.06,4.08,4.139
5645077.18,18293,0.064,4.074,4.137
5645091.05,18294,2.041,3.973,6.014
5645097.5,18295,0.054,4.057,4.11
5645111.25,18293,0.06,4.146,4.206
5645119.5,18294,0.08,5.108,5.188
5645133.13,18295,0.057,5.035,5.092
5645139.44,18293,0.05,5.065,5.114
5645165.81,18294,0.098,4.005,4.102
5645223.62,18295,0.099,5.463,5.561
5645299.26,18293,0.082,3.948,4.03
5645325.05,18294,1.494,3.965,5.458
5645348.29,18295,0.077,4.065,4.142
5645372.97,18293,0.075,3.848,3.923
5645415.82,18294,3.792,3.941,7.733
5645458.67,18295,0.082,3.991,4.073
5645510.28,18293,0.085,4.132,4.217
5645550.1,18294,1.375,6.013,7.389
5645659.98,18295,0.18,4.034,4.214
5645708.21,18293,0.136,3.965,4.101
5645719.14,18294,1.877,4.028,5.905
5645726.57,18295,0.092,3.983,4.074
5645742.12,18293,0.078,3.997,4.075
5645747.22,18294,0.709,5.125,5.834
5645872.91,18293,0.127,4.027,4.154
5645877.08,18295,1.987,4.01,5.997
5645901.51,18294,0.228,6.171,6.399
5645905.25,18293,0.089,4.28,4.37
5645915.17,18294,0.084,6.041,6.125
5645918.56,18295,0.081,4.085,4.166
5645956.36,18294,0.099,3.983,4.082
5645974.1,18293,1.949,3.949,5.898
5646013.64,18295,0.095,4.121,4.216
5646021.38,18293,0.091,4.095,4.187
5646027.07,18294,0.068,13.283,13.351
5646027.51,18295,0.077,5.129,5.206
5646041.19,18293,0.073,8.074,8.147
5646041.27,18294,0.056,5.178,5.234
5646061.25,18295,0.07,4.003,4.074
5646111.16,18293,0.08,9.912,9.992
5646111.25,18294,2.018,6.198,8.216
5646132.76,18295,0.068,3.988,4.056
5646166.47,18293,0.085,3.917,4.001
5646219.14,18294,0.083,8.016,8.099
5646219.45,18295,0.592,6.388,6.981
5646257.22,18293,0.091,7.066,7.157
5646262.33,18294,1.261,10.195,11.456
5646262.47,18295,0.087,5.497,5.584
5646316.56,18293,0.077,4.213,4.289
5646333.1,18294,0.08,4.383,4.463
5646352.25,18295,0.076,5.124,5.2
5646371.54,18293,0.072,4.011,4.083
5646375.81,18294,0.056,4.032,4.087
5646408.33,18295,0.067,4.211,4.278
5646420.95,18293,0.061,3.846,3.907
5646456.48,18294,0.109,9.022,9.131
5646460.75,18295,0.059,6.813,6.872
5646507.17,18293,0.073,6.04,6.114
5646509.11,18294,0.082,3.989,4.071
5646514.49,18295,0.064,3.946,4.01
5646545.91,18293,0.074,3.954,4.028
5646580.88,18294,0.096,4.164,4.261
5646620.15,18295,2.043,4.024,6.066
5646663.89,18293,0.241,4.19,4.431
5646682.15,18294,2.13,5.947,8.077
5646684.4,18295,0.059,4.293,4.352
5646698.16,18293,0.088,4.015,4.103
5646715.66,18294,0.089,3.953,4.042
5646754.83,18295,0.098,4.032,4.13
5646758.19,18293,0.067,3.891,3.958
5646790.37,18294,0.231,4.094,4.325
5646796.47,18295,0.07,4.329,4.399
5646881.32,18293,0.12,3.906,4.025
5646895.04,18294,0.204,4.082,4.286
5646940.37,18295,0.168,4.099,4.267
5646954.53,18293,0.112,3.974,4.086
5646976.32,18294,2.005,6.248,8.253
5646978.92,18295,1.501,5.851,7.352
5647008.12,18293,0.126,4.133,4.259
5647026.82,18294,0.192,5.023,5.215
5647033.19,18295,0.069,6.076,6.145
5647034.97,18293,0.079,4.209,4.288
5647056.97,18295,0.047,5.874,5.922
5647057.12,18294,0.085,7.999,8.084
5647078.97,18293,0.074,3.851,3.925
5647141.15,18295,0.201,7.913,8.114
5647184.14,18294,0.104,6.08,6.184
5647190.03,18293,0.083,3.896,3.98
5647219.49,18295,0.08,5.158,5.239
5647268.63,18294,0.084,3.896,3.979
5647277.11,18293,0.09,3.967,4.057
5647289.81,18295,0.09,4.026,4.116
5647308.07,18294,0.079,3.951,4.03
5647310.14,18293,0.054,4.017,4.07
5647319.43,18295,0.115,3.925,4.039
5647335.44,18294,0.07,5.01,5.08
5647365.55,18293,0.092,6.176,6.269
5647404.2,18295,0.119,4.035,4.155
5647414.11,18294,0.093,4.265,4.358
5647441.26,18293,0.078,4.137,4.214
5647522.13,18295,0.119,4.036,4.155
5647577.28,18294,0.108,4.102,4.21
5647582.05,18293,0.099,4.146,4.245
5647589.32,18295,0.081,4.165,4.246
5647659.24,18294,2.438,4.028,6.466
5647790.79,18293,0.168,4.074,4.242
5647801.59,18295,0.121,5.303,5.424
5647841.29,18294,0.116,6.301,6.418
5647845.74,18293,0.234,4.09,4.325
5647872.25,18295,0.1,6.09,6.19
5647906.12,18294,0.094,3.973,4.067
5647927.82,18293,0.102,4.016,4.118
5648113.73,18295,1.149,5.536,6.685
5648120.07,18294,0.114,4.187,4.301
5648165.02,18293,4.04,5.907,9.947
5648213.31,18295,0.098,6.046,6.144
5648215.67,18294,0.091,5.49,5.581
5648266.08,18293,1.981,6.047,8.028
5648426.09,18295,0.236,4.672,4.908
5648451.17,18294,0.226,3.941,4.167
5648466.34,18293,0.089,4.021,4.11
5648657.25,18295,0.145,5.017,5.162
5648697.98,18294,0.193,4.087,4.28
5648768.11,18293,0.147,3.881,4.027
5648864.33,18294,1.08,6.176,7.256
5648866.18,18295,1.043,10.069,11.112
5648882.14,18293,0.095,3.984,4.078
5648919.2,18294,0.114,6.032,6.146
5648954.13,18295,0.09,3.981,4.071
5648955.6,18293,0.074,3.87,3.944
5649199.07,18294,0.148,5.83,5.978
5649226.72,18295,0.11,5.536,5.646
5649261.16,18293,0.107,3.886,3.993
5649389.45,18294,0.122,4.257,4.379
5649431.23,18295,0.09,6.071,6.161
5649432.81,18293,0.064,5.679,5.742
5649545.94,18294,0.109,4.038,4.147
5649563.44,18295,0.141,4.127,4.268
5649620.18,18293,0.126,4.878,5.004
5649689.28,18294,1.292,4.134,5.426
5649702.86,18295,0.081,5.022,5.103
5649900.01,18293,0.226,4.07,4.296
5650010.66,18294,0.164,4.418,4.582
5650016.36,18295,0.14,4.058,4.199
5650226.49,18293,0.157,3.914,4.071
5650258.44,18294,2.468,6.233,8.701
5650302.2,18295,1.773,4.091,5.864
5650351.78,18293,0.087,3.924,4.011
5650372.23,18294,0.079,4.097,4.176
5650427.11,18295,1.959,6.02,7.98
5650451.75,18293,0.079,3.948,4.027
5650595.27,18294,0.122,4.29,4.412
5650618.18,18295,0.117,5.126,5.244
5650719.81,18293,0.152,3.971,4.123
5650742.71,18294,0.105,5.062,5.166
5650750.7,18295,0.218,6.316,6.534
5650752.81,18293,1.02,4.749,5.769
5650780.3,18294,0.093,5.997,6.09
5650857.94,18295,0.114,4.85,4.964
5650894.06,18293,0.097,3.846,3.943
5650937.88,18294,0.096,5.657,5.752
5650942.24,18295,0.069,4.18,4.25
5650977.98,18293,0.085,3.85,3.935
5651002.15,18294,0.089,5.01,5.098
5651029.32,18295,0.093,6.065,6.158
5651106.25,18293,0.187,4.006,4.192
5651126.1,18294,0.101,5.93,6.031
5651169.15,18295,0.109,3.969,4.078
5651216.23,18293,0.119,5.047,5.166
5651223.94,18294,0.105,4.059,4.164
5651256.17,18295,0.148,4.964,5.112
5651298.69,18293,0.102,3.959,4.061
5651376.22,18294,0.103,3.957,4.06
5651519.14,18295,3.017,6.064,9.081
5651577.05,18293,0.106,3.877,3.983
5651600.69,18294,0.101,3.989,4.089
5651614.09,18295,0.09,5.13,5.22
5651672.6,18293,0.18,4.311,4.491
5651715.75,18294,0.139,3.986,4.125
5651725.84,18295,0.158,6.205,6.363
5651826.83,18293,0.152,4.099,4.251
5651885.09,18294,0.145,3.973,4.118
5651940.54,18295,0.115,6.135,6.251
5651950.08,18293,1.048,3.947,4.994
5651982.7,18294,0.103,5.541,5.645
5652024.02,18295,0.091,4.178,4.269
5652040.06,18293,0.095,4.039,4.134
5652061.32,18294,0.121,4.125,4.246
5652099.29,18295,0.131,4.297,4.428
5652133.94,18293,0.148,3.847,3.995
5652168.58,18294,0.091,5.426,5.517
5652188.09,18295,0.077,8.957,9.035
5652189.13,18293,0.052,7.035,7.087
5652191.7,18294,0.051,4.593,4.645
5652197.1,18295,0.071,5.684,5.755
5652204.21,18294,0.086,4.009,4.095
5652233.14,18293,0.075,4.027,4.101
5652254.63,18294,0.067,6.03,6.097
5652256.23,18295,0.708,8.171,8.879
5652272.64,18293,2.009,4.56,6.568
5652341.48,18294,0.108,6.148,6.255
5652391.19,18295,2.034,6.103,8.137
5652423.14,18293,1.268,4.02,5.288
5652434.06,18294,0.083,3.931,4.014
5652441.73,18295,0.08,4.123,4.202
5652458.22,18293,0.07,3.854,3.924
5652493.48,18294,0.075,4.055,4.129
5652495.54,18295,0.068,4.771,4.839
5652505.93,18293,0.079,3.867,3.946
5652599.36,18294,1.581,4.203,5.783
5652604.44,18295,0.055,4.192,4.247
5652629.46,18293,0.153,4.213,4.366
5652655.5,18294,1.14,4.212,5.351
5652702.71,18295,0.145,4.045,4.189
5652715.39,18293,0.101,6.238,6.339
5652715.49,18294,0.1,4.116,4.216
5652756.69,18295,0.083,3.988,4.07
5652808.11,18293,3.024,4.043,7.068
5652823.15,18294,0.101,5.984,6.086
5652835.1,18295,0.099,4.005,4.104
5652848.11,18293,0.088,3.951,4.039
5652872.79,18294,0.095,6.787,6.881
5652879.17,18295,0.107,6.047,6.154
5652891.02,18293,1.013,3.956,4.969
5652939.04,18294,0.088,6.08,6.168
5652956.45,18295,0.129,5.916,6.045
5652968.08,18293,1.022,6.011,7.032
5652975.71,18294,0.083,4.327,4.41
5653025.46,18295,0.139,4.243,4.382
5653051.18,18293,0.112,4.005,4.117
5653055.13,18294,0.071,4.011,4.082
5653092.17,18295,2.234,6.041,8.275
5653092.36,18293,1.756,8.269,10.024
5653119.15,18294,0.103,5.99,6.092
5653126.37,18295,0.097,5.113,5.209
5653137.13,18293,0.093,3.949,4.042
5653141.17,18294,0.075,4.051,4.127
5653149.8,18295,0.073,4.216,4.289
5653158.02,18293,0.071,5.866,5.937
5653187.14,18294,0.065,4.038,4.103
5653227.27,18295,0.097,4.002,4.099
5653275.99,18293,0.094,3.99,4.083
5653306.11,18294,0.098,4.227,4.325
5653320.73,18295,0.081,4.144,4.225
5653326.96,18293,0.084,4.012,4.096
5653359.03,18294,0.082,3.889,3.971
5653374.1,18295,0.967,10.02,10.987
5653374.33,18293,0.935,8.253,9.188
5653382.08,18294,0.076,3.977,4.053
5653401.86,18295,0.075,4.132,4.207
5653415.48,18293,0.092,4.065,4.158
5653421.89,18294,0.068,3.972,4.04
5653434.5,18295,0.105,4.513,4.618
5653440.96,18293,1.094,3.895,4.989
5653456.06,18294,0.063,3.95,4.013
5653501.06,18295,0.078,5.118,5.197
5653507.13,18294,0.048,4.02,4.068
5653507.28,18293,0.054,6.072,6.126
5653558.33,18295,0.078,5.215,5.293
5653568.31,18294,0.061,3.962,4.023
5653611.55,18293,0.094,4.174,4.267
5653765.69,18295,0.176,6.28,6.456
5653766.95,18294,0.076,5.691,5.767
5653773.43,18293,0.124,6.082,6.206
5653854.17,18295,0.113,4.0,4.113
5653924.17,18294,0.129,4.025,4.154
5653972.11,18293,0.093,7.991,8.084
5653974.43,18295,0.119,8.342,8.461
5653975.9,18294,0.064,4.034,4.098
5653985.83,18293,2.414,5.89,8.304
5654021.44,18295,0.096,3.985,4.081
5654058.04,18294,1.819,3.943,5.762
5654073.21,18293,3.436,6.083,9.519
5654081.81,18295,0.084,4.269,4.353
5654094.01,18294,0.091,4.13,4.22
5654103.12,18293,0.089,6.959,7.048
5654130.75,18295,0.096,3.968,4.063
5654145.04,18294,0.905,3.956,4.861
5654182.96,18293,1.561,6.322,7.882
5654187.15,18294,4.979,4.072,9.052
5654189.15,18295,3.543,9.076,12.619
5654201.97,18293,0.071,3.858,3.928
5654238.85,18294,0.082,7.364,7.447
5654561.8,18295,0.123,4.087,4.21
5654586.42,18293,0.131,3.908,4.039
5654592.35,18294,1.525,4.205,5.73
5654596.08,18295,0.061,5.12,5.181
5654722.9,18293,0.155,6.112,6.268
5654767.21,18294,1.942,4.187,6.129
5654791.82,18295,0.086,4.09,4.177
5654806.5,18293,0.087,4.106,4.193
5654826.28,18294,2.061,4.164,6.225
5654867.32,18295,0.09,3.986,4.076
5654879.48,18293,0.096,4.048,4.144
5654887.35,18294,0.085,6.13,6.215
5654923.12,18295,2.059,8.011,10.07
5654936.14,18293,0.075,6.225,6.3
5654968.15,18294,1.352,6.073,7.425
5654972.7,18295,0.072,4.022,4.093
5654996.02,18293,1.029,3.939,4.968
5655014.18,18294,0.081,4.051,4.132
5655036.94,18295,0.077,3.934,4.012
5655097.36,18293,0.095,4.126,4.221
5655117.33,18294,0.12,6.291,6.41
5655152.17,18295,0.1,4.009,4.109
5655219.09,18293,0.085,4.025,4.111
5655223.36,18294,0.206,4.111,4.317
5655236.6,18295,0.08,6.182,6.262
5655260.95,18293,0.078,4.054,4.131
5655279.08,18294,0.075,4.105,4.18
5655313.09,18295,1.189,3.998,5.187
5655335.34,18293,0.097,6.178,6.275
5655353.41,18294,0.11,4.0,4.11
5655396.71,18295,0.118,4.028,4.146
5655494.81,18293,0.166,4.061,4.227
5655506.18,18294,0.088,4.041,4.128
5655518.16,18295,3.417,4.072,7.489
5655538.34,18293,0.107,8.169,8.275
5655538.6,18294,0.067,6.454,6.521
5655576.13,18295,0.089,3.889,3.978
5655588.12,18294,0.101,4.419,4.52
5655681.73,18293,0.2,5.457,5.657
5655685.88,18295,0.35,3.946,4.296
5655702.13,18294,2.167,5.981,8.147
5655721.46,18293,0.14,3.961,4.1
5655738.06,18295,0.073,3.931,4.003
5655742.36,18294,0.063,4.149,4.213
5655756.26,18293,0.077,3.872,3.949
5655758.03,18295,0.05,3.915,3.965
5655791.41,18294,0.11,4.248,4.358
5655805.35,18293,0.07,3.869,3.938
5655816.17,18295,0.09,4.031,4.121
5655843.71,18294,0.094,5.98,6.074
5655850.07,18293,0.068,3.965,4.033
5655863.18,18295,0.074,4.057,4.13
5655882.12,18294,0.072,6.004,6.076
5655886.16,18293,0.05,6.073,6.123
5655898.73,18295,0.087,3.956,4.044
5655927.08,18294,0.096,4.947,5.043
5655943.05,18293,0.107,5.009,5.116
5655983.48,18295,0.09,4.23,4.32
5656025.5,18293,0.057,3.877,3.934
5656026.67,18294,0.096,6.523,6.619
5656067.42,18295,0.087,4.083,4.17
5656103.56,18293,0.098,4.988,5.086
5656129.55,18294,0.143,6.326,6.469
5656234.78,18295,0.11,5.605,5.715
5656236.71,18293,0.067,4.22,4.287
5656255.72,18294,0.092,9.175,9.266
5656255.84,18295,1.097,7.761,8.857
5656269.18,18293,0.085,4.043,4.128
5656307.66,18294,0.114,10.031,10.144
5656312.12,18295,1.858,7.062,8.92
5656314.35,18293,0.07,6.039,6.108
5656319.73,18294,0.068,4.039,4.107
5656330.96,18295,0.065,4.182,4.247
5656339.04,18293,0.055,3.936,3.99
5656353.11,18294,0.092,4.235,4.327
5656392.97,18295,0.08,5.055,5.135
5656421.75,18293,0.063,3.925,3.987
5656449.13,18294,0.121,4.079,4.2
5656468.65,18295,0.073,5.017,5.09
5656474.78,18293,0.058,4.198,4.256
5656524.77,18294,0.211,8.355,8.566
5656525.08,18295,0.931,7.013,7.944
5656543.12,18293,0.07,6.006,6.076
5656550.85,18294,0.067,4.026,4.093
5656558.37,18295,0.065,4.124,4.189
5656582.83,18293,0.082,4.306,4.387
5656588.5,18294,0.073,4.08,4.153
5656648.27,18295,0.096,4.061,4.157
5656658.15,18293,1.096,3.927,5.023
5656666.7,18294,0.551,4.055,4.606
5656785.58,18295,1.678,4.307,5.984
5656789.39,18293,0.085,4.246,4.331
5656834.4,18294,0.229,4.251,4.48
5656837.96,18295,1.274,7.93,9.205
5656842.9,18293,0.17,4.569,4.738
5656853.26,18294,0.903,4.098,5.001
5656877.16,18295,1.386,4.003,5.389
5656877.86,18293,0.061,4.336,4.396
5656902.03,18294,1.691,3.929,5.621
5656920.22,18295,0.08,6.092,6.171
5656926.93,18293,0.071,4.041,4.112
5656938.02,18294,0.071,3.912,3.983
5656950.16,18295,0.073,6.042,6.115
5656997.42,18293,0.124,3.909,4.034
5657039.34,18294,0.09,4.058,4.148
5657076.03,18295,0.077,3.895,3.972
5657100.39,18293,0.079,3.971,4.05
5657123.4,18294,2.16,4.311,6.471
5657128.17,18295,0.059,4.067,4.126
5657162.46,18293,0.155,4.232,4.387
5657171.5,18294,0.083,3.953,4.036
5657188.8,18295,0.091,4.045,4.136
5657227.37,18293,0.11,6.059,6.169
5657238.29,18294,0.069,4.007,4.076
5657306.02,18295,0.085,6.227,6.311
5657311.65,18293,0.638,4.102,4.74
5657330.07,18294,0.08,3.943,4.023
5657374.34,18295,0.092,4.038,4.13
5657384.04,18293,0.066,5.921,5.987
5657384.1,18294,1.151,5.954,7.105
5657414.22,18295,0.078,6.089,6.168
5657422.03,18293,0.062,3.922,3.985
5657443.36,18294,0.068,4.007,4.076
5657451.9,18295,0.077,4.07,4.147
5657460.67,18293,0.066,4.108,4.174
5657473.64,18294,0.068,6.067,6.135
5657480.95,18295,0.084,4.228,4.312
5657485.35,18293,0.065,4.103,4.168
5657501.97,18294,0.075,3.843,3.918
5657524.15,18295,0.063,4.044,4.107
5657531.81,18293,0.091,4.007,4.098
5657633.82,18294,0.094,4.322,4.416
5657642.87,18295,0.089,4.045,4.133
5657667.28,18293,0.189,4.125,4.314
5657696.2,18294,3.996,6.081,10.078
5657740.79,18295,0.151,7.315,7.465
5657744.24,18293,0.08,6.998,7.078
5657765.02,18294,0.112,4.053,4.165
5657768.43,18295,0.072,4.344,4.415
5657773.09,18294,0.096,3.977,4.073
5657777.38,18293,0.06,6.835,6.895
5657789.19,18295,1.881,5.072,6.953
5657817.34,18294,0.86,7.264,8.124
5657931.16,18293,0.103,3.999,4.102
5657996.35,18295,0.106,8.144,8.25
5657996.78,18294,0.071,4.314,4.385
5657997.04,18293,0.061,4.054,4.115
5658144.21,18295,1.105,6.113,7.219
5658219.3,18294,0.142,4.918,5.059
5658253.9,18293,0.163,3.887,4.05
5658303.34,18295,0.105,4.178,4.283
5658308.16,18294,0.067,4.051,4.118
5658323.72,18293,0.074,5.102,5.176
5658334.12,18295,0.066,6.009,6.075
5658400.2,18294,2.047,5.097,7.144
5658410.7,18293,0.067,3.985,4.052
5658458.09,18295,0.175,4.096,4.271
5658608.89,18294,0.113,3.97,4.082
5658616.77,18293,0.08,7.315,7.395
5658644.43,18295,0.1,6.263,6.364
5658716.32,18294,0.182,4.044,4.226
5658760.16,18293,0.164,3.961,4.126
5658835.7,18295,0.133,5.092,5.225
5658867.36,18294,1.245,4.846,6.091
5658886.86,18293,0.098,5.694,5.791
5658895.96,18295,0.108,4.005,4.113
5658946.76,18294,0.102,6.15,6.252
5658951.66,18293,0.069,6.162,6.231
5658972.25,18295,1.041,4.142,5.184
5659051.15,18294,0.097,7.0,7.097
5659052.25,18293,0.077,6.113,6.19
5659309.54,18295,0.156,4.918,5.074
5659330.99,18294,0.111,4.197,4.307
5659351.32,18293,0.106,4.144,4.251
5659370.28,18295,0.088,4.126,4.215
5659491.05,18294,0.154,6.864,7.018
5659494.61,18293,0.082,4.046,4.127
5659499.85,18295,0.071,4.974,5.045
5659518.57,18294,0.094,4.065,4.159
5659543.03,18293,0.085,3.868,3.954
5659575.16,18295,1.445,4.058,5.503
5659655.62,18294,0.241,4.011,4.252
5659697.83,18293,0.156,3.937,4.093
5659715.02,18295,0.096,4.307,4.403
5659715.2,18294,0.061,4.091,4.152
5659729.11,18293,0.093,3.939,4.032
5659744.72,18295,0.124,3.932,4.056
5659769.21,18294,0.095,4.064,4.159
5659775.05,18293,0.079,3.959,4.038
5659780.28,18295,0.084,4.156,4.24
5659788.23,18294,0.071,3.989,4.06
5659818.13,18293,0.139,3.966,4.105
5659876.85,18295,0.096,4.103,4.199
5659904.01,18294,0.072,3.89,3.962
5659915.28,18293,0.122,4.006,4.129
5659983.27,18295,0.115,6.096,6.211
5660054.18,18294,0.109,6.014,6.123
5660067.66,18293,0.089,7.507,7.596
5660077.16,18295,3.152,4.048,7.2
5660104.91,18294,0.071,4.044,4.115
5660131.19,18293,0.097,3.999,4.096
5660138.43,18295,0.068,4.2,4.268
5660155.82,18294,0.072,4.133,4.205
5660176.02,18293,0.121,6.879,7.0
5660182.36,18295,0.109,4.133,4.241
5660188.69,18294,0.081,6.183,6.265
5660194.54,18293,0.106,5.682,5.788
5660199.04,18295,0.052,6.554,6.606
5660203.25,18294,0.054,7.122,7.176
5660234.1,18293,0.071,4.306,4.376
5660287.97,18295,0.093,4.206,4.298
5660306.83,18294,0.075,4.081,4.156
5660323.06,18293,0.071,3.945,4.016
5660344.24,18295,0.064,6.549,6.613
5660422.29,18294,0.078,4.02,4.098
5660450.14,18293,0.07,4.023,4.093
5660463.47,18295,0.088,5.017,5.105
5660531.22,18294,0.081,4.09,4.172
5660569.52,18293,0.091,3.98,4.07
5660624.17,18295,1.081,4.031,5.113
5660637.85,18294,0.094,4.047,4.142
5660659.27,18293,0.108,5.649,5.756
5660671.15,18295,1.088,4.998,6.086
5660673.93,18294,0.08,4.1,4.181
5660694.03,18293,0.094,4.316,4.41
5660705.64,18295,0.12,5.772,5.891
5660721.56,18294,0.109,3.924,4.033
5660743.19,18293,0.1,4.031,4.131
5660748.41,18295,0.302,5.064,5.365
5660782.19,18294,0.083,4.051,4.133
5660829.1,18293,0.126,3.972,4.098
5660859.57,18295,0.126,5.135,5.261
5660888.26,18294,0.133,4.043,4.176
5660911.09,18293,0.077,3.96,4.036
5660939.93,18295,0.111,3.977,4.088
5660945.98,18294,0.066,3.944,4.01
5660950.24,18293,0.059,4.093,4.152
5660955.8,18295,0.063,3.937,4.0
5660976.19,18294,0.077,4.067,4.144
5660999.97,18293,1.881,3.839,5.72
5661011.89,18295,0.076,4.045,4.122
5661029.14,18294,0.071,4.028,4.099
5661048.75,18293,0.098,3.982,4.08
5661076.67,18295,0.075,7.186,7.261
5661080.55,18294,0.055,5.946,6.001
5661084.72,18293,0.058,4.026,4.084
5661090.97,18295,0.11,3.931,4.04
5661114.36,18294,0.064,4.26,4.324
5661122.15,18293,0.067,4.043,4.11
5661147.14,18295,1.042,6.055,7.097
5661161.41,18294,0.084,6.27,6.354
5661186.46,18293,0.072,11.515,11.587
5661186.68,18295,0.235,9.614,9.849
5661187.47,18294,0.052,5.84,5.892
5661203.01,18293,2.001,3.95,5.95
5661260.09,18295,0.116,5.012,5.129
5661268.45,18294,0.121,4.171,4.292
5661284.02,18293,0.095,4.845,4.94
5661310.66,18295,0.075,4.118,4.193
5661334.13,18294,0.077,4.007,4.083
5661352.93,18293,0.073,4.011,4.085
5661382.62,18295,0.079,4.078,4.157
5661401.14,18294,0.072,4.025,4.097
5661411.29,18293,0.441,5.794,6.234
5661411.82,18295,0.355,6.279,6.634
5661416.02,18294,0.072,4.899,4.971
5661435.13,18293,0.073,6.012,6.085
5661460.33,18295,0.092,4.104,4.196
5661511.23,18294,0.103,4.069,4.172
5661516.05,18293,2.051,4.928,6.979
5661528.14,18294,0.072,4.044,4.115
5661536.2,18295,0.056,4.102,4.158
5661567.75,18293,0.084,4.983,5.067
5661567.81,18294,0.058,4.195,4.253
5661655.35,18295,0.154,4.141,4.296
5661662.1,18293,0.086,5.948,6.035
5661662.42,18294,0.055,4.264,4.319
5661667.02,18295,0.085,4.068,4.152
5661716.25,18293,0.146,6.089,6.235
5661749.05,18294,0.137,4.108,4.245
5661792.48,18295,0.112,4.081,4.193
5661797.91,18293,0.097,5.062,5.158
5661892.16,18294,2.084,7.99,10.074
5661894.11,18295,2.046,8.024,10.07
5661922.19,18293,1.104,4.059,5.163
5661962.39,18294,0.109,7.207,7.316
5661993.1,18295,0.091,6.95,7.041
5661995.26,18293,3.009,5.767,8.776
5662038.91,18294,2.965,3.975,6.941
5662043.09,18295,0.069,3.971,4.04
5662054.51,18293,0.062,7.928,7.99
5662058.09,18294,1.062,5.995,7.057
5662110.99,18295,0.088,4.014,4.102
5662198.55,18293,0.946,4.414,5.36
5662264.32,18294,0.125,4.129,4.254
5662266.74,18295,0.107,4.473,4.579
5662273.3,18293,0.087,5.708,5.794
5662285.14,18294,0.872,4.029,4.902
5662315.35,18295,0.092,4.025,4.117
5662324.21,18293,2.053,4.103,6.156
5662336.17,18294,0.08,4.958,5.038
5662347.61,18295,0.074,4.049,4.123
5662355.96,18293,0.073,5.85,5.923
5662370.04,18294,0.072,5.13,5.202
5662428.79,18295,0.074,3.999,4.073
5662438.13,18294,1.561,6.02,7.58
5662440.07,18293,0.061,10.138,10.199
5662442.47,18295,0.067,3.999,4.066
5662492.9,18294,0.11,4.021,4.131
5662519.59,18293,0.089,8.151,8.24
5662541.09,18295,0.07,3.97,4.04
5662573.76,18294,0.087,4.17,4.258
5662588.55,18293,0.077,4.088,4.164
5662663.48,18295,0.157,4.095,4.251
5662700.29,18294,1.792,5.147,6.939
5662743.98,18293,0.141,5.884,6.024
5662784.64,18295,0.125,4.426,4.551
5662788.88,18294,0.093,3.969,4.062
5662793.06,18293,0.066,3.912,3.977
5662848.51,18295,0.1,7.099,7.199
5662880.94,18294,0.093,3.956,4.049
5662885.48,18293,0.073,3.868,3.941
5662887.76,18295,0.059,4.12,4.179
5662906.24,18294,0.081,4.04,4.121
5662909.25,18293,0.06,4.142,4.202
5662977.14,18295,0.099,4.054,4.154
5663007.77,18294,0.085,5.108,5.193
5663012.26,18293,0.075,7.444,7.519
5663036.2,18295,0.072,8.198,8.27
5663061.26,18294,0.206,3.961,4.166
5663073.89,18293,0.101,3.93,4.03
5663087.99,18295,0.075,6.027,6.102
5663090.13,18294,0.213,6.051,6.265
5663135.39,18293,2.326,6.0,8.326
5663137.09,18295,1.037,4.009,5.046
5663148.3,18294,0.08,3.999,4.079
5663170.18,18293,0.08,7.049,7.129
5663213.95,18295,0.093,4.437,4.53
5663220.13,18294,0.078,5.844,5.923
5663255.12,18293,2.114,6.935,9.049
5663276.87,18295,0.091,4.086,4.177
5663288.61,18294,0.068,4.012,4.081
5663292.67,18293,0.067,3.93,3.996
5663307.09,18295,0.053,7.989,8.042
5663307.66,18294,1.999,4.607,6.606
5663314.16,18293,0.065,3.907,3.972
5663337.16,18295,0.088,4.017,4.105
5663352.06,18294,0.071,4.946,5.017
5663384.53,18293,0.089,4.211,4.299
5663400.67,18295,1.783,4.589,6.372
5663434.62,18294,0.229,5.507,5.737
5663471.09,18293,0.094,6.942,7.036
5663486.54,18295,0.086,3.984,4.07
5663508.07,18294,0.087,4.533,4.619
5663525.31,18293,0.078,4.183,4.261
5663529.61,18295,0.535,4.185,4.72
5663534.73,18294,0.056,4.021,4.077
5663547.15,18293,0.064,6.043,6.108
5663582.78,18295,0.147,5.586,5.733
5663590.73,18294,0.059,4.084,4.143
5663603.41,18293,0.083,5.961,6.045
5663636.13,18295,0.168,6.798,6.967
5663646.88,18294,1.506,4.739,6.245
5663781.02,18293,1.046,3.889,4.935
5663819.02,18295,0.149,4.098,4.246
5663834.19,18294,0.107,5.912,6.019
5663939.18,18293,1.545,4.066,5.611
5663961.23,18295,0.101,4.074,4.175
5663965.76,18294,0.104,4.023,4.127
5663970.53,18293,0.083,4.6,4.682
5663976.83,18295,3.153,6.128,9.282
5663981.1,18294,3.406,7.985,11.391
5663988.54,18293,0.049,8.555,8.604
5663991.04,18295,0.096,11.905,12.001
5663994.75,18294,0.073,3.952,4.025
5664002.37,18293,0.065,5.917,5.982
5664029.11,18295,0.066,6.005,6.072
5664036.78,18294,0.057,5.685,5.743
5664064.75,18293,0.079,3.981,4.06
5664073.67,18295,0.073,4.03,4.103
5664082.85,18294,0.115,4.125,4.24
5664150.17,18293,2.237,4.042,6.28
5664168.79,18295,0.081,3.893,3.974
5664175.24,18294,0.062,4.274,4.335
5664177.12,18293,0.052,4.01,4.062
5664196.23,18295,0.055,4.041,4.096
5664218.37,18294,0.073,6.243,6.316
5664224.09,18293,0.058,3.964,4.022
5664256.52,18295,0.078,3.947,4.025
5664318.3,18293,0.061,3.9,3.96
5664322.43,18294,0.169,8.193,8.362
5664378.19,18295,0.086,4.107,4.193
5664555.81,18293,0.125,5.51,5.635
5664576.76,18294,0.106,4.08,4.186
5664597.71,18295,0.095,4.038,4.133
5664652.11,18293,2.069,6.972,9.041
5664663.54,18294,0.107,4.078,4.185
5664673.62,18295,0.082,4.132,4.213
5664704.65,18293,0.113,5.473,5.586
5664744.2,18294,2.04,6.106,8.146
5664785.09,18295,0.147,4.101,4.248
5664837.37,18293,0.076,4.243,4.319
5664885.18,18294,0.085,4.046,4.13
5665054.19,18295,1.062,6.059,7.121
5665066.01,18293,0.08,3.892,3.972
5665224.85,18294,0.17,6.03,6.201
5665465.65,18295,0.163,4.167,4.33
5665505.86,18293,0.155,3.887,4.042
5665555.18,18294,2.09,6.022,8.113
5665600.75,18295,0.104,3.964,4.068
5665639.28,18293,0.093,4.027,4.121
5665659.12,18294,0.084,6.963,7.047
5665952.27,18295,0.158,6.464,6.622
5665968.97,18293,0.145,6.075,6.219
5666024.18,18294,1.08,5.047,6.127
5666127.82,18295,0.212,6.263,6.474
5666135.1,18293,0.923,4.009,4.932
5666178.23,18294,0.091,5.081,5.172
5666218.0,18295,0.099,3.929,4.028
5666247.33,18293,0.1,6.121,6.221
5666399.45,18294,0.118,8.148,8.266
5666434.15,18295,0.127,4.076,4.203
5666449.31,18293,0.115,3.935,4.05
5666690.16,18294,1.666,3.95,5.616
5666779.44,18295,0.157,5.116,5.272
5666846.61,18293,0.194,4.154,4.349
5666934.57,18294,0.131,4.119,4.25
5666954.39,18295,0.101,7.451,7.552
5667056.19,18293,2.042,6.086,8.128
5667136.57,18294,0.126,5.979,6.105
5667171.08,18295,0.1,5.926,6.027
5667252.17,18293,0.107,4.149,4.256
5667299.16,18294,1.035,4.062,5.097
5667323.4,18295,0.1,4.136,4.236
5667375.35,18293,2.108,6.169,8.276
5667387.12,18294,0.102,5.004,5.106
5667395.2,18295,0.081,4.063,4.144
5667460.13,18293,0.081,3.998,4.079
5667486.2,18294,0.078,4.072,4.15
5667510.95,18295,0.087,4.026,4.113
5667519.4,18293,0.101,4.459,4.561
5667565.21,18294,0.093,5.059,5.152
5667574.06,18295,2.03,4.983,7.013
5667581.48,18293,0.096,4.931,5.027
5667591.38,18294,0.098,4.121,4.22
5667595.76,18295,0.092,4.081,4.173
5667620.08,18293,0.069,5.962,6.031
5667671.38,18294,0.141,4.061,4.201
5667677.74,18295,0.093,4.064,4.157
5667716.17,18293,0.126,3.955,4.081
5667728.08,18294,0.082,3.953,4.034
5667756.83,18295,0.1,4.052,4.151
5667784.07,18293,0.087,3.93,4.018
5667835.08,18294,0.072,3.964,4.037
5667839.7,18295,0.069,4.005,4.074
5667881.07,18293,0.086,4.002,4.087
5667888.73,18294,0.059,3.99,4.049
5667915.07,18295,0.142,7.403,7.545
5667919.8,18293,0.125,4.217,4.342
5667976.17,18294,0.085,4.034,4.119
5667995.68,18295,0.086,4.027,4.114
5668007.4,18293,0.124,4.189,4.313
5668044.09,18294,0.092,5.939,6.032
5668058.18,18295,0.065,4.062,4.127
5668082.46,18293,0.079,4.206,4.285
5668116.13,18294,0.849,4.029,4.878
5668126.44,18295,0.102,8.547,8.649
5668130.48,18293,3.051,6.386,9.437
5668148.04,18294,2.295,3.956,6.251
5668177.39,18295,0.086,3.976,4.062
5668218.11,18293,0.131,6.897,7.028
5668219.21,18294,0.922,4.125,5.047
5668224.57,18295,0.073,6.101,6.174
5668234.84,18294,0.075,4.008,4.083
5668260.73,18293,0.072,6.093,6.165
5668269.16,18295,0.063,6.227,6.291
5668288.86,18294,0.076,4.02,4.096
5668293.55,18293,0.063,7.905,7.968
5668293.86,18295,0.044,6.65,6.694
5668304.04,18294,0.817,5.958,6.775
5668317.07,18293,0.07,6.325,6.395
5668318.97,18295,0.055,4.256,4.311
5668322.69,18294,0.053,4.058,4.111
5668337.92,18293,0.066,6.917,6.983
5668380.9,18295,0.099,4.171,4.271
5668432.05,18294,1.62,3.951,5.571
5668452.93,18293,0.1,6.0,6.099
5668476.14,18295,0.083,4.0,4.082
5668512.92,18294,0.095,4.306,4.402
5668539.2,18293,0.09,8.05,8.141
5668539.41,18295,2.022,4.322,6.344
5668547.5,18294,0.072,6.156,6.227
5668571.37,18293,0.077,4.25,4.327
5668600.41,18295,0.077,3.976,4.053
5668633.04,18294,1.034,5.956,6.99
5668633.76,18293,0.071,3.846,3.917
5668638.14,18295,0.064,4.119,4.184
5668688.91,18294,0.157,4.028,4.185
5668727.69,18293,0.143,3.977,4.119
5668738.05,18295,0.988,3.951,4.939
5668770.84,18294,2.199,4.688,6.887
5668829.5,18293,0.111,7.129,7.24
5668843.27,18295,0.085,7.123,7.208
5668844.11,18294,0.069,3.991,4.061
5668858.43,18293,0.086,5.974,6.06
5668871.06,18295,0.07,4.015,4.085
5668881.18,18294,0.068,6.093,6.161
5668934.25,18293,0.088,5.111,5.199
5668941.4,18295,0.323,7.031,7.355
5669079.8,18294,0.121,3.962,4.083
5669218.1,18293,0.125,3.945,4.07
5669309.15,18295,2.088,6.001,8.089
5669351.46,18294,0.09,6.046,6.136
5669543.5,18293,0.156,4.016,4.172
5669570.26,18295,0.135,6.057,6.192
5669616.6,18294,0.111,7.029,7.14
5669627.9,18293,0.091,3.967,4.058
5669655.19,18295,0.096,4.028,4.124
5669665.54,18294,0.113,4.502,4.615
5669680.71,18293,0.117,4.11,4.226
5669755.05,18295,0.142,4.039,4.181
5669780.13,18294,0.102,3.961,4.063
5669810.77,18293,0.1,5.599,5.699
5669836.14,18295,0.084,4.007,4.092
5669952.79,18294,0.261,6.453,6.714
5669962.49,18293,2.277,4.284,6.561
5669988.23,18295,0.089,4.087,4.176
5670090.14,18294,0.162,4.104,4.266
5670133.75,18293,0.121,3.993,4.113
5670161.24,18295,1.756,4.062,5.818
5670316.45,18294,0.217,4.407,4.624
5670323.34,18293,0.122,4.044,4.167
5670325.24,18295,0.083,4.274,4.358
5670450.14,18294,1.207,3.942,5.149
5670511.49,18293,0.145,6.21,6.355
5670524.39,18294,0.06,7.971,8.032
5670524.6,18295,2.289,10.458,12.747
5670551.52,18293,0.079,4.279,4.358
5670607.17,18294,0.07,4.049,4.12
5670804.29,18295,0.127,4.077,4.203
5670859.16,18293,1.046,4.045,5.091
5670863.7,18294,0.1,8.027,8.127
5670884.21,18295,0.082,4.085,4.167
5670944.32,18294,0.068,4.243,4.311
5670945.07,18293,0.099,5.975,6.074
5671008.33,18295,0.092,4.032,4.123
5671058.24,18294,0.095,4.081,4.175
5671084.92,18293,0.098,4.049,4.148
5671189.23,18295,0.159,4.997,5.156
5671429.21,18294,1.101,4.037,5.138
5671712.62,18293,0.139,6.39,6.529
5671730.92,18295,0.145,4.109,4.253
5671852.66,18294,0.201,4.365,4.566
5672027.53,18293,0.167,5.743,5.911
5672058.45,18295,0.129,4.134,4.263
5672094.22,18294,0.14,4.067,4.206
5672169.26,18293,0.141,3.975,4.117
5672182.5,18295,0.099,4.148,4.247
5672227.64,18294,0.12,4.46,4.579
5672301.1,18293,0.131,3.901,4.032
5672333.17,18295,1.132,4.046,5.178
5672364.02,18294,0.12,6.045,6.165
5672566.39,18293,0.161,5.144,5.306
5672719.28,18295,0.135,4.063,4.199
5672753.14,18294,0.151,4.247,4.398
5672777.21,18293,0.13,6.015,6.145
5672834.28,18295,0.111,6.003,6.114
5672897.37,18294,0.096,6.196,6.292
5673027.51,18293,0.106,4.234,4.34
5673041.33,18295,0.089,5.22,5.309
5673070.93,18294,0.226,5.902,6.129
5673103.06,18293,0.139,5.894,6.034
5673112.29,18295,0.091,6.021,6.112
5673126.44,18294,1.857,7.289,9.146
5673158.79,18293,0.089,3.866,3.955
5673171.4,18295,0.07,4.067,4.137
5673398.74,18294,0.122,4.076,4.198
5673431.99,18293,0.098,4.098,4.197
5673472.25,18295,2.1,5.07,7.17
5673486.76,18294,0.094,4.015,4.109
5673525.91,18293,0.108,4.08,4.188
5673531.79,18295,0.687,5.699,6.386
5673544.02,18294,0.101,5.399,5.5
5673632.74,18293,0.105,4.076,4.181
5673648.93,18295,0.063,4.175,4.238
5673697.48,18294,0.145,6.145,6.29
5673713.27,18293,0.101,5.942,6.043
5673727.66,18295,0.429,4.153,4.582
5673747.5,18294,0.208,4.048,4.256
5673751.57,18293,0.587,3.933,4.52
5673771.49,18295,0.072,8.014,8.086
5673778.42,18294,0.103,4.462,4.564
5673782.97,18293,0.069,4.405,4.474
5673820.87,18295,1.917,4.147,6.065
5673824.11,18294,0.094,4.574,4.668
5673871.34,18293,0.06,4.082,4.142
5673872.22,18295,1.4,5.141,6.541
5673909.29,18294,0.081,4.153,4.234
5673917.46,18293,0.248,4.302,4.549
5673921.53,18295,1.55,3.935,5.485
5673923.82,18294,0.062,4.064,4.126
5673933.34,18295,1.038,4.28,5.318
5673937.03,18293,0.07,3.908,3.978
5673955.11,18295,0.07,5.0,5.07
5673984.69,18294,0.105,4.354,4.459
5673991.87,18293,0.067,3.881,3.947
5674014.92,18295,0.113,6.294,6.407
5674029.49,18294,0.08,6.365,6.445
5674056.61,18293,0.085,5.377,5.461
5674070.35,18295,1.301,4.011,5.311
5674122.44,18294,0.078,6.082,6.16
5674152.12,18293,0.106,4.001,4.107
5674161.54,18295,0.067,4.06,4.127
5674201.11,18294,0.15,5.146,5.295
5674208.35,18293,2.05,6.236,8.286
5674223.47,18295,0.122,7.069,7.191
5674254.3,18294,0.19,7.098,7.288
5674283.3,18293,1.319,6.155,7.475
5674290.24,18295,0.093,8.028,8.121
5674314.28,18294,0.16,5.129,5.289
5674337.05,18293,2.125,3.918,6.044
5674349.22,18295,0.08,6.073,6.152
5674355.52,18294,0.352,6.118,6.47
5674384.99,18293,0.088,4.136,4.225
5674395.72,18295,0.096,4.156,4.252
5674402.9,18294,0.082,4.157,4.239
5674425.08,18293,2.131,3.975,6.105
5674429.61,18295,0.07,8.157,8.227
5674443.17,18294,0.073,6.052,6.125
5674447.32,18293,0.269,4.014,4.283
5674456.36,18295,0.07,6.248,6.318
5674475.41,18294,0.067,5.968,6.035
5674493.9,18293,0.1,3.912,4.012
5674496.29,18295,0.06,4.156,4.216
5674504.17,18293,0.062,4.909,4.971
5674517.68,18294,0.098,4.252,4.35
5674531.92,18295,0.08,4.276,4.356
5674546.52,18293,1.348,3.965,5.313
5674613.42,18294,0.105,6.018,6.123
5674652.93,18295,0.076,4.013,4.089
5674679.38,18293,0.148,4.398,4.546
5674698.11,18294,1.684,3.993,5.677
5674729.32,18295,2.222,6.113,8.334
5674781.17,18293,0.185,3.963,4.148
5674795.01,18294,0.098,4.704,4.802
5674816.08,18295,0.067,4.013,4.08
5674866.07,18293,0.077,5.971,6.048
5674873.79,18294,0.075,4.213,4.288
5674884.11,18295,0.056,6.016,6.072
5674888.12,18293,0.057,3.884,3.941
5674930.05,18294,0.071,4.094,4.166
5674965.25,18295,0.084,4.11,4.193
5674983.08,18293,0.072,3.964,4.037
5675040.34,18294,0.086,5.315,5.401
5675080.79,18295,0.08,4.081,4.161
5675135.1,18293,1.973,4.017,5.99
5675146.52,18294,0.086,4.028,4.114
5675150.12,18295,0.06,4.008,4.068
5675203.05,18294,1.443,5.967,7.411
5675241.26,18293,0.097,4.101,4.198
5675289.69,18295,0.092,4.239,4.33
5675355.2,18294,2.033,4.113,6.145
5675376.91,18293,0.085,4.026,4.112
5675426.32,18295,0.092,3.999,4.091
5675522.1,18294,0.157,5.973,6.129
5675669.03,18293,0.154,4.132,4.286
5675689.22,18295,0.132,4.016,4.148
5675804.76,18294,0.133,4.023,4.156
5676114.4,18293,0.185,5.8,5.985
5676313.12,18295,0.702,5.983,6.685
5676331.15,18294,0.12,3.959,4.078
5676369.92,18293,0.122,4.05,4.173
5676388.79,18295,0.097,4.009,4.106
5676446.7,18294,0.09,3.926,4.017
5676478.02,18293,0.145,4.043,4.188
5676485.54,18295,0.102,3.955,4.057
5676572.21,18294,0.131,6.007,6.138
5676651.03,18293,0.159,3.96,4.119
5676683.31,18295,0.144,6.084,6.229
5676684.58,18294,0.086,4.431,4.518
5676737.91,18293,0.131,3.94,4.071
5676797.11,18295,1.752,3.986,5.738
5676835.19,18294,0.112,6.009,6.121
5676855.25,18293,0.098,4.093,4.191
5676887.81,18295,0.081,4.001,4.082
5676888.48,18294,0.105,4.08,4.185
5676949.75,18293,0.089,4.076,4.165
5676957.96,18294,0.094,4.086,4.18
5676958.04,18295,0.074,6.05,6.124
5676977.95,18293,0.092,3.994,4.086
5676988.15,18294,0.073,6.035,6.108
5676989.32,18295,0.056,4.218,4.274
5677029.89,18293,0.084,3.894,3.978
5677047.18,18294,0.115,4.019,4.134
5677054.52,18295,0.15,3.94,4.09
5677066.27,18293,0.07,7.192,7.262
5677068.35,18294,0.074,4.045,4.12
5677106.18,18295,3.059,4.06,7.119
5677118.86,18293,0.123,4.117,4.24
5677164.99,18294,0.106,4.091,4.196
5677235.18,18295,1.531,4.04,5.571
5677270.45,18293,0.291,4.094,4.384
5677280.08,18294,0.076,5.947,6.023
5677376.41,18295,0.158,6.219,6.376
5677382.63,18293,0.288,6.101,6.389
5677394.07,18294,0.082,5.924,6.005
5677447.58,18295,0.178,4.197,4.375
5677480.04,18293,1.045,6.933,7.978
5677484.19,18294,0.067,4.059,4.126
5677497.95,18293,0.079,5.049,5.129
5677518.57,18295,0.138,4.016,4.154
5677527.77,18294,0.112,3.997,4.108
5677553.94,18293,0.293,4.116,4.408
5677606.87,18295,0.163,4.031,4.194
5677623.84,18294,0.081,4.095,4.175
5677639.05,18293,0.106,4.092,4.198
5677643.22,18295,0.089,4.059,4.148
5677644.83,18294,0.067,4.057,4.124
5677672.49,18293,0.227,9.364,9.59
5677676.81,18295,1.052,6.672,7.724
5677702.79,18294,0.117,4.196,4.313
5677714.55,18293,0.101,7.859,7.96
5677740.59,18295,0.171,5.133,5.303
5677746.43,18294,0.093,6.067,6.16
5677758.65,18295,0.506,4.047,4.553
5677783.16,18293,0.127,7.973,8.1
5677813.23,18294,0.141,4.008,4.149
5677944.37,18295,0.185,6.099,6.283
5677965.14,18293,1.091,3.975,5.066
5677987.1,18295,0.067,3.949,4.016
5677987.69,18294,0.105,6.083,6.188
5677998.03,18293,0.062,4.046,4.108
5678012.17,18295,0.119,3.946,4.065
5678041.23,18293,1.81,4.103,5.913
5678042.7,18294,3.302,7.329,10.631
5678065.62,18295,0.077,4.065,4.142
5678078.95,18293,0.086,3.822,3.908
5678084.03,18294,0.062,4.134,4.196
5678110.14,18295,0.402,6.045,6.447
5678116.53,18293,0.063,3.996,4.059
5678121.96,18294,1.172,5.128,6.3
5678129.32,18293,2.364,10.167,12.531
5678129.47,18295,0.074,8.572,8.647
5678134.35,18294,0.069,3.997,4.066
5678174.41,18293,0.129,4.239,4.367
5678178.66,18295,0.084,4.068,4.152
5678258.15,18294,0.106,3.986,4.092
5678262.22,18293,0.689,4.109,4.798
5678314.45,18294,0.118,6.987,7.105
5678326.71,18295,0.128,4.091,4.219
5678330.9,18293,0.081,3.891,3.972
5678359.5,18294,0.095,4.142,4.236
5678362.34,18295,0.103,5.167,5.27
5678394.07,18293,0.088,4.152,4.24
5678441.69,18294,0.127,5.105,5.232
5678492.21,18295,1.132,6.07,7.202
5678543.54,18293,0.088,5.403,5.491
5678570.2,18294,0.084,6.047,6.13
5678594.02,18295,0.08,5.539,5.619
5678632.88,18293,0.119,4.05,4.17
5678658.45,18294,0.763,4.002,4.766
5678688.07,18295,1.314,3.957,5.271
5678702.33,18293,0.075,13.201,13.276
5678702.42,18294,1.223,3.945,5.168
5678704.57,18295,2.021,4.493,6.514
5678715.56,18293,0.224,9.463,9.687
5678715.74,18294,0.438,7.671,8.109
5678739.68,18295,0.109,7.985,8.094
5678749.45,18293,0.093,4.851,4.943
5678806.25,18294,0.937,5.15,6.088
5678825.99,18295,0.123,4.231,4.354
5678885.16,18293,2.294,4.019,6.313
5678909.12,18294,0.091,4.106,4.196
5678916.23,18295,0.079,4.106,4.184
5678924.01,18293,1.795,3.927,5.722
5678968.19,18294,2.32,6.084,8.404
5678978.98,18295,0.099,4.071,4.17
5678989.19,18293,0.08,4.068,4.148
5679005.14,18294,2.023,4.073,6.096
5679031.13,18295,0.075,6.005,6.08
5679034.98,18293,0.056,5.911,5.967
5679113.22,18294,0.088,4.08,4.167
5679140.8,18295,0.079,4.437,4.517
5679203.04,18293,0.082,3.867,3.948
5679225.05,18294,1.903,3.977,5.88
5679263.54,18295,0.066,4.139,4.205
5679288.14,18293,0.086,4.179,4.265
5679338.2,18294,0.1,4.039,4.139
5679349.27,18295,0.078,4.16,4.238
5679774.79,18293,0.196,4.089,4.285
5679827.96,18294,0.127,3.96,4.087
5679833.34,18295,0.09,4.082,4.172
5679940.26,18293,0.131,4.755,4.886
5680005.13,18294,4.361,4.944,9.305
5680196.64,18295,0.135,4.015,4.15
5680218.06,18293,0.094,4.105,4.199
5680234.34,18294,0.103,4.993,5.096
5680250.54,18295,0.118,3.932,4.05
5680270.14,18293,0.09,3.991,4.081
5680275.24,18294,0.857,4.13,4.987
5680421.27,18295,3.413,4.117,7.53
5680530.12,18293,0.187,6.042,6.228
5680567.34,18294,0.118,7.526,7.644
5680669.24,18295,0.153,4.305,4.458
5680722.38,18293,0.169,4.129,4.298
5680732.04,18294,2.146,3.932,6.078
5680736.12,18295,0.081,4.069,4.15
5680769.13,18294,2.041,4.008,6.049
5680780.34,18293,0.094,3.98,4.074
5680788.28,18295,0.08,3.981,4.06
5680833.24,18294,0.133,6.068,6.201
5680834.04,18293,0.061,3.913,3.974
5680867.32,18295,0.117,3.945,4.063
5680935.45,18294,0.134,6.053,6.186
5680959.67,18293,0.1,3.94,4.04
5680976.29,18295,0.073,6.168,6.242
5680977.1,18294,0.061,4.008,4.069
5681020.4,18293,0.092,4.241,4.333
5681050.54,18295,0.082,4.182,4.264
5681078.0,18294,2.028,3.922,5.951
5681083.48,18293,0.067,4.04,4.106
5681136.7,18295,0.1,4.154,4.254
5681154.16,18294,0.091,4.018,4.108
5681161.53,18293,0.064,6.414,6.478
5681174.0,18295,0.072,5.607,5.678
5681220.1,18294,0.089,4.041,4.129
5681237.89,18293,0.088,3.944,4.032
5681261.19,18295,0.076,4.065,4.141
5681265.15,18294,2.049,4.053,6.103
5681324.42,18293,0.092,3.933,4.026
5681386.92,18295,0.086,5.774,5.86
5681391.1,18294,0.093,3.982,4.075
5681395.97,18293,0.059,4.062,4.12
5681406.23,18295,0.078,4.096,4.175
5681422.6,18294,0.076,4.037,4.112
5681485.0,18293,0.083,6.682,6.765
5681491.0,18295,0.059,4.028,4.087
5681515.43,18294,0.095,6.093,6.188
5681559.12,18293,2.294,5.977,8.271
5681611.64,18295,0.095,3.952,4.046
5681626.64,18294,0.085,4.126,4.211
5681670.04,18293,0.122,4.019,4.142
5681679.85,18295,0.078,3.906,3.984
5681699.32,18294,1.052,4.079,5.131
5681712.21,18293,0.112,3.994,4.105
5681741.06,18295,0.164,4.352,4.516
5681835.81,18294,1.171,7.703,8.874
5682046.2,18293,0.147,3.975,4.122
5682056.24,18295,0.155,4.059,4.214
5682113.52,18294,0.108,8.051,8.159
5682129.48,18293,0.131,4.024,4.156
5682134.1,18295,0.093,4.021,4.114
5682218.18,18294,0.09,4.04,4.13
5682290.82,18293,0.123,4.014,4.137
5682380.75,18295,0.126,3.914,4.04
5682404.29,18294,0.119,4.095,4.215
5682448.55,18293,0.126,3.937,4.063
5682478.11,18295,0.093,3.96,4.053
5682564.09,18294,3.208,3.991,7.199
5682670.89,18293,0.12,3.929,4.049
5682695.4,18295,0.165,4.154,4.319
5682723.66,18294,0.117,4.009,4.126
5682736.28,18293,0.092,4.306,4.398
5682765.39,18295,0.126,4.06,4.186
5682773.13,18294,1.484,6.051,7.535
5682846.19,18293,0.142,4.193,4.335
5682854.13,18295,0.093,3.992,4.085
5682917.43,18294,0.151,4.708,4.858
5682933.99,18293,0.101,4.056,4.157
5682944.04,18295,0.112,3.955,4.068
5682960.03,18294,2.031,3.933,5.964
5682971.08,18293,0.065,3.967,4.032
5683120.63,18295,0.116,4.218,4.334
5683126.17,18294,1.356,4.084,5.44
5683361.85,18293,0.137,4.889,5.025
5683848.5,18295,0.166,6.037,6.203
5683885.81,18294,0.119,8.075,8.194
5684020.72,18293,0.112,5.412,5.524
5684178.87,18295,0.733,5.085,5.818
5684477.4,18294,0.157,4.149,4.306
5684514.61,18293,0.127,3.933,4.06
5684525.77,18295,0.085,4.529,4.614
5684550.43,18294,0.084,4.078,4.162
5684561.72,18293,0.07,4.014,4.084
5684637.76,18295,0.078,6.246,6.323
5684650.59,18294,0.071,4.042,4.113
5684729.17,18293,0.144,3.947,4.091
5684827.51,18295,0.164,5.631,5.795
5684855.87,18294,0.111,4.197,4.308
5684870.11,18293,0.081,3.966,4.047
5684964.16,18295,2.249,4.009,6.257
5684971.6,18294,0.106,4.095,4.2
5685048.77,18293,0.177,4.09,4.268
5685054.33,18295,0.099,5.214,5.313
5685255.41,18294,0.155,6.174,6.329
5685307.93,18293,0.126,4.031,4.157
5685355.69,18295,0.139,4.037,4.176
5685479.76,18294,0.131,4.168,4.299
5685560.26,18293,0.122,4.325,4.447
5685572.14,18295,1.146,6.0,7.146
5685716.3,18294,0.196,4.331,4.527
5685743.09,18293,0.152,3.976,4.128
5685771.19,18295,2.09,4.04,6.129
5685952.24,18294,0.126,6.028,6.154
5686032.78,18293,0.137,4.092,4.229
5686215.28,18295,0.172,4.089,4.261
5686234.33,18294,0.109,4.064,4.173
5686281.26,18293,0.094,6.109,6.203
5686363.26,18295,0.103,4.101,4.204
5686373.53,18294,2.336,10.106,12.442
5686373.65,18293,2.828,8.553,11.382
5686429.78,18295,0.113,4.016,4.129
5686462.29,18294,0.089,4.139,4.229
5686492.14,18293,0.08,6.007,6.087
5686572.97,18295,0.105,5.9,6.005
5686577.29,18294,0.062,8.072,8.134
5686634.34,18293,0.098,3.924,4.022
5686659.2,18295,1.249,6.084,7.333
5686777.87,18294,0.242,4.103,4.345
5686813.8,18293,0.114,4.007,4.122
5686880.97,18295,0.339,6.296,6.635
5686886.23,18294,2.766,8.776,11.542
5686900.3,18293,0.139,6.086,6.225
5686922.84,18295,0.18,5.441,5.621
5686969.15,18294,0.146,4.096,4.241
5686973.64,18293,0.121,4.14,4.261
5686986.21,18295,0.795,4.073,4.868
5686990.53,18294,0.059,4.054,4.113
5687000.05,18293,0.057,3.957,4.013
5687022.14,18295,2.27,6.046,8.316
5687030.11,18294,0.057,4.017,4.074
5687097.94,18293,0.074,3.901,3.975
5687104.29,18295,0.075,6.208,6.283
5687179.9,18294,0.105,6.793,6.899
5687233.94,18293,0.105,4.106,4.211
5687268.21,18295,0.102,6.047,6.149
5687279.31,18294,0.082,4.048,4.129
5687287.74,18293,0.069,3.997,4.066
5687291.93,18295,0.058,4.048,4.106
5687298.2,18294,0.054,4.071,4.125
5687307.51,18293,0.063,4.193,4.255
5687320.2,18295,0.08,4.067,4.147
5687349.76,18294,0.075,4.217,4.292
5687352.21,18293,1.093,4.075,5.168
5687380.17,18295,0.088,4.03,4.118
5687410.11,18294,0.084,3.98,4.064
5687415.8,18293,0.074,4.009,4.084
5687419.38,18295,0.066,4.029,4.095
5687485.38,18293,0.092,9.003,9.095
5687513.72,18294,0.088,6.108,6.196
5687528.63,18295,0.066,4.098,4.164
5687632.9,18293,0.093,4.005,4.098
5687642.1,18294,1.932,3.99,5.923
5687755.03,18295,0.159,4.534,4.693
5687791.2,18293,0.167,4.029,4.196
5687797.84,18294,0.112,4.383,4.495
5687818.99,18295,0.113,4.986,5.099
5687836.19,18293,0.1,6.036,6.136
5687870.4,18294,0.083,4.379,4.462
5687882.42,18295,1.539,4.295,5.834
5687914.07,18293,0.106,3.895,4.001
5687920.66,18294,0.076,5.714,5.789
5687932.97,18293,0.057,5.863,5.92
5687937.04,18295,0.068,8.923,8.99
5687966.44,18294,0.083,6.301,6.384
5687968.06,18293,0.061,3.96,4.021
5687979.17,18295,0.074,4.048,4.122
5688051.18,18294,0.113,4.002,4.115
5688071.04,18293,0.077,3.899,3.976
5688087.01,18295,0.095,4.001,4.096
5688119.68,18294,0.116,4.104,4.22
5688182.34,18293,0.125,4.15,4.275
5688211.24,18295,0.163,8.097,8.26
5688211.6,18294,0.075,4.287,4.363
5688218.54,18293,0.066,3.886,3.953
5688229.6,18295,0.097,6.015,6.112
5688251.32,18294,1.032,6.209,7.241
5688274.04,18293,0.07,4.047,4.118
5688351.29,18295,0.12,5.087,5.207
5688479.2,18294,0.151,4.094,4.245
5688479.43,18293,0.069,4.036,4.106
5688519.36,18295,0.124,4.149,4.273
5688604.21,18294,0.131,4.001,4.132
5688613.19,18293,0.085,4.04,4.125
5688638.63,18295,0.102,5.192,5.294
5688667.33,18294,0.094,4.037,4.131
5688771.87,18293,0.205,4.131,4.337
5688805.17,18295,0.158,5.097,5.255
5688905.43,18294,0.159,4.203,4.362
5688933.18,18293,0.792,4.009,4.801
5688970.22,18295,0.718,6.085,6.802
5688974.12,18294,0.06,6.018,6.078
5689004.03,18293,2.061,3.903,5.964
5689033.3,18295,0.078,4.063,4.141
5689042.51,18294,0.078,6.156,6.234
5689048.36,18293,0.063,4.053,4.116
5689062.21,18295,0.06,6.111,6.171
5689084.55,18294,0.069,4.023,4.093
5689124.61,18293,0.086,4.002,4.088
5689127.74,18295,0.06,4.02,4.08
5689157.98,18293,2.084,3.91,5.994
5689231.06,18294,0.139,5.868,6.007
5689237.53,18295,1.412,5.074,6.487
5689238.03,18293,1.729,3.899,5.628
5689249.13,18294,0.758,4.042,4.799
5689266.81,18295,0.077,4.042,4.119
5689270.96,18293,0.091,3.971,4.062
5689287.88,18294,0.224,7.02,7.244
5689288.9,18295,2.254,5.83,8.084
5689328.22,18293,2.533,6.014,8.546
5689328.54,18294,1.176,5.441,6.617
5689346.7,18295,0.088,3.962,4.05
5689378.81,18293,0.08,4.086,4.166
5689464.63,18294,0.1,3.965,4.065
5689477.44,18295,0.07,6.323,6.393
5689506.17,18293,0.074,4.043,4.117
5689550.78,18294,0.088,4.012,4.099
5689558.0,18295,0.079,4.078,4.157
5689569.01,18293,0.101,3.854,3.955
5689586.15,18294,1.045,4.082,5.126
5689589.02,18295,0.059,3.92,3.979
5689623.73,18293,0.077,6.073,6.151
5689643.64,18294,0.061,5.536,5.597
5689672.42,18295,0.076,4.287,4.363
5689684.21,18293,0.071,4.085,4.156
5689698.8,18294,0.073,3.953,4.026
5689731.5,18295,0.204,4.213,4.417
5689744.23,18293,2.001,3.962,5.964
5689748.47,18294,2.068,6.394,8.462
5689762.26,18295,0.067,4.139,4.206
5689820.23,18293,2.014,3.996,6.01
5689831.33,18294,0.132,5.122,5.254
5689839.85,18295,0.092,3.99,4.081
5689844.1,18293,0.075,3.907,3.982
5689864.12,18294,0.081,4.623,4.705
5689870.98,18295,0.057,5.883,5.94
5689875.2,18293,0.052,6.969,7.021
5689939.28,18294,1.447,6.166,7.612
5689975.55,18295,0.192,4.32,4.513
5689981.5,18293,0.086,4.207,4.294
5689987.41,18294,0.088,5.044,5.132
5690105.17,18295,2.048,10.049,12.098
5690105.29,18293,2.049,8.199,10.248
5690161.63,18294,0.128,5.13,5.257
5690183.34,18295,0.094,10.183,10.277
5690184.24,18293,0.087,7.099,7.186
5690186.59,18294,0.599,5.493,6.092
5690251.55,18295,0.124,4.046,4.17
5690261.75,18293,0.081,4.053,4.134
5690303.22,18294,0.074,6.099,6.174
5690323.23,18295,0.074,6.1,6.174
5690362.53,18293,0.068,4.091,4.159
5690383.39,18294,0.086,7.491,7.577
5690427.11,18295,0.077,3.987,4.064
5690431.35,18293,2.194,4.108,6.302
5690472.57,18294,0.082,5.07,5.153
5690498.28,18295,0.071,4.049,4.12
5690502.87,18293,0.055,4.419,4.474
5690541.47,18294,0.087,4.13,4.217
5690563.44,18295,0.074,8.325,8.399
5690565.05,18293,0.064,6.115,6.178
5690598.1,18294,0.074,4.086,4.161
5690602.26,18295,0.067,3.999,4.067
5690620.45,18293,0.058,3.92,3.978
5690637.2,18294,0.073,5.084,5.157
5690657.11,18295,2.343,4.047,6.389
5690663.4,18293,1.496,4.292,5.789
5690678.52,18294,0.086,4.071,4.157
5690703.16,18295,0.071,8.387,8.458
5690703.27,18293,0.045,3.941,3.986
5690721.46,18294,0.131,5.225,5.356
5690762.43,18295,0.143,4.191,4.334
5690780.25,18293,0.107,4.076,4.183
5690802.24,18294,0.097,4.081,4.178
5690808.11,18295,0.078,4.099,4.177
5690814.16,18293,1.902,4.047,5.949
5690818.3,18294,0.227,4.035,4.262
5690900.06,18295,0.107,6.068,6.175
5690902.18,18293,0.957,8.056,9.012
5690912.43,18294,0.082,6.278,6.36
5690913.51,18295,0.06,3.982,4.043
5690934.33,18293,0.078,3.956,4.034
5690953.41,18294,0.071,6.091,6.162
5690956.21,18295,0.064,4.039,4.102
5690967.27,18294,0.081,6.04,6.121
5690980.07,18293,0.071,4.965,5.035
5690992.99,18295,0.069,4.092,4.161
5691003.91,18294,0.661,5.832,6.492
5691030.87,18293,0.059,4.117,4.176
5691041.74,18295,0.085,4.027,4.112
5691049.27,18294,0.098,7.004,7.102
5691067.23,18293,0.087,6.093,6.18
5691073.47,18295,0.062,6.082,6.145
5691079.11,18294,1.528,4.048,5.575
5691090.71,18293,0.097,4.448,4.545
5691110.34,18295,0.067,3.985,4.051
5691133.74,18294,0.142,4.043,4.185
5691145.19,18293,0.08,5.066,5.146
5691161.11,18295,0.079,5.992,6.071
5691173.78,18294,2.03,3.922,5.952
5691183.02,18293,0.103,4.102,4.205
5691217.72,18295,0.125,4.077,4.202
5691241.05,18294,4.451,5.973,10.424
5691311.71,18293,0.094,4.108,4.202
5691352.88,18295,0.121,4.024,4.145
5691368.93,18294,0.076,5.801,5.877
5691443.14,18293,0.105,4.21,4.315
5691467.24,18295,0.081,7.106,7.187
5691588.87,18294,0.123,4.126,4.249
5691602.34,18293,0.117,5.884,6.002
5691613.62,18295,0.074,4.03,4.104
5691647.27,18294,0.086,4.028,4.113
5691683.64,18293,0.095,8.957,9.052
5691683.95,18295,1.069,7.859,8.928
5691689.94,18294,0.077,4.027,4.105
5691708.03,18293,0.115,4.186,4.301
5691731.34,18295,0.119,6.201,6.32
5691782.49,18294,0.152,3.946,4.098
5691802.05,18293,0.148,4.093,4.241
5691827.06,18295,0.146,6.074,6.22
5691899.2,18294,0.165,6.044,6.21
5691947.41,18293,2.096,8.348,10.443
5691948.95,18294,0.444,4.123,4.567
5691950.97,18295,1.762,6.198,7.96
5691973.69,18293,0.087,4.514,4.6
5691998.3,18294,3.413,6.19,9.604
5691999.36,18295,0.076,4.292,4.368
5692028.0,18293,0.088,5.863,5.951
5692032.06,18294,0.062,3.914,3.976
5692055.1,18295,0.96,4.018,4.979
5692073.2,18293,0.081,4.078,4.16
5692097.28,18294,0.09,4.124,4.214
5692161.97,18295,0.103,4.03,4.133
5692174.99,18294,0.062,3.952,4.014
5692175.59,18293,0.071,4.981,5.052
5692183.39,18295,0.055,7.01,7.065
5692220.96,18294,0.089,5.074,5.163
5692237.2,18293,0.998,4.035,5.033
5692255.21,18295,2.058,6.108,8.165
5692261.83,18294,0.085,4.1,4.185
5692276.78,18293,0.107,3.936,4.043
5692311.62,18295,0.089,3.946,4.035
5692316.19,18294,0.056,4.088,4.144
5692336.17,18293,0.156,5.89,6.045
5692357.56,18295,1.147,6.481,7.628
5692418.18,18294,0.082,4.041,4.124
5692434.96,18293,0.074,6.831,6.905
5692437.82,18295,0.083,5.37,5.452
5692440.23,18294,0.074,4.104,4.178
5692450.27,18295,0.103,6.122,6.225
5692450.37,18293,2.024,8.311,10.336
5692477.11,18294,0.083,3.855,3.938
5692488.64,18295,0.09,5.186,5.277
5692559.29,18293,0.091,7.143,7.235
5692572.17,18294,0.064,4.058,4.123
5692619.14,18295,0.076,4.013,4.089
5692653.68,18293,0.087,3.961,4.048
5692807.94,18294,0.185,4.054,4.239
5692812.44,18295,0.116,4.302,4.418
5692840.43,18293,0.126,6.07,6.196
5692860.2,18294,0.104,4.039,4.144
5692907.8,18295,0.085,7.521,7.606
5692959.12,18293,0.112,4.189,4.301
5692964.93,18294,0.111,3.995,4.106
5692969.76,18295,0.095,4.059,4.154
5692990.7,18293,0.182,4.04,4.222
5692997.54,18294,0.072,6.294,6.366
5693008.96,18293,0.063,6.358,6.421
5693009.37,18295,1.024,8.307,9.331
5693018.32,18294,0.071,4.192,4.263
5693085.4,18293,0.081,3.898,3.979
5693093.18,18295,0.085,6.113,6.198
5693094.59,18294,0.062,5.932,5.994
5693096.81,18293,0.054,5.592,5.646
5693130.12,18295,1.321,8.018,9.339
5693132.22,18294,0.122,4.11,4.232
5693160.19,18293,0.088,4.055,4.143
5693165.79,18295,0.092,4.055,4.147
5693184.25,18294,0.096,4.104,4.2
5693209.32,18293,1.647,5.205,6.851
5693226.28,18295,0.118,4.052,4.169
5693248.15,18294,0.94,4.039,4.979
5693274.02,18293,0.115,4.385,4.5
5693290.72,18295,0.085,4.062,4.147
5693311.11,18294,0.064,4.0,4.065
5693330.95,18293,2.031,5.88,7.911
5693377.2,18295,0.076,4.055,4.131
5693389.4,18294,0.075,4.127,4.203
5693393.69,18293,0.063,4.047,4.11
5693408.11,18295,0.068,5.974,6.041
5693424.27,18294,0.093,6.079,6.172
5693447.49,18293,0.076,8.367,8.442
5693451.65,18295,0.086,4.001,4.087
5693574.32,18294,0.168,4.076,4.244
5693592.62,18293,0.123,4.084,4.207
5693610.89,18295,1.494,5.968,7.462
5693618.09,18294,1.014,4.019,5.033
5693626.2,18293,0.072,4.088,4.16
5693638.16,18295,0.077,4.037,4.114
5693672.89,18294,0.083,5.031,5.114
5693711.09,18293,0.145,5.855,6.0
5693754.22,18295,0.171,4.007,4.177
5693760.7,18294,0.087,6.214,6.301
5693761.62,18293,0.072,3.916,3.988
5693769.06,18295,0.066,3.917,3.983
5693775.2,18294,0.122,6.024,6.146
5693785.57,18293,0.07,4.109,4.179
5693797.11,18295,0.071,4.003,4.074
5693833.48,18294,0.087,6.057,6.144
5693845.45,18293,0.074,4.053,4.127
5693865.02,18295,0.083,3.979,4.062
5693885.06,18294,3.031,5.974,9.005
5693888.12,18293,0.064,4.052,4.115
5693902.05,18294,0.058,4.951,5.009
5693961.4,18295,0.152,4.0,4.151
5693973.79,18293,0.127,3.977,4.104
5694048.77,18294,0.217,4.127,4.344
5694063.15,18295,2.163,4.018,6.18
5694080.16,18293,0.083,3.895,3.978
5694150.1,18294,0.088,4.074,4.162
5694180.45,18295,0.091,4.074,4.164
5694196.05,18293,0.065,3.95,4.014
5694405.43,18294,0.135,5.97,6.105
5694442.38,18295,0.119,4.16,4.279
5694513.16,18293,0.875,3.996,4.871
5694828.49,18294,0.248,7.686,7.935
5694869.25,18295,0.129,6.05,6.179
5694943.46,18293,0.128,6.266,6.394
5694961.73,18294,0.116,4.133,4.249
5695250.09,18295,0.139,3.991,4.13
5695328.04,18293,0.133,3.833,3.967
5695397.06,18294,0.097,4.032,4.129
5695553.17,18295,0.127,7.78,7.907
5695588.74,18293,0.115,4.363,4.478
5695596.18,18294,0.086,6.065,6.151
5695655.39,18295,0.104,4.058,4.163
5695667.61,18293,0.083,3.991,4.074
5695733.31,18294,0.143,4.086,4.229
5695750.64,18295,0.128,4.061,4.189
5695755.34,18293,0.087,4.019,4.106
5695801.09,18294,1.3,3.97,5.269
5695812.05,18295,0.098,6.013,6.111
5695887.2,18293,0.112,4.026,4.138
5695897.18,18294,2.068,4.053,6.121
5695915.79,18295,0.091,4.045,4.136
5695919.82,18293,0.068,3.893,3.961
5695928.45,18294,0.069,5.979,6.047
5695928.61,18295,0.054,4.595,4.649
5695940.37,18293,0.106,3.921,4.027
5695948.98,18294,0.07,6.079,6.149
5695949.49,18295,0.059,4.082,4.141
5696001.25,18293,0.109,4.164,4.273
5696009.62,18294,0.078,6.065,6.143
5696040.95,18295,0.081,4.185,4.266
5696048.34,18293,0.061,4.08,4.14
5696062.69,18294,0.086,4.029,4.115
5696067.4,18295,0.102,4.316,4.418
5696079.06,18293,0.078,4.937,5.014
5696109.91,18294,0.082,4.027,4.109
5696124.62,18295,0.084,4.218,4.302
5696163.49,18293,0.079,6.364,6.443
5696173.4,18294,0.08,4.06,4.14
5696178.03,18295,0.081,4.36,4.441
5696184.04,18293,1.836,3.949,5.785
5696199.63,18294,0.072,4.14,4.213
5696226.3,18295,0.068,6.181,6.249
5696301.08,18293,2.234,7.974,10.208
5696328.22,18294,1.972,4.096,6.069
5696332.35,18295,0.065,4.018,4.083
5696418.67,18293,0.098,7.043,7.14
5696444.29,18294,0.09,4.029,4.119
5696450.61,18295,0.127,6.723,6.85
5696457.12,18293,0.075,4.003,4.079
5696533.02,18294,0.116,6.001,6.117
5696536.27,18295,0.085,4.112,4.196
5696570.19,18294,0.075,6.072,6.147
5696610.99,18293,0.097,4.074,4.172
5696653.69,18295,2.061,4.573,6.633
5696658.14,18294,2.08,5.016,7.096
5696704.46,18293,0.111,4.031,4.142
5696739.31,18295,2.117,6.015,8.132
5696773.25,18293,0.079,4.109,4.187
5696774.11,18294,1.741,5.985,7.726
5696807.3,18295,0.103,4.138,4.241
5696813.55,18293,0.401,6.105,6.505
5696817.62,18294,2.621,3.959,6.579
5696830.65,18295,0.069,5.639,5.708
5696839.16,18293,0.071,4.049,4.12
5696845.06,18294,0.06,4.056,4.116
5696898.25,18295,0.111,4.217,4.328
5696910.14,18293,1.539,4.002,5.541
5696923.62,18294,0.065,6.058,6.123
5696937.32,18295,0.061,5.073,5.134
5696946.01,18293,1.006,3.937,4.943
5696998.11,18294,0.093,5.16,5.253
5697028.38,18295,0.086,6.022,6.108
5697035.66,18293,0.086,6.027,6.113
5697045.12,18294,0.073,5.181,5.254
5697087.3,18295,0.203,3.934,4.137
5697103.18,18294,0.933,8.089,9.022
5697103.9,18293,0.071,10.293,10.365
5697131.94,18295,0.084,4.052,4.136
5697158.04,18294,1.457,5.957,7.413
5697186.12,18293,0.07,6.003,6.073
5697187.29,18295,0.062,3.992,4.054
5697206.92,18294,0.072,8.092,8.163
5697207.52,18293,2.112,6.427,8.538
5697211.35,18295,0.066,4.165,4.231
5697241.95,18293,2.158,5.902,8.06
5697244.25,18294,2.019,6.193,8.211
5697248.99,18295,0.064,4.073,4.137
5697252.11,18293,0.05,5.029,5.079
5697282.81,18294,0.104,5.945,6.048
5697325.05,18295,0.104,5.876,5.98
5697328.28,18293,1.175,4.186,5.361
5697333.15,18295,0.062,6.046,6.109
5697404.14,18294,0.097,3.99,4.087
5697429.81,18293,0.083,4.039,4.121
5697450.0,18295,0.079,3.999,4.078
5697502.17,18294,0.142,4.172,4.314
5697521.88,18293,0.11,3.905,4.015
5697558.32,18295,0.114,8.107,8.221
5697575.25,18294,0.094,5.094,5.188
5697587.59,18293,0.094,3.88,3.974
5697598.2,18295,0.076,3.999,4.075
5697606.28,18294,0.064,5.048,5.112
5697627.11,18293,0.084,3.97,4.054
5697638.2,18295,0.07,6.076,6.147
5697640.27,18294,0.078,6.143,6.221
5697646.21,18293,0.061,4.93,4.991
5697668.11,18295,1.009,6.014,7.023
5697675.11,18294,0.071,5.991,6.062
5697688.42,18293,0.082,4.014,4.097
5697755.44,18295,0.169,5.912,6.082
5697780.23,18294,0.121,4.291,4.413
5697800.03,18293,2.117,3.927,6.044
5697823.13,18295,0.102,3.97,4.072
5697992.17,18294,0.222,3.952,4.174
5698097.24,18293,0.136,5.924,6.06
5698218.1,18295,0.123,8.072,8.195
5698283.91,18293,0.058,4.032,4.09
5698286.96,18294,0.155,10.31,10.465
5698314.59,18295,0.102,4.167,4.27
5698336.02,18293,0.111,6.032,6.143
5698356.65,18294,0.109,4.101,4.21
5698421.28,18295,0.085,8.067,8.152
5698480.62,18293,0.1,6.806,6.907
5698487.52,18294,0.111,4.111,4.222
5698532.21,18295,0.118,4.018,4.136
5698537.88,18293,0.088,3.884,3.971
5698912.31,18294,1.404,4.125,5.529
5698912.38,18295,0.507,4.127,4.634
5698968.81,18293,0.143,4.598,4.741
5699051.18,18294,0.135,5.303,5.437
5699092.11,18295,0.117,3.936,4.053
5699114.25,18293,0.098,6.083,6.181
5699283.92,18294,0.126,3.997,4.123
5699359.14,18295,0.157,3.952,4.109
5699458.33,18293,0.155,8.111,8.266
5699461.8,18294,0.086,5.794,5.88
5699587.1,18295,0.115,4.075,4.19
5699598.25,18293,0.095,4.099,4.195
5699626.52,18294,0.09,4.001,4.091
5699648.05,18295,0.077,3.908,3.986
5699729.18,18293,0.178,3.9,4.077
5699763.05,18294,0.14,4.052,4.192
5699823.91,18295,0.169,6.445,6.614
5699856.97,18293,0.118,3.944,4.062
5699967.26,18294,2.224,6.039,8.263
5699968.15,18295,0.101,4.986,5.087
5700022.6,18293,0.108,6.423,6.53
5700257.24,18294,0.152,4.012,4.164
5700361.62,18295,0.156,6.048,6.204
5700490.22,18293,0.137,4.522,4.659
5700491.7,18294,0.096,5.771,5.867
5700553.36,18295,0.117,4.06,4.178
5700568.39,18293,0.092,3.97,4.062
5700716.87,18294,0.149,4.032,4.181
5700957.21,18295,0.164,4.943,5.107
5701218.48,18293,0.157,4.949,5.107
5701329.26,18294,0.124,4.054,4.178
5701369.31,18295,0.125,5.012,5.138
5701549.24,18293,0.2,4.163,4.363
5701551.21,18294,0.088,4.019,4.107
5701564.0,18295,0.097,4.044,4.14
5701640.63,18293,0.134,4.394,4.529
5701655.13,18294,0.086,3.988,4.074
5701704.33,18295,0.087,7.181,7.268
5701822.89,18293,0.159,4.079,4.238
5701887.68,18294,0.182,6.421,6.603
5701893.94,18295,0.111,6.831,6.942
5702020.61,18293,0.183,8.502,8.685
5702116.1,18294,0.131,7.066,7.196
5702132.22,18295,1.085,5.064,6.149
5702183.14,18293,0.122,6.941,7.063
5702232.42,18294,0.12,4.014,4.134
5702411.55,18295,0.143,4.082,4.225
5702431.29,18293,0.113,5.112,5.224
5702462.2,18294,0.119,4.48,4.599
5702590.49,18295,0.207,6.193,6.4
5702616.71,18293,0.116,4.027,4.143
5702659.17,18294,0.107,3.995,4.102
5702734.18,18295,1.662,4.055,5.718
5702868.86,18293,0.145,5.069,5.214
5703114.23,18294,0.155,6.002,6.157
5703184.97,18295,2.43,3.892,6.322
5703214.02,18293,1.044,3.898,4.942
5703284.24,18294,0.109,4.07,4.179
5703325.43,18295,0.102,4.228,4.33
5703332.03,18293,0.107,3.91,4.018
5703571.1,18294,0.193,4.068,4.262
5703612.22,18295,0.799,4.05,4.85
5703855.19,18293,0.151,4.105,4.257
5704087.3,18294,0.193,6.058,6.251
5704114.4,18295,0.11,4.129,4.239
5704169.11,18293,0.198,4.16,4.358
5704230.65,18294,0.118,4.02,4.138
5704255.48,18295,0.104,4.459,4.563
5704297.63,18293,0.107,4.09,4.197
5704302.55,18294,0.064,4.303,4.367
5704317.16,18295,0.082,4.026,4.108
5704389.92,18293,0.1,4.009,4.11
5704664.79,18294,0.137,4.836,4.973
5704849.21,18295,1.707,4.031,5.738
5704982.63,18293,0.853,6.499,7.352
5705037.89,18294,0.133,4.052,4.185
5705109.46,18295,0.135,3.947,4.082
5705162.1,18293,1.208,4.907,6.115
5705258.35,18294,0.151,4.118,4.269
5705270.7,18295,0.086,5.863,5.95
5705279.09,18293,2.339,5.974,8.314
5705302.83,18294,0.083,4.472,4.554
5705329.22,18295,0.073,3.958,4.031
5705333.74,18293,0.634,4.052,4.686
5705400.15,18294,0.105,4.217,4.322
5705446.19,18295,0.088,6.236,6.324
5705463.33,18293,2.49,4.225,6.715
5705469.3,18294,0.105,5.754,5.859
5705479.11,18295,0.067,3.998,4.065
5705492.97,18293,1.597,3.899,5.496
5705497.17,18294,0.055,4.074,4.13
5705521.34,18295,2.376,4.255,6.631
5705525.18,18293,0.06,3.905,3.966
5705527.19,18295,0.054,4.096,4.15
5705550.41,18294,0.087,4.007,4.093
5705556.58,18293,0.082,5.232,5.314
5705573.07,18295,0.062,8.117,8.179
5705573.24,18294,0.054,4.158,4.212
5705584.88,18293,0.067,4.76,4.827
5705587.78,18295,0.047,5.684,5.731
5705602.91,18294,0.055,5.945,6.0
5705639.94,18293,0.081,3.928,4.009
5705640.91,18295,0.063,4.095,4.158
5705645.91,18294,0.068,3.911,3.98
5705655.23,18293,0.053,6.913,6.967
5705670.72,18295,0.071,6.046,6.117
5705690.68,18294,0.06,4.991,5.051
5705699.28,18293,0.06,4.174,4.233
5705767.35,18295,0.188,8.931,9.119
5705773.14,18294,4.044,8.039,12.083
5705782.02,18293,0.081,4.07,4.15
5705797.88,18295,0.092,3.991,4.083
5705819.31,18294,0.112,3.946,4.058
5705840.36,18293,0.136,4.268,4.404
5705849.91,18295,0.082,3.978,4.06
5705856.1,18294,0.105,3.938,4.043
5705872.44,18293,0.064,4.209,4.273
5705876.29,18295,0.05,6.078,6.128
5705911.49,18294,0.059,4.032,4.091
5705923.0,18293,1.695,3.923,5.618
5705932.56,18295,0.065,4.12,4.185
5705942.27,18294,0.071,3.977,4.048
5705946.42,18293,0.269,4.009,4.278
5705985.95,18295,2.023,5.889,7.912
5706037.74,18294,0.105,4.249,4.354
5706048.31,18293,0.097,4.159,4.257
5706087.24,18295,0.141,4.12,4.26
5706100.38,18294,0.077,4.39,4.467
5706105.39,18293,0.084,4.148,4.233
5706140.11,18295,0.073,3.989,4.062
5706160.42,18294,1.051,6.322,7.372
5706162.56,18293,0.057,4.463,4.52
5706187.7,18295,0.109,5.108,5.217
5706212.22,18294,0.809,4.112,4.921
5706228.28,18293,1.348,4.196,5.544
5706236.94,18295,0.078,4.128,4.206
5706271.11,18294,0.102,3.955,4.057
5706291.55,18293,0.087,5.42,5.507
5706336.21,18295,2.029,4.13,6.158
5706340.29,18294,0.255,3.99,4.245
5706360.4,18293,0.157,3.999,4.156
5706386.88,18295,0.09,8.016,8.106
5706388.93,18294,0.081,4.957,5.038
5706405.73,18293,0.084,3.975,4.059
5706433.18,18295,0.093,4.059,4.151
5706441.06,18294,0.059,3.969,4.027
5706456.61,18293,0.072,3.988,4.06
5706486.53,18295,0.075,8.08,8.155
5706486.61,18294,0.054,5.033,5.087
5706520.07,18293,1.597,5.984,7.581
5706522.48,18295,5.433,4.387,9.82
5706596.33,18294,0.092,3.951,4.043
5706605.59,18293,0.091,5.903,5.994
5706632.32,18295,0.089,4.255,4.345
5706644.86,18294,0.087,5.336,5.423
5706648.71,18293,0.086,4.11,4.195
5706688.25,18295,0.102,5.97,6.071
5706690.45,18294,0.06,4.352,4.412
5706708.26,18293,0.067,4.027,4.095
5706752.29,18293,0.283,4.116,4.399
5706753.26,18295,0.117,9.067,9.184
5706753.48,18294,0.052,7.39,7.442
5706828.17,18293,0.157,3.927,4.083
5706842.04,18295,0.121,4.017,4.138
5706855.97,18294,0.093,3.887,3.98
5706875.05,18293,0.173,3.968,4.141
5706882.92,18295,0.095,6.046,6.141
5706901.13,18294,0.084,3.996,4.08
5706908.35,18293,0.173,4.123,4.296
5706928.18,18295,0.084,4.039,4.122
5706996.06,18294,1.511,3.969,5.481
5707014.48,18293,0.075,5.341,5.415
5707034.77,18295,0.101,10.107,10.208
5707034.85,18294,0.061,5.946,6.007
5707055.02,18293,0.084,4.085,4.169
5707077.45,18295,0.08,4.054,4.134
5707087.3,18294,0.1,4.004,4.103
5707117.06,18293,0.096,3.999,4.095
5707131.75,18295,0.152,5.018,5.17
5707224.06,18294,2.095,5.885,7.98
5707226.05,18293,2.095,3.896,5.991
5707236.17,18295,0.079,8.276,8.355
5707236.56,18294,0.054,6.422,6.476
5707251.08,18293,0.918,4.016,4.934
5707267.44,18295,0.082,3.983,4.064
5707283.26,18294,0.073,4.151,4.223
5707299.1,18293,1.218,4.043,5.261
5707319.2,18295,0.074,5.295,5.369
5707342.09,18294,1.67,3.971,5.641
5707367.1,18293,0.073,6.04,6.112
5707373.26,18295,0.061,4.158,4.22
5707383.01,18294,0.071,4.092,4.163
5707390.07,18293,0.072,3.95,4.021
5707397.03,18295,0.055,4.233,4.288
5707421.05,18294,0.103,3.899,4.001
5707427.55,18293,0.072,3.869,3.942
5707450.32,18295,0.121,8.147,8.268
5707450.59,18294,0.069,4.468,4.538
5707454.56,18293,0.066,3.965,4.031
5707462.78,18295,0.062,7.988,8.051
5707462.85,18294,0.412,5.792,6.203
5707469.14,18293,0.057,4.012,4.069
5707497.09,18295,1.53,10.025,11.555
5707497.42,18294,1.541,8.202,9.743
5707508.75,18293,0.083,3.957,4.04
5707584.03,18295,1.568,5.933,7.502
5707608.28,18294,0.087,5.038,5.125
5707710.15,18293,0.08,6.014,6.094
5707854.16,18295,1.664,10.968,12.632
5707854.22,18294,1.027,7.924,8.95
5707879.03,18293,0.159,3.903,4.062
5707939.9,18295,0.184,6.901,7.085
5707975.14,18294,2.041,4.028,6.068
5707977.79,18293,0.075,3.976,4.051
5708000.27,18294,0.143,6.073,6.215
5708014.63,18295,0.098,4.031,4.13
5708065.77,18293,0.107,4.091,4.198
5708069.2,18294,0.063,3.979,4.042
5708083.11,18293,0.083,4.975,5.058
5708100.11,18295,0.099,6.962,7.061
5708104.24,18294,0.058,6.047,6.105
5708110.63,18293,0.066,6.414,6.481
5708127.1,18294,1.01,6.038,7.048
5708142.7,18295,2.019,5.59,7.61
5708143.78,18293,0.304,5.345,5.648
5708166.88,18294,0.149,4.146,4.295
5708194.14,18295,0.105,3.978,4.083
5708210.1,18293,0.076,3.963,4.039
5708248.6,18294,0.444,4.102,4.545
5708269.14,18295,0.112,4.037,4.148
5708291.15,18293,0.088,6.005,6.093
5708319.11,18294,2.087,4.968,7.055
5708346.23,18295,0.088,4.093,4.181
5708355.14,18293,0.079,4.012,4.091
5708365.25,18294,2.044,6.156,8.2
5708390.03,18295,0.086,3.883,3.969
5708394.12,18293,0.086,3.979,4.065
5708398.19,18294,3.034,4.101,7.135
5708400.07,18293,0.086,3.891,3.978
5708418.17,18295,0.083,4.101,4.184
5708430.84,18294,0.065,4.024,4.089
5708445.79,18293,0.069,5.976,6.044
5708489.59,18295,0.078,7.942,8.019
5708489.66,18294,0.049,6.562,6.61
5708493.78,18293,0.727,4.015,4.742
5708496.6,18295,0.052,3.978,4.03
5708510.09,18293,0.597,4.111,4.708
5708529.1,18294,0.108,6.941,7.049
5708547.09,18295,0.066,6.811,6.877
5708560.65,18293,0.074,5.927,6.001
5708571.89,18294,0.078,4.048,4.126
5708609.77,18295,0.083,4.054,4.137
5708700.12,18293,2.316,4.989,7.304
5708710.08,18294,0.081,4.007,4.088
5708724.1,18295,0.089,4.221,4.309
5708726.65,18293,0.089,4.419,4.508
5708746.15,18294,1.637,7.065,8.701
5708766.64,18295,1.09,4.476,5.565
5708777.7,18293,0.111,4.059,4.17
5708783.16,18294,2.033,4.081,6.114
5708811.91,18295,0.157,3.986,4.143
5708855.57,18293,0.1,5.889,5.988
5708869.24,18294,1.402,7.064,8.466
5708880.06,18295,0.082,3.933,4.015
5708905.03,18293,0.071,3.904,3.975
5708981.83,18294,0.087,4.13,4.217
5709023.22,18295,0.109,4.048,4.156
5709054.59,18293,0.104,4.962,5.066
5709095.17,18294,1.036,4.075,5.111
5709139.21,18295,0.087,5.579,5.666
5709146.75,18293,0.079,4.005,4.084
5709157.11,18294,2.025,6.035,8.06
5709175.54,18295,0.629,3.993,4.623
5709235.62,18293,0.088,6.372,6.46
5709248.34,18294,0.08,6.068,6.149
5709267.19,18295,0.156,4.071,4.227
5709356.05,18293,0.127,3.958,4.086
5709408.18,18294,0.085,6.038,6.123
5709483.2,18295,1.795,4.101,5.896
5709549.98,18293,0.08,3.843,3.923
5709594.79,18294,0.085,4.296,4.381
5709612.66,18295,0.079,5.499,5.578
5709712.14,18293,0.09,3.993,4.083
5709801.53,18294,0.141,5.894,6.035
5709818.1,18295,0.146,6.866,7.011
5709847.24,18293,0.144,4.027,4.17
5709870.33,18294,0.859,4.131,4.991
5709970.41,18295,0.112,3.993,4.105
5709975.13,18293,0.082,3.988,4.069
5709982.69,18294,1.545,4.095,5.64
5710024.43,18295,0.088,5.268,5.356
5710080.56,18293,0.097,3.963,4.06
5710311.19,18294,0.166,5.064,5.23
5710327.28,18295,0.12,6.293,6.413
5710366.06,18293,2.206,3.888,6.094
5710380.8,18294,0.086,3.975,4.062
5710405.52,18295,0.105,3.901,4.006
5710414.27,18293,0.083,3.917,4.0
5710665.18,18294,2.032,4.066,6.098
5710778.75,18295,0.142,4.034,4.176
5710785.1,18293,1.873,6.158,8.03
5710953.3,18295,0.142,6.078,6.22
5710964.34,18294,0.117,4.237,4.353
5711030.11,18293,1.041,5.989,7.03
5711102.28,18295,0.107,4.033,4.141
5711112.37,18294,0.084,4.0,4.084
5711116.96,18293,0.091,4.054,4.145
5711234.29,18295,0.136,6.085,6.221
5711344.08,18294,0.131,3.937,4.068
5711391.41,18293,2.08,4.257,6.336
5711523.09,18295,0.129,4.017,4.146
5711640.41,18294,0.111,5.988,6.1
5711706.53,18293,0.114,6.918,7.032
5711918.21,18295,2.103,6.034,8.137
5711988.22,18294,0.133,6.838,6.971
5712003.24,18293,2.072,4.098,6.17
5712046.94,18295,0.13,4.192,4.322
5712105.21,18294,0.157,3.986,4.143
5712188.32,18293,0.193,4.045,4.239
5712193.86,18295,0.099,5.986,6.085
5712200.06,18293,2.132,4.003,6.135
5712220.81,18294,0.122,4.078,4.2
5712352.24,18295,0.147,4.266,4.414
5712435.13,18293,0.172,3.985,4.157
5712450.52,18294,1.651,4.334,5.985
5712521.78,18295,0.114,3.971,4.085
5712709.66,18293,0.141,3.847,3.987
5712731.89,18294,0.117,4.031,4.148
5712739.43,18295,0.124,4.307,4.431
5712987.15,18293,0.166,4.898,5.064
5712996.72,18294,0.109,4.01,4.119
5713083.68,18295,0.142,6.043,6.185
5713124.18,18293,1.393,8.082,9.476
5713145.79,18294,0.16,4.32,4.48
5713184.34,18295,2.102,4.159,6.261
5713189.15,18293,2.059,5.026,7.085
5713229.48,18294,0.093,3.999,4.092
5713285.5,18295,0.108,4.011,4.118
5713346.23,18293,0.084,6.913,6.998
5713511.17,18294,0.102,4.001,4.103
5713519.38,18295,0.384,5.53,5.914
5713629.03,18293,0.778,3.864,4.642
5713664.94,18294,0.103,4.081,4.185
5713807.25,18295,0.157,4.022,4.179
5713812.14,18293,1.034,4.044,5.078
5713825.68,18294,0.1,4.25,4.351
5713836.2,18295,0.088,3.961,4.049
5713894.83,18293,0.121,3.95,4.071
5713929.89,18294,0.098,4.018,4.117
5713934.11,18295,0.076,3.918,3.994
5714025.89,18293,0.103,4.064,4.168
5714102.69,18294,0.107,4.154,4.261
5714138.39,18295,0.146,6.042,6.188
5714171.59,18293,0.094,5.437,5.53
5714199.47,18294,0.149,4.246,4.395
5714290.04,18295,0.122,4.105,4.228
5714304.15,18293,0.094,4.004,4.098
5714360.14,18294,1.659,4.047,5.706
5714409.22,18295,0.134,4.011,4.145
5714442.97,18293,0.131,3.994,4.125
5714450.73,18294,0.077,4.003,4.08
5714468.21,18295,0.136,5.985,6.122
5714645.45,18293,0.187,4.036,4.223
5714714.49,18294,0.153,4.132,4.285
5714824.17,18295,1.051,4.047,5.098
5714862.27,18293,0.956,4.116,5.071
5715060.24,18294,0.153,4.997,5.15
5715073.89,18295,0.129,4.044,4.173
5715082.08,18293,0.09,3.92,4.01
5715264.35,18294,0.126,6.13,6.256
5715292.32,18295,2.035,4.211,6.246
5715321.08,18293,0.11,4.907,5.018
5715476.28,18294,0.135,6.072,6.206
5715544.25,18295,0.107,4.085,4.192
5715591.22,18293,1.075,4.124,5.199
5715599.11,18294,0.088,4.238,4.326
5715619.33,18295,0.082,4.196,4.277
5715639.23,18293,0.072,5.111,5.183
5715713.65,18294,0.153,4.086,4.239
5715742.06,18295,0.095,4.143,4.238
5715812.75,18293,0.157,4.028,4.185
5715875.13,18294,1.22,4.816,6.037
5715915.79,18295,0.16,6.323,6.483
5715987.94,18293,1.386,3.93,5.316
5715999.12,18294,0.093,3.975,4.068
5716016.77,18295,0.083,6.137,6.219
5716061.31,18293,0.085,4.165,4.25
5716098.67,18294,0.088,4.013,4.101
5716267.68,18295,0.144,7.288,7.432
5716303.76,18293,0.132,4.064,4.196
5716406.25,18294,0.115,8.063,8.178
5716408.61,18295,3.65,4.46,8.11
5716504.85,18294,0.141,4.078,4.219
5716523.3,18293,0.103,4.136,4.239
5716531.38,18295,2.349,7.947,10.296
5716532.85,18294,0.09,7.736,7.826
5716535.52,18293,2.393,6.45,8.844
5716540.93,18295,0.065,4.13,4.196
5716609.32,18294,0.132,6.089,6.221
5716612.28,18293,0.089,4.193,4.282
5716650.57,18294,0.09,4.021,4.111
5716654.4,18295,0.064,4.003,4.067
5716690.14,18294,0.094,6.094,6.188
5716717.32,18293,0.091,4.178,4.269
5716732.68,18295,0.089,9.746,9.835
5716810.15,18294,1.8,5.104,6.904
5716814.75,18293,0.097,4.054,4.151
5716826.05,18295,0.089,4.195,4.284
5716853.18,18294,1.038,6.039,7.077
5716948.03,18293,0.145,5.115,5.259
5716966.62,18295,0.116,6.33,6.446
5717017.38,18294,0.112,4.048,4.16
5717042.41,18293,0.087,6.3,6.387
5717074.1,18295,0.09,3.937,4.027
5717086.92,18294,0.085,4.241,4.326
5717105.63,18293,0.208,3.839,4.047
5717146.29,18295,2.044,5.166,7.211
5717153.75,18294,0.084,3.991,4.075
5717163.14,18293,0.066,8.027,8.093
5717183.49,18295,0.069,4.175,4.243
5717198.19,18294,0.06,4.081,4.141
5717216.58,18295,0.045,6.486,6.531
5717216.88,18293,0.068,8.664,8.731
5717220.79,18294,0.059,4.064,4.123
5717238.38,18293,0.075,11.261,11.336
5717238.58,18295,0.063,8.486,8.549
5717245.36,18294,0.063,4.087,4.151
5717253.3,18293,0.081,7.069,7.15
5717269.15,18295,1.032,6.073,7.105
5717331.24,18294,0.125,5.671,5.797
5717336.06,18293,0.106,8.952,9.058
5717336.81,18295,0.073,6.678,6.752
5717357.32,18294,2.067,6.2,8.268
5717372.1,18293,0.087,3.943,4.03
5717392.8,18295,0.112,4.156,4.267
5717407.82,18294,0.147,4.025,4.172
5717449.55,18293,0.133,7.35,7.483
5717455.7,18295,3.347,5.959,9.305
5717508.09,18294,0.17,4.214,4.384
5717523.84,18293,0.115,4.048,4.164
5717601.44,18295,0.137,4.217,4.354
5717660.27,18294,0.279,5.954,6.232
5717662.3,18293,0.093,4.145,4.238
5717666.53,18295,0.096,3.921,4.016
5717686.26,18294,0.137,5.334,5.471
5717688.04,18293,0.08,3.855,3.935
5717707.18,18294,0.079,5.054,5.133
5717712.96,18295,0.063,4.07,4.133
5717721.9,18293,0.39,4.167,4.557
5717746.02,18294,0.103,3.993,4.096
5717760.04,18295,0.093,4.218,4.312
5717764.22,18293,1.152,4.016,5.168
5717776.46,18294,2.029,4.352,6.381
5717782.5,18295,0.095,4.485,4.58
5717814.31,18293,0.132,4.107,4.239
5717861.87,18294,0.142,3.98,4.122
5717889.62,18295,0.135,6.082,6.217
5717899.39,18293,0.093,4.002,4.096
5717908.2,18294,0.074,6.067,6.142
5717914.22,18295,0.054,8.126,8.18
5717916.11,18293,0.052,6.918,6.971
5717936.99,18294,0.075,4.027,4.102
5717942.31,18295,0.06,4.109,4.168
5717956.75,18293,0.091,3.877,3.967
5717960.96,18294,0.064,3.974,4.037
5717976.35,18295,0.08,6.051,6.131
5718017.21,18293,0.079,4.081,4.16
5718050.63,18294,0.073,4.067,4.14
5718071.56,18295,0.075,5.193,5.268
5718080.25,18293,0.076,6.13,6.205
5718148.23,18294,0.085,5.19,5.275
5718166.08,18295,0.077,4.006,4.083
5718202.28,18293,2.037,4.181,6.218
5718211.67,18294,0.094,4.075,4.169
5718222.0,18295,0.092,4.018,4.11
5718232.13,18293,1.812,4.058,5.87
5718247.8,18294,0.078,4.047,4.125
5718249.9,18295,0.065,3.985,4.05
5718269.59,18293,0.103,4.896,4.999
5718321.41,18294,0.909,4.084,4.994
5718339.37,18295,0.093,4.068,4.161
5718429.08,18293,1.705,3.992,5.697
5718480.26,18294,0.102,4.105,4.208
5718490.32,18295,0.098,4.056,4.154
5718550.12,18293,0.098,6.957,7.055
5718581.22,18294,0.098,5.062,5.16
5718610.29,18295,0.107,4.11,4.216
5718616.8,18293,0.133,3.964,4.097
5718651.3,18294,0.089,6.158,6.247
5718663.23,18295,0.076,4.11,4.185
5718698.0,18293,5.329,3.904,9.234
5718733.15,18294,0.089,4.005,4.093
5718743.15,18295,0.09,4.069,4.159
5718760.23,18293,0.076,4.002,4.078
5718767.35,18294,1.373,6.964,8.337
5718784.93,18295,0.132,4.09,4.223
5718809.27,18293,1.476,5.096,6.572
5718812.77,18294,0.09,4.332,4.422
5718831.73,18295,0.188,4.144,4.332
5718873.26,18293,0.14,3.993,4.133
5718916.31,18294,0.171,4.074,4.245
5718993.63,18295,1.309,4.52,5.829
5719082.23,18293,0.089,4.083,4.172
5719095.56,18294,0.063,3.963,4.026
5719171.07,18295,2.042,3.961,6.003
5719350.2,18293,0.182,3.99,4.172
5719491.76,18294,0.17,4.509,4.679
5719609.51,18295,0.156,4.077,4.234
5719614.15,18293,0.097,3.99,4.087
5719645.99,18294,0.17,4.113,4.283
5719714.27,18293,1.246,6.107,7.353
5719714.45,18295,0.11,8.343,8.454
5719818.67,18294,0.191,3.918,4.109
5719917.26,18293,1.427,4.132,5.559
5719959.25,18295,0.13,4.036,4.166
5720152.53,18294,0.165,3.97,4.135
5720210.3,18293,0.159,4.051,4.21
5720221.66,18295,0.103,5.502,5.605
5720374.86,18294,0.155,4.092,4.247
5720450.97,18293,0.116,4.056,4.172
5720725.2,18295,0.134,4.344,4.478
5720731.09,18294,0.088,3.953,4.041
5720760.94,18293,0.097,4.029,4.126
5720874.07,18295,0.168,6.026,6.193
5721085.26,18294,0.156,4.028,4.185
5721103.02,18293,0.095,4.017,4.111
5721109.42,18295,0.074,4.018,4.091
5721173.03,18294,0.145,3.997,4.142
5721184.16,18293,2.301,6.023,8.323
5721278.15,18295,0.149,4.015,4.163
5721469.43,18294,0.146,6.208,6.354
5721499.84,18293,0.113,6.036,6.148
5721501.98,18295,0.654,5.878,6.532
5721527.6,18294,0.099,3.916,4.015
5721541.21,18293,0.116,3.892,4.007
5721622.98,18295,0.118,4.1,4.218
5721709.29,18294,0.13,6.055,6.184
5721788.41,18293,0.31,6.048,6.358
5721813.78,18295,2.143,5.585,7.728
5721849.12,18294,0.119,5.064,5.183
5721976.62,18293,1.897,4.296,6.193
5722028.22,18295,0.104,4.05,4.154
5722061.48,18294,2.026,7.373,9.399
5722128.33,18293,0.093,4.46,4.553
5722217.41,18295,0.099,4.047,4.146
5722303.94,18294,0.121,5.032,5.153
5722383.61,18293,0.139,4.909,5.047
5722433.17,18295,3.275,5.998,9.273
5722448.48,18294,1.269,4.153,5.423
5722451.08,18293,0.082,3.942,4.024
5722472.89,18294,0.09,4.039,4.129
5722531.75,18295,0.119,4.323,4.442
5722555.52,18293,0.1,3.95,4.05
5722561.08,18294,0.101,3.993,4.093
5722567.8,18295,0.141,4.266,4.408
5722600.17,18293,0.096,4.019,4.115
5722625.19,18294,0.086,5.053,5.139
5722644.4,18295,0.085,4.116,4.201
5722656.85,18293,0.069,4.21,4.278
5722760.67,18294,0.152,3.987,4.138
5722776.9,18295,0.102,4.09,4.192
5722826.37,18293,0.144,6.067,6.21
5722831.37,18294,4.33,4.021,8.351
5722841.72,18295,0.082,3.948,4.03
5722925.18,18293,0.173,3.929,4.101
5723014.21,18294,3.277,4.086,7.363
5723045.07,18295,0.106,4.03,4.137
5723050.46,18293,0.081,3.88,3.961
5723071.56,18294,0.103,5.975,6.078
5723088.12,18295,0.089,5.967,6.057
5723129.67,18293,0.125,4.022,4.146
5723158.11,18294,1.153,5.999,7.152
5723191.96,18295,0.114,6.124,6.238
5723221.95,18293,0.215,5.666,5.881
5723243.11,18294,1.672,6.029,7.7
5723250.9,18295,0.076,3.973,4.049
5723265.23,18293,0.074,5.006,5.08
5723283.07,18294,2.027,4.006,6.033
5723315.5,18295,0.068,4.106,4.173
5723324.05,18293,0.09,4.593,4.684
5723375.56,18294,0.156,4.305,4.461
5723431.57,18295,0.134,4.199,4.333
5723448.97,18293,0.118,4.096,4.214
5723475.51,18294,0.106,6.001,6.107
5723505.55,18295,0.094,3.976,4.069
5723513.49,18293,1.859,5.885,7.743
5723541.1,18294,2.046,4.0,6.046
5723563.86,18295,0.077,4.042,4.118
5723594.84,18293,0.094,4.074,4.168
5723605.58,18294,0.122,4.227,4.348
5723612.19,18295,0.075,5.061,5.136
5723634.1,18293,0.098,7.024,7.122
5723669.56,18294,0.1,4.081,4.182
5723674.69,18295,0.081,3.981,4.062
5723676.56,18293,0.089,3.977,4.066
5723682.63,18294,0.077,4.381,4.458
5723701.52,18295,0.082,4.387,4.469
5723739.76,18293,0.15,4.018,4.169
5723753.23,18294,0.098,4.069,4.167
5723768.66,18295,0.079,5.096,5.175
5723774.52,18293,0.119,3.937,4.056
5723778.72,18294,0.069,3.96,4.03
5723789.31,18295,0.066,6.207,6.273
5723801.28,18293,0.051,4.046,4.097
5723812.21,18294,0.095,3.948,4.044
5723818.2,18295,1.797,4.105,5.903
5723864.46,18293,0.118,4.074,4.193
5723871.23,18294,0.074,4.166,4.24
5723884.22,18295,0.072,6.08,6.152
5723886.1,18293,0.055,4.159,4.214
5723988.09,18295,0.19,6.054,6.245
5724050.67,18294,0.101,4.118,4.219
5724056.85,18293,0.07,6.018,6.088
5724083.2,18295,0.08,4.008,4.088
5724122.11,18294,0.093,4.125,4.219
5724127.51,18293,0.069,5.249,5.319
5724151.4,18295,0.116,5.054,5.17
5724164.36,18294,0.317,4.052,4.369
5724170.73,18293,0.087,4.125,4.212
5724258.34,18295,0.108,5.157,5.265
5724273.3,18294,0.098,4.128,4.226
5724297.99,18293,1.599,3.867,5.466
5724308.24,18295,0.083,4.107,4.19
5724348.11,18294,0.088,3.957,4.046
5724358.8,18293,0.078,3.84,3.918
5724385.08,18295,0.787,5.982,6.769
5724391.14,18294,0.064,4.036,4.1
5724395.13,18293,0.059,3.835,3.895
5724404.38,18295,0.06,6.001,6.061
5724421.31,18294,0.078,4.076,4.155
5724462.13,18293,0.085,4.013,4.098
5724474.38,18295,0.075,4.087,4.162
5724478.15,18294,2.207,4.051,6.258
5724489.74,18295,0.1,7.707,7.807
5724508.98,18293,0.091,4.834,4.925
5724533.93,18294,0.092,4.179,4.271
5724574.02,18295,0.089,6.748,6.838
5724609.51,18293,0.12,7.502,7.621
5724610.48,18294,0.068,5.266,5.334
5724616.07,18295,0.066,3.949,4.016
5724693.14,18293,0.18,4.989,5.169
5724731.21,18294,0.128,6.409,6.537
5724828.91,18295,4.071,4.753,8.824
5725005.23,18293,0.152,3.999,4.151
5725030.65,18294,0.129,4.283,4.412
5725068.68,18295,0.167,4.1,4.267
5725073.75,18293,0.11,6.066,6.176
5725076.59,18295,0.091,4.028,4.119
5725080.24,18294,0.056,6.031,6.088
5725112.87,18293,0.096,3.92,4.016
5725188.76,18295,0.088,3.888,3.976
5725288.53,18294,0.147,5.932,6.079
5725294.09,18293,0.791,3.942,4.733
5725331.96,18295,0.088,4.085,4.173
5725387.95,18294,0.108,4.077,4.186
5725404.1,18293,4.065,3.979,8.044
5725438.72,18295,0.093,6.048,6.141
5725487.5,18294,0.092,3.959,4.051
5725530.05,18293,0.094,3.888,3.982
5725662.2,18295,0.112,4.02,4.132
5725709.89,18294,0.12,6.051,6.17
5725715.17,18293,0.072,4.031,4.103
5725763.36,18295,0.091,4.118,4.209
5725773.28,18294,0.097,4.112,4.209
5725792.11,18293,1.742,3.974,5.716
5725808.88,18295,0.146,4.054,4.2
5725832.24,18294,0.114,6.066,6.181
5725869.42,18293,0.13,4.018,4.147
5725904.78,18295,0.107,4.016,4.123
5725969.28,18294,0.099,4.121,4.219
5726025.78,18293,0.458,4.397,4.856
5726152.71,18295,0.152,4.108,4.26
5726171.76,18294,0.112,3.984,4.096
5726179.11,18293,0.948,4.952,5.901
5726373.25,18295,0.113,6.226,6.339
5726558.91,18294,0.121,3.958,4.08
5726591.31,18293,1.03,5.049,6.079
5726605.13,18295,0.092,4.163,4.255
5726613.89,18294,0.088,4.042,4.129
5726647.36,18293,0.092,4.919,5.011
5726657.17,18295,0.07,6.05,6.12
5726719.7,18294,0.127,6.219,6.346
5726734.31,18293,0.086,4.172,4.257
5726759.92,18295,0.087,4.129,4.216
5726794.53,18294,0.083,4.207,4.289
5726897.23,18293,0.18,3.967,4.147
5726950.31,18295,0.108,6.29,6.398
5727069.06,18294,0.104,4.1,4.204
5727271.08,18293,0.152,3.866,4.018
5727410.74,18295,0.126,3.99,4.116
5727477.55,18295,0.118,6.234,6.352
5727587.18,18293,0.954,6.064,7.018
5727633.29,18294,0.147,7.074,7.22
5727846.93,18295,0.146,4.047,4.194
5727884.48,18293,0.171,3.933,4.103
5727964.26,18294,0.119,4.065,4.184
5728041.75,18295,0.111,4.016,4.127
5728114.14,18293,0.148,6.017,6.165
5728184.31,18294,0.095,8.151,8.247
5728184.68,18295,0.08,6.502,6.582
5728574.72,18293,0.152,7.408,7.559
5728579.15,18294,0.128,4.047,4.174
5728583.38,18295,0.242,4.09,4.332
5728604.42,18293,0.091,5.984,6.075
5728632.33,18294,0.078,4.404,4.482
5728694.25,18295,0.113,4.07,4.183
5728781.5,18293,0.136,4.079,4.215
5728787.67,18294,0.076,3.97,4.045
5728794.6,18295,0.069,6.002,6.071
5728801.12,18293,0.105,6.146,6.251
5728895.65,18294,0.177,4.092,4.27
5729056.72,18295,0.133,7.648,7.781
5729076.32,18293,2.167,6.072,8.239
5729090.02,18294,0.084,4.01,4.093
5729172.64,18295,0.136,5.984,6.12
5729206.3,18293,0.123,3.956,4.079
5729233.7,18294,0.094,4.036,4.131
5729263.06,18295,0.073,3.942,4.015
5729422.05,18293,1.02,3.933,4.953
5729446.8,18294,0.092,4.097,4.189
5729494.61,18295,0.112,4.43,4.542
5729528.49,18293,0.1,5.152,5.252
5729637.21,18294,0.093,6.061,6.154
5729686.9,18295,0.091,4.014,4.105
5729718.47,18293,0.102,4.318,4.42
5729814.34,18294,2.163,4.09,6.253
5729870.21,18295,0.159,6.349,6.508
5730019.54,18293,0.159,4.065,4.224
5730047.43,18294,0.217,6.109,6.326
5730084.24,18295,2.105,4.074,6.178
5730195.28,18293,0.208,6.932,7.14
5730207.47,18295,0.529,4.08,4.608
5730207.56,18294,0.7,5.094,5.794
5730252.98,18293,0.085,3.848,3.933
5730315.29,18295,0.096,6.137,6.233
5730327.21,18294,0.114,3.941,4.055
5730444.02,18295,0.071,4.057,4.128
5730445.51,18293,0.131,6.04,6.171
5730598.29,18294,0.177,9.182,9.358
5730658.16,18295,0.142,6.091,6.232
5730759.96,18293,0.141,4.442,4.582
5730806.15,18294,1.347,4.026,5.373
5731060.17,18295,0.146,4.071,4.217
5731159.21,18293,0.142,3.992,4.134
5731185.04,18294,0.934,5.932,6.866
5731253.96,18295,0.118,4.154,4.272
5731260.36,18293,0.17,6.034,6.204
5731371.02,18294,0.149,3.975,4.125
5731381.44,18295,0.093,5.283,5.376
5731489.21,18293,0.124,6.006,6.13
5731626.07,18294,0.147,3.957,4.104
5731779.63,18295,0.152,4.161,4.313
5731816.41,18293,0.137,4.185,4.322
5731911.73,18294,0.187,4.615,4.803
5731922.04,18295,0.226,5.762,5.988
5732018.15,18293,1.039,6.036,7.075
5732025.22,18294,0.147,4.077,4.224
5732110.52,18295,0.109,3.978,4.087
5732149.21,18293,2.068,4.111,6.179
5732158.16,18294,0.093,4.014,4.107
5732234.99,18295,0.095,3.958,4.053
5732269.11,18293,0.157,3.89,4.047
5732329.71,18294,0.096,4.097,4.192
5732397.06,18295,1.008,3.976,4.984
5732410.99,18293,0.081,3.858,3.938
5732462.11,18294,1.933,4.022,5.955
5732465.08,18295,2.093,5.944,8.037
5732486.67,18293,0.095,3.963,4.058
5732514.1,18294,0.072,5.979,6.051
5732537.72,18295,0.085,6.574,6.658
5732606.06,18293,0.094,4.058,4.152
5732705.16,18294,0.108,5.985,6.093
5732726.94,18295,0.113,6.396,6.509
5732770.78,18293,0.148,4.249,4.397
5732777.23,18294,0.102,6.066,6.168
5732779.42,18295,0.156,4.225,4.381
5732835.92,18293,0.169,4.156,4.325
5732858.89,18294,0.199,6.014,6.213
5732875.09,18295,0.148,4.245,4.393
5732923.03,18293,2.01,3.871,5.881
5732979.87,18294,0.105,3.99,4.095
5733008.33,18295,0.085,4.072,4.158
5733031.98,18293,0.079,4.017,4.096
5733032.52,18294,0.059,4.016,4.074
5733036.69,18295,0.054,3.932,3.986
5733045.03,18293,0.073,5.973,6.046
5733062.28,18294,0.1,6.186,6.286
5733080.17,18295,0.072,5.947,6.019
5733089.55,18293,0.064,6.569,6.633
5733116.85,18294,0.064,4.021,4.085
5733124.27,18295,0.062,3.982,4.043
5733131.11,18293,0.066,5.892,5.958
5733174.18,18294,0.08,7.047,7.127
5733179.11,18295,0.069,3.995,4.065
5733193.33,18293,0.068,6.216,6.284
5733200.96,18295,0.045,5.081,5.126
5733201.59,18293,0.056,6.138,6.195
5733202.79,18294,0.054,9.548,9.602
5733217.75,18295,0.093,4.242,4.335
5733242.13,18293,1.549,4.073,5.622
5733289.14,18294,0.076,10.02,10.096
5733291.1,18295,0.064,6.219,6.283
5733347.15,18293,0.116,6.175,6.291
5733352.97,18294,0.088,4.117,4.205
5733414.17,18295,1.03,4.091,5.121
5733434.01,18293,1.668,3.925,5.593
5733434.65,18294,0.066,3.953,4.019
5733445.93,18295,0.073,4.071,4.144
5733473.58,18293,0.079,3.92,3.999
5733480.16,18294,0.079,6.034,6.113
5733504.11,18293,0.051,4.021,4.072
5733504.92,18295,0.155,8.132,8.287
5733511.48,18294,0.105,6.353,6.458
5733565.86,18293,2.071,4.107,6.179
5733574.02,18295,0.092,3.955,4.047
5733588.38,18294,0.08,8.774,8.854
5733592.24,18293,0.056,4.141,4.197
5733608.2,18294,1.739,6.118,7.857
5733608.27,18295,0.078,6.156,6.233
5733610.27,18293,0.049,4.192,4.242
5733627.17,18294,1.281,6.036,7.317
5733674.67,18295,0.138,5.646,5.784
5733683.12,18293,0.092,3.981,4.073
5733690.47,18294,0.074,5.336,5.411
5733713.61,18295,0.088,4.042,4.13
5733729.88,18293,0.092,4.069,4.161
5733755.86,18294,0.082,3.972,4.055
5733817.22,18295,0.096,8.057,8.153
5733819.14,18293,0.072,8.028,8.1
5733834.47,18294,0.143,4.112,4.256
5733843.92,18295,2.876,6.066,8.942
5733854.55,18293,1.709,4.42,6.129
5733915.22,18294,0.165,5.979,6.145
5733963.15,18295,2.191,8.048,10.239
5733963.21,18293,0.068,3.895,3.962
5733978.99,18294,0.072,3.957,4.03
5733985.45,18295,0.072,6.166,6.238
5734013.71,18293,0.066,3.9,3.966
5734017.86,18294,0.056,4.0,4.056
5734032.13,18295,0.065,4.018,4.083
5734074.99,18293,0.076,4.23,4.307
5734085.27,18294,0.067,4.161,4.228
5734127.7,18295,0.091,4.052,4.143
5734274.08,18293,0.127,4.046,4.173
5734311.22,18294,0.096,6.07,6.167
5734322.14,18293,1.102,8.05,9.152
5734322.23,18295,1.029,10.167,11.195
5734362.15,18294,0.084,3.922,4.006
5734415.04,18293,0.112,3.888,4.0
5734452.42,18295,0.082,4.123,4.205
5734456.94,18294,0.075,4.327,4.402
5734481.08,18293,0.098,8.93,9.028
5734481.21,18295,0.049,5.129,5.179
5734490.2,18294,0.054,4.104,4.158
5734504.16,18293,0.921,4.088,5.009
5734546.02,18295,0.208,3.925,4.133
5734549.05,18294,0.062,4.019,4.082
5734609.9,18295,0.139,4.005,4.144
5734742.33,18293,0.123,4.035,4.158
5734858.64,18294,0.18,4.365,4.545
5734973.22,18295,0.199,6.065,6.263
5735042.25,18293,3.036,4.133,7.169
5735090.24,18294,0.115,4.062,4.178
5735160.09,18295,0.14,6.118,6.258
5735237.2,18293,0.12,4.906,5.026
5735386.2,18294,0.117,6.022,6.138
5735392.41,18295,0.344,6.01,6.354
5735408.44,18293,0.079,3.92,3.999
5735457.48,18294,0.096,4.022,4.117
5735492.41,18295,0.086,4.053,4.139
5735504.11,18293,0.065,6.004,6.069
5735584.21,18294,0.135,3.997,4.131
5735620.35,18295,0.825,6.198,7.023
5735628.03,18293,0.081,3.887,3.967
5735638.01,18294,0.072,3.872,3.944
5735649.13,18295,0.075,6.05,6.125
5735668.22,18293,0.092,4.073,4.166
5735693.42,18294,0.082,3.995,4.078
5735712.24,18295,0.095,4.758,4.853
5735727.0,18293,0.115,6.085,6.199
5735730.09,18294,0.082,6.956,7.038
5735758.2,18295,0.114,5.002,5.116
5735768.03,18293,0.083,3.882,3.965
5735792.19,18294,0.091,4.068,4.16
5735813.67,18295,0.072,4.375,4.447
5735822.39,18293,2.069,4.261,6.33
5735827.14,18294,2.009,7.04,9.049
5735830.38,18295,0.056,6.281,6.336
5735880.86,18293,0.157,4.25,4.407
5735910.36,18294,0.161,5.057,5.217
5735918.61,18295,0.076,4.048,4.124
5735923.73,18293,0.062,4.991,5.053
5735965.96,18294,0.086,3.974,4.06
5735985.2,18295,0.072,6.082,6.154
5736034.86,18293,0.087,3.897,3.984
5736042.66,18294,0.065,4.03,4.095
5736100.14,18295,0.07,4.017,4.087
5736107.14,18293,1.211,6.889,8.1
5736136.72,18294,0.075,4.068,4.142
5736198.2,18295,0.198,4.01,4.208
5736276.7,18293,0.169,4.033,4.202
5736297.26,18294,0.097,6.096,6.192
5736301.41,18295,0.349,4.017,4.366
5736312.88,18293,0.065,5.835,5.9
5736329.39,18294,0.078,4.088,4.166
5736333.69,18295,0.448,4.179,4.627
5736359.35,18293,0.076,5.261,5.337
5736359.88,18294,0.067,4.057,4.124
5736369.83,18295,0.062,4.022,4.084
5736374.73,18293,0.051,3.992,4.043
5736409.1,18294,0.077,4.027,4.104
5736413.56,18295,0.052,4.236,4.288
5736430.9,18293,0.078,5.854,5.932
5736463.53,18294,0.079,5.991,6.07
5736469.8,18295,0.603,6.149,6.752
5736471.05,18293,1.859,3.998,5.857
5736475.99,18295,0.074,6.036,6.109
5736486.13,18294,0.06,6.034,6.094
5736504.9,18293,0.064,3.935,3.998
5736506.75,18295,0.062,3.981,4.043
5736537.08,18293,0.068,5.965,6.033
5736541.05,18294,1.043,3.926,4.969
5736569.01,18293,0.064,5.901,5.965
5736574.89,18295,0.132,3.983,4.115
5736581.44,18294,0.282,4.122,4.404
5736583.98,18293,0.058,3.89,3.948
5736601.14,18295,0.085,6.015,6.1
5736619.48,18294,0.088,7.787,7.876
5736625.79,18293,0.059,6.052,6.111
5736645.69,18295,0.07,4.582,4.652
5736669.3,18294,0.097,3.992,4.089
5736697.01,18293,0.093,5.905,5.998
5736700.84,18295,0.072,6.188,6.26
5736777.09,18293,1.482,4.008,5.49
5736778.2,18294,0.058,4.057,4.115
5736811.27,18293,0.076,5.928,6.004
5736833.14,18295,0.143,4.387,4.53
5736854.2,18294,0.131,6.059,6.189
5736859.78,18293,0.086,3.923,4.008
5736874.96,18294,0.057,5.957,6.014
5736876.19,18295,0.095,9.146,9.241
5736883.64,18293,0.071,6.076,6.147
5736891.96,18294,0.068,4.044,4.112
5736911.92,18295,0.087,3.989,4.076
5736919.57,18293,0.082,5.067,5.149
5736923.33,18294,0.072,4.265,4.337
5736927.61,18293,0.068,3.962,4.03
5736973.19,18295,0.089,4.084,4.173
5737013.82,18294,0.085,6.197,6.281
5737042.46,18293,0.096,5.951,6.048
5737050.63,18295,0.073,4.012,4.085
5737054.76,18294,0.702,4.003,4.705
5737074.28,18293,2.146,5.172,7.318
5737100.2,18295,0.076,4.065,4.141
5737139.23,18294,0.099,4.024,4.124
5737156.09,18293,0.103,6.001,6.105
5737160.1,18295,0.065,6.032,6.097
5737168.47,18293,0.077,4.033,4.109
5737172.32,18294,0.079,4.15,4.229
5737190.19,18293,0.068,4.982,5.05
5737209.22,18295,0.083,4.039,4.123
5737215.96,18294,0.078,4.049,4.127
5737238.37,18293,0.099,4.922,5.021
5737242.85,18295,0.073,4.001,4.073
5737278.28,18294,0.085,3.936,4.021
5737290.96,18293,1.172,5.871,7.043
5737395.72,18295,0.127,5.005,5.133
5737446.77,18294,0.106,4.807,4.914
5737491.09,18293,0.827,3.963,4.789
5737551.71,18295,0.111,6.532,6.643
5737559.19,18294,0.089,4.073,4.162
5737564.79,18293,0.084,5.284,5.368
5737584.5,18295,0.063,6.391,6.454
5737588.67,18294,0.075,6.532,6.607
5737621.24,18293,0.075,4.109,4.184
5737623.29,18295,0.051,4.178,4.229
5737651.0,18294,0.077,4.302,4.379
5737656.67,18293,0.086,4.044,4.13
5737676.1,18293,0.061,3.946,4.006
5737676.18,18294,0.052,8.04,8.092
5737676.43,18295,2.071,10.311,12.381
5737717.91,18293,0.12,5.711,5.831
5737730.22,18294,0.125,4.432,4.557
5737780.74,18295,0.376,4.282,4.658
5737784.73,18293,0.094,5.564,5.658
5737824.59,18294,0.157,4.366,4.523
5737834.38,18295,0.124,4.143,4.267
5737837.98,18293,0.099,3.985,4.084
5737860.94,18294,0.111,6.061,6.172
5737880.13,18295,2.055,3.979,6.035
5737901.83,18293,0.139,6.064,6.203
5737974.03,18294,0.583,5.982,6.565
5738016.93,18295,0.094,3.978,4.072
5738170.41,18293,0.207,7.822,8.03
5738198.04,18294,0.153,4.001,4.153
5738265.18,18295,0.114,7.092,7.205
5738593.23,18293,0.127,4.029,4.156
5738676.96,18295,0.093,5.802,5.895
5738677.35,18294,0.149,8.145,8.295
5738810.33,18293,0.14,4.114,4.254
5738832.87,18294,0.574,7.743,8.316
5738833.13,18293,0.069,4.005,4.074
5738833.43,18295,2.038,10.326,12.364
5738862.92,18293,0.121,5.911,6.032
5738873.14,18295,2.105,3.966,6.072
5738888.65,18294,0.092,3.929,4.02
5738897.04,18293,0.063,3.91,3.974
5738910.13,18295,0.062,6.032,6.094
5738912.29,18294,2.035,4.219,6.254
5738918.78,18293,0.062,3.98,4.043
5738943.57,18295,0.075,4.025,4.101
5738956.83,18294,0.068,3.893,3.962
5738962.02,18293,0.058,3.922,3.979
5738984.27,18295,0.145,3.948,4.094
5739023.39,18294,0.104,4.211,4.315
5739052.77,18293,0.132,4.006,4.139
5739057.16,18295,0.094,4.059,4.153
5739089.06,18293,0.059,3.873,3.933
5739089.26,18294,0.14,6.061,6.2
5739102.38,18295,0.064,5.81,5.874
5739150.76,18293,0.075,4.218,4.293
5739164.13,18294,2.064,10.016,12.08
5739164.36,18295,1.039,8.284,9.323
5739258.09,18293,0.085,3.958,4.043
5739267.17,18294,1.013,6.099,7.112
5739337.36,18295,0.092,4.223,4.314
5739343.81,18293,0.109,4.014,4.123
5739359.99,18294,0.093,3.98,4.072
5739394.52,18295,2.056,5.406,7.462
5739404.18,18293,0.071,6.062,6.133
5739435.68,18294,0.099,4.036,4.135
5739440.23,18295,0.056,4.285,4.341
5739511.98,18293,0.079,3.852,3.932
5739512.96,18294,0.062,3.962,4.025
5739517.22,18295,0.068,3.975,4.043
5739532.03,18293,0.069,4.451,4.519
5739595.57,18294,0.149,4.053,4.202
5739599.91,18295,0.067,4.059,4.126
5739669.74,18293,0.091,6.031,6.123
5739670.07,18294,0.118,4.066,4.185
5739721.27,18295,0.085,4.205,4.29
5739728.05,18293,0.079,4.081,4.16
5739738.31,18294,0.082,5.167,5.249
5739829.86,18295,0.162,6.241,6.403
5739841.7,18293,0.113,6.1,6.213
5739861.26,18294,0.142,8.046,8.188
5739861.52,18295,0.073,5.292,5.365
5739880.15,18293,2.085,3.996,6.082
5739929.36,18294,0.128,4.01,4.139
5740011.44,18295,0.159,4.076,4.236
5740080.36,18293,0.128,5.161,5.289
5740316.34,18294,0.147,6.112,6.259
5740397.57,18295,0.111,4.105,4.216
5740408.15,18293,0.101,3.943,4.044
5740466.93,18294,0.088,3.938,4.026
5740538.05,18295,0.122,4.221,4.343
5740901.12,18293,0.177,4.854,5.032
5740923.67,18294,0.135,4.053,4.187
5741002.13,18295,0.108,4.009,4.117
5741101.72,18293,0.148,4.084,4.233
5741124.32,18294,0.113,6.129,6.242
5741168.89,18295,0.123,4.036,4.159
5741301.53,18293,0.455,6.404,6.858
5741316.14,18294,2.074,8.002,10.076
5741403.15,18295,0.112,4.043,4.155
5741428.56,18293,0.093,3.835,3.928
5741472.35,18294,0.092,6.197,6.289
5741485.63,18295,0.079,4.049,4.128
5741598.62,18293,0.105,5.005,5.11
5741649.07,18294,0.089,5.923,6.012
5741659.19,18295,0.08,6.619,6.699
5741842.68,18293,0.186,6.025,6.211
5741936.44,18294,0.141,4.063,4.204
5741979.12,18295,0.178,4.851,5.03
5742021.42,18293,1.5,8.27,9.77
5742025.86,18294,0.148,4.391,4.539
5742044.32,18293,0.112,5.152,5.264
5742063.75,18295,0.122,4.287,4.408
5742072.36,18294,0.109,4.108,4.218
5742086.03,18293,0.095,4.976,5.071
5742098.16,18295,0.091,4.202,4.294
5742101.12,18294,0.067,4.313,4.38
5742115.16,18293,0.831,5.057,5.889
5742139.3,18295,0.149,7.059,7.208
5742203.3,18294,0.179,4.314,4.494
5742209.17,18293,1.646,4.059,5.705
5742215.07,18295,0.116,4.445,4.561
5742225.27,18294,0.082,6.127,6.21
5742229.31,18293,0.058,6.205,6.263
5742246.28,18295,0.083,7.149,7.232
5742264.91,18294,0.098,4.139,4.237
5742269.83,18293,0.08,3.908,3.988
5742304.85,18295,0.156,3.988,4.144
5742321.1,18294,0.127,4.28,4.407
5742338.16,18293,0.108,6.85,6.958
5742380.2,18295,0.102,5.063,5.164
5742394.41,18294,0.1,5.087,5.187
5742411.12,18293,2.059,6.015,8.075
5742438.62,18295,0.077,4.008,4.085
5742466.84,18294,0.117,3.955,4.072
5742471.29,18293,0.083,3.946,4.029
5742477.87,18295,0.073,4.0,4.073
5742497.44,18294,0.084,5.083,5.167
5742498.3,18293,0.062,4.188,4.25
5742515.68,18295,0.079,4.036,4.115
5742554.15,18294,0.13,3.97,4.101
5742603.55,18293,0.081,5.967,6.048
5742607.7,18295,0.065,4.004,4.069
5742652.12,18294,1.033,6.034,7.067
5742671.24,18293,0.066,4.16,4.225
5742733.36,18295,0.079,4.078,4.158
5742758.14,18294,1.356,4.05,5.407
5742767.01,18293,0.102,4.051,4.153
5742796.19,18295,0.094,4.027,4.121
5742803.93,18294,3.048,4.825,7.873
5742808.24,18293,0.06,5.981,6.041
5742818.18,18295,0.11,3.969,4.08
5742855.13,18294,0.171,3.984,4.156
5742861.28,18293,0.082,4.089,4.171
5742876.39,18295,0.144,5.168,5.312
5742891.19,18294,0.107,5.014,5.12
5742934.08,18293,2.11,3.889,5.999
5742940.52,18295,0.105,4.351,4.456
5742972.42,18294,0.144,3.956,4.1
5742988.1,18293,1.058,4.982,6.04
5743006.65,18295,0.101,4.002,4.103
5743035.78,18294,0.093,4.308,4.401
5743056.02,18293,0.09,6.209,6.3
5743057.07,18295,0.07,3.954,4.024
5743063.07,18294,0.061,3.97,4.031
5743073.43,18293,0.057,5.994,6.051
5743127.92,18295,0.153,4.128,4.281
5743145.33,18294,0.094,4.08,4.174
5743165.17,18293,0.082,5.034,5.116
5743249.48,18295,0.174,8.894,9.068
5743266.3,18294,0.11,5.133,5.243
5743279.98,18293,2.065,3.869,5.934
5743349.52,18295,0.108,4.017,4.125
5743464.37,18294,0.122,4.2,4.322
5743687.42,18293,0.132,4.011,4.143
5743770.29,18295,0.114,5.103,5.217
5743796.34,18294,0.13,4.13,4.259
5743847.25,18293,0.177,4.158,4.335
5744020.89,18295,0.158,3.964,4.122
5744108.16,18294,0.137,5.945,6.082
5744114.34,18293,0.068,6.201,6.269
5744189.28,18294,0.131,5.966,6.097
5744356.67,18295,0.166,4.044,4.21
5744403.29,18293,0.131,3.996,4.126
5744467.58,18294,0.121,7.117,7.238
5744527.71,18295,0.241,5.095,5.336
5744572.04,18293,1.038,3.931,4.969
5744666.47,18294,0.172,4.203,4.375
5744686.38,18295,2.209,4.24,6.449
5744755.18,18293,0.135,3.972,4.107
5744759.97,18294,0.093,3.93,4.023
5744781.69,18295,0.069,4.094,4.164
5744790.52,18293,0.071,5.982,6.053
5744833.82,18294,0.148,4.055,4.203
5744866.96,18295,0.145,4.033,4.178
5744883.14,18293,0.09,4.044,4.135
5744926.23,18294,0.142,4.005,4.147
5744965.07,18295,0.129,4.112,4.241
5744990.54,18293,0.087,8.249,8.336
5744990.88,18294,0.063,4.654,4.718
5745003.48,18295,0.075,4.21,4.285
5745060.98,18293,0.123,3.928,4.051
5745139.14,18294,0.112,4.275,4.387
5745146.61,18295,0.09,6.467,6.557
5745148.35,18293,0.091,5.578,5.669
5745153.23,18294,0.091,3.965,4.055
5745155.3,18295,0.069,5.433,5.501
5745228.28,18293,0.189,4.021,4.21
5745249.29,18294,0.083,4.151,4.234
5745267.07,18295,0.06,10.96,11.019
5745267.26,18293,1.692,6.205,7.897
5745269.46,18294,2.553,4.394,6.946
5745300.54,18295,0.08,4.038,4.118
5745306.47,18293,0.089,4.374,4.463
5745375.45,18294,0.088,5.956,6.043
5745385.18,18295,0.064,6.068,6.132
5745397.26,18293,2.239,3.979,6.218
5745423.72,18294,0.075,4.081,4.156
5745444.08,18295,0.088,4.046,4.134
5745470.57,18293,0.062,3.921,3.983
5745505.12,18294,2.029,4.038,6.067
5745550.22,18295,0.071,3.95,4.021
5745555.29,18293,0.061,3.979,4.04
5745619.5,18294,0.093,4.005,4.098
5745635.41,18295,0.073,5.075,5.148
5745644.14,18293,0.061,5.106,5.167
5745646.05,18294,0.055,3.953,4.009
5745710.13,18295,0.079,5.032,5.111
5745714.76,18293,0.09,4.015,4.104
5745742.34,18294,2.055,4.235,6.29
5745765.72,18295,0.068,3.946,4.014
5745794.96,18293,1.302,3.953,5.255
5745797.03,18294,1.586,5.944,7.53
5745832.14,18295,1.027,6.038,7.065
5745835.12,18293,0.098,4.973,5.071
5745846.9,18294,0.119,4.079,4.198
5745865.32,18295,0.093,4.058,4.152
5745928.59,18293,0.138,3.942,4.08
5745933.82,18295,0.064,4.287,4.351
5745933.97,18294,0.084,5.015,5.1
5745970.29,18293,0.103,4.13,4.233
5746020.98,18295,0.081,4.011,4.092
5746027.28,18294,3.07,4.157,7.227
5746031.25,18293,0.053,4.157,4.21
5746097.27,18294,0.151,4.029,4.18
5746099.75,18295,0.066,4.004,4.07
5746147.02,18293,0.158,3.9,4.058
5746157.12,18294,1.486,4.033,5.519
5746190.27,18295,0.109,5.105,5.213
5746211.98,18293,0.089,3.842,3.931
5746263.72,18294,0.11,4.082,4.192
5746293.18,18295,0.092,8.029,8.121
5746297.13,18293,0.064,6.02,6.084
5746318.1,18294,2.032,4.017,6.049
5746348.16,18295,0.094,4.007,4.101
5746363.12,18293,0.082,4.024,4.106
5746421.31,18294,0.107,5.139,5.246
5746422.22,18295,0.06,4.108,4.168
5746436.74,18293,0.086,4.142,4.228
5746451.17,18294,1.052,4.076,5.127
5746463.37,18295,0.055,4.063,4.118
5746474.77,18293,0.069,3.916,3.985
5746483.3,18294,0.06,6.299,6.359
5746488.07,18295,0.052,4.982,5.034
5746520.2,18294,1.842,4.096,5.938
5746529.38,18293,0.088,5.027,5.116
5746541.18,18295,0.086,6.07,6.156
5746572.52,18294,0.078,5.935,6.013
5746581.1,18293,2.047,4.009,6.056
5746619.68,18295,0.075,4.036,4.111
5746680.62,18294,0.085,5.013,5.098
5746703.55,18293,0.075,6.316,6.39
5746722.2,18295,0.074,5.079,5.153
5746830.87,18294,0.158,6.121,6.279
5746911.53,18293,0.197,4.156,4.352
5746962.87,18295,0.113,4.092,4.205
5747019.17,18294,1.693,4.062,5.755
5747026.43,18293,0.07,4.291,4.361
5747075.16,18295,0.108,4.017,4.124
5747172.49,18294,1.876,4.367,6.243
5747303.36,18293,0.153,7.521,7.674
5747354.21,18295,0.118,6.012,6.13
5747436.85,18294,0.137,4.096,4.233
5747569.7,18293,0.179,6.187,6.366
5747645.26,18295,0.12,6.206,6.325
5747679.08,18294,1.226,3.976,5.202
5747693.16,18293,0.104,6.005,6.109
5747707.31,18295,0.064,3.98,4.043
5747715.48,18294,1.37,8.047,9.417
5747733.04,18293,0.093,5.029,5.122
5747750.54,18295,0.093,6.055,6.148
5747849.22,18294,1.947,4.05,5.996
5747883.2,18293,0.183,3.929,4.113
5747957.54,18295,0.127,4.134,4.261
5748111.98,18294,0.205,6.059,6.264
5748234.84,18293,0.168,4.053,4.221
5748366.02,18295,0.154,4.074,4.228
5748416.81,18294,0.134,4.044,4.179
5748488.11,18293,0.126,4.047,4.173
5748618.22,18295,0.115,4.041,4.157
5748702.35,18294,0.119,4.166,4.285
5748821.11,18293,0.125,4.126,4.251
5748846.45,18295,1.325,5.043,6.368
5748930.19,18294,0.146,3.985,4.131
5748948.23,18293,0.718,4.059,4.778
5748974.29,18295,0.101,4.922,5.023
5749094.19,18294,1.277,6.087,7.364
5749095.3,18293,0.084,3.925,4.01
5749146.2,18295,0.102,6.039,6.142
5749152.47,18294,0.333,6.147,6.48
5749254.66,18293,0.247,6.179,6.426
5749267.07,18295,0.102,4.018,4.12
5749275.17,18294,2.032,4.085,6.117
5749326.37,18293,0.094,4.205,4.298
5749416.14,18295,0.101,3.972,4.073
5749545.06,18294,0.177,6.062,6.239
5749698.19,18293,0.133,4.066,4.2
5749722.62,18295,0.1,4.02,4.119
5749766.65,18294,0.15,3.937,4.088
5749916.33,18293,2.105,4.128,6.233
5749922.23,18295,0.103,4.043,4.147
5749937.22,18294,0.125,4.23,4.355
5749938.64,18293,0.058,3.948,4.006
5750023.52,18295,0.157,3.974,4.131
5750136.25,18294,0.13,4.042,4.171
5750141.04,18293,0.073,3.997,4.07
5750341.95,18295,0.155,3.975,4.13
5750578.21,18294,0.125,4.018,4.143
5750618.72,18293,0.111,3.999,4.11
5750646.64,18295,0.113,6.208,6.321
5750792.51,18294,0.137,4.024,4.161
5750832.23,18293,0.099,8.073,8.172
5750836.42,18295,2.048,6.328,8.375
5750897.1,18294,0.212,5.667,5.879
5750914.89,18293,0.131,4.055,4.186
5750930.4,18295,0.11,3.98,4.09
5751018.08,18294,2.091,3.926,6.017
5751249.78,18293,0.135,3.997,4.132
5751254.42,18295,0.114,4.435,4.549
5751350.27,18294,1.053,6.139,7.192
5751353.38,18293,0.071,6.26,6.331
5751359.14,18294,0.889,4.059,4.947
5751538.24,18295,0.135,4.03,4.165
5751592.22,18293,0.123,4.356,4.479
5751807.13,18294,0.133,3.928,4.061
5751892.42,18295,0.19,4.124,4.314
5752046.79,18293,0.14,4.021,4.161
5752208.12,18294,2.041,6.005,8.046
5752239.7,18295,0.168,4.056,4.224
5752243.87,18293,0.799,4.024,4.823
5752312.98,18294,0.127,4.095,4.222
5752324.11,18295,0.099,4.532,4.631
5752330.45,18293,0.085,3.871,3.956
5752352.15,18294,0.073,4.023,4.097
5752361.04,18295,0.05,3.94,3.99
5752371.27,18293,0.236,3.966,4.202
5752376.94,18294,0.081,4.012,4.093
5752383.71,18295,0.067,4.092,4.159
5752420.09,18293,0.087,6.971,7.059
5752428.74,18294,0.073,4.032,4.106
5752451.87,18295,0.109,4.039,4.147
5752465.24,18293,0.061,4.613,4.674
5752483.56,18294,1.924,5.486,7.41
5752505.47,18295,0.07,6.348,6.418
5752520.2,18293,0.071,7.965,8.036
5752552.27,18294,0.227,4.032,4.259
5752597.19,18295,0.093,7.027,7.12
5752617.05,18293,0.081,3.921,4.002
5752641.76,18294,0.097,4.059,4.156
5752659.54,18295,0.079,4.069,4.148
5752666.1,18293,0.06,4.203,4.263
5752730.86,18294,0.209,4.038,4.248
5752733.33,18295,0.073,5.903,5.977
5752736.02,18293,0.067,4.67,4.737
5752773.87,18295,2.371,4.011,6.381
5752774.05,18294,4.13,5.944,10.074
5752787.22,18293,0.112,4.1,4.212
5752804.71,18295,0.101,4.038,4.14
5752813.06,18294,0.068,7.047,7.115
5752830.55,18293,0.088,3.99,4.078
5752914.14,18295,2.107,3.94,6.047
5752927.47,18294,0.135,4.068,4.204
5752935.17,18293,0.152,4.0,4.153
5752971.25,18295,0.136,4.052,4.188
5752996.2,18294,0.102,6.039,6.141
5753019.97,18293,0.083,3.93,4.013
5753023.4,18295,0.378,5.995,6.373
5753030.54,18294,0.071,3.916,3.987
5753035.59,18293,0.067,4.04,4.107
5753055.64,18295,0.096,4.16,4.256
5753113.66,18294,0.071,4.764,4.835
5753167.3,18293,4.362,4.179,8.541
5753189.13,18295,0.063,6.026,6.089
5753206.27,18294,0.159,4.664,4.823
5753215.28,18293,0.122,5.094,5.215
5753278.35,18295,0.14,5.156,5.296
5753358.12,18294,0.16,4.075,4.235
5753380.52,18293,0.105,3.891,3.997
5753393.43,18295,0.15,5.08,5.23
5753476.63,18294,0.116,4.041,4.157
5753478.8,18293,0.084,5.992,6.076
5753484.42,18295,0.072,5.352,5.424
5753516.6,18294,0.069,3.921,3.99
5753530.74,18293,0.094,4.019,4.113
5753539.98,18294,0.67,4.898,5.568
5753541.79,18295,0.067,9.066,9.132
5753547.1,18293,0.057,6.034,6.091
5753560.28,18294,0.074,7.166,7.241
5753574.1,18295,0.064,5.997,6.061
5753600.45,18293,0.077,4.024,4.101
5753633.32,18294,0.088,4.077,4.166
5753640.38,18295,0.072,4.055,4.127
5753671.67,18293,0.095,4.458,4.553
5753720.8,18294,0.079,6.483,6.562
5753737.22,18295,0.086,4.094,4.18
5753756.09,18293,0.081,3.954,4.035
5753758.65,18294,0.055,4.158,4.213
5753796.02,18293,1.385,3.948,5.334
5753802.1,18295,0.082,3.968,4.05
5753820.12,18294,0.059,3.92,3.979
5753847.64,18293,0.071,6.467,6.539
5753849.11,18295,0.055,3.993,4.049
5753890.09,18293,0.155,5.001,5.156
5753983.29,18294,0.127,4.098,4.225
5754011.13,18295,0.112,3.952,4.063
5754024.01,18293,2.041,3.903,5.944
5754076.78,18294,0.093,4.188,4.281
5754088.35,18295,0.081,3.914,3.994
5754099.24,18293,0.105,3.938,4.043
5754125.19,18294,0.07,6.077,6.147
5754129.63,18295,0.058,4.007,4.064
5754173.12,18293,0.089,3.982,4.07
5754189.11,18294,0.066,3.998,4.065
5754198.98,18295,0.06,3.883,3.943
5754209.4,18293,0.063,6.275,6.338
5754244.97,18294,0.066,3.996,4.063
5754266.09,18295,0.066,3.983,4.049
5754273.09,18293,3.025,4.02,7.045
5754284.05,18294,0.053,5.964,6.017
5754295.88,18295,0.053,6.074,6.127
5754301.94,18293,2.124,3.879,6.003
5754304.12,18294,0.048,4.037,4.085
5754385.14,18295,0.124,6.111,6.234
5754449.08,18293,1.611,3.971,5.582
5754462.81,18294,0.087,7.775,7.862
5754467.06,18295,0.062,6.782,6.844
5754491.28,18293,0.075,3.916,3.991
5754507.14,18294,0.059,4.04,4.099
5754515.05,18295,1.709,3.974,5.683
5754577.71,18293,0.108,4.005,4.112
5754592.21,18294,1.43,4.069,5.499
5754661.06,18295,0.088,3.917,4.005
5754697.75,18293,0.078,4.987,5.065
5754763.14,18294,0.111,4.065,4.176
5754767.51,18295,0.074,4.103,4.177
5754855.03,18293,1.278,3.879,5.157
5754857.33,18294,0.101,5.396,5.496
5754925.4,18295,0.148,6.155,6.303
5754929.89,18293,0.091,3.851,3.942
5754946.3,18294,0.108,4.119,4.227
5755170.93,18295,0.127,4.214,4.341
5755364.08,18293,0.144,6.832,6.975
5755370.25,18294,0.146,7.271,7.417
5755450.7,18293,0.151,3.964,4.115
5755508.72,18295,1.511,5.137,6.648
5755567.5,18294,0.11,3.964,4.074
5755672.28,18293,0.13,4.063,4.192
5755714.18,18295,0.097,4.021,4.119
5755778.52,18294,0.096,4.259,4.355
5755782.57,18293,1.567,3.934,5.501
5755797.73,18295,0.081,6.131,6.211
5755814.29,18294,0.077,3.962,4.038
5755846.36,18293,0.094,5.098,5.192
5755869.21,18295,0.166,5.196,5.362
5755961.36,18294,0.267,5.028,5.296
5756101.19,18293,0.136,4.99,5.126
5756129.16,18295,0.114,5.122,5.235
5756179.49,18294,0.109,4.084,4.193
5756360.47,18293,0.165,6.21,6.375
5756410.5,18295,0.136,6.069,6.205
5756431.41,18294,0.144,6.01,6.154
5756466.93,18293,0.171,3.975,4.146
5756728.2,18295,1.146,3.98,5.126
5756793.22,18294,0.159,4.029,4.189
5756816.66,18293,0.115,3.933,4.048
5756858.41,18295,0.158,5.008,5.166
5756895.19,18294,0.165,4.022,4.188
5756985.19,18293,0.147,3.869,4.016
5757105.02,18295,0.161,4.044,4.205
5757198.25,18294,0.112,3.921,4.034
5757276.7,18293,0.112,4.954,5.066
5757338.03,18295,0.112,6.238,6.351
5757410.38,18294,1.047,4.27,5.317
5757453.52,18293,0.122,4.007,4.13
5757512.24,18295,0.107,4.062,4.169
5757537.31,18294,0.101,8.025,8.127
5757539.07,18293,1.884,5.989,7.873
5757643.95,18295,0.1,5.684,5.783
5757692.57,18294,0.1,4.982,5.081
5757732.05,18293,0.082,3.925,4.007
5757737.97,18295,0.068,3.862,3.93
5757796.26,18294,0.101,6.087,6.188
5757811.89,18293,0.08,3.964,4.044
5757861.5,18295,0.158,4.142,4.3
5757889.23,18294,1.999,7.022,9.021
5757954.34,18293,0.148,6.099,6.247
5757979.8,18295,0.146,5.974,6.12
5758066.11,18294,1.054,5.97,7.024
5758133.02,18293,0.129,4.236,4.365
5758272.12,18295,0.123,3.994,4.117
5758307.27,18294,0.124,3.983,4.107
5758336.25,18293,0.096,7.098,7.194
5758452.55,18295,0.163,6.296,6.459
5758465.32,18294,0.099,4.114,4.214
5758509.98,18293,0.107,3.922,4.029
5758515.77,18295,0.079,4.511,4.59
5758534.12,18294,0.08,3.986,4.066
5758563.06,18293,0.086,4.159,4.245
5758566.17,18295,0.071,6.058,6.129
5758573.61,18294,0.063,5.625,5.688
5758597.58,18293,0.063,4.033,4.096
5758640.99,18295,0.116,3.982,4.098
5758672.25,18294,0.077,6.125,6.203
5758685.2,18293,1.602,4.126,5.728
5758705.9,18294,0.063,6.976,7.039
5758706.38,18295,0.096,10.149,10.245
5758747.28,18293,0.254,3.977,4.231
5758769.43,18294,0.076,3.994,4.07
5758855.41,18295,0.125,4.257,4.382
5758877.12,18293,0.148,3.885,4.033
5758893.54,18294,0.102,7.074,7.176
5758901.67,18295,0.082,4.883,4.965
5758965.01,18293,1.35,3.894,5.244
5758999.17,18294,0.104,6.367,6.471
5759030.07,18295,0.093,5.442,5.535
5759059.23,18293,2.139,4.097,6.236
5759083.4,18294,0.069,6.642,6.711
5759087.82,18295,0.053,7.46,7.513
5759122.89,18293,0.088,4.305,4.393
5759138.81,18294,0.091,3.962,4.053
5759167.6,18295,0.081,5.979,6.06
5759171.78,18293,0.059,3.926,3.985
5759201.46,18294,0.084,4.215,4.299
5759226.71,18295,0.075,3.92,3.994
5759316.99,18293,1.462,5.907,7.369
5759352.05,18294,0.072,3.932,4.003
5759358.94,18295,0.073,3.913,3.986
5759402.7,18293,0.16,7.169,7.329
5759406.07,18294,0.097,3.876,3.973
5759428.42,18293,1.035,7.332,8.367
5759504.23,18295,0.124,3.929,4.053
5759545.08,18294,0.103,3.922,4.025
5759590.32,18293,0.112,7.028,7.14
5759605.37,18295,0.136,4.009,4.146
5759609.52,18294,0.06,3.979,4.039
5759713.89,18293,0.086,4.329,4.414
5759720.67,18295,0.088,6.07,6.158
5759785.36,18294,0.111,4.199,4.31
5759829.06,18293,0.1,4.885,4.986
5759836.77,18295,0.081,3.972,4.053
5759850.22,18294,0.07,3.898,3.968
5759865.0,18293,0.153,6.735,6.889
5759916.15,18295,0.179,3.958,4.137
5759931.4,18294,0.132,3.958,4.09
5759976.49,18293,0.114,4.923,5.037
5759998.4,18295,0.096,4.106,4.202
5760002.84,18294,0.088,3.913,4.001
5760023.1,18293,0.084,6.964,7.048
5760060.27,18295,0.076,3.979,4.055
5760076.04,18294,0.071,3.928,3.999
5760140.79,18293,0.125,4.059,4.184
5760166.61,18295,0.12,6.218,6.339
5760194.23,18294,0.076,4.108,4.184
5760225.56,18293,0.077,3.948,4.025
5760274.11,18295,3.041,4.005,7.046
5760324.26,18294,0.15,4.199,4.349
5760337.04,18293,0.073,3.926,3.999
5760364.29,18295,1.036,4.183,5.219
5760376.99,18294,0.064,4.007,4.071
5760397.13,18293,0.067,5.987,6.054
5760404.09,18295,0.099,4.304,4.403
5760412.47,18294,0.095,4.071,4.166
5760442.56,18293,0.103,4.398,4.501
5760497.77,18295,0.145,8.151,8.295
5760499.22,18294,0.067,7.225,7.292
5760503.11,18293,0.061,5.98,6.041
5760505.48,18295,0.26,6.184,6.445
5760514.7,18294,0.068,5.985,6.053
5760520.94,18293,0.067,5.003,5.069
5760548.49,18295,0.079,4.915,4.994
5760556.09,18294,0.052,3.909,3.96
5760573.99,18293,0.063,5.877,5.94
5760585.12,18295,0.066,5.013,5.079
5760598.12,18294,0.075,4.005,4.08
5760602.18,18293,0.053,4.083,4.136
5760617.5,18295,0.065,4.033,4.098
5760650.43,18294,0.126,3.914,4.04
5760668.17,18293,0.069,4.062,4.13
5760711.43,18295,0.074,5.071,5.145
5760719.03,18294,0.058,4.931,4.989
5760767.1,18293,0.083,3.987,4.07
5760782.98,18295,0.09,6.092,6.183
5760918.29,18294,1.951,5.133,7.083
5760968.02,18293,0.154,3.979,4.133
5760975.83,18295,0.104,7.396,7.5
5761028.23,18294,2.119,4.019,6.139
5761053.66,18293,0.155,4.521,4.676
5761109.33,18295,0.171,4.197,4.368
5761121.29,18294,0.111,4.12,4.231
5761188.53,18293,0.136,4.326,4.462
5761278.18,18295,2.065,4.089,6.154
5761291.81,18294,0.086,3.954,4.04
5761509.27,18293,0.159,4.096,4.255
5761513.65,18295,0.091,4.023,4.115
5761554.05,18294,0.126,4.533,4.659
5761600.12,18293,0.117,5.944,6.06
5761632.58,18295,0.117,4.075,4.192
5761685.4,18294,0.397,6.106,6.503
5761707.04,18293,0.088,3.9,3.988
5761780.5,18295,0.966,5.373,6.338
5761788.25,18294,0.094,5.248,5.341
5761798.91,18293,0.092,4.553,4.645
5761962.1,18295,0.177,3.933,4.11
5761983.13,18294,0.12,5.571,5.691
5762097.72,18293,0.182,4.164,4.346
5762137.22,18295,2.515,6.052,8.567
5762182.19,18294,2.08,4.052,6.131
5762198.11,18293,0.098,4.017,4.115
5762293.06,18295,0.108,5.031,5.139
5762349.34,18294,2.154,4.123,6.277
5762438.4,18293,0.152,4.158,4.311
5762583.91,18295,3.211,6.623,9.834
5762628.12,18294,0.811,7.998,8.809
5762738.76,18293,0.129,4.061,4.191
5762749.57,18295,0.096,6.028,6.124
5762792.6,18294,0.114,4.689,4.803
5762825.32,18293,0.124,4.704,4.829
5762855.18,18295,0.108,5.997,6.105
5762869.41,18294,0.125,5.035,5.161
5762977.53,18293,0.166,6.135,6.301
5762999.98,18295,0.779,4.126,4.905
5763071.17,18294,0.098,6.022,6.12
5763083.39,18293,0.087,4.248,4.334
5763191.21,18295,1.324,4.073,5.397
5763251.41,18294,0.203,3.966,4.169
5763306.19,18293,0.107,4.021,4.129
5763461.77,18295,0.171,4.08,4.251
5763483.17,18294,2.036,6.072,8.109
5763518.09,18293,0.093,3.948,4.041
5763520.05,18295,0.061,3.936,3.998
5763643.51,18294,0.104,4.068,4.172
5763661.16,18293,0.095,3.896,3.991
5763677.21,18295,2.027,6.117,8.144
5763730.18,18294,0.098,4.36,4.459
5763750.96,18293,0.079,3.933,4.012
5763773.82,18295,0.33,7.022,7.352
5763775.43,18294,0.062,5.904,5.966
5763780.74,18293,0.07,3.927,3.997
5763860.71,18295,0.124,6.076,6.2
5763944.1,18294,0.199,5.96,6.159
5763995.2,18293,0.144,3.99,4.133
5764040.8,18295,0.169,4.086,4.255
5764095.21,18294,1.076,4.067,5.143
5764128.37,18293,1.069,4.241,5.309
5764210.23,18295,0.09,4.085,4.175
5764288.29,18294,0.093,4.194,4.287
5764294.21,18293,0.068,5.978,6.046
5764335.97,18294,0.091,3.971,4.062
5764481.11,18295,0.152,3.948,4.099
5764578.69,18293,0.144,9.29,9.435
5764597.16,18294,0.104,5.992,6.097
5764601.76,18295,0.076,3.975,4.051
5764656.07,18293,2.01,4.008,6.018
5764660.13,18294,2.855,6.035,8.89
5764665.34,18295,0.088,3.938,4.025
5764675.06,18293,2.024,3.99,6.014
5764681.34,18294,0.057,4.249,4.306
5764698.29,18295,0.07,4.04,4.11
5764703.88,18293,0.058,3.935,3.993
5764709.4,18294,0.066,4.014,4.081
5764717.77,18295,0.063,4.019,4.082
5764815.71,18293,0.105,3.875,3.98
5764830.06,18294,0.087,4.922,5.009
5764848.16,18295,2.061,6.053,8.114
5764854.29,18293,0.07,4.158,4.227
5764899.89,18294,0.17,4.186,4.356
5764910.26,18295,0.131,4.037,4.168
5764948.56,18293,0.123,3.954,4.077
5764983.35,18294,0.108,4.083,4.192
5764993.64,18295,0.085,4.023,4.108
5765032.14,18293,0.101,5.969,6.071
5765033.96,18294,0.082,7.459,7.541
5765040.27,18295,0.069,6.142,6.212
5765053.85,18293,0.073,5.941,6.013
5765064.71,18294,0.075,7.069,7.144
5765068.29,18295,0.065,7.046,7.111
5765127.37,18293,0.156,3.867,4.022
5765151.26,18294,0.098,4.09,4.188
5765174.24,18295,0.101,4.052,4.153
5765209.81,18293,0.132,4.057,4.19
5765226.32,18294,0.075,6.053,6.128
5765261.26,18295,0.1,3.992,4.091
5765303.1,18293,0.129,4.36,4.489
5765310.11,18294,0.109,6.911,7.02
5765336.82,18295,0.805,3.962,4.767
5765339.18,18293,0.079,5.946,6.025
5765378.0,18294,0.084,6.06,6.144
5765381.09,18295,0.122,7.021,7.143
5765412.32,18293,0.073,3.942,4.015
5765443.67,18295,0.099,4.214,4.314
5765447.49,18294,0.083,8.258,8.341
5765458.85,18293,1.891,4.047,5.938
5765479.24,18295,0.114,4.034,4.148
5765512.6,18294,0.107,5.58,5.687
5765514.54,18293,0.076,4.147,4.223
5765518.84,18295,0.064,4.019,4.084
5765545.36,18294,2.022,5.303,7.325
5765548.49,18293,0.057,6.014,6.072
5765553.39,18295,0.058,3.93,3.988
5765565.1,18294,0.063,5.0,5.063
5765615.05,18293,0.127,4.036,4.163
5765615.39,18295,0.055,4.196,4.251
5765621.69,18294,0.075,5.102,5.177
5765643.11,18293,0.065,5.703,5.768
5765652.6,18295,0.062,5.5,5.562
5765658.7,18294,0.698,5.956,6.654
5765664.09,18293,0.055,3.863,3.918
5765670.15,18295,0.064,4.061,4.124
5765695.58,18294,2.218,4.504,6.722
5765716.12,18293,0.081,5.976,6.057
5765733.11,18295,0.081,5.971,6.052
5765746.29,18294,0.076,7.042,7.118
5765833.65,18293,0.082,4.034,4.116
5765837.84,18295,0.066,4.07,4.136
5765895.23,18294,0.136,4.023,4.16
5765898.7,18293,0.091,4.086,4.176
5765921.25,18294,1.084,7.111,8.195
5765946.55,18295,0.1,4.57,4.67
5765951.77,18293,0.09,5.027,5.116
5765962.13,18294,1.214,4.022,5.236
5766014.97,18295,0.098,4.038,4.136
5766032.08,18293,0.069,3.866,3.935
5766049.15,18294,1.036,4.051,5.087
5766051.03,18295,2.877,3.945,6.821
5766061.24,18293,0.078,7.471,7.549
5766077.14,18294,0.075,4.02,4.094
5766087.03,18295,1.773,3.969,5.741
5766096.99,18293,0.051,3.905,3.956
5766131.17,18294,0.073,3.95,4.023
5766148.16,18295,0.093,5.92,6.013
5766162.16,18293,0.06,6.068,6.128
5766171.25,18294,0.071,4.076,4.146
5766176.48,18295,0.106,5.079,5.185
5766212.39,18293,0.071,3.947,4.017
5766214.53,18294,0.06,3.979,4.039
5766220.06,18295,0.05,3.974,4.024
5766232.36,18293,0.063,3.911,3.975
5766267.98,18294,1.024,3.91,4.934
5766289.08,18295,2.025,8.017,10.042
5766290.05,18294,0.046,3.966,4.011
5766291.07,18293,1.031,8.001,9.033
5766317.38,18295,0.071,7.259,7.33
5766370.68,18294,0.072,3.962,4.034
5766377.33,18293,0.076,4.07,4.146
5766395.3,18295,0.094,6.025,6.119
5766412.07,18294,0.085,4.092,4.176
5766433.95,18295,0.045,4.93,4.975
5766438.21,18293,0.094,10.074,10.168
5766485.25,18294,0.088,4.097,4.185
5766513.24,18295,0.233,3.932,4.165
5766545.48,18293,0.104,5.974,6.079
5766621.31,18294,0.147,6.052,6.199
5766651.28,18295,1.516,4.148,5.664
5766700.53,18293,0.11,7.952,8.062
5766722.25,18294,0.078,6.126,6.204
5766724.49,18295,0.057,4.393,4.45
5766726.72,18293,0.06,3.978,4.039
5766730.64,18294,0.064,4.141,4.205
5766747.97,18295,0.051,3.999,4.05
5766748.03,18293,0.063,5.921,5.983
5766756.14,18294,0.055,4.042,4.097
5766762.41,18295,0.236,6.14,6.376
5766765.05,18293,2.341,5.984,8.325
5766789.17,18294,0.075,4.054,4.128
5766855.98,18295,0.082,3.892,3.974
5766865.09,18293,1.067,4.013,5.08
5766888.17,18294,0.098,4.13,4.228
5766902.74,18295,0.109,4.002,4.11
5766911.32,18293,0.073,3.941,4.014
5767005.32,18294,0.142,4.107,4.25
5767012.97,18295,0.112,4.124,4.236
5767060.21,18293,0.121,6.053,6.174
5767077.35,18294,0.09,6.193,6.282
5767127.01,18295,0.085,4.003,4.088
5767154.28,18293,0.09,4.128,4.218
5767192.96,18294,0.088,4.101,4.19
5767274.2,18295,0.072,4.096,4.168
5767334.49,18293,0.103,6.093,6.195
5767354.46,18294,0.083,6.326,6.41
5767553.4,18295,0.136,3.99,4.125
5767575.09,18293,2.076,3.943,6.018
5767656.26,18294,0.117,6.018,6.135
5767734.13,18295,0.115,6.759,6.874
5767735.09,18293,0.073,3.963,4.036
5767778.27,18294,0.124,4.07,4.195
5767826.46,18295,0.918,6.271,7.189
5767865.49,18293,0.122,5.082,5.204
5767872.92,18294,2.002,3.856,5.858
5767894.13,18295,2.054,4.028,6.082
5767983.88,18293,0.153,4.006,4.159
5768019.7,18294,0.13,4.065,4.195
5768029.36,18295,0.116,4.188,4.303
5768048.54,18293,0.099,4.001,4.1
5768067.34,18294,0.084,5.201,5.285
5768097.74,18295,0.085,4.036,4.12
5768174.07,18293,1.054,3.921,4.975
5768189.47,18294,0.121,3.998,4.119
5768299.23,18295,0.094,4.063,4.157
5768344.17,18293,0.089,4.04,4.129
5768428.24,18294,0.087,4.103,4.19
5768527.2,18295,0.162,3.94,4.102
5768691.87,18293,0.18,6.047,6.227
5768717.75,18294,0.124,4.373,4.497
5768758.93,18295,0.11,4.189,4.299
5769087.75,18293,0.184,3.992,4.176
5769145.33,18294,0.162,8.136,8.298
5769147.25,18295,0.071,6.029,6.1
5769426.12,18293,1.102,3.942,5.044
5769698.33,18294,0.135,4.107,4.242
5769762.13,18295,1.039,6.02,7.059
5769861.11,18293,0.136,3.896,4.032
5769889.85,18294,0.133,4.024,4.157
5769895.82,18295,0.084,4.011,4.095
5770024.19,18293,0.183,3.91,4.093
5770111.17,18294,1.141,3.97,5.111
5770181.66,18295,0.483,4.106,4.589
5770240.21,18293,0.122,4.035,4.156
5770353.17,18294,0.09,7.018,7.108
5770389.9,18295,0.126,4.206,4.332
5770417.61,18293,0.099,3.974,4.074
5770523.11,18294,0.122,4.955,5.078
5770528.2,18295,0.081,4.071,4.152
5770636.81,18293,1.618,4.104,5.721
5770640.89,18294,0.072,4.073,4.146
5770676.11,18293,0.143,3.912,4.055
5770807.61,18295,0.138,4.354,4.492
5770817.59,18294,0.075,3.862,3.937
5770838.02,18294,0.057,4.015,4.072
5770840.42,18293,0.096,9.114,9.21
5770842.12,18295,0.059,9.019,9.077
5770866.07,18294,0.066,5.964,6.03
5770963.94,18293,1.673,4.004,5.676
5770989.26,18295,0.138,6.05,6.188
5771014.5,18294,0.109,4.223,4.332
5771035.29,18293,0.107,9.13,9.237
5771037.08,18295,0.052,7.061,7.113
5771041.06,18294,0.101,3.877,3.978
5771118.44,18293,0.152,4.983,5.135
5771133.96,18295,0.133,3.985,4.118
5771148.44,18294,0.1,4.022,4.122
5771198.4,18293,0.09,7.911,8.001
5771202.07,18295,1.641,6.394,8.035
5771264.84,18294,0.09,4.033,4.124
5771271.1,18293,0.085,5.946,6.031
5771277.3,18295,0.067,5.967,6.035
5771318.01,18294,0.087,4.024,4.111
5771322.16,18293,0.077,3.967,4.044
5771353.9,18295,0.076,3.914,3.99
5771358.26,18294,0.094,4.153,4.246
5771366.17,18293,0.072,4.058,4.13
5771376.15,18295,0.066,3.992,4.057
5771412.37,18294,0.07,6.047,6.117
5771427.25,18293,0.068,4.265,4.333
5771470.67,18295,0.08,4.037,4.117
5771476.79,18293,0.07,4.01,4.08
5771478.54,18294,0.08,7.561,7.641
5771481.79,18295,0.068,4.262,4.33
5771487.22,18294,0.053,5.997,6.05
5771504.06,18293,0.093,5.92,6.013
5771597.81,18295,0.135,4.144,4.279
5771602.31,18294,2.051,5.201,7.252
5771639.51,18293,0.121,4.319,4.441
5771647.08,18295,0.074,3.959,4.033
5771682.63,18294,0.087,5.992,6.08
5771705.31,18293,0.098,4.057,4.155
5771746.04,18295,0.106,6.388,6.494
5771785.71,18294,0.102,3.973,4.074
5771810.09,18293,0.088,9.951,10.039
5771810.22,18295,0.086,8.102,8.188
5771881.25,18294,0.099,4.99,5.088
5771886.17,18293,0.079,3.935,4.014
5771901.75,18295,0.146,4.097,4.242
5771905.96,18294,0.085,4.008,4.094
5771926.29,18293,0.126,6.094,6.22
5771930.43,18295,2.054,6.337,8.39
5771980.63,18294,0.172,3.96,4.131
5771985.19,18293,0.081,4.048,4.13
5772027.15,18294,0.091,5.009,5.1
5772037.39,18295,0.087,4.116,4.203
5772061.14,18293,0.077,4.015,4.092
5772075.99,18294,1.024,3.921,4.944
5772086.1,18295,0.092,4.105,4.197
5772101.08,18293,0.064,5.978,6.042
5772127.89,18294,0.101,3.995,4.096
5772150.19,18295,0.121,5.011,5.132
5772182.69,18293,0.081,3.999,4.08
5772189.09,18294,2.197,4.019,6.215
5772228.97,18295,0.085,5.03,5.115
5772283.4,18293,0.067,4.036,4.102
5772303.31,18294,0.072,4.072,4.144
5772310.26,18295,0.065,5.01,5.075
5772351.66,18293,0.075,4.06,4.136
5772420.21,18294,0.103,4.038,4.141
5772452.11,18295,1.633,3.989,5.622
5772485.07,18293,0.082,4.212,4.294
5772501.16,18294,1.055,8.058,9.113
5772501.32,18295,0.053,4.229,4.283
5772508.68,18293,0.054,4.137,4.191
5772512.92,18294,0.708,4.111,4.819
5772532.17,18295,0.086,6.99,7.076
5772535.1,18293,1.389,3.996,5.386
5772551.72,18295,0.145,4.022,4.167
5772648.37,18294,0.169,6.107,6.276
5772657.2,18293,0.15,3.994,4.144
5772708.05,18295,0.12,4.221,4.34
5772720.53,18294,0.087,4.007,4.094
5772772.68,18293,0.096,4.131,4.228
5772777.04,18295,0.077,4.063,4.14
5772848.97,18294,0.133,4.16,4.293
5772920.93,18293,0.144,4.215,4.359
5773037.35,18295,0.165,6.103,6.268
5773183.74,18294,0.756,8.047,8.803
5773187.82,18295,0.056,6.679,6.735
5773188.54,18293,0.09,9.149,9.24
5773226.24,18294,0.092,4.101,4.193
5773323.19,18295,0.131,4.074,4.205
5773382.74,18293,0.104,3.961,4.065
5773404.76,18294,0.084,4.175,4.259
5773441.33,18295,3.067,4.212,7.279
5773650.31,18293,0.143,6.087,6.23
5773775.23,18294,0.128,4.032,4.16
5774085.34,18295,0.229,6.02,6.248
5774114.11,18293,0.113,6.132,6.245
5774139.62,18294,0.104,4.443,4.546
5774256.04,18295,0.137,3.941,4.078
5774272.25,18293,0.09,4.129,4.219
5774325.86,18294,0.116,4.14,4.256
5774367.6,18295,0.079,4.061,4.14
5774377.29,18293,0.102,5.081,5.183
5774380.12,18294,1.018,5.058,6.076
5774414.18,18295,0.22,6.072,6.292
5774423.45,18293,0.078,5.945,6.023
5774492.33,18294,0.123,4.124,4.247
5774637.87,18295,0.192,4.015,4.207
5774688.73,18293,0.126,5.993,6.119
5774804.27,18294,0.136,4.071,4.207
5774808.56,18295,0.119,3.936,4.055
5774828.33,18293,0.11,6.493,6.604
5774849.27,18294,0.102,6.115,6.217
5774903.3,18295,0.187,6.095,6.282
5775003.03,18293,0.161,4.983,5.144
5775183.76,18294,0.152,5.116,5.267
5775431.07,18295,0.15,9.033,9.183
5775431.26,18293,0.066,7.172,7.238
5775437.73,18294,0.098,4.023,4.121
5775562.05,18295,0.215,4.17,4.385
5775564.36,18293,0.084,4.047,4.131
5775639.29,18294,0.104,5.119,5.223
5775791.96,18295,0.206,4.096,4.302
5775850.55,18293,0.185,3.973,4.159
5775955.97,18294,0.177,5.995,6.172
5775981.32,18295,0.577,4.198,4.775
5776047.81,18293,0.124,4.036,4.16
5776098.85,18294,0.138,3.994,4.132
5776373.38,18295,0.148,4.144,4.292
5776538.37,18293,0.147,4.073,4.22
5776607.19,18294,2.086,4.041,6.128
5776634.02,18295,0.101,4.1,4.2
5776799.48,18293,0.152,4.234,4.386
5776972.23,18294,0.211,3.997,4.208
5776995.03,18295,0.118,3.99,4.108
5777001.32,18293,0.073,5.972,6.046
5777016.57,18294,0.149,4.002,4.151
5777069.08,18295,0.097,4.278,4.375
5777073.34,18293,0.071,4.002,4.073
5777370.13,18294,1.047,4.014,5.061
5777468.51,18295,0.127,4.059,4.185
5777530.2,18293,0.111,4.016,4.128
5777535.41,18294,0.346,5.006,5.352
5777587.14,18295,0.112,4.036,4.147
5777636.78,18293,0.104,5.113,5.217
5777795.53,18295,0.427,4.11,4.536
5777795.55,18294,0.164,11.004,11.168
5777864.21,18293,0.144,4.07,4.213
5777954.33,18295,0.166,3.972,4.138
5777979.0,18294,0.123,8.119,8.242
5777997.63,18293,0.097,5.892,5.989
5778040.56,18295,0.12,4.14,4.26
5778111.2,18294,0.096,8.05,8.146
5778192.03,18293,1.239,3.923,5.161
5778198.2,18295,0.101,6.051,6.152
5778216.29,18294,0.082,5.041,5.124
5778336.37,18293,0.157,6.143,6.299
5778406.08,18295,1.038,3.987,5.024
5778445.83,18294,0.11,4.038,4.148
5778473.22,18293,1.032,4.132,5.164
5778599.33,18295,0.15,4.097,4.246
5778650.79,18294,0.115,4.05,4.165
5778668.16,18293,1.043,6.056,7.1
5778748.25,18295,0.162,4.054,4.216
5778861.31,18294,0.13,6.112,6.242
5778991.97,18293,0.196,3.943,4.138
5779078.26,18295,0.142,3.914,4.056
5779196.2,18294,0.109,6.025,6.135
5779325.25,18293,0.122,4.05,4.171
5779359.92,18295,0.12,4.209,4.329
5779627.2,18294,0.142,3.984,4.126
5779634.88,18293,1.668,5.788,7.456
5779851.23,18295,0.13,4.028,4.158
5779869.46,18294,0.097,4.069,4.166
5779891.02,18293,1.668,3.932,5.6
5780061.43,18295,0.176,4.069,4.245
5780179.98,18294,0.15,6.035,6.185
5780374.33,18293,0.143,4.121,4.264
5780418.65,18295,0.115,4.476,4.591
5780455.84,18294,0.091,3.997,4.087
5780462.8,18293,0.066,6.2,6.267
5780495.0,18295,1.923,3.917,5.84
5780683.06,18294,0.135,4.08,4.215
5780736.62,18293,0.133,3.972,4.104
5780777.08,18295,0.11,3.902,4.012
5780812.12,18294,1.159,4.015,5.174
5780929.79,18293,0.131,6.078,6.209
5780933.06,18295,0.074,4.886,4.96
5780945.93,18294,0.105,6.047,6.151
5781187.08,18293,0.178,4.982,5.16
5781240.25,18295,0.128,4.054,4.182
5781425.75,18294,0.994,5.036,6.03
5781437.01,18293,0.099,4.065,4.165
5781506.25,18295,0.111,4.073,4.184
5781586.67,18294,0.093,6.154,6.246
5781636.49,18293,0.089,6.029,6.117
5781713.15,18295,0.136,4.05,4.186
5781954.56,18294,0.158,4.033,4.191
5782102.31,18293,0.143,4.077,4.221
5782133.07,18295,0.095,4.408,4.503
5782162.53,18294,0.097,4.069,4.165
5782170.15,18293,2.034,4.054,6.088
5782273.21,18295,1.034,4.115,5.15
5782309.11,18294,0.127,4.035,4.162
5782332.8,18293,0.117,4.056,4.173
5782429.05,18295,0.085,3.903,3.988
5782466.59,18294,0.105,3.984,4.089
5782470.95,18293,0.073,4.096,4.169
5782500.13,18295,0.078,4.001,4.079
5782602.22,18294,0.097,4.065,4.162
5782607.88,18293,0.115,3.894,4.009
5782621.74,18295,0.077,3.995,4.071
5782636.41,18294,0.062,4.06,4.122
5782789.35,18293,2.089,4.166,6.255
5782977.19,18295,0.175,3.933,4.108
5783044.76,18294,0.13,3.972,4.102
5783159.35,18293,0.141,4.147,4.287
5783335.32,18295,1.922,6.313,8.235
5783379.92,18294,0.098,3.956,4.054
5783386.24,18293,1.975,4.148,6.122
5783553.43,18295,0.11,4.262,4.372
5783612.87,18294,0.116,3.981,4.096
5783773.5,18293,1.094,4.232,5.326
5783898.17,18295,1.276,6.037,7.314
5783964.11,18294,0.178,8.18,8.358
5783996.36,18293,0.218,13.048,13.265
5784000.21,18295,0.115,13.032,13.147
5784062.66,18294,0.144,4.212,4.356
5784310.2,18293,0.146,6.923,7.068
5784334.21,18295,0.117,5.024,5.141
5784365.02,18294,0.124,4.066,4.19
5784407.14,18293,0.11,5.957,6.066
5784513.52,18295,0.117,3.999,4.116
5784720.2,18294,0.118,5.012,5.13
5784761.46,18293,0.116,4.037,4.152
5784834.42,18295,0.12,5.824,5.945
5784908.64,18294,0.125,8.002,8.127
5784912.57,18293,0.092,6.114,6.205
5785043.42,18295,0.144,4.014,4.158
5785153.55,18294,0.145,5.098,5.242
5785168.66,18293,0.101,6.505,6.606
5785216.54,18295,0.094,3.997,4.091
5785220.8,18294,0.063,4.083,4.146
5785355.27,18293,0.112,3.951,4.062
5785365.59,18295,0.077,4.095,4.172
5785426.3,18294,0.114,6.121,6.234
5785441.73,18293,0.088,4.032,4.12
5785482.97,18295,0.093,5.546,5.639
5785545.09,18294,1.624,3.957,5.58
5785568.13,18293,1.35,4.04,5.389
5785576.04,18295,0.074,3.948,4.022
5785605.61,18294,0.091,4.465,4.556
5785619.07,18293,0.092,5.002,5.095
5785649.92,18295,0.081,5.025,5.106
5785902.19,18294,0.143,3.975,4.118
5786135.41,18293,0.222,6.992,7.214
5786153.1,18295,2.031,5.006,7.037
5786156.39,18294,0.078,6.197,6.275
5786265.44,18293,0.165,3.895,4.06
5786272.05,18295,0.082,4.032,4.114
5786317.48,18294,0.123,3.975,4.097
5786330.13,18293,0.087,5.978,6.065
5786379.99,18295,1.225,4.339,5.564
5786396.72,18294,0.114,6.271,6.385
5786410.09,18293,0.069,3.97,4.038
5786422.15,18295,0.068,4.03,4.099
5786518.36,18294,0.088,4.094,4.182
5786573.62,18293,0.139,6.009,6.148
5786581.76,18295,1.119,8.03,9.149
5786638.21,18294,1.03,4.116,5.146
5786639.23,18293,0.068,4.107,4.175
5786665.38,18295,0.104,4.0,4.105
5786723.19,18294,0.226,7.991,8.217
5786841.69,18293,0.14,4.975,5.115
5787009.35,18295,0.171,6.104,6.275
5787021.37,18294,0.09,4.227,4.318
5787065.77,18293,0.097,4.061,4.159
5787070.11,18295,0.066,4.2,4.265
5787180.8,18294,0.079,4.085,4.164
5787208.62,18293,0.074,4.045,4.119
5787223.78,18295,0.063,4.028,4.091
5787227.91,18294,0.056,4.016,4.072
5787276.88,18293,0.082,4.006,4.088
5787324.21,18295,0.075,6.09,6.165
5787482.22,18294,0.1,6.06,6.161
5787580.93,18293,0.102,3.936,4.038
5787707.27,18295,0.114,4.096,4.21
5787715.09,18294,2.062,3.972,6.034
5787719.13,18293,0.19,3.922,4.112
5787831.3,18295,1.169,4.143,5.312
5787901.84,18294,0.128,3.994,4.122
5787944.31,18293,0.177,4.05,4.227
5787981.12,18295,0.143,4.133,4.276
5787988.41,18294,2.726,7.077,9.803
5787997.19,18293,0.113,6.007,6.12
5788005.63,18295,0.079,5.135,5.214
5788061.15,18294,0.108,3.984,4.092
5788224.86,18293,0.13,6.474,6.604
5788247.88,18295,0.118,4.884,5.002
5788371.25,18294,2.118,9.083,11.2
5788461.53,18293,0.126,3.991,4.116
5788545.13,18295,0.11,5.956,6.066
5788712.2,18294,0.122,6.026,6.147
5788746.35,18293,0.151,3.889,4.04
5788774.39,18295,0.105,4.008,4.113
5788800.78,18294,0.165,3.975,4.14
5788816.21,18293,0.159,5.978,6.137
5788847.46,18295,0.123,3.963,4.086
5788851.03,18294,0.073,6.02,6.092
5788859.83,18295,1.125,6.024,7.15
5788860.53,18293,0.069,8.316,8.386
5788865.07,18294,0.058,3.929,3.987
5788883.86,18295,0.124,6.963,7.087
5788885.01,18293,1.425,5.911,7.335
5788900.96,18294,0.072,4.005,4.077
5788909.06,18295,3.262,3.987,7.249
5789004.94,18293,0.164,5.994,6.158
5789039.83,18294,0.122,7.637,7.759
5789040.49,18295,0.226,4.067,4.293
5789083.29,18293,0.105,5.984,6.09
5789085.17,18294,2.366,4.065,6.432
5789088.8,18295,0.063,3.921,3.985
5789090.34,18294,0.06,3.967,4.027
5789128.91,18293,0.086,3.936,4.022
5789139.05,18295,0.088,4.163,4.251
5789165.24,18294,0.085,4.005,4.09
5789171.96,18293,0.093,6.404,6.497
5789181.13,18295,0.075,4.007,4.081
5789206.32,18294,0.073,4.024,4.096
5789281.82,18293,0.093,4.125,4.218
5789320.2,18295,0.077,6.075,6.152
5789344.95,18294,0.092,4.009,4.101
5789358.96,18293,1.915,3.856,5.771
5789385.42,18295,0.079,4.08,4.159
5789482.17,18294,0.08,4.143,4.223
5789506.92,18293,0.092,3.894,3.985
5789513.83,18295,0.072,4.186,4.257
5789518.14,18294,0.071,4.038,4.109
5789568.59,18293,0.082,5.233,5.315
5789586.69,18295,0.066,4.019,4.085
5789595.95,18294,0.075,4.016,4.09
5789604.48,18293,0.053,4.12,4.173
5789661.35,18295,0.082,4.055,4.138
5789724.85,18294,0.102,6.234,6.336
5789742.73,18293,1.603,8.07,9.672
5789743.18,18295,0.061,6.969,7.03
5789808.14,18294,0.1,3.985,4.085
5789820.01,18293,0.078,3.877,3.955
5789835.56,18295,0.067,4.085,4.152
5789911.23,18294,2.471,6.03,8.501
5790018.19,18293,0.172,4.942,5.114
5790096.2,18295,0.193,4.093,4.286
5790202.42,18294,0.179,4.153,4.333
5790219.65,18293,0.1,4.026,4.126
5790383.29,18295,0.14,4.068,4.208
5790464.71,18294,0.139,4.212,4.351
5790539.97,18293,0.14,4.046,4.185
5790606.32,18295,0.109,6.138,6.247
5790616.14,18294,0.072,7.022,7.095
5790732.4,18293,0.108,5.228,5.336
5790810.16,18295,0.107,5.984,6.091
5790837.69,18294,0.143,4.018,4.161
5790866.2,18293,0.154,3.977,4.131
5790959.28,18295,0.157,4.035,4.192
5791021.49,18294,0.185,3.98,4.164
5791069.4,18293,0.156,5.935,6.092
5791122.17,18295,0.129,5.23,5.359
5791160.28,18294,1.298,4.129,5.427
5791264.37,18293,0.121,4.184,4.305
5791356.68,18295,0.149,4.137,4.287
5791453.3,18294,1.94,4.19,6.13
5791473.93,18293,0.114,4.513,4.627
5791669.74,18295,0.148,4.181,4.33
5791836.2,18294,0.313,4.098,4.411
5791932.12,18293,0.188,6.822,7.011
5791952.29,18295,0.161,4.151,4.312
5792022.3,18294,3.132,4.087,7.219
5792159.17,18293,2.12,3.97,6.09
5792291.38,18295,0.147,6.16,6.307
5792312.79,18294,0.126,7.232,7.358
5792473.42,18293,0.125,4.228,4.354
5792705.98,18295,0.16,4.075,4.235
5792724.99,18294,0.122,4.437,4.56
5792745.74,18293,0.106,9.078,9.185
5792882.38,18295,0.168,6.14,6.309
5792926.07,18294,0.108,6.029,6.137
5792963.13,18293,4.329,6.003,10.332
5793019.26,18295,0.161,5.009,5.17
5793110.02,18294,0.149,3.946,4.095
5793229.4,18293,0.137,4.042,4.179
5793233.21,18295,0.145,4.237,4.381
5793286.37,18294,7.143,6.145,13.288
5793312.88,18293,0.106,3.924,4.03
5793403.44,18295,0.127,4.145,4.272
5793436.82,18294,0.107,4.043,4.15
5793562.12,18293,0.113,3.928,4.041
5793699.67,18295,0.1,4.135,4.234
5793709.18,18294,0.088,6.043,6.131
5793750.07,18293,0.088,6.917,7.005
5793755.62,18295,0.066,4.011,4.077
5793826.19,18294,0.09,3.941,4.031
5793835.28,18293,0.077,4.165,4.241
5793930.14,18295,2.009,3.95,5.959
5793975.96,18294,0.175,4.134,4.309
5794012.17,18293,2.186,4.065,6.251
5794043.92,18295,0.149,4.129,4.277
5794158.68,18294,0.14,4.008,4.148
5794188.52,18293,0.111,9.343,9.454
5794276.77,18295,0.105,4.125,4.23
5794314.56,18294,0.141,4.047,4.188
5794333.06,18293,2.107,3.886,5.992
5794359.11,18295,0.073,3.975,4.048
5794406.66,18294,0.125,4.27,4.395
5794512.4,18293,0.106,4.227,4.333
5794520.8,18295,0.095,4.11,4.205
5794561.02,18294,0.101,4.086,4.187
5794599.12,18293,0.107,3.949,4.056
5794650.27,18295,0.111,4.082,4.193
5794683.36,18294,0.126,6.351,6.477
5794703.05,18293,1.391,3.95,5.341
5794728.61,18295,0.093,4.08,4.173
5794735.46,18294,0.962,6.141,7.103
5794772.47,18293,0.087,3.892,3.979
5794794.07,18295,0.109,7.003,7.112
5794811.12,18294,0.079,4.996,5.074
5794816.28,18293,0.897,3.933,4.829
5794895.92,18295,0.086,5.981,6.066
5794901.82,18294,0.07,4.089,4.159
5794930.06,18293,0.072,3.947,4.019
5794978.52,18295,0.142,4.002,4.144
5794982.84,18293,0.058,3.912,3.97
5794986.71,18294,0.119,7.987,8.106
5795000.72,18295,0.078,4.19,4.268
5795006.14,18293,1.12,4.077,5.198
5795058.43,18294,0.137,4.203,4.34
5795066.96,18295,0.094,3.921,4.015
5795086.03,18293,0.899,3.951,4.85
5795096.13,18294,1.847,4.064,5.91
5795103.36,18295,0.08,4.099,4.179
5795109.42,18295,0.078,3.959,4.037
5795109.57,18293,0.053,6.37,6.423
5795161.34,18294,0.132,4.124,4.256
5795178.06,18295,0.087,3.81,3.897
5795186.03,18295,0.453,3.897,4.35
5795188.23,18293,1.827,8.153,9.979
5795188.37,18294,3.045,6.295,9.34
5795263.72,18295,0.11,4.307,4.417
5795268.88,18293,0.118,5.435,5.553
5795269.89,18294,0.094,5.972,6.065
5795344.88,18295,1.03,5.799,6.829
5795351.27,18293,0.053,9.172,9.226
5795382.74,18294,0.103,4.013,4.116
5795395.17,18295,2.021,4.102,6.123
5795411.19,18293,0.082,6.245,6.327
5795434.66,18294,0.078,4.205,4.284
5795457.34,18295,0.085,7.368,7.452
5795479.66,18293,0.079,3.993,4.072
5795490.11,18294,0.073,3.996,4.069
5795588.84,18295,0.15,3.982,4.132
5795628.53,18293,1.519,4.39,5.909
5795664.25,18294,0.094,4.103,4.197
5795784.06,18295,1.045,5.952,6.997
5795784.29,18293,0.099,4.031,4.13
5795939.78,18294,0.151,3.936,4.087
5795946.2,18295,0.089,6.09,6.179
5795971.2,18293,0.141,3.971,4.112
5796017.74,18294,0.146,4.08,4.225
5796078.59,18295,0.127,4.081,4.209
5796159.22,18293,0.115,6.045,6.16
5796252.95,18294,0.112,4.007,4.12
5796350.34,18295,2.53,6.16,8.69
5796489.8,18293,0.143,3.952,4.095
5796499.09,18294,0.1,3.942,4.042
5796621.88,18295,0.178,3.986,4.163
5796623.04,18293,0.133,5.057,5.19
5796639.96,18294,0.118,4.038,4.156
5796755.2,18295,1.244,5.057,6.301
5796916.91,18293,0.155,4.159,4.314
5797064.49,18294,0.164,4.146,4.31
5797073.28,18295,0.09,6.002,6.092
5797337.43,18293,0.153,3.96,4.113
5797346.28,18294,0.115,4.005,4.12
5797371.18,18295,1.528,4.024,5.552
5797389.38,18293,0.086,6.929,7.015
5797600.18,18294,0.131,4.586,4.717
5797722.79,18295,0.191,6.158,6.349
5797755.04,18293,2.069,5.882,7.952
5797846.05,18294,0.155,4.158,4.314
5797855.07,18295,1.665,3.984,5.65
5797968.1,18293,0.191,4.049,4.239
5798024.02,18294,0.144,4.088,4.232
5798086.06,18295,0.137,4.07,4.207
5798179.32,18293,0.138,5.093,5.231
5798246.22,18294,0.117,4.032,4.149
5798255.05,18295,2.163,3.984,6.147
5798311.13,18293,0.087,5.925,6.013
5798330.27,18294,0.104,4.036,4.141
5798333.86,18295,0.07,4.11,4.18
5798345.55,18294,0.077,5.005,5.081
5798358.57,18293,0.093,3.933,4.026
5798364.22,18295,0.066,5.008,5.073
5798370.22,18294,1.775,4.159,5.934
5798383.9,18293,1.65,4.195,5.845
5798412.14,18295,0.089,4.0,4.088
5798472.78,18294,0.112,4.06,4.172
5798498.46,18293,0.084,4.117,4.201
5798542.35,18295,0.075,5.485,5.561
5798566.1,18294,1.377,3.928,5.304
5798570.37,18293,0.064,4.072,4.137
5798615.08,18295,2.058,3.975,6.032
5798661.07,18294,0.089,4.076,4.166
5798666.86,18293,0.085,5.001,5.086
5798674.67,18295,0.084,6.083,6.167
5798686.14,18294,1.13,6.034,7.164
5798717.3,18293,0.084,8.15,8.234
5798720.81,18295,0.059,8.918,8.976
5798790.69,18294,0.129,4.092,4.221
5798796.08,18293,0.072,5.947,6.019
5798826.76,18295,0.307,5.233,5.54
5798836.8,18294,0.089,4.023,4.112
5798845.14,18293,0.089,6.153,6.242
5798884.12,18295,0.132,5.867,5.999
5798907.66,18294,0.115,4.143,4.258
5798922.1,18293,0.087,5.951,6.038
5798928.71,18295,0.069,3.962,4.031
5798942.71,18294,0.077,3.949,4.026
5798959.17,18293,0.801,4.062,4.863
5798980.06,18295,0.096,4.101,4.196
5798988.17,18294,0.083,5.933,6.017
5798995.03,18293,0.99,3.964,4.953
5799022.59,18295,0.153,4.067,4.22
5799063.07,18294,0.168,3.987,4.155
5799100.9,18293,0.102,6.733,6.835
5799104.41,18295,0.058,6.883,6.941
5799119.29,18294,0.074,6.038,6.112
5799199.16,18293,2.033,4.066,6.099
5799221.24,18295,0.073,3.983,4.057
5799228.15,18294,0.061,6.04,6.101
5799292.95,18293,0.208,4.458,4.665
5799308.52,18295,0.088,5.382,5.47
5799326.86,18294,0.083,5.973,6.056
5799340.98,18293,1.316,3.932,5.248
5799363.94,18295,0.078,6.026,6.105
5799375.2,18294,0.06,4.096,4.156
5799401.96,18293,0.083,4.008,4.091
5799453.22,18295,0.101,3.997,4.099
5799475.26,18294,2.471,4.15,6.621
5799506.03,18293,0.074,3.935,4.009
5799522.15,18295,0.068,4.042,4.11
5799529.38,18294,0.063,4.039,4.101
5799541.35,18293,0.064,4.056,4.12
5799573.13,18295,0.074,7.998,8.071
5799573.43,18294,0.053,4.339,4.393
5799619.07,18293,0.092,4.073,4.165
5799652.93,18295,0.079,8.134,8.214
5799665.17,18294,0.079,4.054,4.133
5799675.15,18293,0.069,4.034,4.103
5799717.09,18295,1.137,4.017,5.153
5799764.16,18294,0.077,4.143,4.22
5799795.98,18293,0.09,3.932,4.021
5799800.44,18295,0.069,4.032,4.101
5799850.21,18294,1.378,3.952,5.33
5799860.87,18293,0.07,7.74,7.809
5799892.05,18295,0.109,4.473,4.582
5799959.2,18294,2.303,3.993,6.296
5799990.08,18293,0.105,5.096,5.202
5800021.04,18295,0.18,3.938,4.119
5800107.22,18294,0.149,3.99,4.14
5800123.14,18293,0.111,3.975,4.085
5800127.48,18295,0.069,4.055,4.124
5800171.12,18294,2.065,4.01,6.074
5800184.71,18293,0.08,3.913,3.993
5800210.74,18295,0.075,4.132,4.207
5800273.12,18294,0.077,4.993,5.07
5800295.76,18293,0.102,3.941,4.043
5800317.53,18295,0.129,4.368,4.497
5800342.82,18294,0.082,4.048,4.131
5800362.71,18293,0.082,3.847,3.929
5800455.28,18295,0.095,6.103,6.198
5800461.6,18294,0.081,5.154,5.235
5800464.15,18293,0.069,4.027,4.096
5800592.55,18295,0.105,4.078,4.183
5800624.4,18294,0.096,4.246,4.342
5800732.6,18293,0.103,3.93,4.034
5800807.38,18295,0.096,7.043,7.139
5800906.43,18294,0.177,3.963,4.139
5801020.76,18293,0.203,4.067,4.27
5801056.26,18295,0.14,4.024,4.163
5801183.94,18294,0.166,4.112,4.278
5801270.24,18293,0.132,5.043,5.174
5801273.58,18295,0.11,4.148,4.258
5801292.94,18293,2.027,3.872,5.899
5801321.13,18294,0.089,3.989,4.079
5801354.08,18295,0.093,5.263,5.356
5801388.4,18293,0.091,6.031,6.122
5801503.47,18294,2.099,4.297,6.397
5801519.2,18295,0.129,4.011,4.14
5801614.05,18293,1.041,3.934,4.975
5801638.8,18294,0.088,4.021,4.109
5801727.96,18295,0.161,4.24,4.402
5801756.56,18293,0.127,4.063,4.189
5802007.17,18294,0.198,4.902,5.1
5802104.4,18295,0.151,5.168,5.319
5802146.96,18293,0.127,3.936,4.063
5802151.1,18294,0.074,5.968,6.042
5802192.29,18295,0.142,6.073,6.216
5802242.42,18293,0.319,3.892,4.211
5802251.75,18294,0.086,4.02,4.106
5802270.37,18295,0.109,4.07,4.179
5802307.08,18293,0.101,3.923,4.024
5802357.04,18294,0.121,6.224,6.345
5802433.11,18295,2.049,3.972,6.022
5802591.3,18293,0.149,3.952,4.101
5802602.92,18294,0.094,4.034,4.128
5802632.46,18295,0.128,7.265,7.393
5802633.38,18293,0.065,4.81,4.875
5802642.8,18294,0.072,4.293,4.364
5802806.25,18295,0.146,4.135,4.282
5802818.71,18293,0.105,3.884,3.988
5802949.3,18294,0.187,5.09,5.277
5803037.18,18295,1.287,8.037,9.325
5803037.32,18293,1.397,6.218,7.615
5803092.54,18294,0.129,6.332,6.461
5803146.04,18295,0.858,4.151,5.01
5803339.59,18293,0.161,3.963,4.124
5803519.98,18294,0.125,4.203,4.328
5803603.2,18295,0.121,4.03,4.151
5803668.17,18293,0.102,6.015,6.116
5803744.2,18294,0.104,4.039,4.143
5803817.03,18295,0.121,6.199,6.32
5803870.81,18293,0.143,4.132,4.275
5804105.57,18294,0.173,3.957,4.13
5804110.11,18295,0.095,4.141,4.236
5804198.15,18293,3.051,4.018,7.069
5804199.1,18294,2.012,3.969,5.981
5804206.09,18295,1.028,4.009,5.037
5804256.55,18293,0.114,4.437,4.551
5804267.84,18294,0.106,3.992,4.098
5804335.05,18295,0.091,4.337,4.428
5804409.48,18293,0.116,4.091,4.208
5804426.63,18294,0.128,4.055,4.183
5804626.78,18295,0.18,6.452,6.631
5804638.17,18293,1.056,6.05,7.106
5804650.53,18294,0.07,3.992,4.061
5804731.01,18295,0.14,5.509,5.649
5804869.37,18293,0.161,4.04,4.201
5804902.24,18294,0.113,4.061,4.174
5804994.51,18295,0.183,6.168,6.352
5804997.1,18293,0.086,6.945,7.031
5805019.24,18294,0.133,6.031,6.164
5805177.6,18295,0.153,4.016,4.169
5805187.56,18293,1.604,6.443,8.048
5805207.37,18294,0.143,5.128,5.271
5805212.12,18295,0.077,3.98,4.057
5805218.99,18293,1.572,3.912,5.485
5805238.16,18294,0.081,6.087,6.169
5805263.29,18295,0.09,3.989,4.078
5805307.94,18293,0.137,4.056,4.193
5805325.41,18294,0.134,5.176,5.309
5805347.52,18295,0.123,5.92,6.043
5805351.81,18293,0.071,4.018,4.089
5805354.09,18294,0.052,5.088,5.14
5805383.59,18295,0.077,6.03,6.107
5805409.29,18293,0.106,3.907,4.013
5805455.16,18294,0.101,4.055,4.155
5805471.4,18295,0.076,4.119,4.195
5805479.18,18293,0.065,4.075,4.14
5805505.22,18294,0.075,6.101,6.176
5805539.11,18295,0.809,3.956,4.765
5805570.63,18293,0.106,3.959,4.065
5805574.9,18294,0.262,4.008,4.271
5805587.03,18295,1.681,3.94,5.621
5805594.77,18293,0.088,4.319,4.408
5805607.2,18294,0.077,5.078,5.155
5805693.36,18295,0.086,7.078,7.164
5805719.09,18293,0.091,5.935,6.026
5805727.95,18294,0.979,5.895,6.873
5805734.16,18295,0.073,6.054,6.127
5805747.42,18293,0.069,3.887,3.956
5805775.76,18294,0.07,4.06,4.13
5805838.26,18295,0.1,4.257,4.356
5805889.17,18293,0.108,4.906,5.013
5805918.11,18294,0.1,3.958,4.057
5805932.17,18295,0.079,4.032,4.111
5805934.15,18293,0.074,4.11,4.183
5805965.58,18294,0.149,4.062,4.212
5805984.17,18295,0.108,3.993,4.101
5805987.17,18293,0.089,4.026,4.115
5806033.13,18295,3.045,5.99,9.035
5806036.18,18294,1.472,9.002,10.473
5806036.43,18293,0.062,6.287,6.349
5806039.43,18295,1.219,6.161,7.38
5806042.76,18294,0.081,4.083,4.164
5806064.02,18295,1.029,5.948,6.977
5806077.08,18293,0.062,3.974,4.036
5806120.02,18294,0.092,4.405,4.496
5806145.11,18295,1.031,4.031,5.062
5806166.55,18293,0.073,6.0,6.072
5806178.53,18294,0.087,3.88,3.967
5806185.05,18295,0.093,5.902,5.995
5806199.15,18293,0.078,4.025,4.103
5806209.26,18294,0.063,5.049,5.112
5806219.04,18295,0.059,3.941,4.001
5806242.99,18293,0.099,5.183,5.282
5806281.02,18294,0.079,4.02,4.099
5806292.16,18295,0.077,4.045,4.122
5806301.33,18293,0.069,5.045,5.114
5806354.11,18294,0.078,3.993,4.071
5806392.41,18295,0.192,4.186,4.378
5806397.94,18293,1.428,3.869,5.298
5806402.1,18294,1.983,4.083,6.067
5806407.4,18295,0.069,3.925,3.994
5806511.23,18293,1.652,4.149,5.801
5806532.71,18294,0.096,4.016,4.112
5806539.26,18295,0.095,4.256,4.351
5806569.19,18293,0.085,6.046,6.13
5806619.36,18294,0.089,3.951,4.04
5806657.36,18295,0.079,6.224,6.303
5806681.95,18293,0.137,4.123,4.26
5806736.03,18294,0.136,4.024,4.16
5806747.18,18295,0.08,5.892,5.971
5806747.74,18293,0.066,5.049,5.115
5806795.8,18294,1.488,5.573,7.061
5806822.34,18295,0.161,6.148,6.309
5806826.72,18293,0.105,4.452,4.557
5806873.47,18295,0.082,4.958,5.04
5806879.86,18294,0.086,4.295,4.381
5806911.46,18293,0.111,8.549,8.659
5806920.44,18295,0.324,8.523,8.846
5806996.3,18294,0.142,4.044,4.187
5807018.08,18293,0.114,4.397,4.511
5807050.92,18294,0.067,4.957,5.023
5807051.18,18295,2.052,8.06,10.112
5807108.86,18293,0.112,4.035,4.147
5807138.16,18295,0.103,6.0,6.102
5807193.68,18294,0.112,5.686,5.798
5807196.27,18293,0.114,4.766,4.88
5807210.45,18295,0.093,4.251,4.344
5807239.08,18294,1.03,4.0,5.03
5807251.21,18293,0.079,3.842,3.922
5807291.91,18295,0.103,4.286,4.389
5807439.94,18294,0.141,5.767,5.908
5807464.83,18293,0.102,3.884,3.985
5807502.4,18295,0.11,4.03,4.14
5807516.39,18294,0.107,4.048,4.155
5807628.56,18293,0.113,5.341,5.454
5807783.94,18295,1.118,5.747,6.865
5807811.65,18294,0.146,5.546,5.692
5807823.81,18293,0.101,5.061,5.161
5807926.81,18295,0.133,7.604,7.738
5807931.89,18294,0.076,7.49,7.565
5807957.25,18293,0.161,5.991,6.152
5807990.63,18295,0.173,4.983,5.156
5808105.1,18294,0.145,3.907,4.052
5808113.77,18293,0.094,3.995,4.089
5808219.62,18295,0.142,8.146,8.288
5808221.09,18294,0.065,6.981,7.046
5808243.48,18293,0.092,4.989,5.081
5808326.45,18295,3.375,4.164,7.539
5808333.9,18294,0.082,4.052,4.133
5808498.79,18293,0.118,4.055,4.173
5808536.57,18295,0.095,4.085,4.18
5808628.17,18294,0.108,4.002,4.111
5808633.57,18293,0.076,4.149,4.225
5808923.72,18295,0.146,4.493,4.639
5808941.41,18294,0.13,9.177,9.307
5808989.58,18293,2.059,6.397,8.456
5809004.36,18295,0.161,8.095,8.256
5809055.05,18294,0.16,4.088,4.248
5809076.16,18293,0.134,4.947,5.081
5809098.9,18295,0.124,4.063,4.186
5809118.17,18294,0.097,5.026,5.123
5809128.82,18293,0.097,3.987,4.084
5809143.2,18295,0.113,6.038,6.151
5809177.35,18294,0.099,10.203,10.302
5809177.54,18293,0.062,6.445,6.507
5809188.81,18295,0.076,4.034,4.11
5809197.79,18294,0.076,3.919,3.996
5809220.95,18293,0.096,3.995,4.091
5809229.01,18295,0.081,5.06,5.141
5809251.12,18294,0.08,3.996,4.076
5809294.18,18293,0.118,4.01,4.127
5809304.23,18295,0.092,8.089,8.181
5809306.33,18294,0.102,4.258,4.359
5809333.13,18293,1.971,4.041,6.012
5809401.33,18295,1.529,6.22,7.749
5809410.23,18294,0.075,4.114,4.19
5809412.24,18293,0.055,3.934,3.989
5809420.55,18295,0.073,5.601,5.674
5809425.28,18294,0.094,6.657,6.75
5809441.6,18293,0.068,6.494,6.562
5809445.59,18295,0.051,4.023,4.074
5809459.37,18293,2.047,6.276,8.323
5809483.45,18294,0.076,4.051,4.127
5809517.88,18295,0.088,6.2,6.288
5809548.97,18293,0.091,5.076,5.167
5809570.19,18294,0.109,4.031,4.14
5809641.2,18295,0.085,4.056,4.141
5809665.02,18293,0.072,3.9,3.971
5809706.06,18294,0.074,3.932,4.007
5809726.13,18295,0.081,4.009,4.089
5809742.43,18293,0.072,3.914,3.987
5809746.19,18294,0.061,4.086,4.147
5809755.25,18293,0.064,5.945,6.009
5809773.64,18295,0.076,4.055,4.131
5809785.18,18294,0.063,4.074,4.138
5809805.16,18293,1.549,4.036,5.585
5809836.08,18295,0.096,7.119,7.215
5809897.82,18294,0.091,5.981,6.071
5809903.15,18293,0.065,4.014,4.079
5809922.26,18295,0.083,7.122,7.205
5809940.57,18294,0.073,5.197,5.27
5809957.98,18293,0.129,4.091,4.22
5809963.89,18295,0.151,4.03,4.181
5809973.38,18294,0.105,4.224,4.33
5810007.02,18293,0.08,3.877,3.957
5810025.15,18295,1.029,6.061,7.09
5810063.66,18294,0.117,4.001,4.118
5810114.36,18293,0.109,6.161,6.271
5810123.86,18295,0.099,4.06,4.159
5810130.62,18294,0.08,4.469,4.55
5810170.66,18293,0.103,5.323,5.426
5810178.24,18295,0.068,5.111,5.179
5810194.7,18294,0.091,4.134,4.225
5810231.47,18293,0.127,4.031,4.158
5810237.85,18295,0.119,6.155,6.275
5810259.97,18294,1.04,3.878,4.918
5810284.04,18293,0.081,3.913,3.994
5810306.15,18295,0.078,8.056,8.134
5810307.74,18294,0.066,5.066,5.131
5810330.92,18293,0.075,3.874,3.949
5810339.54,18295,0.067,5.005,5.072
5810351.2,18294,0.084,4.012,4.096
5810362.11,18293,1.349,4.044,5.393
5810396.94,18295,0.086,6.132,6.218
5810482.07,18294,0.072,5.948,6.021
5810491.6,18293,0.088,6.09,6.178
5810514.05,18295,0.111,7.96,8.07
5810518.28,18294,0.073,4.094,4.167
5810535.62,18293,0.082,4.043,4.125
5810567.2,18295,0.075,4.011,4.085
5810578.8,18294,0.067,5.698,5.765
5810641.99,18293,2.03,3.914,5.945
5810658.93,18295,0.068,8.192,8.26
5810659.03,18294,0.054,5.032,5.086
5810664.98,18293,2.0,3.878,5.878
5810732.23,18295,0.081,4.231,4.311
5810764.17,18294,0.094,5.017,5.111
5810790.1,18293,1.598,4.013,5.61
5810840.1,18295,0.076,5.972,6.048
5810965.36,18294,0.156,6.115,6.271
5810967.2,18293,2.062,4.074,6.135
5811004.21,18295,0.132,3.988,4.12
5811044.4,18294,0.105,3.947,4.052
5811102.01,18293,0.095,3.977,4.072
5811223.19,18295,0.099,4.031,4.129
5811242.09,18294,0.09,3.948,4.039
5811685.27,18293,0.127,4.702,4.829
5811728.27,18295,0.128,4.094,4.222
5811745.17,18294,0.099,3.948,4.047
5811755.95,18293,0.078,3.822,3.9
5811820.57,18295,0.097,4.012,4.109
5811832.35,18294,0.104,3.979,4.083
5811881.09,18293,2.068,3.971,6.04
5811892.18,18295,0.062,4.096,4.158
5811983.41,18294,0.155,4.026,4.182
5812083.08,18293,0.936,3.963,4.898
5812200.61,18295,0.137,6.121,6.259
5812297.79,18294,0.137,4.084,4.221
5812351.02,18293,1.272,3.903,5.174
5812577.23,18295,0.132,4.022,4.154
5812583.44,18294,0.34,6.05,6.39
5812716.06,18293,0.12,4.221,4.341
5812801.12,18295,0.13,6.199,6.329
5812859.71,18294,0.123,4.144,4.267
5812880.74,18293,2.302,5.922,8.223
5812952.3,18295,0.177,6.265,6.441
5813022.55,18294,0.145,3.993,4.138
5813053.62,18293,0.622,4.972,5.594
5813126.57,18295,0.157,6.174,6.331
5813177.04,18294,0.171,3.935,4.106
5813186.28,18293,0.09,8.717,8.807
5813194.33,18295,0.108,6.135,6.243
5813214.13,18294,0.087,6.012,6.1
5813264.61,18293,0.12,7.22,7.34
5813303.46,18295,0.14,4.104,4.244
5813331.08,18294,0.136,3.996,4.132
5813365.61,18293,2.051,5.489,7.54
5813381.73,18295,0.07,6.06,6.13
5813383.82,18294,2.046,4.735,6.781
5813385.17,18293,0.061,4.059,4.121
5813406.68,18295,0.076,4.001,4.077
5813424.04,18294,0.114,4.008,4.121
5813451.2,18293,0.108,4.028,4.136
5813456.0,18295,0.06,4.032,4.092
5813506.49,18294,0.091,5.988,6.079
5813533.27,18293,1.163,4.054,5.217
5813541.87,18295,0.08,4.118,4.199
5813577.28,18294,0.071,3.876,3.947
5813609.12,18293,0.077,7.26,7.337
5813650.7,18295,0.073,4.018,4.091
5813708.02,18294,0.064,3.902,3.965
5813729.19,18293,1.039,6.058,7.097
5813731.57,18295,0.104,5.21,5.314
5813736.71,18294,0.063,4.281,4.344
5813780.3,18293,0.076,5.176,5.252
5813781.21,18295,0.052,3.959,4.011
5813802.94,18293,0.074,5.932,6.006
5813815.2,18294,0.092,4.053,4.145
5813819.45,18295,0.066,4.013,4.078
5813915.19,18293,0.116,6.003,6.119
5813928.86,18294,0.094,4.043,4.137
5813983.06,18295,0.156,4.054,4.21
5814010.1,18293,0.125,3.901,4.026
5814022.77,18294,0.098,4.105,4.202
5814036.71,18295,0.07,3.976,4.046
5814061.93,18293,1.032,3.853,4.884
5814122.11,18294,0.09,4.113,4.202
5814146.16,18295,0.08,4.031,4.111
5814191.66,18293,0.083,6.97,7.054
5814244.58,18294,0.089,4.101,4.189
5814261.26,18295,0.086,4.216,4.302
5814279.68,18293,0.083,3.901,3.984
5814313.92,18294,0.094,4.375,4.468
5814405.41,18295,0.143,4.183,4.326
5814421.82,18293,0.13,5.999,6.129
5814644.67,18294,0.221,4.361,4.581
5814725.76,18295,0.131,4.022,4.153
5814760.73,18293,0.129,3.971,4.101
5814861.48,18294,0.134,4.086,4.22
5814928.97,18295,0.15,3.957,4.107
5815048.2,18293,0.167,4.932,5.1
5815050.22,18294,0.068,4.034,4.103
5815098.78,18295,0.14,4.068,4.208
5815199.06,18293,0.132,4.046,4.178
5815232.34,18294,0.105,4.163,4.268
5815303.32,18295,0.086,3.952,4.038
5815357.13,18293,2.034,6.034,8.068
5815468.38,18294,1.093,4.196,5.288
5815566.07,18295,0.13,4.013,4.143
5815571.06,18293,0.106,3.878,3.985
5815613.26,18295,0.064,6.068,6.132
5815615.2,18294,2.086,10.056,12.142
5815722.64,18293,0.22,4.081,4.301
5815860.74,18295,0.156,6.109,6.265
5815958.17,18294,0.128,3.98,4.108
5816172.99,18293,0.199,5.903,6.102
5816202.42,18295,0.151,4.003,4.154
5816536.27,18294,0.141,4.027,4.168
5816557.6,18293,0.742,5.484,6.226
5816739.51,18295,0.155,5.272,5.427
5816826.15,18294,2.158,4.078,6.236
5816836.11,18293,0.1,5.06,5.16
5816955.18,18295,0.119,4.995,5.113
5817118.21,18294,0.263,4.853,5.116
5817197.98,18293,0.157,6.033,6.191
5817376.06,18295,0.186,3.933,4.12
5817486.05,18294,2.704,3.95,6.654
5817494.29,18293,0.124,4.348,4.472
5817499.68,18295,0.071,4.056,4.127
5817544.51,18294,0.184,5.141,5.325
5817655.0,18293,1.413,3.861,5.275
5817709.74,18295,0.115,4.015,4.13
5817871.79,18294,0.238,6.008,6.246
5817882.54,18293,0.096,3.879,3.975
5817941.86,18295,0.189,11.537,11.725
5818038.08,18294,0.162,4.277,4.439
5818075.39,18293,0.191,5.804,5.996
5818081.74,18295,0.072,4.068,4.14
5818118.26,18294,0.09,4.11,4.2
5818210.42,18293,0.139,3.991,4.13
5818310.68,18295,0.119,4.01,4.129
5818346.87,18294,0.097,4.181,4.278
5818378.12,18293,0.114,5.955,6.068
5818424.38,18295,0.105,3.96,4.065
5818511.32,18294,0.175,6.012,6.187
5818520.5,18293,0.094,5.949,6.044
5818653.18,18295,0.133,4.046,4.179
5818711.13,18294,0.116,6.108,6.224
5818747.15,18293,0.109,4.023,4.132
5818749.36,18295,0.067,5.981,6.048
5818846.31,18294,0.139,4.391,4.531
5818927.9,18293,0.122,5.053,5.175
5818948.16,18295,0.102,4.38,4.482
5818972.18,18294,2.032,4.087,6.119
5819006.25,18293,0.161,3.992,4.153
5819035.75,18295,0.152,4.068,4.22
5819213.9,18294,0.453,4.129,4.582
5819289.22,18293,0.127,4.021,4.148
5819528.28,18295,0.119,6.087,6.207
5819600.3,18294,0.197,4.259,4.455
5819644.06,18293,0.128,3.863,3.991
5819678.62,18295,0.124,3.982,4.106
5819688.05,18294,0.951,5.957,6.908
5819713.57,18293,0.082,4.25,4.332
5819720.93,18295,0.1,4.195,4.296
5819747.33,18294,0.101,4.104,4.205
5819770.23,18293,0.098,4.081,4.179
5819782.52,18295,0.073,5.596,5.67
5819880.19,18294,1.053,6.056,7.11
5819926.59,18293,0.158,4.074,4.232
5819940.38,18295,0.106,4.147,4.254
5819947.01,18294,0.099,6.022,6.121
5819993.35,18293,0.138,4.118,4.256
5820050.73,18295,0.153,4.1,4.254
5820081.54,18294,0.133,6.098,6.231
5820088.39,18294,0.074,3.961,4.034
5820089.09,18293,1.255,9.977,11.232
5820089.37,18295,0.332,8.282,8.613
5820111.0,18294,0.066,5.894,5.96
5820122.67,18293,1.033,6.938,7.971
5820126.44,18295,1.933,8.371,10.304
5820140.12,18294,0.067,4.014,4.081
5820168.16,18293,2.028,4.08,6.108
5820191.05,18295,0.083,3.947,4.03
5820228.05,18294,1.632,3.953,5.585
5820262.08,18293,0.082,6.839,6.921
5820266.11,18295,0.071,7.086,7.157
5820348.74,18294,0.097,3.951,4.048
5820398.38,18293,0.084,5.054,5.139
5820417.67,18295,0.07,4.986,5.056
5820432.94,18294,0.065,3.995,4.06
5820466.18,18293,0.072,5.924,5.995
5820473.4,18295,0.064,3.974,4.038
5820494.65,18294,0.079,3.993,4.073
5820515.38,18293,0.076,3.911,3.988
5820539.46,18295,0.074,4.144,4.217
5820542.7,18294,1.522,4.13,5.651
5820553.93,18293,0.06,4.046,4.106
5820560.7,18295,0.052,4.096,4.148
5820585.03,18294,1.03,3.948,4.978
5820609.14,18293,0.063,6.036,6.099
5820657.9,18295,0.105,4.075,4.18
5820670.02,18294,0.107,3.946,4.053
5820696.36,18293,0.079,8.23,8.31
5820706.13,18295,0.07,5.166,5.236
5820752.18,18294,0.34,4.078,4.417
5820764.1,18293,0.082,4.057,4.14
5820787.23,18295,0.075,6.109,6.184
5820797.7,18294,0.068,4.002,4.071
5820811.63,18293,0.065,3.906,3.971
5820851.84,18295,0.08,4.07,4.15
5820889.2,18294,2.058,6.087,8.146
5820901.52,18293,0.861,4.414,5.275
5820965.27,18295,0.15,4.021,4.17
5820970.32,18294,0.07,5.079,5.149
5820996.28,18295,0.117,4.084,4.202
5821013.68,18293,0.142,5.958,6.1
5821024.84,18294,0.104,5.888,5.992
5821029.12,18295,1.925,4.002,5.926
5821065.57,18293,0.119,4.131,4.25
5821095.19,18294,2.154,4.025,6.179
5821130.26,18295,0.123,4.077,4.201
5821145.08,18293,3.607,3.941,7.548
5821155.14,18294,2.024,4.07,6.094
5821182.53,18295,0.104,5.999,6.103
5821219.94,18293,0.204,4.373,4.578
5821224.85,18294,0.131,4.361,4.493
5821228.33,18295,0.084,5.179,5.263
5821288.49,18293,0.115,4.121,4.236
5821292.79,18294,0.101,4.104,4.204
5821333.52,18295,0.105,4.886,4.991
5821430.2,18293,0.103,6.032,6.135
5821449.11,18294,0.089,4.444,4.532
5821453.29,18295,0.079,5.072,5.151
5821504.86,18293,0.243,4.096,4.339
5821530.17,18294,1.181,4.07,5.251
5821534.12,18295,0.074,3.997,4.071
5821543.98,18293,0.138,7.891,8.03
5821544.39,18294,0.135,10.019,10.154
5821548.16,18295,0.069,7.048,7.116
5821566.14,18294,0.107,3.996,4.102
5821573.29,18293,0.064,3.885,3.949
5821582.44,18295,0.063,5.33,5.393
5821588.04,18294,0.076,3.93,4.006
5821614.09,18293,0.075,6.019,6.094
5821641.32,18295,0.08,6.195,6.275
5821660.63,18294,0.102,6.067,6.169
5821662.7,18293,0.06,4.605,4.665
5821715.68,18295,0.083,3.947,4.03
5821720.97,18294,0.073,4.114,4.187
5821732.22,18293,0.084,4.101,4.184
5821744.4,18295,0.071,4.068,4.14
5821747.77,18294,0.055,4.037,4.092
5821775.13,18295,0.069,9.131,9.2
5821792.49,18293,0.083,5.928,6.011
5821806.92,18294,0.078,6.16,6.238
5821818.82,18295,0.078,4.399,4.477
5821837.33,18293,0.223,8.426,8.65
5821837.66,18294,1.943,4.512,6.456
5821867.16,18295,3.07,8.015,11.086
5821869.61,18293,2.395,5.529,7.924
5821875.55,18295,0.077,6.356,6.432
5821890.7,18294,0.13,4.104,4.234
5821907.25,18293,0.262,6.877,7.139
5821911.75,18295,1.981,6.578,8.559
5821919.86,18293,0.174,8.518,8.692
5822160.51,18294,0.158,4.274,4.433
5822173.51,18295,0.104,4.822,4.926
5822175.05,18293,0.068,3.995,4.063
5822255.63,18294,0.117,3.974,4.091
5822263.97,18295,0.334,3.886,4.221
5822386.11,18293,0.116,5.917,6.033
5822445.46,18294,0.111,3.993,4.104
5822457.85,18295,0.091,3.946,4.036
5822701.32,18293,2.118,4.112,6.23
5822717.56,18294,0.122,4.243,4.365
5822750.83,18295,0.106,3.977,4.083
5822831.68,18293,0.163,4.44,4.603
5822923.02,18294,0.128,4.055,4.183
5823086.18,18295,1.964,4.023,5.987
5823202.1,18293,0.182,5.99,6.172
5823277.7,18294,0.125,4.033,4.158
5823419.06,18295,1.051,3.939,4.99
5823523.44,18293,0.131,5.775,5.906
5823543.6,18294,0.097,6.426,6.523
5823562.4,18295,0.092,6.072,6.164
5823570.73,18293,0.086,3.911,3.997
5823608.12,18294,0.081,3.991,4.072
5823632.43,18295,0.19,4.178,4.368
5823667.04,18293,0.083,3.973,4.056
5823807.73,18294,0.139,5.953,6.092
5823823.58,18295,0.089,4.969,5.058
5823843.26,18293,0.089,4.102,4.191
5823900.07,18294,0.084,3.931,4.016
5823923.19,18295,1.724,4.092,5.816
5824094.69,18293,0.139,6.066,6.205
5824100.2,18294,1.296,4.107,5.404
5824140.3,18295,0.229,4.027,4.256
5824179.11,18293,0.118,7.929,8.048
5824215.24,18294,1.943,4.099,6.043
5824327.5,18295,0.153,4.941,5.093
5824386.11,18293,0.118,5.926,6.044
5824503.4,18294,0.321,6.217,6.538
5824576.11,18295,1.039,4.006,5.045
5824613.83,18293,0.074,4.075,4.149
5824712.39,18294,0.132,5.18,5.312
5824733.38,18295,0.117,3.974,4.091
5824754.5,18293,0.08,4.027,4.107
5824911.24,18294,0.129,6.032,6.16
5825047.22,18295,0.15,3.978,4.128
5825139.23,18293,0.154,3.991,4.145
5825203.48,18294,0.125,4.129,4.254
5825300.17,18295,0.14,4.958,5.098
5825364.92,18293,0.139,3.944,4.083
5825401.31,18294,1.658,4.109,5.767
5825423.8,18295,0.087,3.949,4.036
5825500.46,18293,0.092,3.875,3.967
5825580.28,18294,0.13,4.079,4.209
5825604.22,18295,0.126,4.97,5.096
5825620.52,18293,0.103,5.289,5.392
5825834.48,18294,2.058,5.319,7.377
5826075.44,18295,2.058,4.269,6.327
5826180.67,18293,0.142,3.958,4.1
5826492.17,18294,1.854,6.05,7.904
5826516.14,18295,0.105,3.984,4.09
5826567.56,18293,0.104,4.225,4.33
5826657.16,18294,1.086,5.974,7.06
5826997.17,18295,1.808,6.05,7.857
5827072.13,18293,0.163,3.877,4.04
5827095.88,18294,0.156,6.34,6.495
5827159.83,18295,0.156,4.99,5.145
5827161.02,18293,0.071,3.886,3.956
5827251.41,18295,0.216,3.988,4.204
5827408.22,18294,0.189,3.978,4.168
5827460.04,18293,0.138,4.032,4.17
5827473.41,18295,1.695,6.327,8.022
5827477.22,18294,0.074,6.537,6.611
5827482.16,18293,0.094,3.994,4.088
5827502.76,18295,0.185,5.06,5.245
5827529.14,18294,0.136,3.915,4.05
5827570.88,18293,0.247,3.976,4.223
5827580.68,18295,0.163,6.044,6.207
5827603.51,18294,0.161,3.963,4.125
5827635.04,18293,0.173,4.009,4.182
5827645.02,18295,0.184,3.999,4.183
5827702.24,18294,0.139,4.022,4.161
5827736.76,18293,0.148,6.037,6.186
5827745.96,18295,0.098,4.047,4.144
5827750.19,18294,0.09,4.039,4.128
5827761.15,18293,0.81,4.042,4.852
5827769.07,18295,0.119,5.88,5.999
5827785.21,18294,0.108,3.908,4.016
5827807.12,18293,2.084,5.984,8.068
5827850.42,18295,0.127,8.011,8.138
5827862.19,18294,0.103,4.029,4.132
5827872.91,18293,0.113,4.04,4.153
5827906.14,18295,0.117,4.952,5.069
5827920.58,18294,0.109,4.002,4.111
5827945.79,18293,0.136,6.003,6.139
5827985.41,18295,0.202,4.14,4.342
5827997.24,18294,0.15,4.018,4.168
5828003.75,18293,0.1,5.917,6.017
5828011.32,18295,0.143,4.052,4.195
5828035.95,18294,0.138,5.942,6.08
5828082.8,18293,0.168,4.95,5.117
5828107.96,18295,0.148,4.199,4.347
5828124.35,18294,0.159,4.096,4.255
5828139.02,18293,0.157,4.9,5.057
5828152.29,18295,0.148,4.065,4.213
5828217.27,18294,0.906,4.053,4.959
5828229.71,18293,0.129,5.991,6.12
5828291.57,18295,0.154,4.077,4.231
5828342.43,18294,0.144,4.187,4.332
5828373.02,18293,0.163,5.752,5.915
5828377.18,18295,0.101,4.011,4.112
5828383.43,18294,0.074,6.084,6.158
5828388.68,18293,0.089,3.877,3.966
5828397.16,18295,0.09,6.001,6.09
5828401.27,18294,0.071,3.954,4.025
5828424.7,18293,0.134,5.039,5.173
5828426.74,18295,0.111,4.006,4.117
5828493.05,18294,0.148,4.15,4.297
5828497.65,18295,0.082,6.117,6.199
5828523.55,18293,0.14,4.142,4.281
5828540.2,18294,0.113,8.006,8.12
5828540.45,18295,0.065,4.336,4.402
5828608.3,18293,0.14,4.087,4.227
5828631.3,18294,0.125,4.091,4.216
5828643.62,18295,1.538,11.987,13.525
5828645.09,18293,0.067,10.976,11.043
5828647.09,18294,1.658,11.029,12.686
5828649.84,18295,8.502,6.101,14.603
5828662.09,18293,2.036,3.973,6.009
5828804.78,18294,0.159,4.044,4.203
5828814.57,18295,0.136,4.213,4.349
5828828.51,18293,0.159,6.381,6.541
5828849.44,18294,0.147,4.203,4.35
5828903.99,18295,1.929,3.99,5.919
5828999.59,18293,0.156,4.058,4.215
5829048.29,18294,0.221,6.197,6.418
5829062.8,18295,0.101,4.047,4.149
5829072.74,18293,0.104,4.094,4.198
5829076.96,18294,2.498,4.095,6.593
5829104.32,18295,0.145,12.113,12.258
5829106.03,18293,2.53,5.891,8.422
5829106.34,18294,3.65,8.253,11.903
5829108.74,18295,4.022,4.327,8.348
5829159.28,18293,1.264,4.162,5.426
5829166.97,18294,0.083,4.846,4.929
5829175.04,18295,1.402,3.975,5.377
5829235.32,18293,0.133,8.094,8.227
5829236.5,18294,0.057,6.393,6.45
5829262.09,18295,0.113,4.124,4.237
5829273.31,18293,0.068,4.07,4.138
5829293.31,18294,0.078,6.176,6.254
5829308.17,18295,3.34,4.024,7.363
5829333.38,18293,0.109,3.997,4.106
5829343.66,18294,0.084,4.042,4.127
5829357.21,18295,0.759,4.087,4.845
5829375.64,18293,0.076,5.95,6.026
5829382.07,18294,0.055,6.282,6.336
5829385.85,18295,0.049,6.955,7.004
5829405.48,18294,0.049,7.979,8.029
5829405.54,18293,0.062,10.031,10.093
5829470.38,18295,0.066,6.067,6.133
5829473.92,18294,0.051,5.839,5.89
5829480.08,18293,2.406,6.049,8.455
5829496.14,18295,0.095,5.983,6.077
5829528.81,18294,0.133,4.043,4.176
5829573.33,18293,0.139,6.1,6.239
5829599.67,18295,0.115,4.043,4.158
5829620.46,18294,0.12,4.041,4.161
5829655.23,18293,0.129,4.023,4.151
5829670.76,18295,0.11,4.032,4.141
5829698.75,18294,0.131,4.025,4.156
5829703.84,18293,0.077,4.093,4.17
5829714.46,18295,0.104,6.193,6.298
5829717.72,18294,0.11,5.548,5.659
5829742.16,18293,0.139,6.074,6.213
5829746.34,18295,0.074,7.219,7.293
5829750.86,18294,0.079,4.032,4.111
5829758.14,18293,0.059,6.038,6.097
5829784.83,18295,0.111,4.098,4.209
5829816.27,18294,0.176,4.274,4.45
5830196.28,18293,0.152,4.044,4.196
5830250.82,18295,0.144,4.092,4.237
5830353.4,18294,0.143,10.165,10.308
5830357.12,18293,2.756,10.015,12.77
5830357.23,18295,3.793,8.14,11.934
5830363.19,18294,0.071,5.084,5.155
5830420.99,18293,0.089,3.902,3.991
5830442.24,18295,0.091,4.099,4.19
5830475.1,18294,0.068,5.073,5.141
5830505.8,18293,0.059,4.028,4.086
5830581.79,18295,0.089,4.19,4.279
5830615.12,18294,0.083,6.031,6.114
5830624.66,18293,0.061,4.087,4.148
5830743.25,18295,0.134,6.046,6.18
5830830.19,18294,1.118,7.032,8.15
5830947.41,18293,0.167,5.034,5.202
5830963.42,18295,0.093,3.911,4.004
5831154.42,18294,0.15,3.986,4.136
5831195.25,18293,2.084,6.094,8.178
5831320.67,18295,0.13,3.884,4.014
5831387.27,18294,0.138,5.503,5.641
5831455.9,18293,0.104,3.965,4.069
5831489.77,18295,0.091,3.963,4.054
5831569.82,18294,0.106,6.647,6.753
5831657.22,18293,0.129,5.018,5.148
5831701.25,18295,0.117,6.068,6.185
5831702.42,18294,0.107,4.419,4.526
5831710.03,18293,0.096,4.962,5.058
5831883.3,18295,0.152,6.053,6.205
5831917.74,18294,0.159,4.045,4.204
5831937.2,18293,0.084,4.058,4.143
5831958.83,18295,0.103,4.026,4.129
5832056.82,18294,0.197,4.138,4.334
5832082.95,18293,0.121,4.084,4.204
5832117.35,18295,0.159,4.106,4.266
5832201.29,18294,1.051,4.157,5.208
5832218.22,18293,0.097,3.957,4.054
5832551.73,18295,0.126,3.908,4.034
5832598.85,18294,0.156,5.917,6.073
5832617.22,18293,0.093,3.947,4.04
5832790.73,18295,0.153,4.101,4.254
5832796.16,18294,0.092,5.012,5.104
5832797.96,18293,0.066,4.111,4.178
5832817.03,18295,0.092,3.891,3.983
5832834.99,18294,0.092,3.956,4.048
5832849.16,18293,0.065,6.048,6.113
5832865.38,18295,0.076,5.973,6.049
5832932.95,18294,0.124,4.037,4.161
5832936.11,18293,0.062,4.233,4.295
5832968.43,18294,1.036,6.345,7.381
5833020.82,18295,0.068,4.086,4.154
5833030.58,18293,0.115,3.952,4.068
5833038.47,18294,0.08,4.328,4.409
5833060.92,18295,0.91,3.955,4.865
5833075.97,18293,2.034,3.863,5.897
5833085.87,18294,0.091,4.959,5.05
5833110.15,18293,2.094,4.013,6.107
5833112.13,18295,3.626,6.021,9.647
5833116.28,18294,4.679,6.193,10.873
5833129.26,18293,0.077,4.041,4.119
5833156.16,18295,0.092,3.948,4.041
5833199.1,18294,0.084,3.963,4.046
5833210.57,18293,0.095,4.009,4.104
5833230.06,18295,0.079,6.056,6.136
5833251.24,18294,0.08,4.119,4.199
5833264.52,18293,0.058,7.958,8.016
5833302.18,18295,0.102,5.015,5.117
5833319.78,18294,0.101,4.062,4.163
5833321.94,18293,0.068,3.957,4.025
5833353.53,18295,0.086,4.008,4.093
5833354.25,18293,0.057,4.037,4.094
5833359.44,18294,0.067,5.052,5.119
5833400.17,18295,2.027,5.092,7.119
5833439.85,18293,0.084,3.943,4.027
5833484.65,18295,0.06,5.881,5.942
5833486.08,18294,0.144,10.116,10.26
5833486.7,18293,0.066,3.997,4.062
5833542.45,18295,0.082,8.326,8.407
5833544.21,18294,0.061,6.486,6.547
5833566.9,18293,0.084,3.917,4.001
5833614.32,18295,0.076,4.094,4.169
5833621.74,18294,0.077,4.123,4.201
5833624.21,18293,0.057,4.004,4.061
5833628.13,18295,0.055,4.037,4.092
5833658.27,18293,0.08,6.148,6.228
5833719.32,18294,0.129,3.991,4.12
5833739.06,18295,1.022,3.999,5.021
5833740.24,18293,0.053,4.105,4.158
5833803.94,18294,0.13,4.003,4.133
5833808.0,18295,0.095,3.893,3.988
5833820.97,18293,0.081,3.977,4.058
5833828.03,18294,0.057,5.923,5.98
5833834.08,18295,0.052,3.971,4.024
5833892.39,18293,0.099,3.896,3.995
5833899.99,18294,0.079,3.999,4.078
5833987.63,18295,0.091,3.97,4.061
5834049.71,18293,0.142,5.495,5.637
5834054.88,18294,0.191,4.045,4.235
5834086.65,18295,0.15,4.069,4.219
5834096.05,18293,0.133,4.019,4.152
5834130.03,18294,1.879,4.951,6.83
5834199.13,18293,0.068,4.002,4.07
5834200.34,18295,0.156,6.256,6.412
5834286.04,18294,0.207,4.127,4.335
5834317.22,18293,0.121,6.039,6.16
5834331.09,18295,2.035,7.997,10.032
5834333.16,18294,0.309,8.067,8.377
5834373.78,18293,0.094,4.073,4.166
5834426.21,18295,0.108,8.053,8.161
5834444.84,18294,0.085,4.015,4.099
5834457.57,18293,0.07,4.206,4.276
5834527.25,18295,0.117,6.064,6.181
5834642.29,18294,0.192,4.091,4.283
5834673.99,18293,0.107,6.279,6.386
5834695.29,18295,0.105,4.122,4.227
5834720.88,18294,0.093,4.104,4.197
5834932.26,18293,0.163,4.021,4.185
5835037.18,18295,0.169,4.051,4.22
5835043.14,18294,0.105,3.976,4.081
5835050.34,18293,0.067,7.039,7.107
5835178.65,18295,0.17,4.139,4.309
5835184.55,18294,0.092,5.552,5.643
5835222.06,18293,2.041,3.945,5.985
5835243.65,18295,0.096,4.084,4.18
5835291.21,18294,0.089,6.051,6.139
5835316.72,18293,1.177,4.491,5.668
5835348.01,18295,2.038,3.908,5.946
5835382.25,18294,0.098,4.097,4.194
5835397.92,18293,0.089,3.92,4.009
5835434.77,18295,0.078,3.999,4.076
5835468.12,18294,0.06,4.017,4.077
5835485.01,18293,0.073,3.928,4.0
5835566.07,18295,2.045,3.966,6.011
5835590.74,18294,0.084,4.072,4.156
5835594.98,18293,0.056,3.994,4.05
5835631.08,18295,0.082,3.946,4.027
5835664.41,18294,0.087,4.157,4.244
5835696.97,18293,0.075,3.849,3.925
5835711.12,18295,4.156,4.04,8.196
5835716.68,18294,0.062,4.047,4.109
5835724.93,18293,0.055,4.137,4.192
5835766.46,18295,0.279,4.129,4.407
5835839.21,18294,1.534,6.013,7.547
5835881.76,18293,1.952,5.739,7.691
5835926.13,18294,0.102,7.941,8.043
5835927.77,18295,0.151,12.543,12.694
5836046.33,18293,0.196,4.194,4.391
5836057.78,18294,0.156,6.086,6.242
5836095.2,18295,0.128,4.006,4.134
5836118.49,18293,0.158,3.94,4.098
5836146.97,18294,0.145,8.154,8.298
5836149.05,18295,0.096,5.089,5.185
5836179.0,18293,0.097,6.857,6.954
5836183.14,18294,0.061,4.002,4.063
5836230.07,18295,0.079,3.951,4.03
5836256.37,18293,0.074,3.896,3.969
5836278.03,18294,2.022,3.958,5.98
5836279.85,18295,0.058,4.151,4.208
5836288.08,18293,0.065,5.973,6.039
5836303.3,18294,0.082,6.163,6.246
5836357.69,18295,0.087,4.164,4.251
5836387.17,18293,0.071,4.049,4.12
5836391.01,18294,1.045,3.915,4.959
5836456.17,18293,0.083,4.03,4.114
5836483.9,18295,0.084,4.007,4.091
5836565.23,18294,1.038,6.135,7.173
5836600.39,18293,0.095,4.119,4.214
5836607.65,18295,0.076,4.122,4.198
5836631.04,18294,0.082,3.903,3.985
5836632.6,18293,0.054,3.984,4.038
5836646.9,18294,0.062,3.957,4.019
5836657.39,18295,0.072,4.198,4.27
5836669.67,18293,0.076,3.968,4.044
5836714.17,18294,0.068,5.066,5.135
5836719.6,18295,0.077,5.19,5.267
5836725.05,18293,0.062,3.951,4.013
5836739.04,18294,2.04,3.96,6.0
5836743.15,18295,0.061,4.068,4.129
5836787.29,18294,0.135,7.471,7.606
5836817.54,18293,0.156,4.197,4.352
5836821.8,18295,0.645,4.106,4.751
5836827.92,18294,0.301,4.451,4.751
5836839.5,18295,0.077,4.391,4.468
5836872.13,18293,0.129,3.93,4.059
5836883.58,18294,0.19,5.613,5.802
5836902.58,18295,0.079,5.041,5.12
5836910.95,18293,0.108,3.873,3.981
5836941.53,18294,0.244,4.172,4.416
5837028.83,18295,0.151,4.108,4.259
5837048.26,18293,2.178,4.011,6.189
5837089.24,18294,1.038,6.133,7.171
5837094.91,18295,0.105,4.375,4.48
5837123.18,18293,0.108,3.994,4.103
5837202.36,18294,0.112,4.178,4.29
5837229.95,18295,0.094,4.05,4.145
5837254.24,18293,0.078,4.286,4.365
5837274.19,18294,2.021,4.106,6.127
5837293.91,18295,0.085,4.042,4.127
5837359.04,18293,0.111,3.847,3.958
5837396.23,18294,2.042,6.13,8.171
5837519.37,18295,0.128,4.167,4.295
5837571.2,18293,0.099,3.928,4.027
5837647.63,18294,0.107,6.08,6.187
5837773.27,18295,0.144,4.151,4.295
5837788.01,18293,0.102,6.001,6.103
5837796.04,18294,0.095,3.89,3.985
5837831.3,18295,0.123,4.105,4.228
5837900.13,18293,0.122,7.946,8.068
5837959.88,18294,0.106,4.532,4.638
5838085.76,18295,0.231,3.968,4.199
5838263.98,18293,0.143,4.073,4.217
5838307.06,18294,1.038,3.96,4.998
5838336.4,18295,0.117,4.245,4.362
5838344.04,18293,0.084,7.35,7.434
5838356.21,18294,2.051,4.099,6.15
5838379.88,18295,0.076,4.044,4.12
5838488.44,18293,0.094,3.923,4.017
5838611.11,18294,0.114,3.941,4.056
5838749.09,18295,0.128,4.698,4.826
5838799.95,18293,0.097,4.06,4.157
5838868.64,18294,0.144,4.414,4.559
5838888.81,18295,0.1,3.932,4.032
5838932.82,18293,2.656,4.102,6.759
5838954.97,18295,0.088,4.116,4.203
5838955.27,18294,0.083,6.135,6.218
5839041.22,18293,0.184,4.077,4.261
5839113.1,18295,0.155,4.046,4.201
5839172.65,18294,0.631,4.412,5.043
5839193.47,18293,0.112,4.726,4.838
5839214.44,18295,0.095,3.967,4.062
5839305.14,18294,0.089,4.002,4.091
5839355.85,18293,0.118,3.93,4.048
5839547.53,18295,0.157,4.033,4.19
5839667.13,18294,0.104,3.96,4.064
5839724.42,18293,0.127,4.149,4.277
5839737.41,18295,0.103,4.132,4.235
5839759.32,18294,0.127,4.147,4.274
5839956.18,18293,0.196,3.975,4.171
5840189.46,18295,0.174,3.98,4.154
5840267.63,18294,0.124,6.432,6.556
5840298.38,18293,0.116,6.028,6.144
5840302.85,18295,0.064,4.032,4.096
5840310.37,18294,0.075,4.249,4.323
5840353.1,18293,0.088,4.952,5.04
5840355.76,18295,0.064,3.971,4.036
5840363.02,18294,0.066,4.901,4.967
5840384.39,18293,0.07,4.94,5.01
5840384.89,18295,0.061,4.475,4.535
5840403.2,18294,0.057,4.105,4.161
5840435.3,18293,0.07,4.17,4.24
5840437.18,18295,0.055,4.079,4.134
5840447.12,18294,0.061,4.02,4.081
5840470.04,18293,0.061,3.938,3.999
5840476.53,18295,0.053,3.987,4.04
5840509.31,18294,0.098,5.723,5.821
5840517.07,18293,0.054,5.979,6.032
5840523.15,18295,0.052,4.055,4.107
5840549.97,18294,0.064,5.865,5.929
5840560.63,18293,0.065,4.33,4.395
5840621.71,18295,0.081,3.898,3.979
5840653.07,18294,0.095,3.928,4.022
5840683.97,18293,1.449,4.895,6.344
5840712.56,18295,0.071,3.989,4.06
5840730.21,18294,0.102,4.064,4.166
5840743.08,18293,1.356,4.01,5.366
5840781.2,18295,0.091,4.064,4.154
5840788.13,18294,0.089,5.262,5.351
5840853.17,18293,0.088,5.351,5.44
5840856.13,18295,0.061,4.024,4.085
5840899.07,18294,2.04,3.98,6.02
5840915.16,18293,0.75,4.049,4.799
5840921.87,18295,0.067,3.931,3.998
5840968.14,18294,0.09,3.996,4.087
5840978.81,18293,0.086,8.017,8.103
5840981.58,18295,0.064,5.949,6.013
5840985.2,18294,0.074,5.984,6.058
5841005.56,18293,0.106,5.435,5.541
5841059.26,18295,0.164,6.008,6.172
5841065.16,18294,0.107,3.996,4.103
5841076.49,18293,0.058,9.382,9.439
5841078.56,18295,0.058,4.469,4.527
5841090.35,18294,0.069,4.455,4.524
5841099.04,18293,0.071,3.939,4.01
5841188.74,18295,0.187,4.024,4.211
5841197.12,18294,1.752,3.971,5.723
5841217.0,18293,0.109,4.178,4.287
5841241.34,18295,0.12,5.101,5.221
5841332.46,18294,0.135,4.026,4.161
5841350.22,18293,0.127,6.008,6.135
5841358.11,18295,0.094,5.944,6.039
5841363.27,18294,1.013,4.041,5.054
5841375.98,18293,0.102,3.917,4.02
5841406.15,18295,0.163,3.943,4.106
5841412.32,18294,0.1,5.024,5.124
5841434.96,18293,0.107,5.774,5.881
5841454.92,18295,0.119,5.735,5.854
5841461.37,18294,0.119,5.968,6.087
5841471.32,18293,0.077,4.021,4.098
5841558.41,18295,0.104,4.356,4.46
5841570.51,18294,0.086,4.012,4.098
5841609.63,18293,0.114,10.084,10.198
5841610.32,18295,0.064,7.211,7.275
5841625.16,18294,0.08,6.084,6.164
5841625.99,18293,0.056,3.897,3.953
5841725.57,18295,0.077,4.16,4.237
5841748.89,18294,0.077,4.079,4.156
5841757.95,18293,1.825,4.074,5.899
5841764.8,18295,0.071,4.014,4.085
5841808.07,18294,0.08,5.938,6.018
5841822.22,18293,2.108,4.052,6.16
5841840.16,18295,0.076,4.036,4.112
5841856.86,18294,0.066,4.02,4.087
5841864.63,18293,0.051,4.013,4.064
5841890.05,18295,0.081,3.924,4.005
5841894.48,18294,0.084,4.114,4.199
5841924.83,18293,0.075,4.709,4.784
5841933.82,18295,0.069,5.618,5.687
5842005.69,18294,0.137,3.891,4.028
5842017.88,18293,0.104,6.167,6.271
5842029.37,18295,0.084,3.959,4.043
5842041.32,18294,0.092,3.954,4.045
5842042.63,18293,0.056,3.929,3.985
5842056.64,18295,0.122,5.944,6.066
5842066.95,18293,0.719,4.058,4.777
5842068.27,18294,0.104,6.107,6.211
5842095.11,18295,0.127,4.048,4.175
5842120.15,18293,0.095,3.933,4.028
5842126.69,18294,0.074,3.935,4.009
5842133.08,18295,2.177,3.996,6.172
5842143.15,18293,1.493,5.031,6.524
5842177.68,18294,0.065,4.014,4.079
5842208.89,18295,0.093,5.972,6.065
5842209.9,18293,1.185,4.819,6.004
5842214.56,18294,0.075,3.976,4.052
5842225.66,18295,0.068,4.566,4.634
5842232.58,18293,0.064,3.929,3.993
5842267.06,18294,0.067,3.957,4.024
5842366.25,18295,0.082,7.478,7.56
5842391.12,18293,0.07,6.005,6.075
5842405.49,18294,0.08,4.068,4.148
5842424.18,18295,0.072,6.057,6.129
5842458.17,18293,0.071,6.056,6.126
5842464.01,18294,0.063,3.91,3.972
5842489.1,18295,0.07,7.187,7.257
5842610.01,18293,0.149,5.718,5.867
5842667.6,18294,0.111,3.976,4.087
5842676.17,18295,0.091,4.919,5.01
5842713.94,18293,0.09,4.793,4.883
5842733.01,18294,0.086,3.962,4.048
5842762.19,18295,1.544,6.096,7.641
5842772.04,18293,0.059,3.989,4.049
5842891.19,18294,1.778,4.089,5.867
5842992.18,18295,0.136,3.974,4.109
5843136.79,18293,0.177,4.231,4.408
5843358.23,18294,1.732,5.055,6.787
5843384.38,18295,0.221,6.028,6.249
5843438.09,18293,0.163,4.065,4.228
5843457.01,18294,0.174,4.059,4.234
5843673.22,18295,0.138,6.002,6.14
5843710.57,18293,0.187,4.299,4.487
5843822.51,18294,0.231,6.183,6.415
5843850.23,18295,0.117,5.055,5.172
5843864.54,18293,0.08,3.866,3.946
5843926.97,18294,0.121,5.022,5.143
5843946.2,18295,0.074,6.072,6.145
5843987.47,18293,0.108,3.871,3.979
5844123.61,18294,0.162,5.739,5.901
5844157.23,18295,0.107,4.049,4.155
5844179.04,18293,0.092,3.888,3.98
5844198.11,18294,0.08,3.973,4.053
5844313.46,18295,0.1,4.016,4.116
5844335.76,18293,0.078,4.159,4.237
5844397.57,18294,0.118,5.615,5.733
5844524.21,18295,0.109,8.032,8.141
5844644.95,18293,0.125,4.009,4.134
5844738.14,18294,0.13,3.923,4.053
5844797.1,18295,0.092,4.069,4.161
5844857.19,18293,0.105,4.011,4.116
5845129.11,18294,0.167,4.104,4.271
5845131.19,18295,0.141,4.161,4.301
5845164.23,18293,0.09,4.08,4.17
5845207.5,18294,0.149,3.912,4.061
5845256.38,18295,0.157,5.009,5.166
5845378.34,18293,0.131,4.137,4.268
5845421.6,18294,0.461,10.657,11.118
5845513.52,18295,0.145,7.126,7.271
5845546.08,18293,0.12,4.299,4.419
5845589.24,18294,2.044,6.124,8.169
5845771.74,18295,0.12,4.094,4.214
5845775.97,18293,0.087,4.032,4.119
5845810.28,18294,0.112,4.039,4.152
5845938.18,18295,0.114,4.002,4.116
5845971.35,18293,0.098,3.927,4.025
5846219.11,18294,0.154,4.136,4.289
5846254.27,18295,1.043,4.154,5.197
5846318.02,18293,0.097,3.851,3.947
5846327.15,18294,0.111,5.049,5.16
5846357.14,18295,3.031,6.06,9.091
5846411.12,18293,0.105,3.952,4.057
5846452.7,18294,0.083,4.023,4.106
5846457.09,18295,0.062,3.995,4.057
5846488.86,18293,0.092,4.036,4.128
5846518.58,18294,0.076,4.015,4.092
5846524.47,18295,0.065,4.136,4.201
5846532.53,18293,0.057,6.896,6.953
5846613.14,18294,2.096,3.974,6.07
5846638.5,18295,1.6,3.998,5.598
5846665.55,18293,0.087,3.941,4.028
5846690.89,18294,0.096,3.973,4.069
5846798.09,18295,0.089,4.064,4.153
5846849.11,18293,0.137,4.913,5.05
5846913.16,18294,0.089,4.021,4.109
5846938.39,18295,0.092,3.953,4.045
5846967.17,18293,1.033,6.088,7.121
5847003.78,18294,0.077,4.187,4.265
5847015.03,18295,0.083,4.13,4.212
5847034.42,18293,0.134,6.124,6.258
5847038.67,18294,0.061,6.531,6.592
5847063.95,18295,0.178,3.953,4.131
5847111.17,18293,0.175,5.904,6.079
5847173.39,18294,0.146,3.957,4.103
5847189.29,18295,0.079,6.005,6.084
5847271.18,18293,1.699,4.086,5.785
5847305.56,18294,0.089,4.431,4.52
5847332.18,18295,0.086,4.038,4.124
5847339.44,18293,0.074,3.925,3.999
5847347.03,18294,0.079,4.074,4.153
5847374.17,18295,0.075,6.168,6.244
5847385.13,18293,0.08,8.997,9.077
5847386.59,18294,0.052,4.903,4.955
5847413.41,18295,0.07,4.324,4.394
5847476.13,18293,0.094,6.108,6.201
5847509.15,18294,3.08,4.02,7.101
5847601.84,18295,0.118,3.994,4.113
5847618.42,18293,0.143,3.977,4.12
5847644.47,18294,1.94,6.368,8.308
5847670.99,18295,0.096,3.998,4.093
5847712.9,18293,0.083,3.902,3.985
5847747.66,18294,0.098,5.116,5.215
5847924.14,18295,0.125,5.953,6.079
5847979.3,18293,0.165,3.922,4.087
5848061.45,18294,0.158,3.958,4.117
5848091.99,18295,0.147,6.029,6.176
5848131.29,18293,0.167,7.982,8.149
5848132.63,18294,0.903,4.337,5.24
5848136.03,18295,0.072,4.04,4.112
5848207.95,18293,0.1,5.311,5.412
5848300.38,18294,0.113,6.048,6.161
5848436.89,18295,0.099,4.02,4.119
5848470.49,18293,1.069,4.262,5.331
5848550.02,18294,0.125,4.052,4.177
5848635.83,18295,0.118,4.303,4.422
5848790.37,18293,0.167,4.129,4.296
5848827.0,18294,0.117,4.016,4.133
5848847.92,18295,0.086,4.203,4.289
5848889.27,18293,0.268,3.965,4.233
5848994.12,18294,1.035,6.028,7.063
5849076.06,18295,0.181,5.02,5.202
5849212.24,18293,1.393,4.103,5.497
5849225.35,18294,0.181,4.264,4.445
5849240.27,18295,0.105,5.107,5.212
5849315.05,18293,0.099,5.991,6.09
5849351.18,18294,0.077,4.059,4.136
5849357.3,18295,0.06,5.95,6.01
5849379.88,18293,0.095,4.948,5.043
5849405.19,18294,0.078,4.059,4.137
5849498.65,18295,0.098,3.978,4.076
5849584.08,18293,0.196,3.915,4.11
5849598.2,18294,0.101,4.018,4.119
5849619.59,18295,0.115,4.055,4.169
5849653.71,18293,0.104,3.841,3.946
5849742.37,18294,2.09,6.197,8.286
5849984.31,18295,0.166,3.947,4.112
5850026.37,18293,0.164,5.999,6.163
5850041.85,18294,0.349,5.555,5.905
5850091.13,18295,0.157,4.012,4.169
5850268.3,18293,0.218,5.037,5.255
5850310.28,18294,0.153,4.014,4.166
5850442.76,18295,0.142,7.16,7.302
5850474.12,18293,3.758,4.004,7.762
5850564.26,18294,0.097,6.102,6.199
5850638.26,18295,0.098,4.103,4.201
5850644.55,18293,0.142,6.069,6.211
5850646.17,18294,0.073,4.042,4.115
5850777.3,18295,0.101,4.035,4.137
5850847.7,18293,0.116,3.934,4.05
5850896.19,18294,0.133,8.014,8.147
5850913.23,18295,0.073,4.11,4.183
5850949.1,18293,2.035,8.005,10.04
5850983.13,18294,0.067,4.095,4.162
5850998.12,18295,0.076,6.091,6.167
5851109.13,18293,0.148,4.38,4.527
5851139.81,18294,0.133,4.027,4.161
5851182.09,18295,0.117,4.08,4.197
5851227.83,18293,0.115,7.236,7.352
5851255.54,18294,0.108,4.088,4.196
5851350.29,18295,0.121,6.097,6.219
5851561.46,18293,0.15,4.133,4.284
5851603.14,18294,0.132,6.057,6.188
5851634.98,18295,0.096,4.827,4.923
5851696.03,18293,1.819,3.92,5.74
5851882.34,18294,0.166,6.082,6.248
5851942.86,18295,0.235,5.676,5.911
5852267.63,18293,1.651,4.441,6.092
5852284.55,18294,0.105,3.995,4.101
5852287.91,18295,0.079,4.038,4.117
5852294.11,18294,0.075,5.999,6.074
5852399.3,18293,0.157,6.158,6.315
5852479.33,18295,0.279,3.978,4.257
5852513.07,18294,1.431,5.942,7.372
5852674.31,18293,1.845,4.211,6.057
5852683.07,18295,0.066,3.946,4.012
5852751.21,18294,0.115,4.077,4.193
5852770.04,18293,0.086,4.042,4.128
5852858.58,18295,0.15,6.353,6.503
5852942.19,18294,0.121,3.996,4.116
5853134.61,18293,0.153,4.197,4.351
5853360.92,18295,0.13,4.033,4.164
5853364.34,18294,0.151,4.071,4.222
5853430.29,18293,0.125,4.078,4.203
5853483.3,18295,0.095,6.138,6.233
5853564.32,18294,0.11,4.142,4.252
5853777.57,18293,0.152,3.983,4.135
5853783.98,18295,0.09,6.102,6.192
5853890.26,18294,0.168,4.129,4.297
5853934.46,18293,1.253,4.276,5.529
5853996.04,18295,0.936,3.923,4.859
5854011.94,18294,0.093,5.918,6.01
5854033.79,18293,1.808,3.904,5.712
5854063.31,18295,0.105,5.794,5.899
5854111.94,18294,0.132,4.123,4.254
5854161.5,18293,0.151,6.847,6.998
5854218.2,18295,1.897,6.23,8.127
5854239.08,18294,0.104,6.087,6.191
5854369.44,18293,0.117,6.607,6.724
5854416.88,18295,0.141,3.949,4.09
5854486.47,18294,0.099,3.904,4.003
5854525.91,18293,0.139,3.952,4.091
5854581.64,18295,0.121,6.068,6.188
5854590.26,18294,0.083,6.113,6.195
5854647.34,18293,1.664,6.083,7.747
5854665.19,18295,0.09,3.954,4.044
5854684.2,18294,0.082,6.07,6.153
5854837.38,18293,0.145,3.933,4.079
5854852.38,18295,0.089,4.496,4.585
5854859.15,18294,0.116,3.98,4.096
5854868.14,18293,0.076,5.008,5.083
5855037.27,18295,0.152,3.926,4.078
5855062.79,18294,0.157,3.986,4.142
5855128.13,18293,2.044,4.003,6.048
5855158.13,18295,0.137,5.127,5.264
5855212.25,18294,0.137,4.023,4.159
5855435.85,18293,0.25,6.557,6.807
5855479.25,18295,0.132,7.046,7.178
5855795.87,18294,0.154,4.036,4.189
5855850.79,18293,0.144,4.052,4.196
5855908.27,18295,0.12,4.985,5.105
5856019.78,18294,0.124,4.198,4.322
5856244.97,18293,0.229,4.025,4.254
5856253.16,18295,0.097,5.993,6.09
5856292.76,18294,0.101,4.048,4.149
5856375.1,18293,0.11,3.928,4.039
5856381.19,18295,0.126,3.992,4.117
5856439.46,18294,0.108,4.174,4.283
5856453.09,18293,0.089,5.939,6.028
5856479.02,18295,0.09,3.919,4.009
5856503.23,18294,0.091,4.084,4.175
5856526.25,18293,0.08,4.121,4.201
5856552.21,18295,0.075,3.981,4.056
5856636.31,18294,0.096,10.054,10.15
5856637.68,18293,0.062,7.576,7.638
5856711.38,18295,0.086,5.131,5.217
5856769.35,18294,0.092,3.967,4.059
5856776.64,18293,0.074,3.951,4.024
5856815.04,18295,0.079,5.095,5.174
5856823.39,18294,0.067,7.115,7.182
5856826.23,18293,0.056,5.43,5.486
5857065.43,18295,0.144,3.935,4.079
5857093.94,18294,0.125,4.033,4.158
5857167.43,18293,0.878,4.278,5.156
5857225.99,18295,0.128,7.033,7.161
5857229.15,18294,0.085,4.011,4.096
5857264.89,18293,1.951,4.763,6.714
5857265.99,18295,0.082,4.107,4.19
5857300.69,18294,0.089,4.085,4.174
5857307.08,18293,0.068,3.976,4.044
5857365.83,18295,0.086,4.028,4.114
5857372.72,18294,0.072,6.018,6.09
5857404.96,18293,0.072,3.851,3.923
5857419.08,18295,0.086,3.964,4.05
5857439.48,18294,0.084,4.941,5.026
5857452.93,18293,2.343,7.879,10.222
5857454.74,18295,0.812,5.93,6.742
5857464.36,18294,0.055,6.265,6.32
5857495.71,18293,0.085,3.962,4.047
5857526.17,18295,0.081,4.036,4.116
5857568.41,18294,0.085,4.286,4.371
5857595.03,18293,0.077,4.152,4.229
5857601.31,18295,0.085,4.0,4.084
5857642.29,18294,0.093,5.924,6.017
5857654.32,18293,0.074,4.191,4.265
5857670.11,18295,0.067,5.992,6.059
5857711.29,18294,0.078,4.161,4.239
5857715.37,18293,0.06,3.931,3.991
5857757.74,18295,0.094,4.404,4.498
5857766.2,18294,0.082,4.073,4.155
5857772.69,18293,0.061,3.974,4.035
5857784.96,18294,0.056,3.862,3.918
5857785.03,18295,0.064,6.822,6.886
5857827.99,18293,0.088,4.013,4.101
5857938.7,18294,0.262,4.151,4.413
5857971.03,18295,0.169,6.013,6.181
5857992.08,18293,0.114,4.054,4.169
5858001.65,18294,0.084,3.965,4.05
5858003.93,18295,0.098,3.985,4.083
5858052.21,18293,0.162,5.956,6.118
5858059.02,18294,4.033,3.915,7.948
5858070.22,18295,0.093,4.081,4.174
5858090.47,18293,0.136,4.145,4.281
5858104.84,18294,0.1,4.123,4.223
5858128.86,18295,0.105,5.573,5.678
5858134.23,18293,0.116,4.099,4.216
5858149.25,18294,2.498,6.105,8.603
5858169.14,18295,0.081,7.061,7.142
5858192.37,18293,0.086,4.123,4.209
5858216.01,18294,0.085,4.103,4.188
5858219.6,18295,0.086,4.231,4.316
5858277.4,18293,0.058,4.255,4.313
5858277.94,18294,0.098,6.797,6.896
5858325.29,18295,0.098,3.997,4.095
5858354.48,18293,1.832,7.405,9.237
5858386.06,18294,3.027,3.991,7.018
5858401.17,18295,0.073,5.049,5.123
5858419.15,18293,0.071,3.852,3.923
5858542.64,18294,0.123,6.05,6.173
5858551.44,18295,0.122,4.254,4.376
5858553.34,18293,0.084,4.203,4.287
5858631.46,18294,0.159,4.2,4.359
5858649.15,18295,0.14,6.957,7.097
5858661.29,18293,3.16,6.062,9.222
5858672.97,18294,0.125,4.083,4.208
5858697.93,18295,0.132,4.159,4.291
5858724.63,18293,0.136,7.387,7.523
5858725.73,18294,0.084,5.089,5.173
5858799.14,18295,0.142,6.011,6.153
5858804.94,18293,0.076,4.021,4.097
5858837.4,18294,0.198,4.18,4.378
5858858.96,18295,2.034,4.858,6.891
5858900.67,18293,0.155,4.411,4.566
5858916.35,18294,0.133,4.042,4.175
5858979.32,18295,0.123,3.934,4.056
5859053.11,18293,0.168,3.97,4.138
5859096.37,18294,0.152,6.148,6.3
5859099.02,18295,3.758,3.923,7.681
5859115.69,18294,0.094,6.075,6.169
5859187.88,18293,0.1,6.527,6.627
5859215.26,18295,0.1,4.009,4.109
5859307.76,18294,0.124,5.724,5.848
5859312.21,18293,0.061,6.838,6.898
5859328.16,18295,0.107,3.987,4.094
5859341.74,18294,0.09,4.058,4.148
5859625.12,18293,0.185,6.026,6.211
5859775.34,18295,0.175,4.238,4.413
5860022.53,18294,0.258,8.159,8.417
5860036.15,18293,0.138,3.94,4.078
5860061.01,18295,0.12,4.02,4.139
5860272.21,18294,0.156,4.021,4.177
5860526.72,18293,0.145,3.985,4.13
5860769.98,18295,0.126,4.774,4.899
5860782.0,18294,0.111,4.1,4.211
5860791.37,18293,0.086,4.233,4.319
5860949.87,18295,0.137,3.959,4.096
5861028.69,18294,0.14,4.24,4.38
5861137.16,18293,2.08,3.992,6.073
5861193.72,18295,0.108,4.294,4.402
5861408.58,18294,0.168,8.307,8.475
5861647.19,18293,0.159,4.095,4.254
5861673.51,18295,0.113,4.973,5.086
5861806.59,18294,0.152,6.092,6.244
5861876.99,18293,0.173,4.024,4.197
5861957.79,18295,0.143,4.004,4.147
5862225.29,18294,0.163,7.027,7.189
5862258.25,18293,0.137,3.937,4.074
5862276.35,18295,0.093,6.046,6.139
5862364.22,18294,0.154,5.981,6.135
5862531.45,18293,0.174,4.282,4.456
5862573.63,18295,0.104,6.454,6.558
5862579.86,18294,0.086,4.064,4.15
5862656.25,18293,0.115,4.073,4.188
5862696.37,18295,0.21,4.248,4.458
5862745.15,18294,2.076,6.018,8.095
5862813.12,18293,0.096,4.083,4.179
5862819.44,18295,0.077,6.15,6.227
5862847.61,18294,0.123,4.198,4.321
5862962.41,18293,0.13,4.212,4.342
5862995.9,18295,1.081,6.754,7.835
5862999.6,18294,0.069,4.098,4.167
5863028.46,18295,1.658,6.341,7.998
5863081.22,18293,0.145,4.019,4.163
5863127.52,18294,0.155,3.954,4.109
5863134.2,18295,0.089,4.045,4.134
5863165.09,18293,0.126,3.988,4.113
5863218.1,18294,0.088,4.041,4.129
5863251.8,18295,0.091,3.977,4.068
5863285.09,18293,0.089,4.407,4.496
5863341.14,18294,0.093,4.242,4.335
5863400.21,18295,1.985,5.081,7.067
5863461.17,18293,0.198,6.023,6.22
5863520.28,18294,0.123,4.085,4.208
5863528.4,18295,0.093,4.026,4.119
5863609.84,18293,0.117,4.338,4.455
5863757.33,18294,0.153,4.153,4.305
5863942.58,18295,0.189,4.242,4.431
5864230.19,18293,0.21,5.877,6.087
5864302.64,18294,0.149,5.411,5.56
5864313.47,18295,0.076,4.048,4.124
5864391.23,18293,0.126,5.038,5.164
5864441.39,18294,0.165,4.028,4.193
5864493.17,18295,0.13,5.954,6.084
5864513.3,18293,0.14,4.085,4.225
5864562.4,18294,0.123,5.103,5.226
5864773.64,18295,0.18,6.329,6.509
5864822.3,18293,2.053,4.143,6.195
5864851.35,18294,0.105,4.366,4.471
5864872.18,18295,0.645,4.014,4.659
5864913.07,18293,2.032,3.989,6.021
5864928.62,18295,0.599,9.145,9.744
5864929.51,18294,0.123,10.79,10.912
5864938.22,18293,0.078,3.866,3.945
5864945.35,18295,0.088,5.21,5.298
5864969.34,18294,0.101,6.203,6.304
5864987.18,18293,0.075,5.052,5.127
5865029.43,18295,0.21,5.12,5.33
5865072.03,18294,0.193,4.049,4.241
5865097.8,18293,0.141,4.102,4.243
5865135.18,18295,0.117,8.209,8.326
5865137.71,18294,1.834,4.617,6.451
5865139.69,18293,0.06,6.153,6.213
5865144.33,18295,0.107,5.176,5.283
5865168.87,18293,0.095,3.902,3.997
5865177.3,18294,1.99,4.236,6.226
5865183.65,18295,0.059,5.066,5.125
5865197.04,18293,0.056,3.942,3.998
5865202.33,18294,0.991,4.243,5.234
5865242.29,18295,0.083,4.151,4.234
5865277.18,18293,0.083,6.044,6.127
5865322.17,18294,0.953,4.037,4.99
5865340.43,18295,0.123,4.186,4.309
5865349.48,18293,0.089,5.237,5.326
5865370.13,18294,0.109,6.958,7.067
5865387.92,18295,1.024,4.849,5.874
5865398.69,18293,0.073,4.016,4.089
5865420.37,18294,1.745,4.011,5.756
5865450.67,18295,0.142,4.303,4.445
5865461.17,18293,0.096,3.913,4.009
5865472.53,18294,0.08,3.976,4.056
5865487.14,18295,0.139,6.146,6.285
5865501.95,18293,1.791,5.813,7.604
5865507.07,18294,1.048,4.002,5.051
5865533.08,18295,0.079,3.944,4.023
5865554.08,18293,0.095,3.93,4.026
5865593.38,18294,0.875,4.274,5.148
5865604.02,18295,0.07,4.094,4.163
5865608.27,18293,0.064,7.036,7.1
5865630.34,18294,0.174,4.052,4.226
5865654.94,18295,0.128,4.023,4.151
5865711.65,18293,0.173,4.02,4.194
5865730.16,18294,1.483,4.047,5.53
5865761.27,18295,0.091,6.022,6.113
5865765.38,18293,0.078,3.957,4.034
5865805.24,18294,0.346,4.144,4.49
5865812.38,18295,0.104,4.065,4.17
5865860.3,18293,0.151,5.056,5.207
5865868.5,18294,0.067,6.086,6.153
5865895.21,18295,0.17,3.974,4.143
5865901.83,18293,0.129,4.045,4.174
5865939.29,18295,0.104,3.951,4.055
5865940.09,18294,0.199,8.313,8.513
5865996.37,18293,0.149,6.135,6.284
5866009.07,18295,0.105,3.931,4.037
5866056.08,18294,0.263,4.103,4.366
5866145.29,18293,0.158,4.102,4.259
5866170.28,18295,0.131,4.067,4.198
5866182.02,18294,2.003,3.951,5.954
5866193.13,18293,0.069,9.15,9.219
5866260.82,18295,0.096,4.053,4.15
5866270.24,18294,0.075,7.014,7.089
5866283.01,18293,0.074,4.935,5.009
5866394.74,18295,0.13,3.97,4.1
5866548.28,18294,0.165,5.029,5.194
5866576.46,18293,0.096,4.078,4.174
5866604.6,18295,0.1,4.197,4.297
5866674.38,18294,0.092,4.237,4.33
5866743.45,18293,0.118,5.116,5.234
5866792.46,18295,0.146,10.063,10.21
5866896.2,18294,0.864,9.197,10.061
5866904.2,18293,0.235,4.358,4.593
5866919.73,18295,0.236,4.256,4.492
5866956.61,18294,0.162,5.716,5.878
5866988.32,18293,0.125,4.34,4.465
5867185.51,18295,0.162,4.458,4.62
5867375.18,18294,0.143,6.471,6.614
5867486.54,18293,0.141,6.064,6.205
5867519.7,18295,0.13,3.969,4.098
5867542.84,18294,0.102,5.672,5.773
5867808.3,18293,0.135,3.992,4.127
5867836.3,18295,0.122,4.105,4.228
5867875.2,18294,0.129,5.082,5.212
5867898.82,18293,0.085,4.005,4.09
5867933.19,18295,0.063,4.086,4.149
5868013.38,18294,0.123,4.258,4.381
5868026.79,18293,0.148,4.081,4.229
5868033.07,18295,0.948,6.069,7.017
5868112.41,18294,0.131,6.061,6.192
5868211.69,18293,0.124,4.173,4.297
5868236.72,18295,0.116,4.907,5.023
5868280.71,18294,0.111,4.16,4.27
5868410.66,18293,0.109,4.078,4.187
5868468.24,18295,1.244,4.103,5.347
5868479.07,18294,0.088,4.169,4.257
5868514.02,18293,0.088,4.1,4.188
5868578.69,18295,0.107,3.987,4.094
5868650.94,18294,0.085,4.041,4.127
5868690.24,18293,0.078,4.103,4.181
5868740.87,18295,0.108,4.212,4.32
5868752.57,18294,0.109,4.105,4.214
5868821.26,18293,0.114,4.08,4.194
5868839.17,18295,0.096,6.517,6.613
5868943.73,18294,0.792,4.125,4.916
5868948.75,18293,0.113,3.964,4.077
5869129.81,18295,0.128,4.019,4.147
5869136.32,18294,0.09,4.11,4.2
5869165.06,18293,2.045,3.943,5.988
5869208.15,18295,2.068,4.043,6.11
5869243.22,18294,0.094,4.251,4.345
5869256.38,18293,0.134,3.941,4.075
5869283.09,18295,2.034,4.004,6.038
5869296.72,18294,0.079,4.043,4.121
5869351.4,18293,2.03,4.313,6.343
5869365.32,18295,0.082,8.013,8.095
5869365.45,18294,1.237,6.383,7.619
5869386.09,18293,0.085,3.958,4.043
5869396.79,18295,0.068,4.025,4.093
5869412.32,18294,0.065,4.205,4.27
5869464.33,18293,0.093,3.945,4.038
5869483.64,18295,0.108,4.059,4.168
5869500.14,18294,0.064,4.038,4.102
5869521.97,18293,0.122,3.998,4.12
5869533.5,18295,0.175,4.307,4.482
5869547.52,18294,0.19,8.034,8.223
5869615.16,18293,0.118,3.983,4.101
5869659.23,18295,0.09,3.984,4.074
5869697.8,18294,0.092,4.129,4.221
5869706.87,18293,0.661,4.051,4.712
5869727.54,18295,0.073,4.18,4.253
5869745.27,18294,0.073,6.038,6.111
5869771.71,18293,0.077,6.094,6.171
5869806.86,18295,0.093,6.152,6.246
5869816.63,18294,0.092,4.094,4.186
5869829.06,18293,0.12,3.888,4.008
5869848.16,18295,0.068,5.047,5.115
5869862.01,18294,0.059,4.032,4.091
5869882.04,18293,0.077,3.904,3.982
5869923.19,18295,1.132,4.107,5.239
5869938.11,18294,2.045,6.018,8.063
5869947.33,18293,0.092,5.167,5.259
5869978.23,18295,0.161,4.158,4.319
5869988.16,18294,0.098,3.94,4.038
5870059.18,18293,1.091,6.03,7.121
5870083.82,18295,0.134,3.898,4.032
5870092.24,18294,0.075,4.071,4.146
5870116.94,18293,0.114,8.768,8.882
5870120.69,18295,0.08,9.593,9.673
5870138.46,18294,0.103,3.977,4.081
5870171.33,18295,0.13,4.128,4.259
5870282.6,18293,0.129,3.949,4.077
5870292.19,18294,0.117,4.007,4.125
5870305.3,18295,0.111,8.138,8.25
5870307.62,18293,0.088,6.305,6.393
5870315.82,18295,0.068,6.024,6.091
5870316.25,18294,0.667,8.51,9.176
5870347.34,18293,0.087,4.002,4.088
5870386.77,18294,0.069,3.989,4.059
5870420.7,18295,0.086,5.984,6.07
5870422.19,18293,0.053,6.07,6.124
5870460.32,18294,0.093,3.986,4.079
5870507.68,18295,0.082,6.066,6.149
5870556.38,18293,0.198,4.232,4.43
5870566.42,18294,0.092,4.1,4.193
5870622.25,18295,2.034,4.155,6.189
5870696.52,18293,0.134,9.3,9.434
5870698.74,18294,1.524,4.641,6.165
5870709.16,18295,0.169,7.04,7.209
5870749.13,18293,2.831,4.011,6.842
5870805.07,18294,0.221,4.151,4.371
5870815.73,18295,0.075,3.943,4.018
5870827.21,18293,0.085,4.086,4.171
5870853.66,18294,0.073,3.996,4.07
5870926.15,18295,0.179,4.339,4.518
5870936.24,18293,0.093,6.096,6.189
5870940.48,18294,0.069,4.101,4.17
5871006.28,18295,0.094,4.031,4.125
5871015.22,18293,0.076,7.987,8.063
5871015.41,18294,0.177,6.333,6.51
5871074.37,18295,0.169,4.094,4.262
5871090.97,18293,0.115,4.225,4.34
5871097.25,18294,0.081,4.115,4.196
5871120.79,18295,0.103,4.03,4.133
5871139.47,18293,0.08,3.894,3.974
5871183.38,18294,0.079,6.243,6.322
5871203.01,18295,2.048,3.914,5.962
5871204.34,18293,1.276,4.015,5.291
5871230.65,18294,0.084,3.977,4.061
5871248.52,18295,0.095,4.196,4.291
5871256.38,18293,0.085,7.544,7.628
5871262.28,18294,0.083,4.995,5.078
5871265.17,18295,0.062,7.684,7.746
5871279.67,18293,0.078,7.053,7.131
5871293.82,18294,1.771,3.993,5.763
5871333.24,18295,0.102,4.163,4.265
5871337.59,18293,0.094,3.964,4.058
5871364.13,18294,0.071,7.024,7.095
5871385.71,18295,0.074,4.033,4.107
5871410.11,18293,0.077,3.992,4.069
5871436.71,18294,0.082,6.123,6.205
5871451.09,18295,0.073,3.978,4.051
5871469.59,18293,0.071,5.029,5.1
5871537.48,18294,0.09,3.947,4.037
5871649.93,18295,0.125,5.731,5.857
5871679.15,18293,1.564,4.04,5.604
5871760.81,18294,0.111,4.021,4.132
5871776.94,18295,0.096,5.999,6.095
5871803.47,18293,0.11,4.157,4.266
5872017.87,18294,0.16,3.999,4.159
5872091.18,18295,0.898,3.975,4.873
5872329.69,18293,0.171,3.857,4.028
5872357.77,18293,0.119,4.982,5.101
5872409.05,18295,0.11,4.027,4.137
5872421.05,18294,0.084,4.039,4.122
5872447.18,18293,0.084,5.052,5.136
5872492.75,18295,0.085,3.979,4.064
5872561.58,18294,0.153,5.907,6.06
5872599.22,18293,2.073,6.075,8.147
5872654.5,18295,0.108,4.084,4.191
5872662.14,18294,0.075,5.034,5.109
5872715.47,18293,0.097,4.473,4.57
5872736.22,18295,0.091,4.07,4.161
5872766.25,18294,1.619,4.133,5.752
5872946.83,18293,0.162,4.052,4.214
5872988.3,18295,0.118,4.109,4.227
5873012.51,18294,0.096,4.148,4.244
5873126.19,18293,0.183,4.008,4.191
5873485.06,18295,2.111,3.868,5.979
5873525.27,18294,0.115,8.086,8.201
5873526.43,18293,0.077,4.076,4.153
5873757.28,18295,0.141,4.065,4.206
5873768.76,18294,0.103,5.456,5.559
5873807.97,18293,0.107,4.032,4.139
5873829.13,18295,0.09,3.991,4.081
5873834.07,18294,1.057,3.961,5.018
5873860.95,18293,0.078,4.057,4.135
5873865.02,18295,0.076,3.92,3.996
5873998.46,18294,1.122,4.171,5.292
5874095.7,18293,0.154,6.019,6.173
5874102.38,18295,0.089,4.225,4.314
5874152.68,18294,0.091,4.097,4.188
5874286.42,18293,0.112,4.229,4.341
5874315.13,18295,0.119,4.016,4.135
5874375.54,18294,0.095,4.096,4.192
5874519.4,18293,0.114,4.056,4.17
5874672.69,18295,0.146,4.062,4.207
5874796.27,18294,2.129,4.059,6.189
5874828.13,18293,0.149,4.008,4.158
5875028.8,18295,1.651,12.656,14.307
5875029.14,18294,1.989,4.983,6.972
5875110.17,18293,0.173,3.988,4.161
5875134.28,18295,2.088,8.124,10.212
5875137.83,18294,0.056,6.063,6.118
5875199.09,18293,0.105,3.895,4.0
5875403.34,18295,0.131,6.066,6.197
5875440.14,18294,0.112,3.995,4.107
5875469.33,18293,0.095,3.874,3.969
5875505.11,18295,1.056,6.001,7.056
5875516.9,18294,0.088,4.095,4.183
5875618.35,18293,0.151,5.118,5.269
5875662.45,18295,0.108,4.12,4.228
5875770.58,18294,0.102,3.975,4.077
5875976.19,18293,1.137,6.059,7.196
5876051.01,18295,1.095,5.793,6.887
5876111.51,18294,0.152,4.274,4.425
5876185.13,18293,2.102,4.029,6.132
5876194.92,18295,0.143,5.288,5.43
5876209.3,18294,0.094,3.99,4.085
5876212.86,18293,0.07,3.887,3.957
5876253.17,18295,3.68,6.016,9.696
5876288.41,18294,0.094,4.28,4.374
5876301.91,18293,0.099,6.0,6.099
5876436.1,18295,1.701,4.906,6.608
5876520.58,18294,0.117,6.14,6.257
5876532.41,18293,0.128,4.214,4.341
5876545.46,18295,0.122,3.953,4.075
5876746.05,18294,0.141,7.819,7.96
5876760.91,18293,0.119,3.955,4.074
5876887.33,18295,0.138,4.119,4.258
5876939.01,18294,0.116,4.01,4.126
5876949.11,18293,0.098,3.96,4.058
5877076.37,18295,0.182,7.29,7.472
5877111.84,18294,0.112,6.624,6.736
5877222.18,18293,0.141,3.963,4.105
5877240.36,18295,0.103,4.162,4.265
5877283.34,18294,0.115,4.241,4.357
5877288.2,18293,0.098,4.025,4.123
5877296.09,18295,1.648,6.004,7.652
5877323.01,18294,1.825,3.934,5.758
5877393.31,18293,0.088,4.02,4.108
5877414.14,18295,0.082,6.15,6.233
5877491.27,18294,0.196,6.21,6.407
5877509.14,18293,0.101,8.984,9.085
5877513.79,18295,0.816,6.707,7.524
5877622.2,18294,0.127,6.117,6.244
5877646.46,18293,0.128,6.245,6.374
5877744.46,18295,0.19,5.94,6.13
5877885.79,18294,0.14,5.352,5.492
5877980.83,18293,0.141,5.609,5.75
5878042.41,18295,0.158,4.013,4.17
5878093.18,18294,2.726,6.002,8.728
5878232.75,18293,0.134,4.111,4.245
5878241.41,18295,1.473,6.3,7.772
5878462.46,18294,0.153,6.051,6.204
5878504.39,18293,0.122,6.193,6.316
5878733.44,18295,0.192,4.022,4.214
5878819.04,18294,0.135,4.111,4.247
5878842.98,18293,0.086,3.95,4.036
5878870.07,18295,2.036,5.977,8.013
5878870.19,18294,2.048,4.096,6.144
5878876.3,18293,0.059,5.503,5.562
5878892.32,18295,0.074,4.015,4.089
5878900.25,18294,0.055,4.155,4.21
5878908.78,18293,0.059,3.871,3.93
5878924.57,18295,0.076,3.985,4.061
5878952.79,18294,0.091,4.094,4.185
5879015.45,18293,0.177,6.709,6.886
5879024.14,18295,0.825,6.046,6.871
5879030.12,18294,0.104,7.151,7.255
5879053.74,18293,0.16,5.75,5.909
5879068.07,18295,1.786,3.979,5.765
5879151.44,18294,0.172,3.969,4.141
5879172.94,18293,0.126,4.374,4.5
5879203.12,18295,0.094,3.962,4.056
5879219.96,18295,1.36,3.901,5.261
5879221.59,18293,0.094,9.953,10.048
5879222.05,18294,0.097,13.905,14.003
5879273.72,18295,0.114,4.008,4.122
5879275.31,18293,0.074,3.93,4.004
5879285.41,18294,0.114,4.062,4.176
5879297.2,18295,0.077,4.077,4.154
5879321.42,18293,1.032,5.337,6.369
5879361.06,18294,0.08,4.1,4.18
5879404.08,18295,0.075,4.038,4.114
5879415.12,18293,0.106,6.965,7.071
5879441.42,18294,0.071,4.297,4.369
5879444.05,18295,0.068,5.943,6.011
5879454.78,18293,0.089,4.305,4.395
5879476.35,18294,0.147,4.113,4.26
5879480.13,18295,0.07,6.474,6.544
5879482.85,18293,0.082,6.183,6.265
5879534.22,18294,0.081,3.995,4.076
5879547.35,18295,0.076,3.931,4.007
5879555.11,18293,0.069,4.047,4.116
5879682.24,18294,0.137,6.027,6.164
5879712.17,18295,1.746,4.064,5.81
5879713.47,18293,0.056,4.302,4.358
5879782.29,18294,0.1,3.98,4.081
5879796.15,18295,0.088,4.032,4.12
5879844.26,18293,0.086,5.116,5.202
5879859.54,18294,0.101,4.467,4.567
5879870.91,18295,0.07,4.046,4.117
5879900.23,18293,0.08,5.081,5.161
5880004.77,18294,0.116,5.089,5.206
5880006.82,18295,0.071,4.065,4.136
5880040.37,18293,2.122,4.16,6.282
5880061.19,18294,1.045,4.084,5.129
5880076.2,18295,0.101,4.006,4.106
5880086.97,18293,2.144,3.886,6.029
5880095.97,18293,2.031,3.887,5.918
5880125.29,18295,0.98,6.147,7.127
5880132.6,18294,0.125,4.016,4.141
5880162.29,18293,0.083,4.153,4.237
5880211.5,18295,0.083,6.051,6.133
5880229.13,18294,0.835,6.247,7.082
5880239.87,18293,0.06,3.938,3.998
5880255.34,18295,0.071,9.088,9.158
5880255.61,18294,1.134,7.546,8.681
5880259.17,18293,0.054,4.081,4.135
5880285.77,18293,0.948,4.65,5.598
5880288.17,18294,1.052,7.043,8.094
5880288.23,18295,0.068,9.319,9.387
5880311.07,18293,0.072,3.952,4.024
5880330.93,18294,0.098,3.993,4.091
5880352.35,18295,0.088,4.206,4.294
5880398.26,18293,0.093,8.11,8.203
5880402.42,18294,0.082,6.3,6.382
5880412.74,18295,0.092,6.029,6.12
5880416.15,18293,0.058,4.054,4.112
5880441.12,18295,1.278,4.021,5.3
5880442.92,18294,0.058,4.067,4.124
5880455.6,18293,0.057,4.11,4.168
5880465.88,18295,0.064,3.976,4.04
5880504.11,18294,0.067,4.004,4.071
5880508.21,18293,0.049,3.999,4.048
5880552.16,18295,0.088,7.993,8.081
5880554.7,18294,0.052,4.014,4.066
5880564.11,18295,0.075,4.992,5.067
5880568.79,18293,0.055,3.947,4.003
5880577.11,18294,2.262,5.997,8.26
5880586.31,18295,0.92,6.243,7.163
5880595.91,18293,0.062,4.201,4.262
5880635.17,18294,0.087,4.047,4.134
5880653.75,18295,0.093,4.067,4.16
5880663.15,18293,0.08,5.703,5.783
5880693.42,18294,0.091,6.106,6.197
5880714.07,18295,0.092,4.99,5.082
5880722.29,18293,0.075,4.105,4.18
5880748.17,18294,2.061,4.067,6.129
5880753.22,18295,0.06,5.167,5.227
5880761.96,18294,0.086,4.187,4.273
5880767.24,18293,0.075,5.146,5.221
5880773.1,18295,1.202,6.044,7.246
5880902.68,18294,0.098,4.097,4.194
5880916.85,18293,0.087,4.182,4.269
5880942.24,18295,2.046,4.097,6.143
5881072.38,18294,0.163,4.122,4.286
5881093.41,18293,0.126,3.975,4.101
5881105.13,18295,0.67,3.998,4.668
5881163.7,18294,0.145,4.145,4.29
5881171.44,18293,0.081,4.033,4.114
5881224.17,18295,1.041,6.07,7.112
5881247.2,18294,0.094,3.994,4.088
5881305.16,18293,0.085,6.013,6.098
5881315.82,18295,0.077,4.182,4.26
5881323.99,18294,0.072,4.19,4.261
5881459.7,18293,0.107,6.052,6.158
5881569.12,18295,0.104,4.116,4.22
5881601.81,18294,0.098,4.119,4.217
5881635.62,18293,0.084,3.923,4.007
5881828.44,18295,0.162,5.973,6.135
5881861.31,18294,0.141,4.118,4.259
5882073.59,18293,0.156,4.041,4.197
5882155.37,18294,0.108,3.985,4.093
5882157.03,18295,0.894,5.9,6.794
5882213.83,18293,0.119,7.213,7.333
5882296.66,18294,0.113,6.997,7.111
5882424.76,18295,0.118,5.567,5.685
5882561.41,18293,0.135,6.367,6.502
5882571.36,18294,0.107,5.187,5.294
5882598.57,18295,0.094,4.108,4.202
5882700.26,18293,0.139,6.034,6.173
5882750.96,18294,0.188,4.942,5.13
5882828.29,18295,0.141,4.074,4.215
5882872.2,18293,0.155,3.824,3.978
5882885.94,18294,0.117,4.107,4.225
5882893.17,18295,0.065,4.052,4.117
5882921.11,18293,0.103,4.014,4.117
5882949.27,18294,0.102,9.006,9.107
5883005.29,18295,0.088,6.15,6.238
5883039.2,18293,0.09,6.285,6.375
5883045.51,18294,1.289,6.17,7.46
5883085.27,18295,0.117,4.074,4.191
5883116.54,18293,0.127,4.094,4.222
5883124.2,18294,0.091,4.218,4.309
5883166.68,18295,0.166,6.099,6.266
5883273.22,18293,0.19,3.995,4.185
5883279.23,18294,0.098,6.065,6.163
5883341.23,18295,0.138,4.019,4.157
5883447.15,18293,0.119,5.97,6.089
5883602.69,18294,0.139,4.041,4.18
5883618.21,18295,0.821,4.103,4.924
5883639.5,18293,0.093,5.337,5.43
5883661.04,18294,0.068,3.921,3.989
5883688.76,18295,0.085,4.068,4.153
5883829.23,18293,0.117,4.045,4.162
5883889.5,18294,0.134,4.258,4.392
5883894.15,18295,0.087,5.005,5.092
5884068.78,18294,0.181,5.998,6.179
5884167.3,18293,0.166,4.054,4.22
5884194.1,18295,0.131,3.961,4.092
5884278.69,18294,1.751,4.518,6.27
5884312.05,18293,1.043,5.953,6.995
5884416.27,18295,0.117,4.087,4.204
5884447.31,18294,0.106,4.045,4.151
5884452.17,18293,0.072,3.936,4.008
5884482.07,18295,1.564,3.989,5.553
5884514.34,18294,0.11,5.125,5.236
5884566.18,18293,2.374,6.046,8.42
5884594.87,18295,0.092,4.048,4.141
5884621.11,18294,1.384,3.953,5.337
5884717.23,18293,0.089,6.088,6.177
5884770.54,18295,0.088,4.531,4.62
5885029.15,18294,0.172,4.989,5.161
5885104.21,18293,0.153,6.963,7.116
5885105.6,18295,0.085,4.35,4.434
5885199.14,18294,1.717,6.006,7.723
5885352.1,18293,0.148,3.939,4.087
5885393.16,18295,0.111,3.991,4.102
5885533.82,18294,1.368,9.601,10.969
5885574.98,18293,0.17,4.044,4.215
5885707.81,18295,0.182,6.959,7.141
5885708.58,18294,0.325,5.85,6.175
5885759.95,18293,0.227,4.618,4.845
5885787.94,18295,0.299,4.363,4.662
5885828.17,18294,0.922,7.872,8.794
5886035.03,18293,0.152,5.76,5.913
5886041.73,18295,0.261,4.257,4.519
5886054.73,18294,0.418,6.657,7.075
5886097.56,18293,0.16,6.0,6.16
5886507.7,18295,0.275,6.277,6.552
5886540.78,18294,2.287,4.584,6.871
5886639.35,18293,0.351,5.072,5.423
5886949.23,18295,0.181,4.351,4.531
5887021.64,18294,0.592,4.682,5.274
5887040.64,18293,0.692,7.818,8.51
5887228.25,18295,0.188,4.025,4.213
5887244.07,18294,0.89,3.949,4.839
5887278.72,18293,0.156,4.242,4.398
5887308.69,18295,0.214,6.244,6.458
5887438.58,18294,0.448,4.755,5.203
5887526.16,18293,1.407,3.953,5.36
5887544.53,18295,0.221,4.1,4.322
5887581.7,18294,1.327,6.044,7.37
5887762.14,18293,0.173,6.13,6.303
5887821.11,18295,1.805,4.245,6.05
5887833.1,18294,0.122,4.494,4.615
5887857.17,18293,0.166,7.082,7.248
5887905.77,18295,0.558,4.384,4.942
5888018.56,18294,0.17,6.255,6.425
5888101.74,18293,0.16,5.672,5.832
5888104.66,18295,0.503,4.849,5.352
5888178.47,18294,0.19,5.664,5.854
5888212.69,18293,1.923,6.054,7.978
5888223.09,18295,0.129,7.0,7.129
5888329.57,18294,0.564,7.82,8.384
5888598.95,18295,0.075,6.725,6.8
5888600.08,18293,1.738,10.262,12.0
5888615.05,18294,0.145,7.437,7.581
5888720.43,18295,0.213,5.009,5.222
5888794.04,18293,0.157,5.692,5.849
5888890.32,18294,0.676,6.446,7.123
5888890.71,18295,0.103,4.095,4.198
5888915.33,18293,0.14,4.105,4.246
5888946.92,18294,0.211,6.354,6.565
5889002.9,18295,0.186,7.348,7.534
5889016.8,18293,0.229,4.454,4.683
5889191.6,18294,0.185,3.964,4.149
5889226.57,18295,0.176,4.759,4.935
5889233.37,18293,0.147,4.651,4.798
5889296.24,18294,0.184,7.948,8.132
5889322.95,18295,0.172,4.009,4.181
5889379.12,18293,0.162,5.661,5.823
5889424.01,18294,0.167,4.432,4.599
5889497.89,18295,0.157,5.261,5.418
5889553.58,18293,0.174,5.539,5.713
5889572.71,18294,2.062,4.286,6.348
5889599.96,18295,0.145,6.644,6.789
5889602.42,18293,0.122,7.235,7.357
5889628.97,18294,0.832,5.842,6.675
5889632.84,18295,0.116,4.446,4.562
5889696.7,18293,0.175,3.924,4.099
5889828.25,18294,0.221,4.079,4.299
5889844.14,18295,0.201,4.225,4.426
5889863.9,18293,0.176,5.276,5.452
5889877.98,18294,0.113,4.037,4.149
5890070.36,18295,0.162,4.102,4.264
5890079.37,18293,0.083,6.194,6.277
5890104.34,18294,0.422,4.054,4.477
5890111.45,18295,0.129,5.909,6.038
5890150.34,18293,0.337,6.404,6.742
5890167.66,18294,0.135,4.283,4.418
5890186.4,18295,0.171,6.108,6.279
5890253.26,18293,0.185,3.973,4.158
5890468.68,18294,0.256,4.377,4.633
5890490.12,18295,0.179,5.368,5.546
5890679.02,18293,0.218,4.032,4.25
5890714.5,18294,0.144,7.258,7.402
5890777.89,18295,0.237,6.625,6.861
5890801.61,18293,2.116,5.379,7.495
5890868.06,18294,0.205,4.235,4.44
5890877.58,18295,0.248,6.485,6.733
5891000.56,18293,0.165,6.125,6.29
5891021.95,18294,0.847,5.826,6.673
5891065.61,18295,0.18,6.318,6.497
5891124.63,18293,0.164,6.001,6.165
5891247.24,18294,0.239,4.219,4.458
5891289.27,18295,0.221,4.338,4.559
5891375.43,18293,0.166,4.152,4.318
5891467.7,18294,0.162,4.406,4.569
5891510.23,18295,0.156,4.198,4.354
5891554.87,18293,0.152,3.931,4.083
5891602.26,18294,1.807,4.052,5.859
5891607.16,18295,0.068,4.027,4.095
5891880.57,18293,0.173,3.938,4.111
5891887.99,18294,0.305,4.062,4.367
5891967.41,18295,0.96,4.037,4.997
5892004.28,18293,0.416,4.699,5.115
5892010.23,18294,0.113,6.518,6.631
5892014.52,18295,0.151,4.061,4.212
5892038.23,18293,0.147,4.005,4.152
5892106.68,18294,0.291,6.158,6.45
5892159.6,18295,0.163,6.163,6.327
5892357.7,18293,0.164,3.93,4.094
5892433.3,18294,0.173,4.028,4.201
5892528.51,18295,0.185,4.992,5.177
5892539.71,18293,0.127,3.896,4.023
5892568.67,18294,0.177,4.391,4.568
5892679.02,18295,0.258,7.682,7.94
5892788.43,18293,1.203,4.176,5.379
5892829.32,18294,0.172,6.039,6.211
5892910.8,18295,0.201,4.211,4.411
5892940.32,18293,0.111,6.137,6.248
5892952.36,18294,0.129,4.15,4.279
5893027.91,18295,0.161,5.817,5.978
5893192.64,18293,0.16,4.463,4.623
5893230.22,18294,3.027,5.988,9.015
5893314.61,18295,0.146,4.947,5.093
5893343.17,18293,1.8,4.028,5.828
5893351.48,18294,0.125,4.058,4.183
5893518.36,18295,1.947,4.194,6.141
5893645.24,18293,0.157,3.985,4.143
5893705.46,18294,0.211,4.357,4.567
5893877.69,18295,2.111,4.499,6.611
5893930.97,18293,0.321,4.588,4.909
5893967.5,18294,0.195,4.359,4.554
5894003.37,18295,0.154,3.994,4.148
5894141.75,18293,0.241,4.407,4.648
5894401.85,18294,0.22,4.527,4.747
5894480.34,18295,0.13,4.136,4.266
5894508.43,18293,0.114,4.251,4.365
5894611.06,18294,0.18,4.02,4.2
5894787.6,18295,0.157,5.207,5.364
5894886.15,18293,0.152,3.92,4.072
5894999.22,18294,0.148,4.004,4.152
5895043.24,18295,0.172,4.89,5.061
5895160.28,18293,0.179,4.002,4.18
5895327.13,18294,0.131,3.925,4.056
5895366.04,18295,0.111,6.202,6.313
5895368.15,18293,1.023,8.074,9.097
5895388.6,18294,0.096,4.071,4.168
5895472.52,18295,7.065,14.381,21.446
5895522.9,18293,16.808,7.745,24.553
5895583.62,18294,0.156,8.953,9.108
5895858.29,18294,0.172,10.565,10.737
5895935.71,18293,1.539,10.074,11.612
5895981.53,18295,0.242,6.16,6.401
5895996.55,18294,0.156,5.24,5.396
5896008.35,18293,0.146,5.431,5.577
5896075.15,18295,2.083,3.969,6.052
5896156.14,18294,0.144,5.095,5.239
5896224.48,18293,0.145,3.905,4.05
5896425.82,18295,0.154,4.565,4.719
5896469.75,18294,0.143,6.509,6.652
5896592.82,18293,0.138,4.236,4.374
5896708.2,18295,0.152,3.965,4.117
5896783.99,18294,0.479,4.044,4.523
5896806.3,18293,0.113,6.26,6.373
5896815.12,18295,1.493,5.274,6.767
5896864.61,18294,0.163,4.375,4.538
5896881.91,18293,0.157,4.128,4.286
5896939.44,18295,0.241,6.121,6.362
5896995.83,18294,0.139,6.257,6.396
5897055.53,18293,0.137,4.031,4.168
5897240.35,18295,0.135,6.017,6.152
5897263.95,18294,0.097,4.267,4.365
5897573.56,18293,0.132,7.634,7.766
5897718.28,18295,2.568,4.094,6.662
5897832.78,18294,0.194,5.626,5.819
5897840.45,18293,0.21,7.066,7.276
5897875.64,18295,0.109,4.18,4.29
5897887.1,18294,0.124,4.066,4.19
5898115.71,18293,1.519,5.564,7.083
5898137.18,18295,0.134,3.973,4.107
5898226.16,18294,1.275,6.034,7.31
5898241.11,18293,2.039,4.018,6.057
5898305.05,18295,0.106,4.037,4.143
5898363.25,18294,0.138,4.051,4.189
5898684.01,18293,0.129,3.892,4.021
5898700.82,18295,0.084,3.885,3.969
5898718.9,18294,0.517,5.8,6.318
5898850.74,18293,0.143,4.031,4.174
5899021.29,18295,0.17,4.028,4.198
5899086.24,18294,2.06,8.094,10.154
5899088.29,18293,3.486,8.142,11.627
5899216.68,18295,0.184,3.962,4.146
5899292.5,18294,0.27,4.157,4.427
5899396.1,18293,0.121,4.911,5.033
5899454.57,18295,0.123,4.056,4.179
5899490.73,18294,0.096,6.009,6.105
5899563.96,18293,0.116,4.442,4.558
5899590.04,18295,0.071,5.907,5.978
5899666.21,18294,0.094,4.102,4.196
5899731.74,18293,0.084,3.879,3.963
5899776.62,18295,0.073,4.029,4.102
5899783.2,18293,0.061,3.975,4.037
5899788.27,18294,0.073,11.472,11.545
5899806.11,18295,0.091,3.973,4.064
5899822.29,18293,0.113,4.114,4.227
5899830.99,18294,0.124,4.31,4.433
5899844.25,18295,0.105,5.077,5.182
5899898.42,18293,1.257,7.114,8.372
5899917.1,18294,0.08,3.997,4.076
5899975.42,18295,0.132,4.112,4.244
5899996.17,18293,1.754,4.076,5.829
5900005.44,18294,1.289,4.267,5.556
5900045.7,18295,0.085,4.03,4.115
5900073.13,18293,0.084,3.988,4.072
5900151.08,18294,3.588,3.96,7.548
5900166.75,18295,0.15,4.008,4.158
5900201.54,18293,0.211,4.066,4.277
5900207.43,18294,0.101,4.141,4.242
5900214.07,18295,0.076,3.936,4.012
5900284.62,18293,0.146,4.543,4.689
5900313.28,18294,0.104,8.124,8.228
5900330.75,18295,1.68,4.014,5.694
5900341.35,18293,0.076,6.067,6.143
5900345.42,18294,0.065,3.932,3.998
5900374.22,18293,0.062,4.142,4.204
5900376.01,18295,0.095,6.116,6.211
5900391.21,18294,0.068,3.989,4.057
5900398.37,18293,0.05,4.886,4.936
5900417.01,18295,0.074,4.068,4.142
5900424.08,18294,0.052,6.992,7.044
5900428.03,18293,0.052,5.936,5.988
5900445.7,18294,0.047,3.99,4.037
5900445.79,18295,0.062,6.065,6.127
5900472.21,18293,0.064,4.106,4.17
5900477.04,18294,0.072,3.931,4.002
5900494.76,18295,0.073,4.083,4.156
5900515.24,18293,0.17,6.029,6.199
5900561.11,18294,0.096,3.958,4.053
5900612.51,18295,0.077,4.103,4.18
5900634.77,18293,0.11,4.206,4.315
5900650.49,18294,0.099,4.029,4.128
5900671.11,18295,2.063,4.001,6.064
5900678.53,18293,1.396,4.815,6.211
5900706.44,18294,0.082,5.307,5.389
5900731.22,18295,0.083,4.249,4.332
5900737.02,18293,0.069,3.907,3.976
5900754.25,18294,1.709,4.091,5.8
5900807.47,18295,0.087,4.063,4.151
5900811.72,18293,0.063,4.012,4.075
5900818.43,18294,0.058,4.324,4.382
5900830.77,18295,0.069,3.992,4.061
5900866.1,18295,0.069,3.989,4.058
5900899.9,18294,0.127,3.985,4.112
5900905.42,18293,0.077,3.932,4.009
5900964.16,18295,0.08,4.035,4.115
5901027.9,18294,0.084,5.764,5.848
5901117.97,18293,0.154,6.035,6.189
5901203.5,18295,0.145,4.047,4.192
5901250.58,18294,0.122,8.386,8.508
5901299.71,18293,0.119,5.88,5.999
5901384.97,18295,0.102,4.809,4.911
5901630.59,18294,0.13,5.062,5.191
5901673.95,18293,1.172,3.856,5.028
5901686.38,18295,2.098,4.063,6.161
5901689.21,18294,1.049,6.119,7.168
5901718.06,18293,0.082,4.081,4.163
5901791.88,18295,0.086,4.003,4.089
5901855.22,18294,0.144,5.739,5.883
5901908.12,18293,0.123,4.033,4.156
5901936.19,18295,4.416,4.092,8.508
5902042.21,18294,1.031,4.125,5.156
5902065.29,18293,0.09,4.014,4.104
5902159.94,18295,0.139,4.733,4.872
5902211.29,18294,0.136,4.077,4.213
5902264.93,18293,0.119,3.838,3.957
5902378.18,18295,0.107,5.957,6.064
5902471.72,18294,0.11,4.035,4.144
5902593.93,18293,0.132,7.471,7.604
5902694.08,18295,1.041,3.974,5.014
5902773.01,18294,0.135,4.143,4.278
5902869.76,18293,0.589,7.096,7.685
5902948.36,18295,0.145,5.736,5.881
5902958.08,18294,1.64,4.013,5.652
5902964.26,18293,0.084,5.067,5.151
5902977.09,18295,0.081,3.96,4.041
5903082.91,18294,0.101,6.247,6.347
5903084.94,18293,0.068,5.059,5.127
5903131.35,18295,0.179,6.058,6.237
5903369.12,18294,1.575,5.954,7.529
5903401.08,18293,0.139,3.983,4.122
5903407.32,18295,0.096,4.295,4.391
5903434.84,18294,0.106,9.039,9.145
5903439.26,18293,0.085,10.216,10.301
5903464.58,18295,0.084,6.449,6.533
5903468.8,18294,0.078,4.674,4.752
5903494.01,18295,0.087,4.042,4.129
5903498.38,18293,0.082,4.072,4.154
5903500.18,18294,0.073,4.059,4.132
5903541.37,18295,0.09,6.222,6.312
5903553.98,18293,0.073,3.883,3.956
5903574.51,18294,0.088,4.047,4.135
5903578.82,18295,0.058,4.044,4.102
5903596.17,18293,0.072,8.173,8.245
5903607.86,18294,0.07,7.742,7.812
5903608.66,18295,0.051,4.595,4.646
5903612.71,18293,0.803,3.951,4.754
5903637.19,18294,0.077,4.064,4.141
5903707.64,18295,0.082,4.067,4.149
5903713.09,18293,2.027,3.938,5.965
5903734.97,18294,0.102,4.021,4.123
5903750.03,18295,0.076,3.908,3.984
5903758.6,18293,0.066,3.962,4.028
5903828.37,18294,0.162,6.122,6.284
5903842.35,18295,0.113,6.397,6.51
5903848.03,18293,1.655,3.941,5.596
5903855.03,18294,0.065,4.109,4.174
5903867.59,18295,0.074,4.026,4.1
5903886.7,18293,1.089,4.559,5.648
5903895.95,18294,0.084,4.09,4.174
5903913.37,18295,0.087,4.026,4.113
5903942.64,18293,1.569,5.016,6.585
5903947.22,18294,0.062,6.173,6.235
5903952.69,18293,0.073,3.965,4.038
5903969.17,18295,0.069,4.061,4.129
5903987.32,18294,0.079,4.033,4.112
5904007.24,18293,0.096,4.048,4.145
5904053.36,18295,2.176,5.244,7.42
5904092.38,18294,0.071,4.06,4.131
5904115.19,18293,1.95,6.054,8.004
5904131.25,18295,0.093,6.1,6.194
5904180.37,18294,0.162,3.976,4.138
5904198.2,18293,0.164,4.034,4.198
5904213.29,18295,0.073,6.168,6.24
5904219.39,18294,0.079,3.991,4.07
5904253.26,18293,0.079,3.869,3.948
5904270.84,18295,0.077,4.103,4.18
5904277.67,18294,0.09,4.075,4.164
5904307.38,18293,0.092,3.926,4.018
5904315.58,18295,0.087,6.986,7.073
5904348.76,18294,0.084,4.16,4.244
5904387.75,18293,0.085,4.106,4.191
5904396.62,18295,0.086,4.122,4.207
5904418.39,18294,0.094,5.065,5.159
5904464.79,18293,1.506,4.052,5.558
5904497.24,18295,0.147,6.015,6.161
5904502.95,18294,0.09,4.485,4.575
5904517.18,18293,0.066,7.07,7.136
5904530.38,18295,0.066,4.068,4.135
5904548.72,18294,0.063,4.093,4.155
5904593.5,18293,0.084,3.954,4.039
5904619.75,18295,0.079,3.984,4.063
5904632.58,18294,0.076,5.07,5.146
5904669.22,18293,0.089,4.012,4.101
5904674.59,18295,0.111,4.049,4.16
5904697.45,18294,1.661,6.361,8.021
5904713.58,18293,0.06,4.008,4.068
5904862.88,18295,0.132,4.043,4.175
5904920.19,18294,0.128,4.047,4.175
5904963.21,18293,0.1,4.045,4.145
5905043.84,18295,0.116,4.083,4.199
5905129.32,18294,0.147,4.149,4.296
5905216.38,18293,0.149,4.037,4.186
5905225.2,18295,0.078,4.074,4.152
5905288.25,18294,0.111,4.071,4.182
5905411.18,18293,0.106,4.012,4.118
5905421.19,18295,0.086,4.052,4.138
5905429.98,18294,0.127,4.074,4.2
5905441.72,18293,0.066,3.941,4.007
5905488.46,18295,0.081,4.006,4.088
5905539.05,18294,0.091,3.912,4.004
5905678.77,18293,0.128,4.026,4.155
5905718.49,18295,0.101,4.049,4.15
5905740.28,18294,0.083,4.142,4.225
5905838.99,18293,0.104,4.107,4.211
5905894.97,18295,0.143,3.994,4.137
5906004.01,18294,1.806,3.908,5.714
5906031.5,18293,0.083,4.007,4.09
5906109.23,18295,1.075,4.095,5.169
5906200.2,18294,0.149,3.971,4.12
5906217.3,18293,0.106,3.899,4.005
5906256.54,18295,0.102,6.358,6.46
5906343.04,18294,0.113,4.029,4.142
5906423.13,18293,1.088,5.975,7.063
5906466.63,18295,0.301,4.209,4.51
5906560.33,18294,1.049,4.208,5.256
5906573.18,18293,0.097,6.021,6.118
5906601.14,18295,0.089,5.99,6.08
5906606.18,18294,0.086,4.011,4.097
5906803.8,18293,0.146,4.168,4.314
5906952.78,18295,0.213,4.021,4.234
5906968.14,18294,0.115,3.987,4.102
5907004.19,18293,1.04,6.084,7.124
5907197.85,18295,0.19,6.013,6.203
5907247.87,18294,0.162,4.012,4.173
5907286.7,18293,0.129,4.004,4.133
5907329.11,18295,0.106,4.24,4.346
5907422.19,18294,0.898,4.055,4.952
5907485.88,18293,0.098,3.924,4.022
5907560.48,18295,0.096,6.319,6.415
5907581.2,18294,0.098,6.044,6.142
5907752.41,18293,0.127,4.108,4.235
5907767.17,18295,0.134,3.986,4.12
5907771.47,18294,0.099,4.003,4.102
5907789.82,18293,0.107,8.655,8.762
5907905.64,18295,0.112,8.067,8.179
5907980.02,18294,0.117,3.925,4.041
5908096.29,18293,0.123,7.208,7.331
5908263.67,18295,0.17,3.993,4.163
5908314.09,18294,1.343,6.0,7.343
5908340.61,18293,0.098,4.129,4.227
5908344.97,18295,0.082,4.089,4.171
5908415.53,18294,1.3,4.447,5.747
5908513.07,18293,0.099,4.08,4.18
5908546.6,18295,0.094,3.989,4.083
5908703.8,18294,0.179,4.108,4.287
5908829.91,18293,0.175,4.184,4.359
5908870.59,18295,0.101,6.424,6.525
5908905.14,18294,1.279,7.034,8.313
5908914.5,18293,0.073,4.027,4.1
5908940.32,18295,0.083,4.011,4.095
5908961.11,18294,2.139,3.908,6.048
5908985.92,18293,0.078,4.087,4.165
5909051.02,18295,2.03,5.931,7.961
5909054.43,18294,0.297,6.084,6.381
5909070.96,18293,0.11,3.923,4.033
5909075.19,18295,0.077,4.119,4.197
5909079.72,18294,0.074,3.946,4.019
5909083.94,18293,0.081,3.913,3.994
5909095.1,18295,1.4,4.005,5.405
5909144.53,18294,0.144,3.985,4.129
5909168.18,18293,1.933,4.065,5.997
5909170.18,18295,3.693,4.06,7.753
5909234.22,18294,0.072,4.415,4.486
5909234.59,18293,0.143,6.067,6.21
5909238.55,18295,0.094,3.948,4.042
5909247.52,18293,0.118,6.05,6.168
5909357.18,18294,0.115,4.002,4.117
5909389.31,18295,0.097,3.961,4.059
5909393.39,18293,0.085,3.869,3.954
5909407.07,18294,0.08,5.933,6.013
5909411.66,18295,0.142,4.478,4.62
5909425.94,18293,0.072,3.898,3.971
5909429.99,18294,0.067,4.234,4.3
5909454.32,18293,0.082,4.015,4.097
5909460.27,18295,0.083,3.95,4.033
5909496.86,18294,0.082,4.048,4.13
5909573.78,18295,0.066,4.086,4.153
5909574.73,18293,0.08,6.025,6.104
5909609.98,18294,0.066,5.863,5.929
5909641.16,18295,0.071,4.05,4.121
5909653.55,18293,0.081,5.983,6.064
5909653.69,18294,0.048,4.096,4.145
5909668.44,18295,0.084,4.959,5.043
5909672.58,18293,0.061,3.909,3.97
5909713.84,18294,0.073,5.938,6.011
5909730.68,18295,0.069,4.021,4.089
5909735.92,18293,1.15,3.848,4.997
5909779.95,18294,0.084,5.813,5.897
5909796.32,18295,0.079,4.085,4.163
5909821.23,18293,0.073,6.102,6.175
5909823.89,18294,0.065,4.148,4.213
5909862.18,18295,0.078,5.949,6.027
5909878.22,18293,0.378,3.978,4.355
5909897.3,18294,0.064,3.931,3.995
5909911.2,18295,0.074,4.079,4.153
5909921.59,18293,0.083,5.965,6.047
5909927.53,18294,0.062,3.925,3.987
5909931.85,18295,0.055,3.975,4.03
5909944.25,18293,0.155,5.987,6.142
5909962.2,18294,0.15,3.955,4.105
5909989.25,18295,0.121,3.91,4.031
5910015.15,18293,1.071,5.023,6.094
5910050.18,18294,0.161,4.075,4.236
5910068.91,18295,0.1,4.011,4.111
5910074.96,18293,0.085,4.983,5.068
5910085.11,18294,0.069,4.002,4.071
5910102.57,18295,0.103,3.953,4.056
5910191.58,18293,0.172,3.984,4.155
5910207.18,18294,0.114,4.997,5.111
5910426.85,18295,0.135,3.94,4.075
5910439.09,18293,0.102,3.927,4.029
5910558.9,18294,0.13,4.412,4.542
5910567.43,18295,0.099,4.038,4.136
5910618.73,18293,1.022,3.945,4.966
5910639.1,18294,0.134,4.971,5.104
5910697.93,18295,0.112,4.26,4.372
5910741.02,18293,0.096,3.86,3.955
5910761.14,18294,0.917,4.018,4.935
5910788.38,18295,0.083,3.95,4.033
5910947.76,18293,0.114,5.707,5.821
5910998.19,18294,0.096,6.006,6.102
5911023.59,18295,0.108,4.303,4.411
5911041.99,18293,2.039,3.885,5.924
5911156.98,18294,0.14,5.632,5.772
5911245.34,18295,0.134,6.116,6.251
5911347.16,18293,0.16,4.039,4.199
5911373.51,18294,0.175,6.264,6.438
5911494.08,18295,0.125,4.123,4.248
5911667.37,18293,0.14,3.904,4.044
5911708.2,18294,2.204,6.032,8.236
5911826.56,18295,0.163,3.879,4.042
5911834.43,18293,0.107,5.954,6.061
5911847.13,18294,0.155,3.922,4.077
5911886.35,18295,0.279,3.961,4.24
5911943.79,18293,0.155,4.019,4.175
5912009.32,18294,0.147,4.086,4.232
5912078.41,18295,0.133,3.991,4.124
5912085.07,18293,1.412,3.974,5.387
5912127.2,18294,0.156,7.95,8.106
5912201.71,18295,0.156,5.937,6.093
5912312.6,18293,0.15,5.947,6.097
5912336.29,18294,0.17,4.121,4.291
5912352.04,18295,0.11,4.847,4.956
5912478.97,18293,0.128,5.922,6.05
5912485.92,18294,0.105,4.083,4.188
5912505.87,18295,0.106,3.965,4.071
5912604.59,18293,0.118,3.923,4.041
5912756.58,18294,0.139,6.142,6.282
5912774.25,18295,0.127,6.333,6.46
5912813.57,18293,0.413,7.079,7.492
5912838.04,18294,0.144,4.038,4.182
5912865.37,18295,0.139,4.156,4.294
5912889.09,18293,0.138,6.019,6.156
5912892.93,18294,0.071,4.049,4.12
5912905.0,18293,0.098,3.999,4.097
5912913.06,18294,0.135,3.99,4.125
5912918.56,18295,0.185,4.028,4.213
5912935.19,18293,0.16,3.967,4.126
5912960.57,18294,0.167,6.31,6.477
5912964.7,18295,0.115,3.94,4.055
5912971.73,18293,0.96,6.16,7.121
5913013.86,18294,0.094,4.044,4.138
5913023.16,18295,0.081,4.011,4.091
5913068.07,18293,2.029,3.983,6.012
5913070.34,18294,2.473,4.234,6.706
5913140.68,18295,0.187,6.13,6.317
5913212.02,18293,0.154,6.062,6.216
5913241.01,18294,0.115,4.021,4.136
5913275.65,18295,0.092,5.505,5.597
5913346.09,18293,0.138,4.168,4.306
5913376.31,18294,0.108,4.045,4.153
5913482.53,18295,0.103,4.084,4.187
5913492.05,18293,0.091,3.896,3.988
5913499.81,18294,0.067,5.087,5.154
5913507.21,18295,0.1,3.992,4.092
5913516.53,18293,0.155,4.786,4.941
5913563.09,18294,0.986,4.027,5.014
5913575.17,18295,0.083,4.046,4.129
5913576.08,18293,0.062,4.19,4.252
5913627.13,18294,1.549,4.056,5.605
5913747.19,18295,0.097,4.022,4.119
5913768.84,18293,0.098,4.681,4.779
5913800.84,18294,0.088,4.076,4.164
5913812.16,18295,0.156,3.961,4.117
5913847.72,18293,0.092,5.085,5.177
5913853.84,18295,0.066,5.949,6.016
5913854.05,18294,0.896,8.007,8.902
5913894.1,18293,0.089,7.927,8.016
5913911.25,18295,0.09,4.708,4.798
5913913.06,18294,0.213,4.8,5.013
5913915.55,18293,0.085,4.051,4.136
5913924.91,18295,2.033,4.821,6.854
5913952.2,18294,0.084,4.07,4.154
5913956.52,18293,0.071,3.978,4.049
5914018.54,18295,0.118,5.364,5.482
5914021.32,18294,0.056,4.654,4.71
5914033.42,18295,0.334,4.055,4.389
5914057.39,18293,0.089,4.071,4.16
5914068.09,18294,1.47,3.989,5.459
5914084.81,18295,0.085,4.309,4.394
5914157.49,18293,0.163,4.257,4.42
5914166.11,18294,0.216,4.09,4.306
5914238.49,18295,0.185,4.278,4.463
5914275.05,18293,0.105,3.882,3.987
5914298.36,18294,0.104,4.287,4.391
5914336.59,18295,0.16,3.952,4.112
5914355.98,18293,0.113,3.957,4.07
5914366.47,18294,0.09,10.051,10.141
5914370.23,18295,0.079,6.114,6.193
5914434.13,18293,0.096,4.129,4.224
5914445.16,18294,0.08,6.037,6.117
5914461.17,18295,2.049,4.072,6.12
5914480.09,18293,0.076,4.017,4.094
5914501.59,18294,0.078,4.335,4.413
5914560.71,18295,0.097,3.96,4.057
5914586.15,18293,0.08,4.024,4.104
5914635.24,18294,0.082,4.128,4.21
5914675.49,18295,0.088,3.91,3.999
5914681.69,18293,0.054,8.277,8.331
5914682.02,18294,0.082,4.862,4.945
5914695.03,18295,1.808,3.965,5.773
5914717.66,18293,0.073,5.667,5.741
5914734.08,18294,1.025,6.013,7.037
5914752.04,18295,0.065,4.038,4.103
5914761.94,18293,0.167,8.352,8.519
5914822.33,18294,0.081,4.194,4.275
5914851.71,18295,0.072,3.914,3.987
5914893.26,18293,0.928,4.183,5.111
5914951.17,18294,0.131,4.04,4.171
5914961.17,18295,0.088,6.017,6.105
5914986.28,18293,0.103,6.181,6.284
5915013.72,18294,0.124,4.024,4.149
5915055.69,18295,0.096,3.934,4.03
5915162.93,18293,0.149,3.972,4.12
5915211.21,18294,0.154,3.977,4.131
5915288.41,18295,0.218,7.253,7.471
5915390.07,18293,0.139,4.863,5.002
5915479.03,18294,0.118,6.238,6.356
5915504.24,18295,1.043,5.133,6.176
5915538.15,18293,0.087,6.01,6.096
5915542.21,18294,1.012,6.149,7.161
5915642.49,18295,0.094,4.042,4.136
5915817.2,18293,0.185,4.089,4.274
5915838.33,18294,0.092,4.965,5.057
5915923.81,18295,0.109,4.087,4.196
5916003.41,18293,1.264,4.313,5.577
5916029.08,18294,2.036,3.996,6.032
5916030.16,18295,0.103,4.994,5.097
5916163.93,18293,0.172,3.959,4.131
5916263.16,18294,0.185,5.034,5.219
5916279.91,18295,0.112,6.728,6.84
5916306.05,18293,0.11,5.914,6.024
5916306.3,18294,0.723,6.201,6.924
5916424.41,18295,0.217,4.063,4.28
5916464.25,18293,0.127,4.062,4.189
5916670.74,18294,0.128,4.001,4.129
5916791.72,18295,0.12,4.315,4.435
5916901.72,18293,0.12,4.076,4.196
5916938.95,18294,0.098,6.039,6.137
5916960.52,18295,1.4,6.063,7.464
5917032.05,18293,0.187,4.075,4.261
5917036.94,18294,0.092,4.024,4.116
5917100.24,18295,1.765,4.085,5.851
5917149.23,18293,0.152,5.983,6.135
5917374.53,18294,0.144,4.075,4.219
5917415.11,18295,0.159,4.031,4.189
5917508.19,18293,2.11,4.001,6.111
5917664.87,18294,1.988,4.646,6.634
5917685.81,18295,0.163,3.886,4.049
5917695.12,18293,0.107,5.921,6.029
5917729.88,18294,0.145,4.646,4.791
5917743.33,18295,0.149,4.083,4.232
5917767.01,18293,0.146,5.005,5.151
5917772.42,18294,0.097,5.237,5.335
5917802.86,18295,0.14,4.027,4.167
5917842.18,18293,1.734,4.055,5.789
5917844.19,18294,2.065,4.069,6.134
5917860.27,18295,0.084,4.002,4.086
5917866.35,18293,0.062,5.948,6.011
5917878.24,18294,0.067,4.028,4.095
5917894.99,18295,0.138,3.912,4.05
5917904.93,18293,0.068,3.823,3.891
5917922.59,18294,0.078,8.506,8.584
5917956.0,18295,0.1,4.089,4.189
5917960.14,18293,2.156,3.932,6.088
5918006.84,18294,0.111,4.079,4.19
5918017.91,18295,0.097,3.96,4.057
5918026.7,18293,0.071,4.076,4.147
5918048.7,18294,0.092,3.939,4.031
5918061.43,18295,0.107,4.155,4.262
5918065.71,18293,1.464,4.06,5.524
5918110.58,18294,0.145,6.015,6.159
5918114.74,18295,0.181,4.014,4.195
5918168.43,18293,0.194,3.958,4.151
5918188.57,18294,0.204,4.942,5.146
5918249.18,18295,0.155,3.932,4.087
5918257.2,18293,2.032,3.932,5.964
5918261.18,18294,1.771,8.024,9.795
5918272.58,18295,0.086,4.045,4.131
5918312.04,18293,1.055,5.924,6.98
5918330.35,18294,0.167,4.1,4.267
5918384.4,18295,0.166,4.384,4.55
5918408.4,18293,0.151,4.178,4.329
5918494.3,18294,0.216,5.169,5.385
5918527.93,18295,0.124,4.047,4.171
5918536.86,18293,0.08,6.353,6.433
5918618.91,18294,0.093,7.013,7.106
5918620.22,18295,0.061,4.988,5.049
5918644.02,18293,0.096,3.913,4.009
5918687.21,18294,0.078,4.079,4.157
5918710.9,18295,0.091,3.967,4.058
5918729.12,18293,1.407,3.949,5.356
5918757.78,18294,0.074,4.099,4.173
5918767.21,18295,0.074,4.065,4.139
5918773.32,18293,0.06,6.101,6.16
5918803.13,18294,0.068,4.011,4.079
5918808.98,18295,1.77,4.083,5.853
5918866.7,18293,0.087,6.96,7.047
5918882.34,18294,0.088,4.032,4.12
5918897.09,18295,0.062,3.991,4.053
5918915.72,18293,0.089,4.097,4.186
5919196.14,18294,1.898,4.146,6.044
5919334.94,18295,0.16,4.127,4.287
5919351.07,18293,0.107,3.939,4.046
5919376.29,18294,2.017,6.131,8.148
5919498.32,18295,0.172,4.055,4.227
5919534.06,18293,0.126,3.96,4.086
5919555.52,18294,0.159,7.47,7.63
5919565.61,18295,2.033,4.526,6.559
5919645.68,18293,0.105,4.103,4.207
5919770.04,18294,0.084,3.984,4.068
5919925.51,18295,0.149,3.911,4.06
5920076.19,18293,0.155,3.947,4.102
5920088.44,18294,0.114,4.254,4.369
5920146.33,18295,0.181,4.067,4.248
5920190.9,18293,0.181,5.987,6.167
5920215.27,18294,3.999,4.193,8.191
5920450.02,18295,0.196,5.801,5.996
5920502.75,18293,0.134,3.958,4.092
5920527.25,18294,0.106,6.083,6.189
5920615.72,18295,0.111,4.063,4.174
5920704.38,18293,0.116,4.208,4.324
5920802.56,18294,1.978,4.486,6.464
5920832.37,18295,0.092,6.182,6.274
5920926.25,18293,0.11,4.008,4.117
5921047.58,18294,0.136,4.017,4.153
5921085.1,18295,0.116,4.02,4.136
5921131.07,18293,0.082,3.938,4.02
5921161.03,18294,0.954,5.848,6.801
5921233.44,18295,0.132,3.997,4.129
5921307.27,18293,0.19,3.984,4.174
5921379.85,18294,0.165,4.075,4.24
5921416.74,18295,0.152,5.958,6.11
5921507.78,18293,0.191,3.918,4.109
5921536.92,18294,0.166,5.193,5.359
5921550.15,18295,0.089,4.994,5.083
5921563.04,18293,0.09,3.887,3.977
5921739.06,18294,0.114,5.042,5.156
5921813.7,18295,0.108,4.53,4.638
5921891.27,18293,0.141,4.063,4.204
5921897.35,18294,2.054,6.234,8.288
5921923.32,18293,0.085,4.99,5.075
5921984.01,18295,0.103,6.085,6.188
5921997.41,18293,0.067,3.988,4.055
5921997.66,18294,0.083,6.429,6.512
5922026.1,18295,2.025,6.023,8.047
5922048.75,18293,0.085,3.956,4.041
5922058.76,18294,0.086,7.553,7.639
5922073.46,18295,0.221,4.142,4.362
5922078.55,18293,0.063,4.956,5.019
5922137.87,18294,1.12,5.711,6.831
5922147.08,18295,6.391,6.979,13.37
5922226.21,18293,1.705,4.019,5.724
5922235.69,18294,0.094,6.03,6.124
5922271.82,18295,2.081,5.671,7.752
5922295.05,18293,0.144,4.129,4.273
5922310.87,18294,0.073,4.014,4.088
5922356.15,18295,1.347,6.036,7.383
5922394.18,18293,0.074,4.034,4.109
5922443.14,18294,0.075,4.334,4.409
5922451.07,18295,0.063,4.317,4.379
5922458.81,18293,3.165,7.6,10.765
5922463.2,18294,1.822,6.09,7.913
5922471.46,18295,0.054,6.474,6.528
5922485.42,18293,0.089,4.279,4.368
5922495.85,18294,0.093,4.3,4.393
5922509.11,18295,0.096,3.962,4.058
5922545.58,18293,0.069,3.995,4.064
5922554.51,18294,0.057,4.49,4.547
5922573.21,18295,0.079,4.068,4.147
5922593.83,18293,0.088,3.976,4.063
5922621.26,18294,0.065,6.152,6.217
5922625.15,18295,0.056,6.222,6.279
5922627.3,18293,0.055,4.186,4.241
5922634.37,18294,0.085,6.096,6.181
5922676.39,18295,0.08,4.065,4.145
5922680.59,18293,0.065,3.936,4.001
5922691.66,18294,0.071,3.979,4.05
5922695.94,18295,0.059,4.005,4.063
5922815.11,18293,1.656,3.99,5.646
5922823.25,18294,1.812,7.167,8.98
5922825.16,18295,0.283,5.452,5.736
5922843.15,18293,0.099,4.115,4.214
5922855.95,18294,0.086,4.122,4.207
5922867.2,18295,0.081,4.064,4.145
5922920.94,18293,0.083,4.031,4.115
5922968.18,18294,0.222,7.882,8.103
5922990.13,18295,0.107,4.084,4.191
5922996.61,18293,0.083,4.166,4.248
5923067.17,18294,0.098,4.02,4.118
5923075.3,18295,0.078,6.019,6.097
5923078.43,18293,0.084,5.289,5.373
5923083.2,18294,0.072,6.082,6.154
5923089.17,18295,0.059,4.05,4.109
5923124.89,18293,0.092,4.028,4.12
5923152.39,18294,0.072,4.047,4.118
5923175.08,18295,0.833,5.999,6.832
5923181.15,18293,0.082,3.964,4.046
5923192.66,18294,0.072,6.026,6.098
5923199.28,18295,0.075,4.047,4.122
5923225.88,18293,0.122,4.029,4.151
5923281.63,18294,0.111,6.45,6.561
5923316.66,18295,1.776,5.592,7.369
5923354.83,18293,0.105,5.117,5.222
5923371.06,18294,0.09,3.92,4.01
5923396.12,18295,0.081,7.985,8.066
5923396.22,18293,0.051,6.133,6.184
5923403.17,18294,0.058,3.913,3.971
5923465.93,18295,0.112,4.256,4.368
5923480.98,18293,0.073,3.855,3.928
5923485.11,18294,0.069,3.992,4.061
5923489.28,18295,0.062,4.033,4.095
5923524.45,18293,2.031,4.366,6.396
5923534.43,18294,0.129,3.925,4.053
5923593.07,18295,0.12,7.876,7.996
5923597.48,18293,0.063,6.253,6.315
5923601.05,18294,0.054,3.952,4.006
5923613.23,18293,1.828,10.238,12.067
5923614.17,18295,1.641,6.091,7.732
5923680.69,18294,0.076,4.182,4.258
5923702.6,18293,0.073,5.475,5.548
5923712.59,18295,0.048,4.139,4.187
5923716.67,18294,0.053,3.977,4.031
5923735.98,18293,0.062,3.876,3.938
5923779.16,18295,0.062,4.056,4.118
5923809.11,18294,0.068,4.089,4.157
5923857.66,18293,0.076,3.995,4.071
5923896.19,18295,0.071,6.069,6.14
5924058.98,18294,0.118,3.953,4.072
5924161.17,18293,0.125,7.047,7.172
5924168.25,18295,2.048,4.123,6.171
5924172.44,18294,0.82,4.039,4.859
5924199.08,18293,0.104,3.907,4.011
5924330.76,18295,0.178,4.135,4.314
5924379.23,18294,0.104,4.067,4.171
5924501.06,18293,1.395,3.94,5.335
5924631.65,18295,0.206,4.013,4.219
5924950.2,18294,0.164,3.955,4.118
5924972.76,18293,0.115,4.038,4.153
5925005.38,18295,0.097,5.936,6.033
5925041.11,18294,1.834,7.961,9.795
5925043.07,18293,3.4,7.984,11.384
5925045.17,18295,0.07,3.909,3.979
5925053.23,18294,0.283,7.911,8.194
5925061.07,18293,3.768,4.014,7.781
5925111.1,18295,0.825,8.0,8.825
5925130.73,18294,0.085,6.099,6.185
5925137.24,18293,0.064,6.368,6.432
5925147.04,18295,0.068,3.933,4.001
5925155.79,18294,0.061,4.114,4.175
5925229.89,18293,0.163,5.566,5.729
5925238.29,18295,2.039,4.184,6.223
5925244.38,18294,0.088,4.229,4.317
5925305.02,18293,0.093,4.015,4.108
5925327.98,18295,0.116,4.009,4.125
5925333.19,18294,0.099,8.952,9.051
5925336.11,18293,0.058,6.011,6.069
5925348.14,18295,1.126,4.057,5.183
5925412.38,18294,0.129,4.006,4.135
5925420.59,18293,0.079,6.115,6.195
5925427.95,18295,0.134,4.027,4.161
5925454.72,18294,0.093,5.569,5.663
5925474.37,18293,0.095,6.229,6.324
5925498.9,18295,0.09,4.088,4.178
5925516.34,18294,0.116,4.061,4.177
5925569.58,18293,0.155,3.878,4.034
5925586.36,18295,0.18,4.015,4.195
5925588.42,18294,0.102,4.021,4.122
5925595.15,18293,0.105,3.951,4.056
5925598.84,18295,0.066,4.047,4.114
5925609.05,18293,0.09,6.259,6.349
5925653.16,18294,2.086,4.007,6.093
5925672.34,18295,0.081,3.906,3.988
5925678.15,18293,0.079,4.029,4.109
5925739.28,18294,0.088,5.131,5.219
5925746.83,18295,0.063,4.067,4.131
5925751.12,18293,0.057,4.136,4.193
5925796.72,18294,0.08,4.745,4.824
5925802.22,18295,0.07,5.25,5.32
5925817.11,18293,0.083,3.967,4.051
5925827.76,18294,0.077,4.049,4.126
5925858.67,18295,0.081,3.937,4.019
5925863.38,18293,0.068,3.927,3.995
5925924.12,18294,0.088,3.988,4.076
5925937.55,18295,0.082,4.035,4.117
5925951.26,18293,0.083,4.998,5.081
5925971.3,18294,0.089,5.633,5.721
5926006.31,18295,0.079,4.18,4.259
5926008.27,18293,1.056,4.176,5.232
5926053.2,18295,0.056,4.069,4.125
5926053.56,18294,0.145,6.264,6.41
5926065.13,18293,0.07,6.001,6.071
5926143.81,18295,0.109,4.087,4.196
5926159.15,18294,2.043,4.025,6.068
5926214.18,18293,0.138,3.957,4.095
5926237.87,18295,0.105,3.932,4.037
5926244.2,18294,1.976,4.118,6.094
5926286.11,18293,0.088,3.99,4.078
5926290.45,18295,0.066,4.34,4.406
5926299.72,18294,0.075,6.07,6.145
5926384.17,18293,1.029,6.096,7.126
5926450.71,18295,0.098,3.989,4.087
5926486.26,18294,2.336,6.174,8.51
5926508.68,18293,0.09,4.087,4.177
5926509.72,18295,0.091,4.096,4.187
5926512.96,18294,0.076,4.048,4.124
5926527.22,18293,0.076,4.104,4.18
5926535.36,18295,0.085,3.953,4.038
5926555.14,18294,2.081,6.091,8.173
5926593.54,18293,0.117,3.899,4.016
5926612.2,18295,0.084,6.052,6.136
5926644.47,18294,0.089,5.259,5.348
5926692.13,18293,0.081,3.994,4.076
5926728.53,18295,0.094,3.923,4.017
5926739.41,18294,0.43,6.311,6.741
