timestamp,cpu_util,runqueue
13:22:28.050791,0.0,1.22
13:22:28.151172,95.23809523809523,1.22
13:22:28.251935,68.42105263157895,1.22
13:22:28.352825,70.0,1.22
13:22:28.453114,75.0,1.22
13:22:28.553486,61.904761904761905,1.22
13:22:28.654894,70.0,1.22
13:22:28.755302,70.0,1.22
13:22:28.855666,65.0,1.22
13:22:28.956035,60.0,1.22
13:22:29.059944,73.6842105263158,1.22
13:22:29.162761,100.0,1.22
13:22:29.263576,95.0,1.22
13:22:29.363924,76.19047619047619,1.22
13:22:29.464286,80.0,1.22
13:22:29.564699,70.0,1.22
13:22:29.666831,95.0,1.22
13:22:29.767135,80.95238095238095,1.22
13:22:29.867918,73.6842105263158,1.22
13:22:29.968415,65.0,1.22
13:22:30.069876,85.0,1.22
13:22:30.170286,80.0,1.22
13:22:30.270615,85.71428571428572,1.22
13:22:30.371875,80.0,1.22
13:22:30.472398,80.0,1.22
13:22:30.572850,70.0,1.22
13:22:30.679029,80.95238095238095,1.22
13:22:30.779350,73.6842105263158,1.2
13:22:30.879680,75.0,1.2
13:22:30.980001,71.42857142857143,1.2
13:22:31.080425,63.1578947368421,1.2
13:22:31.180883,80.0,1.2
13:22:31.281821,76.19047619047619,1.2
13:22:31.382141,78.94736842105263,1.2
13:22:31.482667,70.0,1.2
13:22:31.583827,61.904761904761905,1.2
13:22:31.684135,60.0,1.2
13:22:31.784410,75.0,1.2
13:22:31.884962,65.0,1.2
13:22:31.985438,63.1578947368421,1.2
13:22:32.085795,60.0,1.2
13:22:32.187909,52.38095238095239,1.2
13:22:32.289809,75.0,1.2
13:22:32.390129,73.6842105263158,1.2
13:22:32.491789,60.0,1.2
13:22:32.592841,63.63636363636363,1.2
13:22:32.693138,63.1578947368421,1.2
13:22:32.793778,70.0,1.2
13:22:32.895008,70.0,1.2
13:22:32.995349,61.904761904761905,1.2
13:22:33.095755,75.0,1.2
13:22:33.196801,66.66666666666667,1.2
13:22:33.297356,61.904761904761905,1.2
13:22:33.397699,75.0,1.2
13:22:33.498833,65.0,1.2
13:22:33.599571,65.0,1.2
13:22:33.700020,70.0,1.2
13:22:33.800881,75.0,1.2
13:22:33.901843,75.0,1.2
13:22:34.003253,66.66666666666667,1.2
13:22:34.103877,70.0,1.2
13:22:34.204845,80.0,1.2
13:22:34.305317,70.0,1.2
13:22:34.405655,75.0,1.2
13:22:34.506100,80.0,1.2
13:22:34.609914,80.0,1.2
13:22:34.710257,85.71428571428572,1.2
13:22:34.810581,68.42105263157895,1.2
13:22:34.910938,80.0,1.2
13:22:35.011242,75.0,1.2
13:22:35.111996,89.47368421052632,1.2
13:22:35.212742,80.95238095238095,1.2
13:22:35.313164,70.0,1.2
13:22:35.413786,63.1578947368421,1.2
13:22:35.515248,80.0,1.2
13:22:35.615828,76.19047619047619,1.2
13:22:35.719070,71.42857142857143,1.2
13:22:35.819744,75.0,1.26
13:22:35.920892,70.0,1.26
13:22:36.021505,80.95238095238095,1.26
13:22:36.122938,78.94736842105263,1.26
13:22:36.223332,75.0,1.26
13:22:36.326560,76.19047619047619,1.26
13:22:36.427718,70.0,1.26
13:22:36.528189,68.42105263157895,1.26
13:22:36.628616,66.66666666666667,1.26
13:22:36.731278,80.0,1.26
13:22:36.832001,71.42857142857143,1.26
13:22:36.933007,70.0,1.26
13:22:37.033950,66.66666666666667,1.26
13:22:37.134878,85.71428571428572,1.26
13:22:37.235322,75.0,1.26
13:22:37.335914,61.904761904761905,1.26
13:22:37.436341,70.0,1.26
13:22:37.536747,75.0,1.26
13:22:37.637276,73.6842105263158,1.26
13:22:37.737837,52.38095238095239,1.26
13:22:37.838264,77.77777777777779,1.26
13:22:37.941056,80.0,1.26
13:22:38.041697,66.66666666666667,1.26
13:22:38.142455,61.111111111111114,1.26
13:22:38.242975,60.0,1.26
13:22:38.343420,66.66666666666667,1.26
13:22:38.444977,85.71428571428572,1.26
13:22:38.545336,73.6842105263158,1.26
13:22:38.645847,66.66666666666667,1.26
13:22:38.746234,73.6842105263158,1.26
13:22:38.846558,70.0,1.26
13:22:38.949890,75.0,1.26
13:22:39.050212,70.0,1.26
13:22:39.150835,80.0,1.26
13:22:39.251158,70.0,1.26
13:22:39.351512,71.42857142857143,1.26
13:22:39.451868,78.94736842105263,1.26
13:22:39.552303,65.0,1.26
13:22:39.658261,76.19047619047619,1.26
13:22:39.758620,80.0,1.26
13:22:39.860968,70.0,1.26
13:22:39.961428,75.0,1.26
13:22:40.061903,65.0,1.26
13:22:40.162877,70.0,1.26
13:22:40.267287,75.0,1.26
13:22:40.367722,75.0,1.26
13:22:40.468349,71.42857142857143,1.26
13:22:40.568974,55.55555555555556,1.26
13:22:40.669649,71.42857142857143,1.26
13:22:40.771844,66.66666666666667,1.16
13:22:40.872226,95.0,1.16
13:22:40.972646,100.0,1.16
13:22:41.073444,70.0,1.16
13:22:41.173927,73.6842105263158,1.16
13:22:41.274698,71.42857142857143,1.16
13:22:41.375857,68.42105263157895,1.16
13:22:41.476363,80.95238095238095,1.16
13:22:41.576798,61.111111111111114,1.16
13:22:41.677336,71.42857142857143,1.16
13:22:41.777717,68.42105263157895,1.16
13:22:41.878790,66.66666666666667,1.16
13:22:41.979439,60.0,1.16
13:22:42.085226,80.95238095238095,1.16
13:22:42.187861,80.95238095238095,1.16
13:22:42.288194,83.33333333333334,1.16
13:22:42.388548,76.19047619047619,1.16
13:22:42.488868,68.42105263157895,1.16
13:22:42.589307,76.19047619047619,1.16
13:22:42.689861,65.0,1.16
13:22:42.792817,77.27272727272727,1.16
13:22:42.893123,84.21052631578947,1.16
13:22:42.997995,71.42857142857143,1.16
13:22:43.098326,68.42105263157895,1.16
13:22:43.198758,61.904761904761905,1.16
13:22:43.299228,60.0,1.16
13:22:43.399893,65.0,1.16
13:22:43.500322,60.0,1.16
13:22:43.602939,65.0,1.16
13:22:43.703286,76.19047619047619,1.16
13:22:43.805101,75.0,1.16
13:22:43.905894,57.89473684210527,1.16
13:22:44.006374,66.66666666666667,1.16
13:22:44.106814,89.47368421052632,1.16
13:22:44.207309,94.73684210526316,1.16
13:22:44.308981,68.18181818181819,1.16
13:22:44.410864,73.6842105263158,1.16
13:22:44.511334,65.0,1.16
13:22:44.611953,55.00000000000001,1.16
13:22:44.713836,70.0,1.16
13:22:44.814376,76.19047619047619,1.16
13:22:44.915869,90.0,1.16
13:22:45.016416,85.0,1.16
13:22:45.117852,90.0,1.16
13:22:45.219043,76.19047619047619,1.16
13:22:45.319386,84.21052631578947,1.16
13:22:45.419790,95.23809523809523,1.16
13:22:45.521870,95.0,1.16
13:22:45.631449,95.45454545454545,1.16
13:22:45.732283,95.23809523809523,1.16
13:22:45.832756,100.0,1.31
13:22:45.933324,88.88888888888889,1.31
13:22:46.036046,95.45454545454545,1.31
13:22:46.139062,100.0,1.31
13:22:46.241760,89.47368421052632,1.31
13:22:46.342391,80.95238095238095,1.31
13:22:46.442913,80.0,1.31
13:22:46.543242,80.0,1.31
13:22:46.647947,68.18181818181819,1.31
13:22:46.751093,100.0,1.31
13:22:46.855223,100.0,1.31
13:22:46.956953,95.0,1.31
13:22:47.057458,66.66666666666667,1.31
13:22:47.159184,85.0,1.31
13:22:47.259757,100.0,1.31
13:22:47.360822,80.0,1.31
13:22:47.461178,65.0,1.31
13:22:47.561492,85.0,1.31
13:22:47.661939,66.66666666666667,1.31
13:22:47.762285,65.0,1.31
13:22:47.862588,84.21052631578947,1.31
13:22:47.962895,76.19047619047619,1.31
13:22:48.064873,73.6842105263158,1.31
13:22:48.165096,75.0,1.31
13:22:48.265324,80.0,1.31
13:22:48.365825,75.0,1.31
13:22:48.466100,75.0,1.31
13:22:48.566960,70.0,1.31
13:22:48.667837,57.89473684210527,1.31
13:22:48.770161,76.19047619047619,1.31
13:22:48.870680,70.0,1.31
13:22:48.971969,60.0,1.31
13:22:49.072322,75.0,1.31
13:22:49.172702,70.0,1.31
13:22:49.273359,60.0,1.31
13:22:49.373848,70.0,1.31
13:22:49.474118,71.42857142857143,1.31
13:22:49.574570,65.0,1.31
13:22:49.675003,65.0,1.31
13:22:49.775257,65.0,1.31
13:22:49.875652,75.0,1.31
13:22:49.977442,70.0,1.31
13:22:50.077806,80.95238095238095,1.31
13:22:50.178451,85.0,1.31
13:22:50.278751,73.6842105263158,1.31
13:22:50.381864,68.18181818181819,1.31
13:22:50.482801,78.94736842105263,1.31
13:22:50.583102,71.42857142857143,1.31
13:22:50.683357,84.21052631578947,1.31
13:22:50.783615,65.0,1.37
13:22:50.884017,70.0,1.37
13:22:50.984378,65.0,1.37
13:22:51.085953,68.42105263157895,1.37
13:22:51.186260,75.0,1.37
13:22:51.286692,69.56521739130434,1.37
13:22:51.387034,63.1578947368421,1.37
13:22:51.487453,70.0,1.37
13:22:51.587853,73.6842105263158,1.37
13:22:51.688142,68.42105263157895,1.37
13:22:51.788904,70.0,1.37
13:22:51.889247,66.66666666666667,1.37
13:22:51.990827,73.6842105263158,1.37
13:22:52.091242,65.0,1.37
13:22:52.192810,66.66666666666667,1.37
13:22:52.293112,76.19047619047619,1.37
13:22:52.393415,75.0,1.37
13:22:52.493780,60.0,1.37
13:22:52.594099,57.89473684210527,1.37
13:22:52.695787,70.0,1.37
13:22:52.796081,90.0,1.37
13:22:52.898823,95.0,1.37
13:22:52.999138,94.11764705882352,1.37
13:22:53.099469,100.0,1.37
13:22:53.199831,95.23809523809523,1.37
13:22:53.300165,100.0,1.37
13:22:53.400511,95.0,1.37
13:22:53.502829,100.0,1.37
13:22:53.603258,85.71428571428572,1.37
13:22:55.084830,83.66013071895425,1.37
13:22:55.185218,73.6842105263158,1.37
13:22:55.285949,70.0,1.37
13:22:55.386304,70.0,1.37
13:22:55.487781,60.0,1.37
13:22:55.590807,71.42857142857143,1.37
13:22:55.691070,73.6842105263158,1.37
13:22:55.791509,60.0,1.58
13:22:55.891813,61.904761904761905,1.58
13:22:55.994826,76.19047619047619,1.58
13:22:56.095146,75.0,1.58
13:22:56.195472,100.0,1.58
13:22:56.295802,94.44444444444444,1.58
13:22:56.396191,85.0,1.58
13:22:56.498188,90.0,1.58
13:22:56.598591,90.0,1.58
13:22:56.700855,80.95238095238095,1.58
13:22:56.801104,70.0,1.58
13:22:56.901437,65.0,1.58
13:22:57.001719,65.0,1.58
13:22:57.102868,80.0,1.58
13:22:57.204825,80.95238095238095,1.58
13:22:57.305131,63.1578947368421,1.58
13:22:57.405530,75.0,1.58
13:22:57.505847,70.0,1.58
13:22:57.606916,65.0,1.58
13:22:57.707198,73.6842105263158,1.58
13:22:57.808804,71.42857142857143,1.58
13:22:57.909091,63.1578947368421,1.58
13:22:58.009503,57.14285714285714,1.58
13:22:58.110112,60.0,1.58
13:22:58.211055,63.1578947368421,1.58
13:22:58.311936,70.0,1.58
13:22:58.412284,70.0,1.58
13:22:58.512610,60.0,1.58
13:22:58.615808,76.19047619047619,1.58
13:22:58.716108,75.0,1.58
13:22:58.816575,73.6842105263158,1.58
13:22:58.917260,71.42857142857143,1.58
13:22:59.017889,80.95238095238095,1.58
13:22:59.118177,75.0,1.58
13:22:59.218558,100.0,1.58
13:22:59.320929,100.0,1.58
13:22:59.421732,100.0,1.58
13:22:59.526570,100.0,1.58
13:22:59.627049,95.23809523809523,1.58
13:22:59.731811,100.0,1.58
13:22:59.832064,94.73684210526316,1.58
13:22:59.932370,73.6842105263158,1.58
13:23:00.032651,80.0,1.58
13:23:00.133024,85.71428571428572,1.58
13:23:00.233337,80.0,1.58
13:23:00.333707,75.0,1.58
13:23:00.435888,65.0,1.58
13:23:00.536183,80.0,1.58
13:23:00.636522,75.0,1.58
13:23:00.736932,65.0,1.58
13:23:00.837921,66.66666666666667,1.45
13:23:00.938700,70.0,1.45
13:23:01.039093,78.94736842105263,1.45
13:23:01.139863,77.27272727272727,1.45
13:23:01.240336,78.94736842105263,1.45
13:23:01.340689,73.6842105263158,1.45
13:23:01.442787,75.0,1.45
13:23:01.543128,80.95238095238095,1.45
13:23:01.643399,75.0,1.45
13:23:01.745139,80.0,1.45
13:23:01.845435,80.0,1.45
13:23:01.946930,66.66666666666667,1.45
13:23:02.047206,66.66666666666667,1.45
13:23:02.147462,75.0,1.45
13:23:02.247788,80.0,1.45
13:23:02.348899,76.19047619047619,1.45
13:23:02.449275,70.0,1.45
13:23:02.549693,75.0,1.45
13:23:02.651014,70.0,1.45
13:23:02.751374,78.94736842105263,1.45
13:23:02.851860,95.45454545454545,1.45
13:23:02.952200,73.6842105263158,1.45
13:23:03.052583,68.42105263157895,1.45
13:23:03.154992,77.27272727272727,1.45
13:23:03.255481,73.6842105263158,1.45
13:23:03.355926,75.0,1.45
13:23:03.457481,76.19047619047619,1.45
13:23:03.557932,80.0,1.45
13:23:03.660024,80.0,1.45
13:23:03.760465,90.0,1.45
13:23:03.860920,90.0,1.45
13:23:03.964003,76.19047619047619,1.45
13:23:04.064432,90.0,1.45
13:23:04.165272,90.0,1.45
13:23:04.267865,80.0,1.45
13:23:04.368227,85.0,1.45
13:23:04.470689,80.0,1.45
13:23:04.571530,89.47368421052632,1.45
13:23:04.671849,77.27272727272727,1.45
13:23:04.777169,75.0,1.45
13:23:04.877745,75.0,1.45
13:23:04.980127,80.0,1.45
13:23:05.080452,78.94736842105263,1.45
13:23:05.180782,71.42857142857143,1.45
13:23:05.282010,66.66666666666667,1.45
13:23:05.382845,70.0,1.45
13:23:05.483700,90.0,1.45
13:23:05.584076,80.0,1.45
13:23:05.684474,78.94736842105263,1.45
13:23:05.784923,75.0,1.58
13:23:05.885355,70.0,1.58
13:23:05.986466,66.66666666666667,1.58
13:23:06.086818,78.94736842105263,1.58
13:23:06.187124,76.19047619047619,1.58
13:23:06.288021,65.0,1.58
13:23:06.388824,73.6842105263158,1.58
13:23:06.489276,75.0,1.58
13:23:06.589856,66.66666666666667,1.58
13:23:06.690222,78.94736842105263,1.58
13:23:06.792804,76.19047619047619,1.58
13:23:06.893065,73.6842105263158,1.58
13:23:06.993384,71.42857142857143,1.58
13:23:07.093819,73.6842105263158,1.58
13:23:07.194125,80.0,1.58
13:23:07.294539,71.42857142857143,1.58
13:23:07.395783,73.6842105263158,1.58
13:23:07.498041,90.47619047619048,1.58
13:23:07.598468,75.0,1.58
13:23:07.701808,71.42857142857143,1.58
13:23:07.802067,75.0,1.58
13:23:07.902456,71.42857142857143,1.58
13:23:08.002873,68.42105263157895,1.58
13:23:08.103219,75.0,1.58
13:23:08.203921,68.42105263157895,1.58
13:23:08.304974,66.66666666666667,1.58
13:23:08.405449,70.0,1.58
13:23:08.505835,70.0,1.58
13:23:08.606899,65.0,1.58
13:23:08.709817,80.95238095238095,1.58
13:23:08.810125,61.111111111111114,1.58
13:23:08.910520,77.27272727272727,1.58
13:23:09.013006,75.0,1.58
13:23:09.113293,70.0,1.58
13:23:09.215948,85.0,1.58
13:23:09.316261,70.0,1.58
13:23:09.416776,65.0,1.58
13:23:09.517030,78.94736842105263,1.58
13:23:09.617288,71.42857142857143,1.58
13:23:09.721805,80.95238095238095,1.58
13:23:09.822074,84.21052631578947,1.58
13:23:09.922330,63.1578947368421,1.58
13:23:10.022596,76.19047619047619,1.58
13:23:10.123799,80.95238095238095,1.58
13:23:10.225799,75.0,1.58
13:23:10.326065,66.66666666666667,1.58
13:23:10.426409,73.6842105263158,1.58
13:23:10.526989,76.19047619047619,1.58
13:23:10.628884,100.0,1.58
13:23:10.729304,90.47619047619048,1.58
13:23:10.829666,100.0,2.09
13:23:10.930144,68.42105263157895,2.09
13:23:11.030587,75.0,2.09
13:23:11.130962,68.42105263157895,2.09
13:23:11.231418,75.0,2.09
13:23:11.332041,65.0,2.09
13:23:11.433013,75.0,2.09
13:23:11.533939,80.0,2.09
13:23:11.634384,70.0,2.09
13:23:11.736496,71.42857142857143,2.09
13:23:11.836920,57.89473684210527,2.09
13:23:11.937345,70.0,2.09
13:23:12.038827,66.66666666666667,2.09
13:23:12.139881,63.1578947368421,2.09
13:23:12.240258,71.42857142857143,2.09
13:23:12.341881,55.00000000000001,2.09
13:23:12.442217,70.0,2.09
13:23:12.545845,70.0,2.09
13:23:12.646284,70.0,2.09
13:23:12.746832,66.66666666666667,2.09
13:23:12.847942,72.22222222222221,2.09
13:23:12.948351,70.0,2.09
13:23:13.050084,72.72727272727273,2.09
13:23:13.150578,65.0,2.09
13:23:13.251089,65.0,2.09
13:23:13.352336,70.0,2.09
13:23:13.452775,66.66666666666667,2.09
13:23:13.555842,60.0,2.09
13:23:13.657870,75.0,2.09
13:23:13.758395,71.42857142857143,2.09
13:23:13.858822,63.1578947368421,2.09
13:23:13.959858,60.0,2.09
13:23:14.060347,80.0,2.09
13:23:14.160827,85.0,2.09
13:23:14.262924,85.0,2.09
13:23:14.363277,60.0,2.09
13:23:14.463757,55.00000000000001,2.09
13:23:14.564095,61.904761904761905,2.09
13:23:14.664470,57.89473684210527,2.09
13:23:14.764899,76.19047619047619,2.09
13:23:14.865925,80.0,2.09
13:23:14.968788,80.0,2.09
13:23:15.069066,70.0,2.09
13:23:15.170808,80.95238095238095,2.09
13:23:15.271122,83.33333333333334,2.09
13:23:15.371992,72.72727272727273,2.09
13:23:15.473819,75.0,2.09
13:23:15.574111,70.0,2.09
13:23:15.674433,73.6842105263158,2.09
13:23:15.774854,66.66666666666667,2.0
13:23:15.875841,65.0,2.0
13:23:15.977837,68.42105263157895,2.0
13:23:16.078339,66.66666666666667,2.0
13:23:16.178760,60.0,2.0
13:23:16.280893,76.19047619047619,2.0
13:23:16.381434,73.6842105263158,2.0
13:23:16.481827,63.1578947368421,2.0
13:23:16.582346,65.0,2.0
13:23:16.682786,76.19047619047619,2.0
13:23:16.783145,70.0,2.0
13:23:16.883516,68.42105263157895,2.0
13:23:16.983980,60.0,2.0
13:23:17.084849,65.0,2.0
13:23:17.185231,75.0,2.0
13:23:17.285792,59.09090909090908,2.0
13:23:17.386205,73.6842105263158,2.0
13:23:17.486681,68.42105263157895,2.0
13:23:17.588050,61.904761904761905,2.0
13:23:17.688903,70.0,2.0
13:23:17.789650,75.0,2.0
13:23:17.893932,70.0,2.0
13:23:17.994269,60.0,2.0
13:23:18.094708,70.0,2.0
13:23:18.195292,71.42857142857143,2.0
13:23:18.295895,65.0,2.0
13:23:18.396307,75.0,2.0
13:23:18.498046,65.0,2.0
13:23:18.598875,65.0,2.0
13:23:18.699250,65.0,2.0
13:23:18.799736,65.0,2.0
13:23:18.900880,70.0,2.0
13:23:19.001279,73.6842105263158,2.0
13:23:19.101717,71.42857142857143,2.0
13:23:19.202178,60.0,2.0
13:23:19.303160,70.0,2.0
13:23:19.403750,70.0,2.0
13:23:19.506836,76.19047619047619,2.0
13:23:19.607208,63.1578947368421,2.0
13:23:19.707595,65.0,2.0
13:23:19.808064,61.904761904761905,2.0
13:23:19.908926,70.0,2.0
13:23:20.009361,80.0,2.0
13:23:20.109918,50.0,2.0
13:23:20.210908,72.22222222222221,2.0
13:23:20.311342,71.42857142857143,2.0
13:23:20.411792,71.42857142857143,2.0
13:23:20.512324,63.1578947368421,2.0
13:23:20.612703,75.0,2.0
13:23:20.713830,75.0,2.0
13:23:20.814258,70.0,1.92
13:23:20.916844,75.0,1.92
13:23:21.017166,89.47368421052632,1.92
13:23:21.117529,76.19047619047619,1.92
13:23:21.217961,75.0,1.92
13:23:21.318381,75.0,1.92
13:23:21.418850,63.1578947368421,1.92
13:23:21.519160,65.0,1.92
13:23:21.620939,75.0,1.92
13:23:21.721256,75.0,1.92
13:23:21.821672,65.0,1.92
13:23:21.921999,72.72727272727273,1.92
13:23:22.022368,68.42105263157895,1.92
13:23:22.122817,68.42105263157895,1.92
13:23:22.224302,71.42857142857143,1.92
13:23:22.325166,78.94736842105263,1.92
13:23:22.425595,71.42857142857143,1.92
13:23:22.526546,78.94736842105263,1.92
13:23:22.626834,80.95238095238095,1.92
13:23:22.727400,68.42105263157895,1.92
13:23:22.827873,71.42857142857143,1.92
13:23:22.928273,78.94736842105263,1.92
13:23:23.029759,68.42105263157895,1.92
13:23:23.133839,66.66666666666667,1.92
13:23:23.234152,68.42105263157895,1.92
13:23:23.337053,66.66666666666667,1.92
13:23:23.437930,77.27272727272727,1.92
13:23:23.538313,73.6842105263158,1.92
13:23:23.638689,80.0,1.92
13:23:23.739117,80.0,1.92
13:23:23.841044,76.19047619047619,1.92
13:23:23.941469,73.6842105263158,1.92
13:23:24.046837,66.66666666666667,1.92
13:23:24.147542,76.19047619047619,1.92
13:23:24.248208,70.0,1.92
13:23:24.349061,65.0,1.92
13:23:24.449527,68.42105263157895,1.92
13:23:24.550818,80.95238095238095,1.92
13:23:24.651156,73.6842105263158,1.92
13:23:24.751491,73.6842105263158,1.92
13:23:24.851819,75.0,1.92
13:23:24.952268,61.904761904761905,1.92
13:23:25.052618,80.0,1.92
13:23:25.152959,75.0,1.92
13:23:25.254978,85.0,1.92
13:23:25.355337,78.94736842105263,1.92
13:23:25.456936,68.18181818181819,1.92
13:23:25.557361,68.42105263157895,1.92
13:23:25.657809,85.0,1.92
13:23:25.758095,73.6842105263158,2.25
13:23:25.860235,71.42857142857143,2.25
13:23:25.960707,57.89473684210527,2.25
13:23:26.061842,71.42857142857143,2.25
13:23:26.162206,65.0,2.25
13:23:26.262683,55.00000000000001,2.25
13:23:26.365001,71.42857142857143,2.25
13:23:26.465574,68.42105263157895,2.25
13:23:26.566027,61.904761904761905,2.25
13:23:26.666593,60.0,2.25
13:23:26.767134,73.6842105263158,2.25
13:23:26.868821,76.19047619047619,2.25
13:23:26.969089,68.42105263157895,2.25
13:23:27.069361,70.0,2.25
13:23:27.169741,71.42857142857143,2.25
13:23:27.270078,75.0,2.25
13:23:27.370611,75.0,2.25
13:23:27.470965,75.0,2.25
13:23:27.571320,75.0,2.25
13:23:27.671661,70.0,2.25
13:23:27.772035,70.0,2.25
13:23:27.872393,70.0,2.25
13:23:27.972752,70.0,2.25
13:23:28.073051,70.0,2.25
13:23:28.173873,65.0,2.25
13:23:28.274213,68.42105263157895,2.25
13:23:28.374532,68.18181818181819,2.25
13:23:28.475030,70.0,2.25
13:23:28.576224,63.1578947368421,2.25
13:23:28.676594,71.42857142857143,2.25
13:23:28.777143,68.42105263157895,2.25
13:23:28.877552,66.66666666666667,2.25
13:23:28.978940,71.42857142857143,2.25
13:23:29.079343,68.42105263157895,2.25
13:23:29.180746,84.21052631578947,2.25
13:23:29.281095,85.71428571428572,2.25
13:23:29.382276,60.0,2.25
13:23:29.482918,50.0,2.25
13:23:29.583862,73.6842105263158,2.25
13:23:29.684815,71.42857142857143,2.25
13:23:29.785149,75.0,2.25
13:23:29.886041,73.6842105263158,2.25
13:23:29.986466,75.0,2.25
13:23:30.086949,80.95238095238095,2.25
13:23:30.187237,95.23809523809523,2.25
13:23:30.288597,72.22222222222221,2.25
13:23:30.388904,61.904761904761905,2.25
13:23:30.490925,70.0,2.25
13:23:30.591202,63.1578947368421,2.25
13:23:30.691873,61.904761904761905,2.25
13:23:30.792287,75.0,2.15
13:23:30.894213,66.66666666666667,2.15
13:23:30.994589,55.00000000000001,2.15
13:23:31.096918,76.19047619047619,2.15
13:23:31.197270,68.42105263157895,2.15
13:23:31.297945,68.42105263157895,2.15
13:23:31.399918,72.72727272727273,2.15
13:23:31.500315,70.0,2.15
13:23:31.600873,60.0,2.15
13:23:31.701961,71.42857142857143,2.15
13:23:31.802851,73.6842105263158,2.15
13:23:31.903305,65.0,2.15
13:23:32.003987,55.00000000000001,2.15
13:23:32.104681,63.1578947368421,2.15
13:23:32.205486,57.14285714285714,2.15
13:23:32.306836,70.0,2.15
13:23:32.407150,78.94736842105263,2.15
13:23:32.507566,71.42857142857143,2.15
13:23:32.608880,60.0,2.15
13:23:32.709219,75.0,2.15
13:23:32.809797,70.0,2.15
13:23:32.910984,68.42105263157895,2.15
13:23:33.014833,80.95238095238095,2.15
13:23:33.115230,72.72727272727273,2.15
13:23:33.217504,89.47368421052632,2.15
13:23:33.317807,75.0,2.15
13:23:33.418121,71.42857142857143,2.15
13:23:33.518719,78.94736842105263,2.15
13:23:33.619086,75.0,2.15
13:23:33.719475,75.0,2.15
13:23:33.820930,68.42105263157895,2.15
13:23:33.921234,80.0,2.15
13:23:34.022372,70.0,2.15
13:23:34.122720,65.0,2.15
13:23:34.223153,71.42857142857143,2.15
13:23:34.323928,66.66666666666667,2.15
13:23:34.424254,65.0,2.15
13:23:34.526945,76.19047619047619,2.15
13:23:34.627243,68.42105263157895,2.15
13:23:34.727581,70.0,2.15
13:23:34.827970,80.0,2.15
13:23:34.931948,73.6842105263158,2.15
13:23:35.032762,71.42857142857143,2.15
13:23:35.138797,76.19047619047619,2.15
13:23:35.239093,90.47619047619048,2.15
13:23:35.339568,60.0,2.15
13:23:35.440845,60.0,2.15
13:23:35.541210,70.0,2.15
13:23:35.641964,75.0,2.15
13:23:35.742890,60.0,2.15
13:23:35.843251,70.0,2.22
13:23:35.943877,75.0,2.22
13:23:36.045019,52.63157894736843,2.22
13:23:36.146144,76.19047619047619,2.22
13:23:36.247881,85.71428571428572,2.22
13:23:36.348192,78.94736842105263,2.22
13:23:36.448668,80.0,2.22
13:23:36.549824,76.19047619047619,2.22
13:23:36.650275,72.22222222222221,2.22
13:23:36.751037,76.19047619047619,2.22
13:23:36.853884,70.0,2.22
13:23:36.954396,57.14285714285714,2.22
13:23:37.055098,68.42105263157895,2.22
13:23:37.155682,75.0,2.22
13:23:37.258809,80.0,2.22
13:23:37.359165,76.19047619047619,2.22
13:23:37.459501,68.42105263157895,2.22
13:23:37.559861,80.0,2.22
13:23:37.661871,76.19047619047619,2.22
13:23:37.762221,90.0,2.22
13:23:37.862700,76.19047619047619,2.22
13:23:37.963115,75.0,2.22
13:23:38.063436,77.77777777777779,2.22
13:23:38.163817,71.42857142857143,2.22
13:23:38.266711,85.0,2.22
13:23:38.369507,95.23809523809523,2.22
13:23:38.469920,90.47619047619048,2.22
13:23:38.571494,100.0,2.22
13:23:38.674570,80.95238095238095,2.22
13:23:38.775997,85.0,2.22
13:23:38.877081,85.0,2.22
13:23:38.979488,85.0,2.22
13:23:39.083296,95.23809523809523,2.22
13:23:39.186829,100.0,2.22
13:23:39.287258,95.23809523809523,2.22
13:23:39.389420,100.0,2.22
13:23:39.491128,100.0,2.22
13:23:39.598014,100.0,2.22
13:23:39.699830,100.0,2.22
13:23:39.803603,95.23809523809523,2.22
13:23:39.904925,94.73684210526316,2.22
13:23:40.006852,90.47619047619048,2.22
13:23:40.107187,95.23809523809523,2.22
13:23:40.207541,95.0,2.22
13:23:40.307980,89.47368421052632,2.22
13:23:40.408397,80.0,2.22
13:23:40.508770,71.42857142857143,2.22
13:23:40.609078,65.0,2.22
13:23:40.709554,68.42105263157895,2.22
13:23:40.809992,71.42857142857143,2.04
13:23:40.910460,65.0,2.04
13:23:41.010891,60.0,2.04
13:23:41.112954,90.0,2.04
13:23:41.213368,94.73684210526316,2.04
13:23:41.313840,90.0,2.04
13:23:41.414427,52.63157894736843,2.04
13:23:41.519811,63.63636363636363,2.04
13:23:41.620128,78.94736842105263,2.04
13:23:41.720475,76.19047619047619,2.04
13:23:41.820931,65.0,2.04
13:23:41.921292,65.0,2.04
13:23:42.022387,65.0,2.04
13:23:42.122711,73.6842105263158,2.04
13:23:42.223082,70.0,2.04
13:23:42.323619,65.0,2.04
13:23:42.423992,90.0,2.04
13:23:42.525869,95.0,2.04
13:23:42.627042,95.0,2.04
13:23:42.727370,75.0,2.04
13:23:42.827807,61.904761904761905,2.04
13:23:42.928860,57.89473684210527,2.04
13:23:43.031762,71.42857142857143,2.04
13:23:43.132011,73.6842105263158,2.04
13:23:43.232471,57.14285714285714,2.04
13:23:43.333789,80.95238095238095,2.04
13:23:43.434056,70.0,2.04
13:23:43.534540,60.0,2.04
13:23:43.635787,65.0,2.04
13:23:43.736056,75.0,2.04
13:23:43.836543,65.0,2.04
13:23:43.937034,55.00000000000001,2.04
13:23:44.037795,73.6842105263158,2.04
13:23:44.138801,72.72727272727273,2.04
13:23:44.239204,95.0,2.04
13:23:44.341798,68.42105263157895,2.04
13:23:44.442089,66.66666666666667,2.04
13:23:44.542501,60.0,2.04
13:23:44.643788,57.14285714285714,2.04
13:23:44.744014,75.0,2.04
13:23:44.844246,75.0,2.04
13:23:44.944808,52.63157894736843,2.04
13:23:45.045798,70.0,2.04
13:23:45.146114,75.0,2.04
13:23:45.246488,70.0,2.04
13:23:45.346970,71.42857142857143,2.04
13:23:45.447316,73.6842105263158,2.04
13:23:45.549927,61.904761904761905,2.04
13:23:45.650252,65.0,2.04
13:23:45.750567,63.1578947368421,2.04
13:23:45.850882,72.72727272727273,2.12
13:23:45.951276,70.0,2.12
13:23:46.051820,57.89473684210527,2.12
13:23:46.152105,70.0,2.12
13:23:46.252371,90.0,2.12
13:23:46.353912,57.89473684210527,2.12
13:23:46.454200,65.0,2.12
13:23:46.554517,70.0,2.12
13:23:46.654877,65.0,2.12
13:23:46.755864,60.0,2.12
13:23:46.856180,70.0,2.12
13:23:46.956487,75.0,2.12
13:23:47.056782,61.904761904761905,2.12
13:23:47.157093,68.42105263157895,2.12
13:23:47.257787,80.0,2.12
13:23:47.358075,75.0,2.12
13:23:47.458825,70.0,2.12
13:23:47.559107,66.66666666666667,2.12
13:23:47.660897,73.6842105263158,2.12
13:23:47.761183,71.42857142857143,2.12
13:23:47.861819,68.42105263157895,2.12
13:23:47.962196,66.66666666666667,2.12
13:23:48.064296,65.0,2.12
13:23:48.164531,68.42105263157895,2.12
13:23:48.264819,66.66666666666667,2.12
13:23:48.365092,70.0,2.12
13:23:48.465359,68.42105263157895,2.12
13:23:48.565837,71.42857142857143,2.12
13:23:48.666278,63.1578947368421,2.12
13:23:48.766793,57.14285714285714,2.12
13:23:48.867780,70.0,2.12
13:23:48.968008,65.0,2.12
13:23:49.068289,68.42105263157895,2.12
13:23:49.168542,57.14285714285714,2.12
13:23:49.268874,65.0,2.12
13:23:49.369784,75.0,2.12
13:23:49.471761,70.0,2.12
13:23:49.572085,80.0,2.12
13:23:49.672363,68.42105263157895,2.12
13:23:49.772644,70.0,2.12
13:23:49.872897,71.42857142857143,2.12
13:23:49.973791,73.6842105263158,2.12
13:23:50.074041,65.0,2.12
13:23:50.174294,71.42857142857143,2.12
13:23:50.274787,66.66666666666667,2.12
13:23:50.375775,77.27272727272727,2.12
13:23:50.476121,75.0,2.12
13:23:50.576461,75.0,2.12
13:23:50.677962,75.0,2.12
13:23:50.778300,70.0,2.11
13:23:50.878598,78.94736842105263,2.11
13:23:50.978889,65.0,2.11
13:23:51.079334,70.0,2.11
13:23:51.179649,65.0,2.11
13:23:51.281786,66.66666666666667,2.11
13:23:51.382012,70.0,2.11
13:23:51.482279,73.6842105263158,2.11
13:23:51.582540,55.00000000000001,2.11
13:23:51.683018,60.0,2.11
13:23:51.784779,61.904761904761905,2.11
13:23:51.885034,73.6842105263158,2.11
13:23:51.985443,65.0,2.11
13:23:52.085819,52.63157894736843,2.11
13:23:52.186055,66.66666666666667,2.11
13:23:52.287882,70.0,2.11
13:23:52.388788,65.0,2.11
13:23:52.489059,65.0,2.11
13:23:52.589502,75.0,2.11
13:23:52.689818,65.0,2.11
13:23:52.791939,60.0,2.11
13:23:52.892234,70.0,2.11
13:23:52.994553,66.66666666666667,2.11
13:23:53.094777,78.94736842105263,2.11
13:23:53.195044,75.0,2.11
13:23:53.295368,70.0,2.11
13:23:53.396786,80.0,2.11
13:23:53.497102,65.0,2.11
13:23:53.598787,80.0,2.11
13:23:53.699112,76.19047619047619,2.11
13:23:53.801822,65.0,2.11
13:23:53.902100,75.0,2.11
13:23:54.002350,75.0,2.11
13:23:54.102596,65.0,2.11
13:23:54.205160,80.0,2.11
13:23:54.305392,65.0,2.11
13:23:54.405695,78.94736842105263,2.11
13:23:54.506023,80.0,2.11
13:23:54.606820,80.95238095238095,2.11
13:23:54.710829,70.0,2.11
13:23:54.811165,71.42857142857143,2.11
13:23:54.911527,78.94736842105263,2.11
13:23:55.012852,80.95238095238095,2.11
13:23:55.113208,84.21052631578947,2.11
13:23:55.215391,80.0,2.11
13:23:55.317182,75.0,2.11
13:23:55.418499,85.71428571428572,2.11
13:23:55.518869,65.0,2.11
13:23:55.619289,61.904761904761905,2.11
13:23:55.721514,75.0,2.11
13:23:55.821894,75.0,2.1
13:23:55.922197,78.94736842105263,2.1
13:23:56.022513,68.42105263157895,2.1
13:23:56.122804,66.66666666666667,2.1
13:23:56.223284,70.0,2.1
13:23:56.324053,70.0,2.1
13:23:56.424354,70.0,2.1
13:23:56.526078,71.42857142857143,2.1
13:23:56.627899,66.66666666666667,2.1
13:23:56.728186,69.56521739130434,2.1
13:23:56.828722,73.6842105263158,2.1
13:23:56.929054,65.0,2.1
13:23:57.029315,65.0,2.1
13:23:57.129828,73.6842105263158,2.1
13:23:57.230092,66.66666666666667,2.1
13:23:57.330339,70.0,2.1
13:23:57.430771,65.0,2.1
13:23:57.532767,61.904761904761905,2.1
13:23:57.633003,66.66666666666667,2.1
13:23:57.733231,61.904761904761905,2.1
13:23:57.833545,60.0,2.1
13:23:57.934805,68.42105263157895,2.1
13:23:58.035085,71.42857142857143,2.1
13:23:58.135407,55.00000000000001,2.1
13:23:58.235683,63.1578947368421,2.1
13:23:58.336448,77.27272727272727,2.1
13:23:58.436898,55.00000000000001,2.1
13:23:58.537763,65.0,2.1
13:23:58.637997,73.6842105263158,2.1
13:23:58.738235,66.66666666666667,2.1
13:23:58.838575,68.42105263157895,2.1
13:23:58.939787,61.904761904761905,2.1
13:23:59.040049,73.6842105263158,2.1
13:23:59.140316,66.66666666666667,2.1
13:23:59.240620,94.73684210526316,2.1
13:23:59.341868,71.42857142857143,2.1
13:23:59.442142,75.0,2.1
13:23:59.542412,78.94736842105263,2.1
13:23:59.642871,68.18181818181819,2.1
13:23:59.743219,68.42105263157895,2.1
13:23:59.843500,75.0,2.1
13:23:59.943824,80.0,2.1
13:24:00.044528,68.42105263157895,2.1
13:24:00.144849,75.0,2.1
13:24:00.245120,80.0,2.1
13:24:00.345919,75.0,2.1
13:24:00.448801,65.0,2.1
13:24:00.549051,65.0,2.1
13:24:00.649449,70.0,2.1
13:24:00.749748,70.0,2.1
13:24:00.851878,75.0,2.09
13:24:00.952104,75.0,2.09
13:24:01.052404,80.0,2.09
13:24:01.152687,71.42857142857143,2.09
13:24:01.252933,88.88888888888889,2.09
13:24:01.353171,66.66666666666667,2.09
13:24:01.455753,70.0,2.09
13:24:01.556137,70.0,2.09
13:24:01.656380,57.14285714285714,2.09
13:24:01.758860,65.0,2.09
13:24:01.859120,70.0,2.09
13:24:01.959392,60.0,2.09
13:24:02.059780,63.1578947368421,2.09
13:24:02.161780,75.0,2.09
13:24:02.262118,66.66666666666667,2.09
13:24:02.362718,65.0,2.09
13:24:02.465703,70.0,2.09
13:24:02.566015,68.42105263157895,2.09
13:24:02.666782,72.72727272727273,2.09
13:24:02.767022,73.6842105263158,2.09
13:24:02.867328,61.904761904761905,2.09
13:24:02.967645,73.6842105263158,2.09
13:24:03.069777,71.42857142857143,2.09
13:24:03.170041,68.42105263157895,2.09
13:24:03.270391,75.0,2.09
13:24:03.370703,75.0,2.09
13:24:03.471885,70.0,2.09
13:24:03.573783,71.42857142857143,2.09
13:24:03.674105,75.0,2.09
13:24:03.774407,65.0,2.09
13:24:03.876886,76.19047619047619,2.09
13:24:03.977601,78.94736842105263,2.09
13:24:04.078814,66.66666666666667,2.09
13:24:04.179146,70.0,2.09
13:24:04.279453,65.0,2.09
13:24:04.379753,80.0,2.09
13:24:04.480110,65.0,2.09
13:24:04.580986,68.42105263157895,2.09
13:24:04.681900,57.14285714285714,2.09
13:24:04.782845,75.0,2.09
13:24:04.883129,57.89473684210527,2.09
13:24:04.983415,76.19047619047619,2.09
13:24:05.083840,71.42857142857143,2.09
13:24:05.184313,63.1578947368421,2.09
13:24:05.284791,65.0,2.09
13:24:05.385074,76.19047619047619,2.09
13:24:05.485460,63.1578947368421,2.09
13:24:05.588993,70.0,2.09
13:24:05.689282,70.0,2.09
13:24:05.789753,66.66666666666667,2.08
13:24:05.890780,61.904761904761905,2.08
13:24:05.991055,80.0,2.08
13:24:06.091370,66.66666666666667,2.08
13:24:06.195760,81.81818181818181,2.08
13:24:06.300810,100.0,2.08
13:24:06.401108,65.0,2.08
13:24:06.501407,70.0,2.08
13:24:06.601782,57.89473684210527,2.08
13:24:06.702100,61.904761904761905,2.08
13:24:06.806021,71.42857142857143,2.08
13:24:06.907798,75.0,2.08
13:24:07.008060,57.89473684210527,2.08
13:24:07.108355,72.72727272727273,2.08
13:24:07.208681,65.0,2.08
13:24:07.308986,68.42105263157895,2.08
13:24:07.409473,65.0,2.08
13:24:07.509806,66.66666666666667,2.08
13:24:07.610828,65.0,2.08
13:24:07.711323,70.0,2.08
13:24:07.811673,57.89473684210527,2.08
13:24:07.913012,63.1578947368421,2.08
13:24:08.013493,76.19047619047619,2.08
13:24:08.114830,70.0,2.08
13:24:08.215105,66.66666666666667,2.08
13:24:08.315429,63.1578947368421,2.08
13:24:08.415836,78.94736842105263,2.08
13:24:08.517985,85.71428571428572,2.08
13:24:08.618308,80.0,2.08
13:24:08.718691,73.6842105263158,2.08
13:24:08.821121,71.42857142857143,2.08
13:24:08.921472,90.0,2.08
13:24:09.021930,80.0,2.08
13:24:09.122312,68.42105263157895,2.08
13:24:09.224032,80.0,2.08
13:24:09.324842,66.66666666666667,2.08
13:24:09.425942,78.94736842105263,2.08
13:24:09.526364,85.0,2.08
13:24:09.628999,65.0,2.08
13:24:09.729454,75.0,2.08
13:24:09.829843,66.66666666666667,2.08
13:24:09.930899,75.0,2.08
13:24:10.031431,75.0,2.08
13:24:10.131777,63.1578947368421,2.08
13:24:10.232806,76.19047619047619,2.08
13:24:10.334777,78.94736842105263,2.08
13:24:10.435040,80.0,2.08
13:24:10.535364,76.19047619047619,2.08
13:24:10.635615,68.42105263157895,2.08
13:24:10.737866,68.18181818181819,2.08
13:24:10.838136,80.0,2.0
13:24:10.938386,72.22222222222221,2.0
13:24:11.038712,71.42857142857143,2.0
13:24:11.138990,78.94736842105263,2.0
13:24:11.239949,66.66666666666667,2.0
13:24:11.340236,78.94736842105263,2.0
13:24:11.440580,76.19047619047619,2.0
13:24:11.540909,73.6842105263158,2.0
13:24:11.641291,65.0,2.0
13:24:11.741837,55.00000000000001,2.0
13:24:11.842907,71.42857142857143,2.0
13:24:11.943171,73.6842105263158,2.0
13:24:12.043480,55.00000000000001,2.0
13:24:12.143788,66.66666666666667,2.0
13:24:12.245869,75.0,2.0
13:24:12.346294,63.1578947368421,2.0
13:24:12.447887,61.904761904761905,2.0
13:24:12.548878,76.19047619047619,2.0
13:24:12.649130,73.6842105263158,2.0
13:24:12.749420,55.00000000000001,2.0
13:24:12.849796,65.0,2.0
13:24:12.950910,68.42105263157895,2.0
13:24:13.051246,69.56521739130434,2.0
13:24:13.155039,60.0,2.0
13:24:13.255332,75.0,2.0
13:24:13.355836,68.42105263157895,2.0
13:24:13.456378,55.00000000000001,2.0
13:24:13.556837,70.0,2.0
13:24:13.657137,75.0,2.0
13:24:13.757560,60.0,2.0
13:24:13.859006,57.14285714285714,2.0
13:24:13.959399,68.42105263157895,2.0
13:24:14.059717,76.19047619047619,2.0
13:24:14.160790,75.0,2.0
13:24:14.261443,84.21052631578947,2.0
13:24:14.362268,70.0,2.0
13:24:14.462556,76.19047619047619,2.0
13:24:14.562944,75.0,2.0
13:24:14.663235,75.0,2.0
13:24:14.763533,73.6842105263158,2.0
13:24:14.863825,61.904761904761905,2.0
13:24:14.966763,70.0,2.0
13:24:15.067026,80.0,2.0
13:24:15.167279,76.19047619047619,2.0
13:24:15.269800,68.42105263157895,2.0
13:24:15.370129,61.904761904761905,2.0
13:24:15.470386,73.6842105263158,2.0
13:24:15.571769,70.0,2.0
13:24:15.672058,66.66666666666667,2.0
13:24:15.772320,68.42105263157895,2.08
13:24:15.872579,70.0,2.08
13:24:15.972873,61.904761904761905,2.08
13:24:16.073143,77.77777777777779,2.08
13:24:16.173400,75.0,2.08
13:24:16.275021,81.81818181818181,2.08
13:24:16.375266,68.42105263157895,2.08
13:24:16.475496,70.0,2.08
13:24:16.575771,66.66666666666667,2.08
13:24:16.677879,66.66666666666667,2.08
13:24:16.778171,68.42105263157895,2.08
13:24:16.878439,65.0,2.08
13:24:16.978803,65.0,2.08
13:24:17.079784,75.0,2.08
13:24:17.180182,65.0,2.08
13:24:17.280514,68.42105263157895,2.08
13:24:17.380821,66.66666666666667,2.08
13:24:17.482904,65.0,2.08
13:24:17.583779,70.0,2.08
13:24:17.684070,71.42857142857143,2.08
13:24:17.784420,65.0,2.08
13:24:17.885788,70.0,2.08
13:24:17.986065,71.42857142857143,2.08
13:24:18.086319,68.42105263157895,2.08
13:24:18.186614,76.19047619047619,2.08
13:24:18.290769,66.66666666666667,2.08
13:24:18.391005,68.42105263157895,2.08
13:24:18.491337,65.0,2.08
13:24:18.591604,70.0,2.08
13:24:18.695749,76.19047619047619,2.08
13:24:18.796028,73.6842105263158,2.08
13:24:18.896307,71.42857142857143,2.08
13:24:18.996563,63.1578947368421,2.08
13:24:19.096872,70.0,2.08
13:24:19.197785,65.0,2.08
13:24:19.298252,68.42105263157895,2.08
13:24:19.398508,71.42857142857143,2.08
13:24:19.498753,65.0,2.08
13:24:19.599025,65.0,2.08
13:24:19.699748,70.0,2.08
13:24:19.800017,75.0,2.08
13:24:19.900465,61.904761904761905,2.08
13:24:20.000789,72.22222222222221,2.08
13:24:20.101869,71.42857142857143,2.08
13:24:20.202244,66.66666666666667,2.08
13:24:20.302729,57.89473684210527,2.08
13:24:20.403764,66.66666666666667,2.08
13:24:20.504017,75.0,2.08
13:24:20.604310,84.21052631578947,2.08
13:24:20.704693,61.904761904761905,2.08
13:24:20.805097,68.42105263157895,2.07
13:24:20.906796,76.19047619047619,2.07
13:24:21.007145,73.6842105263158,2.07
13:24:21.107518,76.19047619047619,2.07
13:24:21.208780,75.0,2.07
13:24:21.309059,66.66666666666667,2.07
13:24:21.409423,63.1578947368421,2.07
13:24:21.509815,75.0,2.07
13:24:21.610795,65.0,2.07
13:24:21.711207,63.1578947368421,2.07
13:24:21.811522,71.42857142857143,2.07
13:24:21.912944,73.6842105263158,2.07
13:24:22.013311,66.66666666666667,2.07
13:24:22.113654,65.0,2.07
13:24:22.213970,70.0,2.07
13:24:22.315785,68.42105263157895,2.07
13:24:22.416042,76.19047619047619,2.07
13:24:22.516322,73.6842105263158,2.07
13:24:22.616568,60.0,2.07
13:24:22.724744,77.27272727272727,2.07
13:24:22.824966,80.0,2.07
13:24:22.925243,76.19047619047619,2.07
13:24:23.025579,70.0,2.07
13:24:23.126418,84.21052631578947,2.07
13:24:23.226823,76.19047619047619,2.07
13:24:23.327807,63.1578947368421,2.07
13:24:23.428109,80.0,2.07
13:24:23.528359,70.0,2.07
13:24:23.628596,66.66666666666667,2.07
13:24:23.729338,73.6842105263158,2.07
13:24:23.831793,71.42857142857143,2.07
13:24:23.932062,60.0,2.07
13:24:24.032385,75.0,2.07
13:24:24.136790,66.66666666666667,2.07
13:24:24.237067,68.42105263157895,2.07
13:24:24.337371,65.0,2.07
13:24:24.437677,65.0,2.07
13:24:24.537940,65.0,2.07
13:24:24.639132,66.66666666666667,2.07
13:24:24.739461,72.22222222222221,2.07
13:24:24.839869,76.19047619047619,2.07
13:24:24.940919,66.66666666666667,2.07
13:24:25.042753,80.0,2.07
13:24:25.143038,73.6842105263158,2.07
13:24:25.243303,75.0,2.07
13:24:25.343583,75.0,2.07
13:24:25.443890,75.0,2.07
13:24:25.544213,70.0,2.07
13:24:25.644671,70.0,2.07
13:24:25.744931,76.19047619047619,2.07
13:24:25.845256,66.66666666666667,2.06
13:24:25.947767,66.66666666666667,2.06
13:24:26.047985,66.66666666666667,2.06
13:24:26.148249,73.6842105263158,2.06
13:24:26.248578,75.0,2.06
13:24:26.349107,75.0,2.06
13:24:26.449794,76.19047619047619,2.06
13:24:26.550061,72.22222222222221,2.06
13:24:26.651802,66.66666666666667,2.06
13:24:26.752096,65.0,2.06
13:24:26.852383,75.0,2.06
13:24:26.952676,60.0,2.06
13:24:27.053850,63.1578947368421,2.06
13:24:27.154089,72.72727272727273,2.06
13:24:27.254434,63.1578947368421,2.06
13:24:27.356892,66.66666666666667,2.06
13:24:27.457146,71.42857142857143,2.06
13:24:27.559776,61.904761904761905,2.06
13:24:27.660041,68.42105263157895,2.06
13:24:27.760323,57.89473684210527,2.06
13:24:27.860598,71.42857142857143,2.06
13:24:27.960853,73.6842105263158,2.06
13:24:28.061411,61.904761904761905,2.06
13:24:28.161672,75.0,2.06
13:24:28.261927,75.0,2.06
13:24:28.362272,60.0,2.06
13:24:28.463397,73.6842105263158,2.06
13:24:28.563650,61.904761904761905,2.06
13:24:28.663922,63.1578947368421,2.06
13:24:28.764349,70.0,2.06
13:24:28.864719,57.14285714285714,2.06
13:24:28.965162,63.1578947368421,2.06
13:24:29.067927,71.42857142857143,2.06
13:24:29.168210,70.0,2.06
13:24:29.268549,100.0,2.06
13:24:29.369039,71.42857142857143,2.06
13:24:29.469346,61.904761904761905,2.06
13:24:29.569617,70.0,2.06
13:24:29.669890,73.6842105263158,2.06
13:24:29.770145,63.1578947368421,2.06
13:24:29.870436,66.66666666666667,2.06
13:24:29.970798,70.0,2.06
13:24:30.071076,75.0,2.06
13:24:30.172787,71.42857142857143,2.06
13:24:30.273071,63.1578947368421,2.06
13:24:30.373432,65.0,2.06
13:24:30.473714,75.0,2.06
13:24:30.574177,65.0,2.06
13:24:30.675795,61.904761904761905,2.06
13:24:30.778844,60.0,1.98
13:24:30.879838,75.0,1.98
13:24:30.980508,60.0,1.98
13:24:31.085839,66.66666666666667,1.98
13:24:31.186108,73.6842105263158,1.98
13:24:31.286403,80.0,1.98
13:24:31.387832,57.14285714285714,1.98
13:24:31.488115,75.0,1.98
13:24:31.588487,68.42105263157895,1.98
13:24:31.688783,66.66666666666667,1.98
13:24:31.789029,68.42105263157895,1.98
13:24:31.889307,66.66666666666667,1.98
13:24:31.990871,70.0,1.98
13:24:32.091234,60.0,1.98
13:24:32.191514,71.42857142857143,1.98
13:24:32.292775,75.0,1.98
13:24:32.393090,61.111111111111114,1.98
13:24:32.493750,61.904761904761905,1.98
13:24:32.594787,65.0,1.98
13:24:32.695026,80.0,1.98
13:24:32.795284,80.0,1.98
13:24:32.895745,57.89473684210527,1.98
13:24:32.998770,65.21739130434783,1.98
13:24:33.099014,73.6842105263158,1.98
13:24:33.199236,80.0,1.98
13:24:33.299800,70.0,1.98
13:24:33.400780,75.0,1.98
13:24:33.501043,70.0,1.98
13:24:33.601352,65.0,1.98
13:24:33.703902,70.0,1.98
13:24:33.804288,76.19047619047619,1.98
13:24:33.904532,80.0,1.98
13:24:34.004756,70.0,1.98
13:24:34.104995,73.6842105263158,1.98
13:24:34.205240,76.19047619047619,1.98
13:24:34.305580,63.1578947368421,1.98
13:24:34.406793,70.0,1.98
13:24:34.507769,71.42857142857143,1.98
13:24:34.608071,75.0,1.98
13:24:34.708809,80.0,1.98
13:24:34.809042,65.0,1.98
13:24:34.909299,70.0,1.98
13:24:35.009792,70.0,1.98
13:24:35.110790,65.0,1.98
13:24:35.212828,76.19047619047619,1.98
13:24:35.313110,65.0,1.98
13:24:35.413382,75.0,1.98
13:24:35.513708,57.89473684210527,1.98
13:24:35.614000,65.0,1.98
13:24:35.714452,73.6842105263158,1.98
13:24:35.814772,71.42857142857143,1.9
13:24:35.915063,71.42857142857143,1.9
13:24:36.015335,84.21052631578947,1.9
13:24:36.116239,65.0,1.9
13:24:36.216587,78.94736842105263,1.9
13:24:36.316880,80.95238095238095,1.9
13:24:36.417774,70.0,1.9
13:24:36.518005,78.94736842105263,1.9
13:24:36.618237,70.0,1.9
13:24:36.718570,55.00000000000001,1.9
13:24:36.819011,61.904761904761905,1.9
13:24:36.919665,68.42105263157895,1.9
13:24:37.019937,65.0,1.9
13:24:37.121030,60.0,1.9
13:24:37.222766,71.42857142857143,1.9
13:24:37.324763,71.42857142857143,1.9
13:24:37.425136,57.89473684210527,1.9
13:24:37.525405,63.1578947368421,1.9
13:24:37.625684,71.42857142857143,1.9
13:24:37.728817,71.42857142857143,1.9
13:24:37.829142,55.00000000000001,1.9
13:24:37.931858,100.0,1.9
13:24:38.032217,78.94736842105263,1.9
13:24:38.134783,66.66666666666667,1.9
13:24:38.235021,75.0,1.9
13:24:38.335284,66.66666666666667,1.9
13:24:38.435543,70.0,1.9
13:24:38.535768,63.1578947368421,1.9
13:24:38.635954,70.0,1.9
13:24:38.736231,65.0,1.9
13:24:38.836586,66.66666666666667,1.9
13:24:38.937796,65.0,1.9
13:24:39.038799,73.6842105263158,1.9
13:24:39.142829,66.66666666666667,1.9
13:24:39.243097,60.0,1.9
13:24:39.343433,65.0,1.9
13:24:39.443786,70.0,1.9
13:24:39.544125,60.0,1.9
13:24:39.644513,63.1578947368421,1.9
13:24:39.744832,65.0,1.9
13:24:39.845695,70.0,1.9
13:24:39.946026,80.0,1.9
13:24:40.046246,65.0,1.9
13:24:40.146477,66.66666666666667,1.9
13:24:40.246711,73.6842105263158,1.9
13:24:40.347130,71.42857142857143,1.9
13:24:40.447422,75.0,1.9
13:24:40.549884,70.0,1.9
13:24:40.650790,73.6842105263158,1.9
13:24:40.751747,76.19047619047619,1.9
13:24:40.853919,75.0,1.99
13:24:40.954290,63.1578947368421,1.99
13:24:41.054693,70.0,1.99
13:24:41.154958,70.0,1.99
13:24:41.255196,80.95238095238095,1.99
13:24:41.355475,65.0,1.99
13:24:41.455871,68.42105263157895,1.99
13:24:41.557211,75.0,1.99
13:24:41.657450,76.19047619047619,1.99
13:24:41.758791,70.0,1.99
13:24:41.859054,68.42105263157895,1.99
13:24:41.959383,70.0,1.99
13:24:42.060801,71.42857142857143,1.99
13:24:42.162773,75.0,1.99
13:24:42.263146,61.904761904761905,1.99
13:24:42.363875,60.0,1.99
13:24:42.464264,78.94736842105263,1.99
13:24:42.564518,75.0,1.99
13:24:42.664933,70.0,1.99
13:24:42.766751,71.42857142857143,1.99
13:24:42.866973,70.0,1.99
13:24:42.967438,73.6842105263158,1.99
13:24:43.067737,76.19047619047619,1.99
13:24:43.170882,78.94736842105263,1.99
13:24:43.271137,71.42857142857143,1.99
13:24:43.371435,63.1578947368421,1.99
13:24:43.472002,76.19047619047619,1.99
13:24:43.572243,78.94736842105263,1.99
13:24:43.672656,60.0,1.99
13:24:43.773835,70.0,1.99
13:24:43.874273,85.0,1.99
13:24:43.975885,65.0,1.99
13:24:44.076193,70.0,1.99
13:24:44.176493,75.0,1.99
13:24:44.277098,80.95238095238095,1.99
13:24:44.377403,65.0,1.99
13:24:44.477745,73.6842105263158,1.99
13:24:44.580041,60.0,1.99
13:24:44.680354,70.0,1.99
13:24:44.781432,66.66666666666667,1.99
13:24:44.881836,60.0,1.99
13:24:44.985839,70.0,1.99
13:24:45.086161,75.0,1.99
13:24:45.186428,71.42857142857143,1.99
13:24:45.287786,68.42105263157895,1.99
13:24:45.388016,63.1578947368421,1.99
13:24:45.488249,66.66666666666667,1.99
13:24:45.588493,75.0,1.99
13:24:45.688768,80.0,1.99
13:24:45.789013,75.0,2.07
13:24:45.889333,70.0,2.07
13:24:45.989734,66.66666666666667,2.07
13:24:46.090795,75.0,2.07
13:24:46.192858,80.0,2.07
13:24:46.293128,83.33333333333334,2.07
13:24:46.393452,66.66666666666667,2.07
13:24:46.493752,65.0,2.07
13:24:46.593981,68.42105263157895,2.07
13:24:46.695799,63.63636363636363,2.07
13:24:46.796039,73.6842105263158,2.07
13:24:46.896857,70.0,2.07
13:24:46.997099,76.19047619047619,2.07
13:24:47.097296,73.6842105263158,2.07
13:24:47.199011,61.904761904761905,2.07
13:24:47.300795,75.0,2.07
13:24:47.403029,75.0,2.07
13:24:47.503440,65.0,2.07
13:24:47.603796,84.21052631578947,2.07
13:24:47.704850,70.0,2.07
13:24:47.805092,66.66666666666667,2.07
13:24:47.905391,60.0,2.07
13:24:48.005752,75.0,2.07
13:24:48.107888,75.0,2.07
13:24:48.208301,55.00000000000001,2.07
13:24:48.311828,76.19047619047619,2.07
13:24:48.412134,78.94736842105263,2.07
13:24:48.512483,57.14285714285714,2.07
13:24:48.612794,73.6842105263158,2.07
13:24:48.713080,76.19047619047619,2.07
13:24:48.813547,63.1578947368421,2.07
13:24:48.914875,57.14285714285714,2.07
13:24:49.017754,75.0,2.07
13:24:49.117979,73.6842105263158,2.07
13:24:49.218440,65.0,2.07
13:24:49.318837,60.0,2.07
13:24:49.420904,72.72727272727273,2.07
13:24:49.521356,70.0,2.07
13:24:49.621927,60.0,2.07
13:24:49.722757,66.66666666666667,2.07
13:24:49.822998,75.0,2.07
13:24:49.923436,68.42105263157895,2.07
13:24:50.024872,60.0,2.07
13:24:50.125777,70.0,2.07
13:24:50.226084,95.23809523809523,2.07
13:24:50.326886,78.94736842105263,2.07
13:24:50.427362,60.0,2.07
13:24:50.527604,70.0,2.07
13:24:50.629865,76.19047619047619,2.07
13:24:50.730123,70.0,2.07
13:24:50.830459,68.42105263157895,2.22
13:24:50.932195,76.19047619047619,2.22
13:24:51.032503,70.0,2.22
13:24:51.133931,68.42105263157895,2.22
13:24:51.235784,75.0,2.22
13:24:51.336091,65.0,2.22
13:24:51.436440,70.0,2.22
13:24:51.536786,61.904761904761905,2.22
13:24:51.637102,57.89473684210527,2.22
13:24:51.738771,71.42857142857143,2.22
13:24:51.839034,75.0,2.22
13:24:51.939363,60.0,2.22
13:24:52.039732,60.0,2.22
13:24:52.141873,71.42857142857143,2.22
13:24:52.242096,75.0,2.22
13:24:52.342313,68.42105263157895,2.22
13:24:52.442682,60.0,2.22
13:24:52.542945,66.66666666666667,2.22
13:24:52.644767,63.1578947368421,2.22
13:24:52.745031,71.42857142857143,2.22
13:24:52.845435,57.89473684210527,2.22
13:24:52.945811,66.66666666666667,2.22
13:24:53.046166,68.42105263157895,2.22
13:24:53.146466,75.0,2.22
13:24:53.246749,80.0,2.22
13:24:53.348890,71.42857142857143,2.22
13:24:53.449205,80.0,2.22
13:24:53.553563,66.66666666666667,2.22
13:24:53.653842,70.0,2.22
13:24:53.754307,68.42105263157895,2.22
13:24:53.854724,61.904761904761905,2.22
13:24:53.955014,57.89473684210527,2.22
13:24:54.055925,76.19047619047619,2.22
13:24:54.156282,77.77777777777779,2.22
13:24:54.256687,75.0,2.22
13:24:54.357802,76.19047619047619,2.22
13:24:54.458150,78.94736842105263,2.22
13:24:54.558517,65.0,2.22
13:24:54.659316,80.0,2.22
13:24:54.759611,65.0,2.22
13:24:54.861976,80.0,2.22
13:24:54.962284,65.0,2.22
13:24:55.062599,61.904761904761905,2.22
13:24:55.162955,68.42105263157895,2.22
13:24:55.263317,70.0,2.22
13:24:55.365681,66.66666666666667,2.22
13:24:55.465942,75.0,2.22
13:24:55.566232,75.0,2.22
13:24:55.666530,65.0,2.22
13:24:55.766786,70.0,2.22
13:24:55.867160,84.21052631578947,2.29
13:24:55.967505,60.0,2.29
13:24:56.067789,75.0,2.29
13:24:56.172971,72.72727272727273,2.29
13:24:56.273217,75.0,2.29
13:24:56.373502,70.0,2.29
13:24:56.473827,75.0,2.29
13:24:56.574739,75.0,2.29
13:24:56.675071,73.6842105263158,2.29
13:24:56.775358,71.42857142857143,2.29
13:24:56.877876,80.0,2.29
13:24:56.978170,71.42857142857143,2.29
13:24:57.078698,60.0,2.29
13:24:57.179184,73.6842105263158,2.29
13:24:57.279483,78.94736842105263,2.29
13:24:57.380196,66.66666666666667,2.29
13:24:57.480504,68.42105263157895,2.29
13:24:57.581249,70.0,2.29
13:24:57.681717,76.19047619047619,2.29
13:24:57.782362,63.1578947368421,2.29
13:24:57.882707,66.66666666666667,2.29
13:24:57.984818,70.0,2.29
13:24:58.085548,70.0,2.29
13:24:58.185886,70.0,2.29
13:24:58.287748,65.0,2.29
13:24:58.388061,70.0,2.29
13:24:58.488395,65.0,2.29
13:24:58.588733,65.0,2.29
13:24:58.689992,63.1578947368421,2.29
13:24:58.790316,68.18181818181819,2.29
13:24:58.890674,75.0,2.29
13:24:58.991206,60.0,2.29
13:24:59.091455,68.42105263157895,2.29
13:24:59.192904,80.95238095238095,2.29
13:24:59.293250,90.0,2.29
13:24:59.393719,63.1578947368421,2.29
13:24:59.494827,60.0,2.29
13:24:59.595081,71.42857142857143,2.29
13:24:59.695443,63.1578947368421,2.29
13:24:59.796004,71.42857142857143,2.29
13:24:59.896385,65.0,2.29
13:24:59.996701,63.1578947368421,2.29
13:25:00.097179,70.0,2.29
13:25:00.198021,80.95238095238095,2.29
13:25:00.298563,73.6842105263158,2.29
13:25:00.399804,75.0,2.29
13:25:00.500061,61.904761904761905,2.29
13:25:00.600518,65.0,2.29
13:25:00.702714,70.0,2.29
13:25:00.803469,71.42857142857143,2.26
13:25:00.903827,70.0,2.26
13:25:01.004353,55.00000000000001,2.26
13:25:01.104898,60.0,2.26
13:25:01.207844,55.00000000000001,2.26
13:25:01.308131,85.0,2.26
13:25:01.408479,65.0,2.26
13:25:01.509161,70.0,2.26
13:25:01.611821,61.904761904761905,2.26
13:25:01.712094,65.0,2.26
13:25:01.812387,73.6842105263158,2.26
13:25:01.913033,71.42857142857143,2.26
13:25:02.013394,68.42105263157895,2.26
13:25:02.115940,85.0,2.26
13:25:02.217794,66.66666666666667,2.26
13:25:02.318036,68.42105263157895,2.26
13:25:02.418292,65.0,2.26
13:25:02.518766,75.0,2.26
13:25:02.621815,66.66666666666667,2.26
13:25:02.722049,78.94736842105263,2.26
13:25:02.822326,78.94736842105263,2.26
13:25:02.922812,72.72727272727273,2.26
13:25:03.023834,72.22222222222221,2.26
13:25:03.124119,76.19047619047619,2.26
13:25:03.224402,80.95238095238095,2.26
13:25:03.324722,70.0,2.26
13:25:03.425161,73.6842105263158,2.26
13:25:03.525475,70.0,2.26
13:25:03.628891,80.95238095238095,2.26
13:25:03.731785,78.94736842105263,2.26
13:25:03.832772,68.18181818181819,2.26
13:25:03.933263,73.6842105263158,2.26
13:25:04.033857,61.904761904761905,2.26
13:25:04.134913,75.0,2.26
13:25:04.235348,68.42105263157895,2.26
13:25:04.335672,60.0,2.26
13:25:04.437445,76.19047619047619,2.26
13:25:04.537724,73.6842105263158,2.26
13:25:04.639082,55.00000000000001,2.26
13:25:04.739353,71.42857142857143,2.26
13:25:04.839746,73.6842105263158,2.26
13:25:04.940807,60.86956521739131,2.26
13:25:05.041117,78.94736842105263,2.26
13:25:05.141621,70.0,2.26
13:25:05.242065,57.14285714285714,2.26
13:25:05.342782,66.66666666666667,2.26
13:25:05.443084,76.19047619047619,2.26
13:25:05.543449,75.0,2.26
13:25:05.643981,65.0,2.26
13:25:05.744299,70.0,2.26
13:25:05.844579,75.0,2.24
13:25:05.945149,60.0,2.24
13:25:06.045490,68.42105263157895,2.24
13:25:06.146826,85.0,2.24
13:25:06.247089,80.0,2.24
13:25:06.347589,65.0,2.24
13:25:06.449819,68.18181818181819,2.24
13:25:06.550115,73.6842105263158,2.24
13:25:06.650467,80.95238095238095,2.24
13:25:06.752715,78.94736842105263,2.24
13:25:06.855819,71.42857142857143,2.24
13:25:06.956064,73.6842105263158,2.24
13:25:07.056351,52.63157894736843,2.24
13:25:07.157780,76.19047619047619,2.24
13:25:07.258332,65.0,2.24
13:25:07.358784,71.42857142857143,2.24
13:25:07.459799,60.0,2.24
13:25:07.560206,68.42105263157895,2.24
13:25:07.660455,66.66666666666667,2.24
13:25:07.762775,75.0,2.24
13:25:07.863106,68.42105263157895,2.24
13:25:07.963536,63.1578947368421,2.24
13:25:08.064866,71.42857142857143,2.24
13:25:08.165237,75.0,2.24
13:25:08.265613,75.0,2.24
13:25:08.365948,66.66666666666667,2.24
13:25:08.466240,78.94736842105263,2.24
13:25:08.566524,70.0,2.24
13:25:08.666765,78.94736842105263,2.24
13:25:08.767021,70.0,2.24
13:25:08.867451,71.42857142857143,2.24
13:25:08.967989,68.42105263157895,2.24
13:25:09.068372,60.0,2.24
13:25:09.171799,76.19047619047619,2.24
13:25:09.272111,65.0,2.24
13:25:09.372465,66.66666666666667,2.24
13:25:09.472980,65.0,2.24
13:25:09.575698,70.0,2.24
13:25:09.675921,80.0,2.24
13:25:09.776172,65.0,2.24
13:25:09.876404,80.0,2.24
13:25:09.976664,75.0,2.24
13:25:10.076936,63.1578947368421,2.24
13:25:10.177774,76.19047619047619,2.24
13:25:10.278068,73.6842105263158,2.24
13:25:10.378562,66.66666666666667,2.24
13:25:10.479094,65.0,2.24
13:25:10.579448,68.42105263157895,2.24
13:25:10.679784,71.42857142857143,2.24
13:25:10.780039,76.19047619047619,2.3
13:25:10.880895,68.42105263157895,2.3
13:25:10.981184,65.0,2.3
13:25:11.081929,55.00000000000001,2.3
13:25:11.182304,65.0,2.3
13:25:11.282822,71.42857142857143,2.3
13:25:11.384065,63.1578947368421,2.3
13:25:11.484464,55.00000000000001,2.3
13:25:11.585858,70.0,2.3
13:25:11.687789,66.66666666666667,2.3
13:25:11.788494,63.1578947368421,2.3
13:25:11.889178,60.0,2.3
13:25:11.991795,57.14285714285714,2.3
13:25:12.092793,75.0,2.3
13:25:12.193030,71.42857142857143,2.3
13:25:12.293497,50.0,2.3
13:25:12.394856,71.42857142857143,2.3
13:25:12.495115,73.6842105263158,2.3
13:25:12.595533,63.63636363636363,2.3
13:25:12.699748,60.0,2.3
13:25:12.800019,70.0,2.3
13:25:12.900283,75.0,2.3
13:25:13.000783,70.0,2.3
13:25:13.102028,57.14285714285714,2.3
13:25:13.203752,75.0,2.3
13:25:13.303972,75.0,2.3
13:25:13.404297,78.94736842105263,2.3
13:25:13.504756,65.0,2.3
13:25:13.605152,73.6842105263158,2.3
13:25:13.705434,75.0,2.3
13:25:13.806985,70.0,2.3
13:25:13.909787,77.27272727272727,2.3
13:25:14.010129,70.0,2.3
13:25:14.110571,73.6842105263158,2.3
13:25:14.211957,80.95238095238095,2.3
13:25:14.312916,100.0,2.3
13:25:14.413213,95.0,2.3
13:25:14.513983,85.0,2.3
13:25:14.614277,75.0,2.3
13:25:14.714582,63.1578947368421,2.3
13:25:14.814881,90.0,2.3
13:25:14.915148,75.0,2.3
13:25:15.015431,75.0,2.3
13:25:15.115706,70.0,2.3
13:25:15.216914,85.0,2.3
13:25:15.317208,65.0,2.3
13:25:15.417499,70.0,2.3
13:25:15.518932,60.0,2.3
13:25:15.619223,60.0,2.3
13:25:15.721785,65.0,2.3
13:25:15.822024,65.0,2.2
13:25:15.922285,66.66666666666667,2.2
13:25:16.022770,68.42105263157895,2.2
13:25:16.123123,70.0,2.2
13:25:16.223532,57.89473684210527,2.2
13:25:16.325793,81.81818181818181,2.2
13:25:16.426774,73.6842105263158,2.2
13:25:16.527010,80.95238095238095,2.2
13:25:16.627295,75.0,2.2
13:25:16.727569,75.0,2.2
13:25:16.827873,78.94736842105263,2.2
13:25:16.928778,70.0,2.2
13:25:17.029011,76.19047619047619,2.2
13:25:17.129302,77.77777777777779,2.2
13:25:17.229640,61.904761904761905,2.2
13:25:17.329986,73.6842105263158,2.2
13:25:17.430318,75.0,2.2
13:25:17.530548,75.0,2.2
13:25:17.630940,71.42857142857143,2.2
13:25:17.732786,75.0,2.2
13:25:17.836801,66.66666666666667,2.2
13:25:17.937039,70.0,2.2
13:25:18.037270,73.6842105263158,2.2
13:25:18.137529,68.42105263157895,2.2
13:25:18.237822,59.09090909090908,2.2
13:25:18.338765,65.0,2.2
13:25:18.439003,68.42105263157895,2.2
13:25:18.539397,71.42857142857143,2.2
13:25:18.639825,68.42105263157895,2.2
13:25:18.740134,80.95238095238095,2.2
13:25:18.840893,78.94736842105263,2.2
13:25:18.941137,71.42857142857143,2.2
13:25:19.041559,52.63157894736843,2.2
13:25:19.142787,76.19047619047619,2.2
13:25:19.243043,65.0,2.2
13:25:19.343262,70.0,2.2
13:25:19.443530,76.19047619047619,2.2
13:25:19.543872,70.0,2.2
13:25:19.644228,68.42105263157895,2.2
13:25:19.744856,65.0,2.2
13:25:19.845808,71.42857142857143,2.2
13:25:19.946100,68.42105263157895,2.2
13:25:20.046503,70.0,2.2
13:25:20.146800,60.0,2.2
13:25:20.247049,70.0,2.2
13:25:20.347437,60.0,2.2
13:25:20.447708,68.42105263157895,2.2
13:25:20.549886,68.18181818181819,2.2
13:25:20.650140,63.1578947368421,2.2
13:25:20.750397,71.42857142857143,2.2
13:25:20.850741,68.42105263157895,2.18
13:25:20.951117,65.0,2.18
13:25:21.051538,65.0,2.18
13:25:21.151823,65.0,2.18
13:25:21.253877,66.66666666666667,2.18
13:25:21.354319,63.1578947368421,2.18
13:25:21.454707,70.0,2.18
13:25:21.556834,68.18181818181819,2.18
13:25:21.657412,57.89473684210527,2.18
13:25:21.757808,70.0,2.18
13:25:21.858210,70.0,2.18
13:25:21.958752,68.42105263157895,2.18
13:25:22.059780,61.904761904761905,2.18
13:25:22.160053,70.0,2.18
13:25:22.260319,71.42857142857143,2.18
13:25:22.361979,63.1578947368421,2.18
13:25:22.462768,66.66666666666667,2.18
13:25:22.562997,73.6842105263158,2.18
13:25:22.663396,57.14285714285714,2.18
13:25:22.763739,65.0,2.18
13:25:22.865911,70.0,2.18
13:25:22.966340,65.0,2.18
13:25:23.066877,57.89473684210527,2.18
13:25:24.374165,91.66666666666666,2.18
13:25:24.487950,95.45454545454545,2.18
13:25:24.588230,100.0,2.18
13:25:24.691823,83.33333333333334,2.18
13:25:24.795809,89.47368421052632,2.18
13:25:24.899329,70.0,2.18
13:25:25.001856,95.23809523809523,2.18
13:25:25.102253,75.0,2.18
13:25:25.202573,65.0,2.18
13:25:25.303796,60.0,2.18
13:25:25.404075,72.22222222222221,2.18
13:25:25.504419,76.19047619047619,2.18
13:25:25.604895,76.19047619047619,2.18
13:25:25.705388,63.1578947368421,2.18
13:25:25.808922,76.19047619047619,2.33
13:25:25.909256,80.0,2.33
13:25:26.011724,71.42857142857143,2.33
13:25:26.113822,80.0,2.33
13:25:26.214106,73.6842105263158,2.33
13:25:26.314502,71.42857142857143,2.33
13:25:26.415028,73.6842105263158,2.33
13:25:26.516811,77.27272727272727,2.33
13:25:26.617076,77.77777777777779,2.33
13:25:26.720861,78.26086956521739,2.33
13:25:26.824293,84.21052631578947,2.33
13:25:26.924578,70.0,2.33
13:25:27.024954,65.0,2.33
13:25:27.130862,72.72727272727273,2.33
13:25:27.231164,78.94736842105263,2.33
13:25:27.331585,75.0,2.33
13:25:27.433805,75.0,2.33
13:25:27.534081,75.0,2.33
13:25:27.634401,72.72727272727273,2.33
13:25:27.736835,68.42105263157895,2.33
13:25:27.837108,78.94736842105263,2.33
13:25:27.938114,71.42857142857143,2.33
13:25:28.038477,65.0,2.33
13:25:28.139008,60.0,2.33
13:25:28.239807,70.0,2.33
13:25:28.342461,80.0,2.33
13:25:28.442807,80.95238095238095,2.33
13:25:28.543286,63.1578947368421,2.33
13:25:28.643806,66.66666666666667,2.33
13:25:28.744878,73.6842105263158,2.33
13:25:28.845146,85.0,2.33
13:25:28.945466,70.0,2.33
13:25:29.046888,66.66666666666667,2.33
13:25:29.147200,63.1578947368421,2.33
13:25:29.247536,60.0,2.33
13:25:29.347857,70.0,2.33
13:25:29.448270,90.0,2.33
13:25:29.548727,73.6842105263158,2.33
13:25:29.649201,65.0,2.33
13:25:29.749573,71.42857142857143,2.33
13:25:29.849953,68.42105263157895,2.33
13:25:29.952145,61.904761904761905,2.33
13:25:30.052492,63.1578947368421,2.33
13:25:30.154925,76.19047619047619,2.33
13:25:30.255334,66.66666666666667,2.33
13:25:30.356098,50.0,2.33
13:25:30.456814,95.0,2.33
13:25:30.557079,60.0,2.33
13:25:30.657373,65.0,2.33
13:25:30.758026,52.63157894736843,2.33
13:25:30.858843,75.0,2.38
13:25:30.959120,75.0,2.38
13:25:31.059788,55.00000000000001,2.38
13:25:31.160855,68.18181818181819,2.38
13:25:31.261148,75.0,2.38
13:25:31.361527,78.94736842105263,2.38
13:25:31.461891,75.0,2.38
13:25:31.562772,75.0,2.38
13:25:31.663046,70.0,2.38
13:25:31.763486,75.0,2.38
13:25:31.863859,57.89473684210527,2.38
13:25:31.964770,77.27272727272727,2.38
13:25:32.065004,65.0,2.38
13:25:32.165313,66.66666666666667,2.38
13:25:32.267668,78.94736842105263,2.38
13:25:32.367964,75.0,2.38
13:25:32.468237,70.0,2.38
13:25:32.568550,80.0,2.38
13:25:32.670217,71.42857142857143,2.38
13:25:32.770490,66.66666666666667,2.38
13:25:32.871096,61.904761904761905,2.38
13:25:32.971476,71.42857142857143,2.38
13:25:33.071827,75.0,2.38
13:25:33.173868,52.63157894736843,2.38
13:25:33.274855,71.42857142857143,2.38
13:25:33.377231,70.0,2.38
13:25:33.477530,70.0,2.38
13:25:33.577832,76.19047619047619,2.38
13:25:33.678257,52.63157894736843,2.38
13:25:33.779078,55.00000000000001,2.38
13:25:33.879472,75.0,2.38
13:25:33.981885,71.42857142857143,2.38
13:25:34.082175,60.0,2.38
13:25:34.182488,65.0,2.38
13:25:34.284922,80.0,2.38
13:25:34.385168,70.0,2.38
13:25:34.485508,65.0,2.38
13:25:34.585909,70.0,2.38
13:25:34.686140,63.1578947368421,2.38
13:25:34.787900,80.95238095238095,2.38
13:25:34.888150,70.0,2.38
13:25:34.988384,80.0,2.38
13:25:35.088731,65.0,2.38
13:25:35.189029,66.66666666666667,2.38
13:25:35.289308,63.1578947368421,2.38
13:25:35.389536,76.19047619047619,2.38
13:25:35.489919,60.0,2.38
13:25:35.590334,52.63157894736843,2.38
13:25:35.690582,76.19047619047619,2.38
13:25:35.792790,75.0,2.51
13:25:35.894800,75.0,2.51
13:25:35.995280,57.89473684210527,2.51
13:25:36.095590,71.42857142857143,2.51
13:25:36.197892,70.0,2.51
13:25:36.298300,57.89473684210527,2.51
13:25:36.398659,77.27272727272727,2.51
13:25:36.500913,66.66666666666667,2.51
13:25:36.601258,63.1578947368421,2.51
13:25:36.701821,63.1578947368421,2.51
13:25:36.802127,70.0,2.51
13:25:36.903697,61.904761904761905,2.51
13:25:37.006294,60.0,2.51
13:25:37.106562,76.19047619047619,2.51
13:25:37.206807,75.0,2.51
13:25:37.307166,73.6842105263158,2.51
13:25:37.407501,70.0,2.51
13:25:37.507839,76.19047619047619,2.51
13:25:37.608221,70.0,2.51
13:25:37.713786,72.72727272727273,2.51
13:25:37.814035,73.6842105263158,2.51
13:25:37.914285,75.0,2.51
13:25:38.020795,70.0,2.51
13:25:38.121120,71.42857142857143,2.51
13:25:38.221379,73.6842105263158,2.51
13:25:38.322862,76.19047619047619,2.51
13:25:38.423100,73.6842105263158,2.51
13:25:38.523341,66.66666666666667,2.51
13:25:38.623676,65.0,2.51
13:25:38.724098,76.19047619047619,2.51
13:25:38.824791,70.0,2.51
13:25:38.925071,60.0,2.51
13:25:39.025351,68.42105263157895,2.51
13:25:39.125755,75.0,2.51
13:25:39.226048,55.00000000000001,2.51
13:25:39.326867,57.14285714285714,2.51
13:25:39.427123,75.0,2.51
13:25:39.527440,65.0,2.51
13:25:39.627861,57.89473684210527,2.51
13:25:39.728263,71.42857142857143,2.51
13:25:39.828785,57.89473684210527,2.51
13:25:39.929078,65.0,2.51
13:25:40.030601,75.0,2.51
13:25:40.130919,70.0,2.51
13:25:40.231201,70.0,2.51
13:25:40.331542,75.0,2.51
13:25:40.432781,70.0,2.51
13:25:40.534761,75.0,2.51
13:25:40.635005,80.95238095238095,2.51
13:25:40.735299,75.0,2.51
13:25:40.835637,75.0,2.39
13:25:40.936035,73.6842105263158,2.39
13:25:41.036481,63.1578947368421,2.39
13:25:41.136787,77.27272727272727,2.39
13:25:41.237111,78.94736842105263,2.39
13:25:41.338277,75.0,2.39
13:25:41.438551,65.0,2.39
13:25:41.539796,71.42857142857143,2.39
13:25:41.640060,76.19047619047619,2.39
13:25:41.740360,84.21052631578947,2.39
13:25:41.840890,68.42105263157895,2.39
13:25:41.941790,71.42857142857143,2.39
13:25:42.042152,66.66666666666667,2.39
13:25:42.143774,73.6842105263158,2.39
13:25:42.244007,65.0,2.39
13:25:42.344349,70.0,2.39
13:25:42.444758,68.42105263157895,2.39
13:25:42.545862,65.0,2.39
13:25:42.646170,60.0,2.39
13:25:42.746603,66.66666666666667,2.39
13:25:42.847792,63.1578947368421,2.39
13:25:42.948131,71.42857142857143,2.39
13:25:43.048492,68.42105263157895,2.39
13:25:43.148871,66.66666666666667,2.39
13:25:43.249167,70.0,2.39
13:25:43.349587,60.0,2.39
13:25:43.451037,65.0,2.39
13:25:43.551325,71.42857142857143,2.39
13:25:43.652864,63.1578947368421,2.39
13:25:43.753110,60.0,2.39
13:25:43.853344,70.0,2.39
13:25:43.953719,66.66666666666667,2.39
13:25:44.054273,61.111111111111114,2.39
13:25:44.157244,68.18181818181819,2.39
13:25:44.257520,68.42105263157895,2.39
13:25:44.357878,61.904761904761905,2.39
13:25:44.458348,90.0,2.39
13:25:44.558933,78.94736842105263,2.39
13:25:44.659313,61.904761904761905,2.39
13:25:44.759668,66.66666666666667,2.39
13:25:44.863745,72.72727272727273,2.39
13:25:44.964075,55.00000000000001,2.39
13:25:45.064825,65.0,2.39
13:25:45.165311,73.6842105263158,2.39
13:25:45.265867,66.66666666666667,2.39
13:25:45.366170,55.00000000000001,2.39
13:25:45.466470,80.0,2.39
13:25:45.567965,70.0,2.39
13:25:45.668282,63.1578947368421,2.39
13:25:45.768707,61.904761904761905,2.39
13:25:45.869834,65.0,2.28
13:25:45.970192,66.66666666666667,2.28
13:25:46.070596,68.42105263157895,2.28
13:25:46.171810,65.0,2.28
13:25:46.272106,75.0,2.28
13:25:46.372475,65.0,2.28
13:25:46.472834,71.42857142857143,2.28
13:25:46.573229,65.0,2.28
13:25:46.673554,70.0,2.28
13:25:46.775900,65.0,2.28
13:25:46.876240,68.42105263157895,2.28
13:25:46.976849,66.66666666666667,2.28
13:25:47.080882,85.0,2.28
13:25:47.181207,100.0,2.28
13:25:47.282952,66.66666666666667,2.28
13:25:47.383415,60.0,2.28
13:25:47.483780,65.0,2.28
13:25:47.584118,70.0,2.28
13:25:47.684484,65.0,2.28
13:25:47.784831,63.1578947368421,2.28
13:25:47.885248,70.0,2.28
13:25:47.985778,61.904761904761905,2.28
13:25:48.086264,50.0,2.28
13:25:48.186867,57.89473684210527,2.28
13:25:48.287786,76.19047619047619,2.28
13:25:48.388532,65.0,2.28
13:25:48.488838,60.0,2.28
13:25:48.589109,68.42105263157895,2.28
13:25:48.689352,68.42105263157895,2.28
13:25:48.789693,61.904761904761905,2.28
13:25:48.890803,65.0,2.28
13:25:48.991073,70.0,2.28
13:25:49.091886,55.00000000000001,2.28
13:25:49.192920,60.0,2.28
13:25:49.293302,70.0,2.28
13:25:49.395890,60.0,2.28
13:25:49.496395,65.0,2.28
13:25:49.596917,57.14285714285714,2.28
13:25:49.697813,75.0,2.28
13:25:49.798143,75.0,2.28
13:25:49.898984,52.63157894736843,2.28
13:25:49.999385,70.0,2.28
13:25:50.099646,75.0,2.28
13:25:50.199962,65.0,2.28
13:25:50.300274,60.0,2.28
13:25:50.400654,66.66666666666667,2.28
13:25:50.501037,76.19047619047619,2.28
13:25:50.602884,60.0,2.28
13:25:50.703215,70.0,2.28
13:25:50.803820,73.6842105263158,2.26
13:25:50.904852,55.00000000000001,2.26
13:25:51.005212,66.66666666666667,2.26
13:25:51.105725,73.6842105263158,2.26
13:25:51.206778,65.0,2.26
13:25:51.307152,66.66666666666667,2.26
13:25:51.407406,73.6842105263158,2.26
13:25:51.507801,70.0,2.26
13:25:51.608123,65.0,2.26
13:25:51.708420,60.0,2.26
13:25:51.810797,71.42857142857143,2.26
13:25:51.911088,68.42105263157895,2.26
13:25:52.011572,60.0,2.26
13:25:52.112062,60.0,2.26
13:25:52.212464,55.00000000000001,2.26
13:25:52.312849,65.0,2.26
13:25:52.413313,50.0,2.26
13:25:52.513826,60.0,2.26
13:25:52.614294,60.0,2.26
13:25:52.714874,55.00000000000001,2.26
13:25:52.815383,55.00000000000001,2.26
13:25:52.918759,75.0,2.26
13:25:53.018983,76.19047619047619,2.26
13:25:53.119326,61.904761904761905,2.26
13:25:53.219894,63.1578947368421,2.26
13:25:53.323772,75.0,2.26
13:25:53.424130,71.42857142857143,2.26
13:25:53.524956,52.63157894736843,2.26
13:25:53.625799,71.42857142857143,2.26
13:25:53.726044,75.0,2.26
13:25:53.826504,63.1578947368421,2.26
13:25:53.927772,66.66666666666667,2.26
13:25:54.028016,71.42857142857143,2.26
13:25:54.128275,73.6842105263158,2.26
13:25:54.229014,47.36842105263158,2.26
13:25:54.329574,66.66666666666667,2.26
13:25:54.435854,77.27272727272727,2.26
13:25:54.536138,73.6842105263158,2.26
13:25:54.636518,55.00000000000001,2.26
13:25:54.736852,73.6842105263158,2.26
13:25:54.837174,71.42857142857143,2.26
13:25:54.937582,60.0,2.26
13:25:55.038919,61.904761904761905,2.26
13:25:55.139269,73.6842105263158,2.26
13:25:55.239585,76.19047619047619,2.26
13:25:55.340124,55.00000000000001,2.26
13:25:55.440709,75.0,2.26
13:25:55.541821,80.0,2.26
13:25:55.642131,80.0,2.26
13:25:55.742421,75.0,2.26
13:25:55.842833,60.0,2.24
13:25:55.943708,75.0,2.24
13:25:56.045872,76.19047619047619,2.24
13:25:56.146123,75.0,2.24
13:25:56.246368,70.0,2.24
13:25:56.346669,73.6842105263158,2.24
13:25:56.446910,66.66666666666667,2.24
13:25:56.547214,78.94736842105263,2.24
13:25:56.647466,71.42857142857143,2.24
13:25:56.747851,73.6842105263158,2.24
13:25:56.848313,71.42857142857143,2.24
13:25:56.954765,76.19047619047619,2.24
13:25:57.055167,68.42105263157895,2.24
13:25:57.156850,65.0,2.24
13:25:57.258978,65.0,2.24
13:25:57.359391,71.42857142857143,2.24
13:25:57.459734,70.0,2.24
13:25:57.560112,66.66666666666667,2.24
13:25:57.660441,73.6842105263158,2.24
13:25:57.762527,71.42857142857143,2.24
13:25:57.862853,75.0,2.24
13:25:57.963307,57.89473684210527,2.24
13:25:58.067612,75.0,2.24
13:25:58.169855,76.19047619047619,2.24
13:25:58.270116,70.0,2.24
13:25:58.370767,76.19047619047619,2.24
13:25:58.471194,63.1578947368421,2.24
13:25:58.571801,75.0,2.24
13:25:58.674815,66.66666666666667,2.24
13:25:58.775165,76.19047619047619,2.24
13:25:58.875415,75.0,2.24
13:25:58.981873,80.0,2.24
13:25:59.082127,70.0,2.24
13:25:59.182382,80.0,2.24
13:25:59.282688,65.0,2.24
13:25:59.383030,75.0,2.24
13:25:59.483789,90.47619047619048,2.24
13:25:59.584048,73.6842105263158,2.24
13:25:59.684406,73.6842105263158,2.24
13:25:59.784841,75.0,2.24
13:25:59.885857,66.66666666666667,2.24
13:25:59.986845,70.0,2.24
13:26:00.089877,80.0,2.24
13:26:00.190213,71.42857142857143,2.24
13:26:00.290706,60.0,2.24
13:26:00.392775,71.42857142857143,2.24
13:26:00.493040,85.0,2.24
13:26:00.593293,70.0,2.24
13:26:00.693600,73.6842105263158,2.24
13:26:00.794826,57.14285714285714,2.22
13:26:00.897489,71.42857142857143,2.22
13:26:00.997775,68.42105263157895,2.22
13:26:01.098127,65.0,2.22
13:26:01.198801,75.0,2.22
13:26:01.299106,80.0,2.22
13:26:01.399389,70.0,2.22
13:26:01.502778,77.27272727272727,2.22
13:26:01.603086,73.6842105263158,2.22
13:26:01.703516,70.0,2.22
13:26:01.803830,70.0,2.22
13:26:01.905700,78.94736842105263,2.22
13:26:02.006049,80.0,2.22
13:26:02.106465,68.42105263157895,2.22
13:26:02.206791,75.0,2.22
13:26:02.307790,71.42857142857143,2.22
13:26:02.408065,75.0,2.22
13:26:02.508315,73.6842105263158,2.22
13:26:02.608587,71.42857142857143,2.22
13:26:02.708966,68.42105263157895,2.22
13:26:02.809301,66.66666666666667,2.22
13:26:02.909784,75.0,2.22
13:26:03.010858,78.94736842105263,2.22
13:26:03.111239,71.42857142857143,2.22
13:26:03.211522,73.6842105263158,2.22
13:26:03.313770,76.19047619047619,2.22
13:26:03.414026,71.42857142857143,2.22
13:26:03.514266,57.89473684210527,2.22
13:26:03.614566,65.0,2.22
13:26:03.714964,80.0,2.22
13:26:03.815372,55.00000000000001,2.22
13:26:03.915685,70.0,2.22
13:26:04.018009,70.0,2.22
13:26:04.118438,60.0,2.22
13:26:04.218921,70.0,2.22
13:26:04.319946,75.0,2.22
13:26:04.420422,60.0,2.22
13:26:04.520746,70.0,2.22
13:26:04.620988,70.0,2.22
13:26:04.721459,70.0,2.22
13:26:04.821792,57.89473684210527,2.22
13:26:04.922101,71.42857142857143,2.22
13:26:05.022884,70.0,2.22
13:26:05.123241,65.0,2.22
13:26:05.223538,66.66666666666667,2.22
13:26:05.325369,65.0,2.22
13:26:05.425641,75.0,2.22
13:26:05.526843,70.0,2.22
13:26:05.627123,73.6842105263158,2.22
13:26:05.727518,66.66666666666667,2.22
13:26:05.828826,57.14285714285714,2.36
13:26:05.929128,65.0,2.36
13:26:06.029421,70.0,2.36
13:26:06.129727,68.42105263157895,2.36
13:26:06.230200,65.0,2.36
13:26:06.330534,65.0,2.36
13:26:06.431894,66.66666666666667,2.36
13:26:06.532786,85.71428571428572,2.36
13:26:06.633032,72.22222222222221,2.36
13:26:06.733272,80.0,2.36
13:26:06.834899,77.27272727272727,2.36
13:26:06.935121,66.66666666666667,2.36
13:26:07.035456,66.66666666666667,2.36
13:26:07.135815,65.0,2.36
13:26:07.236577,70.0,2.36
13:26:07.337872,70.0,2.36
13:26:07.438117,75.0,2.36
13:26:07.538372,75.0,2.36
13:26:07.638703,70.0,2.36
13:26:07.739045,68.42105263157895,2.36
13:26:07.839405,60.0,2.36
13:26:07.940174,70.0,2.36
13:26:08.040483,75.0,2.36
13:26:08.140931,61.904761904761905,2.36
13:26:08.242805,70.0,2.36
13:26:08.343167,70.0,2.36
13:26:08.443537,73.6842105263158,2.36
13:26:08.544791,66.66666666666667,2.36
13:26:08.645042,60.0,2.36
13:26:08.745381,78.94736842105263,2.36
13:26:08.845757,70.0,2.36
13:26:08.946137,65.0,2.36
13:26:09.046456,61.904761904761905,2.36
13:26:09.146886,70.0,2.36
13:26:09.247895,70.0,2.36
13:26:09.348424,55.00000000000001,2.36
13:26:09.448942,63.1578947368421,2.36
13:26:09.549765,71.42857142857143,2.36
13:26:09.650081,63.1578947368421,2.36
13:26:09.750458,55.00000000000001,2.36
13:26:09.850813,65.0,2.36
13:26:09.951057,70.0,2.36
13:26:10.051866,73.6842105263158,2.36
13:26:10.152332,54.54545454545454,2.36
13:26:10.252808,70.0,2.36
13:26:10.353086,75.0,2.36
13:26:10.453995,55.00000000000001,2.36
13:26:10.554277,60.0,2.36
13:26:10.656863,76.19047619047619,2.36
13:26:10.757400,63.1578947368421,2.36
13:26:10.857962,52.38095238095239,2.25
13:26:10.958767,73.6842105263158,2.25
13:26:11.059041,71.42857142857143,2.25
13:26:11.159315,70.0,2.25
13:26:11.259775,50.0,2.25
13:26:11.360790,73.6842105263158,2.25
13:26:11.461347,68.42105263157895,2.25
13:26:11.561619,73.6842105263158,2.25
13:26:11.661967,55.00000000000001,2.25
13:26:11.762256,71.42857142857143,2.25
13:26:11.862745,70.0,2.25
13:26:11.963517,70.0,2.25
13:26:12.063859,57.89473684210527,2.25
13:26:12.167901,77.27272727272727,2.25
13:26:12.268239,70.0,2.25
13:26:12.370320,73.6842105263158,2.25
13:26:12.470737,65.0,2.25
13:26:12.571071,80.0,2.25
13:26:12.674063,76.19047619047619,2.25
13:26:12.774594,65.0,2.25
13:26:12.875852,76.19047619047619,2.25
13:26:12.976174,75.0,2.25
13:26:13.076616,68.42105263157895,2.25
13:26:13.177073,71.42857142857143,2.25
13:26:13.277842,73.6842105263158,2.25
13:26:13.378206,76.19047619047619,2.25
13:26:13.478580,78.94736842105263,2.25
13:26:13.578913,71.42857142857143,2.25
13:26:13.679809,80.95238095238095,2.25
13:26:13.780156,78.94736842105263,2.25
13:26:13.880577,71.42857142857143,2.25
13:26:13.980958,66.66666666666667,2.25
13:26:14.081346,71.42857142857143,2.25
13:26:14.183921,80.0,2.25
13:26:14.284429,68.42105263157895,2.25
13:26:14.384965,80.95238095238095,2.25
13:26:14.485295,85.0,2.25
13:26:14.585602,84.21052631578947,2.25
13:26:14.689828,72.72727272727273,2.25
13:26:14.790554,80.0,2.25
13:26:14.890819,80.0,2.25
13:26:14.991189,63.1578947368421,2.25
13:26:15.093813,76.19047619047619,2.25
13:26:15.194062,68.42105263157895,2.25
13:26:15.294379,66.66666666666667,2.25
13:26:15.394868,73.6842105263158,2.25
13:26:15.495854,80.95238095238095,2.25
13:26:15.596364,57.89473684210527,2.25
13:26:15.696719,68.42105263157895,2.25
13:26:15.798795,68.18181818181819,2.23
13:26:15.899112,68.42105263157895,2.23
13:26:15.999676,61.904761904761905,2.23
13:26:16.100401,60.0,2.23
13:26:16.200788,68.42105263157895,2.23
13:26:16.302927,76.19047619047619,2.23
13:26:16.403263,60.0,2.23
13:26:16.503730,70.0,2.23
13:26:16.604044,68.42105263157895,2.23
13:26:16.704360,66.66666666666667,2.23
13:26:16.805910,65.0,2.23
13:26:16.906226,65.0,2.23
13:26:17.007595,76.19047619047619,2.23
13:26:17.108919,55.00000000000001,2.23
13:26:17.209335,71.42857142857143,2.23
13:26:17.309677,73.6842105263158,2.23
13:26:17.410809,65.0,2.23
13:26:17.511102,65.0,2.23
13:26:17.611417,75.0,2.23
13:26:17.712800,65.0,2.23
13:26:17.813065,70.0,2.23
13:26:17.913379,73.6842105263158,2.23
13:26:18.016822,66.66666666666667,2.23
13:26:18.117276,75.0,2.23
13:26:18.217586,66.66666666666667,2.23
13:26:18.318776,60.0,2.23
13:26:18.419171,70.0,2.23
13:26:18.519591,70.0,2.23
13:26:18.620818,65.0,2.23
13:26:18.721272,65.0,2.23
13:26:18.821620,68.42105263157895,2.23
13:26:18.923873,76.19047619047619,2.23
13:26:19.024089,63.1578947368421,2.23
13:26:19.124344,75.0,2.23
13:26:19.224728,61.904761904761905,2.23
13:26:19.325807,70.0,2.23
13:26:19.426063,73.6842105263158,2.23
13:26:19.527795,71.42857142857143,2.23
13:26:19.629818,60.0,2.23
13:26:19.730091,78.94736842105263,2.23
13:26:19.830371,71.42857142857143,2.23
13:26:19.931842,70.0,2.23
13:26:20.032103,80.0,2.23
13:26:20.132419,75.0,2.23
13:26:20.235818,85.0,2.23
13:26:20.336110,100.0,2.23
13:26:20.436431,73.6842105263158,2.23
13:26:20.537747,66.66666666666667,2.23
13:26:20.638130,71.42857142857143,2.23
13:26:20.738467,80.0,2.23
13:26:20.838780,65.0,2.13
13:26:20.939885,65.0,2.13
13:26:21.040207,68.42105263157895,2.13
13:26:21.140498,66.66666666666667,2.13
13:26:21.241891,68.42105263157895,2.13
13:26:21.342179,68.18181818181819,2.13
13:26:21.442478,68.42105263157895,2.13
13:26:21.542757,70.0,2.13
13:26:21.643088,65.0,2.13
13:26:21.743681,63.1578947368421,2.13
13:26:21.845087,66.66666666666667,2.13
13:26:21.945813,68.42105263157895,2.13
13:26:22.046092,61.904761904761905,2.13
13:26:22.147792,61.904761904761905,2.13
13:26:22.248041,73.6842105263158,2.13
13:26:22.348428,60.0,2.13
13:26:22.448816,65.0,2.13
13:26:22.550801,71.42857142857143,2.13
13:26:22.651077,68.42105263157895,2.13
13:26:22.751474,61.904761904761905,2.13
13:26:22.851826,57.89473684210527,2.13
13:26:22.952782,70.0,2.13
13:26:23.053822,80.0,2.13
13:26:23.154105,70.0,2.13
13:26:23.255861,76.19047619047619,2.13
13:26:23.356069,78.94736842105263,2.13
13:26:23.456293,75.0,2.13
13:26:23.556541,71.42857142857143,2.13
13:26:23.656812,80.0,2.13
13:26:23.757092,68.42105263157895,2.13
13:26:23.857341,66.66666666666667,2.13
13:26:23.957584,73.6842105263158,2.13
13:26:24.057928,65.0,2.13
13:26:24.158373,73.6842105263158,2.13
13:26:24.259773,66.66666666666667,2.13
13:26:24.360057,70.0,2.13
13:26:24.462044,75.0,2.13
13:26:24.562333,63.1578947368421,2.13
13:26:24.662746,61.904761904761905,2.13
13:26:24.764957,77.27272727272727,2.13
13:26:24.865341,63.1578947368421,2.13
13:26:24.965941,57.89473684210527,2.13
13:26:25.066229,72.72727272727273,2.13
13:26:25.167863,68.42105263157895,2.13
13:26:25.268257,60.0,2.13
13:26:25.369053,52.38095238095239,2.13
13:26:25.469902,57.89473684210527,2.13
13:26:25.571292,57.14285714285714,2.13
13:26:25.671977,75.0,2.13
13:26:25.772424,55.00000000000001,2.13
13:26:25.873847,73.6842105263158,2.2
13:26:25.974142,70.0,2.2
13:26:26.074701,57.14285714285714,2.2
13:26:26.175862,66.66666666666667,2.2
13:26:26.278781,71.42857142857143,2.2
13:26:26.379059,73.6842105263158,2.2
13:26:26.479463,55.00000000000001,2.2
13:26:26.579918,65.0,2.2
13:26:26.683790,75.0,2.2
13:26:26.784037,75.0,2.2
13:26:26.884402,60.0,2.2
13:26:26.984872,60.0,2.2
13:26:27.085895,75.0,2.2
13:26:27.186214,71.42857142857143,2.2
13:26:27.286860,50.0,2.2
13:26:27.387762,75.0,2.2
13:26:27.488038,75.0,2.2
13:26:27.588452,70.0,2.2
13:26:27.689021,55.00000000000001,2.2
13:26:27.789802,71.42857142857143,2.2
13:26:27.890070,70.0,2.2
13:26:27.990405,75.0,2.2
13:26:28.090707,57.89473684210527,2.2
13:26:28.191137,80.0,2.2
13:26:28.291487,75.0,2.2
13:26:28.393681,70.0,2.2
13:26:28.494055,78.94736842105263,2.2
13:26:28.594307,66.66666666666667,2.2
13:26:28.694590,90.0,2.2
13:26:28.795750,72.72727272727273,2.2
13:26:28.895985,75.0,2.2
13:26:28.996330,78.94736842105263,2.2
13:26:29.096665,73.6842105263158,2.2
13:26:29.196930,75.0,2.2
13:26:29.297194,70.0,2.2
13:26:29.397763,71.42857142857143,2.2
13:26:29.498052,89.47368421052632,2.2
13:26:29.598355,80.0,2.2
13:26:29.698804,66.66666666666667,2.2
13:26:29.799893,70.0,2.2
13:26:29.900134,65.0,2.2
13:26:30.000452,65.0,2.2
13:26:30.100942,70.0,2.2
13:26:30.201808,68.42105263157895,2.2
13:26:30.302146,57.14285714285714,2.2
13:26:30.405086,75.0,2.2
13:26:30.505610,80.95238095238095,2.2
13:26:30.606050,63.1578947368421,2.2
13:26:30.706337,77.27272727272727,2.2
13:26:30.806579,57.89473684210527,2.27
13:26:30.906780,65.0,2.27
13:26:31.007027,70.0,2.27
13:26:31.107538,71.42857142857143,2.27
13:26:31.207893,57.89473684210527,2.27
13:26:31.309789,66.66666666666667,2.27
13:26:31.410032,75.0,2.27
13:26:31.510903,70.0,2.27
13:26:31.611234,65.0,2.27
13:26:31.711536,65.0,2.27
13:26:31.812889,70.0,2.27
13:26:31.913348,65.0,2.27
13:26:32.013702,60.0,2.27
13:26:32.115647,76.19047619047619,2.27
13:26:32.216159,60.0,2.27
13:26:32.316545,60.0,2.27
13:26:32.417779,70.0,2.27
13:26:32.518024,78.94736842105263,2.27
13:26:32.618342,70.0,2.27
13:26:32.718710,70.0,2.27
13:26:32.819177,66.66666666666667,2.27
13:26:32.919533,68.42105263157895,2.27
13:26:33.021084,75.0,2.27
13:26:33.121588,71.42857142857143,2.27
13:26:33.221972,63.1578947368421,2.27
13:26:33.323903,70.0,2.27
13:26:33.424155,75.0,2.27
13:26:33.524454,65.0,2.27
13:26:33.624833,75.0,2.27
13:26:33.725079,76.19047619047619,2.27
13:26:33.825318,70.0,2.27
13:26:33.925561,75.0,2.27
13:26:34.027739,68.42105263157895,2.27
13:26:34.127969,76.19047619047619,2.27
13:26:34.231819,80.95238095238095,2.27
13:26:34.332113,63.1578947368421,2.27
13:26:34.432388,75.0,2.27
13:26:34.532649,70.0,2.27
13:26:34.632896,61.904761904761905,2.27
13:26:34.733323,75.0,2.27
13:26:34.833765,75.0,2.27
13:26:34.937939,75.0,2.27
13:26:35.040776,66.66666666666667,2.27
13:26:35.141006,75.0,2.27
13:26:35.241407,60.0,2.27
13:26:35.342024,50.0,2.27
13:26:35.442541,78.94736842105263,2.27
13:26:35.543455,61.904761904761905,2.27
13:26:35.643894,60.0,2.27
13:26:35.744175,71.42857142857143,2.27
13:26:35.846937,75.0,2.24
13:26:35.947197,60.0,2.24
13:26:36.047720,70.0,2.24
13:26:36.149987,71.42857142857143,2.24
13:26:36.250763,63.1578947368421,2.24
13:26:36.351029,71.42857142857143,2.24
13:26:36.451502,68.42105263157895,2.24
13:26:36.552786,68.42105263157895,2.24
13:26:36.653044,71.42857142857143,2.24
13:26:36.753287,68.42105263157895,2.24
13:26:36.853602,66.66666666666667,2.24
13:26:36.953881,68.42105263157895,2.24
13:26:37.054132,80.95238095238095,2.24
13:26:37.155896,70.0,2.24
13:26:37.256360,80.95238095238095,2.24
13:26:37.356724,63.1578947368421,2.24
13:26:37.456997,71.42857142857143,2.24
13:26:37.558849,80.0,2.24
13:26:37.659073,80.0,2.24
13:26:37.759400,68.42105263157895,2.24
13:26:37.859743,70.0,2.24
13:26:37.960089,71.42857142857143,2.24
13:26:38.060546,60.0,2.24
13:26:38.161763,60.0,2.24
13:26:38.263766,75.0,2.24
13:26:38.364132,70.0,2.24
13:26:38.464874,57.14285714285714,2.24
13:26:38.565266,78.94736842105263,2.24
13:26:38.665541,71.42857142857143,2.24
13:26:38.766053,60.0,2.24
13:26:38.866854,60.0,2.24
13:26:38.969761,75.0,2.24
13:26:39.069992,75.0,2.24
13:26:39.170324,65.0,2.24
13:26:39.270548,65.0,2.24
13:26:39.372890,71.42857142857143,2.24
13:26:39.473382,68.42105263157895,2.24
13:26:39.574256,50.0,2.24
13:26:39.674770,75.0,2.24
13:26:39.775067,70.0,2.24
13:26:39.875957,68.18181818181819,2.24
13:26:39.985839,59.09090909090908,2.24
13:26:40.087103,73.6842105263158,2.24
13:26:40.187408,75.0,2.24
13:26:40.289791,60.0,2.24
13:26:40.390022,70.0,2.24
13:26:40.490409,75.0,2.24
13:26:40.590982,50.0,2.24
13:26:40.691336,70.0,2.24
13:26:40.791579,76.19047619047619,2.24
13:26:40.893032,73.6842105263158,2.3
13:26:40.993501,55.00000000000001,2.3
13:26:41.094857,65.0,2.3
13:26:41.196794,75.0,2.3
13:26:41.297072,71.42857142857143,2.3
13:26:41.397601,60.0,2.3
13:26:41.497969,65.0,2.3
13:26:41.598271,75.0,2.3
13:26:41.700030,75.0,2.3
13:26:41.800449,55.00000000000001,2.3
13:26:41.902345,66.66666666666667,2.3
13:26:42.002611,75.0,2.3
13:26:42.102879,75.0,2.3
13:26:42.203147,78.94736842105263,2.3
13:26:42.303557,55.00000000000001,2.3
13:26:42.404770,77.27272727272727,2.3
13:26:42.505032,73.6842105263158,2.3
13:26:42.605326,70.0,2.3
13:26:42.705647,70.0,2.3
13:26:42.807897,80.0,2.3
13:26:42.908152,70.0,2.3
13:26:43.008386,65.0,2.3
13:26:43.108655,68.42105263157895,2.3
13:26:43.208904,76.19047619047619,2.3
13:26:43.309223,75.0,2.3
13:26:43.409758,73.6842105263158,2.3
13:26:43.510035,66.66666666666667,2.3
13:26:43.610310,78.94736842105263,2.3
13:26:43.712910,71.42857142857143,2.3
13:26:43.813179,70.0,2.3
13:26:43.913469,78.94736842105263,2.3
13:26:44.016796,54.54545454545454,2.3
13:26:44.117136,76.19047619047619,2.3
13:26:44.217485,63.1578947368421,2.3
13:26:44.318015,63.1578947368421,2.3
13:26:44.418675,65.0,2.3
13:26:44.519003,95.23809523809523,2.3
13:26:44.619311,94.73684210526316,2.3
13:26:44.719606,70.0,2.3
13:26:44.819906,70.0,2.3
13:26:44.920155,85.0,2.3
13:26:45.022789,70.0,2.3
13:26:45.124766,71.42857142857143,2.3
13:26:45.224998,68.42105263157895,2.3
13:26:45.325320,66.66666666666667,2.3
13:26:45.425817,75.0,2.3
13:26:45.526398,85.71428571428572,2.3
13:26:45.627800,78.94736842105263,2.3
13:26:45.728188,73.6842105263158,2.3
13:26:45.828823,71.42857142857143,2.36
13:26:45.929949,76.19047619047619,2.36
13:26:46.032387,73.6842105263158,2.36
13:26:46.132952,72.72727272727273,2.36
13:26:46.235027,75.0,2.36
13:26:46.335289,80.0,2.36
13:26:46.435576,84.21052631578947,2.36
13:26:46.536008,80.95238095238095,2.36
13:26:46.636797,70.0,2.36
13:26:46.737107,78.94736842105263,2.36
13:26:46.837517,80.0,2.36
13:26:46.938098,60.0,2.36
13:26:47.038524,57.89473684210527,2.36
13:26:47.139879,72.72727272727273,2.36
13:26:47.240271,60.0,2.36
13:26:47.340597,68.42105263157895,2.36
13:26:47.440961,61.904761904761905,2.36
13:26:47.541452,63.1578947368421,2.36
13:26:47.641934,70.0,2.36
13:26:47.742321,75.0,2.36
13:26:47.842693,71.42857142857143,2.36
13:26:47.943008,68.42105263157895,2.36
13:26:48.043973,75.0,2.36
13:26:48.145830,80.95238095238095,2.36
13:26:48.246841,65.0,2.36
13:26:48.347152,75.0,2.36
13:26:48.449782,80.0,2.36
13:26:48.551143,75.0,2.36
13:26:48.651425,60.0,2.36
13:26:48.751700,80.95238095238095,2.36
13:26:48.851994,73.6842105263158,2.36
13:26:48.952312,70.0,2.36
13:26:49.054255,65.0,2.36
13:26:49.154566,71.42857142857143,2.36
13:26:49.255777,65.0,2.36
13:26:49.356175,75.0,2.36
13:26:49.456786,75.0,2.36
13:26:49.557159,63.1578947368421,2.36
13:26:49.657455,71.42857142857143,2.36
13:26:49.757774,75.0,2.36
13:26:49.858297,63.1578947368421,2.36
13:26:49.958785,60.0,2.36
13:26:50.059239,60.0,2.36
13:26:50.159922,57.14285714285714,2.36
13:26:50.260461,65.0,2.36
13:26:50.360819,60.0,2.36
13:26:50.461776,75.0,2.36
13:26:50.562076,73.6842105263158,2.36
13:26:50.662518,52.38095238095239,2.36
13:26:50.763782,76.19047619047619,2.36
13:26:50.864021,78.94736842105263,2.33
13:26:50.964287,66.66666666666667,2.33
13:26:51.068869,57.89473684210527,2.33
13:26:51.170756,85.71428571428572,2.33
13:26:51.271045,75.0,2.33
13:26:51.371769,80.95238095238095,2.33
13:26:51.472131,70.0,2.33
13:26:51.572573,65.0,2.33
13:26:51.674775,75.0,2.33
13:26:51.775322,80.0,2.33
13:26:51.875560,66.66666666666667,2.33
13:26:51.976030,63.1578947368421,2.33
13:26:52.076794,80.95238095238095,2.33
13:26:52.177089,70.0,2.33
13:26:52.277610,63.1578947368421,2.33
13:26:52.381954,66.66666666666667,2.33
13:26:52.482228,73.6842105263158,2.33
13:26:52.582690,68.18181818181819,2.33
13:26:52.683218,55.00000000000001,2.33
13:26:52.784814,66.66666666666667,2.33
13:26:52.886384,78.94736842105263,2.33
13:26:52.992174,76.19047619047619,2.33
13:26:53.093791,66.66666666666667,2.33
13:26:53.194064,65.0,2.33
13:26:53.294392,73.6842105263158,2.33
13:26:53.394782,71.42857142857143,2.33
13:26:53.495691,68.42105263157895,2.33
13:26:53.596346,80.0,2.33
13:26:53.696610,71.42857142857143,2.33
13:26:53.796971,70.0,2.33
13:26:53.897768,70.0,2.33
13:26:53.998034,73.6842105263158,2.33
13:26:54.098316,80.0,2.33
13:26:54.199799,66.66666666666667,2.33
13:26:54.300058,65.0,2.33
13:26:54.400560,72.22222222222221,2.33
13:26:54.500909,63.63636363636363,2.33
13:26:54.602876,65.0,2.33
13:26:54.703298,68.42105263157895,2.33
13:26:54.803606,68.18181818181819,2.33
13:26:54.904797,65.0,2.33
13:26:55.005098,65.0,2.33
13:26:55.105532,70.0,2.33
13:26:55.206811,65.0,2.33
13:26:55.307077,78.94736842105263,2.33
13:26:55.407327,71.42857142857143,2.33
13:26:55.507596,60.0,2.33
13:26:55.609855,68.42105263157895,2.33
13:26:55.710131,65.0,2.33
13:26:55.810395,71.42857142857143,2.3
13:26:55.910616,65.0,2.3
13:26:56.013771,65.0,2.3
13:26:56.114098,71.42857142857143,2.3
13:26:56.215829,95.0,2.3
13:26:56.316100,90.0,2.3
13:26:56.416545,60.0,2.3
13:26:56.517166,57.14285714285714,2.3
13:26:56.617506,73.6842105263158,2.3
13:26:56.717805,73.6842105263158,2.3
13:26:56.818100,76.19047619047619,2.3
13:26:56.918589,52.63157894736843,2.3
13:26:57.020816,73.91304347826086,2.3
13:26:57.121125,73.6842105263158,2.3
13:26:57.221519,80.95238095238095,2.3
13:26:57.321990,66.66666666666667,2.3
13:26:57.422287,71.42857142857143,2.3
13:26:57.523901,76.19047619047619,2.3
13:26:57.624209,60.0,2.3
13:26:57.724470,78.94736842105263,2.3
13:26:57.824738,75.0,2.3
13:26:57.925074,73.6842105263158,2.3
13:26:58.025428,61.904761904761905,2.3
13:26:58.125782,78.94736842105263,2.3
13:26:58.226033,76.19047619047619,2.3
13:26:58.326284,78.94736842105263,2.3
13:26:58.426769,65.0,2.3
13:26:58.527041,70.0,2.3
13:26:58.627997,76.19047619047619,2.3
13:26:58.728234,75.0,2.3
13:26:58.829984,75.0,2.3
13:26:58.930276,66.66666666666667,2.3
13:26:59.032907,70.0,2.3
13:26:59.133210,80.0,2.3
13:26:59.233485,70.0,2.3
13:26:59.333846,65.0,2.3
13:26:59.434785,73.6842105263158,2.3
13:26:59.535315,95.0,2.3
13:26:59.635746,61.904761904761905,2.3
13:26:59.736063,57.89473684210527,2.3
13:26:59.836305,71.42857142857143,2.3
13:26:59.936679,65.0,2.3
13:27:00.037899,61.904761904761905,2.3
13:27:00.138211,70.0,2.3
13:27:00.239975,66.66666666666667,2.3
13:27:00.340826,65.0,2.3
13:27:00.442791,76.19047619047619,2.3
13:27:00.543070,75.0,2.3
13:27:00.643388,80.95238095238095,2.3
13:27:00.743665,68.42105263157895,2.3
13:27:00.844143,71.42857142857143,2.36
13:27:00.944402,78.94736842105263,2.36
13:27:01.044681,75.0,2.36
13:27:01.145099,60.0,2.36
13:27:01.245438,70.0,2.36
13:27:01.347963,76.19047619047619,2.36
13:27:01.448351,65.0,2.36
13:27:01.548728,78.94736842105263,2.36
13:27:01.649876,71.42857142857143,2.36
13:27:01.750128,70.0,2.36
13:27:01.850360,78.94736842105263,2.36
13:27:01.950646,70.0,2.36
13:27:02.050916,75.0,2.36
13:27:02.151183,60.0,2.36
13:27:02.253863,71.42857142857143,2.36
13:27:02.354123,73.6842105263158,2.36
13:27:02.454525,60.0,2.36
13:27:02.554995,65.0,2.36
13:27:02.655355,75.0,2.36
13:27:02.755641,75.0,2.36
13:27:02.856862,76.19047619047619,2.36
13:27:02.957271,73.6842105263158,2.36
13:27:03.058796,71.42857142857143,2.36
13:27:03.159916,68.42105263157895,2.36
13:27:03.260180,76.19047619047619,2.36
13:27:03.360473,75.0,2.36
13:27:03.460890,55.00000000000001,2.36
13:27:03.561819,65.0,2.36
13:27:03.662111,73.6842105263158,2.36
13:27:03.762429,76.19047619047619,2.36
13:27:03.865749,75.0,2.36
13:27:03.966853,63.1578947368421,2.36
13:27:04.067099,71.42857142857143,2.36
13:27:04.167775,73.6842105263158,2.36
13:27:04.268220,71.42857142857143,2.36
13:27:04.368508,75.0,2.36
13:27:04.469947,75.0,2.36
13:27:04.570298,68.42105263157895,2.36
13:27:04.670617,65.0,2.36
13:27:04.772874,66.66666666666667,2.36
13:27:04.873161,61.111111111111114,2.36
13:27:04.973436,71.42857142857143,2.36
13:27:05.076874,75.0,2.36
13:27:05.177120,75.0,2.36
13:27:05.277352,71.42857142857143,2.36
13:27:05.377680,72.22222222222221,2.36
13:27:05.477959,81.81818181818181,2.36
13:27:05.578285,68.42105263157895,2.36
13:27:05.681788,77.27272727272727,2.36
13:27:05.782004,73.6842105263158,2.36
13:27:05.882293,70.0,2.41
13:27:05.982720,65.0,2.41
13:27:06.083028,63.1578947368421,2.41
13:27:06.183334,57.14285714285714,2.41
13:27:06.284905,65.0,2.41
13:27:06.385377,73.6842105263158,2.41
13:27:06.485843,60.0,2.41
13:27:06.586953,70.0,2.41
13:27:06.687389,71.42857142857143,2.41
13:27:06.787820,61.904761904761905,2.41
13:27:06.888559,72.22222222222221,2.41
13:27:06.988841,76.19047619047619,2.41
13:27:07.089197,60.0,2.41
13:27:07.189519,65.0,2.41
13:27:07.289781,61.904761904761905,2.41
13:27:07.390548,73.6842105263158,2.41
13:27:07.491792,60.0,2.41
13:27:07.592183,55.00000000000001,2.41
13:27:07.692495,57.89473684210527,2.41
13:27:07.792889,76.19047619047619,2.41
13:27:07.893770,70.0,2.41
13:27:07.994031,65.0,2.41
13:27:08.094317,68.42105263157895,2.41
13:27:08.196893,71.42857142857143,2.41
13:27:08.297179,70.0,2.41
13:27:08.397437,65.0,2.41
13:27:08.497717,70.0,2.41
13:27:08.597960,75.0,2.41
13:27:08.698409,55.00000000000001,2.41
13:27:08.798781,76.19047619047619,2.41
13:27:08.899136,70.0,2.41
13:27:08.999466,57.14285714285714,2.41
13:27:09.099819,70.0,2.41
13:27:09.200921,68.42105263157895,2.41
13:27:09.301225,70.0,2.41
13:27:09.401571,65.0,2.41
13:27:09.501883,68.42105263157895,2.41
13:27:09.602166,66.66666666666667,2.41
13:27:09.704234,60.0,2.41
13:27:09.804728,70.0,2.41
13:27:09.904998,65.0,2.41
13:27:10.005895,65.0,2.41
13:27:10.106237,70.0,2.41
13:27:10.206488,65.0,2.41
13:27:10.306811,70.0,2.41
13:27:10.407785,65.0,2.41
13:27:10.508044,73.6842105263158,2.41
13:27:10.608385,65.0,2.41
13:27:10.708798,57.14285714285714,2.41
13:27:10.810815,65.0,2.38
13:27:10.911095,73.6842105263158,2.38
13:27:11.011346,66.66666666666667,2.38
13:27:11.111697,55.00000000000001,2.38
13:27:11.212781,65.0,2.38
13:27:11.313065,75.0,2.38
13:27:11.413314,66.66666666666667,2.38
13:27:11.513567,63.1578947368421,2.38
13:27:11.614063,65.0,2.38
13:27:11.714344,70.0,2.38
13:27:11.814799,66.66666666666667,2.38
13:27:11.915902,63.1578947368421,2.38
13:27:12.016208,70.0,2.38
13:27:12.116500,70.0,2.38
13:27:12.216772,63.1578947368421,2.38
13:27:12.317982,68.18181818181819,2.38
13:27:12.418280,72.22222222222221,2.38
13:27:12.519813,66.66666666666667,2.38
13:27:12.620061,55.00000000000001,2.38
13:27:12.721005,73.6842105263158,2.38
13:27:12.821483,66.66666666666667,2.38
13:27:12.922930,66.66666666666667,2.38
13:27:13.023335,78.94736842105263,2.38
13:27:13.125015,60.0,2.38
13:27:13.225303,70.0,2.38
13:27:13.325738,65.0,2.38
13:27:13.426151,63.63636363636363,2.38
13:27:13.526585,68.42105263157895,2.38
13:27:13.628863,66.66666666666667,2.38
13:27:13.729220,84.21052631578947,2.38
13:27:13.831790,71.42857142857143,2.38
13:27:13.932082,70.0,2.38
13:27:14.032342,73.6842105263158,2.38
13:27:14.132607,61.904761904761905,2.38
13:27:14.236327,65.0,2.38
13:27:14.336774,80.0,2.38
13:27:14.437090,80.0,2.38
13:27:14.537543,95.0,2.38
13:27:14.640105,85.71428571428572,2.38
13:27:14.740355,68.42105263157895,2.38
13:27:14.840816,71.42857142857143,2.38
13:27:14.941828,65.0,2.38
13:27:15.044790,76.19047619047619,2.38
13:27:15.145129,84.21052631578947,2.38
13:27:15.245787,65.0,2.38
13:27:15.346084,70.0,2.38
13:27:15.447776,76.19047619047619,2.38
13:27:15.548050,84.21052631578947,2.38
13:27:15.648333,65.0,2.38
13:27:15.750795,65.0,2.38
13:27:15.851058,76.19047619047619,2.19
13:27:15.951499,60.0,2.19
13:27:16.052927,60.0,2.19
13:27:16.154773,75.0,2.19
13:27:16.255008,71.42857142857143,2.19
13:27:16.355332,63.1578947368421,2.19
13:27:16.455648,75.0,2.19
13:27:16.555933,65.0,2.19
13:27:16.657004,73.6842105263158,2.19
13:27:16.757781,72.72727272727273,2.19
13:27:16.858056,68.42105263157895,2.19
13:27:16.958373,65.0,2.19
13:27:17.058791,68.42105263157895,2.19
13:27:17.159063,71.42857142857143,2.19
13:27:17.259360,73.6842105263158,2.19
13:27:17.359759,57.14285714285714,2.19
13:27:17.460095,73.6842105263158,2.19
13:27:17.560877,76.19047619047619,2.19
13:27:17.661257,65.0,2.19
13:27:17.761642,63.1578947368421,2.19
13:27:17.862754,80.95238095238095,2.19
13:27:17.962963,75.0,2.19
13:27:18.063311,68.42105263157895,2.19
13:27:18.163855,57.14285714285714,2.19
13:27:18.265796,73.6842105263158,2.19
13:27:18.366092,68.18181818181819,2.19
13:27:18.467767,63.1578947368421,2.19
13:27:18.569762,61.904761904761905,2.19
13:27:18.669988,68.42105263157895,2.19
13:27:18.770225,71.42857142857143,2.19
13:27:18.870700,70.0,2.19
13:27:18.971148,70.0,2.19
13:27:19.071458,70.0,2.19
13:27:19.172945,75.0,2.19
13:27:19.273244,75.0,2.19
13:27:19.373499,71.42857142857143,2.19
13:27:19.474759,73.6842105263158,2.19
13:27:19.575042,60.0,2.19
13:27:19.679612,80.95238095238095,2.19
13:27:19.779909,75.0,2.19
13:27:19.880261,80.0,2.19
13:27:19.980654,60.0,2.19
13:27:20.080950,78.94736842105263,2.19
13:27:20.181263,75.0,2.19
13:27:20.281565,70.0,2.19
13:27:20.381959,76.19047619047619,2.19
13:27:20.483790,70.0,2.19
13:27:20.585814,77.27272727272727,2.19
13:27:20.687794,75.0,2.19
13:27:20.788064,75.0,2.19
13:27:20.888315,68.42105263157895,2.09
13:27:20.988838,60.0,2.09
13:27:21.089806,76.19047619047619,2.09
13:27:21.190137,68.42105263157895,2.09
13:27:21.290477,63.1578947368421,2.09
13:27:21.394985,72.72727272727273,2.09
13:27:21.495263,75.0,2.09
13:27:21.598335,75.0,2.09
13:27:21.698688,61.904761904761905,2.09
13:27:21.799786,75.0,2.09
13:27:21.900032,73.6842105263158,2.09
13:27:22.000352,70.0,2.09
13:27:22.100766,70.0,2.09
13:27:22.201936,80.0,2.09
13:27:22.302410,75.0,2.09
13:27:22.402848,66.66666666666667,2.09
13:27:22.503104,71.42857142857143,2.09
13:27:22.604057,65.0,2.09
13:27:22.704757,71.42857142857143,2.09
13:27:22.808954,73.6842105263158,2.09
13:27:22.909327,75.0,2.09
13:27:23.009645,57.14285714285714,2.09
13:27:23.111731,80.0,2.09
13:27:23.212016,75.0,2.09
13:27:23.312335,73.6842105263158,2.09
13:27:23.412864,61.904761904761905,2.09
13:27:23.513756,80.0,2.09
13:27:23.614028,75.0,2.09
13:27:23.714265,60.0,2.09
13:27:23.817860,71.42857142857143,2.09
13:27:23.918144,75.0,2.09
13:27:24.018590,60.0,2.09
13:27:24.119800,60.0,2.09
13:27:24.220062,73.6842105263158,2.09
13:27:24.320409,70.0,2.09
13:27:24.420926,57.14285714285714,2.09
13:27:24.521830,71.42857142857143,2.09
13:27:24.622144,73.6842105263158,2.09
13:27:24.722453,68.42105263157895,2.09
13:27:24.822740,60.0,2.09
13:27:24.924901,76.19047619047619,2.09
13:27:25.025290,68.42105263157895,2.09
13:27:25.133829,56.52173913043479,2.09
13:27:25.234105,78.94736842105263,2.09
13:27:25.334420,75.0,2.09
13:27:25.435055,57.14285714285714,2.09
13:27:25.535831,68.42105263157895,2.09
13:27:25.636125,75.0,2.09
13:27:25.736590,60.0,2.09
13:27:25.837844,61.904761904761905,2.0
13:27:25.940281,75.0,2.0
13:27:26.040505,70.0,2.0
13:27:26.140890,60.0,2.0
13:27:26.243787,61.904761904761905,2.0
13:27:26.344523,76.19047619047619,2.0
13:27:26.445042,70.0,2.0
13:27:26.545906,52.63157894736843,2.0
13:27:26.646829,66.66666666666667,2.0
13:27:26.747135,78.94736842105263,2.0
13:27:26.847441,75.0,2.0
13:27:26.947849,55.00000000000001,2.0
13:27:27.048838,71.42857142857143,2.0
13:27:27.149383,78.94736842105263,2.0
13:27:27.249676,75.0,2.0
13:27:27.350156,55.00000000000001,2.0
13:27:27.450814,76.19047619047619,2.0
13:27:27.551249,78.94736842105263,2.0
13:27:27.651507,80.0,2.0
13:27:27.752729,66.66666666666667,2.0
13:27:27.853040,78.94736842105263,2.0
13:27:27.956393,71.42857142857143,2.0
13:27:28.056615,65.0,2.0
13:27:28.156901,71.42857142857143,2.0
13:27:28.257183,73.6842105263158,2.0
13:27:28.358889,70.0,2.0
13:27:28.459141,80.95238095238095,2.0
13:27:28.559510,78.94736842105263,2.0
13:27:28.659882,65.0,2.0
13:27:28.760232,71.42857142857143,2.0
13:27:28.860553,75.0,2.0
13:27:28.960864,68.42105263157895,2.0
13:27:29.061836,70.0,2.0
13:27:29.162105,60.0,2.0
13:27:29.262881,71.42857142857143,2.0
13:27:29.364784,63.1578947368421,2.0
