timestamp,cpu_util,runqueue
21:41:17.458184,0.0,2.18
21:41:17.559724,90.0,2.41
21:41:17.660120,86.36363636363636,2.41
21:41:17.760516,68.42105263157895,2.41
21:41:17.864555,68.18181818181819,2.41
21:41:17.964898,65.0,2.41
21:41:18.065311,88.88888888888889,2.41
21:41:18.165902,70.0,2.41
21:41:18.266380,76.19047619047619,2.41
21:41:18.367488,80.0,2.41
21:41:18.469548,85.0,2.41
21:41:18.569906,100.0,2.41
21:41:18.672598,90.0,2.41
21:41:18.772900,80.0,2.41
21:41:18.873241,60.0,2.41
21:41:18.973844,55.00000000000001,2.41
21:41:19.074270,85.0,2.41
21:41:19.177490,71.42857142857143,2.41
21:41:19.277839,75.0,2.41
21:41:19.378217,66.66666666666667,2.41
21:41:19.480498,78.94736842105263,2.41
21:41:19.581111,95.23809523809523,2.41
21:41:19.681650,100.0,2.41
21:41:19.782805,95.23809523809523,2.41
21:41:19.883699,63.1578947368421,2.41
21:41:19.984049,76.19047619047619,2.41
21:41:20.084905,78.94736842105263,2.41
21:41:20.185357,80.95238095238095,2.41
21:41:20.286501,70.0,2.41
21:41:20.389541,68.42105263157895,2.41
21:41:20.489849,72.72727272727273,2.41
21:41:20.590156,72.22222222222221,2.41
21:41:20.691499,76.19047619047619,2.41
21:41:20.791990,60.0,2.41
21:41:20.892549,66.66666666666667,2.41
21:41:20.993552,55.00000000000001,2.41
21:41:21.094542,75.0,2.41
21:41:21.194886,70.0,2.41
21:41:21.295412,57.89473684210527,2.41
21:41:21.396484,66.66666666666667,2.41
21:41:21.496858,80.0,2.41
21:41:21.597173,75.0,2.41
21:41:21.697903,52.38095238095239,2.41
21:41:21.798519,68.42105263157895,2.41
21:41:21.900546,70.0,2.41
21:41:22.000822,85.0,2.41
21:41:22.101110,70.0,2.41
21:41:22.201460,70.0,2.41
21:41:22.301819,85.0,2.41
21:41:22.402617,80.0,2.41
21:41:22.502987,66.66666666666667,2.37
21:41:22.604431,70.0,2.37
21:41:22.704769,75.0,2.37
21:41:22.805084,73.6842105263158,2.37
21:41:22.908449,75.0,2.37
21:41:23.008773,65.0,2.37
21:41:23.109130,60.0,2.37
21:41:23.209524,68.18181818181819,2.37
21:41:23.310440,65.0,2.37
21:41:23.412484,78.94736842105263,2.37
21:41:23.512839,70.0,2.37
21:41:23.613328,55.00000000000001,2.37
21:41:23.714516,70.0,2.37
21:41:23.814928,65.0,2.37
21:41:23.915660,65.0,2.37
21:41:24.016186,55.00000000000001,2.37
21:41:24.116498,75.0,2.37
21:41:24.216872,65.0,2.37
21:41:24.317294,73.6842105263158,2.37
21:41:24.419493,76.19047619047619,2.37
21:41:24.519789,85.0,2.37
21:41:24.620071,80.0,2.37
21:41:24.720442,78.94736842105263,2.37
21:41:24.823117,76.19047619047619,2.37
21:41:24.923648,70.0,2.37
21:41:25.024208,65.0,2.37
21:41:25.125583,77.27272727272727,2.37
21:41:25.225981,72.22222222222221,2.37
21:41:25.326541,66.66666666666667,2.37
21:41:25.426979,68.42105263157895,2.37
21:41:25.527455,80.0,2.37
21:41:25.627951,71.42857142857143,2.37
21:41:25.729518,75.0,2.37
21:41:25.829844,75.0,2.37
21:41:25.933176,71.42857142857143,2.37
21:41:26.033498,68.42105263157895,2.37
21:41:26.133821,85.71428571428572,2.37
21:41:26.234171,70.0,2.37
21:41:26.334472,75.0,2.37
21:41:26.435034,78.94736842105263,2.37
21:41:26.535502,70.0,2.37
21:41:26.635908,65.0,2.37
21:41:26.736267,70.0,2.37
21:41:26.838477,72.72727272727273,2.37
21:41:26.939041,65.0,2.37
21:41:27.039381,70.0,2.37
21:41:27.139737,68.42105263157895,2.37
21:41:27.240080,73.6842105263158,2.37
21:41:27.340463,66.66666666666667,2.37
21:41:27.440829,63.1578947368421,2.37
21:41:27.541432,71.42857142857143,2.26
21:41:27.642495,60.0,2.26
21:41:27.742851,75.0,2.26
21:41:27.843202,75.0,2.26
21:41:27.943573,63.1578947368421,2.26
21:41:28.043928,71.42857142857143,2.26
21:41:28.144559,68.42105263157895,2.26
21:41:28.245517,75.0,2.26
21:41:28.348416,75.0,2.26
21:41:28.448805,66.66666666666667,2.26
21:41:28.549475,70.0,2.26
21:41:28.650503,75.0,2.26
21:41:28.750867,78.94736842105263,2.26
21:41:28.851397,71.42857142857143,2.26
21:41:28.952472,80.95238095238095,2.26
21:41:29.052787,70.0,2.26
21:41:29.153139,84.21052631578947,2.26
21:41:29.253466,70.0,2.26
21:41:29.353824,85.0,2.26
21:41:29.454203,61.904761904761905,2.26
21:41:29.556631,71.42857142857143,2.26
21:41:29.657076,73.6842105263158,2.26
21:41:29.757519,57.14285714285714,2.26
21:41:29.858615,73.6842105263158,2.26
21:41:29.959148,70.0,2.26
21:41:30.059514,65.0,2.26
21:41:30.159950,63.1578947368421,2.26
21:41:30.263487,77.27272727272727,2.26
21:41:30.363812,78.94736842105263,2.26
21:41:30.464350,68.42105263157895,2.26
21:41:30.565480,71.42857142857143,2.26
21:41:30.665752,68.42105263157895,2.26
21:41:30.766139,85.71428571428572,2.26
21:41:30.866486,65.0,2.26
21:41:30.966785,75.0,2.26
21:41:31.067397,80.0,2.26
21:41:31.169026,73.6842105263158,2.26
21:41:31.269459,70.0,2.26
21:41:31.369783,76.19047619047619,2.26
21:41:31.470238,75.0,2.26
21:41:31.571498,70.0,2.26
21:41:31.671858,75.0,2.26
21:41:31.772372,65.0,2.26
21:41:31.872921,65.0,2.26
21:41:31.973342,70.0,2.26
21:41:32.075555,66.66666666666667,2.26
21:41:32.175849,65.0,2.26
21:41:32.276160,75.0,2.26
21:41:32.377560,66.66666666666667,2.26
21:41:32.477958,72.72727272727273,2.26
21:41:32.578370,70.0,2.08
21:41:32.680591,65.0,2.08
21:41:32.780950,71.42857142857143,2.08
21:41:32.881463,78.94736842105263,2.08
21:41:32.983551,66.66666666666667,2.08
21:41:33.083999,65.0,2.08
21:41:33.184410,68.42105263157895,2.08
21:41:33.284841,70.0,2.08
21:41:33.385325,76.19047619047619,2.08
21:41:33.487436,84.21052631578947,2.08
21:41:33.587783,95.23809523809523,2.08
21:41:33.688538,80.0,2.08
21:41:33.789714,68.42105263157895,2.08
21:41:33.890065,75.0,2.08
21:41:33.990445,90.47619047619048,2.08
21:41:34.091270,85.0,2.08
21:41:34.191668,73.6842105263158,2.08
21:41:34.292064,85.0,2.08
21:41:34.392506,73.6842105263158,2.08
21:41:34.494120,100.0,2.08
21:41:34.594493,81.81818181818181,2.08
21:41:34.695576,78.94736842105263,2.08
21:41:34.797874,90.47619047619048,2.08
21:41:34.898299,65.0,2.08
21:41:34.999492,75.0,2.08
21:41:35.099830,70.0,2.08
21:41:35.201727,76.19047619047619,2.08
21:41:35.302089,73.6842105263158,2.08
21:41:35.402416,70.0,2.08
21:41:35.502957,70.0,2.08
21:41:35.603396,90.0,2.08
21:41:35.704504,76.19047619047619,2.08
21:41:35.804851,70.0,2.08
21:41:35.911482,80.0,2.08
21:41:36.011773,68.18181818181819,2.08
21:41:36.112198,68.42105263157895,2.08
21:41:36.212722,60.0,2.08
21:41:36.313137,65.0,2.08
21:41:36.415611,70.0,2.08
21:41:36.516035,70.0,2.08
21:41:36.617493,71.42857142857143,2.08
21:41:36.719491,60.0,2.08
21:41:36.819807,75.0,2.08
21:41:36.920325,65.0,2.08
21:41:37.021475,66.66666666666667,2.08
21:41:37.121787,84.21052631578947,2.08
21:41:37.222070,71.42857142857143,2.08
21:41:37.322517,68.42105263157895,2.08
21:41:37.423557,84.21052631578947,2.08
21:41:37.523895,75.0,1.91
21:41:37.624210,84.21052631578947,1.91
21:41:37.725505,76.19047619047619,1.91
21:41:37.825871,80.0,1.91
21:41:37.926243,61.904761904761905,1.91
21:41:38.026585,84.21052631578947,1.91
21:41:38.127593,76.19047619047619,1.91
21:41:38.227990,73.6842105263158,1.91
21:41:38.328408,75.0,1.91
21:41:38.429610,80.0,1.91
21:41:38.530071,65.0,1.91
21:41:38.630499,70.0,1.91
21:41:38.730827,70.0,1.91
21:41:38.832594,65.0,1.91
21:41:38.932995,70.0,1.91
21:41:39.033377,78.94736842105263,1.91
21:41:39.133752,57.14285714285714,1.91
21:41:39.234353,70.0,1.91
21:41:39.335497,71.42857142857143,1.91
21:41:39.435904,68.42105263157895,1.91
21:41:39.536370,70.0,1.91
21:41:39.636743,61.904761904761905,1.91
21:41:39.737215,63.1578947368421,1.91
21:41:39.839558,71.42857142857143,1.91
21:41:39.940047,65.0,1.91
21:41:40.040411,68.42105263157895,1.91
21:41:40.140734,71.42857142857143,1.91
21:41:40.241072,65.0,1.91
21:41:40.341503,65.0,1.91
21:41:40.441841,68.42105263157895,1.91
21:41:40.542172,66.66666666666667,1.91
21:41:40.643372,71.42857142857143,1.91
21:41:40.744011,60.0,1.91
21:41:40.844409,60.0,1.91
21:41:40.946923,66.66666666666667,1.91
21:41:41.048502,73.6842105263158,1.91
21:41:41.148996,61.904761904761905,1.91
21:41:41.249333,57.89473684210527,1.91
21:41:41.350475,71.42857142857143,1.91
21:41:41.450905,78.94736842105263,1.91
21:41:41.551365,66.66666666666667,1.91
21:41:41.652467,68.42105263157895,1.91
21:41:41.752798,70.0,1.91
21:41:41.853119,60.0,1.91
21:41:41.953465,75.0,1.91
21:41:42.053833,68.42105263157895,1.91
21:41:42.154180,76.19047619047619,1.91
21:41:42.254936,75.0,1.91
21:41:42.355327,75.0,1.91
21:41:42.455673,60.0,1.91
21:41:42.557343,85.71428571428572,1.92
21:41:42.657647,68.42105263157895,1.92
21:41:42.758153,70.0,1.92
21:41:42.858480,66.66666666666667,1.92
21:41:42.959001,61.111111111111114,1.92
21:41:43.061453,76.19047619047619,1.92
21:41:43.163267,76.19047619047619,1.92
21:41:43.263742,66.66666666666667,1.92
21:41:43.365755,73.6842105263158,1.92
21:41:43.466081,73.6842105263158,1.92
21:41:43.566558,71.42857142857143,1.92
21:41:43.668472,60.0,1.92
21:41:43.768768,80.0,1.92
21:41:43.869180,75.0,1.92
21:41:43.970486,75.0,1.92
21:41:44.070888,71.42857142857143,1.92
21:41:44.171240,70.0,1.92
21:41:44.273579,75.0,1.92
21:41:44.373905,66.66666666666667,1.92
21:41:44.474248,73.6842105263158,1.92
21:41:44.574619,65.0,1.92
21:41:44.675109,75.0,1.92
21:41:44.775446,78.94736842105263,1.92
21:41:44.877666,66.66666666666667,1.92
21:41:44.978625,70.0,1.92
21:41:45.079016,75.0,1.92
21:41:45.179463,76.19047619047619,1.92
21:41:45.279934,73.6842105263158,1.92
21:41:45.380325,65.0,1.92
21:41:45.481495,75.0,1.92
21:41:45.581803,80.0,1.92
21:41:45.682360,66.66666666666667,1.92
21:41:45.783504,65.0,1.92
21:41:45.883853,78.94736842105263,1.92
21:41:45.984238,66.66666666666667,1.92
21:41:46.084610,60.0,1.92
21:41:46.185515,73.6842105263158,1.92
21:41:46.285813,76.19047619047619,1.92
21:41:46.387454,85.71428571428572,1.92
21:41:46.487861,70.0,1.92
21:41:46.593572,75.0,1.92
21:41:46.694041,71.42857142857143,1.92
21:41:46.794526,72.22222222222221,1.92
21:41:46.895479,66.66666666666667,1.92
21:41:46.995790,75.0,1.92
21:41:47.096085,78.94736842105263,1.92
21:41:47.196526,75.0,1.92
21:41:47.297670,66.66666666666667,1.92
21:41:47.397994,68.42105263157895,1.92
21:41:47.499490,72.72727272727273,1.93
21:41:47.601551,84.21052631578947,1.93
21:41:47.702481,75.0,1.93
21:41:47.803023,66.66666666666667,1.93
21:41:47.903502,57.89473684210527,1.93
21:41:48.004502,66.66666666666667,1.93
21:41:48.104840,73.6842105263158,1.93
21:41:48.205314,60.0,1.93
21:41:48.305873,65.0,1.93
21:41:48.406292,65.0,1.93
21:41:48.508503,90.47619047619048,1.93
21:41:48.611381,73.6842105263158,1.93
21:41:48.712500,68.18181818181819,1.93
21:41:48.812869,55.00000000000001,1.93
21:41:48.913621,65.0,1.93
21:41:49.014039,80.0,1.93
21:41:49.115547,85.0,1.93
21:41:49.216493,68.42105263157895,1.93
21:41:49.316854,70.0,1.93
21:41:49.417325,75.0,1.93
21:41:49.519892,85.71428571428572,1.93
21:41:49.620612,75.0,1.93
21:41:49.722024,80.0,1.93
21:41:49.822981,65.0,1.93
21:41:49.923609,65.0,1.93
21:41:50.024825,55.00000000000001,1.93
21:41:50.127623,66.66666666666667,1.93
21:41:50.227961,65.0,1.93
21:41:50.328365,75.0,1.93
21:41:50.430767,61.904761904761905,1.93
21:41:50.531137,70.0,1.93
21:41:50.632514,75.0,1.93
21:41:50.732860,70.0,1.93
21:41:50.833366,68.42105263157895,1.93
21:41:50.934486,66.66666666666667,1.93
21:41:51.034858,60.0,1.93
21:41:51.135246,70.0,1.93
21:41:51.236511,70.0,1.93
21:41:51.336858,61.904761904761905,1.93
21:41:51.437608,68.42105263157895,1.93
21:41:51.537989,63.1578947368421,1.93
21:41:51.640777,71.42857142857143,1.93
21:41:51.741073,71.42857142857143,1.93
21:41:51.841391,76.19047619047619,1.93
21:41:51.941767,75.0,1.93
21:41:52.042114,70.0,1.93
21:41:52.142503,68.42105263157895,1.93
21:41:52.243470,71.42857142857143,1.93
21:41:52.345502,75.0,1.93
21:41:52.445790,75.0,1.93
21:41:52.546127,75.0,1.85
21:41:52.646451,73.6842105263158,1.85
21:41:52.746760,76.19047619047619,1.85
21:41:52.847081,68.42105263157895,1.85
21:41:52.947565,80.0,1.85
21:41:53.048002,80.0,1.85
21:41:53.150541,80.0,1.85
21:41:53.250862,73.6842105263158,1.85
21:41:53.351184,66.66666666666667,1.85
21:41:53.453599,76.19047619047619,1.85
21:41:53.554063,73.6842105263158,1.85
21:41:53.654409,65.0,1.85
21:41:53.755505,61.904761904761905,1.85
21:41:53.855991,68.42105263157895,1.85
21:41:53.957472,76.19047619047619,1.85
21:41:54.057784,70.0,1.85
21:41:54.158547,75.0,1.85
21:41:54.259518,66.66666666666667,1.85
21:41:54.359863,68.42105263157895,1.85
21:41:54.460400,80.0,1.85
21:41:54.561566,57.14285714285714,1.85
21:41:54.663475,70.0,1.85
21:41:54.763791,73.6842105263158,1.85
21:41:54.864360,60.0,1.85
21:41:54.965021,61.904761904761905,1.85
21:41:55.065535,75.0,1.85
21:41:55.166619,63.1578947368421,1.85
21:41:55.269551,91.30434782608697,1.85
21:41:55.369884,100.0,1.85
21:41:55.470193,65.0,1.85
21:41:55.570479,70.0,1.85
21:41:55.670927,55.00000000000001,1.85
21:41:55.771460,70.0,1.85
21:41:55.872599,71.42857142857143,1.85
21:41:55.972880,68.42105263157895,1.85
21:41:56.073247,75.0,1.85
21:41:56.173566,76.19047619047619,1.85
21:41:56.275564,76.19047619047619,1.85
21:41:56.376011,63.1578947368421,1.85
21:41:56.476394,75.0,1.85
21:41:56.576764,75.0,1.85
21:41:56.679553,65.0,1.85
21:41:56.779860,76.19047619047619,1.85
21:41:56.880194,65.0,1.85
21:41:56.980478,70.0,1.85
21:41:57.083466,70.0,1.85
21:41:57.183761,71.42857142857143,1.85
21:41:57.284137,60.0,1.85
21:41:57.385450,60.0,1.85
21:41:57.485796,73.6842105263158,1.85
21:41:57.586193,71.42857142857143,1.79
21:41:57.687487,52.63157894736843,1.79
21:41:57.787813,76.19047619047619,1.79
21:41:57.888350,68.42105263157895,1.79
21:41:57.989332,68.18181818181819,1.79
21:41:58.091557,68.42105263157895,1.79
21:41:58.192025,80.0,1.79
21:41:58.292411,66.66666666666667,1.79
21:41:58.394087,63.1578947368421,1.79
21:41:58.494497,80.95238095238095,1.79
21:41:58.594887,57.89473684210527,1.79
21:41:58.695378,71.42857142857143,1.79
21:41:58.796466,78.94736842105263,1.79
21:41:58.896766,66.66666666666667,1.79
21:41:58.998667,75.0,1.79
21:41:59.099128,68.42105263157895,1.79
21:41:59.199559,60.0,1.79
21:41:59.299898,71.42857142857143,1.79
21:41:59.400491,65.0,1.79
21:41:59.500914,75.0,1.79
21:41:59.601255,63.1578947368421,1.79
21:41:59.701638,70.0,1.79
21:41:59.802064,65.0,1.79
21:41:59.902473,80.0,1.79
21:42:00.004869,65.0,1.79
21:42:00.105410,70.0,1.79
21:42:00.205733,70.0,1.79
21:42:00.306105,63.1578947368421,1.79
21:42:00.406481,65.0,1.79
21:42:00.508485,77.27272727272727,1.79
21:42:00.608773,71.42857142857143,1.79
21:42:00.709100,66.66666666666667,1.79
21:42:00.810497,71.42857142857143,1.79
21:42:00.910841,65.0,1.79
21:42:01.011401,70.0,1.79
21:42:01.111916,70.0,1.79
21:42:01.212296,70.0,1.79
21:42:01.312779,68.42105263157895,1.79
21:42:01.414857,71.42857142857143,1.79
21:42:01.515527,75.0,1.79
21:42:01.615863,70.0,1.79
21:42:01.716311,63.1578947368421,1.79
21:42:01.817463,72.72727272727273,1.79
21:42:01.918492,75.0,1.79
21:42:02.018871,70.0,1.79
21:42:02.119224,78.94736842105263,1.79
21:42:02.221585,71.42857142857143,1.79
21:42:02.321953,80.0,1.79
21:42:02.422482,70.0,1.79
21:42:02.522894,73.6842105263158,1.72
21:42:02.623320,71.42857142857143,1.72
21:42:02.725550,78.94736842105263,1.72
21:42:02.827548,72.72727272727273,1.72
21:42:02.927835,75.0,1.72
21:42:03.028213,75.0,1.72
21:42:03.128582,63.1578947368421,1.72
21:42:03.229550,61.904761904761905,1.72
21:42:03.330135,52.63157894736843,1.72
21:42:03.431528,61.904761904761905,1.72
21:42:03.534574,100.0,1.72
21:42:03.634898,77.77777777777779,1.72
21:42:03.735507,66.66666666666667,1.72
21:42:03.836002,60.0,1.72
21:42:03.936380,65.0,1.72
21:42:04.036908,85.71428571428572,1.72
21:42:04.137599,68.42105263157895,1.72
21:42:04.237971,70.0,1.72
21:42:04.338415,75.0,1.72
21:42:04.438757,78.94736842105263,1.72
21:42:04.540709,90.9090909090909,1.72
21:42:04.641375,63.1578947368421,1.72
21:42:04.741823,78.94736842105263,1.72
21:42:04.842227,71.42857142857143,1.72
21:42:04.943631,75.0,1.72
21:42:05.044043,68.42105263157895,1.72
21:42:05.144564,61.904761904761905,1.72
21:42:05.245507,75.0,1.72
21:42:05.345872,70.0,1.72
21:42:05.446383,60.0,1.72
21:42:05.547492,75.0,1.72
21:42:05.647836,65.0,1.72
21:42:05.748216,65.0,1.72
21:42:05.849518,61.904761904761905,1.72
21:42:05.949857,68.42105263157895,1.72
21:42:06.050369,71.42857142857143,1.72
21:42:06.151531,73.6842105263158,1.72
21:42:06.251945,57.14285714285714,1.72
21:42:06.352495,75.0,1.72
21:42:06.453501,75.0,1.72
21:42:06.553922,76.19047619047619,1.72
21:42:06.654468,73.6842105263158,1.72
21:42:06.754898,65.0,1.72
21:42:06.855331,75.0,1.72
21:42:06.957553,80.95238095238095,1.72
21:42:07.057855,84.21052631578947,1.72
21:42:07.158150,75.0,1.72
21:42:07.258497,85.0,1.72
21:42:07.358845,70.0,1.72
21:42:07.459355,70.0,1.72
21:42:07.561991,80.0,1.82
21:42:07.664492,71.42857142857143,1.82
21:42:07.764900,78.94736842105263,1.82
21:42:07.866481,75.0,1.82
21:42:07.966965,76.19047619047619,1.82
21:42:08.067326,68.42105263157895,1.82
21:42:08.170170,70.0,1.82
21:42:08.270479,76.19047619047619,1.82
21:42:08.372469,80.0,1.82
21:42:08.472763,76.19047619047619,1.82
21:42:08.573146,63.1578947368421,1.82
21:42:08.673559,85.71428571428572,1.82
21:42:08.773902,73.6842105263158,1.82
21:42:08.876574,66.66666666666667,1.82
21:42:08.976901,80.0,1.82
21:42:09.077195,68.42105263157895,1.82
21:42:09.177490,85.0,1.82
21:42:09.277796,68.42105263157895,1.82
21:42:09.378168,76.19047619047619,1.82
21:42:09.478496,71.42857142857143,1.82
21:42:09.579455,80.0,1.82
21:42:09.679908,63.1578947368421,1.82
21:42:09.781461,71.42857142857143,1.82
21:42:09.881797,68.42105263157895,1.82
21:42:09.982344,75.0,1.82
21:42:10.082835,61.904761904761905,1.82
21:42:10.184095,75.0,1.82
21:42:10.284435,70.0,1.82
21:42:10.384824,60.0,1.82
21:42:10.485496,75.0,1.82
21:42:10.585901,70.0,1.82
21:42:10.686234,65.0,1.82
21:42:10.786840,65.0,1.82
21:42:10.887173,55.00000000000001,1.82
21:42:10.989531,70.0,1.82
21:42:11.089899,71.42857142857143,1.82
21:42:11.190476,57.89473684210527,1.82
21:42:11.291509,61.904761904761905,1.82
21:42:11.391853,66.66666666666667,1.82
21:42:11.492256,71.42857142857143,1.82
21:42:11.592721,70.0,1.82
21:42:11.694482,60.0,1.82
21:42:11.794809,75.0,1.82
21:42:11.895148,60.0,1.82
21:42:11.995620,70.0,1.82
21:42:12.096060,70.0,1.82
21:42:12.196530,55.00000000000001,1.82
21:42:12.296976,71.42857142857143,1.82
21:42:12.397514,73.6842105263158,1.82
21:42:12.498574,61.904761904761905,1.92
21:42:12.600440,71.42857142857143,1.92
21:42:12.700888,70.0,1.92
21:42:12.801349,57.89473684210527,1.92
21:42:12.902506,61.904761904761905,1.92
21:42:13.002794,75.0,1.92
21:42:13.103106,68.42105263157895,1.92
21:42:13.203496,63.63636363636363,1.92
21:42:13.303826,73.6842105263158,1.92
21:42:13.404185,70.0,1.92
21:42:13.504559,65.0,1.92
21:42:13.605506,57.89473684210527,1.92
21:42:13.705823,76.19047619047619,1.92
21:42:13.806195,73.6842105263158,1.92
21:42:13.906613,75.0,1.92
21:42:14.006878,70.0,1.92
21:42:14.110489,76.19047619047619,1.92
21:42:14.211337,70.0,1.92
21:42:14.311714,76.19047619047619,1.92
21:42:14.412001,78.94736842105263,1.92
21:42:14.512314,75.0,1.92
21:42:14.612684,76.19047619047619,1.92
21:42:14.713001,75.0,1.92
21:42:14.814564,75.0,1.92
21:42:14.914872,75.0,1.92
21:42:15.015258,65.0,1.92
21:42:15.115697,70.0,1.92
21:42:15.217494,66.66666666666667,1.92
21:42:15.317857,65.0,1.92
21:42:15.418260,66.66666666666667,1.92
21:42:15.519508,66.66666666666667,1.92
21:42:15.619850,65.0,1.92
21:42:15.720214,75.0,1.92
21:42:15.821516,70.0,1.92
21:42:15.921835,66.66666666666667,1.92
21:42:16.022201,65.0,1.92
21:42:16.123458,75.0,1.92
21:42:16.223804,70.0,1.92
21:42:16.324251,60.0,1.92
21:42:16.424628,75.0,1.92
21:42:16.526504,73.6842105263158,1.92
21:42:16.626876,55.00000000000001,1.92
21:42:16.727373,61.904761904761905,1.92
21:42:16.829447,70.0,1.92
21:42:16.929734,70.0,1.92
21:42:17.030076,76.19047619047619,1.92
21:42:17.130579,55.55555555555556,1.92
21:42:17.231614,61.904761904761905,1.92
21:42:17.331904,78.94736842105263,1.92
21:42:17.432430,75.0,1.92
21:42:17.533103,65.0,1.93
21:42:17.633595,61.904761904761905,1.93
21:42:17.733967,68.42105263157895,1.93
21:42:17.834350,65.0,1.93
21:42:17.935576,68.18181818181819,1.93
21:42:18.035901,73.6842105263158,1.93
21:42:18.136516,70.0,1.93
21:42:18.236885,57.89473684210527,1.93
21:42:18.337322,75.0,1.93
21:42:18.438623,66.66666666666667,1.93
21:42:18.538986,89.47368421052632,1.93
21:42:18.639358,75.0,1.93
21:42:18.739661,75.0,1.93
21:42:18.839963,68.42105263157895,1.93
21:42:18.942613,71.42857142857143,1.93
21:42:19.043560,71.42857142857143,1.93
21:42:19.144244,80.0,1.93
21:42:19.246626,80.0,1.93
21:42:19.347075,85.0,1.93
21:42:19.449393,70.0,1.93
21:42:19.549810,95.23809523809523,1.93
21:42:19.651478,76.19047619047619,1.93
21:42:19.752496,84.21052631578947,1.93
21:42:19.852914,71.42857142857143,1.93
21:42:19.955623,65.0,1.93
21:42:20.056067,75.0,1.93
21:42:20.156426,70.0,1.93
21:42:20.257516,61.904761904761905,1.93
21:42:20.357941,70.0,1.93
21:42:20.458486,78.94736842105263,1.93
21:42:20.559494,80.0,1.93
21:42:20.659840,80.0,1.93
21:42:20.760153,78.94736842105263,1.93
21:42:20.860502,75.0,1.93
21:42:20.962459,72.72727272727273,1.93
21:42:21.062777,77.77777777777779,1.93
21:42:21.163076,71.42857142857143,1.93
21:42:21.263380,60.0,1.93
21:42:21.366211,68.42105263157895,1.93
21:42:21.466629,77.27272727272727,1.93
21:42:21.567006,75.0,1.93
21:42:21.667402,73.6842105263158,1.93
21:42:21.767763,71.42857142857143,1.93
21:42:21.870327,68.42105263157895,1.93
21:42:21.970654,75.0,1.93
21:42:22.071059,75.0,1.93
21:42:22.171388,75.0,1.93
21:42:22.271698,70.0,1.93
21:42:22.372011,73.6842105263158,1.93
21:42:22.472385,60.0,1.93
21:42:22.573519,71.42857142857143,2.09
21:42:22.673881,75.0,2.09
21:42:22.774405,68.42105263157895,2.09
21:42:22.874795,57.14285714285714,2.09
21:42:22.976782,70.0,2.09
21:42:23.079652,75.0,2.09
21:42:23.180109,57.14285714285714,2.09
21:42:23.280722,57.89473684210527,2.09
21:42:23.381145,70.0,2.09
21:42:23.483582,72.72727272727273,2.09
21:42:23.583963,68.42105263157895,2.09
21:42:23.684463,61.904761904761905,2.09
21:42:23.785490,57.89473684210527,2.09
21:42:23.885806,70.0,2.09
21:42:23.986117,70.0,2.09
21:42:24.086495,61.904761904761905,2.09
21:42:24.189299,63.1578947368421,2.09
21:42:24.289725,65.0,2.09
21:42:24.390081,78.94736842105263,2.09
21:42:24.492462,76.19047619047619,2.09
21:42:24.592873,76.19047619047619,2.09
21:42:24.695427,70.0,2.09
21:42:24.795919,70.0,2.09
21:42:24.897463,73.6842105263158,2.09
21:42:24.997921,55.00000000000001,2.09
21:42:25.098671,75.0,2.09
21:42:25.198982,65.0,2.09
21:42:25.299300,70.0,2.09
21:42:25.400514,61.904761904761905,2.09
21:42:25.500879,70.0,2.09
21:42:25.601173,85.0,2.09
21:42:25.701655,63.1578947368421,2.09
21:42:25.802470,70.0,2.09
21:42:25.902811,65.0,2.09
21:42:26.003438,66.66666666666667,2.09
21:42:26.104468,70.0,2.09
21:42:26.204795,68.42105263157895,2.09
21:42:26.305193,72.72727272727273,2.09
21:42:26.406465,78.94736842105263,2.09
21:42:26.506980,65.0,2.09
21:42:26.607488,65.0,2.09
21:42:26.708607,71.42857142857143,2.09
21:42:26.808906,68.42105263157895,2.09
21:42:26.909201,73.6842105263158,2.09
21:42:27.009438,73.6842105263158,2.09
21:42:27.109935,68.18181818181819,2.09
21:42:27.212961,75.0,2.09
21:42:27.313343,75.0,2.09
21:42:27.413632,75.0,2.09
21:42:27.515614,90.0,2.41
21:42:27.615961,100.0,2.41
21:42:27.716295,70.0,2.41
21:42:27.816978,65.0,2.41
21:42:27.917465,71.42857142857143,2.41
21:42:28.020504,65.0,2.41
21:42:28.123438,78.94736842105263,2.41
21:42:28.223755,65.0,2.41
21:42:28.324090,76.19047619047619,2.41
21:42:28.424482,70.0,2.41
21:42:28.524908,72.22222222222221,2.41
21:42:28.625909,57.14285714285714,2.41
21:42:28.726367,76.19047619047619,2.41
21:42:28.826657,68.42105263157895,2.41
21:42:28.926935,75.0,2.41
21:42:29.027529,75.0,2.41
21:42:29.127903,68.42105263157895,2.41
21:42:29.228181,80.0,2.41
21:42:29.328659,70.0,2.41
21:42:29.429018,75.0,2.41
21:42:29.530608,60.0,2.41
21:42:29.630997,66.66666666666667,2.41
21:42:29.731303,78.94736842105263,2.41
21:42:29.832481,72.72727272727273,2.41
21:42:29.937199,80.0,2.41
21:42:30.037497,65.0,2.41
21:42:30.138002,68.42105263157895,2.41
21:42:30.238441,71.42857142857143,2.41
21:42:30.338743,65.0,2.41
21:42:30.439465,75.0,2.41
21:42:30.540647,71.42857142857143,2.41
21:42:30.640915,84.21052631578947,2.41
21:42:30.741484,61.904761904761905,2.41
21:42:30.842497,70.0,2.41
21:42:30.942839,75.0,2.41
21:42:31.043613,73.6842105263158,2.41
21:42:31.144537,76.19047619047619,2.41
21:42:31.244969,75.0,2.41
21:42:31.345345,80.0,2.41
21:42:31.446468,70.0,2.41
21:42:31.546845,75.0,2.41
21:42:31.648498,71.42857142857143,2.41
21:42:31.748923,68.42105263157895,2.41
21:42:31.849460,80.0,2.41
21:42:31.950072,71.42857142857143,2.41
21:42:32.050459,73.6842105263158,2.41
21:42:32.150855,60.0,2.41
21:42:32.251258,70.0,2.41
21:42:32.353588,71.42857142857143,2.41
21:42:32.454035,63.1578947368421,2.41
21:42:32.554521,70.0,2.45
21:42:32.656596,71.42857142857143,2.45
21:42:32.757021,60.0,2.45
21:42:32.857514,75.0,2.45
21:42:32.958346,65.0,2.45
21:42:33.058689,65.0,2.45
21:42:33.160381,80.0,2.45
21:42:33.262543,72.72727272727273,2.45
21:42:33.362862,84.21052631578947,2.45
21:42:33.463364,78.94736842105263,2.45
21:42:33.563685,95.23809523809523,2.45
21:42:33.667229,95.0,2.45
21:42:33.767743,68.42105263157895,2.45
21:42:33.868053,77.27272727272727,2.45
21:42:33.968412,73.6842105263158,2.45
21:42:34.068962,89.47368421052632,2.45
21:42:34.169898,86.36363636363636,2.45
21:42:34.271236,84.21052631578947,2.45
21:42:34.371659,80.95238095238095,2.45
21:42:34.472500,77.77777777777779,2.45
21:42:34.572870,100.0,2.45
21:42:34.673385,77.27272727272727,2.45
21:42:34.775525,85.0,2.45
21:42:34.875912,75.0,2.45
21:42:34.976401,73.6842105263158,2.45
21:42:35.076808,85.0,2.45
21:42:35.177167,75.0,2.45
21:42:35.277674,75.0,2.45
21:42:35.378776,71.42857142857143,2.45
21:42:35.479079,77.77777777777779,2.45
21:42:35.579602,71.42857142857143,2.45
21:42:35.680437,78.94736842105263,2.45
21:42:35.781475,76.19047619047619,2.45
21:42:35.881760,78.94736842105263,2.45
21:42:35.982090,71.42857142857143,2.45
21:42:36.082531,70.0,2.45
21:42:36.182921,80.0,2.45
21:42:36.283486,65.0,2.45
21:42:36.386497,61.904761904761905,2.45
21:42:36.486845,71.42857142857143,2.45
21:42:36.587307,63.1578947368421,2.45
21:42:36.687928,65.0,2.45
21:42:36.788533,70.0,2.45
21:42:36.890621,71.42857142857143,2.45
21:42:36.991014,68.42105263157895,2.45
21:42:37.091515,61.904761904761905,2.45
21:42:37.192507,60.0,2.45
21:42:37.292826,73.6842105263158,2.45
21:42:37.393190,70.0,2.45
21:42:37.493626,57.14285714285714,2.45
21:42:37.594145,60.0,2.26
21:42:37.694531,70.0,2.26
21:42:37.795472,66.66666666666667,2.26
21:42:37.895784,68.42105263157895,2.26
21:42:37.996122,71.42857142857143,2.26
21:42:38.096487,63.1578947368421,2.26
21:42:38.197066,71.42857142857143,2.26
21:42:38.298521,65.0,2.26
21:42:38.398825,75.0,2.26
21:42:38.499308,65.0,2.26
21:42:38.599686,63.1578947368421,2.26
21:42:38.700066,65.0,2.26
21:42:38.800535,71.42857142857143,2.26
21:42:38.901520,63.1578947368421,2.26
21:42:39.001850,70.0,2.26
21:42:39.102249,70.0,2.26
21:42:39.204644,65.0,2.26
21:42:39.305060,71.42857142857143,2.26
21:42:39.405425,68.42105263157895,2.26
21:42:39.505816,75.0,2.26
21:42:39.606131,66.66666666666667,2.26
21:42:39.706592,65.0,2.26
21:42:39.806988,68.42105263157895,2.26
21:42:39.907312,65.0,2.26
21:42:40.010149,70.0,2.26
21:42:40.110577,65.0,2.26
21:42:40.211084,66.66666666666667,2.26
21:42:40.313715,76.19047619047619,2.26
21:42:40.414251,65.0,2.26
21:42:40.515489,63.1578947368421,2.26
21:42:40.615839,71.42857142857143,2.26
21:42:40.716197,65.0,2.26
21:42:40.816712,63.1578947368421,2.26
21:42:40.917137,61.904761904761905,2.26
21:42:41.018563,80.0,2.26
21:42:41.118867,73.6842105263158,2.26
21:42:41.219345,75.0,2.26
21:42:41.319834,61.904761904761905,2.26
21:42:41.422145,80.0,2.26
21:42:41.522449,75.0,2.26
21:42:41.622748,70.0,2.26
21:42:41.723051,66.66666666666667,2.26
21:42:41.823358,78.94736842105263,2.26
21:42:41.925611,78.94736842105263,2.26
21:42:42.027485,65.0,2.26
21:42:42.127879,71.42857142857143,2.26
21:42:42.228422,80.0,2.26
21:42:42.330450,80.0,2.26
21:42:42.430822,65.0,2.26
21:42:42.531109,75.0,2.24
21:42:42.631440,65.0,2.24
21:42:42.732933,71.42857142857143,2.24
21:42:42.833355,75.0,2.24
21:42:42.934543,75.0,2.24
21:42:43.035094,65.0,2.24
21:42:43.135573,70.0,2.24
21:42:43.235920,70.0,2.24
21:42:43.337620,71.42857142857143,2.24
21:42:43.438088,61.111111111111114,2.24
21:42:43.540881,68.18181818181819,2.24
21:42:43.641624,68.42105263157895,2.24
21:42:43.742115,76.19047619047619,2.24
21:42:43.842701,65.0,2.24
21:42:43.943182,65.0,2.24
21:42:44.043759,65.0,2.24
21:42:44.144623,70.0,2.24
21:42:44.245026,65.0,2.24
21:42:44.345494,65.0,2.24
21:42:44.446060,75.0,2.24
21:42:44.546488,65.0,2.24
21:42:44.646915,65.0,2.24
21:42:44.748617,68.42105263157895,2.24
21:42:44.849128,65.0,2.24
21:42:44.949514,65.0,2.24
21:42:45.051603,66.66666666666667,2.24
21:42:45.152035,70.0,2.24
21:42:45.252440,75.0,2.24
21:42:45.352818,73.6842105263158,2.24
21:42:45.454717,66.66666666666667,2.24
21:42:45.555116,73.6842105263158,2.24
21:42:45.655508,76.19047619047619,2.24
21:42:45.755834,73.6842105263158,2.24
21:42:45.856186,85.0,2.24
21:42:45.956618,75.0,2.24
21:42:46.058537,78.94736842105263,2.24
21:42:46.160461,76.19047619047619,2.24
21:42:46.263617,100.0,2.24
21:42:46.366154,94.73684210526316,2.24
21:42:46.470119,95.23809523809523,2.24
21:42:46.570600,80.0,2.24
21:42:46.672569,80.0,2.24
21:42:46.772928,80.0,2.24
21:42:46.873513,80.0,2.24
21:42:46.973884,75.0,2.24
21:42:47.074319,78.94736842105263,2.24
21:42:47.174618,80.95238095238095,2.24
21:42:47.275024,80.0,2.24
21:42:47.375558,68.42105263157895,2.24
21:42:47.475900,70.0,2.24
21:42:47.576365,66.66666666666667,2.14
21:42:47.677154,68.42105263157895,2.14
21:42:47.777541,76.19047619047619,2.14
21:42:47.879741,65.0,2.14
21:42:47.980193,68.42105263157895,2.14
21:42:48.081840,71.42857142857143,2.14
21:42:48.183330,76.19047619047619,2.14
21:42:48.284230,65.0,2.14
21:42:48.385789,70.0,2.14
21:42:48.486959,75.0,2.14
21:42:48.588252,95.0,2.14
21:42:48.688659,76.19047619047619,2.14
21:42:48.789082,73.6842105263158,2.14
21:42:48.889479,65.0,2.14
21:42:48.990924,75.0,2.14
21:42:49.091339,71.42857142857143,2.14
21:42:49.191877,73.6842105263158,2.14
21:42:49.292586,75.0,2.14
21:42:49.397711,76.19047619047619,2.14
21:42:49.499019,85.0,2.14
21:42:49.607845,100.0,2.14
21:42:49.711651,95.23809523809523,2.14
21:42:49.812046,76.19047619047619,2.14
21:42:49.912478,73.6842105263158,2.14
21:42:50.012894,80.0,2.14
21:42:50.113262,71.42857142857143,2.14
21:42:50.213734,68.42105263157895,2.14
21:42:50.314151,60.0,2.14
21:42:50.416085,70.0,2.14
21:42:50.517202,76.19047619047619,2.14
21:42:50.617755,80.0,2.14
21:42:50.718583,63.1578947368421,2.14
21:42:50.818988,75.0,2.14
21:42:50.919519,71.42857142857143,2.14
21:42:51.020653,68.42105263157895,2.14
21:42:51.121071,70.0,2.14
21:42:51.221501,70.0,2.14
21:42:51.322680,80.95238095238095,2.14
21:42:51.423025,95.0,2.14
21:42:51.523373,78.94736842105263,2.14
21:42:51.623733,71.42857142857143,2.14
21:42:51.724187,75.0,2.14
21:42:51.825594,61.904761904761905,2.14
21:42:51.925989,60.0,2.14
21:42:52.026464,75.0,2.14
21:42:52.127506,63.1578947368421,2.14
21:42:52.227965,61.904761904761905,2.14
21:42:52.328341,77.77777777777779,2.14
21:42:52.428740,76.19047619047619,2.14
21:42:52.529166,73.6842105263158,2.37
21:42:52.630512,61.904761904761905,2.37
21:42:52.732555,70.0,2.37
21:42:52.832856,68.42105263157895,2.37
21:42:52.933151,61.904761904761905,2.37
21:42:53.033560,55.00000000000001,2.37
21:42:53.134126,52.63157894736843,2.37
21:42:53.235562,65.0,2.37
21:42:53.335912,76.19047619047619,2.37
21:42:53.436335,75.0,2.37
21:42:53.536687,75.0,2.37
21:42:53.637435,55.00000000000001,2.37
21:42:53.738445,75.0,2.37
21:42:53.838775,75.0,2.37
21:42:53.939218,65.0,2.37
21:42:54.041155,50.0,2.37
21:42:54.142454,80.95238095238095,2.37
21:42:54.242838,70.0,2.37
21:42:54.343226,70.0,2.37
21:42:54.444475,65.0,2.37
21:42:54.544810,75.0,2.37
21:42:54.645195,71.42857142857143,2.37
21:42:54.746492,66.66666666666667,2.37
21:42:54.846799,78.94736842105263,2.37
21:42:54.947363,70.0,2.37
21:42:55.047704,65.0,2.37
21:42:55.148392,75.0,2.37
21:42:55.250450,75.0,2.37
21:42:55.350819,73.6842105263158,2.37
21:42:55.451599,76.19047619047619,2.37
21:42:55.551873,65.0,2.37
21:42:55.652187,65.0,2.37
21:42:55.752482,73.6842105263158,2.37
21:42:55.852824,70.0,2.37
21:42:55.953118,75.0,2.37
21:42:56.053422,85.0,2.37
21:42:56.153850,66.66666666666667,2.37
21:42:56.254509,70.0,2.37
21:42:56.355081,60.0,2.37
21:42:56.455421,68.42105263157895,2.37
21:42:56.557551,71.42857142857143,2.37
21:42:56.657909,63.1578947368421,2.37
21:42:56.758258,61.904761904761905,2.37
21:42:56.861315,75.0,2.37
21:42:56.961741,71.42857142857143,2.37
21:42:57.062094,52.63157894736843,2.37
21:42:57.162602,65.0,2.37
21:42:57.262973,76.19047619047619,2.37
21:42:57.365580,70.0,2.37
21:42:57.466060,71.42857142857143,2.37
21:42:57.566772,52.63157894736843,2.58
21:42:57.667394,80.0,2.58
21:42:57.769443,85.0,2.58
21:42:57.869782,80.0,2.58
21:42:57.970501,57.14285714285714,2.58
21:42:58.070821,73.6842105263158,2.58
21:42:58.171213,80.0,2.58
21:42:58.272505,71.42857142857143,2.58
21:42:58.372831,70.0,2.58
21:42:58.473138,75.0,2.58
21:42:58.573669,78.94736842105263,2.58
21:42:58.674057,75.0,2.58
21:42:58.774819,61.904761904761905,2.58
21:42:58.875195,78.94736842105263,2.58
21:42:58.977201,71.42857142857143,2.58
21:42:59.077615,65.0,2.58
21:42:59.177978,65.0,2.58
21:42:59.279580,73.6842105263158,2.58
21:42:59.380030,65.0,2.58
21:42:59.482330,69.56521739130434,2.58
21:42:59.583659,65.0,2.58
21:42:59.687157,71.42857142857143,2.58
21:42:59.787577,73.6842105263158,2.58
21:42:59.888224,55.00000000000001,2.58
21:42:59.988737,66.66666666666667,2.58
21:43:00.090564,78.94736842105263,2.58
21:43:00.191108,57.89473684210527,2.58
21:43:00.291578,77.27272727272727,2.58
21:43:00.392026,57.89473684210527,2.58
21:43:00.495550,71.42857142857143,2.58
21:43:00.595884,70.0,2.58
21:43:00.696402,60.0,2.58
21:43:00.797484,61.904761904761905,2.58
21:43:00.898801,75.0,2.58
21:43:00.999266,70.0,2.58
21:43:01.100615,50.0,2.58
21:43:01.202475,80.0,2.58
21:43:01.302829,70.0,2.58
21:43:01.404530,76.19047619047619,2.58
21:43:01.504968,100.0,2.58
21:43:01.605370,70.0,2.58
21:43:01.706449,63.1578947368421,2.58
21:43:01.806744,60.0,2.58
21:43:01.907070,70.0,2.58
21:43:02.007424,75.0,2.58
21:43:02.109556,57.14285714285714,2.58
21:43:02.209838,76.19047619047619,2.58
21:43:02.310156,68.42105263157895,2.58
21:43:02.410477,65.0,2.58
21:43:02.510787,75.0,2.53
21:43:02.611159,70.0,2.53
21:43:02.711485,84.21052631578947,2.53
21:43:02.811866,95.23809523809523,2.53
21:43:02.913648,95.0,2.53
21:43:03.015689,89.47368421052632,2.53
21:43:03.115996,72.72727272727273,2.53
21:43:03.216332,68.42105263157895,2.53
21:43:03.318441,85.0,2.53
21:43:03.418766,90.0,2.53
21:43:03.521991,95.0,2.53
21:43:03.622734,95.23809523809523,2.53
21:43:03.724524,70.0,2.53
21:43:03.824963,65.0,2.53
21:43:03.925430,84.21052631578947,2.53
21:43:04.027497,100.0,2.53
21:43:04.129488,95.0,2.53
21:43:04.230335,80.0,2.53
21:43:04.331466,73.6842105263158,2.53
21:43:04.431896,71.42857142857143,2.53
21:43:04.534015,90.47619047619048,2.53
21:43:04.634368,94.73684210526316,2.53
21:43:04.734761,95.0,2.53
21:43:04.835106,90.0,2.53
21:43:04.935648,65.0,2.53
21:43:05.037942,94.73684210526316,2.53
21:43:05.138293,95.0,2.53
21:43:05.238698,71.42857142857143,2.53
21:43:05.339042,75.0,2.53
21:43:05.439486,65.0,2.53
21:43:05.539994,63.1578947368421,2.53
21:43:05.642619,100.0,2.53
21:43:05.744551,100.0,2.53
21:43:05.846081,100.0,2.53
21:43:05.946577,76.19047619047619,2.53
21:43:06.047032,57.89473684210527,2.53
21:43:06.147517,70.0,2.53
21:43:06.248670,85.0,2.53
21:43:06.349589,94.73684210526316,2.53
21:43:06.450904,80.95238095238095,2.53
21:43:06.551452,60.0,2.53
21:43:06.651848,70.0,2.53
21:43:06.752448,66.66666666666667,2.53
21:43:06.853118,63.1578947368421,2.53
21:43:06.956473,81.81818181818181,2.53
21:43:07.056788,94.73684210526316,2.53
21:43:07.157196,60.0,2.53
21:43:07.258529,55.00000000000001,2.53
21:43:07.359485,71.42857142857143,2.53
21:43:07.459792,78.94736842105263,2.53
21:43:07.560100,73.6842105263158,2.57
21:43:07.660492,75.0,2.57
21:43:07.760818,75.0,2.57
21:43:07.861134,76.19047619047619,2.57
21:43:07.961496,73.6842105263158,2.57
21:43:08.061885,76.19047619047619,2.57
21:43:08.162205,70.0,2.57
21:43:08.263562,85.0,2.57
21:43:08.363865,90.0,2.57
21:43:08.464571,78.94736842105263,2.57
21:43:08.565670,80.0,2.57
21:43:08.666931,80.0,2.57
21:43:08.767300,85.0,2.57
21:43:08.869392,85.0,2.57
21:43:08.969816,85.0,2.57
21:43:09.070184,89.47368421052632,2.57
21:43:09.170516,66.66666666666667,2.57
21:43:09.276538,75.0,2.57
21:43:09.376830,65.0,2.57
21:43:09.477116,76.19047619047619,2.57
21:43:09.577452,85.0,2.57
21:43:09.678473,60.0,2.57
21:43:09.779736,94.44444444444444,2.57
21:43:09.880508,100.0,2.57
21:43:09.983756,95.45454545454545,2.57
21:43:10.085464,100.0,2.57
21:43:10.188872,95.0,2.57
21:43:10.289199,90.0,2.57
21:43:10.393480,100.0,2.57
21:43:10.493922,90.9090909090909,2.57
21:43:10.599328,100.0,2.57
21:43:10.700049,95.65217391304348,2.57
21:43:10.801588,100.0,2.57
21:43:10.903483,95.23809523809523,2.57
21:43:11.003839,100.0,2.57
21:43:11.104228,95.0,2.57
21:43:11.204607,100.0,2.57
21:43:11.305435,95.45454545454545,2.57
21:43:11.407534,100.0,2.57
21:43:11.509414,100.0,2.57
21:43:11.609779,95.0,2.57
21:43:11.710135,95.23809523809523,2.57
21:43:11.811457,89.47368421052632,2.57
21:43:11.911877,100.0,2.57
21:43:12.012198,73.6842105263158,2.57
21:43:12.112569,70.0,2.57
21:43:12.216194,100.0,2.57
21:43:12.317844,71.42857142857143,2.57
21:43:12.418723,100.0,2.57
21:43:12.520150,78.94736842105263,2.6
21:43:12.620590,65.0,2.6
21:43:12.721016,85.71428571428572,2.6
21:43:12.821508,90.47619047619048,2.6
21:43:12.921896,100.0,2.6
21:43:13.026661,95.0,2.6
21:43:13.127660,95.0,2.6
21:43:13.229197,100.0,2.6
21:43:13.331478,95.0,2.6
21:43:13.432254,95.23809523809523,2.6
21:43:13.532850,95.23809523809523,2.6
21:43:13.633160,100.0,2.6
21:43:13.733503,100.0,2.6
21:43:13.834071,100.0,2.6
21:43:13.934933,95.45454545454545,2.6
21:43:14.035232,100.0,2.6
21:43:14.135649,95.0,2.6
21:43:14.237526,100.0,2.6
21:43:14.337825,100.0,2.6
21:43:14.444755,75.0,2.6
21:43:14.545046,100.0,2.6
21:43:14.645450,88.88888888888889,2.6
21:43:14.745813,100.0,2.6
21:43:14.846151,95.0,2.6
21:43:14.946578,95.23809523809523,2.6
21:43:15.052156,85.0,2.6
21:43:15.153546,72.72727272727273,2.6
21:43:15.253951,77.77777777777779,2.6
21:43:15.355576,85.0,2.6
21:43:15.455972,85.71428571428572,2.6
21:43:15.557539,80.0,2.6
21:43:15.658570,70.0,2.6
21:43:15.759551,70.0,2.6
21:43:15.864173,90.0,2.6
21:43:15.967799,66.66666666666667,2.6
21:43:16.068535,78.94736842105263,2.6
21:43:16.168914,100.0,2.6
21:43:16.270660,95.0,2.6
21:43:16.370992,90.47619047619048,2.6
21:43:16.471350,95.0,2.6
21:43:16.573441,100.0,2.6
21:43:16.673894,94.73684210526316,2.6
21:43:16.774326,95.23809523809523,2.6
21:43:16.874677,95.0,2.6
21:43:16.975425,100.0,2.6
21:43:17.075754,100.0,2.6
21:43:17.176071,100.0,2.6
21:43:17.278592,100.0,2.6
21:43:17.380521,95.0,2.6
21:43:17.480879,95.0,2.6
21:43:17.581793,95.23809523809523,3.04
21:43:17.682622,100.0,3.04
21:43:17.784473,100.0,3.04
21:43:17.886152,90.0,3.04
21:43:17.987340,95.23809523809523,3.04
21:43:18.089964,100.0,3.04
21:43:18.193664,90.47619047619048,3.04
21:43:18.294486,95.23809523809523,3.04
21:43:18.395447,100.0,3.04
21:43:18.495851,89.47368421052632,3.04
21:43:18.596202,90.0,3.04
21:43:18.698460,76.19047619047619,3.04
21:43:18.798770,73.6842105263158,3.04
21:43:18.899073,95.0,3.04
21:43:19.000069,95.45454545454545,3.04
21:43:19.100419,100.0,3.04
21:43:19.202475,95.0,3.04
21:43:19.302828,80.95238095238095,3.04
21:43:19.403159,68.42105263157895,3.04
21:43:19.503546,85.0,3.04
21:43:19.604737,80.95238095238095,3.04
21:43:19.705028,73.6842105263158,3.04
21:43:19.806605,71.42857142857143,3.04
21:43:19.907246,75.0,3.04
21:43:20.007658,68.42105263157895,3.04
21:43:20.108055,66.66666666666667,3.04
21:43:20.208461,70.0,3.04
21:43:20.309567,70.0,3.04
21:43:20.409881,78.94736842105263,3.04
21:43:20.510179,76.19047619047619,3.04
21:43:20.613550,78.94736842105263,3.04
21:43:20.713914,71.42857142857143,3.04
21:43:20.814240,61.904761904761905,3.04
21:43:20.915730,68.42105263157895,3.04
21:43:21.016489,80.95238095238095,3.04
21:43:21.116805,75.0,3.04
21:43:21.217126,73.6842105263158,3.04
21:43:21.317494,73.6842105263158,3.04
21:43:21.417884,66.66666666666667,3.04
21:43:21.518461,63.1578947368421,3.04
21:43:21.620268,75.0,3.04
21:43:21.720620,80.0,3.04
21:43:21.821026,85.0,3.04
21:43:21.921517,68.42105263157895,3.04
21:43:22.021951,76.19047619047619,3.04
21:43:22.122399,68.42105263157895,3.04
21:43:22.222753,80.95238095238095,3.04
21:43:22.323064,80.95238095238095,3.04
21:43:22.423497,83.33333333333334,3.04
21:43:22.524509,86.36363636363636,3.03
21:43:22.625350,83.33333333333334,3.03
21:43:22.726459,76.19047619047619,3.03
21:43:22.827402,71.42857142857143,3.03
21:43:22.927721,78.94736842105263,3.03
21:43:23.028154,75.0,3.03
21:43:23.129267,85.0,3.03
21:43:23.229757,80.0,3.03
21:43:23.330456,80.0,3.03
21:43:23.430765,65.0,3.03
21:43:23.531478,61.904761904761905,3.03
21:43:23.636456,65.0,3.03
21:43:23.736750,65.0,3.03
21:43:23.837068,75.0,3.03
21:43:23.937551,55.00000000000001,3.03
21:43:24.037948,70.0,3.03
21:43:24.139048,75.0,3.03
21:43:24.239469,75.0,3.03
21:43:24.342568,90.47619047619048,3.03
21:43:24.442912,100.0,3.03
21:43:24.543257,90.0,3.03
21:43:24.643680,65.0,3.03
21:43:24.745542,71.42857142857143,3.03
21:43:24.845916,68.42105263157895,3.03
21:43:24.946543,75.0,3.03
21:43:25.046909,70.0,3.03
21:43:25.147628,70.0,3.03
21:43:25.248077,68.42105263157895,3.03
21:43:25.349432,66.66666666666667,3.03
21:43:25.449791,75.0,3.03
21:43:25.550085,75.0,3.03
21:43:25.651455,80.0,3.03
21:43:25.751951,71.42857142857143,3.03
21:43:25.852361,68.42105263157895,3.03
21:43:25.952740,75.0,3.03
21:43:26.053494,76.19047619047619,3.03
21:43:26.153799,73.6842105263158,3.03
21:43:26.254667,70.0,3.03
21:43:26.356457,77.27272727272727,3.03
21:43:26.458153,83.33333333333334,3.03
21:43:26.558983,76.19047619047619,3.03
21:43:26.661504,80.95238095238095,3.03
21:43:26.761893,89.47368421052632,3.03
21:43:26.862178,75.0,3.03
21:43:26.962615,60.0,3.03
21:43:27.063660,80.95238095238095,3.03
21:43:27.164025,75.0,3.03
21:43:27.266626,70.0,3.03
21:43:27.367477,70.0,3.03
21:43:27.469633,65.0,3.03
21:43:27.569986,75.0,2.79
21:43:27.670475,57.14285714285714,2.79
21:43:27.771499,75.0,2.79
21:43:27.871997,68.42105263157895,2.79
21:43:27.972514,71.42857142857143,2.79
21:43:28.073491,66.66666666666667,2.79
21:43:28.175542,75.0,2.79
21:43:28.276456,65.0,2.79
21:43:28.377474,75.0,2.79
21:43:28.477787,70.0,2.79
21:43:28.578416,75.0,2.79
21:43:28.678743,75.0,2.79
21:43:28.779109,80.0,2.79
21:43:28.879414,73.6842105263158,2.79
21:43:28.979764,75.0,2.79
21:43:29.080123,78.94736842105263,2.79
21:43:29.180469,70.0,2.79
21:43:29.280850,73.6842105263158,2.79
21:43:29.381199,76.19047619047619,2.79
21:43:29.481535,76.19047619047619,2.79
21:43:29.581859,75.0,2.79
21:43:29.682180,65.0,2.79
21:43:29.784590,65.0,2.79
21:43:29.884969,71.42857142857143,2.79
21:43:29.985427,63.1578947368421,2.79
21:43:30.085844,60.0,2.79
21:43:30.186231,71.42857142857143,2.79
21:43:30.287478,71.42857142857143,2.79
21:43:30.388023,57.89473684210527,2.79
21:43:30.490640,70.0,2.79
21:43:30.590953,75.0,2.79
21:43:30.691435,65.0,2.79
21:43:30.792528,63.63636363636363,2.79
21:43:30.894570,75.0,2.79
21:43:30.994897,75.0,2.79
21:43:31.095433,68.42105263157895,2.79
21:43:31.196473,70.0,2.79
21:43:31.296902,80.0,2.79
21:43:31.397541,76.19047619047619,2.79
21:43:31.497993,75.0,2.79
21:43:31.598474,80.0,2.79
21:43:31.698784,73.6842105263158,2.79
21:43:31.799337,66.66666666666667,2.79
21:43:31.906298,75.0,2.79
21:43:32.006642,75.0,2.79
21:43:32.106967,80.0,2.79
21:43:32.207419,70.0,2.79
21:43:32.307955,75.0,2.79
21:43:32.408353,80.0,2.79
21:43:32.508744,65.0,2.79
21:43:32.609407,73.6842105263158,2.73
21:43:32.709954,76.19047619047619,2.73
21:43:32.810643,78.94736842105263,2.73
21:43:32.913479,76.19047619047619,2.73
21:43:33.014014,70.0,2.73
21:43:33.114569,75.0,2.73
21:43:33.215092,75.0,2.73
21:43:33.316542,65.0,2.73
21:43:33.416904,63.63636363636363,2.73
21:43:33.517579,84.21052631578947,2.73
21:43:33.618698,100.0,2.73
21:43:33.721865,85.0,2.73
21:43:33.822184,65.0,2.73
21:43:33.922692,60.0,2.73
21:43:34.023538,85.0,2.73
21:43:34.126053,80.0,2.73
21:43:34.226432,80.95238095238095,2.73
21:43:34.327897,75.0,2.73
21:43:34.428779,78.94736842105263,2.73
21:43:34.529198,90.0,2.73
21:43:34.632608,90.47619047619048,2.73
21:43:34.733669,85.71428571428572,2.73
21:43:34.834560,94.73684210526316,2.73
21:43:34.935449,78.94736842105263,2.73
21:43:35.035776,71.42857142857143,2.73
21:43:35.136458,70.0,2.73
21:43:35.236848,70.0,2.73
21:43:35.338591,70.0,2.73
21:43:35.441485,71.42857142857143,2.73
21:43:35.541819,70.0,2.73
21:43:35.642107,95.0,2.73
21:43:35.742413,76.19047619047619,2.73
21:43:35.842769,63.1578947368421,2.73
21:43:35.945453,70.0,2.73
21:43:36.045735,73.6842105263158,2.73
21:43:36.146068,75.0,2.73
21:43:36.246451,70.0,2.73
21:43:36.346919,60.0,2.73
21:43:36.447236,61.904761904761905,2.73
21:43:36.548698,84.21052631578947,2.73
21:43:36.649512,75.0,2.73
21:43:36.751581,75.0,2.73
21:43:36.851863,75.0,2.73
21:43:36.952164,68.42105263157895,2.73
21:43:37.052652,76.19047619047619,2.73
21:43:37.152985,78.94736842105263,2.73
21:43:37.255545,70.0,2.73
21:43:37.356461,71.42857142857143,2.73
21:43:37.458217,80.0,2.73
21:43:37.558490,75.0,2.75
21:43:37.658969,66.66666666666667,2.75
21:43:37.759455,70.0,2.75
21:43:37.859755,70.0,2.75
21:43:37.960557,68.42105263157895,2.75
21:43:38.060984,65.0,2.75
21:43:38.161412,70.0,2.75
21:43:38.263523,70.0,2.75
21:43:38.363862,63.1578947368421,2.75
21:43:38.464293,61.904761904761905,2.75
21:43:38.566887,75.0,2.75
21:43:38.667393,61.904761904761905,2.75
21:43:38.769680,65.0,2.75
21:43:38.870443,80.0,2.75
21:43:38.970733,76.19047619047619,2.75
21:43:39.072727,63.1578947368421,2.75
21:43:39.173486,80.0,2.75
21:43:39.273838,76.19047619047619,2.75
21:43:39.374229,75.0,2.75
21:43:39.474692,63.1578947368421,2.75
21:43:39.575150,80.0,2.75
21:43:39.675478,71.42857142857143,2.75
21:43:39.777596,68.42105263157895,2.75
21:43:39.877934,76.19047619047619,2.75
21:43:39.978249,70.0,2.75
21:43:40.078819,75.0,2.75
21:43:40.179473,71.42857142857143,2.75
21:43:40.279756,68.42105263157895,2.75
21:43:40.380138,75.0,2.75
21:43:40.481824,63.1578947368421,2.75
21:43:40.585552,76.19047619047619,2.75
21:43:40.686438,61.904761904761905,2.75
21:43:40.788823,75.0,2.75
21:43:40.889146,80.0,2.75
21:43:40.990044,73.6842105263158,2.75
21:43:41.090508,66.66666666666667,2.75
21:43:41.190791,85.0,2.75
21:43:41.291152,75.0,2.75
21:43:41.391629,68.42105263157895,2.75
21:43:41.491980,71.42857142857143,2.75
21:43:41.592329,78.94736842105263,2.75
21:43:41.694548,75.0,2.75
21:43:41.794855,70.0,2.75
21:43:41.895503,71.42857142857143,2.75
21:43:41.995960,70.0,2.75
21:43:42.096455,63.1578947368421,2.75
21:43:42.200561,66.66666666666667,2.75
21:43:42.301025,71.42857142857143,2.75
21:43:42.401805,70.0,2.75
21:43:42.502837,61.904761904761905,2.75
21:43:42.604564,70.0,2.61
21:43:42.704853,77.77777777777779,2.61
21:43:42.805172,66.66666666666667,2.61
21:43:42.905611,68.42105263157895,2.61
21:43:43.007445,71.42857142857143,2.61
21:43:43.107731,68.42105263157895,2.61
21:43:43.208406,70.0,2.61
21:43:43.308717,71.42857142857143,2.61
21:43:43.409477,73.6842105263158,2.61
21:43:43.509743,76.19047619047619,2.61
21:43:43.610021,73.6842105263158,2.61
21:43:43.710340,70.0,2.61
21:43:43.810605,85.0,2.61
21:43:43.910876,71.42857142857143,2.61
21:43:44.011131,72.22222222222221,2.61
21:43:44.112737,76.19047619047619,2.61
21:43:44.213013,75.0,2.61
21:43:44.313398,80.95238095238095,2.61
21:43:44.414628,65.0,2.61
21:43:44.514968,78.94736842105263,2.61
21:43:44.615532,71.42857142857143,2.61
21:43:44.717444,70.0,2.61
21:43:44.817722,73.6842105263158,2.61
21:43:44.918037,80.0,2.61
21:43:45.018333,70.0,2.61
21:43:45.118637,76.19047619047619,2.61
21:43:45.219062,68.42105263157895,2.61
21:43:45.319434,75.0,2.61
21:43:45.420607,75.0,2.61
21:43:45.520942,68.42105263157895,2.61
21:43:45.621267,61.904761904761905,2.61
21:43:45.721700,65.0,2.61
21:43:45.822486,75.0,2.61
21:43:45.924612,63.1578947368421,2.61
21:43:46.024968,68.18181818181819,2.61
21:43:46.125372,73.6842105263158,2.61
21:43:46.225838,70.0,2.61
21:43:46.326595,57.14285714285714,2.61
21:43:46.427126,52.63157894736843,2.61
21:43:46.530438,76.19047619047619,2.61
21:43:46.631593,85.0,2.61
21:43:46.731990,63.1578947368421,2.61
21:43:46.832383,70.0,2.61
21:43:46.932724,71.42857142857143,2.61
21:43:47.033669,71.42857142857143,2.61
21:43:47.134596,63.1578947368421,2.61
21:43:47.234888,71.42857142857143,2.61
21:43:47.335819,68.42105263157895,2.61
21:43:47.436228,65.0,2.61
21:43:47.536636,60.0,2.4
21:43:47.636936,61.904761904761905,2.4
21:43:47.737350,73.6842105263158,2.4
21:43:47.837751,70.0,2.4
21:43:47.938390,60.0,2.4
21:43:48.039523,60.0,2.4
21:43:48.140727,70.0,2.4
21:43:48.241115,80.0,2.4
21:43:48.341514,57.14285714285714,2.4
21:43:48.442514,70.0,2.4
21:43:48.542830,85.0,2.4
21:43:48.643262,95.0,2.4
21:43:48.743617,75.0,2.4
21:43:48.844005,65.0,2.4
21:43:48.945477,61.904761904761905,2.4
21:43:49.045930,88.88888888888889,2.4
21:43:49.146511,75.0,2.4
21:43:49.246885,71.42857142857143,2.4
21:43:49.347405,68.42105263157895,2.4
21:43:49.447753,66.66666666666667,2.4
21:43:49.548924,94.73684210526316,2.4
21:43:49.649493,80.0,2.4
21:43:49.750019,75.0,2.4
21:43:49.850376,80.0,2.4
21:43:49.950696,63.1578947368421,2.4
21:43:50.051483,65.0,2.4
21:43:50.151819,60.0,2.4
21:43:50.252126,76.19047619047619,2.4
21:43:50.353936,68.42105263157895,2.4
21:43:50.454470,60.0,2.4
21:43:50.554805,66.66666666666667,2.4
21:43:50.655135,84.21052631578947,2.4
21:43:50.755689,61.904761904761905,2.4
21:43:50.856046,70.0,2.4
21:43:50.956359,68.42105263157895,2.4
21:43:51.056733,55.00000000000001,2.4
21:43:51.157128,75.0,2.4
21:43:51.260483,72.72727272727273,2.4
21:43:51.360883,52.63157894736843,2.4
21:43:51.461259,61.904761904761905,2.4
21:43:51.562479,70.0,2.4
21:43:51.662798,68.42105263157895,2.4
21:43:51.763186,60.0,2.4
21:43:51.864647,66.66666666666667,2.4
21:43:51.965021,73.6842105263158,2.4
21:43:52.065469,60.0,2.4
21:43:52.165962,65.0,2.4
21:43:52.268709,75.0,2.4
21:43:52.369031,61.904761904761905,2.4
21:43:52.470745,66.66666666666667,2.4
21:43:52.572564,75.0,2.45
21:43:52.672972,75.0,2.45
21:43:52.773441,66.66666666666667,2.45
21:43:52.874494,66.66666666666667,2.45
21:43:52.974915,63.1578947368421,2.45
21:43:53.075473,65.0,2.45
21:43:53.176443,66.66666666666667,2.45
21:43:53.276758,66.66666666666667,2.45
21:43:53.377188,68.42105263157895,2.45
21:43:53.478512,70.0,2.45
21:43:53.578815,65.0,2.45
21:43:53.679134,70.0,2.45
21:43:53.779493,65.0,2.45
21:43:53.880572,66.66666666666667,2.45
21:43:53.981001,75.0,2.45
21:43:54.081417,63.1578947368421,2.45
21:43:54.181709,65.0,2.45
21:43:54.284499,70.0,2.45
21:43:54.386661,71.42857142857143,2.45
21:43:54.487226,66.66666666666667,2.45
21:43:54.587638,84.21052631578947,2.45
21:43:54.688481,61.904761904761905,2.45
21:43:54.789594,70.0,2.45
21:43:54.890460,71.42857142857143,2.45
21:43:54.991366,65.0,2.45
21:43:55.091833,73.6842105263158,2.45
21:43:55.192629,71.42857142857143,2.45
21:43:55.292959,65.0,2.45
21:43:55.394629,65.0,2.45
21:43:55.494950,70.0,2.45
21:43:55.595388,73.6842105263158,2.45
21:43:55.695766,61.904761904761905,2.45
21:43:55.796621,73.6842105263158,2.45
21:43:55.897228,75.0,2.45
21:43:55.998475,55.00000000000001,2.45
21:43:56.098766,65.0,2.45
21:43:56.199054,73.6842105263158,2.45
21:43:56.299438,66.66666666666667,2.45
21:43:56.399791,55.00000000000001,2.45
21:43:56.500097,76.19047619047619,2.45
21:43:56.600426,75.0,2.45
21:43:56.700802,60.0,2.45
21:43:56.801109,65.0,2.45
21:43:56.901514,75.0,2.45
21:43:57.002510,65.0,2.45
21:43:57.104469,65.0,2.45
21:43:57.204820,70.0,2.45
21:43:57.305135,75.0,2.45
21:43:57.408456,85.71428571428572,2.45
21:43:57.511490,100.0,2.45
21:43:57.611779,75.0,2.81
21:43:57.712055,80.0,2.81
21:43:57.812344,70.0,2.81
21:43:57.912638,76.19047619047619,2.81
21:43:58.013021,73.6842105263158,2.81
21:43:58.113381,60.0,2.81
21:43:58.214588,76.19047619047619,2.81
21:43:58.317540,71.42857142857143,2.81
21:43:58.418507,70.0,2.81
21:43:58.519062,72.22222222222221,2.81
21:43:58.619652,60.0,2.81
21:43:58.720139,66.66666666666667,2.81
21:43:58.820431,70.0,2.81
21:43:58.922468,66.66666666666667,2.81
21:43:59.023446,72.22222222222221,2.81
21:43:59.123777,70.0,2.81
21:43:59.224111,61.904761904761905,2.81
21:43:59.324843,80.0,2.81
21:43:59.425556,89.47368421052632,2.81
21:43:59.525969,65.0,2.81
21:43:59.626403,65.0,2.81
21:43:59.729586,95.0,2.81
21:43:59.830018,68.42105263157895,2.81
21:43:59.930477,71.42857142857143,2.81
21:44:00.031459,66.66666666666667,2.81
21:44:00.132547,95.0,2.81
21:44:00.234694,100.0,2.81
21:44:00.334986,100.0,2.81
21:44:00.435324,95.23809523809523,2.81
21:44:00.535909,95.0,2.81
21:44:00.636851,100.0,2.81
21:44:00.737617,80.0,2.81
21:44:00.837948,70.0,2.81
21:44:00.938484,75.0,2.81
21:44:01.038802,68.42105263157895,2.81
21:44:01.139406,65.0,2.81
21:44:01.240436,70.0,2.81
21:44:01.340744,70.0,2.81
21:44:01.441057,66.66666666666667,2.81
21:44:01.541537,60.0,2.81
21:44:01.642525,60.0,2.81
21:44:01.743092,68.42105263157895,2.81
21:44:01.845443,66.66666666666667,2.81
21:44:01.945715,65.0,2.81
21:44:02.046001,55.00000000000001,2.81
21:44:02.146322,75.0,2.81
21:44:02.246606,71.42857142857143,2.81
21:44:02.346992,63.1578947368421,2.81
21:44:02.447399,70.0,2.81
21:44:02.547717,70.0,2.75
21:44:02.648593,65.0,2.75
21:44:02.748891,80.0,2.75
21:44:02.849209,70.0,2.75
21:44:02.950464,61.904761904761905,2.75
21:44:03.050797,80.0,2.75
21:44:03.152573,75.0,2.75
21:44:03.252851,70.0,2.75
21:44:03.353164,75.0,2.75
21:44:03.453471,68.42105263157895,2.75
21:44:03.553801,85.0,2.75
21:44:03.654235,80.0,2.75
21:44:03.754675,71.42857142857143,2.75
21:44:03.855102,70.0,2.75
21:44:03.956468,60.0,2.75
21:44:04.056761,68.42105263157895,2.75
21:44:04.157137,70.0,2.75
21:44:04.258083,65.0,2.75
21:44:04.358620,75.0,2.75
21:44:04.459357,70.0,2.75
21:44:04.559657,90.47619047619048,2.75
21:44:04.660111,70.0,2.75
21:44:04.761573,70.0,2.75
21:44:04.861932,78.94736842105263,2.75
21:44:04.962523,66.66666666666667,2.75
21:44:05.062890,68.42105263157895,2.75
21:44:05.163220,76.19047619047619,2.75
21:44:05.264543,80.0,2.75
21:44:05.365014,65.0,2.75
21:44:05.465377,80.0,2.75
21:44:05.568759,75.0,2.75
21:44:05.670452,75.0,2.75
21:44:05.771676,66.66666666666667,2.75
21:44:05.871974,65.0,2.75
21:44:05.972289,70.0,2.75
21:44:06.072558,78.94736842105263,2.75
21:44:06.172820,76.19047619047619,2.75
21:44:06.273115,78.94736842105263,2.75
21:44:06.373389,75.0,2.75
21:44:06.473695,60.0,2.75
21:44:06.573959,76.19047619047619,2.75
21:44:06.674294,77.77777777777779,2.75
21:44:06.776507,81.81818181818181,2.75
21:44:06.878523,75.0,2.75
21:44:06.978833,71.42857142857143,2.75
21:44:07.079218,68.42105263157895,2.75
21:44:07.180324,73.6842105263158,2.75
21:44:07.282472,72.72727272727273,2.75
21:44:07.382879,73.6842105263158,2.75
21:44:07.483411,71.42857142857143,2.75
21:44:07.583797,65.0,2.69
21:44:07.685628,60.0,2.69
21:44:07.786011,70.0,2.69
21:44:07.886437,70.0,2.69
21:44:07.988696,71.42857142857143,2.69
21:44:08.089110,68.42105263157895,2.69
21:44:08.189474,60.0,2.69
21:44:08.289907,55.00000000000001,2.69
21:44:08.390482,77.27272727272727,2.69
21:44:08.492552,73.6842105263158,2.69
21:44:08.592861,55.00000000000001,2.69
21:44:08.693453,75.0,2.69
21:44:08.793785,70.0,2.69
21:44:08.894166,55.00000000000001,2.69
21:44:08.995457,68.42105263157895,2.69
21:44:09.095813,76.19047619047619,2.69
21:44:09.196090,65.0,2.69
21:44:09.296365,65.0,2.69
21:44:09.401315,71.42857142857143,2.69
21:44:09.501580,78.94736842105263,2.69
21:44:09.601954,61.904761904761905,2.69
21:44:09.702251,70.0,2.69
21:44:09.803579,65.0,2.69
21:44:09.904078,55.00000000000001,2.69
21:44:10.004600,65.0,2.69
21:44:10.105208,65.0,2.69
21:44:10.206493,73.6842105263158,2.69
21:44:10.306921,81.81818181818181,2.69
21:44:10.409528,95.0,2.69
21:44:10.513179,95.0,2.69
21:44:10.613511,95.23809523809523,2.69
21:44:10.714657,75.0,2.69
21:44:10.815190,78.94736842105263,2.69
21:44:10.918188,85.0,2.69
21:44:11.018881,80.95238095238095,2.69
21:44:11.121471,80.95238095238095,2.69
21:44:11.221770,78.94736842105263,2.69
21:44:11.322108,65.0,2.69
21:44:11.423492,75.0,2.69
21:44:11.523866,76.19047619047619,2.69
21:44:11.624231,84.21052631578947,2.69
21:44:11.725243,100.0,2.69
21:44:11.825692,70.0,2.69
21:44:11.927616,100.0,2.69
21:44:12.027897,95.23809523809523,2.69
21:44:12.128220,100.0,2.69
21:44:12.228651,100.0,2.69
21:44:12.331998,100.0,2.69
21:44:12.440472,100.0,2.69
21:44:12.541438,75.0,2.55
21:44:12.642835,85.0,2.55
21:44:12.743454,78.94736842105263,2.55
21:44:12.844219,80.0,2.55
21:44:12.950450,85.71428571428572,2.55
21:44:13.051507,80.95238095238095,2.55
21:44:13.151879,68.42105263157895,2.55
21:44:13.252160,71.42857142857143,2.55
21:44:13.352485,80.0,2.55
21:44:13.452795,70.0,2.55
21:44:13.553554,68.42105263157895,2.55
21:44:13.653828,76.19047619047619,2.55
21:44:13.754148,60.0,2.55
21:44:13.854490,65.0,2.55
21:44:13.955462,65.0,2.55
21:44:14.055795,68.42105263157895,2.55
21:44:14.156217,60.0,2.55
21:44:14.257544,66.66666666666667,2.55
21:44:14.357889,70.0,2.55
21:44:14.458268,68.42105263157895,2.55
21:44:14.560162,86.36363636363636,2.55
21:44:14.663657,90.0,2.55
21:44:14.766198,100.0,2.55
21:44:14.869695,95.45454545454545,2.55
21:44:14.971511,95.0,2.55
21:44:15.076705,95.23809523809523,2.55
21:44:15.177463,80.0,2.55
21:44:15.279623,95.0,2.55
21:44:15.380113,75.0,2.55
21:44:15.481471,71.42857142857143,2.55
21:44:15.581851,65.0,2.55
21:44:15.682494,60.0,2.55
21:44:15.782990,70.0,2.55
21:44:15.883378,70.0,2.55
21:44:15.983751,70.0,2.55
21:44:16.085507,80.0,2.55
21:44:16.187162,95.0,2.55
21:44:16.287528,76.19047619047619,2.55
21:44:16.387880,60.0,2.55
21:44:16.488375,60.0,2.55
21:44:16.589472,57.14285714285714,2.55
21:44:16.691637,66.66666666666667,2.55
21:44:16.792021,71.42857142857143,2.55
21:44:16.892523,100.0,2.55
21:44:16.993587,90.0,2.55
21:44:17.094083,78.94736842105263,2.55
21:44:17.194593,61.904761904761905,2.55
21:44:17.295118,55.00000000000001,2.55
21:44:17.395499,60.0,2.55
21:44:17.497442,80.0,2.55
21:44:17.597745,78.94736842105263,2.59
21:44:17.698105,80.0,2.59
21:44:17.799700,90.47619047619048,2.59
21:44:17.900073,85.0,2.59
21:44:18.003481,90.47619047619048,2.59
21:44:18.103852,77.77777777777779,2.59
21:44:18.204307,80.95238095238095,2.59
21:44:18.304880,75.0,2.59
21:44:18.405318,75.0,2.59
21:44:18.505813,80.95238095238095,2.59
21:44:18.606901,94.73684210526316,2.59
21:44:18.707402,94.73684210526316,2.59
21:44:18.807721,61.904761904761905,2.59
21:44:18.908002,65.0,2.59
21:44:19.010450,61.904761904761905,2.59
21:44:19.110711,75.0,2.59
21:44:19.211045,100.0,2.59
21:44:19.311439,76.19047619047619,2.59
21:44:19.412549,75.0,2.59
21:44:19.512853,80.0,2.59
21:44:19.613147,85.0,2.59
21:44:19.713495,57.89473684210527,2.59
21:44:19.814471,71.42857142857143,2.59
21:44:19.915656,75.0,2.59
21:44:20.018467,75.0,2.59
21:44:20.118793,95.0,2.59
21:44:20.222474,80.95238095238095,2.59
21:44:20.322850,65.0,2.59
21:44:20.423263,75.0,2.59
21:44:20.525697,71.42857142857143,2.59
21:44:20.626041,78.94736842105263,2.59
21:44:20.726610,66.66666666666667,2.59
21:44:20.829541,73.6842105263158,2.59
21:44:20.930695,66.66666666666667,2.59
21:44:21.032492,68.42105263157895,2.59
21:44:21.134610,71.42857142857143,2.59
21:44:21.234970,89.47368421052632,2.59
21:44:21.335507,65.0,2.59
21:44:21.436936,70.0,2.59
21:44:21.539652,85.71428571428572,2.59
21:44:21.640197,60.0,2.59
21:44:21.741715,70.0,2.59
21:44:21.842515,73.6842105263158,2.59
21:44:21.947235,75.0,2.59
21:44:22.049257,76.19047619047619,2.59
21:44:22.149574,70.0,2.59
21:44:22.249956,70.0,2.59
21:44:22.350423,76.19047619047619,2.59
21:44:22.450770,68.42105263157895,2.59
21:44:22.551246,70.0,2.46
21:44:22.651601,68.42105263157895,2.46
21:44:22.752576,72.72727272727273,2.46
21:44:22.853216,73.6842105263158,2.46
21:44:22.953595,65.0,2.46
21:44:23.055578,70.0,2.46
21:44:23.155862,70.0,2.46
21:44:23.256135,80.95238095238095,2.46
21:44:23.356510,70.0,2.46
21:44:23.457460,76.19047619047619,2.46
21:44:23.557783,78.94736842105263,2.46
21:44:23.658251,68.42105263157895,2.46
21:44:23.759482,80.95238095238095,2.46
21:44:23.860017,65.0,2.46
21:44:23.960347,73.6842105263158,2.46
21:44:24.061465,76.19047619047619,2.46
21:44:24.161839,78.94736842105263,2.46
21:44:24.262374,75.0,2.46
21:44:24.363696,66.66666666666667,2.46
21:44:24.464047,80.0,2.46
21:44:24.564459,60.0,2.46
21:44:24.664896,73.6842105263158,2.46
21:44:24.765784,71.42857142857143,2.46
21:44:24.867819,63.1578947368421,2.46
21:44:24.968168,66.66666666666667,2.46
21:44:25.070526,70.0,2.46
21:44:25.171016,68.42105263157895,2.46
21:44:25.272792,68.18181818181819,2.46
21:44:25.373194,70.0,2.46
21:44:25.473514,65.0,2.46
21:44:25.574555,55.00000000000001,2.46
21:44:25.675393,75.0,2.46
21:44:25.775763,80.0,2.46
21:44:25.876242,65.0,2.46
21:44:25.977690,70.0,2.46
21:44:26.078055,70.0,2.46
21:44:26.178413,63.1578947368421,2.46
21:44:26.278736,71.42857142857143,2.46
21:44:26.379079,80.0,2.46
21:44:26.481765,65.0,2.46
21:44:26.582240,66.66666666666667,2.46
21:44:26.682723,73.6842105263158,2.46
21:44:26.783644,75.0,2.46
21:44:26.884005,60.0,2.46
21:44:26.984477,75.0,2.46
21:44:27.084901,70.0,2.46
21:44:27.191780,61.904761904761905,2.46
21:44:27.292565,75.0,2.46
21:44:27.392990,61.904761904761905,2.46
21:44:27.493347,63.1578947368421,2.46
21:44:27.593688,75.0,2.34
21:44:27.694076,71.42857142857143,2.34
21:44:27.795600,71.42857142857143,2.34
21:44:27.896347,84.21052631578947,2.34
21:44:27.996640,65.0,2.34
21:44:28.098494,66.66666666666667,2.34
21:44:28.198793,80.0,2.34
21:44:28.299115,65.0,2.34
21:44:28.399526,70.0,2.34
21:44:28.500497,68.42105263157895,2.34
21:44:28.600801,75.0,2.34
21:44:28.701138,66.66666666666667,2.34
21:44:28.801647,71.42857142857143,2.34
21:44:28.902013,85.0,2.34
21:44:29.002338,73.6842105263158,2.34
21:44:29.102690,76.19047619047619,2.34
21:44:29.203460,78.94736842105263,2.34
21:44:29.304009,60.0,2.34
21:44:29.404444,70.0,2.34
21:44:29.507476,70.0,2.34
21:44:29.607962,77.27272727272727,2.34
21:44:29.708554,57.89473684210527,2.34
21:44:29.810658,61.904761904761905,2.34
21:44:29.911093,73.6842105263158,2.34
21:44:30.012473,71.42857142857143,2.34
21:44:30.112794,65.0,2.34
21:44:30.213422,70.0,2.34
21:44:30.313812,71.42857142857143,2.34
21:44:30.414129,63.1578947368421,2.34
21:44:30.514606,65.0,2.34
21:44:30.615482,75.0,2.34
21:44:30.718744,66.66666666666667,2.34
21:44:30.819102,66.66666666666667,2.34
21:44:30.920460,75.0,2.34
21:44:31.020805,75.0,2.34
21:44:31.123871,100.0,2.34
21:44:31.226512,100.0,2.34
21:44:31.326821,73.6842105263158,2.34
21:44:31.427120,80.0,2.34
21:44:31.527499,73.6842105263158,2.34
21:44:31.627859,77.27272727272727,2.34
21:44:31.729650,75.0,2.34
21:44:31.832510,73.6842105263158,2.34
21:44:31.932817,70.0,2.34
21:44:32.033154,80.95238095238095,2.34
21:44:32.134475,80.0,2.34
21:44:32.234774,75.0,2.34
21:44:32.335128,65.0,2.34
21:44:32.435509,68.42105263157895,2.34
21:44:32.535922,72.72727272727273,2.31
21:44:32.636393,61.904761904761905,2.31
21:44:32.737517,65.0,2.31
21:44:32.837898,70.0,2.31
21:44:32.952581,68.42105263157895,2.31
21:44:33.054453,70.0,2.31
21:44:33.154812,71.42857142857143,2.31
21:44:33.255169,65.0,2.31
21:44:33.355490,60.0,2.31
21:44:33.456030,75.0,2.31
21:44:33.559208,89.47368421052632,2.31
21:44:33.662876,95.23809523809523,2.31
21:44:33.764841,80.95238095238095,2.31
21:44:33.868458,76.19047619047619,2.31
21:44:33.968761,80.0,2.31
21:44:34.070477,76.19047619047619,2.31
21:44:34.170924,89.47368421052632,2.31
21:44:34.271240,85.71428571428572,2.31
21:44:34.374209,80.0,2.31
21:44:34.480774,85.71428571428572,2.31
21:44:34.581770,84.21052631578947,2.31
21:44:34.682267,80.0,2.31
21:44:34.783518,75.0,2.31
21:44:34.883845,75.0,2.31
21:44:34.984157,68.42105263157895,2.31
21:44:35.086627,66.66666666666667,2.31
21:44:35.187595,63.1578947368421,2.31
21:44:35.288452,68.18181818181819,2.31
21:44:35.389513,75.0,2.31
21:44:35.490139,63.1578947368421,2.31
21:44:35.590665,61.904761904761905,2.31
21:44:35.691734,78.94736842105263,2.31
21:44:35.792231,70.0,2.31
21:44:35.892560,75.0,2.31
21:44:35.993629,70.0,2.31
21:44:36.094515,68.18181818181819,2.31
21:44:36.194833,78.94736842105263,2.31
21:44:36.295263,70.0,2.31
21:44:36.395661,71.42857142857143,2.31
21:44:36.496191,77.77777777777779,2.31
21:44:36.596690,72.72727272727273,2.31
21:44:36.697120,78.94736842105263,2.31
21:44:36.799640,71.42857142857143,2.31
21:44:36.900174,80.0,2.31
21:44:37.001970,70.0,2.31
21:44:37.102330,68.42105263157895,2.31
21:44:37.202660,76.19047619047619,2.31
21:44:37.303092,71.42857142857143,2.31
21:44:37.403499,60.0,2.31
21:44:37.504459,78.94736842105263,2.31
21:44:37.604762,75.0,2.29
21:44:37.705358,57.14285714285714,2.29
21:44:37.806451,63.1578947368421,2.29
21:44:37.906873,75.0,2.29
21:44:38.007314,71.42857142857143,2.29
21:44:38.108503,60.0,2.29
21:44:38.208818,75.0,2.29
21:44:38.309405,70.0,2.29
21:44:38.409882,63.1578947368421,2.29
21:44:38.510505,80.0,2.29
21:44:38.611604,70.0,2.29
21:44:38.711953,76.19047619047619,2.29
21:44:38.813472,70.0,2.29
21:44:38.913804,75.0,2.29
21:44:39.014119,75.0,2.29
21:44:39.114483,68.42105263157895,2.29
21:44:39.215498,75.0,2.29
21:44:39.317530,66.66666666666667,2.29
21:44:39.418514,68.42105263157895,2.29
21:44:39.519680,80.95238095238095,2.29
21:44:39.619985,89.47368421052632,2.29
21:44:39.720323,76.19047619047619,2.29
21:44:39.820693,75.0,2.29
21:44:39.921099,73.6842105263158,2.29
21:44:40.022497,70.0,2.29
21:44:40.122868,75.0,2.29
21:44:40.223205,66.66666666666667,2.29
21:44:40.323662,80.0,2.29
21:44:40.424014,70.0,2.29
21:44:40.525717,75.0,2.29
21:44:40.627439,85.71428571428572,2.29
21:44:40.727748,70.0,2.29
21:44:40.834557,72.72727272727273,2.29
21:44:40.934860,68.42105263157895,2.29
21:44:41.035304,60.0,2.29
21:44:41.136582,75.0,2.29
21:44:41.238636,80.95238095238095,2.29
21:44:41.340696,70.0,2.29
21:44:41.441046,68.42105263157895,2.29
21:44:41.541435,76.19047619047619,2.29
21:44:41.641785,60.0,2.29
21:44:41.742230,70.0,2.29
21:44:41.844969,73.6842105263158,2.29
21:44:41.945337,75.0,2.29
21:44:42.045929,66.66666666666667,2.29
21:44:42.146400,57.89473684210527,2.29
21:44:42.248604,75.0,2.29
21:44:42.349039,77.27272727272727,2.29
21:44:42.450455,57.89473684210527,2.29
21:44:42.550807,71.42857142857143,2.19
21:44:42.651785,73.6842105263158,2.19
21:44:42.752265,68.42105263157895,2.19
21:44:42.853504,66.66666666666667,2.19
21:44:42.954205,75.0,2.19
21:44:43.059618,68.18181818181819,2.19
21:44:43.160098,73.6842105263158,2.19
21:44:43.260461,70.0,2.19
21:44:43.362639,65.0,2.19
21:44:43.463315,65.0,2.19
21:44:43.567167,71.42857142857143,2.19
21:44:43.667560,65.0,2.19
21:44:43.767989,65.0,2.19
21:44:43.868439,75.0,2.19
21:44:43.972593,66.66666666666667,2.19
21:44:44.073658,70.0,2.19
21:44:44.174320,70.0,2.19
21:44:44.276560,71.42857142857143,2.19
21:44:44.376865,84.21052631578947,2.19
21:44:44.477187,75.0,2.19
21:44:44.577640,71.42857142857143,2.19
21:44:44.678016,68.42105263157895,2.19
21:44:44.778330,85.0,2.19
21:44:44.878631,75.0,2.19
21:44:44.979662,65.0,2.19
21:44:45.080081,76.19047619047619,2.19
21:44:45.180452,73.6842105263158,2.19
21:44:45.280804,70.0,2.19
21:44:45.381298,70.0,2.19
21:44:45.481746,71.42857142857143,2.19
21:44:45.582797,78.94736842105263,2.19
21:44:45.683179,63.1578947368421,2.19
21:44:45.783634,71.42857142857143,2.19
21:44:45.884041,80.0,2.19
21:44:45.984520,76.19047619047619,2.19
21:44:46.084860,57.89473684210527,2.19
21:44:46.185396,66.66666666666667,2.19
21:44:46.287441,80.0,2.19
21:44:46.387741,78.94736842105263,2.19
21:44:46.488051,71.42857142857143,2.19
21:44:46.588435,57.89473684210527,2.19
21:44:46.689396,76.19047619047619,2.19
21:44:46.790475,75.0,2.19
21:44:46.890799,73.6842105263158,2.19
21:44:46.991422,57.14285714285714,2.19
21:44:47.093591,61.904761904761905,2.19
21:44:47.194010,77.77777777777779,2.19
21:44:47.294402,71.42857142857143,2.19
21:44:47.394858,65.0,2.19
21:44:47.495466,65.0,2.19
21:44:47.596900,70.0,2.17
21:44:47.697258,76.19047619047619,2.17
21:44:47.797812,57.89473684210527,2.17
21:44:47.898855,61.904761904761905,2.17
21:44:48.001580,75.0,2.17
21:44:48.102062,73.6842105263158,2.17
21:44:48.202473,63.63636363636363,2.17
21:44:48.302904,70.0,2.17
21:44:48.403367,73.6842105263158,2.17
21:44:48.504518,55.00000000000001,2.17
21:44:48.608781,95.45454545454545,2.17
21:44:48.709355,78.94736842105263,2.17
21:44:48.810525,57.14285714285714,2.17
21:44:48.910867,65.0,2.17
21:44:49.011248,75.0,2.17
21:44:49.112178,73.6842105263158,2.17
21:44:49.214362,71.42857142857143,2.17
21:44:49.315172,78.94736842105263,2.17
21:44:49.416026,76.19047619047619,2.17
21:44:49.518915,80.95238095238095,2.17
21:44:49.619388,95.0,2.17
21:44:49.720551,73.6842105263158,2.17
21:44:49.821266,78.94736842105263,2.17
21:44:49.922516,71.42857142857143,2.17
21:44:50.022865,61.904761904761905,2.17
21:44:50.124614,75.0,2.17
21:44:50.226415,70.0,2.17
21:44:50.327479,70.0,2.17
21:44:50.427895,94.44444444444444,2.17
21:44:50.528362,57.14285714285714,2.17
21:44:50.629527,85.0,2.17
21:44:50.730158,75.0,2.17
21:44:50.831907,80.0,2.17
21:44:50.932216,78.94736842105263,2.17
21:44:51.032645,71.42857142857143,2.17
21:44:51.133082,73.6842105263158,2.17
21:44:51.233511,66.66666666666667,2.17
21:44:51.333877,60.0,2.17
21:44:51.434433,80.0,2.17
21:44:51.536511,70.0,2.17
21:44:51.636804,78.94736842105263,2.17
21:44:51.737154,71.42857142857143,2.17
21:44:51.837474,75.0,2.17
21:44:51.937894,75.0,2.17
21:44:52.038455,65.0,2.17
21:44:52.139620,73.6842105263158,2.17
21:44:52.240004,66.66666666666667,2.17
21:44:52.340683,65.0,2.17
21:44:52.440977,65.0,2.17
21:44:52.541300,70.0,2.08
21:44:52.641570,65.0,2.08
21:44:52.743265,73.6842105263158,2.08
21:44:52.843722,60.0,2.08
21:44:52.944166,70.0,2.08
21:44:53.045869,75.0,2.08
21:44:53.146422,75.0,2.08
21:44:53.246749,76.19047619047619,2.08
21:44:53.348501,66.66666666666667,2.08
21:44:53.451463,70.0,2.08
21:44:53.551816,75.0,2.08
21:44:53.652222,60.0,2.08
21:44:53.752967,73.6842105263158,2.08
21:44:53.858208,77.27272727272727,2.08
21:44:53.958572,75.0,2.08
21:44:54.060441,75.0,2.08
21:44:54.160739,70.0,2.08
21:44:54.261236,65.0,2.08
21:44:54.361613,75.0,2.08
21:44:54.462177,55.00000000000001,2.08
21:44:54.562834,70.0,2.08
21:44:54.663211,63.1578947368421,2.08
21:44:54.764432,70.0,2.08
21:44:54.864877,60.0,2.08
21:44:54.965204,71.42857142857143,2.08
21:44:55.069412,71.42857142857143,2.08
21:44:55.170498,71.42857142857143,2.08
21:44:55.273417,73.6842105263158,2.08
21:44:55.378767,61.904761904761905,2.08
21:44:55.481060,75.0,2.08
21:44:55.581514,76.19047619047619,2.08
21:44:55.682977,84.21052631578947,2.08
21:44:55.783362,75.0,2.08
21:44:55.883829,65.0,2.08
21:44:55.985474,80.95238095238095,2.08
21:44:56.085783,76.19047619047619,2.08
21:44:56.186255,73.6842105263158,2.08
21:44:56.286587,66.66666666666667,2.08
21:44:56.388685,78.94736842105263,2.08
21:44:56.489052,75.0,2.08
21:44:56.591624,71.42857142857143,2.08
21:44:56.692065,65.0,2.08
21:44:56.792518,73.6842105263158,2.08
21:44:56.892886,68.42105263157895,2.08
21:44:56.994535,71.42857142857143,2.08
21:44:57.095989,75.0,2.08
21:44:57.196325,70.0,2.08
21:44:57.296632,70.0,2.08
21:44:57.396999,70.0,2.08
21:44:57.497411,65.0,2.08
21:44:57.599589,60.0,2.07
21:44:57.699931,65.0,2.07
21:44:57.801442,77.27272727272727,2.07
21:44:57.903467,78.94736842105263,2.07
21:44:58.003748,71.42857142857143,2.07
21:44:58.105071,77.77777777777779,2.07
21:44:58.207477,68.18181818181819,2.07
21:44:58.310466,78.94736842105263,2.07
21:44:58.410899,85.71428571428572,2.07
21:44:58.511368,68.42105263157895,2.07
21:44:58.611775,70.0,2.07
21:44:58.713588,75.0,2.07
21:44:58.814151,77.27272727272727,2.07
21:44:58.914563,75.0,2.07
21:44:59.014874,73.6842105263158,2.07
21:44:59.115512,70.0,2.07
21:44:59.216672,70.0,2.07
21:44:59.317018,71.42857142857143,2.07
21:44:59.418806,68.42105263157895,2.07
21:44:59.519582,80.0,2.07
21:44:59.619932,73.6842105263158,2.07
21:44:59.720335,66.66666666666667,2.07
21:44:59.821537,76.19047619047619,2.07
21:44:59.921880,68.42105263157895,2.07
21:45:00.022618,65.0,2.07
21:45:00.123560,57.89473684210527,2.07
21:45:00.223904,65.0,2.07
21:45:00.324465,66.66666666666667,2.07
21:45:00.425500,65.0,2.07
21:45:00.525909,65.0,2.07
21:45:00.626438,66.66666666666667,2.07
21:45:00.726859,68.42105263157895,2.07
21:45:00.830475,71.42857142857143,2.07
21:45:00.930813,65.0,2.07
21:45:01.031151,60.0,2.07
21:45:01.131519,65.0,2.07
21:45:01.233504,73.6842105263158,2.07
21:45:01.333858,76.19047619047619,2.07
21:45:01.434201,63.1578947368421,2.07
21:45:01.534601,60.0,2.07
21:45:01.634909,80.0,2.07
21:45:01.737603,66.66666666666667,2.07
21:45:01.838070,63.1578947368421,2.07
21:45:01.938537,76.19047619047619,2.07
21:45:02.038947,66.66666666666667,2.07
21:45:02.140783,65.0,2.07
21:45:02.241340,70.0,2.07
21:45:02.342593,65.0,2.07
21:45:02.443000,70.0,2.07
21:45:02.543391,75.0,2.06
21:45:02.644568,66.66666666666667,2.06
21:45:02.744882,70.0,2.06
21:45:02.845354,70.0,2.06
21:45:02.946518,60.0,2.06
21:45:03.046818,85.0,2.06
21:45:03.147325,70.0,2.06
21:45:03.247665,60.0,2.06
21:45:03.349664,70.0,2.06
21:45:03.449984,75.0,2.06
21:45:03.551515,75.0,2.06
21:45:03.655523,95.23809523809523,2.06
21:45:03.755885,75.0,2.06
21:45:03.856244,55.00000000000001,2.06
21:45:03.956754,61.904761904761905,2.06
21:45:04.057592,73.6842105263158,2.06
21:45:04.158508,68.42105263157895,2.06
21:45:04.259590,63.63636363636363,2.06
21:45:04.361526,78.94736842105263,2.06
21:45:04.461972,76.19047619047619,2.06
21:45:04.562494,75.0,2.06
21:45:04.662962,84.21052631578947,2.06
21:45:04.765502,75.0,2.06
21:45:04.865864,65.0,2.06
21:45:04.966225,70.0,2.06
21:45:05.066822,76.19047619047619,2.06
21:45:05.167481,60.0,2.06
21:45:05.267821,70.0,2.06
21:45:05.368265,75.0,2.06
21:45:05.469511,55.00000000000001,2.06
21:45:05.569822,73.6842105263158,2.06
21:45:05.670169,85.0,2.06
21:45:05.771581,55.00000000000001,2.06
21:45:05.872270,70.0,2.06
21:45:05.972633,75.0,2.06
21:45:06.076487,76.19047619047619,2.06
21:45:06.176843,100.0,2.06
21:45:06.277245,60.0,2.06
21:45:06.379509,70.0,2.06
21:45:06.479851,61.904761904761905,2.06
21:45:06.580335,60.0,2.06
21:45:06.681487,70.0,2.06
21:45:06.781897,63.1578947368421,2.06
21:45:06.882483,70.0,2.06
21:45:06.982909,66.66666666666667,2.06
21:45:07.083235,68.42105263157895,2.06
21:45:07.184786,75.0,2.06
21:45:07.285122,70.0,2.06
21:45:07.385487,65.0,2.06
21:45:07.485861,70.0,2.06
21:45:07.586385,68.42105263157895,1.98
21:45:07.686832,65.0,1.98
21:45:07.787338,76.19047619047619,1.98
21:45:07.887771,60.0,1.98
21:45:07.988154,66.66666666666667,1.98
21:45:08.088678,75.0,1.98
21:45:08.190578,66.66666666666667,1.98
21:45:08.290898,72.22222222222221,1.98
21:45:08.391249,70.0,1.98
21:45:08.492045,60.0,1.98
21:45:08.592640,70.0,1.98
21:45:08.694648,70.0,1.98
21:45:08.795054,57.14285714285714,1.98
21:45:08.895761,60.0,1.98
21:45:08.996100,65.0,1.98
21:45:09.096677,66.66666666666667,1.98
21:45:09.197055,60.0,1.98
21:45:09.297430,66.66666666666667,1.98
21:45:09.397862,70.0,1.98
21:45:09.498200,73.6842105263158,1.98
21:45:09.598545,80.95238095238095,1.98
21:45:09.699688,70.0,1.98
21:45:09.800021,75.0,1.98
21:45:09.904462,76.19047619047619,1.98
21:45:10.005456,75.0,1.98
21:45:10.105990,75.0,1.98
21:45:10.207068,70.0,1.98
21:45:10.307508,75.0,1.98
21:45:10.407836,75.0,1.98
21:45:10.511540,63.63636363636363,1.98
21:45:10.611960,80.0,1.98
21:45:10.712355,73.6842105263158,1.98
21:45:10.813513,60.0,1.98
21:45:10.913850,80.0,1.98
21:45:11.014162,70.0,1.98
21:45:11.115585,65.0,1.98
21:45:11.215991,71.42857142857143,1.98
21:45:11.316348,68.42105263157895,1.98
21:45:11.416727,65.0,1.98
21:45:11.517153,75.0,1.98
21:45:11.617597,66.66666666666667,1.98
21:45:11.718009,57.89473684210527,1.98
21:45:11.819299,66.66666666666667,1.98
21:45:11.919695,76.19047619047619,1.98
21:45:12.020158,63.1578947368421,1.98
21:45:12.121486,71.42857142857143,1.98
21:45:12.221827,72.22222222222221,1.98
21:45:12.322210,65.0,1.98
21:45:12.423538,71.42857142857143,1.98
21:45:12.524478,65.0,1.98
21:45:12.624813,75.0,1.98
21:45:12.725099,63.1578947368421,1.98
21:45:12.825641,71.42857142857143,1.98
21:45:12.926462,65.0,1.98
21:45:13.026772,66.66666666666667,1.98
21:45:13.127101,73.6842105263158,1.98
21:45:13.227433,75.0,1.98
21:45:13.327850,60.0,1.98
21:45:13.428200,65.0,1.98
21:45:13.528773,70.0,1.98
21:45:13.631437,70.0,1.98
21:45:13.731777,66.66666666666667,1.98
21:45:13.832255,57.89473684210527,1.98
21:45:13.933615,65.0,1.98
21:45:14.035523,70.0,1.98
21:45:14.135856,70.0,1.98
21:45:14.236639,68.18181818181819,1.98
21:45:14.337035,63.1578947368421,1.98
21:45:14.437503,75.0,1.98
21:45:14.538491,60.0,1.98
21:45:14.638875,73.6842105263158,1.98
21:45:14.739459,71.42857142857143,1.98
21:45:14.839805,63.1578947368421,1.98
21:45:14.940193,70.0,1.98
21:45:15.040501,66.66666666666667,1.98
21:45:15.140929,68.42105263157895,1.98
21:45:15.243616,75.0,1.98
21:45:15.343980,61.904761904761905,1.98
21:45:15.444359,65.0,1.98
21:45:15.545554,68.42105263157895,1.98
21:45:15.645950,71.42857142857143,1.98
21:45:15.746484,66.66666666666667,1.98
21:45:15.847547,70.0,1.98
21:45:15.947865,63.1578947368421,1.98
21:45:16.048235,66.66666666666667,1.98
21:45:16.149511,80.0,1.98
21:45:16.249890,57.89473684210527,1.98
21:45:16.350373,61.904761904761905,1.98
21:45:16.451561,76.19047619047619,1.98
21:45:16.551940,70.0,1.98
21:45:16.652586,60.0,1.98
21:45:16.753503,70.0,1.98
21:45:16.853933,65.0,1.98
21:45:16.954553,65.0,1.98
21:45:17.055522,71.42857142857143,1.98
21:45:17.155873,68.42105263157895,1.98
21:45:17.256202,70.0,1.98
21:45:17.356564,70.0,1.98
21:45:17.457621,73.6842105263158,1.98
21:45:17.557907,77.27272727272727,1.82
21:45:17.659177,68.42105263157895,1.82
21:45:17.759500,76.19047619047619,1.82
21:45:17.859797,78.94736842105263,1.82
21:45:17.960162,71.42857142857143,1.82
21:45:18.060561,66.66666666666667,1.82
21:45:18.161452,80.0,1.82
21:45:18.261817,80.95238095238095,1.82
21:45:18.362161,76.19047619047619,1.82
21:45:18.462484,72.22222222222221,1.82
21:45:18.564464,85.71428571428572,1.82
21:45:18.666355,100.0,1.82
21:45:18.767504,85.71428571428572,1.82
21:45:18.867842,68.42105263157895,1.82
21:45:18.968346,66.66666666666667,1.82
21:45:19.072827,78.94736842105263,1.82
21:45:19.174455,86.36363636363636,1.82
21:45:19.276639,78.94736842105263,1.82
21:45:19.377593,77.27272727272727,1.82
21:45:19.479735,61.111111111111114,1.82
21:45:19.580516,95.45454545454545,1.82
21:45:19.680905,78.94736842105263,1.82
21:45:19.783735,80.95238095238095,1.82
21:45:19.884082,94.73684210526316,1.82
21:45:19.984526,61.904761904761905,1.82
21:45:20.085536,60.0,1.82
21:45:20.185880,85.0,1.82
21:45:20.286170,80.0,1.82
21:45:20.386557,66.66666666666667,1.82
21:45:20.486853,78.94736842105263,1.82
21:45:20.589617,75.0,1.82
21:45:20.690076,80.0,1.82
21:45:20.790443,66.66666666666667,1.82
21:45:20.893473,73.6842105263158,1.82
21:45:20.993879,72.72727272727273,1.82
21:45:21.094575,63.1578947368421,1.82
21:45:21.194877,75.0,1.82
21:45:21.295685,80.95238095238095,1.82
21:45:21.396109,63.1578947368421,1.82
21:45:21.497570,76.19047619047619,1.82
21:45:21.597987,73.6842105263158,1.82
21:45:21.698625,65.0,1.82
21:45:21.799517,66.66666666666667,1.82
21:45:21.899860,63.1578947368421,1.82
21:45:22.000186,65.0,1.82
21:45:22.100490,71.42857142857143,1.82
21:45:22.200855,73.6842105263158,1.82
21:45:22.302498,66.66666666666667,1.82
21:45:22.402843,73.6842105263158,1.82
21:45:22.503191,60.0,1.82
21:45:22.604764,70.0,1.92
21:45:22.705088,70.0,1.92
21:45:22.805540,76.19047619047619,1.92
21:45:22.906025,68.42105263157895,1.92
21:45:23.007100,61.904761904761905,1.92
21:45:23.108513,63.1578947368421,1.92
21:45:23.208819,70.0,1.92
21:45:23.309173,80.95238095238095,1.92
21:45:23.409495,75.0,1.92
21:45:23.509800,75.0,1.92
21:45:23.611465,80.0,1.92
21:45:23.711823,70.0,1.92
21:45:23.812236,75.0,1.92
21:45:23.912657,80.0,1.92
21:45:24.013027,66.66666666666667,1.92
21:45:24.113446,68.42105263157895,1.92
21:45:24.214463,75.0,1.92
21:45:24.314836,78.94736842105263,1.92
21:45:24.416550,68.18181818181819,1.92
21:45:24.516885,84.21052631578947,1.92
21:45:24.617235,90.0,1.92
21:45:24.717709,61.904761904761905,1.92
21:45:24.818137,68.42105263157895,1.92
21:45:24.918582,65.0,1.92
21:45:25.019925,66.66666666666667,1.92
21:45:25.120321,75.0,1.92
21:45:25.222498,73.6842105263158,1.92
21:45:25.322896,65.0,1.92
21:45:25.423317,71.42857142857143,1.92
21:45:25.526493,63.1578947368421,1.92
21:45:25.627066,71.42857142857143,1.92
21:45:25.727470,65.0,1.92
21:45:25.828034,70.0,1.92
21:45:25.928607,50.0,1.92
21:45:26.029483,70.0,1.92
21:45:26.129825,75.0,1.92
21:45:26.231585,66.66666666666667,1.92
21:45:26.331936,63.1578947368421,1.92
21:45:26.432359,75.0,1.92
21:45:26.532757,66.66666666666667,1.92
21:45:26.633098,68.42105263157895,1.92
21:45:26.734586,76.19047619047619,1.92
21:45:26.834940,60.0,1.92
21:45:26.936366,70.0,1.92
21:45:27.036701,78.94736842105263,1.92
21:45:27.137027,71.42857142857143,1.92
21:45:27.239711,60.0,1.92
21:45:27.340461,78.94736842105263,1.92
21:45:27.440829,68.18181818181819,1.92
21:45:27.541463,68.42105263157895,1.92
21:45:27.642754,70.0,1.92
21:45:27.743116,65.0,1.92
21:45:27.845572,61.904761904761905,1.92
21:45:27.945926,75.0,1.92
21:45:28.046225,70.0,1.92
21:45:28.146631,68.42105263157895,1.92
21:45:28.247060,76.19047619047619,1.92
21:45:28.347413,70.0,1.92
21:45:28.447793,68.42105263157895,1.92
21:45:28.548216,70.0,1.92
21:45:28.648563,63.63636363636363,1.92
21:45:28.748939,75.0,1.92
21:45:28.849518,68.42105263157895,1.92
21:45:28.950486,65.0,1.92
21:45:29.051256,75.0,1.92
21:45:29.151739,70.0,1.92
21:45:29.252089,66.66666666666667,1.92
21:45:29.352793,73.6842105263158,1.92
21:45:29.453660,85.71428571428572,1.92
21:45:29.556009,73.6842105263158,1.92
21:45:29.656566,70.0,1.92
21:45:29.756937,70.0,1.92
21:45:29.857718,70.0,1.92
21:45:29.959148,75.0,1.92
21:45:30.061476,70.0,1.92
21:45:30.161780,77.27272727272727,1.92
21:45:30.262677,73.6842105263158,1.92
21:45:30.364131,78.94736842105263,1.92
21:45:30.464532,76.19047619047619,1.92
21:45:30.566142,76.19047619047619,1.92
21:45:30.666628,68.42105263157895,1.92
21:45:30.767446,85.0,1.92
21:45:30.867931,65.0,1.92
21:45:30.968439,80.0,1.92
21:45:31.071500,76.19047619047619,1.92
21:45:31.171882,78.94736842105263,1.92
21:45:31.272473,70.0,1.92
21:45:31.378483,61.904761904761905,1.92
21:45:31.478842,76.19047619047619,1.92
21:45:31.579195,75.0,1.92
21:45:31.679709,55.00000000000001,1.92
21:45:31.780111,76.19047619047619,1.92
21:45:31.883901,75.0,1.92
21:45:31.984345,70.0,1.92
21:45:32.084841,60.0,1.92
21:45:32.185417,75.0,1.92
21:45:32.285888,70.0,1.92
21:45:32.386404,70.0,1.92
21:45:32.487357,68.42105263157895,1.92
21:45:32.587728,71.42857142857143,1.85
21:45:32.689869,75.0,1.85
21:45:32.791218,70.0,1.85
21:45:32.891703,57.14285714285714,1.85
21:45:32.992569,65.0,1.85
21:45:33.093455,73.6842105263158,1.85
21:45:33.194994,80.95238095238095,1.85
21:45:33.295258,80.0,1.85
21:45:33.395610,75.0,1.85
21:45:33.501309,80.0,1.85
21:45:33.601617,70.0,1.85
21:45:33.702092,90.47619047619048,1.85
21:45:33.802746,85.0,1.85
21:45:33.903542,75.0,1.85
21:45:34.004041,73.6842105263158,1.85
21:45:34.104705,78.94736842105263,1.85
21:45:34.206412,86.36363636363636,1.85
21:45:34.310260,85.0,1.85
21:45:34.412700,75.0,1.85
21:45:34.513048,75.0,1.85
21:45:34.613411,90.0,1.85
21:45:34.714071,80.95238095238095,1.85
21:45:34.814502,75.0,1.85
21:45:34.916468,75.0,1.85
21:45:35.016824,75.0,1.85
21:45:35.117762,70.0,1.85
21:45:35.218270,65.0,1.85
21:45:35.319510,65.0,1.85
21:45:35.419906,75.0,1.85
21:45:35.520501,70.0,1.85
21:45:35.620947,66.66666666666667,1.85
21:45:35.721500,72.22222222222221,1.85
21:45:35.821964,60.0,1.85
21:45:35.924598,66.66666666666667,1.85
21:45:36.025029,70.0,1.85
21:45:36.125420,63.1578947368421,1.85
21:45:36.225969,71.42857142857143,1.85
21:45:36.326413,57.14285714285714,1.85
21:45:36.427298,63.1578947368421,1.85
21:45:36.527901,76.19047619047619,1.85
21:45:36.628525,68.42105263157895,1.85
21:45:36.728944,68.42105263157895,1.85
21:45:36.834336,66.66666666666667,1.85
21:45:36.934677,71.42857142857143,1.85
21:45:37.035028,68.42105263157895,1.85
21:45:37.135385,70.0,1.85
21:45:37.235801,66.66666666666667,1.85
21:45:37.336497,75.0,1.85
21:45:37.436842,75.0,1.85
21:45:37.537234,73.6842105263158,1.85
21:45:37.638446,75.0,1.7
21:45:37.740485,70.0,1.7
21:45:37.840887,75.0,1.7
21:45:37.941401,73.6842105263158,1.7
21:45:38.042454,81.81818181818181,1.7
21:45:38.142814,65.0,1.7
21:45:38.244657,75.0,1.7
21:45:38.345011,75.0,1.7
21:45:38.446577,70.0,1.7
21:45:38.546893,73.6842105263158,1.7
21:45:38.647246,76.19047619047619,1.7
21:45:38.747550,70.0,1.7
21:45:38.847842,75.0,1.7
21:45:38.948139,70.0,1.7
21:45:39.050292,80.0,1.7
21:45:39.151226,100.0,1.7
21:45:39.251748,75.0,1.7
21:45:39.353075,68.42105263157895,1.7
21:45:39.453722,66.66666666666667,1.7
21:45:39.554125,66.66666666666667,1.7
21:45:39.656485,84.21052631578947,1.7
21:45:39.756828,66.66666666666667,1.7
21:45:39.857198,68.42105263157895,1.7
21:45:39.958513,70.0,1.7
21:45:40.058865,66.66666666666667,1.7
21:45:40.159234,63.1578947368421,1.7
21:45:40.260472,70.0,1.7
21:45:40.360778,70.0,1.7
21:45:40.461155,65.0,1.7
21:45:40.561486,75.0,1.7
21:45:40.663529,80.0,1.7
21:45:40.763968,66.66666666666667,1.7
21:45:40.864498,65.0,1.7
21:45:40.965658,75.0,1.7
21:45:41.066026,63.1578947368421,1.7
21:45:41.166400,70.0,1.7
21:45:41.266757,60.0,1.7
21:45:41.367199,65.0,1.7
21:45:41.468516,68.18181818181819,1.7
21:45:41.568839,75.0,1.7
21:45:41.669438,65.0,1.7
21:45:41.770507,65.0,1.7
21:45:41.870812,70.0,1.7
21:45:41.971129,70.0,1.7
21:45:42.071712,60.0,1.7
21:45:42.172050,63.1578947368421,1.7
21:45:42.272493,71.42857142857143,1.7
21:45:42.374461,68.42105263157895,1.7
21:45:42.474887,60.0,1.7
21:45:42.575323,61.904761904761905,1.89
21:45:42.676497,57.89473684210527,1.89
21:45:42.776908,70.0,1.89
21:45:42.877511,71.42857142857143,1.89
21:45:42.978506,61.904761904761905,1.89
21:45:43.078951,52.63157894736843,1.89
21:45:43.179552,71.42857142857143,1.89
21:45:43.280464,68.42105263157895,1.89
21:45:43.380821,66.66666666666667,1.89
21:45:43.481445,63.1578947368421,1.89
21:45:43.582502,61.904761904761905,1.89
21:45:43.682913,73.6842105263158,1.89
21:45:43.783344,66.66666666666667,1.89
21:45:43.885472,63.1578947368421,1.89
21:45:43.985746,66.66666666666667,1.89
21:45:44.086398,57.89473684210527,1.89
21:45:44.187499,70.0,1.89
21:45:44.287855,66.66666666666667,1.89
21:45:44.388165,70.0,1.89
21:45:44.489584,60.0,1.89
21:45:44.589886,68.42105263157895,1.89
21:45:44.691609,66.66666666666667,1.89
21:45:44.791943,68.42105263157895,1.89
21:45:44.892342,57.14285714285714,1.89
21:45:44.992653,70.0,1.89
21:45:45.093173,61.904761904761905,1.89
21:45:45.193668,63.1578947368421,1.89
21:45:45.294604,71.42857142857143,1.89
21:45:45.395311,68.42105263157895,1.89
21:45:45.495771,65.0,1.89
21:45:45.596353,75.0,1.89
21:45:45.696872,70.0,1.89
21:45:45.797247,60.0,1.89
21:45:45.897785,68.42105263157895,1.89
21:45:46.001517,65.0,1.89
21:45:46.101832,70.0,1.89
21:45:46.202303,66.66666666666667,1.89
21:45:46.303514,60.0,1.89
21:45:46.403838,70.0,1.89
21:45:46.504392,65.0,1.89
21:45:46.605552,70.0,1.89
21:45:46.705859,65.0,1.89
21:45:46.806250,65.0,1.89
21:45:46.906674,71.42857142857143,1.89
21:45:47.007516,65.0,1.89
21:45:47.107827,68.42105263157895,1.89
21:45:47.208424,66.66666666666667,1.89
21:45:47.309495,70.0,1.89
21:45:47.409850,63.1578947368421,1.89
21:45:47.510327,71.42857142857143,1.89
21:45:47.611495,68.42105263157895,1.89
21:45:47.711880,68.18181818181819,1.89
21:45:47.812913,80.0,1.89
21:45:47.913214,70.0,1.89
21:45:48.015515,76.19047619047619,1.89
21:45:48.115808,80.0,1.89
21:45:48.216079,72.22222222222221,1.89
21:45:48.316665,76.19047619047619,1.89
21:45:48.417037,70.0,1.89
21:45:48.518594,73.6842105263158,1.89
21:45:48.618910,95.0,1.89
21:45:48.719268,100.0,1.89
21:45:48.819826,68.18181818181819,1.89
21:45:48.922505,68.42105263157895,1.89
21:45:49.022876,84.21052631578947,1.89
21:45:49.123329,85.71428571428572,1.89
21:45:49.223758,85.0,1.89
21:45:49.324231,85.0,1.89
21:45:49.424651,80.0,1.89
21:45:49.527501,80.95238095238095,1.89
21:45:49.628917,100.0,1.89
21:45:49.729603,70.0,1.89
21:45:49.830063,71.42857142857143,1.89
21:45:49.932603,75.0,1.89
21:45:50.032972,70.0,1.89
21:45:50.133551,60.0,1.89
21:45:50.235454,71.42857142857143,1.89
21:45:50.335766,80.95238095238095,1.89
21:45:50.436183,63.1578947368421,1.89
21:45:50.537644,75.0,1.89
21:45:50.637953,80.0,1.89
21:45:50.738246,78.94736842105263,1.89
21:45:50.840462,71.42857142857143,1.89
21:45:50.943470,85.71428571428572,1.89
21:45:51.043814,77.77777777777779,1.89
21:45:51.144212,76.19047619047619,1.89
21:45:51.244461,78.94736842105263,1.89
21:45:51.346579,71.42857142857143,1.89
21:45:51.446889,85.0,1.89
21:45:51.548499,60.0,1.89
21:45:51.648845,80.0,1.89
21:45:51.749112,80.0,1.89
21:45:51.849492,80.0,1.89
21:45:51.950508,65.0,1.89
21:45:52.050879,80.0,1.89
21:45:52.151312,80.0,1.89
21:45:52.251674,65.0,1.89
21:45:52.352531,71.42857142857143,1.89
21:45:52.452836,68.42105263157895,1.89
21:45:52.555480,75.0,1.98
21:45:52.655790,76.19047619047619,1.98
21:45:52.756183,68.42105263157895,1.98
21:45:52.857484,71.42857142857143,1.98
21:45:52.957822,70.0,1.98
21:45:53.058387,80.0,1.98
21:45:53.159468,84.21052631578947,1.98
21:45:53.259994,70.0,1.98
21:45:53.360522,80.0,1.98
21:45:53.460904,68.42105263157895,1.98
21:45:53.561252,70.0,1.98
21:45:53.663623,76.19047619047619,1.98
21:45:53.764026,60.0,1.98
21:45:53.864453,70.0,1.98
21:45:53.965607,71.42857142857143,1.98
21:45:54.066032,68.42105263157895,1.98
21:45:54.166463,65.0,1.98
21:45:54.268367,70.0,1.98
21:45:54.368861,60.0,1.98
21:45:54.469469,70.0,1.98
21:45:54.571484,75.0,1.98
21:45:54.671997,75.0,1.98
21:45:54.772529,70.0,1.98
21:45:54.873554,65.0,1.98
21:45:54.973907,70.0,1.98
21:45:55.074338,65.0,1.98
21:45:55.175555,76.19047619047619,1.98
21:45:55.276089,65.0,1.98
21:45:55.377504,65.0,1.98
21:45:55.477943,68.42105263157895,1.98
21:45:55.579472,76.19047619047619,1.98
21:45:55.679763,80.0,1.98
21:45:55.780073,68.42105263157895,1.98
21:45:55.880442,75.0,1.98
21:45:55.982565,95.0,1.98
21:45:56.082937,72.72727272727273,1.98
21:45:56.183343,72.22222222222221,1.98
21:45:56.283782,80.95238095238095,1.98
21:45:56.386497,89.47368421052632,1.98
21:45:56.487608,76.19047619047619,1.98
21:45:56.589591,85.0,1.98
21:45:56.690389,84.21052631578947,1.98
21:45:56.791057,76.19047619047619,1.98
21:45:56.891767,70.0,1.98
21:45:56.993789,84.21052631578947,1.98
21:45:57.096594,66.66666666666667,1.98
21:45:57.197036,70.0,1.98
21:45:57.297559,70.0,1.98
21:45:57.398695,80.95238095238095,1.98
21:45:57.499208,70.0,1.98
21:45:57.599591,70.0,2.07
21:45:57.699982,63.1578947368421,2.07
21:45:57.800291,76.19047619047619,2.07
21:45:57.900660,68.42105263157895,2.07
21:45:58.001073,60.0,2.07
21:45:58.101604,57.89473684210527,2.07
21:45:58.204509,76.19047619047619,2.07
21:45:58.304814,73.6842105263158,2.07
21:45:58.405209,68.18181818181819,2.07
21:45:58.505485,68.42105263157895,2.07
21:45:58.606037,71.42857142857143,2.07
21:45:58.708775,65.0,2.07
21:45:58.809213,68.42105263157895,2.07
21:45:58.909637,76.19047619047619,2.07
21:45:59.010039,65.0,2.07
21:45:59.110696,63.1578947368421,2.07
21:45:59.213492,71.42857142857143,2.07
21:45:59.313834,65.0,2.07
21:45:59.414220,63.1578947368421,2.07
21:45:59.515472,72.72727272727273,2.07
21:45:59.616072,68.42105263157895,2.07
21:45:59.716591,61.904761904761905,2.07
21:45:59.817522,65.0,2.07
21:45:59.917981,55.55555555555556,2.07
21:46:00.018468,71.42857142857143,2.07
21:46:00.119086,75.0,2.07
21:46:00.219487,55.00000000000001,2.07
21:46:00.320530,65.0,2.07
21:46:00.420961,75.0,2.07
21:46:00.521457,70.0,2.07
21:46:00.622513,65.0,2.07
21:46:00.722951,80.0,2.07
21:46:00.823390,63.1578947368421,2.07
21:46:00.923846,60.0,2.07
21:46:01.024297,61.904761904761905,2.07
21:46:01.126575,80.0,2.07
21:46:01.227066,65.0,2.07
21:46:01.331150,66.66666666666667,2.07
21:46:01.431514,70.0,2.07
21:46:01.531943,75.0,2.07
21:46:01.632589,70.0,2.07
21:46:01.734511,73.6842105263158,2.07
21:46:01.834902,70.0,2.07
21:46:01.935409,65.0,2.07
21:46:02.035920,76.19047619047619,2.07
21:46:02.138600,71.42857142857143,2.07
21:46:02.239045,57.89473684210527,2.07
21:46:02.339397,75.0,2.07
21:46:02.439854,75.0,2.07
21:46:02.540318,57.89473684210527,2.07
21:46:02.642612,71.42857142857143,1.98
21:46:02.742997,75.0,1.98
21:46:02.843496,60.0,1.98
21:46:02.947820,81.81818181818181,1.98
21:46:03.048190,73.6842105263158,1.98
21:46:03.148563,70.0,1.98
21:46:03.249757,75.0,1.98
21:46:03.352492,85.0,1.98
21:46:03.453082,80.0,1.98
21:46:03.557094,76.19047619047619,1.98
21:46:03.659057,95.23809523809523,1.98
21:46:03.759716,77.77777777777779,1.98
21:46:03.860529,80.95238095238095,1.98
21:46:03.964446,71.42857142857143,1.98
21:46:04.064840,73.6842105263158,1.98
21:46:04.165473,85.71428571428572,1.98
21:46:04.266104,73.6842105263158,1.98
21:46:04.366588,70.0,1.98
21:46:04.467030,75.0,1.98
21:46:04.569669,80.0,1.98
21:46:04.670117,90.47619047619048,1.98
21:46:04.770615,73.6842105263158,1.98
21:46:04.871009,75.0,1.98
21:46:04.971358,71.42857142857143,1.98
21:46:05.072530,66.66666666666667,1.98
21:46:05.172906,68.42105263157895,1.98
21:46:05.274363,75.0,1.98
21:46:05.375582,73.6842105263158,1.98
21:46:05.477026,76.19047619047619,1.98
21:46:05.579036,70.0,1.98
21:46:05.679454,81.81818181818181,1.98
21:46:05.780614,75.0,1.98
21:46:05.881071,60.0,1.98
21:46:05.981585,68.42105263157895,1.98
21:46:06.082480,71.42857142857143,1.98
21:46:06.183615,73.6842105263158,1.98
21:46:06.283970,71.42857142857143,1.98
21:46:06.384608,50.0,1.98
21:46:06.485046,75.0,1.98
21:46:06.587642,68.18181818181819,1.98
21:46:06.687977,68.75,1.98
21:46:06.788338,70.0,1.98
21:46:06.888770,70.0,1.98
21:46:06.991480,68.18181818181819,1.98
21:46:07.092449,70.0,1.98
21:46:07.193672,71.42857142857143,1.98
21:46:07.294084,68.42105263157895,1.98
21:46:07.394477,68.42105263157895,1.98
21:46:07.495504,80.95238095238095,1.98
21:46:07.595881,70.0,1.98
21:46:07.696519,75.0,1.98
21:46:07.797476,80.0,1.98
21:46:07.897781,70.0,1.98
21:46:07.998116,73.6842105263158,1.98
21:46:08.098483,70.0,1.98
21:46:08.198968,71.42857142857143,1.98
21:46:08.299604,65.0,1.98
21:46:08.401535,66.66666666666667,1.98
21:46:08.501920,80.0,1.98
21:46:08.602493,75.0,1.98
21:46:08.702823,60.0,1.98
21:46:08.803238,68.42105263157895,1.98
21:46:08.903562,73.6842105263158,1.98
21:46:09.005671,61.904761904761905,1.98
21:46:09.106024,70.0,1.98
21:46:09.206470,76.19047619047619,1.98
21:46:09.308580,60.0,1.98
21:46:09.409111,65.0,1.98
21:46:09.509490,73.6842105263158,1.98
21:46:09.611630,68.18181818181819,1.98
21:46:09.712056,68.42105263157895,1.98
21:46:09.813613,70.0,1.98
21:46:09.913970,65.0,1.98
21:46:10.014303,71.42857142857143,1.98
21:46:10.115087,68.42105263157895,1.98
21:46:10.215398,70.0,1.98
21:46:10.317604,65.0,1.98
21:46:10.419492,90.47619047619048,1.98
21:46:10.519843,100.0,1.98
21:46:10.620497,75.0,1.98
21:46:10.720849,57.14285714285714,1.98
21:46:10.821404,57.14285714285714,1.98
21:46:10.922512,66.66666666666667,1.98
21:46:11.023588,73.6842105263158,1.98
21:46:11.123922,70.0,1.98
21:46:11.224486,52.63157894736843,1.98
21:46:11.324911,70.0,1.98
21:46:11.425247,71.42857142857143,1.98
21:46:11.526602,65.0,1.98
21:46:11.626995,60.0,1.98
21:46:11.728536,75.0,1.98
21:46:11.828895,75.0,1.98
21:46:11.929634,65.0,1.98
21:46:12.030527,57.14285714285714,1.98
21:46:12.130961,80.0,1.98
21:46:12.231299,70.0,1.98
21:46:12.331690,63.1578947368421,1.98
21:46:12.432573,66.66666666666667,1.98
21:46:12.533227,73.6842105263158,1.98
21:46:12.633530,71.42857142857143,1.98
21:46:12.735615,61.904761904761905,1.98
21:46:12.836102,70.0,1.98
21:46:12.936454,68.42105263157895,1.98
21:46:13.041496,70.0,1.98
21:46:13.141858,70.0,1.98
21:46:13.242204,71.42857142857143,1.98
21:46:13.342635,68.42105263157895,1.98
21:46:13.443063,60.0,1.98
21:46:13.543526,70.0,1.98
21:46:13.643840,65.0,1.98
21:46:13.745630,75.0,1.98
21:46:13.847474,72.72727272727273,1.98
21:46:13.948393,64.70588235294117,1.98
21:46:14.049527,95.0,1.98
21:46:14.149865,71.42857142857143,1.98
21:46:14.250521,63.1578947368421,1.98
21:46:14.350884,80.0,1.98
21:46:14.453629,71.42857142857143,1.98
21:46:14.554042,78.94736842105263,1.98
21:46:14.654397,70.0,1.98
21:46:14.756480,80.95238095238095,1.98
21:46:14.856771,68.42105263157895,1.98
21:46:14.957234,75.0,1.98
21:46:15.057679,60.0,1.98
21:46:15.160089,76.19047619047619,1.98
21:46:15.260500,75.0,1.98
21:46:15.361603,66.66666666666667,1.98
21:46:15.461965,84.21052631578947,1.98
21:46:15.562995,85.0,1.98
21:46:15.664494,70.0,1.98
21:46:15.765507,90.0,1.98
21:46:15.865792,78.94736842105263,1.98
21:46:15.967488,71.42857142857143,1.98
21:46:16.068017,84.21052631578947,1.98
21:46:16.168918,85.0,1.98
21:46:16.269808,80.0,1.98
21:46:16.372574,90.47619047619048,1.98
21:46:16.472858,80.0,1.98
21:46:16.573126,60.0,1.98
21:46:16.673528,65.0,1.98
21:46:16.776507,80.0,1.98
21:46:16.879809,71.42857142857143,1.98
21:46:16.980449,65.0,1.98
21:46:17.081490,85.0,1.98
21:46:17.181843,80.0,1.98
21:46:17.282841,76.19047619047619,1.98
21:46:17.383129,78.94736842105263,1.98
21:46:17.483577,78.94736842105263,1.98
21:46:17.584002,66.66666666666667,1.98
21:46:17.686748,60.0,1.98
21:46:17.787198,71.42857142857143,1.98
21:46:17.888501,65.0,1.98
21:46:17.989228,73.6842105263158,1.98
21:46:18.089585,71.42857142857143,1.98
21:46:18.189932,60.0,1.98
21:46:18.290429,76.19047619047619,1.98
21:46:18.390724,68.42105263157895,1.98
21:46:18.492602,66.66666666666667,1.98
