timestamp_ms,pid,scheduling_delay_ms,service_time_ms,total_latency_ms
4687083.73,15193,0.659,7.963,8.622
4687144.79,15192,0.391,9.793,10.184
4687207.79,15194,0.281,4.279,4.56
4687218.87,15192,0.182,4.125,4.307
4687218.94,15193,1.166,5.912,7.077
4687303.98,15194,0.349,6.449,6.798
4687332.44,15193,1.899,12.296,14.195
4687334.83,15192,4.203,10.698,14.901
4687512.94,15194,0.178,4.638,4.817
4687626.66,15193,0.35,10.071,10.421
4687643.33,15192,0.273,5.049,5.321
4687769.59,15194,2.124,7.344,9.467
4687793.42,15193,0.125,9.218,9.343
4687890.49,15192,0.38,7.516,7.896
4687957.36,15194,0.786,9.307,10.093
4687991.53,15193,1.386,9.669,11.056
4688119.79,15192,0.212,10.444,10.657
4688128.16,15194,0.159,12.488,12.646
4688151.8,15193,1.22,10.444,11.663
4688171.33,15192,1.313,10.418,11.731
4688210.63,15194,0.389,8.255,8.645
4688274.12,15193,1.556,4.751,6.307
4688337.58,15192,1.973,11.313,13.286
4688390.69,15193,0.123,7.476,7.599
4688392.34,15194,4.939,17.393,22.332
4688399.48,15192,0.116,8.514,8.63
4688456.75,15194,0.324,10.246,10.57
4688492.63,15193,1.446,12.792,14.238
4688588.79,15192,0.19,8.511,8.701
4688678.99,15194,0.639,14.558,15.198
4688720.44,15193,0.348,8.838,9.186
4688754.57,15192,0.176,5.125,5.301
4688803.58,15194,0.179,7.331,7.51
4688893.42,15193,0.727,9.476,10.203
4688925.74,15192,0.144,7.056,7.2
4688936.54,15194,0.126,4.199,4.325
4688980.2,15192,0.2,20.337,20.537
4688980.42,15193,0.386,28.048,28.434
4689001.35,15194,4.505,10.176,14.681
4689068.71,15192,0.158,6.682,6.84
4689112.55,15193,0.163,9.794,9.957
4689228.28,15194,0.17,6.703,6.873
4689571.25,15192,0.173,4.781,4.955
4689651.53,15193,0.18,12.537,12.716
4689742.85,15194,0.173,6.202,6.374
4689752.48,15192,0.103,6.977,7.08
4689778.41,15193,0.105,6.132,6.237
4689790.28,15194,0.117,4.102,4.219
4689816.99,15192,2.143,7.917,10.06
4689821.86,15193,1.272,10.775,12.047
4689896.71,15194,0.142,12.479,12.62
4689897.58,15192,0.103,4.278,4.38
4689935.66,15193,0.11,8.461,8.57
4689937.95,15194,0.111,5.182,5.293
4690022.96,15192,0.134,11.878,12.012
4690072.45,15193,0.465,8.654,9.119
4690141.66,15194,0.146,11.445,11.591
4690144.41,15192,0.276,9.042,9.318
4690183.41,15193,0.17,5.304,5.473
4690199.83,15194,0.198,8.283,8.481
4690286.17,15193,0.078,4.049,4.126
4690286.58,15192,0.258,5.308,5.566
4690297.35,15194,0.132,4.468,4.6
4690309.36,15193,0.091,13.266,13.357
4690324.17,15194,0.078,11.041,11.119
4690338.44,15192,0.065,12.084,12.15
4690342.17,15193,0.052,12.494,12.546
4690348.1,15194,0.064,4.47,4.535
4690365.91,15192,1.28,7.321,8.602
4690376.6,15193,0.065,4.201,4.266
4690490.08,15194,0.147,4.23,4.377
4690502.42,15192,0.106,7.677,7.783
4690503.66,15193,0.084,7.839,7.923
4690539.5,15192,6.294,4.391,10.685
4690542.73,15194,0.1,14.411,14.512
4690567.44,15193,0.098,13.275,13.373
4690628.72,15192,0.195,4.057,4.252
4690685.4,15194,0.141,5.183,5.324
4690701.45,15193,0.11,4.206,4.316
4690712.31,15192,0.079,4.051,4.13
4690742.61,15194,0.101,4.366,4.468
4690768.92,15193,0.115,4.029,4.144
4690836.53,15192,0.128,11.505,11.633
4690879.67,15194,0.134,9.504,9.638
4690901.65,15193,0.17,8.73,8.9
4690930.17,15192,1.776,4.191,5.967
4690952.17,15194,0.952,10.819,11.771
4690973.86,15193,0.22,4.39,4.61
4691014.12,15192,0.196,4.984,5.18
4691020.76,15194,0.096,4.438,4.534
4691031.0,15193,0.093,5.211,5.304
4691039.56,15192,0.079,11.731,11.809
4691041.15,15194,0.074,9.737,9.811
4691045.61,15193,0.911,8.488,9.398
4691080.07,15192,1.665,8.236,9.901
4691099.1,15194,0.215,7.366,7.581
4691131.9,15193,0.169,4.136,4.304
4691140.96,15192,0.104,4.206,4.31
4691152.04,15194,0.187,4.199,4.386
4691168.16,15193,0.106,7.976,8.082
4691228.02,15192,0.124,4.359,4.483
4691274.85,15194,0.09,8.06,8.15
4691276.23,15193,0.066,7.843,7.909
4691341.96,15192,0.125,5.136,5.261
4691350.95,15194,0.177,8.841,9.017
4691354.14,15193,1.373,5.734,7.106
4691368.88,15192,0.137,5.801,5.938
4691374.3,15194,1.547,7.584,9.131
4691393.88,15193,0.099,4.984,5.083
4691411.03,15192,0.089,5.058,5.146
4691425.42,15194,1.439,8.279,9.719
4691443.05,15193,0.125,4.872,4.997
4691468.13,15192,0.291,5.146,5.437
4691537.06,15194,0.16,8.599,8.759
4691548.63,15193,2.519,5.777,8.297
4691573.5,15192,2.476,8.388,10.864
4691604.21,15194,0.151,4.17,4.321
4691638.7,15193,0.165,4.427,4.592
4691668.61,15192,1.822,8.439,10.261
4691679.67,15194,0.107,5.397,5.503
4691696.37,15193,0.12,4.25,4.37
4691715.68,15192,0.146,6.498,6.644
4691729.33,15194,0.422,12.11,12.532
4691772.0,15192,1.646,6.722,8.368
4691776.31,15193,2.157,14.051,16.209
4691805.48,15194,0.237,4.867,5.104
4691816.55,15192,0.244,6.13,6.374
4691820.43,15193,0.126,5.54,5.666
4691867.28,15194,0.449,20.732,21.182
4691870.54,15192,0.107,20.595,20.703
4691875.85,15193,0.101,22.9,23.002
4691890.57,15192,0.273,18.929,19.203
4691891.29,15194,7.345,23.849,31.195
4691903.69,15193,0.161,4.41,4.57
4691945.26,15192,0.311,5.15,5.461
4691962.01,15194,0.181,5.356,5.537
4692005.41,15193,4.4,5.042,9.441
4692011.4,15192,0.112,4.46,4.572
4692054.55,15194,0.209,4.379,4.588
4692069.35,15193,0.272,7.023,7.295
4692103.31,15192,0.205,5.009,5.214
4692138.39,15194,0.409,4.775,5.184
4692139.63,15193,0.112,5.747,5.858
4692157.19,15192,0.207,15.991,16.198
4692164.02,15194,3.744,8.183,11.928
4692190.74,15193,0.561,5.664,6.224
4692193.35,15192,0.106,6.482,6.589
4692208.97,15194,0.213,9.269,9.482
4692216.77,15193,0.211,7.239,7.45
4692253.24,15192,0.297,18.393,18.691
4692274.74,15194,0.153,7.245,7.399
4692286.97,15193,0.143,9.474,9.618
4692389.11,15192,0.156,17.179,17.335
4692448.4,15194,0.155,6.546,6.701
4692461.36,15193,2.514,4.272,6.787
4692627.11,15192,0.937,4.819,5.756
4692651.06,15194,0.131,4.274,4.405
4692655.01,15193,0.11,4.963,5.073
4692714.61,15194,1.037,8.491,9.528
4692884.54,15192,0.144,7.214,7.358
4692919.83,15193,0.194,4.134,4.327
4692990.58,15194,3.508,8.372,11.881
4693037.85,15192,0.165,5.988,6.154
4693097.45,15193,0.169,5.182,5.351
4693275.92,15194,0.161,5.176,5.337
4693280.91,15192,0.153,5.771,5.924
4693334.36,15193,0.131,5.183,5.314
4693347.58,15194,0.111,4.504,4.614
4693385.8,15192,0.116,8.169,8.285
4693573.1,15193,0.141,8.049,8.19
4693589.53,15194,0.151,4.094,4.245
4693734.33,15192,0.13,4.078,4.208
4693902.86,15193,2.801,10.717,13.518
4693962.37,15194,0.132,8.152,8.284
4693996.42,15192,0.182,4.543,4.725
4694046.23,15193,2.159,8.103,10.263
4694135.98,15194,0.184,4.688,4.872
4694146.2,15192,0.118,4.0,4.119
4694191.05,15193,0.145,5.003,5.148
4694234.24,15194,0.149,12.006,12.154
4694474.57,15192,0.172,5.032,5.204
4694557.89,15193,0.155,10.58,10.734
4694706.82,15194,1.86,12.675,14.535
4694778.23,15192,0.172,22.673,22.845
4694815.65,15193,0.204,10.525,10.729
4694968.2,15194,0.666,4.272,4.937
4695074.36,15192,0.18,8.08,8.26
4695076.95,15193,0.123,6.741,6.864
4695089.32,15194,0.221,5.035,5.256
4695096.49,15192,0.133,5.04,5.173
4695288.65,15193,0.169,4.344,4.513
4695306.3,15194,2.51,7.237,9.747
4695399.96,15192,0.147,11.099,11.246
4695404.4,15193,2.052,7.284,9.336
4695600.77,15194,0.156,7.233,7.389
4695649.23,15192,0.134,4.93,5.064
4695701.92,15193,0.131,4.212,4.343
4695755.85,15194,0.124,5.658,5.782
4695854.59,15192,0.288,4.321,4.609
4695950.46,15193,0.17,9.143,9.313
4695998.94,15194,0.808,4.76,5.568
4696013.9,15192,0.128,4.073,4.201
4696037.32,15194,0.079,7.694,7.773
4696037.48,15193,0.118,9.66,9.778
4696076.26,15192,0.13,4.033,4.163
4696085.89,15194,0.122,6.464,6.586
4696152.93,15193,0.149,11.678,11.827
4696368.9,15192,0.261,10.145,10.406
4696565.39,15194,0.167,5.092,5.259
4696896.29,15193,0.181,6.097,6.277
4696900.32,15192,0.213,7.878,8.091
4697022.02,15194,0.208,8.731,8.939
4697038.97,15193,0.133,7.173,7.306
4697187.2,15192,0.214,4.773,4.987
4697268.63,15194,0.143,10.214,10.357
4697284.0,15193,0.16,4.826,4.986
4697431.33,15192,0.239,11.554,11.794
4697456.71,15194,0.161,9.963,10.124
4697485.18,15193,0.236,6.562,6.799
4697543.34,15192,2.72,13.483,16.203
4697762.65,15194,0.172,10.045,10.217
4697860.94,15193,0.191,7.028,7.219
4697888.76,15192,0.116,8.318,8.433
4697900.68,15194,0.161,5.004,5.165
4697930.15,15193,0.092,4.725,4.817
4698004.71,15192,0.173,9.255,9.428
4698030.9,15194,0.756,16.331,17.086
4698041.61,15193,0.181,5.483,5.665
4698056.42,15192,0.126,7.171,7.297
4698074.07,15194,1.951,4.976,6.927
4698081.24,15193,0.087,6.933,7.02
4698099.9,15192,0.161,4.624,4.784
4698115.58,15194,0.115,7.393,7.508
4698117.66,15193,0.091,4.938,5.029
4698174.04,15192,0.663,8.98,9.644
4698253.17,15194,0.169,4.205,4.374
4698309.03,15193,0.134,19.791,19.925
4698317.06,15192,1.681,22.277,23.959
4698325.32,15194,0.135,11.992,12.127
4698349.35,15192,2.756,16.222,18.979
4698351.72,15193,1.708,16.902,18.61
4698361.07,15194,0.384,7.206,7.59
4698364.56,15192,0.134,6.327,6.461
4698388.59,15193,0.135,4.911,5.046
4698393.72,15194,0.099,4.746,4.845
4698400.78,15192,0.077,4.897,4.975
4698423.76,15193,0.094,6.586,6.68
4698432.51,15194,0.078,6.754,6.832
4698437.99,15192,0.073,4.363,4.436
4698449.26,15193,0.149,4.403,4.552
4698457.37,15194,0.078,4.231,4.309
4698474.92,15192,0.115,6.286,6.402
4698489.79,15193,0.146,8.2,8.345
4698511.5,15194,0.136,20.019,20.155
4698518.42,15192,0.534,17.589,18.123
4698531.91,15193,0.426,17.19,17.617
4698537.13,15194,0.254,10.777,11.031
4698557.51,15192,0.134,15.298,15.433
4698560.46,15193,0.076,16.507,16.582
4698563.14,15194,1.967,12.059,14.026
4698572.16,15192,7.265,14.534,21.799
4698574.26,15193,1.971,10.175,12.146
4698579.26,15194,2.378,10.184,12.562
4698588.91,15192,2.841,9.484,12.325
4698601.75,15193,0.092,4.506,4.598
4698655.92,15194,0.134,9.318,9.451
4698659.89,15192,1.001,7.752,8.753
4698662.03,15193,0.094,9.77,9.863
4698669.79,15194,0.569,5.48,6.049
4698686.77,15192,1.02,11.125,12.146
4698717.34,15193,0.182,11.78,11.962
4698760.97,15194,3.127,12.838,15.965
4698766.59,15192,0.139,4.487,4.626
4698803.55,15193,0.379,4.495,4.875
4698851.31,15194,2.069,15.101,17.17
4698861.67,15192,1.644,17.471,19.115
4698903.14,15193,0.173,23.208,23.382
4698906.72,15194,0.306,20.276,20.583
4698910.22,15192,0.121,20.784,20.906
4698918.45,15193,5.215,15.177,20.392
4698922.73,15194,8.952,13.886,22.839
4698931.32,15192,0.114,6.001,6.115
4699017.4,15193,0.145,17.1,17.245
4699039.43,15194,0.189,16.161,16.35
4699056.41,15192,0.131,4.583,4.714
4699080.96,15193,0.107,4.143,4.251
4699120.34,15194,0.172,15.051,15.223
4699120.93,15192,0.13,9.47,9.6
4699203.92,15193,0.171,11.508,11.679
4699204.89,15194,0.077,10.583,10.66
4699218.82,15192,0.107,8.248,8.355
4699248.35,15193,0.103,5.215,5.318
4699259.43,15194,0.095,4.773,4.869
4699272.17,15192,0.09,5.615,5.705
4699283.29,15193,0.084,7.138,7.222
4699328.53,15194,0.17,10.924,11.095
4699328.98,15192,0.29,7.884,8.174
4699348.67,15193,0.094,12.371,12.465
4699350.96,15194,0.081,8.837,8.919
4699359.17,15192,0.092,13.022,13.114
4699366.35,15193,0.072,11.217,11.288
4699375.23,15194,0.07,10.602,10.672
4699397.46,15192,0.09,8.655,8.745
4699406.55,15193,0.083,8.298,8.381
4699415.56,15194,0.126,4.525,4.651
4699484.0,15192,2.102,18.782,20.884
4699510.4,15193,0.144,12.774,12.918
4699533.72,15194,0.172,21.414,21.586
4699534.84,15192,0.116,18.38,18.496
4699566.41,15193,2.001,21.268,23.269
4699579.14,15194,4.041,21.016,25.057
4699579.83,15192,3.977,15.519,19.496
4699583.52,15193,2.501,16.959,19.461
4699601.38,15194,1.986,16.269,18.255
4699617.69,15194,0.084,14.858,14.942
4699618.34,15192,2.069,19.216,21.285
4699646.19,15193,0.323,10.757,11.08
4699662.24,15192,0.132,14.793,14.925
4699711.38,15194,0.159,4.309,4.468
4699718.53,15193,0.114,8.228,8.342
4699773.22,15192,0.16,21.852,22.011
4699786.08,15194,0.764,18.72,19.484
4699799.24,15193,0.191,22.851,23.042
4699830.63,15192,2.042,8.51,10.552
4699831.88,15194,0.361,7.781,8.142
4699856.85,15193,0.132,6.862,6.994
4699882.21,15192,0.207,10.477,10.684
4699977.0,15194,0.159,5.354,5.513
4699987.29,15193,0.12,5.265,5.385
4700005.85,15192,1.623,5.108,6.731
4700083.4,15194,0.191,5.837,6.028
4700125.1,15193,0.875,11.348,12.224
4700157.84,15192,0.142,4.283,4.425
4700189.16,15194,0.169,8.16,8.33
4700191.31,15193,0.101,7.107,7.208
4700195.83,15192,0.07,8.471,8.541
4700204.65,15194,0.086,5.016,5.102
4700224.37,15193,0.087,12.024,12.111
4700231.76,15192,0.151,5.295,5.445
4700252.48,15193,0.106,19.106,19.212
4700265.51,15194,0.117,17.278,17.394
4700267.65,15192,0.097,13.793,13.89
4700291.03,15193,0.178,8.749,8.928
4700340.53,15194,0.222,5.118,5.34
4700385.37,15192,0.176,13.127,13.302
4700390.2,15193,0.094,5.559,5.653
4700425.38,15192,0.313,4.984,5.297
4700457.81,15194,0.204,12.057,12.262
4700474.93,15193,2.364,6.415,8.778
4700501.84,15194,0.083,5.359,5.442
4700502.28,15192,0.1,12.344,12.445
4700509.69,15193,0.093,4.346,4.439
4700530.13,15194,0.079,8.306,8.385
4700533.03,15192,0.12,5.222,5.342
4700539.98,15193,0.083,7.339,7.422
4700593.88,15192,0.484,12.866,13.35
4700598.3,15194,0.126,5.439,5.565
4700677.02,15192,0.188,6.323,6.51
4700805.89,15193,0.134,12.541,12.675
4701033.05,15194,0.169,5.287,5.456
4701144.97,15192,0.321,5.777,6.098
4701371.6,15193,2.946,8.012,10.957
4701384.45,15194,0.148,4.085,4.233
4701395.37,15192,0.116,4.946,5.062
4701461.56,15193,0.158,4.198,4.356
4701529.92,15194,0.105,5.126,5.231
4701570.74,15192,1.05,4.344,5.395
4701612.1,15193,0.096,6.657,6.753
4701620.59,15194,0.093,4.149,4.242
4701685.46,15192,0.139,8.26,8.4
4701686.39,15193,0.094,7.878,7.972
4701742.27,15194,0.123,5.127,5.25
4701914.92,15192,1.605,10.725,12.329
4701932.93,15193,0.143,4.162,4.305
4701937.54,15194,0.256,4.214,4.47
4702036.54,15192,0.123,4.1,4.222
4702040.02,15193,0.091,4.869,4.96
4702253.59,15192,2.054,6.398,8.452
4702280.17,15194,0.105,6.702,6.807
4702366.34,15193,0.183,12.059,12.242
4702381.93,15192,0.12,7.3,7.42
4702457.39,15194,0.131,7.931,8.062
4702529.24,15193,0.123,9.025,9.148
4702542.09,15192,2.962,9.996,12.959
4702576.02,15194,0.105,4.02,4.125
4702594.8,15193,0.108,4.157,4.265
4702702.69,15192,0.144,12.331,12.475
4702731.23,15194,0.1,6.988,7.089
4702791.48,15193,0.096,6.188,6.284
4702828.82,15192,0.152,4.054,4.206
4702939.87,15194,0.122,6.4,6.522
4702953.72,15193,0.099,7.059,7.158
4703060.12,15192,0.124,4.049,4.173
4703151.46,15194,0.152,8.203,8.355
4703368.72,15193,0.132,5.068,5.2
4703387.53,15192,0.113,7.953,8.066
4703403.95,15194,0.076,6.182,6.259
4703406.47,15193,0.08,6.336,6.417
4703483.65,15192,0.098,5.704,5.802
4703540.38,15194,0.093,6.23,6.323
4703562.07,15193,0.091,4.069,4.16
4703577.76,15192,0.091,5.311,5.403
4703704.01,15194,0.216,4.181,4.397
4703712.87,15193,0.084,12.368,12.452
4703784.6,15192,0.367,5.14,5.507
4703864.49,15194,0.154,13.259,13.413
4703867.04,15193,0.129,7.888,8.017
4703948.08,15192,1.996,10.876,12.872
4704104.92,15194,0.159,12.175,12.333
4704209.14,15193,0.157,8.672,8.829
4704361.36,15192,0.186,14.403,14.59
4704367.24,15194,0.254,11.894,12.148
4704545.58,15193,0.18,8.982,9.162
4704548.81,15192,0.102,8.422,8.524
4704588.18,15194,0.404,5.487,5.89
4704592.94,15192,1.735,4.217,5.952
4704654.18,15193,1.054,4.952,6.006
4704768.64,15194,0.194,3.972,4.166
4704775.35,15192,0.138,5.479,5.617
4704986.67,15193,0.149,4.161,4.31
4704998.86,15194,0.122,7.062,7.185
4705003.27,15192,0.087,4.449,4.536
4705015.16,15194,0.065,9.928,9.993
4705025.98,15193,0.097,7.098,7.195
4705046.61,15192,1.474,10.507,11.981
4705051.88,15194,0.064,7.034,7.098
4705061.71,15193,0.084,7.963,8.047
4705074.72,15192,0.094,5.503,5.597
4705093.39,15194,0.105,9.798,9.904
4705095.55,15193,0.062,10.253,10.315
4705123.46,15192,0.198,8.188,8.386
4705160.57,15194,0.249,9.511,9.761
4705166.23,15193,2.201,12.084,14.285
4705168.54,15192,0.125,6.287,6.412
4705171.06,15194,0.06,4.833,4.893
4705202.12,15193,2.123,7.327,9.45
4705216.17,15192,0.236,14.514,14.75
4705227.82,15193,4.08,13.155,17.235
4705253.78,15194,1.109,15.488,16.597
4705340.79,15192,0.171,6.196,6.367
4705361.1,15193,0.248,10.456,10.705
4705366.37,15194,0.259,9.844,10.104
4705375.04,15192,0.682,5.256,5.937
4705378.97,15193,0.131,5.375,5.506
4705437.04,15194,0.118,5.84,5.958
4705493.36,15192,0.171,4.125,4.296
4705522.81,15193,0.114,5.089,5.203
4705540.17,15193,0.06,4.069,4.13
4705542.63,15192,1.659,9.96,11.62
4705542.84,15194,0.086,12.705,12.791
4705606.08,15193,0.105,5.637,5.742
4705608.65,15194,0.051,5.588,5.639
4705610.89,15192,0.092,8.735,8.828
4705617.14,15193,0.098,4.189,4.286
4705673.3,15194,0.173,8.138,8.311
4705675.22,15192,0.073,8.079,8.151
4705752.27,15193,0.118,8.047,8.165
4705770.11,15194,0.096,6.957,7.052
4705835.15,15192,0.158,8.366,8.523
4705873.18,15193,1.05,4.07,5.12
4705884.65,15194,0.073,4.115,4.188
4705887.25,15192,1.519,5.164,6.683
4705923.85,15193,0.086,11.265,11.351
4705925.34,15194,0.054,10.239,10.294
4705961.17,15192,0.077,4.045,4.122
4705968.64,15193,0.129,4.06,4.19
4705982.48,15194,0.137,4.16,4.298
4705995.83,15192,0.082,4.376,4.458
4706016.98,15193,0.173,12.695,12.868
4706020.46,15194,2.011,10.38,12.391
4706034.81,15192,1.008,9.567,10.575
4706073.68,15194,1.009,9.249,10.258
4706073.97,15193,0.14,14.769,14.909
4706138.05,15192,0.201,8.276,8.477
4706160.26,15194,0.197,11.097,11.294
4706243.21,15193,0.2,5.994,6.194
4706256.79,15192,0.658,12.784,13.442
4706264.99,15194,0.102,12.776,12.878
4706274.37,15193,0.132,4.066,4.198
4706301.04,15192,0.318,5.089,5.407
4706336.73,15194,0.164,9.599,9.763
4706370.34,15193,0.538,7.139,7.677
4706379.51,15192,0.76,5.458,6.218
4706403.28,15194,0.225,4.354,4.579
4706422.09,15193,0.166,6.797,6.962
4706440.0,15192,0.831,7.659,8.49
4706455.83,15194,0.262,4.212,4.474
4706472.94,15193,0.466,5.188,5.654
4706508.61,15192,2.61,8.625,11.235
4706544.56,15194,0.189,5.101,5.29
4706613.86,15193,0.254,9.036,9.29
4706626.57,15192,0.16,7.247,7.407
4706656.55,15194,0.282,4.196,4.477
4706669.41,15193,0.186,4.105,4.291
4706707.31,15192,0.438,10.256,10.694
4706771.42,15194,0.224,6.946,7.17
4706996.59,15193,0.184,6.923,7.107
4707165.36,15192,0.208,4.119,4.327
4707212.59,15194,0.269,13.025,13.294
4707263.74,15193,0.199,4.772,4.971
4707330.71,15192,0.15,4.146,4.297
4707393.4,15194,0.75,5.857,6.607
4707466.29,15193,0.159,4.101,4.26
4707624.54,15192,0.159,4.482,4.641
4707723.27,15194,0.159,4.408,4.567
4707810.31,15193,0.155,5.387,5.542
4707817.22,15192,0.13,7.971,8.101
4707923.69,15194,0.166,4.418,4.584
4707968.56,15193,0.17,4.844,5.015
4708003.05,15192,0.211,4.247,4.458
4708013.9,15194,0.144,7.06,7.204
4708366.31,15193,2.098,8.097,10.194
4708367.78,15192,1.38,8.335,9.716
4708412.59,15194,0.148,4.175,4.323
4708465.46,15193,1.76,4.281,6.042
4708483.54,15192,0.15,4.031,4.181
4708732.88,15194,0.187,5.321,5.508
4708803.14,15193,0.715,4.752,5.467
4708829.65,15192,0.173,6.371,6.543
4708857.58,15194,0.241,4.306,4.547
4708877.27,15193,0.337,4.143,4.479
4708996.97,15194,0.077,4.293,4.37
4708997.13,15192,1.124,6.918,8.042
4709058.73,15193,0.604,13.823,14.427
4709182.62,15194,2.546,8.359,10.905
4709355.8,15192,0.191,4.962,5.153
4709373.4,15193,0.205,4.004,4.209
4709472.75,15194,0.139,8.533,8.671
4709491.07,15192,0.121,11.85,11.971
4709496.87,15193,0.115,4.333,4.448
4709511.3,15194,0.146,4.401,4.547
4709543.71,15192,0.566,4.086,4.652
4709708.44,15193,0.162,8.159,8.321
4709867.42,15194,0.195,7.194,7.389
4709891.28,15192,0.2,4.391,4.59
4709941.19,15193,0.185,6.769,6.954
4710019.95,15194,0.189,4.279,4.468
4710055.28,15192,2.017,4.052,6.068
4710080.2,15193,0.274,4.372,4.646
4710165.78,15194,0.207,3.945,4.152
4710270.89,15192,0.204,4.073,4.277
4710334.51,15193,1.492,4.348,5.841
4710403.63,15194,0.216,4.482,4.699
4710530.02,15192,0.184,4.599,4.782
4710591.26,15193,0.195,5.907,6.102
4710652.39,15194,0.179,8.103,8.282
4710653.14,15192,1.619,4.909,6.529
4710676.5,15193,0.174,6.14,6.314
4710792.73,15194,0.209,3.943,4.152
4710995.62,15192,0.187,8.266,8.453
4711013.43,15193,0.61,4.929,5.539
4711068.49,15194,1.938,7.288,9.226
4711089.15,15192,0.171,4.222,4.393
4711219.42,15193,0.256,7.049,7.305
4711347.6,15194,0.197,4.086,4.283
4711442.37,15192,0.206,8.21,8.416
4711507.96,15193,0.161,4.084,4.245
4711527.64,15194,0.16,8.093,8.254
4711591.68,15192,0.171,8.106,8.276
4711671.92,15193,0.152,12.281,12.433
4711724.96,15194,0.145,4.192,4.336
4711757.63,15192,0.126,4.582,4.708
4711768.64,15193,0.077,6.245,6.322
4711774.86,15194,0.1,6.7,6.8
4711788.78,15193,0.085,11.185,11.271
4711800.77,15192,0.091,8.047,8.138
4711843.28,15194,0.167,4.242,4.409
4712164.88,15193,2.893,12.223,15.117
4712166.22,15192,0.173,9.969,10.142
4712327.27,15194,1.345,4.109,5.454
4712348.47,15193,0.179,8.303,8.483
4712383.81,15194,0.07,6.041,6.111
4712385.14,15192,0.242,8.289,8.532
4712400.33,15193,0.153,8.115,8.268
4712499.23,15192,0.162,8.967,9.129
4712517.13,15194,0.148,6.026,6.174
4712558.43,15193,0.289,4.172,4.461
4712758.73,15192,0.211,4.439,4.65
4712849.14,15194,0.153,4.084,4.237
4712877.27,15193,0.884,8.152,9.037
4712913.39,15192,0.162,4.284,4.446
4713152.37,15194,0.229,6.049,6.278
4713279.72,15193,0.205,4.067,4.271
4713308.49,15192,0.152,8.209,8.361
4713333.92,15194,0.143,5.152,5.295
4713356.09,15193,0.166,3.982,4.149
4713401.95,15194,0.122,5.704,5.826
4713402.78,15192,0.105,8.623,8.728
4713465.68,15193,0.159,4.129,4.288
4713574.77,15194,0.099,8.617,8.716
4713598.92,15192,0.157,4.053,4.209
4713789.9,15193,0.272,6.148,6.42
4713791.27,15194,0.171,4.095,4.266
4713802.77,15192,0.108,5.17,5.278
4713826.36,15193,0.089,8.209,8.298
4713830.25,15194,0.066,4.03,4.097
4713841.34,15192,0.079,4.343,4.422
4713849.84,15193,0.103,5.057,5.159
4713876.11,15194,0.109,4.469,4.578
4713970.25,15192,0.192,5.953,6.146
4713978.38,15193,0.148,5.159,5.307
4713997.19,15194,0.224,6.244,6.468
4714011.53,15192,0.121,9.3,9.421
4714037.88,15193,0.135,4.141,4.276
4714066.64,15194,0.225,17.539,17.764
4714112.0,15192,0.209,10.833,11.042
4714139.06,15193,3.0,3.975,6.975
4714200.95,15194,0.354,4.158,4.512
4714202.75,15192,0.078,5.183,5.261
4714249.57,15193,1.048,8.425,9.473
4714295.49,15194,4.416,4.28,8.695
4714299.5,15192,0.153,4.187,4.34
4714302.02,15193,0.155,4.247,4.402
4714312.28,15194,0.233,6.092,6.325
4714315.43,15192,0.089,8.151,8.24
4714325.12,15193,1.987,8.049,10.036
4714357.45,15194,0.734,4.368,5.102
4714374.27,15192,0.109,4.316,4.426
4714384.62,15193,0.264,4.015,4.279
4714389.88,15194,0.08,4.102,4.182
4714406.11,15192,0.07,7.994,8.064
4714418.35,15193,0.241,4.112,4.353
4714456.86,15194,0.259,4.148,4.407
4714486.43,15192,1.786,8.087,9.872
4714501.2,15193,0.608,8.094,8.702
4714501.33,15194,1.114,5.91,7.025
4714519.33,15192,0.15,6.119,6.269
4714519.64,15193,0.064,4.313,4.378
4714535.25,15194,0.142,5.929,6.071
4714545.07,15193,1.321,5.112,6.433
4714547.75,15192,0.119,5.598,5.717
4714613.55,15194,0.168,3.956,4.123
4714663.17,15193,0.163,7.832,7.994
4714673.61,15192,0.115,4.12,4.235
4714676.11,15194,1.041,4.011,5.052
4714690.36,15192,0.133,4.577,4.71
4714696.04,15193,0.11,7.606,7.716
4714716.1,15192,2.026,8.025,10.052
4714727.63,15194,0.079,4.037,4.116
4714739.25,15193,0.076,6.117,6.194
4714786.19,15192,0.115,8.378,8.494
4714834.01,15194,0.148,7.061,7.209
4714871.98,15193,0.12,4.339,4.46
4714898.26,15192,0.098,8.091,8.19
4714908.26,15194,0.1,7.148,7.248
4714912.91,15193,0.11,4.001,4.11
4714928.04,15192,0.079,7.903,7.982
4714946.57,15194,0.172,6.078,6.25
4714974.15,15193,0.262,4.14,4.403
4714997.3,15192,0.149,12.009,12.158
4714997.5,15194,0.076,8.379,8.455
4715005.09,15193,0.093,5.911,6.005
4715030.94,15192,0.083,6.109,6.192
4715045.59,15194,0.237,4.266,4.502
4715115.65,15193,0.16,4.068,4.229
4715137.04,15192,1.71,3.966,5.675
4715163.16,15194,0.212,7.19,7.403
4715169.24,15193,0.108,8.069,8.177
4715200.07,15192,0.15,6.082,6.232
4715209.54,15194,2.415,4.37,6.785
4715264.36,15193,0.119,4.349,4.467
4715276.03,15192,0.107,6.115,6.222
4715296.59,15194,1.817,4.121,5.938
4715347.81,15193,0.11,4.532,4.641
4715379.15,15192,0.177,4.012,4.189
4715395.49,15194,0.109,4.2,4.308
4715407.51,15193,0.101,7.056,7.157
4715431.58,15192,0.115,6.13,6.245
4715448.19,15194,0.96,4.084,5.044
4715480.23,15193,1.393,4.101,5.494
4715491.02,15192,0.069,4.307,4.376
4715504.33,15194,0.075,6.392,6.468
4715525.37,15193,0.078,6.077,6.155
4715559.07,15192,0.093,4.239,4.332
4715589.13,15194,0.662,4.043,4.705
4715599.73,15193,0.076,4.048,4.124
4715615.79,15192,0.082,4.123,4.204
4715729.1,15194,0.927,8.009,8.936
4715734.86,15193,0.075,5.998,6.072
4715756.91,15194,0.117,4.055,4.173
4715763.04,15192,2.059,4.294,6.353
4715783.05,15193,2.071,7.913,9.985
4715800.65,15194,0.089,6.54,6.629
4715804.95,15192,0.076,7.221,7.298
4715817.18,15193,0.087,9.361,9.448
4715822.31,15194,0.078,6.246,6.324
4715851.74,15193,0.085,9.126,9.211
4715854.17,15192,0.084,4.253,4.337
4715868.96,15194,0.108,4.914,5.022
4715900.84,15193,2.067,7.713,9.78
4715911.45,15192,0.101,6.125,6.226
4715913.65,15194,0.382,4.59,4.972
4715950.5,15193,0.143,4.114,4.257
4715971.04,15192,0.122,6.291,6.413
4715994.96,15194,0.143,4.09,4.234
4716053.84,15193,0.18,8.544,8.723
4716058.61,15192,0.198,7.357,7.556
4716072.82,15194,0.109,4.197,4.306
4716079.01,15193,0.088,4.669,4.757
4716120.37,15192,0.113,9.114,9.227
4716129.24,15194,0.098,8.345,8.442
4716145.22,15193,2.414,8.013,10.428
4716174.03,15192,0.155,4.097,4.253
4716267.56,15194,0.248,4.072,4.319
4716284.48,15193,0.114,7.854,7.968
4716294.25,15192,0.101,11.104,11.206
4716296.54,15194,0.065,10.239,10.304
4716297.42,15193,0.066,9.039,9.105
4716310.77,15192,0.096,12.769,12.865
4716315.45,15194,0.073,8.788,8.861
4716346.37,15193,0.126,4.087,4.213
4716428.84,15192,0.192,4.239,4.431
4716481.56,15194,0.174,6.904,7.078
4716596.4,15193,0.19,5.14,5.329
4716617.92,15192,0.317,6.085,6.402
4716649.45,15194,0.13,4.12,4.25
4716725.21,15193,0.227,5.101,5.328
4716795.68,15192,0.224,4.693,4.917
4716820.74,15194,0.11,6.362,6.472
4716930.49,15193,0.166,4.084,4.25
4716959.42,15192,0.217,4.442,4.659
4717013.97,15194,0.257,4.713,4.97
4717037.13,15193,0.133,4.098,4.231
4717143.4,15192,0.267,4.264,4.531
4717155.68,15194,0.106,4.149,4.254
4717193.71,15193,0.206,4.525,4.731
4717336.38,15192,7.226,8.5,15.726
4717352.37,15194,2.014,4.133,6.147
4717520.8,15193,0.201,4.263,4.465
4717566.24,15192,1.536,4.043,5.579
4717832.84,15194,1.836,5.029,6.865
4717917.68,15193,0.149,4.296,4.446
4718038.36,15192,0.208,4.061,4.269
4718234.54,15194,0.257,4.16,4.418
4718291.14,15193,1.773,6.28,8.053
4718335.11,15192,0.226,4.226,4.451
4718370.47,15194,0.142,9.252,9.394
4718387.74,15193,0.162,4.117,4.28
4718457.98,15192,0.162,4.067,4.229
4718543.03,15193,0.106,4.212,4.318
4718543.68,15194,0.14,7.148,7.288
4718548.61,15192,0.092,4.118,4.211
4718554.13,15193,0.076,4.075,4.151
4718565.85,15194,0.061,5.778,5.839
4718568.57,15192,0.073,4.978,5.052
4718621.92,15193,1.53,5.51,7.04
4718628.71,15194,0.087,4.025,4.112
4718649.88,15192,0.115,4.173,4.289
4718693.17,15193,2.028,8.073,10.101
4718716.68,15194,0.09,4.12,4.21
4718734.39,15192,0.281,4.201,4.482
4718743.83,15193,0.13,4.211,4.342
4718793.64,15194,0.121,3.966,4.087
4718814.99,15192,0.131,4.811,4.942
4718830.28,15193,0.095,8.127,8.222
4718853.09,15194,0.099,6.153,6.251
4718869.72,15192,0.081,4.069,4.151
4718875.91,15193,0.078,4.087,4.166
4718911.81,15194,0.09,6.024,6.114
4718957.2,15192,0.144,6.156,6.3
4718964.36,15193,0.106,4.026,4.132
4718980.73,15194,0.115,5.01,5.125
4718986.9,15192,0.068,5.327,5.395
4719005.34,15193,0.082,8.0,8.082
4719073.05,15194,0.115,5.862,5.976
4719077.52,15192,0.064,5.507,5.572
4719108.98,15193,0.121,4.093,4.213
4719152.93,15194,1.93,4.914,6.843
4719166.79,15192,0.176,4.505,4.681
4719176.48,15193,0.118,4.807,4.925
4719181.18,15194,0.409,4.528,4.937
4719194.65,15192,0.105,4.478,4.583
4719212.23,15193,0.124,6.582,6.706
4719231.99,15194,0.179,7.439,7.618
4719245.61,15192,2.36,4.308,6.669
4719349.66,15193,0.278,4.119,4.397
4719387.76,15194,0.139,4.169,4.308
4719398.19,15192,0.089,6.029,6.118
4719424.85,15193,0.133,4.229,4.362
4719453.17,15194,0.185,4.31,4.496
4719461.97,15192,0.13,4.581,4.711
4719482.32,15193,0.119,4.141,4.26
4719509.96,15194,1.816,5.851,7.667
4719603.44,15192,0.199,4.573,4.773
4719625.85,15193,0.119,4.662,4.78
4719654.84,15194,0.119,6.193,6.312
4719663.17,15192,0.141,8.144,8.285
4719697.25,15193,0.155,4.03,4.185
4719752.57,15194,0.339,4.148,4.487
4719819.76,15192,0.33,4.503,4.833
4719834.89,15194,1.163,5.766,6.929
4719835.69,15193,0.227,8.224,8.451
4719841.29,15192,0.112,3.999,4.111
4719850.97,15193,0.089,4.315,4.404
4719859.56,15194,0.12,12.121,12.241
4719901.35,15192,2.46,6.146,8.606
4719903.75,15193,0.055,4.654,4.709
4719917.67,15194,0.078,4.105,4.183
4719973.44,15192,0.115,10.25,10.365
4720000.72,15193,0.282,4.168,4.449
4720032.51,15194,0.145,4.114,4.259
4720054.22,15192,1.736,18.101,19.837
4720082.49,15193,0.213,12.26,12.473
4720086.15,15194,0.096,7.977,8.073
4720095.74,15192,0.071,11.6,11.671
4720103.38,15193,0.802,9.301,10.103
4720113.63,15194,0.068,10.448,10.516
4720129.95,15193,0.289,4.501,4.79
4720156.58,15192,0.117,11.96,12.078
4720186.64,15194,0.193,11.221,11.414
4720203.48,15193,0.827,11.817,12.644
4720212.38,15192,2.045,10.137,12.182
4720216.07,15194,0.133,8.517,8.651
4720239.85,15193,0.726,4.549,5.275
4720252.18,15192,0.159,4.139,4.299
4720259.62,15194,0.165,5.108,5.272
4720291.58,15193,0.201,14.291,14.492
4720344.16,15192,0.207,7.508,7.715
4720428.18,15194,2.185,7.009,9.193
4720434.65,15193,0.101,4.201,4.302
4720445.81,15192,0.109,4.171,4.281
4720448.46,15194,0.104,4.217,4.321
4720499.46,15193,0.208,4.135,4.343
4720581.31,15192,0.243,6.077,6.32
4720601.98,15194,0.156,4.006,4.162
4720608.54,15193,0.104,4.682,4.787
4720659.82,15192,0.16,5.859,6.019
4720667.99,15194,0.152,4.166,4.318
4720682.57,15193,0.118,5.556,5.674
4720697.71,15192,0.144,5.805,5.949
4720707.12,15194,2.027,6.191,8.218
4720764.76,15193,2.115,10.172,12.287
4720768.98,15192,0.476,4.312,4.789
4720779.82,15193,0.107,8.853,8.96
4720805.12,15194,1.575,6.756,8.331
4720871.13,15192,0.216,6.667,6.883
4720902.71,15193,0.286,8.516,8.801
4720976.58,15194,0.205,4.818,5.024
4721091.51,15192,0.169,4.033,4.202
4721145.05,15193,2.106,5.678,7.784
4721239.23,15194,0.407,4.027,4.434
4721326.05,15192,0.188,6.133,6.321
4721397.88,15193,0.15,4.107,4.256
4721591.39,15194,0.157,5.332,5.49
4721600.91,15192,0.101,4.311,4.413
4721662.19,15193,1.02,5.031,6.051
4721666.85,15194,0.073,6.156,6.229
4721684.84,15192,0.122,4.136,4.258
4721833.64,15193,0.311,4.218,4.529
4721936.35,15194,0.125,4.037,4.161
4721973.13,15192,0.588,5.475,6.063
4722197.24,15193,0.211,6.281,6.492
4722360.33,15194,0.164,4.651,4.815
4722445.88,15192,0.156,5.01,5.166
4722465.23,15193,0.122,9.023,9.145
4722483.81,15194,0.143,4.022,4.166
4722503.6,15192,0.127,5.057,5.185
4722626.07,15193,0.136,4.099,4.235
4722636.34,15194,0.108,4.394,4.502
4722682.82,15192,0.125,5.065,5.19
4722724.95,15193,0.252,6.612,6.864
4722763.37,15194,0.137,4.099,4.236
4722858.96,15192,0.112,5.943,6.055
4722880.28,15193,0.164,4.053,4.217
4722943.63,15194,0.158,4.498,4.656
4722956.91,15192,0.088,6.024,6.112
4723017.96,15193,0.111,4.361,4.472
4723123.19,15194,0.152,4.051,4.203
4723189.77,15192,0.221,4.064,4.285
4723222.36,15193,0.127,13.767,13.894
4723292.81,15194,0.156,6.769,6.925
4723338.19,15192,0.988,5.021,6.009
4723435.24,15193,0.15,4.738,4.889
4723457.5,15194,0.133,4.095,4.227
4723481.63,15192,0.681,7.458,8.139
4723497.74,15193,0.113,4.062,4.175
4723518.56,15194,2.332,8.466,10.798
4723521.36,15192,0.073,3.972,4.045
4723556.67,15194,0.081,4.218,4.299
4723604.55,15193,0.075,6.328,6.403
4723619.12,15192,0.097,6.603,6.7
4723623.04,15194,0.061,5.433,5.494
4723634.32,15193,0.07,4.205,4.275
4723682.28,15192,0.098,12.032,12.13
4723682.45,15194,0.073,10.374,10.447
4723721.38,15193,0.1,4.037,4.137
4723756.37,15192,0.092,6.093,6.185
4723767.7,15194,0.083,4.982,5.065
4723792.39,15193,0.117,4.119,4.236
4723829.42,15192,0.09,7.133,7.223
4723835.96,15194,0.071,6.158,6.229
4723859.69,15193,0.167,4.027,4.194
4723883.97,15192,0.12,6.06,6.181
4723888.5,15194,1.263,4.375,5.638
4723940.11,15193,0.14,4.344,4.484
4723949.86,15192,0.078,3.982,4.059
4723992.24,15194,2.351,9.081,11.432
4724023.03,15193,0.165,4.18,4.344
4724031.71,15192,0.18,4.072,4.252
4724034.94,15194,0.097,4.168,4.265
4724051.66,15193,0.096,8.212,8.308
4724057.37,15192,0.08,10.249,10.329
4724098.59,15194,0.136,4.098,4.233
4724120.2,15193,0.199,6.023,6.222
4724185.92,15192,1.757,4.705,6.462
4724261.17,15194,0.169,4.08,4.249
4724264.74,15193,0.083,4.712,4.795
4724351.48,15194,0.144,4.682,4.826
4724360.21,15192,0.11,6.262,6.372
4724366.61,15193,0.103,6.098,6.201
4724394.03,15192,0.071,4.782,4.853
4724394.97,15194,0.121,9.012,9.133
4724404.8,15193,0.112,7.556,7.668
4724407.38,15192,2.341,5.153,7.494
4724415.01,15194,0.081,6.861,6.943
4724432.13,15193,0.355,8.094,8.449
4724433.23,15192,0.072,4.918,4.99
4724438.77,15194,0.062,4.743,4.805
4724450.38,15193,0.085,4.166,4.251
4724472.02,15192,0.103,4.285,4.388
4724495.43,15194,0.117,6.576,6.693
4724496.78,15193,0.099,6.033,6.132
4724523.15,15192,0.105,4.358,4.463
4724530.22,15193,0.096,9.42,9.517
4724557.48,15192,0.115,8.379,8.494
4724661.86,15194,0.116,4.132,4.249
4724693.26,15193,0.112,4.282,4.394
4724701.78,15192,0.12,4.492,4.612
4724712.04,15194,0.095,5.782,5.877
4724731.99,15193,0.143,6.231,6.374
4724749.14,15192,2.348,12.698,15.046
4724773.47,15194,0.137,11.25,11.387
4724832.7,15193,0.124,4.663,4.787
4724838.73,15192,1.025,6.639,7.664
4724856.34,15194,0.116,7.327,7.442
4724868.75,15193,0.578,11.657,12.235
4724934.2,15192,0.13,7.995,8.126
4724934.91,15194,0.08,6.046,6.126
4724946.3,15193,0.092,10.181,10.273
4724956.71,15192,0.078,8.982,9.06
4724960.01,15194,0.065,4.064,4.129
4725034.46,15193,0.973,4.21,5.183
4725047.38,15192,2.644,13.058,15.701
4725083.21,15194,0.105,10.732,10.837
4725087.25,15193,0.062,9.122,9.184
4725098.7,15192,0.301,4.74,5.04
4725105.15,15194,0.198,7.611,7.809
4725121.86,15193,0.229,4.568,4.797
4725242.89,15192,1.15,9.633,10.782
4725291.85,15194,0.182,4.134,4.317
4725316.84,15193,0.117,8.592,8.708
4725344.86,15192,2.199,11.69,13.888
4725349.21,15194,0.1,9.161,9.261
4725368.74,15193,1.751,4.458,6.209
4725422.56,15192,1.381,7.169,8.55
4725469.95,15194,0.141,7.334,7.475
4725488.56,15193,0.119,4.25,4.368
4725512.87,15192,0.088,10.401,10.489
4725513.28,15194,0.098,8.738,8.836
4725516.19,15193,0.088,4.045,4.134
4725551.75,15192,0.096,8.092,8.188
4725584.73,15194,0.109,6.066,6.175
4725631.84,15193,0.131,5.348,5.479
4725689.41,15192,0.148,4.292,4.44
4725760.04,15194,0.178,4.124,4.301
4725818.01,15193,0.136,5.651,5.787
4725857.65,15192,0.135,7.132,7.267
4725865.97,15194,0.086,6.172,6.258
4725873.58,15193,0.143,4.988,5.13
4725888.2,15192,0.072,6.978,7.05
4725944.58,15194,0.118,4.023,4.141
4725972.83,15193,0.097,6.226,6.323
4726010.74,15192,0.077,4.188,4.265
4726039.27,15194,0.875,4.106,4.982
4726279.06,15193,0.19,6.157,6.348
4726317.91,15192,0.121,8.244,8.366
4726362.68,15194,0.108,4.04,4.148
4726466.36,15193,0.14,5.635,5.775
4726570.72,15192,0.189,8.263,8.452
4726632.18,15194,0.15,8.058,8.208
4726642.28,15193,0.122,4.109,4.232
4726809.0,15192,4.213,18.644,22.856
4726810.35,15194,4.065,18.011,22.076
4726855.56,15193,1.072,20.239,21.311
4726894.37,15192,0.148,12.129,12.277
4726950.42,15194,0.158,5.859,6.017
4726984.58,15193,0.111,4.416,4.526
4727039.52,15192,0.146,8.582,8.728
4727104.26,15194,0.151,4.365,4.516
4727113.57,15193,0.103,8.526,8.629
4727144.29,15192,0.155,8.042,8.197
4727175.14,15194,0.222,3.977,4.2
4727235.95,15193,2.038,5.838,7.876
4727269.41,15192,0.17,4.125,4.295
4727299.22,15194,0.102,6.95,7.052
4727478.85,15193,0.173,7.104,7.276
4727507.4,15192,0.108,4.034,4.142
4727518.23,15194,0.15,4.111,4.26
4727614.89,15193,0.131,6.105,6.236
4727719.18,15192,0.129,4.163,4.291
4727783.22,15194,0.107,7.047,7.154
4727796.58,15193,0.162,4.361,4.524
4727846.99,15192,0.477,4.268,4.744
4727855.56,15194,0.066,12.003,12.068
4728090.47,15193,0.299,4.589,4.888
4728192.71,15192,0.306,7.51,7.816
4728253.22,15194,0.187,5.748,5.935
4728350.04,15193,0.155,3.983,4.138
4728391.62,15192,0.112,4.05,4.163
4728404.19,15194,2.279,6.026,8.305
4728543.53,15193,0.155,4.26,4.415
4728646.32,15192,1.757,6.181,7.938
4728700.48,15194,0.15,6.001,6.15
4728728.21,15193,1.927,5.092,7.019
4728993.69,15192,0.196,4.424,4.621
4729051.8,15194,0.113,4.762,4.876
4729131.86,15193,0.23,4.343,4.573
4729313.09,15192,0.156,4.053,4.208
4729326.0,15194,0.139,4.168,4.307
4729541.11,15193,0.142,6.898,7.04
4729606.49,15192,0.175,3.984,4.159
4729679.5,15194,0.11,4.05,4.161
4729762.06,15193,0.118,4.212,4.33
4729789.22,15192,0.112,7.982,8.094
4729808.51,15194,0.091,5.37,5.46
4729832.98,15193,0.202,4.709,4.911
4729885.61,15192,0.126,8.888,9.013
4729886.01,15194,3.059,5.906,8.965
4729945.78,15193,0.125,9.559,9.684
4729976.22,15192,0.116,7.756,7.871
4729982.45,15194,0.082,7.999,8.081
4729987.78,15193,0.075,5.178,5.253
4730018.48,15192,0.09,8.103,8.193
4730036.83,15194,0.073,7.289,7.362
4730036.97,15193,0.053,6.114,6.168
4730048.42,15192,0.111,4.318,4.429
4730070.16,15193,0.077,4.038,4.115
4730086.28,15194,0.139,3.97,4.109
4730106.11,15192,0.07,8.007,8.076
4730115.14,15193,0.055,6.046,6.102
4730123.97,15194,0.093,4.084,4.177
4730142.08,15193,0.066,6.232,6.298
4730142.09,15192,1.812,8.031,9.843
4730144.32,15194,0.059,4.261,4.319
4730148.54,15193,0.061,4.079,4.14
4730157.13,15192,0.089,5.09,5.179
4730195.39,15194,0.225,4.074,4.299
4730202.05,15193,0.097,3.991,4.088
4730250.93,15192,0.172,10.128,10.3
4730253.21,15193,0.485,8.032,8.516
4730255.22,15194,1.117,10.101,11.218
4730262.56,15193,4.024,5.5,9.524
4730277.16,15192,0.063,11.05,11.113
4730277.25,15194,1.071,6.933,8.004
4730300.22,15193,0.08,3.944,4.024
4730349.29,15192,2.117,9.138,11.255
4730409.52,15194,0.166,4.15,4.316
4730432.41,15193,0.096,6.257,6.353
4730476.09,15192,0.106,4.042,4.148
4730476.64,15194,0.092,4.266,4.357
4730489.7,15193,0.084,4.087,4.17
4730492.73,15192,0.07,4.27,4.34
4730536.45,15194,0.087,7.09,7.176
4730536.8,15193,0.054,5.017,5.072
4730562.26,15194,0.09,4.009,4.099
4730562.43,15192,0.116,6.052,6.167
4730591.36,15193,0.094,4.0,4.094
4730595.78,15194,0.068,4.028,4.096
4730609.57,15192,0.075,4.242,4.317
4730611.53,15193,0.055,4.04,4.094
4730649.15,15192,0.132,6.165,6.297
4730680.1,15194,0.089,6.236,6.325
4730688.87,15193,0.073,4.133,4.206
4730698.38,15192,0.079,8.112,8.191
4730799.9,15194,0.156,4.094,4.249
4730812.35,15193,0.09,5.206,5.297
4730906.41,15194,0.092,3.975,4.067
4730906.0,15192,0.227,4.077,4.304
4730921.12,15193,0.101,8.137,8.238
4730937.52,15194,0.133,4.13,4.262
4730944.38,15192,0.131,4.036,4.167
4731010.84,15193,0.251,4.732,4.983
4731026.77,15194,0.188,6.225,6.412
4731083.53,15192,0.165,4.127,4.292
4731239.45,15193,0.219,7.639,7.858
4731263.14,15194,2.798,8.024,10.821
4731265.09,15192,0.073,6.957,7.03
4731283.18,15193,0.109,6.999,7.108
4731295.41,15194,0.081,6.055,6.136
4731307.38,15192,0.08,4.26,4.34
4731308.73,15193,0.133,4.091,4.223
4731313.63,15194,0.076,4.005,4.081
4731343.4,15192,3.03,5.325,8.355
4731396.35,15193,0.107,7.899,8.006
4731397.07,15194,0.081,7.744,7.826
4731404.12,15192,0.064,8.0,8.064
4731420.6,15194,0.533,5.532,6.065
4731464.85,15193,0.155,4.439,4.594
4731507.59,15192,0.145,9.662,9.806
4731511.18,15194,0.112,6.005,6.117
4731533.06,15193,0.126,6.006,6.132
4731570.13,15192,2.025,8.058,10.083
4731570.24,15194,0.059,6.127,6.185
4731600.62,15193,0.081,4.104,4.185
4731608.24,15192,0.08,4.136,4.215
4731614.81,15194,0.121,5.699,5.821
4731651.53,15193,0.824,6.947,7.771
4731654.05,15192,0.073,6.457,6.531
4731726.77,15194,0.114,7.07,7.185
4731747.89,15192,0.056,7.786,7.842
4731748.05,15193,0.077,14.551,14.627
4731782.52,15194,0.102,4.265,4.367
4731785.92,15192,0.063,5.542,5.605
4731818.95,15193,0.082,7.088,7.17
4731834.96,15192,1.821,4.083,5.904
4731835.95,15194,0.788,7.81,8.598
4731902.38,15193,0.121,4.13,4.252
4731922.24,15192,0.08,8.114,8.194
4731923.98,15194,0.941,5.928,6.869
4731934.67,15193,0.066,5.987,6.053
4732026.13,15192,0.156,6.181,6.337
4732062.96,15194,0.103,6.304,6.407
4732141.79,15193,0.125,6.033,6.158
4732153.2,15192,0.103,6.041,6.145
4732178.19,15194,0.173,4.158,4.331
4732283.18,15193,0.182,8.022,8.205
4732339.56,15192,0.226,4.129,4.356
4732369.31,15194,2.486,8.163,10.649
4732481.33,15193,0.11,4.151,4.261
4732509.53,15192,0.179,6.234,6.413
4732602.78,15194,2.785,6.305,9.09
4732651.48,15193,0.122,4.083,4.205
4732711.37,15192,2.395,4.072,6.467
4732825.48,15194,0.114,5.185,5.299
4732830.26,15193,0.097,5.301,5.399
4732939.39,15192,0.265,4.495,4.76
4732946.97,15194,0.077,4.109,4.186
4732967.17,15193,0.121,10.01,10.13
4732971.35,15192,1.584,8.291,9.875
4733012.31,15194,0.151,3.982,4.134
4733087.83,15193,0.103,9.306,9.41
4733104.23,15192,0.132,4.017,4.149
4733113.69,15194,0.085,4.047,4.132
4733118.31,15193,0.066,4.029,4.094
4733150.98,15192,1.643,5.863,7.507
4733153.9,15194,0.06,5.061,5.12
4733179.48,15193,0.16,8.227,8.386
4733183.37,15192,0.083,4.034,4.117
4733222.41,15193,0.265,4.351,4.617
4733229.98,15194,0.12,4.076,4.196
4733253.08,15192,0.117,4.051,4.168
4733280.07,15193,2.358,3.939,6.296
4733292.95,15194,0.114,4.13,4.244
4733305.63,15192,0.207,10.309,10.516
4733305.84,15193,0.118,6.789,6.908
4733344.43,15194,0.087,4.097,4.184
4733352.33,15192,0.074,6.113,6.187
4733399.03,15193,0.077,5.055,5.132
4733408.6,15194,0.072,5.674,5.746
4733419.44,15192,0.103,6.148,6.251
4733423.82,15193,0.058,6.593,6.651
4733428.07,15194,0.113,4.08,4.193
4733439.49,15192,0.083,4.064,4.146
4733468.68,15193,0.081,9.0,9.081
4733468.94,15194,0.079,6.781,6.86
4733646.86,15192,0.146,4.112,4.258
4733655.24,15193,0.116,4.056,4.172
4733671.77,15194,0.111,6.114,6.224
4733674.08,15192,0.058,4.975,5.033
4733680.27,15193,0.078,3.998,4.076
4733688.38,15194,0.058,3.948,4.006
4733708.17,15192,0.913,8.092,9.004
4733744.94,15193,0.081,5.911,5.992
4733747.38,15194,0.054,6.102,6.156
4733763.67,15192,0.138,4.012,4.15
4733794.18,15193,0.086,3.99,4.076
4733829.15,15194,0.089,4.011,4.099
4733855.57,15192,0.075,7.126,7.201
4733949.62,15193,0.107,4.239,4.346
4733979.99,15194,0.123,4.058,4.181
4734029.36,15192,0.119,6.151,6.27
4734081.16,15193,0.098,8.303,8.4
4734088.2,15194,1.294,8.104,9.398
4734112.19,15193,0.078,8.065,8.143
4734149.81,15192,0.084,5.254,5.338
4734161.8,15194,0.071,7.181,7.252
4734181.61,15193,0.182,6.235,6.417
4734224.88,15192,0.18,6.308,6.487
4734235.17,15194,0.851,8.07,8.922
4734246.86,15193,0.126,5.979,6.105
4734261.23,15192,0.123,7.086,7.208
4734298.86,15194,0.124,5.056,5.18
4734335.36,15193,0.144,4.111,4.255
4734371.22,15192,0.156,4.087,4.243
4734478.67,15194,0.128,4.162,4.29
4734563.19,15193,0.132,7.995,8.127
4734564.14,15192,0.057,6.996,7.053
4734589.67,15194,0.091,4.043,4.134
4734717.87,15192,0.084,4.255,4.339
4734722.7,15193,1.057,9.573,10.629
4734745.61,15194,0.101,5.187,5.288
4734785.21,15192,0.084,4.07,4.154
4734844.77,15193,0.086,7.035,7.122
4734890.33,15194,0.225,4.432,4.657
4735021.84,15192,2.332,4.681,7.013
4735224.09,15193,0.158,5.043,5.201
4735262.29,15194,0.159,4.114,4.273
4735277.73,15192,0.156,6.11,6.266
4735584.55,15193,0.568,10.414,10.982
4735589.87,15194,0.101,5.6,5.702
4735665.97,15193,0.156,7.071,7.228
4735692.1,15192,0.818,8.214,9.032
4735785.02,15194,0.116,4.144,4.26
4735801.86,15193,0.143,4.292,4.435
4735847.28,15192,0.144,8.048,8.193
4735899.1,15194,0.233,7.943,8.175
4735981.73,15193,0.105,6.163,6.268
4736029.41,15192,0.414,4.387,4.801
4736235.25,15193,0.075,4.051,4.126
4736238.09,15194,0.189,9.061,9.25
4736384.79,15192,0.135,4.042,4.177
4736494.9,15193,1.173,4.026,5.199
4736527.52,15194,0.135,4.149,4.284
4736636.18,15192,0.16,8.267,8.427
4736675.63,15193,0.173,8.291,8.465
4736676.04,15194,0.07,6.907,6.977
4736677.53,15192,0.053,6.061,6.115
4736709.12,15193,0.09,7.977,8.068
4736748.18,15194,1.016,4.054,5.071
4736753.27,15192,0.062,7.147,7.21
4736768.11,15193,0.132,4.22,4.352
4736777.44,15194,0.12,5.26,5.38
4736805.03,15192,0.254,6.917,7.171
4736820.68,15193,0.064,4.111,4.175
4736862.71,15194,0.083,7.028,7.11
4736932.61,15192,0.095,4.079,4.174
4736947.2,15193,1.026,8.125,9.151
4736950.26,15194,0.064,9.15,9.214
4736975.37,15192,0.069,4.094,4.163
4736984.27,15193,1.166,4.061,5.226
4737062.82,15194,0.147,4.101,4.248
4737105.45,15192,1.051,9.328,10.379
4737120.98,15193,0.115,8.17,8.285
4737131.83,15194,0.104,4.221,4.325
4737211.25,15192,0.106,5.345,5.45
4737230.5,15193,0.205,4.041,4.246
4737233.8,15194,0.071,4.156,4.227
4737243.63,15192,0.119,4.012,4.131
4737354.67,15193,0.175,8.112,8.287
4737373.98,15194,0.104,4.071,4.175
4737435.59,15192,0.129,6.646,6.775
4737466.59,15193,0.121,4.195,4.316
4737508.51,15194,0.111,4.014,4.125
4737576.72,15192,0.184,4.174,4.359
4737627.25,15193,2.483,5.032,7.515
4737665.52,15194,0.123,6.082,6.205
4737669.35,15192,0.072,8.103,8.175
4737669.79,15193,0.113,4.079,4.192
4737703.46,15194,0.094,4.115,4.21
4737711.31,15192,0.07,8.185,8.255
4737713.38,15193,0.062,4.111,4.173
4737721.28,15194,0.125,4.214,4.338
4737754.27,15192,0.101,8.047,8.149
4737769.37,15193,2.251,4.237,6.488
4737771.36,15194,0.051,4.927,4.978
4737778.55,15192,0.118,5.816,5.934
4737820.88,15194,0.057,4.037,4.094
4737825.41,15194,0.047,4.051,4.098
4737826.93,15192,1.803,5.974,7.777
4737827.25,15193,0.079,11.133,11.211
4737829.64,15194,0.05,4.12,4.171
4737862.09,15192,2.16,12.042,14.202
4737862.23,15193,2.02,10.175,12.194
4737876.96,15194,0.078,4.129,4.206
4737884.78,15192,0.07,5.124,5.194
4737888.14,15193,0.069,4.14,4.209
4737893.2,15194,0.072,4.129,4.201
4737895.74,15192,0.113,4.488,4.602
4737913.52,15193,0.095,3.985,4.08
4737920.1,15194,0.344,7.212,7.556
4737961.32,15193,0.077,5.095,5.172
4738006.26,15192,0.157,6.127,6.284
4738079.17,15194,1.365,4.108,5.474
4738093.09,15193,0.097,3.931,4.029
4738103.9,15192,0.101,4.127,4.228
4738108.63,15194,0.064,6.136,6.2
4738110.2,15192,0.064,4.123,4.187
4738123.09,15193,0.092,6.945,7.037
4738147.12,15192,0.076,6.994,7.07
4738179.79,15194,0.187,5.882,6.069
4738215.5,15193,0.1,5.56,5.66
4738227.18,15192,0.108,10.987,11.095
4738287.09,15194,0.253,6.013,6.266
4738307.38,15193,0.096,4.029,4.125
4738316.48,15192,0.075,5.346,5.421
4738332.64,15194,0.098,6.158,6.255
4738357.99,15193,0.106,5.819,5.924
4738370.77,15194,0.054,11.422,11.476
4738372.25,15193,0.918,11.179,12.097
4738373.13,15192,0.117,13.846,13.963
4738378.02,15194,0.492,7.15,7.642
4738394.06,15193,0.1,4.923,5.023
4738420.18,15192,0.099,8.032,8.131
4738441.81,15194,0.156,4.114,4.27
4738460.44,15193,0.081,4.084,4.165
4738475.15,15192,0.07,4.113,4.183
4738509.21,15194,0.064,6.102,6.166
4738520.78,15193,0.101,8.045,8.146
4738520.91,15192,0.046,5.835,5.881
4738545.09,15194,0.155,7.865,8.02
4738556.52,15192,0.076,7.117,7.192
4738559.57,15193,2.667,4.502,7.169
4738579.5,15192,0.092,8.159,8.252
4738583.17,15194,0.068,6.049,6.118
4738593.14,15193,0.069,8.064,8.133
4738657.85,15192,0.146,7.816,7.962
4738668.24,15194,2.201,8.067,10.267
4738697.16,15193,0.101,4.011,4.111
4738700.82,15192,0.054,6.018,6.072
4738704.93,15194,0.074,3.974,4.048
4738723.01,15193,0.165,5.301,5.467
4738751.65,15192,0.081,6.0,6.081
4738768.55,15194,0.124,4.388,4.512
4738786.0,15193,0.076,4.037,4.114
4738804.11,15192,0.071,4.062,4.133
4738825.11,15194,0.097,5.129,5.226
4738916.14,15193,0.135,4.07,4.204
4738921.06,15192,0.077,7.062,7.139
4738965.24,15194,0.091,6.96,7.051
4738977.02,15193,0.087,6.042,6.128
4739007.9,15192,1.558,7.35,8.908
4739022.11,15194,0.137,5.032,5.169
4739054.16,15193,1.033,6.069,7.101
4739100.39,15192,0.105,4.065,4.17
4739191.77,15194,0.177,8.039,8.216
4739239.97,15193,0.156,3.911,4.067
4739305.38,15192,0.15,8.05,8.2
4739328.08,15194,0.22,3.891,4.111
4739403.26,15193,0.17,6.125,6.295
4739415.16,15192,1.618,8.015,9.634
4739432.25,15194,1.474,4.054,5.528
4739458.64,15193,0.143,5.483,5.627
4739496.5,15192,0.099,7.132,7.231
4739502.13,15194,1.127,8.059,9.186
4739514.46,15193,0.077,4.329,4.406
4739531.49,15192,0.064,5.118,5.181
4739544.13,15194,0.068,5.12,5.189
4739610.21,15193,1.956,4.029,5.985
4739617.38,15192,0.092,7.371,7.463
4739626.05,15193,0.1,4.249,4.35
4739664.64,15194,0.67,4.167,4.837
4739752.5,15192,0.153,4.166,4.319
4739763.37,15193,0.1,4.195,4.296
4739772.44,15194,0.105,4.102,4.206
4739778.95,15192,0.083,4.207,4.29
4739820.43,15193,0.102,4.247,4.349
4739930.9,15194,0.14,4.098,4.238
4740000.61,15192,0.148,4.233,4.381
4740002.7,15193,0.069,4.239,4.308
4740048.26,15194,3.871,4.112,7.983
4740072.12,15192,0.117,4.147,4.264
4740078.37,15193,1.167,4.134,5.302
4740082.83,15194,0.083,4.109,4.192
4740108.42,15192,0.098,8.334,8.431
4740209.31,15193,0.093,4.035,4.128
4740221.75,15194,0.132,4.228,4.36
4740261.55,15192,2.01,7.427,9.437
4740281.12,15193,2.047,3.989,6.037
4740292.39,15194,0.089,4.272,4.361
4740309.29,15192,0.145,4.12,4.265
4740324.5,15193,1.105,11.107,12.211
4740327.73,15194,0.082,7.009,7.091
4740343.63,15192,0.083,5.166,5.249
4740351.11,15193,0.11,4.179,4.29
4740388.45,15194,0.099,5.198,5.297
4740413.18,15192,0.069,7.066,7.134
4740475.67,15193,0.083,7.998,8.081
4740475.97,15194,0.052,6.79,6.842
4740553.87,15192,0.093,6.126,6.219
4740567.32,15194,0.085,7.548,7.634
4740620.09,15193,0.095,5.642,5.738
4740683.27,15192,0.11,4.092,4.202
4740689.66,15194,0.085,6.022,6.107
4740716.28,15193,0.087,8.125,8.212
4740739.25,15192,0.079,4.013,4.093
4740763.18,15194,0.148,6.273,6.421
4740767.34,15193,0.081,4.109,4.191
4740817.2,15194,0.173,6.946,7.119
4740821.3,15192,1.938,7.168,9.106
4740822.48,15193,0.067,4.37,4.437
4740847.18,15194,0.093,5.17,5.262
4740858.31,15192,0.084,6.338,6.422
4740908.61,15193,0.099,4.645,4.743
4740953.22,15194,0.086,9.25,9.335
4740961.11,15192,0.058,10.007,10.066
4740963.69,15193,0.064,9.149,9.213
4741003.83,15194,0.077,7.498,7.575
4741004.54,15192,0.05,4.919,4.969
4741015.71,15193,0.084,4.119,4.202
4741025.46,15194,1.721,4.082,5.803
4741057.31,15192,0.144,6.15,6.294
4741104.38,15193,1.408,4.091,5.499
4741108.91,15194,0.11,4.126,4.236
4741120.93,15192,0.074,7.101,7.174
4741131.67,15193,0.079,5.651,5.73
4741148.87,15194,0.141,5.053,5.194
4741222.41,15192,0.155,4.01,4.165
4741232.72,15193,1.088,7.548,8.637
4741234.85,15194,0.111,4.166,4.277
4741263.44,15192,0.125,7.96,8.085
4741285.93,15193,0.121,4.074,4.195
4741312.31,15194,0.096,4.008,4.104
4741335.59,15192,0.173,6.289,6.463
4741352.15,15193,0.093,8.995,9.088
4741364.5,15194,0.084,10.942,11.025
4741364.63,15192,0.047,9.703,9.75
4741377.74,15193,0.082,5.041,5.123
4741388.24,15192,0.074,4.131,4.206
4741400.07,15194,0.151,4.226,4.378
4741419.51,15193,0.075,4.001,4.076
4741490.53,15192,0.193,7.039,7.231
4741508.31,15194,2.697,7.987,10.684
4741533.13,15193,0.075,8.008,8.083
4741540.58,15192,0.074,4.044,4.117
4741579.15,15193,0.062,11.129,11.191
4741579.5,15194,0.121,12.402,12.523
4741587.75,15192,0.072,5.071,5.144
4741616.97,15193,0.092,7.098,7.191
4741619.21,15194,0.054,6.138,6.192
4741625.47,15192,0.072,4.036,4.108
4741664.66,15193,0.088,8.192,8.28
4741670.98,15194,0.671,6.119,6.79
4741724.93,15192,0.095,5.095,5.19
4741727.48,15193,0.077,4.077,4.154
4741741.81,15194,0.081,5.063,5.144
4741751.25,15192,0.053,12.051,12.105
4741754.3,15193,0.059,11.402,11.462
4741760.12,15194,0.066,9.317,9.383
4741778.5,15192,0.093,4.11,4.203
4741790.08,15193,0.076,4.276,4.352
4741841.14,15194,0.093,5.97,6.063
4741887.86,15192,0.177,7.659,7.836
4741956.75,15193,1.04,4.521,5.561
4741997.44,15194,0.108,8.267,8.375
4742034.33,15192,0.762,3.987,4.749
4742042.79,15193,0.091,4.09,4.182
4742056.06,15194,0.069,13.098,13.167
4742056.14,15192,0.084,10.018,10.102
4742081.5,15193,0.07,8.268,8.338
4742113.6,15194,0.084,4.082,4.167
4742119.66,15192,0.072,4.067,4.139
4742134.25,15194,0.166,4.098,4.265
4742134.5,15193,1.069,7.434,8.503
4742166.45,15192,0.062,8.003,8.065
4742181.2,15194,0.106,5.085,5.191
4742242.24,15193,2.039,8.11,10.149
4742247.98,15194,0.059,4.039,4.097
4742248.66,15192,2.83,8.573,11.404
4742327.13,15193,0.264,5.048,5.312
4742335.56,15192,0.08,8.077,8.157
4742336.06,15194,1.381,6.97,8.351
4742365.83,15193,0.11,6.1,6.21
4742370.94,15192,0.092,4.141,4.233
4742386.85,15194,0.081,5.921,6.002
4742401.23,15193,0.093,3.971,4.064
4742478.82,15192,0.178,7.786,7.964
4742504.79,15194,2.529,7.702,10.231
4742512.33,15193,0.113,4.023,4.136
4742514.5,15192,0.074,4.025,4.1
4742530.52,15194,0.083,9.068,9.151
4742532.82,15193,0.061,7.247,7.308
4742556.61,15192,0.073,6.06,6.133
4742581.99,15194,0.706,7.916,8.622
4742590.7,15193,0.174,4.088,4.262
4742599.42,15192,0.096,4.139,4.235
4742605.13,15194,0.112,6.09,6.203
4742655.49,15192,1.338,8.365,9.703
4742655.89,15193,0.097,6.724,6.821
4742689.04,15194,0.143,5.031,5.173
4742708.24,15192,0.088,4.1,4.188
4742717.71,15193,0.141,4.095,4.236
4742744.15,15194,0.091,6.011,6.102
4742806.27,15192,0.122,6.013,6.135
4742861.19,15193,0.146,3.986,4.132
4742866.45,15194,0.082,4.078,4.161
4742876.11,15192,0.077,5.161,5.238
4742880.81,15193,0.084,4.062,4.146
4742888.12,15194,0.073,4.202,4.275
4742899.02,15192,0.058,4.041,4.098
4742928.48,15193,0.074,6.074,6.149
4742936.12,15194,0.062,7.108,7.17
4742967.26,15192,0.161,6.104,6.265
4742992.71,15193,0.094,5.626,5.72
4743017.78,15194,0.069,10.47,10.539
4743065.3,15192,0.107,8.644,8.751
4743066.53,15193,0.069,4.31,4.379
4743090.83,15194,0.169,6.199,6.369
4743109.09,15192,0.077,7.997,8.074
4743181.35,15193,0.114,7.214,7.328
4743223.9,15194,0.133,5.575,5.708
4743256.31,15193,0.071,8.027,8.097
4743256.92,15192,0.124,11.357,11.481
4743267.25,15194,0.091,7.248,7.34
4743286.05,15193,0.094,4.491,4.584
4743306.51,15192,0.104,6.477,6.581
4743308.44,15194,0.057,4.626,4.683
4743326.11,15193,0.088,4.071,4.158
4743360.86,15192,0.088,5.086,5.174
4743368.54,15194,0.072,4.178,4.25
4743388.87,15193,0.067,4.292,4.36
4743393.21,15192,0.115,4.104,4.219
4743426.8,15194,0.093,4.251,4.344
4743480.64,15193,0.102,4.352,4.454
4743487.19,15192,0.077,4.217,4.294
4743497.82,15194,0.065,4.001,4.065
4743517.12,15193,0.079,4.074,4.153
4743527.12,15192,0.088,7.037,7.125
4743529.77,15194,0.063,4.11,4.172
4743540.9,15193,0.087,4.172,4.258
4743549.74,15192,0.093,5.066,5.158
4743555.95,15193,0.063,8.011,8.074
4743556.37,15192,0.048,6.43,6.478
4743557.46,15194,1.249,11.314,12.563
4743562.51,15193,2.004,4.319,6.323
4743574.41,15192,0.772,8.355,9.127
4743601.8,15194,0.153,4.576,4.729
4743683.41,15193,1.662,4.168,5.83
4743715.58,15192,0.154,3.979,4.133
4743718.6,15194,0.084,4.022,4.106
4743783.89,15193,0.141,4.232,4.372
4743792.52,15194,0.061,6.32,6.381
4743792.92,15192,0.111,8.705,8.816
4743798.99,15193,0.084,4.186,4.27
4743831.35,15194,0.144,6.882,7.026
4743871.36,15192,0.135,4.165,4.3
4743888.23,15193,2.469,8.148,10.617
4743936.2,15194,0.173,6.219,6.392
4743937.27,15192,0.114,5.17,5.284
4743945.28,15193,0.085,7.835,7.92
4743945.7,15194,0.062,6.285,6.347
4743957.16,15192,0.079,7.043,7.122
4743967.16,15193,0.069,8.049,8.117
4744016.57,15194,0.111,4.119,4.23
4744028.64,15192,0.114,4.418,4.532
4744038.32,15193,1.061,9.524,10.584
4744091.99,15194,0.075,6.713,6.788
4744093.88,15192,0.063,5.106,5.168
4744117.12,15193,0.143,12.318,12.461
4744123.42,15194,0.073,10.285,10.359
4744125.21,15192,0.065,10.107,10.172
4744148.79,15193,0.071,4.142,4.213
4744154.23,15194,0.056,4.034,4.09
4744206.88,15192,0.098,6.888,6.986
4744304.85,15193,0.127,14.389,14.516
4744299.99,15194,0.063,8.032,8.094
4744305.59,15192,2.418,9.09,11.507
4744317.49,15193,0.086,4.125,4.212
4744336.05,15194,0.083,4.302,4.385
4744373.97,15193,0.053,7.836,7.889
4744376.6,15192,0.095,12.653,12.748
4744389.38,15194,0.063,9.175,9.238
4744397.18,15193,0.062,10.084,10.147
4744400.65,15192,0.062,5.958,6.02
4744479.28,15194,0.078,11.241,11.32
4744479.43,15193,0.051,9.533,9.584
4744500.17,15194,1.76,4.066,5.826
4744500.4,15192,0.077,9.271,9.349
4744545.52,15193,0.135,4.485,4.62
4744661.22,15194,2.926,13.085,16.011
4744661.79,15193,0.081,5.011,5.092
4744665.54,15192,0.083,8.924,9.007
4744757.26,15194,3.462,10.142,13.604
4744816.07,15193,0.16,4.14,4.3
4744869.26,15192,0.224,8.119,8.343
4745078.81,15194,0.245,4.132,4.377
4745132.15,15193,0.113,11.97,12.084
4745191.69,15192,0.937,6.574,7.512
4745205.16,15194,0.116,6.315,6.431
4745376.73,15193,0.159,7.457,7.616
4745483.32,15192,1.292,5.197,6.489
4745494.93,15194,0.111,6.424,6.535
4745503.14,15193,0.086,6.8,6.886
4745544.48,15192,0.105,4.061,4.166
4745647.16,15194,0.115,5.561,5.677
4745763.52,15193,0.273,4.429,4.702
4745869.55,15192,0.214,5.414,5.628
4745890.13,15194,0.135,7.895,8.03
4745956.04,15193,0.145,5.981,6.126
4746124.37,15192,0.149,8.148,8.297
4746217.26,15194,0.183,8.276,8.459
4746367.37,15193,0.16,4.156,4.316
4746442.77,15192,0.156,6.127,6.283
4746447.14,15194,0.092,6.887,6.979
4746557.78,15193,0.126,4.025,4.152
4746681.12,15192,0.313,5.729,6.041
4746723.8,15194,0.121,5.101,5.222
4746830.38,15193,0.135,4.058,4.193
4746930.72,15192,0.136,4.05,4.186
4746956.65,15194,0.252,6.022,6.274
4747146.73,15193,0.128,4.184,4.312
4747156.1,15192,0.128,3.966,4.094
4747337.91,15194,0.167,4.034,4.201
4747365.69,15193,0.117,3.928,4.044
4747475.43,15192,1.586,8.28,9.866
4747485.16,15194,0.103,6.0,6.103
4747641.66,15193,0.111,8.332,8.444
4747809.36,15192,0.137,4.139,4.275
4747968.33,15194,0.203,5.074,5.277
4748000.61,15193,0.14,8.419,8.559
4748021.34,15192,0.097,4.051,4.148
4748064.7,15194,0.115,4.46,4.574
4748164.18,15193,0.145,8.175,8.319
4748193.75,15192,0.121,5.557,5.678
4748202.35,15194,0.161,6.241,6.402
4748252.42,15193,0.208,7.167,7.375
4748290.59,15194,0.065,8.02,8.086
4748291.21,15192,0.132,9.005,9.137
4748317.43,15193,0.116,4.1,4.216
4748341.21,15194,1.273,4.071,5.345
4748459.7,15192,0.127,6.328,6.456
4748520.67,15193,0.119,3.985,4.104
4748834.73,15194,0.15,4.187,4.337
4748916.36,15192,0.132,4.152,4.284
4748927.93,15193,0.124,4.078,4.202
4748968.88,15194,0.103,4.13,4.233
4748987.97,15192,0.087,6.53,6.618
4749036.0,15193,0.124,4.105,4.229
4749138.24,15194,0.101,8.081,8.182
4749181.52,15192,0.089,7.533,7.622
4749301.49,15193,0.183,4.1,4.283
4749355.45,15194,0.136,8.021,8.157
4749363.63,15192,0.095,8.002,8.097
4749373.85,15193,0.095,4.043,4.138
4749390.22,15194,0.148,6.341,6.489
4749425.27,15192,0.163,5.637,5.8
4749466.89,15193,0.159,5.91,6.07
4749534.37,15194,0.107,4.333,4.44
4749536.83,15192,0.129,5.463,5.592
4749537.4,15193,0.057,4.066,4.123
4749589.07,15194,1.032,11.974,13.006
4749591.48,15192,0.05,9.378,9.428
4749592.83,15193,0.055,4.087,4.142
4749601.26,15194,0.068,8.038,8.106
4749640.97,15192,0.118,3.901,4.019
4749649.89,15193,0.076,6.761,6.837
4749654.48,15194,0.066,7.101,7.167
4749745.54,15192,0.101,5.135,5.236
4749772.3,15193,0.101,6.012,6.112
4749785.71,15194,0.077,8.01,8.087
4749807.31,15192,0.133,6.093,6.225
4749829.46,15193,0.128,4.096,4.224
4749910.85,15194,0.122,7.101,7.223
4749929.04,15192,0.11,4.106,4.216
4749941.26,15193,0.122,4.059,4.181
4749946.08,15194,0.096,4.038,4.134
4749955.57,15192,0.088,4.399,4.487
4749991.09,15193,0.085,3.95,4.035
4750028.58,15194,0.088,6.767,6.855
4750030.04,15192,0.06,4.632,4.692
4750077.14,15193,0.126,4.611,4.737
4750116.69,15194,0.677,15.53,16.207
4750118.78,15192,0.113,12.619,12.732
4750198.53,15193,0.209,5.089,5.299
4750210.3,15194,1.988,4.148,6.136
4750236.81,15192,0.168,6.238,6.406
4750253.26,15193,0.109,8.089,8.197
4750265.65,15194,0.082,12.159,12.24
4750267.69,15193,0.052,6.599,6.65
4750270.05,15192,2.018,12.966,14.983
4750295.2,15194,0.141,4.194,4.335
4750323.34,15193,0.127,4.042,4.169
4750343.23,15192,2.065,10.105,12.17
4750350.18,15194,0.079,15.047,15.126
4750352.65,15193,0.071,7.063,7.134
4750370.79,15193,0.045,8.972,9.016
4750372.61,15194,0.049,13.507,13.556
4750369.0,15192,0.065,11.989,12.054
4750379.2,15194,3.576,6.527,10.102
4750403.48,15192,0.108,4.312,4.42
4750412.68,15193,0.089,4.159,4.249
4750427.62,15194,0.129,4.044,4.173
4750456.14,15192,0.068,7.929,7.997
4750461.32,15193,0.054,6.784,6.838
4750465.4,15192,1.012,3.953,4.965
4750500.39,15194,0.121,3.974,4.095
4750518.87,15193,0.083,4.131,4.214
4750523.21,15192,2.065,4.193,6.259
4750534.34,15194,0.056,9.245,9.301
4750538.46,15193,0.051,6.702,6.753
4750550.17,15192,1.622,6.073,7.695
4750572.58,15194,0.066,4.06,4.126
4750694.66,15193,0.092,4.072,4.163
4750700.67,15192,0.058,5.998,6.055
4750713.2,15193,0.081,4.239,4.32
4750748.17,15194,0.125,4.278,4.402
4750769.01,15192,0.137,3.969,4.107
4750860.15,15194,1.117,5.993,7.11
4750860.26,15193,0.193,7.097,7.29
4750881.18,15192,0.165,3.96,4.125
4750892.03,15194,1.562,5.945,7.506
4750914.19,15192,1.109,4.085,5.195
4750919.98,15194,2.313,7.903,10.216
4750921.89,15192,0.051,4.013,4.065
4750924.42,15193,3.783,16.303,20.086
4751007.6,15194,0.094,7.023,7.117
4751046.21,15192,2.035,6.112,8.148
4751057.1,15193,0.105,6.679,6.783
4751093.64,15192,0.064,4.973,5.037
4751094.21,15194,0.121,7.817,7.938
4751123.72,15193,0.095,4.085,4.18
4751162.36,15192,0.084,8.883,8.967
4751165.67,15194,0.138,12.262,12.399
4751188.09,15193,0.873,4.022,4.895
4751224.4,15192,0.11,6.049,6.159
4751233.66,15193,0.057,5.538,5.595
4751236.92,15194,0.179,10.57,10.749
4751250.18,15192,1.705,8.09,9.796
4751264.64,15193,0.087,4.018,4.105
4751275.45,15194,0.059,4.034,4.093
4751283.84,15192,0.063,4.034,4.098
4751297.34,15193,0.122,4.079,4.201
4751316.47,15194,0.086,6.318,6.404
4751324.96,15192,0.087,7.946,8.033
4751339.72,15193,0.07,5.455,5.525
4751348.85,15194,0.081,4.092,4.173
4751375.87,15192,0.134,4.178,4.312
4751451.91,15193,0.172,4.001,4.173
4751459.79,15194,0.084,4.307,4.39
4751567.1,15192,0.139,3.936,4.075
4751602.53,15193,0.111,4.219,4.33
4751604.49,15194,0.063,4.27,4.333
4751615.65,15192,0.172,4.122,4.295
4751667.57,15193,0.101,4.005,4.107
4751755.69,15194,0.156,4.09,4.247
4751776.93,15192,0.112,4.301,4.412
4751845.28,15193,0.138,5.651,5.789
4751991.04,15192,0.076,7.191,7.267
4751991.31,15194,0.274,9.051,9.325
4752002.54,15193,0.23,4.297,4.527
4752051.86,15192,0.124,5.667,5.792
4752054.57,15194,0.066,4.992,5.058
4752351.02,15193,0.168,4.151,4.319
4752379.61,15192,0.109,4.113,4.222
4752474.52,15194,0.161,7.304,7.465
4752612.07,15193,0.168,4.705,4.873
4752671.28,15192,2.385,4.115,6.5
4752692.48,15194,0.119,4.771,4.89
4752712.45,15193,2.04,8.344,10.384
4752789.48,15192,0.1,3.958,4.059
4752879.95,15194,0.148,6.05,6.198
4752957.58,15193,0.135,4.16,4.295
4752963.34,15192,0.069,6.097,6.167
4753147.92,15193,0.14,6.312,6.452
4753335.67,15194,0.26,4.557,4.817
4753348.64,15192,0.116,12.005,12.12
4753446.19,15193,0.159,9.952,10.111
4753448.81,15194,0.109,10.655,10.764
4753494.53,15192,0.116,4.011,4.128
4753519.46,15193,0.113,8.0,8.114
4753520.19,15194,0.068,4.969,5.037
4753618.05,15192,1.268,8.941,10.209
4753654.98,15193,0.104,4.227,4.331
4753716.73,15194,0.107,4.099,4.206
4753764.72,15192,0.101,8.013,8.113
4753842.29,15193,0.255,7.149,7.404
4753891.08,15194,1.287,9.957,11.244
4753893.86,15192,0.12,4.407,4.528
4754033.06,15193,0.112,8.866,8.978
4754037.21,15194,0.092,7.059,7.15
4754129.18,15192,0.107,8.313,8.42
4754244.27,15193,0.222,4.039,4.261
4754254.83,15194,0.739,8.706,9.445
4754260.39,15192,0.079,8.376,8.455
4754273.89,15193,0.087,4.034,4.121
4754283.36,15194,0.113,8.18,8.293
4754371.14,15192,0.202,3.964,4.166
4754379.91,15193,0.109,4.004,4.114
4754382.1,15194,0.073,4.21,4.283
4754402.6,15192,0.102,4.019,4.121
4754462.03,15194,0.092,9.797,9.889
4754466.13,15193,2.036,16.009,18.045
4754523.02,15192,2.121,10.796,12.917
4754524.08,15194,4.818,13.943,18.761
4754539.11,15193,2.035,15.992,18.027
4754542.76,15192,2.077,14.626,16.703
4754543.92,15194,3.017,11.585,14.602
4754552.99,15193,2.626,9.955,12.582
4754596.1,15192,0.183,4.066,4.249
4754602.68,15194,0.103,3.924,4.027
4754637.06,15193,0.121,5.263,5.385
4754663.28,15192,1.535,7.139,8.673
4754672.07,15194,0.075,5.942,6.017
4754756.85,15193,0.111,6.502,6.613
4754784.23,15194,0.528,4.054,4.582
4754787.33,15192,1.639,8.209,9.848
4754809.11,15193,0.086,5.236,5.321
4754826.3,15194,0.082,4.162,4.244
4754856.1,15192,0.154,5.62,5.774
4754869.36,15193,0.092,11.173,11.265
4754870.12,15194,0.121,8.638,8.758
4754875.69,15192,2.061,7.572,9.633
4754918.46,15193,1.064,12.363,13.427
4754918.96,15194,1.317,10.609,11.926
4754922.28,15192,0.069,8.16,8.229
4754935.97,15193,0.081,4.197,4.278
4754983.14,15194,0.133,8.831,8.964
4755003.66,15192,2.4,4.581,6.981
4755018.38,15193,0.071,5.292,5.364
4755050.4,15194,0.087,4.149,4.237
4755059.64,15192,0.105,7.073,7.178
4755066.45,15193,1.639,8.333,9.972
4755101.38,15192,0.081,7.068,7.149
4755104.91,15194,0.073,4.012,4.085
4755114.12,15192,2.072,4.09,6.163
4755118.66,15193,0.081,4.119,4.199
4755156.76,15194,0.082,6.02,6.102
4755174.22,15192,0.081,5.992,6.073
4755224.5,15193,0.081,11.531,11.611
4755228.7,15194,0.061,6.601,6.662
4755264.41,15192,0.172,6.664,6.837
4755267.64,15193,0.086,5.154,5.24
4755278.73,15194,0.106,4.141,4.247
4755290.98,15192,0.094,8.435,8.529
4755296.11,15193,2.481,3.991,6.472
4755311.9,15194,0.097,4.057,4.154
4755326.57,15193,0.071,4.036,4.107
4755326.75,15192,0.083,8.087,8.17
4755335.71,15194,0.067,7.141,7.209
4755347.82,15193,0.095,4.045,4.14
4755456.21,15192,0.899,8.124,9.023
4755463.27,15194,0.084,4.068,4.152
4755466.79,15193,1.634,4.103,5.737
4755475.1,15192,0.076,7.478,7.553
4755493.21,15194,0.093,4.107,4.2
4755533.07,15193,0.085,4.114,4.199
4755544.91,15192,0.127,4.026,4.153
4755568.64,15194,0.095,3.996,4.091
4755629.96,15193,0.252,7.645,7.897
4755638.07,15192,0.067,6.679,6.746
4755640.27,15194,0.07,4.167,4.237
4755647.39,15193,0.092,5.132,5.224
4755674.2,15192,1.153,4.062,5.215
4755701.69,15194,0.078,6.257,6.334
4755716.39,15193,0.083,4.569,4.651
4755777.36,15192,0.077,3.973,4.05
4755793.54,15194,0.127,8.019,8.146
4755807.2,15193,0.06,4.095,4.155
4755876.52,15192,0.21,4.269,4.48
4755884.61,15194,0.151,3.953,4.104
4755903.24,15193,2.488,4.084,6.572
4755956.96,15192,0.111,4.256,4.367
4756213.75,15194,0.23,5.711,5.941
4756248.03,15193,0.152,5.779,5.931
4756278.16,15192,0.161,4.124,4.285
4756292.49,15194,0.109,4.11,4.219
4756364.35,15193,0.205,4.07,4.275
4756427.42,15192,0.116,4.126,4.241
4756457.85,15194,0.107,6.036,6.144
4756523.08,15193,0.092,4.986,5.079
4756616.26,15192,0.13,7.077,7.207
4756679.18,15194,0.114,3.982,4.096
4756808.11,15193,0.111,5.092,5.203
4756853.43,15192,0.117,4.154,4.271
4756946.15,15194,1.759,3.956,5.715
4756999.33,15193,0.118,6.371,6.489
4757019.42,15192,0.119,6.023,6.142
4757213.4,15194,0.173,9.275,9.447
4757374.75,15193,0.16,5.514,5.674
4757446.27,15192,0.136,6.059,6.195
4757544.42,15194,0.127,4.538,4.665
4757575.47,15193,0.162,5.591,5.753
4757776.08,15192,0.165,3.996,4.161
4757897.86,15194,1.343,3.975,5.319
4757963.26,15193,0.177,8.116,8.292
4758081.26,15192,0.146,4.43,4.576
4758122.94,15194,0.196,6.099,6.296
4758237.29,15193,0.135,4.071,4.206
4758254.13,15192,0.132,4.082,4.214
4758275.68,15194,0.126,4.475,4.601
4758286.78,15193,0.095,4.393,4.488
4758357.86,15192,2.117,5.676,7.793
4758376.71,15194,0.168,4.219,4.387
4758451.9,15193,0.111,4.096,4.207
4758500.53,15192,0.152,6.01,6.162
4758867.71,15194,0.147,7.645,7.791
4758965.87,15193,0.16,5.308,5.468
4759254.88,15192,0.151,4.108,4.259
4759429.29,15194,0.323,7.976,8.299
4759585.51,15193,0.143,4.013,4.155
4759655.92,15192,0.119,6.106,6.224
4759757.32,15194,0.126,4.023,4.148
4759816.25,15193,0.154,4.178,4.332
4759961.38,15192,0.233,4.12,4.353
4759984.14,15194,0.171,4.026,4.197
4760058.95,15193,0.128,6.751,6.878
4760200.54,15192,0.196,6.588,6.784
4760286.64,15194,0.279,4.09,4.369
4760299.78,15193,0.125,6.072,6.197
4760337.15,15192,0.214,6.051,6.264
4760358.13,15194,0.098,7.976,8.074
4760400.84,15193,0.128,4.068,4.196
4760733.23,15192,0.163,3.979,4.143
4760871.44,15194,0.144,4.204,4.348
4760885.18,15193,0.091,8.04,8.13
4760918.91,15192,0.139,4.128,4.267
4760939.27,15194,0.207,4.249,4.456
4760997.26,15193,0.179,4.255,4.434
4761090.65,15192,0.128,4.968,5.096
4761245.07,15194,0.161,6.055,6.216
4761311.17,15193,0.149,7.169,7.318
4761325.96,15192,0.172,6.094,6.266
4761505.29,15194,0.169,9.147,9.316
4761541.72,15193,0.129,4.098,4.226
4761549.49,15192,0.069,8.366,8.435
4761601.88,15193,0.141,4.41,4.551
4761664.19,15194,0.136,6.038,6.174
4761741.91,15192,0.117,4.05,4.168
4761797.99,15193,0.107,7.747,7.854
4761851.73,15194,0.103,7.297,7.399
4761924.91,15192,0.116,5.129,5.246
4761956.97,15193,0.572,11.78,12.352
4761998.35,15194,0.133,4.375,4.508
4762099.16,15192,1.048,8.037,9.085
4762252.54,15193,0.211,9.868,10.079
4762279.32,15194,6.156,12.116,18.272
4762317.35,15192,0.19,4.05,4.24
4762585.57,15193,0.139,11.312,11.451
4762639.43,15194,0.158,4.253,4.411
4762667.14,15192,0.114,4.109,4.223
4762710.07,15193,0.101,4.154,4.255
4762784.73,15194,1.643,4.027,5.669
4762809.07,15192,0.261,4.198,4.459
4762816.22,15193,0.093,4.069,4.161
4762856.18,15194,0.09,9.285,9.376
4762875.74,15192,0.077,6.974,7.051
4762886.11,15193,0.082,4.153,4.236
4762934.76,15192,0.075,4.214,4.289
4762934.83,15194,0.573,8.2,8.773
4762988.26,15193,0.088,8.127,8.215
4763031.52,15192,0.102,4.125,4.227
4763056.19,15194,0.187,8.499,8.685
4763061.79,15193,0.941,8.743,9.684
4763074.07,15192,0.068,12.1,12.169
4763074.66,15194,0.051,8.557,8.608
4763085.59,15193,0.065,9.048,9.113
4763089.41,15192,0.051,8.321,8.371
4763106.08,15194,0.48,4.113,4.593
4763112.81,15193,0.096,4.168,4.263
4763118.99,15192,0.074,3.938,4.012
4763149.06,15194,0.095,3.99,4.085
4763193.11,15192,0.081,6.956,7.037
4763195.13,15193,1.177,10.017,11.194
4763207.22,15194,0.136,4.479,4.615
4763246.93,15193,0.077,6.106,6.182
4763247.79,15192,0.239,10.492,10.731
4763267.85,15194,0.128,4.167,4.295
4763290.63,15193,1.677,4.377,6.054
4763331.16,15192,0.114,8.077,8.191
4763352.8,15193,0.066,4.097,4.163
4763353.15,15194,0.097,6.618,6.715
4763396.14,15192,0.109,10.013,10.122
4763399.62,15193,2.214,7.525,9.74
4763418.6,15194,0.096,4.85,4.946
4763436.14,15192,0.077,4.014,4.091
4763443.22,15193,0.058,7.979,8.037
4763444.5,15192,0.082,4.059,4.141
4763450.94,15194,0.077,7.571,7.648
4763485.07,15192,1.379,8.01,9.389
4763501.09,15193,0.093,4.186,4.279
4763505.87,15194,0.061,6.037,6.098
4763518.38,15193,0.089,7.99,8.079
4763520.08,15192,0.068,4.358,4.427
4763544.29,15194,0.074,4.09,4.164
4763557.36,15193,2.131,6.19,8.322
4763560.96,15192,0.058,5.991,6.049
4763580.83,15194,0.079,7.822,7.901
4763649.57,15193,0.1,7.477,7.577
4763656.03,15194,0.047,7.806,7.853
4763658.6,15192,0.071,12.114,12.186
4763660.17,15193,0.062,4.008,4.07
4763668.52,15194,0.045,10.702,10.747
4763670.3,15192,0.043,11.597,11.64
4763682.58,15192,0.059,3.994,4.052
4763685.23,15193,0.107,7.06,7.167
4763742.83,15194,0.094,5.068,5.161
4763790.73,15192,0.096,4.13,4.226
4763817.78,15193,0.088,4.037,4.126
4763862.14,15194,2.063,8.026,10.089
4763889.03,15192,0.075,6.141,6.216
4763889.22,15193,0.063,4.108,4.17
4763897.15,15194,0.057,6.057,6.114
4763912.68,15192,0.065,5.044,5.109
4763964.89,15193,0.097,4.045,4.141
4763977.18,15194,0.083,4.046,4.129
4764012.65,15192,2.114,8.411,10.525
4764037.57,15193,0.195,4.05,4.245
4764039.07,15194,0.076,4.416,4.491
4764068.92,15192,0.104,4.325,4.429
4764081.96,15193,2.787,6.875,9.662
4764103.37,15194,0.089,4.085,4.174
4764127.53,15192,0.062,4.118,4.18
4764129.08,15193,0.053,3.983,4.036
4764165.45,15194,0.08,11.66,11.739
4764167.08,15192,0.054,9.967,10.021
4764179.62,15193,0.068,7.049,7.117
4764185.74,15194,0.065,4.162,4.227
4764194.37,15192,0.098,3.994,4.093
4764235.88,15193,0.092,10.679,10.771
4764248.5,15194,2.339,7.354,9.694
4764257.45,15192,0.095,8.041,8.136
4764333.61,15193,0.138,11.004,11.142
4764336.33,15194,0.066,11.101,11.168
4764340.71,15192,2.047,7.601,9.648
4764377.48,15193,1.149,7.405,8.554
4764401.2,15194,0.084,8.062,8.146
4764639.16,15192,1.614,5.967,7.581
4764647.03,15193,0.083,5.53,5.613
4764649.64,15194,0.106,4.189,4.295
4764656.75,15192,0.129,4.012,4.14
4764688.29,15194,0.058,8.051,8.109
4764688.4,15193,0.096,11.264,11.36
4764739.48,15192,0.171,4.609,4.78
4764874.27,15194,0.189,4.311,4.5
4764932.27,15193,2.04,8.147,10.187
4764951.73,15192,0.127,5.528,5.655
4765028.37,15193,0.063,8.166,8.229
4765030.31,15194,0.101,12.033,12.135
4765079.5,15192,0.219,6.515,6.734
4765265.51,15193,0.201,7.455,7.656
4765286.07,15194,0.124,4.146,4.27
4765308.3,15192,2.1,4.149,6.249
4765345.44,15193,0.182,4.561,4.743
4765384.14,15194,1.569,3.981,5.549
4765403.59,15192,0.09,4.005,4.095
4765552.42,15193,0.137,7.216,7.353
4765684.07,15194,0.104,6.04,6.144
4765695.06,15192,0.142,8.174,8.316
4765725.32,15193,0.109,4.07,4.179
4765773.35,15194,0.1,8.089,8.189
4765844.42,15192,0.118,6.496,6.614
4765849.08,15193,0.062,10.641,10.703
4765851.5,15194,0.061,7.085,7.146
4765900.18,15192,0.855,8.087,8.942
4765937.71,15193,0.116,6.002,6.118
4765993.5,15194,0.126,6.423,6.549
4766101.17,15192,3.049,7.034,10.083
4766112.17,15193,0.185,4.037,4.222
4766141.96,15194,0.881,4.168,5.049
4766251.53,15192,0.196,4.075,4.271
4766365.23,15193,0.188,4.1,4.288
4766413.34,15194,0.141,4.079,4.22
4766423.11,15192,0.13,7.955,8.085
4766423.38,15193,0.06,6.244,6.304
4766503.9,15194,0.095,4.025,4.12
4766550.54,15192,0.082,4.278,4.36
4766602.32,15193,0.158,4.089,4.247
4766643.06,15194,0.096,4.799,4.896
4766647.47,15192,0.483,4.262,4.745
4766670.31,15193,0.095,4.023,4.117
4766769.24,15194,0.093,7.081,7.175
4766848.38,15192,0.12,5.008,5.128
4766856.52,15193,0.134,6.084,6.219
4766895.39,15194,0.102,4.125,4.227
4766914.59,15192,0.088,7.283,7.371
4766987.84,15193,0.1,6.167,6.267
4767057.9,15194,0.107,8.034,8.141
4767290.66,15192,0.165,6.143,6.308
4767308.2,15193,0.128,5.17,5.298
4767331.68,15194,0.107,6.062,6.169
4767360.71,15192,0.08,3.98,4.06
4767376.8,15193,0.13,4.145,4.275
4767600.36,15194,0.142,5.016,5.159
4767625.62,15192,0.107,7.146,7.254
4767635.6,15193,0.082,4.121,4.203
4767730.66,15194,0.114,7.026,7.139
4767918.92,15192,0.15,6.088,6.238
4768032.22,15193,0.118,4.037,4.156
4768058.33,15194,0.107,4.467,4.574
4768158.43,15192,0.172,6.062,6.234
4768246.37,15193,1.32,4.66,5.98
4768250.92,15194,0.169,4.222,4.391
4768546.27,15192,0.167,5.97,6.137
4768555.36,15193,0.106,4.188,4.294
4768663.24,15194,0.135,7.016,7.15
4768847.3,15192,0.143,8.855,8.998
4768924.63,15193,0.166,5.364,5.53
4768990.87,15194,0.207,4.174,4.382
4769014.25,15192,0.122,8.045,8.167
4769123.8,15193,0.197,8.103,8.3
4769178.62,15194,0.247,6.436,6.683
4769216.08,15192,0.137,4.039,4.175
4769232.96,15193,0.133,4.064,4.197
4769247.09,15194,0.077,7.531,7.608
4769250.53,15192,0.056,8.866,8.922
4769252.84,15193,1.211,5.585,6.796
4769329.97,15194,0.159,4.218,4.376
4769373.75,15192,0.144,5.387,5.531
4769453.48,15193,1.474,7.294,8.769
4769539.44,15194,0.199,4.069,4.268
4769587.2,15192,0.157,5.998,6.155
4769672.78,15193,0.091,4.006,4.097
4769718.38,15194,0.125,7.073,7.197
4769754.93,15192,0.111,8.132,8.243
4769763.71,15193,0.105,7.438,7.543
4769765.59,15194,0.053,7.978,8.031
4769848.12,15192,0.439,7.968,8.407
4769893.72,15193,0.132,4.1,4.232
4769962.37,15194,0.16,4.093,4.253
4769982.93,15192,0.29,7.117,7.406
4769985.26,15193,0.11,6.037,6.148
4770008.53,15194,0.108,6.423,6.532
4770089.57,15192,0.194,6.187,6.381
4770111.2,15193,2.835,7.097,9.932
4770128.93,15194,0.118,4.134,4.252
4770186.64,15192,0.206,7.323,7.529
4770255.2,15193,0.114,7.995,8.108
4770303.93,15194,0.162,4.101,4.263
4770645.07,15192,0.163,4.321,4.483
4770677.1,15193,0.124,4.089,4.214
4770687.41,15192,0.065,5.708,5.773
4770688.82,15193,0.111,4.531,4.642
4770690.12,15194,0.136,8.548,8.684
4770767.94,15193,0.105,6.654,6.759
4770778.14,15192,3.41,9.995,13.405
4770806.07,15194,0.091,3.913,4.003
4770984.47,15193,0.136,4.953,5.089
4771130.37,15192,1.553,4.187,5.74
4771351.18,15194,0.146,4.405,4.551
4771360.38,15193,0.115,8.602,8.717
4771367.12,15192,0.1,4.119,4.219
4771389.16,15193,0.571,3.945,4.516
4771393.4,15194,1.55,8.269,9.819
4771519.82,15192,0.094,4.004,4.098
4771584.15,15194,0.66,3.999,4.658
4771588.11,15193,3.129,8.011,11.14
4771627.6,15192,0.108,8.304,8.412
4771676.11,15194,0.092,4.223,4.314
4771678.98,15193,0.083,4.014,4.097
4771709.35,15192,0.076,5.228,5.304
4771788.88,15194,0.102,4.015,4.117
4771793.88,15193,0.107,4.023,4.131
4771800.88,15192,0.11,5.101,5.211
4771807.11,15194,1.02,4.051,5.071
4771843.34,15193,0.084,7.498,7.582
4771864.02,15192,0.147,3.956,4.102
4771869.76,15194,0.084,4.154,4.238
4771873.65,15193,0.063,5.328,5.391
4771896.64,15192,0.073,4.122,4.195
4771953.17,15194,0.078,4.327,4.406
4771957.94,15193,0.074,4.22,4.294
4771974.9,15192,0.076,4.122,4.198
4772019.85,15194,0.107,4.145,4.252
4772031.3,15193,0.576,5.696,6.272
4772033.68,15192,0.057,4.313,4.37
4772045.06,15194,0.076,7.097,7.173
4772087.08,15193,2.027,9.007,11.034
4772087.16,15192,3.035,5.033,8.068
4772095.27,15194,0.074,4.042,4.117
4772133.54,15193,0.105,4.048,4.154
4772161.92,15192,0.354,6.1,6.454
4772192.54,15194,0.079,4.057,4.136
4772199.14,15192,0.523,6.01,6.533
4772201.11,15193,1.407,8.035,9.442
4772214.04,15194,0.102,4.164,4.266
4772224.02,15192,0.058,4.035,4.092
4772240.04,15193,0.083,6.963,7.047
4772251.7,15194,0.082,4.001,4.083
4772269.12,15192,0.073,4.117,4.19
4772281.91,15194,0.084,5.038,5.122
4772282.3,15193,0.07,9.865,9.935
4772317.22,15192,1.047,8.086,9.133
4772329.77,15193,0.152,4.124,4.276
4772340.2,15194,0.104,4.037,4.141
4772362.47,15192,0.158,5.755,5.914
4772366.75,15193,0.102,4.036,4.138
4772400.21,15194,0.09,4.065,4.155
4772446.14,15192,0.127,4.509,4.636
4772461.61,15193,0.092,8.099,8.191
4772528.52,15194,0.117,4.002,4.119
4772545.19,15192,1.523,10.069,11.592
4772548.62,15193,0.062,6.409,6.471
4772558.38,15194,0.079,8.043,8.122
4772565.21,15192,0.095,4.012,4.108
4772579.19,15193,1.716,6.987,8.704
4772589.31,15194,0.063,4.089,4.152
4772594.09,15192,0.065,4.062,4.127
4772598.75,15193,0.077,4.633,4.71
4772607.55,15192,0.082,4.004,4.086
4772629.86,15194,0.072,5.974,6.046
4772644.33,15193,0.068,3.985,4.052
4772700.86,15192,0.082,6.73,6.812
4772739.73,15194,0.086,3.944,4.03
4772744.08,15193,0.06,4.077,4.137
4772759.27,15192,0.11,7.515,7.624
4772764.01,15194,1.735,8.569,10.304
4772764.31,15193,0.05,7.123,7.173
4772784.49,15192,0.074,9.022,9.096
4772790.13,15193,0.077,8.019,8.096
4772823.46,15194,0.082,4.02,4.102
4772844.2,15192,0.144,6.008,6.152
4772890.08,15193,0.131,4.028,4.159
4772944.65,15194,0.09,6.355,6.445
4772954.79,15192,0.123,4.099,4.221
4772983.41,15193,0.073,9.333,9.406
4772989.11,15194,0.953,8.019,8.971
4772989.3,15192,1.589,4.24,5.83
4773001.26,15193,0.091,6.111,6.202
4773056.23,15194,0.316,4.198,4.513
4773093.08,15192,2.303,7.977,10.28
4773116.99,15193,0.101,4.021,4.122
4773127.02,15194,0.184,4.209,4.394
4773141.43,15192,0.101,4.15,4.251
4773146.51,15194,0.072,4.081,4.153
4773149.45,15193,0.058,8.068,8.126
4773152.96,15192,0.059,6.07,6.13
4773197.31,15194,0.078,4.002,4.081
4773214.45,15193,0.289,4.424,4.713
4773236.54,15192,0.096,8.386,8.481
4773244.82,15194,0.1,5.088,5.188
4773259.19,15193,0.084,7.041,7.124
4773264.01,15192,2.026,4.935,6.96
4773280.51,15193,0.087,4.042,4.129
4773296.03,15194,0.096,4.127,4.223
4773296.25,15192,1.922,4.154,6.076
4773329.18,15193,1.029,9.077,10.106
4773368.53,15194,0.143,8.157,8.3
4773368.84,15192,1.389,6.711,8.101
4773380.76,15193,0.118,7.171,7.288
4773382.97,15194,1.848,4.908,6.756
4773458.91,15192,0.105,4.275,4.38
4773490.12,15193,0.091,4.008,4.099
4773510.36,15194,0.094,6.115,6.209
4773512.44,15192,0.051,4.352,4.403
4773551.56,15193,0.088,7.963,8.051
4773566.15,15194,0.086,10.348,10.435
4773569.52,15192,0.062,5.416,5.478
4773682.61,15193,0.334,4.23,4.564
4773733.75,15194,0.116,4.333,4.449
4773824.14,15192,0.122,4.091,4.213
4773942.92,15193,0.114,4.303,4.416
4773974.49,15194,0.099,12.335,12.434
4773988.11,15192,0.09,7.952,8.042
4774000.42,15193,0.066,8.132,8.198
4774126.19,15194,0.138,4.201,4.339
4774130.99,15192,0.178,4.066,4.243
4774305.25,15193,0.246,8.138,8.384
4774381.2,15194,0.174,3.932,4.106
4774528.74,15192,0.141,4.062,4.204
4774534.1,15193,0.099,5.098,5.198
4774581.24,15194,2.081,8.075,10.156
4774612.13,15192,0.095,4.121,4.216
4774641.88,15193,0.113,4.311,4.424
4774807.95,15194,0.26,5.79,6.05
4774868.69,15192,0.795,5.566,6.361
4774889.51,15193,0.201,5.117,5.318
4774938.15,15194,2.3,3.993,6.293
4774947.16,15192,0.096,4.072,4.168
4774963.75,15193,0.104,4.195,4.299
4775031.26,15194,0.567,4.154,4.722
4775035.97,15192,0.131,3.986,4.117
4775071.32,15193,0.977,4.183,5.16
4775094.66,15194,0.638,4.493,5.131
4775118.61,15192,0.137,5.938,6.075
4775122.1,15193,0.095,5.891,5.986
4775147.78,15194,0.065,8.67,8.735
4775170.15,15192,0.148,4.067,4.215
4775383.1,15193,0.157,4.224,4.38
4775462.08,15194,0.135,7.595,7.729
4775464.47,15192,0.088,4.178,4.266
4775517.7,15193,0.102,8.205,8.307
4775569.66,15194,0.096,4.094,4.19
4775588.76,15193,0.06,6.039,6.099
4775589.01,15192,0.082,6.886,6.968
4775735.44,15194,0.164,4.102,4.266
4775836.08,15193,0.105,5.889,5.993
4775935.07,15192,0.145,8.064,8.209
4776040.65,15194,0.129,5.061,5.19
4776173.03,15193,0.359,3.958,4.318
4776216.27,15192,0.165,4.161,4.327
4776221.19,15194,0.082,7.048,7.131
4776245.85,15193,2.237,6.72,8.957
4776248.35,15192,0.06,4.943,5.004
4776286.4,15194,0.148,6.396,6.544
4776308.47,15193,2.389,8.269,10.658
4776348.02,15192,0.137,5.01,5.147
4776351.75,15194,0.072,4.625,4.697
4776385.46,15192,0.37,10.37,10.74
4776385.7,15193,0.638,7.607,8.245
4776417.28,15194,0.077,4.085,4.162
4776467.78,15192,0.14,7.895,8.035
4776468.04,15193,1.065,5.828,6.894
4776507.88,15194,0.103,4.584,4.687
4776546.51,15192,0.103,4.108,4.211
4776624.19,15193,0.106,4.335,4.44
4776643.28,15194,0.09,8.121,8.211
4776680.72,15192,0.089,4.882,4.971
4776686.89,15193,0.166,9.102,9.268
4776691.12,15194,0.061,10.01,10.072
4776695.88,15192,0.066,4.02,4.086
4776701.96,15193,0.061,5.983,6.044
4776722.47,15194,0.082,6.736,6.817
4776724.57,15192,0.085,3.967,4.052
4776728.98,15193,0.064,6.03,6.094
4776772.25,15192,0.117,4.016,4.133
4776804.22,15194,0.071,6.101,6.172
4776809.1,15193,0.058,4.104,4.162
4776814.4,15192,0.066,4.153,4.219
4776837.11,15194,0.066,4.059,4.124
4776845.5,15193,0.077,6.128,6.204
4776910.21,15192,0.077,3.975,4.052
4776946.22,15194,0.097,4.056,4.153
4776954.43,15193,0.152,4.544,4.696
4776969.74,15192,0.078,4.209,4.287
4777015.34,15194,0.083,5.207,5.29
4777018.15,15193,0.059,4.961,5.02
4777052.03,15192,0.069,5.025,5.094
4777106.31,15194,0.197,4.134,4.331
4777116.52,15193,0.155,4.187,4.343
4777203.37,15192,0.13,8.156,8.286
4777219.9,15194,0.506,8.083,8.589
4777226.26,15193,0.091,6.193,6.283
4777248.76,15192,1.926,5.673,7.599
4777273.91,15194,0.098,4.104,4.202
4777301.46,15192,0.077,11.048,11.125
4777301.73,15193,0.296,15.58,15.876
4777378.4,15194,1.045,7.088,8.133
4777426.94,15192,0.178,4.032,4.21
4777458.43,15193,0.152,4.735,4.887
4777494.99,15194,2.044,3.879,5.923
4777505.29,15192,0.09,12.147,12.237
4777507.1,15194,0.056,4.113,4.17
4777509.34,15193,0.072,10.894,10.966
4777513.45,15194,0.054,3.998,4.052
4777513.86,15192,0.049,8.415,8.464
4777527.11,15193,0.077,4.148,4.225
4777533.27,15194,0.057,8.069,8.126
4777534.82,15192,0.065,4.086,4.151
4777547.06,15193,0.08,4.142,4.222
4777559.38,15194,0.793,4.317,5.11
4777580.42,15192,0.074,5.132,5.207
4777586.79,15193,0.07,5.071,5.142
4777641.43,15194,0.11,8.17,8.28
4777643.06,15192,0.073,6.956,7.029
4777647.16,15194,0.09,4.033,4.123
4777647.6,15193,0.058,8.365,8.423
4777706.86,15192,0.121,4.31,4.431
4777737.47,15194,0.109,4.099,4.208
4777739.68,15193,0.071,6.131,6.202
4777743.25,15192,0.11,5.688,5.798
4777771.16,15194,0.1,4.037,4.137
4777782.68,15193,0.081,4.992,5.072
4777786.27,15192,0.061,6.032,6.093
4777802.53,15194,0.092,4.699,4.79
4777827.72,15193,0.084,5.983,6.066
4777827.92,15192,0.052,4.327,4.379
4777851.73,15194,0.067,7.128,7.195
4777884.13,15192,0.08,4.122,4.201
4777914.73,15193,0.106,4.107,4.214
4777945.33,15194,0.081,4.166,4.248
4778051.82,15192,0.103,4.003,4.106
4778119.42,15193,0.108,6.055,6.163
4778143.21,15194,0.093,5.176,5.269
4778148.15,15192,0.058,6.137,6.194
4778175.71,15193,0.083,6.227,6.31
4778214.65,15194,0.106,4.152,4.258
4778285.66,15192,0.153,4.208,4.361
4778316.04,15193,0.118,4.303,4.421
4778345.92,15194,0.131,4.132,4.263
4778398.5,15192,0.119,4.024,4.142
4778438.51,15193,0.114,4.139,4.253
4778458.98,15194,0.093,4.101,4.194
4778490.46,15192,0.102,7.296,7.398
4778507.85,15193,0.075,11.727,11.802
4778508.57,15194,0.058,8.062,8.12
4778521.46,15192,0.083,4.007,4.09
4778555.14,15193,1.482,4.03,5.513
4778578.18,15194,0.11,12.241,12.352
4778601.78,15192,0.152,3.936,4.088
4778622.03,15193,0.073,4.008,4.081
4778626.54,15194,0.114,4.136,4.25
4778759.31,15192,0.083,6.041,6.124
4778759.71,15193,0.153,8.533,8.686
4778771.32,15194,0.092,3.99,4.082
4778786.63,15192,0.094,4.183,4.276
4778803.18,15193,1.056,8.065,9.121
4778832.72,15194,0.089,4.584,4.673
4778961.01,15192,0.105,5.993,6.098
4778973.52,15193,0.749,4.389,5.139
4779006.59,15194,0.093,4.107,4.2
4779023.48,15192,0.112,4.068,4.18
4779051.07,15193,0.078,10.235,10.312
4779055.36,15194,0.07,10.239,10.309
4779090.8,15192,0.08,3.974,4.053
4779131.45,15193,0.08,6.08,6.16
4779135.69,15194,0.728,4.063,4.792
4779158.2,15192,0.064,4.136,4.199
4779167.98,15193,0.069,5.585,5.654
4779212.17,15194,0.085,4.034,4.118
4779230.25,15192,0.068,7.421,7.489
4779235.97,15193,1.025,3.904,4.93
4779279.08,15194,0.072,6.286,6.359
4779280.59,15192,0.087,5.274,5.361
4779291.07,15193,0.132,6.043,6.176
4779354.36,15194,0.16,8.11,8.269
4779374.07,15192,2.418,6.0,8.418
4779516.56,15193,0.146,8.105,8.251
4779520.44,15194,0.089,10.278,10.367
4779551.06,15192,0.104,7.975,8.078
4779551.28,15193,0.084,6.113,6.197
4779551.31,15194,0.065,4.014,4.078
4779576.55,15192,0.12,4.083,4.202
4779593.24,15193,2.141,6.105,8.245
4779604.93,15194,0.074,5.019,5.093
4779618.56,15192,0.084,6.316,6.4
4779626.32,15193,0.066,4.195,4.262
4779659.33,15194,0.134,5.033,5.167
4779686.31,15192,0.087,5.005,5.092
4779700.72,15193,0.06,7.387,7.447
4779714.95,15194,0.096,4.383,4.479
4779770.19,15192,0.079,7.926,8.005
4779770.74,15193,0.078,7.727,7.804
4779829.5,15194,0.088,6.104,6.192
4779863.13,15192,0.127,6.037,6.164
4779878.65,15193,0.081,9.168,9.249
4779902.2,15194,0.104,4.045,4.149
4779930.11,15192,0.143,4.018,4.161
4779941.85,15193,0.084,4.281,4.365
4779951.66,15194,0.065,5.136,5.201
4779982.94,15192,0.964,7.802,8.766
4780002.79,15193,0.078,6.089,6.167
4780006.6,15194,0.188,5.337,5.525
4780014.77,15193,2.52,10.62,13.14
4780015.84,15194,0.068,3.995,4.063
4780016.67,15192,0.77,4.863,5.632
4780043.56,15193,0.17,5.541,5.711
4780069.53,15194,4.182,11.429,15.611
4780078.04,15192,0.09,7.782,7.872
4780101.29,15194,1.966,5.111,7.078
4780106.84,15193,1.079,5.456,6.535
4780128.18,15192,0.092,4.559,4.651
4780138.66,15194,0.106,10.256,10.363
4780159.46,15193,1.441,12.115,13.555
4780168.2,15192,0.662,8.386,9.048
4780202.07,15193,0.263,4.096,4.359
4780220.99,15194,0.25,4.12,4.369
4780272.12,15192,2.511,3.946,6.456
4780336.27,15193,0.201,11.023,11.224
4780345.72,15192,0.097,3.948,4.046
4780348.04,15194,0.124,9.066,9.19
4780366.32,15193,0.123,13.168,13.291
4780419.24,15192,0.202,4.183,4.385
4780435.6,15194,0.115,10.61,10.724
4780473.82,15193,0.108,4.192,4.3
4780481.73,15192,0.064,8.492,8.555
4780498.14,15194,0.084,4.119,4.203
4780518.9,15193,0.104,7.534,7.638
4780554.08,15192,1.552,7.991,9.542
4780595.61,15194,0.132,11.157,11.288
4780596.43,15193,0.06,10.224,10.284
4780603.15,15192,0.058,8.047,8.105
4780626.27,15194,0.081,9.93,10.012
4780637.82,15193,0.088,4.372,4.46
4780643.09,15192,1.202,6.02,7.222
4780646.77,15194,0.071,4.112,4.183
4780687.1,15192,0.083,7.006,7.089
4780691.57,15193,0.063,9.178,9.241
4780696.26,15194,0.056,8.618,8.675
4780741.73,15192,0.085,4.15,4.234
4780750.12,15193,0.065,4.123,4.188
4780752.65,15194,0.059,5.188,5.247
4780766.24,15192,0.062,7.019,7.081
4780779.54,15193,0.055,8.134,8.189
4780827.9,15194,0.104,4.442,4.546
4780835.42,15193,0.072,4.204,4.276
4780836.42,15192,0.093,8.162,8.255
4780856.63,15194,0.077,9.205,9.282
4780863.68,15193,0.063,6.031,6.094
4780916.52,15192,0.095,8.147,8.243
4780916.75,15194,1.177,6.673,7.851
4781018.53,15193,0.098,8.013,8.111
4781087.36,15192,0.13,12.158,12.288
4781102.76,15194,0.109,11.584,11.693
4781103.35,15193,0.057,7.834,7.89
4781116.31,15192,0.071,6.188,6.259
4781134.23,15194,0.091,4.205,4.296
4781145.28,15193,0.094,4.025,4.119
4781153.1,15192,0.115,4.12,4.235
4781168.76,15194,0.127,5.69,5.817
4781185.13,15193,0.075,8.014,8.089
4781219.12,15192,0.087,3.991,4.078
4781264.07,15194,0.097,9.238,9.334
4781273.52,15193,0.069,6.14,6.209
4781285.18,15192,0.071,7.06,7.132
4781338.93,15194,0.228,4.489,4.717
4781344.87,15193,0.091,8.692,8.783
4781389.96,15192,0.17,4.952,5.123
4781459.77,15194,0.142,3.985,4.127
4781490.15,15193,0.132,5.172,5.304
4781551.38,15192,0.17,12.007,12.177
4781572.28,15194,0.138,7.957,8.095
4781581.32,15193,0.11,6.338,6.447
4781594.14,15192,0.09,4.491,4.58
4781627.09,15194,0.102,4.018,4.121
4781646.12,15193,0.08,7.982,8.061
4781658.13,15192,0.076,7.987,8.063
4781667.09,15194,0.061,3.98,4.041
4781672.77,15193,0.069,4.045,4.114
4781720.59,15192,0.094,8.331,8.425
4781763.68,15194,0.088,4.067,4.155
4781775.51,15193,0.09,4.106,4.196
4781786.87,15192,0.138,4.026,4.164
4781801.69,15194,0.059,6.034,6.092
4781850.37,15193,0.09,4.076,4.166
4781857.0,15192,0.089,5.068,5.157
4781896.99,15194,0.077,6.021,6.099
4781909.27,15193,0.061,5.014,5.074
4781917.22,15192,0.071,8.111,8.183
4781923.09,15194,0.082,4.048,4.13
4781944.7,15193,0.073,9.516,9.589
4782061.2,15192,0.089,4.049,4.137
4782083.77,15194,0.121,4.168,4.288
4782169.37,15193,0.212,4.189,4.401
4782178.81,15192,0.118,4.144,4.262
4782213.3,15194,2.249,4.154,6.403
4782344.63,15193,0.167,4.097,4.264
4782467.86,15192,0.17,4.13,4.299
4782535.45,15194,0.142,4.029,4.172
4782541.27,15193,0.07,4.084,4.154
4782555.25,15192,0.101,3.994,4.095
4782734.44,15194,0.152,6.108,6.26
4783454.39,15193,2.113,13.224,15.337
4783479.18,15192,0.138,6.052,6.189
4783499.82,15194,0.114,6.036,6.15
4783599.34,15193,0.134,6.13,6.263
4783636.64,15192,0.128,4.159,4.286
4783664.39,15194,0.103,8.219,8.321
4783775.59,15193,0.111,4.021,4.132
4784023.81,15192,0.163,4.102,4.266
4784187.6,15194,0.188,4.102,4.29
4784216.86,15193,0.131,6.092,6.224
4784275.7,15192,0.159,4.048,4.208
4784328.28,15194,0.131,8.061,8.192
4784385.64,15193,0.203,3.971,4.174
4784446.77,15192,3.047,7.643,10.69
4784491.1,15194,0.144,4.114,4.259
4784494.29,15193,0.099,6.83,6.928
4784499.85,15192,0.132,4.238,4.37
4784536.53,15194,0.152,6.13,6.282
4784548.33,15193,0.063,4.085,4.148
4784565.9,15192,0.101,3.993,4.093
4784591.25,15194,0.081,6.118,6.199
4784611.26,15193,0.086,9.121,9.207
4784611.69,15192,0.059,5.464,5.523
4784675.04,15194,0.136,6.11,6.246
4784677.08,15193,0.065,9.974,10.039
4784768.47,15192,0.115,8.512,8.627
4784772.75,15194,0.062,8.64,8.702
4784780.13,15193,0.069,4.016,4.085
4784798.9,15194,0.057,4.113,4.17
4784800.94,15192,0.092,8.396,8.489
4784869.12,15193,0.109,4.145,4.253
4784987.21,15192,0.129,6.007,6.137
4785000.31,15194,0.091,7.855,7.946
4785026.77,15193,0.095,10.19,10.285
4785046.42,15192,0.09,4.122,4.213
4785065.72,15194,0.109,4.752,4.861
4785100.06,15193,0.849,11.974,12.823
4785115.33,15192,0.073,6.216,6.289
4785119.17,15194,0.07,8.048,8.118
4785142.41,15193,0.083,7.033,7.116
4785149.28,15192,0.067,6.167,6.234
4785155.59,15194,0.075,4.108,4.183
4785175.06,15193,0.071,7.985,8.056
4785183.63,15192,0.062,4.038,4.1
4785192.71,15194,0.064,6.02,6.084
4785200.46,15193,0.058,4.364,4.422
4785233.86,15192,0.093,4.033,4.125
4785278.18,15194,2.016,8.107,10.123
4785289.75,15193,0.066,5.98,6.046
4785302.68,15192,0.06,3.885,3.945
4785339.37,15194,0.161,7.119,7.279
4785366.23,15193,0.131,7.004,7.135
4785370.4,15192,0.084,4.065,4.149
4785376.63,15194,0.078,8.115,8.192
4785390.61,15193,0.202,5.122,5.324
4785461.3,15192,0.148,5.131,5.279
4785464.31,15194,0.964,5.196,6.16
4785495.46,15193,0.098,12.031,12.13
4785497.38,15192,0.079,8.022,8.101
4785509.37,15194,0.061,5.502,5.564
4785527.92,15193,0.1,7.167,7.267
4785532.56,15192,0.065,4.147,4.211
4785560.53,15194,0.091,3.971,4.062
4785579.17,15193,0.072,6.041,6.113
4785611.78,15192,0.114,4.645,4.759
4785618.1,15194,0.089,4.162,4.251
4785623.85,15193,0.071,7.441,7.512
4785625.35,15192,0.067,4.036,4.103
4785662.3,15194,0.093,7.166,7.259
4785677.78,15193,0.115,4.174,4.29
4785691.21,15192,1.529,4.08,5.609
4785709.44,15194,0.099,4.053,4.152
4785710.43,15193,0.089,4.107,4.196
4785724.49,15192,0.095,6.025,6.12
4785746.1,15194,4.422,6.034,10.456
4785773.41,15193,0.08,4.103,4.183
4785809.77,15192,0.088,7.283,7.371
4785820.65,15193,0.063,6.413,6.477
4785826.18,15194,0.086,13.053,13.139
4785826.23,15192,0.047,6.012,6.059
4785853.79,15193,0.12,4.039,4.159
4785858.82,15193,0.068,4.054,4.123
4785859.14,15194,0.057,6.93,6.988
4785881.65,15192,0.08,4.041,4.121
4785890.64,15193,0.066,7.033,7.099
4785904.15,15194,0.079,8.024,8.103
4785912.99,15192,0.063,5.68,5.743
4785938.23,15193,0.091,4.023,4.114
4785989.4,15194,0.127,6.007,6.135
4786021.25,15192,0.096,9.009,9.105
4786026.32,15193,0.085,7.176,7.261
4786038.96,15194,0.092,5.528,5.62
4786049.14,15192,0.099,6.228,6.327
4786064.08,15193,0.098,7.925,8.024
4786119.29,15194,0.185,4.051,4.236
4786130.62,15192,0.139,4.33,4.469
4786141.79,15193,0.104,4.166,4.27
4786144.12,15194,0.916,4.048,4.964
4786168.16,15193,0.088,4.056,4.144
4786189.81,15192,0.068,3.973,4.042
4786236.96,15194,0.154,5.118,5.272
4786251.43,15193,0.146,4.222,4.368
4786287.67,15192,0.127,4.041,4.168
4786295.44,15194,0.088,4.076,4.164
4786367.08,15193,0.182,4.422,4.604
4786375.36,15192,1.639,6.176,7.815
4786384.95,15194,0.107,5.972,6.08
4786408.13,15193,0.719,8.996,9.715
4786416.4,15192,0.074,4.129,4.203
4786430.87,15194,0.094,3.99,4.083
4786469.79,15193,0.067,4.038,4.104
4786485.94,15192,0.088,5.123,5.211
4786627.26,15194,0.114,8.275,8.389
4786627.65,15193,0.063,6.401,6.464
4786652.82,15192,0.149,5.775,5.924
4786664.76,15194,0.09,4.361,4.451
4786787.83,15193,0.119,6.123,6.242
4786859.11,15192,2.314,3.998,6.311
4786898.32,15194,0.095,6.165,6.26
4786983.37,15193,0.097,4.036,4.134
4787018.45,15192,0.082,4.095,4.177
4787026.24,15194,0.056,8.024,8.08
4787059.47,15192,0.129,4.438,4.566
4787127.19,15193,0.173,8.026,8.2
4787228.11,15194,0.167,3.997,4.164
4787244.51,15192,0.238,6.104,6.342
4787265.8,15193,0.082,6.005,6.087
4787271.04,15194,2.049,3.953,6.002
4787303.0,15192,0.123,4.101,4.224
4787354.36,15193,2.135,10.148,12.283
4787360.23,15194,0.134,8.126,8.26
4787385.15,15192,0.201,4.057,4.258
4787390.28,15193,0.12,4.071,4.191
4787470.48,15194,0.151,5.725,5.876
4787564.08,15192,0.122,8.092,8.214
4787603.73,15193,0.146,3.983,4.129
4787614.12,15194,0.143,8.028,8.171
4787614.45,15192,0.07,6.217,6.287
4787675.2,15193,2.835,8.085,10.921
4787898.76,15194,0.141,4.329,4.47
4787933.39,15192,0.112,8.203,8.315
4788062.7,15193,0.215,4.085,4.3
4788078.09,15194,0.19,4.997,5.187
4788166.77,15192,0.114,4.084,4.198
4788176.94,15193,0.079,5.941,6.02
4788237.29,15194,0.119,4.041,4.16
4788293.84,15192,0.246,6.536,6.783
4788373.68,15193,0.175,4.385,4.56
4788465.32,15194,0.922,4.022,4.944
4788567.01,15192,4.045,4.889,8.933
4788602.88,15193,0.218,4.023,4.241
4788626.98,15194,0.123,7.312,7.435
4788675.82,15192,0.142,4.084,4.226
4788679.36,15193,0.074,5.118,5.192
4788729.02,15194,0.239,3.966,4.205
4788798.63,15192,0.11,6.105,6.215
4788853.53,15193,0.113,4.373,4.485
4788897.53,15194,0.112,4.125,4.237
4788901.78,15192,0.074,4.091,4.164
4788977.29,15193,0.1,4.657,4.756
4789032.06,15194,0.095,6.656,6.751
4789062.97,15192,0.092,4.112,4.205
4789083.95,15193,0.087,4.058,4.144
4789099.69,15194,0.067,9.108,9.175
4789101.76,15192,0.061,6.66,6.721
4789110.28,15193,0.279,6.046,6.325
4789131.76,15194,0.079,4.149,4.228
4789136.35,15192,0.078,4.028,4.107
4789193.87,15193,0.079,5.053,5.132
4789208.46,15194,0.08,6.082,6.162
4789228.06,15193,1.49,4.015,5.505
4789228.49,15192,0.826,8.365,9.191
4789272.96,15194,0.09,10.385,10.475
4789273.33,15193,0.09,7.116,7.207
4789274.93,15192,0.065,5.028,5.093
4789285.88,15194,0.058,4.047,4.106
4789433.47,15192,0.175,7.103,7.278
4789435.1,15193,0.077,7.114,7.191
4789442.91,15194,0.091,6.043,6.134
4789454.54,15192,0.081,9.161,9.241
4789461.1,15193,0.076,3.976,4.052
4789480.02,15194,0.065,4.045,4.109
4789481.68,15192,0.06,5.032,5.092
4789488.18,15193,0.146,4.062,4.207
4789561.36,15194,0.122,4.076,4.199
4789564.96,15192,0.114,4.098,4.212
4789612.16,15193,0.78,4.041,4.82
4789620.5,15194,0.085,3.958,4.043
4789666.15,15192,2.057,8.04,10.097
4789697.75,15193,0.092,4.015,4.107
4789738.76,15192,0.064,8.049,8.114
4789738.99,15194,0.109,10.841,10.95
4789741.11,15193,0.053,8.009,8.063
4789763.89,15194,0.076,13.364,13.44
4789765.89,15192,0.06,7.036,7.096
4789773.1,15193,2.044,4.021,6.065
4789782.45,15194,0.069,6.038,6.107
4789822.18,15192,0.088,4.141,4.229
4789839.36,15193,0.952,3.998,4.95
4789859.62,15194,0.29,15.26,15.55
4789860.21,15192,0.064,10.762,10.826
4789939.73,15193,0.169,3.996,4.165
4789948.44,15194,0.074,7.82,7.894
4789964.05,15192,0.154,4.787,4.941
4790011.18,15193,0.206,4.369,4.575
4790029.98,15194,0.116,6.991,7.107
4790046.98,15192,0.109,4.263,4.372
4790080.4,15193,0.097,3.994,4.091
4790088.06,15194,0.084,4.977,5.061
4790102.16,15192,1.365,8.071,9.436
4790109.81,15193,0.062,6.078,6.14
4790164.6,15194,0.092,5.335,5.427
4790183.23,15192,0.073,7.116,7.189
4790204.91,15193,0.119,4.087,4.206
4790242.41,15194,0.114,4.082,4.196
4790263.23,15192,0.072,12.111,12.183
4790263.34,15193,0.049,10.254,10.303
4790283.17,15194,0.065,8.065,8.13
4790296.81,15192,0.206,13.571,13.777
4790298.97,15194,0.144,10.911,11.056
4790301.63,15193,0.06,16.034,16.094
4790388.66,15192,0.166,6.992,7.158
4790420.05,15193,0.317,4.064,4.38
4790457.95,15194,1.624,6.796,8.421
4790460.49,15192,0.098,6.385,6.483
4790468.55,15193,0.097,7.06,7.157
4790490.97,15194,0.078,4.011,4.089
4790555.23,15192,0.167,13.989,14.156
4790555.56,15193,0.079,12.264,12.343
4790559.1,15194,0.053,12.001,12.054
4790595.6,15192,0.097,3.994,4.091
4790608.07,15193,0.066,4.147,4.213
4790629.88,15194,0.089,6.347,6.436
4790638.04,15192,0.065,8.033,8.098
4790645.37,15193,0.08,4.442,4.522
4790651.95,15194,0.076,4.135,4.211
4790704.06,15192,0.079,4.391,4.47
4790709.79,15193,0.093,4.279,4.372
4790725.38,15194,0.079,6.029,6.108
4790754.71,15192,0.087,4.029,4.117
4790839.12,15193,0.153,4.025,4.178
4790863.84,15194,0.106,4.257,4.362
4790883.79,15192,0.109,4.602,4.711
4790902.02,15193,0.087,4.101,4.188
4790923.52,15194,0.082,3.978,4.06
4790948.12,15192,0.139,4.071,4.211
4790953.67,15193,0.079,4.122,4.201
4790975.94,15194,0.107,4.239,4.345
4790986.69,15192,0.085,5.831,5.916
4791003.91,15193,0.093,4.22,4.314
4791018.16,15194,0.093,4.185,4.278
4791104.52,15192,0.171,4.277,4.448
4791154.53,15193,0.171,4.171,4.341
4791161.78,15194,0.117,4.241,4.358
4791172.97,15192,0.096,3.965,4.061
4791182.51,15193,0.065,5.697,5.762
4791193.52,15194,0.093,7.371,7.464
4791198.97,15192,0.081,5.233,5.314
4791221.49,15193,0.107,6.111,6.218
4791223.72,15194,0.063,4.614,4.677
4791320.45,15192,0.148,4.068,4.216
4791338.61,15193,0.107,4.053,4.16
4791566.67,15194,0.182,4.242,4.423
4791611.41,15192,0.171,4.302,4.473
4791725.26,15193,0.185,3.998,4.183
4791809.24,15194,0.156,10.201,10.357
4791813.41,15192,0.079,10.304,10.383
4791852.21,15193,0.127,4.037,4.164
4791900.35,15194,2.411,7.227,9.638
4792032.66,15192,0.121,4.161,4.282
4792064.31,15193,1.494,7.091,8.585
4792180.91,15194,0.116,3.974,4.09
4792202.97,15192,0.132,5.144,5.276
4792261.33,15194,0.063,4.1,4.163
4792260.99,15193,0.103,6.184,6.287
4792290.84,15192,0.094,6.078,6.172
4792356.47,15194,0.158,7.104,7.263
4792419.08,15193,0.204,4.151,4.355
4792426.8,15192,0.116,4.22,4.336
4792473.22,15194,0.106,5.052,5.158
4792474.24,15193,0.068,4.09,4.158
4792504.81,15192,0.123,6.09,6.213
4792699.17,15194,0.749,8.047,8.796
4792844.18,15193,0.174,4.418,4.592
4793112.03,15192,0.143,4.099,4.242
4793208.3,15194,0.125,7.983,8.108
4793354.31,15193,0.155,4.483,4.638
4793364.14,15192,0.151,4.064,4.215
4793419.8,15194,0.192,3.988,4.18
4793445.55,15193,0.118,4.064,4.182
4793459.33,15192,0.101,4.168,4.269
4793646.45,15194,0.15,5.96,6.11
4793899.08,15193,0.157,6.03,6.187
4794090.43,15192,0.128,4.022,4.149
4794206.06,15194,0.171,7.003,7.174
4794234.24,15193,1.985,4.087,6.072
4794381.89,15192,0.149,4.12,4.269
4794437.1,15194,0.194,4.875,5.069
4794477.75,15193,0.124,4.394,4.518
4794514.15,15192,2.081,8.006,10.087
4794530.8,15194,0.087,3.951,4.039
4794777.06,15193,0.14,6.273,6.413
4794817.62,15192,0.131,3.98,4.111
4794857.28,15194,0.096,6.126,6.222
4794901.94,15193,0.098,5.046,5.145
4794952.09,15194,1.102,5.93,7.032
4794954.29,15192,1.676,8.188,9.864
4795233.0,15193,0.224,4.2,4.424
4795258.27,15194,2.075,10.13,12.206
4795260.94,15192,0.101,8.928,9.029
4795273.47,15193,1.027,6.396,7.423
4795284.91,15194,0.071,4.033,4.104
4795375.0,15192,0.235,4.053,4.289
4795622.17,15193,0.197,4.031,4.228
4795631.38,15194,0.643,4.154,4.797
4795637.57,15192,0.088,4.206,4.295
4795652.22,15193,0.098,4.061,4.159
4795708.91,15194,0.22,4.392,4.612
4795716.1,15192,0.136,4.183,4.319
4795721.02,15193,0.131,4.108,4.239
4795768.28,15194,1.373,8.171,9.545
4795775.93,15192,0.08,4.175,4.254
4795795.11,15193,0.08,7.986,8.065
4795847.14,15194,2.374,3.974,6.348
4795875.8,15192,0.112,5.968,6.079
4795908.04,15193,0.096,5.192,5.288
4795931.73,15194,0.085,4.05,4.135
4795960.22,15192,0.104,4.001,4.105
4795979.14,15193,0.147,4.82,4.968
4795987.8,15194,0.068,4.921,4.989
4796026.89,15192,0.096,4.037,4.133
4796040.74,15193,0.079,4.98,5.059
4796081.9,15194,0.105,6.067,6.172
4796155.72,15192,0.102,5.084,5.186
4796336.13,15193,0.155,5.057,5.211
4796351.37,15194,0.143,7.157,7.3
4796358.7,15192,0.068,6.066,6.134
4796398.47,15193,0.891,3.991,4.882
4796413.03,15194,2.42,8.891,11.311
4796478.47,15192,6.223,6.337,12.56
4796592.03,15193,0.142,4.037,4.179
4796602.57,15194,0.118,3.948,4.066
4796672.34,15192,1.892,4.144,6.037
4796682.29,15193,0.095,6.132,6.227
4796728.91,15194,0.087,8.315,8.402
4796771.73,15192,0.084,4.016,4.1
4796781.91,15193,0.078,6.292,6.369
4796786.37,15194,0.057,8.155,8.212
4796808.15,15192,1.883,4.047,5.93
4796816.47,15193,0.092,4.17,4.262
4796828.67,15194,0.068,4.022,4.089
4796851.18,15192,0.08,4.045,4.125
4796856.85,15193,0.072,4.214,4.286
4796860.22,15194,0.064,4.004,4.068
4796887.94,15192,0.095,4.085,4.179
4796918.72,15193,2.041,4.617,6.658
4796926.07,15194,0.06,7.926,7.986
4796927.76,15192,0.085,4.325,4.41
4796931.97,15193,0.068,4.072,4.14
4796953.3,15194,0.066,10.196,10.261
4796962.9,15192,0.078,4.061,4.139
4796967.23,15193,0.05,4.104,4.154
4796975.21,15194,0.047,10.118,10.165
4796991.01,15192,0.062,6.416,6.477
4796999.26,15193,0.096,6.04,6.136
4797056.95,15194,1.615,7.227,8.842
4797062.65,15194,0.088,3.936,4.024
4797065.32,15192,1.333,11.914,13.247
4797067.05,15193,1.027,7.936,8.963
4797089.8,15194,0.152,8.542,8.694
4797101.39,15192,0.176,4.513,4.689
4797146.59,15193,0.236,4.1,4.336
4797164.07,15194,1.233,4.101,5.334
4797166.28,15192,0.068,4.044,4.112
4797204.04,15193,0.17,6.952,7.122
4797205.26,15194,0.133,4.296,4.429
4797223.08,15192,0.094,5.926,6.02
4797229.26,15193,0.065,6.148,6.213
4797261.14,15192,1.274,4.095,5.369
4797267.48,15194,0.113,4.021,4.133
4797268.02,15193,0.109,4.179,4.288
4797272.75,15192,0.073,4.133,4.207
4797282.09,15193,0.055,3.969,4.023
4797283.17,15194,0.957,6.107,7.063
4797347.92,15192,0.222,4.5,4.722
4797348.48,15193,0.071,4.006,4.077
4797381.31,15194,0.167,7.589,7.756
4797403.85,15192,0.138,4.025,4.163
4797415.02,15193,0.098,5.526,5.624
4797435.59,15194,0.155,5.713,5.869
4797469.58,15193,0.061,10.054,10.115
4797470.17,15192,0.176,12.327,12.503
4797470.75,15194,0.045,9.624,9.669
4797507.39,15193,0.134,4.079,4.214
4797507.59,15192,0.076,4.144,4.22
4797533.1,15194,0.109,8.052,8.161
4797618.7,15193,1.146,6.53,7.676
4797631.9,15192,0.161,4.637,4.798
4797669.48,15194,0.146,4.06,4.206
4797675.03,15193,0.078,4.052,4.13
4797686.27,15192,0.078,5.139,5.216
4797700.24,15194,0.074,12.048,12.122
4797702.11,15193,0.059,8.015,8.074
4797717.46,15192,0.09,7.313,7.403
4797719.11,15194,0.086,4.108,4.194
4797724.22,15193,0.066,3.973,4.039
4797759.64,15192,0.106,4.001,4.107
4797763.97,15194,0.067,4.188,4.255
4797785.19,15193,0.066,10.166,10.232
4797791.36,15192,0.106,6.095,6.201
4797793.86,15194,0.073,4.076,4.149
4797829.42,15193,0.088,8.048,8.136
4797836.81,15192,0.065,4.048,4.113
4797849.11,15194,0.064,3.999,4.063
4797871.12,15193,0.069,5.61,5.679
4797879.48,15192,0.079,5.091,5.17
4797904.11,15194,0.839,4.007,4.846
4797910.37,15193,0.067,6.094,6.161
4797912.52,15192,0.052,4.439,4.491
4797934.73,15194,0.057,4.999,5.056
4797945.21,15193,1.509,6.137,7.646
4797955.1,15192,0.055,9.102,9.156
4797959.13,15194,0.049,6.045,6.094
4797993.54,15193,0.088,3.997,4.085
4798033.16,15192,1.078,8.035,9.114
4798131.25,15194,0.085,4.159,4.244
4798158.7,15193,0.148,4.01,4.158
4798264.85,15192,0.132,4.035,4.167
4798270.56,15194,0.065,7.324,7.388
4798291.63,15192,0.094,7.958,8.052
4798346.64,15193,0.107,4.243,4.35
4798413.23,15194,0.146,3.995,4.141
4798436.02,15192,0.132,7.134,7.266
4798523.96,15193,0.144,6.105,6.249
4798547.24,15194,0.904,7.11,8.014
4798563.58,15192,0.14,7.466,7.606
4798592.07,15193,0.092,8.108,8.2
4798706.51,15192,0.146,4.282,4.428
4798706.69,15194,0.156,7.566,7.723
4798799.9,15193,0.11,4.487,4.597
4798852.33,15192,0.13,3.973,4.102
4798923.76,15194,1.325,4.075,5.4
4799062.91,15193,0.153,5.679,5.832
4799097.49,15192,0.108,4.125,4.233
4799153.79,15194,0.194,4.167,4.361
4799172.75,15193,0.087,6.009,6.096
4799311.16,15192,1.041,6.054,7.095
4799359.63,15194,0.104,6.062,6.166
4799450.9,15193,0.169,6.102,6.271
4799513.17,15192,0.187,4.019,4.206
4799555.41,15194,0.129,5.173,5.302
4799585.2,15193,1.079,4.063,5.143
4799611.33,15192,0.08,4.088,4.168
4799708.52,15194,0.132,8.152,8.284
4799741.55,15193,0.099,6.398,6.497
4800028.27,15192,0.265,4.455,4.72
4800214.16,15194,1.723,3.975,5.698
4800221.31,15193,0.072,4.079,4.151
4800259.83,15192,0.121,4.116,4.237
4800275.16,15194,2.149,6.004,8.153
4800388.58,15193,0.103,6.029,6.133
4800401.5,15192,0.126,5.632,5.758
4800437.87,15194,0.156,4.05,4.206
4800464.33,15193,0.158,4.09,4.248
4800645.34,15192,0.119,8.857,8.976
4800691.21,15194,0.206,6.095,6.301
4800714.08,15193,0.118,7.892,8.01
4800730.84,15192,0.076,6.026,6.102
4800784.58,15194,0.102,4.578,4.68
4800822.75,15193,0.108,4.108,4.216
4800888.53,15192,0.116,11.08,11.196
4800891.21,15194,1.006,4.15,5.156
4801015.45,15193,0.143,8.303,8.446
4801030.17,15192,0.13,4.208,4.337
4801080.16,15194,1.022,4.052,5.074
4801094.25,15193,0.088,11.265,11.354
4801189.87,15192,0.124,4.141,4.265
4801197.37,15194,0.096,6.119,6.214
4801235.07,15193,0.165,8.062,8.228
4801320.69,15192,0.103,4.039,4.143
4801385.96,15194,0.195,4.848,5.043
4801404.0,15193,0.123,6.045,6.168
4801514.15,15192,2.006,8.032,10.038
4801629.61,15194,0.132,7.048,7.18
4801649.95,15193,0.112,4.13,4.242
4801693.17,15192,2.286,4.006,6.292
4801737.79,15194,0.104,4.037,4.141
4801744.03,15193,0.073,5.0,5.072
4801862.3,15192,2.527,4.138,6.664
4801881.23,15194,0.1,6.057,6.157
4801911.24,15193,0.14,4.011,4.151
4801943.74,15192,0.113,6.157,6.27
4801959.52,15194,0.108,9.033,9.14
4802003.6,15193,0.096,5.03,5.126
4802100.29,15192,0.113,4.033,4.146
4802119.27,15194,0.082,9.133,9.215
4802338.7,15193,0.16,8.109,8.269
4802457.39,15192,0.233,5.075,5.308
4802499.14,15194,0.116,4.254,4.369
4802711.64,15193,0.174,6.207,6.382
4802723.11,15192,0.168,4.082,4.25
4802754.37,15194,1.62,6.213,7.834
4802769.05,15193,0.173,4.042,4.215
4802805.51,15192,0.113,4.143,4.257
4802809.33,15194,0.07,4.107,4.177
4802833.48,15192,0.084,4.075,4.159
4802978.8,15193,0.122,4.001,4.124
4803017.58,15194,0.134,6.044,6.178
4803118.88,15192,0.119,4.961,5.08
4803141.25,15193,0.112,3.982,4.094
4803167.73,15194,1.513,5.572,7.085
4803211.77,15192,0.151,4.029,4.18
4803305.62,15193,0.116,4.217,4.333
4803349.37,15194,0.107,8.207,8.315
4803401.57,15192,0.163,9.139,9.301
4803435.23,15194,0.106,5.584,5.69
4803435.83,15193,0.143,6.485,6.628
4803437.59,15192,0.061,4.912,4.972
4803555.79,15194,0.142,4.117,4.259
4803569.21,15193,0.08,15.956,16.036
4803569.48,15192,3.382,10.41,13.792
4803793.3,15194,0.158,4.072,4.23
4803838.3,15193,1.005,9.188,10.193
4804084.7,15192,0.185,4.072,4.257
4804169.67,15194,0.13,8.149,8.279
4804180.13,15193,0.105,3.985,4.09
4804296.68,15192,0.128,7.477,7.605
4804320.92,15194,0.104,7.525,7.629
4804343.33,15193,0.193,4.077,4.27
4804381.76,15192,0.135,4.169,4.304
4804445.37,15194,0.146,7.015,7.161
4804480.26,15193,0.122,4.064,4.186
4804707.16,15192,1.176,4.035,5.211
4804780.21,15194,0.139,4.569,4.708
4804793.84,15193,0.105,7.154,7.259
4804844.2,15192,0.268,4.064,4.332
4804858.5,15194,0.109,4.032,4.141
4804925.92,15193,0.124,4.696,4.82
4804964.06,15192,2.042,5.942,7.984
4805139.31,15194,0.188,4.264,4.453
4805152.34,15193,1.263,8.533,9.796
4805183.15,15192,0.154,7.162,7.316
4805187.67,15194,0.133,4.286,4.42
4805196.22,15193,1.066,10.094,11.16
4805215.67,15192,0.089,4.188,4.277
4805249.65,15194,0.106,4.288,4.393
4805254.76,15193,0.106,7.197,7.303
4805256.97,15192,0.072,4.868,4.94
4805280.32,15194,0.133,11.312,11.445
4805282.53,15193,1.918,11.415,13.333
4805283.19,15192,2.205,10.134,12.339
4805285.7,15194,4.0,5.287,9.288
4805397.22,15193,2.145,8.081,10.226
4805447.33,15192,0.145,8.087,8.233
4805447.6,15194,0.16,6.497,6.657
4805460.95,15192,0.078,8.06,8.138
4805465.24,15193,0.164,15.844,16.008
4805476.44,15194,0.077,7.032,7.109
4805492.09,15192,0.084,4.12,4.204
4805510.15,15193,1.54,8.032,9.572
4805519.69,15194,0.069,4.277,4.345
4805548.5,15192,0.123,4.248,4.37
4805572.38,15194,0.09,3.998,4.088
4805574.95,15193,0.09,7.621,7.711
4805586.56,15192,1.54,7.474,9.013
4805592.8,15194,0.066,6.347,6.413
4805616.47,15192,0.066,4.101,4.168
4805648.51,15193,0.1,4.194,4.293
4805701.08,15194,1.502,7.965,9.467
4805721.55,15192,0.144,4.028,4.172
4805727.56,15193,0.082,6.303,6.385
4805744.55,15192,2.776,5.956,8.732
4805752.7,15194,0.103,8.078,8.181
4805757.62,15193,0.071,4.637,4.708
4805775.19,15192,0.066,4.081,4.147
4805822.45,15194,0.214,5.818,6.032
4805826.0,15193,0.081,5.16,5.241
4805851.07,15192,0.074,4.094,4.168
4805942.11,15194,0.133,3.941,4.074
4805957.64,15193,0.104,8.041,8.145
4805958.93,15192,0.122,6.134,6.256
4805987.16,15194,0.084,4.154,4.238
4806001.18,15193,0.155,6.958,7.113
4806015.54,15192,0.067,9.025,9.092
4806015.8,15194,0.053,6.601,6.655
4806026.09,15193,0.098,4.278,4.376
4806028.16,15192,0.048,4.072,4.12
4806053.22,15194,0.075,8.079,8.154
4806085.13,15193,0.14,5.099,5.239
4806101.72,15192,0.191,4.847,5.038
4806127.13,15194,1.061,8.021,9.083
4806152.37,15193,0.068,7.785,7.853
4806152.79,15192,0.044,6.459,6.503
4806170.19,15194,0.065,4.084,4.149
4806188.16,15193,0.153,4.155,4.308
4806227.2,15192,0.188,6.054,6.242
4806264.28,15194,0.086,6.053,6.139
4806276.16,15193,0.063,9.886,9.949
4806278.27,15192,0.058,4.806,4.863
4806282.86,15194,0.072,5.001,5.072
4806309.28,15193,2.394,8.11,10.505
4806335.86,15192,0.093,6.097,6.19
4806345.32,15194,0.092,7.245,7.337
4806397.36,15193,0.151,8.985,9.136
4806402.73,15192,0.095,5.107,5.202
4806435.22,15194,0.146,4.19,4.336
4806446.25,15193,0.107,5.936,6.042
4806448.64,15192,0.061,4.426,4.487
4806475.19,15194,0.104,8.079,8.184
4806483.85,15193,0.073,7.04,7.113
4806490.65,15192,0.075,11.524,11.599
4806491.29,15194,1.281,8.227,9.507
4806495.63,15192,0.058,4.127,4.185
4806496.4,15193,0.105,7.791,7.896
4806549.86,15194,0.099,8.242,8.342
4806579.09,15192,0.093,5.936,6.03
4806613.82,15193,0.125,4.832,4.956
4806652.75,15194,1.198,5.98,7.178
4806659.38,15192,0.068,4.152,4.22
4806717.34,15193,0.089,8.066,8.155
4806748.36,15194,0.088,9.131,9.219
4806753.76,15192,0.055,8.01,8.064
4806759.31,15193,0.056,9.203,9.259
4806770.34,15194,0.065,5.27,5.335
4806826.74,15192,0.16,7.326,7.486
4806835.22,15193,0.103,9.103,9.206
4806919.93,15192,0.156,6.094,6.25
4806957.6,15194,0.256,3.957,4.212
4807171.5,15193,0.17,7.007,7.176
4807181.44,15192,0.123,4.079,4.202
4807183.26,15194,0.389,4.133,4.522
4807245.16,15193,0.121,7.286,7.406
4807246.38,15192,0.073,5.425,5.499
4807252.19,15194,1.915,6.066,7.98
4807300.11,15192,0.105,5.077,5.182
4807566.31,15193,0.279,4.599,4.878
4807582.56,15194,0.122,4.04,4.162
4807729.2,15192,0.187,4.069,4.256
4807767.52,15193,2.312,7.326,9.638
4807806.43,15194,0.116,4.019,4.135
4807871.25,15192,0.908,4.063,4.97
4807913.99,15193,0.798,5.839,6.638
4807934.33,15194,0.116,7.032,7.149
4807936.52,15192,0.087,3.969,4.055
4807947.23,15193,3.378,6.133,9.511
4807948.24,15194,2.232,9.274,11.506
4808042.17,15192,0.127,4.036,4.163
4808085.6,15193,0.084,3.979,4.063
4808116.55,15194,0.101,3.975,4.076
4808122.71,15192,0.106,5.91,6.016
4808126.99,15193,0.069,6.076,6.145
4808134.61,15194,0.081,5.902,5.983
4808136.92,15192,0.047,5.701,5.748
4808217.91,15193,0.09,4.079,4.169
4808249.13,15194,0.089,4.056,4.145
4808312.77,15192,0.095,6.87,6.965
4808334.58,15193,0.079,4.047,4.126
4808400.15,15194,0.136,4.11,4.246
4808418.58,15192,0.139,4.146,4.284
4808494.31,15193,0.132,4.112,4.244
4808624.6,15194,0.173,4.76,4.933
4808627.91,15192,0.181,4.171,4.352
4808636.12,15193,0.096,3.961,4.057
4808650.12,15194,0.086,8.979,9.064
4808667.5,15192,0.074,4.102,4.176
4808671.9,15193,0.076,4.176,4.252
4808686.86,15194,0.074,4.112,4.185
4808715.06,15192,0.094,5.887,5.981
4808743.08,15193,0.078,4.088,4.166
4808752.01,15194,0.063,6.002,6.064
4808779.11,15192,0.073,4.019,4.093
4808841.35,15193,0.083,7.972,8.055
4808863.0,15194,0.061,4.108,4.169
4808926.32,15192,0.121,10.024,10.145
4808926.55,15193,0.067,4.443,4.51
4808930.72,15194,0.052,7.016,7.069
4808964.89,15192,0.071,4.09,4.161
4808975.32,15193,0.075,4.118,4.193
4808991.22,15194,0.134,4.87,5.004
4808996.18,15192,0.085,4.301,4.386
4809022.16,15193,0.089,7.033,7.122
4809060.44,15194,0.084,4.133,4.218
4809068.54,15192,0.085,4.109,4.194
4809109.18,15193,0.087,4.043,4.13
4809118.14,15194,0.066,6.131,6.197
4809120.38,15192,1.008,4.267,5.274
4809129.46,15193,0.063,4.048,4.111
4809134.42,15194,0.049,4.088,4.137
4809145.06,15192,0.06,3.964,4.024
4809187.57,15193,0.074,5.268,5.342
4809190.31,15194,0.088,4.008,4.096
4809206.42,15193,0.091,4.208,4.299
4809278.58,15192,0.095,4.285,4.38
4809305.34,15194,1.531,5.204,6.735
4809322.22,15193,0.09,11.066,11.156
4809334.38,15192,0.069,5.152,5.221
4809372.29,15194,0.166,4.215,4.381
4809403.44,15193,1.758,4.242,6.0
4809413.26,15192,2.035,4.053,6.087
4809472.46,15194,0.138,3.958,4.095
4809489.79,15192,0.072,3.974,4.046
4809493.11,15193,0.771,8.009,8.78
4809498.37,15194,0.071,4.147,4.217
4809512.44,15192,0.063,6.058,6.121
4809537.96,15193,0.097,8.316,8.412
4809542.88,15194,0.085,9.441,9.527
4809551.29,15192,0.075,5.013,5.089
4809577.83,15193,0.097,3.998,4.094
4809680.5,15194,0.09,6.138,6.228
4809716.68,15192,0.153,4.047,4.199
4809721.85,15193,0.132,4.07,4.202
4809897.23,15194,0.16,4.106,4.266
4810082.1,15192,2.301,10.009,12.31
4810084.18,15193,0.1,6.993,7.093
4810093.11,15194,0.073,9.589,9.662
4810102.26,15193,2.123,8.087,10.211
4810134.0,15192,0.083,6.391,6.474
4810145.17,15194,0.139,4.042,4.181
4810173.13,15193,0.129,13.679,13.809
4810229.59,15192,0.232,5.166,5.397
4810237.28,15194,0.149,4.109,4.258
4810238.56,15193,0.109,4.175,4.284
4810365.82,15192,0.122,6.089,6.21
4810391.17,15194,3.037,5.078,8.116
4810436.65,15193,0.189,5.15,5.339
4810452.45,15192,0.153,4.303,4.456
4810470.19,15194,1.806,9.095,10.901
4810497.53,15193,0.109,4.089,4.198
4810506.6,15192,0.083,4.074,4.157
4810583.83,15194,0.086,4.11,4.196
4810815.83,15193,0.149,4.57,4.719
4810886.05,15192,0.9,4.084,4.984
4810968.25,15194,0.132,4.014,4.146
4811030.81,15193,2.449,4.616,7.064
4811086.06,15192,2.478,7.916,10.395
4811215.84,15194,0.145,3.994,4.139
4811262.37,15193,0.146,4.15,4.296
4811413.97,15192,0.187,3.884,4.071
4811552.73,15194,0.175,8.466,8.642
4811784.32,15193,0.15,4.083,4.233
4811844.23,15192,2.046,10.091,12.137
4811948.17,15194,0.18,7.969,8.149
4811957.21,15194,0.092,8.798,8.89
4811963.09,15193,0.107,15.134,15.241
4811980.23,15192,0.103,10.06,10.163
4812001.65,15194,0.089,11.492,11.581
4812061.32,15193,0.177,6.023,6.2
4812077.18,15192,0.097,4.016,4.113
4812130.74,15194,0.087,6.105,6.193
4812147.77,15193,0.2,3.997,4.198
4812318.06,15192,0.15,6.096,6.246
4812372.86,15194,0.112,4.683,4.795
4812413.03,15193,0.304,6.067,6.371
4812480.81,15192,0.177,4.092,4.269
4812508.05,15194,1.763,5.209,6.972
4812626.35,15193,0.127,4.154,4.281
4812645.27,15192,0.118,4.012,4.13
4812707.22,15194,0.106,5.754,5.86
4812818.9,15193,0.116,4.189,4.305
4812844.32,15192,0.127,5.876,6.003
4812939.21,15194,0.126,7.987,8.114
4813162.26,15193,0.128,6.117,6.244
4813189.75,15192,0.133,4.063,4.196
4813239.31,15194,0.116,5.846,5.962
4813351.57,15193,0.18,5.313,5.493
4813370.93,15192,0.086,8.373,8.459
4813380.23,15194,0.411,8.626,9.037
4813408.26,15193,0.18,4.286,4.466
4813550.89,15192,0.155,5.663,5.818
4813574.17,15194,2.093,6.046,8.138
4813576.38,15193,4.779,4.255,9.034
4813671.85,15192,0.303,4.177,4.48
4813767.8,15194,0.119,6.605,6.725
4813782.52,15193,0.102,5.105,5.207
4813914.91,15192,0.152,5.111,5.263
4814200.61,15194,0.213,3.994,4.207
4814227.61,15193,0.156,4.099,4.255
4814234.27,15192,0.117,4.027,4.145
4814434.14,15194,2.043,9.985,12.028
4814554.6,15193,0.176,4.138,4.314
4814746.08,15192,0.181,7.701,7.882
4814817.96,15194,0.133,4.065,4.198
4814887.56,15193,0.122,4.032,4.155
4815050.24,15194,0.735,4.04,4.774
4815054.87,15192,0.463,9.341,9.804
4815067.09,15193,0.089,8.317,8.406
4815067.19,15194,0.063,5.068,5.13
4815118.02,15192,0.118,4.281,4.398
4815143.25,15193,3.03,6.164,9.194
4815151.64,15194,0.07,4.02,4.09
4815189.73,15192,0.096,4.099,4.195
4815203.19,15193,0.158,5.991,6.149
4815207.06,15194,0.057,8.103,8.16
4815242.14,15192,0.098,5.978,6.076
4815301.98,15193,0.181,4.927,5.109
4815304.1,15194,0.095,4.199,4.294
4815401.26,15192,0.154,4.067,4.221
4815407.55,15193,0.068,4.038,4.106
4815409.3,15194,0.073,3.98,4.053
4815414.72,15192,0.108,4.076,4.184
4815432.29,15193,1.573,8.171,9.744
4815461.63,15194,0.163,3.984,4.147
4815489.38,15192,0.221,4.087,4.308
4815510.1,15193,0.147,8.829,8.977
4815520.16,15194,2.03,8.064,10.094
4815546.26,15192,0.111,5.119,5.23
4815564.13,15193,1.18,3.949,5.129
4815577.56,15194,0.097,4.289,4.387
4815578.58,15192,0.077,4.247,4.323
4815607.82,15193,0.094,9.684,9.778
4815613.34,15194,2.054,11.239,13.293
4815624.23,15192,1.142,13.207,14.35
4815625.3,15193,0.075,9.392,9.467
4815637.65,15194,0.074,11.053,11.128
4815639.1,15192,0.411,11.021,11.432
4815674.71,15193,0.094,7.557,7.651
4815729.79,15194,0.158,4.149,4.308
4815748.72,15192,0.083,5.954,6.037
4815777.86,15193,0.157,6.17,6.327
4815811.52,15194,0.135,4.199,4.334
4815822.12,15192,0.079,7.989,8.068
4815829.19,15193,0.065,8.917,8.982
4815849.53,15192,0.091,4.036,4.126
4815905.27,15194,0.755,8.167,8.922
4815931.38,15193,0.119,7.041,7.161
4815946.31,15192,1.104,4.179,5.282
4815961.24,15194,0.08,4.068,4.148
4815968.98,15192,0.07,7.555,7.624
4815969.8,15193,0.064,10.629,10.693
4815978.64,15194,0.061,6.528,6.588
4815988.09,15192,0.076,11.704,11.78
4815989.83,15194,0.062,7.164,7.226
4815990.03,15193,0.067,7.076,7.143
4816000.14,15192,0.076,7.01,7.085
4816014.24,15193,0.074,4.017,4.09
4816061.36,15194,0.231,7.196,7.427
4816085.55,15192,1.63,8.414,10.044
4816093.04,15193,0.106,3.987,4.093
4816103.58,15194,0.061,8.08,8.14
4816165.72,15192,0.082,4.089,4.171
4816289.71,15193,0.127,6.108,6.235
4816299.13,15194,0.08,7.998,8.077
4816303.32,15192,0.11,7.197,7.308
4816319.88,15193,0.088,5.63,5.718
4816323.74,15194,0.055,5.968,6.023
4816365.62,15192,0.086,4.137,4.223
4816447.22,15193,0.126,4.123,4.249
4816501.07,15194,0.23,4.089,4.319
4816542.41,15192,0.197,8.177,8.374
4816635.1,15193,2.125,3.914,6.039
4816689.12,15194,0.108,6.114,6.222
4816788.14,15192,2.13,4.06,6.19
4816987.04,15193,0.136,6.132,6.268
4817061.83,15194,0.144,7.578,7.722
4817371.89,15192,0.338,4.475,4.813
4817387.71,15193,0.14,5.357,5.497
4817464.86,15194,0.147,4.055,4.202
4817511.61,15192,0.164,7.95,8.114
4817564.4,15193,0.161,5.91,6.07
4817653.5,15194,0.163,7.278,7.441
4817757.85,15192,0.129,4.042,4.171
4817851.99,15193,0.139,4.197,4.336
4817885.45,15194,1.28,8.276,9.556
4817928.85,15192,0.106,4.043,4.149
4817973.11,15193,1.171,12.004,13.175
4818036.5,15194,0.207,8.198,8.405
4818049.96,15192,0.091,4.076,4.167
4818109.67,15193,0.235,4.167,4.401
4818126.17,15194,0.075,8.042,8.117
4818257.96,15192,0.137,4.508,4.645
4818344.24,15193,0.205,4.143,4.348
4818412.07,15194,0.122,5.036,5.158
4818669.87,15192,0.159,4.538,4.698
4818766.11,15194,0.072,3.962,4.034
4818768.02,15193,1.865,6.095,7.96
4818799.89,15192,0.103,4.574,4.677
4818819.62,15194,0.164,4.262,4.426
4818891.15,15193,0.095,3.997,4.091
4818959.26,15192,0.827,9.174,10.001
4818994.39,15194,0.092,6.967,7.059
4818998.17,15193,0.066,7.47,7.537
4819018.16,15192,0.079,8.038,8.117
4819145.31,15194,0.206,4.219,4.426
4819233.83,15193,0.178,6.002,6.18
4819299.99,15192,0.14,4.148,4.288
4819368.93,15194,0.217,4.227,4.444
4819486.67,15193,0.179,8.037,8.215
4819613.02,15192,0.22,3.966,4.186
4819738.96,15194,0.136,4.063,4.199
4819882.95,15193,0.196,6.066,6.262
4819995.58,15194,0.064,5.048,5.112
4819996.75,15192,1.042,7.635,8.677
4820040.34,15193,0.141,3.987,4.128
4820050.48,15194,1.535,6.322,7.858
4820174.65,15192,0.17,4.927,5.097
4820193.21,15193,0.808,6.114,6.922
4820225.07,15194,0.098,8.084,8.182
4820239.09,15192,0.096,4.0,4.096
4820262.39,15193,2.181,4.281,6.462
4820293.79,15194,0.082,3.969,4.052
4820307.87,15192,0.092,5.004,5.095
4820309.35,15193,0.063,4.002,4.066
4820336.76,15194,0.09,4.029,4.119
4820341.05,15193,0.07,4.044,4.114
4820360.67,15192,0.065,7.262,7.327
4820374.63,15194,0.066,10.106,10.172
4820379.1,15193,0.059,6.91,6.969
4820390.79,15192,0.064,4.066,4.13
4820404.88,15194,0.086,4.188,4.273
4820622.59,15193,0.216,4.024,4.24
4820680.23,15192,1.094,8.075,9.168
4820832.6,15194,0.132,7.999,8.131
4820932.09,15193,0.153,8.0,8.152
4820959.21,15192,0.159,4.102,4.261
4821180.16,15194,0.17,4.115,4.286
4821264.74,15193,0.169,4.064,4.233
4821284.22,15192,0.144,4.011,4.154
4821361.12,15194,0.188,6.042,6.23
4821398.11,15193,0.101,6.819,6.919
4821422.84,15192,0.17,5.787,5.957
4821425.44,15194,0.065,4.911,4.977
4821506.34,15193,0.228,4.013,4.241
4821604.61,15192,0.174,6.049,6.223
4821618.58,15194,0.129,4.246,4.375
4821661.08,15193,0.145,4.016,4.161
4821672.98,15192,0.091,3.957,4.048
4821677.09,15194,0.069,4.417,4.486
4821703.58,15192,0.199,7.0,7.199
4821722.32,15193,0.11,7.119,7.229
4821791.82,15194,0.118,4.074,4.191
4821814.47,15192,0.101,6.097,6.198
4821831.25,15193,0.078,6.009,6.087
4821863.47,15194,0.101,4.004,4.105
4821938.81,15192,0.087,4.062,4.149
4821945.42,15193,0.079,4.022,4.101
4822005.64,15194,0.086,4.112,4.198
4822027.27,15192,0.125,3.958,4.083
4822078.41,15193,0.103,4.165,4.268
4822332.31,15194,0.156,4.07,4.226
4822351.11,15192,0.103,6.758,6.861
4822471.46,15193,0.18,4.113,4.294
4822485.3,15194,0.105,4.133,4.237
4822562.74,15192,0.186,4.131,4.317
4822583.13,15193,2.031,8.043,10.074
4822720.6,15194,0.131,4.179,4.309
4822856.21,15192,0.139,8.03,8.169
4822889.99,15193,0.118,5.884,6.002
4822893.27,15194,1.428,7.153,8.581
4822965.75,15192,0.094,6.424,6.517
4823035.78,15193,0.082,6.096,6.178
4823177.52,15194,0.155,4.003,4.158
4823311.94,15192,0.155,7.026,7.182
4823346.83,15193,0.688,4.077,4.765
4823456.85,15194,0.211,4.736,4.947
4823461.71,15192,0.157,5.987,6.144
4823612.02,15194,0.221,5.446,5.667
4823673.5,15193,0.152,4.069,4.222
4823706.22,15192,0.202,8.137,8.339
4823836.11,15194,0.172,5.68,5.852
4823866.3,15193,0.134,7.107,7.241
4824273.56,15192,0.184,3.986,4.169
4824280.29,15194,0.075,7.208,7.283
4824558.67,15192,0.185,6.925,7.11
4824715.01,15193,0.157,5.414,5.571
4824823.17,15194,0.213,4.164,4.376
4824860.24,15192,0.122,8.038,8.16
4824893.66,15193,0.115,4.075,4.19
4824919.52,15194,0.145,8.083,8.228
4824929.51,15192,0.094,7.034,7.128
4825227.72,15193,1.232,6.578,7.811
4825231.62,15194,1.201,7.053,8.254
4825263.3,15192,0.182,8.041,8.223
4825371.18,15193,2.242,8.01,10.252
4825402.79,15194,0.147,4.118,4.265
4825479.32,15192,0.188,8.02,8.208
4825607.06,15193,0.161,4.108,4.269
4825637.19,15194,1.699,9.8,11.499
4825748.82,15192,0.165,4.105,4.27
4825908.33,15193,0.176,8.0,8.176
4825959.49,15194,0.166,8.229,8.396
4825991.88,15192,0.146,5.018,5.164
4826045.94,15193,0.211,4.411,4.622
4826090.93,15194,0.149,4.016,4.164
4826180.91,15192,0.163,6.091,6.254
4826208.98,15193,0.209,7.864,8.074
4826215.77,15192,0.056,3.971,4.027
4826216.96,15194,0.145,6.007,6.152
4826258.99,15193,0.093,5.14,5.233
4826300.02,15192,0.11,4.082,4.192
4826325.41,15194,0.103,6.037,6.14
4826341.13,15193,0.075,4.019,4.094
4826351.2,15192,0.068,7.658,7.725
4826351.71,15194,0.055,4.072,4.127
4826380.35,15193,0.078,7.109,7.187
4826381.15,15192,0.07,4.11,4.18
4826406.47,15194,0.16,8.053,8.212
4826408.14,15193,0.056,8.477,8.532
4826438.07,15192,0.125,3.987,4.112
4826453.04,15194,1.056,4.914,5.971
4826461.09,15193,0.127,4.034,4.161
4826471.46,15192,0.106,4.151,4.257
4826512.59,15194,0.347,6.501,6.848
4826545.4,15193,0.14,4.031,4.171
4826549.21,15192,0.915,4.07,4.985
4826552.25,15193,0.279,4.088,4.366
4826569.4,15194,1.158,4.069,5.227
4826590.87,15192,0.093,6.648,6.741
4826598.23,15193,0.094,8.054,8.148
4826604.43,15192,0.077,7.003,7.08
4826608.25,15194,0.061,9.136,9.198
4826612.46,15193,1.564,6.399,7.963
4826616.14,15192,0.068,7.072,7.14
4826668.73,15194,0.146,6.554,6.7
4826695.07,15193,0.089,7.933,8.022
4826732.9,15192,0.089,9.025,9.114
4826737.27,15194,0.055,10.039,10.094
4826739.13,15193,0.053,4.041,4.093
4826778.95,15192,0.091,4.076,4.167
4826800.18,15194,2.024,4.114,6.138
4826806.44,15193,0.064,4.338,4.402
4826837.48,15194,0.069,6.049,6.119
4826837.99,15192,0.122,7.916,8.038
4826857.81,15193,0.144,3.992,4.137
4826892.77,15194,0.163,4.04,4.204
4826908.08,15192,0.08,6.953,7.034
4826960.46,15193,0.07,3.992,4.063
4826986.41,15194,1.772,10.295,12.067
4826990.3,15192,0.058,8.45,8.508
4827000.27,15193,0.059,8.069,8.128
4827018.37,15194,0.108,10.801,10.909
4827032.71,15193,0.055,4.023,4.078
4827036.79,15192,0.083,10.002,10.085
4827042.71,15194,0.044,11.008,11.052
4827077.01,15193,0.079,4.38,4.459
4827082.47,15192,0.051,8.039,8.09
4827130.34,15194,0.073,8.782,8.856
4827160.96,15193,0.104,5.914,6.019
4827173.36,15192,0.083,11.804,11.887
4827174.63,15194,2.468,10.492,12.96
4827182.19,15193,0.143,4.005,4.148
4827272.24,15192,0.241,7.15,7.391
4827290.41,15194,0.136,4.087,4.223
4827304.19,15193,0.075,5.536,5.612
4827328.77,15192,0.073,13.213,13.286
4827328.93,15194,0.052,10.839,10.891
4827340.01,15193,0.053,5.774,5.827
4827345.5,15192,3.161,8.035,11.196
4827375.06,15194,0.135,4.245,4.38
4827379.28,15193,0.153,4.083,4.236
4827383.9,15192,0.065,4.114,4.179
4827459.35,15194,1.497,6.156,7.653
4827481.2,15193,0.132,4.093,4.225
4827498.24,15192,0.109,7.314,7.422
4827501.6,15194,1.031,7.519,8.55
4827522.11,15193,0.08,10.965,11.045
4827523.9,15192,0.072,6.176,6.248
4827528.2,15194,0.121,8.012,8.133
4827563.61,15193,0.178,3.915,4.094
4827594.25,15192,0.921,6.133,7.054
4827651.78,15194,0.182,4.357,4.539
4827653.81,15193,0.142,4.074,4.216
4827677.25,15192,0.088,6.105,6.192
4827694.06,15194,0.073,8.997,9.07
4827718.18,15193,0.098,8.161,8.259
4827724.69,15192,0.199,6.132,6.331
4827746.45,15194,0.153,7.143,7.296
4827809.22,15193,0.565,6.131,6.696
4827826.58,15192,0.075,6.09,6.166
4827868.59,15194,0.143,4.37,4.513
4827883.51,15193,0.097,11.07,11.167
4827885.26,15192,0.544,11.159,11.702
4827896.85,15194,0.085,8.066,8.151
4827924.69,15193,1.131,7.578,8.709
4827973.39,15192,0.184,4.237,4.421
4827980.24,15194,0.083,7.964,8.047
4827995.16,15193,1.033,8.069,9.102
4828029.86,15192,0.102,3.99,4.092
4828108.84,15194,0.132,6.04,6.172
4828115.89,15193,0.089,4.86,4.949
4828150.05,15192,0.101,6.174,6.275
4828167.31,15194,0.159,4.094,4.253
4828173.12,15193,0.068,8.001,8.07
4828173.43,15192,0.061,6.199,6.26
4828179.73,15194,1.019,7.653,8.672
4828185.24,15193,0.074,4.021,4.095
4828207.62,15192,0.081,4.034,4.115
4828267.85,15194,0.1,5.964,6.064
4828313.29,15193,0.105,6.261,6.367
4828315.31,15192,0.101,4.416,4.517
4828323.92,15194,2.242,3.987,6.229
4828385.12,15193,0.179,4.229,4.408
4828414.01,15192,0.099,5.022,5.122
4828444.97,15194,0.106,3.894,4.0
4828499.42,15193,0.207,4.366,4.573
4828551.01,15192,0.251,4.074,4.325
4828603.43,15194,1.15,4.193,5.343
4828898.37,15193,0.159,8.027,8.186
4829126.54,15192,0.169,6.339,6.508
4829143.87,15194,0.12,4.032,4.152
4829225.81,15193,0.166,4.355,4.521
4829314.04,15192,0.174,4.282,4.456
4829437.65,15194,0.115,4.184,4.299
4829570.85,15193,0.17,9.125,9.295
4829588.56,15192,0.118,4.171,4.289
4829702.19,15194,0.136,4.935,5.071
4829731.56,15193,0.104,4.107,4.212
4829763.49,15192,0.107,4.213,4.32
4829782.94,15194,0.15,4.032,4.182
4829854.27,15193,0.112,8.374,8.486
4829941.81,15192,0.098,7.128,7.227
4829958.08,15194,0.972,4.755,5.728
4830118.7,15193,0.172,3.983,4.155
4830177.3,15192,0.174,11.034,11.207
4830181.53,15194,0.078,8.391,8.469
4830183.15,15193,0.062,8.024,8.085
4830189.68,15192,0.089,4.251,4.341
4830416.13,15194,0.198,4.281,4.479
4830483.96,15193,0.219,4.656,4.875
4830504.18,15192,0.129,9.29,9.419
4830572.3,15194,0.199,4.048,4.246
4830657.17,15193,0.568,4.0,4.568
4830698.64,15192,0.117,9.349,9.466
4830700.96,15194,0.065,8.281,8.346
4830709.14,15193,0.094,4.693,4.787
4830888.47,15192,0.125,4.085,4.21
4831029.47,15194,0.198,4.032,4.23
4831042.99,15193,0.11,7.526,7.637
4831054.14,15192,0.169,4.019,4.188
4831128.17,15194,0.157,4.023,4.181
4831134.6,15193,0.112,4.265,4.376
4831311.53,15192,0.198,10.209,10.407
4831451.69,15194,0.151,4.151,4.301
4831559.23,15193,1.677,8.032,9.709
4831580.04,15192,0.115,4.055,4.17
4831675.43,15194,0.168,7.07,7.238
4831704.9,15193,0.118,8.505,8.622
4831747.27,15192,0.114,6.059,6.173
4831777.86,15194,0.11,4.216,4.326
4831801.21,15193,0.094,4.011,4.105
4831810.62,15192,0.09,5.276,5.366
4831833.03,15194,0.099,4.131,4.23
4831867.96,15193,0.081,5.097,5.178
4831902.24,15192,0.09,8.096,8.186
4831914.12,15194,0.071,4.001,4.072
4831948.16,15193,0.101,4.126,4.227
4831955.52,15192,0.092,4.366,4.458
4831969.78,15194,0.1,4.1,4.2
4832019.77,15193,3.694,4.023,7.717
4832059.59,15192,0.108,6.118,6.226
4832061.62,15194,0.063,4.177,4.24
4832076.26,15193,0.197,12.482,12.679
4832106.26,15192,0.111,4.043,4.154
4832135.44,15194,0.216,4.126,4.342
4832166.18,15193,0.103,17.01,17.113
4832170.47,15192,0.092,13.218,13.309
4832183.66,15194,0.094,3.974,4.069
4832189.85,15193,0.058,8.998,9.056
4832198.25,15192,0.057,12.151,12.208
4832199.19,15194,1.077,4.065,5.141
4832234.83,15193,0.103,4.994,5.097
4832257.69,15192,0.16,4.456,4.616
4832279.85,15194,1.731,8.072,9.802
4832281.94,15193,2.386,7.869,10.255
4832319.18,15192,0.118,11.034,11.153
4832319.55,15194,0.759,5.46,6.22
4832322.24,15193,0.053,4.039,4.092
4832328.86,15192,0.068,4.962,5.03
4832343.81,15194,0.13,8.155,8.285
4832346.62,15193,0.07,5.989,6.059
4832354.36,15192,0.096,7.088,7.183
4832365.52,15194,0.075,7.022,7.097
4832370.16,15193,0.062,6.119,6.181
4832375.14,15194,0.063,8.081,8.144
4832396.91,15192,0.073,5.98,6.054
4832429.04,15193,0.08,5.208,5.288
4832435.19,15194,1.061,7.093,8.153
4832472.95,15192,0.138,4.004,4.142
4832481.79,15193,0.094,5.757,5.851
4832496.38,15194,0.09,8.073,8.163
4832514.27,15192,0.1,4.018,4.118
4832519.78,15193,0.083,4.12,4.204
4832539.73,15194,0.094,4.04,4.134
4832577.14,15192,1.034,8.051,9.085
4832690.98,15193,0.164,4.39,4.554
4832701.82,15194,0.109,4.267,4.376
4832710.55,15192,0.098,4.121,4.22
4832727.92,15193,0.086,6.662,6.748
4832733.91,15194,0.073,4.883,4.956
4832759.71,15192,0.079,8.083,8.162
4832759.88,15193,0.175,6.803,6.979
4832816.44,15194,2.057,8.326,10.383
4832828.32,15192,0.061,8.01,8.071
4832872.42,15194,0.067,8.307,8.375
4832873.1,15193,0.193,10.749,10.942
4832873.35,15192,1.885,7.274,9.159
4832892.33,15194,0.083,8.094,8.178
4832911.09,15193,0.129,7.896,8.025
4832925.39,15192,0.074,6.08,6.154
4832935.14,15194,0.068,6.882,6.95
4832941.62,15193,0.088,4.052,4.14
4833432.02,15192,0.174,5.089,5.263
4833571.13,15194,1.05,8.0,9.05
4833589.33,15193,0.111,4.041,4.152
4833806.16,15192,0.282,6.056,6.339
4833864.64,15194,1.03,7.986,9.016
4834094.59,15193,0.167,6.877,7.043
4834139.63,15192,0.122,4.099,4.221
4834196.26,15194,0.15,13.025,13.175
4834359.97,15193,0.188,4.096,4.285
4834373.02,15192,0.112,5.945,6.057
4834384.49,15194,0.071,4.039,4.11
4834623.93,15193,1.029,8.699,9.729
4834661.62,15192,0.373,4.069,4.442
4834692.53,15194,0.824,8.374,9.199
4834710.6,15193,0.092,11.999,12.09
4834765.2,15192,0.108,4.061,4.169
4834859.24,15194,2.169,8.094,10.263
4834863.3,15193,0.066,6.194,6.26
4834937.12,15194,0.1,7.039,7.138
4835026.26,15192,0.159,13.87,14.029
4835028.02,15193,3.226,6.9,10.126
4835047.09,15194,0.119,4.041,4.16
4835125.75,15192,0.099,5.035,5.134
4835200.92,15193,0.142,5.088,5.23
4835254.08,15194,0.142,7.857,7.998
4835321.8,15192,0.154,4.064,4.217
4835344.75,15193,0.505,4.507,5.012
4835497.52,15194,0.155,7.282,7.436
4835573.52,15192,0.171,8.098,8.268
4835585.4,15193,0.11,4.111,4.221
4835593.97,15194,0.11,6.073,6.183
4835623.8,15192,0.104,4.06,4.164
4835637.26,15193,0.154,4.192,4.346
4835685.33,15194,0.089,12.1,12.189
4835691.8,15192,2.114,11.701,13.815
4835783.11,15193,0.818,8.019,8.836
4835858.86,15194,0.125,8.036,8.161
4835893.65,15192,0.114,4.359,4.473
4835902.63,15193,0.148,4.031,4.179
4835975.45,15194,0.128,4.594,4.722
4836004.52,15192,0.108,6.145,6.253
4836028.85,15193,1.09,7.7,8.79
4836044.36,15194,0.146,4.58,4.726
4836117.87,15192,0.153,8.01,8.163
4836125.55,15193,3.034,8.457,11.491
4836157.91,15194,0.111,19.353,19.464
4836195.35,15192,0.147,12.105,12.252
4836225.73,15193,0.158,15.149,15.307
4836262.3,15192,0.788,8.102,8.89
4836269.21,15194,1.419,15.076,16.495
4836290.22,15193,0.138,7.996,8.134
4836344.7,15192,0.178,4.077,4.255
4836381.58,15194,0.175,4.034,4.209
4836385.88,15193,0.097,4.091,4.188
4836393.49,15192,0.073,4.018,4.091
4836438.29,15194,0.202,4.093,4.295
4836467.86,15193,0.085,4.063,4.148
4836486.05,15192,0.156,4.407,4.563
4836493.7,15194,1.08,5.558,6.639
4836498.55,15193,0.09,8.406,8.497
4836500.84,15192,0.058,5.739,5.797
4836544.34,15194,0.166,3.933,4.099
4836565.25,15193,0.151,4.723,4.874
4836603.65,15192,0.111,4.114,4.226
4836612.6,15194,0.14,4.028,4.168
4836616.43,15193,0.114,4.37,4.484
4836659.87,15192,0.09,4.024,4.114
4836689.9,15194,0.095,8.048,8.142
4836769.07,15193,0.118,4.088,4.206
4836780.93,15192,1.634,7.846,9.48
4836809.29,15194,0.094,4.132,4.226
4836832.59,15193,0.101,4.207,4.308
4836894.16,15192,0.094,4.049,4.143
4836901.05,15194,0.125,4.189,4.313
4836937.08,15193,0.111,4.016,4.127
4836958.42,15192,0.815,12.338,13.154
4836992.74,15194,0.099,3.978,4.077
4837001.06,15193,0.079,4.065,4.144
4837003.58,15192,0.639,4.13,4.769
4837026.91,15194,0.07,10.46,10.53
4837046.72,15193,0.084,4.036,4.12
4837061.14,15194,0.087,3.997,4.084
4837062.63,15192,1.006,7.099,8.106
4837187.15,15193,0.084,7.013,7.096
4837194.07,15194,0.057,8.973,9.03
4837195.2,15192,1.056,8.094,9.15
4837226.02,15193,0.354,3.999,4.353
4837228.12,15194,0.054,4.034,4.088
4837240.83,15192,0.073,4.16,4.233
4837245.77,15193,0.06,4.011,4.072
4837362.05,15194,0.687,4.289,4.976
4837394.5,15192,0.105,4.012,4.117
4837398.53,15193,0.065,4.024,4.089
4837429.31,15194,1.263,6.18,7.443
4837455.45,15192,0.085,8.917,9.002
4837456.11,15193,0.06,4.999,5.059
4837461.3,15194,0.07,9.018,9.087
4837484.54,15192,0.086,4.201,4.287
4837490.83,15193,0.825,6.154,6.979
4837521.59,15194,0.136,9.173,9.309
4837526.06,15192,0.107,10.054,10.162
4837548.22,15193,0.925,3.996,4.92
4837553.94,15192,0.078,4.015,4.093
4837554.72,15194,0.153,5.258,5.411
4837558.14,15193,0.068,4.034,4.102
4837579.6,15194,0.088,7.96,8.048
4837634.49,15192,0.085,4.049,4.134
4837650.54,15193,0.095,4.373,4.468
4837653.01,15194,0.061,4.678,4.739
4837665.59,15192,0.084,7.092,7.175
4837680.17,15193,0.076,8.026,8.103
4837694.23,15194,0.069,4.106,4.175
4837701.92,15192,0.07,3.927,3.998
4837721.32,15193,0.093,4.087,4.18
4837742.37,15194,0.078,5.998,6.075
4837753.11,15192,0.104,7.469,7.573
4837764.86,15193,0.078,4.09,4.168
4837799.51,15194,0.091,4.103,4.194
4837833.12,15192,0.084,6.981,7.065
4837834.25,15193,0.061,6.426,6.487
4837889.66,15194,0.099,4.032,4.131
4837942.25,15192,0.092,4.095,4.186
4838007.35,15193,0.152,4.213,4.365
4838048.71,15194,0.104,4.04,4.144
4838131.05,15192,0.095,6.029,6.124
4838169.44,15193,0.102,8.05,8.152
4838226.17,15194,2.554,4.07,6.625
4838264.61,15192,0.085,5.044,5.13
4838329.4,15193,0.127,4.119,4.246
4838347.04,15194,1.029,5.96,6.989
4838452.59,15192,0.152,7.537,7.689
4838485.76,15193,0.137,5.152,5.289
4838593.64,15194,0.946,8.517,9.463
4838697.2,15192,0.132,3.992,4.124
4838776.2,15193,0.967,4.047,5.014
4838809.98,15194,0.098,6.012,6.11
4838854.98,15192,0.168,6.776,6.944
4838966.07,15193,0.112,8.026,8.138
4839025.12,15194,0.127,5.006,5.133
4839238.41,15192,0.172,6.316,6.488
4839416.71,15193,0.168,7.053,7.22
4839532.84,15194,0.154,4.986,5.14
4839728.91,15192,0.156,4.403,4.559
4839754.39,15193,0.133,7.071,7.204
4839754.65,15194,0.087,4.16,4.247
4839778.32,15192,0.095,5.707,5.803
4839843.7,15193,0.183,4.004,4.187
4839864.72,15194,0.101,9.543,9.645
4840024.51,15192,0.116,5.949,6.065
4840098.63,15193,1.802,8.486,10.289
4840134.7,15194,0.122,4.362,4.483
4840230.05,15192,1.518,3.973,5.491
4840366.68,15193,0.129,4.23,4.359
4840499.68,15194,0.177,4.02,4.197
4840592.61,15192,0.165,8.043,8.208
4840618.95,15193,0.138,6.621,6.759
4840714.28,15194,0.148,8.058,8.206
4840774.86,15192,0.119,4.01,4.13
4840842.89,15193,0.129,4.626,4.755
4840847.39,15194,0.165,4.01,4.174
4840928.23,15192,0.188,4.125,4.313
4840977.16,15193,0.989,4.11,5.099
4840999.93,15194,0.098,4.035,4.133
4841036.3,15192,0.129,4.075,4.204
4841119.29,15193,1.364,5.115,6.48
4841135.24,15194,0.105,7.976,8.08
4841142.27,15192,0.067,7.137,7.205
4841237.69,15194,0.115,6.106,6.221
4841285.88,15193,0.112,7.035,7.147
4841308.36,15192,0.118,4.027,4.145
4841339.14,15194,1.003,3.976,4.978
4841385.37,15193,0.105,4.092,4.197
4841417.91,15192,0.191,11.817,12.008
4841421.06,15194,0.081,4.045,4.125
4841486.68,15192,0.148,4.074,4.222
4841510.1,15193,0.109,12.028,12.136
4841514.24,15194,0.058,8.137,8.196
4841520.61,15192,0.071,6.091,6.163
4841550.55,15193,0.135,4.147,4.282
4841554.84,15194,0.819,4.023,4.842
4841617.74,15192,0.16,4.414,4.574
4841631.79,15194,0.064,5.991,6.054
4841633.16,15193,0.126,8.407,8.533
4841674.45,15194,0.071,4.061,4.133
4841678.4,15192,0.098,9.058,9.156
4841686.55,15193,0.074,10.629,10.703
4841714.06,15194,0.12,5.228,5.348
4841733.66,15192,0.102,12.076,12.177
4841734.18,15193,0.064,9.08,9.144
4841763.78,15194,0.117,4.308,4.425
4841767.99,15192,0.06,5.976,6.036
4841775.3,15194,0.142,5.084,5.225
4841783.73,15193,0.124,4.063,4.187
4841821.58,15192,0.143,4.108,4.252
4841883.18,15194,0.297,9.041,9.338
4841885.84,15193,0.084,6.578,6.662
4841920.35,15192,0.135,7.789,7.923
4841923.18,15194,1.027,4.103,5.13
4841956.58,15193,0.192,9.962,10.154
4841963.03,15192,0.101,8.437,8.538
4841975.36,15194,0.14,4.312,4.452
4842036.45,15193,2.088,8.287,10.376
4842078.68,15192,0.157,5.321,5.478
4842131.6,15194,1.762,5.457,7.218
4842232.84,15193,0.147,6.407,6.553
4842274.03,15192,0.175,7.771,7.946
4842419.85,15194,0.181,6.757,6.938
4842435.23,15193,0.129,4.043,4.172
4842459.34,15192,2.13,5.97,8.1
4842464.78,15194,0.166,4.058,4.224
4842495.26,15193,0.097,4.105,4.203
4842501.6,15192,0.06,7.019,7.078
4842541.26,15193,0.114,4.441,4.555
4842545.22,15194,1.91,4.123,6.033
4842577.82,15193,0.12,8.152,8.272
4842584.7,15192,0.085,9.035,9.12
4842615.87,15194,1.408,4.372,5.78
4842619.86,15193,0.09,4.02,4.111
4842621.99,15194,0.095,4.084,4.179
4842631.86,15193,0.107,4.055,4.162
4842654.36,15192,0.091,9.153,9.244
4842681.36,15193,0.065,4.035,4.099
4842683.11,15194,1.07,7.987,9.057
4842702.0,15192,0.115,4.011,4.127
4842706.95,15193,0.082,4.053,4.135
4842715.11,15194,0.07,7.134,7.204
4842726.94,15192,0.088,8.75,8.838
4842746.81,15193,0.153,9.369,9.522
4842756.1,15194,1.193,7.997,9.189
4842784.42,15192,0.108,5.68,5.788
4842787.21,15193,0.089,5.645,5.734
4842813.81,15194,0.082,6.68,6.762
4842815.88,15192,0.061,4.867,4.928
4842869.22,15193,0.133,6.523,6.657
4842872.28,15194,0.073,4.851,4.925
4842902.72,15192,0.075,7.197,7.272
4842908.91,15193,0.104,4.105,4.209
4842929.34,15194,0.09,4.099,4.19
4842930.62,15192,0.064,4.041,4.105
4842957.64,15193,0.073,6.332,6.404
4842982.61,15194,0.085,4.252,4.337
4843004.58,15192,0.08,4.045,4.125
4843007.22,15193,0.052,4.025,4.077
4843022.17,15194,0.081,4.021,4.103
4843032.06,15192,0.085,8.159,8.245
4843044.67,15193,0.554,4.081,4.635
4843081.62,15194,0.065,4.073,4.138
4843118.42,15192,0.087,6.279,6.365
4843138.11,15193,0.077,6.979,7.057
4843164.46,15194,0.089,4.121,4.21
4843192.0,15192,0.094,9.537,9.631
4843211.7,15193,0.078,8.622,8.7
4843232.22,15194,0.079,4.092,4.171
4843257.56,15192,0.074,8.168,8.242
4843278.37,15193,0.149,3.93,4.079
4843298.36,15194,0.08,4.221,4.301
4843309.55,15192,0.157,4.344,4.501
4843323.29,15193,0.076,6.222,6.298
4843325.54,15194,0.063,4.279,4.342
4843350.8,15193,0.485,4.266,4.751
4843563.19,15192,0.182,4.031,4.213
4843577.15,15194,0.088,7.988,8.076
4843623.65,15193,0.179,3.995,4.173
4843679.43,15192,0.913,4.211,5.125
4843694.15,15194,0.089,4.004,4.093
4843776.69,15193,0.145,4.144,4.29
4844034.29,15192,0.343,9.11,9.453
4844083.48,15194,0.132,3.922,4.054
4844089.2,15193,0.078,4.055,4.133
4844210.4,15192,0.246,4.149,4.395
4844219.37,15194,0.098,4.278,4.375
4844248.13,15193,0.121,4.012,4.133
4844333.09,15192,0.166,9.98,10.146
4844457.55,15194,2.428,6.343,8.771
4844461.79,15193,0.081,4.128,4.209
4844470.06,15192,0.202,3.993,4.195
4844544.79,15194,0.237,4.047,4.284
4844715.52,15193,0.168,4.029,4.197
4844777.33,15192,1.077,10.22,11.296
4844808.19,15194,0.131,6.994,7.125
4844820.22,15193,0.107,5.074,5.181
4844829.58,15192,0.076,5.245,5.321
4844922.15,15194,1.566,3.928,5.494
4844978.72,15193,0.131,4.127,4.257
4845002.72,15192,0.157,7.131,7.288
4845013.81,15193,0.068,6.08,6.148
4845015.18,15194,0.072,10.16,10.232
4845019.47,15192,1.186,8.248,9.434
4845020.17,15193,0.068,3.965,4.033
4845041.94,15194,0.075,5.032,5.107
4845062.62,15192,1.832,6.572,8.404
4845091.0,15193,0.12,6.292,6.411
4845101.4,15194,0.085,4.095,4.179
4845123.59,15192,0.089,7.128,7.217
4845142.11,15193,6.412,8.049,14.461
4845146.32,15194,0.06,4.081,4.141
4845166.89,15192,0.082,4.066,4.147
4845177.64,15193,0.146,4.27,4.417
4845191.23,15194,0.07,6.936,7.006
4845196.06,15192,0.059,9.229,9.288
4845211.79,15193,0.084,5.997,6.081
4845228.07,15194,2.025,8.002,10.027
4845259.76,15192,0.074,4.035,4.109
4845318.28,15193,0.098,4.019,4.117
4845324.98,15194,0.07,7.865,7.935
4845332.17,15192,0.074,8.057,8.131
4845332.48,15193,0.039,7.593,7.632
4845336.4,15194,0.062,8.023,8.084
4845369.44,15192,0.086,8.09,8.176
4845376.44,15193,0.074,3.98,4.055
4845395.11,15194,0.087,4.115,4.202
4845436.09,15192,0.874,10.019,10.892
4845440.2,15193,1.736,7.117,8.853
4845495.17,15194,0.075,6.034,6.109
4845501.15,15192,0.063,4.024,4.088
4845519.23,15193,0.077,8.108,8.185
4845538.48,15194,0.11,4.052,4.163
4845561.47,15192,0.337,4.102,4.438
4845571.92,15193,0.136,6.005,6.141
4845580.78,15194,0.098,4.074,4.172
4845615.73,15192,1.036,8.606,9.642
4845624.57,15193,0.103,3.992,4.095
4845663.39,15194,0.122,4.363,4.485
4845667.66,15192,0.384,4.09,4.474
4845678.06,15193,0.083,8.049,8.132
4845751.28,15194,0.115,7.096,7.211
4845777.93,15192,0.112,5.974,6.087
4845810.26,15193,0.141,4.184,4.325
4845843.91,15194,1.397,4.105,5.502
4845858.47,15192,0.077,8.03,8.107
4845887.54,15193,0.129,4.435,4.564
4845891.37,15194,0.116,7.024,7.141
4845892.53,15192,0.285,6.198,6.483
4845897.6,15193,0.06,9.153,9.213
4845904.59,15192,0.066,7.067,7.133
4845950.65,15193,0.103,5.448,5.551
4845958.03,15194,0.087,3.946,4.033
4845962.75,15192,0.081,4.078,4.16
4845977.46,15193,0.081,9.627,9.708
4846011.03,15194,0.071,3.979,4.051
4846031.86,15192,1.665,5.786,7.451
4846034.96,15193,0.086,6.944,7.03
4846036.18,15194,0.047,5.989,6.037
4846057.16,15192,0.085,4.023,4.108
4846078.87,15193,0.077,7.85,7.927
4846166.68,15194,0.102,4.057,4.159
4846179.01,15192,0.097,5.918,6.015
4846186.45,15193,0.079,4.116,4.195
4846209.82,15194,0.14,8.589,8.729
4846218.35,15192,0.902,8.399,9.301
4846241.82,15193,0.09,4.114,4.204
4846258.68,15194,1.78,8.615,10.395
4846261.3,15192,0.058,8.093,8.151
4846274.24,15193,0.087,4.124,4.211
4846280.17,15194,0.069,4.151,4.221
4846306.11,15192,1.021,8.054,9.075
4846360.99,15193,0.172,5.479,5.651
4846403.38,15194,0.084,12.242,12.326
4846445.31,15192,0.153,9.753,9.905
4846470.98,15193,0.1,4.25,4.35
4846478.52,15194,0.093,6.102,6.195
4846511.11,15192,0.072,3.994,4.066
4846526.57,15193,0.13,7.009,7.139
4846540.27,15194,0.106,4.02,4.126
4846558.92,15192,0.197,4.118,4.316
4846643.95,15193,0.176,4.124,4.3
4846658.11,15194,0.118,8.271,8.389
4846685.25,15192,1.729,9.147,10.875
4846692.95,15193,0.204,12.208,12.412
4846722.75,15194,0.11,4.005,4.116
4846729.04,15192,0.09,4.106,4.196
4846738.97,15193,0.088,4.265,4.353
4846743.95,15194,0.104,4.222,4.326
4846783.16,15192,0.124,4.034,4.158
4846845.39,15193,0.099,7.213,7.312
4846854.75,15194,0.131,11.574,11.705
4846868.24,15192,0.079,4.135,4.213
4846901.17,15193,0.086,4.053,4.139
4846941.44,15192,1.981,6.346,8.327
4846942.67,15194,3.026,11.588,14.614
4846953.4,15193,0.082,4.277,4.359
4847004.88,15192,0.082,5.001,5.083
4847035.39,15194,0.083,8.299,8.383
4847048.87,15193,0.1,4.069,4.169
4847057.91,15192,0.128,4.022,4.149
4847061.15,15194,0.062,4.32,4.382
4847089.91,15193,0.164,8.264,8.428
4847090.17,15192,0.06,8.047,8.108
4847191.08,15194,1.028,11.002,12.03
4847198.99,15193,0.079,4.104,4.183
4847288.46,15192,0.144,6.23,6.374
4847312.28,15194,0.159,3.956,4.114
4847503.01,15193,0.125,4.171,4.296
4847733.92,15192,0.165,4.965,5.13
4847966.47,15194,0.193,4.189,4.382
4847982.95,15193,0.108,6.227,6.336
4848029.19,15192,0.142,8.158,8.3
4848121.25,15194,0.144,4.233,4.376
4848259.2,15193,2.045,6.075,8.12
4848263.2,15192,0.075,4.164,4.239
4848315.54,15193,0.108,3.951,4.059
4848371.36,15194,0.108,8.417,8.525
4848372.16,15192,1.73,7.059,8.789
4848411.17,15193,0.088,7.026,7.114
4848450.32,15192,0.158,9.274,9.432
4848451.21,15194,0.057,8.701,8.758
4848475.11,15193,1.987,9.039,11.026
4848562.23,15194,0.823,6.009,6.831
4848665.06,15192,0.157,6.11,6.267
4848740.64,15193,0.197,12.013,12.21
4848744.78,15194,4.462,6.687,11.148
4848776.27,15192,0.101,6.285,6.386
4848857.08,15193,0.111,7.946,8.057
4848877.64,15194,0.094,6.082,6.176
4849114.8,15192,0.263,6.176,6.439
4849176.27,15193,0.109,7.089,7.198
4849274.56,15194,0.165,4.312,4.478
4849354.03,15192,0.103,6.033,6.136
4849354.25,15193,1.827,6.14,7.966
4849512.1,15194,0.19,4.101,4.291
4849566.42,15192,0.266,4.236,4.502
4849632.79,15193,0.203,7.552,7.754
4849758.33,15194,0.166,7.086,7.253
4849762.32,15192,0.088,8.07,8.158
4849766.48,15193,0.056,8.379,8.435
4849786.55,15194,0.113,8.339,8.452
4849968.01,15192,0.161,4.109,4.27
4850019.46,15193,0.161,4.025,4.186
4850072.94,15194,0.114,6.172,6.285
4850107.6,15192,0.101,4.126,4.227
4850169.82,15193,0.218,4.009,4.227
4850178.21,15194,0.106,4.047,4.153
4850229.22,15192,0.112,11.017,11.129
4850325.87,15193,0.113,4.218,4.331
4850358.5,15194,0.167,5.611,5.778
4850412.13,15192,0.092,3.982,4.073
4850423.31,15193,0.224,4.13,4.354
4850467.17,15194,0.087,5.482,5.569
4850468.9,15192,0.068,4.007,4.075
4850492.03,15193,0.077,3.995,4.072
4850507.24,15192,0.081,3.961,4.042
4850540.29,15194,0.121,8.088,8.209
4850579.95,15193,0.182,4.118,4.301
4850621.18,15192,0.141,4.774,4.916
4850647.08,15194,0.1,9.589,9.689
4850648.38,15193,0.098,5.222,5.32
4850682.67,15192,0.122,3.968,4.089
4850711.88,15194,0.113,7.132,7.245
4850712.47,15193,0.151,4.162,4.313
4850726.12,15192,0.074,4.032,4.107
4850764.15,15194,0.082,8.01,8.092
4850773.12,15193,0.072,5.438,5.51
4850782.19,15192,0.13,4.043,4.174
4850871.26,15194,0.12,7.465,7.585
4850885.79,15193,0.123,4.964,5.087
4851017.78,15192,1.374,6.67,8.044
4851029.23,15194,0.132,4.06,4.192
4851063.27,15192,3.769,10.176,13.945
4851063.5,15193,2.034,12.418,14.452
4851115.28,15194,0.103,4.094,4.197
4851126.08,15192,0.081,4.113,4.194
4851149.79,15193,0.092,4.516,4.608
4851200.16,15194,0.106,3.999,4.105
4851241.76,15192,0.076,5.056,5.132
4851341.67,15193,0.109,4.072,4.182
4851370.27,15194,0.186,4.055,4.241
4851394.74,15192,0.118,6.948,7.066
4851411.13,15193,0.082,11.177,11.26
4851413.08,15194,2.668,10.004,12.672
4851428.49,15192,0.076,3.962,4.038
4851461.08,15193,0.098,4.095,4.192
4851465.54,15194,0.516,4.145,4.661
4851483.94,15192,0.1,6.112,6.212
4851600.54,15193,0.138,4.093,4.231
4851605.72,15194,0.085,4.129,4.214
4851666.57,15192,0.219,7.561,7.78
4851685.13,15193,0.106,4.45,4.556
4851708.77,15194,0.102,4.167,4.269
4851728.4,15192,0.081,4.109,4.19
4851736.14,15193,0.068,8.424,8.492
4851738.84,15192,1.056,6.496,7.552
4851746.3,15194,0.065,7.014,7.079
4851810.17,15193,0.079,5.157,5.236
4851898.13,15192,0.091,6.511,6.602
4851940.52,15194,0.107,6.318,6.425
4851943.0,15193,0.072,4.642,4.713
4851951.6,15194,0.101,4.334,4.435
4851951.95,15192,0.183,6.599,6.782
4851959.13,15193,0.091,4.208,4.299
4851973.14,15194,0.907,6.025,6.932
4851977.13,15192,0.064,8.009,8.073
4852005.23,15193,0.093,4.317,4.411
4852048.83,15194,0.102,6.06,6.163
4852060.39,15192,0.079,3.954,4.033
4852083.63,15193,0.077,6.897,6.974
4852086.46,15194,0.058,6.216,6.274
4852089.82,15192,2.282,6.084,8.366
4852126.54,15193,0.122,4.992,5.114
4852134.71,15194,0.076,6.156,6.232
4852135.15,15192,0.08,4.01,4.09
4852158.76,15193,0.067,4.058,4.125
4852178.91,15194,0.078,4.007,4.085
4852223.44,15192,0.191,4.633,4.823
4852248.22,15193,0.09,4.076,4.166
4852254.69,15194,0.086,6.049,6.135
4852325.03,15192,0.153,4.252,4.405
4852329.26,15193,0.269,4.032,4.301
4852400.45,15194,0.082,4.299,4.381
4852577.34,15192,0.933,8.101,9.034
4852626.83,15193,0.18,4.576,4.756
4852652.45,15194,0.105,7.811,7.916
4852831.84,15192,1.756,4.762,6.518
4852836.25,15194,0.076,4.12,4.196
4852836.42,15193,0.711,7.106,7.818
4852845.54,15192,0.085,4.081,4.166
4852883.3,15194,0.093,8.034,8.127
4852987.48,15193,0.105,7.58,7.685
4853001.47,15192,0.077,4.146,4.223
4853016.45,15194,0.083,4.239,4.322
4853171.05,15193,0.17,4.011,4.18
4853195.13,15192,2.035,10.03,12.065
4853195.34,15194,0.059,6.666,6.725
4853234.52,15193,0.164,4.099,4.264
4853339.24,15192,1.603,4.03,5.634
4853416.23,15194,0.141,4.231,4.372
4853469.82,15193,0.117,4.976,5.093
4853483.4,15192,0.12,4.044,4.164
4853515.53,15194,0.1,8.12,8.22
4853565.59,15193,0.162,4.041,4.204
4853662.17,15192,0.156,6.162,6.318
4853696.0,15194,0.166,4.049,4.215
4853704.26,15193,0.141,3.946,4.087
4853805.84,15192,0.106,4.1,4.206
4854000.41,15194,0.173,4.254,4.427
4854032.04,15193,1.34,8.917,10.257
4854111.71,15192,0.121,7.39,7.511
4854151.84,15194,0.095,4.082,4.177
4854247.79,15193,0.119,4.199,4.318
4854253.76,15193,0.124,4.388,4.512
4854255.8,15192,0.107,8.096,8.203
4854276.17,15194,0.08,10.102,10.183
4854281.11,15193,1.035,6.024,7.059
4854349.5,15194,0.13,7.845,7.974
4854414.94,15192,0.112,6.211,6.323
4854465.29,15193,0.093,4.136,4.229
4854477.44,15194,0.087,3.956,4.044
4854495.73,15192,0.494,7.635,8.129
4854663.27,15193,0.165,8.124,8.289
4854701.91,15194,0.143,4.045,4.188
4854775.36,15192,0.135,4.134,4.268
4854882.67,15193,0.132,3.942,4.074
4854941.5,15194,0.12,6.092,6.212
4855029.82,15192,0.108,8.049,8.157
4855043.28,15193,1.785,4.187,5.972
4855135.32,15194,0.131,8.119,8.249
4855255.03,15192,0.178,4.079,4.257
4855270.08,15193,0.13,4.101,4.231
4855283.88,15194,0.089,7.737,7.825
4855313.4,15192,0.088,4.05,4.138
4855320.23,15193,0.074,4.007,4.082
4855326.72,15194,0.075,4.091,4.166
4855427.97,15192,1.844,7.857,9.7
4855526.58,15193,0.095,6.135,6.23
4855539.57,15194,1.546,3.978,5.524
4855556.34,15192,0.138,4.255,4.393
4855607.13,15193,0.221,7.968,8.189
4855687.12,15194,0.133,6.138,6.271
4855729.06,15192,1.265,3.963,5.228
4855770.55,15193,0.133,7.617,7.75
4855809.26,15194,0.122,4.34,4.461
4855855.06,15192,0.109,6.05,6.159
4855876.63,15193,0.092,8.416,8.509
4855955.9,15194,0.089,4.65,4.74
4855973.72,15192,0.095,6.098,6.192
4856033.7,15193,0.087,6.451,6.538
4856059.72,15194,0.079,7.582,7.661
4856071.44,15192,0.126,4.242,4.367
4856140.06,15193,0.136,8.05,8.186
4856160.21,15194,1.7,4.144,5.845
4856222.24,15192,0.159,6.13,6.29
4856233.72,15193,0.084,7.044,7.128
4856426.98,15194,0.159,5.345,5.504
4856467.4,15192,0.105,4.006,4.111
4856662.29,15193,0.183,6.887,7.07
4856710.25,15194,1.164,8.06,9.224
4856710.55,15192,0.059,6.442,6.502
4856765.5,15193,0.214,4.824,5.037
4856932.61,15194,0.204,4.224,4.428
4856954.14,15192,0.157,7.055,7.212
4856979.14,15193,2.03,8.048,10.078
4857152.54,15194,0.173,4.034,4.207
4857422.22,15192,0.315,6.088,6.403
4857460.22,15193,0.122,5.028,5.151
4857490.26,15194,0.142,8.04,8.182
4857514.4,15192,0.117,7.113,7.231
4857604.59,15193,0.204,5.681,5.886
4857651.13,15194,1.283,11.165,12.448
4857731.58,15192,0.141,6.846,6.987
4857815.03,15193,0.129,6.064,6.194
4857833.59,15194,0.086,8.184,8.27
4857858.41,15192,0.096,3.946,4.041
4858014.57,15193,0.137,4.084,4.221
4858078.25,15194,0.189,3.967,4.156
4858139.08,15192,0.543,4.097,4.64
4858179.44,15193,1.107,8.328,9.435
4858179.53,15194,0.087,6.061,6.147
4858436.38,15192,1.052,6.539,7.591
4858504.59,15193,0.135,6.891,7.026
4858506.94,15194,0.148,4.871,5.019
4858645.66,15192,0.134,6.083,6.217
4858682.12,15193,0.108,9.539,9.647
4858825.32,15194,0.126,4.12,4.246
4858843.51,15192,0.121,4.214,4.335
4858851.95,15193,0.206,6.341,6.547
4858927.76,15194,0.103,4.016,4.119
4858973.35,15192,0.089,6.2,6.289
4859010.52,15193,0.098,8.078,8.176
4859218.06,15194,0.117,4.074,4.191
4859269.23,15192,1.397,6.06,7.458
4859533.36,15193,0.153,8.024,8.177
4859594.15,15194,0.191,3.999,4.189
4859625.74,15192,0.136,4.237,4.374
4859637.33,15193,0.09,4.711,4.8
4859649.81,15194,0.578,4.163,4.74
4859662.89,15192,0.104,3.992,4.096
4859679.29,15193,0.23,6.104,6.334
4859697.38,15194,0.088,8.008,8.096
4859713.47,15192,0.086,8.049,8.135
4859730.36,15193,1.416,4.162,5.579
4859735.9,15194,0.059,4.014,4.073
4859744.33,15192,0.064,5.121,5.185
4859763.21,15193,0.059,8.109,8.168
4859775.14,15194,0.069,7.024,7.093
4859789.08,15192,0.081,8.048,8.129
4859805.79,15193,0.125,4.059,4.184
4859848.65,15194,0.103,8.053,8.156
4859859.52,15192,0.071,8.201,8.272
4859866.38,15193,1.374,5.304,6.678
4859886.78,15194,0.078,4.059,4.137
4859894.31,15192,0.065,4.031,4.096
4859920.86,15193,0.092,7.715,7.807
4859920.96,15194,0.067,7.301,7.368
4859948.65,15192,0.087,6.052,6.139
4859965.16,15193,1.553,5.053,6.606
4859969.51,15194,0.072,7.642,7.714
4859970.31,15192,0.053,6.09,6.143
4859970.63,15193,0.047,4.032,4.079
4859995.77,15194,0.09,8.077,8.167
4860053.33,15192,0.132,4.465,4.597
4860069.46,15193,0.143,4.101,4.244
4860075.74,15192,0.124,6.03,6.153
4860076.82,15194,0.081,11.205,11.286
4860083.15,15193,0.114,5.632,5.746
4860085.85,15192,0.059,4.341,4.4
4860117.18,15194,0.102,13.114,13.216
4860117.91,15193,0.062,5.071,5.133
4860157.33,15192,0.102,4.047,4.149
4860164.47,15194,0.094,4.274,4.369
4860168.29,15193,0.117,4.135,4.252
4860205.61,15194,0.075,13.125,13.199
4860265.33,15192,0.115,3.992,4.107
4860320.64,15193,0.148,6.076,6.225
4860368.46,15194,0.349,4.049,4.398
4860405.25,15192,0.077,7.088,7.165
4860484.26,15193,0.109,4.189,4.297
4860493.07,15194,0.091,3.928,4.019
4860518.23,15192,0.802,6.085,6.887
4860541.1,15193,2.695,6.011,8.706
4860552.72,15194,0.101,5.988,6.088
4860574.27,15192,0.098,4.104,4.202
4860630.96,15193,0.148,6.017,6.166
4860639.53,15194,0.089,5.812,5.901
4860719.34,15192,0.12,4.102,4.222
4860728.18,15193,0.07,8.779,8.849
4860750.86,15192,0.095,7.61,7.705
4860751.47,15194,0.06,5.061,5.122
4860796.89,15193,0.186,8.529,8.715
4860839.63,15192,0.163,5.54,5.703
4860860.95,15194,0.091,6.4,6.491
4860867.48,15193,1.557,7.134,8.691
4860874.99,15194,0.079,5.114,5.193
4860884.12,15192,0.067,7.0,7.067
4860902.74,15194,0.07,4.184,4.254
4860905.26,15193,0.054,4.063,4.117
4860919.05,15194,0.095,4.178,4.273
4860923.93,15192,0.069,5.166,5.235
4860945.8,15194,0.081,12.24,12.321
4860948.45,15193,0.07,11.207,11.277
4860971.02,15192,0.087,6.87,6.957
4860978.61,15194,0.072,4.219,4.291
4860981.55,15193,0.073,4.112,4.185
4861006.61,15192,0.08,5.904,5.985
4861008.8,15194,0.051,5.586,5.636
4861027.56,15193,0.166,8.223,8.389
4861050.62,15194,0.565,5.539,6.104
4861086.11,15192,0.082,7.979,8.061
4861124.68,15193,0.076,7.45,7.526
4861126.79,15194,0.312,5.731,6.043
4861160.24,15192,0.088,6.581,6.669
4861199.92,15193,0.073,6.044,6.117
4861210.71,15194,0.063,7.165,7.227
4861232.19,15192,0.122,4.066,4.188
4861280.96,15193,0.083,7.68,7.763
4861284.22,15194,1.488,6.135,7.623
4861306.71,15192,0.156,6.224,6.38
4861309.39,15193,1.441,5.272,6.713
4861318.42,15194,0.189,4.167,4.356
4861331.22,15192,0.106,4.043,4.149
4861339.43,15193,0.059,8.054,8.113
4861372.34,15194,0.081,4.136,4.217
4861387.74,15192,0.076,4.145,4.222
4861417.09,15193,0.068,4.045,4.114
4861490.96,15194,0.102,3.985,4.086
4861499.16,15192,0.091,7.992,8.083
4861568.33,15193,1.607,7.132,8.739
4861622.1,15194,0.177,7.625,7.802
4861632.43,15192,0.223,4.007,4.229
4861671.63,15193,0.141,4.073,4.214
4861679.86,15194,0.106,4.099,4.204
4861689.19,15192,0.076,5.026,5.102
4861724.23,15193,0.117,4.141,4.258
4861762.81,15194,0.134,4.26,4.394
4861767.7,15192,0.079,6.133,6.211
4861781.21,15194,0.131,8.968,9.099
4861796.28,15193,0.078,6.741,6.82
4861804.75,15192,0.078,3.947,4.025
4861824.22,15194,0.067,11.106,11.173
4861826.1,15193,0.111,9.03,9.141
4861891.14,15192,2.113,7.989,10.102
4861908.48,15194,0.068,9.981,10.049
4861911.15,15193,0.49,11.068,11.558
4861917.96,15192,0.07,4.053,4.123
4861948.5,15194,0.22,4.212,4.432
4861975.64,15193,0.092,4.127,4.219
4861991.91,15192,0.102,6.628,6.73
4862004.63,15194,0.068,6.092,6.161
4862030.15,15193,0.964,8.077,9.041
4862036.07,15192,2.334,5.961,8.295
4862076.47,15194,0.095,4.243,4.339
4862090.66,15193,0.085,7.749,7.834
4862110.08,15192,0.08,3.945,4.025
4862135.99,15194,0.074,6.067,6.141
4862261.68,15193,0.082,6.068,6.149
4862402.53,15192,0.131,4.04,4.171
4862455.57,15194,0.128,10.359,10.487
4862817.41,15193,0.162,4.106,4.268
4862974.24,15192,1.727,8.108,9.835
4862992.24,15194,0.137,4.131,4.267
4863101.39,15193,0.156,4.106,4.262
4863196.25,15192,0.147,4.029,4.176
4863271.33,15194,0.192,4.145,4.338
4863379.14,15193,0.889,9.034,9.924
4863411.2,15192,0.119,3.954,4.074
4863497.81,15194,0.107,4.038,4.145
4863519.72,15193,0.085,8.023,8.108
4863537.72,15192,0.068,5.017,5.085
4863558.69,15194,0.1,3.99,4.09
4863564.98,15193,1.098,3.924,5.022
4863571.65,15192,0.315,6.462,6.777
4863594.71,15194,0.14,5.122,5.261
4863614.09,15193,3.62,8.0,11.62
4863714.25,15192,0.154,4.016,4.171
4863914.45,15194,0.157,7.65,7.808
4864196.79,15193,0.151,5.209,5.36
4864227.2,15192,0.125,7.004,7.128
4864293.71,15194,0.111,6.176,6.287
4864304.86,15193,0.085,6.02,6.105
4864384.4,15192,0.117,8.204,8.321
4864408.17,15194,0.144,4.043,4.188
4864606.4,15193,2.169,4.156,6.325
4864763.38,15192,0.173,9.155,9.327
4864792.76,15194,0.162,8.42,8.582
4864822.57,15193,0.138,4.017,4.155
4864851.27,15192,2.374,8.11,10.484
4864858.08,15194,0.132,4.143,4.275
4865031.21,15193,0.137,4.112,4.249
4865062.18,15192,0.126,9.154,9.28
4865068.18,15194,0.057,9.07,9.127
4865119.81,15193,0.231,4.14,4.37
4865183.69,15192,0.181,3.984,4.165
4865207.24,15194,0.117,4.059,4.176
4865273.07,15193,0.106,4.735,4.842
4865388.14,15192,0.119,4.189,4.308
4865536.24,15194,2.188,4.008,6.197
4865557.78,15193,1.732,5.685,7.417
4865592.85,15192,0.167,6.0,6.167
4865602.99,15194,0.121,6.156,6.277
4865694.53,15193,2.476,4.34,6.816
4865954.44,15192,0.14,8.207,8.347
4865965.11,15194,0.121,4.089,4.21
4866040.25,15193,0.122,7.193,7.315
4866098.11,15192,0.124,8.328,8.452
4866161.38,15194,0.121,4.014,4.135
4866186.27,15193,0.12,4.074,4.194
4866202.31,15192,0.097,4.058,4.155
4866309.72,15194,0.096,7.356,7.452
4866391.93,15193,0.105,4.075,4.18
4866579.54,15192,0.143,9.305,9.448
4866824.12,15194,0.137,6.105,6.242
4866944.22,15193,0.152,7.979,8.131
4866951.94,15192,0.112,6.762,6.874
4867186.29,15194,0.155,4.052,4.206
4867263.88,15193,0.126,4.166,4.292
4867337.09,15192,0.208,4.031,4.239
4867349.35,15194,0.102,4.12,4.221
4867375.08,15193,0.087,12.036,12.123
4867375.21,15192,0.058,9.169,9.227
4867395.11,15194,0.078,8.001,8.079
4867402.73,15193,0.057,4.0,4.058
4867509.31,15192,0.095,6.037,6.132
4867517.17,15194,2.065,4.002,6.067
4867525.46,15193,0.06,8.244,8.304
4867695.43,15194,0.161,4.009,4.17
4867738.2,15192,0.194,7.361,7.555
4867749.87,15193,0.088,5.082,5.171
4867870.86,15194,0.121,6.438,6.559
4867993.95,15192,0.157,6.043,6.2
4868255.26,15193,0.14,8.043,8.184
4868270.98,15194,0.114,5.136,5.25
4868281.5,15192,0.371,8.386,8.757
4868296.53,15193,0.084,7.088,7.172
4868297.68,15194,0.054,4.592,4.646
4868307.8,15192,0.093,3.973,4.066
4868316.14,15193,0.071,4.096,4.167
4868345.72,15194,0.115,5.141,5.256
4868535.96,15192,0.222,4.229,4.451
4868701.15,15193,0.175,5.445,5.62
4868787.3,15194,0.138,4.088,4.227
4868827.95,15192,0.118,5.806,5.924
4868891.68,15193,0.119,4.033,4.152
4868923.33,15194,0.098,5.98,6.078
4868990.79,15192,0.186,4.144,4.33
4869025.4,15194,0.066,4.269,4.336
4869028.58,15193,4.038,9.475,13.513
4869074.97,15192,0.205,4.423,4.628
4869110.46,15194,0.094,4.308,4.402
4869244.06,15193,0.131,4.314,4.445
4869395.58,15192,0.23,3.96,4.19
4869590.74,15194,0.143,7.275,7.418
4869598.54,15193,0.15,4.114,4.264
4869676.36,15192,1.025,4.199,5.224
4869701.32,15194,0.124,4.119,4.243
4869778.41,15193,0.127,4.034,4.161
4869782.07,15192,0.121,4.166,4.287
4869814.88,15194,0.097,6.704,6.801
4869838.24,15193,0.097,4.019,4.116
4869857.72,15192,0.165,4.299,4.465
4869910.56,15194,0.094,6.169,6.263
4869959.68,15193,0.083,5.948,6.032
4870019.61,15192,0.188,8.185,8.373
4870039.08,15194,0.111,6.978,7.089
4870118.97,15193,0.144,6.619,6.763
4870140.93,15192,1.289,6.843,8.132
4870383.02,15194,0.141,4.043,4.184
4870400.16,15193,0.132,8.306,8.438
4870543.46,15192,0.196,4.263,4.459
4870575.82,15194,1.403,4.339,5.742
4870589.1,15193,0.118,3.98,4.098
4870778.31,15192,0.189,5.84,6.029
4870797.17,15194,0.107,5.992,6.099
4870962.95,15192,0.074,7.391,7.465
4870963.43,15193,0.136,8.018,8.154
4870963.73,15194,0.058,6.517,6.575
4870993.94,15192,0.105,4.072,4.177
4871004.54,15193,0.07,9.72,9.79
4871006.45,15194,0.057,10.041,10.098
4871008.11,15192,0.058,8.726,8.784
4871018.33,15193,0.057,11.783,11.84
4871020.24,15194,0.115,10.087,10.201
4871032.52,15192,0.085,4.207,4.291
4871081.53,15193,0.114,4.766,4.88
4871104.22,15194,2.023,11.135,13.159
4871124.6,15192,0.097,9.732,9.829
4871136.15,15193,1.385,8.06,9.445
4871155.13,15194,1.163,3.994,5.157
4871166.78,15192,0.081,4.057,4.137
4871209.3,15192,0.356,9.177,9.533
4871210.53,15193,0.091,15.078,15.169
4871214.04,15194,1.893,13.987,15.88
4871215.78,15192,6.356,6.385,12.74
4871224.8,15193,6.341,14.184,20.525
4871249.9,15194,0.09,4.064,4.154
4871258.17,15192,0.085,4.049,4.134
4871284.6,15193,0.099,8.071,8.169
4871294.5,15194,0.062,10.112,10.173
4871299.07,15193,0.06,8.99,9.05
4871310.77,15192,0.07,6.74,6.81
4871320.01,15194,0.052,8.246,8.299
4871333.19,15193,0.121,4.426,4.547
4871349.18,15192,1.713,4.068,5.781
4871349.2,15194,0.056,3.992,4.048
4871423.78,15193,0.106,4.086,4.193
4871424.99,15194,0.07,4.208,4.278
4871433.91,15192,0.078,4.232,4.31
4871467.63,15193,0.085,6.608,6.693
4871471.05,15194,0.071,6.065,6.136
4871512.54,15192,0.091,4.17,4.261
4871525.65,15193,0.08,4.105,4.185
4871540.6,15194,0.149,4.079,4.227
4871568.32,15192,0.071,8.971,9.043
4871590.04,15193,0.129,6.041,6.17
4871590.26,15194,1.933,6.159,8.091
4871598.72,15192,0.084,5.952,6.036
4871613.24,15193,0.082,7.963,8.045
4871677.48,15194,1.07,6.216,7.285
4871709.93,15192,0.103,8.754,8.857
4871711.81,15193,0.097,4.958,5.055
4871731.05,15192,0.114,4.114,4.228
4871743.07,15194,0.126,4.985,5.112
4871749.98,15192,0.068,4.057,4.125
4871750.88,15193,0.078,6.093,6.17
4871769.24,15194,0.085,5.118,5.203
4871804.16,15192,0.084,6.213,6.297
4871821.92,15193,0.089,4.488,4.577
4871895.65,15194,0.158,4.194,4.352
4871949.31,15192,0.092,4.064,4.156
4871989.5,15193,0.097,4.367,4.464
4872026.92,15194,0.165,9.349,9.513
4872077.68,15192,0.148,4.012,4.16
4872127.36,15193,0.13,4.484,4.614
4872148.34,15194,0.085,6.023,6.108
4872158.13,15192,0.067,8.013,8.08
4872169.29,15193,0.082,11.776,11.859
4872186.66,15192,0.108,4.16,4.268
4872256.39,15194,0.1,6.106,6.206
4872558.5,15193,0.186,4.535,4.721
4872595.69,15192,0.168,9.676,9.843
4872654.77,15194,2.102,11.564,13.666
4872655.21,15193,4.006,8.093,12.099
4872732.26,15192,0.292,8.073,8.366
4872742.59,15194,0.086,4.041,4.127
4872793.07,15193,0.141,4.045,4.185
4872804.9,15192,0.126,8.284,8.41
4872806.9,15194,0.067,9.061,9.127
4872889.14,15193,0.124,8.477,8.602
4872898.18,15192,0.069,11.23,11.299
4872959.94,15193,0.107,6.075,6.182
4872965.58,15194,0.1,4.102,4.202
4872968.94,15192,0.067,4.829,4.896
4872987.45,15193,0.071,5.477,5.548
4872996.93,15194,0.081,6.092,6.173
4872999.14,15192,0.072,6.035,6.107
4873006.07,15193,0.059,4.551,4.61
4873144.79,15194,0.147,5.65,5.798
4873170.17,15192,0.085,12.023,12.108
4873170.37,15193,1.631,8.271,9.902
4873180.14,15194,1.749,4.031,5.78
4873196.58,15192,0.081,4.47,4.551
4873250.53,15193,0.132,4.333,4.464
4873271.21,15194,0.808,4.065,4.873
4873368.13,15192,0.098,7.996,8.093
4873379.79,15193,0.074,9.036,9.11
4873402.92,15194,0.098,7.122,7.22
4873411.18,15192,0.099,8.074,8.174
4873445.74,15193,0.085,8.109,8.194
4873454.44,15194,0.079,4.057,4.136
4873487.06,15192,4.001,8.009,12.01
4873539.82,15193,0.107,7.46,7.567
4873540.84,15194,0.074,7.871,7.945
4873568.89,15192,0.138,3.979,4.117
4873648.67,15193,0.155,4.088,4.243
4873676.28,15194,0.159,3.991,4.15
4873705.41,15192,0.123,9.091,9.214
4873713.44,15193,0.092,7.031,7.122
4873719.12,15194,0.094,4.976,5.07
4873750.34,15192,0.109,8.102,8.211
4873801.78,15193,0.925,4.657,5.582
4873846.34,15194,0.12,4.774,4.894
4873849.22,15192,0.084,4.086,4.17
4873860.18,15194,2.244,6.105,8.349
4873878.01,15193,0.067,7.5,7.568
4873903.28,15192,0.076,4.155,4.23
4873932.65,15194,0.093,6.093,6.186
4873945.17,15193,0.068,8.057,8.125
4873990.08,15192,0.074,4.05,4.124
4874051.78,15194,0.28,4.05,4.33
4874093.29,15193,0.144,8.164,8.308
4874098.37,15192,0.074,7.884,7.958
4874133.13,15194,0.135,6.137,6.272
4874158.08,15193,0.079,3.956,4.035
4874225.61,15192,0.224,6.058,6.282
4874230.1,15194,0.079,7.017,7.096
4874231.4,15193,0.062,4.166,4.228
4874327.19,15192,3.54,8.041,11.581
4874391.86,15194,0.149,10.095,10.244
4874398.28,15193,0.088,10.019,10.107
4874463.97,15192,0.14,4.194,4.335
4874517.28,15194,1.468,4.116,5.584
4874564.79,15193,0.123,4.027,4.15
4874586.73,15192,0.412,8.595,9.006
4874611.47,15194,0.159,4.212,4.37
4874646.5,15193,0.17,9.951,10.121
4874695.24,15194,0.086,4.022,4.108
4874695.75,15192,0.265,9.039,9.305
4874715.61,15193,0.098,5.867,5.966
4874730.49,15194,0.091,7.171,7.262
4874757.24,15192,0.092,4.092,4.184
4874768.24,15193,0.132,6.364,6.495
4874807.77,15194,0.086,4.126,4.212
4874843.89,15194,0.065,4.168,4.234
4874845.16,15192,0.086,10.328,10.413
4874847.09,15193,0.107,8.028,8.135
4874853.29,15194,0.075,6.26,6.335
4874861.18,15192,0.063,8.068,8.131
4874876.26,15194,0.072,9.146,9.218
4874881.53,15193,0.299,12.076,12.376
4874883.2,15194,2.308,6.855,9.163
4874887.24,15192,1.135,16.137,17.272
4874889.62,15194,0.531,4.498,5.029
4874893.68,15194,2.243,4.008,6.251
4874896.18,15192,0.314,8.868,9.182
4874896.39,15193,1.624,11.287,12.911
4874939.19,15194,2.087,4.087,6.174
4875004.19,15192,0.121,4.006,4.127
4875065.43,15193,4.035,12.337,16.371
4875109.92,15194,0.202,4.341,4.542
4875237.42,15192,3.422,6.294,9.716
4875267.5,15193,0.123,6.309,6.432
4875357.67,15194,0.136,4.073,4.209
4875357.96,15192,0.128,4.034,4.162
4875583.89,15193,0.18,4.196,4.375
4875666.39,15194,0.159,7.028,7.187
4875679.24,15192,2.412,8.093,10.505
4875683.56,15193,0.067,6.439,6.506
4875862.82,15194,0.144,4.068,4.212
4875871.27,15192,0.1,8.013,8.113
4875950.43,15193,0.117,6.135,6.252
4875965.71,15194,0.122,7.072,7.194
4875986.14,15192,0.098,7.989,8.087
4876108.39,15193,0.139,7.001,7.14
4876209.51,15194,0.145,6.043,6.188
4876250.25,15192,0.139,4.024,4.163
4876285.96,15193,0.13,6.034,6.164
4876309.25,15194,0.092,4.084,4.177
4876397.54,15192,0.094,4.109,4.204
4876516.9,15193,0.123,6.055,6.178
4876594.84,15194,0.171,7.71,7.881
4876609.98,15192,0.116,5.627,5.743
4876748.49,15193,0.15,10.593,10.742
4876749.5,15194,0.087,4.605,4.691
4876816.69,15192,0.117,7.212,7.329
4876835.29,15193,0.1,4.133,4.233
4876864.71,15194,0.108,4.11,4.218
4876919.2,15192,0.122,4.155,4.277
4877063.51,15193,1.036,4.408,5.445
4877079.47,15194,1.576,4.32,5.896
4877154.86,15192,0.121,8.139,8.261
4877259.35,15193,0.122,6.167,6.289
4877371.76,15194,0.11,4.172,4.282
4877472.59,15193,0.123,4.114,4.237
4877473.92,15192,0.242,5.539,5.781
4877543.43,15194,0.136,4.556,4.691
4877880.67,15193,0.549,4.045,4.594
4878008.01,15192,0.198,6.276,6.474
4878044.16,15194,0.153,3.971,4.124
4878049.14,15193,0.094,4.145,4.239
4878171.96,15192,0.148,4.088,4.235
4878233.13,15194,1.999,8.055,10.055
4878475.17,15193,0.208,9.026,9.234
4878500.17,15192,0.141,4.002,4.143
4878558.82,15194,0.148,4.047,4.195
4878753.09,15193,0.169,4.039,4.208
4878803.72,15192,0.119,4.097,4.217
4878813.25,15194,0.136,5.619,5.755
4878820.48,15193,0.082,4.338,4.42
4879012.77,15192,0.149,6.071,6.22
4879074.62,15194,0.2,8.252,8.452
4879139.42,15193,0.147,4.176,4.323
4879184.65,15192,0.125,8.07,8.194
4879206.55,15194,0.099,4.129,4.228
4879234.19,15193,0.086,8.049,8.135
4879368.3,15192,0.114,3.963,4.077
4879455.22,15194,0.138,9.094,9.232
4879518.09,15193,0.099,6.05,6.149
4879639.11,15192,0.624,7.978,8.602
4879794.5,15194,0.168,6.147,6.315
4879896.83,15193,0.139,6.23,6.368
4879923.23,15192,0.114,6.049,6.163
4879987.74,15194,0.123,4.05,4.173
4880153.18,15193,0.15,4.204,4.355
4880231.52,15192,0.238,8.357,8.595
4880266.26,15194,1.8,4.087,5.886
4880272.75,15193,0.075,6.057,6.132
4880319.56,15192,0.104,4.118,4.222
4880500.77,15194,0.161,6.402,6.563
4880616.28,15193,0.123,7.067,7.189
4880986.94,15192,0.182,5.069,5.251
4881014.53,15194,0.137,7.314,7.451
4881036.3,15193,0.135,6.094,6.229
4881077.17,15192,0.102,4.002,4.104
4881190.84,15194,0.174,6.13,6.304
4881228.2,15193,0.117,8.161,8.278
4881274.26,15192,0.127,4.188,4.315
4881278.75,15194,0.096,4.079,4.175
4881291.7,15193,0.082,4.124,4.206
4881395.94,15192,0.162,5.134,5.296
4881506.73,15194,1.746,7.607,9.353
4881651.6,15193,0.154,7.217,7.371
4881713.55,15192,0.13,8.295,8.424
4881719.22,15194,0.076,9.089,9.165
4881747.13,15193,0.113,7.14,7.253
4881822.59,15192,0.14,5.97,6.11
4882025.57,15194,0.137,7.084,7.221
4882035.14,15193,0.168,5.75,5.919
4882052.66,15192,0.086,6.377,6.463
4882077.49,15194,0.1,4.093,4.193
4882210.35,15193,0.215,4.02,4.235
4882240.13,15192,0.121,8.231,8.352
4882245.45,15194,0.118,4.392,4.51
4882296.67,15193,0.168,4.091,4.258
4882338.65,15194,0.061,3.996,4.057
4882339.2,15192,2.235,6.071,8.306
4882353.66,15193,0.125,4.118,4.243
4882373.09,15194,0.081,3.963,4.045
4882393.38,15192,0.09,6.422,6.512
4882411.4,15193,0.115,3.987,4.102
4882425.24,15194,0.079,3.997,4.076
4882443.03,15192,0.057,6.928,6.985
4882444.75,15193,0.082,5.101,5.183
4882482.75,15194,0.077,7.017,7.093
4882494.61,15192,0.085,7.083,7.169
4882560.91,15193,0.085,5.776,5.861
4882595.09,15194,0.164,4.903,5.068
4882598.43,15192,0.081,3.999,4.08
4882628.79,15194,0.176,4.245,4.421
4882672.49,15193,0.165,4.005,4.171
4882742.34,15192,1.476,4.032,5.508
4882748.0,15194,0.098,4.056,4.153
4882765.5,15193,0.184,3.966,4.15
4882800.86,15192,0.1,4.696,4.796
4882825.0,15194,0.132,4.329,4.461
4882832.68,15193,0.14,4.062,4.202
4882878.1,15192,6.305,5.008,11.313
4882904.18,15194,0.101,3.992,4.094
4882914.91,15193,0.155,4.108,4.263
4882943.92,15192,0.084,5.018,5.101
4882954.14,15194,0.058,6.031,6.089
4882981.97,15193,0.098,3.963,4.061
4882988.72,15192,0.139,4.031,4.17
4882990.54,15194,0.064,4.786,4.85
4882993.66,15193,0.086,4.005,4.091
4883026.92,15192,0.056,5.214,5.27
4883029.55,15194,0.138,8.2,8.338
4883044.73,15193,0.073,4.068,4.141
4883082.1,15192,0.086,4.005,4.092
4883138.35,15194,0.092,5.048,5.14
4883164.16,15193,0.09,5.158,5.248
4883205.07,15192,0.173,4.309,4.481
4883238.45,15194,2.035,11.355,13.39
4883238.57,15193,3.856,9.49,13.346
4883271.23,15192,0.177,4.013,4.189
4883288.85,15194,1.052,6.816,7.868
4883295.54,15193,0.066,10.326,10.392
4883295.65,15192,2.233,6.692,8.925
4883313.47,15194,0.071,5.973,6.044
4883335.23,15193,0.061,12.129,12.19
4883335.34,15192,0.189,10.258,10.447
4883347.19,15194,0.061,6.658,6.719
4883356.06,15193,0.076,4.058,4.134
4883382.44,15192,0.079,7.204,7.283
4883416.61,15194,0.849,8.54,9.389
4883439.76,15193,0.103,4.069,4.172
4883478.09,15192,0.114,6.188,6.302
4883494.49,15194,0.07,6.383,6.453
4883547.91,15193,0.167,3.978,4.145
4883591.28,15192,0.702,6.059,6.761
4883603.67,15194,0.124,4.168,4.292
4883610.18,15193,0.102,4.275,4.376
4883637.58,15192,0.091,4.01,4.101
4883663.86,15194,0.15,4.345,4.495
4883690.26,15193,0.136,4.161,4.296
4883699.51,15192,0.094,4.337,4.431
4883733.08,15194,0.095,6.503,6.599
4883739.45,15193,0.08,4.018,4.098
4883750.89,15192,0.087,4.241,4.329
4883777.93,15194,0.076,4.125,4.201
4883798.47,15192,0.133,3.986,4.118
4883799.39,15193,0.072,6.72,6.792
4883804.65,15194,0.049,7.171,7.22
4883895.8,15192,0.104,6.99,7.094
4883917.93,15193,0.092,4.008,4.1
4883943.44,15194,1.613,12.364,13.976
4883945.09,15192,2.054,8.001,10.055
4883951.12,15193,3.977,8.066,12.043
4884091.95,15194,0.118,4.303,4.421
4884107.38,15192,0.097,4.117,4.215
4884130.32,15193,0.108,3.944,4.052
4884142.84,15192,0.055,6.735,6.79
4884143.12,15194,0.064,10.01,10.073
4884156.15,15193,0.171,4.019,4.19
4884161.81,15194,0.063,9.37,9.433
4884162.18,15192,0.047,7.894,7.941
4884174.44,15193,0.099,4.1,4.2
4884184.33,15194,0.077,8.041,8.117
4884186.9,15192,0.051,6.811,6.861
4884192.45,15193,0.077,5.764,5.841
4884221.1,15194,4.033,12.018,16.051
4884223.32,15192,5.181,10.239,15.42
4884229.63,15193,0.063,4.043,4.105
4884264.96,15194,0.095,5.424,5.52
4884278.53,15192,0.115,5.98,6.095
4884346.39,15193,0.103,4.14,4.243
4884377.04,15194,2.076,3.984,6.06
4884415.55,15192,0.13,6.445,6.575
4884530.66,15193,3.048,3.961,7.009
4884567.53,15194,0.121,4.03,4.152
4884808.7,15192,2.777,7.51,10.287
4884977.14,15193,0.149,4.016,4.165
4884983.34,15194,0.11,3.971,4.081
4885041.88,15192,0.121,5.702,5.823
4885073.22,15193,0.094,4.061,4.155
4885122.28,15194,0.282,11.727,12.008
4885125.24,15193,0.059,9.323,9.382
4885125.42,15192,0.111,11.257,11.368
4885137.92,15194,0.138,6.695,6.833
4885187.93,15193,0.148,4.143,4.291
4885238.47,15192,0.223,7.355,7.578
4885475.1,15194,0.142,4.083,4.224
4885481.06,15193,0.095,4.014,4.109
4885492.17,15192,2.328,5.087,7.415
4885690.3,15194,0.175,3.937,4.112
4885765.62,15193,0.135,7.982,8.117
4885816.34,15192,0.403,4.196,4.599
4885897.71,15194,0.145,6.136,6.281
4885972.18,15193,0.272,4.154,4.427
4886019.37,15192,0.12,4.096,4.216
4886031.17,15194,0.086,7.022,7.108
4886105.47,15193,0.13,9.273,9.403
4886130.04,15192,0.122,10.367,10.489
4886266.78,15194,0.158,3.998,4.157
4886339.4,15193,0.18,4.191,4.372
4886408.38,15192,0.119,4.888,5.007
4886453.58,15193,0.074,4.034,4.108
4886454.75,15194,0.129,7.314,7.443
4886592.81,15192,0.149,4.214,4.363
4886669.14,15193,0.16,4.144,4.304
4886802.22,15194,0.152,3.982,4.135
4886959.41,15192,0.137,4.07,4.208
4886967.51,15193,0.148,4.086,4.234
4887021.18,15194,0.164,8.269,8.433
4887068.72,15192,0.141,6.972,7.113
4887203.94,15193,0.146,4.711,4.857
4887224.96,15194,0.112,4.127,4.24
4887241.56,15192,0.239,3.946,4.184
4887266.72,15193,0.129,4.391,4.52
4887290.19,15194,1.592,4.064,5.656
4887310.95,15192,0.085,4.545,4.63
4887338.58,15193,0.081,4.197,4.278
4887572.18,15194,2.299,8.004,10.303
4887793.06,15192,0.154,5.973,6.127
4887862.22,15193,0.172,4.137,4.309
4887879.52,15194,0.117,4.021,4.138
4888072.78,15192,0.133,6.044,6.177
4888134.92,15193,0.11,5.017,5.127
4888256.37,15194,0.172,4.545,4.717
4888266.33,15192,1.044,4.089,5.133
4888426.27,15193,1.846,4.016,5.861
4888470.75,15194,0.096,4.073,4.17
4888519.99,15192,0.124,4.989,5.113
4888556.83,15193,1.177,3.943,5.12
4888567.42,15194,0.09,4.206,4.296
4888601.06,15192,0.077,7.601,7.678
4888607.49,15193,0.58,6.303,6.882
4888614.1,15194,0.093,4.141,4.234
4888633.21,15193,0.068,5.068,5.135
4888632.99,15192,0.124,8.256,8.38
4888640.25,15194,0.076,4.148,4.224
4888691.06,15193,0.146,4.188,4.334
4888705.68,15192,0.102,4.15,4.252
4888715.87,15194,0.089,6.226,6.316
4888719.03,15193,0.079,6.014,6.093
4888744.65,15192,2.114,5.582,7.696
4888752.23,15194,0.134,8.032,8.166
4888760.59,15192,2.019,7.536,9.556
4888778.74,15193,0.078,5.159,5.237
4888790.54,15194,0.09,6.068,6.158
4888815.13,15192,0.106,6.544,6.651
4888831.8,15193,0.071,7.852,7.923
4888853.23,15194,0.09,5.09,5.18
4888879.61,15192,0.729,8.517,9.245
4888904.9,15193,0.101,4.423,4.524
4888930.05,15194,0.102,6.952,7.054
4888956.21,15192,2.067,7.089,9.157
4888989.6,15193,0.083,6.127,6.211
4888993.11,15194,0.071,5.952,6.023
4889002.21,15192,0.136,4.162,4.298
4889011.34,15193,0.076,6.199,6.275
4889022.37,15194,0.075,7.034,7.109
4889086.88,15192,0.135,8.466,8.601
4889124.2,15193,1.507,4.036,5.543
4889130.52,15194,0.082,5.088,5.17
4889165.05,15192,0.098,6.187,6.284
4889207.2,15193,0.082,4.071,4.153
4889243.29,15194,0.087,6.028,6.114
4889286.29,15192,0.125,4.191,4.316
4889292.52,15193,0.054,7.901,7.954
4889292.97,15194,0.052,6.527,6.579
4889300.55,15192,0.071,4.013,4.084
4889329.14,15193,0.116,13.249,13.364
4889331.09,15194,1.659,7.99,9.649
4889344.85,15192,0.478,7.788,8.266
4889352.54,15193,0.067,6.176,6.243
4889369.18,15194,0.074,6.063,6.137
4889370.76,15192,0.051,5.004,5.055
4889411.71,15193,0.077,5.587,5.664
4889422.1,15194,0.26,10.033,10.294
4889445.04,15192,0.647,5.947,6.593
4889475.42,15193,0.087,4.117,4.204
4889524.19,15194,2.363,6.112,8.475
4889543.68,15192,0.133,4.08,4.213
4889560.14,15193,0.123,3.958,4.081
4889587.68,15194,0.066,8.573,8.638
4889608.22,15192,0.063,8.107,8.17
4889615.66,15193,0.141,5.069,5.21
4889628.06,15194,0.104,4.086,4.19
4889661.34,15192,0.131,4.661,4.793
4889680.3,15193,0.116,4.188,4.304
4889684.39,15194,0.055,6.046,6.101
4889696.18,15192,0.102,4.104,4.207
4889703.06,15193,0.952,3.969,4.921
4889714.33,15194,0.07,5.658,5.728
4889758.11,15192,0.143,4.817,4.96
4889800.48,15193,0.082,3.97,4.051
4889928.03,15194,0.106,5.115,5.221
4889959.16,15192,0.185,4.23,4.415
4889981.45,15193,2.371,4.001,6.372
4890025.27,15194,0.159,5.136,5.294
4890030.35,15192,0.204,5.011,5.215
4890035.54,15193,0.134,4.65,4.784
4890085.3,15194,0.163,13.058,13.221
4890087.58,15192,0.111,8.169,8.28
4890152.69,15193,0.137,6.056,6.193
4890156.73,15194,0.06,9.178,9.238
4890163.23,15192,0.076,9.084,9.16
4890167.33,15193,0.073,3.953,4.026
4890176.54,15194,1.931,5.471,7.403
4890195.34,15192,0.086,5.926,6.012
4890219.57,15193,0.089,6.11,6.199
4890228.89,15194,0.127,4.322,4.45
4890231.23,15192,0.077,4.103,4.18
4890247.21,15193,0.794,4.091,4.885
4890310.43,15194,0.16,6.584,6.744
4890348.66,15192,0.111,8.163,8.274
4890367.15,15194,0.06,8.037,8.097
4890369.15,15193,0.12,12.984,13.103
4890396.94,15192,0.084,6.018,6.102
4890404.67,15194,0.083,4.089,4.172
4890458.53,15193,0.112,4.375,4.487
4890531.79,15192,0.354,6.379,6.733
4890537.39,15194,0.187,9.283,9.471
4890559.86,15193,1.577,7.739,9.316
4890564.86,15192,0.078,5.311,5.388
4890653.89,15193,0.154,5.588,5.742
4890669.52,15194,0.128,6.107,6.235
4890677.91,15192,0.094,6.108,6.202
4890700.68,15193,0.116,6.566,6.682
4890717.14,15194,0.067,11.098,11.165
4890721.39,15192,0.061,8.278,8.339
4890732.13,15193,0.083,4.538,4.621
4890794.99,15194,0.08,4.087,4.167
4890804.23,15192,0.073,8.114,8.187
4890821.38,15193,0.076,5.06,5.136
4890825.83,15194,0.05,5.07,5.12
4890874.96,15193,0.081,8.364,8.445
4890879.74,15192,0.085,6.023,6.108
4890900.99,15194,0.073,5.069,5.142
4890970.85,15193,0.091,7.686,7.777
4891002.21,15192,0.682,4.09,4.771
4891006.99,15194,0.166,4.104,4.269
4891013.59,15193,0.134,4.062,4.196
4891022.43,15192,0.151,5.101,5.252
4891057.94,15194,0.389,4.079,4.468
4891065.12,15193,2.075,4.006,6.081
4891148.23,15192,0.291,4.073,4.364
4891177.19,15194,0.38,5.709,6.089
4891247.1,15193,0.223,4.029,4.252
4891317.44,15192,1.172,4.28,5.452
4891396.74,15194,0.15,3.951,4.101
4891471.46,15193,0.205,4.043,4.248
4891486.78,15192,0.143,4.257,4.4
4891540.65,15194,1.038,4.112,5.15
4891592.49,15193,0.729,5.183,5.913
4891609.43,15192,3.776,4.339,8.115
4891616.33,15194,0.069,4.989,5.058
4891651.93,15193,0.136,6.583,6.72
4891685.58,15192,0.146,6.056,6.202
4891748.63,15194,0.124,6.079,6.202
4891761.49,15193,0.086,4.028,4.115
4891812.31,15192,0.105,8.038,8.143
4891815.25,15194,0.069,8.985,9.054
4891838.24,15193,0.09,4.145,4.234
4891861.07,15192,0.097,4.014,4.111
4891923.03,15194,0.11,8.835,8.945
4891925.38,15193,0.063,11.406,11.47
4891974.21,15192,2.051,12.067,14.117
4892053.71,15194,2.104,17.519,19.623
4892055.4,15193,0.241,5.08,5.321
4892072.61,15192,0.119,13.018,13.137
4892092.31,15194,0.135,9.361,9.496
4892116.34,15193,0.159,4.112,4.271
4892123.35,15192,0.135,4.323,4.458
4892143.72,15194,0.103,4.559,4.662
4892163.54,15193,0.248,10.105,10.353
4892167.07,15192,1.548,11.63,13.178
4892167.23,15194,1.752,8.138,9.89
4892207.39,15193,0.116,11.814,11.93
4892209.5,15192,0.058,12.053,12.111
4892209.81,15194,2.639,8.721,11.359
4892214.51,15193,1.503,7.026,8.53
4892266.25,15192,0.09,4.046,4.136
4892271.94,15194,0.073,4.009,4.082
4892276.23,15193,0.059,4.043,4.102
4892298.57,15192,0.077,4.329,4.406
4892309.2,15194,0.076,9.321,9.397
4892311.89,15193,0.071,7.775,7.846
4892314.87,15192,0.053,7.679,7.732
4892317.2,15194,0.075,5.202,5.277
4892321.17,15193,0.074,4.06,4.134
4892341.32,15192,0.066,4.075,4.141
4892349.14,15194,0.051,9.833,9.884
4892371.18,15193,0.074,7.062,7.136
4892379.46,15192,0.088,5.55,5.638
4892409.37,15194,0.092,8.476,8.569
4892433.13,15193,0.09,4.035,4.125
4892445.12,15192,0.072,10.005,10.077
4892449.54,15194,0.066,6.972,7.038
4892459.19,15193,0.063,6.979,7.043
4892471.36,15194,0.061,3.962,4.023
4892472.65,15192,0.082,7.378,7.46
4892491.95,15193,0.096,4.124,4.22
4892506.28,15194,0.076,8.163,8.24
4892597.86,15192,0.084,6.203,6.287
4892633.47,15193,0.09,3.95,4.04
4892665.21,15194,0.164,7.84,8.005
4892665.63,15192,0.082,5.314,5.396
4892683.38,15193,0.107,8.105,8.211
4892697.44,15194,0.064,10.371,10.434
4892701.62,15192,0.882,8.503,9.385
4892749.74,15193,0.216,4.61,4.825
4892819.12,15194,0.101,4.138,4.239
4892825.11,15192,0.11,4.176,4.286
4892845.41,15193,2.038,7.312,9.35
4892849.97,15194,0.062,6.525,6.587
4892881.1,15194,0.051,4.008,4.059
4892884.71,15192,0.108,12.333,12.442
4892884.79,15193,1.688,6.068,7.756
4892885.29,15194,2.759,4.08,6.839
4892934.05,15192,0.123,4.348,4.471
4892944.82,15193,0.146,4.094,4.241
4892967.08,15194,0.068,5.962,6.03
4893030.96,15192,0.181,4.265,4.446
4893102.84,15194,0.657,5.934,6.591
4893103.85,15193,0.19,8.576,8.766
4893151.99,15192,0.093,4.043,4.136
4893239.63,15194,0.13,4.013,4.143
4893248.66,15193,0.097,4.072,4.17
4893279.1,15192,1.034,8.002,9.036
4893292.26,15194,2.929,10.146,13.074
4893298.82,15193,0.067,6.388,6.455
4893345.59,15192,1.06,4.462,5.522
4893347.79,15194,1.027,4.717,5.744
4893385.41,15193,1.314,5.277,6.591
4893400.95,15192,0.08,4.038,4.118
4893440.96,15194,0.09,7.318,7.409
4893463.69,15193,0.081,6.056,6.137
4893527.18,15192,0.086,8.044,8.129
4893576.8,15194,0.098,4.098,4.196
4893634.88,15193,0.09,4.15,4.24
4893647.93,15192,2.559,4.766,7.326
4893666.35,15194,0.169,4.314,4.484
4893670.54,15193,0.097,8.145,8.242
4893682.27,15192,0.115,9.299,9.414
4893698.08,15194,0.111,8.498,8.609
4893700.71,15193,0.064,9.95,10.014
4893705.28,15192,0.069,6.941,7.01
4893712.05,15194,0.146,6.693,6.839
4893724.19,15193,0.07,7.154,7.224
4893728.12,15192,2.046,4.038,6.085
4893786.51,15193,0.084,9.931,10.015
4893791.07,15194,0.065,6.847,6.912
4893798.16,15192,0.782,6.999,7.781
4893803.21,15193,0.053,9.019,9.072
4893806.17,15194,0.056,4.144,4.2
4893848.02,15193,0.098,4.495,4.593
4893864.78,15192,2.277,9.443,11.72
4893885.15,15194,1.701,8.044,9.744
4893941.51,15193,0.095,7.516,7.611
4893954.72,15192,2.016,5.648,7.664
4893960.91,15194,0.057,6.041,6.098
4894027.95,15193,0.147,5.602,5.749
4894149.23,15192,0.092,12.079,12.171
4894178.45,15194,0.091,4.158,4.249
4894226.32,15193,0.109,5.306,5.415
4894427.14,15192,0.189,7.034,7.223
4894498.74,15194,0.233,4.102,4.335
4894690.22,15193,1.692,8.01,9.702
4894693.75,15192,0.103,6.047,6.15
4894714.76,15194,0.136,5.147,5.282
4894818.57,15193,0.146,4.234,4.38
4894978.57,15192,0.139,4.023,4.162
4895003.23,15194,0.448,4.145,4.593
4895019.19,15193,0.144,6.074,6.218
4895056.33,15192,2.457,4.203,6.66
4895078.25,15194,0.794,4.002,4.796
4895084.17,15193,0.09,4.165,4.256
4895150.46,15192,0.108,5.297,5.404
4895161.94,15194,0.082,4.255,4.337
4895236.24,15193,2.51,4.041,6.551
4895291.89,15194,0.096,6.741,6.837
4895292.94,15192,0.13,10.898,11.028
4895331.78,15193,0.114,4.201,4.314
4895417.68,15192,0.163,4.111,4.274
4895535.78,15194,0.263,3.982,4.245
4895583.21,15193,0.258,8.092,8.35
4895682.04,15192,0.171,5.695,5.865
4895698.03,15194,0.114,5.0,5.114
4895739.97,15193,0.136,6.761,6.897
4895803.89,15192,0.202,4.196,4.399
4895809.8,15194,0.113,6.081,6.194
4895949.35,15193,0.158,4.103,4.261
4896047.65,15192,2.043,6.533,8.577
4896085.7,15194,0.199,4.006,4.206
4896098.25,15193,0.179,4.31,4.489
4896121.16,15192,0.112,6.986,7.098
4896123.33,15194,0.082,4.203,4.285
4896141.77,15193,3.541,7.663,11.204
4896146.32,15192,0.057,6.867,6.924
4896177.38,15194,0.132,4.201,4.334
4896209.03,15193,0.158,4.326,4.484
4896219.39,15192,0.074,14.643,14.717
4896248.64,15193,0.076,4.08,4.157
4896262.85,15194,0.082,4.047,4.129
4896277.8,15192,0.155,8.177,8.332
4896278.71,15193,0.077,5.248,5.325
4896281.97,15194,0.09,3.997,4.087
4896309.37,15193,0.082,12.619,12.701
4896309.77,15192,0.054,10.654,10.708
4896339.94,15194,0.08,4.867,4.947
4896340.17,15193,0.076,4.065,4.141
4896407.03,15192,0.091,4.132,4.224
4896419.99,15194,0.067,6.204,6.272
4896517.67,15193,0.133,8.151,8.283
4896529.71,15192,0.095,6.171,6.266
4896545.82,15194,0.093,6.006,6.099
4896564.83,15193,0.073,4.135,4.208
4896594.16,15192,0.086,6.016,6.102
4896601.98,15194,0.058,9.957,10.015
4896606.27,15193,0.575,8.19,8.765
4896610.15,15192,0.063,4.044,4.107
4896624.49,15193,0.072,9.175,9.247
4896626.95,15194,0.068,4.705,4.773
4896631.22,15192,0.125,4.169,4.294
4896675.75,15193,0.189,4.228,4.417
4896679.71,15194,0.116,4.049,4.165
4896704.39,15193,0.153,4.005,4.158
4896715.65,15192,1.014,6.083,7.096
4896798.29,15194,0.143,10.062,10.205
4896802.52,15193,2.055,8.407,10.462
4896823.74,15192,0.11,4.365,4.475
4896855.5,15194,0.095,5.934,6.029
4896857.78,15193,0.068,4.548,4.616
4896885.84,15192,0.08,5.01,5.09
4896894.12,15194,0.066,6.012,6.078
4896910.71,15193,0.068,4.225,4.293
4896935.51,15192,0.076,4.195,4.271
4896972.88,15194,0.085,6.108,6.194
4896979.31,15193,0.134,4.092,4.226
4896981.55,15192,0.079,4.209,4.287
4897014.71,15194,0.084,4.124,4.208
4897021.14,15193,1.036,6.3,7.335
4897024.65,15192,0.059,4.364,4.423
4897044.18,15193,0.681,8.105,8.786
4897130.94,15194,0.083,4.08,4.164
4897144.19,15192,0.091,6.869,6.96
4897187.3,15193,0.094,8.265,8.36
4897191.53,15194,0.063,7.989,8.052
4897230.06,15192,0.082,4.195,4.277
4897237.15,15193,0.785,4.058,4.842
4897247.73,15194,0.098,4.059,4.158
4897249.58,15192,0.119,4.297,4.416
4897290.79,15193,0.089,4.012,4.102
4897314.69,15194,0.108,4.076,4.183
4897331.12,15192,0.216,8.19,8.406
4897339.24,15193,0.199,8.002,8.202
4897355.18,15194,2.466,8.091,10.556
4897364.14,15192,1.631,4.014,5.645
4897373.95,15193,0.079,4.27,4.349
4897378.72,15194,0.066,6.009,6.075
4897396.3,15192,0.081,4.126,4.207
4897417.26,15193,0.083,6.213,6.296
4897443.69,15194,0.107,4.213,4.319
4897460.2,15192,0.067,9.085,9.152
4897506.03,15193,1.055,5.924,6.979
4897512.65,15194,0.126,4.788,4.914
4897525.68,15192,0.157,4.053,4.21
4897544.1,15193,0.559,13.01,13.569
4897544.24,15194,2.52,10.149,12.669
4897555.89,15192,0.101,4.117,4.218
4897598.62,15193,0.148,7.734,7.881
4897599.0,15194,0.143,6.649,6.792
4897640.43,15192,0.09,4.063,4.152
4897654.96,15193,0.067,4.028,4.094
4897701.0,15194,0.159,6.004,6.163
4897715.66,15192,0.104,4.274,4.378
4897765.17,15193,1.672,8.049,9.721
4897789.29,15194,0.113,4.05,4.163
4897822.52,15192,0.132,4.125,4.258
4897844.28,15193,2.472,8.139,10.611
4897854.14,15194,1.277,8.048,9.324
4897854.39,15192,1.737,6.295,8.032
4897866.97,15193,0.067,8.446,8.513
4897919.69,15194,0.172,4.281,4.454
4897967.15,15192,1.875,7.056,8.931
4897973.66,15193,0.139,4.415,4.554
4898168.42,15194,0.132,5.205,5.337
4898238.16,15192,0.128,4.203,4.331
4898246.3,15193,0.13,4.113,4.244
4898321.68,15194,0.138,6.141,6.28
4898322.93,15192,0.063,5.647,5.71
4898404.89,15193,0.131,4.26,4.392
4898528.23,15194,0.107,8.034,8.141
4898690.13,15192,0.151,7.154,7.305
4898724.44,15193,0.155,4.073,4.228
4898742.76,15194,0.107,5.816,5.923
4898791.57,15192,0.115,6.973,7.088
4898838.61,15193,0.157,4.405,4.562
4898938.46,15194,0.096,6.013,6.109
4899075.05,15192,0.215,5.085,5.3
4899169.21,15193,1.552,6.051,7.603
4899220.83,15194,0.122,4.111,4.232
4899273.15,15192,2.04,7.052,9.092
4899361.58,15193,0.151,3.965,4.116
4899428.97,15194,0.155,4.187,4.342
4899432.86,15192,0.126,6.021,6.147
4899451.12,15193,0.097,3.971,4.069
4899496.81,15194,0.088,6.488,6.576
4899521.46,15192,0.069,6.344,6.412
4899583.3,15193,1.3,4.092,5.392
4899630.25,15194,1.326,8.062,9.388
4899639.91,15192,0.101,5.885,5.986
4899726.54,15193,0.155,8.301,8.456
4899777.59,15194,0.168,6.107,6.275
4899817.35,15192,2.107,4.146,6.254
4899834.12,15193,0.123,3.935,4.058
4899848.16,15194,0.13,4.005,4.135
4899911.77,15192,0.113,4.014,4.126
4899944.76,15193,0.088,4.3,4.388
4899962.38,15194,1.069,6.24,7.308
4899996.23,15192,1.513,4.083,5.596
4900012.02,15193,0.098,4.145,4.243
4900084.14,15194,0.103,4.09,4.193
4900181.5,15192,0.695,8.509,9.204
4900202.98,15193,2.561,14.562,17.123
4900203.57,15194,2.045,13.237,15.282
4900212.96,15192,0.126,7.822,7.948
4900215.76,15193,0.134,7.937,8.071
4900235.45,15192,0.071,6.176,6.247
4900235.74,15194,0.118,8.529,8.647
4900253.03,15193,0.123,3.913,4.036
4900265.95,15194,0.176,8.313,8.489
4900278.25,15192,1.554,4.124,5.678
4900290.38,15193,0.097,4.028,4.125
4900314.87,15194,0.089,8.657,8.746
4900345.72,15192,0.122,4.764,4.886
4900350.55,15193,0.12,6.257,6.378
4900363.02,15194,0.083,4.092,4.175
4900429.51,15192,0.085,4.229,4.314
4900432.09,15193,0.907,4.019,4.926
4900436.12,15194,0.07,5.324,5.394
4900441.09,15193,0.09,4.135,4.225
4900446.41,15192,0.061,4.266,4.327
4900476.33,15194,0.113,4.171,4.284
4900518.65,15193,0.104,6.536,6.64
4900520.75,15192,0.058,4.821,4.879
4900540.2,15194,0.08,8.227,8.307
4900540.84,15193,0.072,5.328,5.399
4900581.59,15192,0.147,4.009,4.157
4900605.09,15194,0.126,4.112,4.237
4900750.88,15193,1.1,3.998,5.098
4900797.7,15192,0.134,4.278,4.411
4900885.05,15194,0.571,5.793,6.364
4900944.31,15193,0.163,4.088,4.251
4900972.09,15192,1.057,4.025,5.082
4901076.08,15194,2.32,6.8,9.121
4901078.16,15193,0.07,4.635,4.705
4901105.22,15192,0.114,4.027,4.14
4901171.7,15194,0.137,4.097,4.234
4901173.18,15193,0.098,4.03,4.127
4901288.91,15192,0.182,4.001,4.183
4901334.34,15194,0.158,6.02,6.178
4901460.17,15193,0.147,6.836,6.984
4901467.19,15194,0.053,9.075,9.128
4901467.69,15192,0.106,12.322,12.428
4901498.35,15193,0.125,7.971,8.096
4901619.46,15194,0.184,11.071,11.255
4901621.16,15192,0.072,11.037,11.109
4901703.81,15193,0.224,4.417,4.642
4901746.34,15194,0.166,4.019,4.185
4901776.33,15192,0.198,4.089,4.287
4901848.47,15193,0.133,8.065,8.198
4901913.24,15194,0.137,8.281,8.418
4901921.75,15192,0.096,7.196,7.291
4901960.39,15193,0.107,7.833,7.939
4902007.51,15194,0.117,10.104,10.221
4902013.31,15192,0.069,10.168,10.236
4902013.7,15193,0.676,5.962,6.638
4902028.85,15194,0.085,4.942,5.026
4902054.24,15192,0.178,8.383,8.561
4902124.65,15193,0.151,10.418,10.569
4902127.78,15194,2.025,7.705,9.73
4902132.11,15192,1.128,4.231,5.359
4902149.71,15193,0.119,8.152,8.271
4902206.95,15194,0.152,4.158,4.31
4902230.55,15192,0.205,4.095,4.301
4902244.16,15193,0.144,6.558,6.702
4902274.57,15194,0.113,8.583,8.696
4902277.53,15192,0.062,6.041,6.103
4902282.41,15193,0.652,4.707,5.359
4902326.6,15194,0.142,7.008,7.15
4902330.91,15192,0.085,4.186,4.271
4902367.17,15193,0.149,8.153,8.301
4902418.93,15194,0.183,8.777,8.96
4902438.43,15192,0.116,10.546,10.662
4902439.98,15193,0.067,6.757,6.824
4902444.18,15194,2.557,4.074,6.631
4902448.33,15192,4.313,6.25,10.563
4902472.6,15193,0.101,4.116,4.217
4902512.96,15194,0.308,4.169,4.477
4902518.3,15192,0.085,5.405,5.49
4902528.93,15194,0.106,5.878,5.984
4902539.23,15193,0.067,10.084,10.152
4902547.23,15192,0.06,12.261,12.321
4902549.58,15194,0.092,10.183,10.275
4902563.54,15193,0.085,12.439,12.525
4902571.25,15192,3.022,15.173,18.195
4902571.46,15194,1.545,11.411,12.957
4902627.4,15193,0.19,4.118,4.308
4902630.14,15192,2.771,4.047,6.818
4902635.8,15193,0.11,4.045,4.155
4902726.55,15192,1.002,4.456,5.458
4902727.73,15194,0.243,13.293,13.536
4902783.16,15193,0.129,6.157,6.286
4902805.99,15192,0.153,4.034,4.188
4902816.68,15194,0.142,7.628,7.77
4902818.65,15193,0.092,6.493,6.585
4902850.63,15192,0.086,5.998,6.084
4902880.86,15194,0.143,3.981,4.125
4902904.2,15193,0.378,8.028,8.406
4902973.34,15192,0.104,6.174,6.278
4902983.24,15194,2.493,10.128,12.621
4902987.36,15192,0.069,7.252,7.321
4903000.97,15193,0.077,5.989,6.066
4903039.12,15194,0.132,4.179,4.311
4903045.31,15192,0.18,4.026,4.206
4903095.35,15193,0.086,5.209,5.295
4903103.7,15194,0.065,3.99,4.055
4903125.67,15192,0.147,4.157,4.303
4903168.14,15193,0.075,4.022,4.097
4903181.28,15194,0.073,3.936,4.009
4903191.14,15192,0.069,3.911,3.98
4903196.25,15193,0.059,4.051,4.11
4903224.11,15194,0.078,6.08,6.158
4903241.84,15192,0.114,4.06,4.174
4903296.23,15193,0.086,8.076,8.162
4903341.22,15194,0.089,4.064,4.152
4903560.62,15192,0.248,3.934,4.183
4903670.19,15193,0.155,5.274,5.428
4903701.47,15194,1.04,7.322,8.363
4903714.09,15192,1.137,5.974,7.111
4903775.5,15193,0.155,7.153,7.308
4903866.54,15194,1.693,8.078,9.771
4903958.98,15192,0.167,7.362,7.529
4903997.31,15193,0.183,8.486,8.669
4904089.55,15194,0.169,12.082,12.251
4904152.22,15192,0.117,6.039,6.156
4904168.33,15193,0.099,7.986,8.085
4904176.55,15194,0.078,11.314,11.392
4904203.91,15192,0.099,4.12,4.219
4904275.98,15193,0.157,5.745,5.902
4904290.52,15194,0.115,4.195,4.31
4904358.62,15192,0.144,6.183,6.326
4904393.28,15193,0.114,7.984,8.098
4904479.46,15194,0.155,6.459,6.614
4904697.84,15192,0.138,5.046,5.185
4904739.03,15193,0.282,4.129,4.411
4904756.75,15194,0.167,8.111,8.278
4904772.24,15192,0.136,7.025,7.161
4904812.05,15193,0.115,4.096,4.21
4904924.28,15194,0.114,8.098,8.212
4904931.62,15192,0.082,7.066,7.148
4905080.59,15193,0.178,4.547,4.725
4905163.32,15194,0.205,4.116,4.321
4905196.22,15192,0.105,8.042,8.147
4905294.42,15193,0.108,4.125,4.232
4905451.07,15194,0.16,6.952,7.112
4905474.31,15192,0.136,4.037,4.172
4905500.13,15193,2.056,7.01,9.066
4905539.3,15194,0.105,5.154,5.259
4905554.09,15192,0.147,4.001,4.148
4905672.65,15193,0.211,6.404,6.615
4905679.29,15194,2.343,4.165,6.508
4905808.4,15192,0.145,4.015,4.161
4905857.07,15193,0.143,4.101,4.244
4905978.23,15194,1.698,4.116,5.815
4906038.01,15192,0.135,4.169,4.304
4906051.43,15193,0.121,11.244,11.365
4906055.08,15194,0.916,11.007,11.923
4906117.87,15192,0.124,8.577,8.701
4906321.11,15193,0.145,7.071,7.216
4906378.68,15194,0.108,4.184,4.292
4906457.48,15192,0.136,4.484,4.62
4906593.14,15193,0.123,4.124,4.247
4906701.9,15194,0.175,4.062,4.237
4906801.28,15192,0.878,8.162,9.04
4906819.57,15193,1.648,7.513,9.161
4906828.07,15194,0.084,4.3,4.385
4906847.13,15192,1.32,8.031,9.351
4906858.81,15193,0.089,5.951,6.04
4906881.08,15194,0.102,6.997,7.1
4906887.65,15192,0.104,7.503,7.607
4906894.56,15194,0.056,8.938,8.994
4906927.95,15193,0.12,8.832,8.952
4906932.1,15192,0.06,9.436,9.497
4906939.32,15194,0.066,3.911,3.977
4906974.89,15193,0.093,7.151,7.244
4907095.94,15192,0.104,4.787,4.891
4907103.53,15193,0.061,9.087,9.148
4907103.75,15192,2.117,6.639,8.756
4907104.22,15194,0.464,10.149,10.613
4907137.5,15193,0.081,12.137,12.218
4907204.06,15192,0.108,4.155,4.263
4907296.29,15194,0.121,4.179,4.3
4907306.43,15193,0.086,9.777,9.862
4907308.33,15192,0.055,9.973,10.028
4907314.46,15194,0.084,5.987,6.07
4907339.66,15193,0.07,7.542,7.612
4907346.09,15192,0.074,6.273,6.347
4907348.28,15194,0.081,4.156,4.237
4907367.69,15193,0.073,4.18,4.253
4907381.55,15192,0.074,8.197,8.271
4907381.79,15194,0.737,6.693,7.429
4907386.0,15193,0.062,4.009,4.071
4907405.82,15192,0.087,4.045,4.132
4907426.1,15194,0.096,4.097,4.193
4907437.43,15193,0.084,4.113,4.197
4907461.16,15192,0.089,4.093,4.181
4907471.61,15194,0.078,6.143,6.221
4907551.74,15193,0.095,5.972,6.068
4907567.17,15192,0.091,6.136,6.227
4907583.42,15194,0.108,4.526,4.633
4907684.98,15193,0.16,4.096,4.256
4907711.98,15192,0.128,6.993,7.121
4907721.82,15194,0.083,14.638,14.721
4907724.26,15193,0.072,12.139,12.211
4907728.45,15192,3.598,9.325,12.923
4907744.11,15194,0.117,8.086,8.202
4907753.33,15193,0.104,4.06,4.164
4907767.68,15192,0.093,4.08,4.173
4907786.17,15194,0.093,4.203,4.296
4907800.13,15193,0.075,7.707,7.783
4907820.22,15192,0.064,8.106,8.17
4907832.54,15194,0.08,10.905,10.985
4907832.85,15193,0.392,9.779,10.171
4907864.88,15192,0.163,4.171,4.334
4907907.88,15194,0.11,6.048,6.158
4907952.51,15193,0.243,4.075,4.318
4907962.5,15192,2.539,6.126,8.666
4907996.11,15194,0.111,8.23,8.341
4907997.4,15193,0.061,7.158,7.219
4908018.79,15192,0.161,4.221,4.382
4908046.06,15194,0.08,8.029,8.109
4908062.7,15193,0.074,6.256,6.331
4908098.74,15192,0.091,4.158,4.249
4908116.64,15194,0.094,4.031,4.126
4908135.42,15193,0.095,4.064,4.159
4908143.43,15192,0.099,4.054,4.154
4908187.45,15194,0.126,4.485,4.611
4908197.81,15193,0.085,4.28,4.365
4908220.41,15192,0.124,4.309,4.433
4908243.34,15194,0.085,4.053,4.138
4908313.62,15193,0.103,4.066,4.169
4908335.6,15192,0.101,8.143,8.244
4908335.93,15194,0.062,6.722,6.784
4908356.29,15193,0.071,7.572,7.643
4908395.78,15192,0.095,4.206,4.301
4908418.08,15194,0.078,5.246,5.324
4908425.57,15193,0.078,6.012,6.09
4908438.21,15192,0.241,6.63,6.871
4908461.19,15194,3.066,8.064,11.129
4908462.06,15193,0.058,4.027,4.085
4908475.76,15194,0.069,6.06,6.129
4908476.11,15192,0.058,4.046,4.105
4908514.71,15193,0.078,5.111,5.189
4908527.07,15192,0.166,4.176,4.343
4908531.55,15194,0.104,3.941,4.045
4908603.78,15193,0.08,6.024,6.104
4908645.12,15192,1.446,8.03,9.476
4908645.29,15194,1.755,6.2,7.954
4908650.66,15193,0.073,7.064,7.137
4908652.82,15192,0.058,3.997,4.056
4908670.24,15193,0.094,5.661,5.754
4908672.66,15194,0.057,4.137,4.193
4908681.41,15192,0.098,4.175,4.273
4908712.59,15193,0.094,4.988,5.082
4908715.24,15194,0.065,4.016,4.081
4908720.38,15192,0.06,4.148,4.208
4908737.31,15193,0.107,6.116,6.223
4908737.37,15194,0.065,4.103,4.167
4908770.77,15192,0.147,7.603,7.75
4908773.18,15194,0.066,6.064,6.13
4908823.95,15193,0.092,5.984,6.076
4908851.86,15192,0.138,4.054,4.192
4908884.69,15194,0.103,4.221,4.324
4908918.09,15193,0.808,8.017,8.825
4908920.07,15192,0.082,4.108,4.19
4908926.12,15194,0.061,8.054,8.115
4908934.25,15193,0.062,4.017,4.079
4908966.51,15192,0.081,4.096,4.177
4908985.02,15194,0.083,5.94,6.022
4909010.79,15193,0.076,6.053,6.128
4909026.4,15192,0.093,4.178,4.271
4909045.78,15194,0.169,6.24,6.409
4909047.96,15193,0.061,4.952,5.013
4909049.79,15192,0.057,4.117,4.174
4909079.6,15194,2.14,5.498,7.638
4909148.95,15193,0.112,6.182,6.294
4909166.23,15192,1.071,10.075,11.146
4909170.47,15194,1.053,7.378,8.431
4909221.16,15193,0.106,4.385,4.492
4909228.31,15192,0.086,4.245,4.331
4909318.92,15194,0.082,6.098,6.18
4909333.89,15193,0.097,4.097,4.194
4909348.15,15192,0.076,4.021,4.096
4909385.77,15194,0.095,4.06,4.156
4909430.66,15193,0.133,4.543,4.676
4909566.52,15192,0.13,4.139,4.27
4909594.11,15194,0.124,4.106,4.23
4909632.15,15193,2.069,8.023,10.092
4909720.69,15192,0.138,4.082,4.22
4909769.53,15194,0.19,10.239,10.429
4909844.62,15193,0.211,4.232,4.443
4909868.87,15192,0.112,4.11,4.222
4910028.96,15194,0.158,4.132,4.29
4910079.34,15193,0.187,3.98,4.167
4910141.08,15192,0.104,4.071,4.175
4910188.39,15194,0.147,6.409,6.556
4910217.32,15193,0.151,4.079,4.23
4910244.2,15192,0.085,4.059,4.144
4910592.2,15194,0.192,4.027,4.219
4910645.74,15193,0.111,5.225,5.336
4910783.39,15192,0.156,4.142,4.297
4910864.52,15194,0.186,4.411,4.597
4910900.59,15193,0.198,9.205,9.403
4911016.6,15192,0.143,4.245,4.389
4911061.14,15194,0.131,7.023,7.154
4911073.39,15193,0.104,6.114,6.218
4911312.46,15192,0.12,11.885,12.006
4911337.25,15194,0.104,4.276,4.38
4911395.47,15193,0.096,8.105,8.201
4911457.49,15192,0.165,4.119,4.284
4911595.05,15194,0.181,4.0,4.181
4911611.34,15193,0.121,6.023,6.144
4911611.69,15192,0.067,6.414,6.481
4911653.72,15194,1.128,3.933,5.061
4911655.9,15193,0.063,3.947,4.009
4911663.44,15194,0.083,4.128,4.211
4911688.78,15193,0.177,4.249,4.426
4911773.87,15192,0.164,4.274,4.438
4911803.39,15194,0.136,9.025,9.161
4911819.71,15193,0.104,4.044,4.148
4911824.0,15192,0.069,4.134,4.203
4911831.65,15194,0.104,4.123,4.227
4911841.56,15193,0.128,4.192,4.32
4911905.19,15192,0.077,4.453,4.53
4912049.86,15194,0.959,4.327,5.286
4912185.59,15193,0.133,9.218,9.351
4912187.88,15192,0.101,4.725,4.826
4912249.97,15194,0.139,5.032,5.171
4912272.89,15193,0.149,5.685,5.833
4912286.32,15192,0.096,4.006,4.102
4912299.0,15194,0.065,6.03,6.094
4912354.48,15193,0.104,6.149,6.253
4912375.98,15192,0.771,6.864,7.636
4912416.12,15194,2.301,6.041,8.342
4912668.66,15193,0.21,4.676,4.886
4912670.36,15192,0.063,4.102,4.165
4912722.89,15194,1.914,9.756,11.67
4912726.09,15193,0.102,10.929,11.03
4912764.02,15192,0.155,7.685,7.84
4912789.44,15194,0.095,8.203,8.298
4912863.44,15193,0.118,6.477,6.595
4912922.44,15192,0.106,4.164,4.27
4912933.56,15194,0.114,8.178,8.292
4912934.12,15193,0.06,6.875,6.935
4912965.54,15192,0.073,4.018,4.091
4913021.65,15194,0.101,7.09,7.19
4913058.8,15193,0.069,4.066,4.135
4913070.61,15192,0.077,3.972,4.049
4913075.38,15194,0.073,3.994,4.067
4913144.89,15193,0.103,4.143,4.246
4913173.83,15192,0.088,6.068,6.156
4913219.34,15193,0.066,4.214,4.28
4913220.86,15194,2.135,7.781,9.916
4913248.54,15192,0.092,8.224,8.316
4913286.67,15193,0.083,9.538,9.62
4913290.69,15194,0.064,4.075,4.14
4913337.48,15193,0.079,6.231,6.31
4913342.56,15192,0.13,4.012,4.142
4913387.75,15194,0.089,6.062,6.152
4913399.94,15193,0.086,4.028,4.114
4913440.33,15192,0.08,4.199,4.279
4913472.72,15194,0.082,4.187,4.269
4913487.42,15193,0.077,4.079,4.155
4913526.99,15192,0.156,4.414,4.57
4913533.39,15194,0.11,4.211,4.321
4913556.41,15193,0.078,4.278,4.356
4913575.22,15192,0.083,4.287,4.37
4913589.92,15194,0.07,4.052,4.122
4913607.78,15193,0.08,4.125,4.205
4913639.22,15192,1.811,4.154,5.966
4913652.85,15194,0.087,4.166,4.252
4913655.13,15193,0.846,4.094,4.94
4913663.05,15194,0.117,4.188,4.304
4913667.99,15192,0.065,3.911,3.976
4913681.71,15193,0.115,7.416,7.531
4913711.19,15194,0.122,12.049,12.171
4913715.17,15192,0.075,10.06,10.135
4913797.29,15193,0.15,8.059,8.209
4913805.26,15194,0.105,4.087,4.193
4913821.15,15192,0.079,4.018,4.098
4913869.32,15193,0.122,6.132,6.255
4913882.92,15194,0.132,3.989,4.12
4913924.57,15192,0.104,4.103,4.207
4913950.08,15193,0.094,4.888,4.982
4913990.09,15194,0.161,4.031,4.192
4914028.85,15193,0.08,6.015,6.095
4914029.13,15192,1.036,11.055,12.091
4914047.43,15194,0.064,4.063,4.127
4914076.31,15192,0.121,6.202,6.323
4914120.75,15193,0.121,4.088,4.209
4914125.18,15194,0.085,4.123,4.208
4914142.04,15192,0.083,4.401,4.484
4914152.92,15193,0.097,9.488,9.586
4914153.93,15194,0.052,8.708,8.76
4914174.75,15192,0.066,8.293,8.358
4914195.16,15194,0.094,4.163,4.258
4914210.13,15193,0.104,3.996,4.1
4914229.34,15192,0.075,4.207,4.281
4914261.92,15194,0.093,4.771,4.864
4914284.98,15193,0.099,4.539,4.638
4914340.59,15192,0.1,4.024,4.123
4914361.94,15193,0.081,7.007,7.088
4914359.99,15194,0.074,6.296,6.371
4914399.96,15192,0.08,6.195,6.275
4914431.38,15194,0.091,4.031,4.122
4914449.25,15193,0.074,4.183,4.258
4914456.11,15192,0.067,6.488,6.555
4914458.32,15194,0.062,5.409,5.471
4914491.17,15193,0.097,8.002,8.099
4914500.78,15192,0.147,4.002,4.149
4914512.87,15194,0.115,6.013,6.128
4914514.61,15192,0.08,4.161,4.241
4914515.36,15193,0.084,5.085,5.169
4914527.23,15192,2.061,4.129,6.19
4914537.01,15194,0.076,4.07,4.146
4914572.67,15193,0.093,6.121,6.214
4914586.85,15192,0.113,4.187,4.3
4914630.2,15194,0.167,7.919,8.087
4914656.42,15193,0.098,4.253,4.35
4914762.65,15192,0.148,4.999,5.147
4914876.0,15194,0.141,6.017,6.157
4914923.48,15193,0.142,3.98,4.123
4914930.75,15192,1.028,5.652,6.68
4914941.13,15194,2.037,8.048,10.084
4914942.52,15193,2.171,8.199,10.371
4915013.54,15192,0.111,7.24,7.351
4915022.63,15194,0.085,6.765,6.85
4915076.15,15193,0.158,5.69,5.848
4915106.05,15192,0.106,13.864,13.97
4915115.48,15194,0.116,16.368,16.484
4915122.97,15193,0.084,4.177,4.26
4915150.42,15192,0.088,4.095,4.183
4915160.63,15194,0.09,12.162,12.252
4915171.4,15193,0.145,6.205,6.35
4915207.92,15192,0.159,4.064,4.223
4915232.15,15193,0.405,4.263,4.668
4915236.45,15194,0.494,14.281,14.774
4915491.77,15192,0.246,4.052,4.298
4915709.18,15193,1.19,9.027,10.217
4915744.62,15194,0.173,4.181,4.354
4915791.29,15192,0.134,8.156,8.29
4915791.46,15193,0.083,6.279,6.363
4915813.55,15194,0.083,14.453,14.536
4915881.62,15192,0.12,4.136,4.256
4915993.13,15193,1.032,10.033,11.065
4916022.2,15194,0.104,4.199,4.304
4916025.6,15192,0.122,4.105,4.227
4916242.77,15193,0.154,4.244,4.398
4916414.68,15194,0.118,5.821,5.939
4916506.62,15192,0.155,5.068,5.223
4916536.95,15193,0.124,4.472,4.596
4916597.96,15194,0.146,4.039,4.184
4916638.14,15192,3.338,6.026,9.364
4916697.12,15193,0.139,11.05,11.188
4916707.57,15194,0.192,4.29,4.481
4916804.84,15192,0.153,5.034,5.187
4916823.17,15193,0.089,8.014,8.103
4916835.33,15194,1.685,4.267,5.952
4916912.34,15192,0.17,4.228,4.399
4916927.38,15193,0.153,4.103,4.257
4916957.4,15194,1.506,6.275,7.781
4916973.26,15192,0.094,6.431,6.525
4917041.0,15193,0.115,6.21,6.325
4917066.56,15194,0.101,4.082,4.183
4917074.54,15192,0.082,4.125,4.207
4917106.16,15193,0.078,6.16,6.238
4917124.36,15194,0.085,4.64,4.725
4917138.18,15192,0.087,4.146,4.232
4917212.54,15193,0.167,4.226,4.393
4917233.51,15194,1.003,4.333,5.336
4917289.04,15192,0.104,4.0,4.104
4917354.11,15193,1.033,8.021,9.054
4917424.43,15194,0.09,6.179,6.269
4917557.84,15192,0.162,4.622,4.783
4917645.35,15193,0.13,9.028,9.158
4917786.15,15194,0.188,4.158,4.345
4917801.04,15192,1.031,5.937,6.968
4918135.71,15193,0.165,6.171,6.336
4918155.41,15194,0.106,4.022,4.128
4918202.79,15192,0.12,4.176,4.296
4918260.71,15193,0.097,7.041,7.138
4918373.07,15194,0.111,4.345,4.456
4918403.26,15192,0.11,8.099,8.209
4918452.28,15193,0.081,6.039,6.12
4918603.21,15194,0.111,3.925,4.036
4918797.64,15192,0.155,3.978,4.133
4918880.74,15193,0.133,6.699,6.832
4918940.87,15194,0.136,4.014,4.15
4919002.29,15192,2.153,8.091,10.244
4919004.96,15193,0.075,6.137,6.212
4919023.43,15192,0.109,4.028,4.137
4919324.74,15194,0.16,4.186,4.346
4919362.8,15193,0.132,3.994,4.126
4919496.02,15192,0.151,4.056,4.207
4919614.57,15194,0.122,5.903,6.025
4919766.84,15193,0.178,5.361,5.539
4919786.45,15192,0.152,4.984,5.136
4919833.87,15194,0.129,7.022,7.15
4919862.02,15193,0.735,4.101,4.836
4920086.36,15192,0.189,4.406,4.594
4920197.61,15194,0.146,5.143,5.289
4920499.3,15193,0.156,8.054,8.21
4920588.12,15192,0.141,4.104,4.245
4920637.42,15194,0.145,4.116,4.261
4920690.36,15193,0.122,4.038,4.16
4920721.93,15192,0.135,5.06,5.195
4920729.02,15194,0.095,4.645,4.74
4920745.23,15193,0.122,4.06,4.183
4920754.39,15192,0.083,6.085,6.168
4920777.3,15194,0.171,4.17,4.341
4920812.59,15193,0.126,4.171,4.297
4920822.81,15192,0.11,4.146,4.256
4920907.52,15194,0.922,4.233,5.155
4920930.16,15193,0.145,6.462,6.606
4920939.93,15192,0.111,4.186,4.297
4920945.2,15194,1.051,6.091,7.142
4920982.81,15193,0.076,6.108,6.184
4921001.27,15192,0.076,6.032,6.109
4921026.91,15194,0.09,7.655,7.745
4921052.94,15193,0.097,4.199,4.296
4921077.23,15192,0.075,6.967,7.042
4921111.66,15194,0.1,7.15,7.25
4921115.97,15193,0.081,4.131,4.212
4921149.66,15192,0.072,7.025,7.097
4921250.12,15194,1.323,8.031,9.354
4921262.82,15193,0.073,7.48,7.553
4921302.55,15192,0.078,5.237,5.316
4921311.17,15194,0.101,4.0,4.102
4921341.19,15193,0.286,8.016,8.302
4921356.68,15192,0.101,5.598,5.699
4921372.07,15194,0.076,4.94,5.016
4921374.46,15193,0.064,4.104,4.168
4921409.65,15192,0.087,5.942,6.029
4921417.83,15194,0.075,6.006,6.081
4921424.64,15193,0.067,4.061,4.128
4921472.27,15194,1.576,8.1,9.676
4921472.4,15192,0.119,15.13,15.25
4921501.14,15193,0.15,15.356,15.506
4921508.37,15194,0.102,16.91,17.012
4921546.73,15192,0.144,17.469,17.613
4921562.17,15193,0.14,6.785,6.926
4921590.25,15194,1.874,10.107,11.981
4921636.0,15192,0.449,4.848,5.297
4921641.4,15193,0.096,8.155,8.251
4921701.46,15194,1.611,11.319,12.929
4921705.35,15192,0.079,8.592,8.671
4921787.12,15193,0.147,8.175,8.322
4921787.73,15194,0.136,7.276,7.412
4921819.4,15192,0.188,4.205,4.393
4921827.15,15193,1.21,8.051,9.261
4921869.87,15194,0.116,5.498,5.614
4921899.58,15192,0.088,4.133,4.221
4921921.26,15193,0.149,4.09,4.239
4921955.61,15194,0.129,4.438,4.568
4922103.4,15192,0.473,4.301,4.774
4922133.11,15193,0.111,4.177,4.288
4922155.28,15194,1.972,6.126,8.098
4922182.54,15192,0.149,4.047,4.196
4922221.62,15193,0.156,6.144,6.3
4922454.82,15194,0.126,8.14,8.266
4922465.11,15192,2.094,8.046,10.141
4922496.85,15193,0.098,6.081,6.18
4922518.45,15194,0.092,4.106,4.198
4922520.23,15192,0.08,3.993,4.073
4922602.78,15193,0.147,8.075,8.222
4922676.65,15194,0.135,4.059,4.195
4922762.72,15192,0.152,8.121,8.273
4922788.25,15193,0.196,4.037,4.233
4922876.23,15194,2.44,8.044,10.483
4922895.11,15192,2.374,4.024,6.398
4922910.46,15193,2.707,6.128,8.835
4922926.5,15194,0.096,8.042,8.137
4922931.21,15192,0.056,7.002,7.057
4922958.72,15193,0.098,7.981,8.079
4922962.22,15194,0.054,8.022,8.076
4923117.14,15192,1.423,4.041,5.464
4923122.04,15193,0.071,5.23,5.3
4923146.05,15194,0.088,6.762,6.85
4923150.87,15192,0.064,5.112,5.177
4923189.12,15194,0.09,8.103,8.193
4923229.18,15193,0.083,8.044,8.127
4923237.69,15192,0.067,4.576,4.643
4923244.33,15194,0.057,5.213,5.27
4923363.47,15193,0.122,4.201,4.323
4923385.03,15192,1.028,5.942,6.97
4923393.55,15194,0.089,4.162,4.251
4923424.14,15193,0.14,5.942,6.082
4923425.16,15192,0.052,4.068,4.119
4923458.17,15194,1.715,6.034,7.749
4923541.89,15193,0.296,4.984,5.28
4923580.0,15192,0.09,4.159,4.249
4923584.16,15194,1.928,4.074,6.002
4923585.44,15193,0.073,4.069,4.142
4923594.2,15192,0.071,8.065,8.136
4923601.87,15194,0.057,4.004,4.061
4923639.19,15193,0.087,6.046,6.133
4923698.45,15192,0.084,4.1,4.184
4923704.97,15194,0.06,6.839,6.899
4923728.85,15192,0.133,4.644,4.777
4923793.78,15193,0.146,7.449,7.595
4923794.52,15194,0.069,5.859,5.927
4923799.14,15192,0.074,4.05,4.123
4923849.63,15193,0.131,7.262,7.393
4923896.06,15194,0.152,4.185,4.337
4923948.71,15192,0.123,4.076,4.199
4923969.95,15193,0.168,4.219,4.387
4924025.49,15194,0.1,4.127,4.228
4924064.07,15192,0.928,3.979,4.907
4924087.47,15193,0.086,8.087,8.173
4924096.89,15194,0.073,7.009,7.082
4924146.9,15192,0.111,6.275,6.386
4924156.67,15193,0.08,3.997,4.077
4924250.55,15194,0.097,8.384,8.481
4924270.52,15192,0.097,4.041,4.138
4924369.69,15193,0.097,6.127,6.225
4924525.69,15194,0.2,6.444,6.644
4924552.85,15192,0.143,6.618,6.761
4924563.2,15193,0.146,4.063,4.21
4924653.34,15194,1.929,4.067,5.997
4924797.05,15192,0.261,4.718,4.979
4924821.37,15193,0.205,6.66,6.865
4924851.34,15194,2.531,6.124,8.655
4925010.79,15192,0.164,8.134,8.297
4925031.64,15193,0.139,4.176,4.315
4925441.76,15194,0.188,5.655,5.844
4925592.87,15192,0.137,4.088,4.225
4925699.33,15193,0.151,6.64,6.79
4925738.83,15194,0.157,4.871,5.028
4925751.68,15192,0.12,8.192,8.312
4925807.1,15193,0.17,4.31,4.48
4925832.9,15194,0.115,5.123,5.238
4925878.19,15192,0.096,6.738,6.834
4925960.29,15193,0.126,6.75,6.876
4925979.51,15194,0.113,6.993,7.107
4926008.24,15192,0.167,4.077,4.244
4926070.65,15193,0.164,7.418,7.582
4926168.09,15194,0.103,8.081,8.184
4926184.05,15192,0.928,5.942,6.869
4926214.98,15193,0.1,4.284,4.384
4926232.24,15194,0.105,4.094,4.199
4926282.64,15192,1.154,5.501,6.654
4926294.64,15193,0.085,7.477,7.562
4926330.05,15194,2.262,5.976,8.238
4926372.22,15192,0.082,8.086,8.168
4926435.14,15193,2.011,4.078,6.088
4926523.67,15194,1.535,4.531,6.066
4926594.59,15192,0.118,4.068,4.186
4926601.14,15193,1.354,4.062,5.417
4926609.09,15194,2.278,3.981,6.259
4926626.31,15192,0.102,10.365,10.467
4926637.32,15193,0.086,4.884,4.97
4926659.34,15194,0.104,4.028,4.133
4926700.27,15192,0.103,10.266,10.369
4926817.97,15193,0.189,3.978,4.167
4926875.27,15194,0.115,12.083,12.198
4926960.37,15192,0.151,12.145,12.296
4926967.05,15193,0.098,4.092,4.19
4927031.75,15194,0.103,6.117,6.22
4927078.84,15192,0.204,4.504,4.708
4927168.64,15193,0.925,4.488,5.413
4927278.27,15194,0.123,8.071,8.194
4927494.12,15192,0.178,4.001,4.179
4927510.75,15193,0.115,3.925,4.04
4927534.01,15194,0.16,3.975,4.135
4927598.72,15192,0.105,4.071,4.176
4927626.3,15193,0.087,8.148,8.235
4927630.12,15194,1.533,8.024,9.557
4927714.22,15192,0.147,7.695,7.843
4928063.39,15193,0.172,4.174,4.346
4928065.63,15194,0.1,4.362,4.462
4928148.61,15192,0.147,6.997,7.145
4928249.42,15193,2.112,6.263,8.375
4928297.83,15194,0.254,4.193,4.447
4928307.12,15192,0.112,8.138,8.25
4928332.1,15193,0.096,7.944,8.039
4928510.26,15194,1.429,5.152,6.581
4928571.79,15192,0.115,7.163,7.278
4928692.79,15193,0.121,4.113,4.234
4928781.68,15194,0.17,9.453,9.623
4928833.61,15192,0.169,5.111,5.281
4928843.23,15193,0.196,4.026,4.222
4928859.21,15194,0.095,9.839,9.934
4928872.25,15192,0.101,9.696,9.797
4928887.2,15193,1.645,4.15,5.795
4928905.57,15194,0.085,4.054,4.139
4928959.77,15192,0.111,4.1,4.211
4928998.02,15193,2.275,4.96,7.235
4929049.89,15194,0.098,4.147,4.244
4929052.33,15192,0.061,4.059,4.12
4929063.68,15194,0.074,6.063,6.137
4929067.77,15193,0.061,7.989,8.05
4929070.29,15192,0.047,8.068,8.115
4929081.2,15194,0.074,4.081,4.156
4929102.72,15193,0.073,7.95,8.023
4929117.23,15192,0.069,7.013,7.082
4929161.35,15194,0.144,3.966,4.11
4929174.16,15193,0.073,8.021,8.094
4929238.76,15192,0.284,6.44,6.724
4929261.17,15194,1.719,13.481,15.199
4929340.01,15193,0.166,5.067,5.233
4929373.24,15192,2.035,14.143,16.178
4929379.84,15194,0.077,10.386,10.463
4929424.62,15193,0.121,4.336,4.457
4929429.61,15192,0.252,5.305,5.557
4929476.2,15193,2.155,8.125,10.28
4929494.06,15192,0.057,7.84,7.897
4929494.41,15194,0.095,11.192,11.287
4929543.36,15193,0.08,7.024,7.104
4929548.9,15192,0.104,6.07,6.174
4929562.99,15194,0.069,5.878,5.947
4929625.93,15193,0.089,4.501,4.59
4929628.27,15192,0.07,5.022,5.092
4929676.7,15194,0.081,4.164,4.245
4929682.35,15193,0.066,8.127,8.193
4929683.57,15194,0.055,5.368,5.423
4929727.34,15192,0.147,6.102,6.249
4929742.64,15193,0.104,4.098,4.202
4929776.77,15194,0.191,6.001,6.192
4929778.94,15192,0.093,4.797,4.89
4929800.28,15194,0.15,10.084,10.234
4929808.19,15193,0.065,11.072,11.137
4929810.59,15192,0.066,10.054,10.12
4929819.44,15194,0.09,5.171,5.261
4929854.21,15193,0.072,3.988,4.06
4929867.38,15192,0.07,8.258,8.327
4929883.11,15194,0.089,8.263,8.352
4929885.09,15193,1.927,3.986,5.913
4929912.94,15192,0.111,4.042,4.153
4929918.71,15194,0.067,4.138,4.205
4929952.05,15193,0.094,4.095,4.189
4929986.25,15192,0.13,3.95,4.081
4930016.15,15193,0.066,4.034,4.1
4930019.29,15194,0.096,9.129,9.225
4930021.52,15193,0.081,4.123,4.203
4930025.07,15192,2.562,7.697,10.259
4930030.56,15193,0.059,3.985,4.044
4930033.93,15194,1.253,8.765,10.018
4930086.85,15192,0.206,4.754,4.959
4930122.5,15194,4.836,6.336,11.171
4930123.25,15193,3.184,10.137,13.321
4930143.49,15192,0.102,12.317,12.419
4930143.88,15194,0.189,10.631,10.82
4930181.21,15193,1.745,9.304,11.049
4930191.38,15192,0.129,12.265,12.395
4930216.3,15194,0.238,8.688,8.926
4930229.2,15193,0.164,4.063,4.227
4930249.29,15192,0.137,7.95,8.088
4930251.3,15194,0.101,7.018,7.118
4930257.57,15193,0.579,8.094,8.673
4930339.04,15192,0.127,3.894,4.021
4930356.28,15194,0.936,4.096,5.031
4930414.52,15193,0.085,4.024,4.109
4930428.45,15192,2.094,6.394,8.488
4930460.14,15194,1.25,3.978,5.228
4930472.37,15193,0.114,4.006,4.119
4930490.53,15192,1.05,9.441,10.491
4930492.63,15194,0.079,4.117,4.196
4930525.9,15193,0.07,6.789,6.859
4930531.95,15192,0.06,6.14,6.2
4930559.03,15193,0.123,4.605,4.728
4930569.65,15194,0.069,6.08,6.148
4930571.95,15192,0.055,4.86,4.914
4930682.44,15194,0.117,7.227,7.344
4930699.93,15193,0.082,5.785,5.867
4930740.91,15192,0.168,5.06,5.228
4930749.39,15194,0.112,6.191,6.303
4930760.7,15193,0.1,6.087,6.188
4930805.27,15192,0.123,4.481,4.604
4930838.37,15194,0.106,4.811,4.917
4930852.78,15193,0.06,4.045,4.105
4930880.54,15192,0.092,7.925,8.018
4930884.98,15194,0.056,8.709,8.765
4930885.22,15193,0.047,7.115,7.161
4930918.32,15192,0.082,3.932,4.015
4930948.81,15194,0.562,4.098,4.66
4930961.22,15193,0.065,6.114,6.179
4930963.35,15192,1.548,5.287,6.835
4930998.4,15194,0.137,5.227,5.364
4931024.75,15193,0.157,4.015,4.172
4931036.97,15194,0.083,5.031,5.114
4931037.25,15192,0.072,8.286,8.358
4931039.02,15193,0.097,4.179,4.276
4931049.28,15192,0.07,8.101,8.171
4931087.2,15194,2.11,8.078,10.188
4931092.9,15193,0.063,7.948,8.011
4931093.47,15192,0.05,6.441,6.49
4931142.26,15194,0.144,8.048,8.192
4931150.73,15193,0.105,6.121,6.226
4931233.09,15192,0.126,4.246,4.372
4931301.54,15194,0.123,6.12,6.243
4931305.14,15193,0.099,3.957,4.056
4931358.4,15192,0.094,5.06,5.153
4931374.74,15194,0.073,5.058,5.132
4931459.39,15193,0.184,4.056,4.24
4931472.24,15192,0.121,4.055,4.176
4931544.15,15194,0.771,4.047,4.818
4931568.71,15193,0.093,4.554,4.647
4931634.84,15192,0.109,7.297,7.406
4931686.86,15194,0.219,4.656,4.875
4931695.03,15193,0.165,4.335,4.5
4931971.17,15192,2.211,3.997,6.208
4931998.14,15194,1.09,4.002,5.092
4932028.16,15193,0.169,4.022,4.19
4932095.69,15192,0.113,4.094,4.207
4932231.48,15194,0.284,4.232,4.516
4932284.13,15193,0.118,3.945,4.063
4932303.63,15192,0.129,5.172,5.301
4932310.92,15194,0.099,4.183,4.281
4932319.37,15193,0.074,4.103,4.178
4932414.16,15192,0.09,7.999,8.089
4932576.24,15194,0.114,8.049,8.163
4932586.87,15193,0.091,3.968,4.059
4932726.31,15192,0.152,6.751,6.903
4932792.75,15194,0.161,6.252,6.412
4932799.72,15193,0.089,9.097,9.186
4933103.18,15192,0.152,5.17,5.322
4933116.6,15194,0.118,8.177,8.295
4933226.98,15193,0.173,4.074,4.247
4933238.26,15192,0.127,8.305,8.431
4933262.43,15194,0.113,6.143,6.256
4933296.42,15193,0.218,4.343,4.561
4933320.4,15192,1.608,8.281,9.889
4933883.26,15194,1.672,4.066,5.738
4933986.94,15193,0.147,4.062,4.209
4933997.86,15192,0.122,5.976,6.098
4934109.47,15194,0.141,5.752,5.893
4934121.09,15193,0.127,5.066,5.192
4934140.63,15192,0.186,8.215,8.401
4934163.77,15194,0.125,6.12,6.245
4934173.33,15192,0.111,4.063,4.174
4934173.33,15193,0.325,8.099,8.424
4934208.92,15194,0.154,4.131,4.286
4934253.17,15193,0.174,4.086,4.259
4934262.9,15192,0.109,8.049,8.157
4934273.43,15194,0.068,9.079,9.146
4934288.32,15193,0.084,6.51,6.594
4934314.84,15192,0.094,4.087,4.181
4934330.25,15194,0.099,5.01,5.109
4934335.69,15193,1.563,7.593,9.157
4934336.58,15192,0.061,4.925,4.986
4934382.04,15194,3.391,5.958,9.349
4934385.04,15193,2.079,10.937,13.015
4934382.99,15192,0.063,6.89,6.953
4934396.23,15194,0.068,7.608,7.676
4934452.41,15192,0.066,9.057,9.122
4934452.76,15193,0.114,11.378,11.492
4934472.43,15194,0.1,7.128,7.228
4934481.37,15192,0.096,4.068,4.165
4934488.73,15193,0.075,4.126,4.201
4934508.18,15194,0.086,4.047,4.134
4934522.56,15192,0.079,4.118,4.197
4934538.74,15193,0.067,7.187,7.253
4934582.66,15194,0.086,4.087,4.173
4934614.69,15192,0.08,7.042,7.122
4934645.41,15193,0.084,6.085,6.169
4934710.31,15194,0.117,5.857,5.974
4934712.67,15192,0.053,4.374,4.427
4934725.17,15193,0.072,4.082,4.155
4934740.08,15194,0.13,4.128,4.258
4934760.04,15192,0.117,6.124,6.241
4934764.25,15193,0.062,8.144,8.206
4934799.82,15194,0.142,5.435,5.577
4934802.13,15192,0.085,4.22,4.305
4934822.7,15193,0.134,5.181,5.316
4934838.27,15194,0.126,8.023,8.149
4934930.26,15192,2.232,7.083,9.316
4934964.08,15193,0.085,7.574,7.659
4934964.71,15194,0.053,6.086,6.139
4935018.68,15192,0.095,4.296,4.391
4935060.98,15193,0.079,6.132,6.211
4935071.17,15194,0.061,13.061,13.122
4935073.17,15192,0.062,10.073,10.135
4935097.55,15193,0.065,4.214,4.279
4935130.94,15194,0.077,4.066,4.143
4935135.32,15192,0.11,4.09,4.2
4935166.25,15193,1.071,8.118,9.189
4935246.15,15194,0.113,6.592,6.705
4935375.39,15192,0.108,8.011,8.119
4935383.42,15193,0.106,7.105,7.211
4935412.09,15194,0.082,4.157,4.238
4935440.7,15192,0.824,5.92,6.744
4935586.09,15193,0.123,4.211,4.334
4935659.28,15194,0.109,4.085,4.194
4935703.53,15192,0.135,4.329,4.464
4935708.72,15193,0.074,4.113,4.187
4935746.87,15194,0.16,4.332,4.491
4935758.15,15192,0.649,8.056,8.705
4935881.79,15193,0.176,6.0,6.175
4935941.25,15194,2.346,4.083,6.43
4935958.61,15192,0.138,3.975,4.113
4936056.18,15193,0.167,8.935,9.102
4936092.67,15194,0.087,5.48,5.567
4936220.53,15192,0.244,10.348,10.592
4936587.49,15193,0.218,4.057,4.276
4936614.38,15194,0.112,6.101,6.214
4936680.06,15192,0.221,3.985,4.206
4936737.67,15193,0.148,4.148,4.296
4936746.52,15194,0.112,4.202,4.314
4936932.95,15192,0.173,9.037,9.21
4937063.82,15193,0.14,4.196,4.336
4937097.16,15194,1.044,14.05,15.093
4937209.36,15192,0.181,3.969,4.149
4937413.15,15193,0.158,7.011,7.17
4937583.62,15194,0.14,4.136,4.276
4937747.37,15192,0.141,3.955,4.096
4937754.58,15193,0.092,4.638,4.729
4937806.07,15194,0.154,4.63,4.784
4937829.33,15192,0.139,4.098,4.237
4937938.22,15193,0.115,4.043,4.158
4938087.3,15194,0.249,3.876,4.125
4938102.46,15192,0.142,8.096,8.237
4938113.3,15193,0.148,6.252,6.4
4938122.38,15194,0.094,4.143,4.238
4938142.23,15192,2.364,8.097,10.462
4938166.59,15193,0.101,4.988,5.089
4938181.14,15194,0.961,8.022,8.983
4938188.12,15192,0.091,6.357,6.448
4938189.05,15193,0.741,4.968,5.709
4938247.26,15194,0.168,4.003,4.171
4938285.14,15192,0.128,4.018,4.146
4938292.63,15193,0.099,4.043,4.143
4938335.31,15194,0.121,6.132,6.252
4938358.75,15192,0.092,9.09,9.182
4938365.35,15193,3.246,6.484,9.731
4938417.12,15194,1.629,4.005,5.633
4938434.29,15192,0.094,4.16,4.255
4938445.24,15193,0.101,6.174,6.275
4938472.02,15194,0.097,3.979,4.076
4938497.64,15192,0.833,4.017,4.85
4938526.83,15193,0.08,6.02,6.1
4938547.34,15194,0.101,4.091,4.191
4938566.06,15192,0.911,11.992,12.903
4938566.14,15193,2.139,10.079,12.218
4938624.29,15194,0.115,4.295,4.411
4938655.06,15192,1.305,4.064,5.368
4938661.35,15193,0.078,4.012,4.089
4938687.08,15194,2.292,7.994,10.286
4938688.51,15192,0.066,9.283,9.35
4938690.65,15193,2.272,4.574,6.847
4938694.77,15194,0.074,6.074,6.147
4938706.66,15192,0.076,11.08,11.157
4938707.91,15193,0.052,10.807,10.859
4938729.32,15194,0.093,8.256,8.348
4938799.3,15192,0.168,5.12,5.288
4938832.76,15193,0.117,4.158,4.275
4938852.98,15194,0.183,4.454,4.636
4938863.03,15192,0.11,4.751,4.861
4938868.33,15193,0.092,4.112,4.204
4938871.41,15194,0.059,5.203,5.262
4938904.42,15192,0.076,4.137,4.214
4939059.89,15193,0.149,8.039,8.188
4939072.34,15194,0.083,14.987,15.07
4939076.85,15193,4.024,8.756,12.78
4939150.84,15192,0.119,6.239,6.358
4939167.15,15194,0.095,10.994,11.09
4939211.41,15193,0.164,3.948,4.112
4939226.89,15192,0.248,6.207,6.456
4939229.19,15194,0.837,5.092,5.929
4939263.77,15193,0.082,4.064,4.145
4939276.86,15192,0.076,7.08,7.156
4939295.66,15194,0.102,4.043,4.145
4939316.19,15193,0.084,9.057,9.14
4939389.04,15192,0.084,5.965,6.049
4939413.09,15194,0.176,4.176,4.352
4939447.81,15193,0.075,15.676,15.751
4939452.86,15192,0.085,14.256,14.34
4939459.08,15194,0.542,8.891,9.433
4939478.31,15193,0.116,17.142,17.259
4939478.4,15192,0.078,10.951,11.029
4939555.12,15194,1.925,8.034,9.96
4939577.25,15193,0.086,4.005,4.09
4939598.12,15192,0.09,3.964,4.054
4939605.38,15194,0.138,4.19,4.328
4939628.12,15193,1.112,7.969,9.081
4939640.45,15192,0.195,12.215,12.411
4939641.0,15194,0.051,10.515,10.566
4939664.41,15193,0.089,6.098,6.187
4939666.83,15192,0.05,4.743,4.794
4939679.51,15194,0.058,8.039,8.098
4939679.66,15193,1.144,6.595,7.74
4939689.46,15192,0.111,4.107,4.218
4939714.39,15194,0.1,8.1,8.2
4939721.7,15193,0.061,7.156,7.217
4939726.15,15192,0.19,10.054,10.244
4939726.17,15194,0.052,5.104,5.156
4939795.36,15193,0.156,8.002,8.158
4939805.25,15192,0.128,7.162,7.29
4939807.47,15194,0.088,4.322,4.41
4939829.07,15193,0.105,7.754,7.86
4939834.14,15192,0.06,8.039,8.099
4939847.71,15194,0.082,6.018,6.1
4939888.41,15193,0.101,4.072,4.173
4939896.65,15192,0.086,4.138,4.224
4939967.3,15194,0.11,4.303,4.412
4939993.19,15193,0.083,7.148,7.231
4940008.92,15192,0.075,11.381,11.455
4940013.05,15194,0.056,10.211,10.268
4940037.24,15193,0.083,5.638,5.721
4940039.87,15192,0.065,5.272,5.337
4940071.66,15194,0.085,6.023,6.108
4940093.71,15193,0.075,6.013,6.087
4940125.19,15192,0.15,4.026,4.176
4940131.61,15194,0.085,4.384,4.469
4940137.27,15193,0.081,4.064,4.145
4940181.78,15192,0.127,7.566,7.693
4940187.17,15194,0.662,9.083,9.745
4940236.71,15192,0.145,6.815,6.96
4940255.9,15193,0.13,6.224,6.354
4940282.04,15194,0.098,4.1,4.197
4940295.92,15192,0.087,8.689,8.777
4940325.8,15193,0.083,4.043,4.127
4940339.46,15194,0.084,6.994,7.078
4940351.74,15192,0.08,6.165,6.246
4940386.72,15193,0.101,4.991,5.092
4940433.16,15194,0.127,8.976,9.103
4940439.75,15192,0.946,8.644,9.59
4940527.63,15193,0.092,8.003,8.095
4940547.47,15194,0.075,6.09,6.165
4940556.53,15192,0.078,7.93,8.008
4940560.84,15193,0.054,8.647,8.701
4940561.08,15194,0.067,6.98,7.047
4940594.0,15192,0.081,5.113,5.194
4940634.67,15193,0.103,4.24,4.343
4940654.51,15194,0.078,7.991,8.069
4940664.48,15192,0.064,8.064,8.128
4940714.55,15193,0.121,4.315,4.436
4940752.1,15194,0.174,3.958,4.133
4940757.28,15192,0.134,4.045,4.178
4940798.28,15193,0.17,4.064,4.234
4940807.76,15194,0.088,4.081,4.169
4940815.24,15192,0.101,4.014,4.115
4940887.83,15193,2.409,4.47,6.879
4941051.7,15194,0.1,3.982,4.082
4941418.2,15194,0.2,6.063,6.263
4941504.11,15193,0.953,7.962,8.915
4941523.02,15192,2.208,4.117,6.325
4941609.06,15194,0.14,4.037,4.177
4941642.89,15193,0.223,6.623,6.846
4941710.78,15192,0.128,4.134,4.263
4941751.83,15194,0.143,5.005,5.148
4941767.12,15193,0.122,4.111,4.233
4941773.13,15192,0.08,4.361,4.441
4941970.17,15194,0.127,8.146,8.273
4942027.27,15193,0.172,4.07,4.242
4942065.2,15192,0.987,9.045,10.033
4942122.86,15194,0.097,7.169,7.266
4942160.39,15193,0.091,4.032,4.123
4942247.99,15192,0.113,3.982,4.095
4942256.75,15194,0.093,4.01,4.103
4942324.14,15193,0.178,4.322,4.5
4942327.57,15192,0.089,4.089,4.178
4942410.29,15193,0.12,3.973,4.093
4942544.19,15194,1.594,4.11,5.705
4942611.37,15192,1.501,4.062,5.564
4942720.28,15193,0.135,6.103,6.238
4942762.26,15194,0.112,6.261,6.373
4942803.48,15192,0.175,4.116,4.291
4942815.24,15193,0.085,8.902,8.987
4942868.93,15194,0.182,4.219,4.402
4942878.07,15192,0.109,8.31,8.418
4943192.5,15193,0.136,4.268,4.404
4943237.22,15194,0.125,8.029,8.154
4943279.6,15192,0.142,6.333,6.475
4943444.16,15193,0.16,5.907,6.068
4943587.78,15194,0.177,4.829,5.007
4943617.17,15192,0.222,4.042,4.264
4943679.23,15194,0.141,4.028,4.168
4943679.6,15193,0.149,6.393,6.542
4943722.08,15192,2.026,3.929,5.955
4943862.16,15194,1.136,4.02,5.155
4943890.95,15193,0.136,5.075,5.21
4943952.37,15192,0.153,4.025,4.178
4944044.82,15194,0.145,4.144,4.289
4944059.0,15193,0.098,5.089,5.188
4944080.16,15192,0.128,4.033,4.161
4944118.81,15194,0.197,4.036,4.233
4944206.11,15193,1.976,4.009,5.985
4944283.63,15192,0.118,4.088,4.206
4944475.19,15194,0.231,4.008,4.239
4944489.74,15193,0.115,5.016,5.131
4944500.18,15192,0.091,4.029,4.12
4944510.09,15194,0.918,8.009,8.928
4944704.81,15193,0.163,6.688,6.851
4944732.55,15192,0.099,4.05,4.149
4944817.81,15194,0.165,5.21,5.375
4944880.79,15193,0.121,4.16,4.281
4944885.06,15192,0.075,4.057,4.132
4944962.11,15194,0.098,4.19,4.288
4944975.34,15193,0.094,4.041,4.136
4944988.62,15192,0.095,8.067,8.162
4944990.7,15194,0.059,4.598,4.658
4945025.5,15193,0.073,4.164,4.236
4945028.23,15192,0.063,5.287,5.35
4945060.92,15194,0.08,4.161,4.241
4945147.31,15193,2.083,11.137,13.22
4945200.56,15192,0.212,6.035,6.247
4945206.61,15194,0.21,4.786,4.997
4945218.96,15193,0.158,7.431,7.59
4945240.66,15192,0.155,8.424,8.578
4945268.79,15194,0.121,4.128,4.249
4945279.54,15193,0.095,5.082,5.177
4945292.83,15192,0.076,4.009,4.085
4945312.18,15194,5.231,12.045,17.276
4945314.06,15193,0.077,10.018,10.095
4945326.13,15192,0.059,6.038,6.097
4945347.79,15194,0.117,4.096,4.213
4945365.22,15193,0.154,3.971,4.126
4945400.14,15192,0.081,8.008,8.089
4945431.87,15194,0.092,4.018,4.11
4945444.0,15193,0.075,4.241,4.316
4945448.98,15192,0.062,6.773,6.835
4945457.59,15194,0.094,4.019,4.113
4945488.1,15193,1.721,3.987,5.709
4945498.39,15192,0.068,8.139,8.208
4945500.69,15194,0.056,4.418,4.474
4945514.51,15193,0.124,5.19,5.314
4945524.38,15192,0.093,4.079,4.171
4945530.4,15194,0.4,5.866,6.266
4945564.13,15193,0.094,6.144,6.238
4945580.86,15192,0.139,4.092,4.23
4945591.8,15194,0.065,4.451,4.517
4945634.17,15193,0.087,3.991,4.078
4945661.64,15192,0.185,4.124,4.309
4945683.48,15194,0.143,4.083,4.226
4945716.6,15193,0.082,4.102,4.184
4945729.1,15193,0.602,5.987,6.589
4945732.55,15192,0.076,11.085,11.161
4945735.3,15194,0.711,12.232,12.943
4945755.76,15193,0.135,4.245,4.38
4945781.12,15192,1.037,10.001,11.038
4945783.66,15193,0.061,4.238,4.3
4945785.14,15194,2.036,8.051,10.087
4945803.06,15192,0.139,4.149,4.288
4945818.99,15193,0.124,4.133,4.257
4945823.27,15194,1.752,5.185,6.938
4945856.51,15192,0.095,4.922,5.017
4945862.63,15193,0.124,4.131,4.255
4945896.28,15194,0.179,4.159,4.338
4945920.18,15192,0.112,8.051,8.163
4945982.39,15193,0.192,4.185,4.377
4945998.8,15194,0.094,6.928,7.022
4946044.65,15192,0.233,4.141,4.374
4946081.52,15193,0.108,7.656,7.764
4946090.37,15194,0.077,5.007,5.084
4946128.82,15192,0.148,9.574,9.722
4946134.79,15193,0.117,4.168,4.285
4946207.28,15194,0.118,4.256,4.374
4946212.47,15192,0.159,4.771,4.93
4946245.31,15193,0.094,8.154,8.249
4946255.4,15194,0.072,8.273,8.346
4946281.28,15193,0.083,4.145,4.227
4946286.6,15192,0.09,4.205,4.295
4946292.5,15194,0.085,4.295,4.381
4946317.31,15193,0.083,5.183,5.266
4946329.27,15192,0.094,8.028,8.122
4946351.49,15194,0.157,4.179,4.336
4946361.71,15193,0.13,4.054,4.185
4946394.83,15192,0.15,4.098,4.247
4946400.24,15194,0.086,4.785,4.871
4946426.99,15193,0.167,3.969,4.136
4946442.14,15192,0.148,4.001,4.15
4946481.11,15194,0.082,9.989,10.071
4946481.5,15193,1.994,6.434,8.427
4946552.16,15192,0.115,5.872,5.986
4946623.85,15194,0.505,4.184,4.689
4946664.12,15193,4.053,8.009,12.061
4946983.41,15192,0.247,4.074,4.32
4947284.57,15194,0.207,8.079,8.286
4947303.72,15193,0.131,4.145,4.276
4947320.06,15192,0.111,4.051,4.162
4947322.77,15194,0.091,4.015,4.106
4947431.47,15192,0.217,6.204,6.421
4947468.1,15193,0.125,4.291,4.417
4947500.18,15194,0.114,4.787,4.901
4947550.17,15192,0.158,6.373,6.532
4947552.43,15193,0.072,4.062,4.134
4947767.85,15192,0.217,4.065,4.283
4947827.81,15193,0.074,4.047,4.121
4947829.35,15194,0.139,8.136,8.275
4947837.77,15192,0.138,4.048,4.187
4947840.32,15193,0.069,4.031,4.1
4947863.07,15194,0.09,8.03,8.12
4947907.61,15192,0.083,8.84,8.922
4947915.72,15193,0.086,4.087,4.173
4947930.89,15194,0.118,3.957,4.074
4947970.48,15192,0.073,7.352,7.426
4948003.3,15193,0.097,4.091,4.188
4948027.17,15194,0.066,8.058,8.125
4948031.33,15192,0.071,3.976,4.047
4948038.42,15193,0.052,4.851,4.903
4948046.9,15194,0.123,6.029,6.152
4948051.07,15192,1.988,4.053,6.041
4948096.97,15193,0.087,5.839,5.926
4948107.81,15194,0.084,6.115,6.199
4948118.59,15192,0.101,6.201,6.302
4948133.59,15193,0.068,5.31,5.377
4948137.8,15194,0.062,5.711,5.773
4948217.87,15192,0.153,4.179,4.333
4948250.61,15193,0.096,11.101,11.197
4948253.07,15194,0.869,11.986,12.855
4948283.75,15192,1.386,7.614,9.001
4948284.33,15193,0.052,5.796,5.848
4948330.22,15194,0.093,6.073,6.166
4948427.56,15193,0.115,8.112,8.227
4948427.68,15192,0.261,7.677,7.938
4948448.96,15194,0.117,4.164,4.281
4948463.32,15193,0.069,9.44,9.509
4948480.82,15192,0.123,6.006,6.129
4948517.02,15194,0.204,4.503,4.707
4948537.58,15193,0.167,4.061,4.228
4948588.39,15192,2.342,4.257,6.599
4948640.77,15194,0.092,5.618,5.71
4948676.75,15193,0.091,14.101,14.191
4948676.9,15194,2.135,9.814,11.949
4948679.24,15192,0.449,14.044,14.493
4948681.75,15194,3.275,4.753,8.028
4948715.05,15192,0.082,8.042,8.124
4948723.04,15193,0.072,4.249,4.32
4948749.26,15194,0.08,4.239,4.319
4948805.89,15192,0.216,4.03,4.246
4948816.49,15193,0.132,6.487,6.619
4948898.74,15194,0.119,4.086,4.205
4948923.56,15192,0.155,7.562,7.716
4948924.2,15193,0.083,5.602,5.685
4949085.5,15194,0.125,7.106,7.231
4949113.61,15192,0.112,4.087,4.198
4949155.36,15193,0.103,8.412,8.515
4949198.94,15194,0.19,3.983,4.173
4949223.61,15192,0.188,6.224,6.412
4949225.57,15193,0.062,6.655,6.717
4949251.28,15194,0.087,12.018,12.105
4949330.25,15193,0.141,8.04,8.181
4949351.79,15192,0.08,9.949,10.03
4949390.57,15194,0.285,4.207,4.492
4949401.5,15193,0.236,4.185,4.421
4949415.86,15192,0.122,5.392,5.513
4949426.96,15194,0.144,7.848,7.992
4949479.57,15193,0.156,8.196,8.352
4949479.85,15192,1.114,6.753,7.867
4949496.54,15194,0.122,4.214,4.336
4949538.83,15193,0.054,7.724,7.778
4949541.47,15192,2.029,14.389,16.418
4949573.42,15194,0.091,7.358,7.448
4949606.89,15193,0.123,5.79,5.913
4949620.29,15192,0.097,4.078,4.175
4949670.22,15194,0.867,4.093,4.961
4949685.8,15193,0.466,7.366,7.832
4949692.16,15192,0.152,3.93,4.082
4949722.17,15194,3.077,8.03,11.106
4949751.81,15193,0.106,8.935,9.041
4949781.73,15192,0.217,3.994,4.212
4949810.48,15194,0.12,6.033,6.154
4949825.03,15193,0.074,14.365,14.438
4949831.4,15192,2.706,13.231,15.937
4949875.2,15194,0.151,3.978,4.129
4949887.53,15193,0.162,4.068,4.231
4949969.84,15192,0.252,4.171,4.423
4950152.46,15194,0.181,4.17,4.351
4950303.31,15193,0.204,11.145,11.349
4950316.67,15192,0.082,8.416,8.498
4950396.88,15194,0.187,4.097,4.285
4950431.12,15193,0.257,4.036,4.293
4950438.4,15192,0.093,3.989,4.082
4950651.9,15194,0.187,5.509,5.696
4950656.85,15193,0.105,4.64,4.745
4950690.71,15192,0.113,4.295,4.408
4950730.29,15194,0.104,4.266,4.369
4950826.37,15193,0.125,6.175,6.3
4950843.92,15192,0.105,4.222,4.327
4950899.72,15194,0.109,4.244,4.353
4950924.36,15193,0.105,4.086,4.191
4951033.55,15192,0.102,6.094,6.197
4951146.73,15194,0.124,7.215,7.339
4951163.84,15193,0.138,4.745,4.883
4951174.51,15192,0.122,5.205,5.327
4951210.12,15194,0.102,3.955,4.056
4951264.26,15193,0.278,8.155,8.433
4951280.06,15192,0.075,5.934,6.01
4951315.72,15194,0.105,7.118,7.223
4951360.17,15193,0.165,4.012,4.177
4951384.39,15192,0.112,6.207,6.319
4951431.09,15194,0.139,4.059,4.198
4951697.36,15193,0.156,6.83,6.986
4951706.49,15192,0.133,4.183,4.317
4951794.14,15194,0.144,11.296,11.44
4951798.42,15193,0.069,8.277,8.347
4952032.21,15192,0.198,4.004,4.202
4952142.18,15194,1.509,4.005,5.514
4952192.85,15193,0.118,8.477,8.595
4952221.29,15192,0.125,6.086,6.211
4952355.31,15194,0.155,5.698,5.853
4952368.41,15193,0.096,3.932,4.028
4952482.09,15192,2.038,7.956,9.994
4952496.18,15194,0.112,5.599,5.711
4952502.36,15193,1.249,6.057,7.305
4952525.28,15192,0.101,6.126,6.228
4952618.17,15194,1.172,4.061,5.233
4952647.6,15193,0.121,4.174,4.295
4952785.99,15192,0.156,10.604,10.76
4952786.29,15194,0.145,4.174,4.32
4952952.36,15193,0.151,3.982,4.133
4952979.88,15192,0.19,4.115,4.305
4953023.24,15194,0.118,4.041,4.159
4953157.5,15193,3.167,9.393,12.56
4953217.19,15192,0.106,8.041,8.147
4953281.22,15194,0.103,8.031,8.134
4953404.11,15193,0.106,4.625,4.731
4953419.56,15192,1.325,4.415,5.739
4953441.16,15194,2.071,6.041,8.111
4953497.17,15193,0.128,4.185,4.312
4953541.84,15192,0.123,6.137,6.261
4953625.33,15194,0.115,4.03,4.145
4953653.86,15193,0.101,6.256,6.357
4954009.73,15192,0.159,4.045,4.203
4954045.74,15194,0.137,3.914,4.051
4954053.82,15193,0.086,4.902,4.988
4954108.67,15192,0.124,4.117,4.242
4954313.1,15194,2.883,10.957,13.84
4954317.61,15193,0.122,4.242,4.365
4954434.5,15192,0.187,4.449,4.637
4954543.82,15194,1.706,4.698,6.405
4954681.68,15193,0.14,4.231,4.371
4954703.28,15192,0.137,4.118,4.254
4954707.87,15194,0.088,4.109,4.197
4954736.48,15193,0.103,4.272,4.375
4954981.1,15192,0.128,5.893,6.021
4955027.66,15194,0.114,4.078,4.192
4955112.76,15193,0.279,5.744,6.023
4955118.42,15192,2.491,6.298,8.789
4955264.43,15194,0.182,6.027,6.209
4955305.45,15193,0.132,6.018,6.151
4955383.02,15192,0.109,4.259,4.368
4955496.88,15194,0.136,5.001,5.137
4955951.02,15193,0.134,6.822,6.956
4956067.92,15192,0.139,6.171,6.31
4956310.29,15194,0.191,9.799,9.99
4956314.76,15193,1.5,8.669,10.169
4956318.51,15192,0.066,8.048,8.115
4956346.61,15194,0.098,4.048,4.146
4956357.02,15193,0.076,3.897,3.973
4956373.41,15192,0.091,4.569,4.66
4956499.18,15194,0.13,4.088,4.218
4956512.68,15193,0.091,4.258,4.349
4956602.36,15192,0.147,4.111,4.258
4956674.94,15194,0.124,4.083,4.207
4956884.75,15192,0.117,6.043,6.16
4956887.02,15193,3.996,5.945,9.942
4956914.29,15194,0.119,4.094,4.212
4956922.16,15193,0.1,7.904,8.004
4957029.45,15192,0.107,3.997,4.104
4957082.3,15194,0.113,10.024,10.137
4957083.16,15193,1.923,6.071,7.993
4957247.41,15192,0.161,4.047,4.208
4957277.47,15194,0.138,3.998,4.136
4957343.93,15193,0.172,4.064,4.237
4957412.63,15192,0.09,8.036,8.127
4957447.22,15194,0.093,7.957,8.05
4957464.71,15193,0.086,4.589,4.676
4957471.24,15192,0.08,4.525,4.605
4957505.29,15194,0.164,4.304,4.468
4957719.41,15193,2.512,4.212,6.724
4957730.65,15192,0.155,6.535,6.69
4957809.3,15194,0.213,7.048,7.261
4957825.4,15193,0.149,11.206,11.354
4957827.45,15192,0.091,6.243,6.334
4957975.48,15194,0.138,6.048,6.186
4957985.34,15193,0.107,4.851,4.958
4957990.19,15192,0.072,5.166,5.238
4958034.04,15194,0.125,6.103,6.228
4958152.41,15193,0.094,4.029,4.123
4958185.98,15192,0.103,4.057,4.161
4958236.19,15194,2.223,5.038,7.261
4958392.78,15193,0.127,3.981,4.108
4958425.01,15192,0.198,4.065,4.263
4958593.87,15194,0.162,6.091,6.252
4958701.73,15193,0.183,4.192,4.376
4958910.36,15192,1.628,4.14,5.768
4958986.19,15194,0.143,6.062,6.205
4958988.44,15193,0.066,4.22,4.285
4958995.31,15192,0.097,4.345,4.442
4959008.73,15194,0.084,4.126,4.21
4959036.53,15193,0.1,4.304,4.404
4959053.08,15192,1.564,5.96,7.524
4959150.19,15194,0.1,4.028,4.129
4959386.14,15192,0.159,4.063,4.222
4959386.73,15193,0.163,8.045,8.208
4959422.44,15194,0.109,6.965,7.074
4959457.33,15192,0.116,4.484,4.599
4959501.07,15193,0.095,5.125,5.22
4959714.34,15194,0.157,8.089,8.246
4959733.05,15192,0.147,6.843,6.99
4959777.95,15193,0.113,4.994,5.107
4959817.14,15194,0.168,4.118,4.286
4959822.42,15192,0.104,5.039,5.143
4959827.26,15193,0.065,4.151,4.216
4959831.62,15194,0.056,7.013,7.069
4959845.78,15192,0.11,4.114,4.224
4959861.65,15193,0.106,5.04,5.146
4959902.72,15194,0.124,7.058,7.182
4959937.8,15192,0.093,6.15,6.243
4959946.95,15193,0.071,6.092,6.163
4959965.56,15194,0.1,5.744,5.844
4960000.65,15192,0.131,6.172,6.303
4960002.73,15193,0.078,4.727,4.805
4960056.09,15194,0.109,5.207,5.316
4960088.64,15192,0.09,5.03,5.12
4960092.93,15193,0.064,4.119,4.183
4960123.24,15194,0.113,8.141,8.254
4960144.83,15192,0.082,7.565,7.648
4960157.09,15193,0.085,4.707,4.793
4960166.31,15194,1.775,6.227,8.001
4960221.87,15192,0.209,15.546,15.755
4960228.31,15193,0.124,12.112,12.235
4960250.5,15194,0.173,8.23,8.403
4960284.21,15192,0.189,4.078,4.266
4960385.35,15193,1.612,8.175,9.787
4960423.13,15194,0.106,4.974,5.08
4960465.8,15192,0.117,4.043,4.16
4960555.74,15193,0.103,7.852,7.955
4960622.78,15194,0.176,4.111,4.287
4960634.49,15192,0.145,4.105,4.25
4960640.78,15193,0.098,7.618,7.716
4960691.3,15194,0.099,4.142,4.24
4960699.37,15192,0.079,5.787,5.866
4960815.42,15193,0.184,6.038,6.221
4960819.0,15194,1.221,6.094,7.315
4960847.42,15192,0.179,4.037,4.216
4960890.74,15193,0.149,5.008,5.157
4960904.27,15194,0.11,9.095,9.205
4960991.61,15192,0.098,8.067,8.164
4961013.27,15193,0.081,4.131,4.212
4961037.48,15194,0.091,4.133,4.225
4961066.31,15192,0.086,8.155,8.241
4961142.61,15193,0.14,11.039,11.179
4961143.35,15194,0.092,7.165,7.258
4961164.69,15192,0.092,12.665,12.757
4961185.61,15193,0.103,4.019,4.123
4961223.18,15194,0.095,4.027,4.122
4961275.27,15192,0.115,3.999,4.114
4961297.04,15193,0.167,4.105,4.272
4961312.16,15194,0.085,9.019,9.104
4961333.77,15194,0.057,3.939,3.997
4961337.19,15192,0.074,16.317,16.39
4961337.34,15193,1.647,14.279,15.926
4961406.31,15194,0.13,6.126,6.256
4961497.05,15192,0.156,6.014,6.17
4961523.59,15193,0.145,10.086,10.231
4961552.12,15194,0.134,8.069,8.202
4961568.43,15192,0.121,4.282,4.404
4961608.08,15194,0.087,3.936,4.023
4961608.54,15193,0.09,11.296,11.386
4961692.63,15192,0.15,11.071,11.221
4961696.19,15194,0.083,8.034,8.117
4961720.4,15193,0.121,8.03,8.152
4961728.77,15192,0.534,8.188,8.722
4961735.88,15194,0.1,5.133,5.233
4961747.06,15193,0.11,4.044,4.154
4961799.69,15192,0.129,9.552,9.681
4961800.06,15194,0.175,6.828,7.004
4961809.32,15193,0.109,7.115,7.224
4961819.31,15192,2.306,4.167,6.473
4961846.4,15194,0.142,6.072,6.214
4961854.53,15193,0.088,6.26,6.348
4961875.16,15192,0.115,4.034,4.149
4961889.17,15194,0.089,4.403,4.492
4961894.84,15193,3.015,4.707,7.722
4961914.62,15192,0.086,4.161,4.247
4961926.99,15193,0.058,3.89,3.948
4961929.85,15194,0.066,10.325,10.391
4961931.71,15192,0.061,6.913,6.974
4961954.36,15193,1.053,9.255,10.308
4961957.09,15194,0.092,4.14,4.232
4962020.13,15192,0.092,8.136,8.228
4962036.75,15193,0.084,9.076,9.16
4962037.28,15194,0.076,6.06,6.135
4962083.65,15192,0.769,4.43,5.199
4962103.77,15193,0.081,9.636,9.717
4962117.65,15194,0.091,6.371,6.462
4962138.32,15192,0.079,4.201,4.279
4962151.21,15193,0.14,4.06,4.2
4962162.02,15194,0.145,4.763,4.908
4962220.55,15192,3.041,6.457,9.498
4962222.51,15193,0.065,4.66,4.725
4962228.55,15194,0.886,5.958,6.844
4962230.94,15192,0.056,4.694,4.75
4962237.62,15193,0.058,4.014,4.072
4962250.55,15194,0.152,4.135,4.287
4962278.34,15192,0.09,6.201,6.29
4962342.63,15193,0.087,6.032,6.119
4962385.07,15194,1.055,4.997,6.052
4962424.63,15192,0.095,5.092,5.187
4962438.39,15193,0.103,6.24,6.344
4962606.0,15194,0.114,3.959,4.073
4962754.16,15192,0.141,8.192,8.333
4962896.77,15193,0.156,6.223,6.379
4962944.29,15194,0.189,4.329,4.518
4962974.91,15192,0.236,7.283,7.519
4963024.19,15193,1.361,8.085,9.446
4963052.51,15194,0.104,8.21,8.314
4963058.25,15192,0.06,8.128,8.188
4963080.24,15193,0.143,4.235,4.378
4963144.86,15194,0.086,4.236,4.322
4963158.47,15192,0.101,4.036,4.137
4963170.25,15193,0.688,8.159,8.846
4963172.5,15194,0.059,4.4,4.458
4963188.48,15192,0.064,6.008,6.072
4963193.23,15193,0.082,6.627,6.709
4963205.1,15192,4.413,4.036,8.448
4963236.82,15194,0.161,4.209,4.37
4963309.22,15193,0.124,8.072,8.196
4963418.25,15192,0.187,4.175,4.362
4963478.18,15194,0.109,8.055,8.164
4963483.76,15193,0.102,4.093,4.195
4963491.17,15192,0.063,7.961,8.024
4963523.99,15193,0.092,6.061,6.153
4963527.1,15194,0.057,4.519,4.576
4963553.75,15192,0.093,4.108,4.201
4963585.12,15193,0.089,4.058,4.146
4963674.14,15194,0.672,7.739,8.41
4963691.24,15192,0.169,4.086,4.255
4963707.11,15193,0.148,8.026,8.174
4963707.87,15194,0.105,4.142,4.247
4963820.54,15192,0.185,7.935,8.12
4963847.3,15193,2.588,7.186,9.774
4963850.28,15194,0.155,4.075,4.23
4963864.82,15193,0.11,6.019,6.129
4963870.3,15192,0.127,4.142,4.269
4963883.82,15194,0.103,4.156,4.26
4963900.54,15193,0.079,7.054,7.133
4963946.32,15192,0.124,4.245,4.369
4963953.07,15194,0.086,4.152,4.237
4963963.23,15193,0.073,4.062,4.134
4963980.47,15192,0.075,9.343,9.418
4963992.1,15194,0.066,7.14,7.206
4964008.26,15192,2.619,10.174,12.793
4964008.53,15193,0.767,12.455,13.222
4964038.36,15194,0.131,4.156,4.286
4964040.26,15192,0.081,4.068,4.149
4964064.19,15193,1.225,11.077,12.302
4964096.48,15194,1.629,4.478,6.107
4964102.06,15192,0.081,4.161,4.242
4964106.34,15193,0.923,4.269,5.192
4964136.36,15194,0.097,4.144,4.241
4964170.21,15192,0.094,8.054,8.148
4964196.34,15193,0.153,4.468,4.621
4964210.61,15194,0.09,4.05,4.14
4964212.76,15192,0.085,4.082,4.167
4964216.24,15194,0.066,4.106,4.172
4964282.07,15192,0.177,6.137,6.314
4964306.96,15193,0.123,9.928,10.051
4964315.27,15194,1.082,8.131,9.213
4964350.81,15192,0.094,4.105,4.199
4964353.11,15193,0.054,3.984,4.038
4964374.08,15192,0.17,4.349,4.52
4964408.69,15194,0.13,6.501,6.631
4964441.17,15193,0.083,4.028,4.111
4964448.24,15192,0.156,4.055,4.21
4964451.79,15194,0.068,7.45,7.517
4964452.09,15193,0.063,5.841,5.905
4964490.03,15192,0.099,4.05,4.15
4964507.01,15194,4.109,4.933,9.042
4964554.04,15193,0.081,5.101,5.182
4964574.43,15192,0.092,4.09,4.182
4964640.14,15194,0.114,5.159,5.273
4964654.64,15193,0.085,5.696,5.781
4964657.27,15192,0.074,4.646,4.72
4964675.8,15194,0.095,4.206,4.301
4964715.93,15193,0.11,4.17,4.279
4964742.46,15192,0.078,5.986,6.064
4964767.14,15194,0.092,8.158,8.25
4964794.72,15193,0.078,10.794,10.872
4964795.14,15192,1.622,9.031,10.653
4964806.24,15194,0.088,6.342,6.43
4964819.39,15193,0.103,6.063,6.166
4964848.83,15192,0.125,4.026,4.152
4964890.75,15194,0.234,4.052,4.285
4964958.76,15193,0.118,6.726,6.844
4964984.2,15192,0.116,7.457,7.574
4965001.23,15194,0.187,4.175,4.362
4965280.57,15193,0.164,5.148,5.312
4965433.37,15192,2.174,8.197,10.371
4965761.22,15194,0.148,8.145,8.293
4965986.46,15193,0.153,6.131,6.284
4966072.8,15192,0.144,5.378,5.522
4966082.86,15194,0.156,5.905,6.061
4966093.67,15193,0.11,5.923,6.033
4966198.24,15192,0.208,4.346,4.554
4966202.2,15194,0.169,4.306,4.476
4966229.69,15193,0.161,8.383,8.544
4966253.71,15192,0.09,3.918,4.008
4966268.98,15194,0.089,6.075,6.163
4966307.64,15193,0.119,6.049,6.168
4966320.47,15192,0.086,5.963,6.049
4966334.02,15194,0.92,5.319,6.239
4966379.2,15193,0.08,4.011,4.092
4966391.29,15192,0.106,9.135,9.241
4966398.15,15194,0.905,12.074,12.979
4966398.37,15193,2.484,10.3,12.784
4966404.85,15192,0.078,8.023,8.101
4966418.58,15194,2.022,5.511,7.533
4966423.14,15193,0.085,4.014,4.099
4966489.32,15192,0.087,8.987,9.075
4966520.49,15194,0.114,4.084,4.198
4966545.09,15193,0.126,6.074,6.2
4966546.14,15192,0.081,4.114,4.195
4966587.18,15194,0.118,10.072,10.19
4966599.11,15193,0.08,3.988,4.069
4966601.1,15192,0.076,4.07,4.146
4966623.65,15194,0.156,4.186,4.342
4966637.72,15193,0.091,6.372,6.463
4966643.45,15192,0.079,5.072,5.151
4966672.14,15194,0.077,4.016,4.092
4966680.02,15193,0.06,3.923,3.983
4966693.31,15192,0.083,4.265,4.348
4966697.49,15194,0.109,4.075,4.184
4966744.17,15193,0.132,7.915,8.047
4966746.99,15192,0.067,7.098,7.165
4966764.05,15194,0.077,4.081,4.158
4966791.56,15193,0.092,5.224,5.316
4966805.77,15192,0.095,4.137,4.232
4966855.48,15194,0.195,3.901,4.096
4966864.5,15193,0.091,4.104,4.195
4966937.68,15192,0.205,4.072,4.277
4966995.69,15194,1.628,4.088,5.717
4967009.28,15193,0.099,4.984,5.083
4967040.18,15192,0.128,9.278,9.406
4967043.93,15194,0.096,5.999,6.095
4967085.23,15193,0.148,3.998,4.146
4967089.51,15192,0.127,5.079,5.206
4967098.25,15194,0.071,4.192,4.263
4967200.14,15193,0.192,10.009,10.201
4967223.19,15192,0.138,5.159,5.297
4967231.59,15194,0.144,4.159,4.303
4967269.82,15193,0.132,5.416,5.549
4967291.05,15192,2.375,7.887,10.262
4967291.87,15194,0.067,10.385,10.452
4967301.23,15193,0.074,12.098,12.173
4967303.76,15192,0.064,10.104,10.168
4967314.27,15194,0.059,12.865,12.924
4967314.74,15193,0.057,8.648,8.705
4967332.44,15192,0.063,4.071,4.133
4967349.54,15194,0.079,5.084,5.162
4967369.98,15193,0.084,8.168,8.252
4967370.25,15192,0.069,6.104,6.173
4967388.11,15194,0.065,7.391,7.456
4967394.29,15192,0.063,6.055,6.117
4967423.17,15193,0.089,4.478,4.567
4967441.3,15194,0.108,4.13,4.238
4967460.17,15192,0.139,8.271,8.409
4967483.75,15193,0.079,4.628,4.707
4967491.52,15194,0.064,4.406,4.47
4967510.67,15192,0.07,4.192,4.262
4967554.86,15193,0.088,6.151,6.239
4967654.22,15194,0.098,8.132,8.23
4967654.56,15192,0.972,6.434,7.406
4967661.18,15193,0.079,4.093,4.172
4967701.15,15194,0.087,7.179,7.266
4967719.21,15192,0.065,12.239,12.304
4967721.15,15193,0.06,10.075,10.134
4967732.36,15194,0.082,10.25,10.331
4967733.6,15192,0.057,6.085,6.143
4967756.11,15193,0.071,5.846,5.918
4967758.55,15194,0.056,4.229,4.285
4967764.55,15193,0.077,4.451,4.528
4967778.33,15192,0.163,5.537,5.7
4967780.97,15194,0.06,4.421,4.481
4967791.52,15193,0.076,4.065,4.14
4967820.7,15192,1.574,4.005,5.578
4967870.8,15194,0.173,8.368,8.541
4967904.26,15193,0.179,4.051,4.23
4967912.33,15192,0.109,4.364,4.473
4967918.12,15194,1.923,4.031,5.953
4967929.47,15193,0.085,6.061,6.146
4967939.69,15192,0.075,6.246,6.321
4967952.22,15194,0.097,8.053,8.149
4967956.89,15193,0.068,9.213,9.281
4968011.78,15192,0.142,6.001,6.143
4968102.93,15194,0.173,5.974,6.148
4968111.71,15193,0.133,12.383,12.516
4968119.94,15192,3.937,8.041,11.978
4968149.69,15194,0.194,4.787,4.981
4968173.97,15193,0.164,4.476,4.64
4968247.94,15192,0.166,4.224,4.39
4968261.03,15194,0.158,3.993,4.151
4968286.41,15193,0.148,10.175,10.323
4968292.5,15192,0.111,8.329,8.439
4968300.4,15193,0.095,4.365,4.459
4968310.94,15194,0.197,7.311,7.508
4968490.42,15192,0.162,4.067,4.23
4968555.05,15193,0.157,4.331,4.488
4968595.0,15194,0.145,8.13,8.275
4968681.24,15192,0.135,4.033,4.168
4968704.31,15193,0.137,4.092,4.229
4969074.18,15194,0.334,4.346,4.68
4969187.44,15192,0.184,4.161,4.345
4969194.72,15193,0.145,6.024,6.169
4969209.19,15192,0.108,4.025,4.132
4969209.0,15194,0.607,7.095,7.702
4969309.27,15193,0.139,4.021,4.16
4969323.14,15192,0.097,4.23,4.327
4969485.95,15194,0.141,6.796,6.936
4969528.74,15193,0.138,5.062,5.2
4969538.56,15192,0.091,4.367,4.458
4969592.51,15193,0.052,8.086,8.138
4969592.8,15194,3.002,6.754,9.756
4969635.39,15192,0.097,4.026,4.123
4969653.76,15193,0.11,4.059,4.169
4969671.15,15194,0.073,4.029,4.102
4969765.86,15192,0.078,5.367,5.444
4969780.11,15193,2.055,7.995,10.051
4969786.22,15194,0.068,5.911,5.98
4969849.66,15192,0.146,5.875,6.02
4969919.54,15193,0.953,6.186,7.139
4969955.73,15194,0.178,6.232,6.411
4969988.21,15192,0.158,5.068,5.225
4970000.31,15193,0.132,7.997,8.129
4970020.61,15194,0.085,4.06,4.145
4970165.42,15192,0.206,4.817,5.023
4970196.29,15193,0.16,8.052,8.213
4970196.67,15194,0.064,6.516,6.58
4970246.07,15192,0.119,4.106,4.225
4970320.67,15193,0.122,4.035,4.156
4970437.15,15194,0.145,4.328,4.473
4970557.53,15192,0.197,4.302,4.499
4970724.4,15193,0.114,7.109,7.223
4970973.87,15194,0.992,4.277,5.269
4970977.61,15192,0.243,4.873,5.115
4970994.18,15193,1.4,4.022,5.422
4971304.31,15194,0.143,4.249,4.392
4971325.84,15192,0.166,4.056,4.222
4971442.12,15193,2.355,3.892,6.247
4971467.09,15194,0.145,9.99,10.134
4971572.4,15192,0.161,5.816,5.977
4971576.11,15193,0.102,4.076,4.178
4971672.23,15194,0.116,7.087,7.203
4971786.31,15192,1.852,6.148,8.0
4971872.3,15193,0.144,8.079,8.223
4972008.76,15194,0.141,5.146,5.287
4972194.76,15192,0.195,10.498,10.694
4972208.89,15193,0.122,4.171,4.294
4972230.3,15194,0.117,4.012,4.129
4972268.97,15192,0.098,4.134,4.232
4972412.42,15193,0.114,4.088,4.202
4972577.09,15194,0.126,4.07,4.196
4972601.2,15192,2.932,12.1,15.032
4972630.07,15193,0.12,4.191,4.311
4972702.09,15194,0.092,3.964,4.057
4972772.24,15192,0.116,6.156,6.272
4972828.74,15193,0.2,4.064,4.264
4972835.04,15194,0.139,4.402,4.541
4972839.91,15192,0.15,4.207,4.357
4972892.78,15193,0.118,6.588,6.706
4972904.66,15194,0.099,4.09,4.188
4972928.63,15192,0.111,4.106,4.217
4972970.2,15193,0.084,4.07,4.154
4973151.66,15194,0.158,4.229,4.387
4973197.29,15192,0.758,8.18,8.938
4973226.61,15193,0.161,3.973,4.134
4973340.94,15194,0.113,4.088,4.2
4973348.15,15192,0.066,9.028,9.093
4973401.38,15194,2.028,7.292,9.32
4973576.18,15193,0.158,4.435,4.593
4973624.91,15192,0.118,5.722,5.84
4973647.48,15194,0.117,4.293,4.41
4973659.28,15193,0.082,4.131,4.213
4973668.51,15192,0.173,3.975,4.148
4973691.19,15194,0.094,8.049,8.143
4973738.42,15193,0.115,4.123,4.238
4973800.89,15192,0.101,4.223,4.325
4973855.83,15194,1.05,6.666,7.716
4973934.9,15193,0.19,7.354,7.544
4974002.76,15192,0.126,5.97,6.096
4974035.86,15194,0.136,4.338,4.474
4974181.62,15193,0.145,8.239,8.384
4974181.83,15192,0.069,6.72,6.788
4974331.55,15194,0.145,6.192,6.338
4974342.93,15192,0.162,6.053,6.214
4974410.07,15193,0.11,8.738,8.848
4974443.13,15194,0.157,4.92,5.077
4974498.29,15192,2.348,4.147,6.494
4974529.43,15193,0.101,3.989,4.09
4974679.48,15194,0.159,5.157,5.316
4974787.66,15192,0.126,8.467,8.593
4975027.41,15193,0.165,4.361,4.526
4975119.21,15194,0.151,10.679,10.83
4975269.21,15192,0.167,4.07,4.237
4975353.33,15193,0.946,4.083,5.029
4975388.84,15194,0.138,5.994,6.131
4975562.96,15192,0.175,4.077,4.251
4975601.53,15193,0.107,4.173,4.28
4975632.17,15194,0.149,4.057,4.206
4975729.44,15192,0.217,4.136,4.353
4975793.69,15193,0.113,4.255,4.368
4975824.9,15194,0.118,6.094,6.211
4975847.22,15192,0.22,4.018,4.238
4975922.39,15193,0.137,4.149,4.286
4975976.25,15194,2.485,7.089,9.575
4976089.26,15192,0.119,4.064,4.183
4976123.68,15194,0.068,7.098,7.166
4976124.58,15193,0.127,8.234,8.36
4976211.3,15192,0.138,5.095,5.233
4976289.78,15194,0.125,6.582,6.707
4976376.44,15193,0.14,4.089,4.23
4976440.86,15192,0.171,6.34,6.511
4976874.06,15194,0.151,9.789,9.94
4976992.32,15193,0.155,8.08,8.235
4977030.51,15192,0.144,4.23,4.374
4977299.34,15194,0.192,5.062,5.254
4977307.9,15193,0.081,8.072,8.153
4977343.27,15192,0.149,4.599,4.748
4977439.41,15194,0.715,7.317,8.032
4977536.55,15193,0.119,8.013,8.132
4977588.19,15194,0.062,4.075,4.137
4977588.28,15192,0.107,8.109,8.216
4977611.9,15193,0.081,4.009,4.09
4977627.93,15194,0.092,3.993,4.086
4977722.6,15192,0.114,4.19,4.304
4977789.09,15193,0.995,4.009,5.004
4977845.3,15194,0.175,12.042,12.218
4978017.48,15192,0.167,4.01,4.177
4978066.17,15193,1.824,8.054,9.879
4978077.42,15194,0.091,5.164,5.255
4978095.38,15192,0.107,3.94,4.047
4978100.24,15193,0.085,4.008,4.093
4978116.38,15194,2.25,8.086,10.336
4978138.53,15192,0.068,11.004,11.072
4978141.54,15193,0.117,6.744,6.861
4978142.83,15194,0.045,6.537,6.582
4978197.91,15192,0.099,6.43,6.528
4978207.27,15194,0.078,7.046,7.124
4978214.64,15193,0.091,5.934,6.025
4978253.0,15192,0.09,6.055,6.144
4978263.24,15194,0.152,4.161,4.313
4978276.65,15193,0.168,4.111,4.279
4978313.34,15192,0.077,12.207,12.285
4978319.38,15194,0.064,12.27,12.334
4978321.13,15193,3.148,10.044,13.192
4978323.26,15192,0.069,8.003,8.072
4978339.2,15194,0.1,4.046,4.146
4978357.4,15193,0.137,4.315,4.452
4978382.87,15192,0.077,7.015,7.092
4978387.09,15194,0.056,7.885,7.941
4978402.84,15193,0.066,6.402,6.468
4978422.05,15192,0.064,4.135,4.199
4978461.72,15194,0.214,8.127,8.341
4978487.19,15193,0.078,4.066,4.144
4978489.62,15192,0.061,5.927,5.988
4978493.75,15194,0.059,4.012,4.071
4978509.03,15193,0.063,3.908,3.971
4978511.24,15192,0.05,4.153,4.202
4978530.06,15194,0.157,3.92,4.077
4978586.19,15193,0.093,5.644,5.737
4978589.06,15192,0.087,5.142,5.229
4978602.64,15194,0.076,6.005,6.081
4978609.43,15193,0.07,6.121,6.191
4978625.66,15192,0.08,6.208,6.287
4978640.68,15194,0.068,3.982,4.05
4978669.19,15193,1.586,4.067,5.653
4978674.12,15192,0.095,4.033,4.128
4978687.06,15194,2.866,4.988,7.855
4978733.16,15193,0.087,6.025,6.112
4978733.36,15192,0.131,4.063,4.194
4978747.22,15194,0.068,4.108,4.176
4978751.82,15193,0.079,4.07,4.149
4978800.48,15192,0.086,4.053,4.139
4978871.96,15194,0.147,3.968,4.115
4978889.63,15192,0.099,4.076,4.176
4978893.29,15193,1.58,8.181,9.761
4978901.16,15194,0.103,4.084,4.187
4978932.75,15192,0.094,6.089,6.183
4979019.68,15193,0.158,4.439,4.596
4979036.44,15194,0.11,6.214,6.324
4979067.05,15192,0.162,5.038,5.2
4979257.22,15193,0.179,4.006,4.184
4979268.97,15194,0.104,5.092,5.196
4979290.13,15192,0.87,8.015,8.885
4979306.41,15193,0.074,7.49,7.564
4979323.12,15194,0.103,4.113,4.216
4979343.54,15192,0.261,6.562,6.823
4979345.43,15193,0.078,4.681,4.759
4979359.72,15194,0.094,4.036,4.13
4979391.26,15192,0.139,4.068,4.207
4979397.63,15193,0.069,3.936,4.006
4979429.38,15194,0.128,4.046,4.174
4979436.12,15192,0.071,4.081,4.152
4979464.22,15193,1.029,7.14,8.169
4979483.8,15194,0.069,6.057,6.126
4979557.79,15192,0.083,4.061,4.144
4979583.46,15193,0.18,4.264,4.444
4979612.17,15194,0.095,6.024,6.12
4979639.17,15192,0.088,4.162,4.25
4979654.21,15193,0.103,4.183,4.286
4979704.67,15194,0.116,5.467,5.582
4979714.83,15192,0.068,4.126,4.195
4979728.32,15193,0.073,4.061,4.134
4979732.66,15194,0.059,4.075,4.134
4979769.34,15192,0.074,4.027,4.101
4979841.24,15193,1.088,6.107,7.196
4979880.24,15194,0.187,3.989,4.177
4979889.17,15192,0.084,4.092,4.176
4979904.15,15193,0.089,3.997,4.087
4979930.65,15194,0.11,7.657,7.766
4979949.22,15192,0.114,8.036,8.15
4979967.51,15193,0.145,7.647,7.792
4979969.82,15192,0.063,4.114,4.178
4979970.13,15194,0.065,7.965,8.03
4980013.47,15193,0.11,6.117,6.227
4980015.67,15194,0.061,4.57,4.631
4980123.85,15192,0.134,4.101,4.235
4980137.51,15193,1.501,8.377,9.878
4980188.43,15194,0.1,6.094,6.194
4980190.37,15192,0.072,6.238,6.31
4980199.82,15193,0.117,4.767,4.883
4980281.44,15194,0.101,7.147,7.248
4980386.86,15192,0.09,4.189,4.279
4980393.15,15193,0.069,4.1,4.17
4980505.19,15192,0.115,4.014,4.129
4980507.51,15194,0.064,6.141,6.205
4980517.34,15193,0.073,7.207,7.281
4980644.98,15192,0.186,4.071,4.257
4980675.08,15194,2.089,6.924,9.013
4980713.13,15193,0.106,6.117,6.223
4980718.88,15192,0.095,5.733,5.828
4980723.17,15194,2.211,4.189,6.4
4980828.04,15193,0.107,5.759,5.866
4980864.85,15192,0.153,4.177,4.33
4980929.95,15194,0.134,6.029,6.164
4981106.2,15193,0.149,4.393,4.541
4981249.23,15192,0.144,8.009,8.153
4981256.22,15194,0.099,4.303,4.402
4981304.9,15193,0.138,4.135,4.273
4981321.02,15192,2.26,6.857,9.116
4981351.27,15194,0.096,4.37,4.467
4981427.13,15193,0.1,4.024,4.123
4981448.97,15192,0.099,6.067,6.166
4981467.79,15194,0.09,5.992,6.082
4981492.56,15193,0.138,4.2,4.337
4981578.49,15192,0.187,8.026,8.212
4981607.29,15194,0.118,4.11,4.228
4981630.67,15193,0.102,6.05,6.152
4981661.63,15192,0.126,3.977,4.102
4981796.9,15194,0.149,7.658,7.806
4981817.58,15193,0.128,7.029,7.157
4981837.7,15192,0.122,8.513,8.634
4981932.29,15194,0.146,7.052,7.198
4982033.51,15193,0.175,6.012,6.186
4982069.04,15192,0.127,4.052,4.18
4982089.75,15194,0.127,6.008,6.135
4982131.04,15193,0.117,4.19,4.307
4982205.65,15192,2.406,10.135,12.541
4982244.55,15194,0.104,4.075,4.179
4982305.12,15193,0.11,3.902,4.013
4982312.53,15193,0.089,4.068,4.157
4982312.97,15192,0.083,8.004,8.087
4982345.44,15194,0.089,10.248,10.337
4982349.6,15193,0.786,8.512,9.299
4982367.43,15192,0.089,7.107,7.196
4982375.79,15194,0.114,8.024,8.138
4982376.16,15193,0.051,7.943,7.995
4982403.3,15192,0.084,4.155,4.239
4982576.45,15194,0.102,6.119,6.222
4982627.26,15193,0.098,4.222,4.32
4982685.71,15192,0.111,4.291,4.402
4982738.39,15194,0.101,7.464,7.564
4982855.82,15193,0.161,4.125,4.286
4982891.71,15192,0.178,7.084,7.263
4982975.3,15194,0.126,7.094,7.22
4983007.99,15193,0.092,4.308,4.4
4983070.09,15192,0.116,6.144,6.26
4983129.53,15194,0.095,4.583,4.678
4983197.4,15193,0.167,9.101,9.268
4983328.39,15192,0.151,3.978,4.129
4983359.1,15194,0.192,3.941,4.133
4983377.21,15193,0.777,4.031,4.807
4983433.19,15192,0.124,4.059,4.183
4983574.69,15194,0.14,7.314,7.453
4983704.88,15193,0.131,4.78,4.911
4983810.81,15192,0.114,4.416,4.53
4983857.87,15194,0.139,4.116,4.255
4984158.83,15193,0.14,7.818,7.958
4984164.35,15192,0.105,4.152,4.257
4984177.97,15194,0.38,6.139,6.519
4984243.87,15193,0.111,5.026,5.137
4984263.12,15192,0.091,9.118,9.21
4984274.97,15194,0.082,4.078,4.161
4984298.02,15193,0.089,4.205,4.293
4984313.97,15192,0.095,4.947,5.042
4984314.39,15194,0.089,4.278,4.368
4984324.85,15193,0.084,6.074,6.158
4984329.38,15192,1.153,4.39,5.543
4984419.16,15194,0.084,6.039,6.124
4984431.63,15193,0.069,10.52,10.589
4984434.42,15192,0.055,10.33,10.385
4984450.95,15194,0.067,4.282,4.349
4984459.51,15192,0.057,6.042,6.099
4984459.92,15193,0.094,8.481,8.575
4984504.26,15194,0.077,8.443,8.52
4984512.34,15192,0.061,12.484,12.545
4984514.13,15193,0.064,8.029,8.093
4984574.4,15194,0.084,4.079,4.164
4984598.88,15192,0.065,4.142,4.207
4984605.74,15193,0.076,4.045,4.122
4984609.88,15194,0.056,4.036,4.091
4984619.44,15192,0.051,4.151,4.202
4984628.93,15193,0.068,4.016,4.083
4984633.19,15194,0.099,4.12,4.219
4984664.8,15192,0.067,5.055,5.122
4984676.06,15193,0.069,4.068,4.137
4984697.15,15194,0.067,8.024,8.091
4984712.52,15193,0.083,4.12,4.203
4984712.79,15192,0.086,5.027,5.113
4984746.9,15194,0.072,5.417,5.488
4984753.79,15193,0.062,4.234,4.296
4984766.44,15192,0.195,4.184,4.379
4984783.19,15194,0.066,3.964,4.03
4984799.69,15193,0.071,5.635,5.707
4984802.21,15192,0.054,6.007,6.061
4984819.31,15194,2.036,10.206,12.242
4984820.19,15193,2.078,13.049,15.126
4984840.42,15192,0.11,8.219,8.329
4984863.59,15194,0.211,4.063,4.274
4984878.73,15193,0.177,4.535,4.712
4984899.54,15192,0.411,14.168,14.579
4984900.59,15194,1.105,10.426,11.531
4984927.78,15193,0.084,9.532,9.616
4984967.22,15192,0.145,4.086,4.231
4985044.56,15194,0.21,4.257,4.467
4985054.45,15193,0.135,4.435,4.57
4985125.06,15192,0.198,4.195,4.393
4985135.25,15194,0.101,8.074,8.175
4985152.71,15193,0.084,10.334,10.418
4985157.86,15192,0.074,9.178,9.252
4985228.55,15194,0.164,10.095,10.259
4985230.73,15193,0.086,6.597,6.683
4985255.51,15192,0.198,6.027,6.225
4985271.44,15194,0.078,4.114,4.192
4985336.73,15193,2.257,6.572,8.829
4985350.1,15192,0.111,4.104,4.215
4985376.64,15194,0.092,7.738,7.829
4985377.42,15193,0.072,5.779,5.851
4985396.21,15192,0.08,6.063,6.143
4985404.57,15194,0.065,9.314,9.379
4985450.78,15193,0.127,4.291,4.418
4985465.51,15192,0.177,3.939,4.116
4985505.27,15194,0.107,4.096,4.203
4985527.19,15193,0.096,5.148,5.244
4985547.49,15192,0.145,8.013,8.158
4985561.83,15194,0.07,8.176,8.246
4985578.18,15193,0.942,3.969,4.911
4985592.96,15192,0.127,8.437,8.563
4985601.12,15194,0.094,5.984,6.078
4985605.18,15193,0.419,3.985,4.404
4985615.46,15192,0.07,9.02,9.09
4985683.15,15194,0.294,7.512,7.806
4985695.36,15193,0.087,6.116,6.202
4985714.07,15192,0.087,8.928,9.015
4985723.11,15194,0.068,8.749,8.816
4985724.55,15193,0.051,7.313,7.364
4985731.34,15192,0.075,6.103,6.178
4985733.62,15194,0.052,4.433,4.485
4985800.68,15193,0.101,3.939,4.04
4985808.67,15192,0.078,4.07,4.147
4985812.33,15194,0.06,4.215,4.275
4985830.83,15192,0.092,6.311,6.403
4985834.57,15193,0.119,4.378,4.496
4985863.6,15192,0.105,4.956,5.061
4985881.17,15194,0.105,7.354,7.459
4985881.3,15193,0.417,5.077,5.495
4985892.49,15192,0.095,4.196,4.291
4985897.81,15194,0.076,4.016,4.092
4985910.64,15193,0.071,6.913,6.984
4985951.25,15192,0.079,8.457,8.537
4985957.15,15194,0.073,8.04,8.112
4985961.44,15193,0.069,4.152,4.22
4985995.06,15192,0.089,5.926,6.015
4986011.21,15194,0.071,6.115,6.186
4986035.29,15193,1.915,4.172,6.088
4986060.68,15192,0.107,4.119,4.226
4986066.47,15194,0.076,4.05,4.126
4986211.42,15193,0.136,6.083,6.219
4986309.09,15192,0.179,8.244,8.423
4986363.26,15194,0.117,4.222,4.339
4986441.19,15193,0.132,3.932,4.064
4986502.26,15192,0.12,4.007,4.127
4986531.72,15194,0.095,4.189,4.284
4986580.02,15193,0.885,4.07,4.955
4986715.18,15192,0.126,4.38,4.506
4986806.33,15194,0.12,6.018,6.138
4986998.66,15193,0.181,4.115,4.296
4987059.17,15192,1.0,3.994,4.994
4987164.05,15194,0.144,4.105,4.249
4987293.23,15193,0.212,4.017,4.229
4987527.8,15192,0.176,5.066,5.241
4987602.4,15194,0.192,5.203,5.396
4987734.81,15193,0.185,8.112,8.297
4987745.33,15192,0.131,4.223,4.354
4987796.26,15194,0.105,8.099,8.203
4987831.04,15193,0.109,9.85,9.959
4987835.68,15192,0.084,8.998,9.082
4987868.03,15194,0.176,4.006,4.182
4987881.59,15193,0.516,4.072,4.588
4988080.77,15192,0.164,6.774,6.938
4988215.15,15194,0.184,9.016,9.2
4988303.3,15193,0.135,8.091,8.226
4988347.53,15192,0.198,4.285,4.483
4988399.4,15194,0.116,7.023,7.139
4988452.55,15193,0.102,9.049,9.151
4988488.51,15192,0.124,6.409,6.533
4988624.08,15194,0.111,8.011,8.122
4988629.48,15193,0.081,5.191,5.273
4988701.64,15192,0.105,4.059,4.164
4988748.31,15194,0.099,8.147,8.246
4988800.93,15193,0.102,4.107,4.209
4988806.74,15192,0.075,4.002,4.077
4988821.78,15194,0.074,6.121,6.195
4988865.58,15193,0.182,3.989,4.171
4988897.87,15192,0.16,6.087,6.247
4988924.48,15194,0.217,4.092,4.309
4988977.72,15193,1.06,9.211,10.271
4988983.33,15192,2.654,8.204,10.858
4989038.02,15194,0.116,4.397,4.513
4989144.05,15193,2.087,6.06,8.147
4989157.36,15192,0.104,4.1,4.204
4989170.38,15194,0.079,7.588,7.667
4989195.03,15193,0.077,4.15,4.227
4989199.84,15192,0.07,3.978,4.048
4989220.82,15194,0.083,6.044,6.127
4989226.61,15193,0.064,7.967,8.03
4989242.36,15192,0.072,5.975,6.047
4989273.02,15194,0.107,4.255,4.361
4989297.25,15193,2.607,6.906,9.513
4989306.47,15192,0.075,4.931,5.007
4989314.46,15194,0.068,7.972,8.04
4989342.86,15193,0.082,3.94,4.021
4989411.16,15192,0.083,4.015,4.098
4989435.27,15194,0.086,7.294,7.381
4989478.85,15193,1.55,4.761,6.311
4989509.16,15192,0.921,4.047,4.967
4989557.89,15194,0.108,4.1,4.208
4989593.09,15193,0.919,8.004,8.923
4989621.64,15192,0.095,6.025,6.121
4989623.96,15194,0.057,4.757,4.814
4989637.78,15193,0.1,4.207,4.307
4989658.14,15192,0.669,3.984,4.654
4989672.15,15194,0.076,7.026,7.102
4989676.11,15193,0.909,8.008,8.917
4989691.51,15192,0.066,8.142,8.208
4989706.24,15194,0.115,4.805,4.92
4989781.6,15193,0.111,5.125,5.236
4989852.35,15192,3.328,14.191,17.519
4989858.15,15194,7.115,16.019,23.134
4989860.42,15193,3.538,14.197,17.735
4989862.87,15192,0.667,10.415,11.081
4989875.76,15194,0.072,9.128,9.2
4989877.69,15193,0.938,9.601,10.539
4989877.88,15192,1.337,7.822,9.16
4989884.04,15194,0.075,4.997,5.073
4989918.79,15193,0.191,6.366,6.557
4989920.57,15192,0.062,5.823,5.886
4989947.24,15194,0.068,7.929,7.997
4989971.91,15193,0.087,3.936,4.023
4990033.71,15192,0.096,4.584,4.68
4990045.13,15194,0.058,4.045,4.103
4990098.92,15193,0.121,4.0,4.121
